br_exp_ID,br_ID,util_name,billing_period,payment_amount,payment_date
1,1,Rent,2019-01,12950.00,2019-01-28
2,1,Electricity,2019-01,1627.12,2019-01-28
3,1,Water,2019-01,219.15,2019-01-28
4,1,Internet,2019-01,209.00,2019-01-28
5,1,Maintenance,2019-01,1177.52,2019-01-28
6,1,Waste Management,2019-01,275.13,2019-01-28
7,2,Rent,2019-01,9950.00,2019-01-28
8,2,Electricity,2019-01,1231.11,2019-01-28
9,2,Water,2019-01,174.58,2019-01-28
10,2,Internet,2019-01,209.00,2019-01-28
11,2,Maintenance,2019-01,901.86,2019-01-28
12,2,Waste Management,2019-01,211.46,2019-01-28
13,3,Rent,2019-01,8250.00,2019-01-28
14,3,Electricity,2019-01,1080.29,2019-01-28
15,3,Water,2019-01,133.27,2019-01-28
16,3,Internet,2019-01,209.00,2019-01-28
17,3,Maintenance,2019-01,609.85,2019-01-28
18,3,Waste Management,2019-01,185.73,2019-01-28
19,4,Rent,2019-01,6700.00,2019-01-28
20,4,Electricity,2019-01,840.89,2019-01-28
21,4,Water,2019-01,125.68,2019-01-28
22,4,Internet,2019-01,209.00,2019-01-28
23,4,Maintenance,2019-01,524.01,2019-01-28
24,4,Waste Management,2019-01,146.22,2019-01-28
25,5,Rent,2019-01,5200.00,2019-01-28
26,5,Electricity,2019-01,723.31,2019-01-28
27,5,Water,2019-01,96.54,2019-01-28
28,5,Internet,2019-01,209.00,2019-01-28
29,5,Maintenance,2019-01,388.31,2019-01-28
30,5,Waste Management,2019-01,112.03,2019-01-28
31,6,Rent,2019-01,6850.00,2019-01-28
32,6,Electricity,2019-01,852.17,2019-01-28
33,6,Water,2019-01,129.64,2019-01-28
34,6,Internet,2019-01,209.00,2019-01-28
35,6,Maintenance,2019-01,716.98,2019-01-28
36,6,Waste Management,2019-01,144.40,2019-01-28
37,7,Rent,2019-01,5900.00,2019-01-28
38,7,Electricity,2019-01,810.79,2019-01-28
39,7,Water,2019-01,113.15,2019-01-28
40,7,Internet,2019-01,209.00,2019-01-28
41,7,Maintenance,2019-01,673.95,2019-01-28
42,7,Waste Management,2019-01,135.46,2019-01-28
43,8,Rent,2019-01,6450.00,2019-01-28
44,8,Electricity,2019-01,869.22,2019-01-28
45,8,Water,2019-01,107.87,2019-01-28
46,8,Internet,2019-01,209.00,2019-01-28
47,8,Maintenance,2019-01,642.87,2019-01-28
48,8,Waste Management,2019-01,138.51,2019-01-28
49,9,Rent,2019-01,5050.00,2019-01-28
50,9,Electricity,2019-01,697.44,2019-01-28
51,9,Water,2019-01,82.99,2019-01-28
52,9,Internet,2019-01,209.00,2019-01-28
53,9,Maintenance,2019-01,467.23,2019-01-28
54,9,Waste Management,2019-01,112.51,2019-01-28
55,10,Rent,2019-01,6250.00,2019-01-28
56,10,Electricity,2019-01,831.75,2019-01-28
57,10,Water,2019-01,119.39,2019-01-28
58,10,Internet,2019-01,209.00,2019-01-28
59,10,Maintenance,2019-01,563.35,2019-01-28
60,10,Waste Management,2019-01,132.64,2019-01-28
61,11,Rent,2019-01,6000.00,2019-01-28
62,11,Electricity,2019-01,731.99,2019-01-28
63,11,Water,2019-01,98.33,2019-01-28
64,11,Internet,2019-01,209.00,2019-01-28
65,11,Maintenance,2019-01,602.32,2019-01-28
66,11,Waste Management,2019-01,128.62,2019-01-28
67,12,Rent,2019-01,4850.00,2019-01-28
68,12,Electricity,2019-01,588.27,2019-01-28
69,12,Water,2019-01,82.58,2019-01-28
70,12,Internet,2019-01,209.00,2019-01-28
71,12,Maintenance,2019-01,531.05,2019-01-28
72,12,Waste Management,2019-01,108.69,2019-01-28
73,13,Rent,2019-01,3300.00,2019-01-28
74,13,Electricity,2019-01,402.60,2019-01-28
75,13,Water,2019-01,54.48,2019-01-28
76,13,Internet,2019-01,209.00,2019-01-28
77,13,Maintenance,2019-01,299.96,2019-01-28
78,13,Waste Management,2019-01,72.96,2019-01-28
79,1,Rent,2019-02,12950.00,2019-02-28
80,1,Electricity,2019-02,1730.57,2019-02-28
81,1,Water,2019-02,233.84,2019-02-28
82,1,Internet,2019-02,209.00,2019-02-28
83,1,Maintenance,2019-02,1064.01,2019-02-28
84,1,Waste Management,2019-02,297.33,2019-02-28
85,2,Rent,2019-02,9950.00,2019-02-28
86,2,Electricity,2019-02,1205.48,2019-02-28
87,2,Water,2019-02,185.14,2019-02-28
88,2,Internet,2019-02,209.00,2019-02-28
89,2,Maintenance,2019-02,963.80,2019-02-28
90,2,Waste Management,2019-02,231.39,2019-02-28
91,3,Rent,2019-02,8250.00,2019-02-28
92,3,Electricity,2019-02,1073.82,2019-02-28
93,3,Water,2019-02,140.37,2019-02-28
94,3,Internet,2019-02,209.00,2019-02-28
95,3,Maintenance,2019-02,587.08,2019-02-28
96,3,Waste Management,2019-02,177.07,2019-02-28
97,4,Rent,2019-02,6700.00,2019-02-28
98,4,Electricity,2019-02,850.72,2019-02-28
99,4,Water,2019-02,129.10,2019-02-28
100,4,Internet,2019-02,209.00,2019-02-28
101,4,Maintenance,2019-02,499.71,2019-02-28
102,4,Waste Management,2019-02,145.79,2019-02-28
103,5,Rent,2019-02,5200.00,2019-02-28
104,5,Electricity,2019-02,642.48,2019-02-28
105,5,Water,2019-02,98.20,2019-02-28
106,5,Internet,2019-02,209.00,2019-02-28
107,5,Maintenance,2019-02,443.63,2019-02-28
108,5,Waste Management,2019-02,112.69,2019-02-28
109,6,Rent,2019-02,6850.00,2019-02-28
110,6,Electricity,2019-02,870.48,2019-02-28
111,6,Water,2019-02,122.41,2019-02-28
112,6,Internet,2019-02,209.00,2019-02-28
113,6,Maintenance,2019-02,689.32,2019-02-28
114,6,Waste Management,2019-02,151.44,2019-02-28
115,7,Rent,2019-02,5900.00,2019-02-28
116,7,Electricity,2019-02,744.29,2019-02-28
117,7,Water,2019-02,101.08,2019-02-28
118,7,Internet,2019-02,209.00,2019-02-28
119,7,Maintenance,2019-02,513.42,2019-02-28
120,7,Waste Management,2019-02,126.13,2019-02-28
121,8,Rent,2019-02,6450.00,2019-02-28
122,8,Electricity,2019-02,828.57,2019-02-28
123,8,Water,2019-02,120.64,2019-02-28
124,8,Internet,2019-02,209.00,2019-02-28
125,8,Maintenance,2019-02,731.95,2019-02-28
126,8,Waste Management,2019-02,147.91,2019-02-28
127,9,Rent,2019-02,5050.00,2019-02-28
128,9,Electricity,2019-02,670.37,2019-02-28
129,9,Water,2019-02,97.98,2019-02-28
130,9,Internet,2019-02,209.00,2019-02-28
131,9,Maintenance,2019-02,423.26,2019-02-28
132,9,Waste Management,2019-02,112.89,2019-02-28
133,10,Rent,2019-02,6250.00,2019-02-28
134,10,Electricity,2019-02,811.53,2019-02-28
135,10,Water,2019-02,113.71,2019-02-28
136,10,Internet,2019-02,209.00,2019-02-28
137,10,Maintenance,2019-02,450.20,2019-02-28
138,10,Waste Management,2019-02,141.02,2019-02-28
139,11,Rent,2019-02,6000.00,2019-02-28
140,11,Electricity,2019-02,752.27,2019-02-28
141,11,Water,2019-02,103.63,2019-02-28
142,11,Internet,2019-02,209.00,2019-02-28
143,11,Maintenance,2019-02,656.01,2019-02-28
144,11,Waste Management,2019-02,127.66,2019-02-28
145,12,Rent,2019-02,4850.00,2019-02-28
146,12,Electricity,2019-02,651.76,2019-02-28
147,12,Water,2019-02,84.84,2019-02-28
148,12,Internet,2019-02,209.00,2019-02-28
149,12,Maintenance,2019-02,508.43,2019-02-28
150,12,Waste Management,2019-02,111.93,2019-02-28
151,13,Rent,2019-02,3300.00,2019-02-28
152,13,Electricity,2019-02,416.40,2019-02-28
153,13,Water,2019-02,61.26,2019-02-28
154,13,Internet,2019-02,209.00,2019-02-28
155,13,Maintenance,2019-02,236.44,2019-02-28
156,13,Waste Management,2019-02,74.88,2019-02-28
157,1,Rent,2019-03,12950.00,2019-03-28
158,1,Electricity,2019-03,1958.18,2019-03-28
159,1,Water,2019-03,217.28,2019-03-28
160,1,Internet,2019-03,209.00,2019-03-28
161,1,Maintenance,2019-03,1291.28,2019-03-28
162,1,Waste Management,2019-03,276.80,2019-03-28
163,2,Rent,2019-03,9950.00,2019-03-28
164,2,Electricity,2019-03,1547.48,2019-03-28
165,2,Water,2019-03,184.64,2019-03-28
166,2,Internet,2019-03,209.00,2019-03-28
167,2,Maintenance,2019-03,987.23,2019-03-28
168,2,Waste Management,2019-03,218.29,2019-03-28
169,3,Rent,2019-03,8250.00,2019-03-28
170,3,Electricity,2019-03,1142.65,2019-03-28
171,3,Water,2019-03,145.34,2019-03-28
172,3,Internet,2019-03,209.00,2019-03-28
173,3,Maintenance,2019-03,788.99,2019-03-28
174,3,Waste Management,2019-03,191.34,2019-03-28
175,4,Rent,2019-03,6700.00,2019-03-28
176,4,Electricity,2019-03,929.52,2019-03-28
177,4,Water,2019-03,121.21,2019-03-28
178,4,Internet,2019-03,209.00,2019-03-28
179,4,Maintenance,2019-03,658.17,2019-03-28
180,4,Waste Management,2019-03,154.76,2019-03-28
181,5,Rent,2019-03,5200.00,2019-03-28
182,5,Electricity,2019-03,749.38,2019-03-28
183,5,Water,2019-03,93.41,2019-03-28
184,5,Internet,2019-03,209.00,2019-03-28
185,5,Maintenance,2019-03,542.54,2019-03-28
186,5,Waste Management,2019-03,119.04,2019-03-28
187,6,Rent,2019-03,6850.00,2019-03-28
188,6,Electricity,2019-03,1045.47,2019-03-28
189,6,Water,2019-03,115.78,2019-03-28
190,6,Internet,2019-03,209.00,2019-03-28
191,6,Maintenance,2019-03,568.23,2019-03-28
192,6,Waste Management,2019-03,158.95,2019-03-28
193,7,Rent,2019-03,5900.00,2019-03-28
194,7,Electricity,2019-03,850.17,2019-03-28
195,7,Water,2019-03,97.27,2019-03-28
196,7,Internet,2019-03,209.00,2019-03-28
197,7,Maintenance,2019-03,421.29,2019-03-28
198,7,Waste Management,2019-03,128.40,2019-03-28
199,8,Rent,2019-03,6450.00,2019-03-28
200,8,Electricity,2019-03,1001.06,2019-03-28
201,8,Water,2019-03,124.53,2019-03-28
202,8,Internet,2019-03,209.00,2019-03-28
203,8,Maintenance,2019-03,694.61,2019-03-28
204,8,Waste Management,2019-03,137.45,2019-03-28
205,9,Rent,2019-03,5050.00,2019-03-28
206,9,Electricity,2019-03,720.88,2019-03-28
207,9,Water,2019-03,94.11,2019-03-28
208,9,Internet,2019-03,209.00,2019-03-28
209,9,Maintenance,2019-03,516.16,2019-03-28
210,9,Waste Management,2019-03,109.04,2019-03-28
211,10,Rent,2019-03,6250.00,2019-03-28
212,10,Electricity,2019-03,835.88,2019-03-28
213,10,Water,2019-03,110.34,2019-03-28
214,10,Internet,2019-03,209.00,2019-03-28
215,10,Maintenance,2019-03,605.11,2019-03-28
216,10,Waste Management,2019-03,134.66,2019-03-28
217,11,Rent,2019-03,6000.00,2019-03-28
218,11,Electricity,2019-03,841.06,2019-03-28
219,11,Water,2019-03,111.68,2019-03-28
220,11,Internet,2019-03,209.00,2019-03-28
221,11,Maintenance,2019-03,406.17,2019-03-28
222,11,Waste Management,2019-03,138.09,2019-03-28
223,12,Rent,2019-03,4850.00,2019-03-28
224,12,Electricity,2019-03,756.83,2019-03-28
225,12,Water,2019-03,91.10,2019-03-28
226,12,Internet,2019-03,209.00,2019-03-28
227,12,Maintenance,2019-03,528.59,2019-03-28
228,12,Waste Management,2019-03,106.61,2019-03-28
229,13,Rent,2019-03,3300.00,2019-03-28
230,13,Electricity,2019-03,487.32,2019-03-28
231,13,Water,2019-03,56.27,2019-03-28
232,13,Internet,2019-03,209.00,2019-03-28
233,13,Maintenance,2019-03,358.83,2019-03-28
234,13,Waste Management,2019-03,76.17,2019-03-28
235,1,Rent,2019-04,12950.00,2019-04-28
236,1,Electricity,2019-04,1934.25,2019-04-28
237,1,Water,2019-04,218.80,2019-04-28
238,1,Internet,2019-04,209.00,2019-04-28
239,1,Maintenance,2019-04,1300.40,2019-04-28
240,1,Waste Management,2019-04,275.86,2019-04-28
241,2,Rent,2019-04,9950.00,2019-04-28
242,2,Electricity,2019-04,1334.18,2019-04-28
243,2,Water,2019-04,182.81,2019-04-28
244,2,Internet,2019-04,209.00,2019-04-28
245,2,Maintenance,2019-04,1118.12,2019-04-28
246,2,Waste Management,2019-04,220.88,2019-04-28
247,3,Rent,2019-04,8250.00,2019-04-28
248,3,Electricity,2019-04,1263.66,2019-04-28
249,3,Water,2019-04,139.18,2019-04-28
250,3,Internet,2019-04,209.00,2019-04-28
251,3,Maintenance,2019-04,657.46,2019-04-28
252,3,Waste Management,2019-04,175.62,2019-04-28
253,4,Rent,2019-04,6700.00,2019-04-28
254,4,Electricity,2019-04,923.14,2019-04-28
255,4,Water,2019-04,121.98,2019-04-28
256,4,Internet,2019-04,209.00,2019-04-28
257,4,Maintenance,2019-04,607.38,2019-04-28
258,4,Waste Management,2019-04,155.08,2019-04-28
259,5,Rent,2019-04,5200.00,2019-04-28
260,5,Electricity,2019-04,702.44,2019-04-28
261,5,Water,2019-04,100.87,2019-04-28
262,5,Internet,2019-04,209.00,2019-04-28
263,5,Maintenance,2019-04,504.60,2019-04-28
264,5,Waste Management,2019-04,118.69,2019-04-28
265,6,Rent,2019-04,6850.00,2019-04-28
266,6,Electricity,2019-04,976.14,2019-04-28
267,6,Water,2019-04,112.31,2019-04-28
268,6,Internet,2019-04,209.00,2019-04-28
269,6,Maintenance,2019-04,591.52,2019-04-28
270,6,Waste Management,2019-04,153.58,2019-04-28
271,7,Rent,2019-04,5900.00,2019-04-28
272,7,Electricity,2019-04,901.32,2019-04-28
273,7,Water,2019-04,111.23,2019-04-28
274,7,Internet,2019-04,209.00,2019-04-28
275,7,Maintenance,2019-04,655.47,2019-04-28
276,7,Waste Management,2019-04,128.48,2019-04-28
277,8,Rent,2019-04,6450.00,2019-04-28
278,8,Electricity,2019-04,962.20,2019-04-28
279,8,Water,2019-04,106.69,2019-04-28
280,8,Internet,2019-04,209.00,2019-04-28
281,8,Maintenance,2019-04,612.45,2019-04-28
282,8,Waste Management,2019-04,142.01,2019-04-28
283,9,Rent,2019-04,5050.00,2019-04-28
284,9,Electricity,2019-04,726.34,2019-04-28
285,9,Water,2019-04,82.66,2019-04-28
286,9,Internet,2019-04,209.00,2019-04-28
287,9,Maintenance,2019-04,531.70,2019-04-28
288,9,Waste Management,2019-04,109.88,2019-04-28
289,10,Rent,2019-04,6250.00,2019-04-28
290,10,Electricity,2019-04,854.11,2019-04-28
291,10,Water,2019-04,108.42,2019-04-28
292,10,Internet,2019-04,209.00,2019-04-28
293,10,Maintenance,2019-04,420.92,2019-04-28
294,10,Waste Management,2019-04,144.40,2019-04-28
295,11,Rent,2019-04,6000.00,2019-04-28
296,11,Electricity,2019-04,916.09,2019-04-28
297,11,Water,2019-04,100.01,2019-04-28
298,11,Internet,2019-04,209.00,2019-04-28
299,11,Maintenance,2019-04,628.93,2019-04-28
300,11,Waste Management,2019-04,127.85,2019-04-28
301,12,Rent,2019-04,4850.00,2019-04-28
302,12,Electricity,2019-04,656.05,2019-04-28
303,12,Water,2019-04,92.07,2019-04-28
304,12,Internet,2019-04,209.00,2019-04-28
305,12,Maintenance,2019-04,430.73,2019-04-28
306,12,Waste Management,2019-04,103.46,2019-04-28
307,13,Rent,2019-04,3300.00,2019-04-28
308,13,Electricity,2019-04,498.67,2019-04-28
309,13,Water,2019-04,62.64,2019-04-28
310,13,Internet,2019-04,209.00,2019-04-28
311,13,Maintenance,2019-04,330.82,2019-04-28
312,13,Waste Management,2019-04,72.62,2019-04-28
313,1,Rent,2019-05,12950.00,2019-05-28
314,1,Electricity,2019-05,1879.64,2019-05-28
315,1,Water,2019-05,228.40,2019-05-28
316,1,Internet,2019-05,209.00,2019-05-28
317,1,Maintenance,2019-05,1073.90,2019-05-28
318,1,Waste Management,2019-05,278.58,2019-05-28
319,2,Rent,2019-05,9950.00,2019-05-28
320,2,Electricity,2019-05,1522.97,2019-05-28
321,2,Water,2019-05,174.61,2019-05-28
322,2,Internet,2019-05,209.00,2019-05-28
323,2,Maintenance,2019-05,1079.61,2019-05-28
324,2,Waste Management,2019-05,220.13,2019-05-28
325,3,Rent,2019-05,8250.00,2019-05-28
326,3,Electricity,2019-05,1173.32,2019-05-28
327,3,Water,2019-05,147.45,2019-05-28
328,3,Internet,2019-05,209.00,2019-05-28
329,3,Maintenance,2019-05,936.56,2019-05-28
330,3,Waste Management,2019-05,185.38,2019-05-28
331,4,Rent,2019-05,6700.00,2019-05-28
332,4,Electricity,2019-05,947.78,2019-05-28
333,4,Water,2019-05,120.17,2019-05-28
334,4,Internet,2019-05,209.00,2019-05-28
335,4,Maintenance,2019-05,655.83,2019-05-28
336,4,Waste Management,2019-05,144.38,2019-05-28
337,5,Rent,2019-05,5200.00,2019-05-28
338,5,Electricity,2019-05,707.29,2019-05-28
339,5,Water,2019-05,96.28,2019-05-28
340,5,Internet,2019-05,209.00,2019-05-28
341,5,Maintenance,2019-05,493.54,2019-05-28
342,5,Waste Management,2019-05,117.69,2019-05-28
343,6,Rent,2019-05,6850.00,2019-05-28
344,6,Electricity,2019-05,971.09,2019-05-28
345,6,Water,2019-05,120.08,2019-05-28
346,6,Internet,2019-05,209.00,2019-05-28
347,6,Maintenance,2019-05,630.45,2019-05-28
348,6,Waste Management,2019-05,154.80,2019-05-28
349,7,Rent,2019-05,5900.00,2019-05-28
350,7,Electricity,2019-05,830.76,2019-05-28
351,7,Water,2019-05,101.21,2019-05-28
352,7,Internet,2019-05,209.00,2019-05-28
353,7,Maintenance,2019-05,491.21,2019-05-28
354,7,Waste Management,2019-05,127.83,2019-05-28
355,8,Rent,2019-05,6450.00,2019-05-28
356,8,Electricity,2019-05,873.83,2019-05-28
357,8,Water,2019-05,111.98,2019-05-28
358,8,Internet,2019-05,209.00,2019-05-28
359,8,Maintenance,2019-05,740.62,2019-05-28
360,8,Waste Management,2019-05,141.20,2019-05-28
361,9,Rent,2019-05,5050.00,2019-05-28
362,9,Electricity,2019-05,699.10,2019-05-28
363,9,Water,2019-05,83.22,2019-05-28
364,9,Internet,2019-05,209.00,2019-05-28
365,9,Maintenance,2019-05,382.89,2019-05-28
366,9,Waste Management,2019-05,112.91,2019-05-28
367,10,Rent,2019-05,6250.00,2019-05-28
368,10,Electricity,2019-05,930.40,2019-05-28
369,10,Water,2019-05,108.24,2019-05-28
370,10,Internet,2019-05,209.00,2019-05-28
371,10,Maintenance,2019-05,550.46,2019-05-28
372,10,Waste Management,2019-05,133.68,2019-05-28
373,11,Rent,2019-05,6000.00,2019-05-28
374,11,Electricity,2019-05,843.82,2019-05-28
375,11,Water,2019-05,100.54,2019-05-28
376,11,Internet,2019-05,209.00,2019-05-28
377,11,Maintenance,2019-05,593.98,2019-05-28
378,11,Waste Management,2019-05,127.04,2019-05-28
379,12,Rent,2019-05,4850.00,2019-05-28
380,12,Electricity,2019-05,741.18,2019-05-28
381,12,Water,2019-05,78.96,2019-05-28
382,12,Internet,2019-05,209.00,2019-05-28
383,12,Maintenance,2019-05,534.27,2019-05-28
384,12,Waste Management,2019-05,107.20,2019-05-28
385,13,Rent,2019-05,3300.00,2019-05-28
386,13,Electricity,2019-05,451.26,2019-05-28
387,13,Water,2019-05,61.51,2019-05-28
388,13,Internet,2019-05,209.00,2019-05-28
389,13,Maintenance,2019-05,338.97,2019-05-28
390,13,Waste Management,2019-05,75.51,2019-05-28
391,1,Rent,2019-06,12950.00,2019-06-28
392,1,Electricity,2019-06,1935.86,2019-06-28
393,1,Water,2019-06,223.57,2019-06-28
394,1,Internet,2019-06,209.00,2019-06-28
395,1,Maintenance,2019-06,1350.41,2019-06-28
396,1,Waste Management,2019-06,279.65,2019-06-28
397,2,Rent,2019-06,9950.00,2019-06-28
398,2,Electricity,2019-06,1559.99,2019-06-28
399,2,Water,2019-06,174.27,2019-06-28
400,2,Internet,2019-06,209.00,2019-06-28
401,2,Maintenance,2019-06,1108.92,2019-06-28
402,2,Waste Management,2019-06,213.85,2019-06-28
403,3,Rent,2019-06,8250.00,2019-06-28
404,3,Electricity,2019-06,1233.23,2019-06-28
405,3,Water,2019-06,134.42,2019-06-28
406,3,Internet,2019-06,209.00,2019-06-28
407,3,Maintenance,2019-06,573.08,2019-06-28
408,3,Waste Management,2019-06,182.36,2019-06-28
409,4,Rent,2019-06,6700.00,2019-06-28
410,4,Electricity,2019-06,1031.69,2019-06-28
411,4,Water,2019-06,119.78,2019-06-28
412,4,Internet,2019-06,209.00,2019-06-28
413,4,Maintenance,2019-06,466.91,2019-06-28
414,4,Waste Management,2019-06,143.27,2019-06-28
415,5,Rent,2019-06,5200.00,2019-06-28
416,5,Electricity,2019-06,709.18,2019-06-28
417,5,Water,2019-06,100.79,2019-06-28
418,5,Internet,2019-06,209.00,2019-06-28
419,5,Maintenance,2019-06,489.74,2019-06-28
420,5,Waste Management,2019-06,115.00,2019-06-28
421,6,Rent,2019-06,6850.00,2019-06-28
422,6,Electricity,2019-06,1050.86,2019-06-28
423,6,Water,2019-06,126.01,2019-06-28
424,6,Internet,2019-06,209.00,2019-06-28
425,6,Maintenance,2019-06,778.98,2019-06-28
426,6,Waste Management,2019-06,159.01,2019-06-28
427,7,Rent,2019-06,5900.00,2019-06-28
428,7,Electricity,2019-06,799.55,2019-06-28
429,7,Water,2019-06,99.64,2019-06-28
430,7,Internet,2019-06,209.00,2019-06-28
431,7,Maintenance,2019-06,617.76,2019-06-28
432,7,Waste Management,2019-06,132.64,2019-06-28
433,8,Rent,2019-06,6450.00,2019-06-28
434,8,Electricity,2019-06,993.62,2019-06-28
435,8,Water,2019-06,112.10,2019-06-28
436,8,Internet,2019-06,209.00,2019-06-28
437,8,Maintenance,2019-06,723.25,2019-06-28
438,8,Waste Management,2019-06,149.24,2019-06-28
439,9,Rent,2019-06,5050.00,2019-06-28
440,9,Electricity,2019-06,720.01,2019-06-28
441,9,Water,2019-06,86.59,2019-06-28
442,9,Internet,2019-06,209.00,2019-06-28
443,9,Maintenance,2019-06,350.00,2019-06-28
444,9,Waste Management,2019-06,108.43,2019-06-28
445,10,Rent,2019-06,6250.00,2019-06-28
446,10,Electricity,2019-06,912.92,2019-06-28
447,10,Water,2019-06,111.97,2019-06-28
448,10,Internet,2019-06,209.00,2019-06-28
449,10,Maintenance,2019-06,530.38,2019-06-28
450,10,Waste Management,2019-06,137.89,2019-06-28
451,11,Rent,2019-06,6000.00,2019-06-28
452,11,Electricity,2019-06,849.35,2019-06-28
453,11,Water,2019-06,105.63,2019-06-28
454,11,Internet,2019-06,209.00,2019-06-28
455,11,Maintenance,2019-06,484.08,2019-06-28
456,11,Waste Management,2019-06,131.75,2019-06-28
457,12,Rent,2019-06,4850.00,2019-06-28
458,12,Electricity,2019-06,748.52,2019-06-28
459,12,Water,2019-06,81.54,2019-06-28
460,12,Internet,2019-06,209.00,2019-06-28
461,12,Maintenance,2019-06,473.66,2019-06-28
462,12,Waste Management,2019-06,105.60,2019-06-28
463,13,Rent,2019-06,3300.00,2019-06-28
464,13,Electricity,2019-06,480.10,2019-06-28
465,13,Water,2019-06,61.14,2019-06-28
466,13,Internet,2019-06,209.00,2019-06-28
467,13,Maintenance,2019-06,329.58,2019-06-28
468,13,Waste Management,2019-06,71.98,2019-06-28
469,1,Rent,2019-07,12950.00,2019-07-28
470,1,Electricity,2019-07,1649.80,2019-07-28
471,1,Water,2019-07,224.94,2019-07-28
472,1,Internet,2019-07,209.00,2019-07-28
473,1,Maintenance,2019-07,1029.52,2019-07-28
474,1,Waste Management,2019-07,274.96,2019-07-28
475,2,Rent,2019-07,9950.00,2019-07-28
476,2,Electricity,2019-07,1355.90,2019-07-28
477,2,Water,2019-07,189.36,2019-07-28
478,2,Internet,2019-07,209.00,2019-07-28
479,2,Maintenance,2019-07,673.90,2019-07-28
480,2,Waste Management,2019-07,218.57,2019-07-28
481,3,Rent,2019-07,8250.00,2019-07-28
482,3,Electricity,2019-07,1081.45,2019-07-28
483,3,Water,2019-07,157.05,2019-07-28
484,3,Internet,2019-07,209.00,2019-07-28
485,3,Maintenance,2019-07,558.90,2019-07-28
486,3,Waste Management,2019-07,183.34,2019-07-28
487,4,Rent,2019-07,6700.00,2019-07-28
488,4,Electricity,2019-07,880.80,2019-07-28
489,4,Water,2019-07,108.59,2019-07-28
490,4,Internet,2019-07,209.00,2019-07-28
491,4,Maintenance,2019-07,562.73,2019-07-28
492,4,Waste Management,2019-07,155.78,2019-07-28
493,5,Rent,2019-07,5200.00,2019-07-28
494,5,Electricity,2019-07,620.86,2019-07-28
495,5,Water,2019-07,87.45,2019-07-28
496,5,Internet,2019-07,209.00,2019-07-28
497,5,Maintenance,2019-07,388.63,2019-07-28
498,5,Waste Management,2019-07,120.98,2019-07-28
499,6,Rent,2019-07,6850.00,2019-07-28
500,6,Electricity,2019-07,884.64,2019-07-28
501,6,Water,2019-07,113.71,2019-07-28
502,6,Internet,2019-07,209.00,2019-07-28
503,6,Maintenance,2019-07,761.67,2019-07-28
504,6,Waste Management,2019-07,154.51,2019-07-28
505,7,Rent,2019-07,5900.00,2019-07-28
506,7,Electricity,2019-07,804.00,2019-07-28
507,7,Water,2019-07,112.53,2019-07-28
508,7,Internet,2019-07,209.00,2019-07-28
509,7,Maintenance,2019-07,545.24,2019-07-28
510,7,Waste Management,2019-07,134.45,2019-07-28
511,8,Rent,2019-07,6450.00,2019-07-28
512,8,Electricity,2019-07,874.15,2019-07-28
513,8,Water,2019-07,124.02,2019-07-28
514,8,Internet,2019-07,209.00,2019-07-28
515,8,Maintenance,2019-07,566.15,2019-07-28
516,8,Waste Management,2019-07,148.67,2019-07-28
517,9,Rent,2019-07,5050.00,2019-07-28
518,9,Electricity,2019-07,639.74,2019-07-28
519,9,Water,2019-07,84.80,2019-07-28
520,9,Internet,2019-07,209.00,2019-07-28
521,9,Maintenance,2019-07,409.65,2019-07-28
522,9,Waste Management,2019-07,112.90,2019-07-28
523,10,Rent,2019-07,6250.00,2019-07-28
524,10,Electricity,2019-07,855.88,2019-07-28
525,10,Water,2019-07,116.47,2019-07-28
526,10,Internet,2019-07,209.00,2019-07-28
527,10,Maintenance,2019-07,421.99,2019-07-28
528,10,Waste Management,2019-07,141.44,2019-07-28
529,11,Rent,2019-07,6000.00,2019-07-28
530,11,Electricity,2019-07,786.50,2019-07-28
531,11,Water,2019-07,117.72,2019-07-28
532,11,Internet,2019-07,209.00,2019-07-28
533,11,Maintenance,2019-07,456.21,2019-07-28
534,11,Waste Management,2019-07,130.48,2019-07-28
535,12,Rent,2019-07,4850.00,2019-07-28
536,12,Electricity,2019-07,641.65,2019-07-28
537,12,Water,2019-07,94.98,2019-07-28
538,12,Internet,2019-07,209.00,2019-07-28
539,12,Maintenance,2019-07,515.84,2019-07-28
540,12,Waste Management,2019-07,109.76,2019-07-28
541,13,Rent,2019-07,3300.00,2019-07-28
542,13,Electricity,2019-07,395.74,2019-07-28
543,13,Water,2019-07,61.83,2019-07-28
544,13,Internet,2019-07,209.00,2019-07-28
545,13,Maintenance,2019-07,250.67,2019-07-28
546,13,Waste Management,2019-07,76.26,2019-07-28
547,1,Rent,2019-08,12950.00,2019-08-28
548,1,Electricity,2019-08,1698.36,2019-08-28
549,1,Water,2019-08,221.57,2019-08-28
550,1,Internet,2019-08,209.00,2019-08-28
551,1,Maintenance,2019-08,1312.41,2019-08-28
552,1,Waste Management,2019-08,280.53,2019-08-28
553,2,Rent,2019-08,9950.00,2019-08-28
554,2,Electricity,2019-08,1334.92,2019-08-28
555,2,Water,2019-08,184.77,2019-08-28
556,2,Internet,2019-08,209.00,2019-08-28
557,2,Maintenance,2019-08,920.79,2019-08-28
558,2,Waste Management,2019-08,223.37,2019-08-28
559,3,Rent,2019-08,8250.00,2019-08-28
560,3,Electricity,2019-08,1002.00,2019-08-28
561,3,Water,2019-08,140.92,2019-08-28
562,3,Internet,2019-08,209.00,2019-08-28
563,3,Maintenance,2019-08,557.24,2019-08-28
564,3,Waste Management,2019-08,186.58,2019-08-28
565,4,Rent,2019-08,6700.00,2019-08-28
566,4,Electricity,2019-08,912.94,2019-08-28
567,4,Water,2019-08,119.92,2019-08-28
568,4,Internet,2019-08,209.00,2019-08-28
569,4,Maintenance,2019-08,573.03,2019-08-28
570,4,Waste Management,2019-08,145.91,2019-08-28
571,5,Rent,2019-08,5200.00,2019-08-28
572,5,Electricity,2019-08,728.22,2019-08-28
573,5,Water,2019-08,94.94,2019-08-28
574,5,Internet,2019-08,209.00,2019-08-28
575,5,Maintenance,2019-08,362.20,2019-08-28
576,5,Waste Management,2019-08,111.17,2019-08-28
577,6,Rent,2019-08,6850.00,2019-08-28
578,6,Electricity,2019-08,841.82,2019-08-28
579,6,Water,2019-08,114.30,2019-08-28
580,6,Internet,2019-08,209.00,2019-08-28
581,6,Maintenance,2019-08,633.22,2019-08-28
582,6,Waste Management,2019-08,156.33,2019-08-28
583,7,Rent,2019-08,5900.00,2019-08-28
584,7,Electricity,2019-08,781.79,2019-08-28
585,7,Water,2019-08,95.54,2019-08-28
586,7,Internet,2019-08,209.00,2019-08-28
587,7,Maintenance,2019-08,658.19,2019-08-28
588,7,Waste Management,2019-08,128.41,2019-08-28
589,8,Rent,2019-08,6450.00,2019-08-28
590,8,Electricity,2019-08,887.35,2019-08-28
591,8,Water,2019-08,105.28,2019-08-28
592,8,Internet,2019-08,209.00,2019-08-28
593,8,Maintenance,2019-08,545.54,2019-08-28
594,8,Waste Management,2019-08,140.48,2019-08-28
595,9,Rent,2019-08,5050.00,2019-08-28
596,9,Electricity,2019-08,691.52,2019-08-28
597,9,Water,2019-08,82.52,2019-08-28
598,9,Internet,2019-08,209.00,2019-08-28
599,9,Maintenance,2019-08,529.27,2019-08-28
600,9,Waste Management,2019-08,114.74,2019-08-28
601,10,Rent,2019-08,6250.00,2019-08-28
602,10,Electricity,2019-08,812.82,2019-08-28
603,10,Water,2019-08,112.45,2019-08-28
604,10,Internet,2019-08,209.00,2019-08-28
605,10,Maintenance,2019-08,715.79,2019-08-28
606,10,Waste Management,2019-08,134.12,2019-08-28
607,11,Rent,2019-08,6000.00,2019-08-28
608,11,Electricity,2019-08,808.29,2019-08-28
609,11,Water,2019-08,104.69,2019-08-28
610,11,Internet,2019-08,209.00,2019-08-28
611,11,Maintenance,2019-08,429.68,2019-08-28
612,11,Waste Management,2019-08,134.20,2019-08-28
613,12,Rent,2019-08,4850.00,2019-08-28
614,12,Electricity,2019-08,666.07,2019-08-28
615,12,Water,2019-08,91.03,2019-08-28
616,12,Internet,2019-08,209.00,2019-08-28
617,12,Maintenance,2019-08,403.62,2019-08-28
618,12,Waste Management,2019-08,104.94,2019-08-28
619,13,Rent,2019-08,3300.00,2019-08-28
620,13,Electricity,2019-08,433.13,2019-08-28
621,13,Water,2019-08,57.21,2019-08-28
622,13,Internet,2019-08,209.00,2019-08-28
623,13,Maintenance,2019-08,357.91,2019-08-28
624,13,Waste Management,2019-08,73.87,2019-08-28
625,1,Rent,2019-09,12950.00,2019-09-28
626,1,Electricity,2019-09,1598.46,2019-09-28
627,1,Water,2019-09,243.98,2019-09-28
628,1,Internet,2019-09,209.00,2019-09-28
629,1,Maintenance,2019-09,1283.08,2019-09-28
630,1,Waste Management,2019-09,280.08,2019-09-28
631,2,Rent,2019-09,9950.00,2019-09-28
632,2,Electricity,2019-09,1278.39,2019-09-28
633,2,Water,2019-09,170.00,2019-09-28
634,2,Internet,2019-09,209.00,2019-09-28
635,2,Maintenance,2019-09,799.71,2019-09-28
636,2,Waste Management,2019-09,211.15,2019-09-28
637,3,Rent,2019-09,8250.00,2019-09-28
638,3,Electricity,2019-09,1056.94,2019-09-28
639,3,Water,2019-09,133.69,2019-09-28
640,3,Internet,2019-09,209.00,2019-09-28
641,3,Maintenance,2019-09,684.66,2019-09-28
642,3,Waste Management,2019-09,176.20,2019-09-28
643,4,Rent,2019-09,6700.00,2019-09-28
644,4,Electricity,2019-09,805.36,2019-09-28
645,4,Water,2019-09,120.98,2019-09-28
646,4,Internet,2019-09,209.00,2019-09-28
647,4,Maintenance,2019-09,462.63,2019-09-28
648,4,Waste Management,2019-09,152.78,2019-09-28
649,5,Rent,2019-09,5200.00,2019-09-28
650,5,Electricity,2019-09,719.24,2019-09-28
651,5,Water,2019-09,91.87,2019-09-28
652,5,Internet,2019-09,209.00,2019-09-28
653,5,Maintenance,2019-09,444.74,2019-09-28
654,5,Waste Management,2019-09,114.97,2019-09-28
655,6,Rent,2019-09,6850.00,2019-09-28
656,6,Electricity,2019-09,880.67,2019-09-28
657,6,Water,2019-09,120.33,2019-09-28
658,6,Internet,2019-09,209.00,2019-09-28
659,6,Maintenance,2019-09,727.17,2019-09-28
660,6,Waste Management,2019-09,157.18,2019-09-28
661,7,Rent,2019-09,5900.00,2019-09-28
662,7,Electricity,2019-09,708.37,2019-09-28
663,7,Water,2019-09,103.51,2019-09-28
664,7,Internet,2019-09,209.00,2019-09-28
665,7,Maintenance,2019-09,568.46,2019-09-28
666,7,Waste Management,2019-09,134.70,2019-09-28
667,8,Rent,2019-09,6450.00,2019-09-28
668,8,Electricity,2019-09,811.61,2019-09-28
669,8,Water,2019-09,115.40,2019-09-28
670,8,Internet,2019-09,209.00,2019-09-28
671,8,Maintenance,2019-09,514.31,2019-09-28
672,8,Waste Management,2019-09,146.39,2019-09-28
673,9,Rent,2019-09,5050.00,2019-09-28
674,9,Electricity,2019-09,636.21,2019-09-28
675,9,Water,2019-09,82.57,2019-09-28
676,9,Internet,2019-09,209.00,2019-09-28
677,9,Maintenance,2019-09,533.25,2019-09-28
678,9,Waste Management,2019-09,108.57,2019-09-28
679,10,Rent,2019-09,6250.00,2019-09-28
680,10,Electricity,2019-09,756.41,2019-09-28
681,10,Water,2019-09,106.67,2019-09-28
682,10,Internet,2019-09,209.00,2019-09-28
683,10,Maintenance,2019-09,609.87,2019-09-28
684,10,Waste Management,2019-09,145.29,2019-09-28
685,11,Rent,2019-09,6000.00,2019-09-28
686,11,Electricity,2019-09,727.65,2019-09-28
687,11,Water,2019-09,101.47,2019-09-28
688,11,Internet,2019-09,209.00,2019-09-28
689,11,Maintenance,2019-09,526.49,2019-09-28
690,11,Waste Management,2019-09,129.30,2019-09-28
691,12,Rent,2019-09,4850.00,2019-09-28
692,12,Electricity,2019-09,624.60,2019-09-28
693,12,Water,2019-09,79.37,2019-09-28
694,12,Internet,2019-09,209.00,2019-09-28
695,12,Maintenance,2019-09,473.56,2019-09-28
696,12,Waste Management,2019-09,110.14,2019-09-28
697,13,Rent,2019-09,3300.00,2019-09-28
698,13,Electricity,2019-09,403.96,2019-09-28
699,13,Water,2019-09,56.38,2019-09-28
700,13,Internet,2019-09,209.00,2019-09-28
701,13,Maintenance,2019-09,343.59,2019-09-28
702,13,Waste Management,2019-09,73.40,2019-09-28
703,1,Rent,2019-10,12950.00,2019-10-28
704,1,Electricity,2019-10,1651.26,2019-10-28
705,1,Water,2019-10,219.97,2019-10-28
706,1,Internet,2019-10,209.00,2019-10-28
707,1,Maintenance,2019-10,1079.01,2019-10-28
708,1,Waste Management,2019-10,300.00,2019-10-28
709,2,Rent,2019-10,9950.00,2019-10-28
710,2,Electricity,2019-10,1375.99,2019-10-28
711,2,Water,2019-10,190.81,2019-10-28
712,2,Internet,2019-10,209.00,2019-10-28
713,2,Maintenance,2019-10,730.29,2019-10-28
714,2,Waste Management,2019-10,212.06,2019-10-28
715,3,Rent,2019-10,8250.00,2019-10-28
716,3,Electricity,2019-10,1032.62,2019-10-28
717,3,Water,2019-10,149.94,2019-10-28
718,3,Internet,2019-10,209.00,2019-10-28
719,3,Maintenance,2019-10,575.79,2019-10-28
720,3,Waste Management,2019-10,183.26,2019-10-28
721,4,Rent,2019-10,6700.00,2019-10-28
722,4,Electricity,2019-10,918.86,2019-10-28
723,4,Water,2019-10,107.78,2019-10-28
724,4,Internet,2019-10,209.00,2019-10-28
725,4,Maintenance,2019-10,713.29,2019-10-28
726,4,Waste Management,2019-10,144.61,2019-10-28
727,5,Rent,2019-10,5200.00,2019-10-28
728,5,Electricity,2019-10,713.11,2019-10-28
729,5,Water,2019-10,91.12,2019-10-28
730,5,Internet,2019-10,209.00,2019-10-28
731,5,Maintenance,2019-10,466.51,2019-10-28
732,5,Waste Management,2019-10,120.04,2019-10-28
733,6,Rent,2019-10,6850.00,2019-10-28
734,6,Electricity,2019-10,846.24,2019-10-28
735,6,Water,2019-10,130.41,2019-10-28
736,6,Internet,2019-10,209.00,2019-10-28
737,6,Maintenance,2019-10,775.68,2019-10-28
738,6,Waste Management,2019-10,147.63,2019-10-28
739,7,Rent,2019-10,5900.00,2019-10-28
740,7,Electricity,2019-10,801.53,2019-10-28
741,7,Water,2019-10,105.47,2019-10-28
742,7,Internet,2019-10,209.00,2019-10-28
743,7,Maintenance,2019-10,562.99,2019-10-28
744,7,Waste Management,2019-10,135.17,2019-10-28
745,8,Rent,2019-10,6450.00,2019-10-28
746,8,Electricity,2019-10,839.72,2019-10-28
747,8,Water,2019-10,108.06,2019-10-28
748,8,Internet,2019-10,209.00,2019-10-28
749,8,Maintenance,2019-10,641.72,2019-10-28
750,8,Waste Management,2019-10,138.14,2019-10-28
751,9,Rent,2019-10,5050.00,2019-10-28
752,9,Electricity,2019-10,624.70,2019-10-28
753,9,Water,2019-10,91.75,2019-10-28
754,9,Internet,2019-10,209.00,2019-10-28
755,9,Maintenance,2019-10,423.45,2019-10-28
756,9,Waste Management,2019-10,110.50,2019-10-28
757,10,Rent,2019-10,6250.00,2019-10-28
758,10,Electricity,2019-10,833.61,2019-10-28
759,10,Water,2019-10,117.16,2019-10-28
760,10,Internet,2019-10,209.00,2019-10-28
761,10,Maintenance,2019-10,455.44,2019-10-28
762,10,Waste Management,2019-10,143.91,2019-10-28
763,11,Rent,2019-10,6000.00,2019-10-28
764,11,Electricity,2019-10,793.74,2019-10-28
765,11,Water,2019-10,115.30,2019-10-28
766,11,Internet,2019-10,209.00,2019-10-28
767,11,Maintenance,2019-10,588.56,2019-10-28
768,11,Waste Management,2019-10,126.87,2019-10-28
769,12,Rent,2019-10,4850.00,2019-10-28
770,12,Electricity,2019-10,579.35,2019-10-28
771,12,Water,2019-10,79.55,2019-10-28
772,12,Internet,2019-10,209.00,2019-10-28
773,12,Maintenance,2019-10,416.11,2019-10-28
774,12,Waste Management,2019-10,105.38,2019-10-28
775,13,Rent,2019-10,3300.00,2019-10-28
776,13,Electricity,2019-10,426.74,2019-10-28
777,13,Water,2019-10,64.17,2019-10-28
778,13,Internet,2019-10,209.00,2019-10-28
779,13,Maintenance,2019-10,323.82,2019-10-28
780,13,Waste Management,2019-10,69.72,2019-10-28
781,1,Rent,2019-11,12950.00,2019-11-28
782,1,Electricity,2019-11,1745.34,2019-11-28
783,1,Water,2019-11,248.55,2019-11-28
784,1,Internet,2019-11,209.00,2019-11-28
785,1,Maintenance,2019-11,1091.06,2019-11-28
786,1,Waste Management,2019-11,289.70,2019-11-28
787,2,Rent,2019-11,9950.00,2019-11-28
788,2,Electricity,2019-11,1365.10,2019-11-28
789,2,Water,2019-11,176.65,2019-11-28
790,2,Internet,2019-11,209.00,2019-11-28
791,2,Maintenance,2019-11,795.87,2019-11-28
792,2,Waste Management,2019-11,217.53,2019-11-28
793,3,Rent,2019-11,8250.00,2019-11-28
794,3,Electricity,2019-11,1097.86,2019-11-28
795,3,Water,2019-11,142.63,2019-11-28
796,3,Internet,2019-11,209.00,2019-11-28
797,3,Maintenance,2019-11,710.87,2019-11-28
798,3,Waste Management,2019-11,176.53,2019-11-28
799,4,Rent,2019-11,6700.00,2019-11-28
800,4,Electricity,2019-11,822.15,2019-11-28
801,4,Water,2019-11,114.87,2019-11-28
802,4,Internet,2019-11,209.00,2019-11-28
803,4,Maintenance,2019-11,453.39,2019-11-28
804,4,Waste Management,2019-11,151.34,2019-11-28
805,5,Rent,2019-11,5200.00,2019-11-28
806,5,Electricity,2019-11,633.35,2019-11-28
807,5,Water,2019-11,85.25,2019-11-28
808,5,Internet,2019-11,209.00,2019-11-28
809,5,Maintenance,2019-11,387.61,2019-11-28
810,5,Waste Management,2019-11,115.60,2019-11-28
811,6,Rent,2019-11,6850.00,2019-11-28
812,6,Electricity,2019-11,861.43,2019-11-28
813,6,Water,2019-11,122.27,2019-11-28
814,6,Internet,2019-11,209.00,2019-11-28
815,6,Maintenance,2019-11,538.95,2019-11-28
816,6,Waste Management,2019-11,158.67,2019-11-28
817,7,Rent,2019-11,5900.00,2019-11-28
818,7,Electricity,2019-11,723.29,2019-11-28
819,7,Water,2019-11,109.88,2019-11-28
820,7,Internet,2019-11,209.00,2019-11-28
821,7,Maintenance,2019-11,529.72,2019-11-28
822,7,Waste Management,2019-11,131.44,2019-11-28
823,8,Rent,2019-11,6450.00,2019-11-28
824,8,Electricity,2019-11,826.29,2019-11-28
825,8,Water,2019-11,103.86,2019-11-28
826,8,Internet,2019-11,209.00,2019-11-28
827,8,Maintenance,2019-11,519.17,2019-11-28
828,8,Waste Management,2019-11,146.24,2019-11-28
829,9,Rent,2019-11,5050.00,2019-11-28
830,9,Electricity,2019-11,694.56,2019-11-28
831,9,Water,2019-11,90.86,2019-11-28
832,9,Internet,2019-11,209.00,2019-11-28
833,9,Maintenance,2019-11,396.05,2019-11-28
834,9,Waste Management,2019-11,114.06,2019-11-28
835,10,Rent,2019-11,6250.00,2019-11-28
836,10,Electricity,2019-11,860.91,2019-11-28
837,10,Water,2019-11,108.49,2019-11-28
838,10,Internet,2019-11,209.00,2019-11-28
839,10,Maintenance,2019-11,424.46,2019-11-28
840,10,Waste Management,2019-11,134.25,2019-11-28
841,11,Rent,2019-11,6000.00,2019-11-28
842,11,Electricity,2019-11,727.38,2019-11-28
843,11,Water,2019-11,107.96,2019-11-28
844,11,Internet,2019-11,209.00,2019-11-28
845,11,Maintenance,2019-11,632.21,2019-11-28
846,11,Waste Management,2019-11,131.13,2019-11-28
847,12,Rent,2019-11,4850.00,2019-11-28
848,12,Electricity,2019-11,614.77,2019-11-28
849,12,Water,2019-11,89.13,2019-11-28
850,12,Internet,2019-11,209.00,2019-11-28
851,12,Maintenance,2019-11,389.28,2019-11-28
852,12,Waste Management,2019-11,102.87,2019-11-28
853,13,Rent,2019-11,3300.00,2019-11-28
854,13,Electricity,2019-11,432.25,2019-11-28
855,13,Water,2019-11,63.29,2019-11-28
856,13,Internet,2019-11,209.00,2019-11-28
857,13,Maintenance,2019-11,277.27,2019-11-28
858,13,Waste Management,2019-11,75.29,2019-11-28
859,1,Rent,2019-12,12950.00,2019-12-28
860,1,Electricity,2019-12,1709.72,2019-12-28
861,1,Water,2019-12,246.60,2019-12-28
862,1,Internet,2019-12,209.00,2019-12-28
863,1,Maintenance,2019-12,1107.64,2019-12-28
864,1,Waste Management,2019-12,295.29,2019-12-28
865,2,Rent,2019-12,9950.00,2019-12-28
866,2,Electricity,2019-12,1268.03,2019-12-28
867,2,Water,2019-12,179.20,2019-12-28
868,2,Internet,2019-12,209.00,2019-12-28
869,2,Maintenance,2019-12,877.51,2019-12-28
870,2,Waste Management,2019-12,227.79,2019-12-28
871,3,Rent,2019-12,8250.00,2019-12-28
872,3,Electricity,2019-12,1056.25,2019-12-28
873,3,Water,2019-12,145.00,2019-12-28
874,3,Internet,2019-12,209.00,2019-12-28
875,3,Maintenance,2019-12,628.81,2019-12-28
876,3,Waste Management,2019-12,178.77,2019-12-28
877,4,Rent,2019-12,6700.00,2019-12-28
878,4,Electricity,2019-12,897.51,2019-12-28
879,4,Water,2019-12,109.15,2019-12-28
880,4,Internet,2019-12,209.00,2019-12-28
881,4,Maintenance,2019-12,712.35,2019-12-28
882,4,Waste Management,2019-12,154.61,2019-12-28
883,5,Rent,2019-12,5200.00,2019-12-28
884,5,Electricity,2019-12,627.55,2019-12-28
885,5,Water,2019-12,86.57,2019-12-28
886,5,Internet,2019-12,209.00,2019-12-28
887,5,Maintenance,2019-12,429.43,2019-12-28
888,5,Waste Management,2019-12,111.40,2019-12-28
889,6,Rent,2019-12,6850.00,2019-12-28
890,6,Electricity,2019-12,867.46,2019-12-28
891,6,Water,2019-12,123.55,2019-12-28
892,6,Internet,2019-12,209.00,2019-12-28
893,6,Maintenance,2019-12,590.71,2019-12-28
894,6,Waste Management,2019-12,146.61,2019-12-28
895,7,Rent,2019-12,5900.00,2019-12-28
896,7,Electricity,2019-12,806.86,2019-12-28
897,7,Water,2019-12,115.31,2019-12-28
898,7,Internet,2019-12,209.00,2019-12-28
899,7,Maintenance,2019-12,648.54,2019-12-28
900,7,Waste Management,2019-12,131.51,2019-12-28
901,8,Rent,2019-12,6450.00,2019-12-28
902,8,Electricity,2019-12,813.26,2019-12-28
903,8,Water,2019-12,117.33,2019-12-28
904,8,Internet,2019-12,209.00,2019-12-28
905,8,Maintenance,2019-12,444.58,2019-12-28
906,8,Waste Management,2019-12,149.14,2019-12-28
907,9,Rent,2019-12,5050.00,2019-12-28
908,9,Electricity,2019-12,693.45,2019-12-28
909,9,Water,2019-12,85.35,2019-12-28
910,9,Internet,2019-12,209.00,2019-12-28
911,9,Maintenance,2019-12,412.18,2019-12-28
912,9,Waste Management,2019-12,111.02,2019-12-28
913,10,Rent,2019-12,6250.00,2019-12-28
914,10,Electricity,2019-12,795.81,2019-12-28
915,10,Water,2019-12,122.05,2019-12-28
916,10,Internet,2019-12,209.00,2019-12-28
917,10,Maintenance,2019-12,685.96,2019-12-28
918,10,Waste Management,2019-12,132.66,2019-12-28
919,11,Rent,2019-12,6000.00,2019-12-28
920,11,Electricity,2019-12,774.34,2019-12-28
921,11,Water,2019-12,105.53,2019-12-28
922,11,Internet,2019-12,209.00,2019-12-28
923,11,Maintenance,2019-12,418.39,2019-12-28
924,11,Waste Management,2019-12,139.08,2019-12-28
925,12,Rent,2019-12,4850.00,2019-12-28
926,12,Electricity,2019-12,596.91,2019-12-28
927,12,Water,2019-12,84.43,2019-12-28
928,12,Internet,2019-12,209.00,2019-12-28
929,12,Maintenance,2019-12,339.02,2019-12-28
930,12,Waste Management,2019-12,109.50,2019-12-28
931,13,Rent,2019-12,3300.00,2019-12-28
932,13,Electricity,2019-12,395.28,2019-12-28
933,13,Water,2019-12,61.49,2019-12-28
934,13,Internet,2019-12,209.00,2019-12-28
935,13,Maintenance,2019-12,354.74,2019-12-28
936,13,Waste Management,2019-12,73.78,2019-12-28
937,1,Rent,2020-01,13338.50,2020-01-28
938,1,Electricity,2020-01,1772.37,2020-01-28
939,1,Water,2020-01,226.58,2020-01-28
940,1,Internet,2020-01,215.27,2020-01-28
941,1,Maintenance,2020-01,1059.13,2020-01-28
942,1,Waste Management,2020-01,306.93,2020-01-28
943,2,Rent,2020-01,10248.50,2020-01-28
944,2,Electricity,2020-01,1264.47,2020-01-28
945,2,Water,2020-01,183.98,2020-01-28
946,2,Internet,2020-01,215.27,2020-01-28
947,2,Maintenance,2020-01,811.32,2020-01-28
948,2,Waste Management,2020-01,223.23,2020-01-28
949,3,Rent,2020-01,8497.50,2020-01-28
950,3,Electricity,2020-01,1145.84,2020-01-28
951,3,Water,2020-01,146.26,2020-01-28
952,3,Internet,2020-01,215.27,2020-01-28
953,3,Maintenance,2020-01,636.28,2020-01-28
954,3,Waste Management,2020-01,193.59,2020-01-28
955,4,Rent,2020-01,6901.00,2020-01-28
956,4,Electricity,2020-01,846.36,2020-01-28
957,4,Water,2020-01,120.05,2020-01-28
958,4,Internet,2020-01,215.27,2020-01-28
959,4,Maintenance,2020-01,624.14,2020-01-28
960,4,Waste Management,2020-01,147.80,2020-01-28
961,5,Rent,2020-01,5356.00,2020-01-28
962,5,Electricity,2020-01,659.06,2020-01-28
963,5,Water,2020-01,93.92,2020-01-28
964,5,Internet,2020-01,215.27,2020-01-28
965,5,Maintenance,2020-01,387.46,2020-01-28
966,5,Waste Management,2020-01,124.32,2020-01-28
967,6,Rent,2020-01,7055.50,2020-01-28
968,6,Electricity,2020-01,867.82,2020-01-28
969,6,Water,2020-01,115.43,2020-01-28
970,6,Internet,2020-01,215.27,2020-01-28
971,6,Maintenance,2020-01,733.71,2020-01-28
972,6,Waste Management,2020-01,161.89,2020-01-28
973,7,Rent,2020-01,6077.00,2020-01-28
974,7,Electricity,2020-01,736.50,2020-01-28
975,7,Water,2020-01,103.41,2020-01-28
976,7,Internet,2020-01,215.27,2020-01-28
977,7,Maintenance,2020-01,421.63,2020-01-28
978,7,Waste Management,2020-01,134.01,2020-01-28
979,8,Rent,2020-01,6643.50,2020-01-28
980,8,Electricity,2020-01,913.12,2020-01-28
981,8,Water,2020-01,126.16,2020-01-28
982,8,Internet,2020-01,215.27,2020-01-28
983,8,Maintenance,2020-01,456.37,2020-01-28
984,8,Waste Management,2020-01,140.48,2020-01-28
985,9,Rent,2020-01,5201.50,2020-01-28
986,9,Electricity,2020-01,671.21,2020-01-28
987,9,Water,2020-01,95.47,2020-01-28
988,9,Internet,2020-01,215.27,2020-01-28
989,9,Maintenance,2020-01,380.70,2020-01-28
990,9,Waste Management,2020-01,111.05,2020-01-28
991,10,Rent,2020-01,6437.50,2020-01-28
992,10,Electricity,2020-01,881.14,2020-01-28
993,10,Water,2020-01,108.15,2020-01-28
994,10,Internet,2020-01,215.27,2020-01-28
995,10,Maintenance,2020-01,521.37,2020-01-28
996,10,Waste Management,2020-01,148.29,2020-01-28
997,11,Rent,2020-01,6180.00,2020-01-28
998,11,Electricity,2020-01,833.54,2020-01-28
999,11,Water,2020-01,115.22,2020-01-28
1000,11,Internet,2020-01,215.27,2020-01-28
1001,11,Maintenance,2020-01,602.13,2020-01-28
1002,11,Waste Management,2020-01,136.13,2020-01-28
1003,12,Rent,2020-01,4995.50,2020-01-28
1004,12,Electricity,2020-01,623.22,2020-01-28
1005,12,Water,2020-01,97.45,2020-01-28
1006,12,Internet,2020-01,215.27,2020-01-28
1007,12,Maintenance,2020-01,405.32,2020-01-28
1008,12,Waste Management,2020-01,114.87,2020-01-28
1009,13,Rent,2020-01,3399.00,2020-01-28
1010,13,Electricity,2020-01,473.48,2020-01-28
1011,13,Water,2020-01,57.29,2020-01-28
1012,13,Internet,2020-01,215.27,2020-01-28
1013,13,Maintenance,2020-01,272.03,2020-01-28
1014,13,Waste Management,2020-01,76.94,2020-01-28
1015,1,Rent,2020-02,13338.50,2020-02-28
1016,1,Electricity,2020-02,1852.44,2020-02-28
1017,1,Water,2020-02,259.79,2020-02-28
1018,1,Internet,2020-02,215.27,2020-02-28
1019,1,Maintenance,2020-02,1117.95,2020-02-28
1020,1,Waste Management,2020-02,294.93,2020-02-28
1021,2,Rent,2020-02,10248.50,2020-02-28
1022,2,Electricity,2020-02,1338.84,2020-02-28
1023,2,Water,2020-02,175.23,2020-02-28
1024,2,Internet,2020-02,215.27,2020-02-28
1025,2,Maintenance,2020-02,847.07,2020-02-28
1026,2,Waste Management,2020-02,230.97,2020-02-28
1027,3,Rent,2020-02,8497.50,2020-02-28
1028,3,Electricity,2020-02,1089.29,2020-02-28
1029,3,Water,2020-02,160.38,2020-02-28
1030,3,Internet,2020-02,215.27,2020-02-28
1031,3,Maintenance,2020-02,578.15,2020-02-28
1032,3,Waste Management,2020-02,197.40,2020-02-28
1033,4,Rent,2020-02,6901.00,2020-02-28
1034,4,Electricity,2020-02,917.56,2020-02-28
1035,4,Water,2020-02,127.08,2020-02-28
1036,4,Internet,2020-02,215.27,2020-02-28
1037,4,Maintenance,2020-02,506.66,2020-02-28
1038,4,Waste Management,2020-02,149.97,2020-02-28
1039,5,Rent,2020-02,5356.00,2020-02-28
1040,5,Electricity,2020-02,707.68,2020-02-28
1041,5,Water,2020-02,96.51,2020-02-28
1042,5,Internet,2020-02,215.27,2020-02-28
1043,5,Maintenance,2020-02,449.56,2020-02-28
1044,5,Waste Management,2020-02,119.35,2020-02-28
1045,6,Rent,2020-02,7055.50,2020-02-28
1046,6,Electricity,2020-02,918.99,2020-02-28
1047,6,Water,2020-02,126.74,2020-02-28
1048,6,Internet,2020-02,215.27,2020-02-28
1049,6,Maintenance,2020-02,729.13,2020-02-28
1050,6,Waste Management,2020-02,163.23,2020-02-28
1051,7,Rent,2020-02,6077.00,2020-02-28
1052,7,Electricity,2020-02,841.24,2020-02-28
1053,7,Water,2020-02,115.68,2020-02-28
1054,7,Internet,2020-02,215.27,2020-02-28
1055,7,Maintenance,2020-02,534.53,2020-02-28
1056,7,Waste Management,2020-02,140.85,2020-02-28
1057,8,Rent,2020-02,6643.50,2020-02-28
1058,8,Electricity,2020-02,903.50,2020-02-28
1059,8,Water,2020-02,111.13,2020-02-28
1060,8,Internet,2020-02,215.27,2020-02-28
1061,8,Maintenance,2020-02,480.71,2020-02-28
1062,8,Waste Management,2020-02,144.23,2020-02-28
1063,9,Rent,2020-02,5201.50,2020-02-28
1064,9,Electricity,2020-02,726.21,2020-02-28
1065,9,Water,2020-02,95.56,2020-02-28
1066,9,Internet,2020-02,215.27,2020-02-28
1067,9,Maintenance,2020-02,466.42,2020-02-28
1068,9,Waste Management,2020-02,114.73,2020-02-28
1069,10,Rent,2020-02,6437.50,2020-02-28
1070,10,Electricity,2020-02,849.50,2020-02-28
1071,10,Water,2020-02,118.41,2020-02-28
1072,10,Internet,2020-02,215.27,2020-02-28
1073,10,Maintenance,2020-02,634.11,2020-02-28
1074,10,Waste Management,2020-02,141.51,2020-02-28
1075,11,Rent,2020-02,6180.00,2020-02-28
1076,11,Electricity,2020-02,799.74,2020-02-28
1077,11,Water,2020-02,117.83,2020-02-28
1078,11,Internet,2020-02,215.27,2020-02-28
1079,11,Maintenance,2020-02,585.39,2020-02-28
1080,11,Waste Management,2020-02,132.46,2020-02-28
1081,12,Rent,2020-02,4995.50,2020-02-28
1082,12,Electricity,2020-02,614.41,2020-02-28
1083,12,Water,2020-02,96.80,2020-02-28
1084,12,Internet,2020-02,215.27,2020-02-28
1085,12,Maintenance,2020-02,382.28,2020-02-28
1086,12,Waste Management,2020-02,111.52,2020-02-28
1087,13,Rent,2020-02,3399.00,2020-02-28
1088,13,Electricity,2020-02,408.49,2020-02-28
1089,13,Water,2020-02,62.89,2020-02-28
1090,13,Internet,2020-02,215.27,2020-02-28
1091,13,Maintenance,2020-02,341.13,2020-02-28
1092,13,Waste Management,2020-02,74.27,2020-02-28
1093,1,Rent,2020-03,13338.50,2020-03-28
1094,1,Electricity,2020-03,1279.74,2020-03-28
1095,1,Water,2020-03,198.38,2020-03-28
1096,1,Internet,2020-03,215.27,2020-03-28
1097,1,Maintenance,2020-03,1038.14,2020-03-28
1098,1,Waste Management,2020-03,272.71,2020-03-28
1099,2,Rent,2020-03,10248.50,2020-03-28
1100,2,Electricity,2020-03,1017.79,2020-03-28
1101,2,Water,2020-03,147.74,2020-03-28
1102,2,Internet,2020-03,215.27,2020-03-28
1103,2,Maintenance,2020-03,893.96,2020-03-28
1104,2,Waste Management,2020-03,202.11,2020-03-28
1105,3,Rent,2020-03,8497.50,2020-03-28
1106,3,Electricity,2020-03,932.66,2020-03-28
1107,3,Water,2020-03,138.34,2020-03-28
1108,3,Internet,2020-03,215.27,2020-03-28
1109,3,Maintenance,2020-03,789.41,2020-03-28
1110,3,Waste Management,2020-03,160.65,2020-03-28
1111,4,Rent,2020-03,6901.00,2020-03-28
1112,4,Electricity,2020-03,756.81,2020-03-28
1113,4,Water,2020-03,96.51,2020-03-28
1114,4,Internet,2020-03,215.27,2020-03-28
1115,4,Maintenance,2020-03,516.10,2020-03-28
1116,4,Waste Management,2020-03,130.12,2020-03-28
1117,5,Rent,2020-03,5356.00,2020-03-28
1118,5,Electricity,2020-03,577.86,2020-03-28
1119,5,Water,2020-03,78.92,2020-03-28
1120,5,Internet,2020-03,215.27,2020-03-28
1121,5,Maintenance,2020-03,509.54,2020-03-28
1122,5,Waste Management,2020-03,105.66,2020-03-28
1123,6,Rent,2020-03,7055.50,2020-03-28
1124,6,Electricity,2020-03,696.12,2020-03-28
1125,6,Water,2020-03,116.90,2020-03-28
1126,6,Internet,2020-03,215.27,2020-03-28
1127,6,Maintenance,2020-03,644.56,2020-03-28
1128,6,Waste Management,2020-03,141.32,2020-03-28
1129,7,Rent,2020-03,6077.00,2020-03-28
1130,7,Electricity,2020-03,606.37,2020-03-28
1131,7,Water,2020-03,90.39,2020-03-28
1132,7,Internet,2020-03,215.27,2020-03-28
1133,7,Maintenance,2020-03,423.17,2020-03-28
1134,7,Waste Management,2020-03,115.29,2020-03-28
1135,8,Rent,2020-03,6643.50,2020-03-28
1136,8,Electricity,2020-03,673.85,2020-03-28
1137,8,Water,2020-03,92.03,2020-03-28
1138,8,Internet,2020-03,215.27,2020-03-28
1139,8,Maintenance,2020-03,557.61,2020-03-28
1140,8,Waste Management,2020-03,126.01,2020-03-28
1141,9,Rent,2020-03,5201.50,2020-03-28
1142,9,Electricity,2020-03,558.20,2020-03-28
1143,9,Water,2020-03,86.37,2020-03-28
1144,9,Internet,2020-03,215.27,2020-03-28
1145,9,Maintenance,2020-03,456.81,2020-03-28
1146,9,Waste Management,2020-03,97.49,2020-03-28
1147,10,Rent,2020-03,6437.50,2020-03-28
1148,10,Electricity,2020-03,688.57,2020-03-28
1149,10,Water,2020-03,90.44,2020-03-28
1150,10,Internet,2020-03,215.27,2020-03-28
1151,10,Maintenance,2020-03,417.94,2020-03-28
1152,10,Waste Management,2020-03,126.03,2020-03-28
1153,11,Rent,2020-03,6180.00,2020-03-28
1154,11,Electricity,2020-03,659.02,2020-03-28
1155,11,Water,2020-03,86.62,2020-03-28
1156,11,Internet,2020-03,215.27,2020-03-28
1157,11,Maintenance,2020-03,621.44,2020-03-28
1158,11,Waste Management,2020-03,115.66,2020-03-28
1159,12,Rent,2020-03,4995.50,2020-03-28
1160,12,Electricity,2020-03,467.81,2020-03-28
1161,12,Water,2020-03,80.60,2020-03-28
1162,12,Internet,2020-03,215.27,2020-03-28
1163,12,Maintenance,2020-03,308.27,2020-03-28
1164,12,Waste Management,2020-03,93.87,2020-03-28
1165,13,Rent,2020-03,3399.00,2020-03-28
1166,13,Electricity,2020-03,328.11,2020-03-28
1167,13,Water,2020-03,47.66,2020-03-28
1168,13,Internet,2020-03,215.27,2020-03-28
1169,13,Maintenance,2020-03,243.06,2020-03-28
1170,13,Waste Management,2020-03,65.26,2020-03-28
1171,1,Rent,2020-04,9336.95,2020-04-28
1172,1,Electricity,2020-04,490.25,2020-04-28
1173,1,Water,2020-04,150.84,2020-04-28
1174,1,Internet,2020-04,215.27,2020-04-28
1175,1,Maintenance,2020-04,957.96,2020-04-28
1176,1,Waste Management,2020-04,200.32,2020-04-28
1177,2,Rent,2020-04,7173.95,2020-04-28
1178,2,Electricity,2020-04,345.68,2020-04-28
1179,2,Water,2020-04,116.41,2020-04-28
1180,2,Internet,2020-04,215.27,2020-04-28
1181,2,Maintenance,2020-04,744.55,2020-04-28
1182,2,Waste Management,2020-04,154.98,2020-04-28
1183,3,Rent,2020-04,5948.25,2020-04-28
1184,3,Electricity,2020-04,301.90,2020-04-28
1185,3,Water,2020-04,101.19,2020-04-28
1186,3,Internet,2020-04,215.27,2020-04-28
1187,3,Maintenance,2020-04,648.89,2020-04-28
1188,3,Waste Management,2020-04,131.23,2020-04-28
1189,4,Rent,2020-04,4830.70,2020-04-28
1190,4,Electricity,2020-04,236.89,2020-04-28
1191,4,Water,2020-04,76.60,2020-04-28
1192,4,Internet,2020-04,215.27,2020-04-28
1193,4,Maintenance,2020-04,442.71,2020-04-28
1194,4,Waste Management,2020-04,106.21,2020-04-28
1195,5,Rent,2020-04,3749.20,2020-04-28
1196,5,Electricity,2020-04,208.13,2020-04-28
1197,5,Water,2020-04,55.22,2020-04-28
1198,5,Internet,2020-04,215.27,2020-04-28
1199,5,Maintenance,2020-04,387.83,2020-04-28
1200,5,Waste Management,2020-04,80.05,2020-04-28
1201,6,Rent,2020-04,4938.85,2020-04-28
1202,6,Electricity,2020-04,270.96,2020-04-28
1203,6,Water,2020-04,77.07,2020-04-28
1204,6,Internet,2020-04,215.27,2020-04-28
1205,6,Maintenance,2020-04,563.05,2020-04-28
1206,6,Waste Management,2020-04,106.29,2020-04-28
1207,7,Rent,2020-04,4253.90,2020-04-28
1208,7,Electricity,2020-04,217.05,2020-04-28
1209,7,Water,2020-04,68.25,2020-04-28
1210,7,Internet,2020-04,215.27,2020-04-28
1211,7,Maintenance,2020-04,317.65,2020-04-28
1212,7,Waste Management,2020-04,96.58,2020-04-28
1213,8,Rent,2020-04,4650.45,2020-04-28
1214,8,Electricity,2020-04,246.21,2020-04-28
1215,8,Water,2020-04,74.61,2020-04-28
1216,8,Internet,2020-04,215.27,2020-04-28
1217,8,Maintenance,2020-04,484.95,2020-04-28
1218,8,Waste Management,2020-04,104.53,2020-04-28
1219,9,Rent,2020-04,3641.05,2020-04-28
1220,9,Electricity,2020-04,195.87,2020-04-28
1221,9,Water,2020-04,63.49,2020-04-28
1222,9,Internet,2020-04,215.27,2020-04-28
1223,9,Maintenance,2020-04,311.35,2020-04-28
1224,9,Waste Management,2020-04,81.65,2020-04-28
1225,10,Rent,2020-04,4506.25,2020-04-28
1226,10,Electricity,2020-04,222.40,2020-04-28
1227,10,Water,2020-04,77.98,2020-04-28
1228,10,Internet,2020-04,215.27,2020-04-28
1229,10,Maintenance,2020-04,437.63,2020-04-28
1230,10,Waste Management,2020-04,104.56,2020-04-28
1231,11,Rent,2020-04,4326.00,2020-04-28
1232,11,Electricity,2020-04,218.61,2020-04-28
1233,11,Water,2020-04,68.32,2020-04-28
1234,11,Internet,2020-04,215.27,2020-04-28
1235,11,Maintenance,2020-04,290.45,2020-04-28
1236,11,Waste Management,2020-04,92.06,2020-04-28
1237,12,Rent,2020-04,3496.85,2020-04-28
1238,12,Electricity,2020-04,174.63,2020-04-28
1239,12,Water,2020-04,57.61,2020-04-28
1240,12,Internet,2020-04,215.27,2020-04-28
1241,12,Maintenance,2020-04,404.99,2020-04-28
1242,12,Waste Management,2020-04,78.08,2020-04-28
1243,13,Rent,2020-04,2379.30,2020-04-28
1244,13,Electricity,2020-04,124.60,2020-04-28
1245,13,Water,2020-04,36.37,2020-04-28
1246,13,Internet,2020-04,215.27,2020-04-28
1247,13,Maintenance,2020-04,226.78,2020-04-28
1248,13,Waste Management,2020-04,51.68,2020-04-28
1249,1,Rent,2020-05,9336.95,2020-05-28
1250,1,Electricity,2020-05,743.32,2020-05-28
1251,1,Water,2020-05,154.62,2020-05-28
1252,1,Internet,2020-05,215.27,2020-05-28
1253,1,Maintenance,2020-05,812.39,2020-05-28
1254,1,Waste Management,2020-05,215.63,2020-05-28
1255,2,Rent,2020-05,7173.95,2020-05-28
1256,2,Electricity,2020-05,617.90,2020-05-28
1257,2,Water,2020-05,126.37,2020-05-28
1258,2,Internet,2020-05,215.27,2020-05-28
1259,2,Maintenance,2020-05,886.17,2020-05-28
1260,2,Waste Management,2020-05,170.41,2020-05-28
1261,3,Rent,2020-05,5948.25,2020-05-28
1262,3,Electricity,2020-05,484.96,2020-05-28
1263,3,Water,2020-05,107.23,2020-05-28
1264,3,Internet,2020-05,215.27,2020-05-28
1265,3,Maintenance,2020-05,492.81,2020-05-28
1266,3,Waste Management,2020-05,148.64,2020-05-28
1267,4,Rent,2020-05,4830.70,2020-05-28
1268,4,Electricity,2020-05,425.00,2020-05-28
1269,4,Water,2020-05,93.44,2020-05-28
1270,4,Internet,2020-05,215.27,2020-05-28
1271,4,Maintenance,2020-05,520.45,2020-05-28
1272,4,Waste Management,2020-05,118.93,2020-05-28
1273,5,Rent,2020-05,3749.20,2020-05-28
1274,5,Electricity,2020-05,306.83,2020-05-28
1275,5,Water,2020-05,63.56,2020-05-28
1276,5,Internet,2020-05,215.27,2020-05-28
1277,5,Maintenance,2020-05,413.20,2020-05-28
1278,5,Waste Management,2020-05,93.20,2020-05-28
1279,6,Rent,2020-05,4938.85,2020-05-28
1280,6,Electricity,2020-05,400.17,2020-05-28
1281,6,Water,2020-05,85.57,2020-05-28
1282,6,Internet,2020-05,215.27,2020-05-28
1283,6,Maintenance,2020-05,365.00,2020-05-28
1284,6,Waste Management,2020-05,116.38,2020-05-28
1285,7,Rent,2020-05,4253.90,2020-05-28
1286,7,Electricity,2020-05,341.76,2020-05-28
1287,7,Water,2020-05,68.90,2020-05-28
1288,7,Internet,2020-05,215.27,2020-05-28
1289,7,Maintenance,2020-05,378.33,2020-05-28
1290,7,Waste Management,2020-05,102.74,2020-05-28
1291,8,Rent,2020-05,4650.45,2020-05-28
1292,8,Electricity,2020-05,391.44,2020-05-28
1293,8,Water,2020-05,81.58,2020-05-28
1294,8,Internet,2020-05,215.27,2020-05-28
1295,8,Maintenance,2020-05,484.46,2020-05-28
1296,8,Waste Management,2020-05,116.89,2020-05-28
1297,9,Rent,2020-05,3641.05,2020-05-28
1298,9,Electricity,2020-05,295.69,2020-05-28
1299,9,Water,2020-05,60.68,2020-05-28
1300,9,Internet,2020-05,215.27,2020-05-28
1301,9,Maintenance,2020-05,417.18,2020-05-28
1302,9,Waste Management,2020-05,83.72,2020-05-28
1303,10,Rent,2020-05,4506.25,2020-05-28
1304,10,Electricity,2020-05,363.88,2020-05-28
1305,10,Water,2020-05,83.80,2020-05-28
1306,10,Internet,2020-05,215.27,2020-05-28
1307,10,Maintenance,2020-05,498.24,2020-05-28
1308,10,Waste Management,2020-05,108.35,2020-05-28
1309,11,Rent,2020-05,4326.00,2020-05-28
1310,11,Electricity,2020-05,373.71,2020-05-28
1311,11,Water,2020-05,76.80,2020-05-28
1312,11,Internet,2020-05,215.27,2020-05-28
1313,11,Maintenance,2020-05,389.55,2020-05-28
1314,11,Waste Management,2020-05,102.33,2020-05-28
1315,12,Rent,2020-05,3496.85,2020-05-28
1316,12,Electricity,2020-05,287.17,2020-05-28
1317,12,Water,2020-05,59.14,2020-05-28
1318,12,Internet,2020-05,215.27,2020-05-28
1319,12,Maintenance,2020-05,319.20,2020-05-28
1320,12,Waste Management,2020-05,84.09,2020-05-28
1321,13,Rent,2020-05,2379.30,2020-05-28
1322,13,Electricity,2020-05,184.99,2020-05-28
1323,13,Water,2020-05,41.91,2020-05-28
1324,13,Internet,2020-05,215.27,2020-05-28
1325,13,Maintenance,2020-05,252.85,2020-05-28
1326,13,Waste Management,2020-05,54.74,2020-05-28
1327,1,Rent,2020-06,13338.50,2020-06-28
1328,1,Electricity,2020-06,1914.70,2020-06-28
1329,1,Water,2020-06,219.74,2020-06-28
1330,1,Internet,2020-06,215.27,2020-06-28
1331,1,Maintenance,2020-06,1181.74,2020-06-28
1332,1,Waste Management,2020-06,280.95,2020-06-28
1333,2,Rent,2020-06,10248.50,2020-06-28
1334,2,Electricity,2020-06,1402.09,2020-06-28
1335,2,Water,2020-06,186.34,2020-06-28
1336,2,Internet,2020-06,215.27,2020-06-28
1337,2,Maintenance,2020-06,975.11,2020-06-28
1338,2,Waste Management,2020-06,216.61,2020-06-28
1339,3,Rent,2020-06,8497.50,2020-06-28
1340,3,Electricity,2020-06,1324.40,2020-06-28
1341,3,Water,2020-06,142.31,2020-06-28
1342,3,Internet,2020-06,215.27,2020-06-28
1343,3,Maintenance,2020-06,900.99,2020-06-28
1344,3,Waste Management,2020-06,187.05,2020-06-28
1345,4,Rent,2020-06,6901.00,2020-06-28
1346,4,Electricity,2020-06,1067.82,2020-06-28
1347,4,Water,2020-06,123.88,2020-06-28
1348,4,Internet,2020-06,215.27,2020-06-28
1349,4,Maintenance,2020-06,648.10,2020-06-28
1350,4,Waste Management,2020-06,148.30,2020-06-28
1351,5,Rent,2020-06,5356.00,2020-06-28
1352,5,Electricity,2020-06,835.28,2020-06-28
1353,5,Water,2020-06,103.73,2020-06-28
1354,5,Internet,2020-06,215.27,2020-06-28
1355,5,Maintenance,2020-06,547.00,2020-06-28
1356,5,Waste Management,2020-06,118.88,2020-06-28
1357,6,Rent,2020-06,7055.50,2020-06-28
1358,6,Electricity,2020-06,1002.04,2020-06-28
1359,6,Water,2020-06,122.59,2020-06-28
1360,6,Internet,2020-06,215.27,2020-06-28
1361,6,Maintenance,2020-06,486.24,2020-06-28
1362,6,Waste Management,2020-06,154.90,2020-06-28
1363,7,Rent,2020-06,6077.00,2020-06-28
1364,7,Electricity,2020-06,867.44,2020-06-28
1365,7,Water,2020-06,113.72,2020-06-28
1366,7,Internet,2020-06,215.27,2020-06-28
1367,7,Maintenance,2020-06,653.66,2020-06-28
1368,7,Waste Management,2020-06,129.47,2020-06-28
1369,8,Rent,2020-06,6643.50,2020-06-28
1370,8,Electricity,2020-06,936.31,2020-06-28
1371,8,Water,2020-06,111.04,2020-06-28
1372,8,Internet,2020-06,215.27,2020-06-28
1373,8,Maintenance,2020-06,519.95,2020-06-28
1374,8,Waste Management,2020-06,153.79,2020-06-28
1375,9,Rent,2020-06,5201.50,2020-06-28
1376,9,Electricity,2020-06,695.35,2020-06-28
1377,9,Water,2020-06,90.48,2020-06-28
1378,9,Internet,2020-06,215.27,2020-06-28
1379,9,Maintenance,2020-06,399.13,2020-06-28
1380,9,Waste Management,2020-06,120.32,2020-06-28
1381,10,Rent,2020-06,6437.50,2020-06-28
1382,10,Electricity,2020-06,994.89,2020-06-28
1383,10,Water,2020-06,103.64,2020-06-28
1384,10,Internet,2020-06,215.27,2020-06-28
1385,10,Maintenance,2020-06,470.15,2020-06-28
1386,10,Waste Management,2020-06,139.23,2020-06-28
1387,11,Rent,2020-06,6180.00,2020-06-28
1388,11,Electricity,2020-06,955.89,2020-06-28
1389,11,Water,2020-06,121.15,2020-06-28
1390,11,Internet,2020-06,215.27,2020-06-28
1391,11,Maintenance,2020-06,453.81,2020-06-28
1392,11,Waste Management,2020-06,139.99,2020-06-28
1393,12,Rent,2020-06,4995.50,2020-06-28
1394,12,Electricity,2020-06,752.92,2020-06-28
1395,12,Water,2020-06,86.01,2020-06-28
1396,12,Internet,2020-06,215.27,2020-06-28
1397,12,Maintenance,2020-06,519.08,2020-06-28
1398,12,Waste Management,2020-06,109.71,2020-06-28
1399,13,Rent,2020-06,3399.00,2020-06-28
1400,13,Electricity,2020-06,527.41,2020-06-28
1401,13,Water,2020-06,64.11,2020-06-28
1402,13,Internet,2020-06,215.27,2020-06-28
1403,13,Maintenance,2020-06,354.60,2020-06-28
1404,13,Waste Management,2020-06,77.19,2020-06-28
1405,1,Rent,2020-07,13338.50,2020-07-28
1406,1,Electricity,2020-07,1774.70,2020-07-28
1407,1,Water,2020-07,235.17,2020-07-28
1408,1,Internet,2020-07,215.27,2020-07-28
1409,1,Maintenance,2020-07,1478.48,2020-07-28
1410,1,Waste Management,2020-07,308.60,2020-07-28
1411,2,Rent,2020-07,10248.50,2020-07-28
1412,2,Electricity,2020-07,1240.10,2020-07-28
1413,2,Water,2020-07,184.31,2020-07-28
1414,2,Internet,2020-07,215.27,2020-07-28
1415,2,Maintenance,2020-07,757.65,2020-07-28
1416,2,Waste Management,2020-07,216.51,2020-07-28
1417,3,Rent,2020-07,8497.50,2020-07-28
1418,3,Electricity,2020-07,1175.59,2020-07-28
1419,3,Water,2020-07,138.59,2020-07-28
1420,3,Internet,2020-07,215.27,2020-07-28
1421,3,Maintenance,2020-07,733.12,2020-07-28
1422,3,Waste Management,2020-07,189.63,2020-07-28
1423,4,Rent,2020-07,6901.00,2020-07-28
1424,4,Electricity,2020-07,845.04,2020-07-28
1425,4,Water,2020-07,130.35,2020-07-28
1426,4,Internet,2020-07,215.27,2020-07-28
1427,4,Maintenance,2020-07,659.04,2020-07-28
1428,4,Waste Management,2020-07,157.94,2020-07-28
1429,5,Rent,2020-07,5356.00,2020-07-28
1430,5,Electricity,2020-07,669.78,2020-07-28
1431,5,Water,2020-07,97.49,2020-07-28
1432,5,Internet,2020-07,215.27,2020-07-28
1433,5,Maintenance,2020-07,537.86,2020-07-28
1434,5,Waste Management,2020-07,112.94,2020-07-28
1435,6,Rent,2020-07,7055.50,2020-07-28
1436,6,Electricity,2020-07,871.63,2020-07-28
1437,6,Water,2020-07,130.15,2020-07-28
1438,6,Internet,2020-07,215.27,2020-07-28
1439,6,Maintenance,2020-07,758.17,2020-07-28
1440,6,Waste Management,2020-07,162.53,2020-07-28
1441,7,Rent,2020-07,6077.00,2020-07-28
1442,7,Electricity,2020-07,791.35,2020-07-28
1443,7,Water,2020-07,105.44,2020-07-28
1444,7,Internet,2020-07,215.27,2020-07-28
1445,7,Maintenance,2020-07,412.09,2020-07-28
1446,7,Waste Management,2020-07,133.46,2020-07-28
1447,8,Rent,2020-07,6643.50,2020-07-28
1448,8,Electricity,2020-07,910.20,2020-07-28
1449,8,Water,2020-07,114.51,2020-07-28
1450,8,Internet,2020-07,215.27,2020-07-28
1451,8,Maintenance,2020-07,506.27,2020-07-28
1452,8,Waste Management,2020-07,141.74,2020-07-28
1453,9,Rent,2020-07,5201.50,2020-07-28
1454,9,Electricity,2020-07,708.26,2020-07-28
1455,9,Water,2020-07,101.46,2020-07-28
1456,9,Internet,2020-07,215.27,2020-07-28
1457,9,Maintenance,2020-07,572.93,2020-07-28
1458,9,Waste Management,2020-07,113.79,2020-07-28
1459,10,Rent,2020-07,6437.50,2020-07-28
1460,10,Electricity,2020-07,866.63,2020-07-28
1461,10,Water,2020-07,107.84,2020-07-28
1462,10,Internet,2020-07,215.27,2020-07-28
1463,10,Maintenance,2020-07,616.82,2020-07-28
1464,10,Waste Management,2020-07,144.92,2020-07-28
1465,11,Rent,2020-07,6180.00,2020-07-28
1466,11,Electricity,2020-07,865.43,2020-07-28
1467,11,Water,2020-07,117.39,2020-07-28
1468,11,Internet,2020-07,215.27,2020-07-28
1469,11,Maintenance,2020-07,551.18,2020-07-28
1470,11,Waste Management,2020-07,132.50,2020-07-28
1471,12,Rent,2020-07,4995.50,2020-07-28
1472,12,Electricity,2020-07,602.21,2020-07-28
1473,12,Water,2020-07,80.39,2020-07-28
1474,12,Internet,2020-07,215.27,2020-07-28
1475,12,Maintenance,2020-07,507.77,2020-07-28
1476,12,Waste Management,2020-07,114.44,2020-07-28
1477,13,Rent,2020-07,3399.00,2020-07-28
1478,13,Electricity,2020-07,419.15,2020-07-28
1479,13,Water,2020-07,57.18,2020-07-28
1480,13,Internet,2020-07,215.27,2020-07-28
1481,13,Maintenance,2020-07,284.09,2020-07-28
1482,13,Waste Management,2020-07,78.28,2020-07-28
1483,1,Rent,2020-08,13338.50,2020-08-28
1484,1,Electricity,2020-08,1631.59,2020-08-28
1485,1,Water,2020-08,255.44,2020-08-28
1486,1,Internet,2020-08,215.27,2020-08-28
1487,1,Maintenance,2020-08,1515.74,2020-08-28
1488,1,Waste Management,2020-08,281.99,2020-08-28
1489,2,Rent,2020-08,10248.50,2020-08-28
1490,2,Electricity,2020-08,1426.66,2020-08-28
1491,2,Water,2020-08,176.08,2020-08-28
1492,2,Internet,2020-08,215.27,2020-08-28
1493,2,Maintenance,2020-08,1065.15,2020-08-28
1494,2,Waste Management,2020-08,232.64,2020-08-28
1495,3,Rent,2020-08,8497.50,2020-08-28
1496,3,Electricity,2020-08,1144.92,2020-08-28
1497,3,Water,2020-08,161.31,2020-08-28
1498,3,Internet,2020-08,215.27,2020-08-28
1499,3,Maintenance,2020-08,626.89,2020-08-28
1500,3,Waste Management,2020-08,189.34,2020-08-28
1501,4,Rent,2020-08,6901.00,2020-08-28
1502,4,Electricity,2020-08,917.29,2020-08-28
1503,4,Water,2020-08,118.73,2020-08-28
1504,4,Internet,2020-08,215.27,2020-08-28
1505,4,Maintenance,2020-08,657.50,2020-08-28
1506,4,Waste Management,2020-08,145.34,2020-08-28
1507,5,Rent,2020-08,5356.00,2020-08-28
1508,5,Electricity,2020-08,712.63,2020-08-28
1509,5,Water,2020-08,86.56,2020-08-28
1510,5,Internet,2020-08,215.27,2020-08-28
1511,5,Maintenance,2020-08,558.97,2020-08-28
1512,5,Waste Management,2020-08,120.44,2020-08-28
1513,6,Rent,2020-08,7055.50,2020-08-28
1514,6,Electricity,2020-08,956.94,2020-08-28
1515,6,Water,2020-08,136.77,2020-08-28
1516,6,Internet,2020-08,215.27,2020-08-28
1517,6,Maintenance,2020-08,585.46,2020-08-28
1518,6,Waste Management,2020-08,156.30,2020-08-28
1519,7,Rent,2020-08,6077.00,2020-08-28
1520,7,Electricity,2020-08,803.94,2020-08-28
1521,7,Water,2020-08,97.86,2020-08-28
1522,7,Internet,2020-08,215.27,2020-08-28
1523,7,Maintenance,2020-08,660.17,2020-08-28
1524,7,Waste Management,2020-08,140.62,2020-08-28
1525,8,Rent,2020-08,6643.50,2020-08-28
1526,8,Electricity,2020-08,821.51,2020-08-28
1527,8,Water,2020-08,125.26,2020-08-28
1528,8,Internet,2020-08,215.27,2020-08-28
1529,8,Maintenance,2020-08,755.31,2020-08-28
1530,8,Waste Management,2020-08,142.01,2020-08-28
1531,9,Rent,2020-08,5201.50,2020-08-28
1532,9,Electricity,2020-08,670.59,2020-08-28
1533,9,Water,2020-08,94.31,2020-08-28
1534,9,Internet,2020-08,215.27,2020-08-28
1535,9,Maintenance,2020-08,386.94,2020-08-28
1536,9,Waste Management,2020-08,115.26,2020-08-28
1537,10,Rent,2020-08,6437.50,2020-08-28
1538,10,Electricity,2020-08,785.91,2020-08-28
1539,10,Water,2020-08,122.96,2020-08-28
1540,10,Internet,2020-08,215.27,2020-08-28
1541,10,Maintenance,2020-08,665.71,2020-08-28
1542,10,Waste Management,2020-08,148.04,2020-08-28
1543,11,Rent,2020-08,6180.00,2020-08-28
1544,11,Electricity,2020-08,785.74,2020-08-28
1545,11,Water,2020-08,102.03,2020-08-28
1546,11,Internet,2020-08,215.27,2020-08-28
1547,11,Maintenance,2020-08,471.82,2020-08-28
1548,11,Waste Management,2020-08,134.49,2020-08-28
1549,12,Rent,2020-08,4995.50,2020-08-28
1550,12,Electricity,2020-08,688.94,2020-08-28
1551,12,Water,2020-08,81.15,2020-08-28
1552,12,Internet,2020-08,215.27,2020-08-28
1553,12,Maintenance,2020-08,394.84,2020-08-28
1554,12,Waste Management,2020-08,110.34,2020-08-28
1555,13,Rent,2020-08,3399.00,2020-08-28
1556,13,Electricity,2020-08,442.97,2020-08-28
1557,13,Water,2020-08,58.02,2020-08-28
1558,13,Internet,2020-08,215.27,2020-08-28
1559,13,Maintenance,2020-08,327.53,2020-08-28
1560,13,Waste Management,2020-08,73.10,2020-08-28
1561,1,Rent,2020-09,13338.50,2020-09-28
1562,1,Electricity,2020-09,1717.48,2020-09-28
1563,1,Water,2020-09,222.47,2020-09-28
1564,1,Internet,2020-09,215.27,2020-09-28
1565,1,Maintenance,2020-09,916.96,2020-09-28
1566,1,Waste Management,2020-09,289.07,2020-09-28
1567,2,Rent,2020-09,10248.50,2020-09-28
1568,2,Electricity,2020-09,1417.77,2020-09-28
1569,2,Water,2020-09,183.15,2020-09-28
1570,2,Internet,2020-09,215.27,2020-09-28
1571,2,Maintenance,2020-09,729.04,2020-09-28
1572,2,Waste Management,2020-09,224.50,2020-09-28
1573,3,Rent,2020-09,8497.50,2020-09-28
1574,3,Electricity,2020-09,1026.33,2020-09-28
1575,3,Water,2020-09,161.66,2020-09-28
1576,3,Internet,2020-09,215.27,2020-09-28
1577,3,Maintenance,2020-09,796.66,2020-09-28
1578,3,Waste Management,2020-09,187.89,2020-09-28
1579,4,Rent,2020-09,6901.00,2020-09-28
1580,4,Electricity,2020-09,926.60,2020-09-28
1581,4,Water,2020-09,116.02,2020-09-28
1582,4,Internet,2020-09,215.27,2020-09-28
1583,4,Maintenance,2020-09,464.88,2020-09-28
1584,4,Waste Management,2020-09,147.43,2020-09-28
1585,5,Rent,2020-09,5356.00,2020-09-28
1586,5,Electricity,2020-09,747.08,2020-09-28
1587,5,Water,2020-09,97.43,2020-09-28
1588,5,Internet,2020-09,215.27,2020-09-28
1589,5,Maintenance,2020-09,413.06,2020-09-28
1590,5,Waste Management,2020-09,121.54,2020-09-28
1591,6,Rent,2020-09,7055.50,2020-09-28
1592,6,Electricity,2020-09,904.27,2020-09-28
1593,6,Water,2020-09,124.26,2020-09-28
1594,6,Internet,2020-09,215.27,2020-09-28
1595,6,Maintenance,2020-09,700.92,2020-09-28
1596,6,Waste Management,2020-09,159.29,2020-09-28
1597,7,Rent,2020-09,6077.00,2020-09-28
1598,7,Electricity,2020-09,772.91,2020-09-28
1599,7,Water,2020-09,112.38,2020-09-28
1600,7,Internet,2020-09,215.27,2020-09-28
1601,7,Maintenance,2020-09,539.02,2020-09-28
1602,7,Waste Management,2020-09,136.35,2020-09-28
1603,8,Rent,2020-09,6643.50,2020-09-28
1604,8,Electricity,2020-09,810.36,2020-09-28
1605,8,Water,2020-09,110.57,2020-09-28
1606,8,Internet,2020-09,215.27,2020-09-28
1607,8,Maintenance,2020-09,741.24,2020-09-28
1608,8,Waste Management,2020-09,153.51,2020-09-28
1609,9,Rent,2020-09,5201.50,2020-09-28
1610,9,Electricity,2020-09,669.99,2020-09-28
1611,9,Water,2020-09,95.14,2020-09-28
1612,9,Internet,2020-09,215.27,2020-09-28
1613,9,Maintenance,2020-09,595.91,2020-09-28
1614,9,Waste Management,2020-09,113.32,2020-09-28
1615,10,Rent,2020-09,6437.50,2020-09-28
1616,10,Electricity,2020-09,896.44,2020-09-28
1617,10,Water,2020-09,112.16,2020-09-28
1618,10,Internet,2020-09,215.27,2020-09-28
1619,10,Maintenance,2020-09,700.85,2020-09-28
1620,10,Waste Management,2020-09,138.84,2020-09-28
1621,11,Rent,2020-09,6180.00,2020-09-28
1622,11,Electricity,2020-09,788.69,2020-09-28
1623,11,Water,2020-09,114.49,2020-09-28
1624,11,Internet,2020-09,215.27,2020-09-28
1625,11,Maintenance,2020-09,516.21,2020-09-28
1626,11,Waste Management,2020-09,138.09,2020-09-28
1627,12,Rent,2020-09,4995.50,2020-09-28
1628,12,Electricity,2020-09,699.05,2020-09-28
1629,12,Water,2020-09,93.16,2020-09-28
1630,12,Internet,2020-09,215.27,2020-09-28
1631,12,Maintenance,2020-09,441.07,2020-09-28
1632,12,Waste Management,2020-09,108.88,2020-09-28
1633,13,Rent,2020-09,3399.00,2020-09-28
1634,13,Electricity,2020-09,412.43,2020-09-28
1635,13,Water,2020-09,55.20,2020-09-28
1636,13,Internet,2020-09,215.27,2020-09-28
1637,13,Maintenance,2020-09,327.89,2020-09-28
1638,13,Waste Management,2020-09,72.09,2020-09-28
1639,1,Rent,2020-10,13338.50,2020-10-28
1640,1,Electricity,2020-10,1601.57,2020-10-28
1641,1,Water,2020-10,260.85,2020-10-28
1642,1,Internet,2020-10,215.27,2020-10-28
1643,1,Maintenance,2020-10,1056.36,2020-10-28
1644,1,Waste Management,2020-10,309.87,2020-10-28
1645,2,Rent,2020-10,10248.50,2020-10-28
1646,2,Electricity,2020-10,1424.88,2020-10-28
1647,2,Water,2020-10,184.01,2020-10-28
1648,2,Internet,2020-10,215.27,2020-10-28
1649,2,Maintenance,2020-10,867.76,2020-10-28
1650,2,Waste Management,2020-10,232.05,2020-10-28
1651,3,Rent,2020-10,8497.50,2020-10-28
1652,3,Electricity,2020-10,1162.01,2020-10-28
1653,3,Water,2020-10,157.82,2020-10-28
1654,3,Internet,2020-10,215.27,2020-10-28
1655,3,Maintenance,2020-10,789.26,2020-10-28
1656,3,Waste Management,2020-10,196.66,2020-10-28
1657,4,Rent,2020-10,6901.00,2020-10-28
1658,4,Electricity,2020-10,861.29,2020-10-28
1659,4,Water,2020-10,132.58,2020-10-28
1660,4,Internet,2020-10,215.27,2020-10-28
1661,4,Maintenance,2020-10,603.85,2020-10-28
1662,4,Waste Management,2020-10,160.58,2020-10-28
1663,5,Rent,2020-10,5356.00,2020-10-28
1664,5,Electricity,2020-10,691.72,2020-10-28
1665,5,Water,2020-10,104.25,2020-10-28
1666,5,Internet,2020-10,215.27,2020-10-28
1667,5,Maintenance,2020-10,589.92,2020-10-28
1668,5,Waste Management,2020-10,116.12,2020-10-28
1669,6,Rent,2020-10,7055.50,2020-10-28
1670,6,Electricity,2020-10,910.86,2020-10-28
1671,6,Water,2020-10,113.46,2020-10-28
1672,6,Internet,2020-10,215.27,2020-10-28
1673,6,Maintenance,2020-10,584.65,2020-10-28
1674,6,Waste Management,2020-10,153.08,2020-10-28
1675,7,Rent,2020-10,6077.00,2020-10-28
1676,7,Electricity,2020-10,781.46,2020-10-28
1677,7,Water,2020-10,100.57,2020-10-28
1678,7,Internet,2020-10,215.27,2020-10-28
1679,7,Maintenance,2020-10,429.01,2020-10-28
1680,7,Waste Management,2020-10,128.06,2020-10-28
1681,8,Rent,2020-10,6643.50,2020-10-28
1682,8,Electricity,2020-10,823.16,2020-10-28
1683,8,Water,2020-10,125.21,2020-10-28
1684,8,Internet,2020-10,215.27,2020-10-28
1685,8,Maintenance,2020-10,698.90,2020-10-28
1686,8,Waste Management,2020-10,152.98,2020-10-28
1687,9,Rent,2020-10,5201.50,2020-10-28
1688,9,Electricity,2020-10,668.75,2020-10-28
1689,9,Water,2020-10,94.37,2020-10-28
1690,9,Internet,2020-10,215.27,2020-10-28
1691,9,Maintenance,2020-10,471.58,2020-10-28
1692,9,Waste Management,2020-10,117.35,2020-10-28
1693,10,Rent,2020-10,6437.50,2020-10-28
1694,10,Electricity,2020-10,806.13,2020-10-28
1695,10,Water,2020-10,107.38,2020-10-28
1696,10,Internet,2020-10,215.27,2020-10-28
1697,10,Maintenance,2020-10,713.20,2020-10-28
1698,10,Waste Management,2020-10,144.42,2020-10-28
1699,11,Rent,2020-10,6180.00,2020-10-28
1700,11,Electricity,2020-10,747.91,2020-10-28
1701,11,Water,2020-10,109.64,2020-10-28
1702,11,Internet,2020-10,215.27,2020-10-28
1703,11,Maintenance,2020-10,514.45,2020-10-28
1704,11,Waste Management,2020-10,133.58,2020-10-28
1705,12,Rent,2020-10,4995.50,2020-10-28
1706,12,Electricity,2020-10,598.24,2020-10-28
1707,12,Water,2020-10,91.87,2020-10-28
1708,12,Internet,2020-10,215.27,2020-10-28
1709,12,Maintenance,2020-10,367.86,2020-10-28
1710,12,Waste Management,2020-10,114.25,2020-10-28
1711,13,Rent,2020-10,3399.00,2020-10-28
1712,13,Electricity,2020-10,410.79,2020-10-28
1713,13,Water,2020-10,65.86,2020-10-28
1714,13,Internet,2020-10,215.27,2020-10-28
1715,13,Maintenance,2020-10,339.18,2020-10-28
1716,13,Waste Management,2020-10,72.33,2020-10-28
1717,1,Rent,2020-11,13338.50,2020-11-28
1718,1,Electricity,2020-11,1781.99,2020-11-28
1719,1,Water,2020-11,230.54,2020-11-28
1720,1,Internet,2020-11,215.27,2020-11-28
1721,1,Maintenance,2020-11,1542.66,2020-11-28
1722,1,Waste Management,2020-11,285.83,2020-11-28
1723,2,Rent,2020-11,10248.50,2020-11-28
1724,2,Electricity,2020-11,1335.07,2020-11-28
1725,2,Water,2020-11,186.00,2020-11-28
1726,2,Internet,2020-11,215.27,2020-11-28
1727,2,Maintenance,2020-11,752.20,2020-11-28
1728,2,Waste Management,2020-11,219.98,2020-11-28
1729,3,Rent,2020-11,8497.50,2020-11-28
1730,3,Electricity,2020-11,1035.55,2020-11-28
1731,3,Water,2020-11,136.95,2020-11-28
1732,3,Internet,2020-11,215.27,2020-11-28
1733,3,Maintenance,2020-11,618.66,2020-11-28
1734,3,Waste Management,2020-11,193.49,2020-11-28
1735,4,Rent,2020-11,6901.00,2020-11-28
1736,4,Electricity,2020-11,956.40,2020-11-28
1737,4,Water,2020-11,110.81,2020-11-28
1738,4,Internet,2020-11,215.27,2020-11-28
1739,4,Maintenance,2020-11,753.92,2020-11-28
1740,4,Waste Management,2020-11,160.57,2020-11-28
1741,5,Rent,2020-11,5356.00,2020-11-28
1742,5,Electricity,2020-11,731.92,2020-11-28
1743,5,Water,2020-11,86.97,2020-11-28
1744,5,Internet,2020-11,215.27,2020-11-28
1745,5,Maintenance,2020-11,398.26,2020-11-28
1746,5,Waste Management,2020-11,123.48,2020-11-28
1747,6,Rent,2020-11,7055.50,2020-11-28
1748,6,Electricity,2020-11,941.16,2020-11-28
1749,6,Water,2020-11,115.76,2020-11-28
1750,6,Internet,2020-11,215.27,2020-11-28
1751,6,Maintenance,2020-11,731.83,2020-11-28
1752,6,Waste Management,2020-11,150.03,2020-11-28
1753,7,Rent,2020-11,6077.00,2020-11-28
1754,7,Electricity,2020-11,737.63,2020-11-28
1755,7,Water,2020-11,118.90,2020-11-28
1756,7,Internet,2020-11,215.27,2020-11-28
1757,7,Maintenance,2020-11,506.17,2020-11-28
1758,7,Waste Management,2020-11,134.73,2020-11-28
1759,8,Rent,2020-11,6643.50,2020-11-28
1760,8,Electricity,2020-11,848.34,2020-11-28
1761,8,Water,2020-11,126.92,2020-11-28
1762,8,Internet,2020-11,215.27,2020-11-28
1763,8,Maintenance,2020-11,556.09,2020-11-28
1764,8,Waste Management,2020-11,149.03,2020-11-28
1765,9,Rent,2020-11,5201.50,2020-11-28
1766,9,Electricity,2020-11,728.63,2020-11-28
1767,9,Water,2020-11,96.75,2020-11-28
1768,9,Internet,2020-11,215.27,2020-11-28
1769,9,Maintenance,2020-11,526.01,2020-11-28
1770,9,Waste Management,2020-11,115.99,2020-11-28
1771,10,Rent,2020-11,6437.50,2020-11-28
1772,10,Electricity,2020-11,838.54,2020-11-28
1773,10,Water,2020-11,106.96,2020-11-28
1774,10,Internet,2020-11,215.27,2020-11-28
1775,10,Maintenance,2020-11,441.87,2020-11-28
1776,10,Waste Management,2020-11,135.96,2020-11-28
1777,11,Rent,2020-11,6180.00,2020-11-28
1778,11,Electricity,2020-11,763.45,2020-11-28
1779,11,Water,2020-11,116.46,2020-11-28
1780,11,Internet,2020-11,215.27,2020-11-28
1781,11,Maintenance,2020-11,686.04,2020-11-28
1782,11,Waste Management,2020-11,142.41,2020-11-28
1783,12,Rent,2020-11,4995.50,2020-11-28
1784,12,Electricity,2020-11,679.25,2020-11-28
1785,12,Water,2020-11,91.46,2020-11-28
1786,12,Internet,2020-11,215.27,2020-11-28
1787,12,Maintenance,2020-11,490.56,2020-11-28
1788,12,Waste Management,2020-11,114.27,2020-11-28
1789,13,Rent,2020-11,3399.00,2020-11-28
1790,13,Electricity,2020-11,463.28,2020-11-28
1791,13,Water,2020-11,63.53,2020-11-28
1792,13,Internet,2020-11,215.27,2020-11-28
1793,13,Maintenance,2020-11,275.47,2020-11-28
1794,13,Waste Management,2020-11,75.65,2020-11-28
1795,1,Rent,2020-12,13338.50,2020-12-28
1796,1,Electricity,2020-12,1859.53,2020-12-28
1797,1,Water,2020-12,251.85,2020-12-28
1798,1,Internet,2020-12,215.27,2020-12-28
1799,1,Maintenance,2020-12,1263.96,2020-12-28
1800,1,Waste Management,2020-12,299.77,2020-12-28
1801,2,Rent,2020-12,10248.50,2020-12-28
1802,2,Electricity,2020-12,1295.00,2020-12-28
1803,2,Water,2020-12,183.11,2020-12-28
1804,2,Internet,2020-12,215.27,2020-12-28
1805,2,Maintenance,2020-12,1081.81,2020-12-28
1806,2,Waste Management,2020-12,227.07,2020-12-28
1807,3,Rent,2020-12,8497.50,2020-12-28
1808,3,Electricity,2020-12,1137.86,2020-12-28
1809,3,Water,2020-12,165.88,2020-12-28
1810,3,Internet,2020-12,215.27,2020-12-28
1811,3,Maintenance,2020-12,775.53,2020-12-28
1812,3,Waste Management,2020-12,191.70,2020-12-28
1813,4,Rent,2020-12,6901.00,2020-12-28
1814,4,Electricity,2020-12,866.59,2020-12-28
1815,4,Water,2020-12,111.19,2020-12-28
1816,4,Internet,2020-12,215.27,2020-12-28
1817,4,Maintenance,2020-12,542.84,2020-12-28
1818,4,Waste Management,2020-12,159.97,2020-12-28
1819,5,Rent,2020-12,5356.00,2020-12-28
1820,5,Electricity,2020-12,745.70,2020-12-28
1821,5,Water,2020-12,102.56,2020-12-28
1822,5,Internet,2020-12,215.27,2020-12-28
1823,5,Maintenance,2020-12,603.01,2020-12-28
1824,5,Waste Management,2020-12,112.78,2020-12-28
1825,6,Rent,2020-12,7055.50,2020-12-28
1826,6,Electricity,2020-12,900.01,2020-12-28
1827,6,Water,2020-12,121.07,2020-12-28
1828,6,Internet,2020-12,215.27,2020-12-28
1829,6,Maintenance,2020-12,645.46,2020-12-28
1830,6,Waste Management,2020-12,160.91,2020-12-28
1831,7,Rent,2020-12,6077.00,2020-12-28
1832,7,Electricity,2020-12,816.68,2020-12-28
1833,7,Water,2020-12,118.47,2020-12-28
1834,7,Internet,2020-12,215.27,2020-12-28
1835,7,Maintenance,2020-12,575.14,2020-12-28
1836,7,Waste Management,2020-12,140.25,2020-12-28
1837,8,Rent,2020-12,6643.50,2020-12-28
1838,8,Electricity,2020-12,866.65,2020-12-28
1839,8,Water,2020-12,115.49,2020-12-28
1840,8,Internet,2020-12,215.27,2020-12-28
1841,8,Maintenance,2020-12,766.16,2020-12-28
1842,8,Waste Management,2020-12,143.73,2020-12-28
1843,9,Rent,2020-12,5201.50,2020-12-28
1844,9,Electricity,2020-12,707.79,2020-12-28
1845,9,Water,2020-12,84.69,2020-12-28
1846,9,Internet,2020-12,215.27,2020-12-28
1847,9,Maintenance,2020-12,595.55,2020-12-28
1848,9,Waste Management,2020-12,113.96,2020-12-28
1849,10,Rent,2020-12,6437.50,2020-12-28
1850,10,Electricity,2020-12,813.93,2020-12-28
1851,10,Water,2020-12,106.13,2020-12-28
1852,10,Internet,2020-12,215.27,2020-12-28
1853,10,Maintenance,2020-12,638.44,2020-12-28
1854,10,Waste Management,2020-12,143.80,2020-12-28
1855,11,Rent,2020-12,6180.00,2020-12-28
1856,11,Electricity,2020-12,863.04,2020-12-28
1857,11,Water,2020-12,99.88,2020-12-28
1858,11,Internet,2020-12,215.27,2020-12-28
1859,11,Maintenance,2020-12,421.71,2020-12-28
1860,11,Waste Management,2020-12,141.84,2020-12-28
1861,12,Rent,2020-12,4995.50,2020-12-28
1862,12,Electricity,2020-12,620.02,2020-12-28
1863,12,Water,2020-12,90.17,2020-12-28
1864,12,Internet,2020-12,215.27,2020-12-28
1865,12,Maintenance,2020-12,366.81,2020-12-28
1866,12,Waste Management,2020-12,108.03,2020-12-28
1867,13,Rent,2020-12,3399.00,2020-12-28
1868,13,Electricity,2020-12,472.16,2020-12-28
1869,13,Water,2020-12,65.22,2020-12-28
1870,13,Internet,2020-12,215.27,2020-12-28
1871,13,Maintenance,2020-12,318.45,2020-12-28
1872,13,Waste Management,2020-12,78.29,2020-12-28
1873,1,Rent,2021-01,13738.65,2021-01-28
1874,1,Electricity,2021-01,1837.56,2021-01-28
1875,1,Water,2021-01,242.64,2021-01-28
1876,1,Internet,2021-01,221.73,2021-01-28
1877,1,Maintenance,2021-01,1401.81,2021-01-28
1878,1,Waste Management,2021-01,306.42,2021-01-28
1879,2,Rent,2021-01,10555.95,2021-01-28
1880,2,Electricity,2021-01,1407.79,2021-01-28
1881,2,Water,2021-01,174.35,2021-01-28
1882,2,Internet,2021-01,221.73,2021-01-28
1883,2,Maintenance,2021-01,880.27,2021-01-28
1884,2,Waste Management,2021-01,232.78,2021-01-28
1885,3,Rent,2021-01,8752.42,2021-01-28
1886,3,Electricity,2021-01,1089.60,2021-01-28
1887,3,Water,2021-01,156.72,2021-01-28
1888,3,Internet,2021-01,221.73,2021-01-28
1889,3,Maintenance,2021-01,885.16,2021-01-28
1890,3,Waste Management,2021-01,193.43,2021-01-28
1891,4,Rent,2021-01,7108.03,2021-01-28
1892,4,Electricity,2021-01,896.28,2021-01-28
1893,4,Water,2021-01,137.16,2021-01-28
1894,4,Internet,2021-01,221.73,2021-01-28
1895,4,Maintenance,2021-01,681.23,2021-01-28
1896,4,Waste Management,2021-01,156.91,2021-01-28
1897,5,Rent,2021-01,5516.68,2021-01-28
1898,5,Electricity,2021-01,735.88,2021-01-28
1899,5,Water,2021-01,100.08,2021-01-28
1900,5,Internet,2021-01,221.73,2021-01-28
1901,5,Maintenance,2021-01,467.31,2021-01-28
1902,5,Waste Management,2021-01,116.31,2021-01-28
1903,6,Rent,2021-01,7267.16,2021-01-28
1904,6,Electricity,2021-01,1006.35,2021-01-28
1905,6,Water,2021-01,136.31,2021-01-28
1906,6,Internet,2021-01,221.73,2021-01-28
1907,6,Maintenance,2021-01,557.87,2021-01-28
1908,6,Waste Management,2021-01,153.51,2021-01-28
1909,7,Rent,2021-01,6259.31,2021-01-28
1910,7,Electricity,2021-01,778.19,2021-01-28
1911,7,Water,2021-01,117.25,2021-01-28
1912,7,Internet,2021-01,221.73,2021-01-28
1913,7,Maintenance,2021-01,620.89,2021-01-28
1914,7,Waste Management,2021-01,142.34,2021-01-28
1915,8,Rent,2021-01,6842.80,2021-01-28
1916,8,Electricity,2021-01,940.85,2021-01-28
1917,8,Water,2021-01,126.86,2021-01-28
1918,8,Internet,2021-01,221.73,2021-01-28
1919,8,Maintenance,2021-01,636.21,2021-01-28
1920,8,Waste Management,2021-01,153.88,2021-01-28
1921,9,Rent,2021-01,5357.55,2021-01-28
1922,9,Electricity,2021-01,657.58,2021-01-28
1923,9,Water,2021-01,91.26,2021-01-28
1924,9,Internet,2021-01,221.73,2021-01-28
1925,9,Maintenance,2021-01,445.09,2021-01-28
1926,9,Waste Management,2021-01,117.51,2021-01-28
1927,10,Rent,2021-01,6630.62,2021-01-28
1928,10,Electricity,2021-01,911.50,2021-01-28
1929,10,Water,2021-01,120.77,2021-01-28
1930,10,Internet,2021-01,221.73,2021-01-28
1931,10,Maintenance,2021-01,724.84,2021-01-28
1932,10,Waste Management,2021-01,146.05,2021-01-28
1933,11,Rent,2021-01,6365.40,2021-01-28
1934,11,Electricity,2021-01,761.96,2021-01-28
1935,11,Water,2021-01,120.25,2021-01-28
1936,11,Internet,2021-01,221.73,2021-01-28
1937,11,Maintenance,2021-01,441.68,2021-01-28
1938,11,Waste Management,2021-01,139.07,2021-01-28
1939,12,Rent,2021-01,5145.36,2021-01-28
1940,12,Electricity,2021-01,637.81,2021-01-28
1941,12,Water,2021-01,86.58,2021-01-28
1942,12,Internet,2021-01,221.73,2021-01-28
1943,12,Maintenance,2021-01,514.50,2021-01-28
1944,12,Waste Management,2021-01,116.76,2021-01-28
1945,13,Rent,2021-01,3500.97,2021-01-28
1946,13,Electricity,2021-01,433.64,2021-01-28
1947,13,Water,2021-01,61.10,2021-01-28
1948,13,Internet,2021-01,221.73,2021-01-28
1949,13,Maintenance,2021-01,336.76,2021-01-28
1950,13,Waste Management,2021-01,77.33,2021-01-28
1951,1,Rent,2021-02,13738.65,2021-02-28
1952,1,Electricity,2021-02,1697.10,2021-02-28
1953,1,Water,2021-02,236.82,2021-02-28
1954,1,Internet,2021-02,221.73,2021-02-28
1955,1,Maintenance,2021-02,948.60,2021-02-28
1956,1,Waste Management,2021-02,319.01,2021-02-28
1957,2,Rent,2021-02,10555.95,2021-02-28
1958,2,Electricity,2021-02,1358.48,2021-02-28
1959,2,Water,2021-02,190.99,2021-02-28
1960,2,Internet,2021-02,221.73,2021-02-28
1961,2,Maintenance,2021-02,784.24,2021-02-28
1962,2,Waste Management,2021-02,237.41,2021-02-28
1963,3,Rent,2021-02,8752.42,2021-02-28
1964,3,Electricity,2021-02,1182.14,2021-02-28
1965,3,Water,2021-02,144.46,2021-02-28
1966,3,Internet,2021-02,221.73,2021-02-28
1967,3,Maintenance,2021-02,1004.07,2021-02-28
1968,3,Waste Management,2021-02,202.79,2021-02-28
1969,4,Rent,2021-02,7108.03,2021-02-28
1970,4,Electricity,2021-02,966.20,2021-02-28
1971,4,Water,2021-02,134.39,2021-02-28
1972,4,Internet,2021-02,221.73,2021-02-28
1973,4,Maintenance,2021-02,761.78,2021-02-28
1974,4,Waste Management,2021-02,155.67,2021-02-28
1975,5,Rent,2021-02,5516.68,2021-02-28
1976,5,Electricity,2021-02,683.54,2021-02-28
1977,5,Water,2021-02,100.44,2021-02-28
1978,5,Internet,2021-02,221.73,2021-02-28
1979,5,Maintenance,2021-02,389.85,2021-02-28
1980,5,Waste Management,2021-02,123.84,2021-02-28
1981,6,Rent,2021-02,7267.16,2021-02-28
1982,6,Electricity,2021-02,876.48,2021-02-28
1983,6,Water,2021-02,134.96,2021-02-28
1984,6,Internet,2021-02,221.73,2021-02-28
1985,6,Maintenance,2021-02,624.36,2021-02-28
1986,6,Waste Management,2021-02,154.67,2021-02-28
1987,7,Rent,2021-02,6259.31,2021-02-28
1988,7,Electricity,2021-02,791.37,2021-02-28
1989,7,Water,2021-02,103.11,2021-02-28
1990,7,Internet,2021-02,221.73,2021-02-28
1991,7,Maintenance,2021-02,441.43,2021-02-28
1992,7,Waste Management,2021-02,141.39,2021-02-28
1993,8,Rent,2021-02,6842.80,2021-02-28
1994,8,Electricity,2021-02,887.11,2021-02-28
1995,8,Water,2021-02,122.59,2021-02-28
1996,8,Internet,2021-02,221.73,2021-02-28
1997,8,Maintenance,2021-02,538.70,2021-02-28
1998,8,Waste Management,2021-02,154.26,2021-02-28
1999,9,Rent,2021-02,5357.55,2021-02-28
2000,9,Electricity,2021-02,693.76,2021-02-28
2001,9,Water,2021-02,101.43,2021-02-28
2002,9,Internet,2021-02,221.73,2021-02-28
2003,9,Maintenance,2021-02,472.90,2021-02-28
2004,9,Waste Management,2021-02,115.78,2021-02-28
2005,10,Rent,2021-02,6630.62,2021-02-28
2006,10,Electricity,2021-02,894.84,2021-02-28
2007,10,Water,2021-02,117.79,2021-02-28
2008,10,Internet,2021-02,221.73,2021-02-28
2009,10,Maintenance,2021-02,730.15,2021-02-28
2010,10,Waste Management,2021-02,141.52,2021-02-28
2011,11,Rent,2021-02,6365.40,2021-02-28
2012,11,Electricity,2021-02,807.86,2021-02-28
2013,11,Water,2021-02,114.08,2021-02-28
2014,11,Internet,2021-02,221.73,2021-02-28
2015,11,Maintenance,2021-02,535.54,2021-02-28
2016,11,Waste Management,2021-02,141.04,2021-02-28
2017,12,Rent,2021-02,5145.36,2021-02-28
2018,12,Electricity,2021-02,700.18,2021-02-28
2019,12,Water,2021-02,89.78,2021-02-28
2020,12,Internet,2021-02,221.73,2021-02-28
2021,12,Maintenance,2021-02,582.72,2021-02-28
2022,12,Waste Management,2021-02,114.47,2021-02-28
2023,13,Rent,2021-02,3500.97,2021-02-28
2024,13,Electricity,2021-02,469.65,2021-02-28
2025,13,Water,2021-02,56.38,2021-02-28
2026,13,Internet,2021-02,221.73,2021-02-28
2027,13,Maintenance,2021-02,382.22,2021-02-28
2028,13,Waste Management,2021-02,79.24,2021-02-28
2029,1,Rent,2021-03,13738.65,2021-03-28
2030,1,Electricity,2021-03,2125.69,2021-03-28
2031,1,Water,2021-03,231.81,2021-03-28
2032,1,Internet,2021-03,221.73,2021-03-28
2033,1,Maintenance,2021-03,1189.73,2021-03-28
2034,1,Waste Management,2021-03,301.57,2021-03-28
2035,2,Rent,2021-03,10555.95,2021-03-28
2036,2,Electricity,2021-03,1457.85,2021-03-28
2037,2,Water,2021-03,193.23,2021-03-28
2038,2,Internet,2021-03,221.73,2021-03-28
2039,2,Maintenance,2021-03,866.61,2021-03-28
2040,2,Waste Management,2021-03,225.70,2021-03-28
2041,3,Rent,2021-03,8752.42,2021-03-28
2042,3,Electricity,2021-03,1285.95,2021-03-28
2043,3,Water,2021-03,160.31,2021-03-28
2044,3,Internet,2021-03,221.73,2021-03-28
2045,3,Maintenance,2021-03,702.67,2021-03-28
2046,3,Waste Management,2021-03,186.08,2021-03-28
2047,4,Rent,2021-03,7108.03,2021-03-28
2048,4,Electricity,2021-03,1050.03,2021-03-28
2049,4,Water,2021-03,131.24,2021-03-28
2050,4,Internet,2021-03,221.73,2021-03-28
2051,4,Maintenance,2021-03,781.49,2021-03-28
2052,4,Waste Management,2021-03,154.76,2021-03-28
2053,5,Rent,2021-03,5516.68,2021-03-28
2054,5,Electricity,2021-03,836.97,2021-03-28
2055,5,Water,2021-03,94.94,2021-03-28
2056,5,Internet,2021-03,221.73,2021-03-28
2057,5,Maintenance,2021-03,496.79,2021-03-28
2058,5,Waste Management,2021-03,118.48,2021-03-28
2059,6,Rent,2021-03,7267.16,2021-03-28
2060,6,Electricity,2021-03,976.38,2021-03-28
2061,6,Water,2021-03,130.89,2021-03-28
2062,6,Internet,2021-03,221.73,2021-03-28
2063,6,Maintenance,2021-03,502.27,2021-03-28
2064,6,Waste Management,2021-03,157.81,2021-03-28
2065,7,Rent,2021-03,6259.31,2021-03-28
2066,7,Electricity,2021-03,938.66,2021-03-28
2067,7,Water,2021-03,108.64,2021-03-28
2068,7,Internet,2021-03,221.73,2021-03-28
2069,7,Maintenance,2021-03,458.61,2021-03-28
2070,7,Waste Management,2021-03,140.86,2021-03-28
2071,8,Rent,2021-03,6842.80,2021-03-28
2072,8,Electricity,2021-03,1014.39,2021-03-28
2073,8,Water,2021-03,123.82,2021-03-28
2074,8,Internet,2021-03,221.73,2021-03-28
2075,8,Maintenance,2021-03,515.33,2021-03-28
2076,8,Waste Management,2021-03,152.32,2021-03-28
2077,9,Rent,2021-03,5357.55,2021-03-28
2078,9,Electricity,2021-03,758.12,2021-03-28
2079,9,Water,2021-03,94.27,2021-03-28
2080,9,Internet,2021-03,221.73,2021-03-28
2081,9,Maintenance,2021-03,397.85,2021-03-28
2082,9,Waste Management,2021-03,118.67,2021-03-28
2083,10,Rent,2021-03,6630.62,2021-03-28
2084,10,Electricity,2021-03,906.63,2021-03-28
2085,10,Water,2021-03,127.33,2021-03-28
2086,10,Internet,2021-03,221.73,2021-03-28
2087,10,Maintenance,2021-03,722.89,2021-03-28
2088,10,Waste Management,2021-03,147.99,2021-03-28
2089,11,Rent,2021-03,6365.40,2021-03-28
2090,11,Electricity,2021-03,977.33,2021-03-28
2091,11,Water,2021-03,124.75,2021-03-28
2092,11,Internet,2021-03,221.73,2021-03-28
2093,11,Maintenance,2021-03,618.47,2021-03-28
2094,11,Waste Management,2021-03,137.20,2021-03-28
2095,12,Rent,2021-03,5145.36,2021-03-28
2096,12,Electricity,2021-03,748.22,2021-03-28
2097,12,Water,2021-03,95.29,2021-03-28
2098,12,Internet,2021-03,221.73,2021-03-28
2099,12,Maintenance,2021-03,534.15,2021-03-28
2100,12,Waste Management,2021-03,108.82,2021-03-28
2101,13,Rent,2021-03,3500.97,2021-03-28
2102,13,Electricity,2021-03,487.88,2021-03-28
2103,13,Water,2021-03,63.24,2021-03-28
2104,13,Internet,2021-03,221.73,2021-03-28
2105,13,Maintenance,2021-03,295.76,2021-03-28
2106,13,Waste Management,2021-03,80.17,2021-03-28
2107,1,Rent,2021-04,13738.65,2021-04-28
2108,1,Electricity,2021-04,2073.81,2021-04-28
2109,1,Water,2021-04,224.77,2021-04-28
2110,1,Internet,2021-04,221.73,2021-04-28
2111,1,Maintenance,2021-04,1223.65,2021-04-28
2112,1,Waste Management,2021-04,304.49,2021-04-28
2113,2,Rent,2021-04,10555.95,2021-04-28
2114,2,Electricity,2021-04,1481.02,2021-04-28
2115,2,Water,2021-04,184.92,2021-04-28
2116,2,Internet,2021-04,221.73,2021-04-28
2117,2,Maintenance,2021-04,716.60,2021-04-28
2118,2,Waste Management,2021-04,240.19,2021-04-28
2119,3,Rent,2021-04,8752.42,2021-04-28
2120,3,Electricity,2021-04,1270.11,2021-04-28
2121,3,Water,2021-04,147.51,2021-04-28
2122,3,Internet,2021-04,221.73,2021-04-28
2123,3,Maintenance,2021-04,694.51,2021-04-28
2124,3,Waste Management,2021-04,198.68,2021-04-28
2125,4,Rent,2021-04,7108.03,2021-04-28
2126,4,Electricity,2021-04,1072.48,2021-04-28
2127,4,Water,2021-04,114.22,2021-04-28
2128,4,Internet,2021-04,221.73,2021-04-28
2129,4,Maintenance,2021-04,732.04,2021-04-28
2130,4,Waste Management,2021-04,159.88,2021-04-28
2131,5,Rent,2021-04,5516.68,2021-04-28
2132,5,Electricity,2021-04,754.59,2021-04-28
2133,5,Water,2021-04,95.63,2021-04-28
2134,5,Internet,2021-04,221.73,2021-04-28
2135,5,Maintenance,2021-04,564.26,2021-04-28
2136,5,Waste Management,2021-04,120.90,2021-04-28
2137,6,Rent,2021-04,7267.16,2021-04-28
2138,6,Electricity,2021-04,1097.70,2021-04-28
2139,6,Water,2021-04,137.68,2021-04-28
2140,6,Internet,2021-04,221.73,2021-04-28
2141,6,Maintenance,2021-04,751.78,2021-04-28
2142,6,Waste Management,2021-04,167.97,2021-04-28
2143,7,Rent,2021-04,6259.31,2021-04-28
2144,7,Electricity,2021-04,938.95,2021-04-28
2145,7,Water,2021-04,112.39,2021-04-28
2146,7,Internet,2021-04,221.73,2021-04-28
2147,7,Maintenance,2021-04,450.87,2021-04-28
2148,7,Waste Management,2021-04,145.16,2021-04-28
2149,8,Rent,2021-04,6842.80,2021-04-28
2150,8,Electricity,2021-04,1055.58,2021-04-28
2151,8,Water,2021-04,118.01,2021-04-28
2152,8,Internet,2021-04,221.73,2021-04-28
2153,8,Maintenance,2021-04,709.06,2021-04-28
2154,8,Waste Management,2021-04,157.86,2021-04-28
2155,9,Rent,2021-04,5357.55,2021-04-28
2156,9,Electricity,2021-04,805.44,2021-04-28
2157,9,Water,2021-04,101.55,2021-04-28
2158,9,Internet,2021-04,221.73,2021-04-28
2159,9,Maintenance,2021-04,384.99,2021-04-28
2160,9,Waste Management,2021-04,123.80,2021-04-28
2161,10,Rent,2021-04,6630.62,2021-04-28
2162,10,Electricity,2021-04,1030.11,2021-04-28
2163,10,Water,2021-04,120.74,2021-04-28
2164,10,Internet,2021-04,221.73,2021-04-28
2165,10,Maintenance,2021-04,733.66,2021-04-28
2166,10,Waste Management,2021-04,149.06,2021-04-28
2167,11,Rent,2021-04,6365.40,2021-04-28
2168,11,Electricity,2021-04,993.65,2021-04-28
2169,11,Water,2021-04,105.24,2021-04-28
2170,11,Internet,2021-04,221.73,2021-04-28
2171,11,Maintenance,2021-04,548.88,2021-04-28
2172,11,Waste Management,2021-04,144.31,2021-04-28
2173,12,Rent,2021-04,5145.36,2021-04-28
2174,12,Electricity,2021-04,748.11,2021-04-28
2175,12,Water,2021-04,85.86,2021-04-28
2176,12,Internet,2021-04,221.73,2021-04-28
2177,12,Maintenance,2021-04,544.08,2021-04-28
2178,12,Waste Management,2021-04,113.12,2021-04-28
2179,13,Rent,2021-04,3500.97,2021-04-28
2180,13,Electricity,2021-04,541.62,2021-04-28
2181,13,Water,2021-04,62.87,2021-04-28
2182,13,Internet,2021-04,221.73,2021-04-28
2183,13,Maintenance,2021-04,243.94,2021-04-28
2184,13,Waste Management,2021-04,77.28,2021-04-28
2185,1,Rent,2021-05,13738.65,2021-05-28
2186,1,Electricity,2021-05,1905.24,2021-05-28
2187,1,Water,2021-05,265.16,2021-05-28
2188,1,Internet,2021-05,221.73,2021-05-28
2189,1,Maintenance,2021-05,1339.90,2021-05-28
2190,1,Waste Management,2021-05,291.50,2021-05-28
2191,2,Rent,2021-05,10555.95,2021-05-28
2192,2,Electricity,2021-05,1456.78,2021-05-28
2193,2,Water,2021-05,203.77,2021-05-28
2194,2,Internet,2021-05,221.73,2021-05-28
2195,2,Maintenance,2021-05,830.05,2021-05-28
2196,2,Waste Management,2021-05,224.60,2021-05-28
2197,3,Rent,2021-05,8752.42,2021-05-28
2198,3,Electricity,2021-05,1267.99,2021-05-28
2199,3,Water,2021-05,164.11,2021-05-28
2200,3,Internet,2021-05,221.73,2021-05-28
2201,3,Maintenance,2021-05,864.58,2021-05-28
2202,3,Waste Management,2021-05,187.05,2021-05-28
2203,4,Rent,2021-05,7108.03,2021-05-28
2204,4,Electricity,2021-05,1112.21,2021-05-28
2205,4,Water,2021-05,132.09,2021-05-28
2206,4,Internet,2021-05,221.73,2021-05-28
2207,4,Maintenance,2021-05,496.59,2021-05-28
2208,4,Waste Management,2021-05,164.49,2021-05-28
2209,5,Rent,2021-05,5516.68,2021-05-28
2210,5,Electricity,2021-05,847.48,2021-05-28
2211,5,Water,2021-05,96.05,2021-05-28
2212,5,Internet,2021-05,221.73,2021-05-28
2213,5,Maintenance,2021-05,607.01,2021-05-28
2214,5,Waste Management,2021-05,125.93,2021-05-28
2215,6,Rent,2021-05,7267.16,2021-05-28
2216,6,Electricity,2021-05,1022.64,2021-05-28
2217,6,Water,2021-05,117.97,2021-05-28
2218,6,Internet,2021-05,221.73,2021-05-28
2219,6,Maintenance,2021-05,596.68,2021-05-28
2220,6,Waste Management,2021-05,168.13,2021-05-28
2221,7,Rent,2021-05,6259.31,2021-05-28
2222,7,Electricity,2021-05,966.51,2021-05-28
2223,7,Water,2021-05,121.38,2021-05-28
2224,7,Internet,2021-05,221.73,2021-05-28
2225,7,Maintenance,2021-05,707.71,2021-05-28
2226,7,Waste Management,2021-05,134.88,2021-05-28
2227,8,Rent,2021-05,6842.80,2021-05-28
2228,8,Electricity,2021-05,1066.28,2021-05-28
2229,8,Water,2021-05,116.18,2021-05-28
2230,8,Internet,2021-05,221.73,2021-05-28
2231,8,Maintenance,2021-05,543.98,2021-05-28
2232,8,Waste Management,2021-05,157.61,2021-05-28
2233,9,Rent,2021-05,5357.55,2021-05-28
2234,9,Electricity,2021-05,774.81,2021-05-28
2235,9,Water,2021-05,88.39,2021-05-28
2236,9,Internet,2021-05,221.73,2021-05-28
2237,9,Maintenance,2021-05,467.95,2021-05-28
2238,9,Waste Management,2021-05,116.86,2021-05-28
2239,10,Rent,2021-05,6630.62,2021-05-28
2240,10,Electricity,2021-05,973.45,2021-05-28
2241,10,Water,2021-05,115.79,2021-05-28
2242,10,Internet,2021-05,221.73,2021-05-28
2243,10,Maintenance,2021-05,637.87,2021-05-28
2244,10,Waste Management,2021-05,145.05,2021-05-28
2245,11,Rent,2021-05,6365.40,2021-05-28
2246,11,Electricity,2021-05,995.01,2021-05-28
2247,11,Water,2021-05,102.97,2021-05-28
2248,11,Internet,2021-05,221.73,2021-05-28
2249,11,Maintenance,2021-05,479.49,2021-05-28
2250,11,Waste Management,2021-05,147.82,2021-05-28
2251,12,Rent,2021-05,5145.36,2021-05-28
2252,12,Electricity,2021-05,786.23,2021-05-28
2253,12,Water,2021-05,91.78,2021-05-28
2254,12,Internet,2021-05,221.73,2021-05-28
2255,12,Maintenance,2021-05,542.33,2021-05-28
2256,12,Waste Management,2021-05,112.37,2021-05-28
2257,13,Rent,2021-05,3500.97,2021-05-28
2258,13,Electricity,2021-05,532.12,2021-05-28
2259,13,Water,2021-05,66.42,2021-05-28
2260,13,Internet,2021-05,221.73,2021-05-28
2261,13,Maintenance,2021-05,397.42,2021-05-28
2262,13,Waste Management,2021-05,78.05,2021-05-28
2263,1,Rent,2021-06,9617.06,2021-06-28
2264,1,Electricity,2021-06,473.95,2021-06-28
2265,1,Water,2021-06,160.38,2021-06-28
2266,1,Internet,2021-06,221.73,2021-06-28
2267,1,Maintenance,2021-06,1076.46,2021-06-28
2268,1,Waste Management,2021-06,223.29,2021-06-28
2269,2,Rent,2021-06,7389.17,2021-06-28
2270,2,Electricity,2021-06,357.56,2021-06-28
2271,2,Water,2021-06,124.52,2021-06-28
2272,2,Internet,2021-06,221.73,2021-06-28
2273,2,Maintenance,2021-06,578.20,2021-06-28
2274,2,Waste Management,2021-06,156.09,2021-06-28
2275,3,Rent,2021-06,6126.70,2021-06-28
2276,3,Electricity,2021-06,334.47,2021-06-28
2277,3,Water,2021-06,98.05,2021-06-28
2278,3,Internet,2021-06,221.73,2021-06-28
2279,3,Maintenance,2021-06,628.27,2021-06-28
2280,3,Waste Management,2021-06,140.83,2021-06-28
2281,4,Rent,2021-06,4975.62,2021-06-28
2282,4,Electricity,2021-06,274.50,2021-06-28
2283,4,Water,2021-06,71.85,2021-06-28
2284,4,Internet,2021-06,221.73,2021-06-28
2285,4,Maintenance,2021-06,498.62,2021-06-28
2286,4,Waste Management,2021-06,114.31,2021-06-28
2287,5,Rent,2021-06,3861.68,2021-06-28
2288,5,Electricity,2021-06,210.89,2021-06-28
2289,5,Water,2021-06,65.25,2021-06-28
2290,5,Internet,2021-06,221.73,2021-06-28
2291,5,Maintenance,2021-06,328.51,2021-06-28
2292,5,Waste Management,2021-06,84.81,2021-06-28
2293,6,Rent,2021-06,5087.02,2021-06-28
2294,6,Electricity,2021-06,274.14,2021-06-28
2295,6,Water,2021-06,81.88,2021-06-28
2296,6,Internet,2021-06,221.73,2021-06-28
2297,6,Maintenance,2021-06,426.16,2021-06-28
2298,6,Waste Management,2021-06,114.60,2021-06-28
2299,7,Rent,2021-06,4381.52,2021-06-28
2300,7,Electricity,2021-06,235.90,2021-06-28
2301,7,Water,2021-06,66.36,2021-06-28
2302,7,Internet,2021-06,221.73,2021-06-28
2303,7,Maintenance,2021-06,353.08,2021-06-28
2304,7,Waste Management,2021-06,96.86,2021-06-28
2305,8,Rent,2021-06,4789.96,2021-06-28
2306,8,Electricity,2021-06,249.12,2021-06-28
2307,8,Water,2021-06,76.29,2021-06-28
2308,8,Internet,2021-06,221.73,2021-06-28
2309,8,Maintenance,2021-06,518.38,2021-06-28
2310,8,Waste Management,2021-06,103.66,2021-06-28
2311,9,Rent,2021-06,3750.28,2021-06-28
2312,9,Electricity,2021-06,194.62,2021-06-28
2313,9,Water,2021-06,55.84,2021-06-28
2314,9,Internet,2021-06,221.73,2021-06-28
2315,9,Maintenance,2021-06,339.39,2021-06-28
2316,9,Waste Management,2021-06,83.54,2021-06-28
2317,10,Rent,2021-06,4641.44,2021-06-28
2318,10,Electricity,2021-06,259.44,2021-06-28
2319,10,Water,2021-06,73.00,2021-06-28
2320,10,Internet,2021-06,221.73,2021-06-28
2321,10,Maintenance,2021-06,468.01,2021-06-28
2322,10,Waste Management,2021-06,107.04,2021-06-28
2323,11,Rent,2021-06,4455.78,2021-06-28
2324,11,Electricity,2021-06,232.53,2021-06-28
2325,11,Water,2021-06,78.03,2021-06-28
2326,11,Internet,2021-06,221.73,2021-06-28
2327,11,Maintenance,2021-06,415.31,2021-06-28
2328,11,Waste Management,2021-06,98.76,2021-06-28
2329,12,Rent,2021-06,3601.76,2021-06-28
2330,12,Electricity,2021-06,190.03,2021-06-28
2331,12,Water,2021-06,54.79,2021-06-28
2332,12,Internet,2021-06,221.73,2021-06-28
2333,12,Maintenance,2021-06,329.83,2021-06-28
2334,12,Waste Management,2021-06,83.38,2021-06-28
2335,13,Rent,2021-06,2450.68,2021-06-28
2336,13,Electricity,2021-06,127.81,2021-06-28
2337,13,Water,2021-06,35.94,2021-06-28
2338,13,Internet,2021-06,221.73,2021-06-28
2339,13,Maintenance,2021-06,264.83,2021-06-28
2340,13,Waste Management,2021-06,53.36,2021-06-28
2341,1,Rent,2021-07,9617.06,2021-07-28
2342,1,Electricity,2021-07,431.37,2021-07-28
2343,1,Water,2021-07,150.85,2021-07-28
2344,1,Internet,2021-07,221.73,2021-07-28
2345,1,Maintenance,2021-07,1105.87,2021-07-28
2346,1,Waste Management,2021-07,216.24,2021-07-28
2347,2,Rent,2021-07,7389.17,2021-07-28
2348,2,Electricity,2021-07,358.11,2021-07-28
2349,2,Water,2021-07,119.91,2021-07-28
2350,2,Internet,2021-07,221.73,2021-07-28
2351,2,Maintenance,2021-07,835.47,2021-07-28
2352,2,Waste Management,2021-07,165.93,2021-07-28
2353,3,Rent,2021-07,6126.70,2021-07-28
2354,3,Electricity,2021-07,288.97,2021-07-28
2355,3,Water,2021-07,101.71,2021-07-28
2356,3,Internet,2021-07,221.73,2021-07-28
2357,3,Maintenance,2021-07,692.92,2021-07-28
2358,3,Waste Management,2021-07,132.83,2021-07-28
2359,4,Rent,2021-07,4975.62,2021-07-28
2360,4,Electricity,2021-07,246.72,2021-07-28
2361,4,Water,2021-07,84.07,2021-07-28
2362,4,Internet,2021-07,221.73,2021-07-28
2363,4,Maintenance,2021-07,394.27,2021-07-28
2364,4,Waste Management,2021-07,107.09,2021-07-28
2365,5,Rent,2021-07,3861.68,2021-07-28
2366,5,Electricity,2021-07,167.81,2021-07-28
2367,5,Water,2021-07,61.08,2021-07-28
2368,5,Internet,2021-07,221.73,2021-07-28
2369,5,Maintenance,2021-07,294.43,2021-07-28
2370,5,Waste Management,2021-07,84.91,2021-07-28
2371,6,Rent,2021-07,5087.02,2021-07-28
2372,6,Electricity,2021-07,222.31,2021-07-28
2373,6,Water,2021-07,81.70,2021-07-28
2374,6,Internet,2021-07,221.73,2021-07-28
2375,6,Maintenance,2021-07,501.31,2021-07-28
2376,6,Waste Management,2021-07,107.12,2021-07-28
2377,7,Rent,2021-07,4381.52,2021-07-28
2378,7,Electricity,2021-07,196.81,2021-07-28
2379,7,Water,2021-07,73.95,2021-07-28
2380,7,Internet,2021-07,221.73,2021-07-28
2381,7,Maintenance,2021-07,430.48,2021-07-28
2382,7,Waste Management,2021-07,100.40,2021-07-28
2383,8,Rent,2021-07,4789.96,2021-07-28
2384,8,Electricity,2021-07,228.50,2021-07-28
2385,8,Water,2021-07,68.84,2021-07-28
2386,8,Internet,2021-07,221.73,2021-07-28
2387,8,Maintenance,2021-07,519.53,2021-07-28
2388,8,Waste Management,2021-07,107.91,2021-07-28
2389,9,Rent,2021-07,3750.28,2021-07-28
2390,9,Electricity,2021-07,181.66,2021-07-28
2391,9,Water,2021-07,58.76,2021-07-28
2392,9,Internet,2021-07,221.73,2021-07-28
2393,9,Maintenance,2021-07,416.53,2021-07-28
2394,9,Waste Management,2021-07,84.80,2021-07-28
2395,10,Rent,2021-07,4641.44,2021-07-28
2396,10,Electricity,2021-07,209.18,2021-07-28
2397,10,Water,2021-07,70.25,2021-07-28
2398,10,Internet,2021-07,221.73,2021-07-28
2399,10,Maintenance,2021-07,357.65,2021-07-28
2400,10,Waste Management,2021-07,103.28,2021-07-28
2401,11,Rent,2021-07,4455.78,2021-07-28
2402,11,Electricity,2021-07,220.27,2021-07-28
2403,11,Water,2021-07,70.43,2021-07-28
2404,11,Internet,2021-07,221.73,2021-07-28
2405,11,Maintenance,2021-07,368.60,2021-07-28
2406,11,Waste Management,2021-07,98.15,2021-07-28
2407,12,Rent,2021-07,3601.76,2021-07-28
2408,12,Electricity,2021-07,165.28,2021-07-28
2409,12,Water,2021-07,58.97,2021-07-28
2410,12,Internet,2021-07,221.73,2021-07-28
2411,12,Maintenance,2021-07,387.01,2021-07-28
2412,12,Waste Management,2021-07,79.63,2021-07-28
2413,13,Rent,2021-07,2450.68,2021-07-28
2414,13,Electricity,2021-07,121.51,2021-07-28
2415,13,Water,2021-07,37.18,2021-07-28
2416,13,Internet,2021-07,221.73,2021-07-28
2417,13,Maintenance,2021-07,271.79,2021-07-28
2418,13,Waste Management,2021-07,53.86,2021-07-28
2419,1,Rent,2021-08,9617.06,2021-08-28
2420,1,Electricity,2021-08,522.63,2021-08-28
2421,1,Water,2021-08,168.26,2021-08-28
2422,1,Internet,2021-08,221.73,2021-08-28
2423,1,Maintenance,2021-08,969.95,2021-08-28
2424,1,Waste Management,2021-08,215.94,2021-08-28
2425,2,Rent,2021-08,7389.17,2021-08-28
2426,2,Electricity,2021-08,390.29,2021-08-28
2427,2,Water,2021-08,134.02,2021-08-28
2428,2,Internet,2021-08,221.73,2021-08-28
2429,2,Maintenance,2021-08,547.91,2021-08-28
2430,2,Waste Management,2021-08,174.32,2021-08-28
2431,3,Rent,2021-08,6126.70,2021-08-28
2432,3,Electricity,2021-08,336.56,2021-08-28
2433,3,Water,2021-08,110.43,2021-08-28
2434,3,Internet,2021-08,221.73,2021-08-28
2435,3,Maintenance,2021-08,602.48,2021-08-28
2436,3,Waste Management,2021-08,134.34,2021-08-28
2437,4,Rent,2021-08,4975.62,2021-08-28
2438,4,Electricity,2021-08,286.50,2021-08-28
2439,4,Water,2021-08,84.37,2021-08-28
2440,4,Internet,2021-08,221.73,2021-08-28
2441,4,Maintenance,2021-08,381.11,2021-08-28
2442,4,Waste Management,2021-08,117.11,2021-08-28
2443,5,Rent,2021-08,3861.68,2021-08-28
2444,5,Electricity,2021-08,209.61,2021-08-28
2445,5,Water,2021-08,69.49,2021-08-28
2446,5,Internet,2021-08,221.73,2021-08-28
2447,5,Maintenance,2021-08,394.96,2021-08-28
2448,5,Waste Management,2021-08,91.26,2021-08-28
2449,6,Rent,2021-08,5087.02,2021-08-28
2450,6,Electricity,2021-08,273.31,2021-08-28
2451,6,Water,2021-08,89.50,2021-08-28
2452,6,Internet,2021-08,221.73,2021-08-28
2453,6,Maintenance,2021-08,375.42,2021-08-28
2454,6,Waste Management,2021-08,121.03,2021-08-28
2455,7,Rent,2021-08,4381.52,2021-08-28
2456,7,Electricity,2021-08,258.75,2021-08-28
2457,7,Water,2021-08,77.21,2021-08-28
2458,7,Internet,2021-08,221.73,2021-08-28
2459,7,Maintenance,2021-08,360.01,2021-08-28
2460,7,Waste Management,2021-08,102.39,2021-08-28
2461,8,Rent,2021-08,4789.96,2021-08-28
2462,8,Electricity,2021-08,259.70,2021-08-28
2463,8,Water,2021-08,72.97,2021-08-28
2464,8,Internet,2021-08,221.73,2021-08-28
2465,8,Maintenance,2021-08,454.43,2021-08-28
2466,8,Waste Management,2021-08,105.50,2021-08-28
2467,9,Rent,2021-08,3750.28,2021-08-28
2468,9,Electricity,2021-08,197.19,2021-08-28
2469,9,Water,2021-08,59.86,2021-08-28
2470,9,Internet,2021-08,221.73,2021-08-28
2471,9,Maintenance,2021-08,433.51,2021-08-28
2472,9,Waste Management,2021-08,84.56,2021-08-28
2473,10,Rent,2021-08,4641.44,2021-08-28
2474,10,Electricity,2021-08,252.02,2021-08-28
2475,10,Water,2021-08,70.20,2021-08-28
2476,10,Internet,2021-08,221.73,2021-08-28
2477,10,Maintenance,2021-08,544.52,2021-08-28
2478,10,Waste Management,2021-08,107.13,2021-08-28
2479,11,Rent,2021-08,4455.78,2021-08-28
2480,11,Electricity,2021-08,256.53,2021-08-28
2481,11,Water,2021-08,69.81,2021-08-28
2482,11,Internet,2021-08,221.73,2021-08-28
2483,11,Maintenance,2021-08,332.02,2021-08-28
2484,11,Waste Management,2021-08,105.66,2021-08-28
2485,12,Rent,2021-08,3601.76,2021-08-28
2486,12,Electricity,2021-08,198.18,2021-08-28
2487,12,Water,2021-08,63.74,2021-08-28
2488,12,Internet,2021-08,221.73,2021-08-28
2489,12,Maintenance,2021-08,427.09,2021-08-28
2490,12,Waste Management,2021-08,79.62,2021-08-28
2491,13,Rent,2021-08,2450.68,2021-08-28
2492,13,Electricity,2021-08,129.90,2021-08-28
2493,13,Water,2021-08,38.40,2021-08-28
2494,13,Internet,2021-08,221.73,2021-08-28
2495,13,Maintenance,2021-08,278.59,2021-08-28
2496,13,Waste Management,2021-08,54.49,2021-08-28
2497,1,Rent,2021-09,13738.65,2021-09-28
2498,1,Electricity,2021-09,1752.68,2021-09-28
2499,1,Water,2021-09,234.32,2021-09-28
2500,1,Internet,2021-09,221.73,2021-09-28
2501,1,Maintenance,2021-09,1490.82,2021-09-28
2502,1,Waste Management,2021-09,302.91,2021-09-28
2503,2,Rent,2021-09,10555.95,2021-09-28
2504,2,Electricity,2021-09,1471.41,2021-09-28
2505,2,Water,2021-09,194.40,2021-09-28
2506,2,Internet,2021-09,221.73,2021-09-28
2507,2,Maintenance,2021-09,1222.66,2021-09-28
2508,2,Waste Management,2021-09,225.75,2021-09-28
2509,3,Rent,2021-09,8752.42,2021-09-28
2510,3,Electricity,2021-09,1113.26,2021-09-28
2511,3,Water,2021-09,165.70,2021-09-28
2512,3,Internet,2021-09,221.73,2021-09-28
2513,3,Maintenance,2021-09,960.44,2021-09-28
2514,3,Waste Management,2021-09,194.14,2021-09-28
2515,4,Rent,2021-09,7108.03,2021-09-28
2516,4,Electricity,2021-09,922.59,2021-09-28
2517,4,Water,2021-09,134.20,2021-09-28
2518,4,Internet,2021-09,221.73,2021-09-28
2519,4,Maintenance,2021-09,762.81,2021-09-28
2520,4,Waste Management,2021-09,160.64,2021-09-28
2521,5,Rent,2021-09,5516.68,2021-09-28
2522,5,Electricity,2021-09,727.43,2021-09-28
2523,5,Water,2021-09,101.64,2021-09-28
2524,5,Internet,2021-09,221.73,2021-09-28
2525,5,Maintenance,2021-09,479.98,2021-09-28
2526,5,Waste Management,2021-09,124.66,2021-09-28
2527,6,Rent,2021-09,7267.16,2021-09-28
2528,6,Electricity,2021-09,1004.01,2021-09-28
2529,6,Water,2021-09,139.10,2021-09-28
2530,6,Internet,2021-09,221.73,2021-09-28
2531,6,Maintenance,2021-09,707.04,2021-09-28
2532,6,Waste Management,2021-09,160.85,2021-09-28
2533,7,Rent,2021-09,6259.31,2021-09-28
2534,7,Electricity,2021-09,796.69,2021-09-28
2535,7,Water,2021-09,121.60,2021-09-28
2536,7,Internet,2021-09,221.73,2021-09-28
2537,7,Maintenance,2021-09,453.43,2021-09-28
2538,7,Waste Management,2021-09,137.41,2021-09-28
2539,8,Rent,2021-09,6842.80,2021-09-28
2540,8,Electricity,2021-09,922.95,2021-09-28
2541,8,Water,2021-09,119.60,2021-09-28
2542,8,Internet,2021-09,221.73,2021-09-28
2543,8,Maintenance,2021-09,621.02,2021-09-28
2544,8,Waste Management,2021-09,154.88,2021-09-28
2545,9,Rent,2021-09,5357.55,2021-09-28
2546,9,Electricity,2021-09,683.20,2021-09-28
2547,9,Water,2021-09,104.95,2021-09-28
2548,9,Internet,2021-09,221.73,2021-09-28
2549,9,Maintenance,2021-09,368.09,2021-09-28
2550,9,Waste Management,2021-09,115.40,2021-09-28
2551,10,Rent,2021-09,6630.62,2021-09-28
2552,10,Electricity,2021-09,877.52,2021-09-28
2553,10,Water,2021-09,107.27,2021-09-28
2554,10,Internet,2021-09,221.73,2021-09-28
2555,10,Maintenance,2021-09,506.10,2021-09-28
2556,10,Waste Management,2021-09,151.81,2021-09-28
2557,11,Rent,2021-09,6365.40,2021-09-28
2558,11,Electricity,2021-09,804.17,2021-09-28
2559,11,Water,2021-09,107.71,2021-09-28
2560,11,Internet,2021-09,221.73,2021-09-28
2561,11,Maintenance,2021-09,702.55,2021-09-28
2562,11,Waste Management,2021-09,143.25,2021-09-28
2563,12,Rent,2021-09,5145.36,2021-09-28
2564,12,Electricity,2021-09,682.69,2021-09-28
2565,12,Water,2021-09,98.05,2021-09-28
2566,12,Internet,2021-09,221.73,2021-09-28
2567,12,Maintenance,2021-09,390.39,2021-09-28
2568,12,Waste Management,2021-09,117.74,2021-09-28
2569,13,Rent,2021-09,3500.97,2021-09-28
2570,13,Electricity,2021-09,448.22,2021-09-28
2571,13,Water,2021-09,68.17,2021-09-28
2572,13,Internet,2021-09,221.73,2021-09-28
2573,13,Maintenance,2021-09,336.78,2021-09-28
2574,13,Waste Management,2021-09,75.70,2021-09-28
2575,1,Rent,2021-10,13738.65,2021-10-28
2576,1,Electricity,2021-10,1844.94,2021-10-28
2577,1,Water,2021-10,262.57,2021-10-28
2578,1,Internet,2021-10,221.73,2021-10-28
2579,1,Maintenance,2021-10,1252.27,2021-10-28
2580,1,Waste Management,2021-10,299.36,2021-10-28
2581,2,Rent,2021-10,10555.95,2021-10-28
2582,2,Electricity,2021-10,1389.41,2021-10-28
2583,2,Water,2021-10,199.67,2021-10-28
2584,2,Internet,2021-10,221.73,2021-10-28
2585,2,Maintenance,2021-10,986.66,2021-10-28
2586,2,Waste Management,2021-10,229.35,2021-10-28
2587,3,Rent,2021-10,8752.42,2021-10-28
2588,3,Electricity,2021-10,1061.76,2021-10-28
2589,3,Water,2021-10,155.36,2021-10-28
2590,3,Internet,2021-10,221.73,2021-10-28
2591,3,Maintenance,2021-10,948.14,2021-10-28
2592,3,Waste Management,2021-10,188.78,2021-10-28
2593,4,Rent,2021-10,7108.03,2021-10-28
2594,4,Electricity,2021-10,903.74,2021-10-28
2595,4,Water,2021-10,120.99,2021-10-28
2596,4,Internet,2021-10,221.73,2021-10-28
2597,4,Maintenance,2021-10,548.83,2021-10-28
2598,4,Waste Management,2021-10,149.89,2021-10-28
2599,5,Rent,2021-10,5516.68,2021-10-28
2600,5,Electricity,2021-10,766.29,2021-10-28
2601,5,Water,2021-10,97.81,2021-10-28
2602,5,Internet,2021-10,221.73,2021-10-28
2603,5,Maintenance,2021-10,401.89,2021-10-28
2604,5,Waste Management,2021-10,126.03,2021-10-28
2605,6,Rent,2021-10,7267.16,2021-10-28
2606,6,Electricity,2021-10,1006.03,2021-10-28
2607,6,Water,2021-10,127.97,2021-10-28
2608,6,Internet,2021-10,221.73,2021-10-28
2609,6,Maintenance,2021-10,696.50,2021-10-28
2610,6,Waste Management,2021-10,154.71,2021-10-28
2611,7,Rent,2021-10,6259.31,2021-10-28
2612,7,Electricity,2021-10,821.98,2021-10-28
2613,7,Water,2021-10,110.74,2021-10-28
2614,7,Internet,2021-10,221.73,2021-10-28
2615,7,Maintenance,2021-10,444.05,2021-10-28
2616,7,Waste Management,2021-10,140.29,2021-10-28
2617,8,Rent,2021-10,6842.80,2021-10-28
2618,8,Electricity,2021-10,866.52,2021-10-28
2619,8,Water,2021-10,112.53,2021-10-28
2620,8,Internet,2021-10,221.73,2021-10-28
2621,8,Maintenance,2021-10,699.06,2021-10-28
2622,8,Waste Management,2021-10,153.57,2021-10-28
2623,9,Rent,2021-10,5357.55,2021-10-28
2624,9,Electricity,2021-10,702.93,2021-10-28
2625,9,Water,2021-10,91.77,2021-10-28
2626,9,Internet,2021-10,221.73,2021-10-28
2627,9,Maintenance,2021-10,601.14,2021-10-28
2628,9,Waste Management,2021-10,115.50,2021-10-28
2629,10,Rent,2021-10,6630.62,2021-10-28
2630,10,Electricity,2021-10,832.82,2021-10-28
2631,10,Water,2021-10,129.88,2021-10-28
2632,10,Internet,2021-10,221.73,2021-10-28
2633,10,Maintenance,2021-10,645.53,2021-10-28
2634,10,Waste Management,2021-10,146.77,2021-10-28
2635,11,Rent,2021-10,6365.40,2021-10-28
2636,11,Electricity,2021-10,811.84,2021-10-28
2637,11,Water,2021-10,109.00,2021-10-28
2638,11,Internet,2021-10,221.73,2021-10-28
2639,11,Maintenance,2021-10,482.21,2021-10-28
2640,11,Waste Management,2021-10,142.32,2021-10-28
2641,12,Rent,2021-10,5145.36,2021-10-28
2642,12,Electricity,2021-10,635.37,2021-10-28
2643,12,Water,2021-10,93.31,2021-10-28
2644,12,Internet,2021-10,221.73,2021-10-28
2645,12,Maintenance,2021-10,454.76,2021-10-28
2646,12,Waste Management,2021-10,111.24,2021-10-28
2647,13,Rent,2021-10,3500.97,2021-10-28
2648,13,Electricity,2021-10,471.11,2021-10-28
2649,13,Water,2021-10,59.08,2021-10-28
2650,13,Internet,2021-10,221.73,2021-10-28
2651,13,Maintenance,2021-10,313.42,2021-10-28
2652,13,Waste Management,2021-10,81.30,2021-10-28
2653,1,Rent,2021-11,13738.65,2021-11-28
2654,1,Electricity,2021-11,1678.61,2021-11-28
2655,1,Water,2021-11,226.42,2021-11-28
2656,1,Internet,2021-11,221.73,2021-11-28
2657,1,Maintenance,2021-11,1518.62,2021-11-28
2658,1,Waste Management,2021-11,315.31,2021-11-28
2659,2,Rent,2021-11,10555.95,2021-11-28
2660,2,Electricity,2021-11,1274.21,2021-11-28
2661,2,Water,2021-11,198.00,2021-11-28
2662,2,Internet,2021-11,221.73,2021-11-28
2663,2,Maintenance,2021-11,1033.43,2021-11-28
2664,2,Waste Management,2021-11,232.83,2021-11-28
2665,3,Rent,2021-11,8752.42,2021-11-28
2666,3,Electricity,2021-11,1103.68,2021-11-28
2667,3,Water,2021-11,160.66,2021-11-28
2668,3,Internet,2021-11,221.73,2021-11-28
2669,3,Maintenance,2021-11,944.23,2021-11-28
2670,3,Waste Management,2021-11,186.41,2021-11-28
2671,4,Rent,2021-11,7108.03,2021-11-28
2672,4,Electricity,2021-11,938.26,2021-11-28
2673,4,Water,2021-11,120.26,2021-11-28
2674,4,Internet,2021-11,221.73,2021-11-28
2675,4,Maintenance,2021-11,768.00,2021-11-28
2676,4,Waste Management,2021-11,155.30,2021-11-28
2677,5,Rent,2021-11,5516.68,2021-11-28
2678,5,Electricity,2021-11,744.60,2021-11-28
2679,5,Water,2021-11,105.47,2021-11-28
2680,5,Internet,2021-11,221.73,2021-11-28
2681,5,Maintenance,2021-11,415.35,2021-11-28
2682,5,Waste Management,2021-11,128.09,2021-11-28
2683,6,Rent,2021-11,7267.16,2021-11-28
2684,6,Electricity,2021-11,937.82,2021-11-28
2685,6,Water,2021-11,119.23,2021-11-28
2686,6,Internet,2021-11,221.73,2021-11-28
2687,6,Maintenance,2021-11,608.32,2021-11-28
2688,6,Waste Management,2021-11,168.05,2021-11-28
2689,7,Rent,2021-11,6259.31,2021-11-28
2690,7,Electricity,2021-11,755.45,2021-11-28
2691,7,Water,2021-11,103.28,2021-11-28
2692,7,Internet,2021-11,221.73,2021-11-28
2693,7,Maintenance,2021-11,421.16,2021-11-28
2694,7,Waste Management,2021-11,144.91,2021-11-28
2695,8,Rent,2021-11,6842.80,2021-11-28
2696,8,Electricity,2021-11,888.18,2021-11-28
2697,8,Water,2021-11,131.78,2021-11-28
2698,8,Internet,2021-11,221.73,2021-11-28
2699,8,Maintenance,2021-11,578.38,2021-11-28
2700,8,Waste Management,2021-11,150.58,2021-11-28
2701,9,Rent,2021-11,5357.55,2021-11-28
2702,9,Electricity,2021-11,677.77,2021-11-28
2703,9,Water,2021-11,92.86,2021-11-28
2704,9,Internet,2021-11,221.73,2021-11-28
2705,9,Maintenance,2021-11,598.81,2021-11-28
2706,9,Waste Management,2021-11,118.72,2021-11-28
2707,10,Rent,2021-11,6630.62,2021-11-28
2708,10,Electricity,2021-11,911.36,2021-11-28
2709,10,Water,2021-11,109.49,2021-11-28
2710,10,Internet,2021-11,221.73,2021-11-28
2711,10,Maintenance,2021-11,470.69,2021-11-28
2712,10,Waste Management,2021-11,149.41,2021-11-28
2713,11,Rent,2021-11,6365.40,2021-11-28
2714,11,Electricity,2021-11,787.49,2021-11-28
2715,11,Water,2021-11,105.77,2021-11-28
2716,11,Internet,2021-11,221.73,2021-11-28
2717,11,Maintenance,2021-11,671.94,2021-11-28
2718,11,Waste Management,2021-11,136.76,2021-11-28
2719,12,Rent,2021-11,5145.36,2021-11-28
2720,12,Electricity,2021-11,664.67,2021-11-28
2721,12,Water,2021-11,84.16,2021-11-28
2722,12,Internet,2021-11,221.73,2021-11-28
2723,12,Maintenance,2021-11,352.11,2021-11-28
2724,12,Waste Management,2021-11,111.99,2021-11-28
2725,13,Rent,2021-11,3500.97,2021-11-28
2726,13,Electricity,2021-11,441.40,2021-11-28
2727,13,Water,2021-11,59.28,2021-11-28
2728,13,Internet,2021-11,221.73,2021-11-28
2729,13,Maintenance,2021-11,339.25,2021-11-28
2730,13,Waste Management,2021-11,73.96,2021-11-28
2731,1,Rent,2021-12,13738.65,2021-12-28
2732,1,Electricity,2021-12,1782.57,2021-12-28
2733,1,Water,2021-12,260.19,2021-12-28
2734,1,Internet,2021-12,221.73,2021-12-28
2735,1,Maintenance,2021-12,1556.81,2021-12-28
2736,1,Waste Management,2021-12,300.72,2021-12-28
2737,2,Rent,2021-12,10555.95,2021-12-28
2738,2,Electricity,2021-12,1424.16,2021-12-28
2739,2,Water,2021-12,175.67,2021-12-28
2740,2,Internet,2021-12,221.73,2021-12-28
2741,2,Maintenance,2021-12,1068.21,2021-12-28
2742,2,Waste Management,2021-12,242.62,2021-12-28
2743,3,Rent,2021-12,8752.42,2021-12-28
2744,3,Electricity,2021-12,1150.03,2021-12-28
2745,3,Water,2021-12,148.15,2021-12-28
2746,3,Internet,2021-12,221.73,2021-12-28
2747,3,Maintenance,2021-12,933.94,2021-12-28
2748,3,Waste Management,2021-12,200.05,2021-12-28
2749,4,Rent,2021-12,7108.03,2021-12-28
2750,4,Electricity,2021-12,968.65,2021-12-28
2751,4,Water,2021-12,136.49,2021-12-28
2752,4,Internet,2021-12,221.73,2021-12-28
2753,4,Maintenance,2021-12,501.27,2021-12-28
2754,4,Waste Management,2021-12,163.03,2021-12-28
2755,5,Rent,2021-12,5516.68,2021-12-28
2756,5,Electricity,2021-12,765.48,2021-12-28
2757,5,Water,2021-12,96.98,2021-12-28
2758,5,Internet,2021-12,221.73,2021-12-28
2759,5,Maintenance,2021-12,536.38,2021-12-28
2760,5,Waste Management,2021-12,126.30,2021-12-28
2761,6,Rent,2021-12,7267.16,2021-12-28
2762,6,Electricity,2021-12,1005.19,2021-12-28
2763,6,Water,2021-12,121.98,2021-12-28
2764,6,Internet,2021-12,221.73,2021-12-28
2765,6,Maintenance,2021-12,499.05,2021-12-28
2766,6,Waste Management,2021-12,168.71,2021-12-28
2767,7,Rent,2021-12,6259.31,2021-12-28
2768,7,Electricity,2021-12,861.55,2021-12-28
2769,7,Water,2021-12,115.83,2021-12-28
2770,7,Internet,2021-12,221.73,2021-12-28
2771,7,Maintenance,2021-12,455.16,2021-12-28
2772,7,Waste Management,2021-12,136.09,2021-12-28
2773,8,Rent,2021-12,6842.80,2021-12-28
2774,8,Electricity,2021-12,938.46,2021-12-28
2775,8,Water,2021-12,111.62,2021-12-28
2776,8,Internet,2021-12,221.73,2021-12-28
2777,8,Maintenance,2021-12,615.01,2021-12-28
2778,8,Waste Management,2021-12,155.28,2021-12-28
2779,9,Rent,2021-12,5357.55,2021-12-28
2780,9,Electricity,2021-12,662.13,2021-12-28
2781,9,Water,2021-12,93.60,2021-12-28
2782,9,Internet,2021-12,221.73,2021-12-28
2783,9,Maintenance,2021-12,409.29,2021-12-28
2784,9,Waste Management,2021-12,117.74,2021-12-28
2785,10,Rent,2021-12,6630.62,2021-12-28
2786,10,Electricity,2021-12,917.70,2021-12-28
2787,10,Water,2021-12,118.55,2021-12-28
2788,10,Internet,2021-12,221.73,2021-12-28
2789,10,Maintenance,2021-12,477.14,2021-12-28
2790,10,Waste Management,2021-12,153.25,2021-12-28
2791,11,Rent,2021-12,6365.40,2021-12-28
2792,11,Electricity,2021-12,849.32,2021-12-28
2793,11,Water,2021-12,122.40,2021-12-28
2794,11,Internet,2021-12,221.73,2021-12-28
2795,11,Maintenance,2021-12,655.23,2021-12-28
2796,11,Waste Management,2021-12,136.55,2021-12-28
2797,12,Rent,2021-12,5145.36,2021-12-28
2798,12,Electricity,2021-12,677.23,2021-12-28
2799,12,Water,2021-12,84.12,2021-12-28
2800,12,Internet,2021-12,221.73,2021-12-28
2801,12,Maintenance,2021-12,558.49,2021-12-28
2802,12,Waste Management,2021-12,113.31,2021-12-28
2803,13,Rent,2021-12,3500.97,2021-12-28
2804,13,Electricity,2021-12,458.14,2021-12-28
2805,13,Water,2021-12,65.19,2021-12-28
2806,13,Internet,2021-12,221.73,2021-12-28
2807,13,Maintenance,2021-12,256.72,2021-12-28
2808,13,Waste Management,2021-12,74.92,2021-12-28
2809,1,Rent,2022-01,14150.81,2022-01-28
2810,1,Electricity,2022-01,1902.90,2022-01-28
2811,1,Water,2022-01,263.41,2022-01-28
2812,1,Internet,2022-01,228.38,2022-01-28
2813,1,Maintenance,2022-01,1598.37,2022-01-28
2814,1,Waste Management,2022-01,328.33,2022-01-28
2815,2,Rent,2022-01,10872.63,2022-01-28
2816,2,Electricity,2022-01,1428.40,2022-01-28
2817,2,Water,2022-01,180.33,2022-01-28
2818,2,Internet,2022-01,228.38,2022-01-28
2819,2,Maintenance,2022-01,1174.43,2022-01-28
2820,2,Waste Management,2022-01,246.97,2022-01-28
2821,3,Rent,2022-01,9015.00,2022-01-28
2822,3,Electricity,2022-01,1243.33,2022-01-28
2823,3,Water,2022-01,147.20,2022-01-28
2824,3,Internet,2022-01,228.38,2022-01-28
2825,3,Maintenance,2022-01,954.52,2022-01-28
2826,3,Waste Management,2022-01,205.61,2022-01-28
2827,4,Rent,2022-01,7321.27,2022-01-28
2828,4,Electricity,2022-01,1024.69,2022-01-28
2829,4,Water,2022-01,130.66,2022-01-28
2830,4,Internet,2022-01,228.38,2022-01-28
2831,4,Maintenance,2022-01,815.60,2022-01-28
2832,4,Waste Management,2022-01,165.47,2022-01-28
2833,5,Rent,2022-01,5682.18,2022-01-28
2834,5,Electricity,2022-01,702.77,2022-01-28
2835,5,Water,2022-01,98.21,2022-01-28
2836,5,Internet,2022-01,228.38,2022-01-28
2837,5,Maintenance,2022-01,467.34,2022-01-28
2838,5,Waste Management,2022-01,130.70,2022-01-28
2839,6,Rent,2022-01,7485.18,2022-01-28
2840,6,Electricity,2022-01,1031.25,2022-01-28
2841,6,Water,2022-01,123.78,2022-01-28
2842,6,Internet,2022-01,228.38,2022-01-28
2843,6,Maintenance,2022-01,732.72,2022-01-28
2844,6,Waste Management,2022-01,158.47,2022-01-28
2845,7,Rent,2022-01,6447.09,2022-01-28
2846,7,Electricity,2022-01,775.99,2022-01-28
2847,7,Water,2022-01,113.48,2022-01-28
2848,7,Internet,2022-01,228.38,2022-01-28
2849,7,Maintenance,2022-01,607.36,2022-01-28
2850,7,Waste Management,2022-01,138.30,2022-01-28
2851,8,Rent,2022-01,7048.09,2022-01-28
2852,8,Electricity,2022-01,896.71,2022-01-28
2853,8,Water,2022-01,138.01,2022-01-28
2854,8,Internet,2022-01,228.38,2022-01-28
2855,8,Maintenance,2022-01,808.02,2022-01-28
2856,8,Waste Management,2022-01,159.65,2022-01-28
2857,9,Rent,2022-01,5518.27,2022-01-28
2858,9,Electricity,2022-01,724.09,2022-01-28
2859,9,Water,2022-01,104.39,2022-01-28
2860,9,Internet,2022-01,228.38,2022-01-28
2861,9,Maintenance,2022-01,499.69,2022-01-28
2862,9,Waste Management,2022-01,125.59,2022-01-28
2863,10,Rent,2022-01,6829.54,2022-01-28
2864,10,Electricity,2022-01,911.89,2022-01-28
2865,10,Water,2022-01,115.89,2022-01-28
2866,10,Internet,2022-01,228.38,2022-01-28
2867,10,Maintenance,2022-01,674.21,2022-01-28
2868,10,Waste Management,2022-01,145.67,2022-01-28
2869,11,Rent,2022-01,6556.36,2022-01-28
2870,11,Electricity,2022-01,827.96,2022-01-28
2871,11,Water,2022-01,119.42,2022-01-28
2872,11,Internet,2022-01,228.38,2022-01-28
2873,11,Maintenance,2022-01,577.00,2022-01-28
2874,11,Waste Management,2022-01,150.19,2022-01-28
2875,12,Rent,2022-01,5299.73,2022-01-28
2876,12,Electricity,2022-01,740.59,2022-01-28
2877,12,Water,2022-01,97.92,2022-01-28
2878,12,Internet,2022-01,228.38,2022-01-28
2879,12,Maintenance,2022-01,588.41,2022-01-28
2880,12,Waste Management,2022-01,121.09,2022-01-28
2881,13,Rent,2022-01,3606.00,2022-01-28
2882,13,Electricity,2022-01,487.14,2022-01-28
2883,13,Water,2022-01,66.07,2022-01-28
2884,13,Internet,2022-01,228.38,2022-01-28
2885,13,Maintenance,2022-01,363.83,2022-01-28
2886,13,Waste Management,2022-01,82.99,2022-01-28
2887,1,Rent,2022-02,14150.81,2022-02-28
2888,1,Electricity,2022-02,1705.99,2022-02-28
2889,1,Water,2022-02,233.48,2022-02-28
2890,1,Internet,2022-02,228.38,2022-02-28
2891,1,Maintenance,2022-02,1589.85,2022-02-28
2892,1,Waste Management,2022-02,326.24,2022-02-28
2893,2,Rent,2022-02,10872.63,2022-02-28
2894,2,Electricity,2022-02,1397.37,2022-02-28
2895,2,Water,2022-02,189.64,2022-02-28
2896,2,Internet,2022-02,228.38,2022-02-28
2897,2,Maintenance,2022-02,1205.06,2022-02-28
2898,2,Waste Management,2022-02,243.24,2022-02-28
2899,3,Rent,2022-02,9015.00,2022-02-28
2900,3,Electricity,2022-02,1199.91,2022-02-28
2901,3,Water,2022-02,158.41,2022-02-28
2902,3,Internet,2022-02,228.38,2022-02-28
2903,3,Maintenance,2022-02,972.03,2022-02-28
2904,3,Waste Management,2022-02,194.36,2022-02-28
2905,4,Rent,2022-02,7321.27,2022-02-28
2906,4,Electricity,2022-02,896.23,2022-02-28
2907,4,Water,2022-02,119.82,2022-02-28
2908,4,Internet,2022-02,228.38,2022-02-28
2909,4,Maintenance,2022-02,794.57,2022-02-28
2910,4,Waste Management,2022-02,165.60,2022-02-28
2911,5,Rent,2022-02,5682.18,2022-02-28
2912,5,Electricity,2022-02,730.25,2022-02-28
2913,5,Water,2022-02,103.54,2022-02-28
2914,5,Internet,2022-02,228.38,2022-02-28
2915,5,Maintenance,2022-02,545.34,2022-02-28
2916,5,Waste Management,2022-02,130.37,2022-02-28
2917,6,Rent,2022-02,7485.18,2022-02-28
2918,6,Electricity,2022-02,895.13,2022-02-28
2919,6,Water,2022-02,128.50,2022-02-28
2920,6,Internet,2022-02,228.38,2022-02-28
2921,6,Maintenance,2022-02,820.68,2022-02-28
2922,6,Waste Management,2022-02,166.66,2022-02-28
2923,7,Rent,2022-02,6447.09,2022-02-28
2924,7,Electricity,2022-02,886.55,2022-02-28
2925,7,Water,2022-02,104.40,2022-02-28
2926,7,Internet,2022-02,228.38,2022-02-28
2927,7,Maintenance,2022-02,503.26,2022-02-28
2928,7,Waste Management,2022-02,148.92,2022-02-28
2929,8,Rent,2022-02,7048.09,2022-02-28
2930,8,Electricity,2022-02,842.13,2022-02-28
2931,8,Water,2022-02,115.18,2022-02-28
2932,8,Internet,2022-02,228.38,2022-02-28
2933,8,Maintenance,2022-02,477.76,2022-02-28
2934,8,Waste Management,2022-02,153.22,2022-02-28
2935,9,Rent,2022-02,5518.27,2022-02-28
2936,9,Electricity,2022-02,723.08,2022-02-28
2937,9,Water,2022-02,92.10,2022-02-28
2938,9,Internet,2022-02,228.38,2022-02-28
2939,9,Maintenance,2022-02,503.07,2022-02-28
2940,9,Waste Management,2022-02,125.71,2022-02-28
2941,10,Rent,2022-02,6829.54,2022-02-28
2942,10,Electricity,2022-02,943.39,2022-02-28
2943,10,Water,2022-02,125.54,2022-02-28
2944,10,Internet,2022-02,228.38,2022-02-28
2945,10,Maintenance,2022-02,769.89,2022-02-28
2946,10,Waste Management,2022-02,146.46,2022-02-28
2947,11,Rent,2022-02,6556.36,2022-02-28
2948,11,Electricity,2022-02,795.75,2022-02-28
2949,11,Water,2022-02,106.40,2022-02-28
2950,11,Internet,2022-02,228.38,2022-02-28
2951,11,Maintenance,2022-02,492.00,2022-02-28
2952,11,Waste Management,2022-02,142.86,2022-02-28
2953,12,Rent,2022-02,5299.73,2022-02-28
2954,12,Electricity,2022-02,676.78,2022-02-28
2955,12,Water,2022-02,98.32,2022-02-28
2956,12,Internet,2022-02,228.38,2022-02-28
2957,12,Maintenance,2022-02,397.70,2022-02-28
2958,12,Waste Management,2022-02,121.96,2022-02-28
2959,13,Rent,2022-02,3606.00,2022-02-28
2960,13,Electricity,2022-02,458.53,2022-02-28
2961,13,Water,2022-02,68.70,2022-02-28
2962,13,Internet,2022-02,228.38,2022-02-28
2963,13,Maintenance,2022-02,261.45,2022-02-28
2964,13,Waste Management,2022-02,79.55,2022-02-28
2965,1,Rent,2022-03,14150.81,2022-03-28
2966,1,Electricity,2022-03,2010.89,2022-03-28
2967,1,Water,2022-03,248.54,2022-03-28
2968,1,Internet,2022-03,228.38,2022-03-28
2969,1,Maintenance,2022-03,1492.51,2022-03-28
2970,1,Waste Management,2022-03,320.71,2022-03-28
2971,2,Rent,2022-03,10872.63,2022-03-28
2972,2,Electricity,2022-03,1675.15,2022-03-28
2973,2,Water,2022-03,178.20,2022-03-28
2974,2,Internet,2022-03,228.38,2022-03-28
2975,2,Maintenance,2022-03,841.59,2022-03-28
2976,2,Waste Management,2022-03,229.56,2022-03-28
2977,3,Rent,2022-03,9015.00,2022-03-28
2978,3,Electricity,2022-03,1232.64,2022-03-28
2979,3,Water,2022-03,153.31,2022-03-28
2980,3,Internet,2022-03,228.38,2022-03-28
2981,3,Maintenance,2022-03,861.08,2022-03-28
2982,3,Waste Management,2022-03,201.08,2022-03-28
2983,4,Rent,2022-03,7321.27,2022-03-28
2984,4,Electricity,2022-03,1047.69,2022-03-28
2985,4,Water,2022-03,122.68,2022-03-28
2986,4,Internet,2022-03,228.38,2022-03-28
2987,4,Maintenance,2022-03,756.17,2022-03-28
2988,4,Waste Management,2022-03,155.70,2022-03-28
2989,5,Rent,2022-03,5682.18,2022-03-28
2990,5,Electricity,2022-03,822.46,2022-03-28
2991,5,Water,2022-03,94.66,2022-03-28
2992,5,Internet,2022-03,228.38,2022-03-28
2993,5,Maintenance,2022-03,466.97,2022-03-28
2994,5,Waste Management,2022-03,126.38,2022-03-28
2995,6,Rent,2022-03,7485.18,2022-03-28
2996,6,Electricity,2022-03,1155.65,2022-03-28
2997,6,Water,2022-03,127.07,2022-03-28
2998,6,Internet,2022-03,228.38,2022-03-28
2999,6,Maintenance,2022-03,740.71,2022-03-28
3000,6,Waste Management,2022-03,160.78,2022-03-28
3001,7,Rent,2022-03,6447.09,2022-03-28
3002,7,Electricity,2022-03,995.09,2022-03-28
3003,7,Water,2022-03,121.25,2022-03-28
3004,7,Internet,2022-03,228.38,2022-03-28
3005,7,Maintenance,2022-03,547.59,2022-03-28
3006,7,Waste Management,2022-03,137.05,2022-03-28
3007,8,Rent,2022-03,7048.09,2022-03-28
3008,8,Electricity,2022-03,988.76,2022-03-28
3009,8,Water,2022-03,117.43,2022-03-28
3010,8,Internet,2022-03,228.38,2022-03-28
3011,8,Maintenance,2022-03,603.47,2022-03-28
3012,8,Waste Management,2022-03,159.10,2022-03-28
3013,9,Rent,2022-03,5518.27,2022-03-28
3014,9,Electricity,2022-03,838.61,2022-03-28
3015,9,Water,2022-03,92.29,2022-03-28
3016,9,Internet,2022-03,228.38,2022-03-28
3017,9,Maintenance,2022-03,477.95,2022-03-28
3018,9,Waste Management,2022-03,117.90,2022-03-28
3019,10,Rent,2022-03,6829.54,2022-03-28
3020,10,Electricity,2022-03,1065.16,2022-03-28
3021,10,Water,2022-03,115.45,2022-03-28
3022,10,Internet,2022-03,228.38,2022-03-28
3023,10,Maintenance,2022-03,474.68,2022-03-28
3024,10,Waste Management,2022-03,155.52,2022-03-28
3025,11,Rent,2022-03,6556.36,2022-03-28
3026,11,Electricity,2022-03,1014.81,2022-03-28
3027,11,Water,2022-03,106.68,2022-03-28
3028,11,Internet,2022-03,228.38,2022-03-28
3029,11,Maintenance,2022-03,635.60,2022-03-28
3030,11,Waste Management,2022-03,151.53,2022-03-28
3031,12,Rent,2022-03,5299.73,2022-03-28
3032,12,Electricity,2022-03,732.88,2022-03-28
3033,12,Water,2022-03,88.48,2022-03-28
3034,12,Internet,2022-03,228.38,2022-03-28
3035,12,Maintenance,2022-03,555.24,2022-03-28
3036,12,Waste Management,2022-03,123.16,2022-03-28
3037,13,Rent,2022-03,3606.00,2022-03-28
3038,13,Electricity,2022-03,482.85,2022-03-28
3039,13,Water,2022-03,59.98,2022-03-28
3040,13,Internet,2022-03,228.38,2022-03-28
3041,13,Maintenance,2022-03,285.51,2022-03-28
3042,13,Waste Management,2022-03,77.78,2022-03-28
3043,1,Rent,2022-04,14150.81,2022-04-28
3044,1,Electricity,2022-04,2084.37,2022-04-28
3045,1,Water,2022-04,232.78,2022-04-28
3046,1,Internet,2022-04,228.38,2022-04-28
3047,1,Maintenance,2022-04,1236.43,2022-04-28
3048,1,Waste Management,2022-04,315.90,2022-04-28
3049,2,Rent,2022-04,10872.63,2022-04-28
3050,2,Electricity,2022-04,1607.78,2022-04-28
3051,2,Water,2022-04,187.48,2022-04-28
3052,2,Internet,2022-04,228.38,2022-04-28
3053,2,Maintenance,2022-04,1144.85,2022-04-28
3054,2,Waste Management,2022-04,251.01,2022-04-28
3055,3,Rent,2022-04,9015.00,2022-04-28
3056,3,Electricity,2022-04,1406.72,2022-04-28
3057,3,Water,2022-04,170.91,2022-04-28
3058,3,Internet,2022-04,228.38,2022-04-28
3059,3,Maintenance,2022-04,736.58,2022-04-28
3060,3,Waste Management,2022-04,193.36,2022-04-28
3061,4,Rent,2022-04,7321.27,2022-04-28
3062,4,Electricity,2022-04,1104.97,2022-04-28
3063,4,Water,2022-04,120.01,2022-04-28
3064,4,Internet,2022-04,228.38,2022-04-28
3065,4,Maintenance,2022-04,781.10,2022-04-28
3066,4,Waste Management,2022-04,159.32,2022-04-28
3067,5,Rent,2022-04,5682.18,2022-04-28
3068,5,Electricity,2022-04,845.49,2022-04-28
3069,5,Water,2022-04,93.64,2022-04-28
3070,5,Internet,2022-04,228.38,2022-04-28
3071,5,Maintenance,2022-04,636.60,2022-04-28
3072,5,Waste Management,2022-04,121.25,2022-04-28
3073,6,Rent,2022-04,7485.18,2022-04-28
3074,6,Electricity,2022-04,1012.65,2022-04-28
3075,6,Water,2022-04,125.95,2022-04-28
3076,6,Internet,2022-04,228.38,2022-04-28
3077,6,Maintenance,2022-04,514.84,2022-04-28
3078,6,Waste Management,2022-04,163.41,2022-04-28
3079,7,Rent,2022-04,6447.09,2022-04-28
3080,7,Electricity,2022-04,869.38,2022-04-28
3081,7,Water,2022-04,124.99,2022-04-28
3082,7,Internet,2022-04,228.38,2022-04-28
3083,7,Maintenance,2022-04,677.42,2022-04-28
3084,7,Waste Management,2022-04,142.66,2022-04-28
3085,8,Rent,2022-04,7048.09,2022-04-28
3086,8,Electricity,2022-04,945.47,2022-04-28
3087,8,Water,2022-04,126.41,2022-04-28
3088,8,Internet,2022-04,228.38,2022-04-28
3089,8,Maintenance,2022-04,762.07,2022-04-28
3090,8,Waste Management,2022-04,153.05,2022-04-28
3091,9,Rent,2022-04,5518.27,2022-04-28
3092,9,Electricity,2022-04,781.88,2022-04-28
3093,9,Water,2022-04,90.78,2022-04-28
3094,9,Internet,2022-04,228.38,2022-04-28
3095,9,Maintenance,2022-04,605.24,2022-04-28
3096,9,Waste Management,2022-04,119.17,2022-04-28
3097,10,Rent,2022-04,6829.54,2022-04-28
3098,10,Electricity,2022-04,949.87,2022-04-28
3099,10,Water,2022-04,113.31,2022-04-28
3100,10,Internet,2022-04,228.38,2022-04-28
3101,10,Maintenance,2022-04,480.83,2022-04-28
3102,10,Waste Management,2022-04,149.45,2022-04-28
3103,11,Rent,2022-04,6556.36,2022-04-28
3104,11,Electricity,2022-04,884.73,2022-04-28
3105,11,Water,2022-04,109.33,2022-04-28
3106,11,Internet,2022-04,228.38,2022-04-28
3107,11,Maintenance,2022-04,601.44,2022-04-28
3108,11,Waste Management,2022-04,140.80,2022-04-28
3109,12,Rent,2022-04,5299.73,2022-04-28
3110,12,Electricity,2022-04,826.70,2022-04-28
3111,12,Water,2022-04,90.92,2022-04-28
3112,12,Internet,2022-04,228.38,2022-04-28
3113,12,Maintenance,2022-04,372.35,2022-04-28
3114,12,Waste Management,2022-04,120.16,2022-04-28
3115,13,Rent,2022-04,3606.00,2022-04-28
3116,13,Electricity,2022-04,487.68,2022-04-28
3117,13,Water,2022-04,59.28,2022-04-28
3118,13,Internet,2022-04,228.38,2022-04-28
3119,13,Maintenance,2022-04,343.06,2022-04-28
3120,13,Waste Management,2022-04,78.20,2022-04-28
3121,1,Rent,2022-05,14150.81,2022-05-28
3122,1,Electricity,2022-05,2213.91,2022-05-28
3123,1,Water,2022-05,240.86,2022-05-28
3124,1,Internet,2022-05,228.38,2022-05-28
3125,1,Maintenance,2022-05,1628.38,2022-05-28
3126,1,Waste Management,2022-05,303.23,2022-05-28
3127,2,Rent,2022-05,10872.63,2022-05-28
3128,2,Electricity,2022-05,1676.83,2022-05-28
3129,2,Water,2022-05,181.78,2022-05-28
3130,2,Internet,2022-05,228.38,2022-05-28
3131,2,Maintenance,2022-05,924.41,2022-05-28
3132,2,Waste Management,2022-05,238.70,2022-05-28
3133,3,Rent,2022-05,9015.00,2022-05-28
3134,3,Electricity,2022-05,1350.76,2022-05-28
3135,3,Water,2022-05,160.89,2022-05-28
3136,3,Internet,2022-05,228.38,2022-05-28
3137,3,Maintenance,2022-05,756.78,2022-05-28
3138,3,Waste Management,2022-05,190.46,2022-05-28
3139,4,Rent,2022-05,7321.27,2022-05-28
3140,4,Electricity,2022-05,1068.35,2022-05-28
3141,4,Water,2022-05,139.86,2022-05-28
3142,4,Internet,2022-05,228.38,2022-05-28
3143,4,Maintenance,2022-05,667.95,2022-05-28
3144,4,Waste Management,2022-05,163.49,2022-05-28
3145,5,Rent,2022-05,5682.18,2022-05-28
3146,5,Electricity,2022-05,811.69,2022-05-28
3147,5,Water,2022-05,105.14,2022-05-28
3148,5,Internet,2022-05,228.38,2022-05-28
3149,5,Maintenance,2022-05,394.21,2022-05-28
3150,5,Waste Management,2022-05,123.86,2022-05-28
3151,6,Rent,2022-05,7485.18,2022-05-28
3152,6,Electricity,2022-05,1010.35,2022-05-28
3153,6,Water,2022-05,126.34,2022-05-28
3154,6,Internet,2022-05,228.38,2022-05-28
3155,6,Maintenance,2022-05,815.56,2022-05-28
3156,6,Waste Management,2022-05,157.95,2022-05-28
3157,7,Rent,2022-05,6447.09,2022-05-28
3158,7,Electricity,2022-05,952.29,2022-05-28
3159,7,Water,2022-05,115.33,2022-05-28
3160,7,Internet,2022-05,228.38,2022-05-28
3161,7,Maintenance,2022-05,558.89,2022-05-28
3162,7,Waste Management,2022-05,147.35,2022-05-28
3163,8,Rent,2022-05,7048.09,2022-05-28
3164,8,Electricity,2022-05,1043.10,2022-05-28
3165,8,Water,2022-05,117.70,2022-05-28
3166,8,Internet,2022-05,228.38,2022-05-28
3167,8,Maintenance,2022-05,597.99,2022-05-28
3168,8,Waste Management,2022-05,155.72,2022-05-28
3169,9,Rent,2022-05,5518.27,2022-05-28
3170,9,Electricity,2022-05,748.04,2022-05-28
3171,9,Water,2022-05,100.12,2022-05-28
3172,9,Internet,2022-05,228.38,2022-05-28
3173,9,Maintenance,2022-05,552.92,2022-05-28
3174,9,Waste Management,2022-05,125.20,2022-05-28
3175,10,Rent,2022-05,6829.54,2022-05-28
3176,10,Electricity,2022-05,943.73,2022-05-28
3177,10,Water,2022-05,133.42,2022-05-28
3178,10,Internet,2022-05,228.38,2022-05-28
3179,10,Maintenance,2022-05,508.75,2022-05-28
3180,10,Waste Management,2022-05,148.91,2022-05-28
3181,11,Rent,2022-05,6556.36,2022-05-28
3182,11,Electricity,2022-05,947.21,2022-05-28
3183,11,Water,2022-05,120.70,2022-05-28
3184,11,Internet,2022-05,228.38,2022-05-28
3185,11,Maintenance,2022-05,612.65,2022-05-28
3186,11,Waste Management,2022-05,149.92,2022-05-28
3187,12,Rent,2022-05,5299.73,2022-05-28
3188,12,Electricity,2022-05,741.26,2022-05-28
3189,12,Water,2022-05,103.13,2022-05-28
3190,12,Internet,2022-05,228.38,2022-05-28
3191,12,Maintenance,2022-05,488.59,2022-05-28
3192,12,Waste Management,2022-05,112.70,2022-05-28
3193,13,Rent,2022-05,3606.00,2022-05-28
3194,13,Electricity,2022-05,501.53,2022-05-28
3195,13,Water,2022-05,61.45,2022-05-28
3196,13,Internet,2022-05,228.38,2022-05-28
3197,13,Maintenance,2022-05,410.03,2022-05-28
3198,13,Waste Management,2022-05,77.45,2022-05-28
3199,1,Rent,2022-06,14150.81,2022-06-28
3200,1,Electricity,2022-06,2190.06,2022-06-28
3201,1,Water,2022-06,235.28,2022-06-28
3202,1,Internet,2022-06,228.38,2022-06-28
3203,1,Maintenance,2022-06,1322.36,2022-06-28
3204,1,Waste Management,2022-06,321.21,2022-06-28
3205,2,Rent,2022-06,10872.63,2022-06-28
3206,2,Electricity,2022-06,1537.03,2022-06-28
3207,2,Water,2022-06,198.61,2022-06-28
3208,2,Internet,2022-06,228.38,2022-06-28
3209,2,Maintenance,2022-06,1239.91,2022-06-28
3210,2,Waste Management,2022-06,249.93,2022-06-28
3211,3,Rent,2022-06,9015.00,2022-06-28
3212,3,Electricity,2022-06,1347.82,2022-06-28
3213,3,Water,2022-06,157.48,2022-06-28
3214,3,Internet,2022-06,228.38,2022-06-28
3215,3,Maintenance,2022-06,677.56,2022-06-28
3216,3,Waste Management,2022-06,197.57,2022-06-28
3217,4,Rent,2022-06,7321.27,2022-06-28
3218,4,Electricity,2022-06,1021.45,2022-06-28
3219,4,Water,2022-06,122.56,2022-06-28
3220,4,Internet,2022-06,228.38,2022-06-28
3221,4,Maintenance,2022-06,700.33,2022-06-28
3222,4,Waste Management,2022-06,159.22,2022-06-28
3223,5,Rent,2022-06,5682.18,2022-06-28
3224,5,Electricity,2022-06,847.29,2022-06-28
3225,5,Water,2022-06,95.28,2022-06-28
3226,5,Internet,2022-06,228.38,2022-06-28
3227,5,Maintenance,2022-06,630.92,2022-06-28
3228,5,Waste Management,2022-06,124.90,2022-06-28
3229,6,Rent,2022-06,7485.18,2022-06-28
3230,6,Electricity,2022-06,1080.61,2022-06-28
3231,6,Water,2022-06,144.39,2022-06-28
3232,6,Internet,2022-06,228.38,2022-06-28
3233,6,Maintenance,2022-06,705.34,2022-06-28
3234,6,Waste Management,2022-06,167.89,2022-06-28
3235,7,Rent,2022-06,6447.09,2022-06-28
3236,7,Electricity,2022-06,883.23,2022-06-28
3237,7,Water,2022-06,117.35,2022-06-28
3238,7,Internet,2022-06,228.38,2022-06-28
3239,7,Maintenance,2022-06,662.62,2022-06-28
3240,7,Waste Management,2022-06,149.05,2022-06-28
3241,8,Rent,2022-06,7048.09,2022-06-28
3242,8,Electricity,2022-06,1079.70,2022-06-28
3243,8,Water,2022-06,115.06,2022-06-28
3244,8,Internet,2022-06,228.38,2022-06-28
3245,8,Maintenance,2022-06,744.84,2022-06-28
3246,8,Waste Management,2022-06,158.18,2022-06-28
3247,9,Rent,2022-06,5518.27,2022-06-28
3248,9,Electricity,2022-06,743.84,2022-06-28
3249,9,Water,2022-06,98.69,2022-06-28
3250,9,Internet,2022-06,228.38,2022-06-28
3251,9,Maintenance,2022-06,476.89,2022-06-28
3252,9,Waste Management,2022-06,120.38,2022-06-28
3253,10,Rent,2022-06,6829.54,2022-06-28
3254,10,Electricity,2022-06,1058.22,2022-06-28
3255,10,Water,2022-06,133.28,2022-06-28
3256,10,Internet,2022-06,228.38,2022-06-28
3257,10,Maintenance,2022-06,563.01,2022-06-28
3258,10,Waste Management,2022-06,146.31,2022-06-28
3259,11,Rent,2022-06,6556.36,2022-06-28
3260,11,Electricity,2022-06,948.77,2022-06-28
3261,11,Water,2022-06,127.94,2022-06-28
3262,11,Internet,2022-06,228.38,2022-06-28
3263,11,Maintenance,2022-06,536.91,2022-06-28
3264,11,Waste Management,2022-06,141.59,2022-06-28
3265,12,Rent,2022-06,5299.73,2022-06-28
3266,12,Electricity,2022-06,830.65,2022-06-28
3267,12,Water,2022-06,101.27,2022-06-28
3268,12,Internet,2022-06,228.38,2022-06-28
3269,12,Maintenance,2022-06,569.08,2022-06-28
3270,12,Waste Management,2022-06,122.00,2022-06-28
3271,13,Rent,2022-06,3606.00,2022-06-28
3272,13,Electricity,2022-06,511.87,2022-06-28
3273,13,Water,2022-06,70.08,2022-06-28
3274,13,Internet,2022-06,228.38,2022-06-28
3275,13,Maintenance,2022-06,322.37,2022-06-28
3276,13,Waste Management,2022-06,80.34,2022-06-28
3277,1,Rent,2022-07,14150.81,2022-07-28
3278,1,Electricity,2022-07,1736.51,2022-07-28
3279,1,Water,2022-07,262.31,2022-07-28
3280,1,Internet,2022-07,228.38,2022-07-28
3281,1,Maintenance,2022-07,1625.64,2022-07-28
3282,1,Waste Management,2022-07,304.84,2022-07-28
3283,2,Rent,2022-07,10872.63,2022-07-28
3284,2,Electricity,2022-07,1336.24,2022-07-28
3285,2,Water,2022-07,211.81,2022-07-28
3286,2,Internet,2022-07,228.38,2022-07-28
3287,2,Maintenance,2022-07,1109.29,2022-07-28
3288,2,Waste Management,2022-07,239.65,2022-07-28
3289,3,Rent,2022-07,9015.00,2022-07-28
3290,3,Electricity,2022-07,1118.88,2022-07-28
3291,3,Water,2022-07,174.29,2022-07-28
3292,3,Internet,2022-07,228.38,2022-07-28
3293,3,Maintenance,2022-07,1001.08,2022-07-28
3294,3,Waste Management,2022-07,197.30,2022-07-28
3295,4,Rent,2022-07,7321.27,2022-07-28
3296,4,Electricity,2022-07,1004.81,2022-07-28
3297,4,Water,2022-07,132.84,2022-07-28
3298,4,Internet,2022-07,228.38,2022-07-28
3299,4,Maintenance,2022-07,614.18,2022-07-28
3300,4,Waste Management,2022-07,157.39,2022-07-28
3301,5,Rent,2022-07,5682.18,2022-07-28
3302,5,Electricity,2022-07,747.85,2022-07-28
3303,5,Water,2022-07,105.84,2022-07-28
3304,5,Internet,2022-07,228.38,2022-07-28
3305,5,Maintenance,2022-07,382.21,2022-07-28
3306,5,Waste Management,2022-07,119.73,2022-07-28
3307,6,Rent,2022-07,7485.18,2022-07-28
3308,6,Electricity,2022-07,1024.46,2022-07-28
3309,6,Water,2022-07,136.91,2022-07-28
3310,6,Internet,2022-07,228.38,2022-07-28
3311,6,Maintenance,2022-07,661.14,2022-07-28
3312,6,Waste Management,2022-07,164.45,2022-07-28
3313,7,Rent,2022-07,6447.09,2022-07-28
3314,7,Electricity,2022-07,771.59,2022-07-28
3315,7,Water,2022-07,105.00,2022-07-28
3316,7,Internet,2022-07,228.38,2022-07-28
3317,7,Maintenance,2022-07,686.02,2022-07-28
3318,7,Waste Management,2022-07,146.88,2022-07-28
3319,8,Rent,2022-07,7048.09,2022-07-28
3320,8,Electricity,2022-07,864.65,2022-07-28
3321,8,Water,2022-07,123.97,2022-07-28
3322,8,Internet,2022-07,228.38,2022-07-28
3323,8,Maintenance,2022-07,568.17,2022-07-28
3324,8,Waste Management,2022-07,151.79,2022-07-28
3325,9,Rent,2022-07,5518.27,2022-07-28
3326,9,Electricity,2022-07,720.07,2022-07-28
3327,9,Water,2022-07,100.35,2022-07-28
3328,9,Internet,2022-07,228.38,2022-07-28
3329,9,Maintenance,2022-07,451.70,2022-07-28
3330,9,Waste Management,2022-07,125.90,2022-07-28
3331,10,Rent,2022-07,6829.54,2022-07-28
3332,10,Electricity,2022-07,941.78,2022-07-28
3333,10,Water,2022-07,111.26,2022-07-28
3334,10,Internet,2022-07,228.38,2022-07-28
3335,10,Maintenance,2022-07,682.82,2022-07-28
3336,10,Waste Management,2022-07,150.00,2022-07-28
3337,11,Rent,2022-07,6556.36,2022-07-28
3338,11,Electricity,2022-07,861.87,2022-07-28
3339,11,Water,2022-07,117.95,2022-07-28
3340,11,Internet,2022-07,228.38,2022-07-28
3341,11,Maintenance,2022-07,511.98,2022-07-28
3342,11,Waste Management,2022-07,148.03,2022-07-28
3343,12,Rent,2022-07,5299.73,2022-07-28
3344,12,Electricity,2022-07,637.82,2022-07-28
3345,12,Water,2022-07,87.17,2022-07-28
3346,12,Internet,2022-07,228.38,2022-07-28
3347,12,Maintenance,2022-07,585.44,2022-07-28
3348,12,Waste Management,2022-07,117.14,2022-07-28
3349,13,Rent,2022-07,3606.00,2022-07-28
3350,13,Electricity,2022-07,444.54,2022-07-28
3351,13,Water,2022-07,67.21,2022-07-28
3352,13,Internet,2022-07,228.38,2022-07-28
3353,13,Maintenance,2022-07,304.14,2022-07-28
3354,13,Waste Management,2022-07,82.90,2022-07-28
3355,1,Rent,2022-08,14150.81,2022-08-28
3356,1,Electricity,2022-08,1940.23,2022-08-28
3357,1,Water,2022-08,242.13,2022-08-28
3358,1,Internet,2022-08,228.38,2022-08-28
3359,1,Maintenance,2022-08,1296.90,2022-08-28
3360,1,Waste Management,2022-08,314.06,2022-08-28
3361,2,Rent,2022-08,10872.63,2022-08-28
3362,2,Electricity,2022-08,1358.42,2022-08-28
3363,2,Water,2022-08,192.21,2022-08-28
3364,2,Internet,2022-08,228.38,2022-08-28
3365,2,Maintenance,2022-08,1014.70,2022-08-28
3366,2,Waste Management,2022-08,249.76,2022-08-28
3367,3,Rent,2022-08,9015.00,2022-08-28
3368,3,Electricity,2022-08,1161.01,2022-08-28
3369,3,Water,2022-08,157.64,2022-08-28
3370,3,Internet,2022-08,228.38,2022-08-28
3371,3,Maintenance,2022-08,805.87,2022-08-28
3372,3,Waste Management,2022-08,197.50,2022-08-28
3373,4,Rent,2022-08,7321.27,2022-08-28
3374,4,Electricity,2022-08,956.61,2022-08-28
3375,4,Water,2022-08,137.29,2022-08-28
3376,4,Internet,2022-08,228.38,2022-08-28
3377,4,Maintenance,2022-08,643.51,2022-08-28
3378,4,Waste Management,2022-08,160.68,2022-08-28
3379,5,Rent,2022-08,5682.18,2022-08-28
3380,5,Electricity,2022-08,773.70,2022-08-28
3381,5,Water,2022-08,101.34,2022-08-28
3382,5,Internet,2022-08,228.38,2022-08-28
3383,5,Maintenance,2022-08,610.52,2022-08-28
3384,5,Waste Management,2022-08,122.46,2022-08-28
3385,6,Rent,2022-08,7485.18,2022-08-28
3386,6,Electricity,2022-08,914.88,2022-08-28
3387,6,Water,2022-08,125.62,2022-08-28
3388,6,Internet,2022-08,228.38,2022-08-28
3389,6,Maintenance,2022-08,847.89,2022-08-28
3390,6,Waste Management,2022-08,164.38,2022-08-28
3391,7,Rent,2022-08,6447.09,2022-08-28
3392,7,Electricity,2022-08,812.46,2022-08-28
3393,7,Water,2022-08,125.66,2022-08-28
3394,7,Internet,2022-08,228.38,2022-08-28
3395,7,Maintenance,2022-08,611.58,2022-08-28
3396,7,Waste Management,2022-08,142.66,2022-08-28
3397,8,Rent,2022-08,7048.09,2022-08-28
3398,8,Electricity,2022-08,952.93,2022-08-28
3399,8,Water,2022-08,114.57,2022-08-28
3400,8,Internet,2022-08,228.38,2022-08-28
3401,8,Maintenance,2022-08,710.34,2022-08-28
3402,8,Waste Management,2022-08,152.87,2022-08-28
3403,9,Rent,2022-08,5518.27,2022-08-28
3404,9,Electricity,2022-08,716.32,2022-08-28
3405,9,Water,2022-08,90.34,2022-08-28
3406,9,Internet,2022-08,228.38,2022-08-28
3407,9,Maintenance,2022-08,602.20,2022-08-28
3408,9,Waste Management,2022-08,127.78,2022-08-28
3409,10,Rent,2022-08,6829.54,2022-08-28
3410,10,Electricity,2022-08,935.65,2022-08-28
3411,10,Water,2022-08,127.74,2022-08-28
3412,10,Internet,2022-08,228.38,2022-08-28
3413,10,Maintenance,2022-08,704.11,2022-08-28
3414,10,Waste Management,2022-08,157.71,2022-08-28
3415,11,Rent,2022-08,6556.36,2022-08-28
3416,11,Electricity,2022-08,791.39,2022-08-28
3417,11,Water,2022-08,111.61,2022-08-28
3418,11,Internet,2022-08,228.38,2022-08-28
3419,11,Maintenance,2022-08,679.83,2022-08-28
3420,11,Waste Management,2022-08,140.21,2022-08-28
3421,12,Rent,2022-08,5299.73,2022-08-28
3422,12,Electricity,2022-08,735.53,2022-08-28
3423,12,Water,2022-08,91.07,2022-08-28
3424,12,Internet,2022-08,228.38,2022-08-28
3425,12,Maintenance,2022-08,531.06,2022-08-28
3426,12,Waste Management,2022-08,112.96,2022-08-28
3427,13,Rent,2022-08,3606.00,2022-08-28
3428,13,Electricity,2022-08,491.18,2022-08-28
3429,13,Water,2022-08,65.96,2022-08-28
3430,13,Internet,2022-08,228.38,2022-08-28
3431,13,Maintenance,2022-08,262.20,2022-08-28
3432,13,Waste Management,2022-08,83.19,2022-08-28
3433,1,Rent,2022-09,14150.81,2022-09-28
3434,1,Electricity,2022-09,1700.46,2022-09-28
3435,1,Water,2022-09,234.78,2022-09-28
3436,1,Internet,2022-09,228.38,2022-09-28
3437,1,Maintenance,2022-09,1102.49,2022-09-28
3438,1,Waste Management,2022-09,317.08,2022-09-28
3439,2,Rent,2022-09,10872.63,2022-09-28
3440,2,Electricity,2022-09,1346.64,2022-09-28
3441,2,Water,2022-09,196.73,2022-09-28
3442,2,Internet,2022-09,228.38,2022-09-28
3443,2,Maintenance,2022-09,1070.16,2022-09-28
3444,2,Waste Management,2022-09,247.07,2022-09-28
3445,3,Rent,2022-09,9015.00,2022-09-28
3446,3,Electricity,2022-09,1257.69,2022-09-28
3447,3,Water,2022-09,170.36,2022-09-28
3448,3,Internet,2022-09,228.38,2022-09-28
3449,3,Maintenance,2022-09,852.19,2022-09-28
3450,3,Waste Management,2022-09,208.68,2022-09-28
3451,4,Rent,2022-09,7321.27,2022-09-28
3452,4,Electricity,2022-09,942.72,2022-09-28
3453,4,Water,2022-09,124.83,2022-09-28
3454,4,Internet,2022-09,228.38,2022-09-28
3455,4,Maintenance,2022-09,626.66,2022-09-28
3456,4,Waste Management,2022-09,154.20,2022-09-28
3457,5,Rent,2022-09,5682.18,2022-09-28
3458,5,Electricity,2022-09,767.30,2022-09-28
3459,5,Water,2022-09,99.43,2022-09-28
3460,5,Internet,2022-09,228.38,2022-09-28
3461,5,Maintenance,2022-09,572.67,2022-09-28
3462,5,Waste Management,2022-09,129.28,2022-09-28
3463,6,Rent,2022-09,7485.18,2022-09-28
3464,6,Electricity,2022-09,1033.01,2022-09-28
3465,6,Water,2022-09,130.93,2022-09-28
3466,6,Internet,2022-09,228.38,2022-09-28
3467,6,Maintenance,2022-09,581.50,2022-09-28
3468,6,Waste Management,2022-09,169.62,2022-09-28
3469,7,Rent,2022-09,6447.09,2022-09-28
3470,7,Electricity,2022-09,815.28,2022-09-28
3471,7,Water,2022-09,116.32,2022-09-28
3472,7,Internet,2022-09,228.38,2022-09-28
3473,7,Maintenance,2022-09,647.92,2022-09-28
3474,7,Waste Management,2022-09,135.86,2022-09-28
3475,8,Rent,2022-09,7048.09,2022-09-28
3476,8,Electricity,2022-09,874.41,2022-09-28
3477,8,Water,2022-09,118.79,2022-09-28
3478,8,Internet,2022-09,228.38,2022-09-28
3479,8,Maintenance,2022-09,720.80,2022-09-28
3480,8,Waste Management,2022-09,158.46,2022-09-28
3481,9,Rent,2022-09,5518.27,2022-09-28
3482,9,Electricity,2022-09,728.66,2022-09-28
3483,9,Water,2022-09,100.32,2022-09-28
3484,9,Internet,2022-09,228.38,2022-09-28
3485,9,Maintenance,2022-09,389.97,2022-09-28
3486,9,Waste Management,2022-09,116.63,2022-09-28
3487,10,Rent,2022-09,6829.54,2022-09-28
3488,10,Electricity,2022-09,885.28,2022-09-28
3489,10,Water,2022-09,110.66,2022-09-28
3490,10,Internet,2022-09,228.38,2022-09-28
3491,10,Maintenance,2022-09,781.99,2022-09-28
3492,10,Waste Management,2022-09,148.30,2022-09-28
3493,11,Rent,2022-09,6556.36,2022-09-28
3494,11,Electricity,2022-09,865.49,2022-09-28
3495,11,Water,2022-09,119.23,2022-09-28
3496,11,Internet,2022-09,228.38,2022-09-28
3497,11,Maintenance,2022-09,709.01,2022-09-28
3498,11,Waste Management,2022-09,141.28,2022-09-28
3499,12,Rent,2022-09,5299.73,2022-09-28
3500,12,Electricity,2022-09,739.63,2022-09-28
3501,12,Water,2022-09,102.14,2022-09-28
3502,12,Internet,2022-09,228.38,2022-09-28
3503,12,Maintenance,2022-09,362.34,2022-09-28
3504,12,Waste Management,2022-09,112.86,2022-09-28
3505,13,Rent,2022-09,3606.00,2022-09-28
3506,13,Electricity,2022-09,468.97,2022-09-28
3507,13,Water,2022-09,64.54,2022-09-28
3508,13,Internet,2022-09,228.38,2022-09-28
3509,13,Maintenance,2022-09,332.69,2022-09-28
3510,13,Waste Management,2022-09,79.90,2022-09-28
3511,1,Rent,2022-10,14150.81,2022-10-28
3512,1,Electricity,2022-10,1881.33,2022-10-28
3513,1,Water,2022-10,267.77,2022-10-28
3514,1,Internet,2022-10,228.38,2022-10-28
3515,1,Maintenance,2022-10,1196.60,2022-10-28
3516,1,Waste Management,2022-10,325.37,2022-10-28
3517,2,Rent,2022-10,10872.63,2022-10-28
3518,2,Electricity,2022-10,1461.42,2022-10-28
3519,2,Water,2022-10,205.36,2022-10-28
3520,2,Internet,2022-10,228.38,2022-10-28
3521,2,Maintenance,2022-10,912.36,2022-10-28
3522,2,Waste Management,2022-10,248.80,2022-10-28
3523,3,Rent,2022-10,9015.00,2022-10-28
3524,3,Electricity,2022-10,1240.18,2022-10-28
3525,3,Water,2022-10,161.51,2022-10-28
3526,3,Internet,2022-10,228.38,2022-10-28
3527,3,Maintenance,2022-10,984.77,2022-10-28
3528,3,Waste Management,2022-10,191.27,2022-10-28
3529,4,Rent,2022-10,7321.27,2022-10-28
3530,4,Electricity,2022-10,1010.68,2022-10-28
3531,4,Water,2022-10,131.87,2022-10-28
3532,4,Internet,2022-10,228.38,2022-10-28
3533,4,Maintenance,2022-10,500.71,2022-10-28
3534,4,Waste Management,2022-10,167.67,2022-10-28
3535,5,Rent,2022-10,5682.18,2022-10-28
3536,5,Electricity,2022-10,770.26,2022-10-28
3537,5,Water,2022-10,93.21,2022-10-28
3538,5,Internet,2022-10,228.38,2022-10-28
3539,5,Maintenance,2022-10,616.48,2022-10-28
3540,5,Waste Management,2022-10,129.90,2022-10-28
3541,6,Rent,2022-10,7485.18,2022-10-28
3542,6,Electricity,2022-10,916.38,2022-10-28
3543,6,Water,2022-10,124.54,2022-10-28
3544,6,Internet,2022-10,228.38,2022-10-28
3545,6,Maintenance,2022-10,723.37,2022-10-28
3546,6,Waste Management,2022-10,164.85,2022-10-28
3547,7,Rent,2022-10,6447.09,2022-10-28
3548,7,Electricity,2022-10,824.58,2022-10-28
3549,7,Water,2022-10,111.17,2022-10-28
3550,7,Internet,2022-10,228.38,2022-10-28
3551,7,Maintenance,2022-10,537.77,2022-10-28
3552,7,Waste Management,2022-10,142.55,2022-10-28
3553,8,Rent,2022-10,7048.09,2022-10-28
3554,8,Electricity,2022-10,956.53,2022-10-28
3555,8,Water,2022-10,125.36,2022-10-28
3556,8,Internet,2022-10,228.38,2022-10-28
3557,8,Maintenance,2022-10,667.06,2022-10-28
3558,8,Waste Management,2022-10,156.90,2022-10-28
3559,9,Rent,2022-10,5518.27,2022-10-28
3560,9,Electricity,2022-10,748.03,2022-10-28
3561,9,Water,2022-10,102.58,2022-10-28
3562,9,Internet,2022-10,228.38,2022-10-28
3563,9,Maintenance,2022-10,398.92,2022-10-28
3564,9,Waste Management,2022-10,117.42,2022-10-28
3565,10,Rent,2022-10,6829.54,2022-10-28
3566,10,Electricity,2022-10,825.92,2022-10-28
3567,10,Water,2022-10,113.44,2022-10-28
3568,10,Internet,2022-10,228.38,2022-10-28
3569,10,Maintenance,2022-10,736.93,2022-10-28
3570,10,Waste Management,2022-10,153.02,2022-10-28
3571,11,Rent,2022-10,6556.36,2022-10-28
3572,11,Electricity,2022-10,866.40,2022-10-28
3573,11,Water,2022-10,114.11,2022-10-28
3574,11,Internet,2022-10,228.38,2022-10-28
3575,11,Maintenance,2022-10,730.94,2022-10-28
3576,11,Waste Management,2022-10,141.79,2022-10-28
3577,12,Rent,2022-10,5299.73,2022-10-28
3578,12,Electricity,2022-10,639.69,2022-10-28
3579,12,Water,2022-10,97.80,2022-10-28
3580,12,Internet,2022-10,228.38,2022-10-28
3581,12,Maintenance,2022-10,396.43,2022-10-28
3582,12,Waste Management,2022-10,111.83,2022-10-28
3583,13,Rent,2022-10,3606.00,2022-10-28
3584,13,Electricity,2022-10,493.98,2022-10-28
3585,13,Water,2022-10,64.67,2022-10-28
3586,13,Internet,2022-10,228.38,2022-10-28
3587,13,Maintenance,2022-10,374.66,2022-10-28
3588,13,Waste Management,2022-10,82.35,2022-10-28
3589,1,Rent,2022-11,14150.81,2022-11-28
3590,1,Electricity,2022-11,1754.35,2022-11-28
3591,1,Water,2022-11,249.43,2022-11-28
3592,1,Internet,2022-11,228.38,2022-11-28
3593,1,Maintenance,2022-11,1065.43,2022-11-28
3594,1,Waste Management,2022-11,319.30,2022-11-28
3595,2,Rent,2022-11,10872.63,2022-11-28
3596,2,Electricity,2022-11,1372.57,2022-11-28
3597,2,Water,2022-11,211.22,2022-11-28
3598,2,Internet,2022-11,228.38,2022-11-28
3599,2,Maintenance,2022-11,986.02,2022-11-28
3600,2,Waste Management,2022-11,250.86,2022-11-28
3601,3,Rent,2022-11,9015.00,2022-11-28
3602,3,Electricity,2022-11,1187.81,2022-11-28
3603,3,Water,2022-11,153.08,2022-11-28
3604,3,Internet,2022-11,228.38,2022-11-28
3605,3,Maintenance,2022-11,608.44,2022-11-28
3606,3,Waste Management,2022-11,202.37,2022-11-28
3607,4,Rent,2022-11,7321.27,2022-11-28
3608,4,Electricity,2022-11,940.85,2022-11-28
3609,4,Water,2022-11,122.78,2022-11-28
3610,4,Internet,2022-11,228.38,2022-11-28
3611,4,Maintenance,2022-11,638.30,2022-11-28
3612,4,Waste Management,2022-11,166.12,2022-11-28
3613,5,Rent,2022-11,5682.18,2022-11-28
3614,5,Electricity,2022-11,773.13,2022-11-28
3615,5,Water,2022-11,92.14,2022-11-28
3616,5,Internet,2022-11,228.38,2022-11-28
3617,5,Maintenance,2022-11,463.87,2022-11-28
3618,5,Waste Management,2022-11,128.09,2022-11-28
3619,6,Rent,2022-11,7485.18,2022-11-28
3620,6,Electricity,2022-11,937.15,2022-11-28
3621,6,Water,2022-11,134.68,2022-11-28
3622,6,Internet,2022-11,228.38,2022-11-28
3623,6,Maintenance,2022-11,755.16,2022-11-28
3624,6,Waste Management,2022-11,168.42,2022-11-28
3625,7,Rent,2022-11,6447.09,2022-11-28
3626,7,Electricity,2022-11,894.16,2022-11-28
3627,7,Water,2022-11,109.77,2022-11-28
3628,7,Internet,2022-11,228.38,2022-11-28
3629,7,Maintenance,2022-11,442.69,2022-11-28
3630,7,Waste Management,2022-11,137.44,2022-11-28
3631,8,Rent,2022-11,7048.09,2022-11-28
3632,8,Electricity,2022-11,942.93,2022-11-28
3633,8,Water,2022-11,123.92,2022-11-28
3634,8,Internet,2022-11,228.38,2022-11-28
3635,8,Maintenance,2022-11,546.50,2022-11-28
3636,8,Waste Management,2022-11,155.49,2022-11-28
3637,9,Rent,2022-11,5518.27,2022-11-28
3638,9,Electricity,2022-11,747.69,2022-11-28
3639,9,Water,2022-11,90.97,2022-11-28
3640,9,Internet,2022-11,228.38,2022-11-28
3641,9,Maintenance,2022-11,601.17,2022-11-28
3642,9,Waste Management,2022-11,118.32,2022-11-28
3643,10,Rent,2022-11,6829.54,2022-11-28
3644,10,Electricity,2022-11,863.86,2022-11-28
3645,10,Water,2022-11,129.46,2022-11-28
3646,10,Internet,2022-11,228.38,2022-11-28
3647,10,Maintenance,2022-11,631.23,2022-11-28
3648,10,Waste Management,2022-11,149.59,2022-11-28
3649,11,Rent,2022-11,6556.36,2022-11-28
3650,11,Electricity,2022-11,848.69,2022-11-28
3651,11,Water,2022-11,122.33,2022-11-28
3652,11,Internet,2022-11,228.38,2022-11-28
3653,11,Maintenance,2022-11,479.18,2022-11-28
3654,11,Waste Management,2022-11,149.39,2022-11-28
3655,12,Rent,2022-11,5299.73,2022-11-28
3656,12,Electricity,2022-11,736.24,2022-11-28
3657,12,Water,2022-11,92.31,2022-11-28
3658,12,Internet,2022-11,228.38,2022-11-28
3659,12,Maintenance,2022-11,380.04,2022-11-28
3660,12,Waste Management,2022-11,122.71,2022-11-28
3661,13,Rent,2022-11,3606.00,2022-11-28
3662,13,Electricity,2022-11,454.35,2022-11-28
3663,13,Water,2022-11,60.04,2022-11-28
3664,13,Internet,2022-11,228.38,2022-11-28
3665,13,Maintenance,2022-11,273.22,2022-11-28
3666,13,Waste Management,2022-11,76.25,2022-11-28
3667,1,Rent,2022-12,14150.81,2022-12-28
3668,1,Electricity,2022-12,1743.69,2022-12-28
3669,1,Water,2022-12,263.40,2022-12-28
3670,1,Internet,2022-12,228.38,2022-12-28
3671,1,Maintenance,2022-12,1157.73,2022-12-28
3672,1,Waste Management,2022-12,299.48,2022-12-28
3673,2,Rent,2022-12,10872.63,2022-12-28
3674,2,Electricity,2022-12,1314.50,2022-12-28
3675,2,Water,2022-12,202.35,2022-12-28
3676,2,Internet,2022-12,228.38,2022-12-28
3677,2,Maintenance,2022-12,1142.77,2022-12-28
3678,2,Waste Management,2022-12,239.13,2022-12-28
3679,3,Rent,2022-12,9015.00,2022-12-28
3680,3,Electricity,2022-12,1119.47,2022-12-28
3681,3,Water,2022-12,148.47,2022-12-28
3682,3,Internet,2022-12,228.38,2022-12-28
3683,3,Maintenance,2022-12,794.70,2022-12-28
3684,3,Waste Management,2022-12,208.01,2022-12-28
3685,4,Rent,2022-12,7321.27,2022-12-28
3686,4,Electricity,2022-12,939.76,2022-12-28
3687,4,Water,2022-12,141.53,2022-12-28
3688,4,Internet,2022-12,228.38,2022-12-28
3689,4,Maintenance,2022-12,696.85,2022-12-28
3690,4,Waste Management,2022-12,159.97,2022-12-28
3691,5,Rent,2022-12,5682.18,2022-12-28
3692,5,Electricity,2022-12,741.21,2022-12-28
3693,5,Water,2022-12,91.90,2022-12-28
3694,5,Internet,2022-12,228.38,2022-12-28
3695,5,Maintenance,2022-12,438.95,2022-12-28
3696,5,Waste Management,2022-12,131.17,2022-12-28
3697,6,Rent,2022-12,7485.18,2022-12-28
3698,6,Electricity,2022-12,1015.08,2022-12-28
3699,6,Water,2022-12,142.83,2022-12-28
3700,6,Internet,2022-12,228.38,2022-12-28
3701,6,Maintenance,2022-12,615.18,2022-12-28
3702,6,Waste Management,2022-12,168.51,2022-12-28
3703,7,Rent,2022-12,6447.09,2022-12-28
3704,7,Electricity,2022-12,831.97,2022-12-28
3705,7,Water,2022-12,109.15,2022-12-28
3706,7,Internet,2022-12,228.38,2022-12-28
3707,7,Maintenance,2022-12,622.87,2022-12-28
3708,7,Waste Management,2022-12,140.06,2022-12-28
3709,8,Rent,2022-12,7048.09,2022-12-28
3710,8,Electricity,2022-12,887.40,2022-12-28
3711,8,Water,2022-12,117.45,2022-12-28
3712,8,Internet,2022-12,228.38,2022-12-28
3713,8,Maintenance,2022-12,712.56,2022-12-28
3714,8,Waste Management,2022-12,160.70,2022-12-28
3715,9,Rent,2022-12,5518.27,2022-12-28
3716,9,Electricity,2022-12,745.68,2022-12-28
3717,9,Water,2022-12,103.34,2022-12-28
3718,9,Internet,2022-12,228.38,2022-12-28
3719,9,Maintenance,2022-12,401.12,2022-12-28
3720,9,Waste Management,2022-12,128.02,2022-12-28
3721,10,Rent,2022-12,6829.54,2022-12-28
3722,10,Electricity,2022-12,876.73,2022-12-28
3723,10,Water,2022-12,118.64,2022-12-28
3724,10,Internet,2022-12,228.38,2022-12-28
3725,10,Maintenance,2022-12,486.68,2022-12-28
3726,10,Waste Management,2022-12,150.10,2022-12-28
3727,11,Rent,2022-12,6556.36,2022-12-28
3728,11,Electricity,2022-12,917.05,2022-12-28
3729,11,Water,2022-12,110.03,2022-12-28
3730,11,Internet,2022-12,228.38,2022-12-28
3731,11,Maintenance,2022-12,666.33,2022-12-28
3732,11,Waste Management,2022-12,142.37,2022-12-28
3733,12,Rent,2022-12,5299.73,2022-12-28
3734,12,Electricity,2022-12,634.87,2022-12-28
3735,12,Water,2022-12,103.01,2022-12-28
3736,12,Internet,2022-12,228.38,2022-12-28
3737,12,Maintenance,2022-12,504.34,2022-12-28
3738,12,Waste Management,2022-12,122.03,2022-12-28
3739,13,Rent,2022-12,3606.00,2022-12-28
3740,13,Electricity,2022-12,491.79,2022-12-28
3741,13,Water,2022-12,59.83,2022-12-28
3742,13,Internet,2022-12,228.38,2022-12-28
3743,13,Maintenance,2022-12,361.79,2022-12-28
3744,13,Waste Management,2022-12,82.21,2022-12-28
3745,1,Rent,2023-01,14575.34,2023-01-28
3746,1,Electricity,2023-01,1967.23,2023-01-28
3747,1,Water,2023-01,280.81,2023-01-28
3748,1,Internet,2023-01,235.23,2023-01-28
3749,1,Maintenance,2023-01,1170.90,2023-01-28
3750,1,Waste Management,2023-01,322.32,2023-01-28
3751,2,Rent,2023-01,11198.81,2023-01-28
3752,2,Electricity,2023-01,1354.98,2023-01-28
3753,2,Water,2023-01,189.30,2023-01-28
3754,2,Internet,2023-01,235.23,2023-01-28
3755,2,Maintenance,2023-01,1108.04,2023-01-28
3756,2,Waste Management,2023-01,244.43,2023-01-28
3757,3,Rent,2023-01,9285.45,2023-01-28
3758,3,Electricity,2023-01,1269.37,2023-01-28
3759,3,Water,2023-01,170.24,2023-01-28
3760,3,Internet,2023-01,235.23,2023-01-28
3761,3,Maintenance,2023-01,769.36,2023-01-28
3762,3,Waste Management,2023-01,214.71,2023-01-28
3763,4,Rent,2023-01,7540.91,2023-01-28
3764,4,Electricity,2023-01,905.68,2023-01-28
3765,4,Water,2023-01,147.48,2023-01-28
3766,4,Internet,2023-01,235.23,2023-01-28
3767,4,Maintenance,2023-01,706.84,2023-01-28
3768,4,Waste Management,2023-01,160.14,2023-01-28
3769,5,Rent,2023-01,5852.65,2023-01-28
3770,5,Electricity,2023-01,784.94,2023-01-28
3771,5,Water,2023-01,103.29,2023-01-28
3772,5,Internet,2023-01,235.23,2023-01-28
3773,5,Maintenance,2023-01,517.59,2023-01-28
3774,5,Waste Management,2023-01,124.20,2023-01-28
3775,6,Rent,2023-01,7709.74,2023-01-28
3776,6,Electricity,2023-01,1066.48,2023-01-28
3777,6,Water,2023-01,136.18,2023-01-28
3778,6,Internet,2023-01,235.23,2023-01-28
3779,6,Maintenance,2023-01,650.29,2023-01-28
3780,6,Waste Management,2023-01,167.10,2023-01-28
3781,7,Rent,2023-01,6640.50,2023-01-28
3782,7,Electricity,2023-01,908.00,2023-01-28
3783,7,Water,2023-01,118.16,2023-01-28
3784,7,Internet,2023-01,235.23,2023-01-28
3785,7,Maintenance,2023-01,688.22,2023-01-28
3786,7,Waste Management,2023-01,149.00,2023-01-28
3787,8,Rent,2023-01,7259.53,2023-01-28
3788,8,Electricity,2023-01,964.86,2023-01-28
3789,8,Water,2023-01,141.14,2023-01-28
3790,8,Internet,2023-01,235.23,2023-01-28
3791,8,Maintenance,2023-01,756.63,2023-01-28
3792,8,Waste Management,2023-01,157.28,2023-01-28
3793,9,Rent,2023-01,5683.82,2023-01-28
3794,9,Electricity,2023-01,685.26,2023-01-28
3795,9,Water,2023-01,107.09,2023-01-28
3796,9,Internet,2023-01,235.23,2023-01-28
3797,9,Maintenance,2023-01,623.40,2023-01-28
3798,9,Waste Management,2023-01,126.32,2023-01-28
3799,10,Rent,2023-01,7034.43,2023-01-28
3800,10,Electricity,2023-01,885.70,2023-01-28
3801,10,Water,2023-01,125.22,2023-01-28
3802,10,Internet,2023-01,235.23,2023-01-28
3803,10,Maintenance,2023-01,584.26,2023-01-28
3804,10,Waste Management,2023-01,150.77,2023-01-28
3805,11,Rent,2023-01,6753.05,2023-01-28
3806,11,Electricity,2023-01,873.44,2023-01-28
3807,11,Water,2023-01,131.87,2023-01-28
3808,11,Internet,2023-01,235.23,2023-01-28
3809,11,Maintenance,2023-01,709.28,2023-01-28
3810,11,Waste Management,2023-01,147.82,2023-01-28
3811,12,Rent,2023-01,5458.72,2023-01-28
3812,12,Electricity,2023-01,668.27,2023-01-28
3813,12,Water,2023-01,97.36,2023-01-28
3814,12,Internet,2023-01,235.23,2023-01-28
3815,12,Maintenance,2023-01,436.66,2023-01-28
3816,12,Waste Management,2023-01,118.63,2023-01-28
3817,13,Rent,2023-01,3714.18,2023-01-28
3818,13,Electricity,2023-01,456.74,2023-01-28
3819,13,Water,2023-01,61.18,2023-01-28
3820,13,Internet,2023-01,235.23,2023-01-28
3821,13,Maintenance,2023-01,413.14,2023-01-28
3822,13,Waste Management,2023-01,81.98,2023-01-28
3823,1,Rent,2023-02,14575.34,2023-02-28
3824,1,Electricity,2023-02,1921.62,2023-02-28
3825,1,Water,2023-02,263.11,2023-02-28
3826,1,Internet,2023-02,235.23,2023-02-28
3827,1,Maintenance,2023-02,1000.74,2023-02-28
3828,1,Waste Management,2023-02,327.74,2023-02-28
3829,2,Rent,2023-02,11198.81,2023-02-28
3830,2,Electricity,2023-02,1455.50,2023-02-28
3831,2,Water,2023-02,191.91,2023-02-28
3832,2,Internet,2023-02,235.23,2023-02-28
3833,2,Maintenance,2023-02,932.00,2023-02-28
3834,2,Waste Management,2023-02,245.23,2023-02-28
3835,3,Rent,2023-02,9285.45,2023-02-28
3836,3,Electricity,2023-02,1182.14,2023-02-28
3837,3,Water,2023-02,175.07,2023-02-28
3838,3,Internet,2023-02,235.23,2023-02-28
3839,3,Maintenance,2023-02,992.71,2023-02-28
3840,3,Waste Management,2023-02,207.20,2023-02-28
3841,4,Rent,2023-02,7540.91,2023-02-28
3842,4,Electricity,2023-02,1012.02,2023-02-28
3843,4,Water,2023-02,139.03,2023-02-28
3844,4,Internet,2023-02,235.23,2023-02-28
3845,4,Maintenance,2023-02,790.42,2023-02-28
3846,4,Waste Management,2023-02,166.92,2023-02-28
3847,5,Rent,2023-02,5852.65,2023-02-28
3848,5,Electricity,2023-02,714.30,2023-02-28
3849,5,Water,2023-02,106.09,2023-02-28
3850,5,Internet,2023-02,235.23,2023-02-28
3851,5,Maintenance,2023-02,480.80,2023-02-28
3852,5,Waste Management,2023-02,134.56,2023-02-28
3853,6,Rent,2023-02,7709.74,2023-02-28
3854,6,Electricity,2023-02,971.00,2023-02-28
3855,6,Water,2023-02,146.91,2023-02-28
3856,6,Internet,2023-02,235.23,2023-02-28
3857,6,Maintenance,2023-02,821.55,2023-02-28
3858,6,Waste Management,2023-02,178.05,2023-02-28
3859,7,Rent,2023-02,6640.50,2023-02-28
3860,7,Electricity,2023-02,854.80,2023-02-28
3861,7,Water,2023-02,117.66,2023-02-28
3862,7,Internet,2023-02,235.23,2023-02-28
3863,7,Maintenance,2023-02,529.26,2023-02-28
3864,7,Waste Management,2023-02,153.02,2023-02-28
3865,8,Rent,2023-02,7259.53,2023-02-28
3866,8,Electricity,2023-02,967.89,2023-02-28
3867,8,Water,2023-02,132.56,2023-02-28
3868,8,Internet,2023-02,235.23,2023-02-28
3869,8,Maintenance,2023-02,743.86,2023-02-28
3870,8,Waste Management,2023-02,166.07,2023-02-28
3871,9,Rent,2023-02,5683.82,2023-02-28
3872,9,Electricity,2023-02,706.92,2023-02-28
3873,9,Water,2023-02,91.98,2023-02-28
3874,9,Internet,2023-02,235.23,2023-02-28
3875,9,Maintenance,2023-02,458.22,2023-02-28
3876,9,Waste Management,2023-02,131.81,2023-02-28
3877,10,Rent,2023-02,7034.43,2023-02-28
3878,10,Electricity,2023-02,841.67,2023-02-28
3879,10,Water,2023-02,117.97,2023-02-28
3880,10,Internet,2023-02,235.23,2023-02-28
3881,10,Maintenance,2023-02,534.47,2023-02-28
3882,10,Waste Management,2023-02,160.17,2023-02-28
3883,11,Rent,2023-02,6753.05,2023-02-28
3884,11,Electricity,2023-02,878.73,2023-02-28
3885,11,Water,2023-02,109.28,2023-02-28
3886,11,Internet,2023-02,235.23,2023-02-28
3887,11,Maintenance,2023-02,610.96,2023-02-28
3888,11,Waste Management,2023-02,154.42,2023-02-28
3889,12,Rent,2023-02,5458.72,2023-02-28
3890,12,Electricity,2023-02,760.12,2023-02-28
3891,12,Water,2023-02,102.70,2023-02-28
3892,12,Internet,2023-02,235.23,2023-02-28
3893,12,Maintenance,2023-02,424.63,2023-02-28
3894,12,Waste Management,2023-02,123.02,2023-02-28
3895,13,Rent,2023-02,3714.18,2023-02-28
3896,13,Electricity,2023-02,509.51,2023-02-28
3897,13,Water,2023-02,71.38,2023-02-28
3898,13,Internet,2023-02,235.23,2023-02-28
3899,13,Maintenance,2023-02,319.04,2023-02-28
3900,13,Waste Management,2023-02,80.07,2023-02-28
3901,1,Rent,2023-03,14575.34,2023-03-28
3902,1,Electricity,2023-03,2194.44,2023-03-28
3903,1,Water,2023-03,250.61,2023-03-28
3904,1,Internet,2023-03,235.23,2023-03-28
3905,1,Maintenance,2023-03,1469.86,2023-03-28
3906,1,Waste Management,2023-03,306.91,2023-03-28
3907,2,Rent,2023-03,11198.81,2023-03-28
3908,2,Electricity,2023-03,1607.99,2023-03-28
3909,2,Water,2023-03,202.57,2023-03-28
3910,2,Internet,2023-03,235.23,2023-03-28
3911,2,Maintenance,2023-03,1282.54,2023-03-28
3912,2,Waste Management,2023-03,246.17,2023-03-28
3913,3,Rent,2023-03,9285.45,2023-03-28
3914,3,Electricity,2023-03,1263.69,2023-03-28
3915,3,Water,2023-03,171.93,2023-03-28
3916,3,Internet,2023-03,235.23,2023-03-28
3917,3,Maintenance,2023-03,848.44,2023-03-28
3918,3,Waste Management,2023-03,195.70,2023-03-28
3919,4,Rent,2023-03,7540.91,2023-03-28
3920,4,Electricity,2023-03,1121.40,2023-03-28
3921,4,Water,2023-03,128.48,2023-03-28
3922,4,Internet,2023-03,235.23,2023-03-28
3923,4,Maintenance,2023-03,782.63,2023-03-28
3924,4,Waste Management,2023-03,163.77,2023-03-28
3925,5,Rent,2023-03,5852.65,2023-03-28
3926,5,Electricity,2023-03,884.68,2023-03-28
3927,5,Water,2023-03,109.04,2023-03-28
3928,5,Internet,2023-03,235.23,2023-03-28
3929,5,Maintenance,2023-03,468.02,2023-03-28
3930,5,Waste Management,2023-03,128.08,2023-03-28
3931,6,Rent,2023-03,7709.74,2023-03-28
3932,6,Electricity,2023-03,1163.01,2023-03-28
3933,6,Water,2023-03,132.56,2023-03-28
3934,6,Internet,2023-03,235.23,2023-03-28
3935,6,Maintenance,2023-03,684.43,2023-03-28
3936,6,Waste Management,2023-03,169.21,2023-03-28
3937,7,Rent,2023-03,6640.50,2023-03-28
3938,7,Electricity,2023-03,947.17,2023-03-28
3939,7,Water,2023-03,128.12,2023-03-28
3940,7,Internet,2023-03,235.23,2023-03-28
3941,7,Maintenance,2023-03,723.48,2023-03-28
3942,7,Waste Management,2023-03,152.42,2023-03-28
3943,8,Rent,2023-03,7259.53,2023-03-28
3944,8,Electricity,2023-03,1062.83,2023-03-28
3945,8,Water,2023-03,118.80,2023-03-28
3946,8,Internet,2023-03,235.23,2023-03-28
3947,8,Maintenance,2023-03,802.80,2023-03-28
3948,8,Waste Management,2023-03,155.29,2023-03-28
3949,9,Rent,2023-03,5683.82,2023-03-28
3950,9,Electricity,2023-03,870.35,2023-03-28
3951,9,Water,2023-03,106.39,2023-03-28
3952,9,Internet,2023-03,235.23,2023-03-28
3953,9,Maintenance,2023-03,536.59,2023-03-28
3954,9,Waste Management,2023-03,130.94,2023-03-28
3955,10,Rent,2023-03,7034.43,2023-03-28
3956,10,Electricity,2023-03,1025.30,2023-03-28
3957,10,Water,2023-03,130.75,2023-03-28
3958,10,Internet,2023-03,235.23,2023-03-28
3959,10,Maintenance,2023-03,727.55,2023-03-28
3960,10,Waste Management,2023-03,148.72,2023-03-28
3961,11,Rent,2023-03,6753.05,2023-03-28
3962,11,Electricity,2023-03,976.62,2023-03-28
3963,11,Water,2023-03,113.29,2023-03-28
3964,11,Internet,2023-03,235.23,2023-03-28
3965,11,Maintenance,2023-03,506.99,2023-03-28
3966,11,Waste Management,2023-03,154.45,2023-03-28
3967,12,Rent,2023-03,5458.72,2023-03-28
3968,12,Electricity,2023-03,783.14,2023-03-28
3969,12,Water,2023-03,89.68,2023-03-28
3970,12,Internet,2023-03,235.23,2023-03-28
3971,12,Maintenance,2023-03,454.11,2023-03-28
3972,12,Waste Management,2023-03,120.28,2023-03-28
3973,13,Rent,2023-03,3714.18,2023-03-28
3974,13,Electricity,2023-03,556.02,2023-03-28
3975,13,Water,2023-03,59.65,2023-03-28
3976,13,Internet,2023-03,235.23,2023-03-28
3977,13,Maintenance,2023-03,265.98,2023-03-28
3978,13,Waste Management,2023-03,84.35,2023-03-28
3979,1,Rent,2023-04,14575.34,2023-04-28
3980,1,Electricity,2023-04,2082.95,2023-04-28
3981,1,Water,2023-04,284.89,2023-04-28
3982,1,Internet,2023-04,235.23,2023-04-28
3983,1,Maintenance,2023-04,1503.97,2023-04-28
3984,1,Waste Management,2023-04,332.99,2023-04-28
3985,2,Rent,2023-04,11198.81,2023-04-28
3986,2,Electricity,2023-04,1543.98,2023-04-28
3987,2,Water,2023-04,200.10,2023-04-28
3988,2,Internet,2023-04,235.23,2023-04-28
3989,2,Maintenance,2023-04,865.90,2023-04-28
3990,2,Waste Management,2023-04,258.29,2023-04-28
3991,3,Rent,2023-04,9285.45,2023-04-28
3992,3,Electricity,2023-04,1331.71,2023-04-28
3993,3,Water,2023-04,167.31,2023-04-28
3994,3,Internet,2023-04,235.23,2023-04-28
3995,3,Maintenance,2023-04,1057.02,2023-04-28
3996,3,Waste Management,2023-04,209.59,2023-04-28
3997,4,Rent,2023-04,7540.91,2023-04-28
3998,4,Electricity,2023-04,1087.42,2023-04-28
3999,4,Water,2023-04,126.60,2023-04-28
4000,4,Internet,2023-04,235.23,2023-04-28
4001,4,Maintenance,2023-04,545.04,2023-04-28
4002,4,Waste Management,2023-04,175.44,2023-04-28
4003,5,Rent,2023-04,5852.65,2023-04-28
4004,5,Electricity,2023-04,883.98,2023-04-28
4005,5,Water,2023-04,98.54,2023-04-28
4006,5,Internet,2023-04,235.23,2023-04-28
4007,5,Maintenance,2023-04,417.31,2023-04-28
4008,5,Waste Management,2023-04,132.03,2023-04-28
4009,6,Rent,2023-04,7709.74,2023-04-28
4010,6,Electricity,2023-04,1142.66,2023-04-28
4011,6,Water,2023-04,124.90,2023-04-28
4012,6,Internet,2023-04,235.23,2023-04-28
4013,6,Maintenance,2023-04,848.13,2023-04-28
4014,6,Waste Management,2023-04,170.79,2023-04-28
4015,7,Rent,2023-04,6640.50,2023-04-28
4016,7,Electricity,2023-04,1022.24,2023-04-28
4017,7,Water,2023-04,123.76,2023-04-28
4018,7,Internet,2023-04,235.23,2023-04-28
4019,7,Maintenance,2023-04,742.41,2023-04-28
4020,7,Waste Management,2023-04,147.82,2023-04-28
4021,8,Rent,2023-04,7259.53,2023-04-28
4022,8,Electricity,2023-04,1112.97,2023-04-28
4023,8,Water,2023-04,119.32,2023-04-28
4024,8,Internet,2023-04,235.23,2023-04-28
4025,8,Maintenance,2023-04,651.52,2023-04-28
4026,8,Waste Management,2023-04,155.74,2023-04-28
4027,9,Rent,2023-04,5683.82,2023-04-28
4028,9,Electricity,2023-04,873.61,2023-04-28
4029,9,Water,2023-04,96.26,2023-04-28
4030,9,Internet,2023-04,235.23,2023-04-28
4031,9,Maintenance,2023-04,402.36,2023-04-28
4032,9,Waste Management,2023-04,123.82,2023-04-28
4033,10,Rent,2023-04,7034.43,2023-04-28
4034,10,Electricity,2023-04,1045.59,2023-04-28
4035,10,Water,2023-04,127.14,2023-04-28
4036,10,Internet,2023-04,235.23,2023-04-28
4037,10,Maintenance,2023-04,768.17,2023-04-28
4038,10,Waste Management,2023-04,161.68,2023-04-28
4039,11,Rent,2023-04,6753.05,2023-04-28
4040,11,Electricity,2023-04,1003.83,2023-04-28
4041,11,Water,2023-04,121.73,2023-04-28
4042,11,Internet,2023-04,235.23,2023-04-28
4043,11,Maintenance,2023-04,689.67,2023-04-28
4044,11,Waste Management,2023-04,150.42,2023-04-28
4045,12,Rent,2023-04,5458.72,2023-04-28
4046,12,Electricity,2023-04,778.19,2023-04-28
4047,12,Water,2023-04,93.47,2023-04-28
4048,12,Internet,2023-04,235.23,2023-04-28
4049,12,Maintenance,2023-04,418.30,2023-04-28
4050,12,Waste Management,2023-04,122.04,2023-04-28
4051,13,Rent,2023-04,3714.18,2023-04-28
4052,13,Electricity,2023-04,533.28,2023-04-28
4053,13,Water,2023-04,63.90,2023-04-28
4054,13,Internet,2023-04,235.23,2023-04-28
4055,13,Maintenance,2023-04,336.64,2023-04-28
4056,13,Waste Management,2023-04,81.68,2023-04-28
4057,1,Rent,2023-05,14575.34,2023-05-28
4058,1,Electricity,2023-05,1956.84,2023-05-28
4059,1,Water,2023-05,244.03,2023-05-28
4060,1,Internet,2023-05,235.23,2023-05-28
4061,1,Maintenance,2023-05,1175.24,2023-05-28
4062,1,Waste Management,2023-05,331.61,2023-05-28
4063,2,Rent,2023-05,11198.81,2023-05-28
4064,2,Electricity,2023-05,1627.23,2023-05-28
4065,2,Water,2023-05,194.94,2023-05-28
4066,2,Internet,2023-05,235.23,2023-05-28
4067,2,Maintenance,2023-05,1293.72,2023-05-28
4068,2,Waste Management,2023-05,258.44,2023-05-28
4069,3,Rent,2023-05,9285.45,2023-05-28
4070,3,Electricity,2023-05,1402.83,2023-05-28
4071,3,Water,2023-05,179.25,2023-05-28
4072,3,Internet,2023-05,235.23,2023-05-28
4073,3,Maintenance,2023-05,994.07,2023-05-28
4074,3,Waste Management,2023-05,202.30,2023-05-28
4075,4,Rent,2023-05,7540.91,2023-05-28
4076,4,Electricity,2023-05,1019.10,2023-05-28
4077,4,Water,2023-05,129.01,2023-05-28
4078,4,Internet,2023-05,235.23,2023-05-28
4079,4,Maintenance,2023-05,724.32,2023-05-28
4080,4,Waste Management,2023-05,170.67,2023-05-28
4081,5,Rent,2023-05,5852.65,2023-05-28
4082,5,Electricity,2023-05,818.65,2023-05-28
4083,5,Water,2023-05,110.69,2023-05-28
4084,5,Internet,2023-05,235.23,2023-05-28
4085,5,Maintenance,2023-05,477.40,2023-05-28
4086,5,Waste Management,2023-05,134.73,2023-05-28
4087,6,Rent,2023-05,7709.74,2023-05-28
4088,6,Electricity,2023-05,1095.31,2023-05-28
4089,6,Water,2023-05,127.91,2023-05-28
4090,6,Internet,2023-05,235.23,2023-05-28
4091,6,Maintenance,2023-05,683.39,2023-05-28
4092,6,Waste Management,2023-05,169.54,2023-05-28
4093,7,Rent,2023-05,6640.50,2023-05-28
4094,7,Electricity,2023-05,999.49,2023-05-28
4095,7,Water,2023-05,116.07,2023-05-28
4096,7,Internet,2023-05,235.23,2023-05-28
4097,7,Maintenance,2023-05,733.57,2023-05-28
4098,7,Waste Management,2023-05,154.09,2023-05-28
4099,8,Rent,2023-05,7259.53,2023-05-28
4100,8,Electricity,2023-05,1003.25,2023-05-28
4101,8,Water,2023-05,117.14,2023-05-28
4102,8,Internet,2023-05,235.23,2023-05-28
4103,8,Maintenance,2023-05,645.20,2023-05-28
4104,8,Waste Management,2023-05,162.60,2023-05-28
4105,9,Rent,2023-05,5683.82,2023-05-28
4106,9,Electricity,2023-05,812.98,2023-05-28
4107,9,Water,2023-05,95.12,2023-05-28
4108,9,Internet,2023-05,235.23,2023-05-28
4109,9,Maintenance,2023-05,534.63,2023-05-28
4110,9,Waste Management,2023-05,127.13,2023-05-28
4111,10,Rent,2023-05,7034.43,2023-05-28
4112,10,Electricity,2023-05,998.30,2023-05-28
4113,10,Water,2023-05,123.98,2023-05-28
4114,10,Internet,2023-05,235.23,2023-05-28
4115,10,Maintenance,2023-05,586.76,2023-05-28
4116,10,Waste Management,2023-05,155.37,2023-05-28
4117,11,Rent,2023-05,6753.05,2023-05-28
4118,11,Electricity,2023-05,952.15,2023-05-28
4119,11,Water,2023-05,115.50,2023-05-28
4120,11,Internet,2023-05,235.23,2023-05-28
4121,11,Maintenance,2023-05,619.26,2023-05-28
4122,11,Waste Management,2023-05,147.39,2023-05-28
4123,12,Rent,2023-05,5458.72,2023-05-28
4124,12,Electricity,2023-05,839.30,2023-05-28
4125,12,Water,2023-05,105.55,2023-05-28
4126,12,Internet,2023-05,235.23,2023-05-28
4127,12,Maintenance,2023-05,614.54,2023-05-28
4128,12,Waste Management,2023-05,115.28,2023-05-28
4129,13,Rent,2023-05,3714.18,2023-05-28
4130,13,Electricity,2023-05,518.46,2023-05-28
4131,13,Water,2023-05,72.47,2023-05-28
4132,13,Internet,2023-05,235.23,2023-05-28
4133,13,Maintenance,2023-05,349.52,2023-05-28
4134,13,Waste Management,2023-05,84.11,2023-05-28
4135,1,Rent,2023-06,14575.34,2023-06-28
4136,1,Electricity,2023-06,2110.23,2023-06-28
4137,1,Water,2023-06,267.79,2023-06-28
4138,1,Internet,2023-06,235.23,2023-06-28
4139,1,Maintenance,2023-06,1569.15,2023-06-28
4140,1,Waste Management,2023-06,322.31,2023-06-28
4141,2,Rent,2023-06,11198.81,2023-06-28
4142,2,Electricity,2023-06,1720.40,2023-06-28
4143,2,Water,2023-06,205.19,2023-06-28
4144,2,Internet,2023-06,235.23,2023-06-28
4145,2,Maintenance,2023-06,1186.82,2023-06-28
4146,2,Waste Management,2023-06,239.63,2023-06-28
4147,3,Rent,2023-06,9285.45,2023-06-28
4148,3,Electricity,2023-06,1343.86,2023-06-28
4149,3,Water,2023-06,178.81,2023-06-28
4150,3,Internet,2023-06,235.23,2023-06-28
4151,3,Maintenance,2023-06,865.82,2023-06-28
4152,3,Waste Management,2023-06,210.67,2023-06-28
4153,4,Rent,2023-06,7540.91,2023-06-28
4154,4,Electricity,2023-06,1022.60,2023-06-28
4155,4,Water,2023-06,133.95,2023-06-28
4156,4,Internet,2023-06,235.23,2023-06-28
4157,4,Maintenance,2023-06,693.29,2023-06-28
4158,4,Waste Management,2023-06,164.31,2023-06-28
4159,5,Rent,2023-06,5852.65,2023-06-28
4160,5,Electricity,2023-06,871.86,2023-06-28
4161,5,Water,2023-06,99.75,2023-06-28
4162,5,Internet,2023-06,235.23,2023-06-28
4163,5,Maintenance,2023-06,544.61,2023-06-28
4164,5,Waste Management,2023-06,127.42,2023-06-28
4165,6,Rent,2023-06,7709.74,2023-06-28
4166,6,Electricity,2023-06,1053.51,2023-06-28
4167,6,Water,2023-06,125.55,2023-06-28
4168,6,Internet,2023-06,235.23,2023-06-28
4169,6,Maintenance,2023-06,811.37,2023-06-28
4170,6,Waste Management,2023-06,176.70,2023-06-28
4171,7,Rent,2023-06,6640.50,2023-06-28
4172,7,Electricity,2023-06,913.06,2023-06-28
4173,7,Water,2023-06,113.05,2023-06-28
4174,7,Internet,2023-06,235.23,2023-06-28
4175,7,Maintenance,2023-06,589.05,2023-06-28
4176,7,Waste Management,2023-06,145.90,2023-06-28
4177,8,Rent,2023-06,7259.53,2023-06-28
4178,8,Electricity,2023-06,1134.05,2023-06-28
4179,8,Water,2023-06,137.53,2023-06-28
4180,8,Internet,2023-06,235.23,2023-06-28
4181,8,Maintenance,2023-06,637.53,2023-06-28
4182,8,Waste Management,2023-06,156.05,2023-06-28
4183,9,Rent,2023-06,5683.82,2023-06-28
4184,9,Electricity,2023-06,821.68,2023-06-28
4185,9,Water,2023-06,97.51,2023-06-28
4186,9,Internet,2023-06,235.23,2023-06-28
4187,9,Maintenance,2023-06,420.99,2023-06-28
4188,9,Waste Management,2023-06,130.70,2023-06-28
4189,10,Rent,2023-06,7034.43,2023-06-28
4190,10,Electricity,2023-06,1082.02,2023-06-28
4191,10,Water,2023-06,129.26,2023-06-28
4192,10,Internet,2023-06,235.23,2023-06-28
4193,10,Maintenance,2023-06,674.31,2023-06-28
4194,10,Waste Management,2023-06,149.22,2023-06-28
4195,11,Rent,2023-06,6753.05,2023-06-28
4196,11,Electricity,2023-06,1013.81,2023-06-28
4197,11,Water,2023-06,112.23,2023-06-28
4198,11,Internet,2023-06,235.23,2023-06-28
4199,11,Maintenance,2023-06,642.96,2023-06-28
4200,11,Waste Management,2023-06,147.74,2023-06-28
4201,12,Rent,2023-06,5458.72,2023-06-28
4202,12,Electricity,2023-06,747.84,2023-06-28
4203,12,Water,2023-06,90.99,2023-06-28
4204,12,Internet,2023-06,235.23,2023-06-28
4205,12,Maintenance,2023-06,538.67,2023-06-28
4206,12,Waste Management,2023-06,123.97,2023-06-28
4207,13,Rent,2023-06,3714.18,2023-06-28
4208,13,Electricity,2023-06,570.55,2023-06-28
4209,13,Water,2023-06,72.38,2023-06-28
4210,13,Internet,2023-06,235.23,2023-06-28
4211,13,Maintenance,2023-06,301.95,2023-06-28
4212,13,Waste Management,2023-06,83.08,2023-06-28
4213,1,Rent,2023-07,14575.34,2023-07-28
4214,1,Electricity,2023-07,1759.35,2023-07-28
4215,1,Water,2023-07,254.76,2023-07-28
4216,1,Internet,2023-07,235.23,2023-07-28
4217,1,Maintenance,2023-07,1449.94,2023-07-28
4218,1,Waste Management,2023-07,315.92,2023-07-28
4219,2,Rent,2023-07,11198.81,2023-07-28
4220,2,Electricity,2023-07,1372.16,2023-07-28
4221,2,Water,2023-07,180.49,2023-07-28
4222,2,Internet,2023-07,235.23,2023-07-28
4223,2,Maintenance,2023-07,873.80,2023-07-28
4224,2,Waste Management,2023-07,239.45,2023-07-28
4225,3,Rent,2023-07,9285.45,2023-07-28
4226,3,Electricity,2023-07,1125.73,2023-07-28
4227,3,Water,2023-07,156.88,2023-07-28
4228,3,Internet,2023-07,235.23,2023-07-28
4229,3,Maintenance,2023-07,761.11,2023-07-28
4230,3,Waste Management,2023-07,209.15,2023-07-28
4231,4,Rent,2023-07,7540.91,2023-07-28
4232,4,Electricity,2023-07,960.82,2023-07-28
4233,4,Water,2023-07,124.82,2023-07-28
4234,4,Internet,2023-07,235.23,2023-07-28
4235,4,Maintenance,2023-07,762.04,2023-07-28
4236,4,Waste Management,2023-07,159.51,2023-07-28
4237,5,Rent,2023-07,5852.65,2023-07-28
4238,5,Electricity,2023-07,807.35,2023-07-28
4239,5,Water,2023-07,111.85,2023-07-28
4240,5,Internet,2023-07,235.23,2023-07-28
4241,5,Maintenance,2023-07,557.37,2023-07-28
4242,5,Waste Management,2023-07,133.90,2023-07-28
4243,6,Rent,2023-07,7709.74,2023-07-28
4244,6,Electricity,2023-07,1062.00,2023-07-28
4245,6,Water,2023-07,138.46,2023-07-28
4246,6,Internet,2023-07,235.23,2023-07-28
4247,6,Maintenance,2023-07,696.95,2023-07-28
4248,6,Waste Management,2023-07,172.67,2023-07-28
4249,7,Rent,2023-07,6640.50,2023-07-28
4250,7,Electricity,2023-07,907.64,2023-07-28
4251,7,Water,2023-07,120.21,2023-07-28
4252,7,Internet,2023-07,235.23,2023-07-28
4253,7,Maintenance,2023-07,588.02,2023-07-28
4254,7,Waste Management,2023-07,142.63,2023-07-28
4255,8,Rent,2023-07,7259.53,2023-07-28
4256,8,Electricity,2023-07,873.11,2023-07-28
4257,8,Water,2023-07,130.35,2023-07-28
4258,8,Internet,2023-07,235.23,2023-07-28
4259,8,Maintenance,2023-07,571.50,2023-07-28
4260,8,Waste Management,2023-07,167.21,2023-07-28
4261,9,Rent,2023-07,5683.82,2023-07-28
4262,9,Electricity,2023-07,729.01,2023-07-28
4263,9,Water,2023-07,103.76,2023-07-28
4264,9,Internet,2023-07,235.23,2023-07-28
4265,9,Maintenance,2023-07,586.95,2023-07-28
4266,9,Waste Management,2023-07,121.36,2023-07-28
4267,10,Rent,2023-07,7034.43,2023-07-28
4268,10,Electricity,2023-07,910.02,2023-07-28
4269,10,Water,2023-07,126.03,2023-07-28
4270,10,Internet,2023-07,235.23,2023-07-28
4271,10,Maintenance,2023-07,689.00,2023-07-28
4272,10,Waste Management,2023-07,160.89,2023-07-28
4273,11,Rent,2023-07,6753.05,2023-07-28
4274,11,Electricity,2023-07,889.79,2023-07-28
4275,11,Water,2023-07,129.83,2023-07-28
4276,11,Internet,2023-07,235.23,2023-07-28
4277,11,Maintenance,2023-07,535.15,2023-07-28
4278,11,Waste Management,2023-07,146.93,2023-07-28
4279,12,Rent,2023-07,5458.72,2023-07-28
4280,12,Electricity,2023-07,671.05,2023-07-28
4281,12,Water,2023-07,105.83,2023-07-28
4282,12,Internet,2023-07,235.23,2023-07-28
4283,12,Maintenance,2023-07,578.64,2023-07-28
4284,12,Waste Management,2023-07,119.30,2023-07-28
4285,13,Rent,2023-07,3714.18,2023-07-28
4286,13,Electricity,2023-07,506.12,2023-07-28
4287,13,Water,2023-07,68.70,2023-07-28
4288,13,Internet,2023-07,235.23,2023-07-28
4289,13,Maintenance,2023-07,346.02,2023-07-28
4290,13,Waste Management,2023-07,83.78,2023-07-28
4291,1,Rent,2023-08,14575.34,2023-08-28
4292,1,Electricity,2023-08,1795.21,2023-08-28
4293,1,Water,2023-08,250.11,2023-08-28
4294,1,Internet,2023-08,235.23,2023-08-28
4295,1,Maintenance,2023-08,1148.31,2023-08-28
4296,1,Waste Management,2023-08,326.88,2023-08-28
4297,2,Rent,2023-08,11198.81,2023-08-28
4298,2,Electricity,2023-08,1471.69,2023-08-28
4299,2,Water,2023-08,180.42,2023-08-28
4300,2,Internet,2023-08,235.23,2023-08-28
4301,2,Maintenance,2023-08,832.59,2023-08-28
4302,2,Waste Management,2023-08,254.54,2023-08-28
4303,3,Rent,2023-08,9285.45,2023-08-28
4304,3,Electricity,2023-08,1140.74,2023-08-28
4305,3,Water,2023-08,161.85,2023-08-28
4306,3,Internet,2023-08,235.23,2023-08-28
4307,3,Maintenance,2023-08,778.49,2023-08-28
4308,3,Waste Management,2023-08,210.02,2023-08-28
4309,4,Rent,2023-08,7540.91,2023-08-28
4310,4,Electricity,2023-08,915.88,2023-08-28
4311,4,Water,2023-08,139.02,2023-08-28
4312,4,Internet,2023-08,235.23,2023-08-28
4313,4,Maintenance,2023-08,849.71,2023-08-28
4314,4,Waste Management,2023-08,165.07,2023-08-28
4315,5,Rent,2023-08,5852.65,2023-08-28
4316,5,Electricity,2023-08,798.02,2023-08-28
4317,5,Water,2023-08,96.35,2023-08-28
4318,5,Internet,2023-08,235.23,2023-08-28
4319,5,Maintenance,2023-08,530.81,2023-08-28
4320,5,Waste Management,2023-08,127.23,2023-08-28
4321,6,Rent,2023-08,7709.74,2023-08-28
4322,6,Electricity,2023-08,950.34,2023-08-28
4323,6,Water,2023-08,126.92,2023-08-28
4324,6,Internet,2023-08,235.23,2023-08-28
4325,6,Maintenance,2023-08,538.81,2023-08-28
4326,6,Waste Management,2023-08,179.07,2023-08-28
4327,7,Rent,2023-08,6640.50,2023-08-28
4328,7,Electricity,2023-08,839.65,2023-08-28
4329,7,Water,2023-08,109.50,2023-08-28
4330,7,Internet,2023-08,235.23,2023-08-28
4331,7,Maintenance,2023-08,721.31,2023-08-28
4332,7,Waste Management,2023-08,140.80,2023-08-28
4333,8,Rent,2023-08,7259.53,2023-08-28
4334,8,Electricity,2023-08,934.14,2023-08-28
4335,8,Water,2023-08,134.48,2023-08-28
4336,8,Internet,2023-08,235.23,2023-08-28
4337,8,Maintenance,2023-08,620.27,2023-08-28
4338,8,Waste Management,2023-08,156.14,2023-08-28
4339,9,Rent,2023-08,5683.82,2023-08-28
4340,9,Electricity,2023-08,793.75,2023-08-28
4341,9,Water,2023-08,107.24,2023-08-28
4342,9,Internet,2023-08,235.23,2023-08-28
4343,9,Maintenance,2023-08,552.82,2023-08-28
4344,9,Waste Management,2023-08,120.55,2023-08-28
4345,10,Rent,2023-08,7034.43,2023-08-28
4346,10,Electricity,2023-08,909.59,2023-08-28
4347,10,Water,2023-08,131.03,2023-08-28
4348,10,Internet,2023-08,235.23,2023-08-28
4349,10,Maintenance,2023-08,786.54,2023-08-28
4350,10,Waste Management,2023-08,150.48,2023-08-28
4351,11,Rent,2023-08,6753.05,2023-08-28
4352,11,Electricity,2023-08,915.22,2023-08-28
4353,11,Water,2023-08,117.90,2023-08-28
4354,11,Internet,2023-08,235.23,2023-08-28
4355,11,Maintenance,2023-08,726.91,2023-08-28
4356,11,Waste Management,2023-08,142.38,2023-08-28
4357,12,Rent,2023-08,5458.72,2023-08-28
4358,12,Electricity,2023-08,703.39,2023-08-28
4359,12,Water,2023-08,104.11,2023-08-28
4360,12,Internet,2023-08,235.23,2023-08-28
4361,12,Maintenance,2023-08,543.95,2023-08-28
4362,12,Waste Management,2023-08,117.25,2023-08-28
4363,13,Rent,2023-08,3714.18,2023-08-28
4364,13,Electricity,2023-08,454.12,2023-08-28
4365,13,Water,2023-08,70.20,2023-08-28
4366,13,Internet,2023-08,235.23,2023-08-28
4367,13,Maintenance,2023-08,295.62,2023-08-28
4368,13,Waste Management,2023-08,84.22,2023-08-28
4369,1,Rent,2023-09,14575.34,2023-09-28
4370,1,Electricity,2023-09,1935.43,2023-09-28
4371,1,Water,2023-09,258.35,2023-09-28
4372,1,Internet,2023-09,235.23,2023-09-28
4373,1,Maintenance,2023-09,1178.51,2023-09-28
4374,1,Waste Management,2023-09,319.04,2023-09-28
4375,2,Rent,2023-09,11198.81,2023-09-28
4376,2,Electricity,2023-09,1337.80,2023-09-28
4377,2,Water,2023-09,198.96,2023-09-28
4378,2,Internet,2023-09,235.23,2023-09-28
4379,2,Maintenance,2023-09,1183.34,2023-09-28
4380,2,Waste Management,2023-09,237.53,2023-09-28
4381,3,Rent,2023-09,9285.45,2023-09-28
4382,3,Electricity,2023-09,1260.53,2023-09-28
4383,3,Water,2023-09,165.07,2023-09-28
4384,3,Internet,2023-09,235.23,2023-09-28
4385,3,Maintenance,2023-09,909.16,2023-09-28
4386,3,Waste Management,2023-09,197.78,2023-09-28
4387,4,Rent,2023-09,7540.91,2023-09-28
4388,4,Electricity,2023-09,1007.45,2023-09-28
4389,4,Water,2023-09,122.40,2023-09-28
4390,4,Internet,2023-09,235.23,2023-09-28
4391,4,Maintenance,2023-09,719.01,2023-09-28
4392,4,Waste Management,2023-09,162.47,2023-09-28
4393,5,Rent,2023-09,5852.65,2023-09-28
4394,5,Electricity,2023-09,745.61,2023-09-28
4395,5,Water,2023-09,103.42,2023-09-28
4396,5,Internet,2023-09,235.23,2023-09-28
4397,5,Maintenance,2023-09,497.14,2023-09-28
4398,5,Waste Management,2023-09,133.34,2023-09-28
4399,6,Rent,2023-09,7709.74,2023-09-28
4400,6,Electricity,2023-09,966.88,2023-09-28
4401,6,Water,2023-09,137.12,2023-09-28
4402,6,Internet,2023-09,235.23,2023-09-28
4403,6,Maintenance,2023-09,745.97,2023-09-28
4404,6,Waste Management,2023-09,173.46,2023-09-28
4405,7,Rent,2023-09,6640.50,2023-09-28
4406,7,Electricity,2023-09,896.60,2023-09-28
4407,7,Water,2023-09,115.36,2023-09-28
4408,7,Internet,2023-09,235.23,2023-09-28
4409,7,Maintenance,2023-09,561.63,2023-09-28
4410,7,Waste Management,2023-09,144.93,2023-09-28
4411,8,Rent,2023-09,7259.53,2023-09-28
4412,8,Electricity,2023-09,943.16,2023-09-28
4413,8,Water,2023-09,117.74,2023-09-28
4414,8,Internet,2023-09,235.23,2023-09-28
4415,8,Maintenance,2023-09,563.84,2023-09-28
4416,8,Waste Management,2023-09,167.96,2023-09-28
4417,9,Rent,2023-09,5683.82,2023-09-28
4418,9,Electricity,2023-09,705.15,2023-09-28
4419,9,Water,2023-09,92.11,2023-09-28
4420,9,Internet,2023-09,235.23,2023-09-28
4421,9,Maintenance,2023-09,642.17,2023-09-28
4422,9,Waste Management,2023-09,129.90,2023-09-28
4423,10,Rent,2023-09,7034.43,2023-09-28
4424,10,Electricity,2023-09,937.71,2023-09-28
4425,10,Water,2023-09,122.91,2023-09-28
4426,10,Internet,2023-09,235.23,2023-09-28
4427,10,Maintenance,2023-09,526.81,2023-09-28
4428,10,Waste Management,2023-09,153.40,2023-09-28
4429,11,Rent,2023-09,6753.05,2023-09-28
4430,11,Electricity,2023-09,912.86,2023-09-28
4431,11,Water,2023-09,126.78,2023-09-28
4432,11,Internet,2023-09,235.23,2023-09-28
4433,11,Maintenance,2023-09,684.04,2023-09-28
4434,11,Waste Management,2023-09,146.81,2023-09-28
4435,12,Rent,2023-09,5458.72,2023-09-28
4436,12,Electricity,2023-09,724.82,2023-09-28
4437,12,Water,2023-09,100.30,2023-09-28
4438,12,Internet,2023-09,235.23,2023-09-28
4439,12,Maintenance,2023-09,380.75,2023-09-28
4440,12,Waste Management,2023-09,117.87,2023-09-28
4441,13,Rent,2023-09,3714.18,2023-09-28
4442,13,Electricity,2023-09,459.68,2023-09-28
4443,13,Water,2023-09,63.70,2023-09-28
4444,13,Internet,2023-09,235.23,2023-09-28
4445,13,Maintenance,2023-09,255.25,2023-09-28
4446,13,Waste Management,2023-09,84.31,2023-09-28
4447,1,Rent,2023-10,14575.34,2023-10-28
4448,1,Electricity,2023-10,1932.34,2023-10-28
4449,1,Water,2023-10,273.63,2023-10-28
4450,1,Internet,2023-10,235.23,2023-10-28
4451,1,Maintenance,2023-10,1083.45,2023-10-28
4452,1,Waste Management,2023-10,317.36,2023-10-28
4453,2,Rent,2023-10,11198.81,2023-10-28
4454,2,Electricity,2023-10,1391.42,2023-10-28
4455,2,Water,2023-10,190.03,2023-10-28
4456,2,Internet,2023-10,235.23,2023-10-28
4457,2,Maintenance,2023-10,1279.89,2023-10-28
4458,2,Waste Management,2023-10,256.61,2023-10-28
4459,3,Rent,2023-10,9285.45,2023-10-28
4460,3,Electricity,2023-10,1117.12,2023-10-28
4461,3,Water,2023-10,153.41,2023-10-28
4462,3,Internet,2023-10,235.23,2023-10-28
4463,3,Maintenance,2023-10,624.59,2023-10-28
4464,3,Waste Management,2023-10,207.91,2023-10-28
4465,4,Rent,2023-10,7540.91,2023-10-28
4466,4,Electricity,2023-10,954.56,2023-10-28
4467,4,Water,2023-10,141.75,2023-10-28
4468,4,Internet,2023-10,235.23,2023-10-28
4469,4,Maintenance,2023-10,717.63,2023-10-28
4470,4,Waste Management,2023-10,160.34,2023-10-28
4471,5,Rent,2023-10,5852.65,2023-10-28
4472,5,Electricity,2023-10,703.58,2023-10-28
4473,5,Water,2023-10,95.08,2023-10-28
4474,5,Internet,2023-10,235.23,2023-10-28
4475,5,Maintenance,2023-10,454.50,2023-10-28
4476,5,Waste Management,2023-10,123.82,2023-10-28
4477,6,Rent,2023-10,7709.74,2023-10-28
4478,6,Electricity,2023-10,948.03,2023-10-28
4479,6,Water,2023-10,134.79,2023-10-28
4480,6,Internet,2023-10,235.23,2023-10-28
4481,6,Maintenance,2023-10,691.30,2023-10-28
4482,6,Waste Management,2023-10,174.04,2023-10-28
4483,7,Rent,2023-10,6640.50,2023-10-28
4484,7,Electricity,2023-10,881.04,2023-10-28
4485,7,Water,2023-10,121.97,2023-10-28
4486,7,Internet,2023-10,235.23,2023-10-28
4487,7,Maintenance,2023-10,749.03,2023-10-28
4488,7,Waste Management,2023-10,152.56,2023-10-28
4489,8,Rent,2023-10,7259.53,2023-10-28
4490,8,Electricity,2023-10,1003.18,2023-10-28
4491,8,Water,2023-10,126.42,2023-10-28
4492,8,Internet,2023-10,235.23,2023-10-28
4493,8,Maintenance,2023-10,556.01,2023-10-28
4494,8,Waste Management,2023-10,157.21,2023-10-28
4495,9,Rent,2023-10,5683.82,2023-10-28
4496,9,Electricity,2023-10,757.61,2023-10-28
4497,9,Water,2023-10,109.28,2023-10-28
4498,9,Internet,2023-10,235.23,2023-10-28
4499,9,Maintenance,2023-10,557.69,2023-10-28
4500,9,Waste Management,2023-10,129.09,2023-10-28
4501,10,Rent,2023-10,7034.43,2023-10-28
4502,10,Electricity,2023-10,858.40,2023-10-28
4503,10,Water,2023-10,127.27,2023-10-28
4504,10,Internet,2023-10,235.23,2023-10-28
4505,10,Maintenance,2023-10,682.24,2023-10-28
4506,10,Waste Management,2023-10,157.95,2023-10-28
4507,11,Rent,2023-10,6753.05,2023-10-28
4508,11,Electricity,2023-10,851.04,2023-10-28
4509,11,Water,2023-10,119.72,2023-10-28
4510,11,Internet,2023-10,235.23,2023-10-28
4511,11,Maintenance,2023-10,706.66,2023-10-28
4512,11,Waste Management,2023-10,154.14,2023-10-28
4513,12,Rent,2023-10,5458.72,2023-10-28
4514,12,Electricity,2023-10,741.34,2023-10-28
4515,12,Water,2023-10,88.62,2023-10-28
4516,12,Internet,2023-10,235.23,2023-10-28
4517,12,Maintenance,2023-10,557.50,2023-10-28
4518,12,Waste Management,2023-10,117.72,2023-10-28
4519,13,Rent,2023-10,3714.18,2023-10-28
4520,13,Electricity,2023-10,460.83,2023-10-28
4521,13,Water,2023-10,64.41,2023-10-28
4522,13,Internet,2023-10,235.23,2023-10-28
4523,13,Maintenance,2023-10,357.83,2023-10-28
4524,13,Waste Management,2023-10,86.07,2023-10-28
4525,1,Rent,2023-11,14575.34,2023-11-28
4526,1,Electricity,2023-11,1990.65,2023-11-28
4527,1,Water,2023-11,274.63,2023-11-28
4528,1,Internet,2023-11,235.23,2023-11-28
4529,1,Maintenance,2023-11,1257.26,2023-11-28
4530,1,Waste Management,2023-11,311.23,2023-11-28
4531,2,Rent,2023-11,11198.81,2023-11-28
4532,2,Electricity,2023-11,1499.98,2023-11-28
4533,2,Water,2023-11,207.87,2023-11-28
4534,2,Internet,2023-11,235.23,2023-11-28
4535,2,Maintenance,2023-11,863.60,2023-11-28
4536,2,Waste Management,2023-11,239.86,2023-11-28
4537,3,Rent,2023-11,9285.45,2023-11-28
4538,3,Electricity,2023-11,1219.74,2023-11-28
4539,3,Water,2023-11,152.33,2023-11-28
4540,3,Internet,2023-11,235.23,2023-11-28
4541,3,Maintenance,2023-11,984.17,2023-11-28
4542,3,Waste Management,2023-11,210.41,2023-11-28
4543,4,Rent,2023-11,7540.91,2023-11-28
4544,4,Electricity,2023-11,996.99,2023-11-28
4545,4,Water,2023-11,121.25,2023-11-28
4546,4,Internet,2023-11,235.23,2023-11-28
4547,4,Maintenance,2023-11,678.93,2023-11-28
4548,4,Waste Management,2023-11,167.47,2023-11-28
4549,5,Rent,2023-11,5852.65,2023-11-28
4550,5,Electricity,2023-11,698.92,2023-11-28
4551,5,Water,2023-11,105.73,2023-11-28
4552,5,Internet,2023-11,235.23,2023-11-28
4553,5,Maintenance,2023-11,619.89,2023-11-28
4554,5,Waste Management,2023-11,123.74,2023-11-28
4555,6,Rent,2023-11,7709.74,2023-11-28
4556,6,Electricity,2023-11,939.23,2023-11-28
4557,6,Water,2023-11,127.41,2023-11-28
4558,6,Internet,2023-11,235.23,2023-11-28
4559,6,Maintenance,2023-11,818.99,2023-11-28
4560,6,Waste Management,2023-11,174.54,2023-11-28
4561,7,Rent,2023-11,6640.50,2023-11-28
4562,7,Electricity,2023-11,855.87,2023-11-28
4563,7,Water,2023-11,123.61,2023-11-28
4564,7,Internet,2023-11,235.23,2023-11-28
4565,7,Maintenance,2023-11,637.77,2023-11-28
4566,7,Waste Management,2023-11,148.49,2023-11-28
4567,8,Rent,2023-11,7259.53,2023-11-28
4568,8,Electricity,2023-11,1001.37,2023-11-28
4569,8,Water,2023-11,135.10,2023-11-28
4570,8,Internet,2023-11,235.23,2023-11-28
4571,8,Maintenance,2023-11,822.26,2023-11-28
4572,8,Waste Management,2023-11,160.04,2023-11-28
4573,9,Rent,2023-11,5683.82,2023-11-28
4574,9,Electricity,2023-11,759.18,2023-11-28
4575,9,Water,2023-11,108.24,2023-11-28
4576,9,Internet,2023-11,235.23,2023-11-28
4577,9,Maintenance,2023-11,413.31,2023-11-28
4578,9,Waste Management,2023-11,121.74,2023-11-28
4579,10,Rent,2023-11,7034.43,2023-11-28
4580,10,Electricity,2023-11,877.44,2023-11-28
4581,10,Water,2023-11,115.20,2023-11-28
4582,10,Internet,2023-11,235.23,2023-11-28
4583,10,Maintenance,2023-11,662.99,2023-11-28
4584,10,Waste Management,2023-11,161.10,2023-11-28
4585,11,Rent,2023-11,6753.05,2023-11-28
4586,11,Electricity,2023-11,888.69,2023-11-28
4587,11,Water,2023-11,108.97,2023-11-28
4588,11,Internet,2023-11,235.23,2023-11-28
4589,11,Maintenance,2023-11,632.75,2023-11-28
4590,11,Waste Management,2023-11,142.43,2023-11-28
4591,12,Rent,2023-11,5458.72,2023-11-28
4592,12,Electricity,2023-11,669.48,2023-11-28
4593,12,Water,2023-11,98.66,2023-11-28
4594,12,Internet,2023-11,235.23,2023-11-28
4595,12,Maintenance,2023-11,418.30,2023-11-28
4596,12,Waste Management,2023-11,126.23,2023-11-28
4597,13,Rent,2023-11,3714.18,2023-11-28
4598,13,Electricity,2023-11,502.62,2023-11-28
4599,13,Water,2023-11,60.04,2023-11-28
4600,13,Internet,2023-11,235.23,2023-11-28
4601,13,Maintenance,2023-11,275.55,2023-11-28
4602,13,Waste Management,2023-11,83.38,2023-11-28
4603,1,Rent,2023-12,14575.34,2023-12-28
4604,1,Electricity,2023-12,1875.36,2023-12-28
4605,1,Water,2023-12,255.73,2023-12-28
4606,1,Internet,2023-12,235.23,2023-12-28
4607,1,Maintenance,2023-12,1478.71,2023-12-28
4608,1,Waste Management,2023-12,314.34,2023-12-28
4609,2,Rent,2023-12,11198.81,2023-12-28
4610,2,Electricity,2023-12,1491.39,2023-12-28
4611,2,Water,2023-12,210.17,2023-12-28
4612,2,Internet,2023-12,235.23,2023-12-28
4613,2,Maintenance,2023-12,858.42,2023-12-28
4614,2,Waste Management,2023-12,244.12,2023-12-28
4615,3,Rent,2023-12,9285.45,2023-12-28
4616,3,Electricity,2023-12,1203.17,2023-12-28
4617,3,Water,2023-12,157.13,2023-12-28
4618,3,Internet,2023-12,235.23,2023-12-28
4619,3,Maintenance,2023-12,837.00,2023-12-28
4620,3,Waste Management,2023-12,201.93,2023-12-28
4621,4,Rent,2023-12,7540.91,2023-12-28
4622,4,Electricity,2023-12,1030.16,2023-12-28
4623,4,Water,2023-12,140.82,2023-12-28
4624,4,Internet,2023-12,235.23,2023-12-28
4625,4,Maintenance,2023-12,539.92,2023-12-28
4626,4,Waste Management,2023-12,160.49,2023-12-28
4627,5,Rent,2023-12,5852.65,2023-12-28
4628,5,Electricity,2023-12,734.29,2023-12-28
4629,5,Water,2023-12,108.65,2023-12-28
4630,5,Internet,2023-12,235.23,2023-12-28
4631,5,Maintenance,2023-12,589.38,2023-12-28
4632,5,Waste Management,2023-12,130.50,2023-12-28
4633,6,Rent,2023-12,7709.74,2023-12-28
4634,6,Electricity,2023-12,961.54,2023-12-28
4635,6,Water,2023-12,133.92,2023-12-28
4636,6,Internet,2023-12,235.23,2023-12-28
4637,6,Maintenance,2023-12,846.14,2023-12-28
4638,6,Waste Management,2023-12,168.18,2023-12-28
4639,7,Rent,2023-12,6640.50,2023-12-28
4640,7,Electricity,2023-12,806.94,2023-12-28
4641,7,Water,2023-12,115.35,2023-12-28
4642,7,Internet,2023-12,235.23,2023-12-28
4643,7,Maintenance,2023-12,678.88,2023-12-28
4644,7,Waste Management,2023-12,140.24,2023-12-28
4645,8,Rent,2023-12,7259.53,2023-12-28
4646,8,Electricity,2023-12,868.22,2023-12-28
4647,8,Water,2023-12,134.38,2023-12-28
4648,8,Internet,2023-12,235.23,2023-12-28
4649,8,Maintenance,2023-12,743.88,2023-12-28
4650,8,Waste Management,2023-12,157.76,2023-12-28
4651,9,Rent,2023-12,5683.82,2023-12-28
4652,9,Electricity,2023-12,763.56,2023-12-28
4653,9,Water,2023-12,97.59,2023-12-28
4654,9,Internet,2023-12,235.23,2023-12-28
4655,9,Maintenance,2023-12,486.27,2023-12-28
4656,9,Waste Management,2023-12,129.55,2023-12-28
4657,10,Rent,2023-12,7034.43,2023-12-28
4658,10,Electricity,2023-12,925.26,2023-12-28
4659,10,Water,2023-12,120.72,2023-12-28
4660,10,Internet,2023-12,235.23,2023-12-28
4661,10,Maintenance,2023-12,808.25,2023-12-28
4662,10,Waste Management,2023-12,160.99,2023-12-28
4663,11,Rent,2023-12,6753.05,2023-12-28
4664,11,Electricity,2023-12,942.47,2023-12-28
4665,11,Water,2023-12,127.31,2023-12-28
4666,11,Internet,2023-12,235.23,2023-12-28
4667,11,Maintenance,2023-12,652.65,2023-12-28
4668,11,Waste Management,2023-12,144.50,2023-12-28
4669,12,Rent,2023-12,5458.72,2023-12-28
4670,12,Electricity,2023-12,666.42,2023-12-28
4671,12,Water,2023-12,93.44,2023-12-28
4672,12,Internet,2023-12,235.23,2023-12-28
4673,12,Maintenance,2023-12,377.24,2023-12-28
4674,12,Waste Management,2023-12,120.58,2023-12-28
4675,13,Rent,2023-12,3714.18,2023-12-28
4676,13,Electricity,2023-12,474.65,2023-12-28
4677,13,Water,2023-12,71.70,2023-12-28
4678,13,Internet,2023-12,235.23,2023-12-28
4679,13,Maintenance,2023-12,254.27,2023-12-28
4680,13,Waste Management,2023-12,82.98,2023-12-28
