sal_pay_ID,st_ID,pay_period,base_amt,bonus_amt,deduction_amt,payment_date
1,1,2019-01,4474.38,0.00,492.18,2019-01-25
2,2,2019-01,1483.25,0.00,163.16,2019-01-25
3,3,2019-01,1519.51,0.00,167.15,2019-01-25
4,4,2019-01,2090.60,0.00,229.97,2019-01-25
5,5,2019-01,1960.95,0.00,215.70,2019-01-25
6,6,2019-01,1549.07,0.00,170.40,2019-01-25
7,7,2019-01,2688.20,0.00,295.70,2019-01-25
8,8,2019-01,2298.83,0.00,252.87,2019-01-25
9,9,2019-01,1557.48,0.00,171.32,2019-01-25
10,10,2019-01,1600.76,0.00,176.08,2019-01-25
11,11,2019-01,2715.00,0.00,298.65,2019-01-25
12,12,2019-01,1940.79,0.00,213.49,2019-01-25
13,13,2019-01,3029.85,0.00,333.28,2019-01-25
14,14,2019-01,1879.53,0.00,206.75,2019-01-25
15,15,2019-01,1672.94,0.00,184.02,2019-01-25
16,16,2019-01,1747.95,0.00,192.27,2019-01-25
17,17,2019-01,1576.52,0.00,173.42,2019-01-25
18,18,2019-01,1591.06,0.00,175.02,2019-01-25
19,19,2019-01,1564.05,0.00,172.05,2019-01-25
20,20,2019-01,1509.86,0.00,166.08,2019-01-25
21,28,2019-01,4278.57,0.00,470.64,2019-01-25
22,29,2019-01,1534.48,0.00,168.79,2019-01-25
23,30,2019-01,2627.46,0.00,289.02,2019-01-25
24,31,2019-01,1750.26,0.00,192.53,2019-01-25
25,32,2019-01,2240.85,0.00,246.49,2019-01-25
26,33,2019-01,1713.12,0.00,188.44,2019-01-25
27,34,2019-01,1665.78,0.00,183.24,2019-01-25
28,35,2019-01,1669.65,0.00,183.66,2019-01-25
29,36,2019-01,1970.66,0.00,216.77,2019-01-25
30,37,2019-01,2726.75,0.00,299.94,2019-01-25
31,38,2019-01,1517.19,0.00,166.89,2019-01-25
32,39,2019-01,1747.66,0.00,192.24,2019-01-25
33,40,2019-01,2027.11,0.00,222.98,2019-01-25
34,41,2019-01,1989.40,0.00,218.83,2019-01-25
35,42,2019-01,2305.30,0.00,253.58,2019-01-25
36,43,2019-01,1505.05,0.00,165.56,2019-01-25
37,44,2019-01,1606.14,0.00,176.68,2019-01-25
38,45,2019-01,1490.95,0.00,164.00,2019-01-25
39,46,2019-01,2646.00,0.00,291.06,2019-01-25
40,47,2019-01,1685.13,0.00,185.36,2019-01-25
41,48,2019-01,1556.75,0.00,171.24,2019-01-25
42,49,2019-01,1660.90,0.00,182.70,2019-01-25
43,50,2019-01,1624.65,0.00,178.71,2019-01-25
44,60,2019-01,4735.02,0.00,520.85,2019-01-25
45,61,2019-01,2116.77,0.00,232.84,2019-01-25
46,62,2019-01,1760.89,0.00,193.70,2019-01-25
47,63,2019-01,2162.10,0.00,237.83,2019-01-25
48,64,2019-01,1604.26,0.00,176.47,2019-01-25
49,65,2019-01,1790.82,0.00,196.99,2019-01-25
50,66,2019-01,1702.20,0.00,187.24,2019-01-25
51,67,2019-01,1918.80,0.00,211.07,2019-01-25
52,68,2019-01,1696.82,0.00,186.65,2019-01-25
53,69,2019-01,1455.58,0.00,160.11,2019-01-25
54,70,2019-01,2274.94,0.00,250.24,2019-01-25
55,71,2019-01,2967.91,0.00,326.47,2019-01-25
56,72,2019-01,2686.00,0.00,295.46,2019-01-25
57,73,2019-01,1738.11,0.00,191.19,2019-01-25
58,74,2019-01,1685.27,0.00,185.38,2019-01-25
59,75,2019-01,1700.17,0.00,187.02,2019-01-25
60,76,2019-01,1792.88,0.00,197.22,2019-01-25
61,82,2019-01,4753.69,0.00,522.91,2019-01-25
62,83,2019-01,2760.39,0.00,303.64,2019-01-25
63,84,2019-01,1595.30,0.00,175.48,2019-01-25
64,85,2019-01,2785.32,0.00,306.39,2019-01-25
65,86,2019-01,1502.13,0.00,165.23,2019-01-25
66,87,2019-01,2078.84,0.00,228.67,2019-01-25
67,88,2019-01,1537.48,0.00,169.12,2019-01-25
68,89,2019-01,2183.53,0.00,240.19,2019-01-25
69,90,2019-01,1789.61,0.00,196.86,2019-01-25
70,91,2019-01,1721.22,0.00,189.33,2019-01-25
71,92,2019-01,1846.58,0.00,203.12,2019-01-25
72,93,2019-01,1523.12,0.00,167.54,2019-01-25
73,94,2019-01,1905.08,0.00,209.56,2019-01-25
74,95,2019-01,1583.31,0.00,174.16,2019-01-25
75,100,2019-01,4727.32,0.00,520.01,2019-01-25
76,101,2019-01,1589.89,0.00,174.89,2019-01-25
77,102,2019-01,1580.45,0.00,173.85,2019-01-25
78,103,2019-01,2756.84,0.00,303.25,2019-01-25
79,104,2019-01,1629.82,0.00,179.28,2019-01-25
80,105,2019-01,2169.67,0.00,238.66,2019-01-25
81,106,2019-01,2052.09,0.00,225.73,2019-01-25
82,107,2019-01,2647.33,0.00,291.21,2019-01-25
83,108,2019-01,2062.53,0.00,226.88,2019-01-25
84,109,2019-01,1551.80,0.00,170.70,2019-01-25
85,110,2019-01,1683.78,0.00,185.22,2019-01-25
86,111,2019-01,1536.46,0.00,169.01,2019-01-25
87,115,2019-01,4365.95,0.00,480.25,2019-01-25
88,116,2019-01,2222.76,0.00,244.50,2019-01-25
89,117,2019-01,1534.92,0.00,168.84,2019-01-25
90,118,2019-01,2753.83,0.00,302.92,2019-01-25
91,119,2019-01,1619.35,0.00,178.13,2019-01-25
92,120,2019-01,1513.92,0.00,166.53,2019-01-25
93,121,2019-01,1759.24,0.00,193.52,2019-01-25
94,122,2019-01,1603.65,0.00,176.40,2019-01-25
95,123,2019-01,1572.59,0.00,172.98,2019-01-25
96,124,2019-01,2086.46,0.00,229.51,2019-01-25
97,125,2019-01,2220.42,0.00,244.25,2019-01-25
98,126,2019-01,3056.45,0.00,336.21,2019-01-25
99,127,2019-01,1547.30,0.00,170.20,2019-01-25
100,128,2019-01,1492.16,0.00,164.14,2019-01-25
101,129,2019-01,1604.39,0.00,176.48,2019-01-25
102,136,2019-01,4768.09,0.00,524.49,2019-01-25
103,137,2019-01,1595.58,0.00,175.51,2019-01-25
104,138,2019-01,2812.21,0.00,309.34,2019-01-25
105,139,2019-01,1469.74,0.00,161.67,2019-01-25
106,140,2019-01,1686.45,0.00,185.51,2019-01-25
107,141,2019-01,2239.18,0.00,246.31,2019-01-25
108,142,2019-01,1709.64,0.00,188.06,2019-01-25
109,143,2019-01,2005.63,0.00,220.62,2019-01-25
110,144,2019-01,2093.11,0.00,230.24,2019-01-25
111,145,2019-01,1464.42,0.00,161.09,2019-01-25
112,146,2019-01,2658.42,0.00,292.43,2019-01-25
113,147,2019-01,1640.70,0.00,180.48,2019-01-25
114,148,2019-01,1767.58,0.00,194.43,2019-01-25
115,149,2019-01,1545.88,0.00,170.05,2019-01-25
116,156,2019-01,4447.69,0.00,489.25,2019-01-25
117,157,2019-01,1858.45,0.00,204.43,2019-01-25
118,158,2019-01,1650.21,0.00,181.52,2019-01-25
119,159,2019-01,1947.00,0.00,214.17,2019-01-25
120,160,2019-01,2695.28,0.00,296.48,2019-01-25
121,161,2019-01,2066.82,0.00,227.35,2019-01-25
122,162,2019-01,1456.76,0.00,160.24,2019-01-25
123,163,2019-01,1959.21,0.00,215.51,2019-01-25
124,164,2019-01,1786.29,0.00,196.49,2019-01-25
125,165,2019-01,1552.98,0.00,170.83,2019-01-25
126,166,2019-01,2894.12,0.00,318.35,2019-01-25
127,167,2019-01,1487.93,0.00,163.67,2019-01-25
128,168,2019-01,1689.23,0.00,185.82,2019-01-25
129,169,2019-01,1784.06,0.00,196.25,2019-01-25
130,176,2019-01,4378.09,0.00,481.59,2019-01-25
131,177,2019-01,1662.28,0.00,182.85,2019-01-25
132,178,2019-01,1713.48,0.00,188.48,2019-01-25
133,179,2019-01,3004.11,0.00,330.45,2019-01-25
134,180,2019-01,1741.06,0.00,191.52,2019-01-25
135,181,2019-01,1473.61,0.00,162.10,2019-01-25
136,182,2019-01,1755.53,0.00,193.11,2019-01-25
137,183,2019-01,2074.16,0.00,228.16,2019-01-25
138,184,2019-01,2181.28,0.00,239.94,2019-01-25
139,185,2019-01,1661.16,0.00,182.73,2019-01-25
140,186,2019-01,1673.87,0.00,184.13,2019-01-25
141,187,2019-01,1678.59,0.00,184.64,2019-01-25
142,191,2019-01,4676.54,0.00,514.42,2019-01-25
143,192,2019-01,1820.12,0.00,200.21,2019-01-25
144,193,2019-01,2207.56,0.00,242.83,2019-01-25
145,194,2019-01,2917.56,0.00,320.93,2019-01-25
146,195,2019-01,3048.36,0.00,335.32,2019-01-25
147,196,2019-01,2098.75,0.00,230.86,2019-01-25
148,197,2019-01,1733.14,0.00,190.65,2019-01-25
149,198,2019-01,1766.16,0.00,194.28,2019-01-25
150,199,2019-01,1512.48,0.00,166.37,2019-01-25
151,200,2019-01,1635.00,0.00,179.85,2019-01-25
152,201,2019-01,1950.75,0.00,214.58,2019-01-25
153,202,2019-01,1704.20,0.00,187.46,2019-01-25
154,203,2019-01,1726.15,0.00,189.88,2019-01-25
155,204,2019-01,1735.80,0.00,190.94,2019-01-25
156,207,2019-01,4219.23,0.00,464.12,2019-01-25
157,208,2019-01,1458.72,0.00,160.46,2019-01-25
158,209,2019-01,1549.56,0.00,170.45,2019-01-25
159,210,2019-01,1875.90,0.00,206.35,2019-01-25
160,211,2019-01,1469.13,0.00,161.60,2019-01-25
161,212,2019-01,1530.13,0.00,168.31,2019-01-25
162,213,2019-01,2061.62,0.00,226.78,2019-01-25
163,214,2019-01,2143.84,0.00,235.82,2019-01-25
164,215,2019-01,2719.42,0.00,299.14,2019-01-25
165,216,2019-01,2719.54,0.00,299.15,2019-01-25
166,217,2019-01,1976.54,0.00,217.42,2019-01-25
167,218,2019-01,1578.68,0.00,173.65,2019-01-25
168,219,2019-01,1714.16,0.00,188.56,2019-01-25
169,225,2019-01,4492.94,0.00,494.22,2019-01-25
170,226,2019-01,1756.06,0.00,193.17,2019-01-25
171,227,2019-01,1685.71,0.00,185.43,2019-01-25
172,228,2019-01,2995.73,0.00,329.53,2019-01-25
173,229,2019-01,1570.32,0.00,172.74,2019-01-25
174,230,2019-01,1468.46,0.00,161.53,2019-01-25
175,231,2019-01,1906.27,0.00,209.69,2019-01-25
176,232,2019-01,1463.74,0.00,161.01,2019-01-25
177,233,2019-01,1612.15,0.00,177.34,2019-01-25
178,234,2019-01,2231.71,0.00,245.49,2019-01-25
179,235,2019-01,1524.24,0.00,167.67,2019-01-25
180,236,2019-01,1786.89,0.00,196.56,2019-01-25
181,237,2019-01,4678.07,0.00,514.59,2019-01-25
182,1,2019-02,4475.32,0.00,492.29,2019-02-25
183,2,2019-02,1488.40,0.00,163.72,2019-02-25
184,3,2019-02,1510.57,0.00,166.16,2019-02-25
185,4,2019-02,2108.95,0.00,231.98,2019-02-25
186,5,2019-02,1963.75,0.00,216.01,2019-02-25
187,6,2019-02,1541.48,0.00,169.56,2019-02-25
188,7,2019-02,2702.63,0.00,297.29,2019-02-25
189,8,2019-02,2285.18,0.00,251.37,2019-02-25
190,9,2019-02,1565.95,0.00,172.25,2019-02-25
191,10,2019-02,1599.39,0.00,175.93,2019-02-25
192,11,2019-02,2711.31,0.00,298.24,2019-02-25
193,12,2019-02,1948.40,0.00,214.32,2019-02-25
194,13,2019-02,3034.43,0.00,333.79,2019-02-25
195,14,2019-02,1880.56,0.00,206.86,2019-02-25
196,15,2019-02,1685.67,0.00,185.42,2019-02-25
197,16,2019-02,1751.51,0.00,192.67,2019-02-25
198,17,2019-02,1581.39,0.00,173.95,2019-02-25
199,18,2019-02,1599.53,0.00,175.95,2019-02-25
200,19,2019-02,1552.78,0.00,170.81,2019-02-25
201,20,2019-02,1522.71,0.00,167.50,2019-02-25
202,28,2019-02,4269.18,0.00,469.61,2019-02-25
203,29,2019-02,1535.76,0.00,168.93,2019-02-25
204,30,2019-02,2616.94,0.00,287.86,2019-02-25
205,31,2019-02,1742.39,0.00,191.66,2019-02-25
206,32,2019-02,2238.34,0.00,246.22,2019-02-25
207,33,2019-02,1708.19,0.00,187.90,2019-02-25
208,34,2019-02,1675.08,0.00,184.26,2019-02-25
209,35,2019-02,1673.54,0.00,184.09,2019-02-25
210,36,2019-02,1977.53,0.00,217.53,2019-02-25
211,37,2019-02,2703.17,0.00,297.35,2019-02-25
212,38,2019-02,1511.95,0.00,166.31,2019-02-25
213,39,2019-02,1743.12,0.00,191.74,2019-02-25
214,40,2019-02,2023.69,0.00,222.61,2019-02-25
215,41,2019-02,1987.56,0.00,218.63,2019-02-25
216,42,2019-02,2292.05,0.00,252.13,2019-02-25
217,43,2019-02,1504.23,0.00,165.47,2019-02-25
218,44,2019-02,1601.67,0.00,176.18,2019-02-25
219,45,2019-02,1494.88,0.00,164.44,2019-02-25
220,46,2019-02,2637.55,0.00,290.13,2019-02-25
221,47,2019-02,1675.02,0.00,184.25,2019-02-25
222,48,2019-02,1548.68,0.00,170.35,2019-02-25
223,49,2019-02,1652.74,0.00,181.80,2019-02-25
224,50,2019-02,1614.46,0.00,177.59,2019-02-25
225,51,2019-02,1770.32,0.00,194.74,2019-02-25
226,60,2019-02,4709.87,0.00,518.09,2019-02-25
227,61,2019-02,2105.81,0.00,231.64,2019-02-25
228,62,2019-02,1753.98,0.00,192.94,2019-02-25
229,63,2019-02,2161.11,0.00,237.72,2019-02-25
230,64,2019-02,1602.17,0.00,176.24,2019-02-25
231,65,2019-02,1779.18,0.00,195.71,2019-02-25
232,66,2019-02,1708.16,0.00,187.90,2019-02-25
233,67,2019-02,1925.87,0.00,211.85,2019-02-25
234,68,2019-02,1699.20,0.00,186.91,2019-02-25
235,69,2019-02,1457.25,0.00,160.30,2019-02-25
236,70,2019-02,2270.00,0.00,249.70,2019-02-25
237,71,2019-02,2953.91,0.00,324.93,2019-02-25
238,72,2019-02,2698.73,0.00,296.86,2019-02-25
239,73,2019-02,1722.17,0.00,189.44,2019-02-25
240,74,2019-02,1685.68,0.00,185.42,2019-02-25
241,75,2019-02,1702.32,0.00,187.26,2019-02-25
242,76,2019-02,1801.78,0.00,198.20,2019-02-25
243,82,2019-02,4788.53,0.00,526.74,2019-02-25
244,83,2019-02,2764.01,0.00,304.04,2019-02-25
245,84,2019-02,1586.96,0.00,174.57,2019-02-25
246,85,2019-02,2779.91,0.00,305.79,2019-02-25
247,86,2019-02,1500.90,0.00,165.10,2019-02-25
248,87,2019-02,2072.31,0.00,227.95,2019-02-25
249,88,2019-02,1548.07,0.00,170.29,2019-02-25
250,89,2019-02,2173.57,0.00,239.09,2019-02-25
251,90,2019-02,1791.86,0.00,197.10,2019-02-25
252,91,2019-02,1706.78,0.00,187.75,2019-02-25
253,92,2019-02,1849.62,0.00,203.46,2019-02-25
254,93,2019-02,1522.89,0.00,167.52,2019-02-25
255,94,2019-02,1900.61,0.00,209.07,2019-02-25
256,95,2019-02,1588.38,0.00,174.72,2019-02-25
257,100,2019-02,4719.46,0.00,519.14,2019-02-25
258,101,2019-02,1597.62,0.00,175.74,2019-02-25
259,102,2019-02,1584.42,0.00,174.29,2019-02-25
260,103,2019-02,2739.01,0.00,301.29,2019-02-25
261,104,2019-02,1615.81,0.00,177.74,2019-02-25
262,105,2019-02,2168.15,0.00,238.50,2019-02-25
263,106,2019-02,2051.30,0.00,225.64,2019-02-25
264,107,2019-02,2649.11,0.00,291.40,2019-02-25
265,108,2019-02,2045.54,0.00,225.01,2019-02-25
266,109,2019-02,1552.05,0.00,170.73,2019-02-25
267,110,2019-02,1681.63,0.00,184.98,2019-02-25
268,111,2019-02,1527.85,0.00,168.06,2019-02-25
269,115,2019-02,4341.02,0.00,477.51,2019-02-25
270,116,2019-02,2203.05,0.00,242.34,2019-02-25
271,117,2019-02,1538.50,0.00,169.24,2019-02-25
272,118,2019-02,2745.91,0.00,302.05,2019-02-25
273,119,2019-02,1603.68,0.00,176.40,2019-02-25
274,120,2019-02,1514.00,0.00,166.54,2019-02-25
275,121,2019-02,1763.00,0.00,193.93,2019-02-25
276,122,2019-02,1594.08,0.00,175.35,2019-02-25
277,123,2019-02,1577.85,0.00,173.56,2019-02-25
278,124,2019-02,2087.35,0.00,229.61,2019-02-25
279,125,2019-02,2241.50,0.00,246.56,2019-02-25
280,126,2019-02,3062.83,0.00,336.91,2019-02-25
281,127,2019-02,1552.52,0.00,170.78,2019-02-25
282,128,2019-02,1488.13,0.00,163.69,2019-02-25
283,129,2019-02,1597.28,0.00,175.70,2019-02-25
284,130,2019-02,1808.64,0.00,198.95,2019-02-25
285,136,2019-02,4785.02,0.00,526.35,2019-02-25
286,137,2019-02,1592.77,0.00,175.20,2019-02-25
287,138,2019-02,2834.73,0.00,311.82,2019-02-25
288,139,2019-02,1474.28,0.00,162.17,2019-02-25
289,140,2019-02,1686.52,0.00,185.52,2019-02-25
290,141,2019-02,2238.58,0.00,246.24,2019-02-25
291,142,2019-02,1707.88,0.00,187.87,2019-02-25
292,143,2019-02,2012.41,0.00,221.37,2019-02-25
293,144,2019-02,2095.92,0.00,230.55,2019-02-25
294,145,2019-02,1463.86,0.00,161.02,2019-02-25
295,146,2019-02,2657.00,0.00,292.27,2019-02-25
296,147,2019-02,1637.30,0.00,180.10,2019-02-25
297,148,2019-02,1758.54,0.00,193.44,2019-02-25
298,149,2019-02,1549.34,0.00,170.43,2019-02-25
299,156,2019-02,4426.26,0.00,486.89,2019-02-25
300,157,2019-02,1845.55,0.00,203.01,2019-02-25
301,158,2019-02,1649.63,0.00,181.46,2019-02-25
302,159,2019-02,1937.33,0.00,213.11,2019-02-25
303,160,2019-02,2711.56,0.00,298.27,2019-02-25
304,161,2019-02,2064.43,0.00,227.09,2019-02-25
305,162,2019-02,1449.48,0.00,159.44,2019-02-25
306,163,2019-02,1949.62,0.00,214.46,2019-02-25
307,164,2019-02,1782.31,0.00,196.05,2019-02-25
308,165,2019-02,1558.21,0.00,171.40,2019-02-25
309,166,2019-02,2895.38,0.00,318.49,2019-02-25
310,167,2019-02,1482.28,0.00,163.05,2019-02-25
311,168,2019-02,1685.09,0.00,185.36,2019-02-25
312,169,2019-02,1781.73,0.00,195.99,2019-02-25
313,176,2019-02,4413.36,0.00,485.47,2019-02-25
314,177,2019-02,1663.09,0.00,182.94,2019-02-25
315,178,2019-02,1714.95,0.00,188.64,2019-02-25
316,179,2019-02,3007.60,0.00,330.84,2019-02-25
317,180,2019-02,1733.47,0.00,190.68,2019-02-25
318,181,2019-02,1472.39,0.00,161.96,2019-02-25
319,182,2019-02,1753.30,0.00,192.86,2019-02-25
320,183,2019-02,2085.77,0.00,229.43,2019-02-25
321,184,2019-02,2171.39,0.00,238.85,2019-02-25
322,185,2019-02,1660.11,0.00,182.61,2019-02-25
323,186,2019-02,1671.38,0.00,183.85,2019-02-25
324,187,2019-02,1677.06,0.00,184.48,2019-02-25
325,191,2019-02,4663.36,0.00,512.97,2019-02-25
326,192,2019-02,1836.03,0.00,201.96,2019-02-25
327,193,2019-02,2192.75,0.00,241.20,2019-02-25
328,194,2019-02,2895.06,0.00,318.46,2019-02-25
329,195,2019-02,3050.58,0.00,335.56,2019-02-25
330,196,2019-02,2088.89,0.00,229.78,2019-02-25
331,197,2019-02,1719.88,0.00,189.19,2019-02-25
332,198,2019-02,1767.92,0.00,194.47,2019-02-25
333,199,2019-02,1511.50,0.00,166.27,2019-02-25
334,200,2019-02,1634.22,0.00,179.76,2019-02-25
335,201,2019-02,1946.67,0.00,214.13,2019-02-25
336,202,2019-02,1700.42,0.00,187.05,2019-02-25
337,203,2019-02,1712.33,0.00,188.36,2019-02-25
338,204,2019-02,1748.48,0.00,192.33,2019-02-25
339,207,2019-02,4208.13,0.00,462.89,2019-02-25
340,208,2019-02,1458.84,0.00,160.47,2019-02-25
341,209,2019-02,1550.97,0.00,170.61,2019-02-25
342,210,2019-02,1878.23,0.00,206.61,2019-02-25
343,211,2019-02,1475.06,0.00,162.26,2019-02-25
344,212,2019-02,1530.28,0.00,168.33,2019-02-25
345,213,2019-02,2074.73,0.00,228.22,2019-02-25
346,214,2019-02,2138.38,0.00,235.22,2019-02-25
347,215,2019-02,2706.83,0.00,297.75,2019-02-25
348,216,2019-02,2713.20,0.00,298.45,2019-02-25
349,217,2019-02,1981.55,0.00,217.97,2019-02-25
350,218,2019-02,1570.78,0.00,172.79,2019-02-25
351,219,2019-02,1721.18,0.00,189.33,2019-02-25
352,225,2019-02,4510.79,0.00,496.19,2019-02-25
353,226,2019-02,1763.71,0.00,194.01,2019-02-25
354,227,2019-02,1681.74,0.00,184.99,2019-02-25
355,228,2019-02,2986.57,0.00,328.52,2019-02-25
356,229,2019-02,1560.31,0.00,171.63,2019-02-25
357,230,2019-02,1467.80,0.00,161.46,2019-02-25
358,231,2019-02,1905.60,0.00,209.62,2019-02-25
359,232,2019-02,1462.55,0.00,160.88,2019-02-25
360,233,2019-02,1612.97,0.00,177.43,2019-02-25
361,234,2019-02,2213.67,0.00,243.50,2019-02-25
362,235,2019-02,1534.20,0.00,168.76,2019-02-25
363,236,2019-02,1799.52,0.00,197.95,2019-02-25
364,237,2019-02,4667.48,0.00,513.42,2019-02-25
365,238,2019-02,1878.25,0.00,206.61,2019-02-25
366,1,2019-03,4497.78,0.00,494.76,2019-03-25
367,2,2019-03,1481.85,0.00,163.00,2019-03-25
368,3,2019-03,1517.15,0.00,166.89,2019-03-25
369,4,2019-03,2098.99,0.00,230.89,2019-03-25
370,5,2019-03,1971.05,0.00,216.82,2019-03-25
371,6,2019-03,1541.63,0.00,169.58,2019-03-25
372,7,2019-03,2676.11,0.00,294.37,2019-03-25
373,8,2019-03,2294.47,0.00,252.39,2019-03-25
374,9,2019-03,1561.58,0.00,171.77,2019-03-25
375,10,2019-03,1604.05,0.00,176.45,2019-03-25
376,11,2019-03,2718.15,0.00,299.00,2019-03-25
377,12,2019-03,1955.90,0.00,215.15,2019-03-25
378,13,2019-03,3030.48,0.00,333.35,2019-03-25
379,14,2019-03,1878.70,0.00,206.66,2019-03-25
380,15,2019-03,1681.44,0.00,184.96,2019-03-25
381,16,2019-03,1752.42,0.00,192.77,2019-03-25
382,17,2019-03,1585.96,0.00,174.46,2019-03-25
383,18,2019-03,1598.13,0.00,175.79,2019-03-25
384,19,2019-03,1551.97,0.00,170.72,2019-03-25
385,20,2019-03,1509.83,0.00,166.08,2019-03-25
386,21,2019-03,1657.36,0.00,182.31,2019-03-25
387,28,2019-03,4249.15,0.00,467.41,2019-03-25
388,29,2019-03,1530.15,0.00,168.32,2019-03-25
389,30,2019-03,2629.13,0.00,289.20,2019-03-25
390,31,2019-03,1739.89,0.00,191.39,2019-03-25
391,32,2019-03,2258.43,0.00,248.43,2019-03-25
392,33,2019-03,1714.97,0.00,188.65,2019-03-25
393,34,2019-03,1663.66,0.00,183.00,2019-03-25
394,35,2019-03,1667.62,0.00,183.44,2019-03-25
395,36,2019-03,1981.49,0.00,217.96,2019-03-25
396,37,2019-03,2714.19,0.00,298.56,2019-03-25
397,38,2019-03,1503.71,0.00,165.41,2019-03-25
398,39,2019-03,1749.66,0.00,192.46,2019-03-25
399,40,2019-03,2027.11,0.00,222.98,2019-03-25
400,41,2019-03,1971.95,0.00,216.91,2019-03-25
401,42,2019-03,2301.45,0.00,253.16,2019-03-25
402,43,2019-03,1510.91,0.00,166.20,2019-03-25
403,44,2019-03,1600.82,0.00,176.09,2019-03-25
404,45,2019-03,1500.05,0.00,165.01,2019-03-25
405,46,2019-03,2650.10,0.00,291.51,2019-03-25
406,47,2019-03,1685.56,0.00,185.41,2019-03-25
407,48,2019-03,1549.90,0.00,170.49,2019-03-25
408,49,2019-03,1659.01,0.00,182.49,2019-03-25
409,50,2019-03,1617.65,0.00,177.94,2019-03-25
410,51,2019-03,1770.70,0.00,194.78,2019-03-25
411,60,2019-03,4709.72,0.00,518.07,2019-03-25
412,61,2019-03,2103.67,0.00,231.40,2019-03-25
413,62,2019-03,1749.93,0.00,192.49,2019-03-25
414,63,2019-03,2166.97,0.00,238.37,2019-03-25
415,64,2019-03,1601.53,0.00,176.17,2019-03-25
416,65,2019-03,1782.76,0.00,196.10,2019-03-25
417,66,2019-03,1704.81,0.00,187.53,2019-03-25
418,67,2019-03,1921.76,0.00,211.39,2019-03-25
419,68,2019-03,1698.36,0.00,186.82,2019-03-25
420,69,2019-03,1464.73,0.00,161.12,2019-03-25
421,70,2019-03,2269.65,0.00,249.66,2019-03-25
422,71,2019-03,2982.15,0.00,328.04,2019-03-25
423,72,2019-03,2692.58,0.00,296.18,2019-03-25
424,73,2019-03,1731.30,0.00,190.44,2019-03-25
425,74,2019-03,1685.16,0.00,185.37,2019-03-25
426,75,2019-03,1689.65,0.00,185.86,2019-03-25
427,76,2019-03,1795.77,0.00,197.53,2019-03-25
428,82,2019-03,4787.68,0.00,526.64,2019-03-25
429,83,2019-03,2757.65,0.00,303.34,2019-03-25
430,84,2019-03,1587.75,0.00,174.65,2019-03-25
431,85,2019-03,2764.89,0.00,304.14,2019-03-25
432,86,2019-03,1502.29,0.00,165.25,2019-03-25
433,87,2019-03,2085.26,0.00,229.38,2019-03-25
434,88,2019-03,1544.01,0.00,169.84,2019-03-25
435,89,2019-03,2188.99,0.00,240.79,2019-03-25
436,90,2019-03,1782.12,0.00,196.03,2019-03-25
437,91,2019-03,1714.58,0.00,188.60,2019-03-25
438,92,2019-03,1850.63,0.00,203.57,2019-03-25
439,93,2019-03,1514.22,0.00,166.56,2019-03-25
440,94,2019-03,1895.22,0.00,208.47,2019-03-25
441,95,2019-03,1588.30,0.00,174.71,2019-03-25
442,96,2019-03,1607.38,0.00,176.81,2019-03-25
443,100,2019-03,4725.10,0.00,519.76,2019-03-25
444,101,2019-03,1592.12,0.00,175.13,2019-03-25
445,102,2019-03,1578.35,0.00,173.62,2019-03-25
446,103,2019-03,2737.39,0.00,301.11,2019-03-25
447,104,2019-03,1629.67,0.00,179.26,2019-03-25
448,105,2019-03,2154.32,0.00,236.98,2019-03-25
449,106,2019-03,2049.15,0.00,225.41,2019-03-25
450,107,2019-03,2648.53,0.00,291.34,2019-03-25
451,108,2019-03,2059.87,0.00,226.59,2019-03-25
452,109,2019-03,1548.51,0.00,170.34,2019-03-25
453,110,2019-03,1689.83,0.00,185.88,2019-03-25
454,111,2019-03,1533.21,0.00,168.65,2019-03-25
455,115,2019-03,4344.22,0.00,477.86,2019-03-25
456,116,2019-03,2205.60,0.00,242.62,2019-03-25
457,117,2019-03,1538.46,0.00,169.23,2019-03-25
458,118,2019-03,2756.39,0.00,303.20,2019-03-25
459,119,2019-03,1618.30,0.00,178.01,2019-03-25
460,120,2019-03,1508.95,0.00,165.98,2019-03-25
461,121,2019-03,1751.71,0.00,192.69,2019-03-25
462,122,2019-03,1597.50,0.00,175.72,2019-03-25
463,123,2019-03,1572.46,0.00,172.97,2019-03-25
464,124,2019-03,2103.25,0.00,231.36,2019-03-25
465,125,2019-03,2239.28,0.00,246.32,2019-03-25
466,126,2019-03,3071.63,0.00,337.88,2019-03-25
467,127,2019-03,1553.82,0.00,170.92,2019-03-25
468,128,2019-03,1488.89,0.00,163.78,2019-03-25
469,129,2019-03,1606.04,0.00,176.66,2019-03-25
470,130,2019-03,1812.18,0.00,199.34,2019-03-25
471,131,2019-03,1773.61,0.00,195.10,2019-03-25
472,136,2019-03,4753.68,0.00,522.90,2019-03-25
473,137,2019-03,1597.32,0.00,175.71,2019-03-25
474,138,2019-03,2821.19,0.00,310.33,2019-03-25
475,139,2019-03,1466.60,0.00,161.33,2019-03-25
476,140,2019-03,1690.40,0.00,185.94,2019-03-25
477,141,2019-03,2237.14,0.00,246.09,2019-03-25
478,142,2019-03,1719.76,0.00,189.17,2019-03-25
479,143,2019-03,2007.44,0.00,220.82,2019-03-25
480,144,2019-03,2082.68,0.00,229.09,2019-03-25
481,145,2019-03,1461.33,0.00,160.75,2019-03-25
482,146,2019-03,2652.00,0.00,291.72,2019-03-25
483,147,2019-03,1641.94,0.00,180.61,2019-03-25
484,148,2019-03,1772.27,0.00,194.95,2019-03-25
485,149,2019-03,1554.48,0.00,170.99,2019-03-25
486,156,2019-03,4436.78,0.00,488.05,2019-03-25
487,157,2019-03,1856.53,0.00,204.22,2019-03-25
488,158,2019-03,1650.88,0.00,181.60,2019-03-25
489,159,2019-03,1936.65,0.00,213.03,2019-03-25
490,160,2019-03,2703.68,0.00,297.40,2019-03-25
491,161,2019-03,2065.82,0.00,227.24,2019-03-25
492,162,2019-03,1447.52,0.00,159.23,2019-03-25
493,163,2019-03,1958.64,0.00,215.45,2019-03-25
494,164,2019-03,1779.27,0.00,195.72,2019-03-25
495,165,2019-03,1564.77,0.00,172.12,2019-03-25
496,166,2019-03,2913.56,0.00,320.49,2019-03-25
497,167,2019-03,1483.32,0.00,163.17,2019-03-25
498,168,2019-03,1689.71,0.00,185.87,2019-03-25
499,169,2019-03,1782.01,0.00,196.02,2019-03-25
500,176,2019-03,4391.92,0.00,483.11,2019-03-25
501,177,2019-03,1649.41,0.00,181.44,2019-03-25
502,178,2019-03,1706.57,0.00,187.72,2019-03-25
503,179,2019-03,3009.43,0.00,331.04,2019-03-25
504,180,2019-03,1745.72,0.00,192.03,2019-03-25
505,181,2019-03,1478.40,0.00,162.62,2019-03-25
506,182,2019-03,1759.97,0.00,193.60,2019-03-25
507,183,2019-03,2077.64,0.00,228.54,2019-03-25
508,184,2019-03,2181.74,0.00,239.99,2019-03-25
509,185,2019-03,1646.56,0.00,181.12,2019-03-25
510,186,2019-03,1677.74,0.00,184.55,2019-03-25
511,187,2019-03,1686.02,0.00,185.46,2019-03-25
512,191,2019-03,4667.58,0.00,513.43,2019-03-25
513,192,2019-03,1825.85,0.00,200.84,2019-03-25
514,193,2019-03,2205.55,0.00,242.61,2019-03-25
515,194,2019-03,2908.02,0.00,319.88,2019-03-25
516,195,2019-03,3030.00,0.00,333.30,2019-03-25
517,196,2019-03,2092.08,0.00,230.13,2019-03-25
518,197,2019-03,1736.37,0.00,191.00,2019-03-25
519,198,2019-03,1759.69,0.00,193.57,2019-03-25
520,199,2019-03,1505.13,0.00,165.56,2019-03-25
521,200,2019-03,1638.63,0.00,180.25,2019-03-25
522,201,2019-03,1939.96,0.00,213.40,2019-03-25
523,202,2019-03,1705.08,0.00,187.56,2019-03-25
524,203,2019-03,1717.90,0.00,188.97,2019-03-25
525,204,2019-03,1748.23,0.00,192.31,2019-03-25
526,207,2019-03,4217.11,0.00,463.88,2019-03-25
527,208,2019-03,1448.37,0.00,159.32,2019-03-25
528,209,2019-03,1545.97,0.00,170.06,2019-03-25
529,210,2019-03,1883.17,0.00,207.15,2019-03-25
530,211,2019-03,1466.53,0.00,161.32,2019-03-25
531,212,2019-03,1539.02,0.00,169.29,2019-03-25
532,213,2019-03,2059.70,0.00,226.57,2019-03-25
533,214,2019-03,2132.47,0.00,234.57,2019-03-25
534,215,2019-03,2704.43,0.00,297.49,2019-03-25
535,216,2019-03,2701.30,0.00,297.14,2019-03-25
536,217,2019-03,1966.24,0.00,216.29,2019-03-25
537,218,2019-03,1580.81,0.00,173.89,2019-03-25
538,219,2019-03,1715.34,0.00,188.69,2019-03-25
539,220,2019-03,1525.50,0.00,167.81,2019-03-25
540,225,2019-03,4505.12,0.00,495.56,2019-03-25
541,226,2019-03,1767.19,0.00,194.39,2019-03-25
542,227,2019-03,1676.43,0.00,184.41,2019-03-25
543,228,2019-03,3010.03,0.00,331.10,2019-03-25
544,229,2019-03,1557.42,0.00,171.32,2019-03-25
545,230,2019-03,1462.91,0.00,160.92,2019-03-25
546,231,2019-03,1911.45,0.00,210.26,2019-03-25
547,232,2019-03,1456.93,0.00,160.26,2019-03-25
548,233,2019-03,1606.99,0.00,176.77,2019-03-25
549,234,2019-03,2234.37,0.00,245.78,2019-03-25
550,235,2019-03,1525.51,0.00,167.81,2019-03-25
551,236,2019-03,1790.82,0.00,196.99,2019-03-25
552,237,2019-03,4641.01,0.00,510.51,2019-03-25
553,238,2019-03,1866.24,0.00,205.29,2019-03-25
554,239,2019-03,2817.37,0.00,309.91,2019-03-25
555,1,2019-04,4480.68,0.00,492.87,2019-04-25
556,2,2019-04,1481.17,0.00,162.93,2019-04-25
557,3,2019-04,1515.77,0.00,166.73,2019-04-25
558,4,2019-04,2089.78,0.00,229.88,2019-04-25
559,5,2019-04,1971.04,0.00,216.81,2019-04-25
560,6,2019-04,1540.95,0.00,169.50,2019-04-25
561,7,2019-04,2689.77,0.00,295.87,2019-04-25
562,8,2019-04,2282.72,0.00,251.10,2019-04-25
563,9,2019-04,1566.44,0.00,172.31,2019-04-25
564,10,2019-04,1598.80,0.00,175.87,2019-04-25
565,11,2019-04,2719.96,0.00,299.20,2019-04-25
566,12,2019-04,1947.51,0.00,214.23,2019-04-25
567,13,2019-04,3019.55,0.00,332.15,2019-04-25
568,14,2019-04,1883.15,0.00,207.15,2019-04-25
569,15,2019-04,1684.14,0.00,185.26,2019-04-25
570,16,2019-04,1749.15,0.00,192.41,2019-04-25
571,17,2019-04,1587.12,0.00,174.58,2019-04-25
572,18,2019-04,1602.96,0.00,176.33,2019-04-25
573,19,2019-04,1553.98,0.00,170.94,2019-04-25
574,20,2019-04,1520.15,0.00,167.22,2019-04-25
575,21,2019-04,1659.11,0.00,182.50,2019-04-25
576,28,2019-04,4254.68,0.00,468.01,2019-04-25
577,29,2019-04,1542.67,0.00,169.69,2019-04-25
578,30,2019-04,2624.44,0.00,288.69,2019-04-25
579,31,2019-04,1749.41,0.00,192.44,2019-04-25
580,32,2019-04,2252.47,0.00,247.77,2019-04-25
581,33,2019-04,1716.53,0.00,188.82,2019-04-25
582,34,2019-04,1667.15,0.00,183.39,2019-04-25
583,35,2019-04,1670.14,0.00,183.72,2019-04-25
584,36,2019-04,1973.97,0.00,217.14,2019-04-25
585,37,2019-04,2714.04,0.00,298.54,2019-04-25
586,38,2019-04,1513.75,0.00,166.51,2019-04-25
587,39,2019-04,1745.97,0.00,192.06,2019-04-25
588,40,2019-04,2017.81,0.00,221.96,2019-04-25
589,41,2019-04,1984.20,0.00,218.26,2019-04-25
590,42,2019-04,2299.10,0.00,252.90,2019-04-25
591,43,2019-04,1511.53,0.00,166.27,2019-04-25
592,44,2019-04,1600.17,0.00,176.02,2019-04-25
593,45,2019-04,1500.69,0.00,165.08,2019-04-25
594,46,2019-04,2625.19,0.00,288.77,2019-04-25
595,47,2019-04,1686.37,0.00,185.50,2019-04-25
596,48,2019-04,1561.64,0.00,171.78,2019-04-25
597,49,2019-04,1666.88,0.00,183.36,2019-04-25
598,50,2019-04,1613.28,0.00,177.46,2019-04-25
599,51,2019-04,1767.02,0.00,194.37,2019-04-25
600,52,2019-04,1675.91,0.00,184.35,2019-04-25
601,60,2019-04,4713.05,0.00,518.44,2019-04-25
602,61,2019-04,2119.66,0.00,233.16,2019-04-25
603,62,2019-04,1745.96,0.00,192.06,2019-04-25
604,63,2019-04,2156.98,0.00,237.27,2019-04-25
605,64,2019-04,1612.29,0.00,177.35,2019-04-25
606,65,2019-04,1794.97,0.00,197.45,2019-04-25
607,66,2019-04,1713.66,0.00,188.50,2019-04-25
608,67,2019-04,1927.56,0.00,212.03,2019-04-25
609,68,2019-04,1708.85,0.00,187.97,2019-04-25
610,69,2019-04,1455.98,0.00,160.16,2019-04-25
611,70,2019-04,2258.08,0.00,248.39,2019-04-25
612,71,2019-04,2965.92,0.00,326.25,2019-04-25
613,72,2019-04,2697.17,0.00,296.69,2019-04-25
614,73,2019-04,1731.76,0.00,190.49,2019-04-25
615,74,2019-04,1683.62,0.00,185.20,2019-04-25
616,75,2019-04,1704.44,0.00,187.49,2019-04-25
617,76,2019-04,1797.32,0.00,197.71,2019-04-25
618,77,2019-04,1785.25,0.00,196.38,2019-04-25
619,82,2019-04,4756.14,0.00,523.18,2019-04-25
620,83,2019-04,2759.67,0.00,303.56,2019-04-25
621,84,2019-04,1592.94,0.00,175.22,2019-04-25
622,85,2019-04,2763.70,0.00,304.01,2019-04-25
623,86,2019-04,1508.39,0.00,165.92,2019-04-25
624,87,2019-04,2088.03,0.00,229.68,2019-04-25
625,88,2019-04,1538.62,0.00,169.25,2019-04-25
626,89,2019-04,2171.33,0.00,238.85,2019-04-25
627,90,2019-04,1790.75,0.00,196.98,2019-04-25
628,91,2019-04,1707.04,0.00,187.77,2019-04-25
629,92,2019-04,1853.14,0.00,203.85,2019-04-25
630,93,2019-04,1520.24,0.00,167.23,2019-04-25
631,94,2019-04,1897.15,0.00,208.69,2019-04-25
632,95,2019-04,1583.09,0.00,174.14,2019-04-25
633,96,2019-04,1612.05,0.00,177.33,2019-04-25
634,100,2019-04,4734.51,0.00,520.80,2019-04-25
635,101,2019-04,1593.50,0.00,175.28,2019-04-25
636,102,2019-04,1581.46,0.00,173.96,2019-04-25
637,103,2019-04,2742.01,0.00,301.62,2019-04-25
638,104,2019-04,1622.69,0.00,178.50,2019-04-25
639,105,2019-04,2162.55,0.00,237.88,2019-04-25
640,106,2019-04,2048.81,0.00,225.37,2019-04-25
641,107,2019-04,2649.57,0.00,291.45,2019-04-25
642,108,2019-04,2057.73,0.00,226.35,2019-04-25
643,109,2019-04,1552.15,0.00,170.74,2019-04-25
644,110,2019-04,1684.99,0.00,185.35,2019-04-25
645,111,2019-04,1540.10,0.00,169.41,2019-04-25
646,112,2019-04,1662.06,0.00,182.83,2019-04-25
647,115,2019-04,4374.21,0.00,481.16,2019-04-25
648,116,2019-04,2204.41,0.00,242.49,2019-04-25
649,117,2019-04,1541.87,0.00,169.61,2019-04-25
650,118,2019-04,2753.24,0.00,302.86,2019-04-25
651,119,2019-04,1618.18,0.00,178.00,2019-04-25
652,120,2019-04,1513.65,0.00,166.50,2019-04-25
653,121,2019-04,1758.37,0.00,193.42,2019-04-25
654,122,2019-04,1605.15,0.00,176.57,2019-04-25
655,123,2019-04,1562.96,0.00,171.93,2019-04-25
656,124,2019-04,2083.60,0.00,229.20,2019-04-25
657,125,2019-04,2235.97,0.00,245.96,2019-04-25
658,126,2019-04,3045.01,0.00,334.95,2019-04-25
659,127,2019-04,1546.97,0.00,170.17,2019-04-25
660,128,2019-04,1488.95,0.00,163.78,2019-04-25
661,129,2019-04,1603.62,0.00,176.40,2019-04-25
662,130,2019-04,1813.22,0.00,199.45,2019-04-25
663,131,2019-04,1765.18,0.00,194.17,2019-04-25
664,136,2019-04,4756.31,0.00,523.19,2019-04-25
665,137,2019-04,1595.98,0.00,175.56,2019-04-25
666,138,2019-04,2813.73,0.00,309.51,2019-04-25
667,139,2019-04,1462.39,0.00,160.86,2019-04-25
668,140,2019-04,1687.43,0.00,185.62,2019-04-25
669,141,2019-04,2232.42,0.00,245.57,2019-04-25
670,142,2019-04,1707.94,0.00,187.87,2019-04-25
671,143,2019-04,2006.97,0.00,220.77,2019-04-25
672,144,2019-04,2085.32,0.00,229.39,2019-04-25
673,145,2019-04,1470.29,0.00,161.73,2019-04-25
674,146,2019-04,2655.25,0.00,292.08,2019-04-25
675,147,2019-04,1644.17,0.00,180.86,2019-04-25
676,148,2019-04,1757.12,0.00,193.28,2019-04-25
677,149,2019-04,1547.95,0.00,170.27,2019-04-25
678,156,2019-04,4422.03,0.00,486.42,2019-04-25
679,157,2019-04,1849.37,0.00,203.43,2019-04-25
680,158,2019-04,1648.47,0.00,181.33,2019-04-25
681,159,2019-04,1943.55,0.00,213.79,2019-04-25
682,160,2019-04,2711.53,0.00,298.27,2019-04-25
683,161,2019-04,2067.37,0.00,227.41,2019-04-25
684,162,2019-04,1446.46,0.00,159.11,2019-04-25
685,163,2019-04,1947.22,0.00,214.19,2019-04-25
686,164,2019-04,1780.19,0.00,195.82,2019-04-25
687,165,2019-04,1554.38,0.00,170.98,2019-04-25
688,166,2019-04,2915.73,0.00,320.73,2019-04-25
689,167,2019-04,1482.99,0.00,163.13,2019-04-25
690,168,2019-04,1683.84,0.00,185.22,2019-04-25
691,169,2019-04,1789.80,0.00,196.88,2019-04-25
692,170,2019-04,1603.96,0.00,176.44,2019-04-25
693,176,2019-04,4396.06,0.00,483.57,2019-04-25
694,177,2019-04,1658.39,0.00,182.42,2019-04-25
695,178,2019-04,1701.91,0.00,187.21,2019-04-25
696,179,2019-04,3006.63,0.00,330.73,2019-04-25
697,180,2019-04,1743.12,0.00,191.74,2019-04-25
698,181,2019-04,1480.92,0.00,162.90,2019-04-25
699,182,2019-04,1762.11,0.00,193.83,2019-04-25
700,183,2019-04,2086.75,0.00,229.54,2019-04-25
701,184,2019-04,2179.03,0.00,239.69,2019-04-25
702,185,2019-04,1658.46,0.00,182.43,2019-04-25
703,186,2019-04,1667.24,0.00,183.40,2019-04-25
704,187,2019-04,1681.67,0.00,184.98,2019-04-25
705,191,2019-04,4676.12,0.00,514.37,2019-04-25
706,192,2019-04,1831.19,0.00,201.43,2019-04-25
707,193,2019-04,2192.56,0.00,241.18,2019-04-25
708,194,2019-04,2907.71,0.00,319.85,2019-04-25
709,195,2019-04,3037.00,0.00,334.07,2019-04-25
710,196,2019-04,2096.20,0.00,230.58,2019-04-25
711,197,2019-04,1736.06,0.00,190.97,2019-04-25
712,198,2019-04,1757.79,0.00,193.36,2019-04-25
713,199,2019-04,1510.07,0.00,166.11,2019-04-25
714,200,2019-04,1632.39,0.00,179.56,2019-04-25
715,201,2019-04,1946.84,0.00,214.15,2019-04-25
716,202,2019-04,1692.51,0.00,186.18,2019-04-25
717,203,2019-04,1720.08,0.00,189.21,2019-04-25
718,204,2019-04,1745.77,0.00,192.03,2019-04-25
719,205,2019-04,1713.09,0.00,188.44,2019-04-25
720,207,2019-04,4211.48,0.00,463.26,2019-04-25
721,208,2019-04,1456.53,0.00,160.22,2019-04-25
722,209,2019-04,1538.74,0.00,169.26,2019-04-25
723,210,2019-04,1880.75,0.00,206.88,2019-04-25
724,211,2019-04,1471.88,0.00,161.91,2019-04-25
725,212,2019-04,1543.17,0.00,169.75,2019-04-25
726,213,2019-04,2076.16,0.00,228.38,2019-04-25
727,214,2019-04,2126.15,0.00,233.88,2019-04-25
728,215,2019-04,2712.46,0.00,298.37,2019-04-25
729,216,2019-04,2723.64,0.00,299.60,2019-04-25
730,217,2019-04,1979.95,0.00,217.79,2019-04-25
731,218,2019-04,1581.71,0.00,173.99,2019-04-25
732,219,2019-04,1722.23,0.00,189.45,2019-04-25
733,220,2019-04,1517.11,0.00,166.88,2019-04-25
734,225,2019-04,4505.29,0.00,495.58,2019-04-25
735,226,2019-04,1759.51,0.00,193.55,2019-04-25
736,227,2019-04,1678.49,0.00,184.63,2019-04-25
737,228,2019-04,2988.02,0.00,328.68,2019-04-25
738,229,2019-04,1565.41,0.00,172.20,2019-04-25
739,230,2019-04,1473.94,0.00,162.13,2019-04-25
740,231,2019-04,1910.38,0.00,210.14,2019-04-25
741,232,2019-04,1459.01,0.00,160.49,2019-04-25
742,233,2019-04,1607.36,0.00,176.81,2019-04-25
743,234,2019-04,2232.19,0.00,245.54,2019-04-25
744,235,2019-04,1533.40,0.00,168.67,2019-04-25
745,236,2019-04,1789.90,0.00,196.89,2019-04-25
746,237,2019-04,4664.23,0.00,513.07,2019-04-25
747,238,2019-04,1878.32,0.00,206.62,2019-04-25
748,239,2019-04,2812.75,0.00,309.40,2019-04-25
749,240,2019-04,2172.12,0.00,238.93,2019-04-25
750,241,2019-04,1565.75,0.00,172.23,2019-04-25
751,242,2019-04,1751.33,0.00,192.65,2019-04-25
752,1,2019-05,4491.12,0.00,494.02,2019-05-25
753,2,2019-05,1480.58,0.00,162.86,2019-05-25
754,3,2019-05,1523.19,0.00,167.55,2019-05-25
755,4,2019-05,2096.72,0.00,230.64,2019-05-25
756,5,2019-05,1965.67,0.00,216.22,2019-05-25
757,6,2019-05,1543.58,0.00,169.79,2019-05-25
758,7,2019-05,2679.16,0.00,294.71,2019-05-25
759,8,2019-05,2294.21,0.00,252.36,2019-05-25
760,9,2019-05,1567.16,0.00,172.39,2019-05-25
761,10,2019-05,1603.57,0.00,176.39,2019-05-25
762,11,2019-05,2706.97,0.00,297.77,2019-05-25
763,12,2019-05,1954.89,0.00,215.04,2019-05-25
764,13,2019-05,3023.88,0.00,332.63,2019-05-25
765,14,2019-05,1876.75,0.00,206.44,2019-05-25
766,15,2019-05,1675.54,0.00,184.31,2019-05-25
767,16,2019-05,1744.64,0.00,191.91,2019-05-25
768,17,2019-05,1588.89,0.00,174.78,2019-05-25
769,18,2019-05,1596.70,0.00,175.64,2019-05-25
770,19,2019-05,1555.92,0.00,171.15,2019-05-25
771,20,2019-05,1523.54,0.00,167.59,2019-05-25
772,21,2019-05,1651.18,0.00,181.63,2019-05-25
773,22,2019-05,1823.79,0.00,200.62,2019-05-25
774,28,2019-05,4253.50,0.00,467.88,2019-05-25
775,29,2019-05,1534.93,0.00,168.84,2019-05-25
776,30,2019-05,2615.81,0.00,287.74,2019-05-25
777,31,2019-05,1743.42,0.00,191.78,2019-05-25
778,32,2019-05,2259.75,0.00,248.57,2019-05-25
779,33,2019-05,1708.84,0.00,187.97,2019-05-25
780,34,2019-05,1665.31,0.00,183.18,2019-05-25
781,35,2019-05,1672.68,0.00,183.99,2019-05-25
782,36,2019-05,1975.62,0.00,217.32,2019-05-25
783,37,2019-05,2726.26,0.00,299.89,2019-05-25
784,38,2019-05,1517.07,0.00,166.88,2019-05-25
785,39,2019-05,1741.59,0.00,191.57,2019-05-25
786,40,2019-05,2014.37,0.00,221.58,2019-05-25
787,41,2019-05,1978.08,0.00,217.59,2019-05-25
788,42,2019-05,2287.74,0.00,251.65,2019-05-25
789,43,2019-05,1505.33,0.00,165.59,2019-05-25
790,44,2019-05,1594.91,0.00,175.44,2019-05-25
791,45,2019-05,1494.57,0.00,164.40,2019-05-25
792,46,2019-05,2643.46,0.00,290.78,2019-05-25
793,47,2019-05,1688.72,0.00,185.76,2019-05-25
794,48,2019-05,1562.69,0.00,171.90,2019-05-25
795,49,2019-05,1663.30,0.00,182.96,2019-05-25
796,50,2019-05,1613.01,0.00,177.43,2019-05-25
797,51,2019-05,1774.49,0.00,195.19,2019-05-25
798,52,2019-05,1674.17,0.00,184.16,2019-05-25
799,60,2019-05,4740.99,0.00,521.51,2019-05-25
800,61,2019-05,2103.23,0.00,231.36,2019-05-25
801,62,2019-05,1750.74,0.00,192.58,2019-05-25
802,63,2019-05,2165.67,0.00,238.22,2019-05-25
803,64,2019-05,1613.49,0.00,177.48,2019-05-25
804,65,2019-05,1791.05,0.00,197.02,2019-05-25
805,66,2019-05,1714.38,0.00,188.58,2019-05-25
806,67,2019-05,1924.78,0.00,211.73,2019-05-25
807,68,2019-05,1702.99,0.00,187.33,2019-05-25
808,69,2019-05,1455.39,0.00,160.09,2019-05-25
809,70,2019-05,2275.25,0.00,250.28,2019-05-25
810,71,2019-05,2959.80,0.00,325.58,2019-05-25
811,72,2019-05,2675.93,0.00,294.35,2019-05-25
812,73,2019-05,1736.14,0.00,190.98,2019-05-25
813,74,2019-05,1698.01,0.00,186.78,2019-05-25
814,75,2019-05,1699.12,0.00,186.90,2019-05-25
815,76,2019-05,1804.69,0.00,198.52,2019-05-25
816,77,2019-05,1780.74,0.00,195.88,2019-05-25
817,78,2019-05,1822.35,0.00,200.46,2019-05-25
818,82,2019-05,4761.52,0.00,523.77,2019-05-25
819,83,2019-05,2745.95,0.00,302.05,2019-05-25
820,84,2019-05,1589.61,0.00,174.86,2019-05-25
821,85,2019-05,2765.31,0.00,304.18,2019-05-25
822,86,2019-05,1501.75,0.00,165.19,2019-05-25
823,87,2019-05,2074.40,0.00,228.18,2019-05-25
824,88,2019-05,1551.89,0.00,170.71,2019-05-25
825,89,2019-05,2180.20,0.00,239.82,2019-05-25
826,90,2019-05,1792.47,0.00,197.17,2019-05-25
827,91,2019-05,1711.50,0.00,188.27,2019-05-25
828,92,2019-05,1836.23,0.00,201.99,2019-05-25
829,93,2019-05,1525.35,0.00,167.79,2019-05-25
830,94,2019-05,1911.75,0.00,210.29,2019-05-25
831,95,2019-05,1592.55,0.00,175.18,2019-05-25
832,96,2019-05,1603.49,0.00,176.38,2019-05-25
833,100,2019-05,4748.86,0.00,522.37,2019-05-25
834,101,2019-05,1583.48,0.00,174.18,2019-05-25
835,102,2019-05,1581.75,0.00,173.99,2019-05-25
836,103,2019-05,2746.93,0.00,302.16,2019-05-25
837,104,2019-05,1616.28,0.00,177.79,2019-05-25
838,105,2019-05,2157.22,0.00,237.29,2019-05-25
839,106,2019-05,2040.84,0.00,224.49,2019-05-25
840,107,2019-05,2633.79,0.00,289.72,2019-05-25
841,108,2019-05,2045.98,0.00,225.06,2019-05-25
842,109,2019-05,1545.16,0.00,169.97,2019-05-25
843,110,2019-05,1678.72,0.00,184.66,2019-05-25
844,111,2019-05,1538.38,0.00,169.22,2019-05-25
845,112,2019-05,1661.23,0.00,182.74,2019-05-25
846,115,2019-05,4368.87,0.00,480.58,2019-05-25
847,116,2019-05,2216.66,0.00,243.83,2019-05-25
848,117,2019-05,1543.01,0.00,169.73,2019-05-25
849,118,2019-05,2748.92,0.00,302.38,2019-05-25
850,119,2019-05,1605.60,0.00,176.62,2019-05-25
851,120,2019-05,1509.34,0.00,166.03,2019-05-25
852,121,2019-05,1761.41,0.00,193.76,2019-05-25
853,122,2019-05,1602.67,0.00,176.29,2019-05-25
854,123,2019-05,1563.99,0.00,172.04,2019-05-25
855,124,2019-05,2095.73,0.00,230.53,2019-05-25
856,125,2019-05,2241.68,0.00,246.58,2019-05-25
857,126,2019-05,3048.74,0.00,335.36,2019-05-25
858,127,2019-05,1552.79,0.00,170.81,2019-05-25
859,128,2019-05,1483.09,0.00,163.14,2019-05-25
860,129,2019-05,1601.30,0.00,176.14,2019-05-25
861,130,2019-05,1816.21,0.00,199.78,2019-05-25
862,131,2019-05,1759.45,0.00,193.54,2019-05-25
863,136,2019-05,4757.19,0.00,523.29,2019-05-25
864,137,2019-05,1603.01,0.00,176.33,2019-05-25
865,138,2019-05,2830.43,0.00,311.35,2019-05-25
866,139,2019-05,1474.01,0.00,162.14,2019-05-25
867,140,2019-05,1685.22,0.00,185.37,2019-05-25
868,141,2019-05,2246.94,0.00,247.16,2019-05-25
869,142,2019-05,1713.49,0.00,188.48,2019-05-25
870,143,2019-05,1997.30,0.00,219.70,2019-05-25
871,144,2019-05,2090.71,0.00,229.98,2019-05-25
872,145,2019-05,1461.82,0.00,160.80,2019-05-25
873,146,2019-05,2660.23,0.00,292.63,2019-05-25
874,147,2019-05,1643.00,0.00,180.73,2019-05-25
875,148,2019-05,1771.54,0.00,194.87,2019-05-25
876,149,2019-05,1548.18,0.00,170.30,2019-05-25
877,150,2019-05,1785.35,0.00,196.39,2019-05-25
878,151,2019-05,1629.68,0.00,179.26,2019-05-25
879,156,2019-05,4418.84,0.00,486.07,2019-05-25
880,157,2019-05,1855.72,0.00,204.13,2019-05-25
881,158,2019-05,1648.06,0.00,181.29,2019-05-25
882,159,2019-05,1942.67,0.00,213.69,2019-05-25
883,160,2019-05,2699.64,0.00,296.96,2019-05-25
884,161,2019-05,2061.18,0.00,226.73,2019-05-25
885,162,2019-05,1452.39,0.00,159.76,2019-05-25
886,163,2019-05,1958.89,0.00,215.48,2019-05-25
887,164,2019-05,1785.94,0.00,196.45,2019-05-25
888,165,2019-05,1552.82,0.00,170.81,2019-05-25
889,166,2019-05,2914.41,0.00,320.59,2019-05-25
890,167,2019-05,1475.60,0.00,162.32,2019-05-25
891,168,2019-05,1682.79,0.00,185.11,2019-05-25
892,169,2019-05,1778.40,0.00,195.62,2019-05-25
893,170,2019-05,1600.01,0.00,176.00,2019-05-25
894,176,2019-05,4392.17,0.00,483.14,2019-05-25
895,177,2019-05,1663.29,0.00,182.96,2019-05-25
896,178,2019-05,1716.90,0.00,188.86,2019-05-25
897,179,2019-05,2995.65,0.00,329.52,2019-05-25
898,180,2019-05,1738.77,0.00,191.26,2019-05-25
899,181,2019-05,1475.60,0.00,162.32,2019-05-25
900,182,2019-05,1760.68,0.00,193.67,2019-05-25
901,183,2019-05,2072.90,0.00,228.02,2019-05-25
902,184,2019-05,2183.10,0.00,240.14,2019-05-25
903,185,2019-05,1649.72,0.00,181.47,2019-05-25
904,186,2019-05,1666.06,0.00,183.27,2019-05-25
905,187,2019-05,1684.42,0.00,185.29,2019-05-25
906,191,2019-05,4696.91,0.00,516.66,2019-05-25
907,192,2019-05,1833.23,0.00,201.66,2019-05-25
908,193,2019-05,2200.66,0.00,242.07,2019-05-25
909,194,2019-05,2912.87,0.00,320.42,2019-05-25
910,195,2019-05,3052.82,0.00,335.81,2019-05-25
911,196,2019-05,2102.19,0.00,231.24,2019-05-25
912,197,2019-05,1719.84,0.00,189.18,2019-05-25
913,198,2019-05,1755.57,0.00,193.11,2019-05-25
914,199,2019-05,1503.59,0.00,165.39,2019-05-25
915,200,2019-05,1634.52,0.00,179.80,2019-05-25
916,201,2019-05,1948.36,0.00,214.32,2019-05-25
917,202,2019-05,1704.99,0.00,187.55,2019-05-25
918,203,2019-05,1718.76,0.00,189.06,2019-05-25
919,204,2019-05,1733.38,0.00,190.67,2019-05-25
920,205,2019-05,1718.42,0.00,189.03,2019-05-25
921,207,2019-05,4184.60,0.00,460.31,2019-05-25
922,208,2019-05,1453.91,0.00,159.93,2019-05-25
923,209,2019-05,1544.99,0.00,169.95,2019-05-25
924,210,2019-05,1886.14,0.00,207.48,2019-05-25
925,211,2019-05,1473.30,0.00,162.06,2019-05-25
926,212,2019-05,1538.25,0.00,169.21,2019-05-25
927,213,2019-05,2066.24,0.00,227.29,2019-05-25
928,214,2019-05,2136.64,0.00,235.03,2019-05-25
929,215,2019-05,2723.14,0.00,299.55,2019-05-25
930,216,2019-05,2709.24,0.00,298.02,2019-05-25
931,217,2019-05,1968.97,0.00,216.59,2019-05-25
932,218,2019-05,1574.87,0.00,173.24,2019-05-25
933,219,2019-05,1711.06,0.00,188.22,2019-05-25
934,220,2019-05,1523.70,0.00,167.61,2019-05-25
935,225,2019-05,4496.13,0.00,494.57,2019-05-25
936,226,2019-05,1758.42,0.00,193.43,2019-05-25
937,227,2019-05,1678.78,0.00,184.67,2019-05-25
938,228,2019-05,2987.78,0.00,328.66,2019-05-25
939,229,2019-05,1564.27,0.00,172.07,2019-05-25
940,230,2019-05,1471.68,0.00,161.88,2019-05-25
941,231,2019-05,1916.03,0.00,210.76,2019-05-25
942,232,2019-05,1462.37,0.00,160.86,2019-05-25
943,233,2019-05,1616.96,0.00,177.87,2019-05-25
944,234,2019-05,2228.61,0.00,245.15,2019-05-25
945,235,2019-05,1526.54,0.00,167.92,2019-05-25
946,236,2019-05,1785.87,0.00,196.45,2019-05-25
947,237,2019-05,4638.72,0.00,510.26,2019-05-25
948,238,2019-05,1872.52,0.00,205.98,2019-05-25
949,239,2019-05,2809.99,0.00,309.10,2019-05-25
950,240,2019-05,2172.46,0.00,238.97,2019-05-25
951,241,2019-05,1568.94,0.00,172.58,2019-05-25
952,242,2019-05,1750.60,0.00,192.57,2019-05-25
953,243,2019-05,2187.23,0.00,240.60,2019-05-25
954,244,2019-05,1558.82,0.00,171.47,2019-05-25
955,1,2019-06,4460.34,1561.12,490.64,2019-06-25
956,2,2019-06,1480.59,518.21,162.86,2019-06-25
957,3,2019-06,1511.32,528.96,166.25,2019-06-25
958,4,2019-06,2102.88,736.01,231.32,2019-06-25
959,5,2019-06,1975.11,691.29,217.26,2019-06-25
960,6,2019-06,1552.61,543.41,170.79,2019-06-25
961,7,2019-06,2700.20,945.07,297.02,2019-06-25
962,8,2019-06,2290.87,801.80,252.00,2019-06-25
963,9,2019-06,1564.57,547.60,172.10,2019-06-25
964,10,2019-06,1593.08,557.58,175.24,2019-06-25
965,11,2019-06,2712.54,949.39,298.38,2019-06-25
966,12,2019-06,1948.14,681.85,214.30,2019-06-25
967,13,2019-06,3034.21,1061.97,333.76,2019-06-25
968,14,2019-06,1872.23,655.28,205.95,2019-06-25
969,15,2019-06,1672.93,585.53,184.02,2019-06-25
970,16,2019-06,1750.11,612.54,192.51,2019-06-25
971,17,2019-06,1575.84,551.54,173.34,2019-06-25
972,18,2019-06,1592.37,557.33,175.16,2019-06-25
973,19,2019-06,1563.56,547.25,171.99,2019-06-25
974,20,2019-06,1516.36,530.73,166.80,2019-06-25
975,21,2019-06,1656.09,579.63,182.17,2019-06-25
976,22,2019-06,1824.89,638.71,200.74,2019-06-25
977,28,2019-06,4286.81,1500.38,471.55,2019-06-25
978,29,2019-06,1538.65,538.53,169.25,2019-06-25
979,30,2019-06,2624.90,918.71,288.74,2019-06-25
980,31,2019-06,1744.45,610.56,191.89,2019-06-25
981,32,2019-06,2246.27,786.19,247.09,2019-06-25
982,33,2019-06,1707.47,597.61,187.82,2019-06-25
983,34,2019-06,1667.96,583.79,183.48,2019-06-25
984,35,2019-06,1659.71,580.90,182.57,2019-06-25
985,36,2019-06,1971.01,689.85,216.81,2019-06-25
986,37,2019-06,2702.78,945.97,297.31,2019-06-25
987,38,2019-06,1506.36,527.23,165.70,2019-06-25
988,39,2019-06,1743.74,610.31,191.81,2019-06-25
989,40,2019-06,2018.50,706.47,222.03,2019-06-25
990,41,2019-06,1988.66,696.03,218.75,2019-06-25
991,42,2019-06,2292.05,802.22,252.13,2019-06-25
992,43,2019-06,1511.30,528.95,166.24,2019-06-25
993,44,2019-06,1595.91,558.57,175.55,2019-06-25
994,45,2019-06,1489.49,521.32,163.84,2019-06-25
995,46,2019-06,2644.31,925.51,290.87,2019-06-25
996,47,2019-06,1686.29,590.20,185.49,2019-06-25
997,48,2019-06,1557.67,545.18,171.34,2019-06-25
998,49,2019-06,1661.17,581.41,182.73,2019-06-25
999,50,2019-06,1615.72,565.50,177.73,2019-06-25
1000,51,2019-06,1770.87,619.80,194.80,2019-06-25
1001,52,2019-06,1676.25,586.69,184.39,2019-06-25
1002,60,2019-06,4745.88,1661.06,522.05,2019-06-25
1003,61,2019-06,2115.46,740.41,232.70,2019-06-25
1004,62,2019-06,1749.49,612.32,192.44,2019-06-25
1005,63,2019-06,2170.55,759.69,238.76,2019-06-25
1006,64,2019-06,1616.38,565.73,177.80,2019-06-25
1007,65,2019-06,1790.75,626.76,196.98,2019-06-25
1008,66,2019-06,1705.55,596.94,187.61,2019-06-25
1009,67,2019-06,1933.20,676.62,212.65,2019-06-25
1010,68,2019-06,1703.07,596.07,187.34,2019-06-25
1011,69,2019-06,1460.46,511.16,160.65,2019-06-25
1012,70,2019-06,2262.42,791.85,248.87,2019-06-25
1013,71,2019-06,2965.63,1037.97,326.22,2019-06-25
1014,72,2019-06,2689.88,941.46,295.89,2019-06-25
1015,73,2019-06,1728.90,605.12,190.18,2019-06-25
1016,74,2019-06,1692.33,592.32,186.16,2019-06-25
1017,75,2019-06,1698.53,594.49,186.84,2019-06-25
1018,76,2019-06,1806.35,632.22,198.70,2019-06-25
1019,77,2019-06,1778.76,622.57,195.66,2019-06-25
1020,78,2019-06,1814.01,634.90,199.54,2019-06-25
1021,82,2019-06,4765.78,1668.02,524.24,2019-06-25
1022,83,2019-06,2758.26,965.39,303.41,2019-06-25
1023,84,2019-06,1598.10,559.33,175.79,2019-06-25
1024,85,2019-06,2783.98,974.39,306.24,2019-06-25
1025,86,2019-06,1503.54,526.24,165.39,2019-06-25
1026,87,2019-06,2090.09,731.53,229.91,2019-06-25
1027,88,2019-06,1545.19,540.82,169.97,2019-06-25
1028,89,2019-06,2171.57,760.05,238.87,2019-06-25
1029,90,2019-06,1782.97,624.04,196.13,2019-06-25
1030,91,2019-06,1710.23,598.58,188.13,2019-06-25
1031,92,2019-06,1844.05,645.42,202.85,2019-06-25
1032,93,2019-06,1516.48,530.77,166.81,2019-06-25
1033,94,2019-06,1908.62,668.02,209.95,2019-06-25
1034,95,2019-06,1584.77,554.67,174.32,2019-06-25
1035,96,2019-06,1607.25,562.54,176.80,2019-06-25
1036,100,2019-06,4750.31,1662.61,522.53,2019-06-25
1037,101,2019-06,1598.01,559.30,175.78,2019-06-25
1038,102,2019-06,1578.63,552.52,173.65,2019-06-25
1039,103,2019-06,2737.51,958.13,301.13,2019-06-25
1040,104,2019-06,1626.47,569.26,178.91,2019-06-25
1041,105,2019-06,2154.46,754.06,236.99,2019-06-25
1042,106,2019-06,2036.25,712.69,223.99,2019-06-25
1043,107,2019-06,2628.97,920.14,289.19,2019-06-25
1044,108,2019-06,2045.91,716.07,225.05,2019-06-25
1045,109,2019-06,1552.63,543.42,170.79,2019-06-25
1046,110,2019-06,1681.02,588.36,184.91,2019-06-25
1047,111,2019-06,1530.82,535.79,168.39,2019-06-25
1048,112,2019-06,1656.88,579.91,182.26,2019-06-25
1049,115,2019-06,4349.16,1522.21,478.41,2019-06-25
1050,116,2019-06,2220.80,777.28,244.29,2019-06-25
1051,117,2019-06,1533.46,536.71,168.68,2019-06-25
1052,118,2019-06,2734.37,957.03,300.78,2019-06-25
1053,119,2019-06,1616.33,565.72,177.80,2019-06-25
1054,120,2019-06,1504.96,526.74,165.55,2019-06-25
1055,121,2019-06,1757.07,614.97,193.28,2019-06-25
1056,122,2019-06,1600.80,560.28,176.09,2019-06-25
1057,123,2019-06,1565.72,548.00,172.23,2019-06-25
1058,124,2019-06,2099.55,734.84,230.95,2019-06-25
1059,125,2019-06,2235.86,782.55,245.94,2019-06-25
1060,126,2019-06,3049.08,1067.18,335.40,2019-06-25
1061,127,2019-06,1548.35,541.92,170.32,2019-06-25
1062,128,2019-06,1480.68,518.24,162.87,2019-06-25
1063,129,2019-06,1605.79,562.03,176.64,2019-06-25
1064,130,2019-06,1818.12,636.34,199.99,2019-06-25
1065,131,2019-06,1774.29,621.00,195.17,2019-06-25
1066,136,2019-06,4786.74,1675.36,526.54,2019-06-25
1067,137,2019-06,1607.51,562.63,176.83,2019-06-25
1068,138,2019-06,2811.41,983.99,309.26,2019-06-25
1069,139,2019-06,1468.65,514.03,161.55,2019-06-25
1070,140,2019-06,1688.60,591.01,185.75,2019-06-25
1071,141,2019-06,2236.36,782.73,246.00,2019-06-25
1072,142,2019-06,1709.67,598.38,188.06,2019-06-25
1073,143,2019-06,1998.75,699.56,219.86,2019-06-25
1074,144,2019-06,2083.72,729.30,229.21,2019-06-25
1075,145,2019-06,1466.05,513.12,161.27,2019-06-25
1076,146,2019-06,2652.70,928.44,291.80,2019-06-25
1077,147,2019-06,1642.12,574.74,180.63,2019-06-25
1078,148,2019-06,1773.40,620.69,195.07,2019-06-25
1079,149,2019-06,1554.18,543.96,170.96,2019-06-25
1080,150,2019-06,1782.24,623.78,196.05,2019-06-25
1081,151,2019-06,1618.69,566.54,178.06,2019-06-25
1082,152,2019-06,1536.58,537.80,169.02,2019-06-25
1083,156,2019-06,4442.52,1554.88,488.68,2019-06-25
1084,157,2019-06,1853.81,648.83,203.92,2019-06-25
1085,158,2019-06,1658.70,580.54,182.46,2019-06-25
1086,159,2019-06,1946.40,681.24,214.10,2019-06-25
1087,160,2019-06,2707.90,947.76,297.87,2019-06-25
1088,161,2019-06,2067.08,723.48,227.38,2019-06-25
1089,162,2019-06,1445.64,505.97,159.02,2019-06-25
1090,163,2019-06,1963.13,687.10,215.94,2019-06-25
1091,164,2019-06,1778.85,622.60,195.67,2019-06-25
1092,165,2019-06,1562.27,546.79,171.85,2019-06-25
1093,166,2019-06,2893.25,1012.64,318.26,2019-06-25
1094,167,2019-06,1481.56,518.55,162.97,2019-06-25
1095,168,2019-06,1689.79,591.43,185.88,2019-06-25
1096,169,2019-06,1796.01,628.60,197.56,2019-06-25
1097,170,2019-06,1601.38,560.48,176.15,2019-06-25
1098,171,2019-06,1450.61,507.71,159.57,2019-06-25
1099,176,2019-06,4406.31,1542.21,484.69,2019-06-25
1100,177,2019-06,1657.19,580.02,182.29,2019-06-25
1101,178,2019-06,1715.91,600.57,188.75,2019-06-25
1102,179,2019-06,3013.68,1054.79,331.50,2019-06-25
1103,180,2019-06,1741.49,609.52,191.56,2019-06-25
1104,181,2019-06,1481.82,518.64,163.00,2019-06-25
1105,182,2019-06,1749.75,612.41,192.47,2019-06-25
1106,183,2019-06,2086.89,730.41,229.56,2019-06-25
1107,184,2019-06,2188.63,766.02,240.75,2019-06-25
1108,185,2019-06,1656.88,579.91,182.26,2019-06-25
1109,186,2019-06,1669.70,584.39,183.67,2019-06-25
1110,187,2019-06,1681.86,588.65,185.00,2019-06-25
1111,191,2019-06,4699.53,1644.84,516.95,2019-06-25
1112,192,2019-06,1824.07,638.42,200.65,2019-06-25
1113,193,2019-06,2195.06,768.27,241.46,2019-06-25
1114,194,2019-06,2907.55,1017.64,319.83,2019-06-25
1115,195,2019-06,3046.64,1066.32,335.13,2019-06-25
1116,196,2019-06,2089.33,731.27,229.83,2019-06-25
1117,197,2019-06,1720.94,602.33,189.30,2019-06-25
1118,198,2019-06,1768.16,618.86,194.50,2019-06-25
1119,199,2019-06,1504.31,526.51,165.47,2019-06-25
1120,200,2019-06,1632.64,571.42,179.59,2019-06-25
1121,201,2019-06,1955.52,684.43,215.11,2019-06-25
1122,202,2019-06,1694.34,593.02,186.38,2019-06-25
1123,203,2019-06,1719.13,601.70,189.10,2019-06-25
1124,204,2019-06,1735.67,607.48,190.92,2019-06-25
1125,205,2019-06,1728.19,604.87,190.10,2019-06-25
1126,207,2019-06,4198.29,1469.40,461.81,2019-06-25
1127,208,2019-06,1456.68,509.84,160.23,2019-06-25
1128,209,2019-06,1543.24,540.13,169.76,2019-06-25
1129,210,2019-06,1881.75,658.61,206.99,2019-06-25
1130,211,2019-06,1472.87,515.50,162.02,2019-06-25
1131,212,2019-06,1536.19,537.67,168.98,2019-06-25
1132,213,2019-06,2065.82,723.04,227.24,2019-06-25
1133,214,2019-06,2140.18,749.06,235.42,2019-06-25
1134,215,2019-06,2724.13,953.45,299.65,2019-06-25
1135,216,2019-06,2709.51,948.33,298.05,2019-06-25
1136,217,2019-06,1979.42,692.80,217.74,2019-06-25
1137,218,2019-06,1569.94,549.48,172.69,2019-06-25
1138,219,2019-06,1727.44,604.60,190.02,2019-06-25
1139,220,2019-06,1515.50,530.42,166.71,2019-06-25
1140,225,2019-06,4504.25,1576.49,495.47,2019-06-25
1141,226,2019-06,1763.91,617.37,194.03,2019-06-25
1142,227,2019-06,1682.99,589.05,185.13,2019-06-25
1143,228,2019-06,2984.07,1044.42,328.25,2019-06-25
1144,229,2019-06,1568.47,548.96,172.53,2019-06-25
1145,230,2019-06,1465.74,513.01,161.23,2019-06-25
1146,231,2019-06,1915.51,670.43,210.71,2019-06-25
1147,232,2019-06,1468.86,514.10,161.57,2019-06-25
1148,233,2019-06,1612.94,564.53,177.42,2019-06-25
1149,234,2019-06,2234.51,782.08,245.80,2019-06-25
1150,235,2019-06,1529.73,535.41,168.27,2019-06-25
1151,236,2019-06,1800.66,630.23,198.07,2019-06-25
1152,237,2019-06,4646.19,1626.17,511.08,2019-06-25
1153,238,2019-06,1867.29,653.55,205.40,2019-06-25
1154,239,2019-06,2817.81,986.23,309.96,2019-06-25
1155,240,2019-06,2180.56,763.20,239.86,2019-06-25
1156,241,2019-06,1578.07,552.32,173.59,2019-06-25
1157,242,2019-06,1742.86,610.00,191.71,2019-06-25
1158,243,2019-06,2181.21,763.42,239.93,2019-06-25
1159,244,2019-06,1553.75,543.81,170.91,2019-06-25
1160,1,2019-07,4473.51,0.00,492.09,2019-07-25
1161,2,2019-07,1490.62,0.00,163.97,2019-07-25
1162,3,2019-07,1514.35,0.00,166.58,2019-07-25
1163,4,2019-07,2103.76,0.00,231.41,2019-07-25
1164,5,2019-07,1963.03,0.00,215.93,2019-07-25
1165,6,2019-07,1549.16,0.00,170.41,2019-07-25
1166,7,2019-07,2676.51,0.00,294.42,2019-07-25
1167,8,2019-07,2295.83,0.00,252.54,2019-07-25
1168,9,2019-07,1566.57,0.00,172.32,2019-07-25
1169,10,2019-07,1593.53,0.00,175.29,2019-07-25
1170,11,2019-07,2701.68,0.00,297.18,2019-07-25
1171,12,2019-07,1955.72,0.00,215.13,2019-07-25
1172,13,2019-07,3031.26,0.00,333.44,2019-07-25
1173,14,2019-07,1871.52,0.00,205.87,2019-07-25
1174,15,2019-07,1677.43,0.00,184.52,2019-07-25
1175,16,2019-07,1745.04,0.00,191.95,2019-07-25
1176,17,2019-07,1586.79,0.00,174.55,2019-07-25
1177,18,2019-07,1601.15,0.00,176.13,2019-07-25
1178,19,2019-07,1564.48,0.00,172.09,2019-07-25
1179,20,2019-07,1510.25,0.00,166.13,2019-07-25
1180,21,2019-07,1649.19,0.00,181.41,2019-07-25
1181,22,2019-07,1831.90,0.00,201.51,2019-07-25
1182,28,2019-07,4256.55,0.00,468.22,2019-07-25
1183,29,2019-07,1533.50,0.00,168.69,2019-07-25
1184,30,2019-07,2623.03,0.00,288.53,2019-07-25
1185,31,2019-07,1747.89,0.00,192.27,2019-07-25
1186,32,2019-07,2239.07,0.00,246.30,2019-07-25
1187,33,2019-07,1712.69,0.00,188.40,2019-07-25
1188,34,2019-07,1676.98,0.00,184.47,2019-07-25
1189,35,2019-07,1663.67,0.00,183.00,2019-07-25
1190,36,2019-07,1973.92,0.00,217.13,2019-07-25
1191,37,2019-07,2719.10,0.00,299.10,2019-07-25
1192,38,2019-07,1505.67,0.00,165.62,2019-07-25
1193,39,2019-07,1743.73,0.00,191.81,2019-07-25
1194,40,2019-07,2017.95,0.00,221.97,2019-07-25
1195,41,2019-07,1988.10,0.00,218.69,2019-07-25
1196,42,2019-07,2300.90,0.00,253.10,2019-07-25
1197,43,2019-07,1505.23,0.00,165.58,2019-07-25
1198,44,2019-07,1594.43,0.00,175.39,2019-07-25
1199,45,2019-07,1500.30,0.00,165.03,2019-07-25
1200,46,2019-07,2637.72,0.00,290.15,2019-07-25
1201,47,2019-07,1688.71,0.00,185.76,2019-07-25
1202,48,2019-07,1557.64,0.00,171.34,2019-07-25
1203,49,2019-07,1659.32,0.00,182.53,2019-07-25
1204,50,2019-07,1615.77,0.00,177.73,2019-07-25
1205,51,2019-07,1769.83,0.00,194.68,2019-07-25
1206,52,2019-07,1673.94,0.00,184.13,2019-07-25
1207,60,2019-07,4706.41,0.00,517.71,2019-07-25
1208,61,2019-07,2110.82,0.00,232.19,2019-07-25
1209,62,2019-07,1748.20,0.00,192.30,2019-07-25
1210,63,2019-07,2168.18,0.00,238.50,2019-07-25
1211,64,2019-07,1605.08,0.00,176.56,2019-07-25
1212,65,2019-07,1786.36,0.00,196.50,2019-07-25
1213,66,2019-07,1700.96,0.00,187.11,2019-07-25
1214,67,2019-07,1918.03,0.00,210.98,2019-07-25
1215,68,2019-07,1695.78,0.00,186.54,2019-07-25
1216,69,2019-07,1467.77,0.00,161.45,2019-07-25
1217,70,2019-07,2269.15,0.00,249.61,2019-07-25
1218,71,2019-07,2974.59,0.00,327.20,2019-07-25
1219,72,2019-07,2677.33,0.00,294.51,2019-07-25
1220,73,2019-07,1734.54,0.00,190.80,2019-07-25
1221,74,2019-07,1691.78,0.00,186.10,2019-07-25
1222,75,2019-07,1702.08,0.00,187.23,2019-07-25
1223,76,2019-07,1790.79,0.00,196.99,2019-07-25
1224,77,2019-07,1783.28,0.00,196.16,2019-07-25
1225,78,2019-07,1815.46,0.00,199.70,2019-07-25
1226,82,2019-07,4786.39,0.00,526.50,2019-07-25
1227,83,2019-07,2768.36,0.00,304.52,2019-07-25
1228,84,2019-07,1596.87,0.00,175.66,2019-07-25
1229,85,2019-07,2760.48,0.00,303.65,2019-07-25
1230,86,2019-07,1508.56,0.00,165.94,2019-07-25
1231,87,2019-07,2079.49,0.00,228.74,2019-07-25
1232,88,2019-07,1551.21,0.00,170.63,2019-07-25
1233,89,2019-07,2182.73,0.00,240.10,2019-07-25
1234,90,2019-07,1798.00,0.00,197.78,2019-07-25
1235,91,2019-07,1719.95,0.00,189.19,2019-07-25
1236,92,2019-07,1837.45,0.00,202.12,2019-07-25
1237,93,2019-07,1525.38,0.00,167.79,2019-07-25
1238,94,2019-07,1911.86,0.00,210.30,2019-07-25
1239,95,2019-07,1585.17,0.00,174.37,2019-07-25
1240,96,2019-07,1615.15,0.00,177.67,2019-07-25
1241,100,2019-07,4723.61,0.00,519.60,2019-07-25
1242,101,2019-07,1589.40,0.00,174.83,2019-07-25
1243,102,2019-07,1584.15,0.00,174.26,2019-07-25
1244,103,2019-07,2733.93,0.00,300.73,2019-07-25
1245,104,2019-07,1627.39,0.00,179.01,2019-07-25
1246,105,2019-07,2162.42,0.00,237.87,2019-07-25
1247,106,2019-07,2038.46,0.00,224.23,2019-07-25
1248,107,2019-07,2637.34,0.00,290.11,2019-07-25
1249,108,2019-07,2063.11,0.00,226.94,2019-07-25
1250,109,2019-07,1556.03,0.00,171.16,2019-07-25
1251,110,2019-07,1685.40,0.00,185.39,2019-07-25
1252,111,2019-07,1535.72,0.00,168.93,2019-07-25
1253,112,2019-07,1655.14,0.00,182.07,2019-07-25
1254,115,2019-07,4366.43,0.00,480.31,2019-07-25
1255,116,2019-07,2201.79,0.00,242.20,2019-07-25
1256,117,2019-07,1541.11,0.00,169.52,2019-07-25
1257,118,2019-07,2749.80,0.00,302.48,2019-07-25
1258,119,2019-07,1603.74,0.00,176.41,2019-07-25
1259,120,2019-07,1503.88,0.00,165.43,2019-07-25
1260,121,2019-07,1764.79,0.00,194.13,2019-07-25
1261,122,2019-07,1604.34,0.00,176.48,2019-07-25
1262,123,2019-07,1571.57,0.00,172.87,2019-07-25
1263,124,2019-07,2088.37,0.00,229.72,2019-07-25
1264,125,2019-07,2221.49,0.00,244.36,2019-07-25
1265,126,2019-07,3052.68,0.00,335.79,2019-07-25
1266,127,2019-07,1556.10,0.00,171.17,2019-07-25
1267,128,2019-07,1483.52,0.00,163.19,2019-07-25
1268,129,2019-07,1595.69,0.00,175.53,2019-07-25
1269,130,2019-07,1819.18,0.00,200.11,2019-07-25
1270,131,2019-07,1776.09,0.00,195.37,2019-07-25
1271,136,2019-07,4769.04,0.00,524.59,2019-07-25
1272,137,2019-07,1603.51,0.00,176.39,2019-07-25
1273,138,2019-07,2817.08,0.00,309.88,2019-07-25
1274,139,2019-07,1471.35,0.00,161.85,2019-07-25
1275,140,2019-07,1677.41,0.00,184.52,2019-07-25
1276,141,2019-07,2241.18,0.00,246.53,2019-07-25
1277,142,2019-07,1705.27,0.00,187.58,2019-07-25
1278,143,2019-07,2015.85,0.00,221.74,2019-07-25
1279,144,2019-07,2084.47,0.00,229.29,2019-07-25
1280,145,2019-07,1468.56,0.00,161.54,2019-07-25
1281,146,2019-07,2650.46,0.00,291.55,2019-07-25
1282,147,2019-07,1647.80,0.00,181.26,2019-07-25
1283,148,2019-07,1763.39,0.00,193.97,2019-07-25
1284,149,2019-07,1546.81,0.00,170.15,2019-07-25
1285,150,2019-07,1778.95,0.00,195.68,2019-07-25
1286,151,2019-07,1619.04,0.00,178.09,2019-07-25
1287,152,2019-07,1532.96,0.00,168.63,2019-07-25
1288,156,2019-07,4432.85,0.00,487.61,2019-07-25
1289,157,2019-07,1856.57,0.00,204.22,2019-07-25
1290,158,2019-07,1653.64,0.00,181.90,2019-07-25
1291,159,2019-07,1950.84,0.00,214.59,2019-07-25
1292,160,2019-07,2701.37,0.00,297.15,2019-07-25
1293,161,2019-07,2063.67,0.00,227.00,2019-07-25
1294,162,2019-07,1456.80,0.00,160.25,2019-07-25
1295,163,2019-07,1954.91,0.00,215.04,2019-07-25
1296,164,2019-07,1784.10,0.00,196.25,2019-07-25
1297,165,2019-07,1554.88,0.00,171.04,2019-07-25
1298,166,2019-07,2898.13,0.00,318.79,2019-07-25
1299,167,2019-07,1486.29,0.00,163.49,2019-07-25
1300,168,2019-07,1696.12,0.00,186.57,2019-07-25
1301,169,2019-07,1787.87,0.00,196.67,2019-07-25
1302,170,2019-07,1609.29,0.00,177.02,2019-07-25
1303,171,2019-07,1453.39,0.00,159.87,2019-07-25
1304,172,2019-07,1729.79,0.00,190.28,2019-07-25
1305,176,2019-07,4406.67,0.00,484.73,2019-07-25
1306,177,2019-07,1661.60,0.00,182.78,2019-07-25
1307,178,2019-07,1712.42,0.00,188.37,2019-07-25
1308,179,2019-07,3004.14,0.00,330.46,2019-07-25
1309,180,2019-07,1739.17,0.00,191.31,2019-07-25
1310,181,2019-07,1468.08,0.00,161.49,2019-07-25
1311,182,2019-07,1760.19,0.00,193.62,2019-07-25
1312,183,2019-07,2077.06,0.00,228.48,2019-07-25
1313,184,2019-07,2189.51,0.00,240.85,2019-07-25
1314,185,2019-07,1654.67,0.00,182.01,2019-07-25
1315,186,2019-07,1676.44,0.00,184.41,2019-07-25
1316,187,2019-07,1691.59,0.00,186.07,2019-07-25
1317,191,2019-07,4662.32,0.00,512.86,2019-07-25
1318,192,2019-07,1836.92,0.00,202.06,2019-07-25
1319,193,2019-07,2202.59,0.00,242.28,2019-07-25
1320,194,2019-07,2897.93,0.00,318.77,2019-07-25
1321,195,2019-07,3035.00,0.00,333.85,2019-07-25
1322,196,2019-07,2100.67,0.00,231.07,2019-07-25
1323,197,2019-07,1726.87,0.00,189.96,2019-07-25
1324,198,2019-07,1763.43,0.00,193.98,2019-07-25
1325,199,2019-07,1517.92,0.00,166.97,2019-07-25
1326,200,2019-07,1629.96,0.00,179.30,2019-07-25
1327,201,2019-07,1938.45,0.00,213.23,2019-07-25
1328,202,2019-07,1688.68,0.00,185.75,2019-07-25
1329,203,2019-07,1722.50,0.00,189.47,2019-07-25
1330,204,2019-07,1748.64,0.00,192.35,2019-07-25
1331,205,2019-07,1721.57,0.00,189.37,2019-07-25
1332,207,2019-07,4218.32,0.00,464.02,2019-07-25
1333,208,2019-07,1451.61,0.00,159.68,2019-07-25
1334,209,2019-07,1548.75,0.00,170.36,2019-07-25
1335,210,2019-07,1882.16,0.00,207.04,2019-07-25
1336,211,2019-07,1476.29,0.00,162.39,2019-07-25
1337,212,2019-07,1532.91,0.00,168.62,2019-07-25
1338,213,2019-07,2060.59,0.00,226.66,2019-07-25
1339,214,2019-07,2128.75,0.00,234.16,2019-07-25
1340,215,2019-07,2701.38,0.00,297.15,2019-07-25
1341,216,2019-07,2722.32,0.00,299.46,2019-07-25
1342,217,2019-07,1981.86,0.00,218.00,2019-07-25
1343,218,2019-07,1575.06,0.00,173.26,2019-07-25
1344,219,2019-07,1727.29,0.00,190.00,2019-07-25
1345,220,2019-07,1525.72,0.00,167.83,2019-07-25
1346,225,2019-07,4503.79,0.00,495.42,2019-07-25
1347,226,2019-07,1759.77,0.00,193.57,2019-07-25
1348,227,2019-07,1674.38,0.00,184.18,2019-07-25
1349,228,2019-07,2985.16,0.00,328.37,2019-07-25
1350,229,2019-07,1559.19,0.00,171.51,2019-07-25
1351,230,2019-07,1476.54,0.00,162.42,2019-07-25
1352,231,2019-07,1918.37,0.00,211.02,2019-07-25
1353,232,2019-07,1466.69,0.00,161.34,2019-07-25
1354,233,2019-07,1608.14,0.00,176.90,2019-07-25
1355,234,2019-07,2226.80,0.00,244.95,2019-07-25
1356,235,2019-07,1534.40,0.00,168.78,2019-07-25
1357,236,2019-07,1788.12,0.00,196.69,2019-07-25
1358,237,2019-07,4657.46,0.00,512.32,2019-07-25
1359,238,2019-07,1875.79,0.00,206.34,2019-07-25
1360,239,2019-07,2822.85,0.00,310.51,2019-07-25
1361,240,2019-07,2170.94,0.00,238.80,2019-07-25
1362,241,2019-07,1573.42,0.00,173.08,2019-07-25
1363,242,2019-07,1738.95,0.00,191.28,2019-07-25
1364,243,2019-07,2185.64,0.00,240.42,2019-07-25
1365,244,2019-07,1564.28,0.00,172.07,2019-07-25
1366,1,2019-08,4483.33,0.00,493.17,2019-08-25
1367,2,2019-08,1486.64,0.00,163.53,2019-08-25
1368,3,2019-08,1518.50,0.00,167.03,2019-08-25
1369,4,2019-08,2100.58,0.00,231.06,2019-08-25
1370,5,2019-08,1962.57,0.00,215.88,2019-08-25
1371,6,2019-08,1550.28,0.00,170.53,2019-08-25
1372,7,2019-08,2681.38,0.00,294.95,2019-08-25
1373,8,2019-08,2289.97,0.00,251.90,2019-08-25
1374,9,2019-08,1563.52,0.00,171.99,2019-08-25
1375,10,2019-08,1605.45,0.00,176.60,2019-08-25
1376,11,2019-08,2724.05,0.00,299.65,2019-08-25
1377,12,2019-08,1943.70,0.00,213.81,2019-08-25
1378,13,2019-08,3029.13,0.00,333.20,2019-08-25
1379,14,2019-08,1883.25,0.00,207.16,2019-08-25
1380,15,2019-08,1677.90,0.00,184.57,2019-08-25
1381,16,2019-08,1748.75,0.00,192.36,2019-08-25
1382,17,2019-08,1584.30,0.00,174.27,2019-08-25
1383,18,2019-08,1604.78,0.00,176.53,2019-08-25
1384,19,2019-08,1557.22,0.00,171.29,2019-08-25
1385,20,2019-08,1510.44,0.00,166.15,2019-08-25
1386,21,2019-08,1654.79,0.00,182.03,2019-08-25
1387,22,2019-08,1827.47,0.00,201.02,2019-08-25
1388,23,2019-08,1683.68,0.00,185.20,2019-08-25
1389,28,2019-08,4265.32,0.00,469.19,2019-08-25
1390,29,2019-08,1542.23,0.00,169.65,2019-08-25
1391,30,2019-08,2610.98,0.00,287.21,2019-08-25
1392,31,2019-08,1746.61,0.00,192.13,2019-08-25
1393,32,2019-08,2257.53,0.00,248.33,2019-08-25
1394,33,2019-08,1713.37,0.00,188.47,2019-08-25
1395,34,2019-08,1675.53,0.00,184.31,2019-08-25
1396,35,2019-08,1659.06,0.00,182.50,2019-08-25
1397,36,2019-08,1971.87,0.00,216.91,2019-08-25
1398,37,2019-08,2704.30,0.00,297.47,2019-08-25
1399,38,2019-08,1513.67,0.00,166.50,2019-08-25
1400,39,2019-08,1736.88,0.00,191.06,2019-08-25
1401,40,2019-08,2025.34,0.00,222.79,2019-08-25
1402,41,2019-08,1977.66,0.00,217.54,2019-08-25
1403,42,2019-08,2300.43,0.00,253.05,2019-08-25
1404,43,2019-08,1506.43,0.00,165.71,2019-08-25
1405,44,2019-08,1605.69,0.00,176.63,2019-08-25
1406,45,2019-08,1489.62,0.00,163.86,2019-08-25
1407,46,2019-08,2645.36,0.00,290.99,2019-08-25
1408,47,2019-08,1688.75,0.00,185.76,2019-08-25
1409,48,2019-08,1560.47,0.00,171.65,2019-08-25
1410,49,2019-08,1661.27,0.00,182.74,2019-08-25
1411,50,2019-08,1617.70,0.00,177.95,2019-08-25
1412,51,2019-08,1772.16,0.00,194.94,2019-08-25
1413,52,2019-08,1678.24,0.00,184.61,2019-08-25
1414,60,2019-08,4721.39,0.00,519.35,2019-08-25
1415,61,2019-08,2116.55,0.00,232.82,2019-08-25
1416,62,2019-08,1754.98,0.00,193.05,2019-08-25
1417,63,2019-08,2160.49,0.00,237.65,2019-08-25
1418,64,2019-08,1616.05,0.00,177.77,2019-08-25
1419,65,2019-08,1790.25,0.00,196.93,2019-08-25
1420,66,2019-08,1703.22,0.00,187.35,2019-08-25
1421,67,2019-08,1919.51,0.00,211.15,2019-08-25
1422,68,2019-08,1697.68,0.00,186.74,2019-08-25
1423,69,2019-08,1456.92,0.00,160.26,2019-08-25
1424,70,2019-08,2265.31,0.00,249.18,2019-08-25
1425,71,2019-08,2954.41,0.00,324.99,2019-08-25
1426,72,2019-08,2681.95,0.00,295.01,2019-08-25
1427,73,2019-08,1721.23,0.00,189.34,2019-08-25
1428,74,2019-08,1682.15,0.00,185.04,2019-08-25
1429,75,2019-08,1704.03,0.00,187.44,2019-08-25
1430,76,2019-08,1797.08,0.00,197.68,2019-08-25
1431,77,2019-08,1782.53,0.00,196.08,2019-08-25
1432,78,2019-08,1820.96,0.00,200.31,2019-08-25
1433,82,2019-08,4767.00,0.00,524.37,2019-08-25
1434,83,2019-08,2751.05,0.00,302.62,2019-08-25
1435,84,2019-08,1586.11,0.00,174.47,2019-08-25
1436,85,2019-08,2771.10,0.00,304.82,2019-08-25
1437,86,2019-08,1508.30,0.00,165.91,2019-08-25
1438,87,2019-08,2080.68,0.00,228.87,2019-08-25
1439,88,2019-08,1550.20,0.00,170.52,2019-08-25
1440,89,2019-08,2175.54,0.00,239.31,2019-08-25
1441,90,2019-08,1796.40,0.00,197.60,2019-08-25
1442,91,2019-08,1716.61,0.00,188.83,2019-08-25
1443,92,2019-08,1839.24,0.00,202.32,2019-08-25
1444,93,2019-08,1528.04,0.00,168.08,2019-08-25
1445,94,2019-08,1894.63,0.00,208.41,2019-08-25
1446,95,2019-08,1583.68,0.00,174.20,2019-08-25
1447,96,2019-08,1605.53,0.00,176.61,2019-08-25
1448,97,2019-08,1483.57,0.00,163.19,2019-08-25
1449,100,2019-08,4729.97,0.00,520.30,2019-08-25
1450,101,2019-08,1585.58,0.00,174.41,2019-08-25
1451,102,2019-08,1581.13,0.00,173.92,2019-08-25
1452,103,2019-08,2742.62,0.00,301.69,2019-08-25
1453,104,2019-08,1628.92,0.00,179.18,2019-08-25
1454,105,2019-08,2152.44,0.00,236.77,2019-08-25
1455,106,2019-08,2035.72,0.00,223.93,2019-08-25
1456,107,2019-08,2642.53,0.00,290.68,2019-08-25
1457,108,2019-08,2045.41,0.00,225.00,2019-08-25
1458,109,2019-08,1546.63,0.00,170.13,2019-08-25
1459,110,2019-08,1682.54,0.00,185.08,2019-08-25
1460,111,2019-08,1537.46,0.00,169.12,2019-08-25
1461,112,2019-08,1658.35,0.00,182.42,2019-08-25
1462,115,2019-08,4367.04,0.00,480.37,2019-08-25
1463,116,2019-08,2204.15,0.00,242.46,2019-08-25
1464,117,2019-08,1540.84,0.00,169.49,2019-08-25
1465,118,2019-08,2747.16,0.00,302.19,2019-08-25
1466,119,2019-08,1619.13,0.00,178.10,2019-08-25
1467,120,2019-08,1508.14,0.00,165.90,2019-08-25
1468,121,2019-08,1760.80,0.00,193.69,2019-08-25
1469,122,2019-08,1600.30,0.00,176.03,2019-08-25
1470,123,2019-08,1574.46,0.00,173.19,2019-08-25
1471,124,2019-08,2089.63,0.00,229.86,2019-08-25
1472,125,2019-08,2225.96,0.00,244.86,2019-08-25
1473,126,2019-08,3064.86,0.00,337.13,2019-08-25
1474,127,2019-08,1558.20,0.00,171.40,2019-08-25
1475,128,2019-08,1493.61,0.00,164.30,2019-08-25
1476,129,2019-08,1596.53,0.00,175.62,2019-08-25
1477,130,2019-08,1819.88,0.00,200.19,2019-08-25
1478,131,2019-08,1771.09,0.00,194.82,2019-08-25
1479,132,2019-08,1472.67,0.00,161.99,2019-08-25
1480,136,2019-08,4755.25,0.00,523.08,2019-08-25
1481,137,2019-08,1607.40,0.00,176.81,2019-08-25
1482,138,2019-08,2811.45,0.00,309.26,2019-08-25
1483,139,2019-08,1472.27,0.00,161.95,2019-08-25
1484,140,2019-08,1691.44,0.00,186.06,2019-08-25
1485,141,2019-08,2242.75,0.00,246.70,2019-08-25
1486,142,2019-08,1716.39,0.00,188.80,2019-08-25
1487,143,2019-08,2005.33,0.00,220.59,2019-08-25
1488,144,2019-08,2091.80,0.00,230.10,2019-08-25
1489,145,2019-08,1461.08,0.00,160.72,2019-08-25
1490,146,2019-08,2649.24,0.00,291.42,2019-08-25
1491,147,2019-08,1650.14,0.00,181.52,2019-08-25
1492,148,2019-08,1759.11,0.00,193.50,2019-08-25
1493,149,2019-08,1548.35,0.00,170.32,2019-08-25
1494,150,2019-08,1783.01,0.00,196.13,2019-08-25
1495,151,2019-08,1617.51,0.00,177.93,2019-08-25
1496,152,2019-08,1541.91,0.00,169.61,2019-08-25
1497,156,2019-08,4416.91,0.00,485.86,2019-08-25
1498,157,2019-08,1859.06,0.00,204.50,2019-08-25
1499,158,2019-08,1649.65,0.00,181.46,2019-08-25
1500,159,2019-08,1935.43,0.00,212.90,2019-08-25
1501,160,2019-08,2699.28,0.00,296.92,2019-08-25
1502,161,2019-08,2070.32,0.00,227.74,2019-08-25
1503,162,2019-08,1452.06,0.00,159.73,2019-08-25
1504,163,2019-08,1957.25,0.00,215.30,2019-08-25
1505,164,2019-08,1791.54,0.00,197.07,2019-08-25
1506,165,2019-08,1553.40,0.00,170.87,2019-08-25
1507,166,2019-08,2907.97,0.00,319.88,2019-08-25
1508,167,2019-08,1487.90,0.00,163.67,2019-08-25
1509,168,2019-08,1688.36,0.00,185.72,2019-08-25
1510,169,2019-08,1795.70,0.00,197.53,2019-08-25
1511,170,2019-08,1606.57,0.00,176.72,2019-08-25
1512,171,2019-08,1464.37,0.00,161.08,2019-08-25
1513,172,2019-08,1728.57,0.00,190.14,2019-08-25
1514,176,2019-08,4414.81,0.00,485.63,2019-08-25
1515,177,2019-08,1652.95,0.00,181.82,2019-08-25
1516,178,2019-08,1709.79,0.00,188.08,2019-08-25
1517,179,2019-08,2990.26,0.00,328.93,2019-08-25
1518,180,2019-08,1741.81,0.00,191.60,2019-08-25
1519,181,2019-08,1476.88,0.00,162.46,2019-08-25
1520,182,2019-08,1763.67,0.00,194.00,2019-08-25
1521,183,2019-08,2083.35,0.00,229.17,2019-08-25
1522,184,2019-08,2187.10,0.00,240.58,2019-08-25
1523,185,2019-08,1658.41,0.00,182.43,2019-08-25
1524,186,2019-08,1670.93,0.00,183.80,2019-08-25
1525,187,2019-08,1683.02,0.00,185.13,2019-08-25
1526,191,2019-08,4675.27,0.00,514.28,2019-08-25
1527,192,2019-08,1829.63,0.00,201.26,2019-08-25
1528,193,2019-08,2189.60,0.00,240.86,2019-08-25
1529,194,2019-08,2905.31,0.00,319.58,2019-08-25
1530,195,2019-08,3055.35,0.00,336.09,2019-08-25
1531,196,2019-08,2091.41,0.00,230.06,2019-08-25
1532,197,2019-08,1720.60,0.00,189.27,2019-08-25
1533,198,2019-08,1756.17,0.00,193.18,2019-08-25
1534,199,2019-08,1507.77,0.00,165.85,2019-08-25
1535,200,2019-08,1633.00,0.00,179.63,2019-08-25
1536,201,2019-08,1949.02,0.00,214.39,2019-08-25
1537,202,2019-08,1697.69,0.00,186.75,2019-08-25
1538,203,2019-08,1715.95,0.00,188.75,2019-08-25
1539,204,2019-08,1747.42,0.00,192.22,2019-08-25
1540,205,2019-08,1720.69,0.00,189.28,2019-08-25
1541,206,2019-08,1563.30,0.00,171.96,2019-08-25
1542,207,2019-08,4218.36,0.00,464.02,2019-08-25
1543,208,2019-08,1457.68,0.00,160.34,2019-08-25
1544,209,2019-08,1540.48,0.00,169.45,2019-08-25
1545,210,2019-08,1872.27,0.00,205.95,2019-08-25
1546,211,2019-08,1465.35,0.00,161.19,2019-08-25
1547,212,2019-08,1532.26,0.00,168.55,2019-08-25
1548,213,2019-08,2074.96,0.00,228.25,2019-08-25
1549,214,2019-08,2143.41,0.00,235.78,2019-08-25
1550,215,2019-08,2700.07,0.00,297.01,2019-08-25
1551,216,2019-08,2701.44,0.00,297.16,2019-08-25
1552,217,2019-08,1972.69,0.00,217.00,2019-08-25
1553,218,2019-08,1577.93,0.00,173.57,2019-08-25
1554,219,2019-08,1717.28,0.00,188.90,2019-08-25
1555,220,2019-08,1522.70,0.00,167.50,2019-08-25
1556,225,2019-08,4530.66,0.00,498.37,2019-08-25
1557,226,2019-08,1758.10,0.00,193.39,2019-08-25
1558,227,2019-08,1676.39,0.00,184.40,2019-08-25
1559,228,2019-08,3010.60,0.00,331.17,2019-08-25
1560,229,2019-08,1566.23,0.00,172.29,2019-08-25
1561,230,2019-08,1468.62,0.00,161.55,2019-08-25
1562,231,2019-08,1924.24,0.00,211.67,2019-08-25
1563,232,2019-08,1460.25,0.00,160.63,2019-08-25
1564,233,2019-08,1610.88,0.00,177.20,2019-08-25
1565,234,2019-08,2223.00,0.00,244.53,2019-08-25
1566,235,2019-08,1525.65,0.00,167.82,2019-08-25
1567,236,2019-08,1798.58,0.00,197.84,2019-08-25
1568,237,2019-08,4666.40,0.00,513.30,2019-08-25
1569,238,2019-08,1881.96,0.00,207.02,2019-08-25
1570,239,2019-08,2821.64,0.00,310.38,2019-08-25
1571,240,2019-08,2174.12,0.00,239.15,2019-08-25
1572,241,2019-08,1578.35,0.00,173.62,2019-08-25
1573,242,2019-08,1739.27,0.00,191.32,2019-08-25
1574,243,2019-08,2172.45,0.00,238.97,2019-08-25
1575,244,2019-08,1556.36,0.00,171.20,2019-08-25
1576,1,2019-09,4492.86,0.00,494.21,2019-09-25
1577,2,2019-09,1487.47,0.00,163.62,2019-09-25
1578,3,2019-09,1509.16,0.00,166.01,2019-09-25
1579,4,2019-09,2096.15,0.00,230.58,2019-09-25
1580,5,2019-09,1972.71,0.00,217.00,2019-09-25
1581,6,2019-09,1547.72,0.00,170.25,2019-09-25
1582,7,2019-09,2699.67,0.00,296.96,2019-09-25
1583,8,2019-09,2286.33,0.00,251.50,2019-09-25
1584,9,2019-09,1571.23,0.00,172.84,2019-09-25
1585,10,2019-09,1594.61,0.00,175.41,2019-09-25
1586,11,2019-09,2714.38,0.00,298.58,2019-09-25
1587,12,2019-09,1950.38,0.00,214.54,2019-09-25
1588,13,2019-09,3043.90,0.00,334.83,2019-09-25
1589,14,2019-09,1882.49,0.00,207.07,2019-09-25
1590,15,2019-09,1677.00,0.00,184.47,2019-09-25
1591,16,2019-09,1746.49,0.00,192.11,2019-09-25
1592,17,2019-09,1577.97,0.00,173.58,2019-09-25
1593,18,2019-09,1603.64,0.00,176.40,2019-09-25
1594,19,2019-09,1555.56,0.00,171.11,2019-09-25
1595,20,2019-09,1522.63,0.00,167.49,2019-09-25
1596,21,2019-09,1653.59,0.00,181.89,2019-09-25
1597,22,2019-09,1826.67,0.00,200.93,2019-09-25
1598,23,2019-09,1692.84,0.00,186.21,2019-09-25
1599,28,2019-09,4249.09,0.00,467.40,2019-09-25
1600,29,2019-09,1535.95,0.00,168.95,2019-09-25
1601,30,2019-09,2628.38,0.00,289.12,2019-09-25
1602,31,2019-09,1746.12,0.00,192.07,2019-09-25
1603,32,2019-09,2252.45,0.00,247.77,2019-09-25
1604,33,2019-09,1723.45,0.00,189.58,2019-09-25
1605,34,2019-09,1673.07,0.00,184.04,2019-09-25
1606,35,2019-09,1672.66,0.00,183.99,2019-09-25
1607,36,2019-09,1978.89,0.00,217.68,2019-09-25
1608,37,2019-09,2703.40,0.00,297.37,2019-09-25
1609,38,2019-09,1511.89,0.00,166.31,2019-09-25
1610,39,2019-09,1744.27,0.00,191.87,2019-09-25
1611,40,2019-09,2028.66,0.00,223.15,2019-09-25
1612,41,2019-09,1976.61,0.00,217.43,2019-09-25
1613,42,2019-09,2305.36,0.00,253.59,2019-09-25
1614,43,2019-09,1514.88,0.00,166.64,2019-09-25
1615,44,2019-09,1599.78,0.00,175.98,2019-09-25
1616,45,2019-09,1497.00,0.00,164.67,2019-09-25
1617,46,2019-09,2631.72,0.00,289.49,2019-09-25
1618,47,2019-09,1674.51,0.00,184.20,2019-09-25
1619,48,2019-09,1561.41,0.00,171.76,2019-09-25
1620,49,2019-09,1667.26,0.00,183.40,2019-09-25
1621,50,2019-09,1614.20,0.00,177.56,2019-09-25
1622,51,2019-09,1766.84,0.00,194.35,2019-09-25
1623,52,2019-09,1674.44,0.00,184.19,2019-09-25
1624,60,2019-09,4705.48,0.00,517.60,2019-09-25
1625,61,2019-09,2116.74,0.00,232.84,2019-09-25
1626,62,2019-09,1754.76,0.00,193.02,2019-09-25
1627,63,2019-09,2152.49,0.00,236.77,2019-09-25
1628,64,2019-09,1607.92,0.00,176.87,2019-09-25
1629,65,2019-09,1778.87,0.00,195.68,2019-09-25
1630,66,2019-09,1701.26,0.00,187.14,2019-09-25
1631,67,2019-09,1921.55,0.00,211.37,2019-09-25
1632,68,2019-09,1706.87,0.00,187.76,2019-09-25
1633,69,2019-09,1455.19,0.00,160.07,2019-09-25
1634,70,2019-09,2268.13,0.00,249.49,2019-09-25
1635,71,2019-09,2959.99,0.00,325.60,2019-09-25
1636,72,2019-09,2700.24,0.00,297.03,2019-09-25
1637,73,2019-09,1737.94,0.00,191.17,2019-09-25
1638,74,2019-09,1691.23,0.00,186.04,2019-09-25
1639,75,2019-09,1699.61,0.00,186.96,2019-09-25
1640,76,2019-09,1791.67,0.00,197.08,2019-09-25
1641,77,2019-09,1781.12,0.00,195.92,2019-09-25
1642,78,2019-09,1806.99,0.00,198.77,2019-09-25
1643,82,2019-09,4768.13,0.00,524.49,2019-09-25
1644,83,2019-09,2761.15,0.00,303.73,2019-09-25
1645,84,2019-09,1599.14,0.00,175.91,2019-09-25
1646,85,2019-09,2771.45,0.00,304.86,2019-09-25
1647,86,2019-09,1499.76,0.00,164.97,2019-09-25
1648,87,2019-09,2079.23,0.00,228.72,2019-09-25
1649,88,2019-09,1550.14,0.00,170.52,2019-09-25
1650,89,2019-09,2178.17,0.00,239.60,2019-09-25
1651,90,2019-09,1790.05,0.00,196.91,2019-09-25
1652,91,2019-09,1717.44,0.00,188.92,2019-09-25
1653,92,2019-09,1836.53,0.00,202.02,2019-09-25
1654,93,2019-09,1513.90,0.00,166.53,2019-09-25
1655,94,2019-09,1903.01,0.00,209.33,2019-09-25
1656,95,2019-09,1592.11,0.00,175.13,2019-09-25
1657,96,2019-09,1608.25,0.00,176.91,2019-09-25
1658,97,2019-09,1479.43,0.00,162.74,2019-09-25
1659,100,2019-09,4726.09,0.00,519.87,2019-09-25
1660,101,2019-09,1590.99,0.00,175.01,2019-09-25
1661,102,2019-09,1581.56,0.00,173.97,2019-09-25
1662,103,2019-09,2753.87,0.00,302.93,2019-09-25
1663,104,2019-09,1618.20,0.00,178.00,2019-09-25
1664,105,2019-09,2155.84,0.00,237.14,2019-09-25
1665,106,2019-09,2055.64,0.00,226.12,2019-09-25
1666,107,2019-09,2641.07,0.00,290.52,2019-09-25
1667,108,2019-09,2054.88,0.00,226.04,2019-09-25
1668,109,2019-09,1547.99,0.00,170.28,2019-09-25
1669,110,2019-09,1694.13,0.00,186.35,2019-09-25
1670,111,2019-09,1532.64,0.00,168.59,2019-09-25
1671,112,2019-09,1658.77,0.00,182.46,2019-09-25
1672,115,2019-09,4368.45,0.00,480.53,2019-09-25
1673,116,2019-09,2216.86,0.00,243.85,2019-09-25
1674,117,2019-09,1543.96,0.00,169.84,2019-09-25
1675,118,2019-09,2756.98,0.00,303.27,2019-09-25
1676,119,2019-09,1605.34,0.00,176.59,2019-09-25
1677,120,2019-09,1504.77,0.00,165.52,2019-09-25
1678,121,2019-09,1749.39,0.00,192.43,2019-09-25
1679,122,2019-09,1592.93,0.00,175.22,2019-09-25
1680,123,2019-09,1567.35,0.00,172.41,2019-09-25
1681,124,2019-09,2096.08,0.00,230.57,2019-09-25
1682,125,2019-09,2227.96,0.00,245.08,2019-09-25
1683,126,2019-09,3069.48,0.00,337.64,2019-09-25
1684,127,2019-09,1561.08,0.00,171.72,2019-09-25
1685,128,2019-09,1494.42,0.00,164.39,2019-09-25
1686,129,2019-09,1604.07,0.00,176.45,2019-09-25
1687,130,2019-09,1815.64,0.00,199.72,2019-09-25
1688,131,2019-09,1763.56,0.00,193.99,2019-09-25
1689,132,2019-09,1482.84,0.00,163.11,2019-09-25
1690,136,2019-09,4764.57,0.00,524.10,2019-09-25
1691,137,2019-09,1594.97,0.00,175.45,2019-09-25
1692,138,2019-09,2838.43,0.00,312.23,2019-09-25
1693,139,2019-09,1473.33,0.00,162.07,2019-09-25
1694,140,2019-09,1687.81,0.00,185.66,2019-09-25
1695,141,2019-09,2245.62,0.00,247.02,2019-09-25
1696,142,2019-09,1704.77,0.00,187.52,2019-09-25
1697,143,2019-09,2012.18,0.00,221.34,2019-09-25
1698,144,2019-09,2085.86,0.00,229.44,2019-09-25
1699,145,2019-09,1464.66,0.00,161.11,2019-09-25
1700,146,2019-09,2655.26,0.00,292.08,2019-09-25
1701,147,2019-09,1646.17,0.00,181.08,2019-09-25
1702,148,2019-09,1761.61,0.00,193.78,2019-09-25
1703,149,2019-09,1545.61,0.00,170.02,2019-09-25
1704,150,2019-09,1790.68,0.00,196.97,2019-09-25
1705,151,2019-09,1627.26,0.00,179.00,2019-09-25
1706,152,2019-09,1541.48,0.00,169.56,2019-09-25
1707,156,2019-09,4448.99,0.00,489.39,2019-09-25
1708,157,2019-09,1851.84,0.00,203.70,2019-09-25
1709,158,2019-09,1661.56,0.00,182.77,2019-09-25
1710,159,2019-09,1953.84,0.00,214.92,2019-09-25
1711,160,2019-09,2707.95,0.00,297.87,2019-09-25
1712,161,2019-09,2066.83,0.00,227.35,2019-09-25
1713,162,2019-09,1451.26,0.00,159.64,2019-09-25
1714,163,2019-09,1959.13,0.00,215.50,2019-09-25
1715,164,2019-09,1788.33,0.00,196.72,2019-09-25
1716,165,2019-09,1558.45,0.00,171.43,2019-09-25
1717,166,2019-09,2916.13,0.00,320.77,2019-09-25
1718,167,2019-09,1479.98,0.00,162.80,2019-09-25
1719,168,2019-09,1684.77,0.00,185.32,2019-09-25
1720,169,2019-09,1784.50,0.00,196.29,2019-09-25
1721,170,2019-09,1613.57,0.00,177.49,2019-09-25
1722,171,2019-09,1455.38,0.00,160.09,2019-09-25
1723,172,2019-09,1731.68,0.00,190.48,2019-09-25
1724,176,2019-09,4389.46,0.00,482.84,2019-09-25
1725,177,2019-09,1653.38,0.00,181.87,2019-09-25
1726,178,2019-09,1704.95,0.00,187.54,2019-09-25
1727,179,2019-09,2991.82,0.00,329.10,2019-09-25
1728,180,2019-09,1746.13,0.00,192.07,2019-09-25
1729,181,2019-09,1478.27,0.00,162.61,2019-09-25
1730,182,2019-09,1749.89,0.00,192.49,2019-09-25
1731,183,2019-09,2077.16,0.00,228.49,2019-09-25
1732,184,2019-09,2184.59,0.00,240.30,2019-09-25
1733,185,2019-09,1653.70,0.00,181.91,2019-09-25
1734,186,2019-09,1672.94,0.00,184.02,2019-09-25
1735,187,2019-09,1681.51,0.00,184.97,2019-09-25
1736,191,2019-09,4672.53,0.00,513.98,2019-09-25
1737,192,2019-09,1830.40,0.00,201.34,2019-09-25
1738,193,2019-09,2194.19,0.00,241.36,2019-09-25
1739,194,2019-09,2909.60,0.00,320.06,2019-09-25
1740,195,2019-09,3057.23,0.00,336.30,2019-09-25
1741,196,2019-09,2082.83,0.00,229.11,2019-09-25
1742,197,2019-09,1720.05,0.00,189.21,2019-09-25
1743,198,2019-09,1763.13,0.00,193.94,2019-09-25
1744,199,2019-09,1512.06,0.00,166.33,2019-09-25
1745,200,2019-09,1626.53,0.00,178.92,2019-09-25
1746,201,2019-09,1942.71,0.00,213.70,2019-09-25
1747,202,2019-09,1700.69,0.00,187.08,2019-09-25
1748,203,2019-09,1718.79,0.00,189.07,2019-09-25
1749,204,2019-09,1744.06,0.00,191.85,2019-09-25
1750,205,2019-09,1719.41,0.00,189.14,2019-09-25
1751,206,2019-09,1566.40,0.00,172.30,2019-09-25
1752,207,2019-09,4192.08,0.00,461.13,2019-09-25
1753,208,2019-09,1458.71,0.00,160.46,2019-09-25
1754,209,2019-09,1548.11,0.00,170.29,2019-09-25
1755,210,2019-09,1886.94,0.00,207.56,2019-09-25
1756,211,2019-09,1469.07,0.00,161.60,2019-09-25
1757,212,2019-09,1542.96,0.00,169.73,2019-09-25
1758,213,2019-09,2062.69,0.00,226.90,2019-09-25
1759,214,2019-09,2124.86,0.00,233.73,2019-09-25
1760,215,2019-09,2709.35,0.00,298.03,2019-09-25
1761,216,2019-09,2714.04,0.00,298.54,2019-09-25
1762,217,2019-09,1967.08,0.00,216.38,2019-09-25
1763,218,2019-09,1582.49,0.00,174.07,2019-09-25
1764,219,2019-09,1712.04,0.00,188.32,2019-09-25
1765,220,2019-09,1528.19,0.00,168.10,2019-09-25
1766,225,2019-09,4506.16,0.00,495.68,2019-09-25
1767,226,2019-09,1763.84,0.00,194.02,2019-09-25
1768,227,2019-09,1676.18,0.00,184.38,2019-09-25
1769,228,2019-09,2988.08,0.00,328.69,2019-09-25
1770,229,2019-09,1560.08,0.00,171.61,2019-09-25
1771,230,2019-09,1466.89,0.00,161.36,2019-09-25
1772,231,2019-09,1923.95,0.00,211.63,2019-09-25
1773,232,2019-09,1469.17,0.00,161.61,2019-09-25
1774,233,2019-09,1611.42,0.00,177.26,2019-09-25
1775,234,2019-09,2234.92,0.00,245.84,2019-09-25
1776,235,2019-09,1529.20,0.00,168.21,2019-09-25
1777,236,2019-09,1796.35,0.00,197.60,2019-09-25
1778,237,2019-09,4654.80,0.00,512.03,2019-09-25
1779,238,2019-09,1876.74,0.00,206.44,2019-09-25
1780,239,2019-09,2822.27,0.00,310.45,2019-09-25
1781,240,2019-09,2187.91,0.00,240.67,2019-09-25
1782,241,2019-09,1571.65,0.00,172.88,2019-09-25
1783,242,2019-09,1747.18,0.00,192.19,2019-09-25
1784,243,2019-09,2189.07,0.00,240.80,2019-09-25
1785,244,2019-09,1553.91,0.00,170.93,2019-09-25
1786,1,2019-10,4472.02,0.00,491.92,2019-10-25
1787,2,2019-10,1482.22,0.00,163.04,2019-10-25
1788,3,2019-10,1518.16,0.00,167.00,2019-10-25
1789,4,2019-10,2091.68,0.00,230.08,2019-10-25
1790,5,2019-10,1969.21,0.00,216.61,2019-10-25
1791,6,2019-10,1552.11,0.00,170.73,2019-10-25
1792,7,2019-10,2694.61,0.00,296.41,2019-10-25
1793,8,2019-10,2292.67,0.00,252.19,2019-10-25
1794,9,2019-10,1567.77,0.00,172.45,2019-10-25
1795,10,2019-10,1598.43,0.00,175.83,2019-10-25
1796,11,2019-10,2702.30,0.00,297.25,2019-10-25
1797,12,2019-10,1948.50,0.00,214.34,2019-10-25
1798,13,2019-10,3030.47,0.00,333.35,2019-10-25
1799,14,2019-10,1876.66,0.00,206.43,2019-10-25
1800,15,2019-10,1683.67,0.00,185.20,2019-10-25
1801,16,2019-10,1740.05,0.00,191.41,2019-10-25
1802,17,2019-10,1579.25,0.00,173.72,2019-10-25
1803,18,2019-10,1601.38,0.00,176.15,2019-10-25
1804,19,2019-10,1553.16,0.00,170.85,2019-10-25
1805,20,2019-10,1512.78,0.00,166.41,2019-10-25
1806,21,2019-10,1653.71,0.00,181.91,2019-10-25
1807,22,2019-10,1817.39,0.00,199.91,2019-10-25
1808,23,2019-10,1696.07,0.00,186.57,2019-10-25
1809,28,2019-10,4252.17,0.00,467.74,2019-10-25
1810,29,2019-10,1541.55,0.00,169.57,2019-10-25
1811,30,2019-10,2621.06,0.00,288.32,2019-10-25
1812,31,2019-10,1739.03,0.00,191.29,2019-10-25
1813,32,2019-10,2241.84,0.00,246.60,2019-10-25
1814,33,2019-10,1720.29,0.00,189.23,2019-10-25
1815,34,2019-10,1672.33,0.00,183.96,2019-10-25
1816,35,2019-10,1673.77,0.00,184.11,2019-10-25
1817,36,2019-10,1975.53,0.00,217.31,2019-10-25
1818,37,2019-10,2711.90,0.00,298.31,2019-10-25
1819,38,2019-10,1517.56,0.00,166.93,2019-10-25
1820,39,2019-10,1744.81,0.00,191.93,2019-10-25
1821,40,2019-10,2029.09,0.00,223.20,2019-10-25
1822,41,2019-10,1981.39,0.00,217.95,2019-10-25
1823,42,2019-10,2302.93,0.00,253.32,2019-10-25
1824,43,2019-10,1513.48,0.00,166.48,2019-10-25
1825,44,2019-10,1600.26,0.00,176.03,2019-10-25
1826,45,2019-10,1495.82,0.00,164.54,2019-10-25
1827,46,2019-10,2648.71,0.00,291.36,2019-10-25
1828,47,2019-10,1682.90,0.00,185.12,2019-10-25
1829,48,2019-10,1552.18,0.00,170.74,2019-10-25
1830,49,2019-10,1664.74,0.00,183.12,2019-10-25
1831,50,2019-10,1611.94,0.00,177.31,2019-10-25
1832,51,2019-10,1777.51,0.00,195.53,2019-10-25
1833,52,2019-10,1667.23,0.00,183.40,2019-10-25
1834,60,2019-10,4716.69,0.00,518.84,2019-10-25
1835,61,2019-10,2120.57,0.00,233.26,2019-10-25
1836,62,2019-10,1748.37,0.00,192.32,2019-10-25
1837,63,2019-10,2155.10,0.00,237.06,2019-10-25
1838,64,2019-10,1615.87,0.00,177.75,2019-10-25
1839,65,2019-10,1780.54,0.00,195.86,2019-10-25
1840,66,2019-10,1710.00,0.00,188.10,2019-10-25
1841,67,2019-10,1930.63,0.00,212.37,2019-10-25
1842,68,2019-10,1706.32,0.00,187.70,2019-10-25
1843,69,2019-10,1461.37,0.00,160.75,2019-10-25
1844,70,2019-10,2275.72,0.00,250.33,2019-10-25
1845,71,2019-10,2954.19,0.00,324.96,2019-10-25
1846,72,2019-10,2695.80,0.00,296.54,2019-10-25
1847,73,2019-10,1725.35,0.00,189.79,2019-10-25
1848,74,2019-10,1687.19,0.00,185.59,2019-10-25
1849,75,2019-10,1694.44,0.00,186.39,2019-10-25
1850,76,2019-10,1801.67,0.00,198.18,2019-10-25
1851,77,2019-10,1785.21,0.00,196.37,2019-10-25
1852,78,2019-10,1813.90,0.00,199.53,2019-10-25
1853,82,2019-10,4779.63,0.00,525.76,2019-10-25
1854,83,2019-10,2759.84,0.00,303.58,2019-10-25
1855,84,2019-10,1597.19,0.00,175.69,2019-10-25
1856,85,2019-10,2775.19,0.00,305.27,2019-10-25
1857,86,2019-10,1499.87,0.00,164.99,2019-10-25
1858,87,2019-10,2077.35,0.00,228.51,2019-10-25
1859,88,2019-10,1540.38,0.00,169.44,2019-10-25
1860,89,2019-10,2175.31,0.00,239.28,2019-10-25
1861,90,2019-10,1791.84,0.00,197.10,2019-10-25
1862,91,2019-10,1720.21,0.00,189.22,2019-10-25
1863,92,2019-10,1853.10,0.00,203.84,2019-10-25
1864,93,2019-10,1516.24,0.00,166.79,2019-10-25
1865,94,2019-10,1908.71,0.00,209.96,2019-10-25
1866,95,2019-10,1587.14,0.00,174.59,2019-10-25
1867,96,2019-10,1600.04,0.00,176.00,2019-10-25
1868,97,2019-10,1483.04,0.00,163.13,2019-10-25
1869,100,2019-10,4743.66,0.00,521.80,2019-10-25
1870,101,2019-10,1592.57,0.00,175.18,2019-10-25
1871,102,2019-10,1582.74,0.00,174.10,2019-10-25
1872,103,2019-10,2737.88,0.00,301.17,2019-10-25
1873,104,2019-10,1622.51,0.00,178.48,2019-10-25
1874,105,2019-10,2169.81,0.00,238.68,2019-10-25
1875,106,2019-10,2050.28,0.00,225.53,2019-10-25
1876,107,2019-10,2635.10,0.00,289.86,2019-10-25
1877,108,2019-10,2055.88,0.00,226.15,2019-10-25
1878,109,2019-10,1557.35,0.00,171.31,2019-10-25
1879,110,2019-10,1688.74,0.00,185.76,2019-10-25
1880,111,2019-10,1539.17,0.00,169.31,2019-10-25
1881,112,2019-10,1648.71,0.00,181.36,2019-10-25
1882,115,2019-10,4344.69,0.00,477.92,2019-10-25
1883,116,2019-10,2202.46,0.00,242.27,2019-10-25
1884,117,2019-10,1537.75,0.00,169.15,2019-10-25
1885,118,2019-10,2747.39,0.00,302.21,2019-10-25
1886,119,2019-10,1604.01,0.00,176.44,2019-10-25
1887,120,2019-10,1509.43,0.00,166.04,2019-10-25
1888,121,2019-10,1761.45,0.00,193.76,2019-10-25
1889,122,2019-10,1606.27,0.00,176.69,2019-10-25
1890,123,2019-10,1575.68,0.00,173.32,2019-10-25
1891,124,2019-10,2098.43,0.00,230.83,2019-10-25
1892,125,2019-10,2239.41,0.00,246.34,2019-10-25
1893,126,2019-10,3047.45,0.00,335.22,2019-10-25
1894,127,2019-10,1554.43,0.00,170.99,2019-10-25
1895,128,2019-10,1492.78,0.00,164.21,2019-10-25
1896,129,2019-10,1603.65,0.00,176.40,2019-10-25
1897,130,2019-10,1816.31,0.00,199.79,2019-10-25
1898,131,2019-10,1768.28,0.00,194.51,2019-10-25
1899,132,2019-10,1472.01,0.00,161.92,2019-10-25
1900,136,2019-10,4768.01,0.00,524.48,2019-10-25
1901,137,2019-10,1605.15,0.00,176.57,2019-10-25
1902,138,2019-10,2831.18,0.00,311.43,2019-10-25
1903,139,2019-10,1465.58,0.00,161.21,2019-10-25
1904,140,2019-10,1685.32,0.00,185.39,2019-10-25
1905,141,2019-10,2229.96,0.00,245.30,2019-10-25
1906,142,2019-10,1715.90,0.00,188.75,2019-10-25
1907,143,2019-10,2014.51,0.00,221.60,2019-10-25
1908,144,2019-10,2083.16,0.00,229.15,2019-10-25
1909,145,2019-10,1470.90,0.00,161.80,2019-10-25
1910,146,2019-10,2661.71,0.00,292.79,2019-10-25
1911,147,2019-10,1643.87,0.00,180.83,2019-10-25
1912,148,2019-10,1765.11,0.00,194.16,2019-10-25
1913,149,2019-10,1548.33,0.00,170.32,2019-10-25
1914,150,2019-10,1794.57,0.00,197.40,2019-10-25
1915,151,2019-10,1626.57,0.00,178.92,2019-10-25
1916,152,2019-10,1542.59,0.00,169.68,2019-10-25
1917,156,2019-10,4442.46,0.00,488.67,2019-10-25
1918,157,2019-10,1850.41,0.00,203.55,2019-10-25
1919,158,2019-10,1650.64,0.00,181.57,2019-10-25
1920,159,2019-10,1936.09,0.00,212.97,2019-10-25
1921,160,2019-10,2706.76,0.00,297.74,2019-10-25
1922,161,2019-10,2073.79,0.00,228.12,2019-10-25
1923,162,2019-10,1445.65,0.00,159.02,2019-10-25
1924,163,2019-10,1956.55,0.00,215.22,2019-10-25
1925,164,2019-10,1786.63,0.00,196.53,2019-10-25
1926,165,2019-10,1552.65,0.00,170.79,2019-10-25
1927,166,2019-10,2904.95,0.00,319.54,2019-10-25
1928,167,2019-10,1483.92,0.00,163.23,2019-10-25
1929,168,2019-10,1689.31,0.00,185.82,2019-10-25
1930,169,2019-10,1793.39,0.00,197.27,2019-10-25
1931,170,2019-10,1602.95,0.00,176.32,2019-10-25
1932,171,2019-10,1462.84,0.00,160.91,2019-10-25
1933,172,2019-10,1732.19,0.00,190.54,2019-10-25
1934,176,2019-10,4402.71,0.00,484.30,2019-10-25
1935,177,2019-10,1661.52,0.00,182.77,2019-10-25
1936,178,2019-10,1701.08,0.00,187.12,2019-10-25
1937,179,2019-10,2994.74,0.00,329.42,2019-10-25
1938,180,2019-10,1737.64,0.00,191.14,2019-10-25
1939,181,2019-10,1482.33,0.00,163.06,2019-10-25
1940,182,2019-10,1759.85,0.00,193.58,2019-10-25
1941,183,2019-10,2092.38,0.00,230.16,2019-10-25
1942,184,2019-10,2181.01,0.00,239.91,2019-10-25
1943,185,2019-10,1661.08,0.00,182.72,2019-10-25
1944,186,2019-10,1674.34,0.00,184.18,2019-10-25
1945,187,2019-10,1688.94,0.00,185.78,2019-10-25
1946,191,2019-10,4685.48,0.00,515.40,2019-10-25
1947,192,2019-10,1824.56,0.00,200.70,2019-10-25
1948,193,2019-10,2197.05,0.00,241.68,2019-10-25
1949,194,2019-10,2917.32,0.00,320.91,2019-10-25
1950,195,2019-10,3047.68,0.00,335.24,2019-10-25
1951,196,2019-10,2085.87,0.00,229.45,2019-10-25
1952,197,2019-10,1724.35,0.00,189.68,2019-10-25
1953,198,2019-10,1765.11,0.00,194.16,2019-10-25
1954,199,2019-10,1503.75,0.00,165.41,2019-10-25
1955,200,2019-10,1629.77,0.00,179.27,2019-10-25
1956,201,2019-10,1956.75,0.00,215.24,2019-10-25
1957,202,2019-10,1695.69,0.00,186.53,2019-10-25
1958,203,2019-10,1713.12,0.00,188.44,2019-10-25
1959,204,2019-10,1743.32,0.00,191.77,2019-10-25
1960,205,2019-10,1715.88,0.00,188.75,2019-10-25
1961,206,2019-10,1559.28,0.00,171.52,2019-10-25
1962,207,2019-10,4222.67,0.00,464.49,2019-10-25
1963,208,2019-10,1452.50,0.00,159.78,2019-10-25
1964,209,2019-10,1550.22,0.00,170.52,2019-10-25
1965,210,2019-10,1883.90,0.00,207.23,2019-10-25
1966,211,2019-10,1470.17,0.00,161.72,2019-10-25
1967,212,2019-10,1539.07,0.00,169.30,2019-10-25
1968,213,2019-10,2064.54,0.00,227.10,2019-10-25
1969,214,2019-10,2137.36,0.00,235.11,2019-10-25
1970,215,2019-10,2716.57,0.00,298.82,2019-10-25
1971,216,2019-10,2701.63,0.00,297.18,2019-10-25
1972,217,2019-10,1973.00,0.00,217.03,2019-10-25
1973,218,2019-10,1581.47,0.00,173.96,2019-10-25
1974,219,2019-10,1719.05,0.00,189.10,2019-10-25
1975,220,2019-10,1521.34,0.00,167.35,2019-10-25
1976,225,2019-10,4508.21,0.00,495.90,2019-10-25
1977,226,2019-10,1754.87,0.00,193.04,2019-10-25
1978,227,2019-10,1687.28,0.00,185.60,2019-10-25
1979,228,2019-10,2997.77,0.00,329.75,2019-10-25
1980,229,2019-10,1556.73,0.00,171.24,2019-10-25
1981,230,2019-10,1476.47,0.00,162.41,2019-10-25
1982,231,2019-10,1905.70,0.00,209.63,2019-10-25
1983,232,2019-10,1459.30,0.00,160.52,2019-10-25
1984,233,2019-10,1612.69,0.00,177.40,2019-10-25
1985,234,2019-10,2220.89,0.00,244.30,2019-10-25
1986,235,2019-10,1530.67,0.00,168.37,2019-10-25
1987,236,2019-10,1793.52,0.00,197.29,2019-10-25
1988,237,2019-10,4647.38,0.00,511.21,2019-10-25
1989,238,2019-10,1869.25,0.00,205.62,2019-10-25
1990,239,2019-10,2828.93,0.00,311.18,2019-10-25
1991,240,2019-10,2189.08,0.00,240.80,2019-10-25
1992,241,2019-10,1575.47,0.00,173.30,2019-10-25
1993,242,2019-10,1749.26,0.00,192.42,2019-10-25
1994,243,2019-10,2172.58,0.00,238.98,2019-10-25
1995,244,2019-10,1549.60,0.00,170.46,2019-10-25
1996,1,2019-11,4464.80,0.00,491.13,2019-11-25
1997,2,2019-11,1480.14,0.00,162.82,2019-11-25
1998,3,2019-11,1512.20,0.00,166.34,2019-11-25
1999,4,2019-11,2089.89,0.00,229.89,2019-11-25
2000,5,2019-11,1975.11,0.00,217.26,2019-11-25
2001,6,2019-11,1552.92,0.00,170.82,2019-11-25
2002,7,2019-11,2688.07,0.00,295.69,2019-11-25
2003,8,2019-11,2280.73,0.00,250.88,2019-11-25
2004,9,2019-11,1557.63,0.00,171.34,2019-11-25
2005,10,2019-11,1592.12,0.00,175.13,2019-11-25
2006,11,2019-11,2714.98,0.00,298.65,2019-11-25
2007,12,2019-11,1942.33,0.00,213.66,2019-11-25
2008,13,2019-11,3020.64,0.00,332.27,2019-11-25
2009,14,2019-11,1874.19,0.00,206.16,2019-11-25
2010,15,2019-11,1682.92,0.00,185.12,2019-11-25
2011,16,2019-11,1735.50,0.00,190.91,2019-11-25
2012,17,2019-11,1589.96,0.00,174.90,2019-11-25
2013,18,2019-11,1602.44,0.00,176.27,2019-11-25
2014,19,2019-11,1562.01,0.00,171.82,2019-11-25
2015,20,2019-11,1518.68,0.00,167.05,2019-11-25
2016,21,2019-11,1649.16,0.00,181.41,2019-11-25
2017,22,2019-11,1815.66,0.00,199.72,2019-11-25
2018,23,2019-11,1684.54,0.00,185.30,2019-11-25
2019,28,2019-11,4286.09,0.00,471.47,2019-11-25
2020,29,2019-11,1533.54,0.00,168.69,2019-11-25
2021,30,2019-11,2624.09,0.00,288.65,2019-11-25
2022,31,2019-11,1738.91,0.00,191.28,2019-11-25
2023,32,2019-11,2257.85,0.00,248.36,2019-11-25
2024,33,2019-11,1715.06,0.00,188.66,2019-11-25
2025,34,2019-11,1662.01,0.00,182.82,2019-11-25
2026,35,2019-11,1661.74,0.00,182.79,2019-11-25
2027,36,2019-11,1976.39,0.00,217.40,2019-11-25
2028,37,2019-11,2704.19,0.00,297.46,2019-11-25
2029,38,2019-11,1505.33,0.00,165.59,2019-11-25
2030,39,2019-11,1744.74,0.00,191.92,2019-11-25
2031,40,2019-11,2029.77,0.00,223.27,2019-11-25
2032,41,2019-11,1986.76,0.00,218.54,2019-11-25
2033,42,2019-11,2295.07,0.00,252.46,2019-11-25
2034,43,2019-11,1508.86,0.00,165.97,2019-11-25
2035,44,2019-11,1597.82,0.00,175.76,2019-11-25
2036,45,2019-11,1495.61,0.00,164.52,2019-11-25
2037,46,2019-11,2641.06,0.00,290.52,2019-11-25
2038,47,2019-11,1690.26,0.00,185.93,2019-11-25
2039,48,2019-11,1558.88,0.00,171.48,2019-11-25
2040,49,2019-11,1653.17,0.00,181.85,2019-11-25
2041,50,2019-11,1620.42,0.00,178.25,2019-11-25
2042,51,2019-11,1780.37,0.00,195.84,2019-11-25
2043,52,2019-11,1680.13,0.00,184.81,2019-11-25
2044,60,2019-11,4720.66,0.00,519.27,2019-11-25
2045,61,2019-11,2101.22,0.00,231.13,2019-11-25
2046,62,2019-11,1747.94,0.00,192.27,2019-11-25
2047,63,2019-11,2164.36,0.00,238.08,2019-11-25
2048,64,2019-11,1613.53,0.00,177.49,2019-11-25
2049,65,2019-11,1789.09,0.00,196.80,2019-11-25
2050,66,2019-11,1714.28,0.00,188.57,2019-11-25
2051,67,2019-11,1920.81,0.00,211.29,2019-11-25
2052,68,2019-11,1697.07,0.00,186.68,2019-11-25
2053,69,2019-11,1462.72,0.00,160.90,2019-11-25
2054,70,2019-11,2258.33,0.00,248.42,2019-11-25
2055,71,2019-11,2976.41,0.00,327.41,2019-11-25
2056,72,2019-11,2681.48,0.00,294.96,2019-11-25
2057,73,2019-11,1728.51,0.00,190.14,2019-11-25
2058,74,2019-11,1691.97,0.00,186.12,2019-11-25
2059,75,2019-11,1696.71,0.00,186.64,2019-11-25
2060,76,2019-11,1804.21,0.00,198.46,2019-11-25
2061,77,2019-11,1776.67,0.00,195.43,2019-11-25
2062,78,2019-11,1815.61,0.00,199.72,2019-11-25
2063,82,2019-11,4780.42,0.00,525.85,2019-11-25
2064,83,2019-11,2757.33,0.00,303.31,2019-11-25
2065,84,2019-11,1585.70,0.00,174.43,2019-11-25
2066,85,2019-11,2783.00,0.00,306.13,2019-11-25
2067,86,2019-11,1502.29,0.00,165.25,2019-11-25
2068,87,2019-11,2087.48,0.00,229.62,2019-11-25
2069,88,2019-11,1545.59,0.00,170.01,2019-11-25
2070,89,2019-11,2170.02,0.00,238.70,2019-11-25
2071,90,2019-11,1784.96,0.00,196.35,2019-11-25
2072,91,2019-11,1715.47,0.00,188.70,2019-11-25
2073,92,2019-11,1848.88,0.00,203.38,2019-11-25
2074,93,2019-11,1527.54,0.00,168.03,2019-11-25
2075,94,2019-11,1905.33,0.00,209.59,2019-11-25
2076,95,2019-11,1590.81,0.00,174.99,2019-11-25
2077,96,2019-11,1602.87,0.00,176.32,2019-11-25
2078,97,2019-11,1475.39,0.00,162.29,2019-11-25
2079,100,2019-11,4753.82,0.00,522.92,2019-11-25
2080,101,2019-11,1583.28,0.00,174.16,2019-11-25
2081,102,2019-11,1570.15,0.00,172.72,2019-11-25
2082,103,2019-11,2737.15,0.00,301.09,2019-11-25
2083,104,2019-11,1619.82,0.00,178.18,2019-11-25
2084,105,2019-11,2161.46,0.00,237.76,2019-11-25
2085,106,2019-11,2036.04,0.00,223.96,2019-11-25
2086,107,2019-11,2630.11,0.00,289.31,2019-11-25
2087,108,2019-11,2059.00,0.00,226.49,2019-11-25
2088,109,2019-11,1549.54,0.00,170.45,2019-11-25
2089,110,2019-11,1680.09,0.00,184.81,2019-11-25
2090,111,2019-11,1534.06,0.00,168.75,2019-11-25
2091,112,2019-11,1650.24,0.00,181.53,2019-11-25
2092,115,2019-11,4372.79,0.00,481.01,2019-11-25
2093,116,2019-11,2203.13,0.00,242.34,2019-11-25
2094,117,2019-11,1531.21,0.00,168.43,2019-11-25
2095,118,2019-11,2759.45,0.00,303.54,2019-11-25
2096,119,2019-11,1616.62,0.00,177.83,2019-11-25
2097,120,2019-11,1504.49,0.00,165.49,2019-11-25
2098,121,2019-11,1754.97,0.00,193.05,2019-11-25
2099,122,2019-11,1593.00,0.00,175.23,2019-11-25
2100,123,2019-11,1564.20,0.00,172.06,2019-11-25
2101,124,2019-11,2100.65,0.00,231.07,2019-11-25
2102,125,2019-11,2232.01,0.00,245.52,2019-11-25
2103,126,2019-11,3071.26,0.00,337.84,2019-11-25
2104,127,2019-11,1550.15,0.00,170.52,2019-11-25
2105,128,2019-11,1483.18,0.00,163.15,2019-11-25
2106,129,2019-11,1605.92,0.00,176.65,2019-11-25
2107,130,2019-11,1810.19,0.00,199.12,2019-11-25
2108,131,2019-11,1775.93,0.00,195.35,2019-11-25
2109,132,2019-11,1477.37,0.00,162.51,2019-11-25
2110,136,2019-11,4780.00,0.00,525.80,2019-11-25
2111,137,2019-11,1593.06,0.00,175.24,2019-11-25
2112,138,2019-11,2820.77,0.00,310.28,2019-11-25
2113,139,2019-11,1468.86,0.00,161.57,2019-11-25
2114,140,2019-11,1691.03,0.00,186.01,2019-11-25
2115,141,2019-11,2237.60,0.00,246.14,2019-11-25
2116,143,2019-11,2007.69,0.00,220.85,2019-11-25
2117,144,2019-11,2090.91,0.00,230.00,2019-11-25
2118,145,2019-11,1468.69,0.00,161.56,2019-11-25
2119,146,2019-11,2659.92,0.00,292.59,2019-11-25
2120,147,2019-11,1638.88,0.00,180.28,2019-11-25
2121,148,2019-11,1769.07,0.00,194.60,2019-11-25
2122,149,2019-11,1552.09,0.00,170.73,2019-11-25
2123,150,2019-11,1783.19,0.00,196.15,2019-11-25
2124,151,2019-11,1620.19,0.00,178.22,2019-11-25
2125,152,2019-11,1536.03,0.00,168.96,2019-11-25
2126,156,2019-11,4420.31,0.00,486.23,2019-11-25
2127,157,2019-11,1857.37,0.00,204.31,2019-11-25
2128,158,2019-11,1647.08,0.00,181.18,2019-11-25
2129,159,2019-11,1942.62,0.00,213.69,2019-11-25
2130,160,2019-11,2695.82,0.00,296.54,2019-11-25
2131,161,2019-11,2074.19,0.00,228.16,2019-11-25
2132,162,2019-11,1458.01,0.00,160.38,2019-11-25
2133,163,2019-11,1950.99,0.00,214.61,2019-11-25
2134,164,2019-11,1793.19,0.00,197.25,2019-11-25
2135,165,2019-11,1557.64,0.00,171.34,2019-11-25
2136,166,2019-11,2920.44,0.00,321.25,2019-11-25
2137,167,2019-11,1481.17,0.00,162.93,2019-11-25
2138,168,2019-11,1689.55,0.00,185.85,2019-11-25
2139,169,2019-11,1782.96,0.00,196.13,2019-11-25
2140,170,2019-11,1602.94,0.00,176.32,2019-11-25
2141,171,2019-11,1451.59,0.00,159.67,2019-11-25
2142,172,2019-11,1719.49,0.00,189.14,2019-11-25
2143,176,2019-11,4376.64,0.00,481.43,2019-11-25
2144,177,2019-11,1654.17,0.00,181.96,2019-11-25
2145,178,2019-11,1716.73,0.00,188.84,2019-11-25
2146,179,2019-11,3001.89,0.00,330.21,2019-11-25
2147,180,2019-11,1741.84,0.00,191.60,2019-11-25
2148,181,2019-11,1478.91,0.00,162.68,2019-11-25
2149,182,2019-11,1757.00,0.00,193.27,2019-11-25
2150,183,2019-11,2072.61,0.00,227.99,2019-11-25
2151,184,2019-11,2187.86,0.00,240.66,2019-11-25
2152,185,2019-11,1654.17,0.00,181.96,2019-11-25
2153,186,2019-11,1672.85,0.00,184.01,2019-11-25
2154,187,2019-11,1688.02,0.00,185.68,2019-11-25
2155,191,2019-11,4682.19,0.00,515.04,2019-11-25
2156,192,2019-11,1837.06,0.00,202.08,2019-11-25
2157,193,2019-11,2196.06,0.00,241.57,2019-11-25
2158,194,2019-11,2913.21,0.00,320.45,2019-11-25
2159,195,2019-11,3057.70,0.00,336.35,2019-11-25
2160,196,2019-11,2093.57,0.00,230.29,2019-11-25
2161,197,2019-11,1730.84,0.00,190.39,2019-11-25
2162,198,2019-11,1757.38,0.00,193.31,2019-11-25
2163,199,2019-11,1513.22,0.00,166.45,2019-11-25
2164,200,2019-11,1623.53,0.00,178.59,2019-11-25
2165,201,2019-11,1950.25,0.00,214.53,2019-11-25
2166,202,2019-11,1689.28,0.00,185.82,2019-11-25
2167,203,2019-11,1726.23,0.00,189.89,2019-11-25
2168,204,2019-11,1750.19,0.00,192.52,2019-11-25
2169,205,2019-11,1723.72,0.00,189.61,2019-11-25
2170,206,2019-11,1564.30,0.00,172.07,2019-11-25
2171,207,2019-11,4199.22,0.00,461.91,2019-11-25
2172,208,2019-11,1448.46,0.00,159.33,2019-11-25
2173,209,2019-11,1552.65,0.00,170.79,2019-11-25
2174,210,2019-11,1872.82,0.00,206.01,2019-11-25
2175,211,2019-11,1462.31,0.00,160.85,2019-11-25
2176,212,2019-11,1532.50,0.00,168.57,2019-11-25
2177,213,2019-11,2060.92,0.00,226.70,2019-11-25
2178,214,2019-11,2124.81,0.00,233.73,2019-11-25
2179,215,2019-11,2719.24,0.00,299.12,2019-11-25
2180,216,2019-11,2715.76,0.00,298.73,2019-11-25
2181,217,2019-11,1973.51,0.00,217.09,2019-11-25
2182,218,2019-11,1577.54,0.00,173.53,2019-11-25
2183,219,2019-11,1711.31,0.00,188.24,2019-11-25
2184,220,2019-11,1524.37,0.00,167.68,2019-11-25
2185,225,2019-11,4516.92,0.00,496.86,2019-11-25
2186,226,2019-11,1754.97,0.00,193.05,2019-11-25
2187,227,2019-11,1678.36,0.00,184.62,2019-11-25
2188,228,2019-11,2989.70,0.00,328.87,2019-11-25
2189,229,2019-11,1564.80,0.00,172.13,2019-11-25
2190,230,2019-11,1475.88,0.00,162.35,2019-11-25
2191,231,2019-11,1917.64,0.00,210.94,2019-11-25
2192,232,2019-11,1467.37,0.00,161.41,2019-11-25
2193,233,2019-11,1616.96,0.00,177.87,2019-11-25
2194,234,2019-11,2224.32,0.00,244.68,2019-11-25
2195,235,2019-11,1521.41,0.00,167.36,2019-11-25
2196,236,2019-11,1792.19,0.00,197.14,2019-11-25
2197,237,2019-11,4677.68,0.00,514.54,2019-11-25
2198,238,2019-11,1871.44,0.00,205.86,2019-11-25
2199,239,2019-11,2813.69,0.00,309.51,2019-11-25
2200,240,2019-11,2180.33,0.00,239.84,2019-11-25
2201,241,2019-11,1579.28,0.00,173.72,2019-11-25
2202,242,2019-11,1747.97,0.00,192.28,2019-11-25
2203,243,2019-11,2184.61,0.00,240.31,2019-11-25
2204,244,2019-11,1555.28,0.00,171.08,2019-11-25
2205,1,2019-12,4484.90,4484.90,493.34,2019-12-25
2206,2,2019-12,1479.30,1479.30,162.72,2019-12-25
2207,3,2019-12,1514.04,1514.04,166.54,2019-12-25
2208,4,2019-12,2097.48,2097.48,230.72,2019-12-25
2209,5,2019-12,1971.22,1971.22,216.83,2019-12-25
2210,6,2019-12,1548.91,1548.91,170.38,2019-12-25
2211,7,2019-12,2679.83,2679.83,294.78,2019-12-25
2212,8,2019-12,2287.90,2287.90,251.67,2019-12-25
2213,9,2019-12,1568.39,1568.39,172.52,2019-12-25
2214,10,2019-12,1591.25,1591.25,175.04,2019-12-25
2215,11,2019-12,2702.05,2702.05,297.23,2019-12-25
2216,12,2019-12,1944.35,1944.35,213.88,2019-12-25
2217,13,2019-12,3034.42,3034.42,333.79,2019-12-25
2218,14,2019-12,1888.99,1888.99,207.79,2019-12-25
2219,15,2019-12,1675.42,1675.42,184.30,2019-12-25
2220,16,2019-12,1748.30,1748.30,192.31,2019-12-25
2221,17,2019-12,1579.64,1579.64,173.76,2019-12-25
2222,18,2019-12,1592.16,1592.16,175.14,2019-12-25
2223,19,2019-12,1557.14,1557.14,171.29,2019-12-25
2224,20,2019-12,1513.99,1513.99,166.54,2019-12-25
2225,21,2019-12,1653.54,1653.54,181.89,2019-12-25
2226,22,2019-12,1823.89,1823.89,200.63,2019-12-25
2227,23,2019-12,1685.78,1685.78,185.44,2019-12-25
2228,28,2019-12,4276.46,4276.46,470.41,2019-12-25
2229,29,2019-12,1540.84,1540.84,169.49,2019-12-25
2230,30,2019-12,2634.81,2634.81,289.83,2019-12-25
2231,31,2019-12,1750.90,1750.90,192.60,2019-12-25
2232,32,2019-12,2257.64,2257.64,248.34,2019-12-25
2233,33,2019-12,1714.11,1714.11,188.55,2019-12-25
2234,34,2019-12,1670.66,1670.66,183.77,2019-12-25
2235,35,2019-12,1669.92,1669.92,183.69,2019-12-25
2236,36,2019-12,1985.34,1985.34,218.39,2019-12-25
2237,37,2019-12,2706.76,2706.76,297.74,2019-12-25
2238,38,2019-12,1512.71,1512.71,166.40,2019-12-25
2239,39,2019-12,1746.83,1746.83,192.15,2019-12-25
2240,40,2019-12,2019.98,2019.98,222.20,2019-12-25
2241,41,2019-12,1986.92,1986.92,218.56,2019-12-25
2242,42,2019-12,2290.96,2290.96,252.01,2019-12-25
2243,43,2019-12,1504.05,1504.05,165.45,2019-12-25
2244,44,2019-12,1603.67,1603.67,176.40,2019-12-25
2245,45,2019-12,1494.31,1494.31,164.37,2019-12-25
2246,46,2019-12,2651.33,2651.33,291.65,2019-12-25
2247,47,2019-12,1688.18,1688.18,185.70,2019-12-25
2248,48,2019-12,1547.62,1547.62,170.24,2019-12-25
2249,49,2019-12,1663.38,1663.38,182.97,2019-12-25
2250,50,2019-12,1622.71,1622.71,178.50,2019-12-25
2251,51,2019-12,1765.77,1765.77,194.23,2019-12-25
2252,52,2019-12,1680.39,1680.39,184.84,2019-12-25
2253,60,2019-12,4730.73,4730.73,520.38,2019-12-25
2254,61,2019-12,2104.11,2104.11,231.45,2019-12-25
2255,62,2019-12,1749.24,1749.24,192.42,2019-12-25
2256,63,2019-12,2169.28,2169.28,238.62,2019-12-25
2257,64,2019-12,1610.16,1610.16,177.12,2019-12-25
2258,65,2019-12,1795.23,1795.23,197.48,2019-12-25
2259,66,2019-12,1709.86,1709.86,188.08,2019-12-25
2260,67,2019-12,1922.24,1922.24,211.45,2019-12-25
2261,68,2019-12,1701.47,1701.47,187.16,2019-12-25
2262,69,2019-12,1456.64,1456.64,160.23,2019-12-25
2263,70,2019-12,2257.20,2257.20,248.29,2019-12-25
2264,71,2019-12,2959.02,2959.02,325.49,2019-12-25
2265,72,2019-12,2689.47,2689.47,295.84,2019-12-25
2266,73,2019-12,1724.08,1724.08,189.65,2019-12-25
2267,74,2019-12,1688.88,1688.88,185.78,2019-12-25
2268,75,2019-12,1690.05,1690.05,185.91,2019-12-25
2269,76,2019-12,1793.95,1793.95,197.33,2019-12-25
2270,77,2019-12,1783.33,1783.33,196.17,2019-12-25
2271,78,2019-12,1815.94,1815.94,199.75,2019-12-25
2272,82,2019-12,4766.47,4766.47,524.31,2019-12-25
2273,83,2019-12,2755.06,2755.06,303.06,2019-12-25
2274,84,2019-12,1598.52,1598.52,175.84,2019-12-25
2275,85,2019-12,2772.71,2772.71,305.00,2019-12-25
2276,86,2019-12,1506.94,1506.94,165.76,2019-12-25
2277,87,2019-12,2074.90,2074.90,228.24,2019-12-25
2278,88,2019-12,1543.04,1543.04,169.73,2019-12-25
2279,89,2019-12,2177.58,2177.58,239.53,2019-12-25
2280,90,2019-12,1790.47,1790.47,196.95,2019-12-25
2281,91,2019-12,1707.15,1707.15,187.79,2019-12-25
2282,92,2019-12,1837.34,1837.34,202.11,2019-12-25
2283,93,2019-12,1525.00,1525.00,167.75,2019-12-25
2284,94,2019-12,1907.93,1907.93,209.87,2019-12-25
2285,95,2019-12,1588.54,1588.54,174.74,2019-12-25
2286,96,2019-12,1601.46,1601.46,176.16,2019-12-25
2287,97,2019-12,1475.87,1475.87,162.35,2019-12-25
2288,100,2019-12,4724.45,4724.45,519.69,2019-12-25
2289,101,2019-12,1583.03,1583.03,174.13,2019-12-25
2290,102,2019-12,1577.39,1577.39,173.51,2019-12-25
2291,103,2019-12,2739.28,2739.28,301.32,2019-12-25
2292,104,2019-12,1629.17,1629.17,179.21,2019-12-25
2293,105,2019-12,2163.24,2163.24,237.96,2019-12-25
2294,106,2019-12,2044.20,2044.20,224.86,2019-12-25
2295,107,2019-12,2646.06,2646.06,291.07,2019-12-25
2296,108,2019-12,2046.62,2046.62,225.13,2019-12-25
2297,109,2019-12,1554.30,1554.30,170.97,2019-12-25
2298,110,2019-12,1692.34,1692.34,186.16,2019-12-25
2299,111,2019-12,1536.71,1536.71,169.04,2019-12-25
2300,112,2019-12,1651.46,1651.46,181.66,2019-12-25
2301,115,2019-12,4376.04,4376.04,481.36,2019-12-25
2302,116,2019-12,2223.50,2223.50,244.59,2019-12-25
2303,117,2019-12,1539.82,1539.82,169.38,2019-12-25
2304,118,2019-12,2749.44,2749.44,302.44,2019-12-25
2305,119,2019-12,1619.24,1619.24,178.12,2019-12-25
2306,120,2019-12,1506.50,1506.50,165.72,2019-12-25
2307,121,2019-12,1755.43,1755.43,193.10,2019-12-25
2308,122,2019-12,1593.41,1593.41,175.28,2019-12-25
2309,123,2019-12,1567.00,1567.00,172.37,2019-12-25
2310,124,2019-12,2101.69,2101.69,231.19,2019-12-25
2311,125,2019-12,2227.58,2227.58,245.03,2019-12-25
2312,126,2019-12,3057.86,3057.86,336.36,2019-12-25
2313,127,2019-12,1546.83,1546.83,170.15,2019-12-25
2314,128,2019-12,1484.89,1484.89,163.34,2019-12-25
2315,129,2019-12,1602.90,1602.90,176.32,2019-12-25
2316,130,2019-12,1810.41,1810.41,199.15,2019-12-25
2317,131,2019-12,1759.42,1759.42,193.54,2019-12-25
2318,132,2019-12,1472.08,1472.08,161.93,2019-12-25
2319,136,2019-12,4762.25,4762.25,523.85,2019-12-25
2320,137,2019-12,1598.34,1598.34,175.82,2019-12-25
2321,138,2019-12,2838.04,2838.04,312.18,2019-12-25
2322,139,2019-12,1463.42,1463.42,160.98,2019-12-25
2323,140,2019-12,1687.64,1687.64,185.64,2019-12-25
2324,141,2019-12,2229.92,2229.92,245.29,2019-12-25
2325,143,2019-12,1998.19,1998.19,219.80,2019-12-25
2326,144,2019-12,2083.56,2083.56,229.19,2019-12-25
2327,145,2019-12,1463.96,1463.96,161.04,2019-12-25
2328,146,2019-12,2646.78,2646.78,291.15,2019-12-25
2329,147,2019-12,1643.86,1643.86,180.82,2019-12-25
2330,148,2019-12,1772.84,1772.84,195.01,2019-12-25
2331,149,2019-12,1550.08,1550.08,170.51,2019-12-25
2332,150,2019-12,1784.03,1784.03,196.24,2019-12-25
2333,151,2019-12,1616.37,1616.37,177.80,2019-12-25
2334,152,2019-12,1539.95,1539.95,169.39,2019-12-25
2335,156,2019-12,4445.91,4445.91,489.05,2019-12-25
2336,157,2019-12,1848.42,1848.42,203.33,2019-12-25
2337,158,2019-12,1654.05,1654.05,181.95,2019-12-25
2338,159,2019-12,1951.90,1951.90,214.71,2019-12-25
2339,160,2019-12,2708.16,2708.16,297.90,2019-12-25
2340,161,2019-12,2064.33,2064.33,227.08,2019-12-25
2341,162,2019-12,1449.13,1449.13,159.40,2019-12-25
2342,163,2019-12,1960.48,1960.48,215.65,2019-12-25
2343,164,2019-12,1784.12,1784.12,196.25,2019-12-25
2344,165,2019-12,1566.21,1566.21,172.28,2019-12-25
2345,166,2019-12,2894.17,2894.17,318.36,2019-12-25
2346,167,2019-12,1476.47,1476.47,162.41,2019-12-25
2347,168,2019-12,1689.00,1689.00,185.79,2019-12-25
2348,169,2019-12,1784.96,1784.96,196.35,2019-12-25
2349,170,2019-12,1610.14,1610.14,177.12,2019-12-25
2350,171,2019-12,1458.55,1458.55,160.44,2019-12-25
2351,172,2019-12,1734.21,1734.21,190.76,2019-12-25
2352,176,2019-12,4402.87,4402.87,484.32,2019-12-25
2353,177,2019-12,1652.78,1652.78,181.81,2019-12-25
2354,178,2019-12,1707.36,1707.36,187.81,2019-12-25
2355,179,2019-12,3012.71,3012.71,331.40,2019-12-25
2356,180,2019-12,1747.46,1747.46,192.22,2019-12-25
2357,181,2019-12,1482.37,1482.37,163.06,2019-12-25
2358,182,2019-12,1753.10,1753.10,192.84,2019-12-25
2359,183,2019-12,2074.97,2074.97,228.25,2019-12-25
2360,184,2019-12,2185.38,2185.38,240.39,2019-12-25
2361,185,2019-12,1661.38,1661.38,182.75,2019-12-25
2362,186,2019-12,1667.34,1667.34,183.41,2019-12-25
2363,187,2019-12,1687.39,1687.39,185.61,2019-12-25
2364,191,2019-12,4689.65,4689.65,515.86,2019-12-25
2365,192,2019-12,1832.02,1832.02,201.52,2019-12-25
2366,193,2019-12,2206.47,2206.47,242.71,2019-12-25
2367,194,2019-12,2911.91,2911.91,320.31,2019-12-25
2368,195,2019-12,3038.67,3038.67,334.25,2019-12-25
2369,196,2019-12,2093.06,2093.06,230.24,2019-12-25
2370,197,2019-12,1719.46,1719.46,189.14,2019-12-25
2371,198,2019-12,1755.31,1755.31,193.08,2019-12-25
2372,199,2019-12,1515.65,1515.65,166.72,2019-12-25
2373,200,2019-12,1627.29,1627.29,179.00,2019-12-25
2374,201,2019-12,1945.67,1945.67,214.02,2019-12-25
2375,202,2019-12,1688.68,1688.68,185.75,2019-12-25
2376,203,2019-12,1714.79,1714.79,188.63,2019-12-25
2377,204,2019-12,1743.22,1743.22,191.75,2019-12-25
2378,205,2019-12,1716.77,1716.77,188.84,2019-12-25
2379,206,2019-12,1561.38,1561.38,171.75,2019-12-25
2380,207,2019-12,4202.03,4202.03,462.22,2019-12-25
2381,208,2019-12,1453.31,1453.31,159.86,2019-12-25
2382,209,2019-12,1549.23,1549.23,170.42,2019-12-25
2383,210,2019-12,1870.30,1870.30,205.73,2019-12-25
2384,211,2019-12,1470.84,1470.84,161.79,2019-12-25
2385,212,2019-12,1539.79,1539.79,169.38,2019-12-25
2386,213,2019-12,2061.26,2061.26,226.74,2019-12-25
2387,214,2019-12,2144.68,2144.68,235.91,2019-12-25
2388,215,2019-12,2723.99,2723.99,299.64,2019-12-25
2389,216,2019-12,2722.03,2722.03,299.42,2019-12-25
2390,217,2019-12,1968.74,1968.74,216.56,2019-12-25
2391,218,2019-12,1582.64,1582.64,174.09,2019-12-25
2392,219,2019-12,1723.22,1723.22,189.55,2019-12-25
2393,220,2019-12,1524.39,1524.39,167.68,2019-12-25
2394,225,2019-12,4530.34,4530.34,498.34,2019-12-25
2395,226,2019-12,1766.24,1766.24,194.29,2019-12-25
2396,227,2019-12,1686.35,1686.35,185.50,2019-12-25
2397,228,2019-12,3006.86,3006.86,330.75,2019-12-25
2398,229,2019-12,1570.92,1570.92,172.80,2019-12-25
2399,230,2019-12,1469.34,1469.34,161.63,2019-12-25
2400,231,2019-12,1915.18,1915.18,210.67,2019-12-25
2401,232,2019-12,1458.77,1458.77,160.46,2019-12-25
2402,233,2019-12,1614.61,1614.61,177.61,2019-12-25
2403,234,2019-12,2219.25,2219.25,244.12,2019-12-25
2404,235,2019-12,1521.38,1521.38,167.35,2019-12-25
2405,236,2019-12,1794.23,1794.23,197.37,2019-12-25
2406,237,2019-12,4660.83,4660.83,512.69,2019-12-25
2407,238,2019-12,1870.38,1870.38,205.74,2019-12-25
2408,239,2019-12,2813.63,2813.63,309.50,2019-12-25
2409,240,2019-12,2191.11,2191.11,241.02,2019-12-25
2410,241,2019-12,1570.24,1570.24,172.73,2019-12-25
2411,242,2019-12,1736.84,1736.84,191.05,2019-12-25
2412,243,2019-12,2187.17,2187.17,240.59,2019-12-25
2413,244,2019-12,1556.38,1556.38,171.20,2019-12-25
2414,1,2020-01,4631.37,0.00,509.45,2020-01-25
2415,2,2020-01,1536.30,0.00,168.99,2020-01-25
2416,3,2020-01,1558.11,0.00,171.39,2020-01-25
2417,4,2020-01,2158.84,0.00,237.47,2020-01-25
2418,5,2020-01,2015.78,0.00,221.74,2020-01-25
2419,6,2020-01,1589.50,0.00,174.84,2020-01-25
2420,7,2020-01,2762.39,0.00,303.86,2020-01-25
2421,8,2020-01,2358.94,0.00,259.48,2020-01-25
2422,9,2020-01,1604.97,0.00,176.55,2020-01-25
2423,10,2020-01,1643.80,0.00,180.82,2020-01-25
2424,11,2020-01,2792.67,0.00,307.19,2020-01-25
2425,12,2020-01,2012.86,0.00,221.41,2020-01-25
2426,13,2020-01,3134.25,0.00,344.77,2020-01-25
2427,14,2020-01,1927.89,0.00,212.07,2020-01-25
2428,15,2020-01,1731.11,0.00,190.42,2020-01-25
2429,16,2020-01,1796.73,0.00,197.64,2020-01-25
2430,17,2020-01,1634.48,0.00,179.79,2020-01-25
2431,18,2020-01,1651.98,0.00,181.72,2020-01-25
2432,19,2020-01,1602.72,0.00,176.30,2020-01-25
2433,20,2020-01,1556.46,0.00,171.21,2020-01-25
2434,21,2020-01,1710.00,0.00,188.10,2020-01-25
2435,22,2020-01,1884.00,0.00,207.24,2020-01-25
2436,23,2020-01,1741.54,0.00,191.57,2020-01-25
2437,28,2020-01,4382.30,0.00,482.05,2020-01-25
2438,29,2020-01,1582.08,0.00,174.03,2020-01-25
2439,30,2020-01,2701.25,0.00,297.14,2020-01-25
2440,31,2020-01,1790.90,0.00,197.00,2020-01-25
2441,32,2020-01,2316.56,0.00,254.82,2020-01-25
2442,33,2020-01,1759.74,0.00,193.57,2020-01-25
2443,34,2020-01,1722.44,0.00,189.47,2020-01-25
2444,35,2020-01,1716.91,0.00,188.86,2020-01-25
2445,36,2020-01,2032.08,0.00,223.53,2020-01-25
2446,37,2020-01,2802.48,0.00,308.27,2020-01-25
2447,38,2020-01,1551.12,0.00,170.62,2020-01-25
2448,39,2020-01,1791.57,0.00,197.07,2020-01-25
2449,40,2020-01,2089.57,0.00,229.85,2020-01-25
2450,41,2020-01,2046.24,0.00,225.09,2020-01-25
2451,42,2020-01,2365.61,0.00,260.22,2020-01-25
2452,43,2020-01,1554.74,0.00,171.02,2020-01-25
2453,44,2020-01,1641.54,0.00,180.57,2020-01-25
2454,45,2020-01,1536.76,0.00,169.04,2020-01-25
2455,46,2020-01,2718.84,0.00,299.07,2020-01-25
2456,47,2020-01,1726.88,0.00,189.96,2020-01-25
2457,48,2020-01,1607.16,0.00,176.79,2020-01-25
2458,49,2020-01,1711.66,0.00,188.28,2020-01-25
2459,50,2020-01,1662.12,0.00,182.83,2020-01-25
2460,51,2020-01,1816.09,0.00,199.77,2020-01-25
2461,52,2020-01,1729.90,0.00,190.29,2020-01-25
2462,60,2020-01,4863.14,0.00,534.95,2020-01-25
2463,61,2020-01,2167.12,0.00,238.38,2020-01-25
2464,62,2020-01,1805.58,0.00,198.61,2020-01-25
2465,63,2020-01,2229.43,0.00,245.24,2020-01-25
2466,64,2020-01,1649.95,0.00,181.49,2020-01-25
2467,65,2020-01,1843.42,0.00,202.78,2020-01-25
2468,66,2020-01,1760.42,0.00,193.65,2020-01-25
2469,67,2020-01,1983.39,0.00,218.17,2020-01-25
2470,68,2020-01,1758.76,0.00,193.46,2020-01-25
2471,69,2020-01,1511.42,0.00,166.26,2020-01-25
2472,70,2020-01,2333.06,0.00,256.64,2020-01-25
2473,71,2020-01,3067.35,0.00,337.41,2020-01-25
2474,72,2020-01,2774.67,0.00,305.21,2020-01-25
2475,73,2020-01,1787.07,0.00,196.58,2020-01-25
2476,74,2020-01,1739.81,0.00,191.38,2020-01-25
2477,75,2020-01,1755.57,0.00,193.11,2020-01-25
2478,76,2020-01,1852.88,0.00,203.82,2020-01-25
2479,77,2020-01,1835.09,0.00,201.86,2020-01-25
2480,78,2020-01,1872.25,0.00,205.95,2020-01-25
2481,82,2020-01,4901.83,0.00,539.20,2020-01-25
2482,83,2020-01,2835.98,0.00,311.96,2020-01-25
2483,84,2020-01,1643.20,0.00,180.75,2020-01-25
2484,85,2020-01,2866.59,0.00,315.32,2020-01-25
2485,86,2020-01,1554.08,0.00,170.95,2020-01-25
2486,87,2020-01,2153.89,0.00,236.93,2020-01-25
2487,88,2020-01,1588.56,0.00,174.74,2020-01-25
2488,89,2020-01,2237.10,0.00,246.08,2020-01-25
2489,90,2020-01,1845.62,0.00,203.02,2020-01-25
2490,91,2020-01,1759.01,0.00,193.49,2020-01-25
2491,92,2020-01,1908.97,0.00,209.99,2020-01-25
2492,93,2020-01,1561.91,0.00,171.81,2020-01-25
2493,94,2020-01,1955.60,0.00,215.12,2020-01-25
2494,95,2020-01,1640.23,0.00,180.43,2020-01-25
2495,96,2020-01,1655.86,0.00,182.14,2020-01-25
2496,97,2020-01,1522.03,0.00,167.42,2020-01-25
2497,100,2020-01,4886.74,0.00,537.54,2020-01-25
2498,101,2020-01,1640.31,0.00,180.43,2020-01-25
2499,102,2020-01,1630.23,0.00,179.33,2020-01-25
2500,103,2020-01,2826.03,0.00,310.86,2020-01-25
2501,104,2020-01,1679.30,0.00,184.72,2020-01-25
2502,105,2020-01,2224.13,0.00,244.65,2020-01-25
2503,106,2020-01,2108.26,0.00,231.91,2020-01-25
2504,107,2020-01,2709.65,0.00,298.06,2020-01-25
2505,108,2020-01,2112.49,0.00,232.37,2020-01-25
2506,109,2020-01,1602.17,0.00,176.24,2020-01-25
2507,110,2020-01,1734.71,0.00,190.82,2020-01-25
2508,111,2020-01,1576.64,0.00,173.43,2020-01-25
2509,112,2020-01,1709.77,0.00,188.07,2020-01-25
2510,115,2020-01,4497.30,0.00,494.70,2020-01-25
2511,116,2020-01,2284.81,0.00,251.33,2020-01-25
2512,117,2020-01,1578.94,0.00,173.68,2020-01-25
2513,118,2020-01,2830.80,0.00,311.39,2020-01-25
2514,119,2020-01,1660.35,0.00,182.64,2020-01-25
2515,120,2020-01,1559.27,0.00,171.52,2020-01-25
2516,121,2020-01,1806.72,0.00,198.74,2020-01-25
2517,122,2020-01,1645.14,0.00,180.97,2020-01-25
2518,123,2020-01,1612.62,0.00,177.39,2020-01-25
2519,124,2020-01,2153.61,0.00,236.90,2020-01-25
2520,125,2020-01,2290.04,0.00,251.90,2020-01-25
2521,126,2020-01,3134.31,0.00,344.77,2020-01-25
2522,127,2020-01,1596.95,0.00,175.66,2020-01-25
2523,128,2020-01,1528.21,0.00,168.10,2020-01-25
2524,129,2020-01,1645.24,0.00,180.98,2020-01-25
2525,130,2020-01,1874.83,0.00,206.23,2020-01-25
2526,131,2020-01,1814.46,0.00,199.59,2020-01-25
2527,132,2020-01,1519.67,0.00,167.16,2020-01-25
2528,136,2020-01,4914.79,0.00,540.63,2020-01-25
2529,137,2020-01,1652.58,0.00,181.78,2020-01-25
2530,138,2020-01,2903.93,0.00,319.43,2020-01-25
2531,139,2020-01,1511.05,0.00,166.22,2020-01-25
2532,140,2020-01,1738.14,0.00,191.20,2020-01-25
2533,141,2020-01,2309.93,0.00,254.09,2020-01-25
2534,143,2020-01,2060.36,0.00,226.64,2020-01-25
2535,144,2020-01,2144.46,0.00,235.89,2020-01-25
2536,145,2020-01,1502.57,0.00,165.28,2020-01-25
2537,146,2020-01,2730.63,0.00,300.37,2020-01-25
2538,147,2020-01,1691.57,0.00,186.07,2020-01-25
2539,148,2020-01,1826.77,0.00,200.94,2020-01-25
2540,149,2020-01,1590.92,0.00,175.00,2020-01-25
2541,150,2020-01,1845.71,0.00,203.03,2020-01-25
2542,151,2020-01,1668.61,0.00,183.55,2020-01-25
2543,152,2020-01,1577.40,0.00,173.51,2020-01-25
2544,156,2020-01,4565.26,0.00,502.18,2020-01-25
2545,157,2020-01,1909.35,0.00,210.03,2020-01-25
2546,158,2020-01,1695.98,0.00,186.56,2020-01-25
2547,159,2020-01,1996.61,0.00,219.63,2020-01-25
2548,160,2020-01,2777.49,0.00,305.52,2020-01-25
2549,161,2020-01,2131.22,0.00,234.43,2020-01-25
2550,162,2020-01,1490.59,0.00,163.96,2020-01-25
2551,163,2020-01,2012.52,0.00,221.38,2020-01-25
2552,164,2020-01,1847.52,0.00,203.23,2020-01-25
2553,165,2020-01,1604.77,0.00,176.52,2020-01-25
2554,166,2020-01,3006.62,0.00,330.73,2020-01-25
2555,167,2020-01,1522.03,0.00,167.42,2020-01-25
2556,168,2020-01,1738.29,0.00,191.21,2020-01-25
2557,169,2020-01,1838.72,0.00,202.26,2020-01-25
2558,170,2020-01,1649.11,0.00,181.40,2020-01-25
2559,171,2020-01,1499.49,0.00,164.94,2020-01-25
2560,172,2020-01,1783.66,0.00,196.20,2020-01-25
2561,176,2020-01,4531.18,0.00,498.43,2020-01-25
2562,177,2020-01,1712.52,0.00,188.38,2020-01-25
2563,178,2020-01,1763.31,0.00,193.96,2020-01-25
2564,179,2020-01,3080.57,0.00,338.86,2020-01-25
2565,180,2020-01,1789.57,0.00,196.85,2020-01-25
2566,181,2020-01,1526.68,0.00,167.93,2020-01-25
2567,182,2020-01,1802.30,0.00,198.25,2020-01-25
2568,183,2020-01,2144.22,0.00,235.86,2020-01-25
2569,184,2020-01,2246.07,0.00,247.07,2020-01-25
2570,185,2020-01,1697.53,0.00,186.73,2020-01-25
2571,186,2020-01,1729.79,0.00,190.28,2020-01-25
2572,187,2020-01,1730.04,0.00,190.30,2020-01-25
2573,191,2020-01,4814.92,0.00,529.64,2020-01-25
2574,192,2020-01,1886.22,0.00,207.48,2020-01-25
2575,193,2020-01,2258.43,0.00,248.43,2020-01-25
2576,194,2020-01,2990.99,0.00,329.01,2020-01-25
2577,195,2020-01,3145.55,0.00,346.01,2020-01-25
2578,196,2020-01,2163.73,0.00,238.01,2020-01-25
2579,197,2020-01,1778.09,0.00,195.59,2020-01-25
2580,198,2020-01,1812.03,0.00,199.32,2020-01-25
2581,199,2020-01,1555.75,0.00,171.13,2020-01-25
2582,200,2020-01,1684.08,0.00,185.25,2020-01-25
2583,201,2020-01,1995.57,0.00,219.51,2020-01-25
2584,202,2020-01,1752.00,0.00,192.72,2020-01-25
2585,203,2020-01,1778.66,0.00,195.65,2020-01-25
2586,204,2020-01,1786.97,0.00,196.57,2020-01-25
2587,205,2020-01,1780.66,0.00,195.87,2020-01-25
2588,206,2020-01,1609.55,0.00,177.05,2020-01-25
2589,207,2020-01,4344.97,0.00,477.95,2020-01-25
2590,208,2020-01,1496.98,0.00,164.67,2020-01-25
2591,209,2020-01,1591.46,0.00,175.06,2020-01-25
2592,210,2020-01,1932.53,0.00,212.58,2020-01-25
2593,211,2020-01,1511.30,0.00,166.24,2020-01-25
2594,212,2020-01,1586.28,0.00,174.49,2020-01-25
2595,213,2020-01,2135.11,0.00,234.86,2020-01-25
2596,214,2020-01,2197.09,0.00,241.68,2020-01-25
2597,215,2020-01,2796.60,0.00,307.63,2020-01-25
2598,216,2020-01,2793.19,0.00,307.25,2020-01-25
2599,217,2020-01,2026.49,0.00,222.91,2020-01-25
2600,218,2020-01,1627.93,0.00,179.07,2020-01-25
2601,219,2020-01,1767.86,0.00,194.46,2020-01-25
2602,220,2020-01,1563.10,0.00,171.94,2020-01-25
2603,225,2020-01,4659.24,0.00,512.52,2020-01-25
2604,226,2020-01,1810.97,0.00,199.21,2020-01-25
2605,227,2020-01,1736.28,0.00,190.99,2020-01-25
2606,228,2020-01,3091.00,0.00,340.01,2020-01-25
2607,229,2020-01,1607.78,0.00,176.86,2020-01-25
2608,230,2020-01,1507.13,0.00,165.78,2020-01-25
2609,231,2020-01,1968.45,0.00,216.53,2020-01-25
2610,232,2020-01,1510.40,0.00,166.14,2020-01-25
2611,233,2020-01,1662.26,0.00,182.85,2020-01-25
2612,234,2020-01,2293.06,0.00,252.24,2020-01-25
2613,235,2020-01,1577.96,0.00,173.58,2020-01-25
2614,236,2020-01,1843.78,0.00,202.82,2020-01-25
2615,237,2020-01,4782.38,0.00,526.06,2020-01-25
2616,238,2020-01,1931.58,0.00,212.47,2020-01-25
2617,239,2020-01,2892.21,0.00,318.14,2020-01-25
2618,240,2020-01,2242.95,0.00,246.72,2020-01-25
2619,241,2020-01,1617.43,0.00,177.92,2020-01-25
2620,242,2020-01,1792.96,0.00,197.23,2020-01-25
2621,243,2020-01,2248.55,0.00,247.34,2020-01-25
2622,244,2020-01,1607.20,0.00,176.79,2020-01-25
2623,1,2020-02,4630.34,0.00,509.34,2020-02-25
2624,2,2020-02,1534.97,0.00,168.85,2020-02-25
2625,3,2020-02,1559.65,0.00,171.56,2020-02-25
2626,4,2020-02,2172.54,0.00,238.98,2020-02-25
2627,5,2020-02,2025.22,0.00,222.77,2020-02-25
2628,6,2020-02,1593.73,0.00,175.31,2020-02-25
2629,7,2020-02,2760.78,0.00,303.69,2020-02-25
2630,8,2020-02,2361.69,0.00,259.79,2020-02-25
2631,9,2020-02,1616.95,0.00,177.86,2020-02-25
2632,10,2020-02,1649.00,0.00,181.39,2020-02-25
2633,11,2020-02,2794.62,0.00,307.41,2020-02-25
2634,12,2020-02,1995.34,0.00,219.49,2020-02-25
2635,13,2020-02,3126.51,0.00,343.92,2020-02-25
2636,14,2020-02,1931.01,0.00,212.41,2020-02-25
2637,15,2020-02,1723.39,0.00,189.57,2020-02-25
2638,16,2020-02,1803.15,0.00,198.35,2020-02-25
2639,17,2020-02,1629.66,0.00,179.26,2020-02-25
2640,18,2020-02,1643.80,0.00,180.82,2020-02-25
2641,19,2020-02,1612.35,0.00,177.36,2020-02-25
2642,20,2020-02,1556.93,0.00,171.26,2020-02-25
2643,21,2020-02,1702.24,0.00,187.25,2020-02-25
2644,22,2020-02,1884.77,0.00,207.32,2020-02-25
2645,23,2020-02,1736.88,0.00,191.06,2020-02-25
2646,28,2020-02,4401.24,0.00,484.14,2020-02-25
2647,29,2020-02,1576.09,0.00,173.37,2020-02-25
2648,30,2020-02,2704.98,0.00,297.55,2020-02-25
2649,31,2020-02,1805.50,0.00,198.60,2020-02-25
2650,32,2020-02,2316.95,0.00,254.86,2020-02-25
2651,33,2020-02,1774.84,0.00,195.23,2020-02-25
2652,34,2020-02,1718.26,0.00,189.01,2020-02-25
2653,35,2020-02,1712.85,0.00,188.41,2020-02-25
2654,36,2020-02,2041.78,0.00,224.60,2020-02-25
2655,37,2020-02,2807.64,0.00,308.84,2020-02-25
2656,38,2020-02,1549.46,0.00,170.44,2020-02-25
2657,39,2020-02,1805.42,0.00,198.60,2020-02-25
2658,40,2020-02,2074.38,0.00,228.18,2020-02-25
2659,41,2020-02,2039.62,0.00,224.36,2020-02-25
2660,42,2020-02,2354.91,0.00,259.04,2020-02-25
2661,43,2020-02,1550.59,0.00,170.56,2020-02-25
2662,44,2020-02,1640.23,0.00,180.43,2020-02-25
2663,45,2020-02,1543.79,0.00,169.82,2020-02-25
2664,46,2020-02,2726.21,0.00,299.88,2020-02-25
2665,47,2020-02,1736.96,0.00,191.07,2020-02-25
2666,48,2020-02,1607.82,0.00,176.86,2020-02-25
2667,49,2020-02,1713.86,0.00,188.52,2020-02-25
2668,50,2020-02,1674.07,0.00,184.15,2020-02-25
2669,51,2020-02,1829.48,0.00,201.24,2020-02-25
2670,52,2020-02,1714.79,0.00,188.63,2020-02-25
2671,60,2020-02,4888.96,0.00,537.79,2020-02-25
2672,61,2020-02,2176.54,0.00,239.42,2020-02-25
2673,62,2020-02,1809.14,0.00,199.01,2020-02-25
2674,63,2020-02,2234.79,0.00,245.83,2020-02-25
2675,64,2020-02,1659.62,0.00,182.56,2020-02-25
2676,65,2020-02,1836.03,0.00,201.96,2020-02-25
2677,66,2020-02,1761.04,0.00,193.71,2020-02-25
2678,67,2020-02,1982.98,0.00,218.13,2020-02-25
2679,68,2020-02,1744.84,0.00,191.93,2020-02-25
2680,69,2020-02,1511.31,0.00,166.24,2020-02-25
2681,70,2020-02,2336.71,0.00,257.04,2020-02-25
2682,71,2020-02,3049.56,0.00,335.45,2020-02-25
2683,72,2020-02,2773.53,0.00,305.09,2020-02-25
2684,73,2020-02,1782.60,0.00,196.09,2020-02-25
2685,74,2020-02,1737.09,0.00,191.08,2020-02-25
2686,75,2020-02,1754.43,0.00,192.99,2020-02-25
2687,76,2020-02,1857.73,0.00,204.35,2020-02-25
2688,77,2020-02,1828.98,0.00,201.19,2020-02-25
2689,78,2020-02,1875.31,0.00,206.28,2020-02-25
2690,82,2020-02,4887.70,0.00,537.65,2020-02-25
2691,83,2020-02,2828.03,0.00,311.08,2020-02-25
2692,84,2020-02,1641.56,0.00,180.57,2020-02-25
2693,85,2020-02,2857.88,0.00,314.37,2020-02-25
2694,86,2020-02,1541.10,0.00,169.52,2020-02-25
2695,87,2020-02,2152.32,0.00,236.76,2020-02-25
2696,88,2020-02,1593.05,0.00,175.24,2020-02-25
2697,89,2020-02,2243.93,0.00,246.83,2020-02-25
2698,90,2020-02,1839.56,0.00,202.35,2020-02-25
2699,91,2020-02,1765.31,0.00,194.18,2020-02-25
2700,92,2020-02,1903.21,0.00,209.35,2020-02-25
2701,93,2020-02,1571.43,0.00,172.86,2020-02-25
2702,94,2020-02,1969.32,0.00,216.63,2020-02-25
2703,95,2020-02,1646.12,0.00,181.07,2020-02-25
2704,96,2020-02,1658.69,0.00,182.46,2020-02-25
2705,97,2020-02,1518.72,0.00,167.06,2020-02-25
2706,100,2020-02,4871.79,0.00,535.90,2020-02-25
2707,101,2020-02,1641.68,0.00,180.58,2020-02-25
2708,102,2020-02,1624.60,0.00,178.71,2020-02-25
2709,103,2020-02,2827.00,0.00,310.97,2020-02-25
2710,104,2020-02,1666.30,0.00,183.29,2020-02-25
2711,105,2020-02,2232.44,0.00,245.57,2020-02-25
2712,106,2020-02,2106.64,0.00,231.73,2020-02-25
2713,107,2020-02,2706.36,0.00,297.70,2020-02-25
2714,108,2020-02,2121.97,0.00,233.42,2020-02-25
2715,109,2020-02,1602.79,0.00,176.31,2020-02-25
2716,110,2020-02,1734.57,0.00,190.80,2020-02-25
2717,111,2020-02,1588.38,0.00,174.72,2020-02-25
2718,112,2020-02,1706.70,0.00,187.74,2020-02-25
2719,115,2020-02,4475.97,0.00,492.36,2020-02-25
2720,116,2020-02,2272.89,0.00,250.02,2020-02-25
2721,117,2020-02,1577.64,0.00,173.54,2020-02-25
2722,118,2020-02,2828.72,0.00,311.16,2020-02-25
2723,119,2020-02,1658.51,0.00,182.44,2020-02-25
2724,120,2020-02,1544.92,0.00,169.94,2020-02-25
2725,121,2020-02,1806.65,0.00,198.73,2020-02-25
2726,122,2020-02,1639.67,0.00,180.36,2020-02-25
2727,123,2020-02,1625.05,0.00,178.76,2020-02-25
2728,124,2020-02,2148.91,0.00,236.38,2020-02-25
2729,125,2020-02,2287.36,0.00,251.61,2020-02-25
2730,126,2020-02,3142.76,0.00,345.70,2020-02-25
2731,127,2020-02,1609.20,0.00,177.01,2020-02-25
2732,128,2020-02,1530.19,0.00,168.32,2020-02-25
2733,129,2020-02,1645.38,0.00,180.99,2020-02-25
2734,130,2020-02,1873.16,0.00,206.05,2020-02-25
2735,131,2020-02,1819.18,0.00,200.11,2020-02-25
2736,132,2020-02,1523.75,0.00,167.61,2020-02-25
2737,136,2020-02,4908.19,0.00,539.90,2020-02-25
2738,137,2020-02,1643.68,0.00,180.80,2020-02-25
2739,138,2020-02,2902.42,0.00,319.27,2020-02-25
2740,139,2020-02,1507.25,0.00,165.80,2020-02-25
2741,140,2020-02,1731.83,0.00,190.50,2020-02-25
2742,141,2020-02,2316.54,0.00,254.82,2020-02-25
2743,143,2020-02,2066.41,0.00,227.31,2020-02-25
2744,144,2020-02,2157.92,0.00,237.37,2020-02-25
2745,145,2020-02,1510.42,0.00,166.15,2020-02-25
2746,146,2020-02,2733.09,0.00,300.64,2020-02-25
2747,147,2020-02,1696.86,0.00,186.65,2020-02-25
2748,148,2020-02,1818.76,0.00,200.06,2020-02-25
2749,149,2020-02,1600.20,0.00,176.02,2020-02-25
2750,150,2020-02,1832.12,0.00,201.53,2020-02-25
2751,151,2020-02,1673.48,0.00,184.08,2020-02-25
2752,152,2020-02,1588.68,0.00,174.75,2020-02-25
2753,156,2020-02,4578.30,0.00,503.61,2020-02-25
2754,157,2020-02,1909.11,0.00,210.00,2020-02-25
2755,158,2020-02,1701.89,0.00,187.21,2020-02-25
2756,159,2020-02,1993.26,0.00,219.26,2020-02-25
2757,160,2020-02,2793.39,0.00,307.27,2020-02-25
2758,161,2020-02,2127.78,0.00,234.06,2020-02-25
2759,162,2020-02,1498.65,0.00,164.85,2020-02-25
2760,163,2020-02,2010.61,0.00,221.17,2020-02-25
2761,164,2020-02,1833.19,0.00,201.65,2020-02-25
2762,165,2020-02,1599.44,0.00,175.94,2020-02-25
2763,166,2020-02,2988.24,0.00,328.71,2020-02-25
2764,167,2020-02,1521.22,0.00,167.33,2020-02-25
2765,168,2020-02,1746.60,0.00,192.13,2020-02-25
2766,169,2020-02,1849.10,0.00,203.40,2020-02-25
2767,170,2020-02,1656.80,0.00,182.25,2020-02-25
2768,171,2020-02,1493.63,0.00,164.30,2020-02-25
2769,172,2020-02,1775.52,0.00,195.31,2020-02-25
2770,176,2020-02,4512.48,0.00,496.37,2020-02-25
2771,177,2020-02,1708.50,0.00,187.94,2020-02-25
2772,178,2020-02,1767.31,0.00,194.40,2020-02-25
2773,179,2020-02,3093.38,0.00,340.27,2020-02-25
2774,180,2020-02,1783.25,0.00,196.16,2020-02-25
2775,181,2020-02,1523.72,0.00,167.61,2020-02-25
2776,182,2020-02,1799.56,0.00,197.95,2020-02-25
2777,183,2020-02,2135.38,0.00,234.89,2020-02-25
2778,184,2020-02,2250.16,0.00,247.52,2020-02-25
2779,185,2020-02,1698.77,0.00,186.86,2020-02-25
2780,186,2020-02,1725.40,0.00,189.79,2020-02-25
2781,187,2020-02,1734.10,0.00,190.75,2020-02-25
2782,191,2020-02,4830.42,0.00,531.35,2020-02-25
2783,192,2020-02,1875.77,0.00,206.33,2020-02-25
2784,193,2020-02,2273.38,0.00,250.07,2020-02-25
2785,194,2020-02,2986.64,0.00,328.53,2020-02-25
2786,195,2020-02,3120.36,0.00,343.24,2020-02-25
2787,196,2020-02,2158.37,0.00,237.42,2020-02-25
2788,197,2020-02,1773.34,0.00,195.07,2020-02-25
2789,198,2020-02,1816.02,0.00,199.76,2020-02-25
2790,199,2020-02,1555.79,0.00,171.14,2020-02-25
2791,200,2020-02,1681.96,0.00,185.02,2020-02-25
2792,201,2020-02,2012.32,0.00,221.36,2020-02-25
2793,202,2020-02,1749.10,0.00,192.40,2020-02-25
2794,203,2020-02,1777.48,0.00,195.52,2020-02-25
2795,204,2020-02,1792.91,0.00,197.22,2020-02-25
2796,205,2020-02,1772.99,0.00,195.03,2020-02-25
2797,206,2020-02,1603.39,0.00,176.37,2020-02-25
2798,207,2020-02,4339.48,0.00,477.34,2020-02-25
2799,208,2020-02,1499.80,0.00,164.98,2020-02-25
2800,209,2020-02,1589.49,0.00,174.84,2020-02-25
2801,210,2020-02,1926.62,0.00,211.93,2020-02-25
2802,211,2020-02,1519.98,0.00,167.20,2020-02-25
2803,212,2020-02,1588.37,0.00,174.72,2020-02-25
2804,213,2020-02,2133.11,0.00,234.64,2020-02-25
2805,214,2020-02,2195.96,0.00,241.56,2020-02-25
2806,215,2020-02,2786.54,0.00,306.52,2020-02-25
2807,216,2020-02,2795.62,0.00,307.52,2020-02-25
2808,217,2020-02,2028.27,0.00,223.11,2020-02-25
2809,218,2020-02,1617.47,0.00,177.92,2020-02-25
2810,219,2020-02,1766.08,0.00,194.27,2020-02-25
2811,220,2020-02,1574.55,0.00,173.20,2020-02-25
2812,225,2020-02,4647.67,0.00,511.24,2020-02-25
2813,226,2020-02,1817.41,0.00,199.92,2020-02-25
2814,227,2020-02,1726.15,0.00,189.88,2020-02-25
2815,228,2020-02,3072.17,0.00,337.94,2020-02-25
2816,229,2020-02,1614.66,0.00,177.61,2020-02-25
2817,230,2020-02,1514.53,0.00,166.60,2020-02-25
2818,231,2020-02,1975.28,0.00,217.28,2020-02-25
2819,232,2020-02,1503.75,0.00,165.41,2020-02-25
2820,233,2020-02,1659.84,0.00,182.58,2020-02-25
2821,234,2020-02,2296.87,0.00,252.66,2020-02-25
2822,235,2020-02,1572.61,0.00,172.99,2020-02-25
2823,236,2020-02,1848.85,0.00,203.37,2020-02-25
2824,237,2020-02,4784.69,0.00,526.32,2020-02-25
2825,238,2020-02,1929.95,0.00,212.29,2020-02-25
2826,239,2020-02,2900.45,0.00,319.05,2020-02-25
2827,240,2020-02,2239.67,0.00,246.36,2020-02-25
2828,241,2020-02,1623.20,0.00,178.55,2020-02-25
2829,242,2020-02,1794.67,0.00,197.41,2020-02-25
2830,243,2020-02,2248.71,0.00,247.36,2020-02-25
2831,244,2020-02,1606.69,0.00,176.74,2020-02-25
2832,1,2020-03,4608.43,0.00,506.93,2020-03-25
2833,2,2020-03,1536.18,0.00,168.98,2020-03-25
2834,3,2020-03,1567.97,0.00,172.48,2020-03-25
2835,4,2020-03,2164.26,0.00,238.07,2020-03-25
2836,5,2020-03,2022.05,0.00,222.43,2020-03-25
2837,6,2020-03,1589.60,0.00,174.86,2020-03-25
2838,7,2020-03,2773.10,0.00,305.04,2020-03-25
2839,8,2020-03,2347.66,0.00,258.24,2020-03-25
2840,9,2020-03,1615.77,0.00,177.73,2020-03-25
2841,10,2020-03,1654.59,0.00,182.00,2020-03-25
2842,11,2020-03,2792.19,0.00,307.14,2020-03-25
2843,12,2020-03,2002.77,0.00,220.30,2020-03-25
2844,13,2020-03,3107.98,0.00,341.88,2020-03-25
2845,14,2020-03,1933.02,0.00,212.63,2020-03-25
2846,15,2020-03,1729.17,0.00,190.21,2020-03-25
2847,16,2020-03,1795.13,0.00,197.46,2020-03-25
2848,17,2020-03,1636.14,0.00,179.98,2020-03-25
2849,18,2020-03,1639.78,0.00,180.38,2020-03-25
2850,19,2020-03,1603.85,0.00,176.42,2020-03-25
2851,20,2020-03,1555.53,0.00,171.11,2020-03-25
2852,21,2020-03,1698.26,0.00,186.81,2020-03-25
2853,22,2020-03,1886.84,0.00,207.55,2020-03-25
2854,23,2020-03,1750.35,0.00,192.54,2020-03-25
2855,28,2020-03,4402.70,0.00,484.30,2020-03-25
2856,29,2020-03,1576.00,0.00,173.36,2020-03-25
2857,30,2020-03,2700.09,0.00,297.01,2020-03-25
2858,31,2020-03,1792.99,0.00,197.23,2020-03-25
2859,32,2020-03,2324.56,0.00,255.70,2020-03-25
2860,33,2020-03,1761.00,0.00,193.71,2020-03-25
2861,34,2020-03,1711.40,0.00,188.25,2020-03-25
2862,35,2020-03,1707.81,0.00,187.86,2020-03-25
2863,36,2020-03,2038.89,0.00,224.28,2020-03-25
2864,37,2020-03,2804.04,0.00,308.44,2020-03-25
2865,38,2020-03,1558.73,0.00,171.46,2020-03-25
2866,39,2020-03,1796.26,0.00,197.59,2020-03-25
2867,40,2020-03,2091.05,0.00,230.02,2020-03-25
2868,41,2020-03,2037.07,0.00,224.08,2020-03-25
2869,42,2020-03,2357.44,0.00,259.32,2020-03-25
2870,43,2020-03,1547.51,0.00,170.23,2020-03-25
2871,44,2020-03,1650.68,0.00,181.57,2020-03-25
2872,45,2020-03,1544.12,0.00,169.85,2020-03-25
2873,46,2020-03,2717.64,0.00,298.94,2020-03-25
2874,47,2020-03,1729.23,0.00,190.22,2020-03-25
2875,48,2020-03,1606.86,0.00,176.75,2020-03-25
2876,49,2020-03,1708.29,0.00,187.91,2020-03-25
2877,50,2020-03,1665.91,0.00,183.25,2020-03-25
2878,51,2020-03,1832.15,0.00,201.54,2020-03-25
2879,52,2020-03,1716.39,0.00,188.80,2020-03-25
2880,60,2020-03,4878.29,0.00,536.61,2020-03-25
2881,61,2020-03,2173.26,0.00,239.06,2020-03-25
2882,62,2020-03,1807.47,0.00,198.82,2020-03-25
2883,63,2020-03,2218.22,0.00,244.00,2020-03-25
2884,64,2020-03,1652.12,0.00,181.73,2020-03-25
2885,65,2020-03,1843.41,0.00,202.78,2020-03-25
2886,66,2020-03,1767.01,0.00,194.37,2020-03-25
2887,67,2020-03,1981.29,0.00,217.94,2020-03-25
2888,68,2020-03,1759.78,0.00,193.58,2020-03-25
2889,69,2020-03,1505.02,0.00,165.55,2020-03-25
2890,70,2020-03,2346.46,0.00,258.11,2020-03-25
2891,71,2020-03,3049.12,0.00,335.40,2020-03-25
2892,72,2020-03,2755.39,0.00,303.09,2020-03-25
2893,73,2020-03,1781.83,0.00,196.00,2020-03-25
2894,74,2020-03,1743.22,0.00,191.75,2020-03-25
2895,75,2020-03,1752.40,0.00,192.76,2020-03-25
2896,76,2020-03,1846.07,0.00,203.07,2020-03-25
2897,77,2020-03,1836.65,0.00,202.03,2020-03-25
2898,78,2020-03,1872.09,0.00,205.93,2020-03-25
2899,82,2020-03,4925.42,0.00,541.80,2020-03-25
2900,83,2020-03,2851.38,0.00,313.65,2020-03-25
2901,84,2020-03,1645.07,0.00,180.96,2020-03-25
2902,85,2020-03,2853.21,0.00,313.85,2020-03-25
2903,86,2020-03,1552.16,0.00,170.74,2020-03-25
2904,87,2020-03,2142.45,0.00,235.67,2020-03-25
2905,88,2020-03,1596.80,0.00,175.65,2020-03-25
2906,89,2020-03,2244.60,0.00,246.91,2020-03-25
2907,90,2020-03,1844.30,0.00,202.87,2020-03-25
2908,91,2020-03,1760.11,0.00,193.61,2020-03-25
2909,92,2020-03,1896.81,0.00,208.65,2020-03-25
2910,93,2020-03,1566.75,0.00,172.34,2020-03-25
2911,94,2020-03,1968.57,0.00,216.54,2020-03-25
2912,95,2020-03,1636.48,0.00,180.01,2020-03-25
2913,96,2020-03,1657.05,0.00,182.28,2020-03-25
2914,97,2020-03,1528.36,0.00,168.12,2020-03-25
2915,100,2020-03,4881.10,0.00,536.92,2020-03-25
2916,101,2020-03,1636.07,0.00,179.97,2020-03-25
2917,102,2020-03,1632.88,0.00,179.62,2020-03-25
2918,103,2020-03,2819.59,0.00,310.15,2020-03-25
2919,104,2020-03,1673.44,0.00,184.08,2020-03-25
2920,105,2020-03,2231.83,0.00,245.50,2020-03-25
2921,106,2020-03,2099.15,0.00,230.91,2020-03-25
2922,107,2020-03,2725.22,0.00,299.77,2020-03-25
2923,108,2020-03,2115.98,0.00,232.76,2020-03-25
2924,109,2020-03,1596.61,0.00,175.63,2020-03-25
2925,110,2020-03,1734.16,0.00,190.76,2020-03-25
2926,111,2020-03,1582.73,0.00,174.10,2020-03-25
2927,112,2020-03,1711.54,0.00,188.27,2020-03-25
2928,115,2020-03,4468.79,0.00,491.57,2020-03-25
2929,116,2020-03,2281.29,0.00,250.94,2020-03-25
2930,117,2020-03,1579.71,0.00,173.77,2020-03-25
2931,118,2020-03,2832.91,0.00,311.62,2020-03-25
2932,119,2020-03,1659.07,0.00,182.50,2020-03-25
2933,120,2020-03,1554.47,0.00,170.99,2020-03-25
2934,121,2020-03,1805.74,0.00,198.63,2020-03-25
2935,122,2020-03,1651.84,0.00,181.70,2020-03-25
2936,123,2020-03,1623.38,0.00,178.57,2020-03-25
2937,124,2020-03,2161.27,0.00,237.74,2020-03-25
2938,125,2020-03,2286.31,0.00,251.49,2020-03-25
2939,126,2020-03,3152.67,0.00,346.79,2020-03-25
2940,127,2020-03,1601.98,0.00,176.22,2020-03-25
2941,128,2020-03,1534.91,0.00,168.84,2020-03-25
2942,129,2020-03,1644.36,0.00,180.88,2020-03-25
2943,130,2020-03,1860.10,0.00,204.61,2020-03-25
2944,131,2020-03,1828.94,0.00,201.18,2020-03-25
2945,132,2020-03,1519.39,0.00,167.13,2020-03-25
2946,136,2020-03,4905.15,0.00,539.57,2020-03-25
2947,137,2020-03,1653.36,0.00,181.87,2020-03-25
2948,138,2020-03,2915.25,0.00,320.68,2020-03-25
2949,139,2020-03,1511.07,0.00,166.22,2020-03-25
2950,140,2020-03,1738.94,0.00,191.28,2020-03-25
2951,141,2020-03,2316.04,0.00,254.76,2020-03-25
2952,143,2020-03,2065.99,0.00,227.26,2020-03-25
2953,144,2020-03,2145.95,0.00,236.05,2020-03-25
2954,145,2020-03,1516.46,0.00,166.81,2020-03-25
2955,146,2020-03,2729.44,0.00,300.24,2020-03-25
2956,147,2020-03,1692.88,0.00,186.22,2020-03-25
2957,148,2020-03,1827.33,0.00,201.01,2020-03-25
2958,149,2020-03,1591.38,0.00,175.05,2020-03-25
2959,150,2020-03,1832.18,0.00,201.54,2020-03-25
2960,151,2020-03,1671.88,0.00,183.91,2020-03-25
2961,152,2020-03,1582.05,0.00,174.03,2020-03-25
2962,156,2020-03,4559.09,0.00,501.50,2020-03-25
2963,157,2020-03,1910.85,0.00,210.19,2020-03-25
2964,158,2020-03,1703.72,0.00,187.41,2020-03-25
2965,159,2020-03,2012.16,0.00,221.34,2020-03-25
2966,160,2020-03,2799.08,0.00,307.90,2020-03-25
2967,161,2020-03,2122.66,0.00,233.49,2020-03-25
2968,162,2020-03,1495.08,0.00,164.46,2020-03-25
2969,163,2020-03,2010.51,0.00,221.16,2020-03-25
2970,164,2020-03,1833.90,0.00,201.73,2020-03-25
2971,165,2020-03,1602.96,0.00,176.33,2020-03-25
2972,166,2020-03,3006.37,0.00,330.70,2020-03-25
2973,167,2020-03,1523.56,0.00,167.59,2020-03-25
2974,168,2020-03,1747.11,0.00,192.18,2020-03-25
2975,169,2020-03,1838.25,0.00,202.21,2020-03-25
2976,170,2020-03,1653.71,0.00,181.91,2020-03-25
2977,171,2020-03,1506.79,0.00,165.75,2020-03-25
2978,172,2020-03,1778.44,0.00,195.63,2020-03-25
2979,176,2020-03,4547.77,0.00,500.25,2020-03-25
2980,177,2020-03,1705.67,0.00,187.62,2020-03-25
2981,178,2020-03,1764.25,0.00,194.07,2020-03-25
2982,179,2020-03,3085.75,0.00,339.43,2020-03-25
2983,180,2020-03,1792.62,0.00,197.19,2020-03-25
2984,181,2020-03,1522.10,0.00,167.43,2020-03-25
2985,182,2020-03,1815.91,0.00,199.75,2020-03-25
2986,183,2020-03,2140.21,0.00,235.42,2020-03-25
2987,184,2020-03,2256.37,0.00,248.20,2020-03-25
2988,185,2020-03,1711.95,0.00,188.31,2020-03-25
2989,186,2020-03,1725.36,0.00,189.79,2020-03-25
2990,187,2020-03,1727.04,0.00,189.97,2020-03-25
2991,191,2020-03,4815.46,0.00,529.70,2020-03-25
2992,192,2020-03,1879.12,0.00,206.70,2020-03-25
2993,193,2020-03,2261.49,0.00,248.76,2020-03-25
2994,194,2020-03,3009.41,0.00,331.04,2020-03-25
2995,195,2020-03,3125.49,0.00,343.80,2020-03-25
2996,196,2020-03,2160.36,0.00,237.64,2020-03-25
2997,197,2020-03,1782.75,0.00,196.10,2020-03-25
2998,198,2020-03,1811.31,0.00,199.24,2020-03-25
2999,199,2020-03,1559.81,0.00,171.58,2020-03-25
3000,200,2020-03,1678.63,0.00,184.65,2020-03-25
3001,201,2020-03,2009.91,0.00,221.09,2020-03-25
3002,202,2020-03,1754.39,0.00,192.98,2020-03-25
3003,203,2020-03,1780.22,0.00,195.82,2020-03-25
3004,204,2020-03,1799.52,0.00,197.95,2020-03-25
3005,205,2020-03,1767.98,0.00,194.48,2020-03-25
3006,206,2020-03,1614.83,0.00,177.63,2020-03-25
3007,207,2020-03,4328.74,0.00,476.16,2020-03-25
3008,208,2020-03,1495.50,0.00,164.50,2020-03-25
3009,209,2020-03,1598.07,0.00,175.79,2020-03-25
3010,210,2020-03,1929.54,0.00,212.25,2020-03-25
3011,211,2020-03,1509.56,0.00,166.05,2020-03-25
3012,212,2020-03,1580.47,0.00,173.85,2020-03-25
3013,213,2020-03,2119.67,0.00,233.16,2020-03-25
3014,214,2020-03,2190.65,0.00,240.97,2020-03-25
3015,215,2020-03,2797.51,0.00,307.73,2020-03-25
3016,216,2020-03,2789.21,0.00,306.81,2020-03-25
3017,217,2020-03,2026.86,0.00,222.95,2020-03-25
3018,218,2020-03,1629.24,0.00,179.22,2020-03-25
3019,219,2020-03,1764.40,0.00,194.08,2020-03-25
3020,220,2020-03,1573.59,0.00,173.09,2020-03-25
3021,225,2020-03,4637.50,0.00,510.12,2020-03-25
3022,226,2020-03,1818.25,0.00,200.01,2020-03-25
3023,227,2020-03,1723.31,0.00,189.56,2020-03-25
3024,228,2020-03,3080.71,0.00,338.88,2020-03-25
3025,229,2020-03,1606.25,0.00,176.69,2020-03-25
3026,230,2020-03,1516.43,0.00,166.81,2020-03-25
3027,231,2020-03,1964.42,0.00,216.09,2020-03-25
3028,232,2020-03,1505.57,0.00,165.61,2020-03-25
3029,233,2020-03,1664.41,0.00,183.09,2020-03-25
3030,234,2020-03,2285.73,0.00,251.43,2020-03-25
3031,235,2020-03,1571.85,0.00,172.90,2020-03-25
3032,236,2020-03,1850.13,0.00,203.51,2020-03-25
3033,237,2020-03,4811.35,0.00,529.25,2020-03-25
3034,238,2020-03,1940.63,0.00,213.47,2020-03-25
3035,239,2020-03,2898.57,0.00,318.84,2020-03-25
3036,240,2020-03,2243.11,0.00,246.74,2020-03-25
3037,241,2020-03,1612.95,0.00,177.42,2020-03-25
3038,242,2020-03,1789.63,0.00,196.86,2020-03-25
3039,243,2020-03,2239.89,0.00,246.39,2020-03-25
3040,244,2020-03,1605.14,0.00,176.57,2020-03-25
3041,1,2020-04,3685.07,0.00,257.95,2020-04-25
3042,2,2020-04,1224.18,0.00,85.69,2020-04-25
3043,3,2020-04,1247.79,0.00,87.35,2020-04-25
3044,4,2020-04,1737.83,0.00,121.65,2020-04-25
3045,5,2020-04,1614.09,0.00,112.99,2020-04-25
3046,6,2020-04,1273.71,0.00,89.16,2020-04-25
3047,7,2020-04,2222.05,0.00,155.54,2020-04-25
3048,8,2020-04,1876.86,0.00,131.38,2020-04-25
3049,9,2020-04,1283.59,0.00,89.85,2020-04-25
3050,10,2020-04,1312.71,0.00,91.89,2020-04-25
3051,11,2020-04,2241.26,0.00,156.89,2020-04-25
3052,12,2020-04,1609.43,0.00,112.66,2020-04-25
3053,13,2020-04,2484.81,0.00,173.94,2020-04-25
3054,14,2020-04,1551.30,0.00,108.59,2020-04-25
3055,15,2020-04,1387.17,0.00,97.10,2020-04-25
3056,16,2020-04,1433.10,0.00,100.32,2020-04-25
3057,17,2020-04,1306.86,0.00,91.48,2020-04-25
3058,18,2020-04,1312.91,0.00,91.90,2020-04-25
3059,19,2020-04,1287.22,0.00,90.11,2020-04-25
3060,20,2020-04,1248.19,0.00,87.37,2020-04-25
3061,21,2020-04,1363.14,0.00,95.42,2020-04-25
3062,22,2020-04,1504.27,0.00,105.30,2020-04-25
3063,23,2020-04,1396.54,0.00,97.76,2020-04-25
3064,28,2020-04,3514.30,0.00,246.00,2020-04-25
3065,29,2020-04,1267.29,0.00,88.71,2020-04-25
3066,30,2020-04,2155.26,0.00,150.87,2020-04-25
3067,31,2020-04,1444.84,0.00,101.14,2020-04-25
3068,32,2020-04,1849.63,0.00,129.47,2020-04-25
3069,33,2020-04,1414.82,0.00,99.04,2020-04-25
3070,35,2020-04,1369.60,0.00,95.87,2020-04-25
3071,36,2020-04,1629.99,0.00,114.10,2020-04-25
3072,37,2020-04,2230.43,0.00,156.13,2020-04-25
3073,38,2020-04,1241.23,0.00,86.89,2020-04-25
3074,39,2020-04,1438.58,0.00,100.70,2020-04-25
3075,40,2020-04,1663.34,0.00,116.43,2020-04-25
3076,41,2020-04,1632.21,0.00,114.25,2020-04-25
3077,42,2020-04,1895.41,0.00,132.68,2020-04-25
3078,43,2020-04,1237.75,0.00,86.64,2020-04-25
3079,44,2020-04,1319.48,0.00,92.36,2020-04-25
3080,45,2020-04,1236.72,0.00,86.57,2020-04-25
3081,46,2020-04,2176.64,0.00,152.36,2020-04-25
3082,47,2020-04,1388.44,0.00,97.19,2020-04-25
3083,48,2020-04,1280.72,0.00,89.65,2020-04-25
3084,49,2020-04,1374.51,0.00,96.22,2020-04-25
3085,50,2020-04,1332.90,0.00,93.30,2020-04-25
3086,51,2020-04,1456.41,0.00,101.95,2020-04-25
3087,52,2020-04,1376.46,0.00,96.35,2020-04-25
3088,60,2020-04,3891.62,0.00,272.41,2020-04-25
3089,61,2020-04,1747.03,0.00,122.29,2020-04-25
3090,62,2020-04,1446.33,0.00,101.24,2020-04-25
3091,63,2020-04,1784.81,0.00,124.94,2020-04-25
3092,64,2020-04,1321.05,0.00,92.47,2020-04-25
3093,65,2020-04,1467.64,0.00,102.73,2020-04-25
3094,66,2020-04,1404.76,0.00,98.33,2020-04-25
3095,67,2020-04,1591.66,0.00,111.42,2020-04-25
3096,68,2020-04,1401.21,0.00,98.08,2020-04-25
3097,70,2020-04,1874.84,0.00,131.24,2020-04-25
3098,71,2020-04,2444.46,0.00,171.11,2020-04-25
3099,72,2020-04,2207.43,0.00,154.52,2020-04-25
3100,73,2020-04,1419.56,0.00,99.37,2020-04-25
3101,74,2020-04,1389.93,0.00,97.30,2020-04-25
3102,75,2020-04,1395.55,0.00,97.69,2020-04-25
3103,76,2020-04,1484.54,0.00,103.92,2020-04-25
3104,77,2020-04,1469.02,0.00,102.83,2020-04-25
3105,78,2020-04,1487.37,0.00,104.12,2020-04-25
3106,82,2020-04,3910.09,0.00,273.71,2020-04-25
3107,83,2020-04,2275.85,0.00,159.31,2020-04-25
3108,84,2020-04,1308.62,0.00,91.60,2020-04-25
3109,85,2020-04,2280.56,0.00,159.64,2020-04-25
3110,86,2020-04,1243.18,0.00,87.02,2020-04-25
3111,87,2020-04,1723.43,0.00,120.64,2020-04-25
3112,88,2020-04,1273.86,0.00,89.17,2020-04-25
3113,89,2020-04,1797.94,0.00,125.86,2020-04-25
3114,90,2020-04,1479.03,0.00,103.53,2020-04-25
3115,91,2020-04,1407.11,0.00,98.50,2020-04-25
3116,92,2020-04,1527.00,0.00,106.89,2020-04-25
3117,93,2020-04,1248.13,0.00,87.37,2020-04-25
3118,94,2020-04,1571.73,0.00,110.02,2020-04-25
3119,95,2020-04,1308.78,0.00,91.61,2020-04-25
3120,96,2020-04,1327.52,0.00,92.93,2020-04-25
3121,97,2020-04,1220.75,0.00,85.45,2020-04-25
3122,100,2020-04,3891.63,0.00,272.41,2020-04-25
3123,101,2020-04,1311.69,0.00,91.82,2020-04-25
3124,102,2020-04,1294.71,0.00,90.63,2020-04-25
3125,103,2020-04,2262.79,0.00,158.40,2020-04-25
3126,104,2020-04,1335.03,0.00,93.45,2020-04-25
3127,105,2020-04,1782.77,0.00,124.79,2020-04-25
3128,106,2020-04,1678.60,0.00,117.50,2020-04-25
3129,107,2020-04,2175.84,0.00,152.31,2020-04-25
3130,108,2020-04,1700.61,0.00,119.04,2020-04-25
3131,109,2020-04,1281.29,0.00,89.69,2020-04-25
3132,110,2020-04,1383.37,0.00,96.84,2020-04-25
3133,111,2020-04,1265.74,0.00,88.60,2020-04-25
3134,112,2020-04,1366.20,0.00,95.63,2020-04-25
3135,115,2020-04,3608.28,0.00,252.58,2020-04-25
3136,116,2020-04,1825.25,0.00,127.77,2020-04-25
3137,117,2020-04,1262.94,0.00,88.41,2020-04-25
3138,118,2020-04,2264.55,0.00,158.52,2020-04-25
3139,119,2020-04,1331.44,0.00,93.20,2020-04-25
3140,120,2020-04,1237.28,0.00,86.61,2020-04-25
3141,121,2020-04,1442.21,0.00,100.95,2020-04-25
3142,122,2020-04,1323.23,0.00,92.63,2020-04-25
3143,123,2020-04,1300.04,0.00,91.00,2020-04-25
3144,124,2020-04,1717.49,0.00,120.22,2020-04-25
3145,125,2020-04,1843.42,0.00,129.04,2020-04-25
3146,126,2020-04,2523.40,0.00,176.64,2020-04-25
3147,127,2020-04,1276.09,0.00,89.33,2020-04-25
3148,128,2020-04,1232.10,0.00,86.25,2020-04-25
3149,129,2020-04,1322.71,0.00,92.59,2020-04-25
3150,130,2020-04,1487.72,0.00,104.14,2020-04-25
3151,131,2020-04,1463.57,0.00,102.45,2020-04-25
3152,132,2020-04,1215.39,0.00,85.08,2020-04-25
3153,136,2020-04,3920.85,0.00,274.46,2020-04-25
3154,137,2020-04,1317.85,0.00,92.25,2020-04-25
3155,138,2020-04,2317.99,0.00,162.26,2020-04-25
3156,139,2020-04,1206.17,0.00,84.43,2020-04-25
3157,140,2020-04,1394.91,0.00,97.64,2020-04-25
3158,141,2020-04,1855.56,0.00,129.89,2020-04-25
3159,143,2020-04,1650.30,0.00,115.52,2020-04-25
3160,144,2020-04,1718.25,0.00,120.28,2020-04-25
3161,145,2020-04,1203.83,0.00,84.27,2020-04-25
3162,146,2020-04,2183.07,0.00,152.81,2020-04-25
3163,147,2020-04,1349.49,0.00,94.46,2020-04-25
3164,148,2020-04,1450.86,0.00,101.56,2020-04-25
3165,149,2020-04,1275.26,0.00,89.27,2020-04-25
3166,150,2020-04,1471.65,0.00,103.02,2020-04-25
3167,151,2020-04,1336.84,0.00,93.58,2020-04-25
3168,152,2020-04,1263.92,0.00,88.47,2020-04-25
3169,156,2020-04,3653.52,0.00,255.75,2020-04-25
3170,157,2020-04,1517.48,0.00,106.22,2020-04-25
3171,158,2020-04,1366.04,0.00,95.62,2020-04-25
3172,159,2020-04,1604.66,0.00,112.33,2020-04-25
3173,160,2020-04,2230.59,0.00,156.14,2020-04-25
3174,161,2020-04,1702.28,0.00,119.16,2020-04-25
3175,162,2020-04,1199.16,0.00,83.94,2020-04-25
3176,163,2020-04,1617.24,0.00,113.21,2020-04-25
3177,164,2020-04,1476.36,0.00,103.35,2020-04-25
3178,165,2020-04,1282.56,0.00,89.78,2020-04-25
3179,166,2020-04,2392.10,0.00,167.45,2020-04-25
3180,167,2020-04,1227.77,0.00,85.94,2020-04-25
3181,168,2020-04,1394.55,0.00,97.62,2020-04-25
3182,169,2020-04,1473.90,0.00,103.17,2020-04-25
3183,170,2020-04,1322.26,0.00,92.56,2020-04-25
3184,171,2020-04,1204.73,0.00,84.33,2020-04-25
3185,172,2020-04,1426.91,0.00,99.88,2020-04-25
3186,176,2020-04,3609.64,0.00,252.67,2020-04-25
3187,177,2020-04,1361.74,0.00,95.32,2020-04-25
3188,178,2020-04,1406.84,0.00,98.48,2020-04-25
3189,179,2020-04,2470.43,0.00,172.93,2020-04-25
3190,180,2020-04,1436.15,0.00,100.53,2020-04-25
3191,181,2020-04,1220.17,0.00,85.41,2020-04-25
3192,182,2020-04,1453.02,0.00,101.71,2020-04-25
3193,183,2020-04,1721.14,0.00,120.48,2020-04-25
3194,184,2020-04,1791.29,0.00,125.39,2020-04-25
3195,185,2020-04,1362.01,0.00,95.34,2020-04-25
3196,186,2020-04,1380.19,0.00,96.61,2020-04-25
3197,187,2020-04,1386.44,0.00,97.05,2020-04-25
3198,191,2020-04,3857.80,0.00,270.05,2020-04-25
3199,192,2020-04,1509.80,0.00,105.69,2020-04-25
3200,193,2020-04,1815.42,0.00,127.08,2020-04-25
3201,194,2020-04,2391.90,0.00,167.43,2020-04-25
3202,195,2020-04,2497.84,0.00,174.85,2020-04-25
3203,196,2020-04,1717.41,0.00,120.22,2020-04-25
3204,197,2020-04,1428.88,0.00,100.02,2020-04-25
3205,198,2020-04,1454.02,0.00,101.78,2020-04-25
3206,199,2020-04,1248.39,0.00,87.39,2020-04-25
3207,200,2020-04,1346.88,0.00,94.28,2020-04-25
3208,201,2020-04,1604.11,0.00,112.29,2020-04-25
3209,202,2020-04,1402.74,0.00,98.19,2020-04-25
3210,203,2020-04,1413.01,0.00,98.91,2020-04-25
3211,204,2020-04,1436.67,0.00,100.57,2020-04-25
3212,205,2020-04,1419.13,0.00,99.34,2020-04-25
3213,206,2020-04,1284.52,0.00,89.92,2020-04-25
3214,207,2020-04,3472.74,0.00,243.09,2020-04-25
3215,208,2020-04,1193.99,0.00,83.58,2020-04-25
3216,209,2020-04,1268.34,0.00,88.78,2020-04-25
3217,210,2020-04,1548.07,0.00,108.36,2020-04-25
3218,211,2020-04,1211.44,0.00,84.80,2020-04-25
3219,212,2020-04,1266.62,0.00,88.66,2020-04-25
3220,213,2020-04,1696.56,0.00,118.76,2020-04-25
3221,214,2020-04,1762.56,0.00,123.38,2020-04-25
3222,215,2020-04,2238.68,0.00,156.71,2020-04-25
3223,216,2020-04,2236.28,0.00,156.54,2020-04-25
3224,217,2020-04,1631.17,0.00,114.18,2020-04-25
3225,218,2020-04,1299.45,0.00,90.96,2020-04-25
3226,219,2020-04,1417.64,0.00,99.23,2020-04-25
3227,220,2020-04,1251.17,0.00,87.58,2020-04-25
3228,225,2020-04,3702.53,0.00,259.18,2020-04-25
3229,226,2020-04,1444.80,0.00,101.14,2020-04-25
3230,227,2020-04,1384.10,0.00,96.89,2020-04-25
3231,228,2020-04,2466.19,0.00,172.63,2020-04-25
3232,229,2020-04,1293.83,0.00,90.57,2020-04-25
3233,230,2020-04,1214.07,0.00,84.98,2020-04-25
3234,231,2020-04,1572.16,0.00,110.05,2020-04-25
3235,232,2020-04,1204.98,0.00,84.35,2020-04-25
3236,233,2020-04,1326.59,0.00,92.86,2020-04-25
3237,234,2020-04,1839.63,0.00,128.77,2020-04-25
3238,235,2020-04,1256.20,0.00,87.93,2020-04-25
3239,236,2020-04,1474.89,0.00,103.24,2020-04-25
3240,237,2020-04,3833.11,0.00,268.32,2020-04-25
3241,238,2020-04,1540.36,0.00,107.83,2020-04-25
3242,239,2020-04,2309.72,0.00,161.68,2020-04-25
3243,240,2020-04,1802.16,0.00,126.15,2020-04-25
3244,241,2020-04,1292.25,0.00,90.46,2020-04-25
3245,242,2020-04,1431.66,0.00,100.22,2020-04-25
3246,243,2020-04,1798.44,0.00,125.89,2020-04-25
3247,244,2020-04,1285.78,0.00,90.00,2020-04-25
3248,1,2020-05,3671.08,550.66,256.98,2020-05-25
3249,2,2020-05,1225.43,183.81,85.78,2020-05-25
3250,3,2020-05,1251.97,187.80,87.64,2020-05-25
3251,4,2020-05,1733.65,260.05,121.36,2020-05-25
3252,5,2020-05,1628.22,244.23,113.98,2020-05-25
3253,6,2020-05,1273.66,191.05,89.16,2020-05-25
3254,7,2020-05,2207.45,331.12,154.52,2020-05-25
3255,8,2020-05,1881.31,282.20,131.69,2020-05-25
3256,9,2020-05,1292.87,193.93,90.50,2020-05-25
3257,10,2020-05,1321.40,198.21,92.50,2020-05-25
3258,11,2020-05,2236.10,335.41,156.53,2020-05-25
3259,12,2020-05,1610.26,241.54,112.72,2020-05-25
3260,13,2020-05,2505.88,375.88,175.41,2020-05-25
3261,14,2020-05,1544.73,231.71,108.13,2020-05-25
3262,15,2020-05,1378.62,206.79,96.50,2020-05-25
3263,16,2020-05,1433.97,215.10,100.38,2020-05-25
3264,17,2020-05,1298.51,194.78,90.90,2020-05-25
3265,19,2020-05,1280.18,192.03,89.61,2020-05-25
3266,20,2020-05,1246.02,186.90,87.22,2020-05-25
3267,21,2020-05,1367.98,205.20,95.76,2020-05-25
3268,22,2020-05,1503.28,225.49,105.23,2020-05-25
3269,23,2020-05,1398.09,209.71,97.87,2020-05-25
3270,28,2020-05,3501.59,525.24,245.11,2020-05-25
3271,29,2020-05,1260.24,189.04,88.22,2020-05-25
3272,30,2020-05,2169.17,325.38,151.84,2020-05-25
3273,31,2020-05,1440.33,216.05,100.82,2020-05-25
3274,32,2020-05,1846.30,276.94,129.24,2020-05-25
3275,33,2020-05,1411.59,211.74,98.81,2020-05-25
3276,35,2020-05,1375.59,206.34,96.29,2020-05-25
3277,36,2020-05,1620.88,243.13,113.46,2020-05-25
3278,37,2020-05,2226.98,334.05,155.89,2020-05-25
3279,39,2020-05,1433.79,215.07,100.37,2020-05-25
3280,40,2020-05,1669.78,250.47,116.88,2020-05-25
3281,41,2020-05,1629.68,244.45,114.08,2020-05-25
3282,42,2020-05,1897.44,284.62,132.82,2020-05-25
3283,43,2020-05,1245.13,186.77,87.16,2020-05-25
3284,44,2020-05,1323.91,198.59,92.67,2020-05-25
3285,45,2020-05,1228.07,184.21,85.96,2020-05-25
3286,46,2020-05,2163.20,324.48,151.42,2020-05-25
3287,47,2020-05,1389.96,208.49,97.30,2020-05-25
3288,48,2020-05,1287.10,193.06,90.10,2020-05-25
3289,49,2020-05,1365.05,204.76,95.55,2020-05-25
3290,50,2020-05,1338.68,200.80,93.71,2020-05-25
3291,51,2020-05,1458.93,218.84,102.13,2020-05-25
3292,52,2020-05,1375.98,206.40,96.32,2020-05-25
3293,60,2020-05,3885.03,582.75,271.95,2020-05-25
3294,61,2020-05,1732.79,259.92,121.30,2020-05-25
3295,62,2020-05,1442.41,216.36,100.97,2020-05-25
3296,63,2020-05,1786.74,268.01,125.07,2020-05-25
3297,64,2020-05,1325.57,198.84,92.79,2020-05-25
3298,65,2020-05,1479.23,221.88,103.55,2020-05-25
3299,66,2020-05,1401.62,210.24,98.11,2020-05-25
3300,67,2020-05,1583.74,237.56,110.86,2020-05-25
3301,68,2020-05,1398.26,209.74,97.88,2020-05-25
3302,70,2020-05,1875.77,281.37,131.30,2020-05-25
3303,71,2020-05,2439.05,365.86,170.73,2020-05-25
3304,72,2020-05,2207.70,331.15,154.54,2020-05-25
3305,73,2020-05,1425.62,213.84,99.79,2020-05-25
3306,74,2020-05,1389.59,208.44,97.27,2020-05-25
3307,75,2020-05,1400.82,210.12,98.06,2020-05-25
3308,76,2020-05,1484.82,222.72,103.94,2020-05-25
3309,77,2020-05,1473.89,221.08,103.17,2020-05-25
3310,78,2020-05,1498.07,224.71,104.86,2020-05-25
3311,82,2020-05,3919.19,587.88,274.34,2020-05-25
3312,83,2020-05,2265.39,339.81,158.58,2020-05-25
3313,84,2020-05,1312.67,196.90,91.89,2020-05-25
3314,85,2020-05,2284.04,342.61,159.88,2020-05-25
3315,86,2020-05,1236.96,185.54,86.59,2020-05-25
3316,87,2020-05,1716.54,257.48,120.16,2020-05-25
3317,88,2020-05,1275.41,191.31,89.28,2020-05-25
3318,89,2020-05,1789.99,268.50,125.30,2020-05-25
3319,90,2020-05,1476.21,221.43,103.33,2020-05-25
3320,91,2020-05,1411.35,211.70,98.79,2020-05-25
3321,92,2020-05,1520.12,228.02,106.41,2020-05-25
3322,93,2020-05,1257.45,188.62,88.02,2020-05-25
3323,94,2020-05,1574.02,236.10,110.18,2020-05-25
3324,95,2020-05,1306.95,196.04,91.49,2020-05-25
3325,96,2020-05,1320.13,198.02,92.41,2020-05-25
3326,97,2020-05,1215.85,182.38,85.11,2020-05-25
3327,100,2020-05,3889.76,583.46,272.28,2020-05-25
3328,101,2020-05,1307.38,196.11,91.52,2020-05-25
3329,102,2020-05,1300.32,195.05,91.02,2020-05-25
3330,103,2020-05,2259.56,338.93,158.17,2020-05-25
3331,104,2020-05,1338.93,200.84,93.73,2020-05-25
3332,105,2020-05,1790.91,268.64,125.36,2020-05-25
3333,106,2020-05,1691.47,253.72,118.40,2020-05-25
3334,107,2020-05,2174.43,326.16,152.21,2020-05-25
3335,108,2020-05,1693.89,254.08,118.57,2020-05-25
3336,109,2020-05,1283.85,192.58,89.87,2020-05-25
3337,110,2020-05,1386.71,208.01,97.07,2020-05-25
3338,111,2020-05,1263.98,189.60,88.48,2020-05-25
3339,112,2020-05,1365.31,204.80,95.57,2020-05-25
3340,115,2020-05,3606.43,540.96,252.45,2020-05-25
3341,116,2020-05,1827.16,274.07,127.90,2020-05-25
3342,117,2020-05,1267.90,190.19,88.75,2020-05-25
3343,118,2020-05,2262.84,339.43,158.40,2020-05-25
3344,119,2020-05,1324.94,198.74,92.75,2020-05-25
3345,120,2020-05,1238.96,185.84,86.73,2020-05-25
3346,121,2020-05,1453.72,218.06,101.76,2020-05-25
3347,122,2020-05,1312.22,196.83,91.86,2020-05-25
3348,123,2020-05,1296.15,194.42,90.73,2020-05-25
3349,124,2020-05,1728.06,259.21,120.96,2020-05-25
3350,125,2020-05,1831.38,274.71,128.20,2020-05-25
3351,126,2020-05,2510.72,376.61,175.75,2020-05-25
3352,127,2020-05,1284.53,192.68,89.92,2020-05-25
3353,128,2020-05,1223.81,183.57,85.67,2020-05-25
3354,130,2020-05,1500.24,225.04,105.02,2020-05-25
3355,131,2020-05,1449.61,217.44,101.47,2020-05-25
3356,132,2020-05,1216.72,182.51,85.17,2020-05-25
3357,136,2020-05,3949.29,592.39,276.45,2020-05-25
3358,137,2020-05,1314.88,197.23,92.04,2020-05-25
3359,138,2020-05,2331.96,349.79,163.24,2020-05-25
3360,139,2020-05,1212.91,181.94,84.90,2020-05-25
3361,140,2020-05,1392.25,208.84,97.46,2020-05-25
3362,141,2020-05,1847.42,277.11,129.32,2020-05-25
3363,143,2020-05,1655.14,248.27,115.86,2020-05-25
3364,144,2020-05,1723.46,258.52,120.64,2020-05-25
3365,145,2020-05,1201.93,180.29,84.14,2020-05-25
3366,146,2020-05,2179.54,326.93,152.57,2020-05-25
3367,147,2020-05,1358.20,203.73,95.07,2020-05-25
3368,148,2020-05,1455.56,218.33,101.89,2020-05-25
3369,149,2020-05,1276.52,191.48,89.36,2020-05-25
3370,150,2020-05,1472.17,220.83,103.05,2020-05-25
3371,151,2020-05,1336.88,200.53,93.58,2020-05-25
3372,152,2020-05,1265.29,189.79,88.57,2020-05-25
3373,156,2020-05,3644.85,546.73,255.14,2020-05-25
3374,157,2020-05,1522.67,228.40,106.59,2020-05-25
3375,158,2020-05,1358.84,203.83,95.12,2020-05-25
3376,159,2020-05,1609.28,241.39,112.65,2020-05-25
3377,160,2020-05,2234.50,335.18,156.42,2020-05-25
3378,161,2020-05,1698.82,254.82,118.92,2020-05-25
3379,162,2020-05,1199.10,179.86,83.94,2020-05-25
3380,163,2020-05,1603.74,240.56,112.26,2020-05-25
3381,164,2020-05,1470.06,220.51,102.90,2020-05-25
3382,165,2020-05,1289.13,193.37,90.24,2020-05-25
3383,166,2020-05,2387.41,358.11,167.12,2020-05-25
3384,167,2020-05,1223.16,183.47,85.62,2020-05-25
3385,168,2020-05,1390.59,208.59,97.34,2020-05-25
3386,169,2020-05,1468.22,220.23,102.78,2020-05-25
3387,170,2020-05,1325.02,198.75,92.75,2020-05-25
3388,171,2020-05,1202.29,180.34,84.16,2020-05-25
3389,172,2020-05,1426.55,213.98,99.86,2020-05-25
3390,176,2020-05,3606.77,541.02,252.47,2020-05-25
3391,177,2020-05,1359.27,203.89,95.15,2020-05-25
3392,178,2020-05,1410.44,211.57,98.73,2020-05-25
3393,179,2020-05,2472.93,370.94,173.11,2020-05-25
3394,180,2020-05,1433.50,215.03,100.35,2020-05-25
3395,181,2020-05,1220.29,183.04,85.42,2020-05-25
3396,182,2020-05,1442.10,216.31,100.95,2020-05-25
3397,183,2020-05,1714.31,257.15,120.00,2020-05-25
3398,184,2020-05,1803.22,270.48,126.23,2020-05-25
3399,185,2020-05,1367.17,205.08,95.70,2020-05-25
3400,186,2020-05,1383.62,207.54,96.85,2020-05-25
3401,191,2020-05,3850.93,577.64,269.57,2020-05-25
3402,192,2020-05,1502.89,225.43,105.20,2020-05-25
3403,193,2020-05,1813.52,272.03,126.95,2020-05-25
3404,194,2020-05,2385.97,357.90,167.02,2020-05-25
3405,195,2020-05,2511.69,376.75,175.82,2020-05-25
3406,196,2020-05,1724.68,258.70,120.73,2020-05-25
3407,197,2020-05,1422.48,213.37,99.57,2020-05-25
3408,198,2020-05,1448.13,217.22,101.37,2020-05-25
3409,199,2020-05,1247.72,187.16,87.34,2020-05-25
3410,200,2020-05,1342.50,201.38,93.98,2020-05-25
3411,201,2020-05,1608.78,241.32,112.61,2020-05-25
3412,202,2020-05,1399.09,209.86,97.94,2020-05-25
3413,203,2020-05,1414.47,212.17,99.01,2020-05-25
3414,204,2020-05,1434.04,215.11,100.38,2020-05-25
3415,205,2020-05,1419.76,212.96,99.38,2020-05-25
3416,206,2020-05,1282.94,192.44,89.81,2020-05-25
3417,207,2020-05,3448.23,517.23,241.38,2020-05-25
3418,209,2020-05,1267.43,190.11,88.72,2020-05-25
3419,210,2020-05,1549.89,232.48,108.49,2020-05-25
3420,211,2020-05,1212.76,181.91,84.89,2020-05-25
3421,212,2020-05,1270.06,190.51,88.90,2020-05-25
3422,213,2020-05,1697.96,254.69,118.86,2020-05-25
3423,214,2020-05,1753.47,263.02,122.74,2020-05-25
3424,215,2020-05,2230.78,334.62,156.15,2020-05-25
3425,216,2020-05,2237.92,335.69,156.65,2020-05-25
3426,217,2020-05,1633.04,244.96,114.31,2020-05-25
3427,218,2020-05,1304.02,195.60,91.28,2020-05-25
3428,219,2020-05,1422.82,213.42,99.60,2020-05-25
3429,220,2020-05,1249.96,187.49,87.50,2020-05-25
3430,225,2020-05,3735.93,560.39,261.52,2020-05-25
3431,226,2020-05,1444.34,216.65,101.10,2020-05-25
3432,227,2020-05,1385.53,207.83,96.99,2020-05-25
3433,228,2020-05,2457.55,368.63,172.03,2020-05-25
3434,229,2020-05,1282.87,192.43,89.80,2020-05-25
3435,230,2020-05,1215.47,182.32,85.08,2020-05-25
3436,231,2020-05,1578.57,236.79,110.50,2020-05-25
3437,232,2020-05,1203.65,180.55,84.26,2020-05-25
3438,233,2020-05,1325.62,198.84,92.79,2020-05-25
3439,234,2020-05,1836.55,275.48,128.56,2020-05-25
3440,235,2020-05,1259.75,188.96,88.18,2020-05-25
3441,236,2020-05,1473.22,220.98,103.13,2020-05-25
3442,237,2020-05,3851.26,577.69,269.59,2020-05-25
3443,238,2020-05,1546.14,231.92,108.23,2020-05-25
3444,239,2020-05,2318.27,347.74,162.28,2020-05-25
3445,240,2020-05,1791.81,268.77,125.43,2020-05-25
3446,241,2020-05,1297.79,194.67,90.85,2020-05-25
3447,242,2020-05,1434.72,215.21,100.43,2020-05-25
3448,243,2020-05,1800.48,270.07,126.03,2020-05-25
3449,244,2020-05,1284.03,192.60,89.88,2020-05-25
3450,1,2020-06,4622.25,0.00,323.56,2020-06-25
3451,2,2020-06,1527.34,0.00,106.91,2020-06-25
3452,3,2020-06,1559.97,0.00,109.20,2020-06-25
3453,4,2020-06,2153.34,0.00,150.73,2020-06-25
3454,5,2020-06,2019.85,0.00,141.39,2020-06-25
3455,6,2020-06,1585.36,0.00,110.98,2020-06-25
3456,7,2020-06,2780.04,0.00,194.60,2020-06-25
3457,8,2020-06,2368.92,0.00,165.82,2020-06-25
3458,9,2020-06,1608.20,0.00,112.57,2020-06-25
3459,10,2020-06,1643.15,0.00,115.02,2020-06-25
3460,11,2020-06,2796.21,0.00,195.73,2020-06-25
3461,12,2020-06,2012.36,0.00,140.87,2020-06-25
3462,13,2020-06,3109.17,0.00,217.64,2020-06-25
3463,14,2020-06,1941.44,0.00,135.90,2020-06-25
3464,15,2020-06,1725.36,0.00,120.78,2020-06-25
3465,16,2020-06,1789.16,0.00,125.24,2020-06-25
3466,17,2020-06,1633.93,0.00,114.38,2020-06-25
3467,19,2020-06,1597.84,0.00,111.85,2020-06-25
3468,20,2020-06,1565.65,0.00,109.60,2020-06-25
3469,21,2020-06,1708.05,0.00,119.56,2020-06-25
3470,22,2020-06,1869.72,0.00,130.88,2020-06-25
3471,23,2020-06,1738.66,0.00,121.71,2020-06-25
3472,28,2020-06,4378.50,0.00,306.50,2020-06-25
3473,29,2020-06,1585.38,0.00,110.98,2020-06-25
3474,30,2020-06,2713.77,0.00,189.96,2020-06-25
3475,31,2020-06,1799.67,0.00,125.98,2020-06-25
3476,32,2020-06,2324.81,0.00,162.74,2020-06-25
3477,33,2020-06,1774.17,0.00,124.19,2020-06-25
3478,35,2020-06,1714.40,0.00,120.01,2020-06-25
3479,36,2020-06,2033.55,0.00,142.35,2020-06-25
3480,37,2020-06,2806.27,0.00,196.44,2020-06-25
3481,39,2020-06,1801.89,0.00,126.13,2020-06-25
3482,40,2020-06,2087.38,0.00,146.12,2020-06-25
3483,41,2020-06,2048.82,0.00,143.42,2020-06-25
3484,42,2020-06,2358.61,0.00,165.10,2020-06-25
3485,43,2020-06,1555.08,0.00,108.86,2020-06-25
3486,44,2020-06,1649.92,0.00,115.49,2020-06-25
3487,45,2020-06,1540.17,0.00,107.81,2020-06-25
3488,46,2020-06,2728.25,0.00,190.98,2020-06-25
3489,47,2020-06,1729.65,0.00,121.08,2020-06-25
3490,49,2020-06,1706.05,0.00,119.42,2020-06-25
3491,50,2020-06,1659.13,0.00,116.14,2020-06-25
3492,51,2020-06,1817.84,0.00,127.25,2020-06-25
3493,52,2020-06,1717.91,0.00,120.25,2020-06-25
3494,60,2020-06,4881.89,0.00,341.73,2020-06-25
3495,61,2020-06,2178.53,0.00,152.50,2020-06-25
3496,62,2020-06,1815.19,0.00,127.06,2020-06-25
3497,63,2020-06,2229.44,0.00,156.06,2020-06-25
3498,64,2020-06,1652.30,0.00,115.66,2020-06-25
3499,65,2020-06,1844.25,0.00,129.10,2020-06-25
3500,66,2020-06,1754.19,0.00,122.79,2020-06-25
3501,67,2020-06,1986.97,0.00,139.09,2020-06-25
3502,68,2020-06,1751.76,0.00,122.62,2020-06-25
3503,70,2020-06,2332.48,0.00,163.27,2020-06-25
3504,71,2020-06,3068.55,0.00,214.80,2020-06-25
3505,72,2020-06,2779.28,0.00,194.55,2020-06-25
3506,73,2020-06,1789.86,0.00,125.29,2020-06-25
3507,74,2020-06,1743.36,0.00,122.04,2020-06-25
3508,75,2020-06,1753.91,0.00,122.77,2020-06-25
3509,76,2020-06,1855.69,0.00,129.90,2020-06-25
3510,77,2020-06,1841.84,0.00,128.93,2020-06-25
3511,78,2020-06,1872.91,0.00,131.10,2020-06-25
3512,82,2020-06,4917.22,0.00,344.21,2020-06-25
3513,83,2020-06,2831.07,0.00,198.17,2020-06-25
3514,84,2020-06,1647.66,0.00,115.34,2020-06-25
3515,85,2020-06,2847.36,0.00,199.32,2020-06-25
3516,86,2020-06,1547.17,0.00,108.30,2020-06-25
3517,87,2020-06,2149.23,0.00,150.45,2020-06-25
3518,88,2020-06,1582.97,0.00,110.81,2020-06-25
3519,89,2020-06,2241.54,0.00,156.91,2020-06-25
3520,90,2020-06,1844.61,0.00,129.12,2020-06-25
3521,91,2020-06,1760.16,0.00,123.21,2020-06-25
3522,92,2020-06,1902.53,0.00,133.18,2020-06-25
3523,93,2020-06,1564.87,0.00,109.54,2020-06-25
3524,94,2020-06,1962.89,0.00,137.40,2020-06-25
3525,95,2020-06,1633.81,0.00,114.37,2020-06-25
3526,96,2020-06,1653.66,0.00,115.76,2020-06-25
3527,97,2020-06,1524.55,0.00,106.72,2020-06-25
3528,100,2020-06,4875.82,0.00,341.31,2020-06-25
3529,101,2020-06,1638.16,0.00,114.67,2020-06-25
3530,102,2020-06,1631.11,0.00,114.18,2020-06-25
3531,103,2020-06,2837.43,0.00,198.62,2020-06-25
3532,105,2020-06,2235.98,0.00,156.52,2020-06-25
3533,106,2020-06,2114.74,0.00,148.03,2020-06-25
3534,107,2020-06,2720.11,0.00,190.41,2020-06-25
3535,108,2020-06,2115.15,0.00,148.06,2020-06-25
3536,109,2020-06,1596.83,0.00,111.78,2020-06-25
3537,110,2020-06,1729.76,0.00,121.08,2020-06-25
3538,111,2020-06,1587.59,0.00,111.13,2020-06-25
3539,112,2020-06,1710.58,0.00,119.74,2020-06-25
3540,115,2020-06,4504.12,0.00,315.29,2020-06-25
3541,116,2020-06,2268.60,0.00,158.80,2020-06-25
3542,117,2020-06,1580.88,0.00,110.66,2020-06-25
3543,118,2020-06,2843.01,0.00,199.01,2020-06-25
3544,119,2020-06,1654.29,0.00,115.80,2020-06-25
3545,120,2020-06,1558.12,0.00,109.07,2020-06-25
3546,121,2020-06,1812.20,0.00,126.85,2020-06-25
3547,122,2020-06,1645.27,0.00,115.17,2020-06-25
3548,123,2020-06,1624.18,0.00,113.69,2020-06-25
3549,124,2020-06,2153.47,0.00,150.74,2020-06-25
3550,125,2020-06,2302.62,0.00,161.18,2020-06-25
3551,126,2020-06,3164.95,0.00,221.55,2020-06-25
3552,127,2020-06,1601.04,0.00,112.07,2020-06-25
3553,128,2020-06,1537.79,0.00,107.65,2020-06-25
3554,130,2020-06,1876.95,0.00,131.39,2020-06-25
3555,131,2020-06,1828.47,0.00,127.99,2020-06-25
3556,132,2020-06,1523.49,0.00,106.64,2020-06-25
3557,136,2020-06,4906.71,0.00,343.47,2020-06-25
3558,137,2020-06,1642.96,0.00,115.01,2020-06-25
3559,138,2020-06,2917.79,0.00,204.25,2020-06-25
3560,139,2020-06,1507.53,0.00,105.53,2020-06-25
3561,140,2020-06,1733.02,0.00,121.31,2020-06-25
3562,141,2020-06,2317.84,0.00,162.25,2020-06-25
3563,143,2020-06,2076.44,0.00,145.35,2020-06-25
3564,144,2020-06,2159.10,0.00,151.14,2020-06-25
3565,146,2020-06,2731.56,0.00,191.21,2020-06-25
3566,147,2020-06,1687.10,0.00,118.10,2020-06-25
3567,148,2020-06,1816.49,0.00,127.15,2020-06-25
3568,149,2020-06,1597.64,0.00,111.83,2020-06-25
3569,150,2020-06,1831.99,0.00,128.24,2020-06-25
3570,151,2020-06,1668.25,0.00,116.78,2020-06-25
3571,152,2020-06,1587.59,0.00,111.13,2020-06-25
3572,156,2020-06,4568.72,0.00,319.81,2020-06-25
3573,157,2020-06,1910.84,0.00,133.76,2020-06-25
3574,158,2020-06,1699.40,0.00,118.96,2020-06-25
3575,159,2020-06,1998.43,0.00,139.89,2020-06-25
3576,160,2020-06,2787.78,0.00,195.14,2020-06-25
3577,161,2020-06,2125.04,0.00,148.75,2020-06-25
3578,162,2020-06,1498.80,0.00,104.92,2020-06-25
3579,163,2020-06,2020.23,0.00,141.42,2020-06-25
3580,164,2020-06,1848.93,0.00,129.43,2020-06-25
3581,165,2020-06,1611.88,0.00,112.83,2020-06-25
3582,166,2020-06,3003.72,0.00,210.26,2020-06-25
3583,168,2020-06,1741.64,0.00,121.91,2020-06-25
3584,169,2020-06,1839.00,0.00,128.73,2020-06-25
3585,171,2020-06,1498.35,0.00,104.88,2020-06-25
3586,172,2020-06,1771.78,0.00,124.02,2020-06-25
3587,176,2020-06,4541.15,0.00,317.88,2020-06-25
3588,177,2020-06,1709.49,0.00,119.66,2020-06-25
3589,178,2020-06,1767.12,0.00,123.70,2020-06-25
3590,179,2020-06,3106.25,0.00,217.44,2020-06-25
3591,180,2020-06,1794.20,0.00,125.59,2020-06-25
3592,181,2020-06,1523.38,0.00,106.64,2020-06-25
3593,183,2020-06,2136.41,0.00,149.55,2020-06-25
3594,184,2020-06,2246.38,0.00,157.25,2020-06-25
3595,185,2020-06,1710.50,0.00,119.74,2020-06-25
3596,186,2020-06,1729.00,0.00,121.03,2020-06-25
3597,191,2020-06,4832.55,0.00,338.28,2020-06-25
3598,192,2020-06,1876.16,0.00,131.33,2020-06-25
3599,193,2020-06,2272.80,0.00,159.10,2020-06-25
3600,194,2020-06,3007.09,0.00,210.50,2020-06-25
3601,195,2020-06,3146.73,0.00,220.27,2020-06-25
3602,196,2020-06,2146.95,0.00,150.29,2020-06-25
3603,197,2020-06,1775.59,0.00,124.29,2020-06-25
3604,198,2020-06,1810.47,0.00,126.73,2020-06-25
3605,199,2020-06,1555.35,0.00,108.87,2020-06-25
3606,200,2020-06,1687.01,0.00,118.09,2020-06-25
3607,201,2020-06,2003.53,0.00,140.25,2020-06-25
3608,202,2020-06,1751.81,0.00,122.63,2020-06-25
3609,203,2020-06,1766.27,0.00,123.64,2020-06-25
3610,204,2020-06,1788.75,0.00,125.21,2020-06-25
3611,205,2020-06,1764.69,0.00,123.53,2020-06-25
3612,206,2020-06,1603.96,0.00,112.28,2020-06-25
3613,207,2020-06,4314.08,0.00,301.99,2020-06-25
3614,209,2020-06,1590.87,0.00,111.36,2020-06-25
3615,210,2020-06,1930.73,0.00,135.15,2020-06-25
3616,211,2020-06,1510.85,0.00,105.76,2020-06-25
3617,212,2020-06,1583.53,0.00,110.85,2020-06-25
3618,213,2020-06,2118.59,0.00,148.30,2020-06-25
3619,214,2020-06,2189.86,0.00,153.29,2020-06-25
3620,215,2020-06,2799.02,0.00,195.93,2020-06-25
3621,216,2020-06,2807.66,0.00,196.54,2020-06-25
3622,217,2020-06,2041.02,0.00,142.87,2020-06-25
3623,218,2020-06,1620.30,0.00,113.42,2020-06-25
3624,219,2020-06,1769.69,0.00,123.88,2020-06-25
3625,220,2020-06,1572.53,0.00,110.08,2020-06-25
3626,225,2020-06,4636.95,0.00,324.59,2020-06-25
3627,226,2020-06,1809.68,0.00,126.68,2020-06-25
3628,227,2020-06,1733.37,0.00,121.34,2020-06-25
3629,228,2020-06,3083.35,0.00,215.83,2020-06-25
3630,229,2020-06,1615.99,0.00,113.12,2020-06-25
3631,230,2020-06,1520.45,0.00,106.43,2020-06-25
3632,231,2020-06,1962.64,0.00,137.38,2020-06-25
3633,232,2020-06,1511.90,0.00,105.83,2020-06-25
3634,233,2020-06,1658.81,0.00,116.12,2020-06-25
3635,234,2020-06,2281.37,0.00,159.70,2020-06-25
3636,235,2020-06,1570.06,0.00,109.90,2020-06-25
3637,236,2020-06,1845.91,0.00,129.21,2020-06-25
3638,237,2020-06,4789.03,0.00,335.23,2020-06-25
3639,238,2020-06,1925.79,0.00,134.81,2020-06-25
3640,239,2020-06,2913.61,0.00,203.95,2020-06-25
3641,240,2020-06,2249.00,0.00,157.43,2020-06-25
3642,241,2020-06,1620.12,0.00,113.41,2020-06-25
3643,242,2020-06,1795.63,0.00,125.69,2020-06-25
3644,243,2020-06,2237.31,0.00,156.61,2020-06-25
3645,244,2020-06,1596.77,0.00,111.77,2020-06-25
3646,1,2020-07,4604.93,0.00,322.35,2020-07-25
3647,2,2020-07,1527.14,0.00,106.90,2020-07-25
3648,3,2020-07,1567.58,0.00,109.73,2020-07-25
3649,4,2020-07,2165.14,0.00,151.56,2020-07-25
3650,5,2020-07,2016.73,0.00,141.17,2020-07-25
3651,6,2020-07,1593.07,0.00,111.51,2020-07-25
3652,7,2020-07,2774.27,0.00,194.20,2020-07-25
3653,8,2020-07,2365.56,0.00,165.59,2020-07-25
3654,9,2020-07,1603.88,0.00,112.27,2020-07-25
3655,10,2020-07,1651.92,0.00,115.63,2020-07-25
3656,11,2020-07,2809.19,0.00,196.64,2020-07-25
3657,12,2020-07,2010.26,0.00,140.72,2020-07-25
3658,13,2020-07,3109.85,0.00,217.69,2020-07-25
3659,14,2020-07,1935.09,0.00,135.46,2020-07-25
3660,15,2020-07,1738.50,0.00,121.70,2020-07-25
3661,16,2020-07,1801.35,0.00,126.09,2020-07-25
3662,17,2020-07,1631.72,0.00,114.22,2020-07-25
3663,19,2020-07,1606.89,0.00,112.48,2020-07-25
3664,20,2020-07,1556.91,0.00,108.98,2020-07-25
3665,21,2020-07,1700.75,0.00,119.05,2020-07-25
3666,22,2020-07,1875.43,0.00,131.28,2020-07-25
3667,23,2020-07,1747.32,0.00,122.31,2020-07-25
3668,28,2020-07,4385.95,0.00,307.02,2020-07-25
3669,29,2020-07,1577.59,0.00,110.43,2020-07-25
3670,30,2020-07,2702.24,0.00,189.16,2020-07-25
3671,31,2020-07,1807.59,0.00,126.53,2020-07-25
3672,32,2020-07,2322.85,0.00,162.60,2020-07-25
3673,33,2020-07,1760.58,0.00,123.24,2020-07-25
3674,35,2020-07,1718.22,0.00,120.28,2020-07-25
3675,36,2020-07,2028.93,0.00,142.03,2020-07-25
3676,37,2020-07,2792.00,0.00,195.44,2020-07-25
3677,39,2020-07,1793.02,0.00,125.51,2020-07-25
3678,40,2020-07,2077.33,0.00,145.41,2020-07-25
3679,41,2020-07,2039.99,0.00,142.80,2020-07-25
3680,42,2020-07,2360.89,0.00,165.26,2020-07-25
3681,43,2020-07,1560.11,0.00,109.21,2020-07-25
3682,44,2020-07,1642.92,0.00,115.00,2020-07-25
3683,45,2020-07,1534.89,0.00,107.44,2020-07-25
3684,46,2020-07,2729.49,0.00,191.06,2020-07-25
3685,47,2020-07,1739.27,0.00,121.75,2020-07-25
3686,49,2020-07,1712.55,0.00,119.88,2020-07-25
3687,50,2020-07,1673.22,0.00,117.13,2020-07-25
3688,51,2020-07,1818.64,0.00,127.30,2020-07-25
3689,52,2020-07,1730.63,0.00,121.14,2020-07-25
3690,60,2020-07,4876.85,0.00,341.38,2020-07-25
3691,61,2020-07,2179.58,0.00,152.57,2020-07-25
3692,62,2020-07,1812.66,0.00,126.89,2020-07-25
3693,63,2020-07,2229.06,0.00,156.03,2020-07-25
3694,64,2020-07,1664.04,0.00,116.48,2020-07-25
3695,65,2020-07,1845.14,0.00,129.16,2020-07-25
3696,66,2020-07,1752.79,0.00,122.70,2020-07-25
3697,67,2020-07,1993.29,0.00,139.53,2020-07-25
3698,68,2020-07,1746.01,0.00,122.22,2020-07-25
3699,70,2020-07,2333.72,0.00,163.36,2020-07-25
3700,71,2020-07,3054.39,0.00,213.81,2020-07-25
3701,72,2020-07,2763.65,0.00,193.46,2020-07-25
3702,73,2020-07,1773.15,0.00,124.12,2020-07-25
3703,74,2020-07,1743.36,0.00,122.04,2020-07-25
3704,75,2020-07,1752.59,0.00,122.68,2020-07-25
3705,76,2020-07,1849.38,0.00,129.46,2020-07-25
3706,77,2020-07,1832.64,0.00,128.28,2020-07-25
3707,78,2020-07,1866.24,0.00,130.64,2020-07-25
3708,82,2020-07,4887.21,0.00,342.10,2020-07-25
3709,83,2020-07,2846.69,0.00,199.27,2020-07-25
3710,84,2020-07,1636.44,0.00,114.55,2020-07-25
3711,85,2020-07,2844.96,0.00,199.15,2020-07-25
3712,86,2020-07,1549.20,0.00,108.44,2020-07-25
3713,87,2020-07,2152.66,0.00,150.69,2020-07-25
3714,88,2020-07,1594.71,0.00,111.63,2020-07-25
3715,89,2020-07,2235.25,0.00,156.47,2020-07-25
3716,90,2020-07,1837.98,0.00,128.66,2020-07-25
3717,91,2020-07,1765.08,0.00,123.56,2020-07-25
3718,92,2020-07,1905.98,0.00,133.42,2020-07-25
3719,93,2020-07,1567.50,0.00,109.73,2020-07-25
3720,94,2020-07,1963.50,0.00,137.45,2020-07-25
3721,95,2020-07,1645.11,0.00,115.16,2020-07-25
3722,96,2020-07,1655.15,0.00,115.86,2020-07-25
3723,97,2020-07,1522.77,0.00,106.59,2020-07-25
3724,100,2020-07,4907.73,0.00,343.54,2020-07-25
3725,101,2020-07,1634.65,0.00,114.43,2020-07-25
3726,102,2020-07,1624.87,0.00,113.74,2020-07-25
3727,103,2020-07,2822.66,0.00,197.59,2020-07-25
3728,105,2020-07,2226.98,0.00,155.89,2020-07-25
3729,107,2020-07,2706.59,0.00,189.46,2020-07-25
3730,108,2020-07,2116.88,0.00,148.18,2020-07-25
3731,109,2020-07,1604.46,0.00,112.31,2020-07-25
3732,110,2020-07,1745.88,0.00,122.21,2020-07-25
3733,111,2020-07,1585.53,0.00,110.99,2020-07-25
3734,112,2020-07,1697.12,0.00,118.80,2020-07-25
3735,115,2020-07,4509.71,0.00,315.68,2020-07-25
3736,116,2020-07,2285.04,0.00,159.95,2020-07-25
3737,117,2020-07,1582.39,0.00,110.77,2020-07-25
3738,118,2020-07,2835.61,0.00,198.49,2020-07-25
3739,119,2020-07,1659.44,0.00,116.16,2020-07-25
3740,120,2020-07,1544.88,0.00,108.14,2020-07-25
3741,121,2020-07,1805.77,0.00,126.40,2020-07-25
3742,122,2020-07,1653.07,0.00,115.71,2020-07-25
3743,123,2020-07,1622.80,0.00,113.60,2020-07-25
3744,124,2020-07,2162.01,0.00,151.34,2020-07-25
3745,125,2020-07,2301.38,0.00,161.10,2020-07-25
3746,126,2020-07,3155.08,0.00,220.86,2020-07-25
3747,127,2020-07,1597.34,0.00,111.81,2020-07-25
3748,128,2020-07,1533.21,0.00,107.32,2020-07-25
3749,130,2020-07,1867.13,0.00,130.70,2020-07-25
3750,131,2020-07,1822.77,0.00,127.59,2020-07-25
3751,132,2020-07,1525.26,0.00,106.77,2020-07-25
3752,136,2020-07,4897.95,0.00,342.86,2020-07-25
3753,137,2020-07,1640.71,0.00,114.85,2020-07-25
3754,138,2020-07,2910.07,0.00,203.70,2020-07-25
3755,139,2020-07,1510.28,0.00,105.72,2020-07-25
3756,140,2020-07,1742.79,0.00,122.00,2020-07-25
3757,141,2020-07,2309.31,0.00,161.65,2020-07-25
3758,143,2020-07,2069.53,0.00,144.87,2020-07-25
3759,144,2020-07,2153.44,0.00,150.74,2020-07-25
3760,146,2020-07,2732.96,0.00,191.31,2020-07-25
3761,147,2020-07,1697.85,0.00,118.85,2020-07-25
3762,148,2020-07,1826.98,0.00,127.89,2020-07-25
3763,149,2020-07,1587.68,0.00,111.14,2020-07-25
3764,150,2020-07,1836.81,0.00,128.58,2020-07-25
3765,151,2020-07,1671.70,0.00,117.02,2020-07-25
3766,152,2020-07,1583.05,0.00,110.81,2020-07-25
3767,156,2020-07,4559.70,0.00,319.18,2020-07-25
3768,157,2020-07,1904.29,0.00,133.30,2020-07-25
3769,158,2020-07,1703.05,0.00,119.21,2020-07-25
3770,159,2020-07,2003.46,0.00,140.24,2020-07-25
3771,160,2020-07,2801.71,0.00,196.12,2020-07-25
3772,161,2020-07,2125.99,0.00,148.82,2020-07-25
3773,162,2020-07,1500.34,0.00,105.02,2020-07-25
3774,163,2020-07,2015.26,0.00,141.07,2020-07-25
3775,164,2020-07,1839.27,0.00,128.75,2020-07-25
3776,165,2020-07,1605.27,0.00,112.37,2020-07-25
3777,166,2020-07,3008.63,0.00,210.60,2020-07-25
3778,168,2020-07,1745.51,0.00,122.19,2020-07-25
3779,169,2020-07,1840.52,0.00,128.84,2020-07-25
3780,171,2020-07,1495.97,0.00,104.72,2020-07-25
3781,172,2020-07,1787.43,0.00,125.12,2020-07-25
3782,176,2020-07,4543.46,0.00,318.04,2020-07-25
3783,177,2020-07,1702.19,0.00,119.15,2020-07-25
3784,178,2020-07,1754.94,0.00,122.85,2020-07-25
3785,179,2020-07,3095.37,0.00,216.68,2020-07-25
3786,180,2020-07,1791.52,0.00,125.41,2020-07-25
3787,181,2020-07,1515.92,0.00,106.11,2020-07-25
3788,183,2020-07,2141.65,0.00,149.92,2020-07-25
3789,184,2020-07,2241.50,0.00,156.91,2020-07-25
3790,185,2020-07,1703.76,0.00,119.26,2020-07-25
3791,186,2020-07,1715.45,0.00,120.08,2020-07-25
3792,191,2020-07,4823.11,0.00,337.62,2020-07-25
3793,192,2020-07,1885.75,0.00,132.00,2020-07-25
3794,193,2020-07,2265.84,0.00,158.61,2020-07-25
3795,194,2020-07,2987.92,0.00,209.15,2020-07-25
3796,195,2020-07,3122.95,0.00,218.61,2020-07-25
3797,196,2020-07,2162.18,0.00,151.35,2020-07-25
3798,197,2020-07,1773.03,0.00,124.11,2020-07-25
3799,198,2020-07,1822.82,0.00,127.60,2020-07-25
3800,199,2020-07,1560.93,0.00,109.27,2020-07-25
3801,200,2020-07,1682.24,0.00,117.76,2020-07-25
3802,201,2020-07,1997.97,0.00,139.86,2020-07-25
3803,202,2020-07,1749.58,0.00,122.47,2020-07-25
3804,203,2020-07,1774.04,0.00,124.18,2020-07-25
3805,204,2020-07,1785.36,0.00,124.98,2020-07-25
3806,205,2020-07,1768.07,0.00,123.76,2020-07-25
3807,206,2020-07,1612.31,0.00,112.86,2020-07-25
3808,207,2020-07,4320.69,0.00,302.45,2020-07-25
3809,209,2020-07,1585.31,0.00,110.97,2020-07-25
3810,210,2020-07,1943.66,0.00,136.06,2020-07-25
3811,211,2020-07,1510.41,0.00,105.73,2020-07-25
3812,212,2020-07,1586.34,0.00,111.04,2020-07-25
3813,213,2020-07,2120.87,0.00,148.46,2020-07-25
3814,214,2020-07,2189.05,0.00,153.23,2020-07-25
3815,215,2020-07,2797.59,0.00,195.83,2020-07-25
3816,216,2020-07,2798.54,0.00,195.90,2020-07-25
3817,217,2020-07,2028.51,0.00,142.00,2020-07-25
3818,218,2020-07,1624.67,0.00,113.73,2020-07-25
3819,219,2020-07,1773.94,0.00,124.18,2020-07-25
3820,220,2020-07,1560.93,0.00,109.27,2020-07-25
3821,225,2020-07,4668.67,0.00,326.81,2020-07-25
3822,226,2020-07,1812.25,0.00,126.86,2020-07-25
3823,227,2020-07,1728.16,0.00,120.97,2020-07-25
3824,228,2020-07,3100.57,0.00,217.04,2020-07-25
3825,229,2020-07,1616.16,0.00,113.13,2020-07-25
3826,230,2020-07,1509.99,0.00,105.70,2020-07-25
3827,231,2020-07,1968.20,0.00,137.77,2020-07-25
3828,232,2020-07,1504.98,0.00,105.35,2020-07-25
3829,233,2020-07,1657.93,0.00,116.06,2020-07-25
3830,234,2020-07,2300.14,0.00,161.01,2020-07-25
3831,235,2020-07,1575.50,0.00,110.29,2020-07-25
3832,236,2020-07,1843.92,0.00,129.07,2020-07-25
3833,237,2020-07,4796.00,0.00,335.72,2020-07-25
3834,238,2020-07,1922.16,0.00,134.55,2020-07-25
3835,239,2020-07,2911.40,0.00,203.80,2020-07-25
3836,240,2020-07,2242.64,0.00,156.98,2020-07-25
3837,241,2020-07,1624.86,0.00,113.74,2020-07-25
3838,242,2020-07,1795.38,0.00,125.68,2020-07-25
3839,243,2020-07,2243.67,0.00,157.06,2020-07-25
3840,244,2020-07,1609.66,0.00,112.68,2020-07-25
3841,1,2020-08,4609.48,0.00,322.66,2020-08-25
3842,2,2020-08,1530.71,0.00,107.15,2020-08-25
3843,3,2020-08,1564.29,0.00,109.50,2020-08-25
3844,4,2020-08,2166.89,0.00,151.68,2020-08-25
3845,5,2020-08,2032.29,0.00,142.26,2020-08-25
3846,6,2020-08,1585.96,0.00,111.02,2020-08-25
3847,7,2020-08,2774.57,0.00,194.22,2020-08-25
3848,8,2020-08,2349.01,0.00,164.43,2020-08-25
3849,9,2020-08,1603.92,0.00,112.27,2020-08-25
3850,10,2020-08,1653.34,0.00,115.73,2020-08-25
3851,11,2020-08,2807.65,0.00,196.54,2020-08-25
3852,12,2020-08,1998.27,0.00,139.88,2020-08-25
3853,13,2020-08,3116.80,0.00,218.18,2020-08-25
3854,14,2020-08,1945.49,0.00,136.18,2020-08-25
3855,15,2020-08,1735.54,0.00,121.49,2020-08-25
3856,16,2020-08,1799.30,0.00,125.95,2020-08-25
3857,17,2020-08,1625.19,0.00,113.76,2020-08-25
3858,19,2020-08,1611.70,0.00,112.82,2020-08-25
3859,20,2020-08,1561.21,0.00,109.28,2020-08-25
3860,21,2020-08,1700.64,0.00,119.04,2020-08-25
3861,22,2020-08,1878.07,0.00,131.46,2020-08-25
3862,23,2020-08,1746.44,0.00,122.25,2020-08-25
3863,28,2020-08,4391.35,0.00,307.39,2020-08-25
3864,29,2020-08,1583.87,0.00,110.87,2020-08-25
3865,30,2020-08,2693.27,0.00,188.53,2020-08-25
3866,31,2020-08,1808.00,0.00,126.56,2020-08-25
3867,32,2020-08,2308.58,0.00,161.60,2020-08-25
3868,33,2020-08,1759.33,0.00,123.15,2020-08-25
3869,35,2020-08,1721.79,0.00,120.53,2020-08-25
3870,36,2020-08,2026.48,0.00,141.85,2020-08-25
3871,37,2020-08,2804.32,0.00,196.30,2020-08-25
3872,39,2020-08,1801.45,0.00,126.10,2020-08-25
3873,40,2020-08,2092.56,0.00,146.48,2020-08-25
3874,41,2020-08,2042.61,0.00,142.98,2020-08-25
3875,42,2020-08,2372.36,0.00,166.07,2020-08-25
3876,43,2020-08,1545.47,0.00,108.18,2020-08-25
3877,44,2020-08,1649.57,0.00,115.47,2020-08-25
3878,45,2020-08,1532.28,0.00,107.26,2020-08-25
3879,46,2020-08,2716.55,0.00,190.16,2020-08-25
3880,47,2020-08,1735.10,0.00,121.46,2020-08-25
3881,49,2020-08,1702.07,0.00,119.14,2020-08-25
3882,50,2020-08,1668.72,0.00,116.81,2020-08-25
3883,51,2020-08,1820.32,0.00,127.42,2020-08-25
3884,52,2020-08,1725.57,0.00,120.79,2020-08-25
3885,60,2020-08,4866.96,0.00,340.69,2020-08-25
3886,61,2020-08,2163.52,0.00,151.45,2020-08-25
3887,62,2020-08,1808.27,0.00,126.58,2020-08-25
3888,63,2020-08,2221.73,0.00,155.52,2020-08-25
3889,64,2020-08,1655.58,0.00,115.89,2020-08-25
3890,65,2020-08,1846.37,0.00,129.25,2020-08-25
3891,66,2020-08,1754.26,0.00,122.80,2020-08-25
3892,67,2020-08,1981.46,0.00,138.70,2020-08-25
3893,68,2020-08,1747.77,0.00,122.34,2020-08-25
3894,70,2020-08,2339.85,0.00,163.79,2020-08-25
3895,71,2020-08,3065.32,0.00,214.57,2020-08-25
3896,72,2020-08,2770.13,0.00,193.91,2020-08-25
3897,73,2020-08,1789.20,0.00,125.24,2020-08-25
3898,74,2020-08,1744.48,0.00,122.11,2020-08-25
3899,75,2020-08,1755.46,0.00,122.88,2020-08-25
3900,76,2020-08,1857.02,0.00,129.99,2020-08-25
3901,77,2020-08,1837.59,0.00,128.63,2020-08-25
3902,78,2020-08,1863.14,0.00,130.42,2020-08-25
3903,82,2020-08,4927.23,0.00,344.91,2020-08-25
3904,83,2020-08,2852.39,0.00,199.67,2020-08-25
3905,84,2020-08,1636.70,0.00,114.57,2020-08-25
3906,85,2020-08,2857.01,0.00,199.99,2020-08-25
3907,86,2020-08,1553.62,0.00,108.75,2020-08-25
3908,87,2020-08,2134.82,0.00,149.44,2020-08-25
3909,88,2020-08,1597.37,0.00,111.82,2020-08-25
3910,89,2020-08,2237.39,0.00,156.62,2020-08-25
3911,90,2020-08,1838.25,0.00,128.68,2020-08-25
3912,91,2020-08,1761.28,0.00,123.29,2020-08-25
3913,92,2020-08,1906.33,0.00,133.44,2020-08-25
3914,93,2020-08,1561.01,0.00,109.27,2020-08-25
3915,94,2020-08,1957.65,0.00,137.04,2020-08-25
3916,95,2020-08,1634.84,0.00,114.44,2020-08-25
3917,96,2020-08,1661.96,0.00,116.34,2020-08-25
3918,97,2020-08,1522.00,0.00,106.54,2020-08-25
3919,100,2020-08,4871.70,0.00,341.02,2020-08-25
3920,101,2020-08,1645.27,0.00,115.17,2020-08-25
3921,102,2020-08,1629.24,0.00,114.05,2020-08-25
3922,103,2020-08,2829.45,0.00,198.06,2020-08-25
3923,105,2020-08,2218.46,0.00,155.29,2020-08-25
3924,107,2020-08,2724.18,0.00,190.69,2020-08-25
3925,108,2020-08,2112.76,0.00,147.89,2020-08-25
3926,109,2020-08,1606.19,0.00,112.43,2020-08-25
3927,110,2020-08,1733.27,0.00,121.33,2020-08-25
3928,111,2020-08,1574.37,0.00,110.21,2020-08-25
3929,112,2020-08,1708.51,0.00,119.60,2020-08-25
3930,115,2020-08,4511.30,0.00,315.79,2020-08-25
3931,116,2020-08,2276.23,0.00,159.34,2020-08-25
3932,117,2020-08,1577.92,0.00,110.45,2020-08-25
3933,118,2020-08,2829.26,0.00,198.05,2020-08-25
3934,119,2020-08,1658.33,0.00,116.08,2020-08-25
3935,120,2020-08,1544.81,0.00,108.14,2020-08-25
3936,121,2020-08,1800.62,0.00,126.04,2020-08-25
3937,122,2020-08,1641.77,0.00,114.92,2020-08-25
3938,123,2020-08,1621.42,0.00,113.50,2020-08-25
3939,124,2020-08,2146.43,0.00,150.25,2020-08-25
3940,125,2020-08,2298.39,0.00,160.89,2020-08-25
3941,126,2020-08,3165.03,0.00,221.55,2020-08-25
3942,127,2020-08,1597.98,0.00,111.86,2020-08-25
3943,128,2020-08,1530.18,0.00,107.11,2020-08-25
3944,130,2020-08,1866.40,0.00,130.65,2020-08-25
3945,131,2020-08,1826.05,0.00,127.82,2020-08-25
3946,132,2020-08,1519.65,0.00,106.38,2020-08-25
3947,136,2020-08,4901.07,0.00,343.07,2020-08-25
3948,137,2020-08,1653.33,0.00,115.73,2020-08-25
3949,138,2020-08,2904.81,0.00,203.34,2020-08-25
3950,139,2020-08,1516.74,0.00,106.17,2020-08-25
3951,140,2020-08,1727.01,0.00,120.89,2020-08-25
3952,141,2020-08,2307.37,0.00,161.52,2020-08-25
3953,143,2020-08,2074.49,0.00,145.21,2020-08-25
3954,144,2020-08,2155.33,0.00,150.87,2020-08-25
3955,146,2020-08,2718.42,0.00,190.29,2020-08-25
3956,147,2020-08,1699.79,0.00,118.99,2020-08-25
3957,148,2020-08,1811.44,0.00,126.80,2020-08-25
3958,149,2020-08,1601.82,0.00,112.13,2020-08-25
3959,150,2020-08,1841.60,0.00,128.91,2020-08-25
3960,151,2020-08,1664.13,0.00,116.49,2020-08-25
3961,152,2020-08,1584.48,0.00,110.91,2020-08-25
3962,156,2020-08,4553.52,0.00,318.75,2020-08-25
3963,157,2020-08,1905.81,0.00,133.41,2020-08-25
3964,158,2020-08,1700.36,0.00,119.03,2020-08-25
3965,159,2020-08,2004.35,0.00,140.30,2020-08-25
3966,160,2020-08,2802.44,0.00,196.17,2020-08-25
3967,161,2020-08,2129.20,0.00,149.04,2020-08-25
3968,162,2020-08,1492.84,0.00,104.50,2020-08-25
3969,163,2020-08,2008.90,0.00,140.62,2020-08-25
3970,164,2020-08,1842.60,0.00,128.98,2020-08-25
3971,165,2020-08,1601.23,0.00,112.09,2020-08-25
3972,166,2020-08,2986.45,0.00,209.05,2020-08-25
3973,168,2020-08,1734.14,0.00,121.39,2020-08-25
3974,169,2020-08,1834.61,0.00,128.42,2020-08-25
3975,171,2020-08,1503.64,0.00,105.25,2020-08-25
3976,172,2020-08,1783.07,0.00,124.81,2020-08-25
3977,176,2020-08,4517.10,0.00,316.20,2020-08-25
3978,177,2020-08,1703.87,0.00,119.27,2020-08-25
3979,178,2020-08,1761.77,0.00,123.32,2020-08-25
3980,179,2020-08,3079.65,0.00,215.58,2020-08-25
3981,180,2020-08,1796.01,0.00,125.72,2020-08-25
3982,181,2020-08,1513.51,0.00,105.95,2020-08-25
3983,183,2020-08,2143.13,0.00,150.02,2020-08-25
3984,184,2020-08,2251.05,0.00,157.57,2020-08-25
3985,185,2020-08,1696.68,0.00,118.77,2020-08-25
3986,186,2020-08,1729.65,0.00,121.08,2020-08-25
3987,191,2020-08,4820.72,0.00,337.45,2020-08-25
3988,192,2020-08,1875.00,0.00,131.25,2020-08-25
3989,193,2020-08,2261.71,0.00,158.32,2020-08-25
3990,194,2020-08,3010.19,0.00,210.71,2020-08-25
3991,195,2020-08,3142.10,0.00,219.95,2020-08-25
3992,196,2020-08,2152.22,0.00,150.66,2020-08-25
3993,197,2020-08,1782.11,0.00,124.75,2020-08-25
3994,198,2020-08,1815.04,0.00,127.05,2020-08-25
3995,199,2020-08,1553.24,0.00,108.73,2020-08-25
3996,200,2020-08,1682.59,0.00,117.78,2020-08-25
3997,201,2020-08,2008.52,0.00,140.60,2020-08-25
3998,202,2020-08,1751.72,0.00,122.62,2020-08-25
3999,203,2020-08,1767.26,0.00,123.71,2020-08-25
4000,204,2020-08,1801.52,0.00,126.11,2020-08-25
4001,205,2020-08,1766.66,0.00,123.67,2020-08-25
4002,206,2020-08,1611.95,0.00,112.84,2020-08-25
4003,207,2020-08,4322.49,0.00,302.57,2020-08-25
4004,209,2020-08,1587.78,0.00,111.14,2020-08-25
4005,210,2020-08,1939.46,0.00,135.76,2020-08-25
4006,211,2020-08,1511.80,0.00,105.83,2020-08-25
4007,212,2020-08,1582.91,0.00,110.80,2020-08-25
4008,213,2020-08,2135.53,0.00,149.49,2020-08-25
4009,214,2020-08,2209.73,0.00,154.68,2020-08-25
4010,215,2020-08,2801.30,0.00,196.09,2020-08-25
4011,216,2020-08,2783.27,0.00,194.83,2020-08-25
4012,217,2020-08,2035.88,0.00,142.51,2020-08-25
4013,218,2020-08,1615.61,0.00,113.09,2020-08-25
4014,219,2020-08,1765.43,0.00,123.58,2020-08-25
4015,220,2020-08,1559.89,0.00,109.19,2020-08-25
4016,225,2020-08,4633.35,0.00,324.33,2020-08-25
4017,226,2020-08,1820.99,0.00,127.47,2020-08-25
4018,227,2020-08,1724.30,0.00,120.70,2020-08-25
4019,228,2020-08,3074.68,0.00,215.23,2020-08-25
4020,229,2020-08,1610.89,0.00,112.76,2020-08-25
4021,230,2020-08,1516.09,0.00,106.13,2020-08-25
4022,231,2020-08,1974.49,0.00,138.21,2020-08-25
4023,232,2020-08,1502.75,0.00,105.19,2020-08-25
4024,233,2020-08,1663.20,0.00,116.42,2020-08-25
4025,234,2020-08,2294.45,0.00,160.61,2020-08-25
4026,235,2020-08,1576.49,0.00,110.35,2020-08-25
4027,236,2020-08,1839.12,0.00,128.74,2020-08-25
4028,237,2020-08,4780.97,0.00,334.67,2020-08-25
4029,238,2020-08,1939.85,0.00,135.79,2020-08-25
4030,239,2020-08,2896.96,0.00,202.79,2020-08-25
4031,240,2020-08,2252.90,0.00,157.70,2020-08-25
4032,241,2020-08,1618.39,0.00,113.29,2020-08-25
4033,242,2020-08,1787.83,0.00,125.15,2020-08-25
4034,243,2020-08,2248.64,0.00,157.40,2020-08-25
4035,244,2020-08,1601.34,0.00,112.09,2020-08-25
4036,1,2020-09,4600.38,0.00,322.03,2020-09-25
4037,2,2020-09,1530.69,0.00,107.15,2020-09-25
4038,3,2020-09,1565.60,0.00,109.59,2020-09-25
4039,4,2020-09,2171.41,0.00,152.00,2020-09-25
4040,5,2020-09,2026.29,0.00,141.84,2020-09-25
4041,6,2020-09,1598.78,0.00,111.91,2020-09-25
4042,7,2020-09,2770.08,0.00,193.91,2020-09-25
4043,8,2020-09,2350.52,0.00,164.54,2020-09-25
4044,9,2020-09,1609.20,0.00,112.64,2020-09-25
4045,10,2020-09,1642.86,0.00,115.00,2020-09-25
4046,11,2020-09,2804.21,0.00,196.29,2020-09-25
4047,12,2020-09,2008.56,0.00,140.60,2020-09-25
4048,13,2020-09,3124.53,0.00,218.72,2020-09-25
4049,14,2020-09,1937.32,0.00,135.61,2020-09-25
4050,15,2020-09,1732.53,0.00,121.28,2020-09-25
4051,16,2020-09,1792.90,0.00,125.50,2020-09-25
4052,17,2020-09,1632.51,0.00,114.28,2020-09-25
4053,19,2020-09,1599.23,0.00,111.95,2020-09-25
4054,20,2020-09,1557.25,0.00,109.01,2020-09-25
4055,21,2020-09,1708.44,0.00,119.59,2020-09-25
4056,22,2020-09,1886.71,0.00,132.07,2020-09-25
4057,23,2020-09,1741.12,0.00,121.88,2020-09-25
4058,28,2020-09,4384.73,0.00,306.93,2020-09-25
4059,29,2020-09,1587.03,0.00,111.09,2020-09-25
4060,30,2020-09,2709.09,0.00,189.64,2020-09-25
4061,31,2020-09,1800.55,0.00,126.04,2020-09-25
4062,32,2020-09,2314.35,0.00,162.00,2020-09-25
4063,33,2020-09,1764.02,0.00,123.48,2020-09-25
4064,35,2020-09,1712.69,0.00,119.89,2020-09-25
4065,36,2020-09,2030.16,0.00,142.11,2020-09-25
4066,37,2020-09,2797.36,0.00,195.82,2020-09-25
4067,39,2020-09,1792.30,0.00,125.46,2020-09-25
4068,40,2020-09,2085.85,0.00,146.01,2020-09-25
4069,41,2020-09,2034.24,0.00,142.40,2020-09-25
4070,42,2020-09,2361.98,0.00,165.34,2020-09-25
4071,43,2020-09,1551.12,0.00,108.58,2020-09-25
4072,44,2020-09,1653.95,0.00,115.78,2020-09-25
4073,45,2020-09,1540.44,0.00,107.83,2020-09-25
4074,46,2020-09,2728.25,0.00,190.98,2020-09-25
4075,47,2020-09,1737.01,0.00,121.59,2020-09-25
4076,49,2020-09,1717.97,0.00,120.26,2020-09-25
4077,50,2020-09,1665.01,0.00,116.55,2020-09-25
4078,51,2020-09,1830.87,0.00,128.16,2020-09-25
4079,52,2020-09,1729.65,0.00,121.08,2020-09-25
4080,60,2020-09,4881.12,0.00,341.68,2020-09-25
4081,61,2020-09,2168.37,0.00,151.79,2020-09-25
4082,62,2020-09,1800.95,0.00,126.07,2020-09-25
4083,63,2020-09,2215.75,0.00,155.10,2020-09-25
4084,64,2020-09,1664.35,0.00,116.50,2020-09-25
4085,65,2020-09,1838.95,0.00,128.73,2020-09-25
4086,66,2020-09,1756.58,0.00,122.96,2020-09-25
4087,67,2020-09,1978.01,0.00,138.46,2020-09-25
4088,68,2020-09,1744.87,0.00,122.14,2020-09-25
4089,70,2020-09,2336.02,0.00,163.52,2020-09-25
4090,71,2020-09,3072.39,0.00,215.07,2020-09-25
4091,72,2020-09,2772.98,0.00,194.11,2020-09-25
4092,73,2020-09,1784.49,0.00,124.91,2020-09-25
4093,74,2020-09,1744.16,0.00,122.09,2020-09-25
4094,75,2020-09,1755.20,0.00,122.86,2020-09-25
4095,76,2020-09,1852.26,0.00,129.66,2020-09-25
4096,77,2020-09,1831.05,0.00,128.17,2020-09-25
4097,78,2020-09,1875.39,0.00,131.28,2020-09-25
4098,82,2020-09,4920.68,0.00,344.45,2020-09-25
4099,83,2020-09,2842.00,0.00,198.94,2020-09-25
4100,84,2020-09,1633.80,0.00,114.37,2020-09-25
4101,85,2020-09,2855.45,0.00,199.88,2020-09-25
4102,86,2020-09,1541.05,0.00,107.87,2020-09-25
4103,87,2020-09,2148.16,0.00,150.37,2020-09-25
4104,88,2020-09,1591.47,0.00,111.40,2020-09-25
4105,89,2020-09,2239.11,0.00,156.74,2020-09-25
4106,90,2020-09,1839.90,0.00,128.79,2020-09-25
4107,91,2020-09,1765.24,0.00,123.57,2020-09-25
4108,92,2020-09,1907.36,0.00,133.52,2020-09-25
4109,93,2020-09,1571.88,0.00,110.03,2020-09-25
4110,94,2020-09,1965.63,0.00,137.59,2020-09-25
4111,95,2020-09,1631.37,0.00,114.20,2020-09-25
4112,96,2020-09,1653.60,0.00,115.75,2020-09-25
4113,97,2020-09,1530.21,0.00,107.11,2020-09-25
4114,100,2020-09,4873.61,0.00,341.15,2020-09-25
4115,101,2020-09,1639.21,0.00,114.74,2020-09-25
4116,102,2020-09,1632.59,0.00,114.28,2020-09-25
4117,103,2020-09,2832.37,0.00,198.27,2020-09-25
4118,105,2020-09,2219.36,0.00,155.36,2020-09-25
4119,107,2020-09,2726.87,0.00,190.88,2020-09-25
4120,108,2020-09,2124.47,0.00,148.71,2020-09-25
4121,109,2020-09,1601.78,0.00,112.12,2020-09-25
4122,110,2020-09,1742.06,0.00,121.94,2020-09-25
4123,111,2020-09,1581.85,0.00,110.73,2020-09-25
4124,112,2020-09,1695.15,0.00,118.66,2020-09-25
4125,115,2020-09,4498.34,0.00,314.88,2020-09-25
4126,116,2020-09,2286.03,0.00,160.02,2020-09-25
4127,117,2020-09,1576.00,0.00,110.32,2020-09-25
4128,118,2020-09,2838.62,0.00,198.70,2020-09-25
4129,119,2020-09,1652.99,0.00,115.71,2020-09-25
4130,120,2020-09,1546.05,0.00,108.22,2020-09-25
4131,121,2020-09,1800.98,0.00,126.07,2020-09-25
4132,122,2020-09,1640.37,0.00,114.83,2020-09-25
4133,123,2020-09,1613.59,0.00,112.95,2020-09-25
4134,124,2020-09,2146.03,0.00,150.22,2020-09-25
4135,125,2020-09,2296.58,0.00,160.76,2020-09-25
4136,126,2020-09,3138.23,0.00,219.68,2020-09-25
4137,127,2020-09,1606.68,0.00,112.47,2020-09-25
4138,128,2020-09,1536.08,0.00,107.53,2020-09-25
4139,130,2020-09,1876.00,0.00,131.32,2020-09-25
4140,131,2020-09,1828.51,0.00,128.00,2020-09-25
4141,132,2020-09,1527.23,0.00,106.91,2020-09-25
4142,136,2020-09,4921.05,0.00,344.47,2020-09-25
4143,137,2020-09,1645.46,0.00,115.18,2020-09-25
4144,138,2020-09,2896.89,0.00,202.78,2020-09-25
4145,139,2020-09,1507.30,0.00,105.51,2020-09-25
4146,140,2020-09,1737.02,0.00,121.59,2020-09-25
4147,141,2020-09,2319.40,0.00,162.36,2020-09-25
4148,143,2020-09,2074.54,0.00,145.22,2020-09-25
4149,144,2020-09,2150.02,0.00,150.50,2020-09-25
4150,146,2020-09,2744.02,0.00,192.08,2020-09-25
4151,147,2020-09,1688.52,0.00,118.20,2020-09-25
4152,148,2020-09,1810.83,0.00,126.76,2020-09-25
4153,149,2020-09,1590.90,0.00,111.36,2020-09-25
4154,150,2020-09,1842.26,0.00,128.96,2020-09-25
4155,151,2020-09,1673.24,0.00,117.13,2020-09-25
4156,152,2020-09,1586.62,0.00,111.06,2020-09-25
4157,156,2020-09,4566.79,0.00,319.68,2020-09-25
4158,157,2020-09,1897.66,0.00,132.84,2020-09-25
4159,158,2020-09,1701.09,0.00,119.08,2020-09-25
4160,159,2020-09,1993.99,0.00,139.58,2020-09-25
4161,160,2020-09,2795.90,0.00,195.71,2020-09-25
4162,161,2020-09,2122.21,0.00,148.55,2020-09-25
4163,162,2020-09,1493.90,0.00,104.57,2020-09-25
4164,163,2020-09,2005.41,0.00,140.38,2020-09-25
4165,164,2020-09,1843.18,0.00,129.02,2020-09-25
4166,165,2020-09,1606.73,0.00,112.47,2020-09-25
4167,166,2020-09,2993.81,0.00,209.57,2020-09-25
4168,168,2020-09,1736.96,0.00,121.59,2020-09-25
4169,169,2020-09,1835.58,0.00,128.49,2020-09-25
4170,171,2020-09,1503.88,0.00,105.27,2020-09-25
4171,172,2020-09,1782.50,0.00,124.78,2020-09-25
4172,176,2020-09,4508.55,0.00,315.60,2020-09-25
4173,177,2020-09,1712.46,0.00,119.87,2020-09-25
4174,178,2020-09,1765.37,0.00,123.58,2020-09-25
4175,179,2020-09,3084.78,0.00,215.93,2020-09-25
4176,180,2020-09,1793.51,0.00,125.55,2020-09-25
4177,181,2020-09,1514.41,0.00,106.01,2020-09-25
4178,183,2020-09,2136.04,0.00,149.52,2020-09-25
4179,184,2020-09,2236.11,0.00,156.53,2020-09-25
4180,185,2020-09,1705.50,0.00,119.39,2020-09-25
4181,186,2020-09,1729.01,0.00,121.03,2020-09-25
4182,191,2020-09,4837.90,0.00,338.65,2020-09-25
4183,192,2020-09,1888.49,0.00,132.19,2020-09-25
4184,193,2020-09,2262.66,0.00,158.39,2020-09-25
4185,194,2020-09,2984.41,0.00,208.91,2020-09-25
4186,195,2020-09,3146.90,0.00,220.28,2020-09-25
4187,196,2020-09,2158.44,0.00,151.09,2020-09-25
4188,197,2020-09,1778.49,0.00,124.49,2020-09-25
4189,198,2020-09,1808.14,0.00,126.57,2020-09-25
4190,199,2020-09,1561.55,0.00,109.31,2020-09-25
4191,200,2020-09,1680.80,0.00,117.66,2020-09-25
4192,201,2020-09,2008.59,0.00,140.60,2020-09-25
4193,202,2020-09,1739.11,0.00,121.74,2020-09-25
4194,203,2020-09,1772.43,0.00,124.07,2020-09-25
4195,204,2020-09,1792.47,0.00,125.47,2020-09-25
4196,205,2020-09,1778.94,0.00,124.53,2020-09-25
4197,206,2020-09,1610.87,0.00,112.76,2020-09-25
4198,207,2020-09,4328.90,0.00,303.02,2020-09-25
4199,209,2020-09,1594.24,0.00,111.60,2020-09-25
4200,210,2020-09,1937.22,0.00,135.61,2020-09-25
4201,211,2020-09,1505.96,0.00,105.42,2020-09-25
4202,212,2020-09,1589.63,0.00,111.27,2020-09-25
4203,213,2020-09,2131.72,0.00,149.22,2020-09-25
4204,214,2020-09,2201.59,0.00,154.11,2020-09-25
4205,215,2020-09,2782.63,0.00,194.78,2020-09-25
4206,216,2020-09,2793.77,0.00,195.56,2020-09-25
4207,217,2020-09,2032.98,0.00,142.31,2020-09-25
4208,218,2020-09,1619.30,0.00,113.35,2020-09-25
4209,219,2020-09,1767.43,0.00,123.72,2020-09-25
4210,220,2020-09,1573.48,0.00,110.14,2020-09-25
4211,225,2020-09,4632.64,0.00,324.28,2020-09-25
4212,226,2020-09,1807.13,0.00,126.50,2020-09-25
4213,227,2020-09,1731.71,0.00,121.22,2020-09-25
4214,228,2020-09,3091.89,0.00,216.43,2020-09-25
4215,229,2020-09,1613.85,0.00,112.97,2020-09-25
4216,230,2020-09,1508.63,0.00,105.60,2020-09-25
4217,231,2020-09,1978.51,0.00,138.50,2020-09-25
4218,232,2020-09,1510.99,0.00,105.77,2020-09-25
4219,233,2020-09,1653.04,0.00,115.71,2020-09-25
4220,234,2020-09,2283.38,0.00,159.84,2020-09-25
4221,235,2020-09,1578.95,0.00,110.53,2020-09-25
4222,236,2020-09,1840.10,0.00,128.81,2020-09-25
4223,237,2020-09,4814.64,0.00,337.02,2020-09-25
4224,238,2020-09,1926.33,0.00,134.84,2020-09-25
4225,239,2020-09,2892.83,0.00,202.50,2020-09-25
4226,240,2020-09,2255.34,0.00,157.87,2020-09-25
4227,241,2020-09,1621.93,0.00,113.54,2020-09-25
4228,242,2020-09,1793.60,0.00,125.55,2020-09-25
4229,243,2020-09,2245.35,0.00,157.17,2020-09-25
4230,244,2020-09,1603.77,0.00,112.26,2020-09-25
4231,1,2020-10,4616.54,0.00,323.16,2020-10-25
4232,2,2020-10,1538.58,0.00,107.70,2020-10-25
4233,3,2020-10,1563.28,0.00,109.43,2020-10-25
4234,4,2020-10,2168.35,0.00,151.78,2020-10-25
4235,5,2020-10,2026.56,0.00,141.86,2020-10-25
4236,6,2020-10,1590.47,0.00,111.33,2020-10-25
4237,7,2020-10,2762.94,0.00,193.41,2020-10-25
4238,8,2020-10,2350.44,0.00,164.53,2020-10-25
4239,9,2020-10,1607.46,0.00,112.52,2020-10-25
4240,10,2020-10,1654.51,0.00,115.82,2020-10-25
4241,11,2020-10,2784.85,0.00,194.94,2020-10-25
4242,12,2020-10,2004.57,0.00,140.32,2020-10-25
4243,13,2020-10,3135.70,0.00,219.50,2020-10-25
4244,14,2020-10,1942.36,0.00,135.97,2020-10-25
4245,15,2020-10,1725.25,0.00,120.77,2020-10-25
4246,16,2020-10,1788.43,0.00,125.19,2020-10-25
4247,17,2020-10,1630.99,0.00,114.17,2020-10-25
4248,19,2020-10,1600.25,0.00,112.02,2020-10-25
4249,20,2020-10,1562.21,0.00,109.35,2020-10-25
4250,21,2020-10,1700.47,0.00,119.03,2020-10-25
4251,22,2020-10,1868.87,0.00,130.82,2020-10-25
4252,23,2020-10,1749.03,0.00,122.43,2020-10-25
4253,28,2020-10,4416.42,0.00,309.15,2020-10-25
4254,29,2020-10,1578.10,0.00,110.47,2020-10-25
4255,30,2020-10,2696.44,0.00,188.75,2020-10-25
4256,31,2020-10,1807.59,0.00,126.53,2020-10-25
4257,32,2020-10,2310.56,0.00,161.74,2020-10-25
4258,33,2020-10,1766.60,0.00,123.66,2020-10-25
4259,35,2020-10,1720.13,0.00,120.41,2020-10-25
4260,36,2020-10,2025.87,0.00,141.81,2020-10-25
4261,37,2020-10,2782.76,0.00,194.79,2020-10-25
4262,39,2020-10,1788.59,0.00,125.20,2020-10-25
4263,40,2020-10,2077.81,0.00,145.45,2020-10-25
4264,41,2020-10,2047.86,0.00,143.35,2020-10-25
4265,42,2020-10,2353.82,0.00,164.77,2020-10-25
4266,43,2020-10,1551.39,0.00,108.60,2020-10-25
4267,44,2020-10,1642.29,0.00,114.96,2020-10-25
4268,45,2020-10,1532.12,0.00,107.25,2020-10-25
4269,46,2020-10,2710.76,0.00,189.75,2020-10-25
4270,47,2020-10,1735.70,0.00,121.50,2020-10-25
4271,49,2020-10,1713.37,0.00,119.94,2020-10-25
4272,50,2020-10,1660.01,0.00,116.20,2020-10-25
4273,51,2020-10,1825.60,0.00,127.79,2020-10-25
4274,52,2020-10,1724.73,0.00,120.73,2020-10-25
4275,60,2020-10,4867.73,0.00,340.74,2020-10-25
4276,61,2020-10,2165.92,0.00,151.61,2020-10-25
4277,62,2020-10,1813.16,0.00,126.92,2020-10-25
4278,63,2020-10,2219.25,0.00,155.35,2020-10-25
4279,64,2020-10,1662.66,0.00,116.39,2020-10-25
4280,65,2020-10,1849.44,0.00,129.46,2020-10-25
4281,66,2020-10,1761.95,0.00,123.34,2020-10-25
4282,67,2020-10,1975.33,0.00,138.27,2020-10-25
4283,68,2020-10,1750.37,0.00,122.53,2020-10-25
4284,70,2020-10,2332.87,0.00,163.30,2020-10-25
4285,71,2020-10,3066.23,0.00,214.64,2020-10-25
4286,72,2020-10,2762.01,0.00,193.34,2020-10-25
4287,73,2020-10,1778.80,0.00,124.52,2020-10-25
4288,74,2020-10,1742.32,0.00,121.96,2020-10-25
4289,75,2020-10,1739.61,0.00,121.77,2020-10-25
4290,76,2020-10,1859.53,0.00,130.17,2020-10-25
4291,77,2020-10,1826.23,0.00,127.84,2020-10-25
4292,78,2020-10,1871.35,0.00,130.99,2020-10-25
4293,82,2020-10,4894.74,0.00,342.63,2020-10-25
4294,83,2020-10,2853.55,0.00,199.75,2020-10-25
4295,84,2020-10,1643.48,0.00,115.04,2020-10-25
4296,85,2020-10,2871.01,0.00,200.97,2020-10-25
4297,86,2020-10,1553.94,0.00,108.78,2020-10-25
4298,87,2020-10,2153.63,0.00,150.75,2020-10-25
4299,88,2020-10,1587.53,0.00,111.13,2020-10-25
4300,89,2020-10,2234.62,0.00,156.42,2020-10-25
4301,90,2020-10,1835.00,0.00,128.45,2020-10-25
4302,91,2020-10,1761.20,0.00,123.28,2020-10-25
4303,92,2020-10,1893.80,0.00,132.57,2020-10-25
4304,93,2020-10,1563.15,0.00,109.42,2020-10-25
4305,94,2020-10,1954.99,0.00,136.85,2020-10-25
4306,95,2020-10,1640.70,0.00,114.85,2020-10-25
4307,96,2020-10,1655.83,0.00,115.91,2020-10-25
4308,97,2020-10,1522.19,0.00,106.55,2020-10-25
4309,100,2020-10,4885.91,0.00,342.01,2020-10-25
4310,101,2020-10,1638.22,0.00,114.68,2020-10-25
4311,102,2020-10,1619.79,0.00,113.39,2020-10-25
4312,103,2020-10,2816.13,0.00,197.13,2020-10-25
4313,105,2020-10,2237.35,0.00,156.61,2020-10-25
4314,107,2020-10,2717.74,0.00,190.24,2020-10-25
4315,108,2020-10,2119.82,0.00,148.39,2020-10-25
4316,109,2020-10,1590.92,0.00,111.36,2020-10-25
4317,110,2020-10,1744.52,0.00,122.12,2020-10-25
4318,111,2020-10,1584.43,0.00,110.91,2020-10-25
4319,112,2020-10,1707.07,0.00,119.49,2020-10-25
4320,115,2020-10,4498.37,0.00,314.89,2020-10-25
4321,116,2020-10,2277.18,0.00,159.40,2020-10-25
4322,117,2020-10,1588.46,0.00,111.19,2020-10-25
4323,118,2020-10,2820.42,0.00,197.43,2020-10-25
4324,119,2020-10,1663.56,0.00,116.45,2020-10-25
4325,120,2020-10,1547.58,0.00,108.33,2020-10-25
4326,121,2020-10,1815.82,0.00,127.11,2020-10-25
4327,122,2020-10,1649.27,0.00,115.45,2020-10-25
4328,123,2020-10,1619.39,0.00,113.36,2020-10-25
4329,124,2020-10,2150.05,0.00,150.50,2020-10-25
4330,125,2020-10,2291.46,0.00,160.40,2020-10-25
4331,126,2020-10,3160.57,0.00,221.24,2020-10-25
4332,127,2020-10,1606.94,0.00,112.49,2020-10-25
4333,128,2020-10,1539.66,0.00,107.78,2020-10-25
4334,130,2020-10,1865.12,0.00,130.56,2020-10-25
4335,131,2020-10,1818.58,0.00,127.30,2020-10-25
4336,132,2020-10,1523.33,0.00,106.63,2020-10-25
4337,136,2020-10,4937.35,0.00,345.61,2020-10-25
4338,137,2020-10,1640.79,0.00,114.86,2020-10-25
4339,138,2020-10,2909.86,0.00,203.69,2020-10-25
4340,139,2020-10,1518.65,0.00,106.31,2020-10-25
4341,140,2020-10,1742.04,0.00,121.94,2020-10-25
4342,141,2020-10,2308.55,0.00,161.60,2020-10-25
4343,143,2020-10,2062.45,0.00,144.37,2020-10-25
4344,144,2020-10,2161.04,0.00,151.27,2020-10-25
4345,146,2020-10,2739.75,0.00,191.78,2020-10-25
4346,147,2020-10,1689.07,0.00,118.23,2020-10-25
4347,148,2020-10,1823.49,0.00,127.64,2020-10-25
4348,149,2020-10,1593.06,0.00,111.51,2020-10-25
4349,150,2020-10,1846.90,0.00,129.28,2020-10-25
4350,151,2020-10,1673.63,0.00,117.15,2020-10-25
4351,152,2020-10,1582.27,0.00,110.76,2020-10-25
4352,156,2020-10,4579.94,0.00,320.60,2020-10-25
4353,157,2020-10,1903.28,0.00,133.23,2020-10-25
4354,158,2020-10,1701.39,0.00,119.10,2020-10-25
4355,159,2020-10,2003.71,0.00,140.26,2020-10-25
4356,160,2020-10,2784.38,0.00,194.91,2020-10-25
4357,161,2020-10,2135.72,0.00,149.50,2020-10-25
4358,162,2020-10,1489.35,0.00,104.25,2020-10-25
4359,163,2020-10,2017.48,0.00,141.22,2020-10-25
4360,164,2020-10,1839.26,0.00,128.75,2020-10-25
4361,165,2020-10,1603.56,0.00,112.25,2020-10-25
4362,166,2020-10,2996.99,0.00,209.79,2020-10-25
4363,168,2020-10,1733.02,0.00,121.31,2020-10-25
4364,169,2020-10,1835.70,0.00,128.50,2020-10-25
4365,171,2020-10,1507.45,0.00,105.52,2020-10-25
4366,172,2020-10,1786.30,0.00,125.04,2020-10-25
4367,176,2020-10,4526.62,0.00,316.86,2020-10-25
4368,177,2020-10,1702.94,0.00,119.21,2020-10-25
4369,178,2020-10,1768.49,0.00,123.79,2020-10-25
4370,179,2020-10,3076.49,0.00,215.35,2020-10-25
4371,180,2020-10,1788.15,0.00,125.17,2020-10-25
4372,181,2020-10,1517.93,0.00,106.26,2020-10-25
4373,183,2020-10,2138.55,0.00,149.70,2020-10-25
4374,184,2020-10,2257.21,0.00,158.00,2020-10-25
4375,185,2020-10,1702.02,0.00,119.14,2020-10-25
4376,186,2020-10,1717.16,0.00,120.20,2020-10-25
4377,191,2020-10,4825.93,0.00,337.82,2020-10-25
4378,192,2020-10,1882.39,0.00,131.77,2020-10-25
4379,193,2020-10,2257.72,0.00,158.04,2020-10-25
4380,194,2020-10,2997.82,0.00,209.85,2020-10-25
4381,195,2020-10,3147.56,0.00,220.33,2020-10-25
4382,196,2020-10,2157.73,0.00,151.04,2020-10-25
4383,197,2020-10,1784.52,0.00,124.92,2020-10-25
4384,198,2020-10,1823.45,0.00,127.64,2020-10-25
4385,199,2020-10,1548.67,0.00,108.41,2020-10-25
4386,200,2020-10,1688.54,0.00,118.20,2020-10-25
4387,201,2020-10,1998.34,0.00,139.88,2020-10-25
4388,202,2020-10,1746.95,0.00,122.29,2020-10-25
4389,203,2020-10,1778.16,0.00,124.47,2020-10-25
4390,204,2020-10,1785.42,0.00,124.98,2020-10-25
4391,205,2020-10,1777.13,0.00,124.40,2020-10-25
4392,206,2020-10,1605.39,0.00,112.38,2020-10-25
4393,207,2020-10,4334.40,0.00,303.41,2020-10-25
4394,209,2020-10,1595.91,0.00,111.71,2020-10-25
4395,210,2020-10,1932.44,0.00,135.27,2020-10-25
4396,211,2020-10,1517.70,0.00,106.24,2020-10-25
4397,212,2020-10,1575.58,0.00,110.29,2020-10-25
4398,213,2020-10,2126.97,0.00,148.89,2020-10-25
4399,214,2020-10,2207.45,0.00,154.52,2020-10-25
4400,215,2020-10,2792.34,0.00,195.46,2020-10-25
4401,216,2020-10,2808.54,0.00,196.60,2020-10-25
4402,217,2020-10,2027.59,0.00,141.93,2020-10-25
4403,218,2020-10,1619.50,0.00,113.37,2020-10-25
4404,219,2020-10,1772.60,0.00,124.08,2020-10-25
4405,220,2020-10,1568.63,0.00,109.80,2020-10-25
4406,225,2020-10,4646.46,0.00,325.25,2020-10-25
4407,226,2020-10,1807.17,0.00,126.50,2020-10-25
4408,227,2020-10,1724.22,0.00,120.70,2020-10-25
4409,228,2020-10,3095.00,0.00,216.65,2020-10-25
4410,229,2020-10,1616.60,0.00,113.16,2020-10-25
4411,230,2020-10,1520.05,0.00,106.40,2020-10-25
4412,231,2020-10,1966.47,0.00,137.65,2020-10-25
4413,232,2020-10,1511.19,0.00,105.78,2020-10-25
4414,233,2020-10,1665.85,0.00,116.61,2020-10-25
4415,234,2020-10,2294.66,0.00,160.63,2020-10-25
4416,235,2020-10,1570.31,0.00,109.92,2020-10-25
4417,236,2020-10,1854.86,0.00,129.84,2020-10-25
4418,237,2020-10,4797.15,0.00,335.80,2020-10-25
4419,238,2020-10,1932.22,0.00,135.26,2020-10-25
4420,239,2020-10,2911.07,0.00,203.77,2020-10-25
4421,240,2020-10,2255.99,0.00,157.92,2020-10-25
4422,241,2020-10,1622.92,0.00,113.60,2020-10-25
4423,242,2020-10,1787.68,0.00,125.14,2020-10-25
4424,243,2020-10,2248.16,0.00,157.37,2020-10-25
4425,244,2020-10,1600.14,0.00,112.01,2020-10-25
4426,1,2020-11,4626.91,0.00,323.88,2020-11-25
4427,2,2020-11,1532.90,0.00,107.30,2020-11-25
4428,3,2020-11,1569.23,0.00,109.85,2020-11-25
4429,4,2020-11,2161.00,0.00,151.27,2020-11-25
4430,5,2020-11,2020.54,0.00,141.44,2020-11-25
4431,6,2020-11,1591.62,0.00,111.41,2020-11-25
4432,7,2020-11,2778.20,0.00,194.47,2020-11-25
4433,8,2020-11,2348.05,0.00,164.36,2020-11-25
4434,9,2020-11,1607.09,0.00,112.50,2020-11-25
4435,10,2020-11,1647.03,0.00,115.29,2020-11-25
4436,11,2020-11,2805.63,0.00,196.39,2020-11-25
4437,12,2020-11,2007.57,0.00,140.53,2020-11-25
4438,13,2020-11,3121.30,0.00,218.49,2020-11-25
4439,14,2020-11,1939.95,0.00,135.80,2020-11-25
4440,15,2020-11,1731.38,0.00,121.20,2020-11-25
4441,16,2020-11,1788.26,0.00,125.18,2020-11-25
4442,17,2020-11,1635.57,0.00,114.49,2020-11-25
4443,19,2020-11,1603.94,0.00,112.28,2020-11-25
4444,20,2020-11,1559.81,0.00,109.19,2020-11-25
4445,21,2020-11,1708.57,0.00,119.60,2020-11-25
4446,22,2020-11,1877.97,0.00,131.46,2020-11-25
4447,23,2020-11,1741.10,0.00,121.88,2020-11-25
4448,28,2020-11,4396.04,0.00,307.72,2020-11-25
4449,29,2020-11,1577.07,0.00,110.39,2020-11-25
4450,30,2020-11,2702.68,0.00,189.19,2020-11-25
4451,31,2020-11,1807.61,0.00,126.53,2020-11-25
4452,32,2020-11,2307.12,0.00,161.50,2020-11-25
4453,33,2020-11,1763.65,0.00,123.46,2020-11-25
4454,35,2020-11,1716.98,0.00,120.19,2020-11-25
4455,36,2020-11,2026.44,0.00,141.85,2020-11-25
4456,37,2020-11,2787.24,0.00,195.11,2020-11-25
4457,39,2020-11,1797.71,0.00,125.84,2020-11-25
4458,40,2020-11,2075.38,0.00,145.28,2020-11-25
4459,41,2020-11,2041.34,0.00,142.89,2020-11-25
4460,42,2020-11,2354.33,0.00,164.80,2020-11-25
4461,43,2020-11,1554.14,0.00,108.79,2020-11-25
4462,44,2020-11,1640.98,0.00,114.87,2020-11-25
4463,45,2020-11,1543.24,0.00,108.03,2020-11-25
4464,46,2020-11,2720.52,0.00,190.44,2020-11-25
4465,47,2020-11,1731.69,0.00,121.22,2020-11-25
4466,49,2020-11,1708.98,0.00,119.63,2020-11-25
4467,50,2020-11,1659.33,0.00,116.15,2020-11-25
4468,51,2020-11,1825.65,0.00,127.80,2020-11-25
4469,52,2020-11,1718.95,0.00,120.33,2020-11-25
4470,60,2020-11,4849.02,0.00,339.43,2020-11-25
4471,61,2020-11,2172.77,0.00,152.09,2020-11-25
4472,62,2020-11,1800.97,0.00,126.07,2020-11-25
4473,63,2020-11,2223.83,0.00,155.67,2020-11-25
4474,64,2020-11,1661.72,0.00,116.32,2020-11-25
4475,65,2020-11,1834.03,0.00,128.38,2020-11-25
4476,66,2020-11,1762.01,0.00,123.34,2020-11-25
4477,67,2020-11,1991.25,0.00,139.39,2020-11-25
4478,68,2020-11,1755.12,0.00,122.86,2020-11-25
4479,70,2020-11,2336.08,0.00,163.53,2020-11-25
4480,71,2020-11,3067.10,0.00,214.70,2020-11-25
4481,72,2020-11,2769.22,0.00,193.85,2020-11-25
4482,73,2020-11,1788.12,0.00,125.17,2020-11-25
4483,74,2020-11,1741.08,0.00,121.88,2020-11-25
4484,75,2020-11,1742.90,0.00,122.00,2020-11-25
4485,76,2020-11,1855.96,0.00,129.92,2020-11-25
4486,77,2020-11,1830.33,0.00,128.12,2020-11-25
4487,78,2020-11,1873.53,0.00,131.15,2020-11-25
4488,82,2020-11,4924.04,0.00,344.68,2020-11-25
4489,83,2020-11,2833.70,0.00,198.36,2020-11-25
4490,84,2020-11,1641.88,0.00,114.93,2020-11-25
4491,85,2020-11,2864.27,0.00,200.50,2020-11-25
4492,86,2020-11,1541.68,0.00,107.92,2020-11-25
4493,87,2020-11,2138.30,0.00,149.68,2020-11-25
4494,88,2020-11,1590.45,0.00,111.33,2020-11-25
4495,89,2020-11,2248.48,0.00,157.39,2020-11-25
4496,90,2020-11,1835.57,0.00,128.49,2020-11-25
4497,91,2020-11,1767.41,0.00,123.72,2020-11-25
4498,92,2020-11,1897.42,0.00,132.82,2020-11-25
4499,93,2020-11,1565.13,0.00,109.56,2020-11-25
4500,94,2020-11,1956.03,0.00,136.92,2020-11-25
4501,95,2020-11,1632.05,0.00,114.24,2020-11-25
4502,96,2020-11,1664.46,0.00,116.51,2020-11-25
4503,97,2020-11,1523.23,0.00,106.63,2020-11-25
4504,100,2020-11,4889.68,0.00,342.28,2020-11-25
4505,101,2020-11,1644.38,0.00,115.11,2020-11-25
4506,102,2020-11,1626.92,0.00,113.88,2020-11-25
4507,103,2020-11,2827.07,0.00,197.89,2020-11-25
4508,105,2020-11,2220.21,0.00,155.41,2020-11-25
4509,107,2020-11,2723.89,0.00,190.67,2020-11-25
4510,108,2020-11,2110.67,0.00,147.75,2020-11-25
4511,109,2020-11,1595.60,0.00,111.69,2020-11-25
4512,110,2020-11,1743.05,0.00,122.01,2020-11-25
4513,111,2020-11,1573.15,0.00,110.12,2020-11-25
4514,112,2020-11,1711.82,0.00,119.83,2020-11-25
4515,115,2020-11,4485.04,0.00,313.95,2020-11-25
4516,116,2020-11,2274.88,0.00,159.24,2020-11-25
4517,117,2020-11,1581.97,0.00,110.74,2020-11-25
4518,118,2020-11,2823.01,0.00,197.61,2020-11-25
4519,119,2020-11,1662.63,0.00,116.38,2020-11-25
4520,120,2020-11,1556.43,0.00,108.95,2020-11-25
4521,121,2020-11,1809.46,0.00,126.66,2020-11-25
4522,122,2020-11,1654.24,0.00,115.80,2020-11-25
4523,123,2020-11,1624.14,0.00,113.69,2020-11-25
4524,124,2020-11,2158.01,0.00,151.06,2020-11-25
4525,125,2020-11,2289.17,0.00,160.24,2020-11-25
4526,126,2020-11,3138.90,0.00,219.72,2020-11-25
4527,127,2020-11,1593.50,0.00,111.55,2020-11-25
4528,128,2020-11,1530.76,0.00,107.15,2020-11-25
4529,130,2020-11,1876.02,0.00,131.32,2020-11-25
4530,131,2020-11,1821.34,0.00,127.49,2020-11-25
4531,132,2020-11,1525.09,0.00,106.76,2020-11-25
4532,136,2020-11,4933.57,0.00,345.35,2020-11-25
4533,137,2020-11,1649.02,0.00,115.43,2020-11-25
4534,138,2020-11,2916.23,0.00,204.14,2020-11-25
4535,139,2020-11,1507.22,0.00,105.51,2020-11-25
4536,140,2020-11,1737.45,0.00,121.62,2020-11-25
4537,141,2020-11,2303.69,0.00,161.26,2020-11-25
4538,143,2020-11,2070.47,0.00,144.93,2020-11-25
4539,144,2020-11,2159.94,0.00,151.20,2020-11-25
4540,146,2020-11,2723.48,0.00,190.64,2020-11-25
4541,147,2020-11,1685.28,0.00,117.97,2020-11-25
4542,148,2020-11,1812.08,0.00,126.85,2020-11-25
4543,149,2020-11,1599.25,0.00,111.95,2020-11-25
4544,150,2020-11,1849.07,0.00,129.43,2020-11-25
4545,151,2020-11,1676.92,0.00,117.38,2020-11-25
4546,152,2020-11,1585.24,0.00,110.97,2020-11-25
4547,156,2020-11,4559.14,0.00,319.14,2020-11-25
4548,157,2020-11,1911.69,0.00,133.82,2020-11-25
4549,158,2020-11,1703.52,0.00,119.25,2020-11-25
4550,159,2020-11,1992.59,0.00,139.48,2020-11-25
4551,160,2020-11,2785.65,0.00,195.00,2020-11-25
4552,161,2020-11,2127.18,0.00,148.90,2020-11-25
4553,162,2020-11,1501.37,0.00,105.10,2020-11-25
4554,163,2020-11,2008.57,0.00,140.60,2020-11-25
4555,164,2020-11,1849.19,0.00,129.44,2020-11-25
4556,165,2020-11,1611.88,0.00,112.83,2020-11-25
4557,166,2020-11,3008.08,0.00,210.57,2020-11-25
4558,168,2020-11,1744.01,0.00,122.08,2020-11-25
4559,169,2020-11,1843.59,0.00,129.05,2020-11-25
4560,171,2020-11,1503.52,0.00,105.25,2020-11-25
4561,172,2020-11,1778.51,0.00,124.50,2020-11-25
4562,176,2020-11,4508.00,0.00,315.56,2020-11-25
4563,177,2020-11,1711.56,0.00,119.81,2020-11-25
4564,178,2020-11,1764.01,0.00,123.48,2020-11-25
4565,179,2020-11,3088.83,0.00,216.22,2020-11-25
4566,180,2020-11,1784.14,0.00,124.89,2020-11-25
4567,181,2020-11,1512.60,0.00,105.88,2020-11-25
4568,183,2020-11,2140.40,0.00,149.83,2020-11-25
4569,184,2020-11,2238.83,0.00,156.72,2020-11-25
4570,185,2020-11,1697.38,0.00,118.82,2020-11-25
4571,186,2020-11,1720.46,0.00,120.43,2020-11-25
4572,191,2020-11,4837.02,0.00,338.59,2020-11-25
4573,192,2020-11,1876.24,0.00,131.34,2020-11-25
4574,193,2020-11,2266.18,0.00,158.63,2020-11-25
4575,194,2020-11,3010.18,0.00,210.71,2020-11-25
4576,195,2020-11,3120.95,0.00,218.47,2020-11-25
4577,196,2020-11,2150.07,0.00,150.50,2020-11-25
4578,197,2020-11,1775.79,0.00,124.31,2020-11-25
4579,198,2020-11,1811.64,0.00,126.81,2020-11-25
4580,199,2020-11,1563.44,0.00,109.44,2020-11-25
4581,200,2020-11,1687.28,0.00,118.11,2020-11-25
4582,201,2020-11,1995.77,0.00,139.70,2020-11-25
4583,202,2020-11,1749.54,0.00,122.47,2020-11-25
4584,203,2020-11,1772.81,0.00,124.10,2020-11-25
4585,204,2020-11,1800.26,0.00,126.02,2020-11-25
4586,205,2020-11,1774.43,0.00,124.21,2020-11-25
4587,206,2020-11,1609.16,0.00,112.64,2020-11-25
4588,207,2020-11,4312.92,0.00,301.90,2020-11-25
4589,209,2020-11,1587.55,0.00,111.13,2020-11-25
4590,210,2020-11,1927.78,0.00,134.94,2020-11-25
4591,211,2020-11,1518.91,0.00,106.32,2020-11-25
4592,212,2020-11,1575.71,0.00,110.30,2020-11-25
4593,213,2020-11,2137.53,0.00,149.63,2020-11-25
4594,214,2020-11,2193.82,0.00,153.57,2020-11-25
4595,215,2020-11,2802.61,0.00,196.18,2020-11-25
4596,216,2020-11,2793.84,0.00,195.57,2020-11-25
4597,217,2020-11,2030.88,0.00,142.16,2020-11-25
4598,218,2020-11,1623.59,0.00,113.65,2020-11-25
4599,219,2020-11,1767.61,0.00,123.73,2020-11-25
4600,220,2020-11,1572.00,0.00,110.04,2020-11-25
4601,225,2020-11,4631.90,0.00,324.23,2020-11-25
4602,226,2020-11,1805.45,0.00,126.38,2020-11-25
4603,227,2020-11,1738.66,0.00,121.71,2020-11-25
4604,228,2020-11,3098.38,0.00,216.89,2020-11-25
4605,229,2020-11,1615.25,0.00,113.07,2020-11-25
4606,230,2020-11,1513.81,0.00,105.97,2020-11-25
4607,231,2020-11,1964.82,0.00,137.54,2020-11-25
4608,232,2020-11,1512.50,0.00,105.88,2020-11-25
4609,233,2020-11,1659.86,0.00,116.19,2020-11-25
4610,234,2020-11,2281.87,0.00,159.73,2020-11-25
4611,235,2020-11,1574.75,0.00,110.23,2020-11-25
4612,236,2020-11,1850.29,0.00,129.52,2020-11-25
4613,237,2020-11,4813.76,0.00,336.96,2020-11-25
4614,238,2020-11,1937.69,0.00,135.64,2020-11-25
4615,239,2020-11,2894.03,0.00,202.58,2020-11-25
4616,240,2020-11,2239.11,0.00,156.74,2020-11-25
4617,241,2020-11,1620.60,0.00,113.44,2020-11-25
4618,242,2020-11,1791.06,0.00,125.37,2020-11-25
4619,243,2020-11,2238.87,0.00,156.72,2020-11-25
4620,244,2020-11,1605.46,0.00,112.38,2020-11-25
4621,1,2020-12,4592.22,2296.11,321.46,2020-12-25
4622,2,2020-12,1523.72,761.86,106.66,2020-12-25
4623,3,2020-12,1569.07,784.53,109.83,2020-12-25
4624,4,2020-12,2158.49,1079.24,151.09,2020-12-25
4625,5,2020-12,2026.12,1013.06,141.83,2020-12-25
4626,6,2020-12,1588.52,794.26,111.20,2020-12-25
4627,7,2020-12,2771.61,1385.81,194.01,2020-12-25
4628,8,2020-12,2362.42,1181.21,165.37,2020-12-25
4629,9,2020-12,1612.86,806.43,112.90,2020-12-25
4630,10,2020-12,1648.24,824.12,115.38,2020-12-25
4631,11,2020-12,2807.45,1403.72,196.52,2020-12-25
4632,12,2020-12,2010.63,1005.32,140.74,2020-12-25
4633,13,2020-12,3105.31,1552.65,217.37,2020-12-25
4634,14,2020-12,1944.23,972.12,136.10,2020-12-25
4635,15,2020-12,1735.65,867.83,121.50,2020-12-25
4636,16,2020-12,1804.38,902.19,126.31,2020-12-25
4637,17,2020-12,1625.18,812.59,113.76,2020-12-25
4638,19,2020-12,1602.55,801.27,112.18,2020-12-25
4639,20,2020-12,1557.82,778.91,109.05,2020-12-25
4640,21,2020-12,1695.04,847.52,118.65,2020-12-25
4641,22,2020-12,1885.10,942.55,131.96,2020-12-25
4642,23,2020-12,1748.03,874.01,122.36,2020-12-25
4643,28,2020-12,4408.12,2204.06,308.57,2020-12-25
4644,29,2020-12,1575.27,787.63,110.27,2020-12-25
4645,30,2020-12,2708.86,1354.43,189.62,2020-12-25
4646,31,2020-12,1796.23,898.12,125.74,2020-12-25
4647,32,2020-12,2305.62,1152.81,161.39,2020-12-25
4648,33,2020-12,1771.24,885.62,123.99,2020-12-25
4649,35,2020-12,1724.34,862.17,120.70,2020-12-25
4650,36,2020-12,2024.75,1012.38,141.73,2020-12-25
4651,37,2020-12,2808.38,1404.19,196.59,2020-12-25
4652,39,2020-12,1801.18,900.59,126.08,2020-12-25
4653,40,2020-12,2081.06,1040.53,145.67,2020-12-25
4654,41,2020-12,2041.73,1020.87,142.92,2020-12-25
4655,42,2020-12,2367.62,1183.81,165.73,2020-12-25
4656,43,2020-12,1547.91,773.96,108.35,2020-12-25
4657,44,2020-12,1643.06,821.53,115.01,2020-12-25
4658,45,2020-12,1542.09,771.04,107.95,2020-12-25
4659,46,2020-12,2714.80,1357.40,190.04,2020-12-25
4660,47,2020-12,1736.90,868.45,121.58,2020-12-25
4661,49,2020-12,1705.25,852.62,119.37,2020-12-25
4662,50,2020-12,1670.79,835.39,116.96,2020-12-25
4663,51,2020-12,1833.89,916.95,128.37,2020-12-25
4664,52,2020-12,1722.88,861.44,120.60,2020-12-25
4665,60,2020-12,4880.67,2440.34,341.65,2020-12-25
4666,61,2020-12,2164.39,1082.19,151.51,2020-12-25
4667,62,2020-12,1807.77,903.88,126.54,2020-12-25
4668,63,2020-12,2234.76,1117.38,156.43,2020-12-25
4669,64,2020-12,1648.61,824.30,115.40,2020-12-25
4670,65,2020-12,1845.00,922.50,129.15,2020-12-25
4671,66,2020-12,1765.74,882.87,123.60,2020-12-25
4672,67,2020-12,1983.44,991.72,138.84,2020-12-25
4673,68,2020-12,1748.02,874.01,122.36,2020-12-25
4674,70,2020-12,2331.62,1165.81,163.21,2020-12-25
4675,71,2020-12,3067.04,1533.52,214.69,2020-12-25
4676,72,2020-12,2766.76,1383.38,193.67,2020-12-25
4677,73,2020-12,1772.89,886.45,124.10,2020-12-25
4678,74,2020-12,1743.83,871.91,122.07,2020-12-25
4679,75,2020-12,1745.45,872.73,122.18,2020-12-25
4680,76,2020-12,1846.97,923.49,129.29,2020-12-25
4681,77,2020-12,1840.38,920.19,128.83,2020-12-25
4682,78,2020-12,1862.24,931.12,130.36,2020-12-25
4683,82,2020-12,4897.76,2448.88,342.84,2020-12-25
4684,83,2020-12,2842.67,1421.34,198.99,2020-12-25
4685,84,2020-12,1641.80,820.90,114.93,2020-12-25
4686,85,2020-12,2853.83,1426.91,199.77,2020-12-25
4687,86,2020-12,1550.28,775.14,108.52,2020-12-25
4688,87,2020-12,2138.41,1069.20,149.69,2020-12-25
4689,88,2020-12,1587.07,793.53,111.09,2020-12-25
4690,89,2020-12,2243.03,1121.52,157.01,2020-12-25
4691,90,2020-12,1839.44,919.72,128.76,2020-12-25
4692,91,2020-12,1768.58,884.29,123.80,2020-12-25
4693,92,2020-12,1905.28,952.64,133.37,2020-12-25
4694,93,2020-12,1568.24,784.12,109.78,2020-12-25
4695,94,2020-12,1964.45,982.23,137.51,2020-12-25
4696,95,2020-12,1630.60,815.30,114.14,2020-12-25
4697,96,2020-12,1664.04,832.02,116.48,2020-12-25
4698,97,2020-12,1517.46,758.73,106.22,2020-12-25
4699,100,2020-12,4902.50,2451.25,343.18,2020-12-25
4700,101,2020-12,1640.68,820.34,114.85,2020-12-25
4701,102,2020-12,1626.09,813.04,113.83,2020-12-25
4702,103,2020-12,2843.10,1421.55,199.02,2020-12-25
4703,105,2020-12,2219.57,1109.79,155.37,2020-12-25
4704,107,2020-12,2713.00,1356.50,189.91,2020-12-25
4705,108,2020-12,2123.27,1061.63,148.63,2020-12-25
4706,109,2020-12,1591.78,795.89,111.42,2020-12-25
4707,110,2020-12,1739.30,869.65,121.75,2020-12-25
4708,111,2020-12,1579.20,789.60,110.54,2020-12-25
4709,112,2020-12,1704.67,852.34,119.33,2020-12-25
4710,115,2020-12,4490.98,2245.49,314.37,2020-12-25
4711,116,2020-12,2284.83,1142.41,159.94,2020-12-25
4712,117,2020-12,1576.59,788.29,110.36,2020-12-25
4713,118,2020-12,2837.73,1418.87,198.64,2020-12-25
4714,119,2020-12,1660.28,830.14,116.22,2020-12-25
4715,120,2020-12,1546.00,773.00,108.22,2020-12-25
4716,121,2020-12,1817.45,908.73,127.22,2020-12-25
4717,122,2020-12,1640.65,820.33,114.85,2020-12-25
4718,123,2020-12,1618.53,809.26,113.30,2020-12-25
4719,124,2020-12,2162.60,1081.30,151.38,2020-12-25
4720,125,2020-12,2305.01,1152.51,161.35,2020-12-25
4721,126,2020-12,3153.19,1576.60,220.72,2020-12-25
4722,127,2020-12,1599.00,799.50,111.93,2020-12-25
4723,128,2020-12,1536.95,768.48,107.59,2020-12-25
4724,130,2020-12,1862.99,931.50,130.41,2020-12-25
4725,131,2020-12,1821.81,910.90,127.53,2020-12-25
4726,132,2020-12,1515.53,757.76,106.09,2020-12-25
4727,136,2020-12,4931.64,2465.82,345.21,2020-12-25
4728,137,2020-12,1643.71,821.86,115.06,2020-12-25
4729,138,2020-12,2916.01,1458.01,204.12,2020-12-25
4730,139,2020-12,1519.18,759.59,106.34,2020-12-25
4731,140,2020-12,1734.90,867.45,121.44,2020-12-25
4732,141,2020-12,2312.54,1156.27,161.88,2020-12-25
4733,143,2020-12,2074.50,1037.25,145.22,2020-12-25
4734,144,2020-12,2150.73,1075.37,150.55,2020-12-25
4735,146,2020-12,2724.60,1362.30,190.72,2020-12-25
4736,147,2020-12,1689.03,844.51,118.23,2020-12-25
4737,148,2020-12,1815.55,907.77,127.09,2020-12-25
4738,149,2020-12,1601.32,800.66,112.09,2020-12-25
4739,150,2020-12,1846.77,923.38,129.27,2020-12-25
4740,151,2020-12,1680.54,840.27,117.64,2020-12-25
4741,152,2020-12,1577.28,788.64,110.41,2020-12-25
4742,156,2020-12,4560.76,2280.38,319.25,2020-12-25
4743,157,2020-12,1896.30,948.15,132.74,2020-12-25
4744,158,2020-12,1696.32,848.16,118.74,2020-12-25
4745,159,2020-12,1994.27,997.13,139.60,2020-12-25
4746,160,2020-12,2796.28,1398.14,195.74,2020-12-25
4747,161,2020-12,2124.08,1062.04,148.69,2020-12-25
4748,162,2020-12,1498.36,749.18,104.89,2020-12-25
4749,163,2020-12,2016.65,1008.33,141.17,2020-12-25
4750,164,2020-12,1839.21,919.61,128.74,2020-12-25
4751,165,2020-12,1602.89,801.45,112.20,2020-12-25
4752,166,2020-12,3006.15,1503.08,210.43,2020-12-25
4753,168,2020-12,1734.34,867.17,121.40,2020-12-25
4754,169,2020-12,1836.07,918.03,128.52,2020-12-25
4755,171,2020-12,1507.40,753.70,105.52,2020-12-25
4756,172,2020-12,1778.30,889.15,124.48,2020-12-25
4757,176,2020-12,4509.74,2254.87,315.68,2020-12-25
4758,177,2020-12,1703.55,851.77,119.25,2020-12-25
4759,178,2020-12,1763.11,881.55,123.42,2020-12-25
4760,179,2020-12,3076.69,1538.35,215.37,2020-12-25
4761,180,2020-12,1798.08,899.04,125.87,2020-12-25
4762,181,2020-12,1512.60,756.30,105.88,2020-12-25
4763,183,2020-12,2142.76,1071.38,149.99,2020-12-25
4764,184,2020-12,2238.91,1119.45,156.72,2020-12-25
4765,185,2020-12,1699.68,849.84,118.98,2020-12-25
4766,186,2020-12,1727.63,863.82,120.93,2020-12-25
4767,191,2020-12,4824.22,2412.11,337.70,2020-12-25
4768,192,2020-12,1892.33,946.16,132.46,2020-12-25
4769,193,2020-12,2273.16,1136.58,159.12,2020-12-25
4770,194,2020-12,3005.69,1502.85,210.40,2020-12-25
4771,195,2020-12,3132.43,1566.21,219.27,2020-12-25
4772,196,2020-12,2157.30,1078.65,151.01,2020-12-25
4773,197,2020-12,1787.10,893.55,125.10,2020-12-25
4774,198,2020-12,1821.72,910.86,127.52,2020-12-25
4775,199,2020-12,1553.31,776.65,108.73,2020-12-25
4776,200,2020-12,1672.31,836.15,117.06,2020-12-25
4777,201,2020-12,1999.27,999.63,139.95,2020-12-25
4778,202,2020-12,1743.73,871.87,122.06,2020-12-25
4779,203,2020-12,1763.73,881.87,123.46,2020-12-25
4780,204,2020-12,1792.73,896.37,125.49,2020-12-25
4781,205,2020-12,1774.84,887.42,124.24,2020-12-25
4782,206,2020-12,1611.05,805.52,112.77,2020-12-25
4783,207,2020-12,4329.28,2164.64,303.05,2020-12-25
4784,209,2020-12,1593.81,796.90,111.57,2020-12-25
4785,210,2020-12,1930.71,965.36,135.15,2020-12-25
4786,211,2020-12,1520.32,760.16,106.42,2020-12-25
4787,212,2020-12,1589.53,794.76,111.27,2020-12-25
4788,213,2020-12,2120.55,1060.28,148.44,2020-12-25
4789,214,2020-12,2191.80,1095.90,153.43,2020-12-25
4790,215,2020-12,2798.32,1399.16,195.88,2020-12-25
4791,216,2020-12,2789.00,1394.50,195.23,2020-12-25
4792,217,2020-12,2032.90,1016.45,142.30,2020-12-25
4793,218,2020-12,1621.99,811.00,113.54,2020-12-25
4794,219,2020-12,1773.30,886.65,124.13,2020-12-25
4795,220,2020-12,1569.63,784.82,109.87,2020-12-25
4796,225,2020-12,4636.33,2318.16,324.54,2020-12-25
4797,226,2020-12,1815.37,907.68,127.08,2020-12-25
4798,227,2020-12,1739.49,869.75,121.76,2020-12-25
4799,228,2020-12,3079.29,1539.64,215.55,2020-12-25
4800,229,2020-12,1611.68,805.84,112.82,2020-12-25
4801,230,2020-12,1508.15,754.08,105.57,2020-12-25
4802,231,2020-12,1981.47,990.74,138.70,2020-12-25
4803,232,2020-12,1513.69,756.85,105.96,2020-12-25
4804,233,2020-12,1651.42,825.71,115.60,2020-12-25
4805,234,2020-12,2297.81,1148.90,160.85,2020-12-25
4806,235,2020-12,1574.09,787.04,110.19,2020-12-25
4807,236,2020-12,1848.22,924.11,129.38,2020-12-25
4808,237,2020-12,4810.56,2405.28,336.74,2020-12-25
4809,238,2020-12,1935.60,967.80,135.49,2020-12-25
4810,239,2020-12,2912.87,1456.43,203.90,2020-12-25
4811,240,2020-12,2254.91,1127.45,157.84,2020-12-25
4812,241,2020-12,1613.63,806.82,112.95,2020-12-25
4813,242,2020-12,1793.52,896.76,125.55,2020-12-25
4814,243,2020-12,2238.06,1119.03,156.66,2020-12-25
4815,244,2020-12,1600.62,800.31,112.04,2020-12-25
4816,1,2021-01,4611.39,0.00,415.03,2021-01-25
4817,2,2021-01,1524.13,0.00,137.17,2021-01-25
4818,3,2021-01,1554.19,0.00,139.88,2021-01-25
4819,4,2021-01,2163.52,0.00,194.72,2021-01-25
4820,5,2021-01,2030.02,0.00,182.70,2021-01-25
4821,6,2021-01,1593.30,0.00,143.40,2021-01-25
4822,7,2021-01,2783.17,0.00,250.49,2021-01-25
4823,8,2021-01,2349.20,0.00,211.43,2021-01-25
4824,9,2021-01,1608.01,0.00,144.72,2021-01-25
4825,10,2021-01,1650.08,0.00,148.51,2021-01-25
4826,11,2021-01,2796.08,0.00,251.65,2021-01-25
4827,12,2021-01,1998.56,0.00,179.87,2021-01-25
4828,13,2021-01,3124.26,0.00,281.18,2021-01-25
4829,14,2021-01,1936.15,0.00,174.25,2021-01-25
4830,15,2021-01,1736.14,0.00,156.25,2021-01-25
4831,16,2021-01,1795.79,0.00,161.62,2021-01-25
4832,17,2021-01,1628.57,0.00,146.57,2021-01-25
4833,19,2021-01,1600.89,0.00,144.08,2021-01-25
4834,20,2021-01,1569.79,0.00,141.28,2021-01-25
4835,21,2021-01,1710.16,0.00,153.91,2021-01-25
4836,22,2021-01,1872.15,0.00,168.49,2021-01-25
4837,23,2021-01,1748.54,0.00,157.37,2021-01-25
4838,28,2021-01,4406.40,0.00,396.58,2021-01-25
4839,29,2021-01,1583.74,0.00,142.54,2021-01-25
4840,30,2021-01,2710.07,0.00,243.91,2021-01-25
4841,31,2021-01,1797.74,0.00,161.80,2021-01-25
4842,32,2021-01,2309.16,0.00,207.82,2021-01-25
4843,33,2021-01,1760.36,0.00,158.43,2021-01-25
4844,35,2021-01,1708.68,0.00,153.78,2021-01-25
4845,36,2021-01,2038.77,0.00,183.49,2021-01-25
4846,37,2021-01,2789.67,0.00,251.07,2021-01-25
4847,39,2021-01,1806.24,0.00,162.56,2021-01-25
4848,40,2021-01,2076.20,0.00,186.86,2021-01-25
4849,41,2021-01,2049.43,0.00,184.45,2021-01-25
4850,42,2021-01,2371.05,0.00,213.39,2021-01-25
4851,43,2021-01,1551.99,0.00,139.68,2021-01-25
4852,44,2021-01,1641.91,0.00,147.77,2021-01-25
4853,45,2021-01,1534.85,0.00,138.14,2021-01-25
4854,46,2021-01,2729.55,0.00,245.66,2021-01-25
4855,47,2021-01,1734.20,0.00,156.08,2021-01-25
4856,49,2021-01,1711.96,0.00,154.08,2021-01-25
4857,50,2021-01,1664.32,0.00,149.79,2021-01-25
4858,51,2021-01,1829.70,0.00,164.67,2021-01-25
4859,52,2021-01,1723.05,0.00,155.07,2021-01-25
4860,60,2021-01,4883.20,0.00,439.49,2021-01-25
4861,61,2021-01,2177.31,0.00,195.96,2021-01-25
4862,62,2021-01,1807.78,0.00,162.70,2021-01-25
4863,63,2021-01,2215.72,0.00,199.41,2021-01-25
4864,64,2021-01,1652.58,0.00,148.73,2021-01-25
4865,65,2021-01,1846.61,0.00,166.19,2021-01-25
4866,66,2021-01,1757.10,0.00,158.14,2021-01-25
4867,67,2021-01,1983.47,0.00,178.51,2021-01-25
4868,68,2021-01,1756.15,0.00,158.05,2021-01-25
4869,70,2021-01,2334.69,0.00,210.12,2021-01-25
4870,71,2021-01,3057.30,0.00,275.16,2021-01-25
4871,72,2021-01,2776.72,0.00,249.90,2021-01-25
4872,73,2021-01,1781.15,0.00,160.30,2021-01-25
4873,74,2021-01,1745.16,0.00,157.06,2021-01-25
4874,75,2021-01,1749.85,0.00,157.49,2021-01-25
4875,76,2021-01,1860.81,0.00,167.47,2021-01-25
4876,77,2021-01,1841.95,0.00,165.78,2021-01-25
4877,78,2021-01,1875.23,0.00,168.77,2021-01-25
4878,82,2021-01,4917.91,0.00,442.61,2021-01-25
4879,83,2021-01,2835.99,0.00,255.24,2021-01-25
4880,84,2021-01,1645.16,0.00,148.06,2021-01-25
4881,85,2021-01,2858.91,0.00,257.30,2021-01-25
4882,86,2021-01,1542.21,0.00,138.80,2021-01-25
4883,87,2021-01,2152.14,0.00,193.69,2021-01-25
4884,88,2021-01,1595.75,0.00,143.62,2021-01-25
4885,89,2021-01,2236.68,0.00,201.30,2021-01-25
4886,90,2021-01,1845.65,0.00,166.11,2021-01-25
4887,91,2021-01,1762.32,0.00,158.61,2021-01-25
4888,92,2021-01,1901.61,0.00,171.14,2021-01-25
4889,93,2021-01,1571.81,0.00,141.46,2021-01-25
4890,94,2021-01,1965.62,0.00,176.91,2021-01-25
4891,95,2021-01,1631.69,0.00,146.85,2021-01-25
4892,96,2021-01,1657.52,0.00,149.18,2021-01-25
4893,97,2021-01,1526.11,0.00,137.35,2021-01-25
4894,100,2021-01,4871.85,0.00,438.47,2021-01-25
4895,101,2021-01,1637.28,0.00,147.36,2021-01-25
4896,102,2021-01,1622.91,0.00,146.06,2021-01-25
4897,103,2021-01,2843.48,0.00,255.91,2021-01-25
4898,105,2021-01,2217.01,0.00,199.53,2021-01-25
4899,107,2021-01,2721.84,0.00,244.97,2021-01-25
4900,108,2021-01,2109.94,0.00,189.89,2021-01-25
4901,109,2021-01,1597.81,0.00,143.80,2021-01-25
4902,110,2021-01,1737.68,0.00,156.39,2021-01-25
4903,111,2021-01,1587.13,0.00,142.84,2021-01-25
4904,112,2021-01,1707.39,0.00,153.67,2021-01-25
4905,115,2021-01,4495.68,0.00,404.61,2021-01-25
4906,116,2021-01,2276.13,0.00,204.85,2021-01-25
4907,117,2021-01,1588.21,0.00,142.94,2021-01-25
4908,118,2021-01,2840.07,0.00,255.61,2021-01-25
4909,119,2021-01,1654.29,0.00,148.89,2021-01-25
4910,120,2021-01,1554.67,0.00,139.92,2021-01-25
4911,121,2021-01,1816.87,0.00,163.52,2021-01-25
4912,122,2021-01,1649.78,0.00,148.48,2021-01-25
4913,123,2021-01,1615.22,0.00,145.37,2021-01-25
4914,124,2021-01,2164.71,0.00,194.82,2021-01-25
4915,125,2021-01,2307.56,0.00,207.68,2021-01-25
4916,126,2021-01,3138.50,0.00,282.46,2021-01-25
4917,127,2021-01,1608.97,0.00,144.81,2021-01-25
4918,128,2021-01,1537.87,0.00,138.41,2021-01-25
4919,130,2021-01,1866.40,0.00,167.98,2021-01-25
4920,131,2021-01,1813.32,0.00,163.20,2021-01-25
4921,132,2021-01,1520.56,0.00,136.85,2021-01-25
4922,136,2021-01,4896.98,0.00,440.73,2021-01-25
4923,137,2021-01,1652.91,0.00,148.76,2021-01-25
4924,138,2021-01,2912.54,0.00,262.13,2021-01-25
4925,139,2021-01,1519.69,0.00,136.77,2021-01-25
4926,140,2021-01,1734.13,0.00,156.07,2021-01-25
4927,141,2021-01,2309.75,0.00,207.88,2021-01-25
4928,143,2021-01,2068.72,0.00,186.18,2021-01-25
4929,144,2021-01,2142.79,0.00,192.85,2021-01-25
4930,146,2021-01,2741.50,0.00,246.73,2021-01-25
4931,147,2021-01,1693.45,0.00,152.41,2021-01-25
4932,148,2021-01,1821.76,0.00,163.96,2021-01-25
4933,149,2021-01,1591.48,0.00,143.23,2021-01-25
4934,150,2021-01,1843.03,0.00,165.87,2021-01-25
4935,151,2021-01,1680.81,0.00,151.27,2021-01-25
4936,152,2021-01,1578.14,0.00,142.03,2021-01-25
4937,156,2021-01,4554.38,0.00,409.89,2021-01-25
4938,157,2021-01,1913.74,0.00,172.24,2021-01-25
4939,158,2021-01,1698.16,0.00,152.83,2021-01-25
4940,159,2021-01,1998.62,0.00,179.88,2021-01-25
4941,160,2021-01,2779.17,0.00,250.13,2021-01-25
4942,161,2021-01,2132.20,0.00,191.90,2021-01-25
4943,162,2021-01,1490.45,0.00,134.14,2021-01-25
4944,163,2021-01,2004.73,0.00,180.43,2021-01-25
4945,164,2021-01,1843.09,0.00,165.88,2021-01-25
4946,165,2021-01,1599.14,0.00,143.92,2021-01-25
4947,166,2021-01,2999.39,0.00,269.95,2021-01-25
4948,168,2021-01,1744.65,0.00,157.02,2021-01-25
4949,169,2021-01,1848.39,0.00,166.36,2021-01-25
4950,171,2021-01,1505.89,0.00,135.53,2021-01-25
4951,172,2021-01,1782.26,0.00,160.40,2021-01-25
4952,176,2021-01,4545.72,0.00,409.11,2021-01-25
4953,177,2021-01,1705.47,0.00,153.49,2021-01-25
4954,178,2021-01,1754.89,0.00,157.94,2021-01-25
4955,179,2021-01,3082.91,0.00,277.46,2021-01-25
4956,180,2021-01,1788.23,0.00,160.94,2021-01-25
4957,181,2021-01,1523.32,0.00,137.10,2021-01-25
4958,183,2021-01,2145.70,0.00,193.11,2021-01-25
4959,184,2021-01,2254.67,0.00,202.92,2021-01-25
4960,186,2021-01,1723.98,0.00,155.16,2021-01-25
4961,191,2021-01,4842.91,0.00,435.86,2021-01-25
4962,192,2021-01,1889.84,0.00,170.09,2021-01-25
4963,193,2021-01,2273.85,0.00,204.65,2021-01-25
4964,194,2021-01,2992.53,0.00,269.33,2021-01-25
4965,195,2021-01,3119.52,0.00,280.76,2021-01-25
4966,196,2021-01,2153.60,0.00,193.82,2021-01-25
4967,197,2021-01,1776.28,0.00,159.87,2021-01-25
4968,198,2021-01,1807.83,0.00,162.70,2021-01-25
4969,199,2021-01,1555.79,0.00,140.02,2021-01-25
4970,200,2021-01,1681.34,0.00,151.32,2021-01-25
4971,201,2021-01,2003.62,0.00,180.33,2021-01-25
4972,202,2021-01,1751.24,0.00,157.61,2021-01-25
4973,203,2021-01,1776.06,0.00,159.85,2021-01-25
4974,204,2021-01,1800.30,0.00,162.03,2021-01-25
4975,205,2021-01,1767.00,0.00,159.03,2021-01-25
4976,206,2021-01,1608.50,0.00,144.76,2021-01-25
4977,207,2021-01,4342.71,0.00,390.84,2021-01-25
4978,209,2021-01,1598.29,0.00,143.85,2021-01-25
4979,210,2021-01,1926.64,0.00,173.40,2021-01-25
4980,211,2021-01,1510.56,0.00,135.95,2021-01-25
4981,212,2021-01,1581.53,0.00,142.34,2021-01-25
4982,213,2021-01,2129.70,0.00,191.67,2021-01-25
4983,214,2021-01,2191.82,0.00,197.26,2021-01-25
4984,215,2021-01,2795.76,0.00,251.62,2021-01-25
4985,216,2021-01,2786.35,0.00,250.77,2021-01-25
4986,217,2021-01,2035.45,0.00,183.19,2021-01-25
4987,218,2021-01,1623.77,0.00,146.14,2021-01-25
4988,219,2021-01,1763.64,0.00,158.73,2021-01-25
4989,220,2021-01,1560.07,0.00,140.41,2021-01-25
4990,225,2021-01,4625.98,0.00,416.34,2021-01-25
4991,226,2021-01,1819.59,0.00,163.76,2021-01-25
4992,227,2021-01,1737.26,0.00,156.35,2021-01-25
4993,228,2021-01,3079.12,0.00,277.12,2021-01-25
4994,229,2021-01,1618.61,0.00,145.67,2021-01-25
4995,230,2021-01,1512.38,0.00,136.11,2021-01-25
4996,231,2021-01,1975.22,0.00,177.77,2021-01-25
4997,232,2021-01,1511.73,0.00,136.06,2021-01-25
4998,233,2021-01,1654.54,0.00,148.91,2021-01-25
4999,234,2021-01,2283.42,0.00,205.51,2021-01-25
5000,235,2021-01,1570.10,0.00,141.31,2021-01-25
5001,236,2021-01,1848.19,0.00,166.34,2021-01-25
5002,237,2021-01,4793.47,0.00,431.41,2021-01-25
5003,238,2021-01,1939.07,0.00,174.52,2021-01-25
5004,239,2021-01,2915.59,0.00,262.40,2021-01-25
5005,240,2021-01,2252.28,0.00,202.71,2021-01-25
5006,241,2021-01,1623.18,0.00,146.09,2021-01-25
5007,242,2021-01,1786.27,0.00,160.76,2021-01-25
5008,243,2021-01,2244.92,0.00,202.04,2021-01-25
5009,244,2021-01,1602.96,0.00,144.27,2021-01-25
5010,1,2021-02,4603.99,0.00,414.36,2021-02-25
5011,2,2021-02,1535.84,0.00,138.23,2021-02-25
5012,3,2021-02,1563.17,0.00,140.69,2021-02-25
5013,4,2021-02,2163.35,0.00,194.70,2021-02-25
5014,5,2021-02,2026.42,0.00,182.38,2021-02-25
5015,6,2021-02,1586.68,0.00,142.80,2021-02-25
5016,7,2021-02,2768.19,0.00,249.14,2021-02-25
5017,8,2021-02,2351.65,0.00,211.65,2021-02-25
5018,9,2021-02,1615.58,0.00,145.40,2021-02-25
5019,10,2021-02,1640.12,0.00,147.61,2021-02-25
5020,11,2021-02,2795.76,0.00,251.62,2021-02-25
5021,12,2021-02,2012.69,0.00,181.14,2021-02-25
5022,13,2021-02,3112.92,0.00,280.16,2021-02-25
5023,14,2021-02,1930.53,0.00,173.75,2021-02-25
5024,15,2021-02,1730.05,0.00,155.70,2021-02-25
5025,16,2021-02,1791.16,0.00,161.20,2021-02-25
5026,17,2021-02,1626.24,0.00,146.36,2021-02-25
5027,19,2021-02,1601.08,0.00,144.10,2021-02-25
5028,20,2021-02,1570.44,0.00,141.34,2021-02-25
5029,21,2021-02,1700.92,0.00,153.08,2021-02-25
5030,22,2021-02,1868.93,0.00,168.20,2021-02-25
5031,23,2021-02,1736.69,0.00,156.30,2021-02-25
5032,28,2021-02,4410.14,0.00,396.91,2021-02-25
5033,29,2021-02,1582.44,0.00,142.42,2021-02-25
5034,30,2021-02,2700.00,0.00,243.00,2021-02-25
5035,31,2021-02,1800.13,0.00,162.01,2021-02-25
5036,32,2021-02,2321.50,0.00,208.94,2021-02-25
5037,33,2021-02,1767.54,0.00,159.08,2021-02-25
5038,35,2021-02,1720.18,0.00,154.82,2021-02-25
5039,36,2021-02,2027.04,0.00,182.43,2021-02-25
5040,37,2021-02,2796.11,0.00,251.65,2021-02-25
5041,39,2021-02,1790.27,0.00,161.12,2021-02-25
5042,40,2021-02,2078.38,0.00,187.05,2021-02-25
5043,41,2021-02,2036.31,0.00,183.27,2021-02-25
5044,42,2021-02,2371.56,0.00,213.44,2021-02-25
5045,43,2021-02,1547.43,0.00,139.27,2021-02-25
5046,44,2021-02,1652.72,0.00,148.74,2021-02-25
5047,45,2021-02,1544.40,0.00,139.00,2021-02-25
5048,46,2021-02,2716.92,0.00,244.52,2021-02-25
5049,47,2021-02,1725.54,0.00,155.30,2021-02-25
5050,49,2021-02,1704.18,0.00,153.38,2021-02-25
5051,50,2021-02,1661.71,0.00,149.55,2021-02-25
5052,51,2021-02,1824.56,0.00,164.21,2021-02-25
5053,52,2021-02,1721.77,0.00,154.96,2021-02-25
5054,60,2021-02,4874.47,0.00,438.70,2021-02-25
5055,61,2021-02,2168.01,0.00,195.12,2021-02-25
5056,62,2021-02,1812.97,0.00,163.17,2021-02-25
5057,63,2021-02,2219.54,0.00,199.76,2021-02-25
5058,64,2021-02,1651.53,0.00,148.64,2021-02-25
5059,65,2021-02,1837.27,0.00,165.35,2021-02-25
5060,66,2021-02,1760.73,0.00,158.47,2021-02-25
5061,67,2021-02,1977.45,0.00,177.97,2021-02-25
5062,68,2021-02,1758.46,0.00,158.26,2021-02-25
5063,70,2021-02,2326.43,0.00,209.38,2021-02-25
5064,71,2021-02,3043.65,0.00,273.93,2021-02-25
5065,72,2021-02,2756.65,0.00,248.10,2021-02-25
5066,73,2021-02,1781.30,0.00,160.32,2021-02-25
5067,74,2021-02,1737.41,0.00,156.37,2021-02-25
5068,75,2021-02,1742.79,0.00,156.85,2021-02-25
5069,76,2021-02,1849.93,0.00,166.49,2021-02-25
5070,77,2021-02,1840.56,0.00,165.65,2021-02-25
5071,78,2021-02,1871.42,0.00,168.43,2021-02-25
5072,82,2021-02,4926.32,0.00,443.37,2021-02-25
5073,83,2021-02,2844.32,0.00,255.99,2021-02-25
5074,84,2021-02,1643.71,0.00,147.93,2021-02-25
5075,85,2021-02,2863.97,0.00,257.76,2021-02-25
5076,86,2021-02,1543.32,0.00,138.90,2021-02-25
5077,87,2021-02,2147.07,0.00,193.24,2021-02-25
5078,88,2021-02,1595.43,0.00,143.59,2021-02-25
5079,89,2021-02,2242.13,0.00,201.79,2021-02-25
5080,90,2021-02,1840.40,0.00,165.64,2021-02-25
5081,91,2021-02,1758.63,0.00,158.28,2021-02-25
5082,92,2021-02,1893.37,0.00,170.40,2021-02-25
5083,93,2021-02,1560.94,0.00,140.48,2021-02-25
5084,94,2021-02,1967.83,0.00,177.10,2021-02-25
5085,95,2021-02,1635.51,0.00,147.20,2021-02-25
5086,96,2021-02,1652.76,0.00,148.75,2021-02-25
5087,97,2021-02,1524.43,0.00,137.20,2021-02-25
5088,100,2021-02,4863.50,0.00,437.71,2021-02-25
5089,101,2021-02,1636.27,0.00,147.26,2021-02-25
5090,102,2021-02,1632.34,0.00,146.91,2021-02-25
5091,103,2021-02,2831.76,0.00,254.86,2021-02-25
5092,105,2021-02,2225.72,0.00,200.31,2021-02-25
5093,107,2021-02,2715.49,0.00,244.39,2021-02-25
5094,108,2021-02,2109.28,0.00,189.84,2021-02-25
5095,109,2021-02,1592.79,0.00,143.35,2021-02-25
5096,110,2021-02,1731.46,0.00,155.83,2021-02-25
5097,111,2021-02,1578.46,0.00,142.06,2021-02-25
5098,112,2021-02,1703.02,0.00,153.27,2021-02-25
5099,115,2021-02,4499.58,0.00,404.96,2021-02-25
5100,116,2021-02,2280.44,0.00,205.24,2021-02-25
5101,117,2021-02,1586.63,0.00,142.80,2021-02-25
5102,118,2021-02,2841.42,0.00,255.73,2021-02-25
5103,119,2021-02,1661.98,0.00,149.58,2021-02-25
5104,120,2021-02,1556.93,0.00,140.12,2021-02-25
5105,121,2021-02,1802.36,0.00,162.21,2021-02-25
5106,122,2021-02,1644.86,0.00,148.04,2021-02-25
5107,123,2021-02,1611.30,0.00,145.02,2021-02-25
5108,124,2021-02,2146.95,0.00,193.23,2021-02-25
5109,125,2021-02,2289.18,0.00,206.03,2021-02-25
5110,126,2021-02,3145.04,0.00,283.05,2021-02-25
5111,127,2021-02,1602.20,0.00,144.20,2021-02-25
5112,128,2021-02,1530.26,0.00,137.72,2021-02-25
5113,130,2021-02,1871.69,0.00,168.45,2021-02-25
5114,131,2021-02,1812.16,0.00,163.09,2021-02-25
5115,132,2021-02,1519.56,0.00,136.76,2021-02-25
5116,136,2021-02,4908.42,0.00,441.76,2021-02-25
5117,137,2021-02,1649.64,0.00,148.47,2021-02-25
5118,138,2021-02,2911.60,0.00,262.04,2021-02-25
5119,139,2021-02,1513.85,0.00,136.25,2021-02-25
5120,140,2021-02,1737.58,0.00,156.38,2021-02-25
5121,141,2021-02,2314.98,0.00,208.35,2021-02-25
5122,143,2021-02,2075.45,0.00,186.79,2021-02-25
5123,144,2021-02,2142.33,0.00,192.81,2021-02-25
5124,146,2021-02,2744.24,0.00,246.98,2021-02-25
5125,147,2021-02,1696.82,0.00,152.71,2021-02-25
5126,148,2021-02,1825.80,0.00,164.32,2021-02-25
5127,149,2021-02,1602.35,0.00,144.21,2021-02-25
5128,150,2021-02,1834.74,0.00,165.13,2021-02-25
5129,151,2021-02,1670.33,0.00,150.33,2021-02-25
5130,152,2021-02,1578.28,0.00,142.05,2021-02-25
5131,156,2021-02,4555.42,0.00,409.99,2021-02-25
5132,157,2021-02,1911.25,0.00,172.01,2021-02-25
5133,158,2021-02,1706.40,0.00,153.58,2021-02-25
5134,159,2021-02,2006.80,0.00,180.61,2021-02-25
5135,160,2021-02,2789.13,0.00,251.02,2021-02-25
5136,161,2021-02,2123.81,0.00,191.14,2021-02-25
5137,162,2021-02,1498.25,0.00,134.84,2021-02-25
5138,163,2021-02,2019.83,0.00,181.78,2021-02-25
5139,164,2021-02,1840.63,0.00,165.66,2021-02-25
5140,165,2021-02,1599.87,0.00,143.99,2021-02-25
5141,166,2021-02,2996.88,0.00,269.72,2021-02-25
5142,168,2021-02,1733.27,0.00,155.99,2021-02-25
5143,169,2021-02,1837.50,0.00,165.38,2021-02-25
5144,171,2021-02,1505.79,0.00,135.52,2021-02-25
5145,172,2021-02,1780.41,0.00,160.24,2021-02-25
5146,176,2021-02,4511.15,0.00,406.00,2021-02-25
5147,177,2021-02,1705.63,0.00,153.51,2021-02-25
5148,178,2021-02,1751.41,0.00,157.63,2021-02-25
5149,179,2021-02,3086.74,0.00,277.81,2021-02-25
5150,180,2021-02,1786.83,0.00,160.81,2021-02-25
5151,181,2021-02,1524.28,0.00,137.19,2021-02-25
5152,183,2021-02,2135.34,0.00,192.18,2021-02-25
5153,184,2021-02,2247.35,0.00,202.26,2021-02-25
5154,186,2021-02,1717.42,0.00,154.57,2021-02-25
5155,191,2021-02,4802.80,0.00,432.25,2021-02-25
5156,192,2021-02,1884.53,0.00,169.61,2021-02-25
5157,193,2021-02,2257.51,0.00,203.18,2021-02-25
5158,194,2021-02,3007.79,0.00,270.70,2021-02-25
5159,195,2021-02,3137.04,0.00,282.33,2021-02-25
5160,196,2021-02,2163.09,0.00,194.68,2021-02-25
5161,197,2021-02,1779.16,0.00,160.12,2021-02-25
5162,198,2021-02,1814.05,0.00,163.26,2021-02-25
5163,199,2021-02,1560.17,0.00,140.42,2021-02-25
5164,200,2021-02,1675.96,0.00,150.84,2021-02-25
5165,201,2021-02,2009.72,0.00,180.87,2021-02-25
5166,202,2021-02,1750.58,0.00,157.55,2021-02-25
5167,203,2021-02,1771.88,0.00,159.47,2021-02-25
5168,204,2021-02,1785.67,0.00,160.71,2021-02-25
5169,205,2021-02,1768.61,0.00,159.17,2021-02-25
5170,206,2021-02,1606.52,0.00,144.59,2021-02-25
5171,207,2021-02,4335.01,0.00,390.15,2021-02-25
5172,209,2021-02,1599.17,0.00,143.93,2021-02-25
5173,210,2021-02,1944.53,0.00,175.01,2021-02-25
5174,211,2021-02,1511.31,0.00,136.02,2021-02-25
5175,212,2021-02,1575.19,0.00,141.77,2021-02-25
5176,214,2021-02,2203.90,0.00,198.35,2021-02-25
5177,215,2021-02,2790.08,0.00,251.11,2021-02-25
5178,216,2021-02,2784.96,0.00,250.65,2021-02-25
5179,217,2021-02,2035.93,0.00,183.23,2021-02-25
5180,218,2021-02,1620.30,0.00,145.83,2021-02-25
5181,219,2021-02,1768.01,0.00,159.12,2021-02-25
5182,220,2021-02,1567.76,0.00,141.10,2021-02-25
5183,225,2021-02,4633.39,0.00,417.01,2021-02-25
5184,226,2021-02,1813.24,0.00,163.19,2021-02-25
5185,227,2021-02,1727.70,0.00,155.49,2021-02-25
5186,228,2021-02,3092.78,0.00,278.35,2021-02-25
5187,229,2021-02,1607.98,0.00,144.72,2021-02-25
5188,230,2021-02,1515.05,0.00,136.35,2021-02-25
5189,231,2021-02,1966.33,0.00,176.97,2021-02-25
5190,232,2021-02,1509.96,0.00,135.90,2021-02-25
5191,233,2021-02,1652.12,0.00,148.69,2021-02-25
5192,234,2021-02,2291.45,0.00,206.23,2021-02-25
5193,235,2021-02,1567.11,0.00,141.04,2021-02-25
5194,236,2021-02,1853.53,0.00,166.82,2021-02-25
5195,237,2021-02,4793.60,0.00,431.42,2021-02-25
5196,238,2021-02,1923.49,0.00,173.11,2021-02-25
5197,239,2021-02,2911.13,0.00,262.00,2021-02-25
5198,240,2021-02,2253.97,0.00,202.86,2021-02-25
5199,241,2021-02,1615.70,0.00,145.41,2021-02-25
5200,242,2021-02,1799.77,0.00,161.98,2021-02-25
5201,243,2021-02,2235.92,0.00,201.23,2021-02-25
5202,244,2021-02,1605.30,0.00,144.48,2021-02-25
5203,1,2021-03,4612.96,0.00,415.17,2021-03-25
5204,2,2021-03,1533.49,0.00,138.01,2021-03-25
5205,3,2021-03,1554.06,0.00,139.87,2021-03-25
5206,4,2021-03,2159.57,0.00,194.36,2021-03-25
5207,5,2021-03,2021.45,0.00,181.93,2021-03-25
5208,6,2021-03,1596.23,0.00,143.66,2021-03-25
5209,7,2021-03,2775.79,0.00,249.82,2021-03-25
5210,8,2021-03,2347.09,0.00,211.24,2021-03-25
5211,9,2021-03,1616.45,0.00,145.48,2021-03-25
5212,10,2021-03,1643.93,0.00,147.95,2021-03-25
5213,11,2021-03,2785.45,0.00,250.69,2021-03-25
5214,12,2021-03,2002.08,0.00,180.19,2021-03-25
5215,13,2021-03,3131.83,0.00,281.86,2021-03-25
5216,14,2021-03,1945.89,0.00,175.13,2021-03-25
5217,15,2021-03,1730.62,0.00,155.76,2021-03-25
5218,16,2021-03,1797.43,0.00,161.77,2021-03-25
5219,17,2021-03,1633.94,0.00,147.05,2021-03-25
5220,19,2021-03,1611.58,0.00,145.04,2021-03-25
5221,20,2021-03,1567.58,0.00,141.08,2021-03-25
5222,21,2021-03,1695.86,0.00,152.63,2021-03-25
5223,22,2021-03,1886.27,0.00,169.76,2021-03-25
5224,23,2021-03,1743.94,0.00,156.95,2021-03-25
5225,28,2021-03,4389.98,0.00,395.10,2021-03-25
5226,29,2021-03,1575.21,0.00,141.77,2021-03-25
5227,30,2021-03,2707.70,0.00,243.69,2021-03-25
5228,31,2021-03,1793.03,0.00,161.37,2021-03-25
5229,32,2021-03,2312.02,0.00,208.08,2021-03-25
5230,33,2021-03,1774.51,0.00,159.71,2021-03-25
5231,35,2021-03,1719.75,0.00,154.78,2021-03-25
5232,36,2021-03,2043.36,0.00,183.90,2021-03-25
5233,37,2021-03,2793.14,0.00,251.38,2021-03-25
5234,39,2021-03,1789.32,0.00,161.04,2021-03-25
5235,40,2021-03,2079.20,0.00,187.13,2021-03-25
5236,41,2021-03,2036.88,0.00,183.32,2021-03-25
5237,42,2021-03,2356.33,0.00,212.07,2021-03-25
5238,43,2021-03,1545.92,0.00,139.13,2021-03-25
5239,44,2021-03,1639.97,0.00,147.60,2021-03-25
5240,45,2021-03,1534.26,0.00,138.08,2021-03-25
5241,46,2021-03,2711.10,0.00,244.00,2021-03-25
5242,47,2021-03,1737.57,0.00,156.38,2021-03-25
5243,49,2021-03,1717.87,0.00,154.61,2021-03-25
5244,50,2021-03,1667.05,0.00,150.03,2021-03-25
5245,51,2021-03,1820.48,0.00,163.84,2021-03-25
5246,52,2021-03,1727.88,0.00,155.51,2021-03-25
5247,60,2021-03,4873.21,0.00,438.59,2021-03-25
5248,61,2021-03,2165.62,0.00,194.91,2021-03-25
5249,62,2021-03,1812.74,0.00,163.15,2021-03-25
5250,63,2021-03,2218.33,0.00,199.65,2021-03-25
5251,64,2021-03,1651.47,0.00,148.63,2021-03-25
5252,65,2021-03,1835.00,0.00,165.15,2021-03-25
5253,66,2021-03,1758.24,0.00,158.24,2021-03-25
5254,67,2021-03,1977.91,0.00,178.01,2021-03-25
5255,68,2021-03,1745.84,0.00,157.13,2021-03-25
5256,70,2021-03,2326.97,0.00,209.43,2021-03-25
5257,71,2021-03,3047.46,0.00,274.27,2021-03-25
5258,72,2021-03,2777.16,0.00,249.94,2021-03-25
5259,73,2021-03,1790.08,0.00,161.11,2021-03-25
5260,74,2021-03,1733.89,0.00,156.05,2021-03-25
5261,75,2021-03,1752.00,0.00,157.68,2021-03-25
5262,76,2021-03,1847.82,0.00,166.30,2021-03-25
5263,77,2021-03,1839.61,0.00,165.56,2021-03-25
5264,78,2021-03,1867.79,0.00,168.10,2021-03-25
5265,82,2021-03,4914.75,0.00,442.33,2021-03-25
5266,83,2021-03,2830.64,0.00,254.76,2021-03-25
5267,84,2021-03,1632.41,0.00,146.92,2021-03-25
5268,85,2021-03,2861.46,0.00,257.53,2021-03-25
5269,86,2021-03,1543.77,0.00,138.94,2021-03-25
5270,87,2021-03,2154.00,0.00,193.86,2021-03-25
5271,88,2021-03,1582.76,0.00,142.45,2021-03-25
5272,89,2021-03,2254.88,0.00,202.94,2021-03-25
5273,90,2021-03,1840.00,0.00,165.60,2021-03-25
5274,91,2021-03,1769.67,0.00,159.27,2021-03-25
5275,92,2021-03,1898.39,0.00,170.86,2021-03-25
5276,93,2021-03,1565.55,0.00,140.90,2021-03-25
5277,94,2021-03,1960.93,0.00,176.48,2021-03-25
5278,95,2021-03,1643.44,0.00,147.91,2021-03-25
5279,96,2021-03,1654.39,0.00,148.90,2021-03-25
5280,97,2021-03,1530.60,0.00,137.75,2021-03-25
5281,100,2021-03,4865.00,0.00,437.85,2021-03-25
5282,101,2021-03,1632.91,0.00,146.96,2021-03-25
5283,102,2021-03,1622.69,0.00,146.04,2021-03-25
5284,103,2021-03,2826.13,0.00,254.35,2021-03-25
5285,105,2021-03,2219.96,0.00,199.80,2021-03-25
5286,107,2021-03,2729.11,0.00,245.62,2021-03-25
5287,108,2021-03,2121.02,0.00,190.89,2021-03-25
5288,109,2021-03,1605.32,0.00,144.48,2021-03-25
5289,110,2021-03,1732.02,0.00,155.88,2021-03-25
5290,111,2021-03,1574.07,0.00,141.67,2021-03-25
5291,112,2021-03,1700.98,0.00,153.09,2021-03-25
5292,115,2021-03,4477.23,0.00,402.95,2021-03-25
5293,116,2021-03,2276.21,0.00,204.86,2021-03-25
5294,117,2021-03,1583.82,0.00,142.54,2021-03-25
5295,118,2021-03,2826.93,0.00,254.42,2021-03-25
5296,119,2021-03,1655.01,0.00,148.95,2021-03-25
5297,120,2021-03,1552.35,0.00,139.71,2021-03-25
5298,121,2021-03,1813.19,0.00,163.19,2021-03-25
5299,122,2021-03,1646.48,0.00,148.18,2021-03-25
5300,123,2021-03,1620.93,0.00,145.88,2021-03-25
5301,124,2021-03,2154.52,0.00,193.91,2021-03-25
5302,125,2021-03,2304.46,0.00,207.40,2021-03-25
5303,126,2021-03,3153.19,0.00,283.79,2021-03-25
5304,127,2021-03,1603.47,0.00,144.31,2021-03-25
5305,128,2021-03,1537.28,0.00,138.36,2021-03-25
5306,130,2021-03,1866.17,0.00,167.96,2021-03-25
5307,131,2021-03,1815.06,0.00,163.36,2021-03-25
5308,132,2021-03,1524.47,0.00,137.20,2021-03-25
5309,136,2021-03,4901.58,0.00,441.14,2021-03-25
5310,137,2021-03,1645.50,0.00,148.09,2021-03-25
5311,138,2021-03,2903.32,0.00,261.30,2021-03-25
5312,139,2021-03,1506.77,0.00,135.61,2021-03-25
5313,140,2021-03,1728.34,0.00,155.55,2021-03-25
5314,141,2021-03,2297.14,0.00,206.74,2021-03-25
5315,143,2021-03,2058.02,0.00,185.22,2021-03-25
5316,144,2021-03,2154.30,0.00,193.89,2021-03-25
5317,146,2021-03,2723.66,0.00,245.13,2021-03-25
5318,147,2021-03,1698.06,0.00,152.83,2021-03-25
5319,148,2021-03,1817.08,0.00,163.54,2021-03-25
5320,149,2021-03,1595.35,0.00,143.58,2021-03-25
5321,150,2021-03,1837.89,0.00,165.41,2021-03-25
5322,151,2021-03,1669.79,0.00,150.28,2021-03-25
5323,152,2021-03,1583.36,0.00,142.50,2021-03-25
5324,156,2021-03,4578.12,0.00,412.03,2021-03-25
5325,157,2021-03,1910.23,0.00,171.92,2021-03-25
5326,158,2021-03,1697.82,0.00,152.80,2021-03-25
5327,159,2021-03,2009.06,0.00,180.82,2021-03-25
5328,160,2021-03,2778.34,0.00,250.05,2021-03-25
5329,161,2021-03,2132.39,0.00,191.92,2021-03-25
5330,162,2021-03,1497.67,0.00,134.79,2021-03-25
5331,163,2021-03,2009.70,0.00,180.87,2021-03-25
5332,164,2021-03,1844.64,0.00,166.02,2021-03-25
5333,165,2021-03,1608.58,0.00,144.77,2021-03-25
5334,166,2021-03,2987.85,0.00,268.91,2021-03-25
5335,168,2021-03,1732.60,0.00,155.93,2021-03-25
5336,169,2021-03,1844.41,0.00,166.00,2021-03-25
5337,171,2021-03,1501.57,0.00,135.14,2021-03-25
5338,172,2021-03,1779.44,0.00,160.15,2021-03-25
5339,176,2021-03,4530.89,0.00,407.78,2021-03-25
5340,177,2021-03,1703.07,0.00,153.28,2021-03-25
5341,178,2021-03,1758.04,0.00,158.22,2021-03-25
5342,179,2021-03,3086.57,0.00,277.79,2021-03-25
5343,180,2021-03,1796.90,0.00,161.72,2021-03-25
5344,181,2021-03,1526.26,0.00,137.36,2021-03-25
5345,183,2021-03,2146.99,0.00,193.23,2021-03-25
5346,184,2021-03,2236.32,0.00,201.27,2021-03-25
5347,186,2021-03,1724.39,0.00,155.20,2021-03-25
5348,191,2021-03,4833.31,0.00,435.00,2021-03-25
5349,192,2021-03,1889.84,0.00,170.09,2021-03-25
5350,193,2021-03,2273.72,0.00,204.63,2021-03-25
5351,194,2021-03,3002.30,0.00,270.21,2021-03-25
5352,195,2021-03,3120.61,0.00,280.85,2021-03-25
5353,196,2021-03,2154.42,0.00,193.90,2021-03-25
5354,197,2021-03,1784.47,0.00,160.60,2021-03-25
5355,198,2021-03,1823.80,0.00,164.14,2021-03-25
5356,199,2021-03,1554.65,0.00,139.92,2021-03-25
5357,200,2021-03,1682.45,0.00,151.42,2021-03-25
5358,201,2021-03,2008.83,0.00,180.79,2021-03-25
5359,202,2021-03,1751.00,0.00,157.59,2021-03-25
5360,203,2021-03,1766.65,0.00,159.00,2021-03-25
5361,204,2021-03,1795.87,0.00,161.63,2021-03-25
5362,205,2021-03,1771.42,0.00,159.43,2021-03-25
5363,206,2021-03,1610.66,0.00,144.96,2021-03-25
5364,207,2021-03,4322.89,0.00,389.06,2021-03-25
5365,209,2021-03,1595.41,0.00,143.59,2021-03-25
5366,210,2021-03,1928.51,0.00,173.57,2021-03-25
5367,211,2021-03,1513.61,0.00,136.22,2021-03-25
5368,212,2021-03,1575.13,0.00,141.76,2021-03-25
5369,214,2021-03,2203.26,0.00,198.29,2021-03-25
5370,215,2021-03,2789.18,0.00,251.03,2021-03-25
5371,216,2021-03,2790.22,0.00,251.12,2021-03-25
5372,217,2021-03,2037.64,0.00,183.39,2021-03-25
5373,218,2021-03,1628.33,0.00,146.55,2021-03-25
5374,219,2021-03,1778.12,0.00,160.03,2021-03-25
5375,220,2021-03,1566.61,0.00,140.99,2021-03-25
5376,225,2021-03,4626.54,0.00,416.39,2021-03-25
5377,226,2021-03,1807.78,0.00,162.70,2021-03-25
5378,227,2021-03,1725.87,0.00,155.33,2021-03-25
5379,228,2021-03,3095.81,0.00,278.62,2021-03-25
5380,229,2021-03,1613.35,0.00,145.20,2021-03-25
5381,230,2021-03,1509.21,0.00,135.83,2021-03-25
5382,231,2021-03,1978.62,0.00,178.08,2021-03-25
5383,232,2021-03,1514.37,0.00,136.29,2021-03-25
5384,233,2021-03,1655.23,0.00,148.97,2021-03-25
5385,234,2021-03,2286.82,0.00,205.81,2021-03-25
5386,235,2021-03,1577.60,0.00,141.98,2021-03-25
5387,236,2021-03,1839.11,0.00,165.52,2021-03-25
5388,237,2021-03,4794.12,0.00,431.47,2021-03-25
5389,238,2021-03,1935.56,0.00,174.20,2021-03-25
5390,239,2021-03,2895.83,0.00,260.62,2021-03-25
5391,240,2021-03,2249.40,0.00,202.45,2021-03-25
5392,241,2021-03,1624.48,0.00,146.20,2021-03-25
5393,242,2021-03,1787.22,0.00,160.85,2021-03-25
5394,243,2021-03,2250.90,0.00,202.58,2021-03-25
5395,244,2021-03,1596.58,0.00,143.69,2021-03-25
5396,1,2021-04,4594.53,0.00,413.51,2021-04-25
5397,2,2021-04,1528.26,0.00,137.54,2021-04-25
5398,3,2021-04,1557.89,0.00,140.21,2021-04-25
5399,4,2021-04,2154.77,0.00,193.93,2021-04-25
5400,5,2021-04,2035.33,0.00,183.18,2021-04-25
5401,6,2021-04,1586.80,0.00,142.81,2021-04-25
5402,7,2021-04,2773.22,0.00,249.59,2021-04-25
5403,8,2021-04,2351.70,0.00,211.65,2021-04-25
5404,9,2021-04,1606.52,0.00,144.59,2021-04-25
5405,10,2021-04,1639.00,0.00,147.51,2021-04-25
5406,11,2021-04,2784.59,0.00,250.61,2021-04-25
5407,12,2021-04,2012.46,0.00,181.12,2021-04-25
5408,13,2021-04,3129.49,0.00,281.65,2021-04-25
5409,14,2021-04,1928.37,0.00,173.55,2021-04-25
5410,15,2021-04,1735.16,0.00,156.16,2021-04-25
5411,16,2021-04,1789.74,0.00,161.08,2021-04-25
5412,17,2021-04,1630.38,0.00,146.73,2021-04-25
5413,19,2021-04,1599.04,0.00,143.91,2021-04-25
5414,20,2021-04,1565.85,0.00,140.93,2021-04-25
5415,21,2021-04,1708.64,0.00,153.78,2021-04-25
5416,22,2021-04,1880.16,0.00,169.21,2021-04-25
5417,23,2021-04,1745.31,0.00,157.08,2021-04-25
5418,28,2021-04,4404.15,0.00,396.37,2021-04-25
5419,29,2021-04,1588.45,0.00,142.96,2021-04-25
5420,30,2021-04,2692.35,0.00,242.31,2021-04-25
5421,31,2021-04,1801.10,0.00,162.10,2021-04-25
5422,32,2021-04,2305.18,0.00,207.47,2021-04-25
5423,33,2021-04,1771.75,0.00,159.46,2021-04-25
5424,35,2021-04,1709.96,0.00,153.90,2021-04-25
5425,36,2021-04,2041.16,0.00,183.70,2021-04-25
5426,37,2021-04,2789.49,0.00,251.05,2021-04-25
5427,39,2021-04,1794.59,0.00,161.51,2021-04-25
5428,40,2021-04,2082.75,0.00,187.45,2021-04-25
5429,41,2021-04,2043.87,0.00,183.95,2021-04-25
5430,42,2021-04,2376.31,0.00,213.87,2021-04-25
5431,43,2021-04,1550.85,0.00,139.58,2021-04-25
5432,44,2021-04,1640.50,0.00,147.64,2021-04-25
5433,45,2021-04,1538.31,0.00,138.45,2021-04-25
5434,46,2021-04,2711.62,0.00,244.05,2021-04-25
5435,47,2021-04,1739.09,0.00,156.52,2021-04-25
5436,49,2021-04,1707.32,0.00,153.66,2021-04-25
5437,50,2021-04,1662.20,0.00,149.60,2021-04-25
5438,51,2021-04,1828.23,0.00,164.54,2021-04-25
5439,52,2021-04,1716.94,0.00,154.52,2021-04-25
5440,60,2021-04,4868.40,0.00,438.16,2021-04-25
5441,61,2021-04,2178.51,0.00,196.07,2021-04-25
5442,62,2021-04,1815.80,0.00,163.42,2021-04-25
5443,63,2021-04,2215.89,0.00,199.43,2021-04-25
5444,64,2021-04,1656.58,0.00,149.09,2021-04-25
5445,65,2021-04,1843.61,0.00,165.92,2021-04-25
5446,66,2021-04,1756.10,0.00,158.05,2021-04-25
5447,67,2021-04,1982.13,0.00,178.39,2021-04-25
5448,68,2021-04,1755.24,0.00,157.97,2021-04-25
5449,70,2021-04,2339.26,0.00,210.53,2021-04-25
5450,71,2021-04,3053.48,0.00,274.81,2021-04-25
5451,72,2021-04,2781.29,0.00,250.32,2021-04-25
5452,73,2021-04,1787.50,0.00,160.88,2021-04-25
5453,74,2021-04,1740.34,0.00,156.63,2021-04-25
5454,75,2021-04,1750.50,0.00,157.54,2021-04-25
5455,76,2021-04,1858.54,0.00,167.27,2021-04-25
5456,77,2021-04,1829.94,0.00,164.69,2021-04-25
5457,78,2021-04,1863.78,0.00,167.74,2021-04-25
5458,82,2021-04,4912.56,0.00,442.13,2021-04-25
5459,83,2021-04,2848.57,0.00,256.37,2021-04-25
5460,84,2021-04,1633.65,0.00,147.03,2021-04-25
5461,85,2021-04,2851.74,0.00,256.66,2021-04-25
5462,86,2021-04,1552.42,0.00,139.72,2021-04-25
5463,87,2021-04,2138.98,0.00,192.51,2021-04-25
5464,88,2021-04,1590.64,0.00,143.16,2021-04-25
5465,89,2021-04,2247.27,0.00,202.25,2021-04-25
5466,90,2021-04,1842.78,0.00,165.85,2021-04-25
5467,91,2021-04,1767.39,0.00,159.07,2021-04-25
5468,92,2021-04,1892.44,0.00,170.32,2021-04-25
5469,93,2021-04,1571.51,0.00,141.44,2021-04-25
5470,94,2021-04,1955.06,0.00,175.96,2021-04-25
5471,95,2021-04,1635.80,0.00,147.22,2021-04-25
5472,96,2021-04,1663.00,0.00,149.67,2021-04-25
5473,97,2021-04,1522.70,0.00,137.04,2021-04-25
5474,100,2021-04,4898.23,0.00,440.84,2021-04-25
5475,101,2021-04,1635.37,0.00,147.18,2021-04-25
5476,102,2021-04,1628.21,0.00,146.54,2021-04-25
5477,103,2021-04,2835.64,0.00,255.21,2021-04-25
5478,105,2021-04,2225.77,0.00,200.32,2021-04-25
5479,107,2021-04,2726.98,0.00,245.43,2021-04-25
5480,108,2021-04,2121.17,0.00,190.91,2021-04-25
5481,109,2021-04,1606.68,0.00,144.60,2021-04-25
5482,110,2021-04,1741.13,0.00,156.70,2021-04-25
5483,111,2021-04,1579.75,0.00,142.18,2021-04-25
5484,112,2021-04,1702.39,0.00,153.22,2021-04-25
5485,115,2021-04,4508.28,0.00,405.75,2021-04-25
5486,116,2021-04,2269.33,0.00,204.24,2021-04-25
5487,117,2021-04,1578.81,0.00,142.09,2021-04-25
5488,118,2021-04,2842.12,0.00,255.79,2021-04-25
5489,119,2021-04,1656.65,0.00,149.10,2021-04-25
5490,120,2021-04,1559.07,0.00,140.32,2021-04-25
5491,121,2021-04,1815.65,0.00,163.41,2021-04-25
5492,122,2021-04,1648.57,0.00,148.37,2021-04-25
5493,123,2021-04,1623.20,0.00,146.09,2021-04-25
5494,124,2021-04,2156.71,0.00,194.10,2021-04-25
5495,125,2021-04,2307.79,0.00,207.70,2021-04-25
5496,126,2021-04,3134.55,0.00,282.11,2021-04-25
5497,127,2021-04,1595.86,0.00,143.63,2021-04-25
5498,128,2021-04,1535.92,0.00,138.23,2021-04-25
5499,130,2021-04,1872.71,0.00,168.54,2021-04-25
5500,131,2021-04,1815.57,0.00,163.40,2021-04-25
5501,132,2021-04,1525.94,0.00,137.33,2021-04-25
5502,136,2021-04,4893.53,0.00,440.42,2021-04-25
5503,137,2021-04,1647.04,0.00,148.23,2021-04-25
5504,138,2021-04,2921.10,0.00,262.90,2021-04-25
5505,139,2021-04,1519.84,0.00,136.79,2021-04-25
5506,140,2021-04,1736.23,0.00,156.26,2021-04-25
5507,141,2021-04,2319.17,0.00,208.73,2021-04-25
5508,143,2021-04,2067.75,0.00,186.10,2021-04-25
5509,144,2021-04,2159.59,0.00,194.36,2021-04-25
5510,146,2021-04,2743.22,0.00,246.89,2021-04-25
5511,147,2021-04,1695.14,0.00,152.56,2021-04-25
5512,148,2021-04,1812.16,0.00,163.09,2021-04-25
5513,149,2021-04,1602.37,0.00,144.21,2021-04-25
5514,150,2021-04,1837.81,0.00,165.40,2021-04-25
5515,151,2021-04,1675.68,0.00,150.81,2021-04-25
5516,152,2021-04,1587.96,0.00,142.92,2021-04-25
5517,156,2021-04,4552.86,0.00,409.76,2021-04-25
5518,157,2021-04,1902.63,0.00,171.24,2021-04-25
5519,158,2021-04,1696.48,0.00,152.68,2021-04-25
5520,159,2021-04,2001.08,0.00,180.10,2021-04-25
5521,160,2021-04,2788.85,0.00,251.00,2021-04-25
5522,161,2021-04,2134.62,0.00,192.12,2021-04-25
5523,162,2021-04,1500.57,0.00,135.05,2021-04-25
5524,163,2021-04,2017.76,0.00,181.60,2021-04-25
5525,164,2021-04,1834.44,0.00,165.10,2021-04-25
5526,165,2021-04,1612.09,0.00,145.09,2021-04-25
5527,166,2021-04,3000.21,0.00,270.02,2021-04-25
5528,168,2021-04,1735.38,0.00,156.18,2021-04-25
5529,169,2021-04,1848.51,0.00,166.37,2021-04-25
5530,171,2021-04,1496.31,0.00,134.67,2021-04-25
5531,172,2021-04,1784.67,0.00,160.62,2021-04-25
5532,176,2021-04,4547.47,0.00,409.27,2021-04-25
5533,177,2021-04,1699.63,0.00,152.97,2021-04-25
5534,178,2021-04,1764.67,0.00,158.82,2021-04-25
5535,179,2021-04,3100.63,0.00,279.06,2021-04-25
5536,180,2021-04,1800.44,0.00,162.04,2021-04-25
5537,181,2021-04,1520.46,0.00,136.84,2021-04-25
5538,183,2021-04,2143.29,0.00,192.90,2021-04-25
5539,184,2021-04,2243.25,0.00,201.89,2021-04-25
5540,186,2021-04,1715.52,0.00,154.40,2021-04-25
5541,191,2021-04,4821.26,0.00,433.91,2021-04-25
5542,192,2021-04,1891.06,0.00,170.20,2021-04-25
5543,193,2021-04,2267.35,0.00,204.06,2021-04-25
5544,194,2021-04,3009.21,0.00,270.83,2021-04-25
5545,195,2021-04,3125.22,0.00,281.27,2021-04-25
5546,196,2021-04,2160.73,0.00,194.47,2021-04-25
5547,197,2021-04,1772.33,0.00,159.51,2021-04-25
5548,198,2021-04,1816.37,0.00,163.47,2021-04-25
5549,199,2021-04,1561.38,0.00,140.52,2021-04-25
5550,200,2021-04,1672.43,0.00,150.52,2021-04-25
5551,201,2021-04,2008.11,0.00,180.73,2021-04-25
5552,202,2021-04,1748.29,0.00,157.35,2021-04-25
5553,203,2021-04,1771.43,0.00,159.43,2021-04-25
5554,204,2021-04,1789.74,0.00,161.08,2021-04-25
5555,205,2021-04,1775.24,0.00,159.77,2021-04-25
5556,206,2021-04,1602.96,0.00,144.27,2021-04-25
5557,207,2021-04,4313.88,0.00,388.25,2021-04-25
5558,209,2021-04,1586.14,0.00,142.75,2021-04-25
5559,210,2021-04,1930.98,0.00,173.79,2021-04-25
5560,211,2021-04,1509.65,0.00,135.87,2021-04-25
5561,212,2021-04,1575.40,0.00,141.79,2021-04-25
5562,214,2021-04,2201.73,0.00,198.16,2021-04-25
5563,215,2021-04,2780.42,0.00,250.24,2021-04-25
5564,216,2021-04,2787.03,0.00,250.83,2021-04-25
5565,217,2021-04,2033.06,0.00,182.98,2021-04-25
5566,218,2021-04,1626.97,0.00,146.43,2021-04-25
5567,219,2021-04,1774.81,0.00,159.73,2021-04-25
5568,220,2021-04,1570.47,0.00,141.34,2021-04-25
5569,225,2021-04,4645.52,0.00,418.10,2021-04-25
5570,226,2021-04,1813.71,0.00,163.23,2021-04-25
5571,227,2021-04,1725.04,0.00,155.25,2021-04-25
5572,228,2021-04,3087.58,0.00,277.88,2021-04-25
5573,229,2021-04,1605.32,0.00,144.48,2021-04-25
5574,230,2021-04,1519.96,0.00,136.80,2021-04-25
5575,231,2021-04,1971.54,0.00,177.44,2021-04-25
5576,232,2021-04,1509.65,0.00,135.87,2021-04-25
5577,233,2021-04,1661.64,0.00,149.55,2021-04-25
5578,234,2021-04,2282.13,0.00,205.39,2021-04-25
5579,235,2021-04,1580.33,0.00,142.23,2021-04-25
5580,236,2021-04,1848.09,0.00,166.33,2021-04-25
5581,237,2021-04,4799.14,0.00,431.92,2021-04-25
5582,238,2021-04,1931.06,0.00,173.80,2021-04-25
5583,239,2021-04,2887.58,0.00,259.88,2021-04-25
5584,240,2021-04,2250.52,0.00,202.55,2021-04-25
5585,241,2021-04,1619.75,0.00,145.78,2021-04-25
5586,242,2021-04,1802.74,0.00,162.25,2021-04-25
5587,243,2021-04,2249.27,0.00,202.43,2021-04-25
5588,244,2021-04,1600.27,0.00,144.02,2021-04-25
5589,1,2021-05,4602.95,690.44,414.27,2021-05-25
5590,2,2021-05,1525.25,228.79,137.27,2021-05-25
5591,3,2021-05,1564.23,234.63,140.78,2021-05-25
5592,4,2021-05,2169.04,325.36,195.21,2021-05-25
5593,5,2021-05,2026.75,304.01,182.41,2021-05-25
5594,6,2021-05,1588.64,238.30,142.98,2021-05-25
5595,7,2021-05,2783.79,417.57,250.54,2021-05-25
5596,8,2021-05,2355.11,353.27,211.96,2021-05-25
5597,9,2021-05,1612.43,241.86,145.12,2021-05-25
5598,10,2021-05,1646.19,246.93,148.16,2021-05-25
5599,11,2021-05,2807.59,421.14,252.68,2021-05-25
5600,12,2021-05,2013.48,302.02,181.21,2021-05-25
5601,13,2021-05,3125.54,468.83,281.30,2021-05-25
5602,14,2021-05,1938.77,290.82,174.49,2021-05-25
5603,15,2021-05,1738.11,260.72,156.43,2021-05-25
5604,16,2021-05,1804.28,270.64,162.39,2021-05-25
5605,17,2021-05,1635.08,245.26,147.16,2021-05-25
5606,19,2021-05,1611.90,241.78,145.07,2021-05-25
5607,20,2021-05,1570.38,235.56,141.33,2021-05-25
5608,21,2021-05,1703.57,255.54,153.32,2021-05-25
5609,22,2021-05,1874.37,281.16,168.69,2021-05-25
5610,23,2021-05,1735.75,260.36,156.22,2021-05-25
5611,28,2021-05,4384.23,657.63,394.58,2021-05-25
5612,29,2021-05,1590.10,238.51,143.11,2021-05-25
5613,30,2021-05,2695.22,404.28,242.57,2021-05-25
5614,31,2021-05,1799.32,269.90,161.94,2021-05-25
5615,32,2021-05,2323.64,348.55,209.13,2021-05-25
5616,33,2021-05,1768.83,265.32,159.19,2021-05-25
5617,35,2021-05,1711.61,256.74,154.04,2021-05-25
5618,36,2021-05,2027.72,304.16,182.49,2021-05-25
5619,37,2021-05,2790.57,418.59,251.15,2021-05-25
5620,39,2021-05,1797.76,269.66,161.80,2021-05-25
5621,40,2021-05,2077.63,311.64,186.99,2021-05-25
5622,41,2021-05,2049.12,307.37,184.42,2021-05-25
5623,42,2021-05,2376.18,356.43,213.86,2021-05-25
5624,43,2021-05,1556.46,233.47,140.08,2021-05-25
5625,44,2021-05,1653.62,248.04,148.83,2021-05-25
5626,45,2021-05,1543.86,231.58,138.95,2021-05-25
5627,46,2021-05,2722.53,408.38,245.03,2021-05-25
5628,47,2021-05,1735.79,260.37,156.22,2021-05-25
5629,49,2021-05,1705.20,255.78,153.47,2021-05-25
5630,50,2021-05,1665.86,249.88,149.93,2021-05-25
5631,51,2021-05,1832.39,274.86,164.92,2021-05-25
5632,52,2021-05,1714.93,257.24,154.34,2021-05-25
5633,60,2021-05,4886.51,732.98,439.79,2021-05-25
5634,61,2021-05,2176.47,326.47,195.88,2021-05-25
5635,62,2021-05,1815.74,272.36,163.42,2021-05-25
5636,63,2021-05,2231.49,334.72,200.83,2021-05-25
5637,64,2021-05,1652.21,247.83,148.70,2021-05-25
5638,65,2021-05,1835.63,275.34,165.21,2021-05-25
5639,66,2021-05,1761.04,264.16,158.49,2021-05-25
5640,67,2021-05,1984.98,297.75,178.65,2021-05-25
5641,68,2021-05,1748.96,262.34,157.41,2021-05-25
5642,70,2021-05,2330.52,349.58,209.75,2021-05-25
5643,71,2021-05,3054.94,458.24,274.94,2021-05-25
5644,72,2021-05,2775.16,416.27,249.76,2021-05-25
5645,73,2021-05,1788.05,268.21,160.92,2021-05-25
5646,74,2021-05,1735.06,260.26,156.16,2021-05-25
5647,75,2021-05,1739.98,261.00,156.60,2021-05-25
5648,76,2021-05,1847.83,277.17,166.30,2021-05-25
5649,77,2021-05,1838.83,275.82,165.49,2021-05-25
5650,78,2021-05,1875.42,281.31,168.79,2021-05-25
5651,82,2021-05,4896.77,734.52,440.71,2021-05-25
5652,83,2021-05,2846.25,426.94,256.16,2021-05-25
5653,84,2021-05,1635.47,245.32,147.19,2021-05-25
5654,85,2021-05,2863.89,429.58,257.75,2021-05-25
5655,86,2021-05,1542.71,231.41,138.84,2021-05-25
5656,87,2021-05,2137.72,320.66,192.39,2021-05-25
5657,88,2021-05,1589.11,238.37,143.02,2021-05-25
5658,89,2021-05,2253.10,337.96,202.78,2021-05-25
5659,90,2021-05,1848.01,277.20,166.32,2021-05-25
5660,91,2021-05,1765.52,264.83,158.90,2021-05-25
5661,92,2021-05,1902.62,285.39,171.24,2021-05-25
5662,93,2021-05,1561.10,234.16,140.50,2021-05-25
5663,94,2021-05,1967.07,295.06,177.04,2021-05-25
5664,95,2021-05,1643.72,246.56,147.93,2021-05-25
5665,96,2021-05,1650.60,247.59,148.55,2021-05-25
5666,97,2021-05,1523.99,228.60,137.16,2021-05-25
5667,100,2021-05,4904.34,735.65,441.39,2021-05-25
5668,101,2021-05,1639.62,245.94,147.57,2021-05-25
5669,102,2021-05,1626.69,244.00,146.40,2021-05-25
5670,103,2021-05,2823.77,423.57,254.14,2021-05-25
5671,105,2021-05,2220.52,333.08,199.85,2021-05-25
5672,107,2021-05,2708.32,406.25,243.75,2021-05-25
5673,108,2021-05,2114.17,317.13,190.28,2021-05-25
5674,109,2021-05,1605.85,240.88,144.53,2021-05-25
5675,110,2021-05,1739.60,260.94,156.56,2021-05-25
5676,111,2021-05,1588.08,238.21,142.93,2021-05-25
5677,112,2021-05,1702.32,255.35,153.21,2021-05-25
5678,115,2021-05,4476.56,671.48,402.89,2021-05-25
5679,116,2021-05,2289.51,343.43,206.06,2021-05-25
5680,117,2021-05,1588.11,238.22,142.93,2021-05-25
5681,118,2021-05,2831.92,424.79,254.87,2021-05-25
5682,119,2021-05,1651.85,247.78,148.67,2021-05-25
5683,120,2021-05,1549.67,232.45,139.47,2021-05-25
5684,121,2021-05,1807.33,271.10,162.66,2021-05-25
5685,122,2021-05,1648.30,247.24,148.35,2021-05-25
5686,123,2021-05,1619.43,242.91,145.75,2021-05-25
5687,124,2021-05,2151.42,322.71,193.63,2021-05-25
5688,125,2021-05,2289.09,343.36,206.02,2021-05-25
5689,126,2021-05,3150.76,472.61,283.57,2021-05-25
5690,127,2021-05,1607.18,241.08,144.65,2021-05-25
5691,128,2021-05,1529.31,229.40,137.64,2021-05-25
5692,130,2021-05,1866.09,279.91,167.95,2021-05-25
5693,131,2021-05,1811.37,271.71,163.02,2021-05-25
5694,132,2021-05,1528.05,229.21,137.52,2021-05-25
5695,136,2021-05,4924.57,738.69,443.21,2021-05-25
5696,137,2021-05,1654.67,248.20,148.92,2021-05-25
5697,138,2021-05,2921.03,438.15,262.89,2021-05-25
5698,139,2021-05,1514.76,227.21,136.33,2021-05-25
5699,140,2021-05,1729.44,259.42,155.65,2021-05-25
5700,141,2021-05,2319.48,347.92,208.75,2021-05-25
5701,143,2021-05,2070.12,310.52,186.31,2021-05-25
5702,144,2021-05,2153.78,323.07,193.84,2021-05-25
5703,146,2021-05,2742.95,411.44,246.87,2021-05-25
5704,147,2021-05,1692.79,253.92,152.35,2021-05-25
5705,148,2021-05,1819.06,272.86,163.72,2021-05-25
5706,149,2021-05,1589.48,238.42,143.05,2021-05-25
5707,150,2021-05,1848.96,277.34,166.41,2021-05-25
5708,151,2021-05,1671.22,250.68,150.41,2021-05-25
5709,152,2021-05,1581.43,237.21,142.33,2021-05-25
5710,156,2021-05,4550.24,682.54,409.52,2021-05-25
5711,157,2021-05,1906.87,286.03,171.62,2021-05-25
5712,158,2021-05,1706.46,255.97,153.58,2021-05-25
5713,159,2021-05,1998.89,299.83,179.90,2021-05-25
5714,160,2021-05,2796.72,419.51,251.70,2021-05-25
5715,161,2021-05,2127.72,319.16,191.49,2021-05-25
5716,162,2021-05,1498.09,224.71,134.83,2021-05-25
5717,163,2021-05,2015.10,302.26,181.36,2021-05-25
5718,164,2021-05,1840.56,276.08,165.65,2021-05-25
5719,165,2021-05,1612.82,241.92,145.15,2021-05-25
5720,166,2021-05,2989.05,448.36,269.01,2021-05-25
5721,168,2021-05,1745.34,261.80,157.08,2021-05-25
5722,169,2021-05,1834.02,275.10,165.06,2021-05-25
5723,171,2021-05,1500.72,225.11,135.06,2021-05-25
5724,172,2021-05,1771.26,265.69,159.41,2021-05-25
5725,176,2021-05,4512.16,676.82,406.09,2021-05-25
5726,177,2021-05,1708.87,256.33,153.80,2021-05-25
5727,178,2021-05,1757.93,263.69,158.21,2021-05-25
5728,179,2021-05,3093.27,463.99,278.39,2021-05-25
5729,180,2021-05,1789.74,268.46,161.08,2021-05-25
5730,181,2021-05,1512.77,226.92,136.15,2021-05-25
5731,183,2021-05,2150.00,322.50,193.50,2021-05-25
5732,184,2021-05,2237.65,335.65,201.39,2021-05-25
5733,186,2021-05,1724.43,258.66,155.20,2021-05-25
5734,191,2021-05,4839.97,726.00,435.60,2021-05-25
5735,192,2021-05,1874.82,281.22,168.73,2021-05-25
5736,193,2021-05,2264.54,339.68,203.81,2021-05-25
5737,194,2021-05,3010.35,451.55,270.93,2021-05-25
5738,195,2021-05,3140.17,471.03,282.62,2021-05-25
5739,196,2021-05,2162.28,324.34,194.61,2021-05-25
5740,197,2021-05,1777.43,266.61,159.97,2021-05-25
5741,198,2021-05,1823.66,273.55,164.13,2021-05-25
5742,199,2021-05,1553.63,233.04,139.83,2021-05-25
5743,200,2021-05,1674.15,251.12,150.67,2021-05-25
5744,201,2021-05,2005.69,300.85,180.51,2021-05-25
5745,202,2021-05,1750.38,262.56,157.53,2021-05-25
5746,203,2021-05,1766.88,265.03,159.02,2021-05-25
5747,204,2021-05,1802.11,270.32,162.19,2021-05-25
5748,205,2021-05,1778.63,266.79,160.08,2021-05-25
5749,206,2021-05,1615.74,242.36,145.42,2021-05-25
5750,207,2021-05,4333.54,650.03,390.02,2021-05-25
5751,209,2021-05,1593.11,238.97,143.38,2021-05-25
5752,210,2021-05,1926.74,289.01,173.41,2021-05-25
5753,211,2021-05,1515.85,227.38,136.43,2021-05-25
5754,212,2021-05,1582.94,237.44,142.46,2021-05-25
5755,214,2021-05,2210.17,331.53,198.92,2021-05-25
5756,215,2021-05,2797.10,419.56,251.74,2021-05-25
5757,216,2021-05,2800.31,420.05,252.03,2021-05-25
5758,217,2021-05,2025.79,303.87,182.32,2021-05-25
5759,218,2021-05,1624.68,243.70,146.22,2021-05-25
5760,219,2021-05,1767.65,265.15,159.09,2021-05-25
5761,220,2021-05,1567.50,235.12,141.07,2021-05-25
5762,225,2021-05,4668.68,700.30,420.18,2021-05-25
5763,226,2021-05,1817.65,272.65,163.59,2021-05-25
5764,227,2021-05,1732.35,259.85,155.91,2021-05-25
5765,228,2021-05,3098.52,464.78,278.87,2021-05-25
5766,229,2021-05,1612.81,241.92,145.15,2021-05-25
5767,230,2021-05,1514.39,227.16,136.30,2021-05-25
5768,231,2021-05,1973.98,296.10,177.66,2021-05-25
5769,232,2021-05,1506.63,225.99,135.60,2021-05-25
5770,233,2021-05,1664.68,249.70,149.82,2021-05-25
5771,234,2021-05,2297.38,344.61,206.76,2021-05-25
5772,235,2021-05,1569.36,235.40,141.24,2021-05-25
5773,236,2021-05,1846.43,276.96,166.18,2021-05-25
5774,237,2021-05,4780.24,717.04,430.22,2021-05-25
5775,238,2021-05,1936.00,290.40,174.24,2021-05-25
5776,239,2021-05,2911.52,436.73,262.04,2021-05-25
5777,240,2021-05,2241.74,336.26,201.76,2021-05-25
5778,241,2021-05,1624.64,243.70,146.22,2021-05-25
5779,242,2021-05,1791.46,268.72,161.23,2021-05-25
5780,243,2021-05,2239.99,336.00,201.60,2021-05-25
5781,244,2021-05,1609.11,241.37,144.82,2021-05-25
5782,1,2021-06,3913.47,0.00,352.21,2021-06-25
5783,2,2021-06,1298.21,0.00,116.84,2021-06-25
5784,3,2021-06,1332.69,0.00,119.94,2021-06-25
5785,4,2021-06,1829.81,0.00,164.68,2021-06-25
5786,5,2021-06,1727.74,0.00,155.50,2021-06-25
5787,6,2021-06,1348.12,0.00,121.33,2021-06-25
5788,7,2021-06,2356.97,0.00,212.13,2021-06-25
5789,8,2021-06,2004.22,0.00,180.38,2021-06-25
5790,9,2021-06,1366.98,0.00,123.03,2021-06-25
5791,10,2021-06,1403.28,0.00,126.30,2021-06-25
5792,11,2021-06,2373.15,0.00,213.58,2021-06-25
5793,12,2021-06,1699.40,0.00,152.95,2021-06-25
5794,13,2021-06,2649.47,0.00,238.45,2021-06-25
5795,14,2021-06,1651.89,0.00,148.67,2021-06-25
5796,15,2021-06,1470.79,0.00,132.37,2021-06-25
5797,16,2021-06,1523.87,0.00,137.15,2021-06-25
5798,17,2021-06,1387.72,0.00,124.89,2021-06-25
5799,19,2021-06,1368.01,0.00,123.12,2021-06-25
5800,20,2021-06,1328.79,0.00,119.59,2021-06-25
5801,21,2021-06,1450.31,0.00,130.53,2021-06-25
5802,22,2021-06,1594.99,0.00,143.55,2021-06-25
5803,23,2021-06,1478.80,0.00,133.09,2021-06-25
5804,28,2021-06,3728.58,0.00,335.57,2021-06-25
5805,29,2021-06,1341.15,0.00,120.70,2021-06-25
5806,30,2021-06,2294.08,0.00,206.47,2021-06-25
5807,31,2021-06,1532.76,0.00,137.95,2021-06-25
5808,32,2021-06,1964.70,0.00,176.82,2021-06-25
5809,33,2021-06,1500.09,0.00,135.01,2021-06-25
5810,35,2021-06,1464.76,0.00,131.83,2021-06-25
5811,36,2021-06,1723.17,0.00,155.09,2021-06-25
5812,37,2021-06,2383.52,0.00,214.52,2021-06-25
5813,39,2021-06,1532.49,0.00,137.92,2021-06-25
5814,40,2021-06,1775.10,0.00,159.76,2021-06-25
5815,41,2021-06,1737.03,0.00,156.33,2021-06-25
5816,42,2021-06,2019.48,0.00,181.75,2021-06-25
5817,43,2021-06,1319.03,0.00,118.71,2021-06-25
5818,44,2021-06,1396.49,0.00,125.68,2021-06-25
5819,45,2021-06,1311.24,0.00,118.01,2021-06-25
5820,46,2021-06,2302.44,0.00,207.22,2021-06-25
5821,47,2021-06,1469.36,0.00,132.24,2021-06-25
5822,49,2021-06,1454.86,0.00,130.94,2021-06-25
5823,50,2021-06,1415.66,0.00,127.41,2021-06-25
5824,51,2021-06,1544.53,0.00,139.01,2021-06-25
5825,52,2021-06,1465.12,0.00,131.86,2021-06-25
5826,60,2021-06,4134.20,0.00,372.08,2021-06-25
5827,61,2021-06,1841.66,0.00,165.75,2021-06-25
5828,62,2021-06,1529.92,0.00,137.69,2021-06-25
5829,63,2021-06,1900.24,0.00,171.02,2021-06-25
5830,64,2021-06,1405.51,0.00,126.50,2021-06-25
5831,65,2021-06,1565.93,0.00,140.93,2021-06-25
5832,66,2021-06,1494.04,0.00,134.46,2021-06-25
5833,67,2021-06,1687.07,0.00,151.84,2021-06-25
5834,68,2021-06,1493.02,0.00,134.37,2021-06-25
5835,70,2021-06,1991.19,0.00,179.21,2021-06-25
5836,71,2021-06,2590.10,0.00,233.11,2021-06-25
5837,72,2021-06,2363.02,0.00,212.67,2021-06-25
5838,73,2021-06,1508.84,0.00,135.80,2021-06-25
5839,74,2021-06,1477.29,0.00,132.96,2021-06-25
5840,75,2021-06,1481.01,0.00,133.29,2021-06-25
5841,76,2021-06,1572.29,0.00,141.51,2021-06-25
5842,77,2021-06,1564.29,0.00,140.79,2021-06-25
5843,78,2021-06,1585.03,0.00,142.65,2021-06-25
5844,82,2021-06,4178.65,0.00,376.08,2021-06-25
5845,83,2021-06,2410.16,0.00,216.91,2021-06-25
5846,84,2021-06,1391.50,0.00,125.23,2021-06-25
5847,85,2021-06,2437.33,0.00,219.36,2021-06-25
5848,86,2021-06,1320.71,0.00,118.86,2021-06-25
5849,87,2021-06,1824.97,0.00,164.25,2021-06-25
5850,88,2021-06,1348.51,0.00,121.37,2021-06-25
5851,89,2021-06,1913.41,0.00,172.21,2021-06-25
5852,90,2021-06,1561.76,0.00,140.56,2021-06-25
5853,91,2021-06,1505.87,0.00,135.53,2021-06-25
5854,92,2021-06,1622.01,0.00,145.98,2021-06-25
5855,93,2021-06,1333.35,0.00,120.00,2021-06-25
5856,94,2021-06,1669.42,0.00,150.25,2021-06-25
5857,95,2021-06,1394.35,0.00,125.49,2021-06-25
5858,96,2021-06,1412.64,0.00,127.14,2021-06-25
5859,97,2021-06,1290.71,0.00,116.16,2021-06-25
5860,100,2021-06,4160.19,0.00,374.42,2021-06-25
5861,101,2021-06,1394.74,0.00,125.53,2021-06-25
5862,102,2021-06,1387.15,0.00,124.84,2021-06-25
5863,103,2021-06,2401.71,0.00,216.15,2021-06-25
5864,105,2021-06,1899.79,0.00,170.98,2021-06-25
5865,107,2021-06,2305.67,0.00,207.51,2021-06-25
5866,108,2021-06,1799.60,0.00,161.96,2021-06-25
5867,109,2021-06,1355.84,0.00,122.03,2021-06-25
5868,110,2021-06,1473.00,0.00,132.57,2021-06-25
5869,111,2021-06,1343.45,0.00,120.91,2021-06-25
5870,112,2021-06,1444.75,0.00,130.03,2021-06-25
5871,115,2021-06,3824.12,0.00,344.17,2021-06-25
5872,116,2021-06,1938.04,0.00,174.42,2021-06-25
5873,117,2021-06,1346.54,0.00,121.19,2021-06-25
5874,118,2021-06,2400.91,0.00,216.08,2021-06-25
5875,119,2021-06,1412.66,0.00,127.14,2021-06-25
5876,120,2021-06,1314.60,0.00,118.31,2021-06-25
5877,121,2021-06,1537.54,0.00,138.38,2021-06-25
5878,122,2021-06,1399.29,0.00,125.94,2021-06-25
5879,123,2021-06,1375.07,0.00,123.76,2021-06-25
5880,124,2021-06,1837.50,0.00,165.38,2021-06-25
5881,125,2021-06,1960.16,0.00,176.41,2021-06-25
5882,126,2021-06,2670.11,0.00,240.31,2021-06-25
5883,128,2021-06,1305.58,0.00,117.50,2021-06-25
5884,130,2021-06,1587.91,0.00,142.91,2021-06-25
5885,131,2021-06,1553.63,0.00,139.83,2021-06-25
5886,132,2021-06,1291.57,0.00,116.24,2021-06-25
5887,136,2021-06,4192.95,0.00,377.37,2021-06-25
5888,137,2021-06,1398.98,0.00,125.91,2021-06-25
5889,138,2021-06,2477.67,0.00,222.99,2021-06-25
5890,139,2021-06,1282.38,0.00,115.41,2021-06-25
5891,140,2021-06,1473.48,0.00,132.61,2021-06-25
5892,141,2021-06,1966.46,0.00,176.98,2021-06-25
5893,143,2021-06,1749.84,0.00,157.49,2021-06-25
5894,144,2021-06,1829.15,0.00,164.62,2021-06-25
5895,146,2021-06,2314.79,0.00,208.33,2021-06-25
5896,147,2021-06,1435.94,0.00,129.23,2021-06-25
5897,148,2021-06,1553.35,0.00,139.80,2021-06-25
5898,149,2021-06,1360.81,0.00,122.47,2021-06-25
5899,150,2021-06,1557.54,0.00,140.18,2021-06-25
5900,151,2021-06,1422.48,0.00,128.02,2021-06-25
5901,152,2021-06,1346.31,0.00,121.17,2021-06-25
5902,156,2021-06,3879.73,0.00,349.18,2021-06-25
5903,157,2021-06,1615.22,0.00,145.37,2021-06-25
5904,158,2021-06,1441.31,0.00,129.72,2021-06-25
5905,159,2021-06,1708.96,0.00,153.81,2021-06-25
5906,160,2021-06,2360.96,0.00,212.49,2021-06-25
5907,161,2021-06,1808.74,0.00,162.79,2021-06-25
5908,162,2021-06,1267.37,0.00,114.06,2021-06-25
5909,163,2021-06,1709.60,0.00,153.86,2021-06-25
5910,164,2021-06,1567.25,0.00,141.05,2021-06-25
5911,165,2021-06,1366.10,0.00,122.95,2021-06-25
5912,166,2021-06,2533.59,0.00,228.02,2021-06-25
5913,168,2021-06,1483.03,0.00,133.47,2021-06-25
5914,169,2021-06,1558.67,0.00,140.28,2021-06-25
5915,171,2021-06,1277.95,0.00,115.02,2021-06-25
5916,172,2021-06,1516.64,0.00,136.50,2021-06-25
5917,176,2021-06,3850.83,0.00,346.57,2021-06-25
5918,177,2021-06,1453.48,0.00,130.81,2021-06-25
5919,178,2021-06,1501.08,0.00,135.10,2021-06-25
5920,179,2021-06,2614.84,0.00,235.34,2021-06-25
5921,180,2021-06,1517.21,0.00,136.55,2021-06-25
5922,181,2021-06,1291.46,0.00,116.23,2021-06-25
5923,183,2021-06,1824.10,0.00,164.17,2021-06-25
5924,184,2021-06,1905.84,0.00,171.53,2021-06-25
5925,186,2021-06,1459.40,0.00,131.35,2021-06-25
5926,191,2021-06,4096.54,0.00,368.69,2021-06-25
5927,192,2021-06,1608.83,0.00,144.79,2021-06-25
5928,193,2021-06,1920.12,0.00,172.81,2021-06-25
5929,194,2021-06,2537.68,0.00,228.39,2021-06-25
5930,195,2021-06,2656.30,0.00,239.07,2021-06-25
5931,196,2021-06,1838.67,0.00,165.48,2021-06-25
5932,197,2021-06,1506.02,0.00,135.54,2021-06-25
5933,198,2021-06,1549.08,0.00,139.42,2021-06-25
5934,199,2021-06,1327.54,0.00,119.48,2021-06-25
5935,200,2021-06,1422.96,0.00,128.07,2021-06-25
5936,201,2021-06,1700.84,0.00,153.08,2021-06-25
5937,202,2021-06,1479.70,0.00,133.17,2021-06-25
5938,203,2021-06,1498.93,0.00,134.90,2021-06-25
5939,204,2021-06,1528.65,0.00,137.58,2021-06-25
5940,205,2021-06,1508.92,0.00,135.80,2021-06-25
5941,206,2021-06,1371.72,0.00,123.45,2021-06-25
5942,207,2021-06,3689.10,0.00,332.02,2021-06-25
5943,209,2021-06,1355.96,0.00,122.04,2021-06-25
5944,210,2021-06,1641.22,0.00,147.71,2021-06-25
5945,211,2021-06,1291.36,0.00,116.22,2021-06-25
5946,212,2021-06,1351.17,0.00,121.61,2021-06-25
5947,214,2021-06,1871.84,0.00,168.47,2021-06-25
5948,215,2021-06,2384.09,0.00,214.57,2021-06-25
5949,216,2021-06,2364.70,0.00,212.82,2021-06-25
5950,217,2021-06,1727.99,0.00,155.52,2021-06-25
5951,218,2021-06,1374.71,0.00,123.72,2021-06-25
5952,219,2021-06,1502.59,0.00,135.23,2021-06-25
5953,220,2021-06,1326.47,0.00,119.38,2021-06-25
5954,225,2021-06,3938.56,0.00,354.47,2021-06-25
5955,226,2021-06,1538.16,0.00,138.43,2021-06-25
5956,227,2021-06,1466.50,0.00,131.98,2021-06-25
5957,228,2021-06,2630.89,0.00,236.78,2021-06-25
5958,229,2021-06,1362.48,0.00,122.62,2021-06-25
5959,230,2021-06,1283.27,0.00,115.49,2021-06-25
5960,231,2021-06,1673.71,0.00,150.63,2021-06-25
5961,232,2021-06,1277.45,0.00,114.97,2021-06-25
5962,233,2021-06,1414.36,0.00,127.29,2021-06-25
5963,234,2021-06,1939.88,0.00,174.59,2021-06-25
5964,235,2021-06,1333.33,0.00,120.00,2021-06-25
5965,236,2021-06,1566.61,0.00,140.99,2021-06-25
5966,237,2021-06,4071.52,0.00,366.44,2021-06-25
5967,238,2021-06,1638.26,0.00,147.44,2021-06-25
5968,239,2021-06,2476.79,0.00,222.91,2021-06-25
5969,240,2021-06,1916.83,0.00,172.51,2021-06-25
5970,241,2021-06,1379.01,0.00,124.11,2021-06-25
5971,242,2021-06,1528.24,0.00,137.54,2021-06-25
5972,243,2021-06,1906.88,0.00,171.62,2021-06-25
5973,244,2021-06,1359.34,0.00,122.34,2021-06-25
5974,1,2021-07,3913.70,0.00,352.23,2021-07-25
5975,2,2021-07,1301.00,0.00,117.09,2021-07-25
5976,3,2021-07,1329.91,0.00,119.69,2021-07-25
5977,4,2021-07,1843.03,0.00,165.87,2021-07-25
5978,5,2021-07,1728.92,0.00,155.60,2021-07-25
5979,6,2021-07,1353.98,0.00,121.86,2021-07-25
5980,7,2021-07,2359.85,0.00,212.39,2021-07-25
5981,8,2021-07,1995.06,0.00,179.56,2021-07-25
5982,9,2021-07,1373.69,0.00,123.63,2021-07-25
5983,10,2021-07,1394.64,0.00,125.52,2021-07-25
5984,11,2021-07,2374.35,0.00,213.69,2021-07-25
5985,12,2021-07,1702.84,0.00,153.26,2021-07-25
5986,13,2021-07,2656.55,0.00,239.09,2021-07-25
5987,14,2021-07,1646.55,0.00,148.19,2021-07-25
5988,15,2021-07,1464.29,0.00,131.79,2021-07-25
5989,16,2021-07,1522.62,0.00,137.04,2021-07-25
5990,17,2021-07,1389.71,0.00,125.07,2021-07-25
5991,19,2021-07,1368.45,0.00,123.16,2021-07-25
5992,20,2021-07,1323.00,0.00,119.07,2021-07-25
5993,21,2021-07,1440.89,0.00,129.68,2021-07-25
5994,22,2021-07,1601.95,0.00,144.18,2021-07-25
5995,23,2021-07,1476.05,0.00,132.84,2021-07-25
5996,28,2021-07,3740.25,0.00,336.62,2021-07-25
5997,30,2021-07,2300.40,0.00,207.04,2021-07-25
5998,31,2021-07,1536.78,0.00,138.31,2021-07-25
5999,32,2021-07,1960.78,0.00,176.47,2021-07-25
6000,33,2021-07,1509.12,0.00,135.82,2021-07-25
6001,35,2021-07,1457.43,0.00,131.17,2021-07-25
6002,36,2021-07,1735.57,0.00,156.20,2021-07-25
6003,37,2021-07,2378.88,0.00,214.10,2021-07-25
6004,39,2021-07,1524.33,0.00,137.19,2021-07-25
6005,40,2021-07,1776.34,0.00,159.87,2021-07-25
6006,41,2021-07,1733.17,0.00,155.99,2021-07-25
6007,42,2021-07,2017.29,0.00,181.56,2021-07-25
6008,43,2021-07,1325.15,0.00,119.26,2021-07-25
6009,44,2021-07,1405.62,0.00,126.51,2021-07-25
6010,45,2021-07,1310.67,0.00,117.96,2021-07-25
6011,46,2021-07,2301.28,0.00,207.12,2021-07-25
6012,47,2021-07,1472.76,0.00,132.55,2021-07-25
6013,49,2021-07,1451.27,0.00,130.61,2021-07-25
6014,50,2021-07,1421.09,0.00,127.90,2021-07-25
6015,51,2021-07,1552.24,0.00,139.70,2021-07-25
6016,52,2021-07,1457.20,0.00,131.15,2021-07-25
6017,60,2021-07,4126.87,0.00,371.42,2021-07-25
6018,61,2021-07,1845.32,0.00,166.08,2021-07-25
6019,62,2021-07,1532.11,0.00,137.89,2021-07-25
6020,63,2021-07,1891.23,0.00,170.21,2021-07-25
6021,64,2021-07,1413.20,0.00,127.19,2021-07-25
6022,65,2021-07,1571.81,0.00,141.46,2021-07-25
6023,66,2021-07,1503.32,0.00,135.30,2021-07-25
6024,67,2021-07,1688.18,0.00,151.94,2021-07-25
6025,68,2021-07,1492.48,0.00,134.32,2021-07-25
6026,70,2021-07,1981.36,0.00,178.32,2021-07-25
6027,71,2021-07,2607.18,0.00,234.65,2021-07-25
6028,72,2021-07,2363.98,0.00,212.76,2021-07-25
6029,73,2021-07,1520.71,0.00,136.86,2021-07-25
6030,74,2021-07,1480.19,0.00,133.22,2021-07-25
6031,75,2021-07,1477.52,0.00,132.98,2021-07-25
6032,76,2021-07,1575.37,0.00,141.78,2021-07-25
6033,77,2021-07,1551.07,0.00,139.60,2021-07-25
6034,78,2021-07,1585.36,0.00,142.68,2021-07-25
6035,82,2021-07,4162.98,0.00,374.67,2021-07-25
6036,83,2021-07,2417.41,0.00,217.57,2021-07-25
6037,84,2021-07,1399.75,0.00,125.98,2021-07-25
6038,85,2021-07,2433.05,0.00,218.97,2021-07-25
6039,86,2021-07,1319.10,0.00,118.72,2021-07-25
6040,87,2021-07,1821.81,0.00,163.96,2021-07-25
6041,88,2021-07,1350.23,0.00,121.52,2021-07-25
6042,89,2021-07,1916.70,0.00,172.50,2021-07-25
6043,90,2021-07,1568.35,0.00,141.15,2021-07-25
6044,91,2021-07,1504.84,0.00,135.44,2021-07-25
6045,92,2021-07,1618.08,0.00,145.63,2021-07-25
6046,93,2021-07,1328.86,0.00,119.60,2021-07-25
6047,94,2021-07,1664.97,0.00,149.85,2021-07-25
6048,95,2021-07,1398.00,0.00,125.82,2021-07-25
6049,96,2021-07,1414.26,0.00,127.28,2021-07-25
6050,97,2021-07,1300.00,0.00,117.00,2021-07-25
6051,100,2021-07,4152.45,0.00,373.72,2021-07-25
6052,101,2021-07,1393.56,0.00,125.42,2021-07-25
6053,102,2021-07,1379.76,0.00,124.18,2021-07-25
6054,103,2021-07,2398.55,0.00,215.87,2021-07-25
6055,105,2021-07,1898.17,0.00,170.84,2021-07-25
6056,107,2021-07,2299.19,0.00,206.93,2021-07-25
6057,108,2021-07,1797.29,0.00,161.76,2021-07-25
6058,109,2021-07,1365.23,0.00,122.87,2021-07-25
6059,110,2021-07,1480.00,0.00,133.20,2021-07-25
6060,111,2021-07,1337.12,0.00,120.34,2021-07-25
6061,112,2021-07,1449.52,0.00,130.46,2021-07-25
6062,115,2021-07,3814.56,0.00,343.31,2021-07-25
6063,116,2021-07,1944.16,0.00,174.97,2021-07-25
6064,117,2021-07,1347.40,0.00,121.27,2021-07-25
6065,118,2021-07,2403.77,0.00,216.34,2021-07-25
6066,119,2021-07,1415.43,0.00,127.39,2021-07-25
6067,120,2021-07,1319.76,0.00,118.78,2021-07-25
6068,121,2021-07,1544.92,0.00,139.04,2021-07-25
6069,122,2021-07,1394.86,0.00,125.54,2021-07-25
6070,123,2021-07,1377.69,0.00,123.99,2021-07-25
6071,124,2021-07,1834.74,0.00,165.13,2021-07-25
6072,125,2021-07,1959.93,0.00,176.39,2021-07-25
6073,126,2021-07,2687.84,0.00,241.91,2021-07-25
6074,128,2021-07,1303.30,0.00,117.30,2021-07-25
6075,130,2021-07,1584.78,0.00,142.63,2021-07-25
6076,131,2021-07,1545.30,0.00,139.08,2021-07-25
6077,132,2021-07,1295.93,0.00,116.63,2021-07-25
6078,136,2021-07,4162.61,0.00,374.63,2021-07-25
6079,137,2021-07,1398.65,0.00,125.88,2021-07-25
6080,138,2021-07,2473.02,0.00,222.57,2021-07-25
6081,139,2021-07,1290.45,0.00,116.14,2021-07-25
6082,140,2021-07,1476.65,0.00,132.90,2021-07-25
6083,141,2021-07,1954.88,0.00,175.94,2021-07-25
6084,143,2021-07,1760.10,0.00,158.41,2021-07-25
6085,144,2021-07,1828.19,0.00,164.54,2021-07-25
6086,146,2021-07,2313.95,0.00,208.26,2021-07-25
6087,147,2021-07,1444.80,0.00,130.03,2021-07-25
6088,148,2021-07,1544.18,0.00,138.98,2021-07-25
6089,149,2021-07,1362.05,0.00,122.58,2021-07-25
6090,150,2021-07,1566.57,0.00,140.99,2021-07-25
6091,151,2021-07,1422.50,0.00,128.03,2021-07-25
6092,152,2021-07,1341.16,0.00,120.70,2021-07-25
6093,156,2021-07,3882.72,0.00,349.44,2021-07-25
6094,157,2021-07,1620.46,0.00,145.84,2021-07-25
6095,158,2021-07,1453.49,0.00,130.81,2021-07-25
6096,159,2021-07,1703.24,0.00,153.29,2021-07-25
6097,160,2021-07,2378.61,0.00,214.07,2021-07-25
6098,161,2021-07,1805.25,0.00,162.47,2021-07-25
6099,162,2021-07,1272.90,0.00,114.56,2021-07-25
6100,163,2021-07,1719.05,0.00,154.71,2021-07-25
6101,164,2021-07,1568.59,0.00,141.17,2021-07-25
6102,165,2021-07,1365.24,0.00,122.87,2021-07-25
6103,166,2021-07,2554.56,0.00,229.91,2021-07-25
6104,168,2021-07,1481.66,0.00,133.35,2021-07-25
6105,169,2021-07,1571.83,0.00,141.46,2021-07-25
6106,171,2021-07,1277.14,0.00,114.94,2021-07-25
6107,172,2021-07,1515.63,0.00,136.41,2021-07-25
6108,176,2021-07,3843.94,0.00,345.95,2021-07-25
6109,177,2021-07,1448.14,0.00,130.33,2021-07-25
6110,178,2021-07,1502.18,0.00,135.20,2021-07-25
6111,179,2021-07,2638.21,0.00,237.44,2021-07-25
6112,180,2021-07,1519.31,0.00,136.74,2021-07-25
6113,181,2021-07,1287.01,0.00,115.83,2021-07-25
6114,183,2021-07,1814.66,0.00,163.32,2021-07-25
6115,184,2021-07,1902.18,0.00,171.20,2021-07-25
6116,186,2021-07,1463.06,0.00,131.68,2021-07-25
6117,191,2021-07,4081.73,0.00,367.36,2021-07-25
6118,192,2021-07,1594.37,0.00,143.49,2021-07-25
6119,193,2021-07,1923.23,0.00,173.09,2021-07-25
6120,194,2021-07,2553.58,0.00,229.82,2021-07-25
6121,195,2021-07,2670.42,0.00,240.34,2021-07-25
6122,196,2021-07,1823.65,0.00,164.13,2021-07-25
6123,197,2021-07,1509.80,0.00,135.88,2021-07-25
6124,198,2021-07,1548.87,0.00,139.40,2021-07-25
6125,199,2021-07,1316.42,0.00,118.48,2021-07-25
6126,200,2021-07,1426.92,0.00,128.42,2021-07-25
6127,201,2021-07,1709.81,0.00,153.88,2021-07-25
6128,202,2021-07,1491.03,0.00,134.19,2021-07-25
6129,203,2021-07,1511.90,0.00,136.07,2021-07-25
6130,204,2021-07,1529.28,0.00,137.64,2021-07-25
6131,205,2021-07,1506.26,0.00,135.56,2021-07-25
6132,206,2021-07,1371.53,0.00,123.44,2021-07-25
6133,207,2021-07,3682.23,0.00,331.40,2021-07-25
6134,209,2021-07,1356.58,0.00,122.09,2021-07-25
6135,210,2021-07,1651.48,0.00,148.63,2021-07-25
6136,211,2021-07,1289.37,0.00,116.04,2021-07-25
6137,212,2021-07,1345.41,0.00,121.09,2021-07-25
6138,214,2021-07,1876.95,0.00,168.93,2021-07-25
6139,215,2021-07,2370.89,0.00,213.38,2021-07-25
6140,216,2021-07,2371.69,0.00,213.45,2021-07-25
6141,217,2021-07,1725.62,0.00,155.31,2021-07-25
6142,218,2021-07,1384.29,0.00,124.59,2021-07-25
6143,219,2021-07,1499.89,0.00,134.99,2021-07-25
6144,220,2021-07,1333.28,0.00,120.00,2021-07-25
6145,225,2021-07,3940.69,0.00,354.66,2021-07-25
6146,226,2021-07,1540.68,0.00,138.66,2021-07-25
6147,227,2021-07,1475.49,0.00,132.79,2021-07-25
6148,228,2021-07,2623.76,0.00,236.14,2021-07-25
6149,229,2021-07,1372.83,0.00,123.55,2021-07-25
6150,230,2021-07,1290.45,0.00,116.14,2021-07-25
6151,231,2021-07,1676.28,0.00,150.87,2021-07-25
6152,232,2021-07,1278.10,0.00,115.03,2021-07-25
6153,233,2021-07,1409.99,0.00,126.90,2021-07-25
6154,234,2021-07,1949.09,0.00,175.42,2021-07-25
6155,235,2021-07,1331.83,0.00,119.86,2021-07-25
6156,236,2021-07,1563.12,0.00,140.68,2021-07-25
6157,237,2021-07,4057.19,0.00,365.15,2021-07-25
6158,238,2021-07,1643.02,0.00,147.87,2021-07-25
6159,239,2021-07,2469.01,0.00,222.21,2021-07-25
6160,240,2021-07,1901.50,0.00,171.13,2021-07-25
6161,241,2021-07,1373.10,0.00,123.58,2021-07-25
6162,242,2021-07,1520.17,0.00,136.82,2021-07-25
6163,243,2021-07,1917.91,0.00,172.61,2021-07-25
6164,244,2021-07,1360.84,0.00,122.48,2021-07-25
6165,1,2021-08,3922.02,0.00,352.98,2021-08-25
6166,2,2021-08,1303.16,0.00,117.28,2021-08-25
6167,3,2021-08,1322.97,0.00,119.07,2021-08-25
6168,4,2021-08,1833.71,0.00,165.03,2021-08-25
6169,5,2021-08,1715.65,0.00,154.41,2021-08-25
6170,6,2021-08,1347.35,0.00,121.26,2021-08-25
6171,7,2021-08,2362.06,0.00,212.59,2021-08-25
6172,8,2021-08,2008.60,0.00,180.77,2021-08-25
6173,9,2021-08,1368.16,0.00,123.13,2021-08-25
6174,10,2021-08,1406.26,0.00,126.56,2021-08-25
6175,11,2021-08,2367.29,0.00,213.06,2021-08-25
6176,12,2021-08,1711.16,0.00,154.00,2021-08-25
6177,13,2021-08,2646.98,0.00,238.23,2021-08-25
6178,14,2021-08,1653.80,0.00,148.84,2021-08-25
6179,15,2021-08,1473.88,0.00,132.65,2021-08-25
6180,16,2021-08,1525.82,0.00,137.32,2021-08-25
6181,17,2021-08,1386.97,0.00,124.83,2021-08-25
6182,19,2021-08,1370.96,0.00,123.39,2021-08-25
6183,20,2021-08,1331.43,0.00,119.83,2021-08-25
6184,21,2021-08,1446.43,0.00,130.18,2021-08-25
6185,22,2021-08,1597.52,0.00,143.78,2021-08-25
6186,23,2021-08,1473.45,0.00,132.61,2021-08-25
6187,28,2021-08,3722.47,0.00,335.02,2021-08-25
6188,30,2021-08,2305.43,0.00,207.49,2021-08-25
6189,31,2021-08,1527.80,0.00,137.50,2021-08-25
6190,32,2021-08,1977.80,0.00,178.00,2021-08-25
6191,33,2021-08,1508.55,0.00,135.77,2021-08-25
6192,35,2021-08,1453.09,0.00,130.78,2021-08-25
6193,36,2021-08,1727.57,0.00,155.48,2021-08-25
6194,37,2021-08,2373.06,0.00,213.58,2021-08-25
6195,40,2021-08,1768.32,0.00,159.15,2021-08-25
6196,41,2021-08,1726.31,0.00,155.37,2021-08-25
6197,42,2021-08,2006.70,0.00,180.60,2021-08-25
6198,43,2021-08,1320.95,0.00,118.89,2021-08-25
6199,44,2021-08,1397.17,0.00,125.75,2021-08-25
6200,45,2021-08,1305.10,0.00,117.46,2021-08-25
6201,46,2021-08,2303.98,0.00,207.36,2021-08-25
6202,47,2021-08,1472.10,0.00,132.49,2021-08-25
6203,49,2021-08,1455.29,0.00,130.98,2021-08-25
6204,50,2021-08,1413.08,0.00,127.18,2021-08-25
6205,51,2021-08,1550.18,0.00,139.52,2021-08-25
6206,52,2021-08,1469.61,0.00,132.26,2021-08-25
6207,60,2021-08,4135.05,0.00,372.15,2021-08-25
6208,61,2021-08,1857.02,0.00,167.13,2021-08-25
6209,62,2021-08,1543.41,0.00,138.91,2021-08-25
6210,63,2021-08,1883.06,0.00,169.48,2021-08-25
6211,64,2021-08,1409.36,0.00,126.84,2021-08-25
6212,65,2021-08,1569.84,0.00,141.29,2021-08-25
6213,66,2021-08,1494.93,0.00,134.54,2021-08-25
6214,67,2021-08,1691.08,0.00,152.20,2021-08-25
6215,68,2021-08,1486.49,0.00,133.78,2021-08-25
6216,70,2021-08,1989.92,0.00,179.09,2021-08-25
6217,71,2021-08,2588.54,0.00,232.97,2021-08-25
6218,72,2021-08,2358.11,0.00,212.23,2021-08-25
6219,73,2021-08,1517.73,0.00,136.60,2021-08-25
6220,74,2021-08,1482.08,0.00,133.39,2021-08-25
6221,75,2021-08,1486.63,0.00,133.80,2021-08-25
6222,76,2021-08,1568.74,0.00,141.19,2021-08-25
6223,77,2021-08,1560.86,0.00,140.48,2021-08-25
6224,78,2021-08,1592.62,0.00,143.34,2021-08-25
6225,82,2021-08,4165.39,0.00,374.89,2021-08-25
6226,83,2021-08,2416.60,0.00,217.49,2021-08-25
6227,84,2021-08,1388.65,0.00,124.98,2021-08-25
6228,85,2021-08,2437.99,0.00,219.42,2021-08-25
6229,87,2021-08,1830.21,0.00,164.72,2021-08-25
6230,88,2021-08,1351.06,0.00,121.60,2021-08-25
6231,89,2021-08,1911.68,0.00,172.05,2021-08-25
6232,91,2021-08,1505.27,0.00,135.47,2021-08-25
6233,92,2021-08,1622.92,0.00,146.06,2021-08-25
6234,93,2021-08,1332.36,0.00,119.91,2021-08-25
6235,94,2021-08,1658.98,0.00,149.31,2021-08-25
6236,95,2021-08,1391.74,0.00,125.26,2021-08-25
6237,96,2021-08,1413.27,0.00,127.19,2021-08-25
6238,97,2021-08,1295.15,0.00,116.56,2021-08-25
6239,100,2021-08,4163.96,0.00,374.76,2021-08-25
6240,101,2021-08,1388.86,0.00,125.00,2021-08-25
6241,102,2021-08,1383.98,0.00,124.56,2021-08-25
6242,103,2021-08,2397.99,0.00,215.82,2021-08-25
6243,105,2021-08,1899.48,0.00,170.95,2021-08-25
6244,107,2021-08,2313.55,0.00,208.22,2021-08-25
6245,108,2021-08,1800.87,0.00,162.08,2021-08-25
6246,109,2021-08,1362.18,0.00,122.60,2021-08-25
6247,110,2021-08,1476.05,0.00,132.84,2021-08-25
6248,111,2021-08,1348.54,0.00,121.37,2021-08-25
6249,112,2021-08,1446.45,0.00,130.18,2021-08-25
6250,115,2021-08,3827.75,0.00,344.50,2021-08-25
6251,116,2021-08,1930.26,0.00,173.72,2021-08-25
6252,117,2021-08,1344.70,0.00,121.02,2021-08-25
6253,118,2021-08,2416.13,0.00,217.45,2021-08-25
6254,119,2021-08,1414.40,0.00,127.30,2021-08-25
6255,120,2021-08,1323.77,0.00,119.14,2021-08-25
6256,121,2021-08,1539.82,0.00,138.58,2021-08-25
6257,122,2021-08,1400.76,0.00,126.07,2021-08-25
6258,123,2021-08,1379.37,0.00,124.14,2021-08-25
6259,124,2021-08,1830.26,0.00,164.72,2021-08-25
6260,125,2021-08,1947.86,0.00,175.31,2021-08-25
6261,126,2021-08,2675.12,0.00,240.76,2021-08-25
6262,128,2021-08,1298.29,0.00,116.85,2021-08-25
6263,130,2021-08,1585.96,0.00,142.74,2021-08-25
6264,131,2021-08,1553.71,0.00,139.83,2021-08-25
6265,132,2021-08,1292.34,0.00,116.31,2021-08-25
6266,136,2021-08,4160.54,0.00,374.45,2021-08-25
6267,138,2021-08,2468.91,0.00,222.20,2021-08-25
6268,139,2021-08,1285.10,0.00,115.66,2021-08-25
6269,140,2021-08,1478.37,0.00,133.05,2021-08-25
6270,141,2021-08,1961.33,0.00,176.52,2021-08-25
6271,143,2021-08,1750.19,0.00,157.52,2021-08-25
6272,144,2021-08,1832.36,0.00,164.91,2021-08-25
6273,146,2021-08,2310.60,0.00,207.95,2021-08-25
6274,147,2021-08,1435.27,0.00,129.17,2021-08-25
6275,148,2021-08,1546.66,0.00,139.20,2021-08-25
6276,149,2021-08,1355.62,0.00,122.01,2021-08-25
6277,150,2021-08,1561.58,0.00,140.54,2021-08-25
6278,151,2021-08,1425.49,0.00,128.29,2021-08-25
6279,152,2021-08,1345.62,0.00,121.11,2021-08-25
6280,156,2021-08,3891.94,0.00,350.27,2021-08-25
6281,157,2021-08,1614.64,0.00,145.32,2021-08-25
6282,158,2021-08,1440.76,0.00,129.67,2021-08-25
6283,159,2021-08,1710.32,0.00,153.93,2021-08-25
6284,160,2021-08,2369.43,0.00,213.25,2021-08-25
6285,161,2021-08,1815.50,0.00,163.39,2021-08-25
6286,162,2021-08,1271.84,0.00,114.47,2021-08-25
6287,163,2021-08,1718.69,0.00,154.68,2021-08-25
6288,165,2021-08,1364.02,0.00,122.76,2021-08-25
6289,166,2021-08,2540.32,0.00,228.63,2021-08-25
6290,168,2021-08,1476.80,0.00,132.91,2021-08-25
6291,169,2021-08,1570.22,0.00,141.32,2021-08-25
6292,171,2021-08,1274.90,0.00,114.74,2021-08-25
6293,172,2021-08,1512.56,0.00,136.13,2021-08-25
6294,176,2021-08,3867.37,0.00,348.06,2021-08-25
6295,177,2021-08,1456.75,0.00,131.11,2021-08-25
6296,178,2021-08,1495.35,0.00,134.58,2021-08-25
6297,179,2021-08,2617.40,0.00,235.57,2021-08-25
6298,180,2021-08,1519.19,0.00,136.73,2021-08-25
6299,181,2021-08,1289.15,0.00,116.02,2021-08-25
6300,183,2021-08,1829.56,0.00,164.66,2021-08-25
6301,184,2021-08,1916.60,0.00,172.49,2021-08-25
6302,186,2021-08,1456.52,0.00,131.09,2021-08-25
6303,191,2021-08,4109.36,0.00,369.84,2021-08-25
6304,192,2021-08,1594.11,0.00,143.47,2021-08-25
6305,193,2021-08,1931.96,0.00,173.88,2021-08-25
6306,194,2021-08,2535.83,0.00,228.22,2021-08-25
6307,195,2021-08,2669.30,0.00,240.24,2021-08-25
6308,196,2021-08,1831.47,0.00,164.83,2021-08-25
6309,197,2021-08,1514.80,0.00,136.33,2021-08-25
6310,198,2021-08,1538.45,0.00,138.46,2021-08-25
6311,199,2021-08,1324.89,0.00,119.24,2021-08-25
6312,200,2021-08,1427.08,0.00,128.44,2021-08-25
6313,201,2021-08,1713.15,0.00,154.18,2021-08-25
6314,202,2021-08,1488.36,0.00,133.95,2021-08-25
6315,203,2021-08,1498.35,0.00,134.85,2021-08-25
6316,204,2021-08,1531.48,0.00,137.83,2021-08-25
6317,205,2021-08,1512.78,0.00,136.15,2021-08-25
6318,206,2021-08,1365.34,0.00,122.88,2021-08-25
6319,207,2021-08,3672.31,0.00,330.51,2021-08-25
6320,209,2021-08,1356.44,0.00,122.08,2021-08-25
6321,210,2021-08,1651.20,0.00,148.61,2021-08-25
6322,211,2021-08,1286.94,0.00,115.82,2021-08-25
6323,212,2021-08,1338.81,0.00,120.49,2021-08-25
6324,214,2021-08,1871.46,0.00,168.43,2021-08-25
6325,215,2021-08,2367.91,0.00,213.11,2021-08-25
6326,216,2021-08,2386.29,0.00,214.77,2021-08-25
6327,217,2021-08,1727.43,0.00,155.47,2021-08-25
6328,218,2021-08,1378.98,0.00,124.11,2021-08-25
6329,219,2021-08,1508.69,0.00,135.78,2021-08-25
6330,220,2021-08,1332.42,0.00,119.92,2021-08-25
6331,225,2021-08,3961.65,0.00,356.55,2021-08-25
6332,226,2021-08,1534.61,0.00,138.11,2021-08-25
6333,227,2021-08,1476.96,0.00,132.93,2021-08-25
6334,228,2021-08,2614.67,0.00,235.32,2021-08-25
6335,229,2021-08,1375.60,0.00,123.80,2021-08-25
6336,230,2021-08,1281.82,0.00,115.36,2021-08-25
6337,231,2021-08,1670.89,0.00,150.38,2021-08-25
6338,232,2021-08,1276.70,0.00,114.90,2021-08-25
6339,233,2021-08,1412.62,0.00,127.14,2021-08-25
6340,234,2021-08,1943.27,0.00,174.89,2021-08-25
6341,235,2021-08,1340.89,0.00,120.68,2021-08-25
6342,236,2021-08,1575.24,0.00,141.77,2021-08-25
6343,237,2021-08,4090.14,0.00,368.11,2021-08-25
6344,238,2021-08,1641.24,0.00,147.71,2021-08-25
6345,239,2021-08,2476.87,0.00,222.92,2021-08-25
6346,240,2021-08,1914.53,0.00,172.31,2021-08-25
6347,241,2021-08,1373.72,0.00,123.63,2021-08-25
6348,242,2021-08,1531.66,0.00,137.85,2021-08-25
6349,243,2021-08,1916.03,0.00,172.44,2021-08-25
6350,244,2021-08,1365.22,0.00,122.87,2021-08-25
6351,1,2021-09,4600.53,0.00,414.05,2021-09-25
6352,2,2021-09,1527.59,0.00,137.48,2021-09-25
6353,3,2021-09,1567.58,0.00,141.08,2021-09-25
6354,4,2021-09,2171.03,0.00,195.39,2021-09-25
6355,5,2021-09,2027.44,0.00,182.47,2021-09-25
6356,6,2021-09,1588.89,0.00,143.00,2021-09-25
6357,7,2021-09,2781.32,0.00,250.32,2021-09-25
6358,8,2021-09,2365.26,0.00,212.87,2021-09-25
6359,9,2021-09,1617.72,0.00,145.59,2021-09-25
6360,10,2021-09,1643.12,0.00,147.88,2021-09-25
6361,11,2021-09,2805.56,0.00,252.50,2021-09-25
6362,12,2021-09,1998.19,0.00,179.84,2021-09-25
6363,13,2021-09,3111.05,0.00,279.99,2021-09-25
6364,14,2021-09,1929.73,0.00,173.68,2021-09-25
6365,15,2021-09,1726.08,0.00,155.35,2021-09-25
6366,16,2021-09,1804.33,0.00,162.39,2021-09-25
6367,19,2021-09,1609.38,0.00,144.84,2021-09-25
6368,20,2021-09,1556.24,0.00,140.06,2021-09-25
6369,21,2021-09,1700.57,0.00,153.05,2021-09-25
6370,22,2021-09,1884.43,0.00,169.60,2021-09-25
6371,23,2021-09,1746.52,0.00,157.19,2021-09-25
6372,28,2021-09,4396.12,0.00,395.65,2021-09-25
6373,30,2021-09,2695.37,0.00,242.58,2021-09-25
6374,31,2021-09,1792.73,0.00,161.35,2021-09-25
6375,32,2021-09,2318.74,0.00,208.69,2021-09-25
6376,33,2021-09,1760.38,0.00,158.43,2021-09-25
6377,35,2021-09,1719.68,0.00,154.77,2021-09-25
6378,36,2021-09,2026.34,0.00,182.37,2021-09-25
6379,37,2021-09,2788.02,0.00,250.92,2021-09-25
6380,40,2021-09,2088.91,0.00,188.00,2021-09-25
6381,41,2021-09,2036.39,0.00,183.28,2021-09-25
6382,42,2021-09,2357.18,0.00,212.15,2021-09-25
6383,43,2021-09,1550.23,0.00,139.52,2021-09-25
6384,44,2021-09,1654.67,0.00,148.92,2021-09-25
6385,45,2021-09,1534.32,0.00,138.09,2021-09-25
6386,46,2021-09,2706.33,0.00,243.57,2021-09-25
6387,47,2021-09,1726.19,0.00,155.36,2021-09-25
6388,49,2021-09,1705.79,0.00,153.52,2021-09-25
6389,50,2021-09,1674.58,0.00,150.71,2021-09-25
6390,51,2021-09,1832.71,0.00,164.94,2021-09-25
6391,52,2021-09,1719.58,0.00,154.76,2021-09-25
6392,60,2021-09,4865.37,0.00,437.88,2021-09-25
6393,61,2021-09,2168.44,0.00,195.16,2021-09-25
6394,62,2021-09,1805.31,0.00,162.48,2021-09-25
6395,63,2021-09,2228.73,0.00,200.59,2021-09-25
6396,65,2021-09,1845.69,0.00,166.11,2021-09-25
6397,66,2021-09,1754.71,0.00,157.92,2021-09-25
6398,67,2021-09,1982.07,0.00,178.39,2021-09-25
6399,68,2021-09,1759.74,0.00,158.38,2021-09-25
6400,70,2021-09,2342.07,0.00,210.79,2021-09-25
6401,71,2021-09,3050.48,0.00,274.54,2021-09-25
6402,72,2021-09,2781.58,0.00,250.34,2021-09-25
6403,73,2021-09,1789.47,0.00,161.05,2021-09-25
6404,74,2021-09,1733.93,0.00,156.05,2021-09-25
6405,75,2021-09,1741.21,0.00,156.71,2021-09-25
6406,76,2021-09,1850.22,0.00,166.52,2021-09-25
6407,77,2021-09,1840.60,0.00,165.65,2021-09-25
6408,78,2021-09,1869.08,0.00,168.22,2021-09-25
6409,82,2021-09,4932.32,0.00,443.91,2021-09-25
6410,83,2021-09,2845.99,0.00,256.14,2021-09-25
6411,84,2021-09,1632.46,0.00,146.92,2021-09-25
6412,85,2021-09,2851.45,0.00,256.63,2021-09-25
6413,87,2021-09,2152.71,0.00,193.74,2021-09-25
6414,88,2021-09,1597.69,0.00,143.79,2021-09-25
6415,89,2021-09,2241.21,0.00,201.71,2021-09-25
6416,91,2021-09,1763.81,0.00,158.74,2021-09-25
6417,92,2021-09,1897.68,0.00,170.79,2021-09-25
6418,93,2021-09,1568.80,0.00,141.19,2021-09-25
6419,94,2021-09,1953.98,0.00,175.86,2021-09-25
6420,95,2021-09,1634.47,0.00,147.10,2021-09-25
6421,96,2021-09,1659.38,0.00,149.34,2021-09-25
6422,97,2021-09,1518.19,0.00,136.64,2021-09-25
6423,100,2021-09,4873.84,0.00,438.65,2021-09-25
6424,101,2021-09,1631.78,0.00,146.86,2021-09-25
6425,102,2021-09,1620.05,0.00,145.80,2021-09-25
6426,103,2021-09,2841.48,0.00,255.73,2021-09-25
6427,105,2021-09,2232.90,0.00,200.96,2021-09-25
6428,107,2021-09,2717.47,0.00,244.57,2021-09-25
6429,108,2021-09,2108.50,0.00,189.76,2021-09-25
6430,109,2021-09,1599.88,0.00,143.99,2021-09-25
6431,110,2021-09,1744.96,0.00,157.05,2021-09-25
6432,111,2021-09,1583.82,0.00,142.54,2021-09-25
6433,112,2021-09,1707.48,0.00,153.67,2021-09-25
6434,115,2021-09,4471.03,0.00,402.39,2021-09-25
6435,116,2021-09,2268.01,0.00,204.12,2021-09-25
6436,117,2021-09,1579.54,0.00,142.16,2021-09-25
6437,118,2021-09,2837.29,0.00,255.36,2021-09-25
6438,119,2021-09,1652.16,0.00,148.69,2021-09-25
6439,120,2021-09,1545.17,0.00,139.07,2021-09-25
6440,121,2021-09,1802.85,0.00,162.26,2021-09-25
6441,122,2021-09,1649.17,0.00,148.43,2021-09-25
6442,123,2021-09,1623.74,0.00,146.14,2021-09-25
6443,124,2021-09,2166.16,0.00,194.95,2021-09-25
6444,125,2021-09,2288.41,0.00,205.96,2021-09-25
6445,126,2021-09,3150.72,0.00,283.56,2021-09-25
6446,128,2021-09,1531.95,0.00,137.88,2021-09-25
6447,130,2021-09,1862.78,0.00,167.65,2021-09-25
6448,131,2021-09,1827.04,0.00,164.43,2021-09-25
6449,132,2021-09,1514.93,0.00,136.34,2021-09-25
6450,136,2021-09,4930.29,0.00,443.73,2021-09-25
6451,138,2021-09,2907.84,0.00,261.71,2021-09-25
6452,139,2021-09,1513.62,0.00,136.23,2021-09-25
6453,140,2021-09,1737.42,0.00,156.37,2021-09-25
6454,141,2021-09,2319.04,0.00,208.71,2021-09-25
6455,143,2021-09,2057.12,0.00,185.14,2021-09-25
6456,144,2021-09,2151.77,0.00,193.66,2021-09-25
6457,146,2021-09,2735.64,0.00,246.21,2021-09-25
6458,147,2021-09,1695.48,0.00,152.59,2021-09-25
6459,148,2021-09,1822.47,0.00,164.02,2021-09-25
6460,149,2021-09,1592.88,0.00,143.36,2021-09-25
6461,150,2021-09,1845.15,0.00,166.06,2021-09-25
6462,151,2021-09,1675.33,0.00,150.78,2021-09-25
6463,152,2021-09,1590.09,0.00,143.11,2021-09-25
6464,156,2021-09,4541.65,0.00,408.75,2021-09-25
6465,157,2021-09,1913.68,0.00,172.23,2021-09-25
6466,158,2021-09,1700.61,0.00,153.05,2021-09-25
6467,159,2021-09,2001.33,0.00,180.12,2021-09-25
6468,160,2021-09,2798.85,0.00,251.90,2021-09-25
6469,161,2021-09,2129.70,0.00,191.67,2021-09-25
6470,162,2021-09,1491.27,0.00,134.21,2021-09-25
6471,163,2021-09,2021.84,0.00,181.97,2021-09-25
6472,165,2021-09,1599.97,0.00,144.00,2021-09-25
6473,166,2021-09,2987.34,0.00,268.86,2021-09-25
6474,168,2021-09,1745.56,0.00,157.10,2021-09-25
6475,169,2021-09,1840.16,0.00,165.61,2021-09-25
6476,171,2021-09,1495.90,0.00,134.63,2021-09-25
6477,172,2021-09,1785.30,0.00,160.68,2021-09-25
6478,176,2021-09,4526.20,0.00,407.36,2021-09-25
6479,177,2021-09,1700.12,0.00,153.01,2021-09-25
6480,178,2021-09,1767.34,0.00,159.06,2021-09-25
6481,179,2021-09,3095.87,0.00,278.63,2021-09-25
6482,180,2021-09,1791.50,0.00,161.23,2021-09-25
6483,181,2021-09,1514.72,0.00,136.32,2021-09-25
6484,183,2021-09,2149.18,0.00,193.43,2021-09-25
6485,184,2021-09,2240.73,0.00,201.67,2021-09-25
6486,186,2021-09,1714.98,0.00,154.35,2021-09-25
6487,191,2021-09,4808.74,0.00,432.79,2021-09-25
6488,192,2021-09,1875.99,0.00,168.84,2021-09-25
6489,193,2021-09,2258.67,0.00,203.28,2021-09-25
6490,194,2021-09,3008.68,0.00,270.78,2021-09-25
6491,195,2021-09,3140.47,0.00,282.64,2021-09-25
6492,196,2021-09,2152.39,0.00,193.72,2021-09-25
6493,197,2021-09,1786.53,0.00,160.79,2021-09-25
6494,198,2021-09,1808.18,0.00,162.74,2021-09-25
6495,199,2021-09,1548.61,0.00,139.37,2021-09-25
6496,200,2021-09,1688.10,0.00,151.93,2021-09-25
6497,201,2021-09,1998.79,0.00,179.89,2021-09-25
6498,202,2021-09,1748.59,0.00,157.37,2021-09-25
6499,203,2021-09,1778.43,0.00,160.06,2021-09-25
6500,204,2021-09,1794.21,0.00,161.48,2021-09-25
6501,205,2021-09,1771.26,0.00,159.41,2021-09-25
6502,206,2021-09,1604.29,0.00,144.39,2021-09-25
6503,207,2021-09,4314.72,0.00,388.32,2021-09-25
6504,209,2021-09,1587.99,0.00,142.92,2021-09-25
6505,210,2021-09,1930.64,0.00,173.76,2021-09-25
6506,211,2021-09,1508.89,0.00,135.80,2021-09-25
6507,214,2021-09,2196.35,0.00,197.67,2021-09-25
6508,215,2021-09,2790.50,0.00,251.14,2021-09-25
6509,216,2021-09,2805.14,0.00,252.46,2021-09-25
6510,217,2021-09,2041.05,0.00,183.69,2021-09-25
6511,218,2021-09,1616.35,0.00,145.47,2021-09-25
6512,219,2021-09,1775.07,0.00,159.76,2021-09-25
6513,225,2021-09,4627.03,0.00,416.43,2021-09-25
6514,226,2021-09,1821.41,0.00,163.93,2021-09-25
6515,227,2021-09,1729.92,0.00,155.69,2021-09-25
6516,228,2021-09,3096.02,0.00,278.64,2021-09-25
6517,229,2021-09,1605.85,0.00,144.53,2021-09-25
6518,230,2021-09,1508.41,0.00,135.76,2021-09-25
6519,231,2021-09,1967.73,0.00,177.10,2021-09-25
6520,232,2021-09,1505.53,0.00,135.50,2021-09-25
6521,233,2021-09,1654.14,0.00,148.87,2021-09-25
6522,234,2021-09,2291.01,0.00,206.19,2021-09-25
6523,235,2021-09,1571.40,0.00,141.43,2021-09-25
6524,236,2021-09,1846.44,0.00,166.18,2021-09-25
6525,237,2021-09,4802.35,0.00,432.21,2021-09-25
6526,238,2021-09,1927.46,0.00,173.47,2021-09-25
6527,239,2021-09,2907.30,0.00,261.66,2021-09-25
6528,240,2021-09,2245.93,0.00,202.13,2021-09-25
6529,241,2021-09,1613.33,0.00,145.20,2021-09-25
6530,242,2021-09,1803.47,0.00,162.31,2021-09-25
6531,243,2021-09,2236.57,0.00,201.29,2021-09-25
6532,244,2021-09,1605.85,0.00,144.53,2021-09-25
6533,1,2021-10,4628.63,0.00,416.58,2021-10-25
6534,2,2021-10,1534.77,0.00,138.13,2021-10-25
6535,3,2021-10,1559.39,0.00,140.35,2021-10-25
6536,4,2021-10,2154.90,0.00,193.94,2021-10-25
6537,5,2021-10,2034.64,0.00,183.12,2021-10-25
6538,6,2021-10,1588.44,0.00,142.96,2021-10-25
6539,7,2021-10,2767.35,0.00,249.06,2021-10-25
6540,8,2021-10,2352.83,0.00,211.75,2021-10-25
6541,9,2021-10,1611.22,0.00,145.01,2021-10-25
6542,10,2021-10,1640.98,0.00,147.69,2021-10-25
6543,11,2021-10,2783.72,0.00,250.53,2021-10-25
6544,12,2021-10,2002.82,0.00,180.25,2021-10-25
6545,13,2021-10,3115.84,0.00,280.43,2021-10-25
6546,14,2021-10,1945.99,0.00,175.14,2021-10-25
6547,15,2021-10,1734.54,0.00,156.11,2021-10-25
6548,16,2021-10,1788.53,0.00,160.97,2021-10-25
6549,19,2021-10,1601.40,0.00,144.13,2021-10-25
6550,20,2021-10,1569.28,0.00,141.24,2021-10-25
6551,21,2021-10,1710.12,0.00,153.91,2021-10-25
6552,22,2021-10,1883.07,0.00,169.48,2021-10-25
6553,23,2021-10,1735.13,0.00,156.16,2021-10-25
6554,28,2021-10,4402.30,0.00,396.21,2021-10-25
6555,30,2021-10,2701.16,0.00,243.10,2021-10-25
6556,31,2021-10,1796.72,0.00,161.70,2021-10-25
6557,32,2021-10,2311.02,0.00,207.99,2021-10-25
6558,33,2021-10,1766.66,0.00,159.00,2021-10-25
6559,35,2021-10,1712.50,0.00,154.12,2021-10-25
6560,36,2021-10,2036.26,0.00,183.26,2021-10-25
6561,37,2021-10,2800.04,0.00,252.00,2021-10-25
6562,40,2021-10,2074.39,0.00,186.70,2021-10-25
6563,41,2021-10,2031.34,0.00,182.82,2021-10-25
6564,42,2021-10,2361.17,0.00,212.51,2021-10-25
6565,43,2021-10,1558.98,0.00,140.31,2021-10-25
6566,44,2021-10,1651.19,0.00,148.61,2021-10-25
6567,45,2021-10,1534.37,0.00,138.09,2021-10-25
6568,46,2021-10,2720.02,0.00,244.80,2021-10-25
6569,47,2021-10,1739.49,0.00,156.55,2021-10-25
6570,49,2021-10,1707.31,0.00,153.66,2021-10-25
6571,50,2021-10,1666.77,0.00,150.01,2021-10-25
6572,51,2021-10,1821.96,0.00,163.98,2021-10-25
6573,52,2021-10,1720.13,0.00,154.81,2021-10-25
6574,60,2021-10,4848.43,0.00,436.36,2021-10-25
6575,61,2021-10,2184.53,0.00,196.61,2021-10-25
6576,62,2021-10,1807.69,0.00,162.69,2021-10-25
6577,63,2021-10,2217.19,0.00,199.55,2021-10-25
6578,65,2021-10,1837.67,0.00,165.39,2021-10-25
6579,66,2021-10,1759.71,0.00,158.37,2021-10-25
6580,67,2021-10,1977.69,0.00,177.99,2021-10-25
6581,68,2021-10,1746.19,0.00,157.16,2021-10-25
6582,70,2021-10,2330.54,0.00,209.75,2021-10-25
6583,71,2021-10,3071.52,0.00,276.44,2021-10-25
6584,72,2021-10,2763.51,0.00,248.72,2021-10-25
6585,73,2021-10,1783.04,0.00,160.47,2021-10-25
6586,74,2021-10,1735.70,0.00,156.21,2021-10-25
6587,75,2021-10,1749.42,0.00,157.45,2021-10-25
6588,76,2021-10,1844.56,0.00,166.01,2021-10-25
6589,77,2021-10,1830.70,0.00,164.76,2021-10-25
6590,78,2021-10,1867.87,0.00,168.11,2021-10-25
6591,82,2021-10,4903.93,0.00,441.35,2021-10-25
6592,83,2021-10,2834.39,0.00,255.10,2021-10-25
6593,84,2021-10,1638.18,0.00,147.44,2021-10-25
6594,85,2021-10,2850.21,0.00,256.52,2021-10-25
6595,87,2021-10,2145.70,0.00,193.11,2021-10-25
6596,88,2021-10,1589.96,0.00,143.10,2021-10-25
6597,89,2021-10,2237.30,0.00,201.36,2021-10-25
6598,91,2021-10,1762.25,0.00,158.60,2021-10-25
6599,92,2021-10,1903.07,0.00,171.28,2021-10-25
6600,93,2021-10,1573.26,0.00,141.59,2021-10-25
6601,94,2021-10,1966.67,0.00,177.00,2021-10-25
6602,95,2021-10,1636.68,0.00,147.30,2021-10-25
6603,96,2021-10,1656.25,0.00,149.06,2021-10-25
6604,97,2021-10,1529.49,0.00,137.65,2021-10-25
6605,100,2021-10,4903.18,0.00,441.29,2021-10-25
6606,101,2021-10,1635.27,0.00,147.17,2021-10-25
6607,102,2021-10,1621.11,0.00,145.90,2021-10-25
6608,103,2021-10,2837.26,0.00,255.35,2021-10-25
6609,105,2021-10,2226.83,0.00,200.41,2021-10-25
6610,107,2021-10,2727.89,0.00,245.51,2021-10-25
6611,108,2021-10,2121.87,0.00,190.97,2021-10-25
6612,109,2021-10,1592.17,0.00,143.30,2021-10-25
6613,110,2021-10,1732.67,0.00,155.94,2021-10-25
6614,111,2021-10,1577.74,0.00,142.00,2021-10-25
6615,112,2021-10,1703.88,0.00,153.35,2021-10-25
6616,115,2021-10,4508.86,0.00,405.80,2021-10-25
6617,116,2021-10,2275.54,0.00,204.80,2021-10-25
6618,117,2021-10,1589.45,0.00,143.05,2021-10-25
6619,118,2021-10,2833.04,0.00,254.97,2021-10-25
6620,119,2021-10,1666.71,0.00,150.00,2021-10-25
6621,120,2021-10,1551.43,0.00,139.63,2021-10-25
6622,121,2021-10,1813.23,0.00,163.19,2021-10-25
6623,122,2021-10,1640.52,0.00,147.65,2021-10-25
6624,123,2021-10,1623.77,0.00,146.14,2021-10-25
6625,124,2021-10,2162.69,0.00,194.64,2021-10-25
6626,125,2021-10,2298.31,0.00,206.85,2021-10-25
6627,126,2021-10,3153.15,0.00,283.78,2021-10-25
6628,128,2021-10,1528.54,0.00,137.57,2021-10-25
6629,130,2021-10,1864.27,0.00,167.78,2021-10-25
6630,131,2021-10,1819.73,0.00,163.78,2021-10-25
6631,132,2021-10,1519.97,0.00,136.80,2021-10-25
6632,136,2021-10,4938.07,0.00,444.43,2021-10-25
6633,138,2021-10,2921.93,0.00,262.97,2021-10-25
6634,139,2021-10,1511.18,0.00,136.01,2021-10-25
6635,140,2021-10,1731.93,0.00,155.87,2021-10-25
6636,141,2021-10,2298.57,0.00,206.87,2021-10-25
6637,143,2021-10,2073.86,0.00,186.65,2021-10-25
6638,144,2021-10,2149.33,0.00,193.44,2021-10-25
6639,146,2021-10,2742.66,0.00,246.84,2021-10-25
6640,147,2021-10,1690.07,0.00,152.11,2021-10-25
6641,148,2021-10,1820.58,0.00,163.85,2021-10-25
6642,149,2021-10,1592.44,0.00,143.32,2021-10-25
6643,150,2021-10,1833.58,0.00,165.02,2021-10-25
6644,151,2021-10,1670.87,0.00,150.38,2021-10-25
6645,152,2021-10,1581.50,0.00,142.34,2021-10-25
6646,156,2021-10,4551.75,0.00,409.66,2021-10-25
6647,157,2021-10,1904.14,0.00,171.37,2021-10-25
6648,158,2021-10,1696.52,0.00,152.69,2021-10-25
6649,159,2021-10,2010.48,0.00,180.94,2021-10-25
6650,160,2021-10,2787.08,0.00,250.84,2021-10-25
6651,161,2021-10,2138.54,0.00,192.47,2021-10-25
6652,162,2021-10,1501.22,0.00,135.11,2021-10-25
6653,163,2021-10,2016.42,0.00,181.48,2021-10-25
6654,165,2021-10,1611.21,0.00,145.01,2021-10-25
6655,166,2021-10,2996.70,0.00,269.70,2021-10-25
6656,168,2021-10,1742.62,0.00,156.84,2021-10-25
6657,169,2021-10,1835.83,0.00,165.22,2021-10-25
6658,171,2021-10,1494.63,0.00,134.52,2021-10-25
6659,172,2021-10,1775.73,0.00,159.82,2021-10-25
6660,176,2021-10,4514.12,0.00,406.27,2021-10-25
6661,177,2021-10,1699.29,0.00,152.94,2021-10-25
6662,178,2021-10,1752.21,0.00,157.70,2021-10-25
6663,179,2021-10,3080.40,0.00,277.24,2021-10-25
6664,180,2021-10,1787.46,0.00,160.87,2021-10-25
6665,181,2021-10,1526.29,0.00,137.37,2021-10-25
6666,183,2021-10,2138.96,0.00,192.51,2021-10-25
6667,184,2021-10,2257.22,0.00,203.15,2021-10-25
6668,186,2021-10,1726.51,0.00,155.39,2021-10-25
6669,191,2021-10,4845.40,0.00,436.09,2021-10-25
6670,192,2021-10,1879.76,0.00,169.18,2021-10-25
6671,193,2021-10,2273.56,0.00,204.62,2021-10-25
6672,194,2021-10,2995.63,0.00,269.61,2021-10-25
6673,195,2021-10,3131.22,0.00,281.81,2021-10-25
6674,196,2021-10,2147.71,0.00,193.29,2021-10-25
6675,197,2021-10,1783.79,0.00,160.54,2021-10-25
6676,198,2021-10,1822.13,0.00,163.99,2021-10-25
6677,199,2021-10,1556.21,0.00,140.06,2021-10-25
6678,200,2021-10,1679.52,0.00,151.16,2021-10-25
6679,201,2021-10,2006.42,0.00,180.58,2021-10-25
6680,202,2021-10,1746.77,0.00,157.21,2021-10-25
6681,203,2021-10,1780.12,0.00,160.21,2021-10-25
6682,204,2021-10,1799.83,0.00,161.98,2021-10-25
6683,205,2021-10,1776.22,0.00,159.86,2021-10-25
6684,206,2021-10,1617.80,0.00,145.60,2021-10-25
6685,207,2021-10,4337.26,0.00,390.35,2021-10-25
6686,209,2021-10,1587.89,0.00,142.91,2021-10-25
6687,210,2021-10,1927.71,0.00,173.49,2021-10-25
6688,211,2021-10,1512.53,0.00,136.13,2021-10-25
6689,214,2021-10,2191.28,0.00,197.22,2021-10-25
6690,215,2021-10,2782.41,0.00,250.42,2021-10-25
6691,216,2021-10,2806.35,0.00,252.57,2021-10-25
6692,217,2021-10,2032.68,0.00,182.94,2021-10-25
6693,218,2021-10,1619.37,0.00,145.74,2021-10-25
6694,219,2021-10,1767.93,0.00,159.11,2021-10-25
6695,225,2021-10,4659.30,0.00,419.34,2021-10-25
6696,226,2021-10,1808.53,0.00,162.77,2021-10-25
6697,227,2021-10,1731.31,0.00,155.82,2021-10-25
6698,228,2021-10,3085.70,0.00,277.71,2021-10-25
6699,229,2021-10,1615.25,0.00,145.37,2021-10-25
6700,230,2021-10,1506.94,0.00,135.62,2021-10-25
6701,231,2021-10,1975.86,0.00,177.83,2021-10-25
6702,232,2021-10,1508.76,0.00,135.79,2021-10-25
6703,233,2021-10,1663.27,0.00,149.69,2021-10-25
6704,234,2021-10,2293.32,0.00,206.40,2021-10-25
6705,235,2021-10,1572.70,0.00,141.54,2021-10-25
6706,236,2021-10,1847.52,0.00,166.28,2021-10-25
6707,237,2021-10,4810.69,0.00,432.96,2021-10-25
6708,238,2021-10,1930.63,0.00,173.76,2021-10-25
6709,239,2021-10,2887.94,0.00,259.91,2021-10-25
6710,240,2021-10,2252.40,0.00,202.72,2021-10-25
6711,241,2021-10,1616.73,0.00,145.51,2021-10-25
6712,242,2021-10,1799.52,0.00,161.96,2021-10-25
6713,243,2021-10,2249.48,0.00,202.45,2021-10-25
6714,244,2021-10,1608.31,0.00,144.75,2021-10-25
6715,1,2021-11,4623.96,0.00,416.16,2021-11-25
6716,2,2021-11,1532.85,0.00,137.96,2021-11-25
6717,3,2021-11,1569.12,0.00,141.22,2021-11-25
6718,4,2021-11,2153.71,0.00,193.83,2021-11-25
6719,5,2021-11,2015.72,0.00,181.41,2021-11-25
6720,6,2021-11,1591.18,0.00,143.21,2021-11-25
6721,7,2021-11,2782.59,0.00,250.43,2021-11-25
6722,8,2021-11,2362.41,0.00,212.62,2021-11-25
6723,9,2021-11,1607.17,0.00,144.65,2021-11-25
6724,10,2021-11,1647.10,0.00,148.24,2021-11-25
6725,11,2021-11,2804.45,0.00,252.40,2021-11-25
6726,12,2021-11,2000.81,0.00,180.07,2021-11-25
6727,13,2021-11,3112.22,0.00,280.10,2021-11-25
6728,14,2021-11,1946.33,0.00,175.17,2021-11-25
6729,15,2021-11,1733.20,0.00,155.99,2021-11-25
6730,16,2021-11,1802.82,0.00,162.25,2021-11-25
6731,19,2021-11,1601.08,0.00,144.10,2021-11-25
6732,20,2021-11,1557.49,0.00,140.17,2021-11-25
6733,21,2021-11,1703.38,0.00,153.30,2021-11-25
6734,22,2021-11,1878.06,0.00,169.03,2021-11-25
6735,23,2021-11,1734.93,0.00,156.14,2021-11-25
6736,28,2021-11,4411.31,0.00,397.02,2021-11-25
6737,30,2021-11,2690.39,0.00,242.14,2021-11-25
6738,31,2021-11,1793.79,0.00,161.44,2021-11-25
6739,32,2021-11,2319.38,0.00,208.74,2021-11-25
6740,33,2021-11,1771.94,0.00,159.47,2021-11-25
6741,35,2021-11,1707.69,0.00,153.69,2021-11-25
6742,36,2021-11,2028.76,0.00,182.59,2021-11-25
6743,37,2021-11,2791.19,0.00,251.21,2021-11-25
6744,40,2021-11,2084.13,0.00,187.57,2021-11-25
6745,41,2021-11,2040.26,0.00,183.62,2021-11-25
6746,42,2021-11,2371.76,0.00,213.46,2021-11-25
6747,43,2021-11,1546.69,0.00,139.20,2021-11-25
6748,44,2021-11,1644.88,0.00,148.04,2021-11-25
6749,45,2021-11,1532.03,0.00,137.88,2021-11-25
6750,46,2021-11,2708.03,0.00,243.72,2021-11-25
6751,47,2021-11,1725.39,0.00,155.29,2021-11-25
6752,49,2021-11,1704.65,0.00,153.42,2021-11-25
6753,50,2021-11,1661.71,0.00,149.55,2021-11-25
6754,51,2021-11,1832.91,0.00,164.96,2021-11-25
6755,52,2021-11,1728.29,0.00,155.55,2021-11-25
6756,60,2021-11,4874.39,0.00,438.70,2021-11-25
6757,61,2021-11,2174.12,0.00,195.67,2021-11-25
6758,62,2021-11,1815.77,0.00,163.42,2021-11-25
6759,63,2021-11,2232.85,0.00,200.96,2021-11-25
6760,65,2021-11,1846.70,0.00,166.20,2021-11-25
6761,66,2021-11,1766.81,0.00,159.01,2021-11-25
6762,67,2021-11,1977.86,0.00,178.01,2021-11-25
6763,68,2021-11,1751.62,0.00,157.65,2021-11-25
6764,70,2021-11,2344.55,0.00,211.01,2021-11-25
6765,71,2021-11,3055.32,0.00,274.98,2021-11-25
6766,72,2021-11,2772.85,0.00,249.56,2021-11-25
6767,73,2021-11,1787.85,0.00,160.91,2021-11-25
6768,74,2021-11,1741.10,0.00,156.70,2021-11-25
6769,75,2021-11,1745.53,0.00,157.10,2021-11-25
6770,76,2021-11,1854.85,0.00,166.94,2021-11-25
6771,77,2021-11,1836.38,0.00,165.27,2021-11-25
6772,78,2021-11,1867.05,0.00,168.03,2021-11-25
6773,82,2021-11,4895.28,0.00,440.58,2021-11-25
6774,83,2021-11,2849.15,0.00,256.42,2021-11-25
6775,84,2021-11,1644.50,0.00,148.00,2021-11-25
6776,85,2021-11,2851.70,0.00,256.65,2021-11-25
6777,87,2021-11,2150.46,0.00,193.54,2021-11-25
6778,88,2021-11,1595.46,0.00,143.59,2021-11-25
6779,89,2021-11,2251.07,0.00,202.60,2021-11-25
6780,91,2021-11,1770.47,0.00,159.34,2021-11-25
6781,92,2021-11,1897.62,0.00,170.79,2021-11-25
6782,93,2021-11,1565.21,0.00,140.87,2021-11-25
6783,94,2021-11,1953.76,0.00,175.84,2021-11-25
6784,95,2021-11,1634.90,0.00,147.14,2021-11-25
6785,96,2021-11,1656.29,0.00,149.07,2021-11-25
6786,97,2021-11,1524.72,0.00,137.22,2021-11-25
6787,100,2021-11,4874.54,0.00,438.71,2021-11-25
6788,101,2021-11,1634.01,0.00,147.06,2021-11-25
6789,102,2021-11,1619.03,0.00,145.71,2021-11-25
6790,103,2021-11,2823.61,0.00,254.12,2021-11-25
6791,105,2021-11,2233.44,0.00,201.01,2021-11-25
6792,107,2021-11,2730.62,0.00,245.76,2021-11-25
6793,108,2021-11,2115.44,0.00,190.39,2021-11-25
6794,109,2021-11,1598.30,0.00,143.85,2021-11-25
6795,110,2021-11,1736.16,0.00,156.25,2021-11-25
6796,111,2021-11,1574.03,0.00,141.66,2021-11-25
6797,112,2021-11,1696.02,0.00,152.64,2021-11-25
6798,115,2021-11,4508.24,0.00,405.74,2021-11-25
6799,116,2021-11,2276.35,0.00,204.87,2021-11-25
6800,117,2021-11,1581.71,0.00,142.35,2021-11-25
6801,118,2021-11,2820.19,0.00,253.82,2021-11-25
6802,119,2021-11,1662.04,0.00,149.58,2021-11-25
6803,120,2021-11,1547.60,0.00,139.28,2021-11-25
6804,121,2021-11,1814.89,0.00,163.34,2021-11-25
6805,122,2021-11,1641.89,0.00,147.77,2021-11-25
6806,123,2021-11,1611.72,0.00,145.05,2021-11-25
6807,124,2021-11,2154.52,0.00,193.91,2021-11-25
6808,125,2021-11,2306.78,0.00,207.61,2021-11-25
6809,126,2021-11,3164.10,0.00,284.77,2021-11-25
6810,128,2021-11,1536.52,0.00,138.29,2021-11-25
6811,130,2021-11,1862.41,0.00,167.62,2021-11-25
6812,131,2021-11,1816.74,0.00,163.51,2021-11-25
6813,132,2021-11,1516.88,0.00,136.52,2021-11-25
6814,136,2021-11,4893.50,0.00,440.41,2021-11-25
6815,138,2021-11,2924.07,0.00,263.17,2021-11-25
6816,139,2021-11,1519.30,0.00,136.74,2021-11-25
6817,140,2021-11,1742.03,0.00,156.78,2021-11-25
6818,141,2021-11,2316.64,0.00,208.50,2021-11-25
6819,143,2021-11,2072.38,0.00,186.51,2021-11-25
6820,144,2021-11,2149.20,0.00,193.43,2021-11-25
6821,146,2021-11,2724.47,0.00,245.20,2021-11-25
6822,147,2021-11,1684.78,0.00,151.63,2021-11-25
6823,148,2021-11,1821.44,0.00,163.93,2021-11-25
6824,149,2021-11,1597.40,0.00,143.77,2021-11-25
6825,150,2021-11,1836.47,0.00,165.28,2021-11-25
6826,151,2021-11,1677.64,0.00,150.99,2021-11-25
6827,152,2021-11,1584.31,0.00,142.59,2021-11-25
6828,156,2021-11,4575.07,0.00,411.76,2021-11-25
6829,157,2021-11,1914.59,0.00,172.31,2021-11-25
6830,158,2021-11,1704.63,0.00,153.42,2021-11-25
6831,159,2021-11,2004.30,0.00,180.39,2021-11-25
6832,160,2021-11,2780.67,0.00,250.26,2021-11-25
6833,161,2021-11,2126.39,0.00,191.38,2021-11-25
6834,162,2021-11,1492.50,0.00,134.32,2021-11-25
6835,163,2021-11,2013.85,0.00,181.25,2021-11-25
6836,165,2021-11,1604.63,0.00,144.42,2021-11-25
6837,166,2021-11,2990.66,0.00,269.16,2021-11-25
6838,168,2021-11,1742.56,0.00,156.83,2021-11-25
6839,169,2021-11,1847.86,0.00,166.31,2021-11-25
6840,171,2021-11,1506.33,0.00,135.57,2021-11-25
6841,172,2021-11,1777.86,0.00,160.01,2021-11-25
6842,176,2021-11,4525.62,0.00,407.31,2021-11-25
6843,177,2021-11,1705.62,0.00,153.51,2021-11-25
6844,178,2021-11,1761.32,0.00,158.52,2021-11-25
6845,179,2021-11,3091.73,0.00,278.26,2021-11-25
6846,180,2021-11,1798.66,0.00,161.88,2021-11-25
6847,181,2021-11,1514.69,0.00,136.32,2021-11-25
6848,183,2021-11,2140.04,0.00,192.60,2021-11-25
6849,184,2021-11,2241.40,0.00,201.73,2021-11-25
6850,186,2021-11,1716.23,0.00,154.46,2021-11-25
6851,191,2021-11,4833.28,0.00,435.00,2021-11-25
6852,192,2021-11,1882.64,0.00,169.44,2021-11-25
6853,193,2021-11,2264.19,0.00,203.78,2021-11-25
6854,194,2021-11,2984.41,0.00,268.60,2021-11-25
6855,195,2021-11,3121.05,0.00,280.89,2021-11-25
6856,196,2021-11,2154.22,0.00,193.88,2021-11-25
6857,197,2021-11,1782.91,0.00,160.46,2021-11-25
6858,198,2021-11,1808.18,0.00,162.74,2021-11-25
6859,199,2021-11,1554.69,0.00,139.92,2021-11-25
6860,200,2021-11,1674.57,0.00,150.71,2021-11-25
6861,201,2021-11,2000.10,0.00,180.01,2021-11-25
6862,202,2021-11,1755.54,0.00,158.00,2021-11-25
6863,203,2021-11,1775.07,0.00,159.76,2021-11-25
6864,204,2021-11,1801.27,0.00,162.11,2021-11-25
6865,205,2021-11,1769.08,0.00,159.22,2021-11-25
6866,206,2021-11,1606.41,0.00,144.58,2021-11-25
6867,207,2021-11,4337.39,0.00,390.37,2021-11-25
6868,209,2021-11,1592.31,0.00,143.31,2021-11-25
6869,210,2021-11,1927.75,0.00,173.50,2021-11-25
6870,211,2021-11,1509.18,0.00,135.83,2021-11-25
6871,214,2021-11,2202.26,0.00,198.20,2021-11-25
6872,215,2021-11,2786.58,0.00,250.79,2021-11-25
6873,216,2021-11,2792.37,0.00,251.31,2021-11-25
6874,217,2021-11,2029.15,0.00,182.62,2021-11-25
6875,218,2021-11,1623.08,0.00,146.08,2021-11-25
6876,219,2021-11,1769.26,0.00,159.23,2021-11-25
6877,225,2021-11,4628.91,0.00,416.60,2021-11-25
6878,226,2021-11,1804.62,0.00,162.42,2021-11-25
6879,227,2021-11,1736.23,0.00,156.26,2021-11-25
6880,228,2021-11,3101.04,0.00,279.09,2021-11-25
6881,229,2021-11,1603.93,0.00,144.35,2021-11-25
6882,230,2021-11,1508.57,0.00,135.77,2021-11-25
6883,231,2021-11,1972.42,0.00,177.52,2021-11-25
6884,232,2021-11,1513.03,0.00,136.17,2021-11-25
6885,233,2021-11,1655.13,0.00,148.96,2021-11-25
6886,234,2021-11,2285.00,0.00,205.65,2021-11-25
6887,235,2021-11,1570.59,0.00,141.35,2021-11-25
6888,236,2021-11,1847.12,0.00,166.24,2021-11-25
6889,237,2021-11,4802.06,0.00,432.19,2021-11-25
6890,238,2021-11,1929.25,0.00,173.63,2021-11-25
6891,239,2021-11,2900.98,0.00,261.09,2021-11-25
6892,240,2021-11,2236.68,0.00,201.30,2021-11-25
6893,241,2021-11,1616.83,0.00,145.51,2021-11-25
6894,242,2021-11,1802.32,0.00,162.21,2021-11-25
6895,243,2021-11,2242.55,0.00,201.83,2021-11-25
6896,244,2021-11,1604.65,0.00,144.42,2021-11-25
6897,1,2021-12,4605.94,2302.97,414.53,2021-12-25
6898,2,2021-12,1531.89,765.95,137.87,2021-12-25
6899,3,2021-12,1555.66,777.83,140.01,2021-12-25
6900,4,2021-12,2158.79,1079.39,194.29,2021-12-25
6901,5,2021-12,2018.99,1009.50,181.71,2021-12-25
6902,6,2021-12,1590.01,795.00,143.10,2021-12-25
6903,7,2021-12,2783.16,1391.58,250.48,2021-12-25
6904,8,2021-12,2367.18,1183.59,213.05,2021-12-25
6905,9,2021-12,1606.45,803.23,144.58,2021-12-25
6906,10,2021-12,1647.48,823.74,148.27,2021-12-25
6907,11,2021-12,2802.52,1401.26,252.23,2021-12-25
6908,12,2021-12,2011.53,1005.76,181.04,2021-12-25
6909,13,2021-12,3122.59,1561.30,281.03,2021-12-25
6910,14,2021-12,1946.52,973.26,175.19,2021-12-25
6911,15,2021-12,1735.83,867.91,156.22,2021-12-25
6912,16,2021-12,1799.95,899.98,162.00,2021-12-25
6913,19,2021-12,1605.31,802.65,144.48,2021-12-25
6914,20,2021-12,1567.58,783.79,141.08,2021-12-25
6915,21,2021-12,1695.96,847.98,152.64,2021-12-25
6916,22,2021-12,1886.48,943.24,169.78,2021-12-25
6917,23,2021-12,1736.67,868.34,156.30,2021-12-25
6918,28,2021-12,4381.99,2190.99,394.38,2021-12-25
6919,30,2021-12,2690.12,1345.06,242.11,2021-12-25
6920,31,2021-12,1795.28,897.64,161.58,2021-12-25
6921,33,2021-12,1765.34,882.67,158.88,2021-12-25
6922,35,2021-12,1718.37,859.18,154.65,2021-12-25
6923,36,2021-12,2025.19,1012.60,182.27,2021-12-25
6924,37,2021-12,2795.32,1397.66,251.58,2021-12-25
6925,40,2021-12,2088.48,1044.24,187.96,2021-12-25
6926,41,2021-12,2030.38,1015.19,182.73,2021-12-25
6927,42,2021-12,2358.87,1179.43,212.30,2021-12-25
6928,43,2021-12,1551.04,775.52,139.59,2021-12-25
6929,44,2021-12,1647.60,823.80,148.28,2021-12-25
6930,45,2021-12,1542.03,771.01,138.78,2021-12-25
6931,46,2021-12,2725.39,1362.69,245.29,2021-12-25
6932,47,2021-12,1735.99,868.00,156.24,2021-12-25
6933,49,2021-12,1713.85,856.92,154.25,2021-12-25
6934,50,2021-12,1672.73,836.37,150.55,2021-12-25
6935,51,2021-12,1826.39,913.20,164.38,2021-12-25
6936,52,2021-12,1720.49,860.25,154.84,2021-12-25
6937,60,2021-12,4873.32,2436.66,438.60,2021-12-25
6938,61,2021-12,2183.36,1091.68,196.50,2021-12-25
6939,62,2021-12,1808.02,904.01,162.72,2021-12-25
6940,63,2021-12,2226.87,1113.43,200.42,2021-12-25
6941,65,2021-12,1845.81,922.90,166.12,2021-12-25
6942,66,2021-12,1755.69,877.85,158.01,2021-12-25
6943,67,2021-12,1990.48,995.24,179.14,2021-12-25
6944,68,2021-12,1750.70,875.35,157.56,2021-12-25
6945,70,2021-12,2333.88,1166.94,210.05,2021-12-25
6946,71,2021-12,3042.34,1521.17,273.81,2021-12-25
6947,72,2021-12,2769.53,1384.77,249.26,2021-12-25
6948,73,2021-12,1784.04,892.02,160.56,2021-12-25
6949,74,2021-12,1744.07,872.03,156.97,2021-12-25
6950,75,2021-12,1745.87,872.93,157.13,2021-12-25
6951,76,2021-12,1854.19,927.10,166.88,2021-12-25
6952,77,2021-12,1836.95,918.48,165.33,2021-12-25
6953,78,2021-12,1862.11,931.05,167.59,2021-12-25
6954,82,2021-12,4916.24,2458.12,442.46,2021-12-25
6955,83,2021-12,2840.06,1420.03,255.61,2021-12-25
6956,84,2021-12,1633.39,816.70,147.01,2021-12-25
6957,85,2021-12,2850.90,1425.45,256.58,2021-12-25
6958,87,2021-12,2149.68,1074.84,193.47,2021-12-25
6959,88,2021-12,1594.55,797.27,143.51,2021-12-25
6960,89,2021-12,2244.07,1122.04,201.97,2021-12-25
6961,91,2021-12,1763.40,881.70,158.71,2021-12-25
6962,92,2021-12,1905.26,952.63,171.47,2021-12-25
6963,93,2021-12,1563.50,781.75,140.72,2021-12-25
6964,94,2021-12,1957.66,978.83,176.19,2021-12-25
6965,95,2021-12,1645.65,822.83,148.11,2021-12-25
6966,96,2021-12,1654.75,827.38,148.93,2021-12-25
6967,97,2021-12,1530.18,765.09,137.72,2021-12-25
6968,100,2021-12,4880.50,2440.25,439.25,2021-12-25
6969,101,2021-12,1632.27,816.13,146.90,2021-12-25
6970,102,2021-12,1618.58,809.29,145.67,2021-12-25
6971,103,2021-12,2827.39,1413.69,254.47,2021-12-25
6972,105,2021-12,2217.46,1108.73,199.57,2021-12-25
6973,107,2021-12,2719.41,1359.70,244.75,2021-12-25
6974,108,2021-12,2120.48,1060.24,190.84,2021-12-25
6975,109,2021-12,1593.95,796.98,143.46,2021-12-25
6976,110,2021-12,1729.04,864.52,155.61,2021-12-25
6977,111,2021-12,1584.31,792.15,142.59,2021-12-25
6978,112,2021-12,1710.90,855.45,153.98,2021-12-25
6979,115,2021-12,4490.74,2245.37,404.17,2021-12-25
6980,116,2021-12,2287.77,1143.88,205.90,2021-12-25
6981,117,2021-12,1584.23,792.12,142.58,2021-12-25
6982,118,2021-12,2832.86,1416.43,254.96,2021-12-25
6983,119,2021-12,1659.36,829.68,149.34,2021-12-25
6984,120,2021-12,1544.78,772.39,139.03,2021-12-25
6985,121,2021-12,1802.57,901.28,162.23,2021-12-25
6986,122,2021-12,1645.61,822.80,148.10,2021-12-25
6987,123,2021-12,1614.08,807.04,145.27,2021-12-25
6988,124,2021-12,2156.03,1078.02,194.04,2021-12-25
6989,125,2021-12,2294.00,1147.00,206.46,2021-12-25
6990,126,2021-12,3146.66,1573.33,283.20,2021-12-25
6991,128,2021-12,1534.28,767.14,138.09,2021-12-25
6992,130,2021-12,1865.10,932.55,167.86,2021-12-25
6993,131,2021-12,1825.72,912.86,164.31,2021-12-25
6994,132,2021-12,1526.12,763.06,137.35,2021-12-25
6995,136,2021-12,4896.72,2448.36,440.70,2021-12-25
6996,138,2021-12,2917.78,1458.89,262.60,2021-12-25
6997,139,2021-12,1505.77,752.88,135.52,2021-12-25
6998,140,2021-12,1729.70,864.85,155.67,2021-12-25
6999,141,2021-12,2300.65,1150.33,207.06,2021-12-25
7000,143,2021-12,2073.21,1036.61,186.59,2021-12-25
7001,144,2021-12,2156.27,1078.13,194.06,2021-12-25
7002,146,2021-12,2721.07,1360.54,244.90,2021-12-25
7003,147,2021-12,1686.82,843.41,151.81,2021-12-25
7004,148,2021-12,1817.92,908.96,163.61,2021-12-25
7005,149,2021-12,1593.05,796.52,143.37,2021-12-25
7006,150,2021-12,1837.78,918.89,165.40,2021-12-25
7007,151,2021-12,1678.53,839.26,151.07,2021-12-25
7008,152,2021-12,1585.22,792.61,142.67,2021-12-25
7009,156,2021-12,4579.96,2289.98,412.20,2021-12-25
7010,157,2021-12,1909.98,954.99,171.90,2021-12-25
7011,158,2021-12,1709.33,854.66,153.84,2021-12-25
7012,159,2021-12,2006.53,1003.26,180.59,2021-12-25
7013,160,2021-12,2783.77,1391.88,250.54,2021-12-25
7014,161,2021-12,2130.93,1065.46,191.78,2021-12-25
7015,162,2021-12,1501.20,750.60,135.11,2021-12-25
7016,163,2021-12,2022.26,1011.13,182.00,2021-12-25
7017,165,2021-12,1604.69,802.35,144.42,2021-12-25
7018,166,2021-12,3007.32,1503.66,270.66,2021-12-25
7019,168,2021-12,1739.36,869.68,156.54,2021-12-25
7020,169,2021-12,1837.18,918.59,165.35,2021-12-25
7021,171,2021-12,1500.99,750.50,135.09,2021-12-25
7022,172,2021-12,1781.72,890.86,160.35,2021-12-25
7023,176,2021-12,4543.16,2271.58,408.88,2021-12-25
7024,177,2021-12,1713.27,856.63,154.19,2021-12-25
7025,178,2021-12,1758.18,879.09,158.24,2021-12-25
7026,179,2021-12,3078.68,1539.34,277.08,2021-12-25
7027,180,2021-12,1798.18,899.09,161.84,2021-12-25
7028,181,2021-12,1521.37,760.68,136.92,2021-12-25
7029,183,2021-12,2137.87,1068.93,192.41,2021-12-25
7030,184,2021-12,2244.82,1122.41,202.03,2021-12-25
7031,186,2021-12,1716.00,858.00,154.44,2021-12-25
7032,191,2021-12,4804.74,2402.37,432.43,2021-12-25
7033,192,2021-12,1891.26,945.63,170.21,2021-12-25
7034,193,2021-12,2271.74,1135.87,204.46,2021-12-25
7035,194,2021-12,2999.72,1499.86,269.97,2021-12-25
7036,195,2021-12,3143.20,1571.60,282.89,2021-12-25
7037,196,2021-12,2155.72,1077.86,194.01,2021-12-25
7038,197,2021-12,1778.91,889.46,160.10,2021-12-25
7039,198,2021-12,1823.01,911.50,164.07,2021-12-25
7040,199,2021-12,1551.93,775.97,139.67,2021-12-25
7041,200,2021-12,1678.46,839.23,151.06,2021-12-25
7042,201,2021-12,1998.02,999.01,179.82,2021-12-25
7043,202,2021-12,1739.27,869.63,156.53,2021-12-25
7044,203,2021-12,1774.43,887.22,159.70,2021-12-25
7045,204,2021-12,1795.80,897.90,161.62,2021-12-25
7046,205,2021-12,1767.28,883.64,159.06,2021-12-25
7047,206,2021-12,1611.98,805.99,145.08,2021-12-25
7048,207,2021-12,4348.23,2174.11,391.34,2021-12-25
7049,209,2021-12,1597.85,798.92,143.81,2021-12-25
7050,210,2021-12,1941.88,970.94,174.77,2021-12-25
7051,211,2021-12,1511.13,755.57,136.00,2021-12-25
7052,214,2021-12,2208.46,1104.23,198.76,2021-12-25
7053,215,2021-12,2804.76,1402.38,252.43,2021-12-25
7054,216,2021-12,2808.66,1404.33,252.78,2021-12-25
7055,217,2021-12,2030.73,1015.37,182.77,2021-12-25
7056,218,2021-12,1625.70,812.85,146.31,2021-12-25
7057,219,2021-12,1774.43,887.22,159.70,2021-12-25
7058,225,2021-12,4648.19,2324.09,418.34,2021-12-25
7059,226,2021-12,1817.84,908.92,163.61,2021-12-25
7060,227,2021-12,1736.75,868.38,156.31,2021-12-25
7061,228,2021-12,3075.70,1537.85,276.81,2021-12-25
7062,229,2021-12,1615.68,807.84,145.41,2021-12-25
7063,230,2021-12,1510.12,755.06,135.91,2021-12-25
7064,231,2021-12,1977.34,988.67,177.96,2021-12-25
7065,232,2021-12,1509.66,754.83,135.87,2021-12-25
7066,233,2021-12,1658.41,829.21,149.26,2021-12-25
7067,234,2021-12,2292.73,1146.37,206.35,2021-12-25
7068,235,2021-12,1574.98,787.49,141.75,2021-12-25
7069,236,2021-12,1849.15,924.58,166.42,2021-12-25
7070,237,2021-12,4778.33,2389.16,430.05,2021-12-25
7071,238,2021-12,1928.88,964.44,173.60,2021-12-25
7072,239,2021-12,2901.41,1450.70,261.13,2021-12-25
7073,240,2021-12,2238.89,1119.44,201.50,2021-12-25
7074,241,2021-12,1612.56,806.28,145.13,2021-12-25
7075,242,2021-12,1797.12,898.56,161.74,2021-12-25
7076,243,2021-12,2255.53,1127.77,203.00,2021-12-25
7077,244,2021-12,1596.81,798.40,143.71,2021-12-25
7078,1,2022-01,4770.99,0.00,429.39,2022-01-25
7079,2,2022-01,1581.86,0.00,142.37,2022-01-25
7080,3,2022-01,1606.39,0.00,144.58,2022-01-25
7081,4,2022-01,2221.36,0.00,199.92,2022-01-25
7082,5,2022-01,2078.04,0.00,187.02,2022-01-25
7083,6,2022-01,1645.40,0.00,148.09,2022-01-25
7084,7,2022-01,2857.75,0.00,257.20,2022-01-25
7085,8,2022-01,2426.91,0.00,218.42,2022-01-25
7086,9,2022-01,1667.33,0.00,150.06,2022-01-25
7087,10,2022-01,1702.89,0.00,153.26,2022-01-25
7088,11,2022-01,2879.66,0.00,259.17,2022-01-25
7089,12,2022-01,2069.98,0.00,186.30,2022-01-25
7090,13,2022-01,3217.62,0.00,289.59,2022-01-25
7091,14,2022-01,2004.20,0.00,180.38,2022-01-25
7092,15,2022-01,1786.42,0.00,160.78,2022-01-25
7093,16,2022-01,1851.30,0.00,166.62,2022-01-25
7094,19,2022-01,1653.30,0.00,148.80,2022-01-25
7095,20,2022-01,1608.07,0.00,144.73,2022-01-25
7096,21,2022-01,1757.43,0.00,158.17,2022-01-25
7097,22,2022-01,1926.37,0.00,173.37,2022-01-25
7098,23,2022-01,1795.69,0.00,161.61,2022-01-25
7099,24,2022-01,1780.39,0.00,160.24,2022-01-25
7100,28,2022-01,4531.51,0.00,407.84,2022-01-25
7101,30,2022-01,2779.55,0.00,250.16,2022-01-25
7102,31,2022-01,1845.79,0.00,166.12,2022-01-25
7103,33,2022-01,1816.54,0.00,163.49,2022-01-25
7104,35,2022-01,1765.45,0.00,158.89,2022-01-25
7105,36,2022-01,2101.99,0.00,189.18,2022-01-25
7106,37,2022-01,2881.20,0.00,259.31,2022-01-25
7107,40,2022-01,2153.49,0.00,193.81,2022-01-25
7108,41,2022-01,2101.53,0.00,189.14,2022-01-25
7109,42,2022-01,2437.30,0.00,219.36,2022-01-25
7110,43,2022-01,1595.39,0.00,143.59,2022-01-25
7111,44,2022-01,1695.29,0.00,152.58,2022-01-25
7112,45,2022-01,1591.06,0.00,143.20,2022-01-25
7113,46,2022-01,2807.21,0.00,252.65,2022-01-25
7114,47,2022-01,1779.25,0.00,160.13,2022-01-25
7115,49,2022-01,1759.21,0.00,158.33,2022-01-25
7116,50,2022-01,1723.51,0.00,155.12,2022-01-25
7117,51,2022-01,1883.53,0.00,169.52,2022-01-25
7118,52,2022-01,1775.12,0.00,159.76,2022-01-25
7119,60,2022-01,5020.60,0.00,451.85,2022-01-25
7120,61,2022-01,2231.01,0.00,200.79,2022-01-25
7121,62,2022-01,1864.44,0.00,167.80,2022-01-25
7122,63,2022-01,2281.78,0.00,205.36,2022-01-25
7123,65,2022-01,1900.72,0.00,171.06,2022-01-25
7124,66,2022-01,1817.42,0.00,163.57,2022-01-25
7125,67,2022-01,2043.51,0.00,183.92,2022-01-25
7126,68,2022-01,1807.95,0.00,162.72,2022-01-25
7127,70,2022-01,2396.65,0.00,215.70,2022-01-25
7128,71,2022-01,3140.40,0.00,282.64,2022-01-25
7129,72,2022-01,2859.95,0.00,257.40,2022-01-25
7130,73,2022-01,1829.46,0.00,164.65,2022-01-25
7131,74,2022-01,1788.31,0.00,160.95,2022-01-25
7132,75,2022-01,1808.05,0.00,162.72,2022-01-25
7133,76,2022-01,1910.29,0.00,171.93,2022-01-25
7134,77,2022-01,1886.68,0.00,169.80,2022-01-25
7135,78,2022-01,1918.40,0.00,172.66,2022-01-25
7136,82,2022-01,5039.89,0.00,453.59,2022-01-25
7137,83,2022-01,2929.01,0.00,263.61,2022-01-25
7138,84,2022-01,1688.03,0.00,151.92,2022-01-25
7139,85,2022-01,2950.02,0.00,265.50,2022-01-25
7140,87,2022-01,2204.91,0.00,198.44,2022-01-25
7141,88,2022-01,1633.93,0.00,147.05,2022-01-25
7142,89,2022-01,2320.91,0.00,208.88,2022-01-25
7143,91,2022-01,1820.15,0.00,163.81,2022-01-25
7144,92,2022-01,1966.62,0.00,177.00,2022-01-25
7145,93,2022-01,1621.47,0.00,145.93,2022-01-25
7146,94,2022-01,2011.53,0.00,181.04,2022-01-25
7147,95,2022-01,1687.91,0.00,151.91,2022-01-25
7148,96,2022-01,1705.89,0.00,153.53,2022-01-25
7149,97,2022-01,1569.13,0.00,141.22,2022-01-25
7150,100,2022-01,5044.07,0.00,453.97,2022-01-25
7151,101,2022-01,1690.52,0.00,152.15,2022-01-25
7152,102,2022-01,1676.41,0.00,150.88,2022-01-25
7153,103,2022-01,2927.25,0.00,263.45,2022-01-25
7154,105,2022-01,2302.34,0.00,207.21,2022-01-25
7155,107,2022-01,2787.84,0.00,250.91,2022-01-25
7156,108,2022-01,2181.06,0.00,196.30,2022-01-25
7157,109,2022-01,1650.73,0.00,148.57,2022-01-25
7158,110,2022-01,1788.94,0.00,161.00,2022-01-25
7159,111,2022-01,1625.87,0.00,146.33,2022-01-25
7160,112,2022-01,1757.73,0.00,158.20,2022-01-25
7161,115,2022-01,4639.16,0.00,417.52,2022-01-25
7162,116,2022-01,2348.22,0.00,211.34,2022-01-25
7163,117,2022-01,1638.25,0.00,147.44,2022-01-25
7164,118,2022-01,2908.47,0.00,261.76,2022-01-25
7165,119,2022-01,1715.73,0.00,154.42,2022-01-25
7166,120,2022-01,1603.40,0.00,144.31,2022-01-25
7167,121,2022-01,1867.64,0.00,168.09,2022-01-25
7168,122,2022-01,1698.92,0.00,152.90,2022-01-25
7169,123,2022-01,1661.71,0.00,149.55,2022-01-25
7170,124,2022-01,2218.93,0.00,199.70,2022-01-25
7171,125,2022-01,2365.75,0.00,212.92,2022-01-25
7172,126,2022-01,3232.27,0.00,290.90,2022-01-25
7173,128,2022-01,1576.57,0.00,141.89,2022-01-25
7174,130,2022-01,1924.51,0.00,173.21,2022-01-25
7175,131,2022-01,1879.57,0.00,169.16,2022-01-25
7176,132,2022-01,1569.07,0.00,141.22,2022-01-25
7177,136,2022-01,5048.04,0.00,454.32,2022-01-25
7178,138,2022-01,3007.33,0.00,270.66,2022-01-25
7179,139,2022-01,1563.56,0.00,140.72,2022-01-25
7180,140,2022-01,1789.32,0.00,161.04,2022-01-25
7181,141,2022-01,2369.08,0.00,213.22,2022-01-25
7182,143,2022-01,2136.10,0.00,192.25,2022-01-25
7183,144,2022-01,2213.11,0.00,199.18,2022-01-25
7184,146,2022-01,2819.63,0.00,253.77,2022-01-25
7185,147,2022-01,1736.15,0.00,156.25,2022-01-25
7186,148,2022-01,1872.90,0.00,168.56,2022-01-25
7187,149,2022-01,1641.93,0.00,147.77,2022-01-25
7188,150,2022-01,1904.56,0.00,171.41,2022-01-25
7189,151,2022-01,1722.89,0.00,155.06,2022-01-25
7190,152,2022-01,1623.98,0.00,146.16,2022-01-25
7191,156,2022-01,4680.03,0.00,421.20,2022-01-25
7192,157,2022-01,1955.26,0.00,175.97,2022-01-25
7193,158,2022-01,1757.97,0.00,158.22,2022-01-25
7194,159,2022-01,2069.16,0.00,186.22,2022-01-25
7195,160,2022-01,2859.04,0.00,257.31,2022-01-25
7196,161,2022-01,2196.48,0.00,197.68,2022-01-25
7197,162,2022-01,1547.47,0.00,139.27,2022-01-25
7198,163,2022-01,2076.09,0.00,186.85,2022-01-25
7199,165,2022-01,1648.20,0.00,148.34,2022-01-25
7200,166,2022-01,3090.44,0.00,278.14,2022-01-25
7201,168,2022-01,1793.14,0.00,161.38,2022-01-25
7202,169,2022-01,1893.50,0.00,170.41,2022-01-25
7203,171,2022-01,1542.47,0.00,138.82,2022-01-25
7204,172,2022-01,1829.61,0.00,164.66,2022-01-25
7205,176,2022-01,4655.38,0.00,418.98,2022-01-25
7206,177,2022-01,1765.48,0.00,158.89,2022-01-25
7207,178,2022-01,1807.29,0.00,162.66,2022-01-25
7208,179,2022-01,3192.87,0.00,287.36,2022-01-25
7209,180,2022-01,1847.97,0.00,166.32,2022-01-25
7210,181,2022-01,1566.26,0.00,140.96,2022-01-25
7211,183,2022-01,2203.32,0.00,198.30,2022-01-25
7212,184,2022-01,2302.80,0.00,207.25,2022-01-25
7213,186,2022-01,1778.69,0.00,160.08,2022-01-25
7214,191,2022-01,4951.59,0.00,445.64,2022-01-25
7215,192,2022-01,1941.97,0.00,174.78,2022-01-25
7216,193,2022-01,2325.11,0.00,209.26,2022-01-25
7217,194,2022-01,3088.94,0.00,278.00,2022-01-25
7218,195,2022-01,3240.38,0.00,291.63,2022-01-25
7219,196,2022-01,2220.12,0.00,199.81,2022-01-25
7220,197,2022-01,1825.97,0.00,164.34,2022-01-25
7221,198,2022-01,1876.95,0.00,168.93,2022-01-25
7222,199,2022-01,1595.82,0.00,143.62,2022-01-25
7223,200,2022-01,1734.13,0.00,156.07,2022-01-25
7224,201,2022-01,2069.27,0.00,186.23,2022-01-25
7225,202,2022-01,1794.39,0.00,161.50,2022-01-25
7226,203,2022-01,1815.98,0.00,163.44,2022-01-25
7227,204,2022-01,1842.06,0.00,165.79,2022-01-25
7228,205,2022-01,1821.03,0.00,163.89,2022-01-25
7229,206,2022-01,1664.97,0.00,149.85,2022-01-25
7230,207,2022-01,4449.03,0.00,400.41,2022-01-25
7231,209,2022-01,1641.17,0.00,147.71,2022-01-25
7232,210,2022-01,1996.59,0.00,179.69,2022-01-25
7233,211,2022-01,1559.38,0.00,140.34,2022-01-25
7234,214,2022-01,2272.98,0.00,204.57,2022-01-25
7235,215,2022-01,2887.76,0.00,259.90,2022-01-25
7236,216,2022-01,2865.37,0.00,257.88,2022-01-25
7237,217,2022-01,2090.12,0.00,188.11,2022-01-25
7238,218,2022-01,1669.14,0.00,150.22,2022-01-25
7239,219,2022-01,1823.60,0.00,164.12,2022-01-25
7240,225,2022-01,4764.80,0.00,428.83,2022-01-25
7241,226,2022-01,1876.73,0.00,168.91,2022-01-25
7242,227,2022-01,1775.00,0.00,159.75,2022-01-25
7243,228,2022-01,3187.37,0.00,286.86,2022-01-25
7244,229,2022-01,1656.92,0.00,149.12,2022-01-25
7245,230,2022-01,1555.94,0.00,140.03,2022-01-25
7246,231,2022-01,2036.93,0.00,183.32,2022-01-25
7247,232,2022-01,1553.59,0.00,139.82,2022-01-25
7248,233,2022-01,1703.14,0.00,153.28,2022-01-25
7249,234,2022-01,2362.47,0.00,212.62,2022-01-25
7250,235,2022-01,1627.01,0.00,146.43,2022-01-25
7251,236,2022-01,1900.75,0.00,171.07,2022-01-25
7252,237,2022-01,4922.49,0.00,443.02,2022-01-25
7253,238,2022-01,1990.78,0.00,179.17,2022-01-25
7254,239,2022-01,3001.84,0.00,270.17,2022-01-25
7255,240,2022-01,2305.50,0.00,207.50,2022-01-25
7256,241,2022-01,1674.90,0.00,150.74,2022-01-25
7257,242,2022-01,1843.70,0.00,165.93,2022-01-25
7258,243,2022-01,2312.18,0.00,208.10,2022-01-25
7259,244,2022-01,1649.35,0.00,148.44,2022-01-25
7260,1,2022-02,4734.99,0.00,426.15,2022-02-25
7261,2,2022-02,1575.77,0.00,141.82,2022-02-25
7262,3,2022-02,1604.26,0.00,144.38,2022-02-25
7263,4,2022-02,2232.06,0.00,200.89,2022-02-25
7264,5,2022-02,2086.34,0.00,187.77,2022-02-25
7265,6,2022-02,1643.82,0.00,147.94,2022-02-25
7266,7,2022-02,2839.82,0.00,255.58,2022-02-25
7267,8,2022-02,2433.12,0.00,218.98,2022-02-25
7268,9,2022-02,1665.06,0.00,149.86,2022-02-25
7269,10,2022-02,1693.24,0.00,152.39,2022-02-25
7270,11,2022-02,2868.75,0.00,258.19,2022-02-25
7271,12,2022-02,2056.43,0.00,185.08,2022-02-25
7272,13,2022-02,3224.98,0.00,290.25,2022-02-25
7273,14,2022-02,1993.96,0.00,179.46,2022-02-25
7274,15,2022-02,1775.47,0.00,159.79,2022-02-25
7275,16,2022-02,1841.70,0.00,165.75,2022-02-25
7276,19,2022-02,1650.56,0.00,148.55,2022-02-25
7277,20,2022-02,1606.81,0.00,144.61,2022-02-25
7278,21,2022-02,1757.31,0.00,158.16,2022-02-25
7279,22,2022-02,1924.67,0.00,173.22,2022-02-25
7280,23,2022-02,1800.67,0.00,162.06,2022-02-25
7281,24,2022-02,1767.73,0.00,159.10,2022-02-25
7282,25,2022-02,1869.58,0.00,168.26,2022-02-25
7283,28,2022-02,4526.81,0.00,407.41,2022-02-25
7284,30,2022-02,2769.42,0.00,249.25,2022-02-25
7285,31,2022-02,1848.35,0.00,166.35,2022-02-25
7286,33,2022-02,1816.51,0.00,163.49,2022-02-25
7287,35,2022-02,1769.55,0.00,159.26,2022-02-25
7288,36,2022-02,2100.14,0.00,189.01,2022-02-25
7289,37,2022-02,2877.91,0.00,259.01,2022-02-25
7290,40,2022-02,2136.14,0.00,192.25,2022-02-25
7291,41,2022-02,2105.77,0.00,189.52,2022-02-25
7292,42,2022-02,2438.68,0.00,219.48,2022-02-25
7293,43,2022-02,1604.42,0.00,144.40,2022-02-25
7294,44,2022-02,1690.77,0.00,152.17,2022-02-25
7295,45,2022-02,1581.51,0.00,142.34,2022-02-25
7296,46,2022-02,2790.15,0.00,251.11,2022-02-25
7297,47,2022-02,1789.55,0.00,161.06,2022-02-25
7298,49,2022-02,1755.80,0.00,158.02,2022-02-25
7299,50,2022-02,1718.00,0.00,154.62,2022-02-25
7300,51,2022-02,1883.52,0.00,169.52,2022-02-25
7301,52,2022-02,1767.83,0.00,159.10,2022-02-25
7302,60,2022-02,5018.15,0.00,451.63,2022-02-25
7303,61,2022-02,2234.32,0.00,201.09,2022-02-25
7304,62,2022-02,1856.75,0.00,167.11,2022-02-25
7305,63,2022-02,2282.84,0.00,205.46,2022-02-25
7306,65,2022-02,1902.76,0.00,171.25,2022-02-25
7307,66,2022-02,1811.06,0.00,163.00,2022-02-25
7308,67,2022-02,2042.29,0.00,183.81,2022-02-25
7309,68,2022-02,1807.93,0.00,162.71,2022-02-25
7310,70,2022-02,2411.58,0.00,217.04,2022-02-25
7311,71,2022-02,3147.17,0.00,283.25,2022-02-25
7312,72,2022-02,2850.34,0.00,256.53,2022-02-25
7313,73,2022-02,1827.10,0.00,164.44,2022-02-25
7314,74,2022-02,1795.24,0.00,161.57,2022-02-25
7315,75,2022-02,1806.37,0.00,162.57,2022-02-25
7316,76,2022-02,1903.78,0.00,171.34,2022-02-25
7317,77,2022-02,1886.92,0.00,169.82,2022-02-25
7318,78,2022-02,1923.46,0.00,173.11,2022-02-25
7319,82,2022-02,5041.53,0.00,453.74,2022-02-25
7320,83,2022-02,2925.31,0.00,263.28,2022-02-25
7321,84,2022-02,1681.72,0.00,151.35,2022-02-25
7322,85,2022-02,2934.96,0.00,264.15,2022-02-25
7323,87,2022-02,2197.94,0.00,197.81,2022-02-25
7324,88,2022-02,1641.20,0.00,147.71,2022-02-25
7325,89,2022-02,2301.41,0.00,207.13,2022-02-25
7326,91,2022-02,1812.91,0.00,163.16,2022-02-25
7327,92,2022-02,1961.43,0.00,176.53,2022-02-25
7328,93,2022-02,1616.52,0.00,145.49,2022-02-25
7329,94,2022-02,2019.12,0.00,181.72,2022-02-25
7330,95,2022-02,1693.61,0.00,152.42,2022-02-25
7331,96,2022-02,1706.02,0.00,153.54,2022-02-25
7332,97,2022-02,1570.97,0.00,141.39,2022-02-25
7333,98,2022-02,1852.50,0.00,166.72,2022-02-25
7334,100,2022-02,5026.26,0.00,452.36,2022-02-25
7335,101,2022-02,1688.71,0.00,151.98,2022-02-25
7336,102,2022-02,1677.60,0.00,150.98,2022-02-25
7337,103,2022-02,2918.59,0.00,262.67,2022-02-25
7338,105,2022-02,2291.01,0.00,206.19,2022-02-25
7339,107,2022-02,2794.30,0.00,251.49,2022-02-25
7340,108,2022-02,2178.27,0.00,196.04,2022-02-25
7341,109,2022-02,1640.83,0.00,147.67,2022-02-25
7342,110,2022-02,1782.09,0.00,160.39,2022-02-25
7343,111,2022-02,1629.44,0.00,146.65,2022-02-25
7344,112,2022-02,1763.46,0.00,158.71,2022-02-25
7345,115,2022-02,4643.54,0.00,417.92,2022-02-25
7346,116,2022-02,2355.38,0.00,211.98,2022-02-25
7347,117,2022-02,1628.55,0.00,146.57,2022-02-25
7348,118,2022-02,2918.92,0.00,262.70,2022-02-25
7349,119,2022-02,1703.11,0.00,153.28,2022-02-25
7350,120,2022-02,1596.66,0.00,143.70,2022-02-25
7351,121,2022-02,1864.02,0.00,167.76,2022-02-25
7352,122,2022-02,1691.36,0.00,152.22,2022-02-25
7353,123,2022-02,1659.35,0.00,149.34,2022-02-25
7354,124,2022-02,2226.97,0.00,200.43,2022-02-25
7355,125,2022-02,2378.11,0.00,214.03,2022-02-25
7356,126,2022-02,3255.29,0.00,292.98,2022-02-25
7357,128,2022-02,1585.82,0.00,142.72,2022-02-25
7358,130,2022-02,1932.73,0.00,173.95,2022-02-25
7359,131,2022-02,1877.01,0.00,168.93,2022-02-25
7360,132,2022-02,1569.76,0.00,141.28,2022-02-25
7361,133,2022-02,1833.97,0.00,165.06,2022-02-25
7362,136,2022-02,5062.00,0.00,455.58,2022-02-25
7363,138,2022-02,3004.79,0.00,270.43,2022-02-25
7364,139,2022-02,1557.07,0.00,140.14,2022-02-25
7365,140,2022-02,1782.84,0.00,160.46,2022-02-25
7366,141,2022-02,2388.02,0.00,214.92,2022-02-25
7367,143,2022-02,2123.33,0.00,191.10,2022-02-25
7368,144,2022-02,2214.34,0.00,199.29,2022-02-25
7369,146,2022-02,2825.62,0.00,254.31,2022-02-25
7370,147,2022-02,1742.04,0.00,156.78,2022-02-25
7371,148,2022-02,1872.36,0.00,168.51,2022-02-25
7372,149,2022-02,1637.72,0.00,147.39,2022-02-25
7373,150,2022-02,1897.60,0.00,170.78,2022-02-25
7374,151,2022-02,1723.93,0.00,155.15,2022-02-25
7375,152,2022-02,1631.44,0.00,146.83,2022-02-25
7376,156,2022-02,4715.74,0.00,424.42,2022-02-25
7377,157,2022-02,1959.05,0.00,176.31,2022-02-25
7378,158,2022-02,1756.20,0.00,158.06,2022-02-25
7379,159,2022-02,2070.63,0.00,186.36,2022-02-25
7380,160,2022-02,2885.35,0.00,259.68,2022-02-25
7381,161,2022-02,2187.54,0.00,196.88,2022-02-25
7382,162,2022-02,1535.37,0.00,138.18,2022-02-25
7383,163,2022-02,2076.91,0.00,186.92,2022-02-25
7384,165,2022-02,1655.15,0.00,148.96,2022-02-25
7385,166,2022-02,3097.60,0.00,278.78,2022-02-25
7386,168,2022-02,1792.96,0.00,161.37,2022-02-25
7387,169,2022-02,1900.59,0.00,171.05,2022-02-25
7388,171,2022-02,1543.64,0.00,138.93,2022-02-25
7389,172,2022-02,1827.66,0.00,164.49,2022-02-25
7390,176,2022-02,4662.56,0.00,419.63,2022-02-25
7391,177,2022-02,1764.50,0.00,158.81,2022-02-25
7392,178,2022-02,1808.03,0.00,162.72,2022-02-25
7393,179,2022-02,3199.30,0.00,287.94,2022-02-25
7394,180,2022-02,1852.32,0.00,166.71,2022-02-25
7395,181,2022-02,1562.85,0.00,140.66,2022-02-25
7396,183,2022-02,2203.22,0.00,198.29,2022-02-25
7397,184,2022-02,2325.35,0.00,209.28,2022-02-25
7398,186,2022-02,1769.62,0.00,159.27,2022-02-25
7399,188,2022-02,1646.73,0.00,148.21,2022-02-25
7400,191,2022-02,4973.54,0.00,447.62,2022-02-25
7401,192,2022-02,1945.45,0.00,175.09,2022-02-25
7402,193,2022-02,2338.90,0.00,210.50,2022-02-25
7403,194,2022-02,3097.03,0.00,278.73,2022-02-25
7404,195,2022-02,3232.01,0.00,290.88,2022-02-25
7405,196,2022-02,2225.24,0.00,200.27,2022-02-25
7406,197,2022-02,1825.10,0.00,164.26,2022-02-25
7407,198,2022-02,1863.41,0.00,167.71,2022-02-25
7408,199,2022-02,1598.65,0.00,143.88,2022-02-25
7409,200,2022-02,1727.85,0.00,155.51,2022-02-25
7410,201,2022-02,2056.90,0.00,185.12,2022-02-25
7411,202,2022-02,1808.00,0.00,162.72,2022-02-25
7412,203,2022-02,1817.97,0.00,163.62,2022-02-25
7413,204,2022-02,1848.73,0.00,166.39,2022-02-25
7414,205,2022-02,1823.44,0.00,164.11,2022-02-25
7415,206,2022-02,1653.47,0.00,148.81,2022-02-25
7416,207,2022-02,4442.44,0.00,399.82,2022-02-25
7417,209,2022-02,1635.44,0.00,147.19,2022-02-25
7418,210,2022-02,1991.57,0.00,179.24,2022-02-25
7419,211,2022-02,1555.10,0.00,139.96,2022-02-25
7420,214,2022-02,2271.79,0.00,204.46,2022-02-25
7421,215,2022-02,2870.88,0.00,258.38,2022-02-25
7422,216,2022-02,2880.31,0.00,259.23,2022-02-25
7423,217,2022-02,2086.75,0.00,187.81,2022-02-25
7424,218,2022-02,1669.09,0.00,150.22,2022-02-25
7425,219,2022-02,1826.12,0.00,164.35,2022-02-25
7426,221,2022-02,1572.24,0.00,141.50,2022-02-25
7427,225,2022-02,4776.94,0.00,429.92,2022-02-25
7428,226,2022-02,1873.14,0.00,168.58,2022-02-25
7429,227,2022-02,1791.84,0.00,161.27,2022-02-25
7430,228,2022-02,3167.91,0.00,285.11,2022-02-25
7431,229,2022-02,1661.84,0.00,149.57,2022-02-25
7432,230,2022-02,1553.85,0.00,139.85,2022-02-25
7433,231,2022-02,2029.76,0.00,182.68,2022-02-25
7434,232,2022-02,1554.47,0.00,139.90,2022-02-25
7435,233,2022-02,1699.71,0.00,152.97,2022-02-25
7436,234,2022-02,2352.56,0.00,211.73,2022-02-25
7437,235,2022-02,1619.86,0.00,145.79,2022-02-25
7438,236,2022-02,1897.49,0.00,170.77,2022-02-25
7439,237,2022-02,4943.97,0.00,444.96,2022-02-25
7440,238,2022-02,1996.01,0.00,179.64,2022-02-25
7441,239,2022-02,2991.90,0.00,269.27,2022-02-25
7442,240,2022-02,2313.82,0.00,208.24,2022-02-25
7443,241,2022-02,1662.79,0.00,149.65,2022-02-25
7444,242,2022-02,1847.66,0.00,166.29,2022-02-25
7445,243,2022-02,2315.86,0.00,208.43,2022-02-25
7446,244,2022-02,1657.00,0.00,149.13,2022-02-25
7447,1,2022-03,4741.47,0.00,426.73,2022-03-25
7448,2,2022-03,1578.55,0.00,142.07,2022-03-25
7449,3,2022-03,1611.34,0.00,145.02,2022-03-25
7450,4,2022-03,2235.03,0.00,201.15,2022-03-25
7451,5,2022-03,2081.10,0.00,187.30,2022-03-25
7452,6,2022-03,1640.62,0.00,147.66,2022-03-25
7453,7,2022-03,2856.08,0.00,257.05,2022-03-25
7454,8,2022-03,2423.24,0.00,218.09,2022-03-25
7455,9,2022-03,1663.68,0.00,149.73,2022-03-25
7456,10,2022-03,1696.24,0.00,152.66,2022-03-25
7457,11,2022-03,2878.17,0.00,259.04,2022-03-25
7458,12,2022-03,2067.62,0.00,186.09,2022-03-25
7459,13,2022-03,3229.54,0.00,290.66,2022-03-25
7460,14,2022-03,1988.40,0.00,178.96,2022-03-25
7461,15,2022-03,1780.48,0.00,160.24,2022-03-25
7462,16,2022-03,1855.31,0.00,166.98,2022-03-25
7463,19,2022-03,1657.52,0.00,149.18,2022-03-25
7464,20,2022-03,1606.84,0.00,144.62,2022-03-25
7465,21,2022-03,1748.16,0.00,157.33,2022-03-25
7466,22,2022-03,1930.73,0.00,173.77,2022-03-25
7467,23,2022-03,1790.92,0.00,161.18,2022-03-25
7468,24,2022-03,1778.10,0.00,160.03,2022-03-25
7469,25,2022-03,1872.78,0.00,168.55,2022-03-25
7470,28,2022-03,4548.09,0.00,409.33,2022-03-25
7471,30,2022-03,2792.99,0.00,251.37,2022-03-25
7472,31,2022-03,1852.01,0.00,166.68,2022-03-25
7473,33,2022-03,1817.17,0.00,163.55,2022-03-25
7474,35,2022-03,1775.56,0.00,159.80,2022-03-25
7475,36,2022-03,2095.16,0.00,188.56,2022-03-25
7476,37,2022-03,2878.70,0.00,259.08,2022-03-25
7477,40,2022-03,2140.78,0.00,192.67,2022-03-25
7478,41,2022-03,2100.29,0.00,189.03,2022-03-25
7479,42,2022-03,2423.94,0.00,218.15,2022-03-25
7480,43,2022-03,1597.69,0.00,143.79,2022-03-25
7481,44,2022-03,1695.14,0.00,152.56,2022-03-25
7482,45,2022-03,1582.82,0.00,142.45,2022-03-25
7483,46,2022-03,2791.01,0.00,251.19,2022-03-25
7484,47,2022-03,1778.17,0.00,160.04,2022-03-25
7485,49,2022-03,1762.60,0.00,158.63,2022-03-25
7486,50,2022-03,1721.29,0.00,154.92,2022-03-25
7487,51,2022-03,1886.67,0.00,169.80,2022-03-25
7488,52,2022-03,1779.43,0.00,160.15,2022-03-25
7489,53,2022-03,1607.19,0.00,144.65,2022-03-25
7490,60,2022-03,5017.68,0.00,451.59,2022-03-25
7491,61,2022-03,2243.75,0.00,201.94,2022-03-25
7492,62,2022-03,1852.21,0.00,166.70,2022-03-25
7493,63,2022-03,2288.35,0.00,205.95,2022-03-25
7494,65,2022-03,1889.25,0.00,170.03,2022-03-25
7495,66,2022-03,1809.83,0.00,162.88,2022-03-25
7496,67,2022-03,2038.33,0.00,183.45,2022-03-25
7497,68,2022-03,1803.44,0.00,162.31,2022-03-25
7498,70,2022-03,2395.24,0.00,215.57,2022-03-25
7499,71,2022-03,3163.45,0.00,284.71,2022-03-25
7500,72,2022-03,2865.06,0.00,257.86,2022-03-25
7501,73,2022-03,1826.93,0.00,164.42,2022-03-25
7502,74,2022-03,1800.00,0.00,162.00,2022-03-25
7503,75,2022-03,1805.21,0.00,162.47,2022-03-25
7504,76,2022-03,1906.55,0.00,171.59,2022-03-25
7505,77,2022-03,1889.58,0.00,170.06,2022-03-25
7506,78,2022-03,1917.18,0.00,172.55,2022-03-25
7507,79,2022-03,1779.58,0.00,160.16,2022-03-25
7508,82,2022-03,5050.76,0.00,454.57,2022-03-25
7509,83,2022-03,2911.41,0.00,262.03,2022-03-25
7510,84,2022-03,1689.92,0.00,152.09,2022-03-25
7511,85,2022-03,2939.17,0.00,264.53,2022-03-25
7512,87,2022-03,2211.28,0.00,199.02,2022-03-25
7513,88,2022-03,1646.36,0.00,148.17,2022-03-25
7514,89,2022-03,2300.88,0.00,207.08,2022-03-25
7515,91,2022-03,1827.06,0.00,164.44,2022-03-25
7516,92,2022-03,1963.96,0.00,176.76,2022-03-25
7517,93,2022-03,1607.75,0.00,144.70,2022-03-25
7518,94,2022-03,2015.89,0.00,181.43,2022-03-25
7519,95,2022-03,1681.21,0.00,151.31,2022-03-25
7520,96,2022-03,1703.95,0.00,153.36,2022-03-25
7521,97,2022-03,1570.67,0.00,141.36,2022-03-25
7522,98,2022-03,1855.75,0.00,167.02,2022-03-25
7523,100,2022-03,5040.71,0.00,453.66,2022-03-25
7524,101,2022-03,1688.22,0.00,151.94,2022-03-25
7525,102,2022-03,1677.93,0.00,151.01,2022-03-25
7526,103,2022-03,2910.75,0.00,261.97,2022-03-25
7527,105,2022-03,2298.74,0.00,206.89,2022-03-25
7528,107,2022-03,2811.36,0.00,253.02,2022-03-25
7529,108,2022-03,2187.34,0.00,196.86,2022-03-25
7530,109,2022-03,1643.29,0.00,147.90,2022-03-25
7531,110,2022-03,1792.70,0.00,161.34,2022-03-25
7532,111,2022-03,1628.82,0.00,146.59,2022-03-25
7533,112,2022-03,1757.25,0.00,158.15,2022-03-25
7534,115,2022-03,4605.29,0.00,414.48,2022-03-25
7535,116,2022-03,2348.94,0.00,211.40,2022-03-25
7536,117,2022-03,1637.82,0.00,147.40,2022-03-25
7537,118,2022-03,2903.13,0.00,261.28,2022-03-25
7538,119,2022-03,1716.61,0.00,154.49,2022-03-25
7539,120,2022-03,1605.86,0.00,144.53,2022-03-25
7540,121,2022-03,1869.91,0.00,168.29,2022-03-25
7541,122,2022-03,1694.96,0.00,152.55,2022-03-25
7542,123,2022-03,1667.51,0.00,150.08,2022-03-25
7543,124,2022-03,2231.47,0.00,200.83,2022-03-25
7544,125,2022-03,2362.90,0.00,212.66,2022-03-25
7545,126,2022-03,3245.51,0.00,292.10,2022-03-25
7546,128,2022-03,1573.41,0.00,141.61,2022-03-25
7547,130,2022-03,1932.85,0.00,173.96,2022-03-25
7548,131,2022-03,1884.32,0.00,169.59,2022-03-25
7549,132,2022-03,1569.36,0.00,141.24,2022-03-25
7550,133,2022-03,1825.40,0.00,164.29,2022-03-25
7551,136,2022-03,5066.63,0.00,456.00,2022-03-25
7552,138,2022-03,2991.30,0.00,269.22,2022-03-25
7553,139,2022-03,1558.49,0.00,140.26,2022-03-25
7554,140,2022-03,1789.03,0.00,161.01,2022-03-25
7555,141,2022-03,2388.22,0.00,214.94,2022-03-25
7556,143,2022-03,2138.48,0.00,192.46,2022-03-25
7557,144,2022-03,2220.35,0.00,199.83,2022-03-25
7558,146,2022-03,2807.47,0.00,252.67,2022-03-25
7559,147,2022-03,1734.38,0.00,156.09,2022-03-25
7560,148,2022-03,1868.48,0.00,168.16,2022-03-25
7561,149,2022-03,1638.74,0.00,147.49,2022-03-25
7562,150,2022-03,1891.53,0.00,170.24,2022-03-25
7563,151,2022-03,1715.76,0.00,154.42,2022-03-25
7564,152,2022-03,1635.45,0.00,147.19,2022-03-25
7565,153,2022-03,1740.23,0.00,156.62,2022-03-25
7566,156,2022-03,4703.31,0.00,423.30,2022-03-25
7567,157,2022-03,1963.13,0.00,176.68,2022-03-25
7568,158,2022-03,1757.19,0.00,158.15,2022-03-25
7569,159,2022-03,2062.04,0.00,185.58,2022-03-25
7570,160,2022-03,2873.32,0.00,258.60,2022-03-25
7571,161,2022-03,2198.30,0.00,197.85,2022-03-25
7572,162,2022-03,1540.74,0.00,138.67,2022-03-25
7573,163,2022-03,2079.45,0.00,187.15,2022-03-25
7574,165,2022-03,1656.62,0.00,149.10,2022-03-25
7575,166,2022-03,3080.96,0.00,277.29,2022-03-25
7576,168,2022-03,1799.69,0.00,161.97,2022-03-25
7577,169,2022-03,1888.49,0.00,169.96,2022-03-25
7578,171,2022-03,1543.03,0.00,138.87,2022-03-25
7579,172,2022-03,1833.53,0.00,165.02,2022-03-25
7580,173,2022-03,1566.04,0.00,140.94,2022-03-25
7581,174,2022-03,1840.47,0.00,165.64,2022-03-25
7582,176,2022-03,4688.78,0.00,421.99,2022-03-25
7583,177,2022-03,1760.79,0.00,158.47,2022-03-25
7584,178,2022-03,1809.64,0.00,162.87,2022-03-25
7585,179,2022-03,3176.84,0.00,285.92,2022-03-25
7586,180,2022-03,1843.27,0.00,165.89,2022-03-25
7587,181,2022-03,1570.62,0.00,141.36,2022-03-25
7588,183,2022-03,2199.29,0.00,197.94,2022-03-25
7589,184,2022-03,2306.33,0.00,207.57,2022-03-25
7590,186,2022-03,1777.30,0.00,159.96,2022-03-25
7591,188,2022-03,1637.53,0.00,147.38,2022-03-25
7592,189,2022-03,1807.18,0.00,162.65,2022-03-25
7593,191,2022-03,4970.29,0.00,447.33,2022-03-25
7594,192,2022-03,1939.84,0.00,174.59,2022-03-25
7595,193,2022-03,2322.27,0.00,209.00,2022-03-25
7596,194,2022-03,3089.45,0.00,278.05,2022-03-25
7597,195,2022-03,3231.61,0.00,290.84,2022-03-25
7598,196,2022-03,2216.02,0.00,199.44,2022-03-25
7599,197,2022-03,1835.24,0.00,165.17,2022-03-25
7600,198,2022-03,1862.96,0.00,167.67,2022-03-25
7601,199,2022-03,1601.85,0.00,144.17,2022-03-25
7602,200,2022-03,1726.56,0.00,155.39,2022-03-25
7603,201,2022-03,2057.71,0.00,185.19,2022-03-25
7604,202,2022-03,1798.47,0.00,161.86,2022-03-25
7605,203,2022-03,1827.53,0.00,164.48,2022-03-25
7606,204,2022-03,1843.88,0.00,165.95,2022-03-25
7607,205,2022-03,1833.24,0.00,164.99,2022-03-25
7608,206,2022-03,1661.22,0.00,149.51,2022-03-25
7609,207,2022-03,4444.97,0.00,400.05,2022-03-25
7610,209,2022-03,1636.46,0.00,147.28,2022-03-25
7611,210,2022-03,1995.13,0.00,179.56,2022-03-25
7612,211,2022-03,1553.79,0.00,139.84,2022-03-25
7613,214,2022-03,2270.70,0.00,204.36,2022-03-25
7614,215,2022-03,2872.07,0.00,258.49,2022-03-25
7615,216,2022-03,2871.47,0.00,258.43,2022-03-25
7616,217,2022-03,2099.42,0.00,188.95,2022-03-25
7617,218,2022-03,1668.72,0.00,150.18,2022-03-25
7618,219,2022-03,1824.77,0.00,164.23,2022-03-25
7619,221,2022-03,1579.02,0.00,142.11,2022-03-25
7620,225,2022-03,4804.88,0.00,432.44,2022-03-25
7621,226,2022-03,1867.38,0.00,168.06,2022-03-25
7622,227,2022-03,1789.90,0.00,161.09,2022-03-25
7623,228,2022-03,3175.75,0.00,285.82,2022-03-25
7624,229,2022-03,1656.98,0.00,149.13,2022-03-25
7625,230,2022-03,1559.33,0.00,140.34,2022-03-25
7626,231,2022-03,2031.12,0.00,182.80,2022-03-25
7627,232,2022-03,1556.90,0.00,140.12,2022-03-25
7628,233,2022-03,1711.14,0.00,154.00,2022-03-25
7629,234,2022-03,2353.88,0.00,211.85,2022-03-25
7630,235,2022-03,1624.93,0.00,146.24,2022-03-25
7631,236,2022-03,1908.22,0.00,171.74,2022-03-25
7632,237,2022-03,4934.59,0.00,444.11,2022-03-25
7633,238,2022-03,1984.76,0.00,178.63,2022-03-25
7634,239,2022-03,2974.04,0.00,267.66,2022-03-25
7635,240,2022-03,2310.27,0.00,207.92,2022-03-25
7636,241,2022-03,1665.84,0.00,149.93,2022-03-25
7637,242,2022-03,1853.14,0.00,166.78,2022-03-25
7638,243,2022-03,2308.40,0.00,207.76,2022-03-25
7639,244,2022-03,1656.32,0.00,149.07,2022-03-25
7640,1,2022-04,4752.01,0.00,427.68,2022-04-25
7641,2,2022-04,1577.34,0.00,141.96,2022-04-25
7642,3,2022-04,1602.34,0.00,144.21,2022-04-25
7643,4,2022-04,2230.92,0.00,200.78,2022-04-25
7644,5,2022-04,2081.67,0.00,187.35,2022-04-25
7645,6,2022-04,1633.67,0.00,147.03,2022-04-25
7646,7,2022-04,2866.82,0.00,258.01,2022-04-25
7647,8,2022-04,2425.88,0.00,218.33,2022-04-25
7648,9,2022-04,1665.81,0.00,149.92,2022-04-25
7649,10,2022-04,1689.58,0.00,152.06,2022-04-25
7650,11,2022-04,2875.88,0.00,258.83,2022-04-25
7651,12,2022-04,2061.34,0.00,185.52,2022-04-25
7652,13,2022-04,3227.29,0.00,290.46,2022-04-25
7653,14,2022-04,2003.02,0.00,180.27,2022-04-25
7654,15,2022-04,1785.13,0.00,160.66,2022-04-25
7655,16,2022-04,1850.11,0.00,166.51,2022-04-25
7656,19,2022-04,1657.47,0.00,149.17,2022-04-25
7657,20,2022-04,1611.88,0.00,145.07,2022-04-25
7658,21,2022-04,1757.91,0.00,158.21,2022-04-25
7659,22,2022-04,1933.85,0.00,174.05,2022-04-25
7660,23,2022-04,1795.16,0.00,161.56,2022-04-25
7661,24,2022-04,1782.78,0.00,160.45,2022-04-25
7662,25,2022-04,1871.76,0.00,168.46,2022-04-25
7663,28,2022-04,4509.68,0.00,405.87,2022-04-25
7664,30,2022-04,2781.91,0.00,250.37,2022-04-25
7665,31,2022-04,1862.56,0.00,167.63,2022-04-25
7666,33,2022-04,1828.67,0.00,164.58,2022-04-25
7667,35,2022-04,1766.91,0.00,159.02,2022-04-25
7668,36,2022-04,2099.49,0.00,188.95,2022-04-25
7669,37,2022-04,2881.72,0.00,259.35,2022-04-25
7670,40,2022-04,2147.50,0.00,193.28,2022-04-25
7671,41,2022-04,2102.01,0.00,189.18,2022-04-25
7672,42,2022-04,2434.52,0.00,219.11,2022-04-25
7673,43,2022-04,1603.63,0.00,144.33,2022-04-25
7674,44,2022-04,1698.52,0.00,152.87,2022-04-25
7675,45,2022-04,1580.15,0.00,142.21,2022-04-25
7676,46,2022-04,2812.22,0.00,253.10,2022-04-25
7677,47,2022-04,1793.47,0.00,161.41,2022-04-25
7678,49,2022-04,1762.60,0.00,158.63,2022-04-25
7679,50,2022-04,1719.58,0.00,154.76,2022-04-25
7680,51,2022-04,1882.20,0.00,169.40,2022-04-25
7681,52,2022-04,1773.55,0.00,159.62,2022-04-25
7682,53,2022-04,1621.39,0.00,145.93,2022-04-25
7683,60,2022-04,5000.25,0.00,450.02,2022-04-25
7684,61,2022-04,2234.32,0.00,201.09,2022-04-25
7685,62,2022-04,1862.67,0.00,167.64,2022-04-25
7686,63,2022-04,2294.80,0.00,206.53,2022-04-25
7687,65,2022-04,1891.72,0.00,170.25,2022-04-25
7688,66,2022-04,1813.45,0.00,163.21,2022-04-25
7689,67,2022-04,2043.91,0.00,183.95,2022-04-25
7690,68,2022-04,1801.87,0.00,162.17,2022-04-25
7691,70,2022-04,2417.79,0.00,217.60,2022-04-25
7692,71,2022-04,3164.37,0.00,284.79,2022-04-25
7693,72,2022-04,2841.41,0.00,255.73,2022-04-25
7694,73,2022-04,1831.76,0.00,164.86,2022-04-25
7695,74,2022-04,1795.14,0.00,161.56,2022-04-25
7696,75,2022-04,1791.34,0.00,161.22,2022-04-25
7697,76,2022-04,1906.60,0.00,171.59,2022-04-25
7698,77,2022-04,1882.73,0.00,169.45,2022-04-25
7699,78,2022-04,1925.44,0.00,173.29,2022-04-25
7700,79,2022-04,1762.53,0.00,158.63,2022-04-25
7701,80,2022-04,1772.28,0.00,159.51,2022-04-25
7702,82,2022-04,5034.27,0.00,453.08,2022-04-25
7703,83,2022-04,2932.15,0.00,263.89,2022-04-25
7704,84,2022-04,1688.83,0.00,151.99,2022-04-25
7705,85,2022-04,2954.26,0.00,265.88,2022-04-25
7706,87,2022-04,2201.79,0.00,198.16,2022-04-25
7707,88,2022-04,1631.40,0.00,146.83,2022-04-25
7708,89,2022-04,2318.86,0.00,208.70,2022-04-25
7709,91,2022-04,1811.79,0.00,163.06,2022-04-25
7710,92,2022-04,1954.67,0.00,175.92,2022-04-25
7711,93,2022-04,1611.90,0.00,145.07,2022-04-25
7712,94,2022-04,2028.15,0.00,182.53,2022-04-25
7713,95,2022-04,1692.28,0.00,152.31,2022-04-25
7714,96,2022-04,1700.40,0.00,153.04,2022-04-25
7715,97,2022-04,1571.32,0.00,141.42,2022-04-25
7716,98,2022-04,1851.73,0.00,166.66,2022-04-25
7717,100,2022-04,5015.17,0.00,451.37,2022-04-25
7718,101,2022-04,1692.49,0.00,152.32,2022-04-25
7719,102,2022-04,1676.00,0.00,150.84,2022-04-25
7720,103,2022-04,2919.01,0.00,262.71,2022-04-25
7721,105,2022-04,2298.38,0.00,206.85,2022-04-25
7722,107,2022-04,2802.70,0.00,252.24,2022-04-25
7723,108,2022-04,2175.70,0.00,195.81,2022-04-25
7724,109,2022-04,1644.33,0.00,147.99,2022-04-25
7725,110,2022-04,1786.48,0.00,160.78,2022-04-25
7726,111,2022-04,1626.30,0.00,146.37,2022-04-25
7727,112,2022-04,1747.99,0.00,157.32,2022-04-25
7728,115,2022-04,4614.03,0.00,415.26,2022-04-25
7729,116,2022-04,2348.75,0.00,211.39,2022-04-25
7730,117,2022-04,1638.41,0.00,147.46,2022-04-25
7731,118,2022-04,2907.60,0.00,261.68,2022-04-25
7732,119,2022-04,1711.70,0.00,154.05,2022-04-25
7733,120,2022-04,1606.35,0.00,144.57,2022-04-25
7734,121,2022-04,1855.36,0.00,166.98,2022-04-25
7735,122,2022-04,1701.70,0.00,153.15,2022-04-25
7736,123,2022-04,1668.63,0.00,150.18,2022-04-25
7737,124,2022-04,2221.14,0.00,199.90,2022-04-25
7738,125,2022-04,2374.81,0.00,213.73,2022-04-25
7739,126,2022-04,3230.07,0.00,290.71,2022-04-25
7740,128,2022-04,1571.21,0.00,141.41,2022-04-25
7741,130,2022-04,1930.99,0.00,173.79,2022-04-25
7742,131,2022-04,1880.04,0.00,169.20,2022-04-25
7743,132,2022-04,1572.98,0.00,141.57,2022-04-25
7744,133,2022-04,1838.66,0.00,165.48,2022-04-25
7745,134,2022-04,1837.28,0.00,165.36,2022-04-25
7746,136,2022-04,5078.31,0.00,457.05,2022-04-25
7747,138,2022-04,3011.73,0.00,271.06,2022-04-25
7748,139,2022-04,1555.02,0.00,139.95,2022-04-25
7749,140,2022-04,1780.39,0.00,160.24,2022-04-25
7750,141,2022-04,2371.95,0.00,213.48,2022-04-25
7751,143,2022-04,2121.08,0.00,190.90,2022-04-25
7752,144,2022-04,2216.37,0.00,199.47,2022-04-25
7753,146,2022-04,2825.15,0.00,254.26,2022-04-25
7754,147,2022-04,1740.07,0.00,156.61,2022-04-25
7755,148,2022-04,1867.72,0.00,168.09,2022-04-25
7756,149,2022-04,1641.62,0.00,147.75,2022-04-25
7757,150,2022-04,1891.12,0.00,170.20,2022-04-25
7758,151,2022-04,1726.67,0.00,155.40,2022-04-25
7759,152,2022-04,1627.33,0.00,146.46,2022-04-25
7760,153,2022-04,1738.15,0.00,156.43,2022-04-25
7761,154,2022-04,1712.93,0.00,154.16,2022-04-25
7762,156,2022-04,4698.37,0.00,422.85,2022-04-25
7763,157,2022-04,1968.32,0.00,177.15,2022-04-25
7764,158,2022-04,1760.98,0.00,158.49,2022-04-25
7765,159,2022-04,2055.90,0.00,185.03,2022-04-25
7766,160,2022-04,2862.38,0.00,257.61,2022-04-25
7767,161,2022-04,2181.79,0.00,196.36,2022-04-25
7768,162,2022-04,1548.03,0.00,139.32,2022-04-25
7769,163,2022-04,2075.71,0.00,186.81,2022-04-25
7770,165,2022-04,1646.98,0.00,148.23,2022-04-25
7771,166,2022-04,3071.17,0.00,276.41,2022-04-25
7772,168,2022-04,1795.78,0.00,161.62,2022-04-25
7773,169,2022-04,1888.02,0.00,169.92,2022-04-25
7774,171,2022-04,1542.22,0.00,138.80,2022-04-25
7775,172,2022-04,1833.42,0.00,165.01,2022-04-25
7776,173,2022-04,1567.85,0.00,141.11,2022-04-25
7777,174,2022-04,1830.00,0.00,164.70,2022-04-25
7778,175,2022-04,1800.60,0.00,162.05,2022-04-25
7779,176,2022-04,4675.95,0.00,420.84,2022-04-25
7780,177,2022-04,1756.36,0.00,158.07,2022-04-25
7781,178,2022-04,1806.44,0.00,162.58,2022-04-25
7782,179,2022-04,3183.76,0.00,286.54,2022-04-25
7783,180,2022-04,1850.26,0.00,166.52,2022-04-25
7784,181,2022-04,1572.52,0.00,141.53,2022-04-25
7785,183,2022-04,2216.40,0.00,199.48,2022-04-25
7786,184,2022-04,2310.61,0.00,207.95,2022-04-25
7787,186,2022-04,1776.89,0.00,159.92,2022-04-25
7788,188,2022-04,1637.44,0.00,147.37,2022-04-25
7789,189,2022-04,1822.53,0.00,164.03,2022-04-25
7790,191,2022-04,4967.75,0.00,447.10,2022-04-25
7791,192,2022-04,1933.23,0.00,173.99,2022-04-25
7792,193,2022-04,2322.38,0.00,209.01,2022-04-25
7793,194,2022-04,3077.90,0.00,277.01,2022-04-25
7794,195,2022-04,3219.89,0.00,289.79,2022-04-25
7795,196,2022-04,2211.50,0.00,199.03,2022-04-25
7796,197,2022-04,1824.29,0.00,164.19,2022-04-25
7797,198,2022-04,1865.28,0.00,167.88,2022-04-25
7798,199,2022-04,1597.63,0.00,143.79,2022-04-25
7799,200,2022-04,1729.05,0.00,155.61,2022-04-25
7800,201,2022-04,2062.55,0.00,185.63,2022-04-25
7801,202,2022-04,1805.30,0.00,162.48,2022-04-25
7802,203,2022-04,1826.16,0.00,164.35,2022-04-25
7803,204,2022-04,1850.27,0.00,166.52,2022-04-25
7804,205,2022-04,1832.27,0.00,164.90,2022-04-25
7805,206,2022-04,1652.02,0.00,148.68,2022-04-25
7806,207,2022-04,4482.13,0.00,403.39,2022-04-25
7807,209,2022-04,1640.35,0.00,147.63,2022-04-25
7808,210,2022-04,1990.91,0.00,179.18,2022-04-25
7809,211,2022-04,1552.73,0.00,139.75,2022-04-25
7810,214,2022-04,2255.27,0.00,202.97,2022-04-25
7811,215,2022-04,2882.29,0.00,259.41,2022-04-25
7812,216,2022-04,2883.19,0.00,259.49,2022-04-25
7813,217,2022-04,2082.22,0.00,187.40,2022-04-25
7814,218,2022-04,1668.41,0.00,150.16,2022-04-25
7815,219,2022-04,1824.29,0.00,164.19,2022-04-25
7816,221,2022-04,1578.43,0.00,142.06,2022-04-25
7817,225,2022-04,4779.99,0.00,430.20,2022-04-25
7818,226,2022-04,1865.78,0.00,167.92,2022-04-25
7819,227,2022-04,1788.59,0.00,160.97,2022-04-25
7820,228,2022-04,3192.13,0.00,287.29,2022-04-25
7821,229,2022-04,1653.76,0.00,148.84,2022-04-25
7822,230,2022-04,1555.04,0.00,139.95,2022-04-25
7823,231,2022-04,2021.73,0.00,181.96,2022-04-25
7824,232,2022-04,1549.97,0.00,139.50,2022-04-25
7825,233,2022-04,1708.75,0.00,153.79,2022-04-25
7826,234,2022-04,2370.96,0.00,213.39,2022-04-25
7827,235,2022-04,1613.77,0.00,145.24,2022-04-25
7828,236,2022-04,1907.98,0.00,171.72,2022-04-25
7829,237,2022-04,4926.69,0.00,443.40,2022-04-25
7830,238,2022-04,1995.23,0.00,179.57,2022-04-25
7831,239,2022-04,2985.91,0.00,268.73,2022-04-25
7832,240,2022-04,2315.87,0.00,208.43,2022-04-25
7833,241,2022-04,1663.15,0.00,149.68,2022-04-25
7834,242,2022-04,1854.42,0.00,166.90,2022-04-25
7835,243,2022-04,2313.56,0.00,208.22,2022-04-25
7836,244,2022-04,1644.13,0.00,147.97,2022-04-25
7837,1,2022-05,4770.84,1669.79,429.38,2022-05-25
7838,2,2022-05,1577.48,552.12,141.97,2022-05-25
7839,3,2022-05,1610.46,563.66,144.94,2022-05-25
7840,4,2022-05,2220.02,777.01,199.80,2022-05-25
7841,5,2022-05,2095.59,733.46,188.60,2022-05-25
7842,6,2022-05,1639.09,573.68,147.52,2022-05-25
7843,7,2022-05,2858.56,1000.50,257.27,2022-05-25
7844,8,2022-05,2430.45,850.66,218.74,2022-05-25
7845,9,2022-05,1653.70,578.79,148.83,2022-05-25
7846,10,2022-05,1687.80,590.73,151.90,2022-05-25
7847,11,2022-05,2879.16,1007.71,259.12,2022-05-25
7848,12,2022-05,2068.12,723.84,186.13,2022-05-25
7849,13,2022-05,3219.30,1126.75,289.74,2022-05-25
7850,14,2022-05,1999.05,699.67,179.91,2022-05-25
7851,15,2022-05,1780.92,623.32,160.28,2022-05-25
7852,16,2022-05,1859.04,650.66,167.31,2022-05-25
7853,19,2022-05,1658.09,580.33,149.23,2022-05-25
7854,20,2022-05,1606.22,562.18,144.56,2022-05-25
7855,21,2022-05,1745.87,611.05,157.13,2022-05-25
7856,22,2022-05,1931.31,675.96,173.82,2022-05-25
7857,23,2022-05,1790.43,626.65,161.14,2022-05-25
7858,24,2022-05,1777.43,622.10,159.97,2022-05-25
7859,25,2022-05,1878.12,657.34,169.03,2022-05-25
7860,26,2022-05,1740.13,609.05,156.61,2022-05-25
7861,28,2022-05,4546.54,1591.29,409.19,2022-05-25
7862,30,2022-05,2787.28,975.55,250.86,2022-05-25
7863,31,2022-05,1851.87,648.15,166.67,2022-05-25
7864,33,2022-05,1824.95,638.73,164.25,2022-05-25
7865,35,2022-05,1760.34,616.12,158.43,2022-05-25
7866,36,2022-05,2088.49,730.97,187.96,2022-05-25
7867,37,2022-05,2886.95,1010.43,259.83,2022-05-25
7868,40,2022-05,2155.38,754.38,193.98,2022-05-25
7869,41,2022-05,2094.42,733.05,188.50,2022-05-25
7870,42,2022-05,2445.25,855.84,220.07,2022-05-25
7871,43,2022-05,1600.32,560.11,144.03,2022-05-25
7872,44,2022-05,1692.69,592.44,152.34,2022-05-25
7873,45,2022-05,1584.88,554.71,142.64,2022-05-25
7874,46,2022-05,2790.44,976.65,251.14,2022-05-25
7875,47,2022-05,1785.50,624.92,160.69,2022-05-25
7876,49,2022-05,1765.43,617.90,158.89,2022-05-25
7877,50,2022-05,1715.92,600.57,154.43,2022-05-25
7878,51,2022-05,1870.60,654.71,168.35,2022-05-25
7879,52,2022-05,1779.20,622.72,160.13,2022-05-25
7880,53,2022-05,1620.63,567.22,145.86,2022-05-25
7881,54,2022-05,1637.46,573.11,147.37,2022-05-25
7882,55,2022-05,1812.61,634.41,163.13,2022-05-25
7883,60,2022-05,4996.27,1748.69,449.66,2022-05-25
7884,61,2022-05,2243.46,785.21,201.91,2022-05-25
7885,62,2022-05,1867.52,653.63,168.08,2022-05-25
7886,63,2022-05,2286.56,800.30,205.79,2022-05-25
7887,65,2022-05,1896.76,663.87,170.71,2022-05-25
7888,66,2022-05,1804.77,631.67,162.43,2022-05-25
7889,67,2022-05,2037.35,713.07,183.36,2022-05-25
7890,68,2022-05,1804.90,631.72,162.44,2022-05-25
7891,70,2022-05,2410.17,843.56,216.92,2022-05-25
7892,71,2022-05,3156.85,1104.90,284.12,2022-05-25
7893,72,2022-05,2846.89,996.41,256.22,2022-05-25
7894,73,2022-05,1834.96,642.24,165.15,2022-05-25
7895,74,2022-05,1788.59,626.01,160.97,2022-05-25
7896,75,2022-05,1793.42,627.70,161.41,2022-05-25
7897,76,2022-05,1908.49,667.97,171.76,2022-05-25
7898,77,2022-05,1883.62,659.27,169.53,2022-05-25
7899,78,2022-05,1927.48,674.62,173.47,2022-05-25
7900,79,2022-05,1768.54,618.99,159.17,2022-05-25
7901,80,2022-05,1765.88,618.06,158.93,2022-05-25
7902,82,2022-05,5034.83,1762.19,453.13,2022-05-25
7903,83,2022-05,2939.61,1028.86,264.56,2022-05-25
7904,84,2022-05,1692.04,592.21,152.28,2022-05-25
7905,85,2022-05,2948.75,1032.06,265.39,2022-05-25
7906,87,2022-05,2197.63,769.17,197.79,2022-05-25
7907,88,2022-05,1641.04,574.36,147.69,2022-05-25
7908,89,2022-05,2316.08,810.63,208.45,2022-05-25
7909,91,2022-05,1810.54,633.69,162.95,2022-05-25
7910,92,2022-05,1955.98,684.59,176.04,2022-05-25
7911,93,2022-05,1620.89,567.31,145.88,2022-05-25
7912,94,2022-05,2018.59,706.51,181.67,2022-05-25
7913,95,2022-05,1680.03,588.01,151.20,2022-05-25
7914,96,2022-05,1702.52,595.88,153.23,2022-05-25
7915,97,2022-05,1575.51,551.43,141.80,2022-05-25
7916,98,2022-05,1845.02,645.76,166.05,2022-05-25
7917,99,2022-05,1779.80,622.93,160.18,2022-05-25
7918,100,2022-05,5043.64,1765.27,453.93,2022-05-25
7919,101,2022-05,1685.83,590.04,151.72,2022-05-25
7920,102,2022-05,1665.63,582.97,149.91,2022-05-25
7921,103,2022-05,2921.15,1022.40,262.90,2022-05-25
7922,105,2022-05,2290.03,801.51,206.10,2022-05-25
7923,107,2022-05,2795.18,978.31,251.57,2022-05-25
7924,108,2022-05,2185.55,764.94,196.70,2022-05-25
7925,109,2022-05,1652.30,578.30,148.71,2022-05-25
7926,110,2022-05,1787.25,625.54,160.85,2022-05-25
7927,111,2022-05,1627.97,569.79,146.52,2022-05-25
7928,112,2022-05,1761.89,616.66,158.57,2022-05-25
7929,113,2022-05,1750.08,612.53,157.51,2022-05-25
7930,115,2022-05,4611.84,1614.14,415.07,2022-05-25
7931,116,2022-05,2350.38,822.63,211.53,2022-05-25
7932,117,2022-05,1628.47,569.96,146.56,2022-05-25
7933,118,2022-05,2906.63,1017.32,261.60,2022-05-25
7934,119,2022-05,1705.71,597.00,153.51,2022-05-25
7935,120,2022-05,1593.48,557.72,143.41,2022-05-25
7936,121,2022-05,1871.02,654.86,168.39,2022-05-25
7937,122,2022-05,1687.60,590.66,151.88,2022-05-25
7938,123,2022-05,1666.18,583.16,149.96,2022-05-25
7939,124,2022-05,2230.50,780.67,200.75,2022-05-25
7940,125,2022-05,2354.82,824.19,211.93,2022-05-25
7941,126,2022-05,3237.07,1132.97,291.34,2022-05-25
7942,128,2022-05,1586.53,555.29,142.79,2022-05-25
7943,130,2022-05,1933.70,676.79,174.03,2022-05-25
7944,131,2022-05,1877.74,657.21,169.00,2022-05-25
7945,132,2022-05,1569.12,549.19,141.22,2022-05-25
7946,133,2022-05,1836.28,642.70,165.27,2022-05-25
7947,134,2022-05,1831.83,641.14,164.86,2022-05-25
7948,135,2022-05,1861.33,651.47,167.52,2022-05-25
7949,136,2022-05,5069.03,1774.16,456.21,2022-05-25
7950,138,2022-05,2999.29,1049.75,269.94,2022-05-25
7951,139,2022-05,1565.93,548.08,140.93,2022-05-25
7952,140,2022-05,1791.25,626.94,161.21,2022-05-25
7953,141,2022-05,2376.07,831.62,213.85,2022-05-25
7954,143,2022-05,2125.61,743.96,191.30,2022-05-25
7955,144,2022-05,2224.44,778.55,200.20,2022-05-25
7956,146,2022-05,2805.37,981.88,252.48,2022-05-25
7957,147,2022-05,1734.94,607.23,156.14,2022-05-25
7958,148,2022-05,1865.37,652.88,167.88,2022-05-25
7959,149,2022-05,1648.25,576.89,148.34,2022-05-25
7960,150,2022-05,1896.27,663.69,170.66,2022-05-25
7961,151,2022-05,1718.55,601.49,154.67,2022-05-25
7962,152,2022-05,1625.25,568.84,146.27,2022-05-25
7963,153,2022-05,1744.94,610.73,157.04,2022-05-25
7964,154,2022-05,1703.89,596.36,153.35,2022-05-25
7965,155,2022-05,1696.58,593.80,152.69,2022-05-25
7966,156,2022-05,4686.57,1640.30,421.79,2022-05-25
7967,157,2022-05,1957.32,685.06,176.16,2022-05-25
7968,158,2022-05,1755.48,614.42,157.99,2022-05-25
7969,159,2022-05,2064.17,722.46,185.78,2022-05-25
7970,160,2022-05,2862.83,1001.99,257.65,2022-05-25
7971,161,2022-05,2190.33,766.62,197.13,2022-05-25
7972,162,2022-05,1533.59,536.76,138.02,2022-05-25
7973,163,2022-05,2064.49,722.57,185.80,2022-05-25
7974,165,2022-05,1661.75,581.61,149.56,2022-05-25
7975,166,2022-05,3097.56,1084.15,278.78,2022-05-25
7976,168,2022-05,1791.56,627.05,161.24,2022-05-25
7977,169,2022-05,1903.21,666.12,171.29,2022-05-25
7978,171,2022-05,1547.64,541.67,139.29,2022-05-25
7979,172,2022-05,1827.81,639.73,164.50,2022-05-25
7980,173,2022-05,1564.84,547.69,140.84,2022-05-25
7981,174,2022-05,1835.00,642.25,165.15,2022-05-25
7982,175,2022-05,1803.41,631.19,162.31,2022-05-25
7983,176,2022-05,4684.73,1639.66,421.63,2022-05-25
7984,177,2022-05,1758.43,615.45,158.26,2022-05-25
7985,178,2022-05,1807.65,632.68,162.69,2022-05-25
7986,179,2022-05,3194.94,1118.23,287.54,2022-05-25
7987,180,2022-05,1848.43,646.95,166.36,2022-05-25
7988,181,2022-05,1565.17,547.81,140.87,2022-05-25
7989,183,2022-05,2212.91,774.52,199.16,2022-05-25
7990,184,2022-05,2316.29,810.70,208.47,2022-05-25
7991,186,2022-05,1768.56,619.00,159.17,2022-05-25
7992,188,2022-05,1642.02,574.71,147.78,2022-05-25
7993,189,2022-05,1809.79,633.43,162.88,2022-05-25
7994,191,2022-05,4964.14,1737.45,446.77,2022-05-25
7995,192,2022-05,1936.20,677.67,174.26,2022-05-25
7996,193,2022-05,2331.37,815.98,209.82,2022-05-25
7997,194,2022-05,3077.31,1077.06,276.96,2022-05-25
7998,195,2022-05,3227.88,1129.76,290.51,2022-05-25
7999,196,2022-05,2210.90,773.81,198.98,2022-05-25
8000,197,2022-05,1836.30,642.70,165.27,2022-05-25
8001,198,2022-05,1870.51,654.68,168.35,2022-05-25
8002,199,2022-05,1609.47,563.31,144.85,2022-05-25
8003,200,2022-05,1736.66,607.83,156.30,2022-05-25
8004,201,2022-05,2055.96,719.59,185.04,2022-05-25
8005,202,2022-05,1797.43,629.10,161.77,2022-05-25
8006,203,2022-05,1822.50,637.88,164.03,2022-05-25
8007,204,2022-05,1848.11,646.84,166.33,2022-05-25
8008,205,2022-05,1825.19,638.82,164.27,2022-05-25
8009,206,2022-05,1657.67,580.18,149.19,2022-05-25
8010,207,2022-05,4441.21,1554.42,399.71,2022-05-25
8011,209,2022-05,1646.31,576.21,148.17,2022-05-25
8012,210,2022-05,1995.22,698.33,179.57,2022-05-25
8013,211,2022-05,1561.84,546.64,140.57,2022-05-25
8014,214,2022-05,2262.50,791.88,203.62,2022-05-25
8015,215,2022-05,2874.22,1005.98,258.68,2022-05-25
8016,216,2022-05,2879.20,1007.72,259.13,2022-05-25
8017,217,2022-05,2100.94,735.33,189.08,2022-05-25
8018,218,2022-05,1676.45,586.76,150.88,2022-05-25
8019,219,2022-05,1829.50,640.32,164.66,2022-05-25
8020,221,2022-05,1577.90,552.26,142.01,2022-05-25
8021,222,2022-05,1651.01,577.85,148.59,2022-05-25
8022,225,2022-05,4779.80,1672.93,430.18,2022-05-25
8023,226,2022-05,1859.37,650.78,167.34,2022-05-25
8024,227,2022-05,1789.71,626.40,161.07,2022-05-25
8025,228,2022-05,3175.33,1111.37,285.78,2022-05-25
8026,229,2022-05,1667.10,583.48,150.04,2022-05-25
8027,230,2022-05,1562.38,546.83,140.61,2022-05-25
8028,231,2022-05,2021.41,707.49,181.93,2022-05-25
8029,232,2022-05,1546.60,541.31,139.19,2022-05-25
8030,233,2022-05,1710.74,598.76,153.97,2022-05-25
8031,234,2022-05,2365.84,828.04,212.93,2022-05-25
8032,235,2022-05,1617.50,566.12,145.57,2022-05-25
8033,236,2022-05,1906.19,667.17,171.56,2022-05-25
8034,237,2022-05,4918.64,1721.52,442.68,2022-05-25
8035,238,2022-05,1998.24,699.38,179.84,2022-05-25
8036,239,2022-05,2998.81,1049.58,269.89,2022-05-25
8037,240,2022-05,2312.75,809.46,208.15,2022-05-25
8038,241,2022-05,1676.23,586.68,150.86,2022-05-25
8039,242,2022-05,1854.27,648.99,166.88,2022-05-25
8040,243,2022-05,2306.92,807.42,207.62,2022-05-25
8041,244,2022-05,1646.47,576.26,148.18,2022-05-25
8042,1,2022-06,4760.67,0.00,428.46,2022-06-25
8043,2,2022-06,1578.70,0.00,142.08,2022-06-25
8044,3,2022-06,1605.35,0.00,144.48,2022-06-25
8045,4,2022-06,2224.45,0.00,200.20,2022-06-25
8046,5,2022-06,2088.95,0.00,188.01,2022-06-25
8047,6,2022-06,1644.11,0.00,147.97,2022-06-25
8048,7,2022-06,2863.13,0.00,257.68,2022-06-25
8049,8,2022-06,2432.42,0.00,218.92,2022-06-25
8050,9,2022-06,1658.27,0.00,149.24,2022-06-25
8051,10,2022-06,1695.69,0.00,152.61,2022-06-25
8052,11,2022-06,2882.60,0.00,259.43,2022-06-25
8053,12,2022-06,2064.52,0.00,185.81,2022-06-25
8054,13,2022-06,3204.15,0.00,288.37,2022-06-25
8055,14,2022-06,1996.10,0.00,179.65,2022-06-25
8056,15,2022-06,1789.86,0.00,161.09,2022-06-25
8057,16,2022-06,1858.51,0.00,167.27,2022-06-25
8058,19,2022-06,1657.53,0.00,149.18,2022-06-25
8059,20,2022-06,1605.68,0.00,144.51,2022-06-25
8060,21,2022-06,1748.76,0.00,157.39,2022-06-25
8061,22,2022-06,1931.83,0.00,173.86,2022-06-25
8062,23,2022-06,1786.14,0.00,160.75,2022-06-25
8063,24,2022-06,1766.36,0.00,158.97,2022-06-25
8064,25,2022-06,1880.52,0.00,169.25,2022-06-25
8065,26,2022-06,1750.69,0.00,157.56,2022-06-25
8066,28,2022-06,4530.29,0.00,407.73,2022-06-25
8067,30,2022-06,2779.68,0.00,250.17,2022-06-25
8068,31,2022-06,1848.55,0.00,166.37,2022-06-25
8069,33,2022-06,1816.81,0.00,163.51,2022-06-25
8070,35,2022-06,1776.08,0.00,159.85,2022-06-25
8071,36,2022-06,2088.49,0.00,187.96,2022-06-25
8072,37,2022-06,2875.68,0.00,258.81,2022-06-25
8073,40,2022-06,2153.05,0.00,193.77,2022-06-25
8074,41,2022-06,2097.43,0.00,188.77,2022-06-25
8075,42,2022-06,2432.97,0.00,218.97,2022-06-25
8076,43,2022-06,1600.14,0.00,144.01,2022-06-25
8077,44,2022-06,1697.32,0.00,152.76,2022-06-25
8078,45,2022-06,1590.45,0.00,143.14,2022-06-25
8079,46,2022-06,2804.58,0.00,252.41,2022-06-25
8080,47,2022-06,1787.50,0.00,160.88,2022-06-25
8081,49,2022-06,1769.26,0.00,159.23,2022-06-25
8082,50,2022-06,1711.35,0.00,154.02,2022-06-25
8083,51,2022-06,1878.13,0.00,169.03,2022-06-25
8084,52,2022-06,1773.22,0.00,159.59,2022-06-25
8085,53,2022-06,1609.32,0.00,144.84,2022-06-25
8086,54,2022-06,1636.99,0.00,147.33,2022-06-25
8087,55,2022-06,1815.12,0.00,163.36,2022-06-25
8088,56,2022-06,1636.33,0.00,147.27,2022-06-25
8089,57,2022-06,1648.18,0.00,148.34,2022-06-25
8090,58,2022-06,1730.89,0.00,155.78,2022-06-25
8091,60,2022-06,5014.70,0.00,451.32,2022-06-25
8092,61,2022-06,2238.24,0.00,201.44,2022-06-25
8093,62,2022-06,1863.60,0.00,167.72,2022-06-25
8094,63,2022-06,2295.85,0.00,206.63,2022-06-25
8095,65,2022-06,1888.73,0.00,169.99,2022-06-25
8096,66,2022-06,1813.21,0.00,163.19,2022-06-25
8097,67,2022-06,2041.66,0.00,183.75,2022-06-25
8098,68,2022-06,1809.38,0.00,162.84,2022-06-25
8099,70,2022-06,2410.54,0.00,216.95,2022-06-25
8100,71,2022-06,3154.47,0.00,283.90,2022-06-25
8101,72,2022-06,2865.68,0.00,257.91,2022-06-25
8102,73,2022-06,1838.77,0.00,165.49,2022-06-25
8103,74,2022-06,1784.74,0.00,160.63,2022-06-25
8104,75,2022-06,1798.92,0.00,161.90,2022-06-25
8105,76,2022-06,1914.21,0.00,172.28,2022-06-25
8106,77,2022-06,1896.09,0.00,170.65,2022-06-25
8107,78,2022-06,1915.29,0.00,172.38,2022-06-25
8108,79,2022-06,1777.80,0.00,160.00,2022-06-25
8109,80,2022-06,1779.29,0.00,160.14,2022-06-25
8110,81,2022-06,1556.11,0.00,140.05,2022-06-25
8111,82,2022-06,5042.88,0.00,453.86,2022-06-25
8112,83,2022-06,2915.58,0.00,262.40,2022-06-25
8113,84,2022-06,1681.05,0.00,151.29,2022-06-25
8114,85,2022-06,2933.38,0.00,264.00,2022-06-25
8115,87,2022-06,2207.70,0.00,198.69,2022-06-25
8116,88,2022-06,1632.50,0.00,146.92,2022-06-25
8117,89,2022-06,2304.28,0.00,207.39,2022-06-25
8118,91,2022-06,1812.38,0.00,163.11,2022-06-25
8119,92,2022-06,1963.80,0.00,176.74,2022-06-25
8120,93,2022-06,1608.52,0.00,144.77,2022-06-25
8121,94,2022-06,2022.34,0.00,182.01,2022-06-25
8122,95,2022-06,1680.97,0.00,151.29,2022-06-25
8123,96,2022-06,1703.83,0.00,153.34,2022-06-25
8124,97,2022-06,1566.69,0.00,141.00,2022-06-25
8125,98,2022-06,1847.04,0.00,166.23,2022-06-25
8126,99,2022-06,1777.64,0.00,159.99,2022-06-25
8127,100,2022-06,5005.41,0.00,450.49,2022-06-25
8128,101,2022-06,1687.53,0.00,151.88,2022-06-25
8129,102,2022-06,1671.54,0.00,150.44,2022-06-25
8130,103,2022-06,2919.58,0.00,262.76,2022-06-25
8131,105,2022-06,2289.98,0.00,206.10,2022-06-25
8132,107,2022-06,2808.70,0.00,252.78,2022-06-25
8133,108,2022-06,2173.48,0.00,195.61,2022-06-25
8134,109,2022-06,1645.92,0.00,148.13,2022-06-25
8135,110,2022-06,1793.35,0.00,161.40,2022-06-25
8136,111,2022-06,1629.38,0.00,146.64,2022-06-25
8137,112,2022-06,1748.71,0.00,157.38,2022-06-25
8138,113,2022-06,1759.47,0.00,158.35,2022-06-25
8139,114,2022-06,1890.46,0.00,170.14,2022-06-25
8140,115,2022-06,4608.65,0.00,414.78,2022-06-25
8141,116,2022-06,2350.00,0.00,211.50,2022-06-25
8142,117,2022-06,1637.49,0.00,147.37,2022-06-25
8143,118,2022-06,2921.41,0.00,262.93,2022-06-25
8144,119,2022-06,1705.28,0.00,153.48,2022-06-25
8145,120,2022-06,1595.47,0.00,143.59,2022-06-25
8146,121,2022-06,1864.65,0.00,167.82,2022-06-25
8147,122,2022-06,1688.98,0.00,152.01,2022-06-25
8148,123,2022-06,1668.58,0.00,150.17,2022-06-25
8149,124,2022-06,2217.43,0.00,199.57,2022-06-25
8150,125,2022-06,2371.68,0.00,213.45,2022-06-25
8151,126,2022-06,3244.86,0.00,292.04,2022-06-25
8152,128,2022-06,1573.40,0.00,141.61,2022-06-25
8153,130,2022-06,1929.23,0.00,173.63,2022-06-25
8154,131,2022-06,1876.51,0.00,168.89,2022-06-25
8155,132,2022-06,1561.18,0.00,140.51,2022-06-25
8156,133,2022-06,1824.35,0.00,164.19,2022-06-25
8157,134,2022-06,1825.99,0.00,164.34,2022-06-25
8158,135,2022-06,1853.20,0.00,166.79,2022-06-25
8159,136,2022-06,5085.17,0.00,457.67,2022-06-25
8160,138,2022-06,2983.63,0.00,268.53,2022-06-25
8161,139,2022-06,1564.11,0.00,140.77,2022-06-25
8162,140,2022-06,1787.47,0.00,160.87,2022-06-25
8163,141,2022-06,2373.01,0.00,213.57,2022-06-25
8164,143,2022-06,2122.42,0.00,191.02,2022-06-25
8165,144,2022-06,2209.67,0.00,198.87,2022-06-25
8166,146,2022-06,2814.49,0.00,253.30,2022-06-25
8167,147,2022-06,1741.00,0.00,156.69,2022-06-25
8168,148,2022-06,1878.72,0.00,169.08,2022-06-25
8169,149,2022-06,1640.77,0.00,147.67,2022-06-25
8170,150,2022-06,1898.00,0.00,170.82,2022-06-25
8171,151,2022-06,1717.17,0.00,154.55,2022-06-25
8172,152,2022-06,1637.09,0.00,147.34,2022-06-25
8173,153,2022-06,1747.30,0.00,157.26,2022-06-25
8174,154,2022-06,1703.59,0.00,153.32,2022-06-25
8175,155,2022-06,1702.86,0.00,153.26,2022-06-25
8176,156,2022-06,4707.79,0.00,423.70,2022-06-25
8177,157,2022-06,1964.24,0.00,176.78,2022-06-25
8178,158,2022-06,1761.17,0.00,158.51,2022-06-25
8179,159,2022-06,2071.60,0.00,186.44,2022-06-25
8180,160,2022-06,2859.70,0.00,257.37,2022-06-25
8181,161,2022-06,2196.77,0.00,197.71,2022-06-25
8182,162,2022-06,1539.79,0.00,138.58,2022-06-25
8183,163,2022-06,2069.03,0.00,186.21,2022-06-25
8184,165,2022-06,1659.57,0.00,149.36,2022-06-25
8185,166,2022-06,3071.84,0.00,276.47,2022-06-25
8186,168,2022-06,1797.00,0.00,161.73,2022-06-25
8187,169,2022-06,1902.21,0.00,171.20,2022-06-25
8188,171,2022-06,1541.94,0.00,138.77,2022-06-25
8189,172,2022-06,1837.67,0.00,165.39,2022-06-25
8190,173,2022-06,1560.11,0.00,140.41,2022-06-25
8191,174,2022-06,1827.88,0.00,164.51,2022-06-25
8192,175,2022-06,1793.77,0.00,161.44,2022-06-25
8193,176,2022-06,4678.57,0.00,421.07,2022-06-25
8194,177,2022-06,1758.50,0.00,158.26,2022-06-25
8195,178,2022-06,1818.62,0.00,163.68,2022-06-25
8196,179,2022-06,3194.55,0.00,287.51,2022-06-25
8197,180,2022-06,1850.85,0.00,166.58,2022-06-25
8198,181,2022-06,1565.99,0.00,140.94,2022-06-25
8199,183,2022-06,2202.39,0.00,198.22,2022-06-25
8200,184,2022-06,2320.70,0.00,208.86,2022-06-25
8201,186,2022-06,1778.02,0.00,160.02,2022-06-25
8202,188,2022-06,1641.79,0.00,147.76,2022-06-25
8203,189,2022-06,1818.40,0.00,163.66,2022-06-25
8204,190,2022-06,1834.81,0.00,165.13,2022-06-25
8205,191,2022-06,4948.96,0.00,445.41,2022-06-25
8206,192,2022-06,1939.64,0.00,174.57,2022-06-25
8207,193,2022-06,2326.90,0.00,209.42,2022-06-25
8208,194,2022-06,3095.41,0.00,278.59,2022-06-25
8209,195,2022-06,3229.21,0.00,290.63,2022-06-25
8210,196,2022-06,2216.24,0.00,199.46,2022-06-25
8211,197,2022-06,1830.82,0.00,164.77,2022-06-25
8212,198,2022-06,1873.60,0.00,168.62,2022-06-25
8213,199,2022-06,1609.70,0.00,144.87,2022-06-25
8214,200,2022-06,1731.12,0.00,155.80,2022-06-25
8215,201,2022-06,2062.26,0.00,185.60,2022-06-25
8216,202,2022-06,1801.67,0.00,162.15,2022-06-25
8217,203,2022-06,1820.90,0.00,163.88,2022-06-25
8218,204,2022-06,1847.28,0.00,166.26,2022-06-25
8219,205,2022-06,1829.03,0.00,164.61,2022-06-25
8220,206,2022-06,1652.74,0.00,148.75,2022-06-25
8221,207,2022-06,4463.94,0.00,401.75,2022-06-25
8222,209,2022-06,1636.54,0.00,147.29,2022-06-25
8223,210,2022-06,1994.22,0.00,179.48,2022-06-25
8224,211,2022-06,1555.57,0.00,140.00,2022-06-25
8225,214,2022-06,2265.34,0.00,203.88,2022-06-25
8226,215,2022-06,2887.13,0.00,259.84,2022-06-25
8227,216,2022-06,2867.38,0.00,258.06,2022-06-25
8228,217,2022-06,2085.92,0.00,187.73,2022-06-25
8229,218,2022-06,1665.76,0.00,149.92,2022-06-25
8230,219,2022-06,1821.32,0.00,163.92,2022-06-25
8231,221,2022-06,1565.51,0.00,140.90,2022-06-25
8232,222,2022-06,1648.18,0.00,148.34,2022-06-25
8233,223,2022-06,1802.69,0.00,162.24,2022-06-25
8234,224,2022-06,1836.10,0.00,165.25,2022-06-25
8235,225,2022-06,4793.91,0.00,431.45,2022-06-25
8236,226,2022-06,1873.28,0.00,168.60,2022-06-25
8237,227,2022-06,1791.13,0.00,161.20,2022-06-25
8238,228,2022-06,3184.48,0.00,286.60,2022-06-25
8239,229,2022-06,1660.70,0.00,149.46,2022-06-25
8240,230,2022-06,1562.96,0.00,140.67,2022-06-25
8241,231,2022-06,2033.94,0.00,183.05,2022-06-25
8242,232,2022-06,1550.94,0.00,139.58,2022-06-25
8243,233,2022-06,1714.56,0.00,154.31,2022-06-25
8244,234,2022-06,2365.02,0.00,212.85,2022-06-25
8245,235,2022-06,1619.30,0.00,145.74,2022-06-25
8246,236,2022-06,1894.15,0.00,170.47,2022-06-25
8247,237,2022-06,4961.81,0.00,446.56,2022-06-25
8248,238,2022-06,1983.74,0.00,178.54,2022-06-25
8249,239,2022-06,2977.24,0.00,267.95,2022-06-25
8250,240,2022-06,2307.24,0.00,207.65,2022-06-25
8251,241,2022-06,1673.07,0.00,150.58,2022-06-25
8252,242,2022-06,1856.43,0.00,167.08,2022-06-25
8253,243,2022-06,2316.62,0.00,208.50,2022-06-25
8254,244,2022-06,1652.45,0.00,148.72,2022-06-25
8255,1,2022-07,4750.81,0.00,522.59,2022-07-25
8256,2,2022-07,1583.31,0.00,174.16,2022-07-25
8257,3,2022-07,1607.27,0.00,176.80,2022-07-25
8258,4,2022-07,2228.62,0.00,245.15,2022-07-25
8259,5,2022-07,2081.93,0.00,229.01,2022-07-25
8260,6,2022-07,1635.96,0.00,179.96,2022-07-25
8261,7,2022-07,2856.59,0.00,314.22,2022-07-25
8262,8,2022-07,2439.13,0.00,268.30,2022-07-25
8263,9,2022-07,1663.05,0.00,182.94,2022-07-25
8264,10,2022-07,1693.02,0.00,186.23,2022-07-25
8265,11,2022-07,2879.35,0.00,316.73,2022-07-25
8266,12,2022-07,2071.69,0.00,227.89,2022-07-25
8267,13,2022-07,3228.67,0.00,355.15,2022-07-25
8268,14,2022-07,1989.52,0.00,218.85,2022-07-25
8269,15,2022-07,1778.48,0.00,195.63,2022-07-25
8270,16,2022-07,1853.37,0.00,203.87,2022-07-25
8271,19,2022-07,1648.90,0.00,181.38,2022-07-25
8272,20,2022-07,1611.96,0.00,177.32,2022-07-25
8273,21,2022-07,1750.42,0.00,192.55,2022-07-25
8274,22,2022-07,1942.90,0.00,213.72,2022-07-25
8275,23,2022-07,1802.76,0.00,198.30,2022-07-25
8276,24,2022-07,1779.95,0.00,195.79,2022-07-25
8277,25,2022-07,1873.68,0.00,206.10,2022-07-25
8278,26,2022-07,1741.09,0.00,191.52,2022-07-25
8279,28,2022-07,4547.79,0.00,500.26,2022-07-25
8280,30,2022-07,2787.67,0.00,306.64,2022-07-25
8281,31,2022-07,1859.34,0.00,204.53,2022-07-25
8282,33,2022-07,1828.77,0.00,201.16,2022-07-25
8283,35,2022-07,1774.40,0.00,195.18,2022-07-25
8284,36,2022-07,2090.41,0.00,229.95,2022-07-25
8285,37,2022-07,2890.13,0.00,317.91,2022-07-25
8286,40,2022-07,2138.82,0.00,235.27,2022-07-25
8287,41,2022-07,2092.68,0.00,230.19,2022-07-25
8288,42,2022-07,2425.62,0.00,266.82,2022-07-25
8289,43,2022-07,1593.22,0.00,175.25,2022-07-25
8290,44,2022-07,1699.07,0.00,186.90,2022-07-25
8291,45,2022-07,1580.98,0.00,173.91,2022-07-25
8292,46,2022-07,2808.54,0.00,308.94,2022-07-25
8293,47,2022-07,1788.49,0.00,196.73,2022-07-25
8294,49,2022-07,1756.05,0.00,193.17,2022-07-25
8295,50,2022-07,1723.07,0.00,189.54,2022-07-25
8296,51,2022-07,1883.54,0.00,207.19,2022-07-25
8297,52,2022-07,1768.06,0.00,194.49,2022-07-25
8298,53,2022-07,1609.21,0.00,177.01,2022-07-25
8299,54,2022-07,1642.73,0.00,180.70,2022-07-25
8300,55,2022-07,1824.91,0.00,200.74,2022-07-25
8301,56,2022-07,1631.22,0.00,179.43,2022-07-25
8302,57,2022-07,1651.58,0.00,181.67,2022-07-25
8303,58,2022-07,1744.31,0.00,191.87,2022-07-25
8304,60,2022-07,4998.16,0.00,549.80,2022-07-25
8305,61,2022-07,2231.35,0.00,245.45,2022-07-25
8306,62,2022-07,1869.99,0.00,205.70,2022-07-25
8307,63,2022-07,2301.51,0.00,253.17,2022-07-25
8308,65,2022-07,1888.28,0.00,207.71,2022-07-25
8309,66,2022-07,1815.95,0.00,199.75,2022-07-25
8310,67,2022-07,2040.59,0.00,224.46,2022-07-25
8311,68,2022-07,1811.54,0.00,199.27,2022-07-25
8312,70,2022-07,2414.52,0.00,265.60,2022-07-25
8313,71,2022-07,3154.08,0.00,346.95,2022-07-25
8314,72,2022-07,2841.09,0.00,312.52,2022-07-25
8315,73,2022-07,1831.74,0.00,201.49,2022-07-25
8316,74,2022-07,1796.47,0.00,197.61,2022-07-25
8317,75,2022-07,1797.12,0.00,197.68,2022-07-25
8318,76,2022-07,1908.82,0.00,209.97,2022-07-25
8319,77,2022-07,1882.16,0.00,207.04,2022-07-25
8320,78,2022-07,1933.74,0.00,212.71,2022-07-25
8321,79,2022-07,1766.14,0.00,194.28,2022-07-25
8322,80,2022-07,1779.17,0.00,195.71,2022-07-25
8323,81,2022-07,1555.13,0.00,171.06,2022-07-25
8324,82,2022-07,5082.71,0.00,559.10,2022-07-25
8325,83,2022-07,2910.96,0.00,320.21,2022-07-25
8326,84,2022-07,1686.33,0.00,185.50,2022-07-25
8327,85,2022-07,2930.94,0.00,322.40,2022-07-25
8328,87,2022-07,2197.11,0.00,241.68,2022-07-25
8329,88,2022-07,1635.93,0.00,179.95,2022-07-25
8330,89,2022-07,2315.67,0.00,254.72,2022-07-25
8331,91,2022-07,1811.36,0.00,199.25,2022-07-25
8332,92,2022-07,1951.88,0.00,214.71,2022-07-25
8333,93,2022-07,1606.99,0.00,176.77,2022-07-25
8334,94,2022-07,2012.76,0.00,221.40,2022-07-25
8335,95,2022-07,1682.45,0.00,185.07,2022-07-25
8336,96,2022-07,1713.52,0.00,188.49,2022-07-25
8337,97,2022-07,1574.83,0.00,173.23,2022-07-25
8338,98,2022-07,1850.89,0.00,203.60,2022-07-25
8339,99,2022-07,1779.78,0.00,195.78,2022-07-25
8340,100,2022-07,5039.54,0.00,554.35,2022-07-25
8341,101,2022-07,1681.84,0.00,185.00,2022-07-25
8342,102,2022-07,1665.60,0.00,183.22,2022-07-25
8343,103,2022-07,2919.76,0.00,321.17,2022-07-25
8344,105,2022-07,2295.54,0.00,252.51,2022-07-25
8345,107,2022-07,2791.13,0.00,307.02,2022-07-25
8346,108,2022-07,2180.35,0.00,239.84,2022-07-25
8347,109,2022-07,1642.76,0.00,180.70,2022-07-25
8348,110,2022-07,1795.26,0.00,197.48,2022-07-25
8349,111,2022-07,1633.00,0.00,179.63,2022-07-25
8350,112,2022-07,1757.80,0.00,193.36,2022-07-25
8351,113,2022-07,1759.22,0.00,193.51,2022-07-25
8352,114,2022-07,1888.53,0.00,207.74,2022-07-25
8353,115,2022-07,4637.33,0.00,510.11,2022-07-25
8354,116,2022-07,2337.74,0.00,257.15,2022-07-25
8355,117,2022-07,1629.40,0.00,179.23,2022-07-25
8356,118,2022-07,2913.64,0.00,320.50,2022-07-25
8357,119,2022-07,1704.32,0.00,187.48,2022-07-25
8358,120,2022-07,1592.82,0.00,175.21,2022-07-25
8359,121,2022-07,1857.21,0.00,204.29,2022-07-25
8360,122,2022-07,1700.53,0.00,187.06,2022-07-25
8361,123,2022-07,1665.27,0.00,183.18,2022-07-25
8362,124,2022-07,2219.12,0.00,244.10,2022-07-25
8363,125,2022-07,2371.61,0.00,260.88,2022-07-25
8364,126,2022-07,3231.11,0.00,355.42,2022-07-25
8365,128,2022-07,1576.97,0.00,173.47,2022-07-25
8366,130,2022-07,1921.23,0.00,211.34,2022-07-25
8367,131,2022-07,1872.98,0.00,206.03,2022-07-25
8368,132,2022-07,1564.02,0.00,172.04,2022-07-25
8369,133,2022-07,1830.81,0.00,201.39,2022-07-25
8370,134,2022-07,1825.69,0.00,200.83,2022-07-25
8371,135,2022-07,1867.05,0.00,205.38,2022-07-25
8372,136,2022-07,5040.80,0.00,554.49,2022-07-25
8373,138,2022-07,3009.28,0.00,331.02,2022-07-25
8374,139,2022-07,1563.63,0.00,172.00,2022-07-25
8375,140,2022-07,1792.92,0.00,197.22,2022-07-25
8376,141,2022-07,2388.71,0.00,262.76,2022-07-25
8377,143,2022-07,2135.63,0.00,234.92,2022-07-25
8378,144,2022-07,2214.31,0.00,243.57,2022-07-25
8379,146,2022-07,2804.61,0.00,308.51,2022-07-25
8380,147,2022-07,1746.65,0.00,192.13,2022-07-25
8381,148,2022-07,1877.45,0.00,206.52,2022-07-25
8382,149,2022-07,1645.45,0.00,181.00,2022-07-25
8383,150,2022-07,1894.81,0.00,208.43,2022-07-25
8384,151,2022-07,1731.15,0.00,190.43,2022-07-25
8385,152,2022-07,1631.31,0.00,179.44,2022-07-25
8386,153,2022-07,1740.53,0.00,191.46,2022-07-25
8387,154,2022-07,1703.34,0.00,187.37,2022-07-25
8388,155,2022-07,1692.78,0.00,186.21,2022-07-25
8389,156,2022-07,4697.91,0.00,516.77,2022-07-25
8390,157,2022-07,1966.12,0.00,216.27,2022-07-25
8391,158,2022-07,1760.85,0.00,193.69,2022-07-25
8392,159,2022-07,2058.48,0.00,226.43,2022-07-25
8393,160,2022-07,2869.29,0.00,315.62,2022-07-25
8394,161,2022-07,2199.48,0.00,241.94,2022-07-25
8395,162,2022-07,1543.08,0.00,169.74,2022-07-25
8396,163,2022-07,2078.22,0.00,228.60,2022-07-25
8397,165,2022-07,1661.84,0.00,182.80,2022-07-25
8398,166,2022-07,3070.51,0.00,337.76,2022-07-25
8399,168,2022-07,1788.52,0.00,196.74,2022-07-25
8400,169,2022-07,1898.62,0.00,208.85,2022-07-25
8401,171,2022-07,1542.69,0.00,169.70,2022-07-25
8402,172,2022-07,1829.51,0.00,201.25,2022-07-25
8403,173,2022-07,1558.00,0.00,171.38,2022-07-25
8404,174,2022-07,1829.71,0.00,201.27,2022-07-25
8405,175,2022-07,1793.99,0.00,197.34,2022-07-25
8406,176,2022-07,4684.01,0.00,515.24,2022-07-25
8407,177,2022-07,1757.17,0.00,193.29,2022-07-25
8408,178,2022-07,1804.72,0.00,198.52,2022-07-25
8409,179,2022-07,3176.50,0.00,349.42,2022-07-25
8410,180,2022-07,1836.13,0.00,201.97,2022-07-25
8411,181,2022-07,1567.10,0.00,172.38,2022-07-25
8412,183,2022-07,2210.90,0.00,243.20,2022-07-25
8413,184,2022-07,2314.28,0.00,254.57,2022-07-25
8414,186,2022-07,1772.97,0.00,195.03,2022-07-25
8415,188,2022-07,1638.59,0.00,180.24,2022-07-25
8416,189,2022-07,1811.36,0.00,199.25,2022-07-25
8417,190,2022-07,1835.57,0.00,201.91,2022-07-25
8418,191,2022-07,4977.93,0.00,547.57,2022-07-25
8419,192,2022-07,1938.49,0.00,213.23,2022-07-25
8420,193,2022-07,2321.39,0.00,255.35,2022-07-25
8421,194,2022-07,3087.64,0.00,339.64,2022-07-25
8422,195,2022-07,3222.34,0.00,354.46,2022-07-25
8423,196,2022-07,2220.02,0.00,244.20,2022-07-25
8424,197,2022-07,1826.48,0.00,200.91,2022-07-25
8425,198,2022-07,1866.06,0.00,205.27,2022-07-25
8426,199,2022-07,1599.78,0.00,175.98,2022-07-25
8427,200,2022-07,1730.23,0.00,190.33,2022-07-25
8428,201,2022-07,2056.12,0.00,226.17,2022-07-25
8429,202,2022-07,1806.70,0.00,198.74,2022-07-25
8430,203,2022-07,1826.44,0.00,200.91,2022-07-25
8431,204,2022-07,1846.14,0.00,203.08,2022-07-25
8432,205,2022-07,1827.78,0.00,201.06,2022-07-25
8433,206,2022-07,1658.57,0.00,182.44,2022-07-25
8434,207,2022-07,4440.02,0.00,488.40,2022-07-25
8435,209,2022-07,1646.10,0.00,181.07,2022-07-25
8436,210,2022-07,1984.45,0.00,218.29,2022-07-25
8437,211,2022-07,1556.62,0.00,171.23,2022-07-25
8438,214,2022-07,2264.06,0.00,249.05,2022-07-25
8439,215,2022-07,2879.70,0.00,316.77,2022-07-25
8440,216,2022-07,2887.13,0.00,317.58,2022-07-25
8441,217,2022-07,2087.60,0.00,229.64,2022-07-25
8442,218,2022-07,1676.12,0.00,184.37,2022-07-25
8443,219,2022-07,1818.01,0.00,199.98,2022-07-25
8444,221,2022-07,1572.94,0.00,173.02,2022-07-25
8445,222,2022-07,1637.26,0.00,180.10,2022-07-25
8446,223,2022-07,1799.89,0.00,197.99,2022-07-25
8447,224,2022-07,1843.95,0.00,202.83,2022-07-25
8448,225,2022-07,4796.00,0.00,527.56,2022-07-25
8449,226,2022-07,1862.37,0.00,204.86,2022-07-25
8450,227,2022-07,1774.38,0.00,195.18,2022-07-25
8451,228,2022-07,3189.81,0.00,350.88,2022-07-25
8452,229,2022-07,1653.61,0.00,181.90,2022-07-25
8453,230,2022-07,1566.26,0.00,172.29,2022-07-25
8454,231,2022-07,2026.00,0.00,222.86,2022-07-25
8455,232,2022-07,1549.17,0.00,170.41,2022-07-25
8456,233,2022-07,1707.80,0.00,187.86,2022-07-25
8457,234,2022-07,2360.25,0.00,259.63,2022-07-25
8458,235,2022-07,1617.44,0.00,177.92,2022-07-25
8459,236,2022-07,1906.38,0.00,209.70,2022-07-25
8460,237,2022-07,4931.94,0.00,542.51,2022-07-25
8461,238,2022-07,1987.87,0.00,218.67,2022-07-25
8462,239,2022-07,2997.69,0.00,329.75,2022-07-25
8463,240,2022-07,2308.02,0.00,253.88,2022-07-25
8464,241,2022-07,1670.60,0.00,183.77,2022-07-25
8465,242,2022-07,1840.90,0.00,202.50,2022-07-25
8466,243,2022-07,2320.05,0.00,255.21,2022-07-25
8467,244,2022-07,1649.71,0.00,181.47,2022-07-25
8468,1,2022-08,4726.52,0.00,519.92,2022-08-25
8469,2,2022-08,1569.28,0.00,172.62,2022-08-25
8470,3,2022-08,1600.93,0.00,176.10,2022-08-25
8471,4,2022-08,2227.39,0.00,245.01,2022-08-25
8472,5,2022-08,2092.92,0.00,230.22,2022-08-25
8473,6,2022-08,1639.30,0.00,180.32,2022-08-25
8474,7,2022-08,2847.04,0.00,313.17,2022-08-25
8475,8,2022-08,2426.60,0.00,266.93,2022-08-25
8476,9,2022-08,1662.60,0.00,182.89,2022-08-25
8477,10,2022-08,1688.12,0.00,185.69,2022-08-25
8478,11,2022-08,2868.72,0.00,315.56,2022-08-25
8479,12,2022-08,2071.67,0.00,227.88,2022-08-25
8480,13,2022-08,3199.11,0.00,351.90,2022-08-25
8481,14,2022-08,1996.50,0.00,219.62,2022-08-25
8482,15,2022-08,1780.33,0.00,195.84,2022-08-25
8483,16,2022-08,1856.64,0.00,204.23,2022-08-25
8484,19,2022-08,1660.50,0.00,182.66,2022-08-25
8485,20,2022-08,1614.18,0.00,177.56,2022-08-25
8486,21,2022-08,1757.59,0.00,193.33,2022-08-25
8487,22,2022-08,1936.26,0.00,212.99,2022-08-25
8488,23,2022-08,1799.49,0.00,197.94,2022-08-25
8489,24,2022-08,1768.58,0.00,194.54,2022-08-25
8490,25,2022-08,1879.39,0.00,206.73,2022-08-25
8491,26,2022-08,1742.12,0.00,191.63,2022-08-25
8492,28,2022-08,4540.67,0.00,499.47,2022-08-25
8493,30,2022-08,2775.44,0.00,305.30,2022-08-25
8494,31,2022-08,1855.21,0.00,204.07,2022-08-25
8495,33,2022-08,1827.18,0.00,200.99,2022-08-25
8496,35,2022-08,1765.98,0.00,194.26,2022-08-25
8497,36,2022-08,2097.05,0.00,230.68,2022-08-25
8498,37,2022-08,2892.52,0.00,318.18,2022-08-25
8499,40,2022-08,2136.36,0.00,235.00,2022-08-25
8500,41,2022-08,2105.86,0.00,231.64,2022-08-25
8501,42,2022-08,2429.96,0.00,267.30,2022-08-25
8502,43,2022-08,1605.01,0.00,176.55,2022-08-25
8503,44,2022-08,1701.76,0.00,187.19,2022-08-25
8504,45,2022-08,1588.66,0.00,174.75,2022-08-25
8505,46,2022-08,2804.71,0.00,308.52,2022-08-25
8506,47,2022-08,1784.71,0.00,196.32,2022-08-25
8507,49,2022-08,1767.75,0.00,194.45,2022-08-25
8508,50,2022-08,1724.13,0.00,189.65,2022-08-25
8509,51,2022-08,1872.11,0.00,205.93,2022-08-25
8510,52,2022-08,1779.61,0.00,195.76,2022-08-25
8511,53,2022-08,1617.91,0.00,177.97,2022-08-25
8512,54,2022-08,1646.18,0.00,181.08,2022-08-25
8513,55,2022-08,1812.60,0.00,199.39,2022-08-25
8514,56,2022-08,1644.06,0.00,180.85,2022-08-25
8515,57,2022-08,1641.06,0.00,180.52,2022-08-25
8516,58,2022-08,1731.21,0.00,190.43,2022-08-25
8517,60,2022-08,5022.02,0.00,552.42,2022-08-25
8518,61,2022-08,2229.21,0.00,245.21,2022-08-25
8519,62,2022-08,1854.73,0.00,204.02,2022-08-25
8520,63,2022-08,2303.81,0.00,253.42,2022-08-25
8521,65,2022-08,1894.31,0.00,208.37,2022-08-25
8522,66,2022-08,1813.95,0.00,199.53,2022-08-25
8523,67,2022-08,2049.88,0.00,225.49,2022-08-25
8524,68,2022-08,1813.30,0.00,199.46,2022-08-25
8525,70,2022-08,2415.41,0.00,265.70,2022-08-25
8526,71,2022-08,3139.58,0.00,345.35,2022-08-25
8527,72,2022-08,2857.62,0.00,314.34,2022-08-25
8528,73,2022-08,1832.33,0.00,201.56,2022-08-25
8529,74,2022-08,1796.22,0.00,197.58,2022-08-25
8530,75,2022-08,1798.80,0.00,197.87,2022-08-25
8531,76,2022-08,1913.74,0.00,210.51,2022-08-25
8532,77,2022-08,1897.08,0.00,208.68,2022-08-25
8533,78,2022-08,1923.72,0.00,211.61,2022-08-25
8534,79,2022-08,1773.29,0.00,195.06,2022-08-25
8535,80,2022-08,1780.07,0.00,195.81,2022-08-25
8536,81,2022-08,1559.16,0.00,171.51,2022-08-25
8537,82,2022-08,5056.26,0.00,556.19,2022-08-25
8538,83,2022-08,2916.82,0.00,320.85,2022-08-25
8539,84,2022-08,1681.24,0.00,184.94,2022-08-25
8540,85,2022-08,2952.59,0.00,324.78,2022-08-25
8541,87,2022-08,2217.60,0.00,243.94,2022-08-25
8542,88,2022-08,1631.23,0.00,179.44,2022-08-25
8543,89,2022-08,2307.71,0.00,253.85,2022-08-25
8544,91,2022-08,1822.54,0.00,200.48,2022-08-25
8545,92,2022-08,1949.13,0.00,214.40,2022-08-25
8546,93,2022-08,1614.89,0.00,177.64,2022-08-25
8547,94,2022-08,2010.43,0.00,221.15,2022-08-25
8548,95,2022-08,1693.15,0.00,186.25,2022-08-25
8549,96,2022-08,1699.74,0.00,186.97,2022-08-25
8550,97,2022-08,1572.88,0.00,173.02,2022-08-25
8551,98,2022-08,1853.13,0.00,203.84,2022-08-25
8552,99,2022-08,1779.88,0.00,195.79,2022-08-25
8553,100,2022-08,5041.48,0.00,554.56,2022-08-25
8554,101,2022-08,1687.34,0.00,185.61,2022-08-25
8555,102,2022-08,1666.71,0.00,183.34,2022-08-25
8556,103,2022-08,2923.28,0.00,321.56,2022-08-25
8557,105,2022-08,2300.97,0.00,253.11,2022-08-25
8558,107,2022-08,2795.33,0.00,307.49,2022-08-25
8559,108,2022-08,2189.36,0.00,240.83,2022-08-25
8560,109,2022-08,1647.62,0.00,181.24,2022-08-25
8561,110,2022-08,1790.53,0.00,196.96,2022-08-25
8562,111,2022-08,1633.26,0.00,179.66,2022-08-25
8563,112,2022-08,1746.90,0.00,192.16,2022-08-25
8564,113,2022-08,1754.68,0.00,193.01,2022-08-25
8565,114,2022-08,1887.79,0.00,207.66,2022-08-25
8566,115,2022-08,4628.28,0.00,509.11,2022-08-25
8567,116,2022-08,2352.42,0.00,258.77,2022-08-25
8568,117,2022-08,1624.18,0.00,178.66,2022-08-25
8569,118,2022-08,2901.62,0.00,319.18,2022-08-25
8570,119,2022-08,1717.19,0.00,188.89,2022-08-25
8571,120,2022-08,1595.91,0.00,175.55,2022-08-25
8572,121,2022-08,1861.63,0.00,204.78,2022-08-25
8573,122,2022-08,1701.92,0.00,187.21,2022-08-25
8574,123,2022-08,1657.70,0.00,182.35,2022-08-25
8575,124,2022-08,2219.34,0.00,244.13,2022-08-25
8576,125,2022-08,2360.14,0.00,259.62,2022-08-25
8577,126,2022-08,3243.19,0.00,356.75,2022-08-25
8578,128,2022-08,1580.16,0.00,173.82,2022-08-25
8579,130,2022-08,1923.45,0.00,211.58,2022-08-25
8580,131,2022-08,1868.68,0.00,205.55,2022-08-25
8581,132,2022-08,1562.97,0.00,171.93,2022-08-25
8582,133,2022-08,1837.40,0.00,202.11,2022-08-25
8583,134,2022-08,1830.59,0.00,201.36,2022-08-25
8584,135,2022-08,1856.79,0.00,204.25,2022-08-25
8585,136,2022-08,5057.70,0.00,556.35,2022-08-25
8586,138,2022-08,2995.80,0.00,329.54,2022-08-25
8587,139,2022-08,1561.50,0.00,171.77,2022-08-25
8588,140,2022-08,1795.49,0.00,197.50,2022-08-25
8589,141,2022-08,2378.96,0.00,261.69,2022-08-25
8590,143,2022-08,2135.10,0.00,234.86,2022-08-25
8591,144,2022-08,2212.52,0.00,243.38,2022-08-25
8592,146,2022-08,2814.88,0.00,309.64,2022-08-25
8593,147,2022-08,1750.70,0.00,192.58,2022-08-25
8594,148,2022-08,1865.52,0.00,205.21,2022-08-25
8595,149,2022-08,1648.75,0.00,181.36,2022-08-25
8596,150,2022-08,1900.21,0.00,209.02,2022-08-25
8597,151,2022-08,1719.66,0.00,189.16,2022-08-25
8598,152,2022-08,1630.92,0.00,179.40,2022-08-25
8599,153,2022-08,1739.45,0.00,191.34,2022-08-25
8600,154,2022-08,1700.27,0.00,187.03,2022-08-25
8601,155,2022-08,1692.13,0.00,186.13,2022-08-25
8602,156,2022-08,4688.90,0.00,515.78,2022-08-25
8603,157,2022-08,1964.69,0.00,216.12,2022-08-25
8604,158,2022-08,1747.33,0.00,192.21,2022-08-25
8605,159,2022-08,2060.53,0.00,226.66,2022-08-25
8606,160,2022-08,2881.90,0.00,317.01,2022-08-25
8607,161,2022-08,2186.30,0.00,240.49,2022-08-25
8608,162,2022-08,1544.16,0.00,169.86,2022-08-25
8609,163,2022-08,2081.39,0.00,228.95,2022-08-25
8610,165,2022-08,1651.68,0.00,181.68,2022-08-25
8611,166,2022-08,3071.82,0.00,337.90,2022-08-25
8612,168,2022-08,1794.07,0.00,197.35,2022-08-25
8613,169,2022-08,1897.57,0.00,208.73,2022-08-25
8614,171,2022-08,1545.18,0.00,169.97,2022-08-25
8615,172,2022-08,1834.48,0.00,201.79,2022-08-25
8616,173,2022-08,1558.62,0.00,171.45,2022-08-25
8617,174,2022-08,1841.36,0.00,202.55,2022-08-25
8618,175,2022-08,1791.93,0.00,197.11,2022-08-25
8619,176,2022-08,4652.36,0.00,511.76,2022-08-25
8620,177,2022-08,1761.96,0.00,193.82,2022-08-25
8621,178,2022-08,1811.94,0.00,199.31,2022-08-25
8622,179,2022-08,3186.96,0.00,350.57,2022-08-25
8623,180,2022-08,1842.92,0.00,202.72,2022-08-25
8624,181,2022-08,1567.52,0.00,172.43,2022-08-25
8625,183,2022-08,2213.26,0.00,243.46,2022-08-25
8626,184,2022-08,2321.29,0.00,255.34,2022-08-25
8627,186,2022-08,1767.04,0.00,194.37,2022-08-25
8628,188,2022-08,1646.14,0.00,181.08,2022-08-25
8629,189,2022-08,1811.32,0.00,199.25,2022-08-25
8630,190,2022-08,1827.03,0.00,200.97,2022-08-25
8631,191,2022-08,4986.80,0.00,548.55,2022-08-25
8632,192,2022-08,1948.21,0.00,214.30,2022-08-25
8633,193,2022-08,2324.20,0.00,255.66,2022-08-25
8634,194,2022-08,3086.92,0.00,339.56,2022-08-25
8635,195,2022-08,3223.38,0.00,354.57,2022-08-25
8636,196,2022-08,2222.80,0.00,244.51,2022-08-25
8637,197,2022-08,1827.51,0.00,201.03,2022-08-25
8638,198,2022-08,1862.84,0.00,204.91,2022-08-25
8639,199,2022-08,1598.46,0.00,175.83,2022-08-25
8640,200,2022-08,1731.67,0.00,190.48,2022-08-25
8641,201,2022-08,2075.27,0.00,228.28,2022-08-25
8642,202,2022-08,1795.64,0.00,197.52,2022-08-25
8643,203,2022-08,1823.80,0.00,200.62,2022-08-25
8644,204,2022-08,1842.09,0.00,202.63,2022-08-25
8645,205,2022-08,1828.98,0.00,201.19,2022-08-25
8646,206,2022-08,1667.18,0.00,183.39,2022-08-25
8647,207,2022-08,4462.54,0.00,490.88,2022-08-25
8648,209,2022-08,1643.30,0.00,180.76,2022-08-25
8649,210,2022-08,2001.01,0.00,220.11,2022-08-25
8650,211,2022-08,1563.58,0.00,171.99,2022-08-25
8651,214,2022-08,2261.40,0.00,248.75,2022-08-25
8652,215,2022-08,2873.76,0.00,316.11,2022-08-25
8653,216,2022-08,2875.80,0.00,316.34,2022-08-25
8654,217,2022-08,2099.12,0.00,230.90,2022-08-25
8655,218,2022-08,1675.94,0.00,184.35,2022-08-25
8656,219,2022-08,1828.00,0.00,201.08,2022-08-25
8657,221,2022-08,1577.82,0.00,173.56,2022-08-25
8658,222,2022-08,1639.43,0.00,180.34,2022-08-25
8659,223,2022-08,1798.85,0.00,197.87,2022-08-25
8660,224,2022-08,1842.98,0.00,202.73,2022-08-25
8661,225,2022-08,4783.25,0.00,526.16,2022-08-25
8662,226,2022-08,1859.80,0.00,204.58,2022-08-25
8663,227,2022-08,1788.03,0.00,196.68,2022-08-25
8664,228,2022-08,3190.12,0.00,350.91,2022-08-25
8665,229,2022-08,1659.09,0.00,182.50,2022-08-25
8666,230,2022-08,1558.66,0.00,171.45,2022-08-25
8667,231,2022-08,2029.53,0.00,223.25,2022-08-25
8668,232,2022-08,1557.30,0.00,171.30,2022-08-25
8669,233,2022-08,1713.02,0.00,188.43,2022-08-25
8670,234,2022-08,2365.95,0.00,260.25,2022-08-25
8671,235,2022-08,1627.88,0.00,179.07,2022-08-25
8672,236,2022-08,1908.65,0.00,209.95,2022-08-25
8673,237,2022-08,4920.45,0.00,541.25,2022-08-25
8674,238,2022-08,1990.03,0.00,218.90,2022-08-25
8675,239,2022-08,3002.71,0.00,330.30,2022-08-25
8676,240,2022-08,2323.60,0.00,255.60,2022-08-25
8677,241,2022-08,1676.18,0.00,184.38,2022-08-25
8678,242,2022-08,1855.99,0.00,204.16,2022-08-25
8679,243,2022-08,2323.98,0.00,255.64,2022-08-25
8680,244,2022-08,1643.52,0.00,180.79,2022-08-25
8681,1,2022-09,4750.60,0.00,522.57,2022-09-25
8682,2,2022-09,1570.37,0.00,172.74,2022-09-25
8683,3,2022-09,1606.51,0.00,176.72,2022-09-25
8684,4,2022-09,2235.56,0.00,245.91,2022-09-25
8685,5,2022-09,2083.24,0.00,229.16,2022-09-25
8686,6,2022-09,1633.09,0.00,179.64,2022-09-25
8687,7,2022-09,2856.72,0.00,314.24,2022-09-25
8688,8,2022-09,2417.29,0.00,265.90,2022-09-25
8689,9,2022-09,1665.00,0.00,183.15,2022-09-25
8690,10,2022-09,1691.02,0.00,186.01,2022-09-25
8691,11,2022-09,2875.19,0.00,316.27,2022-09-25
8692,12,2022-09,2072.38,0.00,227.96,2022-09-25
8693,13,2022-09,3207.80,0.00,352.86,2022-09-25
8694,14,2022-09,2002.44,0.00,220.27,2022-09-25
8695,15,2022-09,1786.45,0.00,196.51,2022-09-25
8696,16,2022-09,1848.43,0.00,203.33,2022-09-25
8697,19,2022-09,1651.23,0.00,181.64,2022-09-25
8698,20,2022-09,1602.17,0.00,176.24,2022-09-25
8699,21,2022-09,1762.15,0.00,193.84,2022-09-25
8700,22,2022-09,1941.43,0.00,213.56,2022-09-25
8701,23,2022-09,1788.74,0.00,196.76,2022-09-25
8702,24,2022-09,1769.54,0.00,194.65,2022-09-25
8703,25,2022-09,1882.56,0.00,207.08,2022-09-25
8704,26,2022-09,1748.06,0.00,192.29,2022-09-25
8705,28,2022-09,4526.93,0.00,497.96,2022-09-25
8706,30,2022-09,2789.32,0.00,306.83,2022-09-25
8707,31,2022-09,1854.27,0.00,203.97,2022-09-25
8708,33,2022-09,1815.25,0.00,199.68,2022-09-25
8709,35,2022-09,1759.09,0.00,193.50,2022-09-25
8710,36,2022-09,2102.53,0.00,231.28,2022-09-25
8711,37,2022-09,2885.33,0.00,317.39,2022-09-25
8712,40,2022-09,2147.78,0.00,236.26,2022-09-25
8713,41,2022-09,2101.03,0.00,231.11,2022-09-25
8714,42,2022-09,2430.78,0.00,267.39,2022-09-25
8715,43,2022-09,1606.09,0.00,176.67,2022-09-25
8716,44,2022-09,1693.14,0.00,186.25,2022-09-25
8717,45,2022-09,1582.63,0.00,174.09,2022-09-25
8718,46,2022-09,2804.40,0.00,308.48,2022-09-25
8719,47,2022-09,1785.66,0.00,196.42,2022-09-25
8720,49,2022-09,1757.36,0.00,193.31,2022-09-25
8721,50,2022-09,1721.05,0.00,189.32,2022-09-25
8722,51,2022-09,1877.14,0.00,206.49,2022-09-25
8723,52,2022-09,1777.86,0.00,195.56,2022-09-25
8724,53,2022-09,1613.90,0.00,177.53,2022-09-25
8725,54,2022-09,1641.83,0.00,180.60,2022-09-25
8726,55,2022-09,1828.18,0.00,201.10,2022-09-25
8727,56,2022-09,1637.82,0.00,180.16,2022-09-25
8728,57,2022-09,1643.38,0.00,180.77,2022-09-25
8729,58,2022-09,1737.55,0.00,191.13,2022-09-25
8730,60,2022-09,5016.32,0.00,551.80,2022-09-25
8731,61,2022-09,2230.59,0.00,245.36,2022-09-25
8732,62,2022-09,1861.02,0.00,204.71,2022-09-25
8733,63,2022-09,2283.21,0.00,251.15,2022-09-25
8734,65,2022-09,1894.81,0.00,208.43,2022-09-25
8735,66,2022-09,1809.10,0.00,199.00,2022-09-25
8736,67,2022-09,2051.47,0.00,225.66,2022-09-25
8737,68,2022-09,1802.71,0.00,198.30,2022-09-25
8738,70,2022-09,2408.08,0.00,264.89,2022-09-25
8739,71,2022-09,3156.54,0.00,347.22,2022-09-25
8740,72,2022-09,2854.89,0.00,314.04,2022-09-25
8741,73,2022-09,1836.76,0.00,202.04,2022-09-25
8742,74,2022-09,1797.57,0.00,197.73,2022-09-25
8743,75,2022-09,1792.61,0.00,197.19,2022-09-25
8744,76,2022-09,1902.66,0.00,209.29,2022-09-25
8745,77,2022-09,1893.34,0.00,208.27,2022-09-25
8746,78,2022-09,1921.83,0.00,211.40,2022-09-25
8747,79,2022-09,1776.39,0.00,195.40,2022-09-25
8748,80,2022-09,1768.55,0.00,194.54,2022-09-25
8749,81,2022-09,1561.64,0.00,171.78,2022-09-25
8750,82,2022-09,5037.72,0.00,554.15,2022-09-25
8751,83,2022-09,2914.03,0.00,320.54,2022-09-25
8752,84,2022-09,1694.82,0.00,186.43,2022-09-25
8753,85,2022-09,2950.74,0.00,324.58,2022-09-25
8754,87,2022-09,2218.74,0.00,244.06,2022-09-25
8755,88,2022-09,1646.20,0.00,181.08,2022-09-25
8756,89,2022-09,2305.74,0.00,253.63,2022-09-25
8757,91,2022-09,1815.16,0.00,199.67,2022-09-25
8758,92,2022-09,1964.36,0.00,216.08,2022-09-25
8759,93,2022-09,1619.61,0.00,178.16,2022-09-25
8760,94,2022-09,2017.20,0.00,221.89,2022-09-25
8761,95,2022-09,1685.80,0.00,185.44,2022-09-25
8762,96,2022-09,1703.68,0.00,187.40,2022-09-25
8763,97,2022-09,1566.95,0.00,172.36,2022-09-25
8764,98,2022-09,1845.36,0.00,202.99,2022-09-25
8765,99,2022-09,1779.18,0.00,195.71,2022-09-25
8766,100,2022-09,5044.64,0.00,554.91,2022-09-25
8767,101,2022-09,1694.21,0.00,186.36,2022-09-25
8768,102,2022-09,1667.42,0.00,183.42,2022-09-25
8769,103,2022-09,2913.97,0.00,320.54,2022-09-25
8770,105,2022-09,2292.12,0.00,252.13,2022-09-25
8771,107,2022-09,2793.20,0.00,307.25,2022-09-25
8772,108,2022-09,2172.86,0.00,239.01,2022-09-25
8773,109,2022-09,1652.05,0.00,181.73,2022-09-25
8774,110,2022-09,1796.24,0.00,197.59,2022-09-25
8775,111,2022-09,1620.10,0.00,178.21,2022-09-25
8776,112,2022-09,1760.57,0.00,193.66,2022-09-25
8777,113,2022-09,1761.80,0.00,193.80,2022-09-25
8778,114,2022-09,1884.76,0.00,207.32,2022-09-25
8779,115,2022-09,4633.67,0.00,509.70,2022-09-25
8780,116,2022-09,2354.45,0.00,258.99,2022-09-25
8781,117,2022-09,1623.57,0.00,178.59,2022-09-25
8782,118,2022-09,2920.91,0.00,321.30,2022-09-25
8783,119,2022-09,1703.37,0.00,187.37,2022-09-25
8784,120,2022-09,1597.96,0.00,175.78,2022-09-25
8785,121,2022-09,1863.90,0.00,205.03,2022-09-25
8786,122,2022-09,1697.51,0.00,186.73,2022-09-25
8787,123,2022-09,1661.50,0.00,182.77,2022-09-25
8788,124,2022-09,2216.25,0.00,243.79,2022-09-25
8789,125,2022-09,2372.12,0.00,260.93,2022-09-25
8790,126,2022-09,3253.89,0.00,357.93,2022-09-25
8791,128,2022-09,1575.84,0.00,173.34,2022-09-25
8792,130,2022-09,1923.96,0.00,211.64,2022-09-25
8793,131,2022-09,1872.77,0.00,206.00,2022-09-25
8794,132,2022-09,1563.51,0.00,171.99,2022-09-25
8795,133,2022-09,1838.40,0.00,202.22,2022-09-25
8796,134,2022-09,1835.81,0.00,201.94,2022-09-25
8797,135,2022-09,1851.41,0.00,203.66,2022-09-25
8798,136,2022-09,5085.28,0.00,559.38,2022-09-25
8799,138,2022-09,3008.64,0.00,330.95,2022-09-25
8800,139,2022-09,1558.11,0.00,171.39,2022-09-25
8801,140,2022-09,1784.16,0.00,196.26,2022-09-25
8802,141,2022-09,2376.54,0.00,261.42,2022-09-25
8803,143,2022-09,2135.34,0.00,234.89,2022-09-25
8804,144,2022-09,2208.97,0.00,242.99,2022-09-25
8805,146,2022-09,2805.81,0.00,308.64,2022-09-25
8806,147,2022-09,1751.06,0.00,192.62,2022-09-25
8807,148,2022-09,1880.63,0.00,206.87,2022-09-25
8808,149,2022-09,1639.97,0.00,180.40,2022-09-25
8809,150,2022-09,1890.70,0.00,207.98,2022-09-25
8810,151,2022-09,1728.62,0.00,190.15,2022-09-25
8811,152,2022-09,1630.43,0.00,179.35,2022-09-25
8812,153,2022-09,1735.97,0.00,190.96,2022-09-25
8813,154,2022-09,1716.84,0.00,188.85,2022-09-25
8814,155,2022-09,1697.06,0.00,186.68,2022-09-25
8815,156,2022-09,4680.57,0.00,514.86,2022-09-25
8816,157,2022-09,1954.09,0.00,214.95,2022-09-25
8817,158,2022-09,1755.74,0.00,193.13,2022-09-25
8818,159,2022-09,2060.80,0.00,226.69,2022-09-25
8819,160,2022-09,2869.81,0.00,315.68,2022-09-25
8820,161,2022-09,2186.86,0.00,240.55,2022-09-25
8821,162,2022-09,1539.63,0.00,169.36,2022-09-25
8822,163,2022-09,2065.55,0.00,227.21,2022-09-25
8823,165,2022-09,1647.34,0.00,181.21,2022-09-25
8824,166,2022-09,3098.72,0.00,340.86,2022-09-25
8825,168,2022-09,1793.80,0.00,197.32,2022-09-25
8826,169,2022-09,1888.80,0.00,207.77,2022-09-25
8827,171,2022-09,1545.54,0.00,170.01,2022-09-25
8828,172,2022-09,1833.47,0.00,201.68,2022-09-25
8829,173,2022-09,1560.25,0.00,171.63,2022-09-25
8830,174,2022-09,1832.56,0.00,201.58,2022-09-25
8831,175,2022-09,1792.58,0.00,197.18,2022-09-25
8832,176,2022-09,4683.71,0.00,515.21,2022-09-25
8833,177,2022-09,1757.42,0.00,193.32,2022-09-25
8834,178,2022-09,1810.99,0.00,199.21,2022-09-25
8835,179,2022-09,3191.53,0.00,351.07,2022-09-25
8836,180,2022-09,1842.00,0.00,202.62,2022-09-25
8837,181,2022-09,1560.69,0.00,171.68,2022-09-25
8838,183,2022-09,2214.00,0.00,243.54,2022-09-25
8839,184,2022-09,2304.00,0.00,253.44,2022-09-25
8840,186,2022-09,1766.06,0.00,194.27,2022-09-25
8841,188,2022-09,1635.87,0.00,179.95,2022-09-25
8842,189,2022-09,1818.60,0.00,200.05,2022-09-25
8843,190,2022-09,1836.37,0.00,202.00,2022-09-25
8844,191,2022-09,4950.96,0.00,544.61,2022-09-25
8845,192,2022-09,1947.58,0.00,214.23,2022-09-25
8846,193,2022-09,2335.17,0.00,256.87,2022-09-25
8847,194,2022-09,3076.10,0.00,338.37,2022-09-25
8848,195,2022-09,3242.75,0.00,356.70,2022-09-25
8849,196,2022-09,2225.84,0.00,244.84,2022-09-25
8850,197,2022-09,1839.21,0.00,202.31,2022-09-25
8851,198,2022-09,1877.15,0.00,206.49,2022-09-25
8852,199,2022-09,1608.04,0.00,176.88,2022-09-25
8853,200,2022-09,1730.23,0.00,190.33,2022-09-25
8854,201,2022-09,2072.68,0.00,227.99,2022-09-25
8855,202,2022-09,1800.88,0.00,198.10,2022-09-25
8856,203,2022-09,1828.83,0.00,201.17,2022-09-25
8857,204,2022-09,1848.52,0.00,203.34,2022-09-25
8858,205,2022-09,1824.20,0.00,200.66,2022-09-25
8859,206,2022-09,1664.36,0.00,183.08,2022-09-25
8860,207,2022-09,4449.01,0.00,489.39,2022-09-25
8861,209,2022-09,1635.22,0.00,179.87,2022-09-25
8862,210,2022-09,1998.70,0.00,219.86,2022-09-25
8863,211,2022-09,1552.39,0.00,170.76,2022-09-25
8864,214,2022-09,2256.15,0.00,248.18,2022-09-25
8865,215,2022-09,2885.11,0.00,317.36,2022-09-25
8866,216,2022-09,2887.45,0.00,317.62,2022-09-25
8867,217,2022-09,2083.32,0.00,229.17,2022-09-25
8868,218,2022-09,1674.00,0.00,184.14,2022-09-25
8869,219,2022-09,1827.48,0.00,201.02,2022-09-25
8870,221,2022-09,1574.37,0.00,173.18,2022-09-25
8871,222,2022-09,1651.33,0.00,181.65,2022-09-25
8872,223,2022-09,1797.34,0.00,197.71,2022-09-25
8873,224,2022-09,1836.30,0.00,201.99,2022-09-25
8874,225,2022-09,4764.24,0.00,524.07,2022-09-25
8875,226,2022-09,1876.13,0.00,206.37,2022-09-25
8876,227,2022-09,1784.87,0.00,196.34,2022-09-25
8877,228,2022-09,3178.57,0.00,349.64,2022-09-25
8878,229,2022-09,1661.25,0.00,182.74,2022-09-25
8879,230,2022-09,1553.31,0.00,170.86,2022-09-25
8880,231,2022-09,2038.85,0.00,224.27,2022-09-25
8881,232,2022-09,1559.06,0.00,171.50,2022-09-25
8882,233,2022-09,1707.99,0.00,187.88,2022-09-25
8883,234,2022-09,2356.81,0.00,259.25,2022-09-25
8884,235,2022-09,1624.68,0.00,178.71,2022-09-25
8885,236,2022-09,1906.83,0.00,209.75,2022-09-25
8886,237,2022-09,4925.56,0.00,541.81,2022-09-25
8887,238,2022-09,1985.37,0.00,218.39,2022-09-25
8888,239,2022-09,2978.58,0.00,327.64,2022-09-25
8889,240,2022-09,2317.03,0.00,254.87,2022-09-25
8890,241,2022-09,1674.60,0.00,184.21,2022-09-25
8891,242,2022-09,1844.81,0.00,202.93,2022-09-25
8892,243,2022-09,2319.92,0.00,255.19,2022-09-25
8893,244,2022-09,1648.58,0.00,181.34,2022-09-25
8894,1,2022-10,4748.37,0.00,522.32,2022-10-25
8895,2,2022-10,1570.71,0.00,172.78,2022-10-25
8896,3,2022-10,1611.90,0.00,177.31,2022-10-25
8897,4,2022-10,2229.81,0.00,245.28,2022-10-25
8898,5,2022-10,2076.32,0.00,228.40,2022-10-25
8899,6,2022-10,1637.33,0.00,180.11,2022-10-25
8900,7,2022-10,2860.49,0.00,314.65,2022-10-25
8901,8,2022-10,2430.58,0.00,267.36,2022-10-25
8902,9,2022-10,1655.57,0.00,182.11,2022-10-25
8903,10,2022-10,1687.80,0.00,185.66,2022-10-25
8904,11,2022-10,2887.74,0.00,317.65,2022-10-25
8905,12,2022-10,2059.59,0.00,226.55,2022-10-25
8906,13,2022-10,3211.24,0.00,353.24,2022-10-25
8907,14,2022-10,1993.65,0.00,219.30,2022-10-25
8908,15,2022-10,1790.26,0.00,196.93,2022-10-25
8909,16,2022-10,1851.66,0.00,203.68,2022-10-25
8910,19,2022-10,1648.31,0.00,181.31,2022-10-25
8911,20,2022-10,1609.57,0.00,177.05,2022-10-25
8912,21,2022-10,1762.39,0.00,193.86,2022-10-25
8913,22,2022-10,1932.39,0.00,212.56,2022-10-25
8914,23,2022-10,1787.75,0.00,196.65,2022-10-25
8915,24,2022-10,1779.00,0.00,195.69,2022-10-25
8916,25,2022-10,1886.01,0.00,207.46,2022-10-25
8917,26,2022-10,1738.75,0.00,191.26,2022-10-25
8918,28,2022-10,4548.40,0.00,500.32,2022-10-25
8919,30,2022-10,2784.90,0.00,306.34,2022-10-25
8920,31,2022-10,1853.10,0.00,203.84,2022-10-25
8921,33,2022-10,1824.58,0.00,200.70,2022-10-25
8922,35,2022-10,1773.69,0.00,195.11,2022-10-25
8923,36,2022-10,2093.11,0.00,230.24,2022-10-25
8924,37,2022-10,2894.75,0.00,318.42,2022-10-25
8925,40,2022-10,2148.59,0.00,236.34,2022-10-25
8926,41,2022-10,2098.68,0.00,230.85,2022-10-25
8927,42,2022-10,2436.59,0.00,268.02,2022-10-25
8928,43,2022-10,1603.15,0.00,176.35,2022-10-25
8929,44,2022-10,1688.42,0.00,185.73,2022-10-25
8930,45,2022-10,1579.83,0.00,173.78,2022-10-25
8931,46,2022-10,2796.55,0.00,307.62,2022-10-25
8932,47,2022-10,1775.75,0.00,195.33,2022-10-25
8933,49,2022-10,1769.78,0.00,194.68,2022-10-25
8934,50,2022-10,1712.23,0.00,188.35,2022-10-25
8935,51,2022-10,1874.07,0.00,206.15,2022-10-25
8936,52,2022-10,1773.08,0.00,195.04,2022-10-25
8937,53,2022-10,1607.76,0.00,176.85,2022-10-25
8938,54,2022-10,1639.33,0.00,180.33,2022-10-25
8939,55,2022-10,1816.45,0.00,199.81,2022-10-25
8940,56,2022-10,1636.55,0.00,180.02,2022-10-25
8941,57,2022-10,1641.74,0.00,180.59,2022-10-25
8942,58,2022-10,1743.79,0.00,191.82,2022-10-25
8943,60,2022-10,5021.26,0.00,552.34,2022-10-25
8944,61,2022-10,2250.12,0.00,247.51,2022-10-25
8945,62,2022-10,1867.24,0.00,205.40,2022-10-25
8946,63,2022-10,2303.96,0.00,253.44,2022-10-25
8947,65,2022-10,1890.89,0.00,208.00,2022-10-25
8948,66,2022-10,1812.81,0.00,199.41,2022-10-25
8949,67,2022-10,2039.55,0.00,224.35,2022-10-25
8950,68,2022-10,1803.19,0.00,198.35,2022-10-25
8951,70,2022-10,2411.76,0.00,265.29,2022-10-25
8952,71,2022-10,3142.79,0.00,345.71,2022-10-25
8953,72,2022-10,2846.75,0.00,313.14,2022-10-25
8954,73,2022-10,1828.54,0.00,201.14,2022-10-25
8955,74,2022-10,1796.87,0.00,197.66,2022-10-25
8956,75,2022-10,1799.51,0.00,197.95,2022-10-25
8957,76,2022-10,1916.83,0.00,210.85,2022-10-25
8958,77,2022-10,1880.33,0.00,206.84,2022-10-25
8959,78,2022-10,1930.08,0.00,212.31,2022-10-25
8960,79,2022-10,1774.83,0.00,195.23,2022-10-25
8961,80,2022-10,1780.37,0.00,195.84,2022-10-25
8962,81,2022-10,1559.57,0.00,171.55,2022-10-25
8963,82,2022-10,5078.39,0.00,558.62,2022-10-25
8964,83,2022-10,2938.42,0.00,323.23,2022-10-25
8965,84,2022-10,1681.60,0.00,184.98,2022-10-25
8966,85,2022-10,2957.66,0.00,325.34,2022-10-25
8967,87,2022-10,2211.23,0.00,243.24,2022-10-25
8968,88,2022-10,1633.30,0.00,179.66,2022-10-25
8969,89,2022-10,2311.21,0.00,254.23,2022-10-25
8970,91,2022-10,1819.40,0.00,200.13,2022-10-25
8971,92,2022-10,1956.51,0.00,215.22,2022-10-25
8972,93,2022-10,1619.50,0.00,178.15,2022-10-25
8973,94,2022-10,2009.57,0.00,221.05,2022-10-25
8974,95,2022-10,1687.50,0.00,185.62,2022-10-25
8975,96,2022-10,1711.48,0.00,188.26,2022-10-25
8976,97,2022-10,1570.79,0.00,172.79,2022-10-25
8977,98,2022-10,1849.62,0.00,203.46,2022-10-25
8978,99,2022-10,1769.58,0.00,194.65,2022-10-25
8979,100,2022-10,5010.83,0.00,551.19,2022-10-25
8980,101,2022-10,1688.11,0.00,185.69,2022-10-25
8981,102,2022-10,1666.19,0.00,183.28,2022-10-25
8982,103,2022-10,2915.87,0.00,320.75,2022-10-25
8983,105,2022-10,2293.48,0.00,252.28,2022-10-25
8984,107,2022-10,2813.57,0.00,309.49,2022-10-25
8985,108,2022-10,2187.86,0.00,240.66,2022-10-25
8986,109,2022-10,1639.97,0.00,180.40,2022-10-25
8987,110,2022-10,1783.70,0.00,196.21,2022-10-25
8988,111,2022-10,1628.74,0.00,179.16,2022-10-25
8989,112,2022-10,1746.57,0.00,192.12,2022-10-25
8990,113,2022-10,1751.45,0.00,192.66,2022-10-25
8991,114,2022-10,1883.95,0.00,207.23,2022-10-25
8992,115,2022-10,4613.41,0.00,507.48,2022-10-25
8993,116,2022-10,2350.34,0.00,258.54,2022-10-25
8994,117,2022-10,1631.15,0.00,179.43,2022-10-25
8995,118,2022-10,2912.01,0.00,320.32,2022-10-25
8996,119,2022-10,1706.35,0.00,187.70,2022-10-25
8997,120,2022-10,1595.17,0.00,175.47,2022-10-25
8998,121,2022-10,1868.34,0.00,205.52,2022-10-25
8999,122,2022-10,1695.43,0.00,186.50,2022-10-25
9000,123,2022-10,1667.12,0.00,183.38,2022-10-25
9001,124,2022-10,2219.44,0.00,244.14,2022-10-25
9002,125,2022-10,2374.47,0.00,261.19,2022-10-25
9003,126,2022-10,3253.01,0.00,357.83,2022-10-25
9004,128,2022-10,1579.95,0.00,173.79,2022-10-25
9005,130,2022-10,1924.41,0.00,211.69,2022-10-25
9006,131,2022-10,1876.31,0.00,206.39,2022-10-25
9007,132,2022-10,1566.93,0.00,172.36,2022-10-25
9008,133,2022-10,1824.56,0.00,200.70,2022-10-25
9009,134,2022-10,1839.41,0.00,202.34,2022-10-25
9010,135,2022-10,1864.09,0.00,205.05,2022-10-25
9011,136,2022-10,5078.21,0.00,558.60,2022-10-25
9012,138,2022-10,3009.42,0.00,331.04,2022-10-25
9013,139,2022-10,1551.89,0.00,170.71,2022-10-25
9014,140,2022-10,1789.08,0.00,196.80,2022-10-25
9015,141,2022-10,2378.17,0.00,261.60,2022-10-25
9016,143,2022-10,2128.16,0.00,234.10,2022-10-25
9017,144,2022-10,2221.72,0.00,244.39,2022-10-25
9018,146,2022-10,2800.37,0.00,308.04,2022-10-25
9019,147,2022-10,1749.71,0.00,192.47,2022-10-25
9020,148,2022-10,1872.22,0.00,205.94,2022-10-25
9021,149,2022-10,1638.45,0.00,180.23,2022-10-25
9022,150,2022-10,1887.85,0.00,207.66,2022-10-25
9023,151,2022-10,1727.33,0.00,190.01,2022-10-25
9024,152,2022-10,1625.56,0.00,178.81,2022-10-25
9025,153,2022-10,1734.80,0.00,190.83,2022-10-25
9026,154,2022-10,1716.84,0.00,188.85,2022-10-25
9027,155,2022-10,1703.11,0.00,187.34,2022-10-25
9028,156,2022-10,4688.63,0.00,515.75,2022-10-25
9029,157,2022-10,1965.78,0.00,216.24,2022-10-25
9030,158,2022-10,1762.14,0.00,193.84,2022-10-25
9031,159,2022-10,2055.88,0.00,226.15,2022-10-25
9032,160,2022-10,2861.39,0.00,314.75,2022-10-25
9033,161,2022-10,2201.67,0.00,242.18,2022-10-25
9034,162,2022-10,1545.55,0.00,170.01,2022-10-25
9035,163,2022-10,2065.78,0.00,227.24,2022-10-25
9036,165,2022-10,1656.96,0.00,182.27,2022-10-25
9037,166,2022-10,3098.60,0.00,340.85,2022-10-25
9038,168,2022-10,1797.04,0.00,197.67,2022-10-25
9039,169,2022-10,1904.02,0.00,209.44,2022-10-25
9040,171,2022-10,1538.48,0.00,169.23,2022-10-25
9041,172,2022-10,1829.35,0.00,201.23,2022-10-25
9042,173,2022-10,1563.21,0.00,171.95,2022-10-25
9043,174,2022-10,1827.70,0.00,201.05,2022-10-25
9044,175,2022-10,1803.48,0.00,198.38,2022-10-25
9045,176,2022-10,4649.71,0.00,511.47,2022-10-25
9046,177,2022-10,1749.02,0.00,192.39,2022-10-25
9047,178,2022-10,1817.95,0.00,199.97,2022-10-25
9048,179,2022-10,3178.39,0.00,349.62,2022-10-25
9049,180,2022-10,1844.71,0.00,202.92,2022-10-25
9050,181,2022-10,1564.40,0.00,172.08,2022-10-25
9051,183,2022-10,2210.01,0.00,243.10,2022-10-25
9052,184,2022-10,2313.44,0.00,254.48,2022-10-25
9053,186,2022-10,1777.36,0.00,195.51,2022-10-25
9054,188,2022-10,1635.59,0.00,179.91,2022-10-25
9055,189,2022-10,1823.21,0.00,200.55,2022-10-25
9056,190,2022-10,1839.50,0.00,202.34,2022-10-25
9057,191,2022-10,4974.40,0.00,547.18,2022-10-25
9058,192,2022-10,1947.39,0.00,214.21,2022-10-25
9059,193,2022-10,2320.10,0.00,255.21,2022-10-25
9060,194,2022-10,3074.69,0.00,338.22,2022-10-25
9061,195,2022-10,3225.52,0.00,354.81,2022-10-25
9062,196,2022-10,2231.68,0.00,245.48,2022-10-25
9063,197,2022-10,1839.24,0.00,202.32,2022-10-25
9064,198,2022-10,1870.39,0.00,205.74,2022-10-25
9065,199,2022-10,1599.13,0.00,175.90,2022-10-25
9066,200,2022-10,1729.91,0.00,190.29,2022-10-25
9067,201,2022-10,2063.51,0.00,226.99,2022-10-25
9068,202,2022-10,1793.85,0.00,197.32,2022-10-25
9069,203,2022-10,1820.21,0.00,200.22,2022-10-25
9070,204,2022-10,1845.26,0.00,202.98,2022-10-25
9071,205,2022-10,1832.89,0.00,201.62,2022-10-25
9072,206,2022-10,1652.18,0.00,181.74,2022-10-25
9073,207,2022-10,4463.98,0.00,491.04,2022-10-25
9074,209,2022-10,1632.54,0.00,179.58,2022-10-25
9075,210,2022-10,1996.84,0.00,219.65,2022-10-25
9076,211,2022-10,1552.13,0.00,170.73,2022-10-25
9077,214,2022-10,2269.86,0.00,249.68,2022-10-25
9078,215,2022-10,2869.83,0.00,315.68,2022-10-25
9079,216,2022-10,2889.61,0.00,317.86,2022-10-25
9080,217,2022-10,2099.22,0.00,230.91,2022-10-25
9081,218,2022-10,1678.69,0.00,184.66,2022-10-25
9082,219,2022-10,1823.78,0.00,200.62,2022-10-25
9083,221,2022-10,1573.72,0.00,173.11,2022-10-25
9084,222,2022-10,1651.39,0.00,181.65,2022-10-25
9085,223,2022-10,1796.78,0.00,197.65,2022-10-25
9086,224,2022-10,1836.10,0.00,201.97,2022-10-25
9087,225,2022-10,4798.34,0.00,527.82,2022-10-25
9088,226,2022-10,1860.24,0.00,204.63,2022-10-25
9089,227,2022-10,1787.45,0.00,196.62,2022-10-25
9090,228,2022-10,3185.14,0.00,350.37,2022-10-25
9091,229,2022-10,1665.40,0.00,183.19,2022-10-25
9092,230,2022-10,1559.70,0.00,171.57,2022-10-25
9093,231,2022-10,2028.72,0.00,223.16,2022-10-25
9094,232,2022-10,1553.90,0.00,170.93,2022-10-25
9095,233,2022-10,1711.81,0.00,188.30,2022-10-25
9096,234,2022-10,2366.95,0.00,260.36,2022-10-25
9097,235,2022-10,1613.84,0.00,177.52,2022-10-25
9098,236,2022-10,1907.19,0.00,209.79,2022-10-25
9099,237,2022-10,4928.15,0.00,542.10,2022-10-25
9100,238,2022-10,1997.27,0.00,219.70,2022-10-25
9101,239,2022-10,2997.38,0.00,329.71,2022-10-25
9102,240,2022-10,2308.75,0.00,253.96,2022-10-25
9103,241,2022-10,1666.74,0.00,183.34,2022-10-25
9104,242,2022-10,1847.05,0.00,203.18,2022-10-25
9105,243,2022-10,2313.14,0.00,254.45,2022-10-25
9106,244,2022-10,1652.65,0.00,181.79,2022-10-25
9107,1,2022-11,4753.34,0.00,522.87,2022-11-25
9108,2,2022-11,1576.46,0.00,173.41,2022-11-25
9109,3,2022-11,1607.76,0.00,176.85,2022-11-25
9110,4,2022-11,2217.83,0.00,243.96,2022-11-25
9111,5,2022-11,2083.64,0.00,229.20,2022-11-25
9112,6,2022-11,1646.31,0.00,181.09,2022-11-25
9113,7,2022-11,2846.65,0.00,313.13,2022-11-25
9114,8,2022-11,2433.35,0.00,267.67,2022-11-25
9115,9,2022-11,1655.90,0.00,182.15,2022-11-25
9116,10,2022-11,1688.43,0.00,185.73,2022-11-25
9117,11,2022-11,2881.94,0.00,317.01,2022-11-25
9118,12,2022-11,2069.39,0.00,227.63,2022-11-25
9119,13,2022-11,3204.04,0.00,352.44,2022-11-25
9120,14,2022-11,1990.84,0.00,218.99,2022-11-25
9121,15,2022-11,1776.85,0.00,195.45,2022-11-25
9122,16,2022-11,1852.25,0.00,203.75,2022-11-25
9123,19,2022-11,1649.46,0.00,181.44,2022-11-25
9124,20,2022-11,1605.72,0.00,176.63,2022-11-25
9125,21,2022-11,1745.87,0.00,192.05,2022-11-25
9126,22,2022-11,1925.95,0.00,211.85,2022-11-25
9127,23,2022-11,1790.44,0.00,196.95,2022-11-25
9128,24,2022-11,1771.00,0.00,194.81,2022-11-25
9129,25,2022-11,1875.10,0.00,206.26,2022-11-25
9130,26,2022-11,1750.48,0.00,192.55,2022-11-25
9131,28,2022-11,4515.27,0.00,496.68,2022-11-25
9132,30,2022-11,2795.76,0.00,307.53,2022-11-25
9133,31,2022-11,1846.45,0.00,203.11,2022-11-25
9134,33,2022-11,1818.68,0.00,200.05,2022-11-25
9135,35,2022-11,1770.12,0.00,194.71,2022-11-25
9136,36,2022-11,2103.25,0.00,231.36,2022-11-25
9137,37,2022-11,2881.10,0.00,316.92,2022-11-25
9138,40,2022-11,2142.19,0.00,235.64,2022-11-25
9139,41,2022-11,2106.38,0.00,231.70,2022-11-25
9140,42,2022-11,2446.84,0.00,269.15,2022-11-25
9141,43,2022-11,1592.01,0.00,175.12,2022-11-25
9142,44,2022-11,1702.21,0.00,187.24,2022-11-25
9143,45,2022-11,1577.06,0.00,173.48,2022-11-25
9144,46,2022-11,2803.26,0.00,308.36,2022-11-25
9145,47,2022-11,1791.79,0.00,197.10,2022-11-25
9146,49,2022-11,1762.04,0.00,193.82,2022-11-25
9147,50,2022-11,1710.78,0.00,188.19,2022-11-25
9148,51,2022-11,1883.30,0.00,207.16,2022-11-25
9149,52,2022-11,1778.66,0.00,195.65,2022-11-25
9150,53,2022-11,1614.46,0.00,177.59,2022-11-25
9151,54,2022-11,1648.28,0.00,181.31,2022-11-25
9152,55,2022-11,1825.94,0.00,200.85,2022-11-25
9153,56,2022-11,1646.29,0.00,181.09,2022-11-25
9154,57,2022-11,1648.42,0.00,181.33,2022-11-25
9155,58,2022-11,1733.93,0.00,190.73,2022-11-25
9156,60,2022-11,5022.98,0.00,552.53,2022-11-25
9157,61,2022-11,2236.75,0.00,246.04,2022-11-25
9158,62,2022-11,1868.23,0.00,205.51,2022-11-25
9159,63,2022-11,2301.18,0.00,253.13,2022-11-25
9160,65,2022-11,1897.93,0.00,208.77,2022-11-25
9161,66,2022-11,1811.00,0.00,199.21,2022-11-25
9162,67,2022-11,2045.01,0.00,224.95,2022-11-25
9163,68,2022-11,1800.16,0.00,198.02,2022-11-25
9164,70,2022-11,2411.02,0.00,265.21,2022-11-25
9165,71,2022-11,3149.28,0.00,346.42,2022-11-25
9166,72,2022-11,2854.28,0.00,313.97,2022-11-25
9167,73,2022-11,1830.97,0.00,201.41,2022-11-25
9168,74,2022-11,1786.77,0.00,196.54,2022-11-25
9169,75,2022-11,1801.77,0.00,198.19,2022-11-25
9170,76,2022-11,1899.12,0.00,208.90,2022-11-25
9171,77,2022-11,1888.43,0.00,207.73,2022-11-25
9172,78,2022-11,1915.59,0.00,210.71,2022-11-25
9173,79,2022-11,1767.22,0.00,194.39,2022-11-25
9174,80,2022-11,1779.82,0.00,195.78,2022-11-25
9175,81,2022-11,1556.78,0.00,171.25,2022-11-25
9176,82,2022-11,5068.54,0.00,557.54,2022-11-25
9177,83,2022-11,2916.79,0.00,320.85,2022-11-25
9178,84,2022-11,1686.10,0.00,185.47,2022-11-25
9179,85,2022-11,2929.70,0.00,322.27,2022-11-25
9180,87,2022-11,2209.52,0.00,243.05,2022-11-25
9181,88,2022-11,1631.46,0.00,179.46,2022-11-25
9182,89,2022-11,2316.26,0.00,254.79,2022-11-25
9183,91,2022-11,1817.87,0.00,199.97,2022-11-25
9184,92,2022-11,1961.97,0.00,215.82,2022-11-25
9185,93,2022-11,1618.17,0.00,178.00,2022-11-25
9186,94,2022-11,2014.22,0.00,221.56,2022-11-25
9187,95,2022-11,1687.65,0.00,185.64,2022-11-25
9188,96,2022-11,1698.79,0.00,186.87,2022-11-25
9189,97,2022-11,1562.79,0.00,171.91,2022-11-25
9190,98,2022-11,1861.02,0.00,204.71,2022-11-25
9191,99,2022-11,1776.12,0.00,195.37,2022-11-25
9192,100,2022-11,5013.41,0.00,551.48,2022-11-25
9193,101,2022-11,1694.07,0.00,186.35,2022-11-25
9194,102,2022-11,1673.70,0.00,184.11,2022-11-25
9195,103,2022-11,2909.90,0.00,320.09,2022-11-25
9196,105,2022-11,2287.73,0.00,251.65,2022-11-25
9197,107,2022-11,2810.04,0.00,309.10,2022-11-25
9198,108,2022-11,2179.45,0.00,239.74,2022-11-25
9199,109,2022-11,1654.01,0.00,181.94,2022-11-25
9200,110,2022-11,1785.38,0.00,196.39,2022-11-25
9201,111,2022-11,1621.76,0.00,178.39,2022-11-25
9202,112,2022-11,1756.89,0.00,193.26,2022-11-25
9203,113,2022-11,1753.28,0.00,192.86,2022-11-25
9204,114,2022-11,1874.41,0.00,206.19,2022-11-25
9205,115,2022-11,4606.08,0.00,506.67,2022-11-25
9206,116,2022-11,2337.85,0.00,257.16,2022-11-25
9207,117,2022-11,1636.26,0.00,179.99,2022-11-25
9208,118,2022-11,2918.41,0.00,321.03,2022-11-25
9209,119,2022-11,1708.40,0.00,187.92,2022-11-25
9210,120,2022-11,1594.35,0.00,175.38,2022-11-25
9211,121,2022-11,1855.11,0.00,204.06,2022-11-25
9212,122,2022-11,1694.04,0.00,186.34,2022-11-25
9213,123,2022-11,1669.56,0.00,183.65,2022-11-25
9214,124,2022-11,2221.23,0.00,244.34,2022-11-25
9215,125,2022-11,2360.46,0.00,259.65,2022-11-25
9216,126,2022-11,3239.18,0.00,356.31,2022-11-25
9217,128,2022-11,1577.95,0.00,173.57,2022-11-25
9218,130,2022-11,1922.65,0.00,211.49,2022-11-25
9219,131,2022-11,1876.16,0.00,206.38,2022-11-25
9220,132,2022-11,1570.27,0.00,172.73,2022-11-25
9221,133,2022-11,1824.37,0.00,200.68,2022-11-25
9222,134,2022-11,1826.48,0.00,200.91,2022-11-25
9223,135,2022-11,1853.68,0.00,203.90,2022-11-25
9224,136,2022-11,5048.22,0.00,555.30,2022-11-25
9225,138,2022-11,2987.07,0.00,328.58,2022-11-25
9226,139,2022-11,1556.21,0.00,171.18,2022-11-25
9227,140,2022-11,1789.94,0.00,196.89,2022-11-25
9228,141,2022-11,2370.59,0.00,260.76,2022-11-25
9229,143,2022-11,2121.52,0.00,233.37,2022-11-25
9230,144,2022-11,2217.95,0.00,243.97,2022-11-25
9231,146,2022-11,2801.32,0.00,308.15,2022-11-25
9232,147,2022-11,1745.27,0.00,191.98,2022-11-25
9233,148,2022-11,1871.30,0.00,205.84,2022-11-25
9234,149,2022-11,1639.56,0.00,180.35,2022-11-25
9235,150,2022-11,1904.22,0.00,209.46,2022-11-25
9236,151,2022-11,1721.52,0.00,189.37,2022-11-25
9237,152,2022-11,1629.06,0.00,179.20,2022-11-25
9238,153,2022-11,1740.53,0.00,191.46,2022-11-25
9239,154,2022-11,1713.44,0.00,188.48,2022-11-25
9240,155,2022-11,1703.07,0.00,187.34,2022-11-25
9241,156,2022-11,4721.96,0.00,519.42,2022-11-25
9242,157,2022-11,1972.14,0.00,216.94,2022-11-25
9243,158,2022-11,1761.11,0.00,193.72,2022-11-25
9244,159,2022-11,2064.96,0.00,227.15,2022-11-25
9245,160,2022-11,2879.81,0.00,316.78,2022-11-25
9246,161,2022-11,2199.51,0.00,241.95,2022-11-25
9247,162,2022-11,1533.38,0.00,168.67,2022-11-25
9248,163,2022-11,2078.98,0.00,228.69,2022-11-25
9249,165,2022-11,1656.53,0.00,182.22,2022-11-25
9250,166,2022-11,3087.83,0.00,339.66,2022-11-25
9251,168,2022-11,1799.64,0.00,197.96,2022-11-25
9252,169,2022-11,1900.88,0.00,209.10,2022-11-25
9253,171,2022-11,1538.95,0.00,169.28,2022-11-25
9254,172,2022-11,1832.15,0.00,201.54,2022-11-25
9255,173,2022-11,1572.06,0.00,172.93,2022-11-25
9256,174,2022-11,1828.83,0.00,201.17,2022-11-25
9257,175,2022-11,1796.31,0.00,197.59,2022-11-25
9258,176,2022-11,4657.71,0.00,512.35,2022-11-25
9259,177,2022-11,1749.66,0.00,192.46,2022-11-25
9260,178,2022-11,1807.94,0.00,198.87,2022-11-25
9261,179,2022-11,3174.45,0.00,349.19,2022-11-25
9262,180,2022-11,1845.00,0.00,202.95,2022-11-25
9263,181,2022-11,1568.21,0.00,172.50,2022-11-25
9264,183,2022-11,2200.37,0.00,242.04,2022-11-25
9265,184,2022-11,2312.91,0.00,254.42,2022-11-25
9266,186,2022-11,1764.61,0.00,194.11,2022-11-25
9267,188,2022-11,1643.98,0.00,180.84,2022-11-25
9268,189,2022-11,1823.20,0.00,200.55,2022-11-25
9269,190,2022-11,1842.59,0.00,202.68,2022-11-25
9270,191,2022-11,4945.75,0.00,544.03,2022-11-25
9271,192,2022-11,1937.70,0.00,213.15,2022-11-25
9272,193,2022-11,2340.45,0.00,257.45,2022-11-25
9273,194,2022-11,3089.80,0.00,339.88,2022-11-25
9274,195,2022-11,3242.43,0.00,356.67,2022-11-25
9275,196,2022-11,2212.16,0.00,243.34,2022-11-25
9276,197,2022-11,1834.06,0.00,201.75,2022-11-25
9277,198,2022-11,1869.48,0.00,205.64,2022-11-25
9278,199,2022-11,1609.81,0.00,177.08,2022-11-25
9279,200,2022-11,1723.01,0.00,189.53,2022-11-25
9280,201,2022-11,2072.77,0.00,228.00,2022-11-25
9281,202,2022-11,1794.78,0.00,197.43,2022-11-25
9282,203,2022-11,1822.07,0.00,200.43,2022-11-25
9283,204,2022-11,1845.85,0.00,203.04,2022-11-25
9284,205,2022-11,1831.06,0.00,201.42,2022-11-25
9285,206,2022-11,1663.04,0.00,182.93,2022-11-25
9286,207,2022-11,4439.60,0.00,488.36,2022-11-25
9287,209,2022-11,1637.02,0.00,180.07,2022-11-25
9288,210,2022-11,2001.60,0.00,220.18,2022-11-25
9289,211,2022-11,1560.04,0.00,171.60,2022-11-25
9290,214,2022-11,2257.01,0.00,248.27,2022-11-25
9291,215,2022-11,2879.17,0.00,316.71,2022-11-25
9292,216,2022-11,2866.83,0.00,315.35,2022-11-25
9293,217,2022-11,2085.12,0.00,229.36,2022-11-25
9294,218,2022-11,1677.10,0.00,184.48,2022-11-25
9295,219,2022-11,1819.94,0.00,200.19,2022-11-25
9296,221,2022-11,1566.70,0.00,172.34,2022-11-25
9297,222,2022-11,1648.77,0.00,181.36,2022-11-25
9298,223,2022-11,1806.26,0.00,198.69,2022-11-25
9299,224,2022-11,1849.31,0.00,203.42,2022-11-25
9300,225,2022-11,4803.15,0.00,528.35,2022-11-25
9301,226,2022-11,1876.41,0.00,206.41,2022-11-25
9302,227,2022-11,1777.21,0.00,195.49,2022-11-25
9303,228,2022-11,3170.51,0.00,348.76,2022-11-25
9304,229,2022-11,1656.81,0.00,182.25,2022-11-25
9305,230,2022-11,1565.06,0.00,172.16,2022-11-25
9306,231,2022-11,2024.71,0.00,222.72,2022-11-25
9307,232,2022-11,1559.31,0.00,171.52,2022-11-25
9308,233,2022-11,1713.10,0.00,188.44,2022-11-25
9309,234,2022-11,2348.72,0.00,258.36,2022-11-25
9310,235,2022-11,1625.23,0.00,178.78,2022-11-25
9311,236,2022-11,1894.65,0.00,208.41,2022-11-25
9312,237,2022-11,4934.36,0.00,542.78,2022-11-25
9313,238,2022-11,1993.91,0.00,219.33,2022-11-25
9314,239,2022-11,3003.37,0.00,330.37,2022-11-25
9315,240,2022-11,2305.65,0.00,253.62,2022-11-25
9316,241,2022-11,1674.53,0.00,184.20,2022-11-25
9317,242,2022-11,1852.92,0.00,203.82,2022-11-25
9318,243,2022-11,2325.29,0.00,255.78,2022-11-25
9319,244,2022-11,1644.22,0.00,180.86,2022-11-25
9320,1,2022-12,4726.88,4726.88,519.96,2022-12-25
9321,2,2022-12,1574.76,1574.76,173.22,2022-12-25
9322,3,2022-12,1603.29,1603.29,176.36,2022-12-25
9323,4,2022-12,2236.93,2236.93,246.06,2022-12-25
9324,5,2022-12,2079.46,2079.46,228.74,2022-12-25
9325,6,2022-12,1634.40,1634.40,179.78,2022-12-25
9326,7,2022-12,2857.51,2857.51,314.33,2022-12-25
9327,8,2022-12,2431.36,2431.36,267.45,2022-12-25
9328,9,2022-12,1663.31,1663.31,182.96,2022-12-25
9329,10,2022-12,1696.13,1696.13,186.57,2022-12-25
9330,11,2022-12,2882.77,2882.77,317.10,2022-12-25
9331,12,2022-12,2061.06,2061.06,226.72,2022-12-25
9332,13,2022-12,3204.14,3204.14,352.46,2022-12-25
9333,14,2022-12,1986.61,1986.61,218.53,2022-12-25
9334,15,2022-12,1785.44,1785.44,196.40,2022-12-25
9335,16,2022-12,1850.33,1850.33,203.54,2022-12-25
9336,19,2022-12,1658.40,1658.40,182.42,2022-12-25
9337,20,2022-12,1602.35,1602.35,176.26,2022-12-25
9338,21,2022-12,1754.80,1754.80,193.03,2022-12-25
9339,22,2022-12,1940.78,1940.78,213.49,2022-12-25
9340,23,2022-12,1801.43,1801.43,198.16,2022-12-25
9341,24,2022-12,1765.87,1765.87,194.25,2022-12-25
9342,25,2022-12,1870.66,1870.66,205.77,2022-12-25
9343,26,2022-12,1741.08,1741.08,191.52,2022-12-25
9344,28,2022-12,4537.88,4537.88,499.17,2022-12-25
9345,30,2022-12,2793.20,2793.20,307.25,2022-12-25
9346,31,2022-12,1854.13,1854.13,203.95,2022-12-25
9347,33,2022-12,1820.20,1820.20,200.22,2022-12-25
9348,35,2022-12,1764.64,1764.64,194.11,2022-12-25
9349,36,2022-12,2093.03,2093.03,230.23,2022-12-25
9350,37,2022-12,2881.20,2881.20,316.93,2022-12-25
9351,40,2022-12,2138.58,2138.58,235.24,2022-12-25
9352,41,2022-12,2099.57,2099.57,230.95,2022-12-25
9353,42,2022-12,2433.45,2433.45,267.68,2022-12-25
9354,43,2022-12,1593.60,1593.60,175.30,2022-12-25
9355,44,2022-12,1700.81,1700.81,187.09,2022-12-25
9356,45,2022-12,1581.80,1581.80,174.00,2022-12-25
9357,46,2022-12,2808.46,2808.46,308.93,2022-12-25
9358,47,2022-12,1792.55,1792.55,197.18,2022-12-25
9359,49,2022-12,1759.22,1759.22,193.51,2022-12-25
9360,50,2022-12,1721.37,1721.37,189.35,2022-12-25
9361,51,2022-12,1886.79,1886.79,207.55,2022-12-25
9362,52,2022-12,1767.05,1767.05,194.38,2022-12-25
9363,53,2022-12,1607.40,1607.40,176.81,2022-12-25
9364,54,2022-12,1645.75,1645.75,181.03,2022-12-25
9365,55,2022-12,1827.93,1827.93,201.07,2022-12-25
9366,56,2022-12,1636.99,1636.99,180.07,2022-12-25
9367,57,2022-12,1642.78,1642.78,180.71,2022-12-25
9368,58,2022-12,1743.10,1743.10,191.74,2022-12-25
9369,60,2022-12,5001.72,5001.72,550.19,2022-12-25
9370,61,2022-12,2243.62,2243.62,246.80,2022-12-25
9371,62,2022-12,1864.39,1864.39,205.08,2022-12-25
9372,63,2022-12,2287.82,2287.82,251.66,2022-12-25
9373,65,2022-12,1903.81,1903.81,209.42,2022-12-25
9374,66,2022-12,1809.58,1809.58,199.05,2022-12-25
9375,67,2022-12,2046.15,2046.15,225.08,2022-12-25
9376,68,2022-12,1802.70,1802.70,198.30,2022-12-25
9377,70,2022-12,2399.48,2399.48,263.94,2022-12-25
9378,71,2022-12,3146.28,3146.28,346.09,2022-12-25
9379,72,2022-12,2856.95,2856.95,314.26,2022-12-25
9380,73,2022-12,1834.10,1834.10,201.75,2022-12-25
9381,74,2022-12,1793.04,1793.04,197.23,2022-12-25
9382,75,2022-12,1804.16,1804.16,198.46,2022-12-25
9383,76,2022-12,1907.46,1907.46,209.82,2022-12-25
9384,77,2022-12,1883.52,1883.52,207.19,2022-12-25
9385,78,2022-12,1918.87,1918.87,211.08,2022-12-25
9386,79,2022-12,1762.87,1762.87,193.92,2022-12-25
9387,80,2022-12,1763.15,1763.15,193.95,2022-12-25
9388,81,2022-12,1568.67,1568.67,172.55,2022-12-25
9389,82,2022-12,5033.09,5033.09,553.64,2022-12-25
9390,83,2022-12,2911.01,2911.01,320.21,2022-12-25
9391,84,2022-12,1691.51,1691.51,186.07,2022-12-25
9392,85,2022-12,2945.27,2945.27,323.98,2022-12-25
9393,87,2022-12,2202.16,2202.16,242.24,2022-12-25
9394,88,2022-12,1631.58,1631.58,179.47,2022-12-25
9395,89,2022-12,2317.77,2317.77,254.95,2022-12-25
9396,91,2022-12,1824.54,1824.54,200.70,2022-12-25
9397,92,2022-12,1965.07,1965.07,216.16,2022-12-25
9398,93,2022-12,1618.33,1618.33,178.02,2022-12-25
9399,94,2022-12,2015.35,2015.35,221.69,2022-12-25
9400,95,2022-12,1686.62,1686.62,185.53,2022-12-25
9401,96,2022-12,1702.58,1702.58,187.28,2022-12-25
9402,97,2022-12,1561.37,1561.37,171.75,2022-12-25
9403,98,2022-12,1862.69,1862.69,204.90,2022-12-25
9404,99,2022-12,1769.75,1769.75,194.67,2022-12-25
9405,100,2022-12,5055.40,5055.40,556.09,2022-12-25
9406,101,2022-12,1686.62,1686.62,185.53,2022-12-25
9407,102,2022-12,1673.59,1673.59,184.09,2022-12-25
9408,103,2022-12,2911.32,2911.32,320.25,2022-12-25
9409,105,2022-12,2293.26,2293.26,252.26,2022-12-25
9410,107,2022-12,2809.60,2809.60,309.06,2022-12-25
9411,108,2022-12,2175.52,2175.52,239.31,2022-12-25
9412,109,2022-12,1644.05,1644.05,180.85,2022-12-25
9413,110,2022-12,1780.78,1780.78,195.89,2022-12-25
9414,111,2022-12,1629.12,1629.12,179.20,2022-12-25
9415,112,2022-12,1748.60,1748.60,192.35,2022-12-25
9416,113,2022-12,1762.31,1762.31,193.85,2022-12-25
9417,114,2022-12,1877.80,1877.80,206.56,2022-12-25
9418,115,2022-12,4603.41,4603.41,506.38,2022-12-25
9419,116,2022-12,2341.13,2341.13,257.52,2022-12-25
9420,117,2022-12,1626.92,1626.92,178.96,2022-12-25
9421,118,2022-12,2918.24,2918.24,321.01,2022-12-25
9422,119,2022-12,1713.42,1713.42,188.48,2022-12-25
9423,120,2022-12,1597.68,1597.68,175.74,2022-12-25
9424,121,2022-12,1868.31,1868.31,205.51,2022-12-25
9425,122,2022-12,1690.73,1690.73,185.98,2022-12-25
9426,123,2022-12,1667.36,1667.36,183.41,2022-12-25
9427,124,2022-12,2212.62,2212.62,243.39,2022-12-25
9428,125,2022-12,2375.97,2375.97,261.36,2022-12-25
9429,126,2022-12,3233.74,3233.74,355.71,2022-12-25
9430,128,2022-12,1574.97,1574.97,173.25,2022-12-25
9431,130,2022-12,1922.84,1922.84,211.51,2022-12-25
9432,131,2022-12,1878.50,1878.50,206.63,2022-12-25
9433,132,2022-12,1568.02,1568.02,172.48,2022-12-25
9434,133,2022-12,1830.41,1830.41,201.35,2022-12-25
9435,134,2022-12,1836.84,1836.84,202.05,2022-12-25
9436,135,2022-12,1867.34,1867.34,205.41,2022-12-25
9437,136,2022-12,5068.81,5068.81,557.57,2022-12-25
9438,138,2022-12,3001.42,3001.42,330.16,2022-12-25
9439,139,2022-12,1565.04,1565.04,172.15,2022-12-25
9440,140,2022-12,1783.79,1783.79,196.22,2022-12-25
9441,141,2022-12,2389.20,2389.20,262.81,2022-12-25
9442,143,2022-12,2123.72,2123.72,233.61,2022-12-25
9443,144,2022-12,2211.35,2211.35,243.25,2022-12-25
9444,146,2022-12,2816.06,2816.06,309.77,2022-12-25
9445,147,2022-12,1748.54,1748.54,192.34,2022-12-25
9446,148,2022-12,1876.24,1876.24,206.39,2022-12-25
9447,149,2022-12,1647.00,1647.00,181.17,2022-12-25
9448,150,2022-12,1901.03,1901.03,209.11,2022-12-25
9449,151,2022-12,1718.60,1718.60,189.05,2022-12-25
9450,152,2022-12,1621.98,1621.98,178.42,2022-12-25
9451,153,2022-12,1735.04,1735.04,190.85,2022-12-25
9452,154,2022-12,1716.89,1716.89,188.86,2022-12-25
9453,155,2022-12,1695.72,1695.72,186.53,2022-12-25
9454,156,2022-12,4695.07,4695.07,516.46,2022-12-25
9455,157,2022-12,1968.54,1968.54,216.54,2022-12-25
9456,158,2022-12,1754.71,1754.71,193.02,2022-12-25
9457,159,2022-12,2052.84,2052.84,225.81,2022-12-25
9458,160,2022-12,2864.82,2864.82,315.13,2022-12-25
9459,161,2022-12,2188.51,2188.51,240.74,2022-12-25
9460,162,2022-12,1546.91,1546.91,170.16,2022-12-25
9461,163,2022-12,2078.67,2078.67,228.65,2022-12-25
9462,165,2022-12,1651.21,1651.21,181.63,2022-12-25
9463,166,2022-12,3086.00,3086.00,339.46,2022-12-25
9464,168,2022-12,1791.47,1791.47,197.06,2022-12-25
9465,169,2022-12,1889.33,1889.33,207.83,2022-12-25
9466,171,2022-12,1549.27,1549.27,170.42,2022-12-25
9467,172,2022-12,1826.91,1826.91,200.96,2022-12-25
9468,173,2022-12,1564.92,1564.92,172.14,2022-12-25
9469,174,2022-12,1835.30,1835.30,201.88,2022-12-25
9470,175,2022-12,1798.06,1798.06,197.79,2022-12-25
9471,176,2022-12,4667.92,4667.92,513.47,2022-12-25
9472,177,2022-12,1759.44,1759.44,193.54,2022-12-25
9473,178,2022-12,1807.78,1807.78,198.86,2022-12-25
9474,179,2022-12,3199.21,3199.21,351.91,2022-12-25
9475,180,2022-12,1836.03,1836.03,201.96,2022-12-25
9476,181,2022-12,1570.69,1570.69,172.78,2022-12-25
9477,183,2022-12,2220.53,2220.53,244.26,2022-12-25
9478,184,2022-12,2313.12,2313.12,254.44,2022-12-25
9479,186,2022-12,1778.28,1778.28,195.61,2022-12-25
9480,188,2022-12,1649.10,1649.10,181.40,2022-12-25
9481,189,2022-12,1819.41,1819.41,200.14,2022-12-25
9482,190,2022-12,1838.22,1838.22,202.20,2022-12-25
9483,191,2022-12,4966.74,4966.74,546.34,2022-12-25
9484,192,2022-12,1937.98,1937.98,213.18,2022-12-25
9485,193,2022-12,2326.07,2326.07,255.87,2022-12-25
9486,194,2022-12,3085.19,3085.19,339.37,2022-12-25
9487,195,2022-12,3232.65,3232.65,355.59,2022-12-25
9488,196,2022-12,2216.05,2216.05,243.77,2022-12-25
9489,197,2022-12,1832.52,1832.52,201.58,2022-12-25
9490,198,2022-12,1868.38,1868.38,205.52,2022-12-25
9491,199,2022-12,1598.75,1598.75,175.86,2022-12-25
9492,200,2022-12,1736.17,1736.17,190.98,2022-12-25
9493,201,2022-12,2067.12,2067.12,227.38,2022-12-25
9494,202,2022-12,1796.31,1796.31,197.59,2022-12-25
9495,203,2022-12,1818.18,1818.18,200.00,2022-12-25
9496,204,2022-12,1850.96,1850.96,203.61,2022-12-25
9497,205,2022-12,1832.46,1832.46,201.57,2022-12-25
9498,206,2022-12,1666.70,1666.70,183.34,2022-12-25
9499,207,2022-12,4452.99,4452.99,489.83,2022-12-25
9500,209,2022-12,1635.40,1635.40,179.89,2022-12-25
9501,210,2022-12,1993.21,1993.21,219.25,2022-12-25
9502,211,2022-12,1565.17,1565.17,172.17,2022-12-25
9503,214,2022-12,2264.14,2264.14,249.06,2022-12-25
9504,215,2022-12,2891.99,2891.99,318.12,2022-12-25
9505,216,2022-12,2889.19,2889.19,317.81,2022-12-25
9506,217,2022-12,2085.57,2085.57,229.41,2022-12-25
9507,218,2022-12,1669.42,1669.42,183.64,2022-12-25
9508,219,2022-12,1820.94,1820.94,200.30,2022-12-25
9509,221,2022-12,1571.46,1571.46,172.86,2022-12-25
9510,222,2022-12,1637.49,1637.49,180.12,2022-12-25
9511,223,2022-12,1800.98,1800.98,198.11,2022-12-25
9512,224,2022-12,1839.29,1839.29,202.32,2022-12-25
9513,225,2022-12,4806.28,4806.28,528.69,2022-12-25
9514,226,2022-12,1867.17,1867.17,205.39,2022-12-25
9515,227,2022-12,1777.30,1777.30,195.50,2022-12-25
9516,228,2022-12,3171.19,3171.19,348.83,2022-12-25
9517,229,2022-12,1664.34,1664.34,183.08,2022-12-25
9518,230,2022-12,1562.43,1562.43,171.87,2022-12-25
9519,231,2022-12,2033.58,2033.58,223.69,2022-12-25
9520,232,2022-12,1558.63,1558.63,171.45,2022-12-25
9521,233,2022-12,1712.28,1712.28,188.35,2022-12-25
9522,234,2022-12,2370.47,2370.47,260.75,2022-12-25
9523,235,2022-12,1627.10,1627.10,178.98,2022-12-25
9524,236,2022-12,1897.35,1897.35,208.71,2022-12-25
9525,237,2022-12,4916.38,4916.38,540.80,2022-12-25
9526,238,2022-12,1980.19,1980.19,217.82,2022-12-25
9527,239,2022-12,2987.18,2987.18,328.59,2022-12-25
9528,240,2022-12,2310.38,2310.38,254.14,2022-12-25
9529,241,2022-12,1675.41,1675.41,184.30,2022-12-25
9530,242,2022-12,1843.82,1843.82,202.82,2022-12-25
9531,243,2022-12,2325.04,2325.04,255.75,2022-12-25
9532,244,2022-12,1652.70,1652.70,181.80,2022-12-25
9533,1,2023-01,4908.32,0.00,539.92,2023-01-25
9534,2,2023-01,1620.90,0.00,178.30,2023-01-25
9535,3,2023-01,1654.29,0.00,181.97,2023-01-25
9536,4,2023-01,2298.48,0.00,252.83,2023-01-25
9537,5,2023-01,2153.71,0.00,236.91,2023-01-25
9538,6,2023-01,1687.57,0.00,185.63,2023-01-25
9539,7,2023-01,2951.40,0.00,324.65,2023-01-25
9540,8,2023-01,2503.60,0.00,275.40,2023-01-25
9541,9,2023-01,1703.87,0.00,187.43,2023-01-25
9542,10,2023-01,1751.29,0.00,192.64,2023-01-25
9543,11,2023-01,2978.00,0.00,327.58,2023-01-25
9544,12,2023-01,2118.58,0.00,233.04,2023-01-25
9545,13,2023-01,3304.57,0.00,363.50,2023-01-25
9546,14,2023-01,2051.10,0.00,225.62,2023-01-25
9547,15,2023-01,1832.97,0.00,201.63,2023-01-25
9548,16,2023-01,1913.03,0.00,210.43,2023-01-25
9549,19,2023-01,1701.13,0.00,187.12,2023-01-25
9550,20,2023-01,1665.98,0.00,183.26,2023-01-25
9551,21,2023-01,1814.12,0.00,199.55,2023-01-25
9552,22,2023-01,1992.60,0.00,219.19,2023-01-25
9553,23,2023-01,1842.83,0.00,202.71,2023-01-25
9554,24,2023-01,1825.54,0.00,200.81,2023-01-25
9555,25,2023-01,1931.10,0.00,212.42,2023-01-25
9556,26,2023-01,1805.74,0.00,198.63,2023-01-25
9557,28,2023-01,4645.66,0.00,511.02,2023-01-25
9558,30,2023-01,2857.36,0.00,314.31,2023-01-25
9559,31,2023-01,1906.09,0.00,209.67,2023-01-25
9560,33,2023-01,1871.23,0.00,205.84,2023-01-25
9561,35,2023-01,1820.24,0.00,200.23,2023-01-25
9562,36,2023-01,2167.85,0.00,238.46,2023-01-25
9563,37,2023-01,2978.12,0.00,327.59,2023-01-25
9564,40,2023-01,2200.59,0.00,242.06,2023-01-25
9565,41,2023-01,2157.32,0.00,237.31,2023-01-25
9566,42,2023-01,2506.37,0.00,275.70,2023-01-25
9567,43,2023-01,1644.91,0.00,180.94,2023-01-25
9568,44,2023-01,1753.09,0.00,192.84,2023-01-25
9569,45,2023-01,1634.76,0.00,179.82,2023-01-25
9570,46,2023-01,2887.06,0.00,317.58,2023-01-25
9571,47,2023-01,1833.80,0.00,201.72,2023-01-25
9572,49,2023-01,1810.60,0.00,199.17,2023-01-25
9573,50,2023-01,1766.18,0.00,194.28,2023-01-25
9574,51,2023-01,1932.72,0.00,212.60,2023-01-25
9575,52,2023-01,1831.93,0.00,201.51,2023-01-25
9576,53,2023-01,1660.15,0.00,182.62,2023-01-25
9577,54,2023-01,1685.89,0.00,185.45,2023-01-25
9578,55,2023-01,1879.58,0.00,206.75,2023-01-25
9579,56,2023-01,1695.86,0.00,186.54,2023-01-25
9580,57,2023-01,1693.57,0.00,186.29,2023-01-25
9581,58,2023-01,1795.73,0.00,197.53,2023-01-25
9582,60,2023-01,5151.03,0.00,566.61,2023-01-25
9583,61,2023-01,2317.56,0.00,254.93,2023-01-25
9584,62,2023-01,1919.15,0.00,211.11,2023-01-25
9585,63,2023-01,2360.65,0.00,259.67,2023-01-25
9586,65,2023-01,1961.71,0.00,215.79,2023-01-25
9587,66,2023-01,1865.11,0.00,205.16,2023-01-25
9588,67,2023-01,2098.76,0.00,230.86,2023-01-25
9589,68,2023-01,1866.35,0.00,205.30,2023-01-25
9590,70,2023-01,2475.68,0.00,272.32,2023-01-25
9591,71,2023-01,3241.14,0.00,356.53,2023-01-25
9592,72,2023-01,2931.75,0.00,322.49,2023-01-25
9593,73,2023-01,1886.70,0.00,207.54,2023-01-25
9594,74,2023-01,1841.78,0.00,202.60,2023-01-25
9595,75,2023-01,1850.82,0.00,203.59,2023-01-25
9596,76,2023-01,1971.89,0.00,216.91,2023-01-25
9597,77,2023-01,1947.17,0.00,214.19,2023-01-25
9598,78,2023-01,1986.71,0.00,218.54,2023-01-25
9599,79,2023-01,1819.32,0.00,200.13,2023-01-25
9600,80,2023-01,1832.92,0.00,201.62,2023-01-25
9601,81,2023-01,1612.16,0.00,177.34,2023-01-25
9602,82,2023-01,5191.01,0.00,571.01,2023-01-25
9603,83,2023-01,3006.80,0.00,330.75,2023-01-25
9604,84,2023-01,1740.89,0.00,191.50,2023-01-25
9605,85,2023-01,3031.83,0.00,333.50,2023-01-25
9606,87,2023-01,2275.15,0.00,250.27,2023-01-25
9607,88,2023-01,1684.98,0.00,185.35,2023-01-25
9608,89,2023-01,2377.14,0.00,261.49,2023-01-25
9609,91,2023-01,1870.25,0.00,205.73,2023-01-25
9610,92,2023-01,2013.40,0.00,221.47,2023-01-25
9611,93,2023-01,1664.46,0.00,183.09,2023-01-25
9612,94,2023-01,2089.36,0.00,229.83,2023-01-25
9613,95,2023-01,1736.06,0.00,190.97,2023-01-25
9614,96,2023-01,1757.82,0.00,193.36,2023-01-25
9615,97,2023-01,1613.87,0.00,177.53,2023-01-25
9616,98,2023-01,1903.52,0.00,209.39,2023-01-25
9617,99,2023-01,1830.89,0.00,201.40,2023-01-25
9618,100,2023-01,5195.64,0.00,571.52,2023-01-25
9619,101,2023-01,1730.63,0.00,190.37,2023-01-25
9620,102,2023-01,1725.75,0.00,189.83,2023-01-25
9621,103,2023-01,2993.37,0.00,329.27,2023-01-25
9622,105,2023-01,2357.04,0.00,259.27,2023-01-25
9623,107,2023-01,2895.28,0.00,318.48,2023-01-25
9624,108,2023-01,2249.44,0.00,247.44,2023-01-25
9625,109,2023-01,1688.29,0.00,185.71,2023-01-25
9626,110,2023-01,1850.22,0.00,203.52,2023-01-25
9627,111,2023-01,1677.11,0.00,184.48,2023-01-25
9628,112,2023-01,1809.36,0.00,199.03,2023-01-25
9629,113,2023-01,1812.23,0.00,199.35,2023-01-25
9630,114,2023-01,1946.32,0.00,214.10,2023-01-25
9631,115,2023-01,4786.39,0.00,526.50,2023-01-25
9632,116,2023-01,2428.86,0.00,267.17,2023-01-25
9633,117,2023-01,1673.61,0.00,184.10,2023-01-25
9634,118,2023-01,2997.99,0.00,329.78,2023-01-25
9635,119,2023-01,1755.24,0.00,193.08,2023-01-25
9636,120,2023-01,1652.94,0.00,181.82,2023-01-25
9637,121,2023-01,1925.18,0.00,211.77,2023-01-25
9638,122,2023-01,1740.08,0.00,191.41,2023-01-25
9639,123,2023-01,1722.98,0.00,189.53,2023-01-25
9640,124,2023-01,2281.91,0.00,251.01,2023-01-25
9641,125,2023-01,2444.92,0.00,268.94,2023-01-25
9642,126,2023-01,3355.74,0.00,369.13,2023-01-25
9643,128,2023-01,1627.95,0.00,179.07,2023-01-25
9644,130,2023-01,1973.79,0.00,217.12,2023-01-25
9645,131,2023-01,1928.47,0.00,212.13,2023-01-25
9646,132,2023-01,1621.09,0.00,178.32,2023-01-25
9647,133,2023-01,1885.16,0.00,207.37,2023-01-25
9648,134,2023-01,1898.01,0.00,208.78,2023-01-25
9649,135,2023-01,1919.33,0.00,211.13,2023-01-25
9650,136,2023-01,5230.54,0.00,575.36,2023-01-25
9651,138,2023-01,3085.91,0.00,339.45,2023-01-25
9652,139,2023-01,1601.94,0.00,176.21,2023-01-25
9653,140,2023-01,1836.50,0.00,202.02,2023-01-25
9654,141,2023-01,2447.13,0.00,269.18,2023-01-25
9655,143,2023-01,2184.02,0.00,240.24,2023-01-25
9656,144,2023-01,2279.99,0.00,250.80,2023-01-25
9657,146,2023-01,2912.08,0.00,320.33,2023-01-25
9658,147,2023-01,1791.72,0.00,197.09,2023-01-25
9659,148,2023-01,1936.16,0.00,212.98,2023-01-25
9660,149,2023-01,1687.30,0.00,185.60,2023-01-25
9661,150,2023-01,1945.00,0.00,213.95,2023-01-25
9662,151,2023-01,1766.70,0.00,194.34,2023-01-25
9663,152,2023-01,1684.67,0.00,185.31,2023-01-25
9664,153,2023-01,1787.86,0.00,196.66,2023-01-25
9665,154,2023-01,1767.65,0.00,194.44,2023-01-25
9666,155,2023-01,1746.39,0.00,192.10,2023-01-25
9667,156,2023-01,4852.35,0.00,533.76,2023-01-25
9668,157,2023-01,2012.89,0.00,221.42,2023-01-25
9669,158,2023-01,1801.17,0.00,198.13,2023-01-25
9670,159,2023-01,2129.93,0.00,234.29,2023-01-25
9671,160,2023-01,2957.80,0.00,325.36,2023-01-25
9672,161,2023-01,2255.69,0.00,248.13,2023-01-25
9673,162,2023-01,1582.35,0.00,174.06,2023-01-25
9674,163,2023-01,2129.56,0.00,234.25,2023-01-25
9675,165,2023-01,1702.40,0.00,187.26,2023-01-25
9676,166,2023-01,3165.61,0.00,348.22,2023-01-25
9677,168,2023-01,1837.35,0.00,202.11,2023-01-25
9678,169,2023-01,1962.60,0.00,215.89,2023-01-25
9679,171,2023-01,1586.43,0.00,174.51,2023-01-25
9680,172,2023-01,1879.81,0.00,206.78,2023-01-25
9681,173,2023-01,1611.63,0.00,177.28,2023-01-25
9682,174,2023-01,1882.84,0.00,207.11,2023-01-25
9683,175,2023-01,1843.07,0.00,202.74,2023-01-25
9684,176,2023-01,4808.44,0.00,528.93,2023-01-25
9685,177,2023-01,1808.39,0.00,198.92,2023-01-25
9686,178,2023-01,1865.47,0.00,205.20,2023-01-25
9687,179,2023-01,3264.75,0.00,359.12,2023-01-25
9688,180,2023-01,1893.77,0.00,208.31,2023-01-25
9689,181,2023-01,1618.04,0.00,177.98,2023-01-25
9690,183,2023-01,2275.91,0.00,250.35,2023-01-25
9691,184,2023-01,2380.51,0.00,261.86,2023-01-25
9692,186,2023-01,1824.16,0.00,200.66,2023-01-25
9693,188,2023-01,1688.14,0.00,185.70,2023-01-25
9694,189,2023-01,1862.53,0.00,204.88,2023-01-25
9695,190,2023-01,1882.81,0.00,207.11,2023-01-25
9696,191,2023-01,5139.12,0.00,565.30,2023-01-25
9697,192,2023-01,2002.04,0.00,220.22,2023-01-25
9698,193,2023-01,2390.15,0.00,262.92,2023-01-25
9699,194,2023-01,3173.59,0.00,349.09,2023-01-25
9700,195,2023-01,3315.61,0.00,364.72,2023-01-25
9701,196,2023-01,2276.75,0.00,250.44,2023-01-25
9702,197,2023-01,1896.40,0.00,208.60,2023-01-25
9703,198,2023-01,1924.79,0.00,211.73,2023-01-25
9704,199,2023-01,1655.20,0.00,182.07,2023-01-25
9705,200,2023-01,1773.77,0.00,195.11,2023-01-25
9706,201,2023-01,2128.73,0.00,234.16,2023-01-25
9707,202,2023-01,1856.74,0.00,204.24,2023-01-25
9708,203,2023-01,1882.09,0.00,207.03,2023-01-25
9709,204,2023-01,1897.51,0.00,208.73,2023-01-25
9710,205,2023-01,1876.10,0.00,206.37,2023-01-25
9711,206,2023-01,1710.70,0.00,188.18,2023-01-25
9712,207,2023-01,4612.27,0.00,507.35,2023-01-25
9713,209,2023-01,1684.67,0.00,185.31,2023-01-25
9714,210,2023-01,2046.24,0.00,225.09,2023-01-25
9715,211,2023-01,1601.41,0.00,176.16,2023-01-25
9716,214,2023-01,2329.05,0.00,256.20,2023-01-25
9717,215,2023-01,2972.47,0.00,326.97,2023-01-25
9718,216,2023-01,2971.45,0.00,326.86,2023-01-25
9719,217,2023-01,2154.39,0.00,236.98,2023-01-25
9720,218,2023-01,1724.34,0.00,189.68,2023-01-25
9721,219,2023-01,1880.55,0.00,206.86,2023-01-25
9722,221,2023-01,1619.67,0.00,178.16,2023-01-25
9723,222,2023-01,1687.40,0.00,185.61,2023-01-25
9724,223,2023-01,1852.65,0.00,203.79,2023-01-25
9725,224,2023-01,1897.69,0.00,208.75,2023-01-25
9726,225,2023-01,4924.89,0.00,541.74,2023-01-25
9727,226,2023-01,1924.08,0.00,211.65,2023-01-25
9728,227,2023-01,1839.32,0.00,202.33,2023-01-25
9729,228,2023-01,3287.38,0.00,361.61,2023-01-25
9730,229,2023-01,1706.80,0.00,187.75,2023-01-25
9731,230,2023-01,1603.06,0.00,176.34,2023-01-25
9732,231,2023-01,2089.29,0.00,229.82,2023-01-25
9733,232,2023-01,1603.91,0.00,176.43,2023-01-25
9734,233,2023-01,1765.39,0.00,194.19,2023-01-25
9735,234,2023-01,2422.68,0.00,266.49,2023-01-25
9736,235,2023-01,1668.01,0.00,183.48,2023-01-25
9737,236,2023-01,1956.73,0.00,215.24,2023-01-25
9738,237,2023-01,5102.09,0.00,561.23,2023-01-25
9739,238,2023-01,2057.21,0.00,226.29,2023-01-25
9740,239,2023-01,3068.65,0.00,337.55,2023-01-25
9741,240,2023-01,2374.44,0.00,261.19,2023-01-25
9742,241,2023-01,1722.80,0.00,189.51,2023-01-25
9743,242,2023-01,1900.34,0.00,209.04,2023-01-25
9744,243,2023-01,2375.00,0.00,261.25,2023-01-25
9745,244,2023-01,1699.41,0.00,186.94,2023-01-25
9746,1,2023-02,4870.68,0.00,535.77,2023-02-25
9747,2,2023-02,1623.98,0.00,178.64,2023-02-25
9748,3,2023-02,1662.01,0.00,182.82,2023-02-25
9749,4,2023-02,2290.49,0.00,251.95,2023-02-25
9750,5,2023-02,2144.60,0.00,235.91,2023-02-25
9751,6,2023-02,1690.30,0.00,185.93,2023-02-25
9752,7,2023-02,2939.27,0.00,323.32,2023-02-25
9753,8,2023-02,2494.18,0.00,274.36,2023-02-25
9754,9,2023-02,1714.96,0.00,188.65,2023-02-25
9755,10,2023-02,1743.73,0.00,191.81,2023-02-25
9756,11,2023-02,2966.09,0.00,326.27,2023-02-25
9757,12,2023-02,2131.54,0.00,234.47,2023-02-25
9758,13,2023-02,3296.29,0.00,362.59,2023-02-25
9759,14,2023-02,2046.46,0.00,225.11,2023-02-25
9760,15,2023-02,1836.65,0.00,202.03,2023-02-25
9761,16,2023-02,1901.59,0.00,209.17,2023-02-25
9762,19,2023-02,1698.14,0.00,186.80,2023-02-25
9763,20,2023-02,1658.93,0.00,182.48,2023-02-25
9764,21,2023-02,1805.22,0.00,198.57,2023-02-25
9765,22,2023-02,1998.26,0.00,219.81,2023-02-25
9766,23,2023-02,1844.07,0.00,202.85,2023-02-25
9767,24,2023-02,1826.07,0.00,200.87,2023-02-25
9768,25,2023-02,1924.94,0.00,211.74,2023-02-25
9769,26,2023-02,1793.29,0.00,197.26,2023-02-25
9770,28,2023-02,4677.38,0.00,514.51,2023-02-25
9771,30,2023-02,2864.39,0.00,315.08,2023-02-25
9772,31,2023-02,1909.41,0.00,210.04,2023-02-25
9773,33,2023-02,1877.62,0.00,206.54,2023-02-25
9774,35,2023-02,1828.53,0.00,201.14,2023-02-25
9775,36,2023-02,2158.48,0.00,237.43,2023-02-25
9776,37,2023-02,2965.42,0.00,326.20,2023-02-25
9777,40,2023-02,2208.13,0.00,242.89,2023-02-25
9778,41,2023-02,2158.17,0.00,237.40,2023-02-25
9779,42,2023-02,2514.63,0.00,276.61,2023-02-25
9780,43,2023-02,1649.40,0.00,181.43,2023-02-25
9781,44,2023-02,1739.00,0.00,191.29,2023-02-25
9782,45,2023-02,1637.43,0.00,180.12,2023-02-25
9783,46,2023-02,2876.77,0.00,316.44,2023-02-25
9784,47,2023-02,1845.07,0.00,202.96,2023-02-25
9785,49,2023-02,1817.63,0.00,199.94,2023-02-25
9786,50,2023-02,1772.14,0.00,194.94,2023-02-25
9787,51,2023-02,1943.70,0.00,213.81,2023-02-25
9788,52,2023-02,1828.07,0.00,201.09,2023-02-25
9789,53,2023-02,1659.24,0.00,182.52,2023-02-25
9790,54,2023-02,1695.88,0.00,186.55,2023-02-25
9791,55,2023-02,1865.35,0.00,205.19,2023-02-25
9792,56,2023-02,1695.21,0.00,186.47,2023-02-25
9793,57,2023-02,1701.21,0.00,187.13,2023-02-25
9794,58,2023-02,1788.42,0.00,196.73,2023-02-25
9795,60,2023-02,5142.00,0.00,565.62,2023-02-25
9796,61,2023-02,2297.30,0.00,252.70,2023-02-25
9797,62,2023-02,1914.01,0.00,210.54,2023-02-25
9798,63,2023-02,2355.67,0.00,259.12,2023-02-25
9799,65,2023-02,1961.52,0.00,215.77,2023-02-25
9800,66,2023-02,1861.85,0.00,204.80,2023-02-25
9801,67,2023-02,2106.00,0.00,231.66,2023-02-25
9802,68,2023-02,1850.95,0.00,203.60,2023-02-25
9803,70,2023-02,2482.02,0.00,273.02,2023-02-25
9804,71,2023-02,3250.25,0.00,357.53,2023-02-25
9805,72,2023-02,2947.21,0.00,324.19,2023-02-25
9806,73,2023-02,1882.98,0.00,207.13,2023-02-25
9807,74,2023-02,1846.62,0.00,203.13,2023-02-25
9808,75,2023-02,1850.07,0.00,203.51,2023-02-25
9809,76,2023-02,1965.44,0.00,216.20,2023-02-25
9810,77,2023-02,1941.60,0.00,213.58,2023-02-25
9811,78,2023-02,1977.88,0.00,217.57,2023-02-25
9812,79,2023-02,1821.07,0.00,200.32,2023-02-25
9813,80,2023-02,1819.66,0.00,200.16,2023-02-25
9814,81,2023-02,1611.37,0.00,177.25,2023-02-25
9815,82,2023-02,5233.36,0.00,575.67,2023-02-25
9816,83,2023-02,3011.25,0.00,331.24,2023-02-25
9817,84,2023-02,1733.13,0.00,190.64,2023-02-25
9818,85,2023-02,3028.32,0.00,333.12,2023-02-25
9819,87,2023-02,2264.75,0.00,249.12,2023-02-25
9820,88,2023-02,1689.19,0.00,185.81,2023-02-25
9821,89,2023-02,2373.42,0.00,261.08,2023-02-25
9822,91,2023-02,1869.50,0.00,205.65,2023-02-25
9823,92,2023-02,2021.59,0.00,222.37,2023-02-25
9824,93,2023-02,1659.95,0.00,182.59,2023-02-25
9825,94,2023-02,2075.21,0.00,228.27,2023-02-25
9826,95,2023-02,1738.50,0.00,191.24,2023-02-25
9827,96,2023-02,1754.78,0.00,193.03,2023-02-25
9828,97,2023-02,1618.55,0.00,178.04,2023-02-25
9829,98,2023-02,1907.99,0.00,209.88,2023-02-25
9830,99,2023-02,1832.49,0.00,201.57,2023-02-25
9831,100,2023-02,5195.38,0.00,571.49,2023-02-25
9832,101,2023-02,1737.37,0.00,191.11,2023-02-25
9833,102,2023-02,1723.02,0.00,189.53,2023-02-25
9834,103,2023-02,2990.58,0.00,328.96,2023-02-25
9835,105,2023-02,2372.41,0.00,260.97,2023-02-25
9836,107,2023-02,2891.08,0.00,318.02,2023-02-25
9837,108,2023-02,2235.13,0.00,245.86,2023-02-25
9838,109,2023-02,1693.13,0.00,186.24,2023-02-25
9839,110,2023-02,1844.65,0.00,202.91,2023-02-25
9840,111,2023-02,1676.34,0.00,184.40,2023-02-25
9841,112,2023-02,1805.20,0.00,198.57,2023-02-25
9842,113,2023-02,1806.92,0.00,198.76,2023-02-25
9843,114,2023-02,1940.24,0.00,213.43,2023-02-25
9844,115,2023-02,4758.45,0.00,523.43,2023-02-25
9845,116,2023-02,2421.53,0.00,266.37,2023-02-25
9846,117,2023-02,1685.33,0.00,185.39,2023-02-25
9847,118,2023-02,3005.79,0.00,330.64,2023-02-25
9848,119,2023-02,1761.06,0.00,193.72,2023-02-25
9849,120,2023-02,1642.75,0.00,180.70,2023-02-25
9850,121,2023-02,1925.88,0.00,211.85,2023-02-25
9851,122,2023-02,1742.59,0.00,191.68,2023-02-25
9852,123,2023-02,1720.35,0.00,189.24,2023-02-25
9853,124,2023-02,2277.86,0.00,250.56,2023-02-25
9854,125,2023-02,2446.97,0.00,269.17,2023-02-25
9855,126,2023-02,3325.26,0.00,365.78,2023-02-25
9856,128,2023-02,1626.88,0.00,178.96,2023-02-25
9857,130,2023-02,1992.04,0.00,219.12,2023-02-25
9858,131,2023-02,1924.85,0.00,211.73,2023-02-25
9859,132,2023-02,1614.65,0.00,177.61,2023-02-25
9860,133,2023-02,1891.95,0.00,208.11,2023-02-25
9861,134,2023-02,1881.31,0.00,206.94,2023-02-25
9862,135,2023-02,1918.72,0.00,211.06,2023-02-25
9863,136,2023-02,5215.64,0.00,573.72,2023-02-25
9864,138,2023-02,3079.87,0.00,338.79,2023-02-25
9865,139,2023-02,1608.18,0.00,176.90,2023-02-25
9866,140,2023-02,1833.07,0.00,201.64,2023-02-25
9867,141,2023-02,2438.13,0.00,268.19,2023-02-25
9868,143,2023-02,2201.90,0.00,242.21,2023-02-25
9869,144,2023-02,2271.64,0.00,249.88,2023-02-25
9870,146,2023-02,2911.45,0.00,320.26,2023-02-25
9871,147,2023-02,1794.46,0.00,197.39,2023-02-25
9872,148,2023-02,1926.30,0.00,211.89,2023-02-25
9873,149,2023-02,1688.90,0.00,185.78,2023-02-25
9874,150,2023-02,1954.04,0.00,214.94,2023-02-25
9875,151,2023-02,1770.54,0.00,194.76,2023-02-25
9876,152,2023-02,1677.72,0.00,184.55,2023-02-25
9877,153,2023-02,1800.40,0.00,198.04,2023-02-25
9878,154,2023-02,1756.75,0.00,193.24,2023-02-25
9879,155,2023-02,1748.30,0.00,192.31,2023-02-25
9880,156,2023-02,4838.02,0.00,532.18,2023-02-25
9881,157,2023-02,2015.41,0.00,221.70,2023-02-25
9882,158,2023-02,1806.38,0.00,198.70,2023-02-25
9883,159,2023-02,2135.12,0.00,234.86,2023-02-25
9884,160,2023-02,2949.81,0.00,324.48,2023-02-25
9885,161,2023-02,2247.67,0.00,247.24,2023-02-25
9886,162,2023-02,1587.00,0.00,174.57,2023-02-25
9887,163,2023-02,2138.36,0.00,235.22,2023-02-25
9888,165,2023-02,1705.48,0.00,187.60,2023-02-25
9889,166,2023-02,3173.78,0.00,349.12,2023-02-25
9890,168,2023-02,1839.07,0.00,202.30,2023-02-25
9891,169,2023-02,1944.78,0.00,213.93,2023-02-25
9892,171,2023-02,1597.93,0.00,175.77,2023-02-25
9893,172,2023-02,1894.31,0.00,208.37,2023-02-25
9894,173,2023-02,1607.60,0.00,176.84,2023-02-25
9895,174,2023-02,1892.11,0.00,208.13,2023-02-25
9896,175,2023-02,1845.73,0.00,203.03,2023-02-25
9897,176,2023-02,4818.66,0.00,530.05,2023-02-25
9898,177,2023-02,1801.36,0.00,198.15,2023-02-25
9899,178,2023-02,1860.99,0.00,204.71,2023-02-25
9900,179,2023-02,3273.12,0.00,360.04,2023-02-25
9901,180,2023-02,1894.65,0.00,208.41,2023-02-25
9902,181,2023-02,1609.83,0.00,177.08,2023-02-25
9903,183,2023-02,2270.54,0.00,249.76,2023-02-25
9904,184,2023-02,2386.09,0.00,262.47,2023-02-25
9905,186,2023-02,1830.71,0.00,201.38,2023-02-25
9906,188,2023-02,1685.17,0.00,185.37,2023-02-25
9907,189,2023-02,1878.03,0.00,206.58,2023-02-25
9908,190,2023-02,1888.17,0.00,207.70,2023-02-25
9909,191,2023-02,5094.93,0.00,560.44,2023-02-25
9910,192,2023-02,1996.82,0.00,219.65,2023-02-25
9911,193,2023-02,2401.28,0.00,264.14,2023-02-25
9912,194,2023-02,3186.47,0.00,350.51,2023-02-25
9913,195,2023-02,3317.85,0.00,364.96,2023-02-25
9914,196,2023-02,2291.74,0.00,252.09,2023-02-25
9915,197,2023-02,1880.18,0.00,206.82,2023-02-25
9916,198,2023-02,1931.73,0.00,212.49,2023-02-25
9917,199,2023-02,1650.41,0.00,181.55,2023-02-25
9918,200,2023-02,1791.08,0.00,197.02,2023-02-25
9919,201,2023-02,2125.22,0.00,233.77,2023-02-25
9920,202,2023-02,1845.25,0.00,202.98,2023-02-25
9921,203,2023-02,1887.26,0.00,207.60,2023-02-25
9922,204,2023-02,1908.74,0.00,209.96,2023-02-25
9923,205,2023-02,1886.13,0.00,207.47,2023-02-25
9924,206,2023-02,1700.46,0.00,187.05,2023-02-25
9925,207,2023-02,4578.96,0.00,503.69,2023-02-25
9926,209,2023-02,1687.77,0.00,185.65,2023-02-25
9927,210,2023-02,2055.71,0.00,226.13,2023-02-25
9928,211,2023-02,1613.16,0.00,177.45,2023-02-25
9929,214,2023-02,2334.21,0.00,256.76,2023-02-25
9930,215,2023-02,2959.33,0.00,325.53,2023-02-25
9931,216,2023-02,2959.86,0.00,325.58,2023-02-25
9932,217,2023-02,2152.91,0.00,236.82,2023-02-25
9933,218,2023-02,1723.61,0.00,189.60,2023-02-25
9934,219,2023-02,1871.31,0.00,205.84,2023-02-25
9935,221,2023-02,1625.09,0.00,178.76,2023-02-25
9936,222,2023-02,1689.17,0.00,185.81,2023-02-25
9937,223,2023-02,1857.43,0.00,204.32,2023-02-25
9938,224,2023-02,1889.85,0.00,207.88,2023-02-25
9939,225,2023-02,4907.85,0.00,539.86,2023-02-25
9940,226,2023-02,1919.81,0.00,211.18,2023-02-25
9941,227,2023-02,1835.03,0.00,201.85,2023-02-25
9942,228,2023-02,3262.95,0.00,358.92,2023-02-25
9943,229,2023-02,1706.18,0.00,187.68,2023-02-25
9944,230,2023-02,1606.93,0.00,176.76,2023-02-25
9945,231,2023-02,2092.95,0.00,230.22,2023-02-25
9946,232,2023-02,1593.90,0.00,175.33,2023-02-25
9947,233,2023-02,1759.76,0.00,193.57,2023-02-25
9948,234,2023-02,2440.94,0.00,268.50,2023-02-25
9949,235,2023-02,1678.15,0.00,184.60,2023-02-25
9950,236,2023-02,1955.93,0.00,215.15,2023-02-25
9951,237,2023-02,5097.66,0.00,560.74,2023-02-25
9952,238,2023-02,2053.30,0.00,225.86,2023-02-25
9953,239,2023-02,3088.18,0.00,339.70,2023-02-25
9954,240,2023-02,2372.91,0.00,261.02,2023-02-25
9955,241,2023-02,1722.09,0.00,189.43,2023-02-25
9956,242,2023-02,1903.15,0.00,209.35,2023-02-25
9957,243,2023-02,2394.05,0.00,263.35,2023-02-25
9958,244,2023-02,1705.60,0.00,187.62,2023-02-25
9959,1,2023-03,4877.38,0.00,536.51,2023-03-25
9960,2,2023-03,1622.45,0.00,178.47,2023-03-25
9961,3,2023-03,1661.09,0.00,182.72,2023-03-25
9962,4,2023-03,2301.91,0.00,253.21,2023-03-25
9963,5,2023-03,2139.55,0.00,235.35,2023-03-25
9964,6,2023-03,1691.27,0.00,186.04,2023-03-25
9965,7,2023-03,2940.31,0.00,323.43,2023-03-25
9966,8,2023-03,2506.86,0.00,275.75,2023-03-25
9967,9,2023-03,1715.55,0.00,188.71,2023-03-25
9968,10,2023-03,1746.89,0.00,192.16,2023-03-25
9969,11,2023-03,2975.32,0.00,327.29,2023-03-25
9970,12,2023-03,2123.13,0.00,233.54,2023-03-25
9971,13,2023-03,3314.51,0.00,364.60,2023-03-25
9972,14,2023-03,2051.19,0.00,225.63,2023-03-25
9973,15,2023-03,1841.72,0.00,202.59,2023-03-25
9974,16,2023-03,1898.52,0.00,208.84,2023-03-25
9975,19,2023-03,1698.34,0.00,186.82,2023-03-25
9976,20,2023-03,1660.41,0.00,182.65,2023-03-25
9977,21,2023-03,1798.40,0.00,197.82,2023-03-25
9978,22,2023-03,1999.84,0.00,219.98,2023-03-25
9979,23,2023-03,1844.49,0.00,202.89,2023-03-25
9980,24,2023-03,1823.25,0.00,200.56,2023-03-25
9981,25,2023-03,1928.76,0.00,212.16,2023-03-25
9982,26,2023-03,1807.42,0.00,198.82,2023-03-25
9983,28,2023-03,4678.72,0.00,514.66,2023-03-25
9984,30,2023-03,2870.43,0.00,315.75,2023-03-25
9985,31,2023-03,1916.35,0.00,210.80,2023-03-25
9986,33,2023-03,1873.79,0.00,206.12,2023-03-25
9987,35,2023-03,1819.45,0.00,200.14,2023-03-25
9988,36,2023-03,2169.23,0.00,238.62,2023-03-25
9989,37,2023-03,2977.61,0.00,327.54,2023-03-25
9990,40,2023-03,2202.62,0.00,242.29,2023-03-25
9991,41,2023-03,2157.12,0.00,237.28,2023-03-25
9992,42,2023-03,2496.72,0.00,274.64,2023-03-25
9993,43,2023-03,1645.72,0.00,181.03,2023-03-25
9994,44,2023-03,1752.57,0.00,192.78,2023-03-25
9995,45,2023-03,1623.95,0.00,178.63,2023-03-25
9996,46,2023-03,2870.35,0.00,315.74,2023-03-25
9997,47,2023-03,1843.69,0.00,202.81,2023-03-25
9998,49,2023-03,1809.05,0.00,199.00,2023-03-25
9999,50,2023-03,1760.44,0.00,193.65,2023-03-25
10000,51,2023-03,1943.77,0.00,213.81,2023-03-25
10001,52,2023-03,1827.33,0.00,201.01,2023-03-25
10002,53,2023-03,1661.44,0.00,182.76,2023-03-25
10003,54,2023-03,1690.44,0.00,185.95,2023-03-25
10004,55,2023-03,1866.39,0.00,205.30,2023-03-25
10005,56,2023-03,1679.65,0.00,184.76,2023-03-25
10006,57,2023-03,1694.63,0.00,186.41,2023-03-25
10007,58,2023-03,1791.29,0.00,197.04,2023-03-25
10008,60,2023-03,5165.01,0.00,568.15,2023-03-25
10009,61,2023-03,2316.15,0.00,254.78,2023-03-25
10010,62,2023-03,1920.45,0.00,211.25,2023-03-25
10011,63,2023-03,2370.89,0.00,260.80,2023-03-25
10012,65,2023-03,1944.31,0.00,213.87,2023-03-25
10013,66,2023-03,1870.61,0.00,205.77,2023-03-25
10014,67,2023-03,2105.88,0.00,231.65,2023-03-25
10015,68,2023-03,1861.82,0.00,204.80,2023-03-25
10016,70,2023-03,2470.85,0.00,271.79,2023-03-25
10017,71,2023-03,3233.31,0.00,355.66,2023-03-25
10018,72,2023-03,2925.17,0.00,321.77,2023-03-25
10019,73,2023-03,1896.17,0.00,208.58,2023-03-25
10020,74,2023-03,1840.58,0.00,202.46,2023-03-25
10021,75,2023-03,1860.00,0.00,204.60,2023-03-25
10022,76,2023-03,1961.24,0.00,215.74,2023-03-25
10023,77,2023-03,1954.22,0.00,214.96,2023-03-25
10024,78,2023-03,1984.99,0.00,218.35,2023-03-25
10025,79,2023-03,1830.69,0.00,201.38,2023-03-25
10026,80,2023-03,1815.86,0.00,199.74,2023-03-25
10027,81,2023-03,1604.81,0.00,176.53,2023-03-25
10028,82,2023-03,5219.23,0.00,574.12,2023-03-25
10029,83,2023-03,3000.13,0.00,330.01,2023-03-25
10030,84,2023-03,1741.58,0.00,191.57,2023-03-25
10031,85,2023-03,3034.49,0.00,333.79,2023-03-25
10032,87,2023-03,2266.33,0.00,249.30,2023-03-25
10033,88,2023-03,1685.44,0.00,185.40,2023-03-25
10034,89,2023-03,2384.93,0.00,262.34,2023-03-25
10035,91,2023-03,1868.92,0.00,205.58,2023-03-25
10036,92,2023-03,2020.07,0.00,222.21,2023-03-25
10037,93,2023-03,1659.76,0.00,182.57,2023-03-25
10038,94,2023-03,2070.98,0.00,227.81,2023-03-25
10039,95,2023-03,1739.09,0.00,191.30,2023-03-25
10040,96,2023-03,1765.50,0.00,194.21,2023-03-25
10041,97,2023-03,1616.00,0.00,177.76,2023-03-25
10042,98,2023-03,1902.93,0.00,209.32,2023-03-25
10043,99,2023-03,1821.79,0.00,200.40,2023-03-25
10044,100,2023-03,5178.18,0.00,569.60,2023-03-25
10045,101,2023-03,1735.58,0.00,190.91,2023-03-25
10046,102,2023-03,1715.95,0.00,188.75,2023-03-25
10047,103,2023-03,2996.94,0.00,329.66,2023-03-25
10048,105,2023-03,2366.15,0.00,260.28,2023-03-25
10049,107,2023-03,2878.99,0.00,316.69,2023-03-25
10050,108,2023-03,2243.58,0.00,246.79,2023-03-25
10051,109,2023-03,1698.31,0.00,186.81,2023-03-25
10052,110,2023-03,1844.70,0.00,202.92,2023-03-25
10053,111,2023-03,1681.89,0.00,185.01,2023-03-25
10054,112,2023-03,1810.73,0.00,199.18,2023-03-25
10055,113,2023-03,1804.43,0.00,198.49,2023-03-25
10056,114,2023-03,1944.13,0.00,213.85,2023-03-25
10057,115,2023-03,4740.36,0.00,521.44,2023-03-25
10058,116,2023-03,2415.01,0.00,265.65,2023-03-25
10059,117,2023-03,1682.21,0.00,185.04,2023-03-25
10060,118,2023-03,3010.86,0.00,331.19,2023-03-25
10061,119,2023-03,1755.34,0.00,193.09,2023-03-25
10062,120,2023-03,1649.64,0.00,181.46,2023-03-25
10063,121,2023-03,1913.37,0.00,210.47,2023-03-25
10064,122,2023-03,1751.20,0.00,192.63,2023-03-25
10065,123,2023-03,1710.87,0.00,188.20,2023-03-25
10066,124,2023-03,2295.91,0.00,252.55,2023-03-25
10067,125,2023-03,2442.44,0.00,268.67,2023-03-25
10068,126,2023-03,3326.10,0.00,365.87,2023-03-25
10069,128,2023-03,1633.94,0.00,179.73,2023-03-25
10070,130,2023-03,1975.31,0.00,217.28,2023-03-25
10071,131,2023-03,1935.36,0.00,212.89,2023-03-25
10072,132,2023-03,1616.38,0.00,177.80,2023-03-25
10073,133,2023-03,1886.24,0.00,207.49,2023-03-25
10074,134,2023-03,1882.23,0.00,207.05,2023-03-25
10075,135,2023-03,1908.49,0.00,209.93,2023-03-25
10076,136,2023-03,5209.20,0.00,573.01,2023-03-25
10077,138,2023-03,3073.66,0.00,338.10,2023-03-25
10078,139,2023-03,1604.62,0.00,176.51,2023-03-25
10079,140,2023-03,1844.21,0.00,202.86,2023-03-25
10080,141,2023-03,2454.63,0.00,270.01,2023-03-25
10081,143,2023-03,2185.90,0.00,240.45,2023-03-25
10082,144,2023-03,2280.16,0.00,250.82,2023-03-25
10083,146,2023-03,2907.36,0.00,319.81,2023-03-25
10084,147,2023-03,1792.03,0.00,197.12,2023-03-25
10085,148,2023-03,1934.12,0.00,212.75,2023-03-25
10086,149,2023-03,1687.93,0.00,185.67,2023-03-25
10087,150,2023-03,1957.97,0.00,215.38,2023-03-25
10088,151,2023-03,1774.11,0.00,195.15,2023-03-25
10089,152,2023-03,1671.84,0.00,183.90,2023-03-25
10090,153,2023-03,1793.21,0.00,197.25,2023-03-25
10091,154,2023-03,1759.02,0.00,193.49,2023-03-25
10092,155,2023-03,1745.97,0.00,192.06,2023-03-25
10093,156,2023-03,4851.20,0.00,533.63,2023-03-25
10094,157,2023-03,2026.04,0.00,222.86,2023-03-25
10095,158,2023-03,1802.79,0.00,198.31,2023-03-25
10096,159,2023-03,2125.35,0.00,233.79,2023-03-25
10097,160,2023-03,2955.16,0.00,325.07,2023-03-25
10098,161,2023-03,2268.49,0.00,249.53,2023-03-25
10099,162,2023-03,1590.46,0.00,174.95,2023-03-25
10100,163,2023-03,2143.16,0.00,235.75,2023-03-25
10101,165,2023-03,1707.31,0.00,187.80,2023-03-25
10102,166,2023-03,3168.38,0.00,348.52,2023-03-25
10103,168,2023-03,1852.69,0.00,203.80,2023-03-25
10104,169,2023-03,1961.58,0.00,215.77,2023-03-25
10105,171,2023-03,1594.17,0.00,175.36,2023-03-25
10106,172,2023-03,1893.66,0.00,208.30,2023-03-25
10107,173,2023-03,1619.37,0.00,178.13,2023-03-25
10108,174,2023-03,1897.04,0.00,208.67,2023-03-25
10109,175,2023-03,1846.04,0.00,203.06,2023-03-25
10110,176,2023-03,4805.72,0.00,528.63,2023-03-25
10111,177,2023-03,1807.55,0.00,198.83,2023-03-25
10112,178,2023-03,1873.99,0.00,206.14,2023-03-25
10113,179,2023-03,3265.72,0.00,359.23,2023-03-25
10114,180,2023-03,1898.87,0.00,208.88,2023-03-25
10115,181,2023-03,1619.51,0.00,178.15,2023-03-25
10116,183,2023-03,2272.81,0.00,250.01,2023-03-25
10117,184,2023-03,2389.70,0.00,262.87,2023-03-25
10118,186,2023-03,1824.89,0.00,200.74,2023-03-25
10119,188,2023-03,1696.25,0.00,186.59,2023-03-25
10120,189,2023-03,1873.46,0.00,206.08,2023-03-25
10121,190,2023-03,1884.42,0.00,207.29,2023-03-25
10122,191,2023-03,5094.36,0.00,560.38,2023-03-25
10123,192,2023-03,2003.89,0.00,220.43,2023-03-25
10124,193,2023-03,2395.35,0.00,263.49,2023-03-25
10125,194,2023-03,3167.69,0.00,348.45,2023-03-25
10126,195,2023-03,3310.36,0.00,364.14,2023-03-25
10127,196,2023-03,2278.12,0.00,250.59,2023-03-25
10128,197,2023-03,1891.19,0.00,208.03,2023-03-25
10129,198,2023-03,1921.20,0.00,211.33,2023-03-25
10130,199,2023-03,1651.84,0.00,181.70,2023-03-25
10131,200,2023-03,1773.65,0.00,195.10,2023-03-25
10132,201,2023-03,2119.23,0.00,233.12,2023-03-25
10133,202,2023-03,1853.43,0.00,203.88,2023-03-25
10134,203,2023-03,1876.28,0.00,206.39,2023-03-25
10135,204,2023-03,1909.47,0.00,210.04,2023-03-25
10136,205,2023-03,1876.21,0.00,206.38,2023-03-25
10137,206,2023-03,1701.39,0.00,187.15,2023-03-25
10138,207,2023-03,4590.89,0.00,505.00,2023-03-25
10139,209,2023-03,1683.48,0.00,185.18,2023-03-25
10140,210,2023-03,2059.74,0.00,226.57,2023-03-25
10141,211,2023-03,1604.28,0.00,176.47,2023-03-25
10142,214,2023-03,2339.01,0.00,257.29,2023-03-25
10143,215,2023-03,2952.73,0.00,324.80,2023-03-25
10144,216,2023-03,2967.53,0.00,326.43,2023-03-25
10145,217,2023-03,2146.97,0.00,236.17,2023-03-25
10146,218,2023-03,1716.44,0.00,188.81,2023-03-25
10147,219,2023-03,1881.80,0.00,207.00,2023-03-25
10148,221,2023-03,1616.73,0.00,177.84,2023-03-25
10149,222,2023-03,1690.87,0.00,186.00,2023-03-25
10150,223,2023-03,1852.08,0.00,203.73,2023-03-25
10151,224,2023-03,1904.68,0.00,209.51,2023-03-25
10152,225,2023-03,4933.11,0.00,542.64,2023-03-25
10153,226,2023-03,1923.27,0.00,211.56,2023-03-25
10154,227,2023-03,1838.20,0.00,202.20,2023-03-25
10155,228,2023-03,3288.56,0.00,361.74,2023-03-25
10156,229,2023-03,1702.81,0.00,187.31,2023-03-25
10157,230,2023-03,1603.41,0.00,176.38,2023-03-25
10158,231,2023-03,2100.95,0.00,231.10,2023-03-25
10159,232,2023-03,1593.75,0.00,175.31,2023-03-25
10160,233,2023-03,1767.59,0.00,194.43,2023-03-25
10161,234,2023-03,2427.40,0.00,267.01,2023-03-25
10162,235,2023-03,1674.42,0.00,184.19,2023-03-25
10163,236,2023-03,1951.68,0.00,214.68,2023-03-25
10164,237,2023-03,5072.87,0.00,558.02,2023-03-25
10165,238,2023-03,2044.86,0.00,224.93,2023-03-25
10166,239,2023-03,3074.97,0.00,338.25,2023-03-25
10167,240,2023-03,2381.14,0.00,261.93,2023-03-25
10168,241,2023-03,1720.77,0.00,189.28,2023-03-25
10169,242,2023-03,1899.89,0.00,208.99,2023-03-25
10170,243,2023-03,2389.14,0.00,262.81,2023-03-25
10171,244,2023-03,1704.18,0.00,187.46,2023-03-25
10172,1,2023-04,4889.32,1711.26,537.83,2023-04-25
10173,2,2023-04,1616.59,565.81,177.82,2023-04-25
10174,3,2023-04,1657.53,580.14,182.33,2023-04-25
10175,4,2023-04,2292.23,802.28,252.15,2023-04-25
10176,5,2023-04,2140.30,749.11,235.43,2023-04-25
10177,6,2023-04,1691.16,591.91,186.03,2023-04-25
10178,7,2023-04,2932.00,1026.20,322.52,2023-04-25
10179,8,2023-04,2507.59,877.66,275.83,2023-04-25
10180,9,2023-04,1709.74,598.41,188.07,2023-04-25
10181,10,2023-04,1742.07,609.72,191.63,2023-04-25
10182,11,2023-04,2960.83,1036.29,325.69,2023-04-25
10183,12,2023-04,2127.23,744.53,234.00,2023-04-25
10184,13,2023-04,3312.83,1159.49,364.41,2023-04-25
10185,14,2023-04,2061.57,721.55,226.77,2023-04-25
10186,15,2023-04,1836.13,642.65,201.97,2023-04-25
10187,16,2023-04,1915.29,670.35,210.68,2023-04-25
10188,19,2023-04,1711.64,599.07,188.28,2023-04-25
10189,20,2023-04,1662.95,582.03,182.92,2023-04-25
10190,21,2023-04,1810.26,633.59,199.13,2023-04-25
10191,22,2023-04,1993.01,697.55,219.23,2023-04-25
10192,23,2023-04,1844.63,645.62,202.91,2023-04-25
10193,24,2023-04,1824.79,638.68,200.73,2023-04-25
10194,25,2023-04,1931.46,676.01,212.46,2023-04-25
10195,26,2023-04,1806.76,632.37,198.74,2023-04-25
10196,28,2023-04,4654.10,1628.93,511.95,2023-04-25
10197,30,2023-04,2879.51,1007.83,316.75,2023-04-25
10198,31,2023-04,1905.30,666.85,209.58,2023-04-25
10199,33,2023-04,1872.45,655.36,205.97,2023-04-25
10200,35,2023-04,1826.93,639.43,200.96,2023-04-25
10201,36,2023-04,2163.50,757.22,237.99,2023-04-25
10202,37,2023-04,2970.01,1039.50,326.70,2023-04-25
10203,40,2023-04,2212.95,774.53,243.42,2023-04-25
10204,41,2023-04,2171.29,759.95,238.84,2023-04-25
10205,42,2023-04,2498.31,874.41,274.81,2023-04-25
10206,43,2023-04,1647.80,576.73,181.26,2023-04-25
10207,44,2023-04,1752.93,613.53,192.82,2023-04-25
10208,45,2023-04,1639.05,573.67,180.30,2023-04-25
10209,46,2023-04,2877.14,1007.00,316.49,2023-04-25
10210,47,2023-04,1835.51,642.43,201.91,2023-04-25
10211,49,2023-04,1812.42,634.35,199.37,2023-04-25
10212,50,2023-04,1762.79,616.98,193.91,2023-04-25
10213,51,2023-04,1935.74,677.51,212.93,2023-04-25
10214,52,2023-04,1827.33,639.57,201.01,2023-04-25
10215,53,2023-04,1666.85,583.40,183.35,2023-04-25
10216,54,2023-04,1690.91,591.82,186.00,2023-04-25
10217,55,2023-04,1881.58,658.55,206.97,2023-04-25
10218,56,2023-04,1683.84,589.34,185.22,2023-04-25
10219,57,2023-04,1692.63,592.42,186.19,2023-04-25
10220,58,2023-04,1785.67,624.98,196.42,2023-04-25
10221,60,2023-04,5160.86,1806.30,567.69,2023-04-25
10222,61,2023-04,2300.48,805.17,253.05,2023-04-25
10223,62,2023-04,1920.03,672.01,211.20,2023-04-25
10224,63,2023-04,2355.88,824.56,259.15,2023-04-25
10225,65,2023-04,1946.00,681.10,214.06,2023-04-25
10226,66,2023-04,1866.19,653.17,205.28,2023-04-25
10227,67,2023-04,2105.24,736.83,231.58,2023-04-25
10228,68,2023-04,1859.93,650.98,204.59,2023-04-25
10229,70,2023-04,2471.87,865.15,271.91,2023-04-25
10230,71,2023-04,3229.70,1130.39,355.27,2023-04-25
10231,72,2023-04,2944.12,1030.44,323.85,2023-04-25
10232,73,2023-04,1891.46,662.01,208.06,2023-04-25
10233,74,2023-04,1846.31,646.21,203.09,2023-04-25
10234,75,2023-04,1845.94,646.08,203.05,2023-04-25
10235,76,2023-04,1962.79,686.98,215.91,2023-04-25
10236,77,2023-04,1951.74,683.11,214.69,2023-04-25
10237,78,2023-04,1985.08,694.78,218.36,2023-04-25
10238,79,2023-04,1819.64,636.87,200.16,2023-04-25
10239,80,2023-04,1825.27,638.84,200.78,2023-04-25
10240,81,2023-04,1612.89,564.51,177.42,2023-04-25
10241,82,2023-04,5225.96,1829.09,574.86,2023-04-25
10242,83,2023-04,3002.88,1051.01,330.32,2023-04-25
10243,84,2023-04,1746.42,611.25,192.11,2023-04-25
10244,85,2023-04,3017.95,1056.28,331.97,2023-04-25
10245,87,2023-04,2268.45,793.96,249.53,2023-04-25
10246,88,2023-04,1679.88,587.96,184.79,2023-04-25
10247,89,2023-04,2385.31,834.86,262.38,2023-04-25
10248,91,2023-04,1883.30,659.15,207.16,2023-04-25
10249,92,2023-04,2020.84,707.29,222.29,2023-04-25
10250,93,2023-04,1657.21,580.02,182.29,2023-04-25
10251,94,2023-04,2077.00,726.95,228.47,2023-04-25
10252,95,2023-04,1732.95,606.53,190.62,2023-04-25
10253,96,2023-04,1764.92,617.72,194.14,2023-04-25
10254,97,2023-04,1613.55,564.74,177.49,2023-04-25
10255,98,2023-04,1908.40,667.94,209.92,2023-04-25
10256,99,2023-04,1826.93,639.43,200.96,2023-04-25
10257,100,2023-04,5177.35,1812.07,569.51,2023-04-25
10258,101,2023-04,1735.05,607.27,190.86,2023-04-25
10259,102,2023-04,1722.66,602.93,189.49,2023-04-25
10260,103,2023-04,2997.18,1049.01,329.69,2023-04-25
10261,105,2023-04,2372.62,830.42,260.99,2023-04-25
10262,107,2023-04,2884.20,1009.47,317.26,2023-04-25
10263,108,2023-04,2238.24,783.38,246.21,2023-04-25
10264,109,2023-04,1703.57,596.25,187.39,2023-04-25
10265,110,2023-04,1843.69,645.29,202.81,2023-04-25
10266,111,2023-04,1672.89,585.51,184.02,2023-04-25
10267,112,2023-04,1801.76,630.62,198.19,2023-04-25
10268,113,2023-04,1808.52,632.98,198.94,2023-04-25
10269,114,2023-04,1942.02,679.71,213.62,2023-04-25
10270,115,2023-04,4777.01,1671.95,525.47,2023-04-25
10271,116,2023-04,2408.31,842.91,264.91,2023-04-25
10272,117,2023-04,1681.56,588.55,184.97,2023-04-25
10273,118,2023-04,3005.07,1051.77,330.56,2023-04-25
10274,119,2023-04,1768.07,618.82,194.49,2023-04-25
10275,120,2023-04,1654.12,578.94,181.95,2023-04-25
10276,121,2023-04,1922.52,672.88,211.48,2023-04-25
10277,122,2023-04,1749.34,612.27,192.43,2023-04-25
10278,123,2023-04,1720.74,602.26,189.28,2023-04-25
10279,124,2023-04,2292.56,802.40,252.18,2023-04-25
10280,125,2023-04,2427.99,849.80,267.08,2023-04-25
10281,126,2023-04,3348.67,1172.03,368.35,2023-04-25
10282,128,2023-04,1630.84,570.79,179.39,2023-04-25
10283,130,2023-04,1989.99,696.50,218.90,2023-04-25
10284,131,2023-04,1922.08,672.73,211.43,2023-04-25
10285,132,2023-04,1608.99,563.15,176.99,2023-04-25
10286,133,2023-04,1895.77,663.52,208.53,2023-04-25
10287,134,2023-04,1894.24,662.98,208.37,2023-04-25
10288,135,2023-04,1911.27,668.94,210.24,2023-04-25
10289,136,2023-04,5223.06,1828.07,574.54,2023-04-25
10290,138,2023-04,3088.23,1080.88,339.71,2023-04-25
10291,139,2023-04,1610.43,563.65,177.15,2023-04-25
10292,140,2023-04,1846.21,646.17,203.08,2023-04-25
10293,141,2023-04,2442.06,854.72,268.63,2023-04-25
10294,143,2023-04,2198.80,769.58,241.87,2023-04-25
10295,144,2023-04,2289.21,801.22,251.81,2023-04-25
10296,146,2023-04,2885.61,1009.96,317.42,2023-04-25
10297,147,2023-04,1794.68,628.14,197.41,2023-04-25
10298,148,2023-04,1923.93,673.38,211.63,2023-04-25
10299,149,2023-04,1686.61,590.31,185.53,2023-04-25
10300,150,2023-04,1950.23,682.58,214.53,2023-04-25
10301,151,2023-04,1769.40,619.29,194.63,2023-04-25
10302,152,2023-04,1671.71,585.10,183.89,2023-04-25
10303,153,2023-04,1786.67,625.33,196.53,2023-04-25
10304,154,2023-04,1751.66,613.08,192.68,2023-04-25
10305,155,2023-04,1751.58,613.05,192.67,2023-04-25
10306,156,2023-04,4817.66,1686.18,529.94,2023-04-25
10307,157,2023-04,2020.51,707.18,222.26,2023-04-25
10308,158,2023-04,1800.18,630.06,198.02,2023-04-25
10309,159,2023-04,2121.65,742.58,233.38,2023-04-25
10310,160,2023-04,2964.48,1037.57,326.09,2023-04-25
10311,161,2023-04,2252.51,788.38,247.78,2023-04-25
10312,162,2023-04,1590.01,556.50,174.90,2023-04-25
10313,163,2023-04,2125.18,743.81,233.77,2023-04-25
10314,165,2023-04,1705.23,596.83,187.58,2023-04-25
10315,166,2023-04,3175.15,1111.30,349.27,2023-04-25
10316,168,2023-04,1850.24,647.58,203.53,2023-04-25
10317,169,2023-04,1954.10,683.93,214.95,2023-04-25
10318,171,2023-04,1585.86,555.05,174.44,2023-04-25
10319,172,2023-04,1883.08,659.08,207.14,2023-04-25
10320,173,2023-04,1610.94,563.83,177.20,2023-04-25
10321,174,2023-04,1885.06,659.77,207.36,2023-04-25
10322,175,2023-04,1858.40,650.44,204.42,2023-04-25
10323,176,2023-04,4789.76,1676.42,526.87,2023-04-25
10324,177,2023-04,1808.24,632.88,198.91,2023-04-25
10325,178,2023-04,1863.01,652.05,204.93,2023-04-25
10326,179,2023-04,3278.96,1147.64,360.69,2023-04-25
10327,180,2023-04,1902.86,666.00,209.31,2023-04-25
10328,181,2023-04,1616.42,565.75,177.81,2023-04-25
10329,183,2023-04,2267.52,793.63,249.43,2023-04-25
10330,184,2023-04,2387.18,835.51,262.59,2023-04-25
10331,186,2023-04,1820.51,637.18,200.26,2023-04-25
10332,188,2023-04,1694.72,593.15,186.42,2023-04-25
10333,189,2023-04,1876.47,656.76,206.41,2023-04-25
10334,190,2023-04,1889.09,661.18,207.80,2023-04-25
10335,191,2023-04,5117.42,1791.10,562.92,2023-04-25
10336,192,2023-04,2007.74,702.71,220.85,2023-04-25
10337,193,2023-04,2411.70,844.09,265.29,2023-04-25
10338,194,2023-04,3187.04,1115.46,350.57,2023-04-25
10339,195,2023-04,3308.54,1157.99,363.94,2023-04-25
10340,196,2023-04,2285.82,800.04,251.44,2023-04-25
10341,197,2023-04,1881.10,658.38,206.92,2023-04-25
10342,198,2023-04,1934.60,677.11,212.81,2023-04-25
10343,199,2023-04,1652.96,578.54,181.83,2023-04-25
10344,200,2023-04,1775.12,621.29,195.26,2023-04-25
10345,201,2023-04,2124.88,743.71,233.74,2023-04-25
10346,202,2023-04,1848.51,646.98,203.34,2023-04-25
10347,203,2023-04,1883.30,659.15,207.16,2023-04-25
10348,204,2023-04,1899.72,664.90,208.97,2023-04-25
10349,205,2023-04,1889.90,661.47,207.89,2023-04-25
10350,206,2023-04,1701.76,595.62,187.19,2023-04-25
10351,207,2023-04,4596.89,1608.91,505.66,2023-04-25
10352,209,2023-04,1690.65,591.73,185.97,2023-04-25
10353,210,2023-04,2053.73,718.81,225.91,2023-04-25
10354,211,2023-04,1598.71,559.55,175.86,2023-04-25
10355,214,2023-04,2328.67,815.03,256.15,2023-04-25
10356,215,2023-04,2977.00,1041.95,327.47,2023-04-25
10357,216,2023-04,2954.05,1033.92,324.95,2023-04-25
10358,217,2023-04,2145.00,750.75,235.95,2023-04-25
10359,218,2023-04,1726.38,604.23,189.90,2023-04-25
10360,219,2023-04,1875.57,656.45,206.31,2023-04-25
10361,221,2023-04,1613.46,564.71,177.48,2023-04-25
10362,222,2023-04,1698.23,594.38,186.81,2023-04-25
10363,223,2023-04,1855.28,649.35,204.08,2023-04-25
10364,224,2023-04,1903.69,666.29,209.41,2023-04-25
10365,225,2023-04,4942.29,1729.80,543.65,2023-04-25
10366,226,2023-04,1921.00,672.35,211.31,2023-04-25
10367,227,2023-04,1833.89,641.86,201.73,2023-04-25
10368,228,2023-04,3259.99,1141.00,358.60,2023-04-25
10369,229,2023-04,1702.18,595.76,187.24,2023-04-25
10370,230,2023-04,1613.53,564.74,177.49,2023-04-25
10371,231,2023-04,2095.17,733.31,230.47,2023-04-25
10372,232,2023-04,1592.37,557.33,175.16,2023-04-25
10373,233,2023-04,1751.06,612.87,192.62,2023-04-25
10374,234,2023-04,2441.03,854.36,268.51,2023-04-25
10375,235,2023-04,1669.39,584.29,183.63,2023-04-25
10376,236,2023-04,1953.44,683.70,214.88,2023-04-25
10377,237,2023-04,5079.65,1777.88,558.76,2023-04-25
10378,238,2023-04,2054.75,719.16,226.02,2023-04-25
10379,239,2023-04,3086.62,1080.32,339.53,2023-04-25
10380,240,2023-04,2372.85,830.50,261.01,2023-04-25
10381,241,2023-04,1713.96,599.89,188.54,2023-04-25
10382,242,2023-04,1907.77,667.72,209.85,2023-04-25
10383,243,2023-04,2381.49,833.52,261.96,2023-04-25
10384,244,2023-04,1700.49,595.17,187.05,2023-04-25
10385,1,2023-05,4884.96,0.00,537.35,2023-05-25
10386,2,2023-05,1623.30,0.00,178.56,2023-05-25
10387,3,2023-05,1649.00,0.00,181.39,2023-05-25
10388,4,2023-05,2292.75,0.00,252.20,2023-05-25
10389,5,2023-05,2141.57,0.00,235.57,2023-05-25
10390,6,2023-05,1690.56,0.00,185.96,2023-05-25
10391,7,2023-05,2953.31,0.00,324.86,2023-05-25
10392,8,2023-05,2501.09,0.00,275.12,2023-05-25
10393,9,2023-05,1703.32,0.00,187.37,2023-05-25
10394,10,2023-05,1741.56,0.00,191.57,2023-05-25
10395,11,2023-05,2956.92,0.00,325.26,2023-05-25
10396,12,2023-05,2131.39,0.00,234.45,2023-05-25
10397,13,2023-05,3307.92,0.00,363.87,2023-05-25
10398,14,2023-05,2049.47,0.00,225.44,2023-05-25
10399,15,2023-05,1832.66,0.00,201.59,2023-05-25
10400,16,2023-05,1910.60,0.00,210.17,2023-05-25
10401,19,2023-05,1696.02,0.00,186.56,2023-05-25
10402,20,2023-05,1651.45,0.00,181.66,2023-05-25
10403,21,2023-05,1812.68,0.00,199.39,2023-05-25
10404,22,2023-05,1989.32,0.00,218.83,2023-05-25
10405,23,2023-05,1851.07,0.00,203.62,2023-05-25
10406,24,2023-05,1819.95,0.00,200.19,2023-05-25
10407,25,2023-05,1931.04,0.00,212.41,2023-05-25
10408,26,2023-05,1798.85,0.00,197.87,2023-05-25
10409,28,2023-05,4654.85,0.00,512.03,2023-05-25
10410,30,2023-05,2874.29,0.00,316.17,2023-05-25
10411,31,2023-05,1914.32,0.00,210.58,2023-05-25
10412,33,2023-05,1878.95,0.00,206.68,2023-05-25
10413,35,2023-05,1819.88,0.00,200.19,2023-05-25
10414,36,2023-05,2156.48,0.00,237.21,2023-05-25
10415,37,2023-05,2969.95,0.00,326.69,2023-05-25
10416,40,2023-05,2206.82,0.00,242.75,2023-05-25
10417,41,2023-05,2155.55,0.00,237.11,2023-05-25
10418,42,2023-05,2519.67,0.00,277.16,2023-05-25
10419,43,2023-05,1642.23,0.00,180.65,2023-05-25
10420,44,2023-05,1749.48,0.00,192.44,2023-05-25
10421,45,2023-05,1626.26,0.00,178.89,2023-05-25
10422,46,2023-05,2892.05,0.00,318.13,2023-05-25
10423,47,2023-05,1843.04,0.00,202.73,2023-05-25
10424,49,2023-05,1822.28,0.00,200.45,2023-05-25
10425,50,2023-05,1775.17,0.00,195.27,2023-05-25
10426,51,2023-05,1936.83,0.00,213.05,2023-05-25
10427,52,2023-05,1819.81,0.00,200.18,2023-05-25
10428,53,2023-05,1668.63,0.00,183.55,2023-05-25
10429,54,2023-05,1700.55,0.00,187.06,2023-05-25
10430,55,2023-05,1875.69,0.00,206.33,2023-05-25
10431,56,2023-05,1689.21,0.00,185.81,2023-05-25
10432,57,2023-05,1701.33,0.00,187.15,2023-05-25
10433,58,2023-05,1786.75,0.00,196.54,2023-05-25
10434,59,2023-05,2342.53,0.00,257.68,2023-05-25
10435,60,2023-05,5185.27,0.00,570.38,2023-05-25
10436,61,2023-05,2305.67,0.00,253.62,2023-05-25
10437,62,2023-05,1912.74,0.00,210.40,2023-05-25
10438,63,2023-05,2363.16,0.00,259.95,2023-05-25
10439,65,2023-05,1945.69,0.00,214.03,2023-05-25
10440,66,2023-05,1862.05,0.00,204.83,2023-05-25
10441,67,2023-05,2111.54,0.00,232.27,2023-05-25
10442,68,2023-05,1863.70,0.00,205.01,2023-05-25
10443,70,2023-05,2469.50,0.00,271.64,2023-05-25
10444,71,2023-05,3256.52,0.00,358.22,2023-05-25
10445,72,2023-05,2950.70,0.00,324.58,2023-05-25
10446,73,2023-05,1893.74,0.00,208.31,2023-05-25
10447,74,2023-05,1852.42,0.00,203.77,2023-05-25
10448,75,2023-05,1860.98,0.00,204.71,2023-05-25
10449,76,2023-05,1968.35,0.00,216.52,2023-05-25
10450,77,2023-05,1951.29,0.00,214.64,2023-05-25
10451,78,2023-05,1991.62,0.00,219.08,2023-05-25
10452,79,2023-05,1821.15,0.00,200.33,2023-05-25
10453,80,2023-05,1820.15,0.00,200.22,2023-05-25
10454,81,2023-05,1608.87,0.00,176.98,2023-05-25
10455,82,2023-05,5230.76,0.00,575.38,2023-05-25
10456,83,2023-05,3014.17,0.00,331.56,2023-05-25
10457,84,2023-05,1742.75,0.00,191.70,2023-05-25
10458,85,2023-05,3030.29,0.00,333.33,2023-05-25
10459,87,2023-05,2285.38,0.00,251.39,2023-05-25
10460,88,2023-05,1695.06,0.00,186.46,2023-05-25
10461,89,2023-05,2381.75,0.00,261.99,2023-05-25
10462,91,2023-05,1880.14,0.00,206.82,2023-05-25
10463,92,2023-05,2026.25,0.00,222.89,2023-05-25
10464,93,2023-05,1655.45,0.00,182.10,2023-05-25
10465,94,2023-05,2079.10,0.00,228.70,2023-05-25
10466,95,2023-05,1739.36,0.00,191.33,2023-05-25
10467,96,2023-05,1763.89,0.00,194.03,2023-05-25
10468,97,2023-05,1621.87,0.00,178.41,2023-05-25
10469,98,2023-05,1901.36,0.00,209.15,2023-05-25
10470,99,2023-05,1830.75,0.00,201.38,2023-05-25
10471,100,2023-05,5196.68,0.00,571.63,2023-05-25
10472,101,2023-05,1734.57,0.00,190.80,2023-05-25
10473,102,2023-05,1716.76,0.00,188.84,2023-05-25
10474,103,2023-05,2993.63,0.00,329.30,2023-05-25
10475,105,2023-05,2370.73,0.00,260.78,2023-05-25
10476,107,2023-05,2880.75,0.00,316.88,2023-05-25
10477,108,2023-05,2234.79,0.00,245.83,2023-05-25
10478,109,2023-05,1696.12,0.00,186.57,2023-05-25
10479,110,2023-05,1844.29,0.00,202.87,2023-05-25
10480,111,2023-05,1675.33,0.00,184.29,2023-05-25
10481,112,2023-05,1801.87,0.00,198.21,2023-05-25
10482,113,2023-05,1813.73,0.00,199.51,2023-05-25
10483,114,2023-05,1942.15,0.00,213.64,2023-05-25
10484,115,2023-05,4779.25,0.00,525.72,2023-05-25
10485,116,2023-05,2414.82,0.00,265.63,2023-05-25
10486,117,2023-05,1680.39,0.00,184.84,2023-05-25
10487,118,2023-05,2990.64,0.00,328.97,2023-05-25
10488,119,2023-05,1766.33,0.00,194.30,2023-05-25
10489,120,2023-05,1645.69,0.00,181.03,2023-05-25
10490,121,2023-05,1919.18,0.00,211.11,2023-05-25
10491,122,2023-05,1746.82,0.00,192.15,2023-05-25
10492,123,2023-05,1723.45,0.00,189.58,2023-05-25
10493,124,2023-05,2277.99,0.00,250.58,2023-05-25
10494,125,2023-05,2426.10,0.00,266.87,2023-05-25
10495,126,2023-05,3332.66,0.00,366.59,2023-05-25
10496,128,2023-05,1617.96,0.00,177.98,2023-05-25
10497,130,2023-05,1984.13,0.00,218.25,2023-05-25
10498,131,2023-05,1921.89,0.00,211.41,2023-05-25
10499,132,2023-05,1606.01,0.00,176.66,2023-05-25
10500,133,2023-05,1880.93,0.00,206.90,2023-05-25
10501,134,2023-05,1897.93,0.00,208.77,2023-05-25
10502,135,2023-05,1907.18,0.00,209.79,2023-05-25
10503,136,2023-05,5202.61,0.00,572.29,2023-05-25
10504,138,2023-05,3095.01,0.00,340.45,2023-05-25
10505,139,2023-05,1604.67,0.00,176.51,2023-05-25
10506,140,2023-05,1840.92,0.00,202.50,2023-05-25
10507,141,2023-05,2439.14,0.00,268.31,2023-05-25
10508,143,2023-05,2189.00,0.00,240.79,2023-05-25
10509,144,2023-05,2281.40,0.00,250.95,2023-05-25
10510,146,2023-05,2894.69,0.00,318.42,2023-05-25
10511,147,2023-05,1797.39,0.00,197.71,2023-05-25
10512,148,2023-05,1921.01,0.00,211.31,2023-05-25
10513,149,2023-05,1690.70,0.00,185.98,2023-05-25
10514,150,2023-05,1942.96,0.00,213.73,2023-05-25
10515,151,2023-05,1768.14,0.00,194.50,2023-05-25
10516,152,2023-05,1672.05,0.00,183.93,2023-05-25
10517,153,2023-05,1794.41,0.00,197.39,2023-05-25
10518,154,2023-05,1766.35,0.00,194.30,2023-05-25
10519,155,2023-05,1751.56,0.00,192.67,2023-05-25
10520,156,2023-05,4825.78,0.00,530.84,2023-05-25
10521,157,2023-05,2019.22,0.00,222.11,2023-05-25
10522,158,2023-05,1803.06,0.00,198.34,2023-05-25
10523,159,2023-05,2115.84,0.00,232.74,2023-05-25
10524,160,2023-05,2948.09,0.00,324.29,2023-05-25
10525,161,2023-05,2252.68,0.00,247.79,2023-05-25
10526,162,2023-05,1582.66,0.00,174.09,2023-05-25
10527,163,2023-05,2125.36,0.00,233.79,2023-05-25
10528,165,2023-05,1700.92,0.00,187.10,2023-05-25
10529,166,2023-05,3168.71,0.00,348.56,2023-05-25
10530,168,2023-05,1840.39,0.00,202.44,2023-05-25
10531,169,2023-05,1956.81,0.00,215.25,2023-05-25
10532,171,2023-05,1592.46,0.00,175.17,2023-05-25
10533,172,2023-05,1891.55,0.00,208.07,2023-05-25
10534,173,2023-05,1608.09,0.00,176.89,2023-05-25
10535,174,2023-05,1885.44,0.00,207.40,2023-05-25
10536,175,2023-05,1847.97,0.00,203.28,2023-05-25
10537,176,2023-05,4800.56,0.00,528.06,2023-05-25
10538,177,2023-05,1804.18,0.00,198.46,2023-05-25
10539,178,2023-05,1858.13,0.00,204.39,2023-05-25
10540,179,2023-05,3284.69,0.00,361.32,2023-05-25
10541,180,2023-05,1905.18,0.00,209.57,2023-05-25
10542,181,2023-05,1607.57,0.00,176.83,2023-05-25
10543,183,2023-05,2266.85,0.00,249.35,2023-05-25
10544,184,2023-05,2382.68,0.00,262.09,2023-05-25
10545,186,2023-05,1822.39,0.00,200.46,2023-05-25
10546,188,2023-05,1686.76,0.00,185.54,2023-05-25
10547,189,2023-05,1863.06,0.00,204.94,2023-05-25
10548,190,2023-05,1887.08,0.00,207.58,2023-05-25
10549,191,2023-05,5122.95,0.00,563.52,2023-05-25
10550,192,2023-05,2004.03,0.00,220.44,2023-05-25
10551,193,2023-05,2394.01,0.00,263.34,2023-05-25
10552,194,2023-05,3193.04,0.00,351.23,2023-05-25
10553,195,2023-05,3309.45,0.00,364.04,2023-05-25
10554,196,2023-05,2280.89,0.00,250.90,2023-05-25
10555,197,2023-05,1887.08,0.00,207.58,2023-05-25
10556,198,2023-05,1928.30,0.00,212.11,2023-05-25
10557,199,2023-05,1657.91,0.00,182.37,2023-05-25
10558,200,2023-05,1784.04,0.00,196.24,2023-05-25
10559,201,2023-05,2137.04,0.00,235.07,2023-05-25
10560,202,2023-05,1858.86,0.00,204.47,2023-05-25
10561,203,2023-05,1887.49,0.00,207.62,2023-05-25
10562,204,2023-05,1894.62,0.00,208.41,2023-05-25
10563,205,2023-05,1875.07,0.00,206.26,2023-05-25
10564,206,2023-05,1705.90,0.00,187.65,2023-05-25
10565,207,2023-05,4612.21,0.00,507.34,2023-05-25
10566,209,2023-05,1688.16,0.00,185.70,2023-05-25
10567,210,2023-05,2048.73,0.00,225.36,2023-05-25
10568,211,2023-05,1607.83,0.00,176.86,2023-05-25
10569,214,2023-05,2332.74,0.00,256.60,2023-05-25
10570,215,2023-05,2977.13,0.00,327.48,2023-05-25
10571,216,2023-05,2965.79,0.00,326.24,2023-05-25
10572,217,2023-05,2151.34,0.00,236.65,2023-05-25
10573,218,2023-05,1720.51,0.00,189.26,2023-05-25
10574,219,2023-05,1886.03,0.00,207.46,2023-05-25
10575,221,2023-05,1612.32,0.00,177.36,2023-05-25
10576,222,2023-05,1688.90,0.00,185.78,2023-05-25
10577,223,2023-05,1860.33,0.00,204.64,2023-05-25
10578,224,2023-05,1892.92,0.00,208.22,2023-05-25
10579,225,2023-05,4919.51,0.00,541.15,2023-05-25
10580,226,2023-05,1924.53,0.00,211.70,2023-05-25
10581,227,2023-05,1840.47,0.00,202.45,2023-05-25
10582,228,2023-05,3281.86,0.00,361.00,2023-05-25
10583,229,2023-05,1711.99,0.00,188.32,2023-05-25
10584,230,2023-05,1613.61,0.00,177.50,2023-05-25
10585,231,2023-05,2092.90,0.00,230.22,2023-05-25
10586,232,2023-05,1603.46,0.00,176.38,2023-05-25
10587,233,2023-05,1758.22,0.00,193.40,2023-05-25
10588,234,2023-05,2441.53,0.00,268.57,2023-05-25
10589,235,2023-05,1674.61,0.00,184.21,2023-05-25
10590,236,2023-05,1954.06,0.00,214.95,2023-05-25
10591,237,2023-05,5083.93,0.00,559.23,2023-05-25
10592,238,2023-05,2047.79,0.00,225.26,2023-05-25
10593,239,2023-05,3092.93,0.00,340.22,2023-05-25
10594,240,2023-05,2385.20,0.00,262.37,2023-05-25
10595,241,2023-05,1712.50,0.00,188.38,2023-05-25
10596,242,2023-05,1896.77,0.00,208.64,2023-05-25
10597,243,2023-05,2392.85,0.00,263.21,2023-05-25
10598,244,2023-05,1705.37,0.00,187.59,2023-05-25
10599,1,2023-06,4879.18,0.00,536.71,2023-06-25
10600,2,2023-06,1627.96,0.00,179.08,2023-06-25
10601,3,2023-06,1654.92,0.00,182.04,2023-06-25
10602,4,2023-06,2301.21,0.00,253.13,2023-06-25
10603,5,2023-06,2158.25,0.00,237.41,2023-06-25
10604,6,2023-06,1693.44,0.00,186.28,2023-06-25
10605,7,2023-06,2943.58,0.00,323.79,2023-06-25
10606,8,2023-06,2501.47,0.00,275.16,2023-06-25
10607,9,2023-06,1714.31,0.00,188.57,2023-06-25
10608,10,2023-06,1744.38,0.00,191.88,2023-06-25
10609,11,2023-06,2978.84,0.00,327.67,2023-06-25
10610,12,2023-06,2117.29,0.00,232.90,2023-06-25
10611,13,2023-06,3321.25,0.00,365.34,2023-06-25
10612,14,2023-06,2061.50,0.00,226.77,2023-06-25
10613,15,2023-06,1839.52,0.00,202.35,2023-06-25
10614,16,2023-06,1901.04,0.00,209.11,2023-06-25
10615,19,2023-06,1697.77,0.00,186.75,2023-06-25
10616,20,2023-06,1663.66,0.00,183.00,2023-06-25
10617,21,2023-06,1797.94,0.00,197.77,2023-06-25
10618,22,2023-06,1984.81,0.00,218.33,2023-06-25
10619,23,2023-06,1854.87,0.00,204.04,2023-06-25
10620,24,2023-06,1826.15,0.00,200.88,2023-06-25
10621,25,2023-06,1937.67,0.00,213.14,2023-06-25
10622,26,2023-06,1802.72,0.00,198.30,2023-06-25
10623,27,2023-06,2423.78,0.00,266.62,2023-06-25
10624,28,2023-06,4650.32,0.00,511.54,2023-06-25
10625,30,2023-06,2879.94,0.00,316.79,2023-06-25
10626,31,2023-06,1911.52,0.00,210.27,2023-06-25
10627,33,2023-06,1866.85,0.00,205.35,2023-06-25
10628,35,2023-06,1819.68,0.00,200.16,2023-06-25
10629,36,2023-06,2166.84,0.00,238.35,2023-06-25
10630,37,2023-06,2970.85,0.00,326.79,2023-06-25
10631,40,2023-06,2205.49,0.00,242.60,2023-06-25
10632,41,2023-06,2162.72,0.00,237.90,2023-06-25
10633,42,2023-06,2514.88,0.00,276.64,2023-06-25
10634,43,2023-06,1649.73,0.00,181.47,2023-06-25
10635,44,2023-06,1753.53,0.00,192.89,2023-06-25
10636,45,2023-06,1637.53,0.00,180.13,2023-06-25
10637,46,2023-06,2872.52,0.00,315.98,2023-06-25
10638,47,2023-06,1842.86,0.00,202.71,2023-06-25
10639,49,2023-06,1822.72,0.00,200.50,2023-06-25
10640,50,2023-06,1769.12,0.00,194.60,2023-06-25
10641,51,2023-06,1932.91,0.00,212.62,2023-06-25
10642,52,2023-06,1832.34,0.00,201.56,2023-06-25
10643,53,2023-06,1659.55,0.00,182.55,2023-06-25
10644,54,2023-06,1691.95,0.00,186.11,2023-06-25
10645,55,2023-06,1877.33,0.00,206.51,2023-06-25
10646,56,2023-06,1679.83,0.00,184.78,2023-06-25
10647,57,2023-06,1694.21,0.00,186.36,2023-06-25
10648,58,2023-06,1784.28,0.00,196.27,2023-06-25
10649,59,2023-06,2348.67,0.00,258.35,2023-06-25
10650,60,2023-06,5140.21,0.00,565.42,2023-06-25
10651,61,2023-06,2302.87,0.00,253.32,2023-06-25
10652,62,2023-06,1922.22,0.00,211.44,2023-06-25
10653,63,2023-06,2357.82,0.00,259.36,2023-06-25
10654,65,2023-06,1961.72,0.00,215.79,2023-06-25
10655,66,2023-06,1859.33,0.00,204.53,2023-06-25
10656,67,2023-06,2106.20,0.00,231.68,2023-06-25
10657,68,2023-06,1857.52,0.00,204.33,2023-06-25
10658,70,2023-06,2484.07,0.00,273.25,2023-06-25
10659,71,2023-06,3257.43,0.00,358.32,2023-06-25
10660,72,2023-06,2933.09,0.00,322.64,2023-06-25
10661,73,2023-06,1888.42,0.00,207.73,2023-06-25
10662,74,2023-06,1839.72,0.00,202.37,2023-06-25
10663,75,2023-06,1858.20,0.00,204.40,2023-06-25
10664,76,2023-06,1964.36,0.00,216.08,2023-06-25
10665,77,2023-06,1953.39,0.00,214.87,2023-06-25
10666,78,2023-06,1988.28,0.00,218.71,2023-06-25
10667,79,2023-06,1830.46,0.00,201.35,2023-06-25
10668,80,2023-06,1829.69,0.00,201.27,2023-06-25
10669,81,2023-06,1610.14,0.00,177.12,2023-06-25
10670,82,2023-06,5201.24,0.00,572.14,2023-06-25
10671,83,2023-06,3021.36,0.00,332.35,2023-06-25
10672,84,2023-06,1734.63,0.00,190.81,2023-06-25
10673,85,2023-06,3039.31,0.00,334.32,2023-06-25
10674,87,2023-06,2282.82,0.00,251.11,2023-06-25
10675,88,2023-06,1691.15,0.00,186.03,2023-06-25
10676,89,2023-06,2385.13,0.00,262.36,2023-06-25
10677,91,2023-06,1881.55,0.00,206.97,2023-06-25
10678,92,2023-06,2017.08,0.00,221.88,2023-06-25
10679,93,2023-06,1665.45,0.00,183.20,2023-06-25
10680,94,2023-06,2079.13,0.00,228.70,2023-06-25
10681,95,2023-06,1733.89,0.00,190.73,2023-06-25
10682,96,2023-06,1763.64,0.00,194.00,2023-06-25
10683,97,2023-06,1608.53,0.00,176.94,2023-06-25
10684,98,2023-06,1914.14,0.00,210.56,2023-06-25
10685,99,2023-06,1827.25,0.00,201.00,2023-06-25
10686,100,2023-06,5157.45,0.00,567.32,2023-06-25
10687,101,2023-06,1745.32,0.00,191.99,2023-06-25
10688,102,2023-06,1726.37,0.00,189.90,2023-06-25
10689,103,2023-06,3011.23,0.00,331.24,2023-06-25
10690,105,2023-06,2368.42,0.00,260.53,2023-06-25
10691,107,2023-06,2891.11,0.00,318.02,2023-06-25
10692,108,2023-06,2243.47,0.00,246.78,2023-06-25
10693,109,2023-06,1700.13,0.00,187.01,2023-06-25
10694,110,2023-06,1845.42,0.00,203.00,2023-06-25
10695,111,2023-06,1672.78,0.00,184.01,2023-06-25
10696,112,2023-06,1813.40,0.00,199.47,2023-06-25
10697,113,2023-06,1812.46,0.00,199.37,2023-06-25
10698,114,2023-06,1938.40,0.00,213.22,2023-06-25
10699,115,2023-06,4786.43,0.00,526.51,2023-06-25
10700,116,2023-06,2419.67,0.00,266.16,2023-06-25
10701,117,2023-06,1686.79,0.00,185.55,2023-06-25
10702,118,2023-06,2993.40,0.00,329.27,2023-06-25
10703,119,2023-06,1755.14,0.00,193.07,2023-06-25
10704,120,2023-06,1643.59,0.00,180.79,2023-06-25
10705,121,2023-06,1921.02,0.00,211.31,2023-06-25
10706,122,2023-06,1740.31,0.00,191.43,2023-06-25
10707,123,2023-06,1711.72,0.00,188.29,2023-06-25
10708,124,2023-06,2279.89,0.00,250.79,2023-06-25
10709,125,2023-06,2438.46,0.00,268.23,2023-06-25
10710,126,2023-06,3338.36,0.00,367.22,2023-06-25
10711,128,2023-06,1632.95,0.00,179.62,2023-06-25
10712,130,2023-06,1987.71,0.00,218.65,2023-06-25
10713,131,2023-06,1930.74,0.00,212.38,2023-06-25
10714,132,2023-06,1607.83,0.00,176.86,2023-06-25
10715,133,2023-06,1882.20,0.00,207.04,2023-06-25
10716,134,2023-06,1890.93,0.00,208.00,2023-06-25
10717,135,2023-06,1922.96,0.00,211.53,2023-06-25
10718,136,2023-06,5210.49,0.00,573.15,2023-06-25
10719,138,2023-06,3085.72,0.00,339.43,2023-06-25
10720,139,2023-06,1599.81,0.00,175.98,2023-06-25
10721,140,2023-06,1839.92,0.00,202.39,2023-06-25
10722,141,2023-06,2442.08,0.00,268.63,2023-06-25
10723,143,2023-06,2199.19,0.00,241.91,2023-06-25
10724,144,2023-06,2271.58,0.00,249.87,2023-06-25
10725,146,2023-06,2887.01,0.00,317.57,2023-06-25
10726,147,2023-06,1791.44,0.00,197.06,2023-06-25
10727,148,2023-06,1938.39,0.00,213.22,2023-06-25
10728,149,2023-06,1684.15,0.00,185.26,2023-06-25
10729,150,2023-06,1952.81,0.00,214.81,2023-06-25
10730,151,2023-06,1778.30,0.00,195.61,2023-06-25
10731,152,2023-06,1679.22,0.00,184.71,2023-06-25
10732,153,2023-06,1801.81,0.00,198.20,2023-06-25
10733,154,2023-06,1751.50,0.00,192.66,2023-06-25
10734,155,2023-06,1745.06,0.00,191.96,2023-06-25
10735,156,2023-06,4823.03,0.00,530.53,2023-06-25
10736,157,2023-06,2019.29,0.00,222.12,2023-06-25
10737,158,2023-06,1814.03,0.00,199.54,2023-06-25
10738,159,2023-06,2131.05,0.00,234.42,2023-06-25
10739,160,2023-06,2968.48,0.00,326.53,2023-06-25
10740,161,2023-06,2263.16,0.00,248.95,2023-06-25
10741,162,2023-06,1585.08,0.00,174.36,2023-06-25
10742,163,2023-06,2127.37,0.00,234.01,2023-06-25
10743,165,2023-06,1697.15,0.00,186.69,2023-06-25
10744,166,2023-06,3191.67,0.00,351.08,2023-06-25
10745,168,2023-06,1853.43,0.00,203.88,2023-06-25
10746,169,2023-06,1962.61,0.00,215.89,2023-06-25
10747,171,2023-06,1599.91,0.00,175.99,2023-06-25
10748,172,2023-06,1893.16,0.00,208.25,2023-06-25
10749,173,2023-06,1620.37,0.00,178.24,2023-06-25
10750,174,2023-06,1899.26,0.00,208.92,2023-06-25
10751,175,2023-06,1846.89,0.00,203.16,2023-06-25
10752,176,2023-06,4791.43,0.00,527.06,2023-06-25
10753,177,2023-06,1809.51,0.00,199.05,2023-06-25
10754,178,2023-06,1858.44,0.00,204.43,2023-06-25
10755,179,2023-06,3294.81,0.00,362.43,2023-06-25
10756,180,2023-06,1909.49,0.00,210.04,2023-06-25
10757,181,2023-06,1616.64,0.00,177.83,2023-06-25
10758,183,2023-06,2276.98,0.00,250.47,2023-06-25
10759,184,2023-06,2381.55,0.00,261.97,2023-06-25
10760,186,2023-06,1827.42,0.00,201.02,2023-06-25
10761,188,2023-06,1687.73,0.00,185.65,2023-06-25
10762,189,2023-06,1867.47,0.00,205.42,2023-06-25
10763,190,2023-06,1887.14,0.00,207.59,2023-06-25
10764,191,2023-06,5129.74,0.00,564.27,2023-06-25
10765,192,2023-06,2003.76,0.00,220.41,2023-06-25
10766,193,2023-06,2413.13,0.00,265.44,2023-06-25
10767,194,2023-06,3188.23,0.00,350.71,2023-06-25
10768,195,2023-06,3314.29,0.00,364.57,2023-06-25
10769,196,2023-06,2291.82,0.00,252.10,2023-06-25
10770,197,2023-06,1888.30,0.00,207.71,2023-06-25
10771,198,2023-06,1933.02,0.00,212.63,2023-06-25
10772,199,2023-06,1649.79,0.00,181.48,2023-06-25
10773,200,2023-06,1784.58,0.00,196.30,2023-06-25
10774,201,2023-06,2131.80,0.00,234.50,2023-06-25
10775,202,2023-06,1845.10,0.00,202.96,2023-06-25
10776,203,2023-06,1877.17,0.00,206.49,2023-06-25
10777,204,2023-06,1901.84,0.00,209.20,2023-06-25
10778,205,2023-06,1887.16,0.00,207.59,2023-06-25
10779,206,2023-06,1702.25,0.00,187.25,2023-06-25
10780,207,2023-06,4596.04,0.00,505.56,2023-06-25
10781,209,2023-06,1682.61,0.00,185.09,2023-06-25
10782,210,2023-06,2044.47,0.00,224.89,2023-06-25
10783,211,2023-06,1608.21,0.00,176.90,2023-06-25
10784,214,2023-06,2325.39,0.00,255.79,2023-06-25
10785,215,2023-06,2955.34,0.00,325.09,2023-06-25
10786,216,2023-06,2970.61,0.00,326.77,2023-06-25
10787,217,2023-06,2149.52,0.00,236.45,2023-06-25
10788,218,2023-06,1723.31,0.00,189.56,2023-06-25
10789,219,2023-06,1871.66,0.00,205.88,2023-06-25
10790,221,2023-06,1623.29,0.00,178.56,2023-06-25
10791,222,2023-06,1696.72,0.00,186.64,2023-06-25
10792,223,2023-06,1848.19,0.00,203.30,2023-06-25
10793,224,2023-06,1903.84,0.00,209.42,2023-06-25
10794,225,2023-06,4930.11,0.00,542.31,2023-06-25
10795,226,2023-06,1926.46,0.00,211.91,2023-06-25
10796,227,2023-06,1829.70,0.00,201.27,2023-06-25
10797,228,2023-06,3261.12,0.00,358.72,2023-06-25
10798,229,2023-06,1711.64,0.00,188.28,2023-06-25
10799,230,2023-06,1598.31,0.00,175.81,2023-06-25
10800,231,2023-06,2090.45,0.00,229.95,2023-06-25
10801,232,2023-06,1603.54,0.00,176.39,2023-06-25
10802,233,2023-06,1767.28,0.00,194.40,2023-06-25
10803,234,2023-06,2428.41,0.00,267.13,2023-06-25
10804,235,2023-06,1673.55,0.00,184.09,2023-06-25
10805,236,2023-06,1966.79,0.00,216.35,2023-06-25
10806,237,2023-06,5097.13,0.00,560.68,2023-06-25
10807,238,2023-06,2049.12,0.00,225.40,2023-06-25
10808,239,2023-06,3078.33,0.00,338.62,2023-06-25
10809,240,2023-06,2388.49,0.00,262.73,2023-06-25
10810,241,2023-06,1716.68,0.00,188.83,2023-06-25
10811,242,2023-06,1899.12,0.00,208.90,2023-06-25
10812,243,2023-06,2377.79,0.00,261.56,2023-06-25
10813,244,2023-06,1700.22,0.00,187.02,2023-06-25
10814,1,2023-07,4893.09,0.00,538.24,2023-07-25
10815,2,2023-07,1618.96,0.00,178.09,2023-07-25
10816,3,2023-07,1660.60,0.00,182.67,2023-07-25
10817,4,2023-07,2288.55,0.00,251.74,2023-07-25
10818,5,2023-07,2145.99,0.00,236.06,2023-07-25
10819,6,2023-07,1689.11,0.00,185.80,2023-07-25
10820,7,2023-07,2931.04,0.00,322.41,2023-07-25
10821,8,2023-07,2490.94,0.00,274.00,2023-07-25
10822,9,2023-07,1715.04,0.00,188.65,2023-07-25
10823,10,2023-07,1738.62,0.00,191.25,2023-07-25
10824,11,2023-07,2962.63,0.00,325.89,2023-07-25
10825,12,2023-07,2136.97,0.00,235.07,2023-07-25
10826,13,2023-07,3299.33,0.00,362.93,2023-07-25
10827,14,2023-07,2051.79,0.00,225.70,2023-07-25
10828,15,2023-07,1838.15,0.00,202.20,2023-07-25
10829,16,2023-07,1911.69,0.00,210.29,2023-07-25
10830,19,2023-07,1708.25,0.00,187.91,2023-07-25
10831,20,2023-07,1651.86,0.00,181.70,2023-07-25
10832,21,2023-07,1802.08,0.00,198.23,2023-07-25
10833,22,2023-07,1992.16,0.00,219.14,2023-07-25
10834,23,2023-07,1846.00,0.00,203.06,2023-07-25
10835,24,2023-07,1822.47,0.00,200.47,2023-07-25
10836,25,2023-07,1930.31,0.00,212.33,2023-07-25
10837,26,2023-07,1790.36,0.00,196.94,2023-07-25
10838,27,2023-07,2430.62,0.00,267.37,2023-07-25
10839,28,2023-07,4654.39,0.00,511.98,2023-07-25
10840,30,2023-07,2853.79,0.00,313.92,2023-07-25
10841,31,2023-07,1900.37,0.00,209.04,2023-07-25
10842,33,2023-07,1878.98,0.00,206.69,2023-07-25
10843,35,2023-07,1812.84,0.00,199.41,2023-07-25
10844,36,2023-07,2157.94,0.00,237.37,2023-07-25
10845,37,2023-07,2968.28,0.00,326.51,2023-07-25
10846,40,2023-07,2208.11,0.00,242.89,2023-07-25
10847,41,2023-07,2165.54,0.00,238.21,2023-07-25
10848,42,2023-07,2519.01,0.00,277.09,2023-07-25
10849,43,2023-07,1646.80,0.00,181.15,2023-07-25
10850,44,2023-07,1739.69,0.00,191.37,2023-07-25
10851,45,2023-07,1637.95,0.00,180.17,2023-07-25
10852,46,2023-07,2885.27,0.00,317.38,2023-07-25
10853,47,2023-07,1830.70,0.00,201.38,2023-07-25
10854,49,2023-07,1809.09,0.00,199.00,2023-07-25
10855,50,2023-07,1760.32,0.00,193.64,2023-07-25
10856,51,2023-07,1929.80,0.00,212.28,2023-07-25
10857,52,2023-07,1832.07,0.00,201.53,2023-07-25
10858,53,2023-07,1659.66,0.00,182.56,2023-07-25
10859,54,2023-07,1691.71,0.00,186.09,2023-07-25
10860,55,2023-07,1873.12,0.00,206.04,2023-07-25
10861,56,2023-07,1691.05,0.00,186.02,2023-07-25
10862,57,2023-07,1688.75,0.00,185.76,2023-07-25
10863,58,2023-07,1793.30,0.00,197.26,2023-07-25
10864,59,2023-07,2341.06,0.00,257.52,2023-07-25
10865,60,2023-07,5162.86,0.00,567.91,2023-07-25
10866,61,2023-07,2316.42,0.00,254.81,2023-07-25
10867,62,2023-07,1922.62,0.00,211.49,2023-07-25
10868,63,2023-07,2352.18,0.00,258.74,2023-07-25
10869,65,2023-07,1951.73,0.00,214.69,2023-07-25
10870,66,2023-07,1865.23,0.00,205.18,2023-07-25
10871,67,2023-07,2103.26,0.00,231.36,2023-07-25
10872,68,2023-07,1860.47,0.00,204.65,2023-07-25
10873,70,2023-07,2475.19,0.00,272.27,2023-07-25
10874,71,2023-07,3250.23,0.00,357.53,2023-07-25
10875,72,2023-07,2949.51,0.00,324.45,2023-07-25
10876,73,2023-07,1883.61,0.00,207.20,2023-07-25
10877,74,2023-07,1847.17,0.00,203.19,2023-07-25
10878,75,2023-07,1855.53,0.00,204.11,2023-07-25
10879,76,2023-07,1961.40,0.00,215.75,2023-07-25
10880,77,2023-07,1949.91,0.00,214.49,2023-07-25
10881,78,2023-07,1981.65,0.00,217.98,2023-07-25
10882,79,2023-07,1832.07,0.00,201.53,2023-07-25
10883,80,2023-07,1817.77,0.00,199.95,2023-07-25
10884,81,2023-07,1614.03,0.00,177.54,2023-07-25
10885,82,2023-07,5206.86,0.00,572.75,2023-07-25
10886,83,2023-07,3015.47,0.00,331.70,2023-07-25
10887,84,2023-07,1739.90,0.00,191.39,2023-07-25
10888,85,2023-07,3020.81,0.00,332.29,2023-07-25
10889,87,2023-07,2285.31,0.00,251.38,2023-07-25
10890,88,2023-07,1686.88,0.00,185.56,2023-07-25
10891,89,2023-07,2375.92,0.00,261.35,2023-07-25
10892,91,2023-07,1877.67,0.00,206.54,2023-07-25
10893,92,2023-07,2017.17,0.00,221.89,2023-07-25
10894,93,2023-07,1654.15,0.00,181.96,2023-07-25
10895,94,2023-07,2071.34,0.00,227.85,2023-07-25
10896,95,2023-07,1743.93,0.00,191.83,2023-07-25
10897,96,2023-07,1762.77,0.00,193.90,2023-07-25
10898,97,2023-07,1617.71,0.00,177.95,2023-07-25
10899,98,2023-07,1914.36,0.00,210.58,2023-07-25
10900,99,2023-07,1821.71,0.00,200.39,2023-07-25
10901,100,2023-07,5191.67,0.00,571.08,2023-07-25
10902,101,2023-07,1736.41,0.00,191.01,2023-07-25
10903,102,2023-07,1725.32,0.00,189.79,2023-07-25
10904,103,2023-07,2995.53,0.00,329.51,2023-07-25
10905,105,2023-07,2360.98,0.00,259.71,2023-07-25
10906,107,2023-07,2875.63,0.00,316.32,2023-07-25
10907,108,2023-07,2234.19,0.00,245.76,2023-07-25
10908,109,2023-07,1700.52,0.00,187.06,2023-07-25
10909,110,2023-07,1848.73,0.00,203.36,2023-07-25
10910,111,2023-07,1673.40,0.00,184.07,2023-07-25
10911,112,2023-07,1802.23,0.00,198.25,2023-07-25
10912,113,2023-07,1807.17,0.00,198.79,2023-07-25
10913,114,2023-07,1934.44,0.00,212.79,2023-07-25
10914,115,2023-07,4766.42,0.00,524.31,2023-07-25
10915,116,2023-07,2410.65,0.00,265.17,2023-07-25
10916,117,2023-07,1687.99,0.00,185.68,2023-07-25
10917,118,2023-07,3013.36,0.00,331.47,2023-07-25
10918,119,2023-07,1760.88,0.00,193.70,2023-07-25
10919,120,2023-07,1644.53,0.00,180.90,2023-07-25
10920,121,2023-07,1924.38,0.00,211.68,2023-07-25
10921,122,2023-07,1749.47,0.00,192.44,2023-07-25
10922,123,2023-07,1722.31,0.00,189.45,2023-07-25
10923,124,2023-07,2298.24,0.00,252.81,2023-07-25
10924,125,2023-07,2437.17,0.00,268.09,2023-07-25
10925,126,2023-07,3327.68,0.00,366.04,2023-07-25
10926,128,2023-07,1629.27,0.00,179.22,2023-07-25
10927,130,2023-07,1988.11,0.00,218.69,2023-07-25
10928,131,2023-07,1927.16,0.00,211.99,2023-07-25
10929,132,2023-07,1614.37,0.00,177.58,2023-07-25
10930,133,2023-07,1895.15,0.00,208.47,2023-07-25
10931,134,2023-07,1880.43,0.00,206.85,2023-07-25
10932,135,2023-07,1913.63,0.00,210.50,2023-07-25
10933,136,2023-07,5226.24,0.00,574.89,2023-07-25
10934,138,2023-07,3085.41,0.00,339.40,2023-07-25
10935,139,2023-07,1600.23,0.00,176.03,2023-07-25
10936,140,2023-07,1849.02,0.00,203.39,2023-07-25
10937,141,2023-07,2458.21,0.00,270.40,2023-07-25
10938,143,2023-07,2186.64,0.00,240.53,2023-07-25
10939,144,2023-07,2290.64,0.00,251.97,2023-07-25
10940,146,2023-07,2887.59,0.00,317.63,2023-07-25
10941,147,2023-07,1794.34,0.00,197.38,2023-07-25
10942,148,2023-07,1931.68,0.00,212.48,2023-07-25
10943,149,2023-07,1686.05,0.00,185.47,2023-07-25
10944,150,2023-07,1943.17,0.00,213.75,2023-07-25
10945,151,2023-07,1774.59,0.00,195.20,2023-07-25
10946,152,2023-07,1676.22,0.00,184.38,2023-07-25
10947,153,2023-07,1789.01,0.00,196.79,2023-07-25
10948,154,2023-07,1761.34,0.00,193.75,2023-07-25
10949,155,2023-07,1754.14,0.00,192.96,2023-07-25
10950,156,2023-07,4844.91,0.00,532.94,2023-07-25
10951,157,2023-07,2020.10,0.00,222.21,2023-07-25
10952,158,2023-07,1808.44,0.00,198.93,2023-07-25
10953,159,2023-07,2131.86,0.00,234.50,2023-07-25
10954,160,2023-07,2944.64,0.00,323.91,2023-07-25
10955,161,2023-07,2264.34,0.00,249.08,2023-07-25
10956,162,2023-07,1590.79,0.00,174.99,2023-07-25
10957,163,2023-07,2138.22,0.00,235.20,2023-07-25
10958,165,2023-07,1712.11,0.00,188.33,2023-07-25
10959,166,2023-07,3173.10,0.00,349.04,2023-07-25
10960,168,2023-07,1846.70,0.00,203.14,2023-07-25
10961,169,2023-07,1958.82,0.00,215.47,2023-07-25
10962,171,2023-07,1586.37,0.00,174.50,2023-07-25
10963,172,2023-07,1892.39,0.00,208.16,2023-07-25
10964,173,2023-07,1608.05,0.00,176.89,2023-07-25
10965,174,2023-07,1882.96,0.00,207.13,2023-07-25
10966,175,2023-07,1857.76,0.00,204.35,2023-07-25
10967,176,2023-07,4828.00,0.00,531.08,2023-07-25
10968,177,2023-07,1810.94,0.00,199.20,2023-07-25
10969,178,2023-07,1864.79,0.00,205.13,2023-07-25
10970,179,2023-07,3278.36,0.00,360.62,2023-07-25
10971,180,2023-07,1891.35,0.00,208.05,2023-07-25
10972,181,2023-07,1618.70,0.00,178.06,2023-07-25
10973,183,2023-07,2269.58,0.00,249.65,2023-07-25
10974,184,2023-07,2393.20,0.00,263.25,2023-07-25
10975,186,2023-07,1821.13,0.00,200.32,2023-07-25
10976,188,2023-07,1695.40,0.00,186.49,2023-07-25
10977,189,2023-07,1870.41,0.00,205.75,2023-07-25
10978,190,2023-07,1891.48,0.00,208.06,2023-07-25
10979,191,2023-07,5125.38,0.00,563.79,2023-07-25
10980,192,2023-07,1988.50,0.00,218.74,2023-07-25
10981,193,2023-07,2404.60,0.00,264.51,2023-07-25
10982,194,2023-07,3172.57,0.00,348.98,2023-07-25
10983,195,2023-07,3316.93,0.00,364.86,2023-07-25
10984,196,2023-07,2282.29,0.00,251.05,2023-07-25
10985,197,2023-07,1888.86,0.00,207.77,2023-07-25
10986,198,2023-07,1928.67,0.00,212.15,2023-07-25
10987,199,2023-07,1656.69,0.00,182.24,2023-07-25
10988,200,2023-07,1790.19,0.00,196.92,2023-07-25
10989,201,2023-07,2124.59,0.00,233.70,2023-07-25
10990,202,2023-07,1858.33,0.00,204.42,2023-07-25
10991,203,2023-07,1879.90,0.00,206.79,2023-07-25
10992,204,2023-07,1899.15,0.00,208.91,2023-07-25
10993,205,2023-07,1889.83,0.00,207.88,2023-07-25
10994,206,2023-07,1706.32,0.00,187.70,2023-07-25
10995,207,2023-07,4603.22,0.00,506.35,2023-07-25
10996,209,2023-07,1688.50,0.00,185.74,2023-07-25
10997,210,2023-07,2059.93,0.00,226.59,2023-07-25
10998,211,2023-07,1602.05,0.00,176.23,2023-07-25
10999,214,2023-07,2339.87,0.00,257.39,2023-07-25
11000,215,2023-07,2974.81,0.00,327.23,2023-07-25
11001,216,2023-07,2965.62,0.00,326.22,2023-07-25
11002,217,2023-07,2146.58,0.00,236.12,2023-07-25
11003,218,2023-07,1725.93,0.00,189.85,2023-07-25
11004,219,2023-07,1870.73,0.00,205.78,2023-07-25
11005,221,2023-07,1619.10,0.00,178.10,2023-07-25
11006,222,2023-07,1696.62,0.00,186.63,2023-07-25
11007,223,2023-07,1851.59,0.00,203.67,2023-07-25
11008,224,2023-07,1889.05,0.00,207.80,2023-07-25
11009,225,2023-07,4929.80,0.00,542.28,2023-07-25
11010,226,2023-07,1923.90,0.00,211.63,2023-07-25
11011,227,2023-07,1840.66,0.00,202.47,2023-07-25
11012,228,2023-07,3269.46,0.00,359.64,2023-07-25
11013,229,2023-07,1703.02,0.00,187.33,2023-07-25
11014,230,2023-07,1606.96,0.00,176.77,2023-07-25
11015,231,2023-07,2083.84,0.00,229.22,2023-07-25
11016,232,2023-07,1600.76,0.00,176.08,2023-07-25
11017,233,2023-07,1750.76,0.00,192.58,2023-07-25
11018,234,2023-07,2429.59,0.00,267.25,2023-07-25
11019,235,2023-07,1664.77,0.00,183.12,2023-07-25
11020,236,2023-07,1961.44,0.00,215.76,2023-07-25
11021,237,2023-07,5105.17,0.00,561.57,2023-07-25
11022,238,2023-07,2041.98,0.00,224.62,2023-07-25
11023,239,2023-07,3065.73,0.00,337.23,2023-07-25
11024,240,2023-07,2371.68,0.00,260.88,2023-07-25
11025,241,2023-07,1719.02,0.00,189.09,2023-07-25
11026,242,2023-07,1902.14,0.00,209.24,2023-07-25
11027,243,2023-07,2387.92,0.00,262.67,2023-07-25
11028,244,2023-07,1704.00,0.00,187.44,2023-07-25
11029,1,2023-08,4872.73,0.00,536.00,2023-08-25
11030,2,2023-08,1632.22,0.00,179.54,2023-08-25
11031,3,2023-08,1653.12,0.00,181.84,2023-08-25
11032,4,2023-08,2300.03,0.00,253.00,2023-08-25
11033,5,2023-08,2148.56,0.00,236.34,2023-08-25
11034,6,2023-08,1693.45,0.00,186.28,2023-08-25
11035,7,2023-08,2949.13,0.00,324.40,2023-08-25
11036,8,2023-08,2494.51,0.00,274.40,2023-08-25
11037,9,2023-08,1701.97,0.00,187.22,2023-08-25
11038,10,2023-08,1743.86,0.00,191.82,2023-08-25
11039,11,2023-08,2952.18,0.00,324.74,2023-08-25
11040,12,2023-08,2136.03,0.00,234.96,2023-08-25
11041,13,2023-08,3319.41,0.00,365.14,2023-08-25
11042,14,2023-08,2063.45,0.00,226.98,2023-08-25
11043,15,2023-08,1839.06,0.00,202.30,2023-08-25
11044,16,2023-08,1904.84,0.00,209.53,2023-08-25
11045,19,2023-08,1706.42,0.00,187.71,2023-08-25
11046,20,2023-08,1652.59,0.00,181.78,2023-08-25
11047,21,2023-08,1807.76,0.00,198.85,2023-08-25
11048,22,2023-08,1993.90,0.00,219.33,2023-08-25
11049,23,2023-08,1842.83,0.00,202.71,2023-08-25
11050,24,2023-08,1827.10,0.00,200.98,2023-08-25
11051,25,2023-08,1932.18,0.00,212.54,2023-08-25
11052,26,2023-08,1795.29,0.00,197.48,2023-08-25
11053,27,2023-08,2422.69,0.00,266.50,2023-08-25
11054,28,2023-08,4678.63,0.00,514.65,2023-08-25
11055,30,2023-08,2854.10,0.00,313.95,2023-08-25
11056,31,2023-08,1917.67,0.00,210.94,2023-08-25
11057,33,2023-08,1882.69,0.00,207.10,2023-08-25
11058,35,2023-08,1821.33,0.00,200.35,2023-08-25
11059,36,2023-08,2160.41,0.00,237.65,2023-08-25
11060,37,2023-08,2956.89,0.00,325.26,2023-08-25
11061,40,2023-08,2217.58,0.00,243.93,2023-08-25
11062,41,2023-08,2155.54,0.00,237.11,2023-08-25
11063,42,2023-08,2501.92,0.00,275.21,2023-08-25
11064,43,2023-08,1640.08,0.00,180.41,2023-08-25
11065,44,2023-08,1751.94,0.00,192.71,2023-08-25
11066,45,2023-08,1625.36,0.00,178.79,2023-08-25
11067,46,2023-08,2878.00,0.00,316.58,2023-08-25
11068,47,2023-08,1837.15,0.00,202.09,2023-08-25
11069,49,2023-08,1811.20,0.00,199.23,2023-08-25
11070,50,2023-08,1765.64,0.00,194.22,2023-08-25
11071,51,2023-08,1945.31,0.00,213.98,2023-08-25
11072,52,2023-08,1818.22,0.00,200.00,2023-08-25
11073,53,2023-08,1667.34,0.00,183.41,2023-08-25
11074,54,2023-08,1701.16,0.00,187.13,2023-08-25
11075,55,2023-08,1873.24,0.00,206.06,2023-08-25
11076,56,2023-08,1692.78,0.00,186.21,2023-08-25
11077,57,2023-08,1696.22,0.00,186.58,2023-08-25
11078,58,2023-08,1784.84,0.00,196.33,2023-08-25
11079,59,2023-08,2361.98,0.00,259.82,2023-08-25
11080,60,2023-08,5189.86,0.00,570.88,2023-08-25
11081,61,2023-08,2312.92,0.00,254.42,2023-08-25
11082,62,2023-08,1913.11,0.00,210.44,2023-08-25
11083,63,2023-08,2368.19,0.00,260.50,2023-08-25
11084,65,2023-08,1948.94,0.00,214.38,2023-08-25
11085,66,2023-08,1858.64,0.00,204.45,2023-08-25
11086,67,2023-08,2100.01,0.00,231.00,2023-08-25
11087,68,2023-08,1855.73,0.00,204.13,2023-08-25
11088,70,2023-08,2487.02,0.00,273.57,2023-08-25
11089,71,2023-08,3247.37,0.00,357.21,2023-08-25
11090,72,2023-08,2952.27,0.00,324.75,2023-08-25
11091,73,2023-08,1892.54,0.00,208.18,2023-08-25
11092,74,2023-08,1854.68,0.00,204.01,2023-08-25
11093,75,2023-08,1847.35,0.00,203.21,2023-08-25
11094,76,2023-08,1969.44,0.00,216.64,2023-08-25
11095,77,2023-08,1942.95,0.00,213.72,2023-08-25
11096,78,2023-08,1973.20,0.00,217.05,2023-08-25
11097,79,2023-08,1824.34,0.00,200.68,2023-08-25
11098,80,2023-08,1830.06,0.00,201.31,2023-08-25
11099,81,2023-08,1604.69,0.00,176.52,2023-08-25
11100,82,2023-08,5203.18,0.00,572.35,2023-08-25
11101,83,2023-08,3018.21,0.00,332.00,2023-08-25
11102,84,2023-08,1739.94,0.00,191.39,2023-08-25
11103,85,2023-08,3032.19,0.00,333.54,2023-08-25
11104,87,2023-08,2283.88,0.00,251.23,2023-08-25
11105,88,2023-08,1694.30,0.00,186.37,2023-08-25
11106,89,2023-08,2381.92,0.00,262.01,2023-08-25
11107,91,2023-08,1878.04,0.00,206.58,2023-08-25
11108,92,2023-08,2013.94,0.00,221.53,2023-08-25
11109,93,2023-08,1656.68,0.00,182.23,2023-08-25
11110,94,2023-08,2072.28,0.00,227.95,2023-08-25
11111,95,2023-08,1740.16,0.00,191.42,2023-08-25
11112,96,2023-08,1759.73,0.00,193.57,2023-08-25
11113,97,2023-08,1619.99,0.00,178.20,2023-08-25
11114,98,2023-08,1911.53,0.00,210.27,2023-08-25
11115,99,2023-08,1822.21,0.00,200.44,2023-08-25
11116,100,2023-08,5163.63,0.00,568.00,2023-08-25
11117,101,2023-08,1745.56,0.00,192.01,2023-08-25
11118,102,2023-08,1728.97,0.00,190.19,2023-08-25
11119,103,2023-08,3006.25,0.00,330.69,2023-08-25
11120,105,2023-08,2352.72,0.00,258.80,2023-08-25
11121,107,2023-08,2893.56,0.00,318.29,2023-08-25
11122,108,2023-08,2248.20,0.00,247.30,2023-08-25
11123,109,2023-08,1689.03,0.00,185.79,2023-08-25
11124,110,2023-08,1851.51,0.00,203.67,2023-08-25
11125,111,2023-08,1669.58,0.00,183.65,2023-08-25
11126,112,2023-08,1799.08,0.00,197.90,2023-08-25
11127,113,2023-08,1818.11,0.00,199.99,2023-08-25
11128,114,2023-08,1930.55,0.00,212.36,2023-08-25
11129,115,2023-08,4758.85,0.00,523.47,2023-08-25
11130,116,2023-08,2429.74,0.00,267.27,2023-08-25
11131,117,2023-08,1681.53,0.00,184.97,2023-08-25
11132,118,2023-08,3002.01,0.00,330.22,2023-08-25
11133,119,2023-08,1765.65,0.00,194.22,2023-08-25
11134,120,2023-08,1642.60,0.00,180.69,2023-08-25
11135,121,2023-08,1927.77,0.00,212.05,2023-08-25
11136,122,2023-08,1751.55,0.00,192.67,2023-08-25
11137,123,2023-08,1711.43,0.00,188.26,2023-08-25
11138,124,2023-08,2290.43,0.00,251.95,2023-08-25
11139,125,2023-08,2441.66,0.00,268.58,2023-08-25
11140,126,2023-08,3349.43,0.00,368.44,2023-08-25
11141,128,2023-08,1629.84,0.00,179.28,2023-08-25
11142,130,2023-08,1978.35,0.00,217.62,2023-08-25
11143,131,2023-08,1924.69,0.00,211.72,2023-08-25
11144,132,2023-08,1607.17,0.00,176.79,2023-08-25
11145,133,2023-08,1888.33,0.00,207.72,2023-08-25
11146,134,2023-08,1886.28,0.00,207.49,2023-08-25
11147,135,2023-08,1911.86,0.00,210.30,2023-08-25
11148,136,2023-08,5215.24,0.00,573.68,2023-08-25
11149,138,2023-08,3094.20,0.00,340.36,2023-08-25
11150,139,2023-08,1611.84,0.00,177.30,2023-08-25
11151,140,2023-08,1834.83,0.00,201.83,2023-08-25
11152,141,2023-08,2443.92,0.00,268.83,2023-08-25
11153,143,2023-08,2197.52,0.00,241.73,2023-08-25
11154,144,2023-08,2272.21,0.00,249.94,2023-08-25
11155,146,2023-08,2912.13,0.00,320.33,2023-08-25
11156,147,2023-08,1796.75,0.00,197.64,2023-08-25
11157,148,2023-08,1920.11,0.00,211.21,2023-08-25
11158,149,2023-08,1699.28,0.00,186.92,2023-08-25
11159,150,2023-08,1960.48,0.00,215.65,2023-08-25
11160,151,2023-08,1769.40,0.00,194.63,2023-08-25
11161,152,2023-08,1682.25,0.00,185.05,2023-08-25
11162,153,2023-08,1787.02,0.00,196.57,2023-08-25
11163,154,2023-08,1754.45,0.00,192.99,2023-08-25
11164,155,2023-08,1742.24,0.00,191.65,2023-08-25
11165,156,2023-08,4820.61,0.00,530.27,2023-08-25
11166,157,2023-08,2016.09,0.00,221.77,2023-08-25
11167,158,2023-08,1798.25,0.00,197.81,2023-08-25
11168,159,2023-08,2133.89,0.00,234.73,2023-08-25
11169,160,2023-08,2944.28,0.00,323.87,2023-08-25
11170,161,2023-08,2246.94,0.00,247.16,2023-08-25
11171,162,2023-08,1593.95,0.00,175.33,2023-08-25
11172,163,2023-08,2141.66,0.00,235.58,2023-08-25
11173,165,2023-08,1696.65,0.00,186.63,2023-08-25
11174,166,2023-08,3182.55,0.00,350.08,2023-08-25
11175,168,2023-08,1847.53,0.00,203.23,2023-08-25
11176,169,2023-08,1951.41,0.00,214.66,2023-08-25
11177,171,2023-08,1594.79,0.00,175.43,2023-08-25
11178,172,2023-08,1881.02,0.00,206.91,2023-08-25
11179,173,2023-08,1612.26,0.00,177.35,2023-08-25
11180,174,2023-08,1888.41,0.00,207.73,2023-08-25
11181,175,2023-08,1856.02,0.00,204.16,2023-08-25
11182,176,2023-08,4794.64,0.00,527.41,2023-08-25
11183,177,2023-08,1808.71,0.00,198.96,2023-08-25
11184,178,2023-08,1858.88,0.00,204.48,2023-08-25
11185,179,2023-08,3295.25,0.00,362.48,2023-08-25
11186,180,2023-08,1909.81,0.00,210.08,2023-08-25
11187,181,2023-08,1613.20,0.00,177.45,2023-08-25
11188,183,2023-08,2280.85,0.00,250.89,2023-08-25
11189,184,2023-08,2372.06,0.00,260.93,2023-08-25
11190,186,2023-08,1835.13,0.00,201.86,2023-08-25
11191,188,2023-08,1684.09,0.00,185.25,2023-08-25
11192,189,2023-08,1875.69,0.00,206.33,2023-08-25
11193,190,2023-08,1893.58,0.00,208.29,2023-08-25
11194,191,2023-08,5128.26,0.00,564.11,2023-08-25
11195,192,2023-08,2004.96,0.00,220.55,2023-08-25
11196,193,2023-08,2400.44,0.00,264.05,2023-08-25
11197,194,2023-08,3163.60,0.00,348.00,2023-08-25
11198,195,2023-08,3329.21,0.00,366.21,2023-08-25
11199,196,2023-08,2285.17,0.00,251.37,2023-08-25
11200,197,2023-08,1892.32,0.00,208.16,2023-08-25
11201,198,2023-08,1920.58,0.00,211.26,2023-08-25
11202,199,2023-08,1656.51,0.00,182.22,2023-08-25
11203,200,2023-08,1790.17,0.00,196.92,2023-08-25
11204,201,2023-08,2125.50,0.00,233.81,2023-08-25
11205,202,2023-08,1861.12,0.00,204.72,2023-08-25
11206,203,2023-08,1884.62,0.00,207.31,2023-08-25
11207,204,2023-08,1900.59,0.00,209.06,2023-08-25
11208,205,2023-08,1872.45,0.00,205.97,2023-08-25
11209,206,2023-08,1714.46,0.00,188.59,2023-08-25
11210,207,2023-08,4581.08,0.00,503.92,2023-08-25
11211,209,2023-08,1694.59,0.00,186.40,2023-08-25
11212,210,2023-08,2045.99,0.00,225.06,2023-08-25
11213,211,2023-08,1597.94,0.00,175.77,2023-08-25
11214,214,2023-08,2334.79,0.00,256.83,2023-08-25
11215,215,2023-08,2972.05,0.00,326.93,2023-08-25
11216,216,2023-08,2967.30,0.00,326.40,2023-08-25
11217,217,2023-08,2159.56,0.00,237.55,2023-08-25
11218,218,2023-08,1717.98,0.00,188.98,2023-08-25
11219,219,2023-08,1880.19,0.00,206.82,2023-08-25
11220,221,2023-08,1625.96,0.00,178.86,2023-08-25
11221,222,2023-08,1685.63,0.00,185.42,2023-08-25
11222,223,2023-08,1861.10,0.00,204.72,2023-08-25
11223,224,2023-08,1904.99,0.00,209.55,2023-08-25
11224,225,2023-08,4920.76,0.00,541.28,2023-08-25
11225,226,2023-08,1926.44,0.00,211.91,2023-08-25
11226,227,2023-08,1831.02,0.00,201.41,2023-08-25
11227,228,2023-08,3283.11,0.00,361.14,2023-08-25
11228,229,2023-08,1711.00,0.00,188.21,2023-08-25
11229,230,2023-08,1602.34,0.00,176.26,2023-08-25
11230,231,2023-08,2094.18,0.00,230.36,2023-08-25
11231,232,2023-08,1606.12,0.00,176.67,2023-08-25
11232,233,2023-08,1751.80,0.00,192.70,2023-08-25
11233,234,2023-08,2430.98,0.00,267.41,2023-08-25
11234,235,2023-08,1670.29,0.00,183.73,2023-08-25
11235,236,2023-08,1953.11,0.00,214.84,2023-08-25
11236,237,2023-08,5108.66,0.00,561.95,2023-08-25
11237,238,2023-08,2056.32,0.00,226.20,2023-08-25
11238,239,2023-08,3065.36,0.00,337.19,2023-08-25
11239,240,2023-08,2374.21,0.00,261.16,2023-08-25
11240,241,2023-08,1724.80,0.00,189.73,2023-08-25
11241,242,2023-08,1905.93,0.00,209.65,2023-08-25
11242,243,2023-08,2387.38,0.00,262.61,2023-08-25
11243,244,2023-08,1698.94,0.00,186.88,2023-08-25
11244,1,2023-09,4871.18,0.00,535.83,2023-09-25
11245,2,2023-09,1622.77,0.00,178.50,2023-09-25
11246,3,2023-09,1649.64,0.00,181.46,2023-09-25
11247,4,2023-09,2283.70,0.00,251.21,2023-09-25
11248,5,2023-09,2150.39,0.00,236.54,2023-09-25
11249,6,2023-09,1695.64,0.00,186.52,2023-09-25
11250,7,2023-09,2931.27,0.00,322.44,2023-09-25
11251,8,2023-09,2513.45,0.00,276.48,2023-09-25
11252,9,2023-09,1715.04,0.00,188.65,2023-09-25
11253,10,2023-09,1740.98,0.00,191.51,2023-09-25
11254,11,2023-09,2979.29,0.00,327.72,2023-09-25
11255,12,2023-09,2116.32,0.00,232.80,2023-09-25
11256,13,2023-09,3307.54,0.00,363.83,2023-09-25
11257,14,2023-09,2058.63,0.00,226.45,2023-09-25
11258,15,2023-09,1834.69,0.00,201.82,2023-09-25
11259,16,2023-09,1902.25,0.00,209.25,2023-09-25
11260,19,2023-09,1711.68,0.00,188.28,2023-09-25
11261,20,2023-09,1650.39,0.00,181.54,2023-09-25
11262,21,2023-09,1806.04,0.00,198.66,2023-09-25
11263,22,2023-09,1991.15,0.00,219.03,2023-09-25
11264,23,2023-09,1840.70,0.00,202.48,2023-09-25
11265,24,2023-09,1830.80,0.00,201.39,2023-09-25
11266,25,2023-09,1934.80,0.00,212.83,2023-09-25
11267,26,2023-09,1799.45,0.00,197.94,2023-09-25
11268,27,2023-09,2430.44,0.00,267.35,2023-09-25
11269,28,2023-09,4647.99,0.00,511.28,2023-09-25
11270,30,2023-09,2870.48,0.00,315.75,2023-09-25
11271,31,2023-09,1912.31,0.00,210.35,2023-09-25
11272,33,2023-09,1879.05,0.00,206.70,2023-09-25
11273,35,2023-09,1811.95,0.00,199.31,2023-09-25
11274,36,2023-09,2164.42,0.00,238.09,2023-09-25
11275,37,2023-09,2979.37,0.00,327.73,2023-09-25
11276,40,2023-09,2199.29,0.00,241.92,2023-09-25
11277,41,2023-09,2172.41,0.00,238.97,2023-09-25
11278,42,2023-09,2504.96,0.00,275.55,2023-09-25
11279,43,2023-09,1641.70,0.00,180.59,2023-09-25
11280,44,2023-09,1740.41,0.00,191.45,2023-09-25
11281,45,2023-09,1639.62,0.00,180.36,2023-09-25
11282,46,2023-09,2884.56,0.00,317.30,2023-09-25
11283,47,2023-09,1841.73,0.00,202.59,2023-09-25
11284,49,2023-09,1822.99,0.00,200.53,2023-09-25
11285,50,2023-09,1774.33,0.00,195.18,2023-09-25
11286,51,2023-09,1933.55,0.00,212.69,2023-09-25
11287,52,2023-09,1832.39,0.00,201.56,2023-09-25
11288,53,2023-09,1662.77,0.00,182.90,2023-09-25
11289,54,2023-09,1693.49,0.00,186.28,2023-09-25
11290,55,2023-09,1880.81,0.00,206.89,2023-09-25
11291,56,2023-09,1690.35,0.00,185.94,2023-09-25
11292,57,2023-09,1689.28,0.00,185.82,2023-09-25
11293,58,2023-09,1794.09,0.00,197.35,2023-09-25
11294,59,2023-09,2347.96,0.00,258.28,2023-09-25
11295,60,2023-09,5157.47,0.00,567.32,2023-09-25
11296,61,2023-09,2295.10,0.00,252.46,2023-09-25
11297,62,2023-09,1919.63,0.00,211.16,2023-09-25
11298,63,2023-09,2360.27,0.00,259.63,2023-09-25
11299,65,2023-09,1960.21,0.00,215.62,2023-09-25
11300,66,2023-09,1876.25,0.00,206.39,2023-09-25
11301,67,2023-09,2095.22,0.00,230.47,2023-09-25
11302,68,2023-09,1861.40,0.00,204.75,2023-09-25
11303,70,2023-09,2490.61,0.00,273.97,2023-09-25
11304,71,2023-09,3230.55,0.00,355.36,2023-09-25
11305,72,2023-09,2948.31,0.00,324.31,2023-09-25
11306,73,2023-09,1895.31,0.00,208.48,2023-09-25
11307,74,2023-09,1852.04,0.00,203.72,2023-09-25
11308,75,2023-09,1851.32,0.00,203.65,2023-09-25
11309,76,2023-09,1968.42,0.00,216.53,2023-09-25
11310,77,2023-09,1936.53,0.00,213.02,2023-09-25
11311,78,2023-09,1977.81,0.00,217.56,2023-09-25
11312,79,2023-09,1827.31,0.00,201.00,2023-09-25
11313,80,2023-09,1829.59,0.00,201.25,2023-09-25
11314,81,2023-09,1608.20,0.00,176.90,2023-09-25
11315,82,2023-09,5198.26,0.00,571.81,2023-09-25
11316,83,2023-09,3003.31,0.00,330.36,2023-09-25
11317,84,2023-09,1739.62,0.00,191.36,2023-09-25
11318,85,2023-09,3019.59,0.00,332.15,2023-09-25
11319,87,2023-09,2263.29,0.00,248.96,2023-09-25
11320,88,2023-09,1680.58,0.00,184.86,2023-09-25
11321,89,2023-09,2379.21,0.00,261.71,2023-09-25
11322,91,2023-09,1877.04,0.00,206.47,2023-09-25
11323,92,2023-09,2023.76,0.00,222.61,2023-09-25
11324,93,2023-09,1670.02,0.00,183.70,2023-09-25
11325,94,2023-09,2081.90,0.00,229.01,2023-09-25
11326,95,2023-09,1740.65,0.00,191.47,2023-09-25
11327,96,2023-09,1761.84,0.00,193.80,2023-09-25
11328,97,2023-09,1616.61,0.00,177.83,2023-09-25
11329,98,2023-09,1902.50,0.00,209.28,2023-09-25
11330,99,2023-09,1830.92,0.00,201.40,2023-09-25
11331,100,2023-09,5163.12,0.00,567.94,2023-09-25
11332,101,2023-09,1746.30,0.00,192.09,2023-09-25
11333,102,2023-09,1724.26,0.00,189.67,2023-09-25
11334,103,2023-09,2992.96,0.00,329.23,2023-09-25
11335,105,2023-09,2372.13,0.00,260.93,2023-09-25
11336,107,2023-09,2887.92,0.00,317.67,2023-09-25
11337,108,2023-09,2242.35,0.00,246.66,2023-09-25
11338,109,2023-09,1699.96,0.00,187.00,2023-09-25
11339,110,2023-09,1835.61,0.00,201.92,2023-09-25
11340,111,2023-09,1682.75,0.00,185.10,2023-09-25
11341,112,2023-09,1809.02,0.00,198.99,2023-09-25
11342,113,2023-09,1814.33,0.00,199.58,2023-09-25
11343,114,2023-09,1929.37,0.00,212.23,2023-09-25
11344,115,2023-09,4752.98,0.00,522.83,2023-09-25
11345,116,2023-09,2428.65,0.00,267.15,2023-09-25
11346,117,2023-09,1672.30,0.00,183.95,2023-09-25
11347,118,2023-09,3008.25,0.00,330.91,2023-09-25
11348,119,2023-09,1754.28,0.00,192.97,2023-09-25
11349,120,2023-09,1648.18,0.00,181.30,2023-09-25
11350,121,2023-09,1917.99,0.00,210.98,2023-09-25
11351,122,2023-09,1747.90,0.00,192.27,2023-09-25
11352,123,2023-09,1715.48,0.00,188.70,2023-09-25
11353,124,2023-09,2279.64,0.00,250.76,2023-09-25
11354,125,2023-09,2428.16,0.00,267.10,2023-09-25
11355,126,2023-09,3348.90,0.00,368.38,2023-09-25
11356,128,2023-09,1621.09,0.00,178.32,2023-09-25
11357,130,2023-09,1980.55,0.00,217.86,2023-09-25
11358,131,2023-09,1922.77,0.00,211.50,2023-09-25
11359,132,2023-09,1611.45,0.00,177.26,2023-09-25
11360,133,2023-09,1882.68,0.00,207.09,2023-09-25
11361,134,2023-09,1889.26,0.00,207.82,2023-09-25
11362,135,2023-09,1912.90,0.00,210.42,2023-09-25
11363,136,2023-09,5234.04,0.00,575.74,2023-09-25
11364,138,2023-09,3099.55,0.00,340.95,2023-09-25
11365,139,2023-09,1599.81,0.00,175.98,2023-09-25
11366,140,2023-09,1832.43,0.00,201.57,2023-09-25
11367,141,2023-09,2447.24,0.00,269.20,2023-09-25
11368,143,2023-09,2198.02,0.00,241.78,2023-09-25
11369,144,2023-09,2274.96,0.00,250.25,2023-09-25
11370,146,2023-09,2909.55,0.00,320.05,2023-09-25
11371,147,2023-09,1801.44,0.00,198.16,2023-09-25
11372,148,2023-09,1926.51,0.00,211.92,2023-09-25
11373,149,2023-09,1687.72,0.00,185.65,2023-09-25
11374,150,2023-09,1960.63,0.00,215.67,2023-09-25
11375,151,2023-09,1776.62,0.00,195.43,2023-09-25
11376,152,2023-09,1675.64,0.00,184.32,2023-09-25
11377,153,2023-09,1786.98,0.00,196.57,2023-09-25
11378,154,2023-09,1767.75,0.00,194.45,2023-09-25
11379,155,2023-09,1754.91,0.00,193.04,2023-09-25
11380,156,2023-09,4848.61,0.00,533.35,2023-09-25
11381,157,2023-09,2012.46,0.00,221.37,2023-09-25
11382,158,2023-09,1801.67,0.00,198.18,2023-09-25
11383,159,2023-09,2125.50,0.00,233.81,2023-09-25
11384,160,2023-09,2969.37,0.00,326.63,2023-09-25
11385,161,2023-09,2269.06,0.00,249.60,2023-09-25
11386,162,2023-09,1583.79,0.00,174.22,2023-09-25
11387,163,2023-09,2141.79,0.00,235.60,2023-09-25
11388,165,2023-09,1705.71,0.00,187.63,2023-09-25
11389,166,2023-09,3166.13,0.00,348.27,2023-09-25
11390,168,2023-09,1838.34,0.00,202.22,2023-09-25
11391,169,2023-09,1950.25,0.00,214.53,2023-09-25
11392,171,2023-09,1596.98,0.00,175.67,2023-09-25
11393,172,2023-09,1892.37,0.00,208.16,2023-09-25
11394,173,2023-09,1611.89,0.00,177.31,2023-09-25
11395,174,2023-09,1899.73,0.00,208.97,2023-09-25
11396,175,2023-09,1846.33,0.00,203.10,2023-09-25
11397,176,2023-09,4810.57,0.00,529.16,2023-09-25
11398,177,2023-09,1802.35,0.00,198.26,2023-09-25
11399,178,2023-09,1860.15,0.00,204.62,2023-09-25
11400,179,2023-09,3277.99,0.00,360.58,2023-09-25
11401,180,2023-09,1895.20,0.00,208.47,2023-09-25
11402,181,2023-09,1607.28,0.00,176.80,2023-09-25
11403,183,2023-09,2267.46,0.00,249.42,2023-09-25
11404,184,2023-09,2382.70,0.00,262.10,2023-09-25
11405,186,2023-09,1820.25,0.00,200.23,2023-09-25
11406,188,2023-09,1688.23,0.00,185.71,2023-09-25
11407,189,2023-09,1871.30,0.00,205.84,2023-09-25
11408,190,2023-09,1894.94,0.00,208.44,2023-09-25
11409,191,2023-09,5103.61,0.00,561.40,2023-09-25
11410,192,2023-09,1994.16,0.00,219.36,2023-09-25
11411,193,2023-09,2402.10,0.00,264.23,2023-09-25
11412,194,2023-09,3192.99,0.00,351.23,2023-09-25
11413,195,2023-09,3325.20,0.00,365.77,2023-09-25
11414,196,2023-09,2281.19,0.00,250.93,2023-09-25
11415,197,2023-09,1890.69,0.00,207.98,2023-09-25
11416,198,2023-09,1928.03,0.00,212.08,2023-09-25
11417,199,2023-09,1648.10,0.00,181.29,2023-09-25
11418,200,2023-09,1783.92,0.00,196.23,2023-09-25
11419,201,2023-09,2132.25,0.00,234.55,2023-09-25
11420,202,2023-09,1861.87,0.00,204.81,2023-09-25
11421,203,2023-09,1876.65,0.00,206.43,2023-09-25
11422,204,2023-09,1910.40,0.00,210.14,2023-09-25
11423,205,2023-09,1884.65,0.00,207.31,2023-09-25
11424,206,2023-09,1703.44,0.00,187.38,2023-09-25
11425,207,2023-09,4595.87,0.00,505.55,2023-09-25
11426,209,2023-09,1687.57,0.00,185.63,2023-09-25
11427,210,2023-09,2045.44,0.00,225.00,2023-09-25
11428,211,2023-09,1611.45,0.00,177.26,2023-09-25
11429,214,2023-09,2335.78,0.00,256.94,2023-09-25
11430,215,2023-09,2970.98,0.00,326.81,2023-09-25
11431,216,2023-09,2957.27,0.00,325.30,2023-09-25
11432,217,2023-09,2146.97,0.00,236.17,2023-09-25
11433,218,2023-09,1723.84,0.00,189.62,2023-09-25
11434,219,2023-09,1887.10,0.00,207.58,2023-09-25
11435,221,2023-09,1618.71,0.00,178.06,2023-09-25
11436,222,2023-09,1696.74,0.00,186.64,2023-09-25
11437,223,2023-09,1852.79,0.00,203.81,2023-09-25
11438,224,2023-09,1896.03,0.00,208.56,2023-09-25
11439,225,2023-09,4921.75,0.00,541.39,2023-09-25
11440,226,2023-09,1931.90,0.00,212.51,2023-09-25
11441,227,2023-09,1834.43,0.00,201.79,2023-09-25
11442,228,2023-09,3281.68,0.00,360.98,2023-09-25
11443,229,2023-09,1707.23,0.00,187.80,2023-09-25
11444,230,2023-09,1609.92,0.00,177.09,2023-09-25
11445,231,2023-09,2090.28,0.00,229.93,2023-09-25
11446,232,2023-09,1602.29,0.00,176.25,2023-09-25
11447,233,2023-09,1751.09,0.00,192.62,2023-09-25
11448,234,2023-09,2441.96,0.00,268.62,2023-09-25
11449,235,2023-09,1678.13,0.00,184.59,2023-09-25
11450,236,2023-09,1964.12,0.00,216.05,2023-09-25
11451,237,2023-09,5089.86,0.00,559.88,2023-09-25
11452,238,2023-09,2054.48,0.00,225.99,2023-09-25
11453,239,2023-09,3084.98,0.00,339.35,2023-09-25
11454,240,2023-09,2390.58,0.00,262.96,2023-09-25
11455,241,2023-09,1715.98,0.00,188.76,2023-09-25
11456,242,2023-09,1912.50,0.00,210.38,2023-09-25
11457,243,2023-09,2385.22,0.00,262.37,2023-09-25
11458,244,2023-09,1693.95,0.00,186.33,2023-09-25
11459,1,2023-10,4897.14,0.00,538.69,2023-10-25
11460,2,2023-10,1622.51,0.00,178.48,2023-10-25
11461,3,2023-10,1655.83,0.00,182.14,2023-10-25
11462,4,2023-10,2291.24,0.00,252.04,2023-10-25
11463,5,2023-10,2141.80,0.00,235.60,2023-10-25
11464,6,2023-10,1696.41,0.00,186.61,2023-10-25
11465,7,2023-10,2945.48,0.00,324.00,2023-10-25
11466,8,2023-10,2498.71,0.00,274.86,2023-10-25
11467,9,2023-10,1716.78,0.00,188.85,2023-10-25
11468,10,2023-10,1744.63,0.00,191.91,2023-10-25
11469,11,2023-10,2955.61,0.00,325.12,2023-10-25
11470,12,2023-10,2134.66,0.00,234.81,2023-10-25
11471,13,2023-10,3320.88,0.00,365.30,2023-10-25
11472,14,2023-10,2050.75,0.00,225.58,2023-10-25
11473,15,2023-10,1835.77,0.00,201.93,2023-10-25
11474,16,2023-10,1905.37,0.00,209.59,2023-10-25
11475,19,2023-10,1706.65,0.00,187.73,2023-10-25
11476,20,2023-10,1653.99,0.00,181.94,2023-10-25
11477,21,2023-10,1807.55,0.00,198.83,2023-10-25
11478,22,2023-10,1987.09,0.00,218.58,2023-10-25
11479,23,2023-10,1854.80,0.00,204.03,2023-10-25
11480,24,2023-10,1836.87,0.00,202.06,2023-10-25
11481,25,2023-10,1933.59,0.00,212.69,2023-10-25
11482,26,2023-10,1793.85,0.00,197.32,2023-10-25
11483,27,2023-10,2422.65,0.00,266.49,2023-10-25
11484,28,2023-10,4646.57,0.00,511.12,2023-10-25
11485,30,2023-10,2863.41,0.00,314.98,2023-10-25
11486,31,2023-10,1905.07,0.00,209.56,2023-10-25
11487,33,2023-10,1865.40,0.00,205.19,2023-10-25
11488,35,2023-10,1822.77,0.00,200.50,2023-10-25
11489,36,2023-10,2169.03,0.00,238.59,2023-10-25
11490,37,2023-10,2976.33,0.00,327.40,2023-10-25
11491,40,2023-10,2219.50,0.00,244.15,2023-10-25
11492,41,2023-10,2167.75,0.00,238.45,2023-10-25
11493,42,2023-10,2514.47,0.00,276.59,2023-10-25
11494,43,2023-10,1652.07,0.00,181.73,2023-10-25
11495,44,2023-10,1745.81,0.00,192.04,2023-10-25
11496,45,2023-10,1632.07,0.00,179.53,2023-10-25
11497,46,2023-10,2878.18,0.00,316.60,2023-10-25
11498,47,2023-10,1843.73,0.00,202.81,2023-10-25
11499,49,2023-10,1819.29,0.00,200.12,2023-10-25
11500,50,2023-10,1774.31,0.00,195.17,2023-10-25
11501,51,2023-10,1936.24,0.00,212.99,2023-10-25
11502,52,2023-10,1835.83,0.00,201.94,2023-10-25
11503,53,2023-10,1656.50,0.00,182.22,2023-10-25
11504,54,2023-10,1699.28,0.00,186.92,2023-10-25
11505,55,2023-10,1881.65,0.00,206.98,2023-10-25
11506,56,2023-10,1679.34,0.00,184.73,2023-10-25
11507,57,2023-10,1701.27,0.00,187.14,2023-10-25
11508,58,2023-10,1787.08,0.00,196.58,2023-10-25
11509,59,2023-10,2342.38,0.00,257.66,2023-10-25
11510,60,2023-10,5145.85,0.00,566.04,2023-10-25
11511,61,2023-10,2317.26,0.00,254.90,2023-10-25
11512,62,2023-10,1920.30,0.00,211.23,2023-10-25
11513,63,2023-10,2366.82,0.00,260.35,2023-10-25
11514,65,2023-10,1950.36,0.00,214.54,2023-10-25
11515,66,2023-10,1862.47,0.00,204.87,2023-10-25
11516,67,2023-10,2115.83,0.00,232.74,2023-10-25
11517,68,2023-10,1850.30,0.00,203.53,2023-10-25
11518,70,2023-10,2475.99,0.00,272.36,2023-10-25
11519,71,2023-10,3230.65,0.00,355.37,2023-10-25
11520,72,2023-10,2927.74,0.00,322.05,2023-10-25
11521,73,2023-10,1898.64,0.00,208.85,2023-10-25
11522,74,2023-10,1852.64,0.00,203.79,2023-10-25
11523,75,2023-10,1850.45,0.00,203.55,2023-10-25
11524,76,2023-10,1972.73,0.00,217.00,2023-10-25
11525,77,2023-10,1945.67,0.00,214.02,2023-10-25
11526,78,2023-10,1984.54,0.00,218.30,2023-10-25
11527,79,2023-10,1826.17,0.00,200.88,2023-10-25
11528,80,2023-10,1821.19,0.00,200.33,2023-10-25
11529,81,2023-10,1613.84,0.00,177.52,2023-10-25
11530,82,2023-10,5221.30,0.00,574.34,2023-10-25
11531,83,2023-10,2999.48,0.00,329.94,2023-10-25
11532,84,2023-10,1733.82,0.00,190.72,2023-10-25
11533,85,2023-10,3033.62,0.00,333.70,2023-10-25
11534,87,2023-10,2265.89,0.00,249.25,2023-10-25
11535,88,2023-10,1687.75,0.00,185.65,2023-10-25
11536,89,2023-10,2388.48,0.00,262.73,2023-10-25
11537,91,2023-10,1875.34,0.00,206.29,2023-10-25
11538,92,2023-10,2011.81,0.00,221.30,2023-10-25
11539,93,2023-10,1667.50,0.00,183.43,2023-10-25
11540,94,2023-10,2073.81,0.00,228.12,2023-10-25
11541,95,2023-10,1735.99,0.00,190.96,2023-10-25
11542,96,2023-10,1749.38,0.00,192.43,2023-10-25
11543,97,2023-10,1617.33,0.00,177.91,2023-10-25
11544,98,2023-10,1901.73,0.00,209.19,2023-10-25
11545,99,2023-10,1822.65,0.00,200.49,2023-10-25
11546,100,2023-10,5191.99,0.00,571.12,2023-10-25
11547,101,2023-10,1744.67,0.00,191.91,2023-10-25
11548,102,2023-10,1730.97,0.00,190.41,2023-10-25
11549,103,2023-10,3008.75,0.00,330.96,2023-10-25
11550,105,2023-10,2366.04,0.00,260.26,2023-10-25
11551,107,2023-10,2871.56,0.00,315.87,2023-10-25
11552,108,2023-10,2244.52,0.00,246.90,2023-10-25
11553,109,2023-10,1692.71,0.00,186.20,2023-10-25
11554,110,2023-10,1849.59,0.00,203.45,2023-10-25
11555,111,2023-10,1669.12,0.00,183.60,2023-10-25
11556,112,2023-10,1808.51,0.00,198.94,2023-10-25
11557,113,2023-10,1806.97,0.00,198.77,2023-10-25
11558,114,2023-10,1943.31,0.00,213.76,2023-10-25
11559,115,2023-10,4744.42,0.00,521.89,2023-10-25
11560,116,2023-10,2412.50,0.00,265.38,2023-10-25
11561,117,2023-10,1686.51,0.00,185.52,2023-10-25
11562,118,2023-10,3017.03,0.00,331.87,2023-10-25
11563,119,2023-10,1763.74,0.00,194.01,2023-10-25
11564,120,2023-10,1646.65,0.00,181.13,2023-10-25
11565,121,2023-10,1921.78,0.00,211.40,2023-10-25
11566,122,2023-10,1743.52,0.00,191.79,2023-10-25
11567,123,2023-10,1707.58,0.00,187.83,2023-10-25
11568,124,2023-10,2290.29,0.00,251.93,2023-10-25
11569,125,2023-10,2430.88,0.00,267.40,2023-10-25
11570,126,2023-10,3334.34,0.00,366.78,2023-10-25
11571,128,2023-10,1632.08,0.00,179.53,2023-10-25
11572,130,2023-10,1983.73,0.00,218.21,2023-10-25
11573,131,2023-10,1923.30,0.00,211.56,2023-10-25
11574,132,2023-10,1608.78,0.00,176.97,2023-10-25
11575,133,2023-10,1885.77,0.00,207.43,2023-10-25
11576,134,2023-10,1894.15,0.00,208.36,2023-10-25
11577,135,2023-10,1905.58,0.00,209.61,2023-10-25
11578,136,2023-10,5193.77,0.00,571.31,2023-10-25
11579,138,2023-10,3075.28,0.00,338.28,2023-10-25
11580,139,2023-10,1612.50,0.00,177.38,2023-10-25
11581,140,2023-10,1846.97,0.00,203.17,2023-10-25
11582,141,2023-10,2438.53,0.00,268.24,2023-10-25
11583,143,2023-10,2185.96,0.00,240.46,2023-10-25
11584,144,2023-10,2283.57,0.00,251.19,2023-10-25
11585,146,2023-10,2885.78,0.00,317.44,2023-10-25
11586,147,2023-10,1792.55,0.00,197.18,2023-10-25
11587,148,2023-10,1939.08,0.00,213.30,2023-10-25
11588,149,2023-10,1700.11,0.00,187.01,2023-10-25
11589,150,2023-10,1959.85,0.00,215.58,2023-10-25
11590,151,2023-10,1769.99,0.00,194.70,2023-10-25
11591,152,2023-10,1686.24,0.00,185.49,2023-10-25
11592,153,2023-10,1798.93,0.00,197.88,2023-10-25
11593,154,2023-10,1751.68,0.00,192.68,2023-10-25
11594,155,2023-10,1744.82,0.00,191.93,2023-10-25
11595,156,2023-10,4849.56,0.00,533.45,2023-10-25
11596,157,2023-10,2017.58,0.00,221.93,2023-10-25
11597,158,2023-10,1798.28,0.00,197.81,2023-10-25
11598,159,2023-10,2115.80,0.00,232.74,2023-10-25
11599,160,2023-10,2950.78,0.00,324.59,2023-10-25
11600,161,2023-10,2266.45,0.00,249.31,2023-10-25
11601,162,2023-10,1580.82,0.00,173.89,2023-10-25
11602,163,2023-10,2144.48,0.00,235.89,2023-10-25
11603,165,2023-10,1700.79,0.00,187.09,2023-10-25
11604,166,2023-10,3169.87,0.00,348.69,2023-10-25
11605,168,2023-10,1842.13,0.00,202.63,2023-10-25
11606,169,2023-10,1943.51,0.00,213.79,2023-10-25
11607,171,2023-10,1599.13,0.00,175.90,2023-10-25
11608,172,2023-10,1890.06,0.00,207.91,2023-10-25
11609,173,2023-10,1613.95,0.00,177.53,2023-10-25
11610,174,2023-10,1891.95,0.00,208.11,2023-10-25
11611,175,2023-10,1844.49,0.00,202.89,2023-10-25
11612,176,2023-10,4788.67,0.00,526.75,2023-10-25
11613,177,2023-10,1802.71,0.00,198.30,2023-10-25
11614,178,2023-10,1873.84,0.00,206.12,2023-10-25
11615,179,2023-10,3273.41,0.00,360.08,2023-10-25
11616,180,2023-10,1896.69,0.00,208.64,2023-10-25
11617,181,2023-10,1605.52,0.00,176.61,2023-10-25
11618,183,2023-10,2265.85,0.00,249.24,2023-10-25
11619,184,2023-10,2389.33,0.00,262.83,2023-10-25
11620,186,2023-10,1822.53,0.00,200.48,2023-10-25
11621,188,2023-10,1687.99,0.00,185.68,2023-10-25
11622,189,2023-10,1878.40,0.00,206.62,2023-10-25
11623,190,2023-10,1891.66,0.00,208.08,2023-10-25
11624,191,2023-10,5119.49,0.00,563.14,2023-10-25
11625,192,2023-10,2006.48,0.00,220.71,2023-10-25
11626,193,2023-10,2396.93,0.00,263.66,2023-10-25
11627,194,2023-10,3174.07,0.00,349.15,2023-10-25
11628,195,2023-10,3315.47,0.00,364.70,2023-10-25
11629,196,2023-10,2292.17,0.00,252.14,2023-10-25
11630,197,2023-10,1896.85,0.00,208.65,2023-10-25
11631,198,2023-10,1933.95,0.00,212.73,2023-10-25
11632,199,2023-10,1656.62,0.00,182.23,2023-10-25
11633,200,2023-10,1776.49,0.00,195.41,2023-10-25
11634,201,2023-10,2123.45,0.00,233.58,2023-10-25
11635,202,2023-10,1853.01,0.00,203.83,2023-10-25
11636,203,2023-10,1879.24,0.00,206.72,2023-10-25
11637,204,2023-10,1903.58,0.00,209.39,2023-10-25
11638,205,2023-10,1874.82,0.00,206.23,2023-10-25
11639,206,2023-10,1706.71,0.00,187.74,2023-10-25
11640,207,2023-10,4578.27,0.00,503.61,2023-10-25
11641,209,2023-10,1684.39,0.00,185.28,2023-10-25
11642,210,2023-10,2050.43,0.00,225.55,2023-10-25
11643,211,2023-10,1611.25,0.00,177.24,2023-10-25
11644,214,2023-10,2343.13,0.00,257.74,2023-10-25
11645,215,2023-10,2955.61,0.00,325.12,2023-10-25
11646,216,2023-10,2962.88,0.00,325.92,2023-10-25
11647,217,2023-10,2154.71,0.00,237.02,2023-10-25
11648,218,2023-10,1716.73,0.00,188.84,2023-10-25
11649,219,2023-10,1882.15,0.00,207.04,2023-10-25
11650,221,2023-10,1615.82,0.00,177.74,2023-10-25
11651,222,2023-10,1690.96,0.00,186.01,2023-10-25
11652,223,2023-10,1862.29,0.00,204.85,2023-10-25
11653,224,2023-10,1888.16,0.00,207.70,2023-10-25
11654,225,2023-10,4937.63,0.00,543.14,2023-10-25
11655,226,2023-10,1917.14,0.00,210.89,2023-10-25
11656,227,2023-10,1836.82,0.00,202.05,2023-10-25
11657,228,2023-10,3284.56,0.00,361.30,2023-10-25
11658,229,2023-10,1714.47,0.00,188.59,2023-10-25
11659,230,2023-10,1597.76,0.00,175.75,2023-10-25
11660,231,2023-10,2095.06,0.00,230.46,2023-10-25
11661,232,2023-10,1606.37,0.00,176.70,2023-10-25
11662,233,2023-10,1755.62,0.00,193.12,2023-10-25
11663,234,2023-10,2425.74,0.00,266.83,2023-10-25
11664,235,2023-10,1666.55,0.00,183.32,2023-10-25
11665,236,2023-10,1958.93,0.00,215.48,2023-10-25
11666,237,2023-10,5104.46,0.00,561.49,2023-10-25
11667,238,2023-10,2046.51,0.00,225.12,2023-10-25
11668,239,2023-10,3069.35,0.00,337.63,2023-10-25
11669,240,2023-10,2390.57,0.00,262.96,2023-10-25
11670,241,2023-10,1721.12,0.00,189.32,2023-10-25
11671,242,2023-10,1902.89,0.00,209.32,2023-10-25
11672,243,2023-10,2372.77,0.00,261.00,2023-10-25
11673,244,2023-10,1703.52,0.00,187.39,2023-10-25
11674,1,2023-11,4880.41,0.00,536.85,2023-11-25
11675,2,2023-11,1622.15,0.00,178.44,2023-11-25
11676,3,2023-11,1648.83,0.00,181.37,2023-11-25
11677,4,2023-11,2291.64,0.00,252.08,2023-11-25
11678,5,2023-11,2141.38,0.00,235.55,2023-11-25
11679,6,2023-11,1688.53,0.00,185.74,2023-11-25
11680,7,2023-11,2928.35,0.00,322.12,2023-11-25
11681,8,2023-11,2498.52,0.00,274.84,2023-11-25
11682,9,2023-11,1712.97,0.00,188.43,2023-11-25
11683,10,2023-11,1755.14,0.00,193.07,2023-11-25
11684,11,2023-11,2965.76,0.00,326.23,2023-11-25
11685,12,2023-11,2136.19,0.00,234.98,2023-11-25
11686,13,2023-11,3324.74,0.00,365.72,2023-11-25
11687,14,2023-11,2051.75,0.00,225.69,2023-11-25
11688,15,2023-11,1835.43,0.00,201.90,2023-11-25
11689,16,2023-11,1903.82,0.00,209.42,2023-11-25
11690,19,2023-11,1698.87,0.00,186.88,2023-11-25
11691,20,2023-11,1652.87,0.00,181.82,2023-11-25
11692,21,2023-11,1804.36,0.00,198.48,2023-11-25
11693,22,2023-11,1985.52,0.00,218.41,2023-11-25
11694,23,2023-11,1852.87,0.00,203.82,2023-11-25
11695,24,2023-11,1832.68,0.00,201.59,2023-11-25
11696,25,2023-11,1926.32,0.00,211.90,2023-11-25
11697,26,2023-11,1798.61,0.00,197.85,2023-11-25
11698,27,2023-11,2422.86,0.00,266.51,2023-11-25
11699,28,2023-11,4648.59,0.00,511.34,2023-11-25
11700,30,2023-11,2864.57,0.00,315.10,2023-11-25
11701,31,2023-11,1916.76,0.00,210.84,2023-11-25
11702,33,2023-11,1866.30,0.00,205.29,2023-11-25
11703,35,2023-11,1819.20,0.00,200.11,2023-11-25
11704,36,2023-11,2163.92,0.00,238.03,2023-11-25
11705,37,2023-11,2955.41,0.00,325.10,2023-11-25
11706,40,2023-11,2209.28,0.00,243.02,2023-11-25
11707,41,2023-11,2157.71,0.00,237.35,2023-11-25
11708,42,2023-11,2502.00,0.00,275.22,2023-11-25
11709,43,2023-11,1648.51,0.00,181.34,2023-11-25
11710,44,2023-11,1746.60,0.00,192.13,2023-11-25
11711,45,2023-11,1625.75,0.00,178.83,2023-11-25
11712,46,2023-11,2890.76,0.00,317.98,2023-11-25
11713,47,2023-11,1834.04,0.00,201.74,2023-11-25
11714,49,2023-11,1819.58,0.00,200.15,2023-11-25
11715,50,2023-11,1761.78,0.00,193.80,2023-11-25
11716,51,2023-11,1934.20,0.00,212.76,2023-11-25
11717,52,2023-11,1820.95,0.00,200.30,2023-11-25
11718,53,2023-11,1659.17,0.00,182.51,2023-11-25
11719,54,2023-11,1695.70,0.00,186.53,2023-11-25
11720,55,2023-11,1880.70,0.00,206.88,2023-11-25
11721,56,2023-11,1680.11,0.00,184.81,2023-11-25
11722,57,2023-11,1700.08,0.00,187.01,2023-11-25
11723,58,2023-11,1797.91,0.00,197.77,2023-11-25
11724,59,2023-11,2342.81,0.00,257.71,2023-11-25
11725,60,2023-11,5176.69,0.00,569.44,2023-11-25
11726,61,2023-11,2303.57,0.00,253.39,2023-11-25
11727,62,2023-11,1912.05,0.00,210.33,2023-11-25
11728,63,2023-11,2357.47,0.00,259.32,2023-11-25
11729,65,2023-11,1946.43,0.00,214.11,2023-11-25
11730,66,2023-11,1863.55,0.00,204.99,2023-11-25
11731,67,2023-11,2105.18,0.00,231.57,2023-11-25
11732,68,2023-11,1860.69,0.00,204.68,2023-11-25
11733,70,2023-11,2478.92,0.00,272.68,2023-11-25
11734,71,2023-11,3236.05,0.00,355.97,2023-11-25
11735,72,2023-11,2947.62,0.00,324.24,2023-11-25
11736,73,2023-11,1896.07,0.00,208.57,2023-11-25
11737,74,2023-11,1843.70,0.00,202.81,2023-11-25
11738,75,2023-11,1851.55,0.00,203.67,2023-11-25
11739,76,2023-11,1974.88,0.00,217.24,2023-11-25
11740,77,2023-11,1941.32,0.00,213.55,2023-11-25
11741,78,2023-11,1973.79,0.00,217.12,2023-11-25
11742,79,2023-11,1828.33,0.00,201.12,2023-11-25
11743,80,2023-11,1821.74,0.00,200.39,2023-11-25
11744,81,2023-11,1603.90,0.00,176.43,2023-11-25
11745,82,2023-11,5216.82,0.00,573.85,2023-11-25
11746,83,2023-11,2998.28,0.00,329.81,2023-11-25
11747,84,2023-11,1741.13,0.00,191.52,2023-11-25
11748,85,2023-11,3020.17,0.00,332.22,2023-11-25
11749,87,2023-11,2267.56,0.00,249.43,2023-11-25
11750,88,2023-11,1685.45,0.00,185.40,2023-11-25
11751,89,2023-11,2392.27,0.00,263.15,2023-11-25
11752,91,2023-11,1871.19,0.00,205.83,2023-11-25
11753,92,2023-11,2013.27,0.00,221.46,2023-11-25
11754,93,2023-11,1666.86,0.00,183.35,2023-11-25
11755,94,2023-11,2075.31,0.00,228.28,2023-11-25
11756,95,2023-11,1741.04,0.00,191.51,2023-11-25
11757,96,2023-11,1753.32,0.00,192.87,2023-11-25
11758,97,2023-11,1609.28,0.00,177.02,2023-11-25
11759,98,2023-11,1913.20,0.00,210.45,2023-11-25
11760,99,2023-11,1831.58,0.00,201.47,2023-11-25
11761,100,2023-11,5198.15,0.00,571.80,2023-11-25
11762,101,2023-11,1738.99,0.00,191.29,2023-11-25
11763,102,2023-11,1717.89,0.00,188.97,2023-11-25
11764,103,2023-11,2989.63,0.00,328.86,2023-11-25
11765,105,2023-11,2359.55,0.00,259.55,2023-11-25
11766,107,2023-11,2891.68,0.00,318.08,2023-11-25
11767,108,2023-11,2246.44,0.00,247.11,2023-11-25
11768,109,2023-11,1702.40,0.00,187.26,2023-11-25
11769,110,2023-11,1834.18,0.00,201.76,2023-11-25
11770,111,2023-11,1668.99,0.00,183.59,2023-11-25
11771,112,2023-11,1811.15,0.00,199.23,2023-11-25
11772,113,2023-11,1814.55,0.00,199.60,2023-11-25
11773,114,2023-11,1944.10,0.00,213.85,2023-11-25
11774,115,2023-11,4745.40,0.00,521.99,2023-11-25
11775,116,2023-11,2415.65,0.00,265.72,2023-11-25
11776,117,2023-11,1679.31,0.00,184.72,2023-11-25
11777,118,2023-11,3013.90,0.00,331.53,2023-11-25
11778,119,2023-11,1763.88,0.00,194.03,2023-11-25
11779,120,2023-11,1652.76,0.00,181.80,2023-11-25
11780,121,2023-11,1925.86,0.00,211.84,2023-11-25
11781,122,2023-11,1747.18,0.00,192.19,2023-11-25
11782,123,2023-11,1719.99,0.00,189.20,2023-11-25
11783,124,2023-11,2283.56,0.00,251.19,2023-11-25
11784,125,2023-11,2436.81,0.00,268.05,2023-11-25
11785,126,2023-11,3329.45,0.00,366.24,2023-11-25
11786,128,2023-11,1621.25,0.00,178.34,2023-11-25
11787,130,2023-11,1988.57,0.00,218.74,2023-11-25
11788,131,2023-11,1936.84,0.00,213.05,2023-11-25
11789,132,2023-11,1613.69,0.00,177.51,2023-11-25
11790,133,2023-11,1894.06,0.00,208.35,2023-11-25
11791,134,2023-11,1882.89,0.00,207.12,2023-11-25
11792,135,2023-11,1921.15,0.00,211.33,2023-11-25
11793,136,2023-11,5238.76,0.00,576.26,2023-11-25
11794,138,2023-11,3076.65,0.00,338.43,2023-11-25
11795,139,2023-11,1601.47,0.00,176.16,2023-11-25
11796,140,2023-11,1848.38,0.00,203.32,2023-11-25
11797,141,2023-11,2452.87,0.00,269.82,2023-11-25
11798,143,2023-11,2203.87,0.00,242.43,2023-11-25
11799,144,2023-11,2285.84,0.00,251.44,2023-11-25
11800,146,2023-11,2889.15,0.00,317.81,2023-11-25
11801,147,2023-11,1786.76,0.00,196.54,2023-11-25
11802,148,2023-11,1929.05,0.00,212.20,2023-11-25
11803,149,2023-11,1687.71,0.00,185.65,2023-11-25
11804,150,2023-11,1949.39,0.00,214.43,2023-11-25
11805,151,2023-11,1777.29,0.00,195.50,2023-11-25
11806,152,2023-11,1680.59,0.00,184.86,2023-11-25
11807,153,2023-11,1795.04,0.00,197.45,2023-11-25
11808,154,2023-11,1766.72,0.00,194.34,2023-11-25
11809,155,2023-11,1744.62,0.00,191.91,2023-11-25
11810,156,2023-11,4842.25,0.00,532.65,2023-11-25
11811,157,2023-11,2026.00,0.00,222.86,2023-11-25
11812,158,2023-11,1798.88,0.00,197.88,2023-11-25
11813,159,2023-11,2115.68,0.00,232.72,2023-11-25
11814,160,2023-11,2958.98,0.00,325.49,2023-11-25
11815,161,2023-11,2267.34,0.00,249.41,2023-11-25
11816,162,2023-11,1579.92,0.00,173.79,2023-11-25
11817,163,2023-11,2131.19,0.00,234.43,2023-11-25
11818,165,2023-11,1711.17,0.00,188.23,2023-11-25
11819,166,2023-11,3176.04,0.00,349.36,2023-11-25
11820,168,2023-11,1849.47,0.00,203.44,2023-11-25
11821,169,2023-11,1957.70,0.00,215.35,2023-11-25
11822,171,2023-11,1599.24,0.00,175.92,2023-11-25
11823,172,2023-11,1893.91,0.00,208.33,2023-11-25
11824,173,2023-11,1612.95,0.00,177.42,2023-11-25
11825,174,2023-11,1885.74,0.00,207.43,2023-11-25
11826,175,2023-11,1846.88,0.00,203.16,2023-11-25
11827,176,2023-11,4791.84,0.00,527.10,2023-11-25
11828,177,2023-11,1811.98,0.00,199.32,2023-11-25
11829,178,2023-11,1865.85,0.00,205.24,2023-11-25
11830,179,2023-11,3272.65,0.00,359.99,2023-11-25
11831,180,2023-11,1909.10,0.00,210.00,2023-11-25
11832,181,2023-11,1609.57,0.00,177.05,2023-11-25
11833,183,2023-11,2268.84,0.00,249.57,2023-11-25
11834,184,2023-11,2389.34,0.00,262.83,2023-11-25
11835,186,2023-11,1832.60,0.00,201.59,2023-11-25
11836,188,2023-11,1685.47,0.00,185.40,2023-11-25
11837,189,2023-11,1870.79,0.00,205.79,2023-11-25
11838,190,2023-11,1889.87,0.00,207.89,2023-11-25
11839,191,2023-11,5129.53,0.00,564.25,2023-11-25
11840,192,2023-11,1998.55,0.00,219.84,2023-11-25
11841,193,2023-11,2398.90,0.00,263.88,2023-11-25
11842,194,2023-11,3163.23,0.00,347.96,2023-11-25
11843,195,2023-11,3340.03,0.00,367.40,2023-11-25
11844,196,2023-11,2295.35,0.00,252.49,2023-11-25
11845,197,2023-11,1890.59,0.00,207.96,2023-11-25
11846,198,2023-11,1919.95,0.00,211.19,2023-11-25
11847,199,2023-11,1653.75,0.00,181.91,2023-11-25
11848,200,2023-11,1787.53,0.00,196.63,2023-11-25
11849,201,2023-11,2136.92,0.00,235.06,2023-11-25
11850,202,2023-11,1856.58,0.00,204.22,2023-11-25
11851,203,2023-11,1882.77,0.00,207.10,2023-11-25
11852,204,2023-11,1899.11,0.00,208.90,2023-11-25
11853,205,2023-11,1889.05,0.00,207.80,2023-11-25
11854,206,2023-11,1703.18,0.00,187.35,2023-11-25
11855,207,2023-11,4602.01,0.00,506.22,2023-11-25
11856,209,2023-11,1690.06,0.00,185.91,2023-11-25
11857,210,2023-11,2049.15,0.00,225.41,2023-11-25
11858,211,2023-11,1608.83,0.00,176.97,2023-11-25
11859,214,2023-11,2327.76,0.00,256.05,2023-11-25
11860,215,2023-11,2962.50,0.00,325.88,2023-11-25
11861,216,2023-11,2975.97,0.00,327.36,2023-11-25
11862,217,2023-11,2164.14,0.00,238.06,2023-11-25
11863,218,2023-11,1730.91,0.00,190.40,2023-11-25
11864,219,2023-11,1886.16,0.00,207.48,2023-11-25
11865,221,2023-11,1625.55,0.00,178.81,2023-11-25
11866,222,2023-11,1692.03,0.00,186.12,2023-11-25
11867,223,2023-11,1863.05,0.00,204.94,2023-11-25
11868,224,2023-11,1905.76,0.00,209.63,2023-11-25
11869,225,2023-11,4937.28,0.00,543.10,2023-11-25
11870,226,2023-11,1918.25,0.00,211.01,2023-11-25
11871,227,2023-11,1833.26,0.00,201.66,2023-11-25
11872,228,2023-11,3286.69,0.00,361.54,2023-11-25
11873,229,2023-11,1703.54,0.00,187.39,2023-11-25
11874,230,2023-11,1602.78,0.00,176.31,2023-11-25
11875,231,2023-11,2090.12,0.00,229.91,2023-11-25
11876,232,2023-11,1604.92,0.00,176.54,2023-11-25
11877,233,2023-11,1760.89,0.00,193.70,2023-11-25
11878,234,2023-11,2428.08,0.00,267.09,2023-11-25
11879,235,2023-11,1664.42,0.00,183.09,2023-11-25
11880,236,2023-11,1966.67,0.00,216.33,2023-11-25
11881,237,2023-11,5086.81,0.00,559.55,2023-11-25
11882,238,2023-11,2056.15,0.00,226.18,2023-11-25
11883,239,2023-11,3076.68,0.00,338.43,2023-11-25
11884,240,2023-11,2378.15,0.00,261.60,2023-11-25
11885,241,2023-11,1726.43,0.00,189.91,2023-11-25
11886,242,2023-11,1911.88,0.00,210.31,2023-11-25
11887,243,2023-11,2383.64,0.00,262.20,2023-11-25
11888,244,2023-11,1704.79,0.00,187.53,2023-11-25
11889,1,2023-12,4870.23,4870.23,535.73,2023-12-25
11890,2,2023-12,1618.15,1618.15,178.00,2023-12-25
11891,3,2023-12,1656.40,1656.40,182.20,2023-12-25
11892,4,2023-12,2284.15,2284.15,251.26,2023-12-25
11893,5,2023-12,2141.68,2141.68,235.58,2023-12-25
11894,6,2023-12,1694.71,1694.71,186.42,2023-12-25
11895,7,2023-12,2942.22,2942.22,323.64,2023-12-25
11896,8,2023-12,2507.72,2507.72,275.85,2023-12-25
11897,9,2023-12,1710.59,1710.59,188.16,2023-12-25
11898,10,2023-12,1744.11,1744.11,191.85,2023-12-25
11899,11,2023-12,2971.40,2971.40,326.85,2023-12-25
11900,12,2023-12,2134.01,2134.01,234.74,2023-12-25
11901,13,2023-12,3322.64,3322.64,365.49,2023-12-25
11902,14,2023-12,2050.64,2050.64,225.57,2023-12-25
11903,15,2023-12,1829.00,1829.00,201.19,2023-12-25
11904,16,2023-12,1909.46,1909.46,210.04,2023-12-25
11905,19,2023-12,1705.23,1705.23,187.58,2023-12-25
11906,20,2023-12,1665.51,1665.51,183.21,2023-12-25
11907,21,2023-12,1807.58,1807.58,198.83,2023-12-25
11908,22,2023-12,1999.07,1999.07,219.90,2023-12-25
11909,23,2023-12,1839.91,1839.91,202.39,2023-12-25
11910,24,2023-12,1834.22,1834.22,201.76,2023-12-25
11911,25,2023-12,1933.19,1933.19,212.65,2023-12-25
11912,26,2023-12,1791.78,1791.78,197.10,2023-12-25
11913,27,2023-12,2428.37,2428.37,267.12,2023-12-25
11914,28,2023-12,4680.10,4680.10,514.81,2023-12-25
11915,30,2023-12,2869.62,2869.62,315.66,2023-12-25
11916,31,2023-12,1917.96,1917.96,210.98,2023-12-25
11917,33,2023-12,1872.75,1872.75,206.00,2023-12-25
11918,35,2023-12,1813.00,1813.00,199.43,2023-12-25
11919,36,2023-12,2157.26,2157.26,237.30,2023-12-25
11920,37,2023-12,2952.30,2952.30,324.75,2023-12-25
11921,40,2023-12,2212.73,2212.73,243.40,2023-12-25
11922,41,2023-12,2160.49,2160.49,237.65,2023-12-25
11923,42,2023-12,2511.55,2511.55,276.27,2023-12-25
11924,43,2023-12,1651.87,1651.87,181.71,2023-12-25
11925,44,2023-12,1746.98,1746.98,192.17,2023-12-25
11926,45,2023-12,1636.96,1636.96,180.07,2023-12-25
11927,46,2023-12,2890.68,2890.68,317.97,2023-12-25
11928,47,2023-12,1831.74,1831.74,201.49,2023-12-25
11929,49,2023-12,1822.76,1822.76,200.50,2023-12-25
11930,50,2023-12,1764.25,1764.25,194.07,2023-12-25
11931,51,2023-12,1943.19,1943.19,213.75,2023-12-25
11932,52,2023-12,1832.83,1832.83,201.61,2023-12-25
11933,53,2023-12,1657.19,1657.19,182.29,2023-12-25
11934,54,2023-12,1693.80,1693.80,186.32,2023-12-25
11935,55,2023-12,1878.81,1878.81,206.67,2023-12-25
11936,56,2023-12,1685.18,1685.18,185.37,2023-12-25
11937,57,2023-12,1693.68,1693.68,186.30,2023-12-25
11938,58,2023-12,1796.97,1796.97,197.67,2023-12-25
11939,59,2023-12,2359.54,2359.54,259.55,2023-12-25
11940,60,2023-12,5187.40,5187.40,570.61,2023-12-25
11941,61,2023-12,2297.83,2297.83,252.76,2023-12-25
11942,62,2023-12,1910.43,1910.43,210.15,2023-12-25
11943,63,2023-12,2357.69,2357.69,259.35,2023-12-25
11944,65,2023-12,1946.05,1946.05,214.07,2023-12-25
11945,66,2023-12,1860.89,1860.89,204.70,2023-12-25
11946,67,2023-12,2102.54,2102.54,231.28,2023-12-25
11947,68,2023-12,1861.58,1861.58,204.77,2023-12-25
11948,70,2023-12,2475.72,2475.72,272.33,2023-12-25
11949,71,2023-12,3228.66,3228.66,355.15,2023-12-25
11950,72,2023-12,2926.64,2926.64,321.93,2023-12-25
11951,73,2023-12,1883.03,1883.03,207.13,2023-12-25
11952,74,2023-12,1847.19,1847.19,203.19,2023-12-25
11953,75,2023-12,1851.79,1851.79,203.70,2023-12-25
11954,76,2023-12,1956.91,1956.91,215.26,2023-12-25
11955,77,2023-12,1947.80,1947.80,214.26,2023-12-25
11956,78,2023-12,1972.81,1972.81,217.01,2023-12-25
11957,79,2023-12,1829.59,1829.59,201.25,2023-12-25
11958,80,2023-12,1831.01,1831.01,201.41,2023-12-25
11959,81,2023-12,1615.55,1615.55,177.71,2023-12-25
11960,82,2023-12,5224.73,5224.73,574.72,2023-12-25
11961,83,2023-12,3024.24,3024.24,332.67,2023-12-25
11962,84,2023-12,1747.14,1747.14,192.19,2023-12-25
11963,85,2023-12,3016.23,3016.23,331.79,2023-12-25
11964,87,2023-12,2277.39,2277.39,250.51,2023-12-25
11965,88,2023-12,1680.17,1680.17,184.82,2023-12-25
11966,89,2023-12,2375.64,2375.64,261.32,2023-12-25
11967,91,2023-12,1883.05,1883.05,207.14,2023-12-25
11968,92,2023-12,2019.92,2019.92,222.19,2023-12-25
11969,93,2023-12,1656.17,1656.17,182.18,2023-12-25
11970,94,2023-12,2083.09,2083.09,229.14,2023-12-25
11971,95,2023-12,1729.86,1729.86,190.28,2023-12-25
11972,96,2023-12,1754.89,1754.89,193.04,2023-12-25
11973,97,2023-12,1619.85,1619.85,178.18,2023-12-25
11974,98,2023-12,1913.95,1913.95,210.53,2023-12-25
11975,99,2023-12,1835.16,1835.16,201.87,2023-12-25
11976,100,2023-12,5160.79,5160.79,567.69,2023-12-25
11977,101,2023-12,1732.34,1732.34,190.56,2023-12-25
11978,102,2023-12,1723.01,1723.01,189.53,2023-12-25
11979,103,2023-12,2988.85,2988.85,328.77,2023-12-25
11980,105,2023-12,2367.00,2367.00,260.37,2023-12-25
11981,107,2023-12,2895.98,2895.98,318.56,2023-12-25
11982,108,2023-12,2256.29,2256.29,248.19,2023-12-25
11983,109,2023-12,1699.44,1699.44,186.94,2023-12-25
11984,110,2023-12,1844.54,1844.54,202.90,2023-12-25
11985,111,2023-12,1679.00,1679.00,184.69,2023-12-25
11986,112,2023-12,1810.90,1810.90,199.20,2023-12-25
11987,113,2023-12,1804.95,1804.95,198.54,2023-12-25
11988,114,2023-12,1946.42,1946.42,214.11,2023-12-25
11989,115,2023-12,4744.13,4744.13,521.85,2023-12-25
11990,116,2023-12,2422.17,2422.17,266.44,2023-12-25
11991,117,2023-12,1679.96,1679.96,184.80,2023-12-25
11992,118,2023-12,2992.73,2992.73,329.20,2023-12-25
11993,119,2023-12,1765.72,1765.72,194.23,2023-12-25
11994,120,2023-12,1644.55,1644.55,180.90,2023-12-25
11995,121,2023-12,1924.29,1924.29,211.67,2023-12-25
11996,122,2023-12,1753.13,1753.13,192.84,2023-12-25
11997,123,2023-12,1712.97,1712.97,188.43,2023-12-25
11998,124,2023-12,2298.17,2298.17,252.80,2023-12-25
11999,125,2023-12,2442.97,2442.97,268.73,2023-12-25
12000,126,2023-12,3343.19,3343.19,367.75,2023-12-25
12001,128,2023-12,1631.65,1631.65,179.48,2023-12-25
12002,130,2023-12,1973.29,1973.29,217.06,2023-12-25
12003,131,2023-12,1926.74,1926.74,211.94,2023-12-25
12004,132,2023-12,1615.46,1615.46,177.70,2023-12-25
12005,133,2023-12,1878.53,1878.53,206.64,2023-12-25
12006,134,2023-12,1886.48,1886.48,207.51,2023-12-25
12007,135,2023-12,1910.38,1910.38,210.14,2023-12-25
12008,136,2023-12,5227.24,5227.24,575.00,2023-12-25
12009,138,2023-12,3098.20,3098.20,340.80,2023-12-25
12010,139,2023-12,1608.00,1608.00,176.88,2023-12-25
12011,140,2023-12,1836.12,1836.12,201.97,2023-12-25
12012,141,2023-12,2446.65,2446.65,269.13,2023-12-25
12013,143,2023-12,2194.17,2194.17,241.36,2023-12-25
12014,144,2023-12,2294.04,2294.04,252.34,2023-12-25
12015,146,2023-12,2890.92,2890.92,318.00,2023-12-25
12016,147,2023-12,1786.82,1786.82,196.55,2023-12-25
12017,148,2023-12,1932.92,1932.92,212.62,2023-12-25
12018,149,2023-12,1693.26,1693.26,186.26,2023-12-25
12019,150,2023-12,1954.58,1954.58,215.00,2023-12-25
12020,151,2023-12,1776.97,1776.97,195.47,2023-12-25
12021,152,2023-12,1677.88,1677.88,184.57,2023-12-25
12022,153,2023-12,1792.05,1792.05,197.13,2023-12-25
12023,154,2023-12,1755.70,1755.70,193.13,2023-12-25
12024,155,2023-12,1744.95,1744.95,191.94,2023-12-25
12025,156,2023-12,4849.81,4849.81,533.48,2023-12-25
12026,157,2023-12,2024.23,2024.23,222.67,2023-12-25
12027,158,2023-12,1813.40,1813.40,199.47,2023-12-25
12028,159,2023-12,2125.46,2125.46,233.80,2023-12-25
12029,160,2023-12,2945.76,2945.76,324.03,2023-12-25
12030,161,2023-12,2258.74,2258.74,248.46,2023-12-25
12031,162,2023-12,1592.66,1592.66,175.19,2023-12-25
12032,163,2023-12,2137.56,2137.56,235.13,2023-12-25
12033,165,2023-12,1696.52,1696.52,186.62,2023-12-25
12034,166,2023-12,3184.46,3184.46,350.29,2023-12-25
12035,168,2023-12,1846.28,1846.28,203.09,2023-12-25
12036,169,2023-12,1961.73,1961.73,215.79,2023-12-25
12037,171,2023-12,1597.37,1597.37,175.71,2023-12-25
12038,172,2023-12,1890.88,1890.88,208.00,2023-12-25
12039,173,2023-12,1609.57,1609.57,177.05,2023-12-25
12040,174,2023-12,1894.74,1894.74,208.42,2023-12-25
12041,175,2023-12,1859.09,1859.09,204.50,2023-12-25
12042,176,2023-12,4806.03,4806.03,528.66,2023-12-25
12043,177,2023-12,1808.20,1808.20,198.90,2023-12-25
12044,178,2023-12,1868.58,1868.58,205.54,2023-12-25
12045,179,2023-12,3283.07,3283.07,361.14,2023-12-25
12046,180,2023-12,1896.69,1896.69,208.64,2023-12-25
12047,181,2023-12,1620.19,1620.19,178.22,2023-12-25
12048,183,2023-12,2286.63,2286.63,251.53,2023-12-25
12049,184,2023-12,2380.04,2380.04,261.80,2023-12-25
12050,186,2023-12,1824.73,1824.73,200.72,2023-12-25
12051,188,2023-12,1691.65,1691.65,186.08,2023-12-25
12052,189,2023-12,1862.34,1862.34,204.86,2023-12-25
12053,190,2023-12,1891.07,1891.07,208.02,2023-12-25
12054,191,2023-12,5097.44,5097.44,560.72,2023-12-25
12055,192,2023-12,2002.90,2002.90,220.32,2023-12-25
12056,193,2023-12,2410.50,2410.50,265.16,2023-12-25
12057,194,2023-12,3186.46,3186.46,350.51,2023-12-25
12058,195,2023-12,3315.85,3315.85,364.74,2023-12-25
12059,196,2023-12,2281.61,2281.61,250.98,2023-12-25
12060,197,2023-12,1891.22,1891.22,208.03,2023-12-25
12061,198,2023-12,1929.54,1929.54,212.25,2023-12-25
12062,199,2023-12,1658.62,1658.62,182.45,2023-12-25
12063,200,2023-12,1781.43,1781.43,195.96,2023-12-25
12064,201,2023-12,2118.58,2118.58,233.04,2023-12-25
12065,202,2023-12,1846.83,1846.83,203.15,2023-12-25
12066,203,2023-12,1887.69,1887.69,207.65,2023-12-25
12067,204,2023-12,1899.29,1899.29,208.92,2023-12-25
12068,205,2023-12,1873.12,1873.12,206.04,2023-12-25
12069,206,2023-12,1715.40,1715.40,188.69,2023-12-25
12070,207,2023-12,4582.10,4582.10,504.03,2023-12-25
12071,209,2023-12,1689.94,1689.94,185.89,2023-12-25
12072,210,2023-12,2053.73,2053.73,225.91,2023-12-25
12073,211,2023-12,1606.26,1606.26,176.69,2023-12-25
12074,214,2023-12,2334.34,2334.34,256.78,2023-12-25
12075,215,2023-12,2951.59,2951.59,324.67,2023-12-25
12076,216,2023-12,2976.42,2976.42,327.41,2023-12-25
12077,217,2023-12,2145.18,2145.18,235.97,2023-12-25
12078,218,2023-12,1717.95,1717.95,188.97,2023-12-25
12079,219,2023-12,1870.99,1870.99,205.81,2023-12-25
12080,221,2023-12,1619.66,1619.66,178.16,2023-12-25
12081,222,2023-12,1699.75,1699.75,186.97,2023-12-25
12082,223,2023-12,1850.44,1850.44,203.55,2023-12-25
12083,224,2023-12,1905.66,1905.66,209.62,2023-12-25
12084,225,2023-12,4924.38,4924.38,541.68,2023-12-25
12085,226,2023-12,1932.23,1932.23,212.55,2023-12-25
12086,227,2023-12,1837.36,1837.36,202.11,2023-12-25
12087,228,2023-12,3269.99,3269.99,359.70,2023-12-25
12088,229,2023-12,1707.92,1707.92,187.87,2023-12-25
12089,230,2023-12,1601.38,1601.38,176.15,2023-12-25
12090,231,2023-12,2098.83,2098.83,230.87,2023-12-25
12091,232,2023-12,1598.97,1598.97,175.89,2023-12-25
12092,233,2023-12,1765.28,1765.28,194.18,2023-12-25
12093,234,2023-12,2433.32,2433.32,267.67,2023-12-25
12094,235,2023-12,1675.55,1675.55,184.31,2023-12-25
12095,236,2023-12,1953.64,1953.64,214.90,2023-12-25
12096,237,2023-12,5083.16,5083.16,559.15,2023-12-25
12097,238,2023-12,2039.14,2039.14,224.31,2023-12-25
12098,239,2023-12,3063.33,3063.33,336.97,2023-12-25
12099,240,2023-12,2383.00,2383.00,262.13,2023-12-25
12100,241,2023-12,1710.18,1710.18,188.12,2023-12-25
12101,242,2023-12,1910.83,1910.83,210.19,2023-12-25
12102,243,2023-12,2383.04,2383.04,262.13,2023-12-25
12103,244,2023-12,1704.07,1704.07,187.45,2023-12-25
