cus_ID,cus_first_name,cus_last_name,cus_age,cus_gender,cus_phone,cus_DOB,cus_email,cus_loyalty_tier,cus_address_line,cus_city,cus_state,cus_postcode,cus_reg_date
32001,Suhaila,Chong,44,Female,018-9911993,1980-06-11,suhaila32001@gmail.com,Bronze,"No. 160, Jalan B9",Melaka,Melaka,53408,2025-01-15
32002,Priya,binti Ismail,36,Female,019-3489698,1989-06-23,priya32002@gmail.com,Bronze,"No. 1, Jalan C20",Petaling Jaya,Selangor,81808,2025-07-04
32003,Priya,Hassan,19,Female,015-9624764,2006-02-22,priya32003@gmail.com,Bronze,"No. 127, Jalan C19",Melaka,Melaka,13211,2025-10-04
32004,Mei Ling,Lee,51,Female,013-3406171,1974-04-15,mei32004@gmail.com,Bronze,"No. 228, Jalan G19",George Town,Pulau Pinang,29812,2025-10-21
32005,Jasmine,Yeoh,51,Female,012-5003363,1973-10-07,jasmine32005@gmail.com,Bronze,"No. 162, Jalan C5",Petaling Jaya,Selangor,92381,2025-09-19
32006,Hui Min,Teoh,24,Female,011-9555881,2000-07-14,hui32006@gmail.com,Bronze,"No. 79, Jalan B14",Petaling Jaya,Selangor,51329,2025-07-06
32007,Nur Aina,Chong,60,Female,015-9664732,1965-06-13,nur32007@gmail.com,Platinum,"No. 183, Jalan C17",Ipoh,Perak,72327,2025-12-12
32008,Rajesh,bin Abdullah,27,Male,017-8161734,1997-11-20,rajesh32008@gmail.com,Silver,"No. 214, Jalan C11",Petaling Jaya,Selangor,25434,2025-05-14
32009,Amirul,Cheah,49,Male,015-4884075,1976-07-19,amirul32009@gmail.com,Bronze,"No. 76, Jalan D6",Ipoh,Perak,77360,2025-11-18
32010,Zarina,a/l Subramaniam,22,Female,010-1121108,2002-09-29,zarina32010@gmail.com,Silver,"No. 300, Jalan A19",Melaka,Melaka,88079,2025-02-07
32011,Zarina,binti Ismail,51,Female,010-7694617,1973-08-24,zarina32011@gmail.com,Silver,"No. 286, Jalan E14",Petaling Jaya,Selangor,47212,2025-06-02
32012,Siti,binti Ismail,39,Female,010-6999063,1985-08-03,siti32012@gmail.com,Silver,"No. 12, Jalan G18",George Town,Pulau Pinang,86530,2025-05-17
32013,Alia,Wong,23,Female,016-7707479,2002-03-07,alia32013@gmail.com,Gold,"No. 180, Jalan D2",Johor Bahru,Johor,21633,2025-10-11
32014,Aisyah,Hassan,41,Female,018-7206894,1984-03-03,aisyah32014@gmail.com,Silver,"No. 47, Jalan C4",Ipoh,Perak,54122,2025-05-28
32015,Suresh,Lim,23,Male,018-8710760,2001-10-30,suresh32015@gmail.com,Bronze,"No. 158, Jalan A12",Ipoh,Perak,43765,2025-07-07
32016,Nurin,a/p Subramaniam,46,Female,014-1765455,1978-05-02,nurin32016@gmail.com,Gold,"No. 6, Jalan F1",Petaling Jaya,Selangor,49892,2025-03-05
32017,Rachel,a/l Subramaniam,20,Female,015-6948621,2005-02-03,rachel32017@gmail.com,Silver,"No. 69, Jalan G5",Petaling Jaya,Selangor,30065,2025-12-03
32018,Divya,Rahman,20,Female,017-4099808,2004-09-21,divya32018@gmail.com,Silver,"No. 104, Jalan B20",Melaka,Melaka,24276,2025-05-01
32019,Divya,binti Ismail,23,Female,013-1963325,2001-11-30,divya32019@gmail.com,Bronze,"No. 215, Jalan G17",Johor Bahru,Johor,82604,2025-05-24
32020,Alia,Lee,51,Female,018-3061223,1974-05-11,alia32020@gmail.com,Bronze,"No. 165, Jalan G16",Kuala Lumpur,Wilayah Persekutuan,48239,2025-07-12
32021,Lakshmi,Cheah,58,Female,015-3485677,1966-01-16,lakshmi32021@gmail.com,Bronze,"No. 138, Jalan C1",Johor Bahru,Johor,26536,2025-01-04
32022,Priya,Lee,53,Female,019-3502046,1971-11-25,priya32022@gmail.com,Silver,"No. 50, Jalan E2",Kuala Lumpur,Wilayah Persekutuan,36682,2025-03-13
32023,Rajesh,Wong,58,Male,015-4423762,1967-11-19,rajesh32023@gmail.com,Platinum,"No. 188, Jalan B11",Ipoh,Perak,85660,2025-12-04
32024,Rachel,a/p Subramaniam,21,Female,013-4677802,2004-03-14,rachel32024@gmail.com,Silver,"No. 156, Jalan E7",Ipoh,Perak,50140,2025-08-01
32025,Farah,a/l Subramaniam,41,Female,012-3257966,1984-07-13,farah32025@gmail.com,Bronze,"No. 61, Jalan F7",Petaling Jaya,Selangor,16261,2025-11-24
32026,Rajesh,Lee,39,Male,016-8825977,1986-05-08,rajesh32026@gmail.com,Silver,"No. 60, Jalan D11",Petaling Jaya,Selangor,69079,2025-06-04
32027,Ling Ling,Wong,32,Female,019-6680568,1993-02-27,ling32027@gmail.com,Gold,"No. 54, Jalan E1",Kuala Lumpur,Wilayah Persekutuan,94419,2025-03-03
32028,Pei Shan,bin Abdullah,29,Female,014-6316849,1995-10-28,pei32028@gmail.com,Gold,"No. 70, Jalan A15",Kuala Lumpur,Wilayah Persekutuan,77666,2025-05-14
32029,Mei Ling,a/p Subramaniam,31,Female,018-9696821,1994-04-28,mei32029@gmail.com,Bronze,"No. 182, Jalan F11",Kuala Lumpur,Wilayah Persekutuan,82083,2025-10-16
32030,Aisyah,Wong,18,Female,012-1862342,2007-04-04,aisyah32030@gmail.com,Silver,"No. 267, Jalan C4",Petaling Jaya,Selangor,28874,2025-04-10
32031,Pei Shan,Hassan,40,Female,016-9133267,1984-06-13,pei32031@gmail.com,Bronze,"No. 62, Jalan C7",Ipoh,Perak,31852,2025-04-20
32032,Zhi Wei,Tan,41,Male,012-6234116,1984-08-04,zhi32032@gmail.com,Bronze,"No. 74, Jalan A4",Kuala Lumpur,Wilayah Persekutuan,65021,2025-10-28
32033,Kavitha,Hassan,55,Female,014-3683722,1970-08-25,kavitha32033@gmail.com,Bronze,"No. 191, Jalan C2",Ipoh,Perak,98828,2025-09-11
32034,Amelia,bin Abdullah,49,Female,017-5811033,1975-11-21,amelia32034@gmail.com,Silver,"No. 288, Jalan F8",Melaka,Melaka,30974,2025-09-28
32035,Divya,Goh,47,Female,014-5311049,1977-08-05,divya32035@gmail.com,Bronze,"No. 21, Jalan G7",Johor Bahru,Johor,49332,2025-05-07
32036,Aisyah,binti Ismail,23,Female,015-6936154,2001-07-07,aisyah32036@gmail.com,Bronze,"No. 229, Jalan A16",Johor Bahru,Johor,77710,2025-03-13
32037,Wan Ying,Ong,54,Female,015-9707646,1970-08-15,wan32037@gmail.com,Bronze,"No. 291, Jalan G4",George Town,Pulau Pinang,98551,2025-03-22
32038,Amelia,Goh,44,Female,013-6855308,1981-03-17,amelia32038@gmail.com,Silver,"No. 5, Jalan E13",Petaling Jaya,Selangor,22778,2025-07-30
32039,Mei Ling,Sim,29,Female,019-7313457,1996-08-06,mei32039@gmail.com,Bronze,"No. 224, Jalan E15",Johor Bahru,Johor,74674,2025-10-27
32040,Suresh,binti Ismail,49,Male,010-1863213,1975-08-09,suresh32040@gmail.com,Silver,"No. 236, Jalan G19",George Town,Pulau Pinang,15130,2025-04-18
32041,Zarina,a/p Subramaniam,19,Female,017-1735039,2005-07-09,zarina32041@gmail.com,Silver,"No. 180, Jalan G15",Kuala Lumpur,Wilayah Persekutuan,98490,2025-04-28
32042,Sharmila,binti Ismail,19,Female,016-8620406,2006-06-16,sharmila32042@gmail.com,Bronze,"No. 47, Jalan D18",Kuala Lumpur,Wilayah Persekutuan,35184,2025-07-26
32043,Zarina,Hassan,19,Female,018-9488483,2006-04-27,zarina32043@gmail.com,Bronze,"No. 124, Jalan D9",Johor Bahru,Johor,62340,2025-10-24
32044,Nur Aina,Tan,42,Female,012-1677616,1983-02-18,nur32044@gmail.com,Gold,"No. 232, Jalan B20",Petaling Jaya,Selangor,60128,2025-08-05
32045,Mei Ling,Wong,57,Female,015-1784040,1967-09-23,mei32045@gmail.com,Bronze,"No. 91, Jalan E10",Johor Bahru,Johor,77030,2025-01-01
32046,Kavitha,bin Abdullah,33,Female,018-2764424,1991-12-08,kavitha32046@gmail.com,Bronze,"No. 288, Jalan C13",Petaling Jaya,Selangor,89559,2025-10-03
32047,Amirul,bin Abdullah,55,Male,012-8291407,1970-11-12,amirul32047@gmail.com,Silver,"No. 158, Jalan B16",Ipoh,Perak,99484,2025-11-19
32048,Chloe,a/l Subramaniam,57,Female,015-3805076,1968-03-19,chloe32048@gmail.com,Silver,"No. 68, Jalan C19",Ipoh,Perak,18251,2025-06-23
32049,Siti,Ong,23,Female,012-9584221,2002-11-05,siti32049@gmail.com,Gold,"No. 62, Jalan A4",Petaling Jaya,Selangor,88233,2025-11-28
32050,Nur Aina,Goh,55,Female,013-7362261,1969-11-12,nur32050@gmail.com,Silver,"No. 227, Jalan B14",Petaling Jaya,Selangor,38147,2025-01-05
32051,Kavitha,a/l Subramaniam,45,Female,013-7062217,1980-03-04,kavitha32051@gmail.com,Bronze,"No. 189, Jalan G1",Kuala Lumpur,Wilayah Persekutuan,38145,2025-09-04
32052,Rohani,a/p Subramaniam,54,Female,015-7154802,1970-10-22,rohani32052@gmail.com,Silver,"No. 281, Jalan D20",Kuala Lumpur,Wilayah Persekutuan,46168,2025-08-11
32053,Priya,Sim,20,Female,016-4737905,2004-12-21,priya32053@gmail.com,Bronze,"No. 265, Jalan A4",Johor Bahru,Johor,32674,2025-03-04
32054,Alia,a/p Subramaniam,54,Female,019-8195090,1970-12-09,alia32054@gmail.com,Silver,"No. 86, Jalan E13",George Town,Pulau Pinang,12251,2025-08-17
32055,Kavitha,Ong,54,Female,014-4019726,1971-06-25,kavitha32055@gmail.com,Bronze,"No. 154, Jalan G9",Ipoh,Perak,59174,2025-09-11
32056,Hui Min,Cheah,44,Female,011-9146113,1980-09-16,hui32056@gmail.com,Silver,"No. 223, Jalan D3",Petaling Jaya,Selangor,10334,2025-02-06
32057,Alia,Wong,25,Female,010-7120156,1999-04-02,alia32057@gmail.com,Bronze,"No. 216, Jalan F10",Petaling Jaya,Selangor,97260,2025-02-14
32058,Nurin,Rahman,20,Female,017-2435602,2005-01-03,nurin32058@gmail.com,Bronze,"No. 291, Jalan F5",Kuala Lumpur,Wilayah Persekutuan,11281,2025-01-25
32059,Kavitha,Hassan,33,Female,017-2932604,1992-02-19,kavitha32059@gmail.com,Bronze,"No. 44, Jalan B2",Petaling Jaya,Selangor,43187,2025-09-06
32060,Wan Ying,Lim,43,Female,016-1941074,1982-05-24,wan32060@gmail.com,Bronze,"No. 151, Jalan E18",Petaling Jaya,Selangor,76309,2025-08-10
32061,Chloe,Sim,21,Female,014-9842893,2004-02-09,chloe32061@gmail.com,Bronze,"No. 56, Jalan B8",Melaka,Melaka,88174,2025-04-05
32062,Amelia,Goh,20,Female,018-5863777,2004-08-24,amelia32062@gmail.com,Gold,"No. 155, Jalan A2",Johor Bahru,Johor,40654,2025-04-20
32063,Ling Ling,Rahman,39,Female,015-3449414,1985-09-11,ling32063@gmail.com,Silver,"No. 130, Jalan B16",Petaling Jaya,Selangor,95954,2025-03-11
32064,Anisa,bin Abdullah,21,Female,014-2732975,2004-04-11,anisa32064@gmail.com,Bronze,"No. 85, Jalan E8",Melaka,Melaka,21617,2025-05-30
32065,Nadia,Tan,33,Female,018-7851064,1992-09-21,nadia32065@gmail.com,Bronze,"No. 203, Jalan B16",Petaling Jaya,Selangor,51897,2025-10-14
32066,Siti,Rahman,28,Female,013-2195106,1997-04-07,siti32066@gmail.com,Bronze,"No. 83, Jalan A1",Kuala Lumpur,Wilayah Persekutuan,37759,2025-11-05
32067,Rachel,Sim,27,Female,010-1156513,1998-04-18,rachel32067@gmail.com,Bronze,"No. 56, Jalan F19",Ipoh,Perak,70528,2025-11-06
32068,Yee Ling,Wong,51,Female,019-4241551,1973-06-12,yee32068@gmail.com,Bronze,"No. 88, Jalan D16",Kuala Lumpur,Wilayah Persekutuan,26622,2025-04-30
32069,Wan Ying,Goh,49,Female,015-3721307,1975-08-22,wan32069@gmail.com,Silver,"No. 100, Jalan G4",George Town,Pulau Pinang,44149,2025-03-06
32070,Lakshmi,binti Ismail,57,Female,018-7964631,1967-11-14,lakshmi32070@gmail.com,Bronze,"No. 15, Jalan C20",George Town,Pulau Pinang,99158,2025-04-20
32071,Sharmila,a/p Subramaniam,54,Female,017-2481467,1970-10-19,sharmila32071@gmail.com,Bronze,"No. 187, Jalan B15",Petaling Jaya,Selangor,26846,2025-02-15
32072,Nurin,Chong,22,Female,012-4120766,2003-03-17,nurin32072@gmail.com,Bronze,"No. 55, Jalan B13",Petaling Jaya,Selangor,84671,2025-06-19
32073,Pei Shan,Tan,42,Female,019-5022753,1982-06-24,pei32073@gmail.com,Bronze,"No. 253, Jalan F19",Petaling Jaya,Selangor,45314,2025-02-26
32074,Nadia,Wong,30,Female,011-1251319,1994-06-24,nadia32074@gmail.com,Platinum,"No. 101, Jalan B9",Kuala Lumpur,Wilayah Persekutuan,23738,2025-06-10
32075,Aiman,Rahman,59,Male,013-6428598,1966-05-17,aiman32075@gmail.com,Bronze,"No. 21, Jalan G19",Johor Bahru,Johor,48464,2025-11-16
32076,Anisa,Tan,47,Female,016-8662010,1977-08-30,anisa32076@gmail.com,Silver,"No. 171, Jalan B19",Melaka,Melaka,12599,2025-01-17
32077,Wan Ying,Goh,60,Female,010-7185697,1965-07-27,wan32077@gmail.com,Bronze,"No. 272, Jalan G6",George Town,Pulau Pinang,18446,2025-11-25
32078,Zarina,a/p Subramaniam,37,Female,017-8215876,1987-01-23,zarina32078@gmail.com,Platinum,"No. 167, Jalan D19",Kuala Lumpur,Wilayah Persekutuan,48181,2025-01-03
32079,Aisyah,Lee,53,Female,018-3801223,1972-02-23,aisyah32079@gmail.com,Bronze,"No. 141, Jalan E12",Melaka,Melaka,20662,2025-08-23
32080,Chloe,bin Abdullah,27,Female,014-4225631,1997-08-11,chloe32080@gmail.com,Bronze,"No. 132, Jalan F20",Kuala Lumpur,Wilayah Persekutuan,75406,2025-01-29
32081,Mei Ling,Tan,21,Female,013-7839249,2004-11-06,mei32081@gmail.com,Silver,"No. 60, Jalan C18",Ipoh,Perak,35662,2025-12-14
32082,Nur Aina,bin Abdullah,33,Female,015-4838060,1992-08-09,nur32082@gmail.com,Bronze,"No. 283, Jalan E17",Ipoh,Perak,56332,2025-08-12
32083,Xin Yi,Tan,41,Female,019-2589597,1984-09-25,xin32083@gmail.com,Silver,"No. 106, Jalan B19",Petaling Jaya,Selangor,54489,2025-11-06
32084,Lakshmi,Lim,59,Female,012-5846737,1965-04-04,lakshmi32084@gmail.com,Silver,"No. 278, Jalan F17",Johor Bahru,Johor,46424,2025-03-18
32085,Sharmila,Rahman,25,Female,018-6147169,1999-09-13,sharmila32085@gmail.com,Bronze,"No. 123, Jalan B6",Melaka,Melaka,13169,2025-06-02
32086,Kavitha,a/l Subramaniam,30,Female,015-7311805,1995-05-07,kavitha32086@gmail.com,Platinum,"No. 5, Jalan E18",Melaka,Melaka,73489,2025-08-19
32087,Amelia,Sim,53,Female,011-4488523,1971-11-15,amelia32087@gmail.com,Bronze,"No. 114, Jalan E11",Melaka,Melaka,12457,2025-01-04
32088,Nadia,a/p Subramaniam,22,Female,013-6463491,2003-06-04,nadia32088@gmail.com,Gold,"No. 278, Jalan C15",Johor Bahru,Johor,16201,2025-11-15
32089,Suhaila,Tan,48,Female,019-1552885,1977-06-16,suhaila32089@gmail.com,Bronze,"No. 38, Jalan C13",Ipoh,Perak,67726,2025-10-13
32090,Jasmine,Ong,32,Female,018-9011010,1992-04-11,jasmine32090@gmail.com,Bronze,"No. 169, Jalan E1",Petaling Jaya,Selangor,77734,2025-01-20
32091,Kavitha,Sim,33,Female,018-4896466,1991-10-14,kavitha32091@gmail.com,Silver,"No. 14, Jalan A17",Kuala Lumpur,Wilayah Persekutuan,84018,2025-06-29
32092,Mei Ling,Ong,39,Female,016-5167694,1985-08-04,mei32092@gmail.com,Gold,"No. 17, Jalan A3",Johor Bahru,Johor,12862,2025-05-24
32093,Hui Min,Goh,50,Female,014-4540531,1974-10-27,hui32093@gmail.com,Bronze,"No. 163, Jalan G15",Kuala Lumpur,Wilayah Persekutuan,13402,2025-02-13
32094,Sharmila,Wong,22,Female,012-8135149,2002-12-14,sharmila32094@gmail.com,Silver,"No. 292, Jalan A11",Melaka,Melaka,92538,2025-07-04
32095,Lakshmi,Lee,33,Female,015-9277002,1991-10-20,lakshmi32095@gmail.com,Silver,"No. 220, Jalan E4",Ipoh,Perak,98269,2025-07-15
32096,Alia,bin Abdullah,21,Female,011-8244443,2003-06-13,alia32096@gmail.com,Silver,"No. 228, Jalan A9",Petaling Jaya,Selangor,47539,2025-05-21
32097,Jasmine,Ong,35,Female,015-2385227,1990-02-16,jasmine32097@gmail.com,Bronze,"No. 113, Jalan C1",Petaling Jaya,Selangor,74386,2025-04-17
32098,Anisa,Hassan,33,Female,012-1538716,1992-07-01,anisa32098@gmail.com,Bronze,"No. 162, Jalan F18",Kuala Lumpur,Wilayah Persekutuan,14345,2025-12-07
32099,Farah,Yeoh,45,Female,015-7756806,1979-11-28,farah32099@gmail.com,Gold,"No. 209, Jalan D1",Johor Bahru,Johor,24967,2025-09-29
32100,Rachel,Teoh,42,Female,010-4526335,1982-10-26,rachel32100@gmail.com,Silver,"No. 1, Jalan E12",George Town,Pulau Pinang,49511,2025-03-24
32101,Hui Min,Lee,40,Female,010-9692206,1984-05-25,hui32101@gmail.com,Gold,"No. 225, Jalan E13",Johor Bahru,Johor,96753,2025-02-28
32102,Jun Hao,Yeoh,30,Male,018-5261628,1995-02-11,jun32102@gmail.com,Bronze,"No. 158, Jalan G7",Ipoh,Perak,92744,2025-10-15
32103,Sharmila,Yeoh,34,Female,016-2469547,1990-12-26,sharmila32103@gmail.com,Bronze,"No. 142, Jalan F2",Kuala Lumpur,Wilayah Persekutuan,22439,2025-04-27
32104,Suhaila,Rahman,48,Female,012-5870411,1976-07-27,suhaila32104@gmail.com,Silver,"No. 84, Jalan E19",Ipoh,Perak,79364,2025-02-22
32105,Zarina,Ong,44,Female,017-3505781,1981-01-25,zarina32105@gmail.com,Bronze,"No. 174, Jalan F6",Petaling Jaya,Selangor,81403,2025-08-02
32106,Lakshmi,Yeoh,23,Female,019-1054702,2002-02-20,lakshmi32106@gmail.com,Bronze,"No. 223, Jalan F13",George Town,Pulau Pinang,65120,2025-04-10
32107,Siti,Goh,28,Female,015-4859921,1996-12-13,siti32107@gmail.com,Bronze,"No. 192, Jalan E11",Kuala Lumpur,Wilayah Persekutuan,47158,2025-09-15
32108,Suhaila,Rahman,33,Female,017-8075781,1992-01-30,suhaila32108@gmail.com,Bronze,"No. 71, Jalan D10",Petaling Jaya,Selangor,41035,2025-08-12
32109,Kavitha,Lim,33,Female,018-4946497,1992-06-13,kavitha32109@gmail.com,Bronze,"No. 74, Jalan C18",Ipoh,Perak,24592,2025-11-18
32110,Rachel,Teoh,34,Female,013-9384834,1991-06-11,rachel32110@gmail.com,Bronze,"No. 214, Jalan B8",Johor Bahru,Johor,27112,2025-09-24
32111,Kavitha,Teoh,20,Female,019-8326506,2005-04-23,kavitha32111@gmail.com,Bronze,"No. 279, Jalan D6",Kuala Lumpur,Wilayah Persekutuan,61873,2025-08-24
32112,Rohani,binti Ismail,50,Female,017-2328413,1975-04-28,rohani32112@gmail.com,Bronze,"No. 106, Jalan E14",George Town,Pulau Pinang,56893,2025-06-06
32113,Hui Min,Lim,30,Female,017-3808213,1994-07-08,hui32113@gmail.com,Bronze,"No. 269, Jalan D8",Kuala Lumpur,Wilayah Persekutuan,75372,2025-05-25
32114,Aisyah,Chong,18,Female,018-4802979,2006-07-27,aisyah32114@gmail.com,Silver,"No. 202, Jalan G20",George Town,Pulau Pinang,31855,2025-01-16
32115,Wan Ying,Yeoh,21,Female,013-7407856,2003-11-14,wan32115@gmail.com,Bronze,"No. 194, Jalan D15",Kuala Lumpur,Wilayah Persekutuan,59315,2025-02-08
32116,Kok Wai,binti Ismail,44,Male,014-5605902,1981-04-24,kok32116@gmail.com,Silver,"No. 23, Jalan F16",George Town,Pulau Pinang,89991,2025-12-03
32117,Hui Min,Rahman,21,Female,014-7801774,2003-12-12,hui32117@gmail.com,Silver,"No. 18, Jalan B20",Petaling Jaya,Selangor,35256,2025-04-03
32118,Lakshmi,Cheah,36,Female,011-8484886,1989-02-14,lakshmi32118@gmail.com,Silver,"No. 257, Jalan D16",Kuala Lumpur,Wilayah Persekutuan,85656,2025-06-09
32119,Mei Ling,Teoh,45,Female,012-8046128,1979-09-30,mei32119@gmail.com,Bronze,"No. 244, Jalan D3",Melaka,Melaka,40030,2025-01-27
32120,Nurin,Teoh,24,Female,016-4432848,2001-06-22,nurin32120@gmail.com,Bronze,"No. 225, Jalan D4",Ipoh,Perak,49820,2025-09-12
32121,Amirul,Yeoh,39,Male,016-2076489,1985-12-16,amirul32121@gmail.com,Platinum,"No. 171, Jalan G19",George Town,Pulau Pinang,40554,2025-01-04
32122,Jasmine,Yeoh,21,Female,014-7437019,2004-01-28,jasmine32122@gmail.com,Bronze,"No. 53, Jalan D1",Kuala Lumpur,Wilayah Persekutuan,50434,2025-08-14
32123,Kavitha,Lee,46,Female,013-1878291,1979-09-24,kavitha32123@gmail.com,Bronze,"No. 109, Jalan B16",Johor Bahru,Johor,58375,2025-10-06
32124,Xin Yi,Yeoh,47,Female,014-5581447,1977-07-14,xin32124@gmail.com,Bronze,"No. 137, Jalan D12",Johor Bahru,Johor,27174,2025-05-16
32125,Jasmine,bin Abdullah,43,Female,011-5822845,1981-12-06,jasmine32125@gmail.com,Silver,"No. 48, Jalan A16",Kuala Lumpur,Wilayah Persekutuan,13815,2025-05-31
32126,Pei Shan,Rahman,40,Female,016-7761424,1984-10-22,pei32126@gmail.com,Bronze,"No. 34, Jalan D4",Melaka,Melaka,22319,2025-03-04
32127,Hui Min,Lee,52,Female,011-6926488,1972-03-15,hui32127@gmail.com,Bronze,"No. 79, Jalan B12",Johor Bahru,Johor,40566,2025-01-16
32128,Pei Shan,Ong,34,Female,019-7748377,1991-01-25,pei32128@gmail.com,Silver,"No. 192, Jalan A1",Johor Bahru,Johor,42430,2025-09-15
32129,Priya,binti Ismail,42,Female,018-4172384,1982-07-05,priya32129@gmail.com,Bronze,"No. 282, Jalan F17",Melaka,Melaka,57163,2025-01-20
32130,Jasmine,Rahman,46,Female,017-7924253,1978-10-13,jasmine32130@gmail.com,Bronze,"No. 9, Jalan F6",Petaling Jaya,Selangor,40573,2025-01-16
32131,Lakshmi,binti Ismail,44,Female,016-1635292,1981-04-28,lakshmi32131@gmail.com,Silver,"No. 175, Jalan C8",Johor Bahru,Johor,35412,2025-10-03
32132,Chloe,Lim,27,Female,012-9871158,1997-12-17,chloe32132@gmail.com,Silver,"No. 231, Jalan F18",George Town,Pulau Pinang,41450,2025-10-04
32133,Kumar,Yeoh,25,Male,014-2557324,1999-04-03,kumar32133@gmail.com,Bronze,"No. 216, Jalan D15",Ipoh,Perak,27973,2025-02-02
32134,Nadia,Cheah,36,Female,010-9227057,1988-08-08,nadia32134@gmail.com,Silver,"No. 65, Jalan F19",Kuala Lumpur,Wilayah Persekutuan,52584,2025-03-13
32135,Amelia,Lee,21,Female,015-8772989,2004-01-08,amelia32135@gmail.com,Bronze,"No. 193, Jalan F8",Petaling Jaya,Selangor,83381,2025-11-03
32136,Zarina,Ong,29,Female,014-7470825,1995-03-09,zarina32136@gmail.com,Bronze,"No. 291, Jalan G5",Kuala Lumpur,Wilayah Persekutuan,87374,2025-01-13
32137,Rachel,Lim,40,Female,011-6545893,1984-05-16,rachel32137@gmail.com,Bronze,"No. 35, Jalan G15",Kuala Lumpur,Wilayah Persekutuan,35847,2025-02-04
32138,Nur Aina,binti Ismail,50,Female,019-3289266,1975-05-10,nur32138@gmail.com,Bronze,"No. 261, Jalan A2",Petaling Jaya,Selangor,95334,2025-11-21
32139,Alia,Cheah,25,Female,019-2393856,1999-12-17,alia32139@gmail.com,Silver,"No. 169, Jalan E7",Kuala Lumpur,Wilayah Persekutuan,75711,2025-09-01
32140,Siti,Lee,54,Female,017-1744974,1971-05-12,siti32140@gmail.com,Silver,"No. 223, Jalan C14",Kuala Lumpur,Wilayah Persekutuan,52912,2025-11-05
32141,Anisa,Wong,34,Female,016-9912518,1990-07-05,anisa32141@gmail.com,Bronze,"No. 184, Jalan C15",Ipoh,Perak,37785,2025-06-10
32142,Wan Ying,Rahman,54,Female,012-5073046,1970-10-11,wan32142@gmail.com,Gold,"No. 235, Jalan E15",Ipoh,Perak,26142,2025-10-07
32143,Haziq,Yeoh,58,Male,017-7514475,1967-02-11,haziq32143@gmail.com,Bronze,"No. 196, Jalan A15",Petaling Jaya,Selangor,58427,2025-07-23
32144,Mei Ling,a/l Subramaniam,39,Female,013-5397891,1985-08-19,mei32144@gmail.com,Silver,"No. 213, Jalan D10",Ipoh,Perak,78521,2025-02-02
32145,Yee Ling,a/l Subramaniam,44,Female,015-7067012,1980-08-13,yee32145@gmail.com,Bronze,"No. 252, Jalan B6",Johor Bahru,Johor,41481,2025-04-26
32146,Kavitha,Lee,31,Female,017-2448373,1994-04-02,kavitha32146@gmail.com,Silver,"No. 192, Jalan B2",Johor Bahru,Johor,30986,2025-09-09
32147,Pei Shan,a/l Subramaniam,55,Female,017-8251911,1970-06-04,pei32147@gmail.com,Bronze,"No. 29, Jalan D13",Petaling Jaya,Selangor,96160,2025-06-24
32148,Mei Ling,Sim,40,Female,011-5726816,1985-08-08,mei32148@gmail.com,Bronze,"No. 141, Jalan C2",Melaka,Melaka,31850,2025-11-07
32149,Aiman,Sim,31,Male,010-1491577,1993-07-25,aiman32149@gmail.com,Silver,"No. 239, Jalan B5",Johor Bahru,Johor,39607,2025-03-05
32150,Aiman,a/p Subramaniam,20,Male,017-6093218,2004-08-17,aiman32150@gmail.com,Bronze,"No. 180, Jalan E19",Ipoh,Perak,64454,2025-04-14
32151,Anisa,Sim,46,Female,015-9325822,1978-05-11,anisa32151@gmail.com,Bronze,"No. 190, Jalan E9",Kuala Lumpur,Wilayah Persekutuan,62809,2025-02-08
32152,Kavitha,Hassan,33,Female,019-1494964,1991-06-16,kavitha32152@gmail.com,Bronze,"No. 147, Jalan G13",Petaling Jaya,Selangor,66345,2025-05-27
32153,Nur Aina,Chong,51,Female,010-4874161,1973-11-10,nur32153@gmail.com,Bronze,"No. 111, Jalan C7",Kuala Lumpur,Wilayah Persekutuan,98171,2025-09-11
32154,Haziq,Lee,42,Male,011-5667166,1982-12-11,haziq32154@gmail.com,Bronze,"No. 109, Jalan C19",Johor Bahru,Johor,20063,2025-11-11
32155,Alia,a/l Subramaniam,18,Female,010-5671008,2006-09-15,alia32155@gmail.com,Bronze,"No. 74, Jalan D15",George Town,Pulau Pinang,56774,2025-01-01
32156,Priya,Teoh,48,Female,019-4977199,1976-11-24,priya32156@gmail.com,Silver,"No. 222, Jalan C7",Johor Bahru,Johor,30994,2025-04-09
32157,Zarina,Cheah,30,Female,013-9919069,1994-08-25,zarina32157@gmail.com,Silver,"No. 221, Jalan A10",Ipoh,Perak,69675,2025-01-07
32158,Wan Ying,Cheah,23,Female,014-9547101,2001-09-22,wan32158@gmail.com,Bronze,"No. 201, Jalan B5",Kuala Lumpur,Wilayah Persekutuan,90740,2025-09-12
32159,Suhaila,Hassan,36,Female,016-3309334,1988-12-30,suhaila32159@gmail.com,Platinum,"No. 69, Jalan F19",Melaka,Melaka,23045,2025-02-09
32160,Chloe,Rahman,32,Female,011-4734573,1992-10-09,chloe32160@gmail.com,Gold,"No. 47, Jalan G12",Kuala Lumpur,Wilayah Persekutuan,15177,2025-05-26
32161,Aisyah,Goh,37,Female,010-4805541,1987-01-24,aisyah32161@gmail.com,Bronze,"No. 90, Jalan G19",Kuala Lumpur,Wilayah Persekutuan,54997,2025-01-05
32162,Divya,Wong,18,Female,017-5331377,2007-03-20,divya32162@gmail.com,Silver,"No. 268, Jalan D14",Kuala Lumpur,Wilayah Persekutuan,37622,2025-06-05
32163,Amelia,Teoh,21,Female,018-8382830,2003-10-31,amelia32163@gmail.com,Bronze,"No. 259, Jalan C2",Petaling Jaya,Selangor,82843,2025-10-01
32164,Nur Aina,Lee,23,Female,015-4897277,2002-04-28,nur32164@gmail.com,Silver,"No. 247, Jalan G13",George Town,Pulau Pinang,54760,2025-06-06
32165,Kavitha,Sim,31,Female,017-4503336,1993-10-11,kavitha32165@gmail.com,Bronze,"No. 112, Jalan A8",Kuala Lumpur,Wilayah Persekutuan,99715,2025-08-23
32166,Wan Ying,Wong,49,Female,010-9696649,1976-02-08,wan32166@gmail.com,Silver,"No. 194, Jalan B8",Kuala Lumpur,Wilayah Persekutuan,69095,2025-11-15
32167,Sharmila,Tan,20,Female,019-8172156,2004-07-31,sharmila32167@gmail.com,Bronze,"No. 91, Jalan A18",Kuala Lumpur,Wilayah Persekutuan,73730,2025-01-11
32168,Jasmine,Tan,28,Female,018-8685488,1996-10-29,jasmine32168@gmail.com,Bronze,"No. 39, Jalan G11",Melaka,Melaka,27665,2025-09-24
32169,Rohani,Cheah,54,Female,010-1009765,1970-11-14,rohani32169@gmail.com,Bronze,"No. 156, Jalan D10",Ipoh,Perak,17028,2025-04-28
32170,Anisa,binti Ismail,44,Female,010-9615370,1981-01-12,anisa32170@gmail.com,Silver,"No. 186, Jalan B6",Melaka,Melaka,90014,2025-02-20
32171,Nadia,Chong,21,Female,013-3024977,2004-01-05,nadia32171@gmail.com,Bronze,"No. 232, Jalan E13",Petaling Jaya,Selangor,90990,2025-05-02
32172,Ling Ling,Lim,18,Female,017-1074166,2007-01-26,ling32172@gmail.com,Bronze,"No. 121, Jalan F19",Kuala Lumpur,Wilayah Persekutuan,53862,2025-07-21
32173,Pei Shan,Wong,31,Female,012-2017077,1994-04-18,pei32173@gmail.com,Silver,"No. 299, Jalan C3",Kuala Lumpur,Wilayah Persekutuan,97120,2025-05-16
32174,Hui Min,Chong,23,Female,018-1439799,2002-08-12,hui32174@gmail.com,Bronze,"No. 44, Jalan E3",Kuala Lumpur,Wilayah Persekutuan,95882,2025-11-13
32175,Farah,Sim,57,Female,011-9534038,1967-07-08,farah32175@gmail.com,Silver,"No. 299, Jalan F9",Johor Bahru,Johor,76874,2025-03-15
32176,Yee Ling,Sim,46,Female,015-1705542,1979-10-24,yee32176@gmail.com,Silver,"No. 211, Jalan G9",Johor Bahru,Johor,27408,2025-11-16
32177,Farah,bin Abdullah,47,Female,017-9108327,1977-11-16,farah32177@gmail.com,Gold,"No. 85, Jalan E7",Ipoh,Perak,95628,2025-01-24
32178,Yee Ling,Ong,23,Female,010-5480507,2001-09-29,yee32178@gmail.com,Silver,"No. 62, Jalan B11",George Town,Pulau Pinang,42999,2025-06-25
32179,Mei Ling,a/l Subramaniam,51,Female,013-7853058,1974-09-16,mei32179@gmail.com,Bronze,"No. 226, Jalan D20",Kuala Lumpur,Wilayah Persekutuan,26167,2025-11-26
32180,Amirul,Hassan,57,Male,019-5866454,1967-08-07,amirul32180@gmail.com,Silver,"No. 51, Jalan B6",Kuala Lumpur,Wilayah Persekutuan,27742,2025-01-19
32181,Yee Ling,Yeoh,20,Female,019-4162202,2005-03-04,yee32181@gmail.com,Bronze,"No. 259, Jalan D9",Johor Bahru,Johor,40516,2025-07-16
32182,Yee Ling,Cheah,39,Female,014-5854780,1985-06-14,yee32182@gmail.com,Bronze,"No. 68, Jalan A5",Petaling Jaya,Selangor,21538,2025-03-23
32183,Nur Aina,bin Abdullah,34,Female,013-7030152,1990-07-11,nur32183@gmail.com,Silver,"No. 241, Jalan C6",Petaling Jaya,Selangor,18959,2025-05-24
32184,Anisa,Wong,50,Female,018-5145191,1975-05-25,anisa32184@gmail.com,Bronze,"No. 41, Jalan D1",Petaling Jaya,Selangor,11843,2025-07-12
32185,Sharmila,Lim,56,Female,015-3991363,1969-09-24,sharmila32185@gmail.com,Bronze,"No. 160, Jalan G15",George Town,Pulau Pinang,73002,2025-11-16
32186,Priya,Hassan,54,Female,013-2962809,1971-07-22,priya32186@gmail.com,Platinum,"No. 131, Jalan C11",Melaka,Melaka,29985,2025-08-05
32187,Divya,Wong,29,Female,018-2346353,1996-09-11,divya32187@gmail.com,Bronze,"No. 198, Jalan F12",Johor Bahru,Johor,67626,2025-09-20
32188,Zarina,Yeoh,33,Female,018-2191913,1991-11-25,zarina32188@gmail.com,Bronze,"No. 60, Jalan D16",Melaka,Melaka,72560,2025-06-15
32189,Sharmila,a/p Subramaniam,49,Female,015-8925023,1976-05-10,sharmila32189@gmail.com,Bronze,"No. 83, Jalan E10",Petaling Jaya,Selangor,57239,2025-07-16
32190,Divya,Rahman,53,Female,011-3183244,1971-12-19,divya32190@gmail.com,Gold,"No. 16, Jalan A11",Kuala Lumpur,Wilayah Persekutuan,75923,2025-09-28
32191,Alia,Rahman,43,Female,017-8010860,1981-03-24,alia32191@gmail.com,Bronze,"No. 186, Jalan E12",Melaka,Melaka,26788,2025-03-22
32192,Wei Jie,Wong,28,Male,015-5436242,1996-10-10,wei32192@gmail.com,Bronze,"No. 79, Jalan A3",Kuala Lumpur,Wilayah Persekutuan,36095,2025-03-03
32193,Faizal,Rahman,44,Male,018-9372765,1980-09-18,faizal32193@gmail.com,Bronze,"No. 228, Jalan B18",Petaling Jaya,Selangor,17839,2025-08-24
32194,Mei Ling,Cheah,48,Female,018-9590773,1976-10-15,mei32194@gmail.com,Bronze,"No. 61, Jalan C2",Petaling Jaya,Selangor,59687,2025-07-20
32195,Aisyah,Lim,50,Female,015-5388205,1974-11-29,aisyah32195@gmail.com,Bronze,"No. 283, Jalan D17",Petaling Jaya,Selangor,33639,2025-03-13
32196,Amelia,Tan,28,Female,010-4541085,1996-09-28,amelia32196@gmail.com,Bronze,"No. 74, Jalan G2",Kuala Lumpur,Wilayah Persekutuan,33455,2025-03-27
32197,Xin Yi,Lim,47,Female,019-6896868,1978-05-09,xin32197@gmail.com,Silver,"No. 289, Jalan C14",Ipoh,Perak,99104,2025-08-14
32198,Pei Shan,Lim,40,Female,015-5977718,1985-03-13,pei32198@gmail.com,Silver,"No. 27, Jalan B17",Melaka,Melaka,68825,2025-09-12
32199,Jun Hao,Rahman,25,Male,015-4133390,1999-08-14,jun32199@gmail.com,Silver,"No. 51, Jalan F10",Ipoh,Perak,35760,2025-01-01
32200,Rohani,Rahman,43,Female,012-5048737,1982-03-10,rohani32200@gmail.com,Bronze,"No. 150, Jalan B6",Kuala Lumpur,Wilayah Persekutuan,28564,2025-11-28
32201,Priya,Yeoh,55,Female,012-3480914,1970-06-18,priya32201@gmail.com,Bronze,"No. 161, Jalan A6",George Town,Pulau Pinang,17633,2025-12-08
32202,Alia,Lim,20,Female,017-9111719,2004-06-07,alia32202@gmail.com,Bronze,"No. 198, Jalan F7",George Town,Pulau Pinang,33322,2025-03-20
32203,Anisa,Tan,39,Female,017-1559996,1986-06-09,anisa32203@gmail.com,Silver,"No. 155, Jalan D12",Petaling Jaya,Selangor,74609,2025-09-07
32204,Sharmila,Lee,51,Female,012-3259188,1974-03-28,sharmila32204@gmail.com,Bronze,"No. 50, Jalan A19",Petaling Jaya,Selangor,63707,2025-09-24
32205,Siti,Tan,26,Female,017-9376425,1998-04-27,siti32205@gmail.com,Bronze,"No. 131, Jalan C20",Johor Bahru,Johor,39651,2025-04-17
32206,Haziq,a/l Subramaniam,43,Male,011-1208234,1982-03-24,haziq32206@gmail.com,Bronze,"No. 147, Jalan B11",Kuala Lumpur,Wilayah Persekutuan,74499,2025-11-26
32207,Ling Ling,Chong,48,Female,014-6557146,1976-09-25,ling32207@gmail.com,Silver,"No. 161, Jalan B1",Johor Bahru,Johor,24999,2025-01-21
32208,Hui Min,binti Ismail,59,Female,014-5472142,1965-07-09,hui32208@gmail.com,Bronze,"No. 146, Jalan G19",Petaling Jaya,Selangor,45776,2025-05-23
32209,Amelia,Chong,48,Female,018-1066297,1977-03-05,amelia32209@gmail.com,Bronze,"No. 73, Jalan G6",George Town,Pulau Pinang,66850,2025-12-11
32210,Siti,Teoh,41,Female,012-3161913,1983-06-26,siti32210@gmail.com,Bronze,"No. 295, Jalan B6",Kuala Lumpur,Wilayah Persekutuan,44939,2025-05-03
32211,Faizal,Lee,24,Male,019-8545681,2000-11-15,faizal32211@gmail.com,Bronze,"No. 230, Jalan G6",Kuala Lumpur,Wilayah Persekutuan,54839,2025-05-27
32212,Lakshmi,binti Ismail,59,Female,012-2353204,1966-05-28,lakshmi32212@gmail.com,Bronze,"No. 181, Jalan D3",Johor Bahru,Johor,16547,2025-06-22
32213,Lakshmi,bin Abdullah,59,Female,015-3227034,1965-12-21,lakshmi32213@gmail.com,Gold,"No. 293, Jalan F18",Johor Bahru,Johor,58549,2025-12-02
32214,Amirul,binti Ismail,50,Male,011-4570005,1974-06-06,amirul32214@gmail.com,Silver,"No. 134, Jalan E20",Kuala Lumpur,Wilayah Persekutuan,77818,2025-03-01
32215,Suhaila,a/p Subramaniam,54,Female,017-9604310,1971-01-17,suhaila32215@gmail.com,Bronze,"No. 246, Jalan E11",Kuala Lumpur,Wilayah Persekutuan,62131,2025-07-03
32216,Mei Ling,Teoh,19,Female,016-9047989,2005-12-29,mei32216@gmail.com,Silver,"No. 139, Jalan D6",Petaling Jaya,Selangor,43925,2025-04-25
32217,Hui Min,Lee,29,Female,011-1426722,1996-02-29,hui32217@gmail.com,Silver,"No. 107, Jalan D10",Johor Bahru,Johor,49498,2025-07-29
32218,Lakshmi,Goh,45,Female,010-1142852,1979-07-23,lakshmi32218@gmail.com,Silver,"No. 38, Jalan D1",Petaling Jaya,Selangor,29655,2025-04-06
32219,Mei Ling,Tan,51,Female,013-9991128,1973-06-30,mei32219@gmail.com,Bronze,"No. 196, Jalan F20",Kuala Lumpur,Wilayah Persekutuan,22922,2025-01-06
32220,Kumar,Chong,26,Male,012-9870550,1999-03-08,kumar32220@gmail.com,Bronze,"No. 114, Jalan B12",Ipoh,Perak,66826,2025-12-07
32221,Zarina,Chong,18,Female,010-7098418,2006-10-05,zarina32221@gmail.com,Gold,"No. 293, Jalan G7",Ipoh,Perak,31321,2025-07-31
32222,Ling Ling,Tan,31,Female,013-2644713,1994-04-08,ling32222@gmail.com,Bronze,"No. 53, Jalan E11",Melaka,Melaka,75621,2025-07-03
32223,Alia,Rahman,31,Female,017-4231485,1993-03-10,alia32223@gmail.com,Gold,"No. 65, Jalan D3",Melaka,Melaka,22828,2025-02-11
32224,Kavitha,Yeoh,32,Female,016-3042467,1993-02-22,kavitha32224@gmail.com,Silver,"No. 29, Jalan C17",Ipoh,Perak,76444,2025-10-09
32225,Farah,a/p Subramaniam,24,Female,012-2900552,2001-03-23,farah32225@gmail.com,Silver,"No. 110, Jalan D5",George Town,Pulau Pinang,33532,2025-09-04
32226,Amirul,Tan,23,Male,016-8771567,2001-11-26,amirul32226@gmail.com,Bronze,"No. 125, Jalan C10",Johor Bahru,Johor,84138,2025-09-14
32227,Pei Shan,Yeoh,40,Female,012-8625782,1984-10-03,pei32227@gmail.com,Silver,"No. 300, Jalan A7",Petaling Jaya,Selangor,35791,2025-01-13
32228,Nurin,Hassan,22,Female,015-3187383,2003-01-23,nurin32228@gmail.com,Silver,"No. 117, Jalan C11",Ipoh,Perak,73176,2025-08-10
32229,Alia,Lee,58,Female,013-2528704,1967-05-26,alia32229@gmail.com,Silver,"No. 54, Jalan D13",Petaling Jaya,Selangor,95629,2025-07-14
32230,Faizal,Hassan,18,Male,019-5934756,2006-07-14,faizal32230@gmail.com,Bronze,"No. 233, Jalan C1",Kuala Lumpur,Wilayah Persekutuan,21900,2025-05-23
32231,Xin Yi,Lim,56,Female,017-1384155,1968-09-25,xin32231@gmail.com,Silver,"No. 240, Jalan E13",Melaka,Melaka,30305,2025-06-13
32232,Rohani,Chong,30,Female,010-4549618,1995-04-10,rohani32232@gmail.com,Silver,"No. 193, Jalan F20",Kuala Lumpur,Wilayah Persekutuan,84855,2025-10-02
32233,Hui Min,Wong,42,Female,011-5551194,1983-01-11,hui32233@gmail.com,Bronze,"No. 300, Jalan G20",Kuala Lumpur,Wilayah Persekutuan,11603,2025-06-23
32234,Hui Min,Wong,24,Female,019-5878867,2000-11-03,hui32234@gmail.com,Gold,"No. 35, Jalan B3",Kuala Lumpur,Wilayah Persekutuan,80479,2025-10-05
32235,Hui Min,Ong,54,Female,019-4861434,1971-06-21,hui32235@gmail.com,Silver,"No. 142, Jalan G18",Petaling Jaya,Selangor,57572,2025-12-01
32236,Nur Aina,Wong,57,Female,018-8376214,1967-12-25,nur32236@gmail.com,Silver,"No. 291, Jalan F1",Johor Bahru,Johor,91633,2025-02-14
32237,Lakshmi,Lee,43,Female,017-5552893,1982-04-14,lakshmi32237@gmail.com,Silver,"No. 234, Jalan G19",Ipoh,Perak,99183,2025-06-11
32238,Hui Min,Goh,26,Female,015-2570472,1998-08-09,hui32238@gmail.com,Gold,"No. 239, Jalan E16",Petaling Jaya,Selangor,44779,2025-03-24
32239,Alia,Cheah,38,Female,013-9599975,1986-10-03,alia32239@gmail.com,Bronze,"No. 292, Jalan D13",George Town,Pulau Pinang,33564,2025-02-08
32240,Yee Ling,Ong,26,Female,017-8419081,1998-10-13,yee32240@gmail.com,Bronze,"No. 12, Jalan C8",Petaling Jaya,Selangor,91399,2025-06-07
32241,Pei Shan,a/p Subramaniam,45,Female,016-3715704,1979-10-17,pei32241@gmail.com,Silver,"No. 211, Jalan A2",Melaka,Melaka,12069,2025-01-07
32242,Lakshmi,Tan,50,Female,017-4077635,1975-01-09,lakshmi32242@gmail.com,Bronze,"No. 198, Jalan D18",Melaka,Melaka,73916,2025-10-21
32243,Rohani,Teoh,44,Female,017-7902393,1981-05-01,rohani32243@gmail.com,Gold,"No. 95, Jalan G16",Petaling Jaya,Selangor,73942,2025-11-13
32244,Kavitha,a/l Subramaniam,44,Female,019-5871692,1981-11-12,kavitha32244@gmail.com,Bronze,"No. 135, Jalan E16",Petaling Jaya,Selangor,94640,2025-11-30
32245,Anisa,a/p Subramaniam,58,Female,012-2982507,1967-06-10,anisa32245@gmail.com,Silver,"No. 154, Jalan E15",Petaling Jaya,Selangor,14196,2025-09-17
32246,Alia,Yeoh,32,Female,019-9352669,1992-07-27,alia32246@gmail.com,Silver,"No. 226, Jalan E14",Petaling Jaya,Selangor,90280,2025-07-03
32247,Hui Min,a/l Subramaniam,50,Female,011-1684334,1974-12-26,hui32247@gmail.com,Bronze,"No. 92, Jalan F18",Kuala Lumpur,Wilayah Persekutuan,78043,2025-02-13
32248,Divya,a/l Subramaniam,52,Female,014-7201909,1972-06-25,divya32248@gmail.com,Silver,"No. 46, Jalan D3",Kuala Lumpur,Wilayah Persekutuan,69502,2025-01-22
32249,Mei Ling,Hassan,44,Female,018-5326293,1980-03-13,mei32249@gmail.com,Bronze,"No. 131, Jalan G9",Johor Bahru,Johor,18321,2025-02-09
32250,Amelia,Tan,55,Female,019-8382975,1970-01-15,amelia32250@gmail.com,Bronze,"No. 286, Jalan G15",Kuala Lumpur,Wilayah Persekutuan,74626,2025-09-18
32251,Anisa,Cheah,31,Female,010-1198304,1994-07-12,anisa32251@gmail.com,Bronze,"No. 295, Jalan D2",Ipoh,Perak,64732,2025-11-06
32252,Hui Min,a/p Subramaniam,20,Female,011-1690197,2005-05-20,hui32252@gmail.com,Gold,"No. 156, Jalan F9",George Town,Pulau Pinang,32938,2025-09-11
32253,Siti,Lee,42,Female,017-1507307,1982-04-26,siti32253@gmail.com,Bronze,"No. 134, Jalan F8",Kuala Lumpur,Wilayah Persekutuan,35593,2025-02-10
32254,Jasmine,Ong,45,Female,017-7807899,1980-02-19,jasmine32254@gmail.com,Silver,"No. 229, Jalan C18",Ipoh,Perak,78292,2025-05-19
32255,Kok Wai,Lee,54,Male,019-5209568,1970-10-22,kok32255@gmail.com,Bronze,"No. 245, Jalan A20",Kuala Lumpur,Wilayah Persekutuan,64338,2025-05-05
32256,Lakshmi,Rahman,50,Female,017-9183351,1974-12-17,lakshmi32256@gmail.com,Bronze,"No. 214, Jalan D16",Kuala Lumpur,Wilayah Persekutuan,90703,2025-05-11
32257,Pei Shan,Lee,54,Female,017-5216670,1970-07-12,pei32257@gmail.com,Gold,"No. 42, Jalan F17",Kuala Lumpur,Wilayah Persekutuan,55886,2025-02-03
32258,Zarina,Goh,48,Female,015-7775003,1977-07-11,zarina32258@gmail.com,Bronze,"No. 234, Jalan A8",Johor Bahru,Johor,26281,2025-11-13
32259,Faizal,binti Ismail,54,Male,014-5576777,1971-08-30,faizal32259@gmail.com,Bronze,"No. 29, Jalan B11",Johor Bahru,Johor,66936,2025-09-26
32260,Siti,Hassan,59,Female,018-1479789,1965-10-17,siti32260@gmail.com,Bronze,"No. 271, Jalan B16",Kuala Lumpur,Wilayah Persekutuan,40018,2025-01-25
32261,Divya,Lim,31,Female,017-7561311,1994-02-07,divya32261@gmail.com,Bronze,"No. 230, Jalan D15",Johor Bahru,Johor,33289,2025-09-03
32262,Priya,Goh,19,Female,018-6325677,2005-08-08,priya32262@gmail.com,Silver,"No. 277, Jalan D4",Ipoh,Perak,53160,2025-05-15
32263,Suhaila,Rahman,55,Female,010-9668536,1969-11-12,suhaila32263@gmail.com,Bronze,"No. 60, Jalan F4",George Town,Pulau Pinang,36063,2025-03-31
32264,Kok Wai,Sim,38,Male,016-3226367,1986-08-31,kok32264@gmail.com,Silver,"No. 171, Jalan D14",Petaling Jaya,Selangor,64796,2025-08-08
32265,Nur Aina,Cheah,55,Female,014-5338797,1969-05-06,nur32265@gmail.com,Bronze,"No. 106, Jalan A1",George Town,Pulau Pinang,95881,2025-01-02
32266,Nur Aina,Tan,38,Female,016-3122543,1987-02-15,nur32266@gmail.com,Gold,"No. 57, Jalan C1",Kuala Lumpur,Wilayah Persekutuan,83894,2025-11-02
32267,Wan Ying,Chong,39,Female,016-6932875,1986-01-22,wan32267@gmail.com,Bronze,"No. 67, Jalan B13",George Town,Pulau Pinang,38782,2025-05-04
32268,Amelia,Wong,58,Female,010-1881550,1967-06-30,amelia32268@gmail.com,Bronze,"No. 152, Jalan C7",Kuala Lumpur,Wilayah Persekutuan,94492,2025-10-29
32269,Nur Aina,Yeoh,51,Female,011-1852235,1974-03-03,nur32269@gmail.com,Bronze,"No. 41, Jalan E17",Petaling Jaya,Selangor,52044,2025-11-11
32270,Wan Ying,bin Abdullah,18,Female,013-6336988,2006-08-09,wan32270@gmail.com,Platinum,"No. 187, Jalan D12",Johor Bahru,Johor,16949,2025-05-19
32271,Sharmila,Yeoh,55,Female,018-6900190,1969-12-30,sharmila32271@gmail.com,Silver,"No. 4, Jalan F7",George Town,Pulau Pinang,14935,2025-02-25
32272,Nurin,Tan,21,Female,018-6590043,2004-05-17,nurin32272@gmail.com,Bronze,"No. 203, Jalan A14",Petaling Jaya,Selangor,49608,2025-06-15
32273,Zhi Wei,Ong,35,Male,010-6019728,1990-01-05,zhi32273@gmail.com,Gold,"No. 92, Jalan A7",Petaling Jaya,Selangor,60451,2025-06-25
32274,Yee Ling,Wong,40,Female,016-3098799,1984-11-30,yee32274@gmail.com,Silver,"No. 278, Jalan B5",Kuala Lumpur,Wilayah Persekutuan,73336,2025-08-08
32275,Hui Min,Wong,33,Female,012-4132388,1991-06-30,hui32275@gmail.com,Silver,"No. 25, Jalan A15",Kuala Lumpur,Wilayah Persekutuan,42335,2025-01-08
32276,Divya,Lee,51,Female,012-6045739,1973-08-31,divya32276@gmail.com,Gold,"No. 2, Jalan D18",Kuala Lumpur,Wilayah Persekutuan,28524,2025-02-21
32277,Rohani,a/p Subramaniam,55,Female,011-5047377,1969-07-23,rohani32277@gmail.com,Silver,"No. 235, Jalan D8",Petaling Jaya,Selangor,35871,2025-02-09
32278,Zarina,Ong,45,Female,012-3111620,1980-06-23,zarina32278@gmail.com,Bronze,"No. 191, Jalan A5",Ipoh,Perak,89588,2025-07-27
32279,Kavitha,Hassan,38,Female,016-5751288,1987-06-19,kavitha32279@gmail.com,Silver,"No. 183, Jalan E9",Kuala Lumpur,Wilayah Persekutuan,31636,2025-07-25
32280,Kavitha,Yeoh,47,Female,018-3694970,1977-12-14,kavitha32280@gmail.com,Bronze,"No. 51, Jalan D19",Petaling Jaya,Selangor,96308,2025-07-16
32281,Sharmila,a/l Subramaniam,36,Female,013-9827838,1988-06-11,sharmila32281@gmail.com,Bronze,"No. 245, Jalan F3",Kuala Lumpur,Wilayah Persekutuan,63123,2025-02-17
32282,Kumar,Rahman,51,Male,010-8659140,1973-10-07,kumar32282@gmail.com,Silver,"No. 254, Jalan G9",Petaling Jaya,Selangor,86107,2025-09-20
32283,Rachel,Hassan,57,Female,015-8114315,1968-01-20,rachel32283@gmail.com,Platinum,"No. 239, Jalan D18",Kuala Lumpur,Wilayah Persekutuan,49981,2025-04-07
32284,Priya,Sim,34,Female,014-3016824,1990-09-27,priya32284@gmail.com,Gold,"No. 31, Jalan B9",Kuala Lumpur,Wilayah Persekutuan,54578,2025-02-11
32285,Lakshmi,Rahman,22,Female,017-7328625,2002-12-21,lakshmi32285@gmail.com,Gold,"No. 247, Jalan B12",Petaling Jaya,Selangor,94526,2025-05-30
32286,Nurin,Cheah,39,Female,017-6267724,1985-12-04,nurin32286@gmail.com,Silver,"No. 110, Jalan D6",Ipoh,Perak,40219,2025-02-07
32287,Rohani,binti Ismail,48,Female,010-1082958,1977-03-15,rohani32287@gmail.com,Silver,"No. 72, Jalan F10",Petaling Jaya,Selangor,73279,2025-09-22
32288,Rohani,Tan,21,Female,019-1150413,2004-01-17,rohani32288@gmail.com,Bronze,"No. 206, Jalan E11",Kuala Lumpur,Wilayah Persekutuan,66829,2025-04-19
32289,Amirul,Lee,38,Male,010-9448645,1987-05-09,amirul32289@gmail.com,Silver,"No. 138, Jalan F14",Johor Bahru,Johor,89333,2025-05-30
32290,Hui Min,a/p Subramaniam,49,Female,012-7264332,1975-12-06,hui32290@gmail.com,Bronze,"No. 20, Jalan D12",Petaling Jaya,Selangor,67461,2025-11-03
32291,Chloe,Goh,47,Female,018-4054428,1977-07-21,chloe32291@gmail.com,Silver,"No. 213, Jalan F17",Johor Bahru,Johor,71243,2025-01-13
32292,Arjun,Cheah,19,Male,019-9428442,2005-12-17,arjun32292@gmail.com,Gold,"No. 31, Jalan D5",Petaling Jaya,Selangor,22767,2025-08-29
32293,Haziq,Yeoh,19,Male,010-5956398,2006-09-11,haziq32293@gmail.com,Gold,"No. 77, Jalan E18",Kuala Lumpur,Wilayah Persekutuan,30887,2025-09-21
32294,Ling Ling,a/p Subramaniam,41,Female,017-6948831,1983-08-06,ling32294@gmail.com,Gold,"No. 91, Jalan E19",Kuala Lumpur,Wilayah Persekutuan,28142,2025-06-14
32295,Arjun,Sim,45,Male,010-1253263,1980-02-02,arjun32295@gmail.com,Silver,"No. 272, Jalan F1",Petaling Jaya,Selangor,65978,2025-10-07
32296,Jun Hao,Tan,39,Male,011-4985639,1985-05-12,jun32296@gmail.com,Silver,"No. 86, Jalan D5",Kuala Lumpur,Wilayah Persekutuan,41678,2025-04-17
32297,Yee Ling,Lim,35,Female,012-2209656,1990-04-27,yee32297@gmail.com,Bronze,"No. 268, Jalan B10",Ipoh,Perak,77741,2025-05-16
32298,Kok Wai,Tan,49,Male,010-5157817,1976-10-12,kok32298@gmail.com,Silver,"No. 1, Jalan A17",Petaling Jaya,Selangor,49669,2025-11-04
32299,Hui Min,Tan,24,Female,013-6646096,2000-12-01,hui32299@gmail.com,Bronze,"No. 297, Jalan G15",Melaka,Melaka,70227,2025-06-22
32300,Amelia,Rahman,50,Female,019-4110593,1975-02-05,amelia32300@gmail.com,Bronze,"No. 253, Jalan B1",Johor Bahru,Johor,72608,2025-03-19
32301,Aisyah,Hassan,45,Female,019-5215856,1979-04-15,aisyah32301@gmail.com,Silver,"No. 288, Jalan A5",Ipoh,Perak,38405,2025-03-23
32302,Rachel,binti Ismail,29,Female,011-1933266,1996-04-01,rachel32302@gmail.com,Bronze,"No. 253, Jalan F9",George Town,Pulau Pinang,40392,2025-10-24
32303,Jun Hao,Hassan,23,Male,019-6739276,2002-04-20,jun32303@gmail.com,Bronze,"No. 175, Jalan E9",Kuala Lumpur,Wilayah Persekutuan,58749,2025-07-21
32304,Zhi Wei,Hassan,25,Male,011-5933359,1999-10-02,zhi32304@gmail.com,Bronze,"No. 45, Jalan B10",Kuala Lumpur,Wilayah Persekutuan,94258,2025-09-22
32305,Amelia,Yeoh,45,Female,010-1821512,1980-07-06,amelia32305@gmail.com,Bronze,"No. 163, Jalan D4",Ipoh,Perak,37933,2025-08-22
32306,Suhaila,Cheah,26,Female,018-5794052,1998-10-05,suhaila32306@gmail.com,Bronze,"No. 226, Jalan B15",Melaka,Melaka,49336,2025-06-20
32307,Divya,bin Abdullah,57,Female,012-5944869,1968-04-12,divya32307@gmail.com,Bronze,"No. 179, Jalan F18",Petaling Jaya,Selangor,80541,2025-11-24
32308,Aiman,a/l Subramaniam,52,Male,017-2790576,1972-01-24,aiman32308@gmail.com,Silver,"No. 209, Jalan C4",Petaling Jaya,Selangor,66835,2025-01-12
32309,Rohani,Tan,56,Female,015-3931973,1969-01-18,rohani32309@gmail.com,Gold,"No. 74, Jalan D14",Kuala Lumpur,Wilayah Persekutuan,23064,2025-02-02
32310,Wan Ying,Tan,55,Female,015-9373905,1970-07-05,wan32310@gmail.com,Bronze,"No. 263, Jalan B4",Kuala Lumpur,Wilayah Persekutuan,99565,2025-09-27
32311,Farah,Goh,18,Female,013-9280729,2006-12-17,farah32311@gmail.com,Silver,"No. 141, Jalan F2",Kuala Lumpur,Wilayah Persekutuan,71620,2025-08-10
32312,Nurin,Goh,19,Female,013-1706113,2006-02-26,nurin32312@gmail.com,Bronze,"No. 204, Jalan E19",George Town,Pulau Pinang,67145,2025-04-06
32313,Divya,Lee,53,Female,010-6663767,1972-01-14,divya32313@gmail.com,Silver,"No. 288, Jalan G12",Kuala Lumpur,Wilayah Persekutuan,22926,2025-09-13
32314,Rachel,Tan,53,Female,011-6795570,1972-02-29,rachel32314@gmail.com,Bronze,"No. 59, Jalan E14",Melaka,Melaka,15205,2025-06-10
32315,Kavitha,binti Ismail,20,Female,015-8660699,2004-06-27,kavitha32315@gmail.com,Silver,"No. 215, Jalan D5",George Town,Pulau Pinang,39550,2025-04-03
32316,Nurin,Sim,46,Female,019-4421379,1978-12-26,nurin32316@gmail.com,Silver,"No. 267, Jalan A11",Kuala Lumpur,Wilayah Persekutuan,52408,2025-10-05
32317,Nadia,Hassan,22,Female,019-5040155,2003-04-26,nadia32317@gmail.com,Bronze,"No. 5, Jalan C20",Kuala Lumpur,Wilayah Persekutuan,69512,2025-10-18
32318,Ling Ling,Teoh,53,Female,013-4813637,1972-01-25,ling32318@gmail.com,Silver,"No. 167, Jalan D18",Kuala Lumpur,Wilayah Persekutuan,24457,2025-08-22
32319,Sharmila,Hassan,53,Female,013-7334973,1971-11-04,sharmila32319@gmail.com,Bronze,"No. 237, Jalan E10",Petaling Jaya,Selangor,51928,2025-01-11
32320,Arjun,Sim,21,Male,014-5457862,2004-05-22,arjun32320@gmail.com,Silver,"No. 98, Jalan E18",Ipoh,Perak,60857,2025-11-04
32321,Sharmila,Lim,42,Female,017-7073320,1983-08-17,sharmila32321@gmail.com,Silver,"No. 2, Jalan F13",Petaling Jaya,Selangor,44225,2025-10-05
32322,Yee Ling,Sim,48,Female,017-1069074,1977-02-23,yee32322@gmail.com,Silver,"No. 67, Jalan C13",George Town,Pulau Pinang,10305,2025-03-16
32323,Hui Min,Chong,59,Female,019-2660341,1966-11-28,hui32323@gmail.com,Platinum,"No. 119, Jalan A10",George Town,Pulau Pinang,21473,2025-12-14
32324,Hui Min,Goh,23,Female,010-3191661,2001-06-01,hui32324@gmail.com,Silver,"No. 289, Jalan C8",Petaling Jaya,Selangor,85219,2025-02-05
32325,Jun Hao,Goh,52,Male,015-8491178,1972-08-23,jun32325@gmail.com,Bronze,"No. 257, Jalan B7",Melaka,Melaka,25545,2025-04-04
32326,Alia,Wong,55,Female,012-2459037,1970-09-07,alia32326@gmail.com,Bronze,"No. 130, Jalan B16",Ipoh,Perak,80782,2025-10-03
32327,Nur Aina,Chong,38,Female,018-7278384,1987-11-16,nur32327@gmail.com,Bronze,"No. 209, Jalan F17",Kuala Lumpur,Wilayah Persekutuan,44117,2025-11-24
32328,Yee Ling,Lee,20,Female,012-8716396,2005-05-02,yee32328@gmail.com,Bronze,"No. 63, Jalan C4",Petaling Jaya,Selangor,57624,2025-08-01
32329,Xin Yi,Goh,49,Female,010-4089264,1975-06-12,xin32329@gmail.com,Bronze,"No. 169, Jalan A3",Ipoh,Perak,91672,2025-02-27
32330,Mei Ling,binti Ismail,35,Female,016-8233327,1990-01-03,mei32330@gmail.com,Bronze,"No. 110, Jalan A4",George Town,Pulau Pinang,54707,2025-10-16
32331,Hui Min,bin Abdullah,50,Female,012-4616053,1974-10-24,hui32331@gmail.com,Bronze,"No. 244, Jalan E1",Kuala Lumpur,Wilayah Persekutuan,94038,2025-06-18
32332,Rachel,binti Ismail,55,Female,014-8392273,1969-04-30,rachel32332@gmail.com,Silver,"No. 59, Jalan F3",Ipoh,Perak,30895,2025-01-28
32333,Wei Jie,Hassan,19,Male,016-5379350,2006-12-02,wei32333@gmail.com,Bronze,"No. 295, Jalan D14",Ipoh,Perak,74696,2025-12-06
32334,Suhaila,Lee,56,Female,013-4164038,1969-06-24,suhaila32334@gmail.com,Bronze,"No. 164, Jalan E10",George Town,Pulau Pinang,11750,2025-07-30
32335,Rohani,bin Abdullah,34,Female,012-1058554,1991-08-04,rohani32335@gmail.com,Bronze,"No. 25, Jalan C1",Kuala Lumpur,Wilayah Persekutuan,32474,2025-12-06
32336,Xin Yi,Yeoh,19,Female,015-1574136,2006-10-04,xin32336@gmail.com,Silver,"No. 3, Jalan F5",Ipoh,Perak,74838,2025-10-26
32337,Ling Ling,Wong,33,Female,017-8443641,1992-01-03,ling32337@gmail.com,Silver,"No. 39, Jalan D15",Ipoh,Perak,88481,2025-06-18
32338,Divya,Rahman,59,Female,017-3585468,1966-01-04,divya32338@gmail.com,Bronze,"No. 261, Jalan F13",Kuala Lumpur,Wilayah Persekutuan,81076,2025-07-24
32339,Yee Ling,Teoh,52,Female,019-1762347,1973-04-29,yee32339@gmail.com,Silver,"No. 86, Jalan A1",Kuala Lumpur,Wilayah Persekutuan,22728,2025-05-13
32340,Hui Min,Lim,28,Female,012-4544843,1997-04-22,hui32340@gmail.com,Silver,"No. 258, Jalan D11",George Town,Pulau Pinang,80319,2025-05-12
32341,Nur Aina,Hassan,50,Female,010-6512231,1974-06-03,nur32341@gmail.com,Silver,"No. 142, Jalan G17",George Town,Pulau Pinang,87502,2025-05-30
32342,Rajesh,a/l Subramaniam,54,Male,017-6050077,1970-12-23,rajesh32342@gmail.com,Bronze,"No. 52, Jalan F20",Petaling Jaya,Selangor,14287,2025-04-17
32343,Arjun,Goh,49,Male,013-2476872,1976-08-07,arjun32343@gmail.com,Bronze,"No. 299, Jalan C2",Ipoh,Perak,74022,2025-10-20
32344,Rohani,Yeoh,24,Female,013-6001778,2000-06-09,rohani32344@gmail.com,Bronze,"No. 53, Jalan C19",Melaka,Melaka,53985,2025-03-09
32345,Kok Wai,Teoh,18,Male,014-4739275,2007-01-28,kok32345@gmail.com,Bronze,"No. 147, Jalan A19",Petaling Jaya,Selangor,48366,2025-05-09
32346,Lakshmi,Hassan,49,Female,019-3620230,1976-03-29,lakshmi32346@gmail.com,Gold,"No. 98, Jalan G9",Kuala Lumpur,Wilayah Persekutuan,71477,2025-06-15
32347,Hui Min,Sim,36,Female,010-9287471,1989-01-31,hui32347@gmail.com,Silver,"No. 280, Jalan F14",Petaling Jaya,Selangor,72220,2025-12-14
32348,Arjun,Sim,29,Male,014-5709122,1996-01-24,arjun32348@gmail.com,Gold,"No. 157, Jalan B14",Melaka,Melaka,43223,2025-02-12
32349,Yee Ling,bin Abdullah,47,Female,012-4706097,1978-02-23,yee32349@gmail.com,Bronze,"No. 103, Jalan F10",Petaling Jaya,Selangor,88437,2025-06-19
32350,Divya,Lee,20,Female,016-2289785,2004-05-28,divya32350@gmail.com,Bronze,"No. 32, Jalan C3",Ipoh,Perak,52876,2025-01-30
32351,Siti,Teoh,36,Female,012-9127593,1989-01-24,siti32351@gmail.com,Bronze,"No. 15, Jalan A6",Petaling Jaya,Selangor,15683,2025-02-15
32352,Priya,Chong,58,Female,018-6212416,1966-09-15,priya32352@gmail.com,Bronze,"No. 13, Jalan B8",Melaka,Melaka,73529,2025-02-12
32353,Nadia,Lee,54,Female,014-2564089,1970-11-06,nadia32353@gmail.com,Bronze,"No. 91, Jalan D16",Melaka,Melaka,79178,2025-09-04
32354,Anisa,Rahman,18,Female,010-8142367,2007-02-06,anisa32354@gmail.com,Bronze,"No. 158, Jalan A7",Petaling Jaya,Selangor,50309,2025-09-14
32355,Jasmine,Yeoh,27,Female,019-3053564,1997-12-31,jasmine32355@gmail.com,Silver,"No. 11, Jalan F7",Melaka,Melaka,38831,2025-01-09
32356,Zhi Wei,Cheah,42,Male,012-5209586,1983-05-15,zhi32356@gmail.com,Silver,"No. 247, Jalan E20",Kuala Lumpur,Wilayah Persekutuan,33314,2025-07-12
32357,Nurin,Lim,41,Female,011-4685856,1983-11-22,nurin32357@gmail.com,Silver,"No. 263, Jalan D13",Kuala Lumpur,Wilayah Persekutuan,49574,2025-05-14
32358,Nur Aina,Lee,35,Female,011-2422740,1989-12-01,nur32358@gmail.com,Bronze,"No. 68, Jalan F15",Kuala Lumpur,Wilayah Persekutuan,96031,2025-02-07
32359,Jasmine,Lee,58,Female,019-5524359,1967-08-23,jasmine32359@gmail.com,Bronze,"No. 266, Jalan C6",Johor Bahru,Johor,95170,2025-09-27
32360,Nurin,Hassan,43,Female,018-1070349,1982-04-16,nurin32360@gmail.com,Silver,"No. 122, Jalan D11",Melaka,Melaka,33618,2025-06-30
32361,Amirul,Cheah,52,Male,014-9479707,1972-07-27,amirul32361@gmail.com,Platinum,"No. 99, Jalan D9",Petaling Jaya,Selangor,33754,2025-06-18
32362,Pei Shan,Hassan,24,Female,013-6270779,2000-07-06,pei32362@gmail.com,Bronze,"No. 205, Jalan F12",Petaling Jaya,Selangor,63749,2025-05-11
32363,Farah,Ong,30,Female,015-9596096,1995-01-16,farah32363@gmail.com,Gold,"No. 116, Jalan D15",Ipoh,Perak,45844,2025-04-16
32364,Farah,Hassan,52,Female,013-5999548,1973-01-31,farah32364@gmail.com,Silver,"No. 220, Jalan D19",Melaka,Melaka,55885,2025-02-15
32365,Pei Shan,Wong,59,Female,015-5966007,1965-06-02,pei32365@gmail.com,Bronze,"No. 288, Jalan A19",Petaling Jaya,Selangor,15823,2025-03-02
32366,Amelia,Yeoh,50,Female,016-5707977,1974-07-06,amelia32366@gmail.com,Bronze,"No. 43, Jalan E15",Petaling Jaya,Selangor,23309,2025-03-28
32367,Chloe,Chong,31,Female,013-2665845,1993-05-14,chloe32367@gmail.com,Silver,"No. 5, Jalan B12",Ipoh,Perak,94339,2025-01-29
32368,Anisa,bin Abdullah,23,Female,014-3214490,2001-10-30,anisa32368@gmail.com,Bronze,"No. 79, Jalan E12",Ipoh,Perak,27428,2025-07-03
32369,Jun Hao,Teoh,46,Male,018-1614886,1979-03-26,jun32369@gmail.com,Bronze,"No. 64, Jalan E15",Petaling Jaya,Selangor,65970,2025-10-25
32370,Suhaila,Tan,32,Female,010-2105566,1993-10-25,suhaila32370@gmail.com,Bronze,"No. 292, Jalan B12",George Town,Pulau Pinang,18078,2025-11-04
32371,Sharmila,a/l Subramaniam,22,Female,012-8229871,2003-03-13,sharmila32371@gmail.com,Silver,"No. 252, Jalan F20",George Town,Pulau Pinang,59980,2025-07-08
32372,Kavitha,Lee,27,Female,011-8889291,1998-01-04,kavitha32372@gmail.com,Silver,"No. 89, Jalan C6",Petaling Jaya,Selangor,29841,2025-07-31
32373,Chloe,bin Abdullah,30,Female,018-4950023,1994-12-23,chloe32373@gmail.com,Bronze,"No. 274, Jalan G9",Johor Bahru,Johor,64403,2025-12-08
32374,Rachel,Teoh,39,Female,010-9730166,1986-03-30,rachel32374@gmail.com,Bronze,"No. 160, Jalan D6",George Town,Pulau Pinang,48659,2025-11-22
32375,Zarina,Tan,59,Female,012-5971252,1965-11-24,zarina32375@gmail.com,Bronze,"No. 36, Jalan B5",George Town,Pulau Pinang,57986,2025-11-11
32376,Zarina,a/l Subramaniam,24,Female,018-3290059,2001-05-04,zarina32376@gmail.com,Bronze,"No. 179, Jalan F2",George Town,Pulau Pinang,85864,2025-11-10
32377,Suhaila,a/l Subramaniam,42,Female,010-6346778,1983-01-27,suhaila32377@gmail.com,Bronze,"No. 261, Jalan E8",Ipoh,Perak,42105,2025-02-11
32378,Alia,Sim,53,Female,010-9162030,1972-06-29,alia32378@gmail.com,Platinum,"No. 49, Jalan E6",Ipoh,Perak,25656,2025-08-23
32379,Jun Hao,Wong,41,Male,010-8854984,1983-12-21,jun32379@gmail.com,Bronze,"No. 202, Jalan F8",Melaka,Melaka,32704,2025-02-11
32380,Pei Shan,Chong,21,Female,011-8239080,2004-01-21,pei32380@gmail.com,Bronze,"No. 136, Jalan G3",George Town,Pulau Pinang,51806,2025-06-26
32381,Nurin,a/p Subramaniam,33,Female,012-1694075,1992-01-06,nurin32381@gmail.com,Silver,"No. 158, Jalan B16",Petaling Jaya,Selangor,88458,2025-09-05
32382,Hui Min,a/l Subramaniam,36,Female,012-9314905,1989-03-04,hui32382@gmail.com,Bronze,"No. 105, Jalan F14",Johor Bahru,Johor,88542,2025-08-20
32383,Jasmine,Hassan,32,Female,018-4110631,1993-05-06,jasmine32383@gmail.com,Bronze,"No. 136, Jalan A7",Johor Bahru,Johor,19295,2025-05-12
32384,Xin Yi,Lee,35,Female,017-3866229,1990-05-01,xin32384@gmail.com,Bronze,"No. 265, Jalan C19",Petaling Jaya,Selangor,96373,2025-09-08
32385,Sharmila,Sim,20,Female,016-5184944,2005-03-01,sharmila32385@gmail.com,Bronze,"No. 211, Jalan B2",Johor Bahru,Johor,44861,2025-07-30
32386,Zarina,Goh,31,Female,018-9075061,1993-11-08,zarina32386@gmail.com,Bronze,"No. 215, Jalan D5",George Town,Pulau Pinang,18774,2025-09-11
32387,Alia,Lim,53,Female,010-2888740,1971-12-30,alia32387@gmail.com,Bronze,"No. 122, Jalan D11",Ipoh,Perak,53492,2025-05-15
32388,Zarina,a/p Subramaniam,60,Female,014-7745078,1965-01-15,zarina32388@gmail.com,Bronze,"No. 64, Jalan B10",Johor Bahru,Johor,88850,2025-07-19
32389,Siti,Rahman,21,Female,017-6890717,2003-09-28,siti32389@gmail.com,Bronze,"No. 155, Jalan F6",Ipoh,Perak,19918,2025-02-08
32390,Hui Min,Hassan,29,Female,019-2487927,1996-08-12,hui32390@gmail.com,Bronze,"No. 241, Jalan F18",Petaling Jaya,Selangor,68279,2025-11-04
32391,Farah,Chong,42,Female,017-4317287,1982-11-28,farah32391@gmail.com,Bronze,"No. 230, Jalan A1",George Town,Pulau Pinang,48649,2025-10-25
32392,Kavitha,Wong,38,Female,010-3033077,1986-04-06,kavitha32392@gmail.com,Bronze,"No. 40, Jalan A17",George Town,Pulau Pinang,45530,2025-02-17
32393,Hui Min,Tan,38,Female,012-2961238,1986-06-02,hui32393@gmail.com,Bronze,"No. 236, Jalan A2",Kuala Lumpur,Wilayah Persekutuan,49840,2025-04-03
32394,Aiman,Ong,26,Male,012-4740302,1998-06-30,aiman32394@gmail.com,Silver,"No. 101, Jalan F1",Petaling Jaya,Selangor,71081,2025-05-18
32395,Chloe,Teoh,27,Female,018-1771809,1998-04-02,chloe32395@gmail.com,Bronze,"No. 171, Jalan F9",George Town,Pulau Pinang,62436,2025-07-27
32396,Nurin,Chong,35,Female,013-3772582,1989-06-19,nurin32396@gmail.com,Gold,"No. 19, Jalan F17",Kuala Lumpur,Wilayah Persekutuan,69929,2025-05-19
32397,Alia,Lim,46,Female,010-9393195,1978-07-03,alia32397@gmail.com,Bronze,"No. 178, Jalan F5",Ipoh,Perak,15912,2025-02-07
32398,Rachel,Wong,19,Female,014-7623140,2006-06-06,rachel32398@gmail.com,Bronze,"No. 86, Jalan D8",Petaling Jaya,Selangor,50829,2025-07-05
32399,Ling Ling,Goh,37,Female,011-8773655,1988-02-26,ling32399@gmail.com,Silver,"No. 36, Jalan C12",Melaka,Melaka,24564,2025-04-12
32400,Xin Yi,Goh,33,Female,017-2528251,1991-11-15,xin32400@gmail.com,Silver,"No. 170, Jalan F15",Kuala Lumpur,Wilayah Persekutuan,83202,2025-08-28
32401,Wan Ying,Ong,30,Female,016-4015849,1995-06-22,wan32401@gmail.com,Bronze,"No. 199, Jalan B16",Johor Bahru,Johor,62326,2025-10-16
32402,Arjun,Wong,46,Male,013-1567268,1979-09-12,arjun32402@gmail.com,Gold,"No. 69, Jalan B15",Kuala Lumpur,Wilayah Persekutuan,68634,2025-11-06
32403,Anisa,Tan,54,Female,011-3319893,1971-02-14,anisa32403@gmail.com,Bronze,"No. 197, Jalan C14",Petaling Jaya,Selangor,16687,2025-04-21
32404,Priya,Cheah,22,Female,018-6316502,2002-03-29,priya32404@gmail.com,Silver,"No. 37, Jalan G5",Ipoh,Perak,17013,2025-01-27
32405,Pei Shan,Wong,43,Female,011-7224129,1981-11-24,pei32405@gmail.com,Bronze,"No. 44, Jalan D7",Ipoh,Perak,69486,2025-09-02
32406,Xin Yi,binti Ismail,47,Female,016-7303211,1977-11-14,xin32406@gmail.com,Gold,"No. 225, Jalan B11",George Town,Pulau Pinang,47049,2025-10-21
32407,Zarina,Lim,54,Female,011-7499846,1971-05-16,zarina32407@gmail.com,Silver,"No. 192, Jalan F10",George Town,Pulau Pinang,31080,2025-10-24
32408,Kok Wai,Lee,22,Male,016-8865548,2003-06-27,kok32408@gmail.com,Silver,"No. 221, Jalan F13",George Town,Pulau Pinang,65362,2025-10-04
32409,Nurin,Teoh,41,Female,012-3794208,1983-11-15,nurin32409@gmail.com,Bronze,"No. 212, Jalan A6",Kuala Lumpur,Wilayah Persekutuan,72663,2025-01-19
32410,Xin Yi,Lee,59,Female,010-8626500,1966-04-11,xin32410@gmail.com,Gold,"No. 126, Jalan F16",Ipoh,Perak,91811,2025-07-18
32411,Yee Ling,Ong,43,Female,013-5364614,1982-01-24,yee32411@gmail.com,Bronze,"No. 259, Jalan D15",Kuala Lumpur,Wilayah Persekutuan,81547,2025-11-06
32412,Kok Wai,Teoh,33,Male,011-2413688,1991-09-07,kok32412@gmail.com,Gold,"No. 259, Jalan A15",Ipoh,Perak,58138,2025-04-08
32413,Zhi Wei,Yeoh,34,Male,011-5673525,1990-11-16,zhi32413@gmail.com,Gold,"No. 258, Jalan C16",Melaka,Melaka,77209,2025-07-11
32414,Nurin,Cheah,42,Female,012-9857174,1982-12-16,nurin32414@gmail.com,Silver,"No. 139, Jalan B3",Petaling Jaya,Selangor,80239,2025-11-08
32415,Xin Yi,Wong,37,Female,013-9215665,1987-12-20,xin32415@gmail.com,Bronze,"No. 237, Jalan E13",Johor Bahru,Johor,25885,2025-04-07
32416,Kavitha,Yeoh,26,Female,018-2823991,1998-10-21,kavitha32416@gmail.com,Bronze,"No. 278, Jalan D6",George Town,Pulau Pinang,35312,2025-05-07
32417,Rachel,Ong,24,Female,018-3040788,2000-06-08,rachel32417@gmail.com,Bronze,"No. 197, Jalan D4",Kuala Lumpur,Wilayah Persekutuan,83751,2025-06-05
32418,Jasmine,Goh,55,Female,012-1457042,1969-12-28,jasmine32418@gmail.com,Silver,"No. 240, Jalan D19",Petaling Jaya,Selangor,16387,2025-09-17
32419,Nurin,Lim,43,Female,013-1438061,1981-06-04,nurin32419@gmail.com,Silver,"No. 129, Jalan F14",George Town,Pulau Pinang,26951,2025-03-12
32420,Xin Yi,Wong,45,Female,018-1593420,1979-11-28,xin32420@gmail.com,Bronze,"No. 60, Jalan F18",Kuala Lumpur,Wilayah Persekutuan,27626,2025-11-22
32421,Lakshmi,a/l Subramaniam,51,Female,013-3314322,1973-10-24,lakshmi32421@gmail.com,Silver,"No. 204, Jalan G16",Ipoh,Perak,38911,2025-08-15
32422,Jasmine,Wong,46,Female,010-6864560,1978-04-26,jasmine32422@gmail.com,Bronze,"No. 188, Jalan G5",Ipoh,Perak,84519,2025-03-18
32423,Alia,binti Ismail,20,Female,011-1218675,2005-01-28,alia32423@gmail.com,Silver,"No. 269, Jalan D3",Kuala Lumpur,Wilayah Persekutuan,60301,2025-12-04
32424,Wan Ying,Goh,23,Female,011-9674063,2001-08-30,wan32424@gmail.com,Gold,"No. 243, Jalan D2",Ipoh,Perak,87808,2025-05-09
32425,Alia,binti Ismail,38,Female,016-8950780,1987-07-19,alia32425@gmail.com,Bronze,"No. 3, Jalan E19",George Town,Pulau Pinang,64281,2025-09-05
32426,Zarina,Chong,33,Female,015-4679744,1992-04-16,zarina32426@gmail.com,Silver,"No. 289, Jalan B14",George Town,Pulau Pinang,33442,2025-12-06
32427,Zarina,Goh,34,Female,010-5954326,1991-02-19,zarina32427@gmail.com,Bronze,"No. 59, Jalan B6",Melaka,Melaka,84425,2025-05-06
32428,Divya,Lim,21,Female,010-5729748,2004-01-11,divya32428@gmail.com,Bronze,"No. 3, Jalan D8",Kuala Lumpur,Wilayah Persekutuan,98666,2025-10-18
32429,Rohani,Goh,57,Female,018-6907349,1968-04-17,rohani32429@gmail.com,Gold,"No. 283, Jalan B9",Kuala Lumpur,Wilayah Persekutuan,97402,2025-12-09
32430,Pei Shan,Sim,47,Female,017-8927678,1977-07-25,pei32430@gmail.com,Bronze,"No. 115, Jalan B12",Kuala Lumpur,Wilayah Persekutuan,31234,2025-01-31
32431,Sharmila,Lee,23,Female,016-7268370,2001-10-18,sharmila32431@gmail.com,Bronze,"No. 104, Jalan A11",Kuala Lumpur,Wilayah Persekutuan,51019,2025-08-20
32432,Nadia,Sim,29,Female,014-8961720,1995-07-03,nadia32432@gmail.com,Bronze,"No. 143, Jalan A14",Kuala Lumpur,Wilayah Persekutuan,21287,2025-03-05
32433,Kavitha,binti Ismail,47,Female,014-1452363,1978-05-12,kavitha32433@gmail.com,Bronze,"No. 181, Jalan F15",Petaling Jaya,Selangor,36788,2025-08-08
32434,Lakshmi,Teoh,27,Female,011-4107364,1998-02-13,lakshmi32434@gmail.com,Silver,"No. 60, Jalan E8",Johor Bahru,Johor,98688,2025-07-30
32435,Nurin,bin Abdullah,36,Female,018-6818960,1988-06-04,nurin32435@gmail.com,Gold,"No. 197, Jalan A1",Johor Bahru,Johor,43247,2025-03-19
32436,Jasmine,bin Abdullah,46,Female,013-5498337,1978-12-05,jasmine32436@gmail.com,Bronze,"No. 8, Jalan E8",Kuala Lumpur,Wilayah Persekutuan,77759,2025-03-26
32437,Suhaila,Tan,55,Female,017-6350029,1970-07-25,suhaila32437@gmail.com,Bronze,"No. 181, Jalan F7",Kuala Lumpur,Wilayah Persekutuan,45378,2025-10-05
32438,Arjun,Sim,54,Male,010-4660387,1970-02-25,arjun32438@gmail.com,Bronze,"No. 85, Jalan F19",Kuala Lumpur,Wilayah Persekutuan,79895,2025-02-21
32439,Aisyah,Teoh,49,Female,013-6224686,1976-07-18,aisyah32439@gmail.com,Bronze,"No. 107, Jalan B7",Melaka,Melaka,79136,2025-07-26
32440,Zarina,Wong,43,Female,019-2909292,1982-01-16,zarina32440@gmail.com,Silver,"No. 29, Jalan E18",Kuala Lumpur,Wilayah Persekutuan,95938,2025-09-08
32441,Pei Shan,Ong,54,Female,013-1001151,1971-02-24,pei32441@gmail.com,Bronze,"No. 133, Jalan B15",Kuala Lumpur,Wilayah Persekutuan,28268,2025-12-13
32442,Kok Wai,bin Abdullah,51,Male,015-5729863,1974-03-19,kok32442@gmail.com,Bronze,"No. 230, Jalan F15",Kuala Lumpur,Wilayah Persekutuan,21045,2025-08-24
32443,Nurin,a/p Subramaniam,19,Female,018-2819001,2005-12-24,nurin32443@gmail.com,Bronze,"No. 169, Jalan E11",Johor Bahru,Johor,74720,2025-12-07
32444,Divya,Wong,44,Female,018-1539274,1981-01-31,divya32444@gmail.com,Silver,"No. 197, Jalan C7",George Town,Pulau Pinang,66064,2025-09-23
32445,Divya,Rahman,43,Female,012-6644764,1982-08-13,divya32445@gmail.com,Bronze,"No. 61, Jalan A9",Melaka,Melaka,59052,2025-08-26
32446,Chloe,Rahman,53,Female,011-6776757,1971-05-22,chloe32446@gmail.com,Bronze,"No. 217, Jalan G6",Melaka,Melaka,26993,2025-03-13
32447,Farah,Cheah,43,Female,014-7341700,1982-03-06,farah32447@gmail.com,Bronze,"No. 38, Jalan D10",Petaling Jaya,Selangor,37610,2025-09-04
32448,Hui Min,Chong,24,Female,011-9144375,2001-01-30,hui32448@gmail.com,Gold,"No. 35, Jalan B6",Johor Bahru,Johor,35633,2025-05-10
32449,Siti,a/p Subramaniam,55,Female,014-1164302,1970-02-04,siti32449@gmail.com,Bronze,"No. 94, Jalan B13",Kuala Lumpur,Wilayah Persekutuan,59534,2025-06-16
32450,Kumar,bin Abdullah,45,Male,014-5673127,1980-06-30,kumar32450@gmail.com,Silver,"No. 164, Jalan D8",Melaka,Melaka,11773,2025-12-05
32451,Hui Min,Wong,54,Female,011-5404101,1970-12-10,hui32451@gmail.com,Silver,"No. 194, Jalan G12",Petaling Jaya,Selangor,21491,2025-11-02
32452,Hui Min,Wong,30,Female,012-8339232,1995-03-16,hui32452@gmail.com,Gold,"No. 271, Jalan G8",George Town,Pulau Pinang,85802,2025-04-26
32453,Chloe,Yeoh,58,Female,014-5356739,1967-03-04,chloe32453@gmail.com,Bronze,"No. 141, Jalan B15",Petaling Jaya,Selangor,79770,2025-09-04
32454,Alia,bin Abdullah,42,Female,018-7802563,1982-11-05,alia32454@gmail.com,Gold,"No. 253, Jalan G11",Johor Bahru,Johor,24969,2025-01-17
32455,Sharmila,Lee,36,Female,019-6415498,1989-08-10,sharmila32455@gmail.com,Silver,"No. 69, Jalan D14",Ipoh,Perak,52529,2025-12-14
32456,Xin Yi,Cheah,23,Female,015-3766701,2002-08-29,xin32456@gmail.com,Silver,"No. 174, Jalan D10",George Town,Pulau Pinang,56800,2025-10-30
32457,Yee Ling,Tan,22,Female,014-5599903,2003-10-18,yee32457@gmail.com,Bronze,"No. 143, Jalan B10",Petaling Jaya,Selangor,78295,2025-11-12
32458,Nurin,Wong,25,Female,018-3264644,1999-11-30,nurin32458@gmail.com,Bronze,"No. 37, Jalan C15",Petaling Jaya,Selangor,96339,2025-05-29
32459,Chloe,Goh,23,Female,011-8055232,2001-04-26,chloe32459@gmail.com,Platinum,"No. 68, Jalan G6",Kuala Lumpur,Wilayah Persekutuan,59318,2025-03-23
32460,Nurin,binti Ismail,20,Female,011-4533531,2004-07-16,nurin32460@gmail.com,Bronze,"No. 4, Jalan E15",Petaling Jaya,Selangor,17816,2025-06-26
32461,Nur Aina,Teoh,60,Female,016-4654662,1965-05-15,nur32461@gmail.com,Silver,"No. 233, Jalan E17",Kuala Lumpur,Wilayah Persekutuan,47148,2025-10-22
32462,Jasmine,Hassan,48,Female,014-9646564,1977-03-07,jasmine32462@gmail.com,Silver,"No. 6, Jalan B1",Kuala Lumpur,Wilayah Persekutuan,73661,2025-10-11
32463,Amelia,a/p Subramaniam,25,Female,017-5901121,1999-08-31,amelia32463@gmail.com,Bronze,"No. 236, Jalan E16",Petaling Jaya,Selangor,70002,2025-08-07
32464,Hui Min,Goh,41,Female,018-1326167,1983-11-01,hui32464@gmail.com,Gold,"No. 269, Jalan F4",Ipoh,Perak,30987,2025-07-01
32465,Farah,Teoh,23,Female,016-2938970,2002-07-07,farah32465@gmail.com,Bronze,"No. 153, Jalan C11",Kuala Lumpur,Wilayah Persekutuan,52748,2025-11-08
32466,Sharmila,Chong,30,Female,018-9911484,1995-01-29,sharmila32466@gmail.com,Silver,"No. 138, Jalan G18",Kuala Lumpur,Wilayah Persekutuan,69805,2025-04-01
32467,Nadia,Wong,43,Female,014-5599235,1982-02-16,nadia32467@gmail.com,Bronze,"No. 32, Jalan E6",Ipoh,Perak,77397,2025-06-08
32468,Aisyah,Sim,29,Female,018-5032360,1995-09-03,aisyah32468@gmail.com,Bronze,"No. 178, Jalan B15",George Town,Pulau Pinang,77467,2025-07-19
32469,Rohani,Wong,53,Female,014-2600206,1972-09-30,rohani32469@gmail.com,Silver,"No. 35, Jalan D7",Johor Bahru,Johor,13488,2025-10-02
32470,Aiman,Sim,21,Male,013-4069014,2004-04-13,aiman32470@gmail.com,Bronze,"No. 298, Jalan C16",Petaling Jaya,Selangor,84428,2025-07-09
32471,Alia,Cheah,37,Female,018-7317908,1988-02-14,alia32471@gmail.com,Silver,"No. 218, Jalan B13",Johor Bahru,Johor,17022,2025-07-01
32472,Zarina,binti Ismail,32,Female,011-5220302,1993-09-05,zarina32472@gmail.com,Bronze,"No. 146, Jalan B11",Petaling Jaya,Selangor,58725,2025-11-21
32473,Ling Ling,Hassan,49,Female,013-6038681,1975-07-17,ling32473@gmail.com,Bronze,"No. 153, Jalan B4",Petaling Jaya,Selangor,33550,2025-04-02
32474,Jasmine,binti Ismail,50,Female,017-2072049,1975-03-07,jasmine32474@gmail.com,Bronze,"No. 144, Jalan F14",Petaling Jaya,Selangor,82326,2025-06-07
32475,Siti,binti Ismail,22,Female,011-3064538,2002-09-16,siti32475@gmail.com,Bronze,"No. 263, Jalan E1",George Town,Pulau Pinang,31462,2025-01-25
32476,Priya,Ong,30,Female,011-6633586,1994-09-25,priya32476@gmail.com,Bronze,"No. 273, Jalan E18",Johor Bahru,Johor,50437,2025-05-24
32477,Rohani,Lim,49,Female,016-2147961,1976-01-12,rohani32477@gmail.com,Silver,"No. 3, Jalan E16",Petaling Jaya,Selangor,76758,2025-12-03
32478,Suhaila,Goh,32,Female,019-5912839,1993-02-09,suhaila32478@gmail.com,Gold,"No. 177, Jalan F2",Johor Bahru,Johor,45483,2025-07-25
32479,Aisyah,Lim,53,Female,017-1281350,1971-10-20,aisyah32479@gmail.com,Bronze,"No. 71, Jalan A7",Kuala Lumpur,Wilayah Persekutuan,74045,2025-05-21
32480,Pei Shan,Cheah,49,Female,011-9727714,1975-11-16,pei32480@gmail.com,Bronze,"No. 5, Jalan E8",Petaling Jaya,Selangor,12707,2025-01-10
32481,Aisyah,bin Abdullah,39,Female,011-7632124,1985-04-21,aisyah32481@gmail.com,Silver,"No. 42, Jalan G12",Johor Bahru,Johor,20224,2025-01-25
32482,Chloe,Goh,20,Female,013-3406205,2004-09-08,chloe32482@gmail.com,Bronze,"No. 214, Jalan D17",Petaling Jaya,Selangor,10358,2025-08-25
32483,Priya,Ong,37,Female,010-2324369,1988-03-10,priya32483@gmail.com,Gold,"No. 120, Jalan F6",Johor Bahru,Johor,40032,2025-06-14
32484,Chloe,Cheah,58,Female,014-5026222,1966-05-30,chloe32484@gmail.com,Silver,"No. 24, Jalan G8",Johor Bahru,Johor,49913,2025-04-29
32485,Mei Ling,Chong,22,Female,019-6946818,2002-06-02,mei32485@gmail.com,Bronze,"No. 222, Jalan D15",Kuala Lumpur,Wilayah Persekutuan,47656,2025-05-16
32486,Arjun,a/l Subramaniam,36,Male,013-7443129,1989-01-05,arjun32486@gmail.com,Silver,"No. 80, Jalan E5",Melaka,Melaka,84203,2025-05-23
32487,Aisyah,a/p Subramaniam,32,Female,011-1954806,1993-07-21,aisyah32487@gmail.com,Bronze,"No. 106, Jalan E5",Kuala Lumpur,Wilayah Persekutuan,45708,2025-10-09
32488,Ling Ling,a/l Subramaniam,53,Female,013-9595653,1971-08-16,ling32488@gmail.com,Bronze,"No. 64, Jalan C17",Ipoh,Perak,32101,2025-05-23
32489,Xin Yi,Yeoh,58,Female,014-7499310,1966-12-03,xin32489@gmail.com,Gold,"No. 270, Jalan F7",Kuala Lumpur,Wilayah Persekutuan,50162,2025-01-19
32490,Wan Ying,Ong,48,Female,013-1589942,1976-11-15,wan32490@gmail.com,Bronze,"No. 66, Jalan E16",Johor Bahru,Johor,17459,2025-10-02
32491,Nurin,Hassan,57,Female,012-4369658,1968-08-29,nurin32491@gmail.com,Gold,"No. 109, Jalan E3",George Town,Pulau Pinang,74018,2025-11-25
32492,Hui Min,a/l Subramaniam,35,Female,015-3145801,1989-09-13,hui32492@gmail.com,Gold,"No. 89, Jalan F17",Kuala Lumpur,Wilayah Persekutuan,62133,2025-02-28
32493,Pei Shan,Ong,58,Female,016-6446557,1966-09-20,pei32493@gmail.com,Gold,"No. 157, Jalan G7",Johor Bahru,Johor,35916,2025-04-21
32494,Divya,a/l Subramaniam,52,Female,016-3301471,1972-07-02,divya32494@gmail.com,Bronze,"No. 200, Jalan A6",Petaling Jaya,Selangor,67277,2025-06-22
32495,Divya,Chong,57,Female,016-7554961,1968-07-25,divya32495@gmail.com,Bronze,"No. 165, Jalan F20",Ipoh,Perak,91399,2025-07-27
32496,Ling Ling,Lim,34,Female,019-3977885,1991-07-25,ling32496@gmail.com,Platinum,"No. 17, Jalan C3",Ipoh,Perak,49894,2025-07-26
32497,Suresh,Wong,41,Male,015-7975630,1984-02-01,suresh32497@gmail.com,Bronze,"No. 208, Jalan E14",Petaling Jaya,Selangor,90026,2025-09-14
32498,Farah,Cheah,34,Female,011-2104034,1990-02-25,farah32498@gmail.com,Bronze,"No. 29, Jalan G7",Johor Bahru,Johor,44834,2025-01-23
32499,Rajesh,Teoh,58,Male,010-6231891,1966-12-05,rajesh32499@gmail.com,Bronze,"No. 249, Jalan E3",Kuala Lumpur,Wilayah Persekutuan,66146,2025-03-13
32500,Sharmila,Hassan,30,Female,016-7824066,1994-04-18,sharmila32500@gmail.com,Bronze,"No. 294, Jalan A1",George Town,Pulau Pinang,42412,2025-02-18
32501,Pei Shan,Yeoh,31,Female,015-4694684,1994-06-12,pei32501@gmail.com,Silver,"No. 180, Jalan E7",Kuala Lumpur,Wilayah Persekutuan,90884,2025-11-17
32502,Nadia,Ong,27,Female,013-9730325,1998-05-06,nadia32502@gmail.com,Bronze,"No. 178, Jalan G1",Petaling Jaya,Selangor,32744,2025-05-09
32503,Rachel,Cheah,19,Female,014-3724645,2005-10-17,rachel32503@gmail.com,Bronze,"No. 267, Jalan B3",Melaka,Melaka,38642,2025-07-10
32504,Rachel,Lim,54,Female,011-4892003,1970-08-26,rachel32504@gmail.com,Silver,"No. 255, Jalan G1",Kuala Lumpur,Wilayah Persekutuan,99976,2025-01-04
32505,Kavitha,Tan,21,Female,010-6729407,2004-01-19,kavitha32505@gmail.com,Bronze,"No. 155, Jalan G19",Ipoh,Perak,51441,2025-11-26
32506,Priya,binti Ismail,27,Female,012-5140869,1997-10-23,priya32506@gmail.com,Gold,"No. 274, Jalan C3",Kuala Lumpur,Wilayah Persekutuan,21321,2025-04-17
32507,Zarina,Tan,44,Female,015-2286269,1981-02-07,zarina32507@gmail.com,Silver,"No. 36, Jalan A4",Petaling Jaya,Selangor,61764,2025-11-16
32508,Nur Aina,Cheah,38,Female,010-3107641,1987-03-17,nur32508@gmail.com,Bronze,"No. 295, Jalan E15",Johor Bahru,Johor,22707,2025-06-25
32509,Siti,Lee,29,Female,017-7436462,1995-12-09,siti32509@gmail.com,Bronze,"No. 276, Jalan E4",Johor Bahru,Johor,81520,2025-07-08
32510,Chloe,Sim,36,Female,014-6707519,1989-08-02,chloe32510@gmail.com,Platinum,"No. 113, Jalan D5",Ipoh,Perak,79435,2025-09-16
32511,Anisa,Goh,49,Female,012-3643261,1975-11-28,anisa32511@gmail.com,Bronze,"No. 184, Jalan F11",Melaka,Melaka,33600,2025-08-06
32512,Amelia,a/p Subramaniam,45,Female,011-7055108,1980-09-17,amelia32512@gmail.com,Silver,"No. 155, Jalan G19",Petaling Jaya,Selangor,80246,2025-10-12
32513,Arjun,Yeoh,48,Male,011-7925998,1977-04-05,arjun32513@gmail.com,Bronze,"No. 187, Jalan B4",Petaling Jaya,Selangor,37929,2025-07-02
32514,Mei Ling,Lee,60,Female,011-5414687,1965-02-25,mei32514@gmail.com,Bronze,"No. 175, Jalan C15",Kuala Lumpur,Wilayah Persekutuan,47686,2025-09-15
32515,Anisa,bin Abdullah,31,Female,017-7368116,1993-04-11,anisa32515@gmail.com,Silver,"No. 255, Jalan A12",Petaling Jaya,Selangor,63400,2025-04-09
32516,Aiman,Lim,34,Male,018-1739806,1991-05-12,aiman32516@gmail.com,Gold,"No. 231, Jalan E6",Kuala Lumpur,Wilayah Persekutuan,87870,2025-09-13
32517,Wei Jie,bin Abdullah,54,Male,015-8498135,1971-05-14,wei32517@gmail.com,Bronze,"No. 99, Jalan F4",Ipoh,Perak,45481,2025-12-03
32518,Anisa,Hassan,40,Female,019-9805599,1985-07-17,anisa32518@gmail.com,Silver,"No. 36, Jalan F19",Kuala Lumpur,Wilayah Persekutuan,50853,2025-12-10
32519,Anisa,bin Abdullah,46,Female,015-9750707,1978-08-10,anisa32519@gmail.com,Bronze,"No. 296, Jalan B15",Petaling Jaya,Selangor,55538,2025-02-28
32520,Kavitha,Goh,22,Female,013-4556355,2003-06-12,kavitha32520@gmail.com,Bronze,"No. 219, Jalan C20",Johor Bahru,Johor,23731,2025-10-26
32521,Aisyah,Sim,51,Female,011-6942524,1973-06-20,aisyah32521@gmail.com,Silver,"No. 40, Jalan A3",Kuala Lumpur,Wilayah Persekutuan,52182,2025-05-17
32522,Yee Ling,Teoh,54,Female,011-4499986,1970-08-11,yee32522@gmail.com,Bronze,"No. 55, Jalan B14",Johor Bahru,Johor,92084,2025-03-15
32523,Suhaila,Rahman,38,Female,010-1170002,1987-07-07,suhaila32523@gmail.com,Silver,"No. 256, Jalan F13",Kuala Lumpur,Wilayah Persekutuan,96645,2025-07-14
32524,Ling Ling,Ong,30,Female,017-3667171,1994-10-10,ling32524@gmail.com,Bronze,"No. 221, Jalan A7",George Town,Pulau Pinang,76171,2025-10-06
32525,Amelia,Rahman,43,Female,018-4094730,1982-04-13,amelia32525@gmail.com,Bronze,"No. 248, Jalan D13",Kuala Lumpur,Wilayah Persekutuan,19230,2025-08-03
32526,Suhaila,a/p Subramaniam,50,Female,016-8252142,1974-11-23,suhaila32526@gmail.com,Silver,"No. 48, Jalan A20",George Town,Pulau Pinang,81900,2025-06-06
32527,Divya,Wong,50,Female,013-5736387,1975-03-31,divya32527@gmail.com,Bronze,"No. 54, Jalan G13",George Town,Pulau Pinang,92789,2025-04-30
32528,Jasmine,Sim,40,Female,011-6959091,1984-07-23,jasmine32528@gmail.com,Bronze,"No. 60, Jalan E1",Kuala Lumpur,Wilayah Persekutuan,19813,2025-06-04
32529,Mei Ling,Tan,33,Female,017-7062862,1992-04-11,mei32529@gmail.com,Bronze,"No. 268, Jalan E6",Johor Bahru,Johor,87081,2025-08-13
32530,Divya,Sim,54,Female,013-4196697,1970-11-12,divya32530@gmail.com,Platinum,"No. 119, Jalan A1",Petaling Jaya,Selangor,85999,2025-01-22
32531,Suresh,Ong,21,Male,013-4889759,2004-03-22,suresh32531@gmail.com,Bronze,"No. 89, Jalan B6",Petaling Jaya,Selangor,95285,2025-06-24
32532,Lakshmi,Tan,35,Female,019-6885062,1989-05-23,lakshmi32532@gmail.com,Silver,"No. 223, Jalan F4",Johor Bahru,Johor,72089,2025-03-09
32533,Aiman,Ong,57,Male,015-2020503,1967-12-18,aiman32533@gmail.com,Bronze,"No. 195, Jalan E10",George Town,Pulau Pinang,48104,2025-06-02
32534,Lakshmi,a/l Subramaniam,43,Female,015-7442247,1981-10-26,lakshmi32534@gmail.com,Bronze,"No. 258, Jalan B17",Kuala Lumpur,Wilayah Persekutuan,94611,2025-05-31
32535,Priya,Chong,49,Female,016-6501054,1975-10-27,priya32535@gmail.com,Gold,"No. 25, Jalan B12",Melaka,Melaka,50785,2025-08-07
32536,Divya,Rahman,33,Female,019-6045407,1992-05-22,divya32536@gmail.com,Bronze,"No. 174, Jalan E6",Kuala Lumpur,Wilayah Persekutuan,21689,2025-10-03
32537,Nurin,Goh,41,Female,015-4222022,1984-09-11,nurin32537@gmail.com,Bronze,"No. 69, Jalan D1",Ipoh,Perak,40596,2025-09-24
32538,Kumar,Hassan,48,Male,015-7629386,1977-02-09,kumar32538@gmail.com,Gold,"No. 16, Jalan C19",Kuala Lumpur,Wilayah Persekutuan,30477,2025-10-22
32539,Nurin,Cheah,31,Female,011-2262495,1993-09-06,nurin32539@gmail.com,Bronze,"No. 172, Jalan B18",Petaling Jaya,Selangor,83165,2025-01-02
32540,Chloe,Yeoh,44,Female,014-4145514,1980-12-16,chloe32540@gmail.com,Gold,"No. 38, Jalan D15",Johor Bahru,Johor,55601,2025-11-23
32541,Alia,bin Abdullah,22,Female,017-5056552,2002-06-22,alia32541@gmail.com,Bronze,"No. 206, Jalan E10",Kuala Lumpur,Wilayah Persekutuan,61219,2025-02-15
32542,Xin Yi,Sim,37,Female,017-6245170,1987-07-25,xin32542@gmail.com,Silver,"No. 45, Jalan F8",George Town,Pulau Pinang,95658,2025-06-21
32543,Aisyah,Ong,58,Female,016-3231562,1966-11-07,aisyah32543@gmail.com,Silver,"No. 141, Jalan B5",Ipoh,Perak,55741,2025-03-31
32544,Nur Aina,Lee,54,Female,014-4996883,1971-02-02,nur32544@gmail.com,Gold,"No. 113, Jalan C17",Kuala Lumpur,Wilayah Persekutuan,73320,2025-07-20
32545,Kumar,Hassan,18,Male,015-4300866,2006-08-12,kumar32545@gmail.com,Bronze,"No. 192, Jalan G18",Melaka,Melaka,91542,2025-07-31
32546,Mei Ling,Cheah,22,Female,018-7291944,2003-04-10,mei32546@gmail.com,Bronze,"No. 17, Jalan D5",Johor Bahru,Johor,64709,2025-09-21
32547,Kavitha,Teoh,29,Female,014-8697631,1995-11-25,kavitha32547@gmail.com,Platinum,"No. 152, Jalan B18",George Town,Pulau Pinang,55785,2025-10-27
32548,Suhaila,binti Ismail,37,Female,014-5887693,1987-07-07,suhaila32548@gmail.com,Bronze,"No. 19, Jalan G10",Kuala Lumpur,Wilayah Persekutuan,33187,2025-02-16
32549,Suhaila,Cheah,54,Female,013-6227983,1970-09-25,suhaila32549@gmail.com,Bronze,"No. 295, Jalan E7",Johor Bahru,Johor,57382,2025-08-13
32550,Farah,Rahman,27,Female,014-5417184,1998-09-11,farah32550@gmail.com,Gold,"No. 102, Jalan D4",Kuala Lumpur,Wilayah Persekutuan,73528,2025-10-17
32551,Rachel,a/p Subramaniam,33,Female,010-3923698,1992-01-22,rachel32551@gmail.com,Gold,"No. 34, Jalan B7",George Town,Pulau Pinang,30921,2025-03-13
32552,Jasmine,a/l Subramaniam,18,Female,018-7936296,2006-03-28,jasmine32552@gmail.com,Bronze,"No. 82, Jalan E1",Melaka,Melaka,35836,2025-01-20
32553,Priya,Lim,22,Female,011-3246778,2002-12-04,priya32553@gmail.com,Bronze,"No. 187, Jalan G6",Petaling Jaya,Selangor,94047,2025-03-28
32554,Nadia,Sim,46,Female,012-6369376,1978-09-13,nadia32554@gmail.com,Silver,"No. 217, Jalan A17",Ipoh,Perak,37430,2025-04-27
32555,Faizal,Yeoh,50,Male,019-8679264,1975-09-19,faizal32555@gmail.com,Bronze,"No. 184, Jalan D8",Melaka,Melaka,69603,2025-10-28
32556,Jasmine,Hassan,57,Female,017-2371536,1968-07-15,jasmine32556@gmail.com,Silver,"No. 242, Jalan A5",Petaling Jaya,Selangor,91061,2025-11-12
32557,Wei Jie,Lim,25,Male,015-5861739,2000-06-29,wei32557@gmail.com,Silver,"No. 297, Jalan A4",Petaling Jaya,Selangor,45040,2025-07-25
32558,Haziq,Tan,60,Male,011-4601108,1965-07-14,haziq32558@gmail.com,Bronze,"No. 138, Jalan E16",Johor Bahru,Johor,30537,2025-10-22
32559,Anisa,Lee,47,Female,014-8677470,1977-05-05,anisa32559@gmail.com,Bronze,"No. 77, Jalan C4",Johor Bahru,Johor,11625,2025-01-12
32560,Arjun,Rahman,30,Male,016-2518769,1995-02-12,arjun32560@gmail.com,Bronze,"No. 292, Jalan F9",Kuala Lumpur,Wilayah Persekutuan,83276,2025-07-18
32561,Nur Aina,Sim,48,Female,013-2750797,1977-03-23,nur32561@gmail.com,Bronze,"No. 298, Jalan A19",Ipoh,Perak,45517,2025-09-10
32562,Nur Aina,Wong,59,Female,013-8300114,1965-09-17,nur32562@gmail.com,Platinum,"No. 143, Jalan F9",Ipoh,Perak,87814,2025-01-23
32563,Priya,a/l Subramaniam,45,Female,016-2333374,1979-06-02,priya32563@gmail.com,Silver,"No. 134, Jalan B8",Johor Bahru,Johor,66572,2025-03-17
32564,Amelia,Hassan,47,Female,017-9172817,1978-05-30,amelia32564@gmail.com,Bronze,"No. 92, Jalan G1",Johor Bahru,Johor,94871,2025-08-25
32565,Farah,Rahman,31,Female,017-9722497,1993-06-11,farah32565@gmail.com,Gold,"No. 217, Jalan G20",George Town,Pulau Pinang,31000,2025-04-04
32566,Amirul,bin Abdullah,40,Male,012-8446525,1984-07-23,amirul32566@gmail.com,Bronze,"No. 197, Jalan E1",Ipoh,Perak,94502,2025-05-10
32567,Divya,Teoh,22,Female,010-2665263,2003-05-05,divya32567@gmail.com,Bronze,"No. 141, Jalan G2",Kuala Lumpur,Wilayah Persekutuan,93977,2025-11-11
32568,Divya,Tan,42,Female,010-1256541,1982-09-19,divya32568@gmail.com,Bronze,"No. 175, Jalan A17",George Town,Pulau Pinang,33385,2025-01-03
32569,Jasmine,Chong,28,Female,019-9579616,1997-03-09,jasmine32569@gmail.com,Gold,"No. 45, Jalan E19",Ipoh,Perak,97897,2025-08-11
32570,Rohani,binti Ismail,37,Female,010-1504308,1988-07-25,rohani32570@gmail.com,Bronze,"No. 5, Jalan B10",Ipoh,Perak,25370,2025-08-15
32571,Aisyah,Teoh,48,Female,018-1917723,1976-10-18,aisyah32571@gmail.com,Silver,"No. 224, Jalan G16",George Town,Pulau Pinang,73586,2025-05-28
32572,Divya,Yeoh,38,Female,018-4323304,1987-01-21,divya32572@gmail.com,Silver,"No. 89, Jalan F1",George Town,Pulau Pinang,68967,2025-03-04
32573,Jasmine,Wong,21,Female,018-2969471,2004-01-30,jasmine32573@gmail.com,Bronze,"No. 4, Jalan D4",Melaka,Melaka,98136,2025-07-28
32574,Alia,Yeoh,57,Female,016-6609655,1968-07-03,alia32574@gmail.com,Silver,"No. 210, Jalan C15",Kuala Lumpur,Wilayah Persekutuan,63471,2025-10-14
32575,Suhaila,Hassan,19,Female,010-8749811,2005-09-17,suhaila32575@gmail.com,Bronze,"No. 181, Jalan F11",Johor Bahru,Johor,55905,2025-04-02
32576,Kumar,Yeoh,26,Male,012-5079592,1998-12-08,kumar32576@gmail.com,Bronze,"No. 70, Jalan E7",Petaling Jaya,Selangor,33476,2025-04-08
32577,Xin Yi,Chong,21,Female,012-5477700,2003-11-16,xin32577@gmail.com,Bronze,"No. 129, Jalan E1",George Town,Pulau Pinang,92766,2025-02-24
32578,Pei Shan,Rahman,24,Female,016-3348998,2001-04-21,pei32578@gmail.com,Silver,"No. 259, Jalan C8",Petaling Jaya,Selangor,24562,2025-11-26
32579,Aisyah,Cheah,55,Female,012-5689285,1970-03-28,aisyah32579@gmail.com,Bronze,"No. 203, Jalan B3",Petaling Jaya,Selangor,28171,2025-05-06
32580,Chloe,binti Ismail,39,Female,010-1579185,1985-12-21,chloe32580@gmail.com,Silver,"No. 157, Jalan C3",Kuala Lumpur,Wilayah Persekutuan,80926,2025-11-27
32581,Aisyah,Tan,55,Female,013-9391030,1970-02-10,aisyah32581@gmail.com,Bronze,"No. 78, Jalan F5",Petaling Jaya,Selangor,51107,2025-11-06
32582,Kavitha,Rahman,28,Female,019-8072264,1996-09-01,kavitha32582@gmail.com,Platinum,"No. 119, Jalan D10",Ipoh,Perak,99610,2025-05-16
32583,Ling Ling,Rahman,32,Female,010-6638443,1993-02-08,ling32583@gmail.com,Silver,"No. 33, Jalan G15",Melaka,Melaka,63566,2025-06-21
32584,Siti,Teoh,48,Female,011-2266969,1976-06-21,siti32584@gmail.com,Bronze,"No. 270, Jalan A7",Kuala Lumpur,Wilayah Persekutuan,38799,2025-05-23
32585,Nadia,a/p Subramaniam,19,Female,014-2444215,2005-09-03,nadia32585@gmail.com,Gold,"No. 161, Jalan G13",Johor Bahru,Johor,12194,2025-07-10
32586,Rohani,Chong,18,Female,018-9814464,2007-02-18,rohani32586@gmail.com,Gold,"No. 67, Jalan B11",Kuala Lumpur,Wilayah Persekutuan,68921,2025-05-30
32587,Amelia,Yeoh,19,Female,011-1246445,2005-09-12,amelia32587@gmail.com,Gold,"No. 180, Jalan G11",Johor Bahru,Johor,25226,2025-02-25
32588,Hui Min,Lim,53,Female,012-1287639,1972-07-18,hui32588@gmail.com,Bronze,"No. 185, Jalan F11",Melaka,Melaka,45973,2025-09-20
32589,Chloe,Goh,53,Female,010-8981859,1972-04-17,chloe32589@gmail.com,Bronze,"No. 282, Jalan D11",Kuala Lumpur,Wilayah Persekutuan,88222,2025-08-10
32590,Nurin,Lim,45,Female,014-5038909,1980-05-12,nurin32590@gmail.com,Bronze,"No. 134, Jalan B8",Ipoh,Perak,50118,2025-12-08
32591,Priya,Teoh,51,Female,011-5147379,1973-05-25,priya32591@gmail.com,Bronze,"No. 147, Jalan E5",Ipoh,Perak,57799,2025-01-11
32592,Jun Hao,Cheah,25,Male,015-3944072,2000-05-23,jun32592@gmail.com,Bronze,"No. 76, Jalan E13",Kuala Lumpur,Wilayah Persekutuan,83061,2025-11-18
32593,Arjun,Ong,56,Male,014-5796039,1968-10-24,arjun32593@gmail.com,Silver,"No. 167, Jalan F10",Ipoh,Perak,31729,2025-05-30
32594,Kavitha,Lee,23,Female,012-8346083,2001-12-04,kavitha32594@gmail.com,Silver,"No. 191, Jalan C3",Petaling Jaya,Selangor,40424,2025-07-09
32595,Amirul,Lim,38,Male,019-8045367,1986-07-03,amirul32595@gmail.com,Silver,"No. 266, Jalan F2",Melaka,Melaka,59405,2025-01-10
32596,Amelia,Lim,57,Female,017-8554595,1967-09-03,amelia32596@gmail.com,Bronze,"No. 105, Jalan G14",Melaka,Melaka,93211,2025-02-23
32597,Faizal,Yeoh,35,Male,015-3977281,1989-06-09,faizal32597@gmail.com,Bronze,"No. 243, Jalan D1",Petaling Jaya,Selangor,89206,2025-02-05
32598,Nur Aina,a/p Subramaniam,31,Female,017-9938629,1993-10-02,nur32598@gmail.com,Bronze,"No. 5, Jalan C17",Kuala Lumpur,Wilayah Persekutuan,75705,2025-08-01
32599,Mei Ling,Ong,52,Female,011-1610086,1973-05-13,mei32599@gmail.com,Platinum,"No. 127, Jalan B2",Kuala Lumpur,Wilayah Persekutuan,76047,2025-12-10
32600,Zarina,Lee,31,Female,016-1853849,1993-03-15,zarina32600@gmail.com,Silver,"No. 161, Jalan G19",Kuala Lumpur,Wilayah Persekutuan,43716,2025-01-20
32601,Sharmila,Goh,43,Female,017-3043061,1982-10-07,sharmila32601@gmail.com,Bronze,"No. 102, Jalan C14",Johor Bahru,Johor,96131,2025-11-24
32602,Nurin,Tan,39,Female,013-1628418,1986-05-30,nurin32602@gmail.com,Bronze,"No. 37, Jalan G14",Petaling Jaya,Selangor,86193,2025-10-26
32603,Haziq,Cheah,22,Male,010-8069117,2002-09-07,haziq32603@gmail.com,Bronze,"No. 50, Jalan E6",George Town,Pulau Pinang,10912,2025-05-02
32604,Haziq,Sim,29,Male,014-6173790,1996-08-20,haziq32604@gmail.com,Bronze,"No. 45, Jalan E8",George Town,Pulau Pinang,10803,2025-11-18
32605,Alia,Wong,36,Female,014-3196316,1989-01-15,alia32605@gmail.com,Bronze,"No. 161, Jalan D3",Kuala Lumpur,Wilayah Persekutuan,53855,2025-03-23
32606,Mei Ling,Goh,50,Female,016-6545142,1974-03-30,mei32606@gmail.com,Bronze,"No. 25, Jalan E19",Ipoh,Perak,27501,2025-01-05
32607,Mei Ling,Rahman,47,Female,016-4477346,1977-12-25,mei32607@gmail.com,Bronze,"No. 84, Jalan F5",Melaka,Melaka,25414,2025-04-27
32608,Ling Ling,Goh,49,Female,017-3751715,1976-03-07,ling32608@gmail.com,Bronze,"No. 183, Jalan C13",Melaka,Melaka,28988,2025-11-05
32609,Amelia,Teoh,35,Female,014-6043732,1990-08-13,amelia32609@gmail.com,Bronze,"No. 95, Jalan C15",Johor Bahru,Johor,71940,2025-10-14
32610,Alia,bin Abdullah,57,Female,015-7124538,1968-05-06,alia32610@gmail.com,Silver,"No. 257, Jalan A18",Ipoh,Perak,94989,2025-09-12
32611,Nur Aina,Ong,51,Female,019-2112158,1973-12-20,nur32611@gmail.com,Platinum,"No. 94, Jalan A18",Ipoh,Perak,74430,2025-09-11
32612,Rohani,Hassan,20,Female,017-3749995,2005-04-10,rohani32612@gmail.com,Silver,"No. 229, Jalan G19",Petaling Jaya,Selangor,83836,2025-08-31
32613,Hui Min,Cheah,31,Female,012-2187517,1994-02-15,hui32613@gmail.com,Silver,"No. 33, Jalan A18",Kuala Lumpur,Wilayah Persekutuan,33313,2025-09-25
32614,Kumar,Wong,44,Male,016-8150921,1981-01-06,kumar32614@gmail.com,Silver,"No. 224, Jalan A18",Kuala Lumpur,Wilayah Persekutuan,14436,2025-05-23
32615,Sharmila,Rahman,32,Female,014-5845729,1992-04-11,sharmila32615@gmail.com,Bronze,"No. 283, Jalan A5",Johor Bahru,Johor,17901,2025-01-02
32616,Nurin,a/l Subramaniam,42,Female,012-3426924,1982-11-23,nurin32616@gmail.com,Bronze,"No. 109, Jalan G20",Petaling Jaya,Selangor,87114,2025-02-07
32617,Nadia,Sim,52,Female,014-6167278,1972-11-29,nadia32617@gmail.com,Silver,"No. 19, Jalan C7",Kuala Lumpur,Wilayah Persekutuan,83465,2025-09-26
32618,Rohani,binti Ismail,30,Female,019-1810343,1995-05-26,rohani32618@gmail.com,Silver,"No. 189, Jalan C12",Johor Bahru,Johor,83435,2025-10-26
32619,Rohani,Cheah,37,Female,010-1709668,1988-01-06,rohani32619@gmail.com,Bronze,"No. 245, Jalan A10",Kuala Lumpur,Wilayah Persekutuan,80406,2025-09-09
32620,Jun Hao,Wong,39,Male,010-2330505,1985-12-12,jun32620@gmail.com,Bronze,"No. 265, Jalan G5",Johor Bahru,Johor,56666,2025-10-14
32621,Amelia,bin Abdullah,53,Female,014-3408561,1972-01-09,amelia32621@gmail.com,Silver,"No. 115, Jalan B3",Petaling Jaya,Selangor,80643,2025-01-23
32622,Wei Jie,Ong,38,Male,015-1369825,1987-06-07,wei32622@gmail.com,Gold,"No. 59, Jalan D13",George Town,Pulau Pinang,73414,2025-12-11
32623,Mei Ling,Cheah,56,Female,010-1655193,1968-07-20,mei32623@gmail.com,Platinum,"No. 242, Jalan E13",Petaling Jaya,Selangor,23913,2025-03-09
32624,Jun Hao,Sim,39,Male,019-1487771,1986-05-23,jun32624@gmail.com,Silver,"No. 87, Jalan G3",Johor Bahru,Johor,56502,2025-06-19
32625,Chloe,Teoh,45,Female,011-9843694,1979-07-07,chloe32625@gmail.com,Silver,"No. 281, Jalan C19",Petaling Jaya,Selangor,73433,2025-06-06
32626,Yee Ling,Hassan,25,Female,013-6979741,2000-06-03,yee32626@gmail.com,Bronze,"No. 11, Jalan D13",Petaling Jaya,Selangor,20719,2025-10-16
32627,Yee Ling,Teoh,43,Female,018-2969286,1981-05-18,yee32627@gmail.com,Silver,"No. 239, Jalan B14",Ipoh,Perak,45366,2025-03-08
32628,Nurin,Sim,29,Female,013-2602546,1995-08-03,nurin32628@gmail.com,Gold,"No. 118, Jalan A15",Melaka,Melaka,25945,2025-04-26
32629,Anisa,bin Abdullah,40,Female,016-8678929,1984-06-26,anisa32629@gmail.com,Bronze,"No. 197, Jalan D13",George Town,Pulau Pinang,23786,2025-01-16
32630,Zarina,Teoh,23,Female,019-2850822,2002-05-25,zarina32630@gmail.com,Bronze,"No. 2, Jalan E1",Johor Bahru,Johor,90063,2025-11-10
32631,Farah,binti Ismail,34,Female,018-7975772,1991-08-08,farah32631@gmail.com,Bronze,"No. 2, Jalan C8",Melaka,Melaka,54841,2025-10-23
32632,Xin Yi,Ong,54,Female,010-3747699,1970-11-25,xin32632@gmail.com,Bronze,"No. 243, Jalan C8",Johor Bahru,Johor,91045,2025-01-11
32633,Priya,binti Ismail,39,Female,016-5921041,1986-02-16,priya32633@gmail.com,Gold,"No. 33, Jalan B3",Petaling Jaya,Selangor,93720,2025-04-12
32634,Suhaila,Rahman,32,Female,019-2431432,1993-12-06,suhaila32634@gmail.com,Silver,"No. 262, Jalan G6",Johor Bahru,Johor,89650,2025-12-07
32635,Kavitha,Yeoh,32,Female,016-8282398,1992-04-28,kavitha32635@gmail.com,Gold,"No. 28, Jalan D7",Melaka,Melaka,13784,2025-01-26
32636,Mei Ling,bin Abdullah,35,Female,017-7588195,1989-07-30,mei32636@gmail.com,Bronze,"No. 4, Jalan G1",Petaling Jaya,Selangor,53294,2025-06-10
32637,Rohani,Teoh,38,Female,019-1845342,1986-07-04,rohani32637@gmail.com,Bronze,"No. 62, Jalan A12",Kuala Lumpur,Wilayah Persekutuan,75750,2025-03-12
32638,Suhaila,bin Abdullah,19,Female,014-6815817,2006-02-06,suhaila32638@gmail.com,Silver,"No. 102, Jalan E19",Johor Bahru,Johor,84670,2025-08-30
32639,Nur Aina,bin Abdullah,55,Female,019-8108496,1970-01-20,nur32639@gmail.com,Bronze,"No. 105, Jalan A13",Kuala Lumpur,Wilayah Persekutuan,52632,2025-03-04
32640,Sharmila,Lim,51,Female,016-5394273,1973-09-04,sharmila32640@gmail.com,Bronze,"No. 62, Jalan E16",Petaling Jaya,Selangor,11223,2025-01-15
32641,Rachel,Tan,22,Female,016-5744971,2003-06-29,rachel32641@gmail.com,Platinum,"No. 76, Jalan B20",Kuala Lumpur,Wilayah Persekutuan,83545,2025-09-27
32642,Rajesh,Wong,28,Male,015-2800853,1996-12-28,rajesh32642@gmail.com,Bronze,"No. 64, Jalan D13",Ipoh,Perak,95697,2025-04-16
32643,Amirul,Lim,24,Male,010-6889487,2000-11-17,amirul32643@gmail.com,Bronze,"No. 299, Jalan G12",Petaling Jaya,Selangor,48892,2025-05-02
32644,Lakshmi,Rahman,19,Female,016-2614891,2005-06-13,lakshmi32644@gmail.com,Gold,"No. 32, Jalan E11",George Town,Pulau Pinang,62526,2025-01-12
32645,Jun Hao,Chong,49,Male,013-9979299,1975-08-04,jun32645@gmail.com,Bronze,"No. 86, Jalan E2",George Town,Pulau Pinang,50271,2025-01-20
32646,Pei Shan,Teoh,27,Female,019-1476399,1997-10-18,pei32646@gmail.com,Gold,"No. 242, Jalan D10",Ipoh,Perak,55086,2025-10-06
32647,Sharmila,a/p Subramaniam,55,Female,012-4701688,1970-01-18,sharmila32647@gmail.com,Bronze,"No. 248, Jalan B20",George Town,Pulau Pinang,75339,2025-07-14
32648,Pei Shan,Goh,34,Female,012-2756739,1991-03-17,pei32648@gmail.com,Bronze,"No. 253, Jalan C18",Johor Bahru,Johor,91461,2025-06-27
32649,Nur Aina,bin Abdullah,29,Female,014-4861852,1995-06-26,nur32649@gmail.com,Silver,"No. 214, Jalan E19",Kuala Lumpur,Wilayah Persekutuan,42091,2025-02-06
32650,Hui Min,Chong,26,Female,017-1244789,1999-04-18,hui32650@gmail.com,Bronze,"No. 257, Jalan B9",Johor Bahru,Johor,90972,2025-07-19
32651,Zhi Wei,Goh,18,Male,018-9008696,2007-04-06,zhi32651@gmail.com,Silver,"No. 90, Jalan C15",Kuala Lumpur,Wilayah Persekutuan,72789,2025-10-10
32652,Chloe,Sim,49,Female,014-1028545,1976-06-16,chloe32652@gmail.com,Bronze,"No. 105, Jalan D15",Ipoh,Perak,14975,2025-06-30
32653,Chloe,Sim,40,Female,019-7993071,1984-12-19,chloe32653@gmail.com,Bronze,"No. 236, Jalan D3",George Town,Pulau Pinang,37393,2025-07-09
32654,Nadia,binti Ismail,22,Female,012-7803142,2002-12-01,nadia32654@gmail.com,Silver,"No. 45, Jalan G17",Kuala Lumpur,Wilayah Persekutuan,70698,2025-05-01
32655,Ling Ling,Ong,47,Female,010-9938341,1978-06-03,ling32655@gmail.com,Bronze,"No. 2, Jalan F13",Petaling Jaya,Selangor,45533,2025-07-14
32656,Aisyah,Rahman,56,Female,015-4703510,1969-02-26,aisyah32656@gmail.com,Bronze,"No. 151, Jalan C19",Ipoh,Perak,37050,2025-08-08
32657,Hui Min,Tan,25,Female,017-7373309,1999-10-21,hui32657@gmail.com,Platinum,"No. 102, Jalan F1",Melaka,Melaka,85284,2025-05-20
32658,Sharmila,Teoh,45,Female,017-3112631,1979-09-01,sharmila32658@gmail.com,Bronze,"No. 155, Jalan G11",Johor Bahru,Johor,35071,2025-05-19
32659,Anisa,a/p Subramaniam,56,Female,016-5541207,1969-02-10,anisa32659@gmail.com,Bronze,"No. 219, Jalan E5",Johor Bahru,Johor,48631,2025-10-06
32660,Alia,bin Abdullah,41,Female,013-4385768,1984-09-21,alia32660@gmail.com,Bronze,"No. 47, Jalan C9",Kuala Lumpur,Wilayah Persekutuan,14866,2025-11-28
32661,Chloe,Ong,53,Female,014-2918048,1972-01-16,chloe32661@gmail.com,Bronze,"No. 48, Jalan D6",Petaling Jaya,Selangor,64416,2025-02-07
32662,Chloe,Ong,33,Female,018-9884446,1992-01-31,chloe32662@gmail.com,Gold,"No. 31, Jalan G3",Ipoh,Perak,16251,2025-09-28
32663,Sharmila,Wong,47,Female,014-6035657,1977-03-30,sharmila32663@gmail.com,Bronze,"No. 111, Jalan E6",Johor Bahru,Johor,49722,2025-03-22
32664,Farah,Tan,58,Female,019-2839039,1967-02-24,farah32664@gmail.com,Silver,"No. 108, Jalan B1",Johor Bahru,Johor,33539,2025-02-24
32665,Anisa,Lee,29,Female,013-2863908,1995-09-30,anisa32665@gmail.com,Silver,"No. 184, Jalan B10",Kuala Lumpur,Wilayah Persekutuan,51505,2025-08-03
32666,Nurin,Hassan,27,Female,018-9465814,1998-11-10,nurin32666@gmail.com,Bronze,"No. 153, Jalan A12",Kuala Lumpur,Wilayah Persekutuan,10229,2025-11-11
32667,Wan Ying,Ong,49,Female,019-1605189,1975-11-18,wan32667@gmail.com,Gold,"No. 277, Jalan B12",Kuala Lumpur,Wilayah Persekutuan,35341,2025-10-03
32668,Xin Yi,Hassan,52,Female,015-3067017,1972-12-26,xin32668@gmail.com,Silver,"No. 273, Jalan B8",George Town,Pulau Pinang,73312,2025-11-05
32669,Nurin,Lee,22,Female,016-1364098,2002-07-28,nurin32669@gmail.com,Bronze,"No. 52, Jalan A9",Kuala Lumpur,Wilayah Persekutuan,80102,2025-06-21
32670,Nur Aina,binti Ismail,42,Female,016-8036504,1983-09-26,nur32670@gmail.com,Gold,"No. 298, Jalan E5",Kuala Lumpur,Wilayah Persekutuan,79715,2025-10-30
32671,Nadia,Chong,59,Female,014-2993234,1966-02-03,nadia32671@gmail.com,Silver,"No. 142, Jalan G8",Ipoh,Perak,21609,2025-02-03
32672,Kavitha,a/l Subramaniam,36,Female,017-4461422,1989-08-01,kavitha32672@gmail.com,Gold,"No. 297, Jalan B11",Johor Bahru,Johor,93398,2025-11-03
32673,Lakshmi,Goh,28,Female,016-4309089,1996-04-14,lakshmi32673@gmail.com,Silver,"No. 34, Jalan D1",Kuala Lumpur,Wilayah Persekutuan,21763,2025-03-13
32674,Amelia,binti Ismail,36,Female,017-4322638,1989-01-07,amelia32674@gmail.com,Gold,"No. 178, Jalan E5",Petaling Jaya,Selangor,92392,2025-01-20
32675,Nur Aina,Chong,56,Female,016-2483319,1968-08-27,nur32675@gmail.com,Silver,"No. 167, Jalan D10",Ipoh,Perak,24375,2025-08-20
32676,Wan Ying,Lee,57,Female,019-5632843,1967-03-13,wan32676@gmail.com,Silver,"No. 219, Jalan F15",Johor Bahru,Johor,78407,2025-01-24
32677,Yee Ling,Hassan,42,Female,015-4260359,1982-09-09,yee32677@gmail.com,Bronze,"No. 39, Jalan B12",Johor Bahru,Johor,18912,2025-04-28
32678,Rajesh,Yeoh,52,Male,019-3156485,1973-03-30,rajesh32678@gmail.com,Bronze,"No. 288, Jalan A3",George Town,Pulau Pinang,78361,2025-10-06
32679,Pei Shan,Cheah,24,Female,014-4427493,2000-10-13,pei32679@gmail.com,Silver,"No. 101, Jalan E9",George Town,Pulau Pinang,56544,2025-07-12
32680,Nurin,Teoh,41,Female,013-1864917,1983-04-06,nurin32680@gmail.com,Bronze,"No. 23, Jalan D18",Petaling Jaya,Selangor,69093,2025-02-13
32681,Xin Yi,Cheah,39,Female,017-6557962,1986-06-20,xin32681@gmail.com,Bronze,"No. 18, Jalan E12",Kuala Lumpur,Wilayah Persekutuan,70614,2025-07-15
32682,Rachel,binti Ismail,57,Female,014-5367897,1968-01-29,rachel32682@gmail.com,Silver,"No. 86, Jalan D6",Petaling Jaya,Selangor,16629,2025-11-01
32683,Kok Wai,Goh,35,Male,018-6441592,1990-04-23,kok32683@gmail.com,Bronze,"No. 170, Jalan G7",Petaling Jaya,Selangor,67285,2025-06-13
32684,Kavitha,a/l Subramaniam,55,Female,019-2772975,1970-02-19,kavitha32684@gmail.com,Silver,"No. 207, Jalan B7",Ipoh,Perak,83799,2025-10-17
32685,Alia,Hassan,19,Female,014-6010544,2006-05-27,alia32685@gmail.com,Silver,"No. 16, Jalan F8",Kuala Lumpur,Wilayah Persekutuan,65757,2025-09-12
32686,Zarina,Rahman,20,Female,013-6250567,2004-04-08,zarina32686@gmail.com,Bronze,"No. 105, Jalan G7",Kuala Lumpur,Wilayah Persekutuan,57593,2025-02-19
32687,Rachel,Goh,21,Female,016-6096988,2004-01-13,rachel32687@gmail.com,Bronze,"No. 216, Jalan A19",Melaka,Melaka,12395,2025-04-26
32688,Divya,Hassan,37,Female,015-9458162,1988-05-18,divya32688@gmail.com,Bronze,"No. 18, Jalan C1",George Town,Pulau Pinang,66819,2025-06-28
32689,Nurin,Sim,34,Female,013-7646036,1991-01-25,nurin32689@gmail.com,Silver,"No. 185, Jalan C1",George Town,Pulau Pinang,53023,2025-02-21
32690,Pei Shan,Goh,51,Female,016-9700627,1973-11-24,pei32690@gmail.com,Silver,"No. 282, Jalan F2",Kuala Lumpur,Wilayah Persekutuan,89113,2025-10-25
32691,Zhi Wei,Tan,34,Male,016-6130365,1991-02-13,zhi32691@gmail.com,Silver,"No. 252, Jalan A12",Kuala Lumpur,Wilayah Persekutuan,92808,2025-04-30
32692,Mei Ling,Rahman,23,Female,017-6045719,2001-08-23,mei32692@gmail.com,Silver,"No. 73, Jalan D9",Kuala Lumpur,Wilayah Persekutuan,41974,2025-05-20
32693,Kavitha,Sim,39,Female,012-2483554,1985-11-29,kavitha32693@gmail.com,Silver,"No. 8, Jalan F15",Ipoh,Perak,75412,2025-09-19
32694,Anisa,Chong,44,Female,014-6119980,1981-05-20,anisa32694@gmail.com,Bronze,"No. 238, Jalan B12",Kuala Lumpur,Wilayah Persekutuan,43609,2025-08-13
32695,Xin Yi,Goh,27,Female,012-6341119,1997-10-19,xin32695@gmail.com,Silver,"No. 297, Jalan G6",Kuala Lumpur,Wilayah Persekutuan,65245,2025-10-06
32696,Alia,binti Ismail,30,Female,013-3409830,1995-11-11,alia32696@gmail.com,Gold,"No. 47, Jalan B18",Melaka,Melaka,75862,2025-11-14
32697,Wan Ying,Lee,22,Female,011-1094959,2003-01-03,wan32697@gmail.com,Bronze,"No. 116, Jalan D17",Kuala Lumpur,Wilayah Persekutuan,47650,2025-02-05
32698,Siti,Cheah,54,Female,018-3317490,1971-06-26,siti32698@gmail.com,Silver,"No. 159, Jalan B16",Kuala Lumpur,Wilayah Persekutuan,47817,2025-12-10
32699,Alia,Lee,35,Female,015-1273143,1990-01-09,alia32699@gmail.com,Bronze,"No. 159, Jalan D3",Ipoh,Perak,35732,2025-01-16
32700,Farah,Tan,49,Female,016-7014124,1976-01-29,farah32700@gmail.com,Silver,"No. 128, Jalan E7",Ipoh,Perak,19011,2025-09-07
32701,Priya,Wong,18,Female,014-4479166,2007-04-22,priya32701@gmail.com,Bronze,"No. 114, Jalan G10",Petaling Jaya,Selangor,17317,2025-10-20
32702,Pei Shan,Ong,27,Female,019-1859672,1997-04-03,pei32702@gmail.com,Bronze,"No. 96, Jalan F7",Petaling Jaya,Selangor,46281,2025-03-20
32703,Suhaila,binti Ismail,33,Female,011-9005365,1992-09-16,suhaila32703@gmail.com,Silver,"No. 260, Jalan C7",Ipoh,Perak,21652,2025-11-12
32704,Xin Yi,a/l Subramaniam,36,Female,010-5430010,1989-02-23,xin32704@gmail.com,Platinum,"No. 251, Jalan C2",Johor Bahru,Johor,75957,2025-07-10
32705,Chloe,Lee,35,Female,016-2181250,1990-01-14,chloe32705@gmail.com,Bronze,"No. 51, Jalan F3",Kuala Lumpur,Wilayah Persekutuan,68432,2025-03-11
32706,Rohani,Cheah,60,Female,016-1451791,1965-01-29,rohani32706@gmail.com,Bronze,"No. 118, Jalan B19",Melaka,Melaka,61653,2025-11-23
32707,Lakshmi,Lim,30,Female,012-4263403,1995-03-02,lakshmi32707@gmail.com,Silver,"No. 164, Jalan B8",Kuala Lumpur,Wilayah Persekutuan,41141,2025-08-24
32708,Siti,Cheah,38,Female,010-4710581,1986-07-07,siti32708@gmail.com,Gold,"No. 71, Jalan B16",Petaling Jaya,Selangor,19373,2025-02-03
32709,Suhaila,Teoh,52,Female,013-9488534,1972-06-13,suhaila32709@gmail.com,Silver,"No. 139, Jalan G1",Melaka,Melaka,65864,2025-01-31
32710,Siti,Cheah,37,Female,013-5990625,1987-05-06,siti32710@gmail.com,Bronze,"No. 114, Jalan B19",Petaling Jaya,Selangor,31550,2025-01-24
32711,Jun Hao,Hassan,44,Male,016-5500355,1981-06-17,jun32711@gmail.com,Bronze,"No. 3, Jalan D17",Kuala Lumpur,Wilayah Persekutuan,41340,2025-07-16
32712,Nur Aina,Lim,38,Female,011-2466686,1986-11-27,nur32712@gmail.com,Silver,"No. 81, Jalan A1",Ipoh,Perak,84911,2025-07-30
32713,Priya,Hassan,20,Female,011-5456829,2005-02-26,priya32713@gmail.com,Silver,"No. 136, Jalan G8",Melaka,Melaka,87878,2025-12-15
32714,Kumar,Hassan,48,Male,014-5813513,1976-07-01,kumar32714@gmail.com,Silver,"No. 285, Jalan G20",Petaling Jaya,Selangor,76139,2025-04-30
32715,Kavitha,Wong,57,Female,015-5958267,1967-01-25,kavitha32715@gmail.com,Platinum,"No. 108, Jalan B7",Petaling Jaya,Selangor,12227,2025-01-12
32716,Kok Wai,Ong,41,Male,014-8867585,1983-11-17,kok32716@gmail.com,Bronze,"No. 145, Jalan D12",Kuala Lumpur,Wilayah Persekutuan,48060,2025-08-14
32717,Aisyah,bin Abdullah,42,Female,011-7828713,1983-02-04,aisyah32717@gmail.com,Platinum,"No. 239, Jalan E10",Kuala Lumpur,Wilayah Persekutuan,19689,2025-10-27
32718,Yee Ling,Chong,29,Female,011-8569636,1995-07-21,yee32718@gmail.com,Bronze,"No. 58, Jalan E4",Kuala Lumpur,Wilayah Persekutuan,29511,2025-06-19
32719,Priya,Tan,44,Female,017-5959955,1980-09-27,priya32719@gmail.com,Bronze,"No. 133, Jalan F10",Johor Bahru,Johor,23364,2025-09-11
32720,Suresh,Goh,52,Male,015-3017023,1972-04-21,suresh32720@gmail.com,Silver,"No. 125, Jalan A14",Petaling Jaya,Selangor,30029,2025-01-08
32721,Amelia,Tan,56,Female,017-5415516,1969-11-19,amelia32721@gmail.com,Silver,"No. 156, Jalan C10",Petaling Jaya,Selangor,16783,2025-12-09
32722,Lakshmi,Rahman,57,Female,017-4189634,1967-12-14,lakshmi32722@gmail.com,Bronze,"No. 154, Jalan C9",Petaling Jaya,Selangor,26272,2025-11-07
32723,Zhi Wei,Teoh,25,Male,015-8506498,2000-10-07,zhi32723@gmail.com,Silver,"No. 288, Jalan B4",Kuala Lumpur,Wilayah Persekutuan,26044,2025-11-09
32724,Xin Yi,Sim,59,Female,017-8973990,1966-05-11,xin32724@gmail.com,Bronze,"No. 134, Jalan F2",Johor Bahru,Johor,87574,2025-05-11
32725,Aisyah,Lee,58,Female,019-3614026,1967-01-05,aisyah32725@gmail.com,Bronze,"No. 71, Jalan B11",Ipoh,Perak,70046,2025-11-08
32726,Farah,Tan,58,Female,012-8299646,1967-02-19,farah32726@gmail.com,Bronze,"No. 48, Jalan F9",Melaka,Melaka,33439,2025-10-04
32727,Alia,binti Ismail,28,Female,012-1697058,1996-12-27,alia32727@gmail.com,Bronze,"No. 117, Jalan E14",Kuala Lumpur,Wilayah Persekutuan,73521,2025-02-05
32728,Alia,Goh,23,Female,012-2213222,2002-01-15,alia32728@gmail.com,Bronze,"No. 82, Jalan D12",Petaling Jaya,Selangor,19640,2025-10-03
32729,Amelia,Teoh,33,Female,012-1975954,1992-02-12,amelia32729@gmail.com,Bronze,"No. 46, Jalan D1",Johor Bahru,Johor,85579,2025-10-22
32730,Kumar,a/l Subramaniam,32,Male,014-9653554,1992-12-25,kumar32730@gmail.com,Silver,"No. 267, Jalan A19",Johor Bahru,Johor,49637,2025-02-24
32731,Yee Ling,Tan,25,Female,016-5320755,2000-01-21,yee32731@gmail.com,Silver,"No. 200, Jalan E2",Kuala Lumpur,Wilayah Persekutuan,28255,2025-09-05
32732,Jasmine,a/p Subramaniam,40,Female,014-2828132,1984-10-20,jasmine32732@gmail.com,Silver,"No. 228, Jalan A8",Ipoh,Perak,94044,2025-06-04
32733,Alia,Chong,41,Female,013-6579962,1983-08-30,alia32733@gmail.com,Silver,"No. 191, Jalan C6",Kuala Lumpur,Wilayah Persekutuan,96102,2025-04-01
32734,Sharmila,Tan,48,Female,018-2317511,1976-12-25,sharmila32734@gmail.com,Bronze,"No. 221, Jalan F1",Kuala Lumpur,Wilayah Persekutuan,69905,2025-09-02
32735,Alia,Ong,22,Female,010-8932588,2002-10-29,alia32735@gmail.com,Silver,"No. 201, Jalan A14",Kuala Lumpur,Wilayah Persekutuan,94666,2025-09-03
32736,Amirul,Cheah,41,Male,014-3869384,1984-04-11,amirul32736@gmail.com,Bronze,"No. 266, Jalan G7",Ipoh,Perak,22048,2025-04-13
32737,Hui Min,Hassan,20,Female,015-2634294,2005-08-28,hui32737@gmail.com,Silver,"No. 107, Jalan D20",Johor Bahru,Johor,76706,2025-12-07
32738,Priya,bin Abdullah,51,Female,015-9652093,1974-01-10,priya32738@gmail.com,Gold,"No. 171, Jalan D16",Johor Bahru,Johor,84416,2025-03-27
32739,Nur Aina,a/p Subramaniam,40,Female,016-7817811,1984-04-27,nur32739@gmail.com,Bronze,"No. 152, Jalan G3",Kuala Lumpur,Wilayah Persekutuan,34406,2025-03-14
32740,Rachel,Yeoh,22,Female,019-5299521,2002-12-12,rachel32740@gmail.com,Bronze,"No. 85, Jalan B17",George Town,Pulau Pinang,80667,2025-06-07
32741,Nadia,Lim,52,Female,019-2015715,1973-09-16,nadia32741@gmail.com,Silver,"No. 250, Jalan D9",Johor Bahru,Johor,22946,2025-12-10
32742,Nur Aina,binti Ismail,59,Female,012-5820079,1965-10-24,nur32742@gmail.com,Bronze,"No. 277, Jalan A1",Johor Bahru,Johor,25670,2025-05-21
32743,Nur Aina,Lee,57,Female,016-5204412,1968-08-04,nur32743@gmail.com,Bronze,"No. 282, Jalan A7",Melaka,Melaka,33478,2025-11-13
32744,Aisyah,bin Abdullah,22,Female,016-7547661,2003-03-11,aisyah32744@gmail.com,Gold,"No. 297, Jalan B5",Ipoh,Perak,35870,2025-08-03
32745,Sharmila,a/p Subramaniam,37,Female,011-2908973,1988-10-24,sharmila32745@gmail.com,Silver,"No. 59, Jalan G17",Ipoh,Perak,19896,2025-11-26
32746,Ling Ling,Wong,26,Female,017-6526898,1999-04-05,ling32746@gmail.com,Silver,"No. 92, Jalan E2",Kuala Lumpur,Wilayah Persekutuan,50692,2025-06-15
32747,Zarina,Yeoh,26,Female,012-3517070,1999-05-12,zarina32747@gmail.com,Gold,"No. 236, Jalan F4",Kuala Lumpur,Wilayah Persekutuan,57594,2025-06-09
32748,Suhaila,Rahman,27,Female,017-2563855,1997-07-29,suhaila32748@gmail.com,Bronze,"No. 83, Jalan B8",Ipoh,Perak,58662,2025-05-19
32749,Suhaila,bin Abdullah,29,Female,016-9260400,1996-04-06,suhaila32749@gmail.com,Bronze,"No. 78, Jalan D20",Johor Bahru,Johor,70708,2025-05-23
32750,Hui Min,Goh,53,Female,016-2271075,1972-05-30,hui32750@gmail.com,Platinum,"No. 93, Jalan D16",Kuala Lumpur,Wilayah Persekutuan,69188,2025-07-04
32751,Alia,Wong,27,Female,015-2954602,1997-02-28,alia32751@gmail.com,Bronze,"No. 176, Jalan G2",George Town,Pulau Pinang,72314,2025-02-27
32752,Yee Ling,Rahman,28,Female,016-9377285,1997-04-19,yee32752@gmail.com,Bronze,"No. 260, Jalan C6",Kuala Lumpur,Wilayah Persekutuan,62037,2025-12-07
32753,Hui Min,Yeoh,33,Female,012-4110246,1991-12-09,hui32753@gmail.com,Bronze,"No. 294, Jalan B17",Petaling Jaya,Selangor,52197,2025-06-21
32754,Priya,Lim,21,Female,019-8712198,2004-03-27,priya32754@gmail.com,Bronze,"No. 267, Jalan B4",Petaling Jaya,Selangor,83482,2025-06-17
32755,Rohani,Hassan,47,Female,015-7865538,1977-11-09,rohani32755@gmail.com,Silver,"No. 112, Jalan G1",Melaka,Melaka,35640,2025-03-25
32756,Kumar,Tan,26,Male,012-6450623,1999-07-27,kumar32756@gmail.com,Silver,"No. 253, Jalan G17",Melaka,Melaka,34519,2025-08-31
32757,Rohani,binti Ismail,32,Female,013-7214464,1992-11-27,rohani32757@gmail.com,Bronze,"No. 80, Jalan E12",George Town,Pulau Pinang,59449,2025-02-08
32758,Yee Ling,Ong,41,Female,018-3743296,1984-05-19,yee32758@gmail.com,Bronze,"No. 240, Jalan G14",Ipoh,Perak,27639,2025-08-02
32759,Nur Aina,Goh,19,Female,012-9938249,2005-08-11,nur32759@gmail.com,Silver,"No. 247, Jalan A13",George Town,Pulau Pinang,58722,2025-04-19
32760,Rohani,binti Ismail,40,Female,019-4158778,1985-07-26,rohani32760@gmail.com,Bronze,"No. 200, Jalan F14",Petaling Jaya,Selangor,53157,2025-10-22
32761,Alia,Sim,28,Female,016-4704525,1996-10-15,alia32761@gmail.com,Bronze,"No. 201, Jalan C3",Melaka,Melaka,76595,2025-07-26
32762,Nur Aina,Lim,54,Female,011-8807581,1971-01-03,nur32762@gmail.com,Silver,"No. 65, Jalan B2",Petaling Jaya,Selangor,22390,2025-05-24
32763,Divya,Tan,35,Female,012-6708932,1990-05-25,divya32763@gmail.com,Gold,"No. 197, Jalan D19",George Town,Pulau Pinang,66955,2025-06-11
32764,Aiman,Ong,55,Male,013-9184452,1969-12-25,aiman32764@gmail.com,Bronze,"No. 191, Jalan C1",Petaling Jaya,Selangor,40652,2025-03-04
32765,Alia,a/l Subramaniam,40,Female,010-6535970,1985-01-12,alia32765@gmail.com,Bronze,"No. 183, Jalan F3",Petaling Jaya,Selangor,74238,2025-09-20
32766,Priya,Cheah,28,Female,017-3461565,1997-01-28,priya32766@gmail.com,Platinum,"No. 252, Jalan C1",George Town,Pulau Pinang,80069,2025-02-22
32767,Faizal,Teoh,34,Male,019-3254444,1990-11-04,faizal32767@gmail.com,Bronze,"No. 92, Jalan B12",Ipoh,Perak,86799,2025-01-05
32768,Sharmila,Goh,42,Female,012-7641846,1982-06-17,sharmila32768@gmail.com,Silver,"No. 2, Jalan G6",Kuala Lumpur,Wilayah Persekutuan,30642,2025-04-12
32769,Zarina,binti Ismail,30,Female,014-3832964,1995-05-10,zarina32769@gmail.com,Bronze,"No. 68, Jalan B9",Ipoh,Perak,45869,2025-07-31
32770,Lakshmi,Sim,45,Female,018-5882668,1980-06-08,lakshmi32770@gmail.com,Bronze,"No. 141, Jalan B10",George Town,Pulau Pinang,80655,2025-06-11
32771,Rohani,Wong,40,Female,011-8247059,1985-05-07,rohani32771@gmail.com,Silver,"No. 209, Jalan E16",Petaling Jaya,Selangor,62133,2025-12-08
32772,Alia,a/l Subramaniam,36,Female,017-8604119,1988-12-10,alia32772@gmail.com,Bronze,"No. 287, Jalan A5",Melaka,Melaka,43524,2025-04-12
32773,Sharmila,Tan,21,Female,019-7335919,2003-03-17,sharmila32773@gmail.com,Gold,"No. 26, Jalan F7",Johor Bahru,Johor,31973,2025-01-09
32774,Mei Ling,a/p Subramaniam,35,Female,017-5493018,1990-08-22,mei32774@gmail.com,Bronze,"No. 148, Jalan E18",Johor Bahru,Johor,59682,2025-09-21
32775,Alia,Wong,54,Female,011-6264101,1970-11-14,alia32775@gmail.com,Bronze,"No. 272, Jalan E20",Melaka,Melaka,33446,2025-08-01
32776,Mei Ling,binti Ismail,26,Female,010-7610728,1998-04-27,mei32776@gmail.com,Bronze,"No. 288, Jalan A3",Ipoh,Perak,37000,2025-03-22
32777,Siti,Rahman,31,Female,017-2658984,1993-07-19,siti32777@gmail.com,Bronze,"No. 41, Jalan A1",Johor Bahru,Johor,26900,2025-06-16
32778,Nurin,Sim,33,Female,011-5702406,1992-02-09,nurin32778@gmail.com,Bronze,"No. 96, Jalan F15",Johor Bahru,Johor,12073,2025-04-27
32779,Mei Ling,Chong,26,Female,014-7326471,1998-05-27,mei32779@gmail.com,Bronze,"No. 257, Jalan B9",Melaka,Melaka,53469,2025-01-07
32780,Aisyah,a/p Subramaniam,60,Female,019-2557727,1965-04-30,aisyah32780@gmail.com,Silver,"No. 173, Jalan E15",Melaka,Melaka,91895,2025-09-30
32781,Amelia,Wong,36,Female,014-9750291,1988-10-04,amelia32781@gmail.com,Bronze,"No. 132, Jalan F14",Melaka,Melaka,42396,2025-03-17
32782,Yee Ling,Goh,54,Female,016-3581990,1971-08-14,yee32782@gmail.com,Bronze,"No. 86, Jalan D11",Kuala Lumpur,Wilayah Persekutuan,47481,2025-09-04
32783,Zhi Wei,Lim,20,Male,010-1578240,2005-11-15,zhi32783@gmail.com,Bronze,"No. 69, Jalan G3",Petaling Jaya,Selangor,78434,2025-12-03
32784,Yee Ling,binti Ismail,25,Female,016-6740052,1999-08-30,yee32784@gmail.com,Bronze,"No. 86, Jalan A19",Kuala Lumpur,Wilayah Persekutuan,70494,2025-04-10
32785,Mei Ling,Yeoh,50,Female,014-6544442,1975-03-10,mei32785@gmail.com,Bronze,"No. 94, Jalan C19",Johor Bahru,Johor,76597,2025-09-30
32786,Suhaila,bin Abdullah,51,Female,011-9546969,1974-06-20,suhaila32786@gmail.com,Bronze,"No. 271, Jalan C9",Kuala Lumpur,Wilayah Persekutuan,95800,2025-11-12
32787,Chloe,Teoh,21,Female,011-3555753,2004-06-20,chloe32787@gmail.com,Platinum,"No. 70, Jalan D5",Kuala Lumpur,Wilayah Persekutuan,72393,2025-08-22
32788,Nadia,Yeoh,55,Female,017-9715196,1969-08-21,nadia32788@gmail.com,Gold,"No. 25, Jalan A10",George Town,Pulau Pinang,90042,2025-01-16
32789,Suhaila,bin Abdullah,30,Female,017-9701142,1994-11-15,suhaila32789@gmail.com,Silver,"No. 274, Jalan G8",Petaling Jaya,Selangor,29751,2025-10-22
32790,Jun Hao,Tan,53,Male,018-5673272,1971-12-31,jun32790@gmail.com,Silver,"No. 123, Jalan G12",George Town,Pulau Pinang,39417,2025-09-09
32791,Chloe,Wong,39,Female,017-2228647,1986-04-19,chloe32791@gmail.com,Bronze,"No. 148, Jalan F15",Kuala Lumpur,Wilayah Persekutuan,74053,2025-04-25
32792,Aisyah,Chong,41,Female,010-4104576,1984-08-25,aisyah32792@gmail.com,Bronze,"No. 163, Jalan C10",Petaling Jaya,Selangor,92385,2025-10-13
32793,Mei Ling,Yeoh,24,Female,014-2731355,2001-01-27,mei32793@gmail.com,Bronze,"No. 125, Jalan D5",Petaling Jaya,Selangor,82833,2025-03-16
32794,Hui Min,Wong,50,Female,013-9523317,1975-04-11,hui32794@gmail.com,Bronze,"No. 79, Jalan D14",Ipoh,Perak,95319,2025-11-01
32795,Kumar,bin Abdullah,34,Male,015-6579322,1990-04-02,kumar32795@gmail.com,Silver,"No. 111, Jalan G16",Kuala Lumpur,Wilayah Persekutuan,30995,2025-01-28
32796,Farah,Teoh,25,Female,011-6617171,1999-12-17,farah32796@gmail.com,Gold,"No. 234, Jalan E15",Kuala Lumpur,Wilayah Persekutuan,82587,2025-10-22
32797,Hui Min,Rahman,46,Female,019-2793961,1979-05-31,hui32797@gmail.com,Bronze,"No. 207, Jalan A11",Kuala Lumpur,Wilayah Persekutuan,70389,2025-10-04
32798,Sharmila,Yeoh,41,Female,014-3540051,1983-08-20,sharmila32798@gmail.com,Bronze,"No. 238, Jalan G10",George Town,Pulau Pinang,41134,2025-07-23
32799,Suresh,Chong,50,Male,010-8565044,1974-09-10,suresh32799@gmail.com,Bronze,"No. 7, Jalan B3",Petaling Jaya,Selangor,33547,2025-07-12
32800,Nurin,Lee,26,Female,016-1131858,1999-05-04,nurin32800@gmail.com,Silver,"No. 112, Jalan G11",Ipoh,Perak,26960,2025-08-08
32801,Xin Yi,binti Ismail,20,Female,013-4079023,2004-05-17,xin32801@gmail.com,Bronze,"No. 259, Jalan G16",Johor Bahru,Johor,95824,2025-04-06
32802,Farah,a/p Subramaniam,44,Female,019-8505715,1981-10-02,farah32802@gmail.com,Gold,"No. 259, Jalan E12",Petaling Jaya,Selangor,58412,2025-11-08
32803,Suresh,Cheah,28,Male,011-9245041,1997-06-02,suresh32803@gmail.com,Bronze,"No. 104, Jalan D15",Kuala Lumpur,Wilayah Persekutuan,90045,2025-10-21
32804,Nurin,Hassan,37,Female,016-1488270,1988-01-27,nurin32804@gmail.com,Platinum,"No. 212, Jalan A8",Kuala Lumpur,Wilayah Persekutuan,24420,2025-03-14
32805,Suhaila,Teoh,49,Female,011-4957306,1975-09-08,suhaila32805@gmail.com,Gold,"No. 250, Jalan F1",George Town,Pulau Pinang,86329,2025-05-24
32806,Siti,Hassan,49,Female,017-9138218,1976-07-21,siti32806@gmail.com,Bronze,"No. 280, Jalan D12",Petaling Jaya,Selangor,77399,2025-10-14
32807,Mei Ling,Hassan,48,Female,012-5824811,1976-10-22,mei32807@gmail.com,Bronze,"No. 287, Jalan A20",George Town,Pulau Pinang,67287,2025-06-09
32808,Hui Min,Yeoh,29,Female,016-1721826,1995-10-05,hui32808@gmail.com,Bronze,"No. 76, Jalan C8",Johor Bahru,Johor,62494,2025-05-16
32809,Wan Ying,Goh,35,Female,011-1030913,1990-03-15,wan32809@gmail.com,Bronze,"No. 102, Jalan A12",Petaling Jaya,Selangor,21430,2025-07-15
32810,Zhi Wei,Cheah,42,Male,016-8445535,1983-02-09,zhi32810@gmail.com,Silver,"No. 163, Jalan E14",George Town,Pulau Pinang,61075,2025-06-30
32811,Rohani,Teoh,44,Female,014-5625557,1981-07-24,rohani32811@gmail.com,Gold,"No. 4, Jalan B8",Melaka,Melaka,98463,2025-08-03
32812,Suhaila,Goh,29,Female,018-8968622,1996-06-28,suhaila32812@gmail.com,Silver,"No. 276, Jalan B9",Ipoh,Perak,30085,2025-08-24
32813,Suresh,Chong,45,Male,016-6445689,1979-08-17,suresh32813@gmail.com,Bronze,"No. 177, Jalan B5",Johor Bahru,Johor,57202,2025-04-30
32814,Divya,Goh,38,Female,017-5701293,1987-02-22,divya32814@gmail.com,Bronze,"No. 230, Jalan C14",George Town,Pulau Pinang,82074,2025-08-10
32815,Rohani,Chong,55,Female,018-3027618,1969-07-20,rohani32815@gmail.com,Bronze,"No. 76, Jalan E11",Ipoh,Perak,16303,2025-05-29
32816,Anisa,Tan,51,Female,018-6774310,1973-09-25,anisa32816@gmail.com,Bronze,"No. 106, Jalan E3",Kuala Lumpur,Wilayah Persekutuan,16574,2025-03-03
32817,Suresh,Rahman,48,Male,018-6017477,1977-01-02,suresh32817@gmail.com,Bronze,"No. 295, Jalan C3",Ipoh,Perak,44696,2025-03-12
32818,Zarina,Teoh,59,Female,014-7820926,1965-11-29,zarina32818@gmail.com,Bronze,"No. 169, Jalan F14",Johor Bahru,Johor,32308,2025-07-20
32819,Pei Shan,Wong,40,Female,010-3446325,1985-05-09,pei32819@gmail.com,Bronze,"No. 225, Jalan C17",Johor Bahru,Johor,59002,2025-08-14
32820,Rohani,Hassan,31,Female,017-7736164,1993-10-27,rohani32820@gmail.com,Silver,"No. 6, Jalan A15",Kuala Lumpur,Wilayah Persekutuan,15203,2025-02-23
32821,Jasmine,Ong,35,Female,012-1282575,1990-09-28,jasmine32821@gmail.com,Bronze,"No. 36, Jalan F6",George Town,Pulau Pinang,97128,2025-11-20
32822,Nadia,Tan,37,Female,011-3182857,1987-06-27,nadia32822@gmail.com,Gold,"No. 113, Jalan D1",Petaling Jaya,Selangor,55508,2025-05-19
32823,Anisa,bin Abdullah,19,Female,012-5637127,2006-05-20,anisa32823@gmail.com,Bronze,"No. 193, Jalan D5",Petaling Jaya,Selangor,93273,2025-11-03
32824,Amelia,Cheah,18,Female,015-6080865,2007-06-21,amelia32824@gmail.com,Bronze,"No. 207, Jalan C19",Petaling Jaya,Selangor,12728,2025-11-25
32825,Suresh,a/p Subramaniam,19,Male,015-6960282,2006-01-09,suresh32825@gmail.com,Silver,"No. 2, Jalan G17",Petaling Jaya,Selangor,85015,2025-04-16
32826,Aisyah,Sim,53,Female,018-8737686,1971-04-08,aisyah32826@gmail.com,Silver,"No. 271, Jalan E6",Kuala Lumpur,Wilayah Persekutuan,29346,2025-04-03
32827,Rajesh,Rahman,27,Male,019-2770939,1998-04-11,rajesh32827@gmail.com,Silver,"No. 214, Jalan E4",Johor Bahru,Johor,20250,2025-06-21
32828,Xin Yi,Tan,59,Female,012-2908397,1966-10-16,xin32828@gmail.com,Bronze,"No. 208, Jalan C13",Petaling Jaya,Selangor,22549,2025-11-29
32829,Lakshmi,Lim,59,Female,010-5823559,1966-02-25,lakshmi32829@gmail.com,Bronze,"No. 28, Jalan F20",Melaka,Melaka,63207,2025-07-15
32830,Jun Hao,Cheah,36,Male,012-7674763,1989-05-11,jun32830@gmail.com,Bronze,"No. 205, Jalan B9",Melaka,Melaka,18174,2025-08-12
32831,Kumar,Hassan,35,Male,019-1033586,1990-07-16,kumar32831@gmail.com,Bronze,"No. 110, Jalan E9",Kuala Lumpur,Wilayah Persekutuan,56445,2025-09-22
32832,Aisyah,Wong,45,Female,014-9723233,1979-07-20,aisyah32832@gmail.com,Silver,"No. 79, Jalan C13",Ipoh,Perak,26721,2025-03-07
32833,Priya,Hassan,44,Female,016-8645324,1980-11-07,priya32833@gmail.com,Silver,"No. 62, Jalan B1",Johor Bahru,Johor,42745,2025-10-10
32834,Aisyah,Sim,48,Female,018-3682994,1977-02-05,aisyah32834@gmail.com,Bronze,"No. 103, Jalan E12",Kuala Lumpur,Wilayah Persekutuan,90949,2025-08-17
32835,Priya,Sim,18,Female,010-3669103,2006-12-25,priya32835@gmail.com,Bronze,"No. 190, Jalan B17",George Town,Pulau Pinang,55752,2025-08-22
32836,Jasmine,Lee,29,Female,010-3188248,1995-11-17,jasmine32836@gmail.com,Bronze,"No. 195, Jalan F20",Johor Bahru,Johor,54944,2025-01-21
32837,Mei Ling,Chong,46,Female,013-2841308,1978-10-18,mei32837@gmail.com,Bronze,"No. 71, Jalan E2",Ipoh,Perak,65052,2025-07-13
32838,Anisa,Wong,45,Female,017-9370490,1980-08-06,anisa32838@gmail.com,Bronze,"No. 150, Jalan F13",Melaka,Melaka,42612,2025-12-06
32839,Nur Aina,Lee,50,Female,016-3620507,1975-05-30,nur32839@gmail.com,Silver,"No. 10, Jalan E3",George Town,Pulau Pinang,97574,2025-07-27
32840,Mei Ling,a/l Subramaniam,56,Female,017-3701513,1969-02-06,mei32840@gmail.com,Silver,"No. 102, Jalan E16",Ipoh,Perak,16449,2025-02-28
32841,Farah,Wong,21,Female,013-5864426,2004-06-19,farah32841@gmail.com,Bronze,"No. 275, Jalan B11",Melaka,Melaka,74083,2025-09-24
32842,Zarina,Teoh,56,Female,011-4170806,1968-12-20,zarina32842@gmail.com,Silver,"No. 75, Jalan F19",George Town,Pulau Pinang,32734,2025-02-05
32843,Priya,Yeoh,53,Female,014-1517780,1971-10-20,priya32843@gmail.com,Silver,"No. 178, Jalan D16",Ipoh,Perak,73980,2025-08-27
32844,Nur Aina,Hassan,58,Female,010-3133805,1967-06-08,nur32844@gmail.com,Platinum,"No. 79, Jalan F8",Kuala Lumpur,Wilayah Persekutuan,19610,2025-11-01
32845,Rachel,Cheah,45,Female,014-7679677,1979-11-27,rachel32845@gmail.com,Silver,"No. 163, Jalan D4",George Town,Pulau Pinang,35331,2025-06-23
32846,Priya,Lee,56,Female,012-5705000,1968-08-28,priya32846@gmail.com,Bronze,"No. 138, Jalan G5",Petaling Jaya,Selangor,22496,2025-02-07
32847,Priya,Goh,36,Female,015-9177275,1989-09-08,priya32847@gmail.com,Silver,"No. 135, Jalan A10",Petaling Jaya,Selangor,11894,2025-09-11
32848,Wan Ying,Lee,59,Female,013-7520199,1965-10-28,wan32848@gmail.com,Silver,"No. 115, Jalan A19",Ipoh,Perak,33281,2025-06-19
32849,Suhaila,Rahman,48,Female,018-5990328,1977-07-29,suhaila32849@gmail.com,Silver,"No. 202, Jalan F15",Kuala Lumpur,Wilayah Persekutuan,41239,2025-10-18
32850,Amelia,Rahman,40,Female,011-5064648,1984-08-05,amelia32850@gmail.com,Bronze,"No. 230, Jalan F3",Petaling Jaya,Selangor,29771,2025-06-22
32851,Divya,a/p Subramaniam,29,Female,019-1594882,1996-04-22,divya32851@gmail.com,Gold,"No. 56, Jalan C20",Ipoh,Perak,70994,2025-10-29
32852,Rajesh,Teoh,51,Male,014-1908057,1974-05-11,rajesh32852@gmail.com,Bronze,"No. 236, Jalan C1",Kuala Lumpur,Wilayah Persekutuan,63016,2025-09-16
32853,Nadia,Lee,51,Female,013-4702013,1973-12-19,nadia32853@gmail.com,Bronze,"No. 215, Jalan B14",Melaka,Melaka,34578,2025-11-21
32854,Anisa,binti Ismail,34,Female,011-1609138,1990-10-25,anisa32854@gmail.com,Bronze,"No. 114, Jalan G13",Johor Bahru,Johor,93092,2025-03-22
32855,Suhaila,Lee,24,Female,015-4387381,2000-08-28,suhaila32855@gmail.com,Bronze,"No. 285, Jalan A17",Petaling Jaya,Selangor,58974,2025-05-12
32856,Zarina,a/l Subramaniam,52,Female,019-8051929,1973-04-16,zarina32856@gmail.com,Gold,"No. 299, Jalan D9",Petaling Jaya,Selangor,26388,2025-10-08
32857,Divya,Wong,60,Female,018-7979923,1965-01-10,divya32857@gmail.com,Silver,"No. 153, Jalan D18",Johor Bahru,Johor,42370,2025-04-29
32858,Ling Ling,a/p Subramaniam,60,Female,011-7665994,1965-01-27,ling32858@gmail.com,Gold,"No. 106, Jalan D12",Johor Bahru,Johor,79229,2025-04-23
32859,Farah,Rahman,47,Female,018-2449653,1977-09-04,farah32859@gmail.com,Gold,"No. 259, Jalan G3",George Town,Pulau Pinang,69860,2025-08-29
32860,Nur Aina,Tan,44,Female,010-6147271,1980-12-02,nur32860@gmail.com,Silver,"No. 283, Jalan D2",Melaka,Melaka,55410,2025-09-17
32861,Amirul,Goh,37,Male,014-9360304,1987-12-11,amirul32861@gmail.com,Bronze,"No. 23, Jalan D8",Johor Bahru,Johor,37479,2025-01-21
32862,Hui Min,a/l Subramaniam,20,Female,013-1479354,2005-08-14,hui32862@gmail.com,Bronze,"No. 239, Jalan F19",George Town,Pulau Pinang,66203,2025-10-12
32863,Jasmine,Lee,58,Female,014-7210631,1966-12-15,jasmine32863@gmail.com,Silver,"No. 83, Jalan E7",Kuala Lumpur,Wilayah Persekutuan,80086,2025-11-29
32864,Divya,Chong,35,Female,015-3885862,1990-02-20,divya32864@gmail.com,Bronze,"No. 237, Jalan B2",Petaling Jaya,Selangor,38303,2025-09-25
32865,Chloe,Yeoh,41,Female,012-6501637,1983-06-12,chloe32865@gmail.com,Bronze,"No. 215, Jalan F1",Kuala Lumpur,Wilayah Persekutuan,82952,2025-05-28
32866,Amirul,Chong,39,Male,011-7300720,1986-02-09,amirul32866@gmail.com,Bronze,"No. 134, Jalan F10",George Town,Pulau Pinang,46883,2025-06-18
32867,Nur Aina,bin Abdullah,58,Female,013-7512362,1966-11-08,nur32867@gmail.com,Bronze,"No. 296, Jalan A13",Kuala Lumpur,Wilayah Persekutuan,70884,2025-05-26
32868,Chloe,Tan,31,Female,011-9592087,1994-05-20,chloe32868@gmail.com,Gold,"No. 193, Jalan C5",Kuala Lumpur,Wilayah Persekutuan,18504,2025-10-12
32869,Wan Ying,Tan,53,Female,012-6735870,1972-11-09,wan32869@gmail.com,Gold,"No. 93, Jalan F14",George Town,Pulau Pinang,66607,2025-11-12
32870,Kavitha,Tan,42,Female,018-2628857,1982-07-21,kavitha32870@gmail.com,Silver,"No. 40, Jalan B11",Petaling Jaya,Selangor,35479,2025-02-21
32871,Farah,a/p Subramaniam,37,Female,016-4571213,1988-01-17,farah32871@gmail.com,Platinum,"No. 66, Jalan D12",Johor Bahru,Johor,27667,2025-11-18
32872,Zarina,a/l Subramaniam,55,Female,015-1087317,1970-03-09,zarina32872@gmail.com,Bronze,"No. 166, Jalan A6",Melaka,Melaka,32438,2025-07-14
32873,Rajesh,Rahman,36,Male,018-4618186,1989-03-25,rajesh32873@gmail.com,Bronze,"No. 91, Jalan D1",Melaka,Melaka,62320,2025-08-18
32874,Kumar,Cheah,56,Male,014-6593056,1968-06-04,kumar32874@gmail.com,Silver,"No. 172, Jalan E8",Melaka,Melaka,31069,2025-02-07
32875,Kavitha,a/l Subramaniam,44,Female,014-4736657,1981-03-08,kavitha32875@gmail.com,Silver,"No. 285, Jalan C12",Ipoh,Perak,17450,2025-07-18
32876,Alia,Chong,53,Female,013-5077321,1972-09-08,alia32876@gmail.com,Silver,"No. 91, Jalan B14",Johor Bahru,Johor,35012,2025-12-02
32877,Rajesh,bin Abdullah,58,Male,014-8484900,1967-01-29,rajesh32877@gmail.com,Bronze,"No. 93, Jalan F18",Kuala Lumpur,Wilayah Persekutuan,67150,2025-05-07
32878,Farah,Goh,50,Female,014-4095387,1974-11-16,farah32878@gmail.com,Bronze,"No. 278, Jalan E12",Kuala Lumpur,Wilayah Persekutuan,56444,2025-03-19
32879,Nadia,Lim,21,Female,016-7955228,2003-11-01,nadia32879@gmail.com,Bronze,"No. 29, Jalan A6",Kuala Lumpur,Wilayah Persekutuan,70327,2025-06-22
32880,Anisa,Rahman,54,Female,010-6213371,1970-12-26,anisa32880@gmail.com,Bronze,"No. 41, Jalan G19",Ipoh,Perak,69028,2025-10-12
32881,Nurin,Chong,52,Female,015-6421540,1972-09-19,nurin32881@gmail.com,Bronze,"No. 111, Jalan E4",Ipoh,Perak,87178,2025-04-16
32882,Kumar,Wong,59,Male,018-5027280,1966-04-01,kumar32882@gmail.com,Bronze,"No. 29, Jalan D1",George Town,Pulau Pinang,71214,2025-08-26
32883,Kok Wai,Wong,56,Male,018-8809301,1969-02-01,kok32883@gmail.com,Bronze,"No. 211, Jalan A10",Melaka,Melaka,96920,2025-09-17
32884,Priya,Lee,35,Female,012-7774217,1990-01-05,priya32884@gmail.com,Bronze,"No. 112, Jalan A15",Melaka,Melaka,29926,2025-05-01
32885,Rachel,Goh,27,Female,013-5688077,1998-02-01,rachel32885@gmail.com,Silver,"No. 102, Jalan B19",Ipoh,Perak,25635,2025-04-04
32886,Wan Ying,Hassan,32,Female,011-7090984,1993-04-16,wan32886@gmail.com,Bronze,"No. 245, Jalan A13",Johor Bahru,Johor,51749,2025-05-19
32887,Ling Ling,a/l Subramaniam,35,Female,010-2079834,1990-07-21,ling32887@gmail.com,Bronze,"No. 211, Jalan C12",Petaling Jaya,Selangor,52323,2025-08-07
32888,Priya,Goh,43,Female,018-9002566,1982-04-01,priya32888@gmail.com,Gold,"No. 71, Jalan A2",Johor Bahru,Johor,21574,2025-07-25
32889,Ling Ling,Chong,42,Female,017-7482101,1982-07-02,ling32889@gmail.com,Silver,"No. 79, Jalan E8",Kuala Lumpur,Wilayah Persekutuan,33084,2025-03-18
32890,Sharmila,Wong,21,Female,018-4400371,2004-06-22,sharmila32890@gmail.com,Bronze,"No. 112, Jalan F2",Johor Bahru,Johor,66771,2025-08-11
32891,Alia,Yeoh,39,Female,019-9804818,1986-08-27,alia32891@gmail.com,Bronze,"No. 47, Jalan G11",Ipoh,Perak,55595,2025-09-22
32892,Rachel,Goh,56,Female,011-6764799,1968-11-28,rachel32892@gmail.com,Bronze,"No. 38, Jalan E3",Melaka,Melaka,54429,2025-07-03
32893,Lakshmi,Cheah,29,Female,012-2863251,1995-05-20,lakshmi32893@gmail.com,Bronze,"No. 290, Jalan A17",Johor Bahru,Johor,25695,2025-03-16
32894,Ling Ling,a/p Subramaniam,30,Female,011-6953024,1994-03-19,ling32894@gmail.com,Bronze,"No. 105, Jalan C12",Ipoh,Perak,19261,2025-01-07
32895,Kavitha,a/l Subramaniam,55,Female,017-8081203,1969-08-24,kavitha32895@gmail.com,Bronze,"No. 277, Jalan D6",Ipoh,Perak,45076,2025-07-27
32896,Priya,Rahman,28,Female,013-5655620,1997-03-27,priya32896@gmail.com,Bronze,"No. 222, Jalan D16",Kuala Lumpur,Wilayah Persekutuan,27369,2025-07-03
32897,Nur Aina,Ong,40,Female,014-5551375,1985-12-01,nur32897@gmail.com,Platinum,"No. 195, Jalan B10",Melaka,Melaka,63619,2025-12-04
32898,Zarina,a/p Subramaniam,52,Female,015-9960779,1973-07-03,zarina32898@gmail.com,Bronze,"No. 231, Jalan F5",Johor Bahru,Johor,31536,2025-11-05
32899,Nur Aina,Cheah,59,Female,017-4097507,1965-10-03,nur32899@gmail.com,Platinum,"No. 190, Jalan A17",Johor Bahru,Johor,66179,2025-06-12
32900,Lakshmi,a/l Subramaniam,42,Female,017-5432794,1982-08-24,lakshmi32900@gmail.com,Bronze,"No. 149, Jalan F8",Petaling Jaya,Selangor,84367,2025-01-01
32901,Pei Shan,Ong,34,Female,011-6382015,1991-02-17,pei32901@gmail.com,Gold,"No. 53, Jalan G12",Kuala Lumpur,Wilayah Persekutuan,10639,2025-04-19
32902,Amirul,Goh,26,Male,011-7610590,1999-02-05,amirul32902@gmail.com,Bronze,"No. 145, Jalan C13",Ipoh,Perak,30208,2025-05-27
32903,Sharmila,Rahman,43,Female,015-7872018,1981-12-31,sharmila32903@gmail.com,Bronze,"No. 168, Jalan D10",Melaka,Melaka,41037,2025-05-18
32904,Siti,Wong,21,Female,011-4746481,2004-07-21,siti32904@gmail.com,Bronze,"No. 207, Jalan A12",Petaling Jaya,Selangor,31294,2025-11-21
32905,Rachel,Yeoh,26,Female,010-4178951,1998-06-20,rachel32905@gmail.com,Silver,"No. 232, Jalan D10",Ipoh,Perak,65163,2025-05-14
32906,Nurin,Sim,54,Female,015-1258330,1970-11-19,nurin32906@gmail.com,Silver,"No. 245, Jalan C20",Kuala Lumpur,Wilayah Persekutuan,64714,2025-08-01
32907,Zhi Wei,Lee,35,Male,017-3727257,1990-01-24,zhi32907@gmail.com,Bronze,"No. 143, Jalan D17",Johor Bahru,Johor,21584,2025-04-29
32908,Kok Wai,Teoh,18,Male,015-3946176,2007-05-30,kok32908@gmail.com,Bronze,"No. 257, Jalan D15",Melaka,Melaka,87026,2025-09-09
32909,Divya,Teoh,37,Female,015-2863076,1987-05-30,divya32909@gmail.com,Bronze,"No. 45, Jalan A14",Johor Bahru,Johor,58164,2025-04-02
32910,Aiman,Yeoh,46,Male,013-2668117,1978-07-25,aiman32910@gmail.com,Bronze,"No. 5, Jalan B14",Kuala Lumpur,Wilayah Persekutuan,77232,2025-04-30
32911,Alia,Chong,27,Female,011-8198283,1997-06-24,alia32911@gmail.com,Silver,"No. 261, Jalan B4",Petaling Jaya,Selangor,86905,2025-04-17
32912,Jasmine,a/p Subramaniam,39,Female,011-3561605,1986-02-12,jasmine32912@gmail.com,Bronze,"No. 120, Jalan B4",George Town,Pulau Pinang,95314,2025-12-16
32913,Hui Min,Teoh,53,Female,018-9749671,1971-12-05,hui32913@gmail.com,Silver,"No. 2, Jalan F5",Petaling Jaya,Selangor,48030,2025-05-25
32914,Farah,Sim,49,Female,016-2731037,1976-03-18,farah32914@gmail.com,Silver,"No. 155, Jalan A2",Petaling Jaya,Selangor,44149,2025-11-25
32915,Mei Ling,Lee,59,Female,013-3581728,1965-11-01,mei32915@gmail.com,Silver,"No. 24, Jalan C8",Johor Bahru,Johor,45706,2025-10-16
32916,Rachel,Tan,58,Female,016-5502303,1966-07-16,rachel32916@gmail.com,Bronze,"No. 26, Jalan D9",Johor Bahru,Johor,58498,2025-05-18
32917,Suhaila,a/p Subramaniam,45,Female,013-2412520,1980-06-18,suhaila32917@gmail.com,Bronze,"No. 138, Jalan B17",Petaling Jaya,Selangor,56379,2025-12-04
32918,Rajesh,binti Ismail,22,Male,010-2500013,2002-09-23,rajesh32918@gmail.com,Bronze,"No. 98, Jalan D9",Johor Bahru,Johor,13991,2025-09-12
32919,Nur Aina,a/l Subramaniam,47,Female,011-4194854,1978-01-02,nur32919@gmail.com,Silver,"No. 53, Jalan B9",Kuala Lumpur,Wilayah Persekutuan,11870,2025-02-06
32920,Wei Jie,Rahman,55,Male,014-7776275,1970-05-16,wei32920@gmail.com,Bronze,"No. 78, Jalan F13",Kuala Lumpur,Wilayah Persekutuan,13859,2025-11-30
32921,Ling Ling,Sim,33,Female,013-1840780,1992-04-12,ling32921@gmail.com,Bronze,"No. 162, Jalan E16",Johor Bahru,Johor,15313,2025-09-29
32922,Lakshmi,Rahman,41,Female,010-2880605,1983-06-27,lakshmi32922@gmail.com,Gold,"No. 87, Jalan A5",Ipoh,Perak,82158,2025-03-04
32923,Aisyah,Lim,36,Female,019-9685174,1988-09-10,aisyah32923@gmail.com,Silver,"No. 204, Jalan B16",Petaling Jaya,Selangor,50881,2025-02-02
32924,Mei Ling,Lee,45,Female,019-2859607,1980-01-16,mei32924@gmail.com,Gold,"No. 239, Jalan B11",Ipoh,Perak,69591,2025-04-16
32925,Yee Ling,Chong,41,Female,017-9338141,1983-11-19,yee32925@gmail.com,Bronze,"No. 65, Jalan G15",George Town,Pulau Pinang,23702,2025-09-12
32926,Aisyah,Rahman,55,Female,016-7571668,1970-06-10,aisyah32926@gmail.com,Bronze,"No. 86, Jalan B6",Kuala Lumpur,Wilayah Persekutuan,75996,2025-11-23
32927,Kavitha,Goh,43,Female,019-5312464,1982-03-19,kavitha32927@gmail.com,Bronze,"No. 223, Jalan G15",Kuala Lumpur,Wilayah Persekutuan,55041,2025-09-21
32928,Nadia,Sim,44,Female,018-3719498,1980-12-12,nadia32928@gmail.com,Gold,"No. 224, Jalan C5",Petaling Jaya,Selangor,22013,2025-04-24
32929,Hui Min,Ong,21,Female,019-1796851,2003-12-28,hui32929@gmail.com,Bronze,"No. 81, Jalan D8",Petaling Jaya,Selangor,49823,2025-02-05
32930,Rohani,Teoh,40,Female,014-1193007,1984-08-28,rohani32930@gmail.com,Bronze,"No. 220, Jalan G1",Johor Bahru,Johor,98052,2025-01-13
32931,Amelia,Teoh,34,Female,013-5136302,1991-03-02,amelia32931@gmail.com,Bronze,"No. 65, Jalan E2",Melaka,Melaka,33259,2025-10-02
32932,Priya,bin Abdullah,26,Female,012-8235562,1998-12-06,priya32932@gmail.com,Silver,"No. 97, Jalan D6",Kuala Lumpur,Wilayah Persekutuan,38905,2025-09-05
32933,Mei Ling,Tan,19,Female,019-6817349,2005-12-04,mei32933@gmail.com,Gold,"No. 183, Jalan D20",Petaling Jaya,Selangor,40537,2025-03-05
32934,Suhaila,binti Ismail,37,Female,018-6353586,1988-09-12,suhaila32934@gmail.com,Bronze,"No. 28, Jalan F9",Kuala Lumpur,Wilayah Persekutuan,81405,2025-10-12
32935,Xin Yi,a/l Subramaniam,48,Female,019-7039268,1977-01-29,xin32935@gmail.com,Gold,"No. 182, Jalan B20",George Town,Pulau Pinang,84487,2025-05-18
32936,Amelia,bin Abdullah,44,Female,011-8631993,1980-08-28,amelia32936@gmail.com,Bronze,"No. 48, Jalan E3",Kuala Lumpur,Wilayah Persekutuan,71875,2025-02-19
32937,Ling Ling,binti Ismail,48,Female,013-7418063,1976-08-16,ling32937@gmail.com,Silver,"No. 31, Jalan G8",Johor Bahru,Johor,52214,2025-08-04
32938,Nur Aina,Chong,48,Female,019-5910381,1976-12-30,nur32938@gmail.com,Bronze,"No. 21, Jalan A2",Johor Bahru,Johor,52493,2025-02-20
32939,Rohani,bin Abdullah,31,Female,014-2761352,1994-01-31,rohani32939@gmail.com,Bronze,"No. 11, Jalan C12",Petaling Jaya,Selangor,47320,2025-11-08
32940,Pei Shan,Yeoh,23,Female,016-5959795,2001-05-15,pei32940@gmail.com,Bronze,"No. 211, Jalan D5",Kuala Lumpur,Wilayah Persekutuan,20749,2025-03-21
32941,Amelia,Ong,34,Female,013-1256531,1991-05-04,amelia32941@gmail.com,Platinum,"No. 17, Jalan D4",Petaling Jaya,Selangor,27073,2025-08-19
32942,Chloe,a/p Subramaniam,44,Female,018-9040735,1981-05-10,chloe32942@gmail.com,Bronze,"No. 200, Jalan B5",George Town,Pulau Pinang,54030,2025-12-07
32943,Mei Ling,Lee,33,Female,015-5193111,1992-04-10,mei32943@gmail.com,Silver,"No. 288, Jalan G20",Johor Bahru,Johor,23068,2025-05-16
32944,Rajesh,Yeoh,21,Male,011-1192768,2003-10-22,rajesh32944@gmail.com,Silver,"No. 259, Jalan F6",George Town,Pulau Pinang,88533,2025-02-28
32945,Pei Shan,Yeoh,31,Female,019-7467651,1994-01-21,pei32945@gmail.com,Bronze,"No. 166, Jalan E4",Petaling Jaya,Selangor,50783,2025-06-16
32946,Amelia,Cheah,43,Female,014-3209279,1982-06-14,amelia32946@gmail.com,Silver,"No. 82, Jalan F7",Melaka,Melaka,52113,2025-10-10
32947,Yee Ling,bin Abdullah,59,Female,014-1851127,1965-09-11,yee32947@gmail.com,Bronze,"No. 80, Jalan D14",Petaling Jaya,Selangor,55048,2025-02-13
32948,Kavitha,Yeoh,37,Female,014-3420463,1987-09-06,kavitha32948@gmail.com,Bronze,"No. 106, Jalan E17",Ipoh,Perak,97737,2025-06-04
32949,Hui Min,Lee,51,Female,016-2201028,1973-11-08,hui32949@gmail.com,Bronze,"No. 157, Jalan A17",George Town,Pulau Pinang,60816,2025-04-17
32950,Kavitha,Goh,40,Female,012-5258868,1985-01-02,kavitha32950@gmail.com,Silver,"No. 118, Jalan F13",Kuala Lumpur,Wilayah Persekutuan,51984,2025-05-05
32951,Mei Ling,Goh,20,Female,016-3694866,2005-10-27,mei32951@gmail.com,Bronze,"No. 66, Jalan D13",George Town,Pulau Pinang,27397,2025-12-08
32952,Aiman,Lee,46,Male,015-5684021,1978-06-20,aiman32952@gmail.com,Bronze,"No. 172, Jalan G5",Ipoh,Perak,38667,2025-02-28
32953,Ling Ling,Ong,22,Female,014-2975456,2003-03-30,ling32953@gmail.com,Bronze,"No. 122, Jalan E18",Kuala Lumpur,Wilayah Persekutuan,93933,2025-07-27
32954,Wan Ying,Tan,52,Female,014-1974836,1973-10-11,wan32954@gmail.com,Silver,"No. 129, Jalan E1",Johor Bahru,Johor,28652,2025-10-15
32955,Sharmila,Goh,19,Female,013-2456680,2005-12-28,sharmila32955@gmail.com,Bronze,"No. 221, Jalan A16",Petaling Jaya,Selangor,33337,2025-09-07
32956,Yee Ling,Hassan,36,Female,016-7680024,1989-11-14,yee32956@gmail.com,Silver,"No. 38, Jalan E1",Kuala Lumpur,Wilayah Persekutuan,11014,2025-12-12
32957,Siti,a/p Subramaniam,53,Female,014-9821085,1971-06-17,siti32957@gmail.com,Bronze,"No. 157, Jalan E3",Kuala Lumpur,Wilayah Persekutuan,81963,2025-04-21
32958,Kumar,Rahman,52,Male,014-7033845,1973-05-11,kumar32958@gmail.com,Gold,"No. 199, Jalan E12",Petaling Jaya,Selangor,44748,2025-05-14
32959,Alia,binti Ismail,31,Female,010-5863778,1994-02-27,alia32959@gmail.com,Silver,"No. 1, Jalan F6",George Town,Pulau Pinang,62741,2025-06-14
32960,Jasmine,a/p Subramaniam,50,Female,011-4307528,1974-11-11,jasmine32960@gmail.com,Silver,"No. 15, Jalan B19",Kuala Lumpur,Wilayah Persekutuan,68304,2025-04-06
32961,Pei Shan,Wong,57,Female,015-2115496,1968-07-28,pei32961@gmail.com,Silver,"No. 132, Jalan G10",Melaka,Melaka,76199,2025-12-04
32962,Aiman,a/l Subramaniam,27,Male,018-6503122,1997-10-23,aiman32962@gmail.com,Bronze,"No. 247, Jalan G18",Melaka,Melaka,17190,2025-04-11
32963,Kavitha,Hassan,59,Female,019-1689279,1965-05-19,kavitha32963@gmail.com,Bronze,"No. 148, Jalan C14",Melaka,Melaka,12518,2025-02-03
32964,Kavitha,bin Abdullah,49,Female,017-9655049,1976-07-05,kavitha32964@gmail.com,Gold,"No. 8, Jalan B6",Melaka,Melaka,90058,2025-10-15
32965,Sharmila,Chong,52,Female,019-9427062,1973-01-19,sharmila32965@gmail.com,Bronze,"No. 208, Jalan D13",Kuala Lumpur,Wilayah Persekutuan,92312,2025-06-13
32966,Divya,bin Abdullah,60,Female,013-2455876,1965-09-15,divya32966@gmail.com,Bronze,"No. 112, Jalan E19",Petaling Jaya,Selangor,85681,2025-10-29
32967,Aisyah,Goh,49,Female,012-1421363,1976-01-24,aisyah32967@gmail.com,Bronze,"No. 261, Jalan E3",George Town,Pulau Pinang,54306,2025-07-21
32968,Hui Min,Wong,27,Female,017-4886069,1997-11-26,hui32968@gmail.com,Silver,"No. 295, Jalan A16",Johor Bahru,Johor,90013,2025-11-18
32969,Siti,Cheah,43,Female,014-8389812,1981-08-14,siti32969@gmail.com,Bronze,"No. 56, Jalan B6",Johor Bahru,Johor,23665,2025-06-05
32970,Zarina,Lee,32,Female,019-8421175,1993-01-19,zarina32970@gmail.com,Silver,"No. 93, Jalan E14",Johor Bahru,Johor,40215,2025-11-16
32971,Chloe,Chong,36,Female,018-8422067,1988-09-08,chloe32971@gmail.com,Gold,"No. 135, Jalan F20",Melaka,Melaka,33151,2025-01-27
32972,Suresh,Goh,20,Male,015-9863434,2004-08-27,suresh32972@gmail.com,Bronze,"No. 289, Jalan A18",Ipoh,Perak,48114,2025-08-17
32973,Nur Aina,Hassan,33,Female,015-7648041,1991-11-28,nur32973@gmail.com,Bronze,"No. 7, Jalan F1",George Town,Pulau Pinang,59956,2025-03-29
32974,Siti,a/p Subramaniam,38,Female,014-9594061,1987-01-10,siti32974@gmail.com,Bronze,"No. 214, Jalan D4",Kuala Lumpur,Wilayah Persekutuan,35089,2025-06-07
32975,Ling Ling,Tan,45,Female,012-4694244,1979-11-17,ling32975@gmail.com,Bronze,"No. 259, Jalan C18",Ipoh,Perak,56911,2025-08-24
32976,Sharmila,Hassan,20,Female,016-5071474,2004-09-17,sharmila32976@gmail.com,Silver,"No. 217, Jalan D20",Johor Bahru,Johor,61719,2025-03-27
32977,Chloe,bin Abdullah,24,Female,016-7372397,2001-02-10,chloe32977@gmail.com,Bronze,"No. 252, Jalan D18",Kuala Lumpur,Wilayah Persekutuan,83032,2025-09-22
32978,Pei Shan,Lim,25,Female,016-9877338,1999-10-20,pei32978@gmail.com,Bronze,"No. 88, Jalan B14",Melaka,Melaka,21422,2025-06-23
32979,Alia,Yeoh,55,Female,012-3705910,1970-03-10,alia32979@gmail.com,Silver,"No. 216, Jalan F8",Ipoh,Perak,68319,2025-03-31
32980,Rohani,Teoh,52,Female,017-4249090,1973-04-12,rohani32980@gmail.com,Silver,"No. 226, Jalan B11",Kuala Lumpur,Wilayah Persekutuan,12442,2025-05-24
32981,Mei Ling,Sim,46,Female,015-5632064,1979-01-27,mei32981@gmail.com,Bronze,"No. 149, Jalan G15",Kuala Lumpur,Wilayah Persekutuan,68306,2025-04-06
32982,Amelia,Yeoh,25,Female,018-7396874,1999-12-10,amelia32982@gmail.com,Bronze,"No. 289, Jalan F4",George Town,Pulau Pinang,85719,2025-04-02
32983,Rachel,a/p Subramaniam,24,Female,015-7180487,2001-06-30,rachel32983@gmail.com,Gold,"No. 240, Jalan A14",Kuala Lumpur,Wilayah Persekutuan,52440,2025-07-06
32984,Faizal,bin Abdullah,34,Male,010-6749713,1991-04-25,faizal32984@gmail.com,Silver,"No. 255, Jalan E9",George Town,Pulau Pinang,27185,2025-07-29
32985,Chloe,Tan,25,Female,012-5482360,2000-07-21,chloe32985@gmail.com,Gold,"No. 276, Jalan E1",Melaka,Melaka,27219,2025-10-16
32986,Mei Ling,binti Ismail,38,Female,017-1632096,1986-05-10,mei32986@gmail.com,Silver,"No. 16, Jalan E17",Johor Bahru,Johor,77637,2025-03-02
32987,Priya,bin Abdullah,55,Female,012-2589017,1970-01-01,priya32987@gmail.com,Bronze,"No. 91, Jalan A9",Johor Bahru,Johor,88104,2025-01-20
32988,Alia,Chong,22,Female,018-7718638,2003-02-26,alia32988@gmail.com,Silver,"No. 84, Jalan A1",Petaling Jaya,Selangor,97609,2025-09-18
32989,Hui Min,Goh,51,Female,011-2405350,1973-03-29,hui32989@gmail.com,Bronze,"No. 177, Jalan B4",George Town,Pulau Pinang,51487,2025-03-18
32990,Nadia,Hassan,47,Female,013-8441855,1977-12-07,nadia32990@gmail.com,Bronze,"No. 263, Jalan F18",Kuala Lumpur,Wilayah Persekutuan,84919,2025-05-07
32991,Nurin,Tan,24,Female,010-1827468,2000-12-03,nurin32991@gmail.com,Silver,"No. 219, Jalan A6",Ipoh,Perak,72325,2025-01-11
32992,Ling Ling,binti Ismail,24,Female,014-8552466,2000-09-07,ling32992@gmail.com,Bronze,"No. 201, Jalan D4",George Town,Pulau Pinang,16691,2025-01-25
32993,Jun Hao,Tan,34,Male,011-7325669,1991-02-28,jun32993@gmail.com,Bronze,"No. 165, Jalan F18",Kuala Lumpur,Wilayah Persekutuan,15537,2025-11-21
32994,Amelia,Teoh,24,Female,015-1827970,2001-01-05,amelia32994@gmail.com,Silver,"No. 242, Jalan G16",Melaka,Melaka,60397,2025-11-16
32995,Rachel,a/l Subramaniam,47,Female,018-4784646,1977-07-23,rachel32995@gmail.com,Bronze,"No. 284, Jalan F11",Petaling Jaya,Selangor,31273,2025-01-16
32996,Wan Ying,a/p Subramaniam,34,Female,019-7242575,1990-08-15,wan32996@gmail.com,Bronze,"No. 120, Jalan E9",Petaling Jaya,Selangor,32512,2025-01-21
32997,Rajesh,Wong,36,Male,016-7899100,1988-10-08,rajesh32997@gmail.com,Bronze,"No. 225, Jalan F5",Petaling Jaya,Selangor,44167,2025-03-08
32998,Kavitha,Chong,27,Female,010-9476341,1997-11-27,kavitha32998@gmail.com,Bronze,"No. 68, Jalan E2",Johor Bahru,Johor,55541,2025-07-24
32999,Jasmine,Rahman,35,Female,018-9475207,1989-12-20,jasmine32999@gmail.com,Bronze,"No. 121, Jalan B6",George Town,Pulau Pinang,82609,2025-10-18
33000,Xin Yi,Lee,32,Female,016-2454200,1992-09-16,xin33000@gmail.com,Bronze,"No. 46, Jalan B10",Kuala Lumpur,Wilayah Persekutuan,60140,2025-05-02
33001,Anisa,Goh,52,Female,018-5382869,1972-10-14,anisa33001@gmail.com,Silver,"No. 129, Jalan C13",Ipoh,Perak,42428,2025-08-19
33002,Jasmine,binti Ismail,35,Female,016-9299557,1990-05-04,jasmine33002@gmail.com,Bronze,"No. 92, Jalan B17",Kuala Lumpur,Wilayah Persekutuan,50247,2025-05-12
33003,Alia,binti Ismail,54,Female,014-7421560,1971-05-05,alia33003@gmail.com,Gold,"No. 83, Jalan G16",Petaling Jaya,Selangor,33373,2025-11-21
33004,Amelia,Sim,47,Female,015-4317672,1978-11-04,amelia33004@gmail.com,Bronze,"No. 112, Jalan E2",Kuala Lumpur,Wilayah Persekutuan,99486,2025-11-16
33005,Yee Ling,Lim,34,Female,016-2465139,1990-08-06,yee33005@gmail.com,Gold,"No. 88, Jalan B16",Ipoh,Perak,35641,2025-08-04
33006,Ling Ling,a/l Subramaniam,50,Female,012-1092255,1974-12-05,ling33006@gmail.com,Bronze,"No. 87, Jalan E1",Johor Bahru,Johor,34062,2025-01-30
33007,Lakshmi,binti Ismail,55,Female,012-5595298,1970-04-07,lakshmi33007@gmail.com,Silver,"No. 229, Jalan D20",Melaka,Melaka,36123,2025-05-22
33008,Chloe,Ong,47,Female,010-9150027,1977-11-19,chloe33008@gmail.com,Bronze,"No. 41, Jalan F10",George Town,Pulau Pinang,72540,2025-11-15
33009,Alia,Chong,56,Female,010-6439945,1968-12-13,alia33009@gmail.com,Bronze,"No. 56, Jalan A3",George Town,Pulau Pinang,93047,2025-05-27
33010,Nurin,a/p Subramaniam,54,Female,010-4908984,1971-10-26,nurin33010@gmail.com,Gold,"No. 274, Jalan E2",Johor Bahru,Johor,79013,2025-11-13
33011,Zarina,Goh,22,Female,015-3241701,2003-08-17,zarina33011@gmail.com,Gold,"No. 147, Jalan E13",Kuala Lumpur,Wilayah Persekutuan,75799,2025-08-28
33012,Anisa,binti Ismail,37,Female,012-4748489,1987-09-21,anisa33012@gmail.com,Gold,"No. 66, Jalan B6",Johor Bahru,Johor,12385,2025-08-01
33013,Nur Aina,Ong,20,Female,014-7541395,2005-03-13,nur33013@gmail.com,Gold,"No. 146, Jalan C4",Johor Bahru,Johor,47808,2025-05-19
33014,Suhaila,Hassan,31,Female,017-7579888,1994-02-18,suhaila33014@gmail.com,Bronze,"No. 240, Jalan D19",Melaka,Melaka,31522,2025-04-19
33015,Divya,a/p Subramaniam,35,Female,010-6161362,1989-02-22,divya33015@gmail.com,Bronze,"No. 256, Jalan C5",Kuala Lumpur,Wilayah Persekutuan,18126,2025-01-20
33016,Xin Yi,bin Abdullah,43,Female,019-4007091,1982-06-09,xin33016@gmail.com,Bronze,"No. 121, Jalan E19",Johor Bahru,Johor,69281,2025-08-27
33017,Jasmine,Tan,41,Female,014-1618736,1983-10-22,jasmine33017@gmail.com,Bronze,"No. 99, Jalan B13",Johor Bahru,Johor,34989,2025-01-04
33018,Aisyah,binti Ismail,57,Female,011-4542137,1968-04-11,aisyah33018@gmail.com,Silver,"No. 272, Jalan A9",Melaka,Melaka,98716,2025-05-27
33019,Suhaila,Cheah,53,Female,016-5282428,1971-09-27,suhaila33019@gmail.com,Bronze,"No. 117, Jalan G9",Johor Bahru,Johor,46352,2025-02-28
33020,Rajesh,Tan,31,Male,012-4803199,1993-07-29,rajesh33020@gmail.com,Bronze,"No. 285, Jalan A8",Melaka,Melaka,14713,2025-07-13
33021,Mei Ling,Hassan,25,Female,013-2464303,2000-07-07,mei33021@gmail.com,Bronze,"No. 246, Jalan D16",Ipoh,Perak,81088,2025-09-19
33022,Yee Ling,a/l Subramaniam,29,Female,011-6429851,1996-01-09,yee33022@gmail.com,Bronze,"No. 37, Jalan E9",Petaling Jaya,Selangor,95583,2025-01-09
33023,Suhaila,bin Abdullah,33,Female,014-2113543,1991-11-18,suhaila33023@gmail.com,Silver,"No. 267, Jalan B16",Johor Bahru,Johor,95732,2025-04-27
33024,Chloe,Lee,39,Female,011-8132405,1985-07-11,chloe33024@gmail.com,Gold,"No. 295, Jalan F19",George Town,Pulau Pinang,25038,2025-05-13
33025,Jasmine,a/p Subramaniam,34,Female,015-2783199,1991-03-26,jasmine33025@gmail.com,Bronze,"No. 161, Jalan C20",Johor Bahru,Johor,44548,2025-09-01
33026,Nadia,Sim,48,Female,016-1813657,1976-09-22,nadia33026@gmail.com,Bronze,"No. 110, Jalan E12",Ipoh,Perak,53724,2025-08-17
33027,Zarina,Rahman,29,Female,012-3288595,1996-01-09,zarina33027@gmail.com,Bronze,"No. 181, Jalan F19",Johor Bahru,Johor,60382,2025-05-18
33028,Sharmila,Goh,31,Female,019-8041270,1993-07-13,sharmila33028@gmail.com,Bronze,"No. 263, Jalan B6",Johor Bahru,Johor,20821,2025-06-12
33029,Suresh,a/l Subramaniam,27,Male,017-9890641,1997-10-08,suresh33029@gmail.com,Silver,"No. 220, Jalan D19",Johor Bahru,Johor,64661,2025-09-30
33030,Alia,Lee,25,Female,010-5520246,2000-04-14,alia33030@gmail.com,Gold,"No. 86, Jalan A8",Kuala Lumpur,Wilayah Persekutuan,69762,2025-08-01
33031,Xin Yi,Tan,50,Female,016-9983778,1974-11-12,xin33031@gmail.com,Gold,"No. 186, Jalan C9",Ipoh,Perak,43363,2025-09-10
33032,Nurin,a/l Subramaniam,42,Female,012-7349618,1982-04-19,nurin33032@gmail.com,Gold,"No. 175, Jalan G16",Petaling Jaya,Selangor,16404,2025-04-05
33033,Nur Aina,Tan,44,Female,013-3307763,1981-03-10,nur33033@gmail.com,Bronze,"No. 191, Jalan A7",Petaling Jaya,Selangor,83090,2025-11-13
33034,Rachel,a/l Subramaniam,49,Female,016-4201621,1976-08-23,rachel33034@gmail.com,Silver,"No. 218, Jalan F13",George Town,Pulau Pinang,84980,2025-11-22
33035,Faizal,Lee,27,Male,018-3948787,1997-10-21,faizal33035@gmail.com,Bronze,"No. 33, Jalan D9",Ipoh,Perak,64183,2025-04-07
33036,Nadia,Lee,43,Female,019-2838005,1982-08-20,nadia33036@gmail.com,Bronze,"No. 119, Jalan F2",Kuala Lumpur,Wilayah Persekutuan,70112,2025-09-15
33037,Kumar,a/p Subramaniam,54,Male,015-6563310,1970-08-22,kumar33037@gmail.com,Silver,"No. 93, Jalan C6",Petaling Jaya,Selangor,39928,2025-01-29
33038,Amelia,binti Ismail,28,Female,017-5878104,1997-01-09,amelia33038@gmail.com,Bronze,"No. 110, Jalan D11",Kuala Lumpur,Wilayah Persekutuan,86253,2025-06-16
33039,Zarina,Goh,47,Female,014-4081970,1977-09-15,zarina33039@gmail.com,Gold,"No. 283, Jalan E17",Kuala Lumpur,Wilayah Persekutuan,16863,2025-05-15
33040,Anisa,Hassan,31,Female,014-5909207,1993-08-01,anisa33040@gmail.com,Silver,"No. 72, Jalan E9",Ipoh,Perak,51235,2025-06-07
33041,Nur Aina,a/p Subramaniam,41,Female,016-9737290,1984-05-13,nur33041@gmail.com,Bronze,"No. 31, Jalan C12",Johor Bahru,Johor,82860,2025-07-27
33042,Nur Aina,a/p Subramaniam,55,Female,013-8212975,1970-03-13,nur33042@gmail.com,Bronze,"No. 29, Jalan F3",Petaling Jaya,Selangor,94938,2025-07-23
33043,Rachel,a/l Subramaniam,49,Female,018-3716556,1975-08-13,rachel33043@gmail.com,Bronze,"No. 220, Jalan A11",George Town,Pulau Pinang,60612,2025-06-16
33044,Nadia,Tan,50,Female,015-6751926,1974-05-20,nadia33044@gmail.com,Bronze,"No. 103, Jalan C4",Johor Bahru,Johor,31395,2025-05-10
33045,Pei Shan,Ong,25,Female,012-6107214,1999-07-19,pei33045@gmail.com,Silver,"No. 98, Jalan A18",Ipoh,Perak,32125,2025-04-04
33046,Jasmine,Lim,47,Female,015-6985950,1978-03-22,jasmine33046@gmail.com,Bronze,"No. 266, Jalan F9",George Town,Pulau Pinang,58186,2025-08-03
33047,Nurin,bin Abdullah,44,Female,015-7686713,1980-10-10,nurin33047@gmail.com,Gold,"No. 136, Jalan G15",Johor Bahru,Johor,52878,2025-08-19
33048,Nurin,Wong,27,Female,017-9521699,1998-09-13,nurin33048@gmail.com,Gold,"No. 197, Jalan G19",Kuala Lumpur,Wilayah Persekutuan,95774,2025-12-01
33049,Kavitha,Hassan,41,Female,018-1541729,1984-05-25,kavitha33049@gmail.com,Bronze,"No. 63, Jalan E11",George Town,Pulau Pinang,49473,2025-07-13
33050,Nur Aina,binti Ismail,51,Female,011-1634244,1973-11-14,nur33050@gmail.com,Silver,"No. 99, Jalan B18",Petaling Jaya,Selangor,49427,2025-03-17
33051,Anisa,Wong,56,Female,016-2341903,1968-02-09,anisa33051@gmail.com,Silver,"No. 143, Jalan C2",Ipoh,Perak,25058,2025-02-01
33052,Hui Min,Wong,43,Female,015-8650382,1982-10-12,hui33052@gmail.com,Bronze,"No. 190, Jalan C17",Johor Bahru,Johor,33631,2025-10-22
33053,Alia,binti Ismail,23,Female,012-1363262,2002-02-16,alia33053@gmail.com,Silver,"No. 79, Jalan F16",George Town,Pulau Pinang,58104,2025-03-13
33054,Nur Aina,Tan,52,Female,019-3395868,1972-12-12,nur33054@gmail.com,Silver,"No. 145, Jalan G12",George Town,Pulau Pinang,76210,2025-01-11
33055,Faizal,Sim,40,Male,013-1182294,1984-03-22,faizal33055@gmail.com,Bronze,"No. 157, Jalan A4",Ipoh,Perak,23416,2025-02-27
33056,Divya,a/l Subramaniam,51,Female,019-4737386,1973-07-01,divya33056@gmail.com,Gold,"No. 52, Jalan B16",Petaling Jaya,Selangor,18118,2025-05-25
33057,Lakshmi,Goh,46,Female,018-1191086,1978-12-14,lakshmi33057@gmail.com,Bronze,"No. 154, Jalan G20",Kuala Lumpur,Wilayah Persekutuan,45520,2025-05-28
33058,Yee Ling,Tan,36,Female,016-2567777,1989-03-10,yee33058@gmail.com,Gold,"No. 230, Jalan C9",Petaling Jaya,Selangor,37307,2025-05-11
33059,Siti,Lee,26,Female,010-7945185,1998-05-12,siti33059@gmail.com,Bronze,"No. 124, Jalan F14",Petaling Jaya,Selangor,99347,2025-02-13
33060,Mei Ling,Wong,37,Female,017-2066020,1987-07-16,mei33060@gmail.com,Bronze,"No. 203, Jalan F17",Petaling Jaya,Selangor,90804,2025-01-27
33061,Yee Ling,Teoh,45,Female,017-7282924,1979-12-24,yee33061@gmail.com,Silver,"No. 265, Jalan F15",Kuala Lumpur,Wilayah Persekutuan,61629,2025-02-04
33062,Hui Min,a/p Subramaniam,39,Female,010-1228976,1986-10-11,hui33062@gmail.com,Silver,"No. 299, Jalan C9",Ipoh,Perak,85051,2025-11-10
33063,Jun Hao,Rahman,32,Male,016-1745060,1992-12-14,jun33063@gmail.com,Bronze,"No. 273, Jalan E2",George Town,Pulau Pinang,29980,2025-01-13
33064,Ling Ling,Chong,36,Female,011-8866487,1989-07-20,ling33064@gmail.com,Bronze,"No. 298, Jalan A18",Johor Bahru,Johor,96184,2025-11-10
33065,Yee Ling,Wong,31,Female,014-2757166,1994-07-06,yee33065@gmail.com,Gold,"No. 139, Jalan E18",Kuala Lumpur,Wilayah Persekutuan,56066,2025-08-11
33066,Rohani,Cheah,41,Female,016-2488156,1984-01-03,rohani33066@gmail.com,Bronze,"No. 41, Jalan C4",Johor Bahru,Johor,25530,2025-04-20
33067,Nadia,Chong,28,Female,019-2753861,1997-05-16,nadia33067@gmail.com,Bronze,"No. 121, Jalan A3",Ipoh,Perak,84399,2025-06-28
33068,Amelia,Hassan,38,Female,012-3865701,1987-01-12,amelia33068@gmail.com,Silver,"No. 102, Jalan C10",Petaling Jaya,Selangor,28262,2025-03-29
33069,Zarina,Yeoh,43,Female,014-5682396,1982-01-30,zarina33069@gmail.com,Bronze,"No. 55, Jalan D1",Johor Bahru,Johor,99230,2025-04-03
33070,Siti,a/l Subramaniam,43,Female,016-5557941,1982-02-12,siti33070@gmail.com,Bronze,"No. 165, Jalan F6",Melaka,Melaka,55900,2025-08-05
33071,Amelia,bin Abdullah,19,Female,019-1050258,2006-01-07,amelia33071@gmail.com,Bronze,"No. 294, Jalan D1",Kuala Lumpur,Wilayah Persekutuan,66439,2025-02-24
33072,Sharmila,Wong,18,Female,016-6825223,2007-05-20,sharmila33072@gmail.com,Silver,"No. 144, Jalan B8",Petaling Jaya,Selangor,17467,2025-06-05
33073,Suhaila,Teoh,20,Female,018-9343432,2004-09-21,suhaila33073@gmail.com,Silver,"No. 234, Jalan B4",Ipoh,Perak,65697,2025-05-11
33074,Divya,Teoh,36,Female,018-4149077,1989-02-06,divya33074@gmail.com,Gold,"No. 148, Jalan A14",Kuala Lumpur,Wilayah Persekutuan,80577,2025-03-12
33075,Chloe,Wong,19,Female,010-7015212,2005-09-26,chloe33075@gmail.com,Silver,"No. 108, Jalan D11",George Town,Pulau Pinang,12794,2025-07-18
33076,Nadia,bin Abdullah,37,Female,012-4737683,1988-05-16,nadia33076@gmail.com,Bronze,"No. 161, Jalan A17",George Town,Pulau Pinang,40768,2025-10-28
33077,Lakshmi,Lee,33,Female,012-4601189,1991-10-02,lakshmi33077@gmail.com,Bronze,"No. 99, Jalan A18",Ipoh,Perak,17103,2025-01-31
33078,Nurin,a/l Subramaniam,41,Female,018-8733523,1984-05-20,nurin33078@gmail.com,Bronze,"No. 83, Jalan F10",Melaka,Melaka,10641,2025-07-24
33079,Suhaila,a/l Subramaniam,43,Female,016-8050869,1982-01-18,suhaila33079@gmail.com,Bronze,"No. 9, Jalan B9",Kuala Lumpur,Wilayah Persekutuan,38736,2025-02-08
33080,Farah,a/p Subramaniam,55,Female,014-3646529,1969-09-13,farah33080@gmail.com,Silver,"No. 26, Jalan B1",Kuala Lumpur,Wilayah Persekutuan,98126,2025-07-23
33081,Xin Yi,Tan,21,Female,015-5831381,2003-11-23,xin33081@gmail.com,Bronze,"No. 156, Jalan B3",Ipoh,Perak,27024,2025-09-03
33082,Sharmila,a/l Subramaniam,21,Female,019-1743029,2004-01-06,sharmila33082@gmail.com,Bronze,"No. 276, Jalan E18",Johor Bahru,Johor,60194,2025-09-28
33083,Nadia,bin Abdullah,49,Female,012-3807136,1976-02-27,nadia33083@gmail.com,Bronze,"No. 240, Jalan D6",Petaling Jaya,Selangor,89337,2025-09-16
33084,Suresh,binti Ismail,18,Male,013-7972555,2007-03-05,suresh33084@gmail.com,Silver,"No. 145, Jalan E8",Ipoh,Perak,26669,2025-03-16
33085,Nurin,Teoh,34,Female,017-1246340,1991-02-02,nurin33085@gmail.com,Bronze,"No. 172, Jalan A9",Ipoh,Perak,34306,2025-12-13
33086,Priya,bin Abdullah,59,Female,013-8358958,1965-10-26,priya33086@gmail.com,Bronze,"No. 121, Jalan E2",Melaka,Melaka,10710,2025-05-14
33087,Rachel,Lee,38,Female,013-1740569,1987-06-24,rachel33087@gmail.com,Silver,"No. 57, Jalan G11",Johor Bahru,Johor,94895,2025-08-11
33088,Ling Ling,a/l Subramaniam,48,Female,019-5770638,1977-05-05,ling33088@gmail.com,Bronze,"No. 11, Jalan F12",Ipoh,Perak,59285,2025-07-15
33089,Hui Min,Tan,49,Female,018-4426446,1975-10-07,hui33089@gmail.com,Silver,"No. 237, Jalan E13",Kuala Lumpur,Wilayah Persekutuan,94574,2025-02-21
33090,Yee Ling,a/p Subramaniam,54,Female,015-1645372,1970-09-23,yee33090@gmail.com,Bronze,"No. 195, Jalan A9",Johor Bahru,Johor,61650,2025-08-24
33091,Jasmine,Yeoh,34,Female,017-7901959,1991-06-12,jasmine33091@gmail.com,Silver,"No. 231, Jalan B19",Kuala Lumpur,Wilayah Persekutuan,29711,2025-07-06
33092,Siti,a/p Subramaniam,20,Female,017-2491691,2004-09-02,siti33092@gmail.com,Bronze,"No. 249, Jalan G13",Ipoh,Perak,80377,2025-06-07
33093,Mei Ling,Lee,41,Female,013-9250693,1984-07-20,mei33093@gmail.com,Gold,"No. 86, Jalan E18",Petaling Jaya,Selangor,83300,2025-10-27
33094,Wan Ying,Cheah,54,Female,019-8110440,1970-11-09,wan33094@gmail.com,Platinum,"No. 271, Jalan F2",Kuala Lumpur,Wilayah Persekutuan,39253,2025-02-08
33095,Siti,Hassan,20,Female,013-5096921,2004-12-08,siti33095@gmail.com,Platinum,"No. 180, Jalan D13",Petaling Jaya,Selangor,43134,2025-03-09
33096,Nurin,a/p Subramaniam,40,Female,014-3504684,1985-01-17,nurin33096@gmail.com,Silver,"No. 124, Jalan F12",Kuala Lumpur,Wilayah Persekutuan,23248,2025-07-07
33097,Priya,Lim,35,Female,016-8665211,1990-05-10,priya33097@gmail.com,Bronze,"No. 243, Jalan F20",Ipoh,Perak,49241,2025-09-18
33098,Priya,Sim,42,Female,012-8438906,1983-02-16,priya33098@gmail.com,Silver,"No. 121, Jalan A8",Johor Bahru,Johor,68847,2025-11-22
33099,Nadia,Teoh,40,Female,010-1003454,1985-09-11,nadia33099@gmail.com,Bronze,"No. 25, Jalan A10",Kuala Lumpur,Wilayah Persekutuan,10133,2025-11-17
33100,Suhaila,a/p Subramaniam,30,Female,013-1422012,1995-03-13,suhaila33100@gmail.com,Bronze,"No. 298, Jalan D1",Johor Bahru,Johor,12229,2025-10-12
33101,Jun Hao,Teoh,31,Male,018-5803737,1993-06-13,jun33101@gmail.com,Bronze,"No. 293, Jalan C4",Kuala Lumpur,Wilayah Persekutuan,84479,2025-01-08
33102,Nadia,Sim,48,Female,010-2771823,1977-05-22,nadia33102@gmail.com,Bronze,"No. 164, Jalan G11",Kuala Lumpur,Wilayah Persekutuan,86501,2025-09-03
33103,Sharmila,Wong,22,Female,013-2681576,2003-04-22,sharmila33103@gmail.com,Bronze,"No. 74, Jalan B4",Kuala Lumpur,Wilayah Persekutuan,70930,2025-06-19
33104,Amelia,Lee,34,Female,012-8146480,1991-05-06,amelia33104@gmail.com,Platinum,"No. 89, Jalan E15",Petaling Jaya,Selangor,52003,2025-06-29
33105,Priya,Sim,28,Female,011-4113643,1997-08-06,priya33105@gmail.com,Bronze,"No. 165, Jalan G16",Kuala Lumpur,Wilayah Persekutuan,79060,2025-10-20
33106,Chloe,Cheah,48,Female,011-3883437,1977-04-12,chloe33106@gmail.com,Silver,"No. 263, Jalan B18",Kuala Lumpur,Wilayah Persekutuan,63321,2025-08-21
33107,Rohani,Chong,35,Female,018-8518294,1990-08-16,rohani33107@gmail.com,Bronze,"No. 80, Jalan C1",Petaling Jaya,Selangor,62288,2025-09-04
33108,Siti,Lee,60,Female,015-8872511,1965-07-31,siti33108@gmail.com,Bronze,"No. 58, Jalan C8",Petaling Jaya,Selangor,55195,2025-12-01
33109,Rajesh,Chong,19,Male,014-3941794,2005-10-04,rajesh33109@gmail.com,Silver,"No. 9, Jalan A16",Kuala Lumpur,Wilayah Persekutuan,89798,2025-06-02
33110,Pei Shan,Lim,21,Female,013-7650904,2003-09-03,pei33110@gmail.com,Gold,"No. 170, Jalan G1",Kuala Lumpur,Wilayah Persekutuan,32913,2025-08-05
33111,Anisa,Tan,25,Female,018-6054144,1999-12-28,anisa33111@gmail.com,Gold,"No. 22, Jalan E14",Petaling Jaya,Selangor,46621,2025-03-08
33112,Alia,Yeoh,54,Female,017-6101577,1971-09-29,alia33112@gmail.com,Silver,"No. 74, Jalan E10",Ipoh,Perak,10813,2025-11-26
33113,Nur Aina,Teoh,39,Female,015-7799642,1986-03-17,nur33113@gmail.com,Silver,"No. 10, Jalan F5",Melaka,Melaka,31107,2025-04-02
33114,Jun Hao,bin Abdullah,18,Male,013-2542881,2006-06-24,jun33114@gmail.com,Bronze,"No. 201, Jalan F7",Melaka,Melaka,60579,2025-04-25
33115,Divya,Goh,24,Female,012-3002916,2000-12-09,divya33115@gmail.com,Silver,"No. 17, Jalan E6",Petaling Jaya,Selangor,51016,2025-03-17
33116,Kok Wai,Rahman,29,Male,012-8686588,1995-07-01,kok33116@gmail.com,Bronze,"No. 248, Jalan D1",Kuala Lumpur,Wilayah Persekutuan,58469,2025-01-04
33117,Aisyah,Wong,25,Female,015-8678727,1999-10-22,aisyah33117@gmail.com,Silver,"No. 77, Jalan C10",Ipoh,Perak,60313,2025-07-14
33118,Haziq,Hassan,23,Male,012-6242932,2002-01-10,haziq33118@gmail.com,Silver,"No. 224, Jalan E11",Petaling Jaya,Selangor,96790,2025-11-21
33119,Rachel,Lee,36,Female,019-6126637,1988-04-10,rachel33119@gmail.com,Bronze,"No. 244, Jalan B10",Melaka,Melaka,58434,2025-01-06
33120,Ling Ling,Rahman,45,Female,016-9024542,1979-09-14,ling33120@gmail.com,Bronze,"No. 41, Jalan E17",Johor Bahru,Johor,11108,2025-04-18
33121,Rohani,Yeoh,35,Female,016-4445855,1990-04-13,rohani33121@gmail.com,Silver,"No. 67, Jalan C17",Ipoh,Perak,99673,2025-11-12
33122,Sharmila,Yeoh,18,Female,013-6886813,2006-07-17,sharmila33122@gmail.com,Gold,"No. 189, Jalan A3",Johor Bahru,Johor,33928,2025-06-26
33123,Nadia,Wong,59,Female,012-4912569,1965-09-01,nadia33123@gmail.com,Platinum,"No. 50, Jalan E16",George Town,Pulau Pinang,26051,2025-08-20
33124,Farah,Ong,34,Female,014-7442565,1990-06-06,farah33124@gmail.com,Gold,"No. 100, Jalan G6",Kuala Lumpur,Wilayah Persekutuan,91677,2025-06-04
33125,Zarina,binti Ismail,18,Female,019-7252128,2006-05-29,zarina33125@gmail.com,Bronze,"No. 142, Jalan G6",Johor Bahru,Johor,77531,2025-03-14
33126,Yee Ling,Goh,36,Female,017-1367385,1989-02-04,yee33126@gmail.com,Bronze,"No. 83, Jalan G8",Petaling Jaya,Selangor,45634,2025-03-30
33127,Alia,Cheah,49,Female,014-7316111,1975-06-03,alia33127@gmail.com,Gold,"No. 272, Jalan E4",George Town,Pulau Pinang,68930,2025-01-06
33128,Amelia,bin Abdullah,37,Female,012-3707890,1987-10-31,amelia33128@gmail.com,Bronze,"No. 210, Jalan G18",Ipoh,Perak,17065,2025-02-05
33129,Amelia,Teoh,27,Female,010-1924915,1997-04-23,amelia33129@gmail.com,Gold,"No. 4, Jalan C3",Petaling Jaya,Selangor,22171,2025-02-06
33130,Amelia,Tan,55,Female,017-1522430,1970-08-14,amelia33130@gmail.com,Platinum,"No. 159, Jalan E9",Kuala Lumpur,Wilayah Persekutuan,58809,2025-10-31
33131,Wei Jie,Cheah,47,Male,014-1566409,1978-01-25,wei33131@gmail.com,Gold,"No. 284, Jalan F9",Johor Bahru,Johor,90384,2025-02-19
33132,Rohani,Tan,49,Female,011-2020406,1975-07-06,rohani33132@gmail.com,Silver,"No. 59, Jalan D7",Johor Bahru,Johor,49553,2025-05-22
33133,Wan Ying,Wong,52,Female,011-9616978,1972-12-28,wan33133@gmail.com,Bronze,"No. 262, Jalan A14",George Town,Pulau Pinang,21687,2025-09-01
33134,Chloe,Chong,33,Female,015-2114324,1992-08-30,chloe33134@gmail.com,Gold,"No. 170, Jalan B8",Melaka,Melaka,90661,2025-09-16
33135,Lakshmi,Wong,48,Female,018-7825709,1976-05-11,lakshmi33135@gmail.com,Silver,"No. 89, Jalan B5",Johor Bahru,Johor,43271,2025-05-09
33136,Rachel,Cheah,18,Female,013-4517728,2007-02-15,rachel33136@gmail.com,Silver,"No. 160, Jalan B11",Petaling Jaya,Selangor,10675,2025-03-02
33137,Ling Ling,a/l Subramaniam,22,Female,012-3938994,2002-10-03,ling33137@gmail.com,Bronze,"No. 259, Jalan A18",Johor Bahru,Johor,68877,2025-03-01
33138,Mei Ling,Yeoh,37,Female,019-1818596,1987-11-14,mei33138@gmail.com,Silver,"No. 189, Jalan G19",Kuala Lumpur,Wilayah Persekutuan,81379,2025-09-13
33139,Sharmila,Tan,56,Female,010-7738892,1968-10-26,sharmila33139@gmail.com,Bronze,"No. 45, Jalan G20",Petaling Jaya,Selangor,71358,2025-07-14
33140,Mei Ling,Cheah,29,Female,013-7357948,1996-03-25,mei33140@gmail.com,Platinum,"No. 255, Jalan D7",Kuala Lumpur,Wilayah Persekutuan,68759,2025-07-31
33141,Wan Ying,Yeoh,48,Female,014-4994750,1976-10-20,wan33141@gmail.com,Bronze,"No. 247, Jalan D12",Kuala Lumpur,Wilayah Persekutuan,63042,2025-05-31
33142,Anisa,Chong,46,Female,018-6369255,1978-04-28,anisa33142@gmail.com,Bronze,"No. 280, Jalan D2",Ipoh,Perak,36425,2025-01-11
33143,Pei Shan,a/p Subramaniam,34,Female,013-2633311,1990-12-14,pei33143@gmail.com,Bronze,"No. 246, Jalan A10",Kuala Lumpur,Wilayah Persekutuan,63519,2025-03-02
33144,Zarina,Yeoh,58,Female,019-5090853,1967-04-13,zarina33144@gmail.com,Gold,"No. 52, Jalan C19",George Town,Pulau Pinang,69676,2025-06-25
33145,Anisa,Yeoh,22,Female,018-5134717,2002-07-27,anisa33145@gmail.com,Silver,"No. 270, Jalan B6",George Town,Pulau Pinang,62701,2025-01-25
33146,Kok Wai,Goh,32,Male,018-4258649,1992-10-20,kok33146@gmail.com,Silver,"No. 149, Jalan E3",Petaling Jaya,Selangor,82598,2025-04-03
33147,Lakshmi,Wong,44,Female,019-1933968,1981-02-04,lakshmi33147@gmail.com,Gold,"No. 257, Jalan D17",Kuala Lumpur,Wilayah Persekutuan,95120,2025-07-28
33148,Aisyah,Rahman,54,Female,014-2841583,1970-06-11,aisyah33148@gmail.com,Bronze,"No. 180, Jalan C14",Johor Bahru,Johor,55500,2025-01-08
33149,Nurin,Hassan,19,Female,015-6601662,2005-06-07,nurin33149@gmail.com,Gold,"No. 5, Jalan D19",George Town,Pulau Pinang,83009,2025-02-19
33150,Ling Ling,Hassan,18,Female,015-4910742,2006-11-14,ling33150@gmail.com,Bronze,"No. 77, Jalan G16",Kuala Lumpur,Wilayah Persekutuan,18758,2025-09-25
33151,Siti,Teoh,18,Female,018-7053497,2006-09-24,siti33151@gmail.com,Bronze,"No. 217, Jalan F11",Kuala Lumpur,Wilayah Persekutuan,58682,2025-04-29
33152,Suhaila,Tan,29,Female,016-6787425,1996-07-01,suhaila33152@gmail.com,Bronze,"No. 16, Jalan A17",Ipoh,Perak,45406,2025-08-30
33153,Kumar,Yeoh,22,Male,016-6843217,2003-04-04,kumar33153@gmail.com,Silver,"No. 126, Jalan G14",Petaling Jaya,Selangor,25814,2025-08-31
33154,Hui Min,binti Ismail,58,Female,015-3557593,1966-07-22,hui33154@gmail.com,Gold,"No. 205, Jalan D6",Johor Bahru,Johor,30619,2025-01-28
33155,Alia,Sim,48,Female,014-2414748,1976-03-07,alia33155@gmail.com,Bronze,"No. 78, Jalan G12",Ipoh,Perak,18044,2025-01-19
33156,Jun Hao,Chong,23,Male,012-3034133,2001-07-02,jun33156@gmail.com,Bronze,"No. 274, Jalan D14",Petaling Jaya,Selangor,20145,2025-03-02
33157,Rachel,Wong,56,Female,014-5535241,1968-07-30,rachel33157@gmail.com,Bronze,"No. 255, Jalan C7",Petaling Jaya,Selangor,24598,2025-04-05
33158,Anisa,binti Ismail,41,Female,017-2534954,1983-11-20,anisa33158@gmail.com,Bronze,"No. 266, Jalan B6",Kuala Lumpur,Wilayah Persekutuan,71571,2025-02-25
33159,Arjun,Teoh,18,Male,019-2229766,2006-12-13,arjun33159@gmail.com,Bronze,"No. 28, Jalan A9",Johor Bahru,Johor,18116,2025-04-05
33160,Alia,bin Abdullah,55,Female,014-6922416,1969-11-05,alia33160@gmail.com,Silver,"No. 144, Jalan C10",Johor Bahru,Johor,35096,2025-06-22
33161,Siti,a/p Subramaniam,31,Female,013-1089594,1994-09-14,siti33161@gmail.com,Platinum,"No. 67, Jalan E7",Kuala Lumpur,Wilayah Persekutuan,14585,2025-10-14
33162,Nadia,Cheah,26,Female,015-9491610,1999-01-14,nadia33162@gmail.com,Silver,"No. 139, Jalan C20",George Town,Pulau Pinang,52456,2025-03-07
33163,Jun Hao,Yeoh,21,Male,017-5052375,2004-03-21,jun33163@gmail.com,Bronze,"No. 178, Jalan F7",George Town,Pulau Pinang,40103,2025-09-23
33164,Amirul,Ong,34,Male,019-6746854,1990-05-21,amirul33164@gmail.com,Bronze,"No. 53, Jalan D20",Johor Bahru,Johor,58696,2025-03-14
33165,Wei Jie,Yeoh,36,Male,014-4976350,1988-07-31,wei33165@gmail.com,Bronze,"No. 75, Jalan B13",Melaka,Melaka,63329,2025-05-18
33166,Jasmine,bin Abdullah,37,Female,010-9738377,1987-12-11,jasmine33166@gmail.com,Bronze,"No. 13, Jalan A17",George Town,Pulau Pinang,58954,2025-05-15
33167,Rohani,binti Ismail,26,Female,014-3930351,1999-03-01,rohani33167@gmail.com,Bronze,"No. 242, Jalan D10",Ipoh,Perak,58916,2025-10-31
33168,Ling Ling,Lim,52,Female,016-3574082,1973-09-18,ling33168@gmail.com,Gold,"No. 36, Jalan F13",Ipoh,Perak,35469,2025-11-01
33169,Mei Ling,a/p Subramaniam,32,Female,013-9134097,1992-12-01,mei33169@gmail.com,Bronze,"No. 94, Jalan C17",Ipoh,Perak,35200,2025-02-23
33170,Haziq,Tan,47,Male,014-8164422,1978-07-16,haziq33170@gmail.com,Bronze,"No. 26, Jalan B5",George Town,Pulau Pinang,55234,2025-10-10
33171,Amelia,Cheah,54,Female,017-7113888,1971-05-22,amelia33171@gmail.com,Bronze,"No. 287, Jalan E18",George Town,Pulau Pinang,76188,2025-07-24
33172,Sharmila,Sim,46,Female,011-4678662,1978-07-09,sharmila33172@gmail.com,Bronze,"No. 217, Jalan B3",Kuala Lumpur,Wilayah Persekutuan,57255,2025-06-30
33173,Divya,Lee,42,Female,010-9485263,1982-04-13,divya33173@gmail.com,Bronze,"No. 249, Jalan C16",Kuala Lumpur,Wilayah Persekutuan,24452,2025-03-16
33174,Pei Shan,Yeoh,50,Female,015-7363136,1975-02-06,pei33174@gmail.com,Gold,"No. 88, Jalan C8",George Town,Pulau Pinang,45048,2025-04-28
33175,Chloe,Teoh,23,Female,018-6061314,2001-12-15,chloe33175@gmail.com,Platinum,"No. 127, Jalan F10",Petaling Jaya,Selangor,69966,2025-09-02
33176,Mei Ling,Wong,53,Female,015-7191431,1971-12-17,mei33176@gmail.com,Silver,"No. 268, Jalan B2",Ipoh,Perak,43169,2025-03-07
33177,Nur Aina,Yeoh,56,Female,010-3014892,1969-06-02,nur33177@gmail.com,Gold,"No. 124, Jalan B4",Kuala Lumpur,Wilayah Persekutuan,12760,2025-07-07
33178,Divya,Tan,25,Female,018-9763773,2000-01-24,divya33178@gmail.com,Bronze,"No. 91, Jalan F6",Melaka,Melaka,48386,2025-11-13
33179,Ling Ling,Yeoh,45,Female,010-6286903,1979-11-16,ling33179@gmail.com,Bronze,"No. 57, Jalan F19",Johor Bahru,Johor,99272,2025-10-02
33180,Aisyah,Lee,32,Female,010-1764992,1992-03-02,aisyah33180@gmail.com,Gold,"No. 268, Jalan F12",Melaka,Melaka,41056,2025-01-22
33181,Farah,Tan,44,Female,011-1104319,1980-07-16,farah33181@gmail.com,Silver,"No. 67, Jalan D20",Kuala Lumpur,Wilayah Persekutuan,63869,2025-01-11
33182,Rajesh,Cheah,38,Male,013-2481837,1987-04-26,rajesh33182@gmail.com,Bronze,"No. 26, Jalan B2",Kuala Lumpur,Wilayah Persekutuan,75076,2025-07-21
33183,Rohani,Wong,51,Female,011-5520887,1974-08-10,rohani33183@gmail.com,Bronze,"No. 83, Jalan F17",Kuala Lumpur,Wilayah Persekutuan,54471,2025-09-05
33184,Nurin,Yeoh,21,Female,018-4290218,2003-11-24,nurin33184@gmail.com,Platinum,"No. 233, Jalan A19",Ipoh,Perak,51649,2025-01-26
33185,Suhaila,Cheah,27,Female,016-8742356,1998-01-18,suhaila33185@gmail.com,Bronze,"No. 122, Jalan D10",Kuala Lumpur,Wilayah Persekutuan,68199,2025-03-08
33186,Aisyah,Yeoh,58,Female,013-7774101,1966-03-26,aisyah33186@gmail.com,Bronze,"No. 291, Jalan F15",Petaling Jaya,Selangor,86785,2025-01-20
33187,Nadia,Yeoh,37,Female,015-9879977,1987-12-15,nadia33187@gmail.com,Platinum,"No. 205, Jalan F1",Kuala Lumpur,Wilayah Persekutuan,55065,2025-05-19
33188,Siti,Ong,53,Female,010-8039424,1971-07-14,siti33188@gmail.com,Bronze,"No. 168, Jalan E9",George Town,Pulau Pinang,91344,2025-06-27
33189,Nur Aina,Ong,56,Female,018-8449637,1969-01-30,nur33189@gmail.com,Bronze,"No. 178, Jalan D12",Ipoh,Perak,83491,2025-03-24
33190,Lakshmi,Teoh,31,Female,014-8523681,1993-11-13,lakshmi33190@gmail.com,Bronze,"No. 83, Jalan F8",George Town,Pulau Pinang,96344,2025-04-11
33191,Chloe,Goh,43,Female,011-2283923,1981-10-01,chloe33191@gmail.com,Bronze,"No. 153, Jalan F2",George Town,Pulau Pinang,61647,2025-06-05
33192,Pei Shan,a/p Subramaniam,19,Female,016-9070712,2006-07-21,pei33192@gmail.com,Bronze,"No. 163, Jalan E12",George Town,Pulau Pinang,55186,2025-09-05
33193,Kavitha,Chong,37,Female,013-3138770,1988-08-09,kavitha33193@gmail.com,Bronze,"No. 151, Jalan A15",Kuala Lumpur,Wilayah Persekutuan,85735,2025-11-12
33194,Divya,Lee,39,Female,019-1668406,1985-10-02,divya33194@gmail.com,Bronze,"No. 209, Jalan D6",Kuala Lumpur,Wilayah Persekutuan,56949,2025-04-21
33195,Farah,Sim,33,Female,015-5943695,1991-07-27,farah33195@gmail.com,Gold,"No. 12, Jalan E9",Ipoh,Perak,66329,2025-07-06
33196,Jasmine,Hassan,30,Female,010-4784513,1995-01-01,jasmine33196@gmail.com,Silver,"No. 11, Jalan F20",Ipoh,Perak,25187,2025-08-25
33197,Hui Min,Ong,44,Female,013-9746780,1981-03-27,hui33197@gmail.com,Bronze,"No. 210, Jalan E17",Petaling Jaya,Selangor,99362,2025-08-07
33198,Alia,binti Ismail,53,Female,018-2386263,1972-04-14,alia33198@gmail.com,Bronze,"No. 11, Jalan C1",Melaka,Melaka,32414,2025-10-08
33199,Nadia,a/l Subramaniam,28,Female,010-2962450,1996-08-10,nadia33199@gmail.com,Bronze,"No. 71, Jalan F4",Kuala Lumpur,Wilayah Persekutuan,54928,2025-02-17
33200,Kavitha,Lee,33,Female,017-8816666,1991-09-21,kavitha33200@gmail.com,Bronze,"No. 3, Jalan G8",Kuala Lumpur,Wilayah Persekutuan,75124,2025-07-22
33201,Arjun,Ong,58,Male,016-6645583,1966-07-05,arjun33201@gmail.com,Bronze,"No. 32, Jalan F16",Melaka,Melaka,40022,2025-03-10
33202,Lakshmi,Tan,40,Female,017-1320807,1985-01-11,lakshmi33202@gmail.com,Bronze,"No. 136, Jalan G6",Johor Bahru,Johor,40264,2025-02-11
33203,Rohani,Rahman,29,Female,018-3807473,1995-08-24,rohani33203@gmail.com,Bronze,"No. 173, Jalan A5",George Town,Pulau Pinang,18446,2025-03-11
33204,Kavitha,Ong,59,Female,016-2720415,1965-11-14,kavitha33204@gmail.com,Silver,"No. 294, Jalan B16",Petaling Jaya,Selangor,22215,2025-09-18
33205,Nur Aina,Cheah,55,Female,011-7489276,1969-11-11,nur33205@gmail.com,Bronze,"No. 75, Jalan E16",Johor Bahru,Johor,61698,2025-03-05
33206,Anisa,Chong,30,Female,017-7972574,1995-02-13,anisa33206@gmail.com,Silver,"No. 97, Jalan D15",George Town,Pulau Pinang,81209,2025-06-29
33207,Yee Ling,Lim,35,Female,016-3395876,1989-12-06,yee33207@gmail.com,Bronze,"No. 238, Jalan C8",George Town,Pulau Pinang,37092,2025-07-05
33208,Aisyah,Goh,46,Female,013-7378586,1979-05-21,aisyah33208@gmail.com,Bronze,"No. 227, Jalan D17",Kuala Lumpur,Wilayah Persekutuan,76418,2025-06-15
33209,Yee Ling,a/p Subramaniam,23,Female,015-3000617,2001-08-20,yee33209@gmail.com,Bronze,"No. 207, Jalan E13",Johor Bahru,Johor,10180,2025-07-24
33210,Mei Ling,Lim,34,Female,014-3181665,1990-12-02,mei33210@gmail.com,Silver,"No. 238, Jalan G14",Ipoh,Perak,40596,2025-10-23
33211,Xin Yi,Ong,45,Female,016-7067939,1979-03-25,xin33211@gmail.com,Bronze,"No. 74, Jalan E15",George Town,Pulau Pinang,10358,2025-02-21
33212,Mei Ling,Tan,58,Female,010-2302529,1967-08-26,mei33212@gmail.com,Bronze,"No. 153, Jalan D1",Ipoh,Perak,50925,2025-10-16
33213,Aiman,Sim,53,Male,014-6237060,1971-03-11,aiman33213@gmail.com,Bronze,"No. 250, Jalan C15",Petaling Jaya,Selangor,23263,2025-02-20
33214,Nur Aina,Goh,49,Female,014-6986206,1976-03-13,nur33214@gmail.com,Silver,"No. 56, Jalan D16",Melaka,Melaka,92442,2025-07-16
33215,Rajesh,Sim,27,Male,013-8580514,1998-10-31,rajesh33215@gmail.com,Silver,"No. 125, Jalan G17",Kuala Lumpur,Wilayah Persekutuan,23079,2025-12-16
33216,Wan Ying,Tan,55,Female,016-4766847,1969-07-20,wan33216@gmail.com,Silver,"No. 199, Jalan A8",Kuala Lumpur,Wilayah Persekutuan,79002,2025-02-10
33217,Zarina,Tan,21,Female,015-1288677,2004-02-12,zarina33217@gmail.com,Bronze,"No. 274, Jalan E18",Petaling Jaya,Selangor,82273,2025-02-28
33218,Wan Ying,Ong,18,Female,014-1577680,2006-08-06,wan33218@gmail.com,Platinum,"No. 93, Jalan D18",Kuala Lumpur,Wilayah Persekutuan,68124,2025-03-07
33219,Chloe,Ong,52,Female,018-2207078,1972-06-22,chloe33219@gmail.com,Bronze,"No. 263, Jalan B19",Kuala Lumpur,Wilayah Persekutuan,88294,2025-04-22
33220,Xin Yi,Tan,26,Female,017-8600160,1998-11-28,xin33220@gmail.com,Bronze,"No. 252, Jalan A5",Ipoh,Perak,69268,2025-11-14
33221,Divya,Wong,34,Female,017-5429348,1990-10-07,divya33221@gmail.com,Platinum,"No. 69, Jalan B11",Petaling Jaya,Selangor,59363,2025-08-13
33222,Zhi Wei,Tan,37,Male,017-6872985,1988-03-01,zhi33222@gmail.com,Bronze,"No. 27, Jalan D4",Johor Bahru,Johor,58785,2025-11-28
33223,Yee Ling,Chong,29,Female,016-8917638,1995-05-02,yee33223@gmail.com,Bronze,"No. 212, Jalan A16",Ipoh,Perak,45872,2025-03-16
33224,Rohani,Teoh,25,Female,010-3261754,2000-02-02,rohani33224@gmail.com,Silver,"No. 125, Jalan F12",Melaka,Melaka,51970,2025-08-03
33225,Hui Min,Sim,48,Female,017-6198264,1976-09-19,hui33225@gmail.com,Bronze,"No. 220, Jalan E1",George Town,Pulau Pinang,87724,2025-06-01
33226,Nur Aina,Hassan,25,Female,010-2552426,2000-06-12,nur33226@gmail.com,Bronze,"No. 143, Jalan A1",Petaling Jaya,Selangor,94965,2025-08-20
33227,Mei Ling,Yeoh,50,Female,010-2332544,1975-03-05,mei33227@gmail.com,Bronze,"No. 257, Jalan A8",Kuala Lumpur,Wilayah Persekutuan,31466,2025-03-28
33228,Siti,Sim,21,Female,011-2764348,2003-05-22,siti33228@gmail.com,Bronze,"No. 157, Jalan D13",Kuala Lumpur,Wilayah Persekutuan,76423,2025-03-26
33229,Divya,Hassan,56,Female,016-1958521,1968-06-18,divya33229@gmail.com,Bronze,"No. 261, Jalan D4",Johor Bahru,Johor,95897,2025-06-15
33230,Kavitha,Goh,46,Female,012-1258954,1978-07-18,kavitha33230@gmail.com,Bronze,"No. 2, Jalan E3",Melaka,Melaka,72960,2025-03-12
33231,Divya,a/l Subramaniam,34,Female,017-7181760,1990-12-13,divya33231@gmail.com,Silver,"No. 147, Jalan C5",Melaka,Melaka,10071,2025-05-09
33232,Sharmila,Goh,28,Female,018-5773984,1996-06-29,sharmila33232@gmail.com,Silver,"No. 63, Jalan B20",Petaling Jaya,Selangor,95020,2025-02-26
33233,Yee Ling,bin Abdullah,57,Female,019-2147295,1968-06-22,yee33233@gmail.com,Bronze,"No. 107, Jalan F11",Kuala Lumpur,Wilayah Persekutuan,86802,2025-07-23
33234,Pei Shan,Rahman,33,Female,019-6431532,1992-08-15,pei33234@gmail.com,Bronze,"No. 85, Jalan C13",Kuala Lumpur,Wilayah Persekutuan,61199,2025-08-17
33235,Haziq,Goh,41,Male,014-1778732,1983-11-04,haziq33235@gmail.com,Bronze,"No. 65, Jalan B12",Melaka,Melaka,19620,2025-04-04
33236,Arjun,Rahman,47,Male,011-2349183,1978-01-24,arjun33236@gmail.com,Bronze,"No. 79, Jalan B12",George Town,Pulau Pinang,63114,2025-09-04
33237,Anisa,Teoh,48,Female,017-9258257,1976-12-28,anisa33237@gmail.com,Silver,"No. 78, Jalan D1",George Town,Pulau Pinang,48550,2025-10-10
33238,Farah,Chong,22,Female,016-6465428,2002-05-07,farah33238@gmail.com,Bronze,"No. 224, Jalan F6",Ipoh,Perak,44533,2025-04-22
33239,Pei Shan,Lee,47,Female,016-4647075,1977-12-26,pei33239@gmail.com,Bronze,"No. 106, Jalan G8",George Town,Pulau Pinang,51130,2025-03-09
33240,Nurin,Hassan,27,Female,019-8420010,1997-05-14,nurin33240@gmail.com,Bronze,"No. 238, Jalan F11",Kuala Lumpur,Wilayah Persekutuan,95588,2025-01-19
33241,Arjun,Hassan,44,Male,017-5889692,1981-01-01,arjun33241@gmail.com,Bronze,"No. 54, Jalan G16",George Town,Pulau Pinang,93868,2025-11-07
33242,Sharmila,Lee,34,Female,016-6423700,1991-03-09,sharmila33242@gmail.com,Gold,"No. 125, Jalan B7",George Town,Pulau Pinang,64381,2025-06-14
33243,Suhaila,Wong,37,Female,015-7730289,1987-12-20,suhaila33243@gmail.com,Bronze,"No. 235, Jalan B9",Ipoh,Perak,13337,2025-04-28
33244,Kavitha,Wong,32,Female,012-9391704,1993-01-10,kavitha33244@gmail.com,Bronze,"No. 89, Jalan F19",Melaka,Melaka,47712,2025-08-05
33245,Suhaila,bin Abdullah,34,Female,014-3348816,1990-11-03,suhaila33245@gmail.com,Platinum,"No. 123, Jalan A11",Petaling Jaya,Selangor,93437,2025-10-21
33246,Aisyah,a/l Subramaniam,30,Female,016-6660571,1994-11-12,aisyah33246@gmail.com,Bronze,"No. 230, Jalan B1",Ipoh,Perak,87609,2025-10-11
33247,Nadia,Ong,34,Female,017-1163880,1991-08-28,nadia33247@gmail.com,Silver,"No. 207, Jalan A19",Johor Bahru,Johor,64321,2025-10-30
33248,Divya,Rahman,22,Female,017-2147329,2002-08-29,divya33248@gmail.com,Bronze,"No. 70, Jalan E4",Ipoh,Perak,43081,2025-04-08
33249,Zhi Wei,bin Abdullah,53,Male,010-4330975,1971-03-19,zhi33249@gmail.com,Bronze,"No. 59, Jalan B11",Melaka,Melaka,77298,2025-01-27
33250,Wan Ying,Goh,26,Female,015-3369361,1998-09-10,wan33250@gmail.com,Platinum,"No. 260, Jalan E9",George Town,Pulau Pinang,31867,2025-06-30
33251,Lakshmi,Lee,18,Female,017-9061812,2006-10-25,lakshmi33251@gmail.com,Silver,"No. 128, Jalan B6",Ipoh,Perak,95072,2025-08-20
33252,Chloe,Hassan,41,Female,014-5878851,1983-10-02,chloe33252@gmail.com,Gold,"No. 168, Jalan A19",Petaling Jaya,Selangor,86173,2025-03-29
33253,Arjun,Lee,42,Male,014-3775342,1982-11-29,arjun33253@gmail.com,Bronze,"No. 91, Jalan C19",Kuala Lumpur,Wilayah Persekutuan,81520,2025-07-16
33254,Kavitha,a/p Subramaniam,18,Female,010-1765480,2007-10-22,kavitha33254@gmail.com,Silver,"No. 280, Jalan G19",Kuala Lumpur,Wilayah Persekutuan,48734,2025-11-14
33255,Alia,Sim,25,Female,015-3043939,1999-09-27,alia33255@gmail.com,Silver,"No. 250, Jalan E20",Petaling Jaya,Selangor,73314,2025-07-12
33256,Pei Shan,Lee,53,Female,018-2144333,1972-03-19,pei33256@gmail.com,Bronze,"No. 249, Jalan A10",Kuala Lumpur,Wilayah Persekutuan,79970,2025-11-02
33257,Rachel,Sim,50,Female,019-5343368,1974-11-21,rachel33257@gmail.com,Gold,"No. 187, Jalan A17",Petaling Jaya,Selangor,82352,2025-08-05
33258,Kok Wai,Lim,18,Male,012-9586320,2007-07-09,kok33258@gmail.com,Silver,"No. 127, Jalan F10",Kuala Lumpur,Wilayah Persekutuan,13558,2025-10-18
33259,Hui Min,a/p Subramaniam,48,Female,010-5734445,1977-01-26,hui33259@gmail.com,Bronze,"No. 159, Jalan C9",Kuala Lumpur,Wilayah Persekutuan,15311,2025-05-08
33260,Jun Hao,Lim,21,Male,011-8170955,2004-03-31,jun33260@gmail.com,Bronze,"No. 84, Jalan D11",Kuala Lumpur,Wilayah Persekutuan,91115,2025-09-13
33261,Mei Ling,Lee,42,Female,018-6432551,1982-12-17,mei33261@gmail.com,Bronze,"No. 120, Jalan B3",Johor Bahru,Johor,21488,2025-01-23
33262,Aisyah,Tan,35,Female,017-1670454,1989-05-08,aisyah33262@gmail.com,Silver,"No. 187, Jalan C1",George Town,Pulau Pinang,95218,2025-03-09
33263,Kok Wai,Ong,41,Male,012-5324508,1983-10-23,kok33263@gmail.com,Bronze,"No. 99, Jalan B3",Ipoh,Perak,71993,2025-09-23
33264,Nadia,a/p Subramaniam,37,Female,017-6718803,1987-03-12,nadia33264@gmail.com,Silver,"No. 103, Jalan B13",Kuala Lumpur,Wilayah Persekutuan,40780,2025-02-02
33265,Wan Ying,Chong,32,Female,019-9386159,1992-11-18,wan33265@gmail.com,Gold,"No. 81, Jalan C12",George Town,Pulau Pinang,34679,2025-11-14
33266,Pei Shan,Wong,31,Female,017-1447605,1993-12-25,pei33266@gmail.com,Silver,"No. 223, Jalan D2",Kuala Lumpur,Wilayah Persekutuan,40329,2025-03-22
33267,Lakshmi,Wong,28,Female,011-8599353,1996-07-09,lakshmi33267@gmail.com,Bronze,"No. 282, Jalan A1",Petaling Jaya,Selangor,50455,2025-07-07
33268,Zarina,a/p Subramaniam,50,Female,010-2953784,1974-11-22,zarina33268@gmail.com,Silver,"No. 255, Jalan E7",Petaling Jaya,Selangor,69079,2025-03-28
33269,Anisa,Lee,21,Female,019-6221723,2004-09-04,anisa33269@gmail.com,Silver,"No. 199, Jalan G2",Petaling Jaya,Selangor,82083,2025-11-20
33270,Xin Yi,bin Abdullah,37,Female,012-3237445,1988-01-23,xin33270@gmail.com,Gold,"No. 229, Jalan F16",Johor Bahru,Johor,92836,2025-02-11
33271,Yee Ling,Teoh,22,Female,010-1251401,2003-02-04,yee33271@gmail.com,Bronze,"No. 217, Jalan C9",Petaling Jaya,Selangor,47379,2025-12-03
33272,Amelia,Lee,27,Female,019-2569766,1997-11-15,amelia33272@gmail.com,Bronze,"No. 203, Jalan G16",Petaling Jaya,Selangor,85989,2025-01-22
33273,Aisyah,Wong,39,Female,016-3287867,1985-03-11,aisyah33273@gmail.com,Bronze,"No. 211, Jalan C16",Petaling Jaya,Selangor,59100,2025-02-05
33274,Nur Aina,Ong,28,Female,013-3160502,1996-07-16,nur33274@gmail.com,Platinum,"No. 236, Jalan E9",Petaling Jaya,Selangor,75989,2025-04-07
33275,Suhaila,Teoh,52,Female,018-9692936,1973-02-19,suhaila33275@gmail.com,Silver,"No. 23, Jalan C18",George Town,Pulau Pinang,91712,2025-04-07
33276,Nurin,Lim,40,Female,011-7798580,1985-04-30,nurin33276@gmail.com,Bronze,"No. 231, Jalan B14",Petaling Jaya,Selangor,83861,2025-10-26
33277,Lakshmi,Teoh,22,Female,013-6452649,2002-05-02,lakshmi33277@gmail.com,Silver,"No. 176, Jalan A5",Kuala Lumpur,Wilayah Persekutuan,35495,2025-03-09
33278,Alia,Lim,55,Female,017-7891889,1970-05-09,alia33278@gmail.com,Silver,"No. 55, Jalan D15",George Town,Pulau Pinang,90341,2025-05-22
33279,Haziq,Yeoh,42,Male,018-6111639,1983-02-26,haziq33279@gmail.com,Bronze,"No. 245, Jalan G15",Kuala Lumpur,Wilayah Persekutuan,48773,2025-08-18
33280,Priya,bin Abdullah,33,Female,010-3458159,1992-08-18,priya33280@gmail.com,Silver,"No. 234, Jalan A18",Kuala Lumpur,Wilayah Persekutuan,28318,2025-11-30
33281,Suresh,Ong,44,Male,015-5684062,1981-07-02,suresh33281@gmail.com,Bronze,"No. 131, Jalan D14",Kuala Lumpur,Wilayah Persekutuan,54842,2025-08-20
33282,Hui Min,Chong,39,Female,016-6875838,1986-06-30,hui33282@gmail.com,Bronze,"No. 47, Jalan D19",Johor Bahru,Johor,61878,2025-07-05
33283,Lakshmi,a/p Subramaniam,28,Female,014-7074537,1997-03-16,lakshmi33283@gmail.com,Bronze,"No. 268, Jalan G7",George Town,Pulau Pinang,47753,2025-04-03
33284,Aisyah,Hassan,32,Female,016-2822679,1992-11-01,aisyah33284@gmail.com,Bronze,"No. 62, Jalan E10",Ipoh,Perak,35044,2025-08-20
33285,Amirul,Hassan,43,Male,015-2651918,1982-08-21,amirul33285@gmail.com,Bronze,"No. 155, Jalan E1",Melaka,Melaka,26940,2025-10-31
33286,Kavitha,Rahman,18,Female,014-6962642,2006-07-01,kavitha33286@gmail.com,Silver,"No. 95, Jalan D4",Melaka,Melaka,72607,2025-06-10
33287,Xin Yi,a/p Subramaniam,31,Female,013-7615261,1993-02-02,xin33287@gmail.com,Silver,"No. 263, Jalan E1",Johor Bahru,Johor,66814,2025-01-05
33288,Suhaila,Lim,58,Female,014-4134684,1967-03-22,suhaila33288@gmail.com,Platinum,"No. 174, Jalan E20",Ipoh,Perak,29788,2025-10-03
33289,Anisa,Chong,33,Female,011-2420521,1992-03-17,anisa33289@gmail.com,Silver,"No. 118, Jalan A16",Kuala Lumpur,Wilayah Persekutuan,21173,2025-09-24
33290,Jasmine,Rahman,45,Female,016-9986781,1980-01-22,jasmine33290@gmail.com,Gold,"No. 206, Jalan A7",Kuala Lumpur,Wilayah Persekutuan,32625,2025-08-19
33291,Kavitha,Yeoh,42,Female,016-3474680,1982-04-21,kavitha33291@gmail.com,Bronze,"No. 135, Jalan C8",Johor Bahru,Johor,49634,2025-03-19
33292,Nur Aina,Lee,34,Female,011-8937626,1991-01-01,nur33292@gmail.com,Bronze,"No. 270, Jalan F3",Johor Bahru,Johor,60701,2025-05-02
33293,Jun Hao,Rahman,34,Male,011-1078576,1991-01-01,jun33293@gmail.com,Silver,"No. 240, Jalan G15",Ipoh,Perak,75149,2025-07-24
33294,Wan Ying,a/l Subramaniam,19,Female,017-1012266,2006-09-25,wan33294@gmail.com,Silver,"No. 80, Jalan C10",Kuala Lumpur,Wilayah Persekutuan,81915,2025-09-27
33295,Rachel,Ong,39,Female,014-5030311,1985-09-05,rachel33295@gmail.com,Gold,"No. 138, Jalan A5",Petaling Jaya,Selangor,36629,2025-05-25
33296,Pei Shan,Tan,25,Female,010-1483792,1999-11-27,pei33296@gmail.com,Silver,"No. 213, Jalan D20",Ipoh,Perak,76178,2025-11-13
33297,Yee Ling,Cheah,25,Female,018-3755457,2000-10-27,yee33297@gmail.com,Bronze,"No. 56, Jalan G20",George Town,Pulau Pinang,43886,2025-11-29
33298,Aiman,Chong,46,Male,015-1116391,1978-12-09,aiman33298@gmail.com,Bronze,"No. 5, Jalan C14",Petaling Jaya,Selangor,92212,2025-10-28
33299,Sharmila,a/p Subramaniam,45,Female,013-1599816,1979-09-13,sharmila33299@gmail.com,Silver,"No. 258, Jalan F5",Ipoh,Perak,27557,2025-06-18
33300,Wan Ying,Tan,41,Female,017-2937085,1983-12-30,wan33300@gmail.com,Silver,"No. 190, Jalan F11",Petaling Jaya,Selangor,47959,2025-05-13
33301,Pei Shan,Teoh,28,Female,013-1655441,1997-10-01,pei33301@gmail.com,Silver,"No. 141, Jalan C7",Johor Bahru,Johor,24968,2025-11-24
33302,Ling Ling,a/p Subramaniam,44,Female,016-3490978,1980-11-03,ling33302@gmail.com,Bronze,"No. 59, Jalan C11",Petaling Jaya,Selangor,88133,2025-10-04
33303,Pei Shan,Tan,26,Female,013-9572220,1998-03-21,pei33303@gmail.com,Bronze,"No. 265, Jalan A9",Kuala Lumpur,Wilayah Persekutuan,22172,2025-03-11
33304,Lakshmi,Chong,19,Female,019-3730560,2006-02-24,lakshmi33304@gmail.com,Bronze,"No. 67, Jalan A12",George Town,Pulau Pinang,35496,2025-08-08
33305,Amelia,a/l Subramaniam,37,Female,010-5208578,1988-07-19,amelia33305@gmail.com,Gold,"No. 66, Jalan C19",Petaling Jaya,Selangor,40592,2025-10-18
33306,Alia,Cheah,27,Female,012-3316513,1997-10-17,alia33306@gmail.com,Silver,"No. 201, Jalan C14",Ipoh,Perak,90736,2025-08-21
33307,Wan Ying,Hassan,41,Female,011-9094773,1984-03-17,wan33307@gmail.com,Silver,"No. 262, Jalan E7",George Town,Pulau Pinang,54524,2025-11-21
33308,Hui Min,Hassan,30,Female,014-9473355,1994-12-25,hui33308@gmail.com,Bronze,"No. 127, Jalan G1",Melaka,Melaka,42441,2025-02-18
33309,Zarina,a/l Subramaniam,30,Female,012-7672881,1994-07-06,zarina33309@gmail.com,Gold,"No. 275, Jalan G6",Kuala Lumpur,Wilayah Persekutuan,55671,2025-02-16
33310,Sharmila,bin Abdullah,48,Female,016-4642479,1976-08-20,sharmila33310@gmail.com,Gold,"No. 40, Jalan G6",George Town,Pulau Pinang,16876,2025-06-25
33311,Anisa,a/l Subramaniam,41,Female,018-7733547,1983-11-26,anisa33311@gmail.com,Silver,"No. 207, Jalan E13",Johor Bahru,Johor,60434,2025-04-08
33312,Sharmila,a/l Subramaniam,48,Female,015-9515266,1977-04-02,sharmila33312@gmail.com,Bronze,"No. 291, Jalan D4",George Town,Pulau Pinang,31056,2025-11-13
33313,Anisa,Cheah,54,Female,014-9866355,1971-03-19,anisa33313@gmail.com,Bronze,"No. 27, Jalan E7",Petaling Jaya,Selangor,33979,2025-11-30
33314,Kavitha,Sim,25,Female,014-4562014,2000-03-23,kavitha33314@gmail.com,Bronze,"No. 270, Jalan B3",Johor Bahru,Johor,78721,2025-10-21
33315,Lakshmi,Yeoh,59,Female,013-5588492,1966-11-09,lakshmi33315@gmail.com,Gold,"No. 228, Jalan B18",Ipoh,Perak,11977,2025-12-07
33316,Nurin,Teoh,48,Female,016-9894968,1977-04-14,nurin33316@gmail.com,Bronze,"No. 292, Jalan A9",Petaling Jaya,Selangor,74414,2025-06-04
33317,Xin Yi,bin Abdullah,20,Female,015-4156341,2004-04-30,xin33317@gmail.com,Bronze,"No. 224, Jalan B5",Ipoh,Perak,50737,2025-02-21
33318,Siti,Wong,25,Female,017-3195464,1999-08-26,siti33318@gmail.com,Bronze,"No. 137, Jalan D19",Kuala Lumpur,Wilayah Persekutuan,89841,2025-03-21
33319,Nurin,Sim,22,Female,017-5183981,2002-09-05,nurin33319@gmail.com,Bronze,"No. 259, Jalan G15",Kuala Lumpur,Wilayah Persekutuan,50856,2025-04-19
33320,Hui Min,a/p Subramaniam,22,Female,019-7471155,2003-01-25,hui33320@gmail.com,Bronze,"No. 217, Jalan E14",Petaling Jaya,Selangor,56465,2025-11-08
33321,Zarina,Rahman,22,Female,013-8224612,2003-01-23,zarina33321@gmail.com,Bronze,"No. 49, Jalan E12",George Town,Pulau Pinang,65978,2025-03-04
33322,Kavitha,Lee,44,Female,018-2171485,1980-11-25,kavitha33322@gmail.com,Platinum,"No. 24, Jalan F8",Kuala Lumpur,Wilayah Persekutuan,96303,2025-07-13
33323,Siti,Goh,28,Female,010-2591920,1997-01-16,siti33323@gmail.com,Bronze,"No. 69, Jalan E13",George Town,Pulau Pinang,57075,2025-12-16
33324,Suresh,Lim,58,Male,010-8865748,1966-12-03,suresh33324@gmail.com,Silver,"No. 102, Jalan C10",George Town,Pulau Pinang,36387,2025-10-14
33325,Rohani,Hassan,52,Female,019-6473046,1973-10-30,rohani33325@gmail.com,Silver,"No. 178, Jalan B20",Kuala Lumpur,Wilayah Persekutuan,65606,2025-11-20
33326,Siti,Lim,23,Female,017-3734411,2001-08-18,siti33326@gmail.com,Platinum,"No. 186, Jalan E7",George Town,Pulau Pinang,42619,2025-04-04
33327,Chloe,Sim,56,Female,017-3567408,1969-12-07,chloe33327@gmail.com,Silver,"No. 177, Jalan C1",Kuala Lumpur,Wilayah Persekutuan,73856,2025-12-16
33328,Farah,Yeoh,18,Female,014-1473298,2006-08-29,farah33328@gmail.com,Silver,"No. 152, Jalan E20",George Town,Pulau Pinang,32364,2025-08-27
33329,Nadia,Chong,18,Female,013-8630141,2006-05-10,nadia33329@gmail.com,Silver,"No. 234, Jalan G8",Petaling Jaya,Selangor,57288,2025-04-24
33330,Nurin,a/l Subramaniam,55,Female,016-2625212,1969-07-13,nurin33330@gmail.com,Silver,"No. 218, Jalan D17",Kuala Lumpur,Wilayah Persekutuan,33159,2025-01-29
33331,Ling Ling,Hassan,32,Female,011-8352571,1992-07-30,ling33331@gmail.com,Silver,"No. 14, Jalan G9",Ipoh,Perak,19086,2025-05-03
33332,Farah,a/p Subramaniam,46,Female,014-4352380,1979-04-12,farah33332@gmail.com,Bronze,"No. 253, Jalan B1",Kuala Lumpur,Wilayah Persekutuan,94646,2025-09-16
33333,Mei Ling,Yeoh,59,Female,011-3269518,1966-01-25,mei33333@gmail.com,Bronze,"No. 166, Jalan B16",Petaling Jaya,Selangor,38881,2025-05-05
33334,Xin Yi,a/p Subramaniam,26,Female,013-5440866,1998-12-22,xin33334@gmail.com,Bronze,"No. 213, Jalan G16",Kuala Lumpur,Wilayah Persekutuan,51923,2025-03-28
33335,Kavitha,Chong,51,Female,018-6096513,1974-03-12,kavitha33335@gmail.com,Silver,"No. 237, Jalan A11",Johor Bahru,Johor,56688,2025-08-04
33336,Kavitha,bin Abdullah,47,Female,014-6760532,1978-04-22,kavitha33336@gmail.com,Silver,"No. 70, Jalan G14",Ipoh,Perak,48598,2025-07-04
33337,Wan Ying,Cheah,21,Female,011-3729631,2004-04-18,wan33337@gmail.com,Gold,"No. 101, Jalan F2",Melaka,Melaka,38218,2025-11-26
33338,Farah,bin Abdullah,38,Female,011-4175787,1987-05-08,farah33338@gmail.com,Silver,"No. 236, Jalan B5",Petaling Jaya,Selangor,12247,2025-11-07
33339,Nurin,Cheah,58,Female,017-8936115,1966-11-30,nurin33339@gmail.com,Silver,"No. 129, Jalan E12",Kuala Lumpur,Wilayah Persekutuan,51263,2025-07-18
33340,Kavitha,Cheah,53,Female,017-2481990,1972-07-25,kavitha33340@gmail.com,Silver,"No. 255, Jalan E17",George Town,Pulau Pinang,93661,2025-09-19
33341,Anisa,Ong,25,Female,016-5050059,2000-06-16,anisa33341@gmail.com,Platinum,"No. 216, Jalan A8",Johor Bahru,Johor,34346,2025-07-01
33342,Kumar,Hassan,20,Male,013-5767745,2004-08-14,kumar33342@gmail.com,Gold,"No. 28, Jalan C6",Melaka,Melaka,94891,2025-02-24
33343,Kok Wai,Cheah,28,Male,018-9091662,1996-11-15,kok33343@gmail.com,Bronze,"No. 274, Jalan A6",Petaling Jaya,Selangor,51499,2025-11-02
33344,Farah,Hassan,37,Female,014-1364255,1988-11-10,farah33344@gmail.com,Gold,"No. 159, Jalan B1",Melaka,Melaka,47902,2025-12-05
33345,Kavitha,Yeoh,21,Female,013-4105697,2004-08-06,kavitha33345@gmail.com,Silver,"No. 235, Jalan B9",Petaling Jaya,Selangor,71875,2025-11-02
33346,Alia,Goh,54,Female,015-7736559,1971-06-02,alia33346@gmail.com,Bronze,"No. 80, Jalan C20",Petaling Jaya,Selangor,47881,2025-07-27
33347,Xin Yi,Lim,21,Female,010-7164817,2003-07-31,xin33347@gmail.com,Bronze,"No. 4, Jalan C12",Johor Bahru,Johor,77623,2025-04-18
33348,Alia,a/l Subramaniam,35,Female,016-2384952,1989-10-19,alia33348@gmail.com,Silver,"No. 138, Jalan G1",George Town,Pulau Pinang,64957,2025-04-08
33349,Amirul,Teoh,28,Male,015-9750882,1996-03-07,amirul33349@gmail.com,Bronze,"No. 94, Jalan G12",Johor Bahru,Johor,52038,2025-01-11
33350,Zhi Wei,bin Abdullah,58,Male,014-9404121,1967-12-02,zhi33350@gmail.com,Gold,"No. 253, Jalan C20",Kuala Lumpur,Wilayah Persekutuan,96357,2025-12-02
33351,Ling Ling,Rahman,37,Female,010-1614668,1988-05-12,ling33351@gmail.com,Gold,"No. 47, Jalan A16",Kuala Lumpur,Wilayah Persekutuan,13908,2025-10-02
33352,Alia,Wong,54,Female,013-7744052,1971-01-24,alia33352@gmail.com,Bronze,"No. 158, Jalan D3",Ipoh,Perak,92476,2025-06-16
33353,Jasmine,Lim,38,Female,015-6286458,1987-08-15,jasmine33353@gmail.com,Bronze,"No. 215, Jalan E1",Kuala Lumpur,Wilayah Persekutuan,81115,2025-10-30
33354,Alia,Hassan,32,Female,011-7837741,1992-10-24,alia33354@gmail.com,Platinum,"No. 297, Jalan B18",Ipoh,Perak,37344,2025-10-07
33355,Anisa,binti Ismail,49,Female,015-6193305,1975-08-24,anisa33355@gmail.com,Bronze,"No. 69, Jalan D9",Kuala Lumpur,Wilayah Persekutuan,24734,2025-08-05
33356,Rohani,Chong,44,Female,011-7871121,1980-05-26,rohani33356@gmail.com,Bronze,"No. 69, Jalan A1",Melaka,Melaka,91240,2025-05-17
33357,Aisyah,Ong,37,Female,019-1267071,1987-08-09,aisyah33357@gmail.com,Bronze,"No. 50, Jalan B17",Johor Bahru,Johor,87476,2025-07-25
33358,Suhaila,Sim,43,Female,010-9401803,1981-12-10,suhaila33358@gmail.com,Gold,"No. 294, Jalan G7",Petaling Jaya,Selangor,41888,2025-07-06
33359,Amelia,a/l Subramaniam,43,Female,017-3221306,1982-06-10,amelia33359@gmail.com,Bronze,"No. 167, Jalan E2",Kuala Lumpur,Wilayah Persekutuan,87581,2025-06-14
33360,Kok Wai,Rahman,28,Male,015-4988531,1997-05-28,kok33360@gmail.com,Silver,"No. 98, Jalan G13",Johor Bahru,Johor,84822,2025-10-11
33361,Nadia,Cheah,29,Female,010-3514203,1995-03-02,nadia33361@gmail.com,Platinum,"No. 227, Jalan A15",Kuala Lumpur,Wilayah Persekutuan,83435,2025-01-04
33362,Chloe,Tan,46,Female,013-3283777,1979-02-07,chloe33362@gmail.com,Silver,"No. 200, Jalan F20",Kuala Lumpur,Wilayah Persekutuan,38956,2025-10-23
33363,Nadia,Tan,24,Female,016-6284257,2000-12-31,nadia33363@gmail.com,Bronze,"No. 63, Jalan E3",Petaling Jaya,Selangor,11477,2025-03-10
33364,Nur Aina,Tan,45,Female,017-2235586,1980-07-30,nur33364@gmail.com,Bronze,"No. 212, Jalan F5",Melaka,Melaka,28185,2025-11-19
33365,Priya,Teoh,48,Female,015-4153506,1976-12-22,priya33365@gmail.com,Bronze,"No. 91, Jalan A2",Petaling Jaya,Selangor,34968,2025-03-23
33366,Arjun,Teoh,44,Male,012-1542450,1980-10-09,arjun33366@gmail.com,Gold,"No. 174, Jalan G7",Petaling Jaya,Selangor,47680,2025-04-26
33367,Farah,Chong,40,Female,018-4986159,1984-04-05,farah33367@gmail.com,Gold,"No. 78, Jalan G2",Kuala Lumpur,Wilayah Persekutuan,11924,2025-03-10
33368,Nur Aina,Sim,38,Female,014-3159129,1987-08-27,nur33368@gmail.com,Gold,"No. 268, Jalan E15",Melaka,Melaka,89847,2025-10-11
33369,Amelia,Hassan,27,Female,012-7829900,1998-02-19,amelia33369@gmail.com,Bronze,"No. 253, Jalan B12",Petaling Jaya,Selangor,62335,2025-09-22
33370,Nadia,Lee,53,Female,019-4402624,1971-05-17,nadia33370@gmail.com,Silver,"No. 222, Jalan B1",George Town,Pulau Pinang,76288,2025-02-21
33371,Yee Ling,Wong,32,Female,012-4851428,1993-01-06,yee33371@gmail.com,Gold,"No. 225, Jalan D17",Johor Bahru,Johor,31291,2025-08-30
33372,Suhaila,Ong,32,Female,018-1412957,1992-09-11,suhaila33372@gmail.com,Silver,"No. 67, Jalan C13",Melaka,Melaka,80229,2025-01-20
33373,Nur Aina,a/l Subramaniam,34,Female,016-5816147,1991-02-17,nur33373@gmail.com,Gold,"No. 270, Jalan D9",George Town,Pulau Pinang,61677,2025-05-30
33374,Siti,Tan,20,Female,011-6874460,2005-06-16,siti33374@gmail.com,Silver,"No. 99, Jalan C14",Ipoh,Perak,19767,2025-11-18
33375,Suhaila,a/p Subramaniam,54,Female,019-8871365,1970-07-11,suhaila33375@gmail.com,Silver,"No. 110, Jalan F19",Johor Bahru,Johor,10546,2025-01-20
33376,Nurin,Tan,42,Female,019-3923325,1983-06-10,nurin33376@gmail.com,Gold,"No. 198, Jalan G2",Petaling Jaya,Selangor,27518,2025-07-29
33377,Yee Ling,bin Abdullah,54,Female,012-4201273,1971-05-09,yee33377@gmail.com,Bronze,"No. 185, Jalan E12",Petaling Jaya,Selangor,92609,2025-10-24
33378,Xin Yi,Chong,32,Female,014-3987890,1992-06-19,xin33378@gmail.com,Bronze,"No. 293, Jalan B10",Petaling Jaya,Selangor,31395,2025-03-31
33379,Wan Ying,Tan,48,Female,013-8786608,1976-12-05,wan33379@gmail.com,Bronze,"No. 201, Jalan F3",Johor Bahru,Johor,71884,2025-02-22
33380,Hui Min,Yeoh,27,Female,011-1677939,1997-11-03,hui33380@gmail.com,Silver,"No. 90, Jalan B3",Melaka,Melaka,83180,2025-01-04
33381,Amirul,Tan,19,Male,015-5437126,2005-08-17,amirul33381@gmail.com,Gold,"No. 79, Jalan B16",Kuala Lumpur,Wilayah Persekutuan,78096,2025-04-28
33382,Nurin,Rahman,56,Female,014-8581689,1968-10-04,nurin33382@gmail.com,Bronze,"No. 277, Jalan C18",Melaka,Melaka,57691,2025-08-17
33383,Yee Ling,Tan,18,Female,011-9180626,2006-10-21,yee33383@gmail.com,Silver,"No. 228, Jalan F18",Johor Bahru,Johor,71604,2025-06-19
33384,Hui Min,Yeoh,21,Female,015-9475556,2003-10-12,hui33384@gmail.com,Bronze,"No. 247, Jalan A10",Johor Bahru,Johor,62100,2025-06-15
33385,Kumar,binti Ismail,27,Male,012-3008052,1997-06-25,kumar33385@gmail.com,Bronze,"No. 212, Jalan G13",Johor Bahru,Johor,60539,2025-05-27
33386,Hui Min,Lee,20,Female,018-6399721,2004-10-06,hui33386@gmail.com,Bronze,"No. 285, Jalan G6",Johor Bahru,Johor,97049,2025-04-09
33387,Divya,Chong,35,Female,011-3223250,1990-03-31,divya33387@gmail.com,Bronze,"No. 3, Jalan A3",Kuala Lumpur,Wilayah Persekutuan,80604,2025-09-28
33388,Rohani,Cheah,38,Female,013-7422331,1987-06-08,rohani33388@gmail.com,Silver,"No. 141, Jalan F2",Ipoh,Perak,56651,2025-08-14
33389,Anisa,binti Ismail,30,Female,017-5714554,1995-03-19,anisa33389@gmail.com,Gold,"No. 79, Jalan E12",Petaling Jaya,Selangor,22710,2025-07-01
33390,Aisyah,Sim,55,Female,015-6691260,1969-08-20,aisyah33390@gmail.com,Silver,"No. 91, Jalan D10",Kuala Lumpur,Wilayah Persekutuan,62451,2025-05-07
33391,Amelia,binti Ismail,29,Female,011-9661086,1996-07-23,amelia33391@gmail.com,Silver,"No. 216, Jalan G7",Johor Bahru,Johor,28313,2025-11-04
33392,Rachel,Rahman,39,Female,016-9305549,1986-01-06,rachel33392@gmail.com,Silver,"No. 99, Jalan G17",Johor Bahru,Johor,35380,2025-08-11
33393,Siti,bin Abdullah,48,Female,017-6559623,1976-03-18,siti33393@gmail.com,Bronze,"No. 74, Jalan C19",Johor Bahru,Johor,14674,2025-03-13
33394,Hui Min,bin Abdullah,22,Female,016-5558038,2003-02-05,hui33394@gmail.com,Bronze,"No. 52, Jalan D14",Melaka,Melaka,82751,2025-09-29
33395,Lakshmi,bin Abdullah,47,Female,011-1321805,1977-07-01,lakshmi33395@gmail.com,Bronze,"No. 39, Jalan C3",Ipoh,Perak,47067,2025-05-26
33396,Kavitha,a/l Subramaniam,27,Female,017-7945168,1997-10-07,kavitha33396@gmail.com,Bronze,"No. 82, Jalan D12",Petaling Jaya,Selangor,64658,2025-10-03
33397,Chloe,Lim,36,Female,018-4760248,1989-09-06,chloe33397@gmail.com,Bronze,"No. 241, Jalan C6",Petaling Jaya,Selangor,50422,2025-11-16
33398,Kavitha,Chong,54,Female,016-9212917,1971-04-07,kavitha33398@gmail.com,Bronze,"No. 184, Jalan A14",Melaka,Melaka,11092,2025-08-10
33399,Kavitha,Tan,19,Female,011-3452211,2005-10-27,kavitha33399@gmail.com,Bronze,"No. 103, Jalan F2",Melaka,Melaka,88025,2025-09-03
33400,Alia,Rahman,54,Female,018-3012900,1971-01-24,alia33400@gmail.com,Platinum,"No. 276, Jalan D16",Petaling Jaya,Selangor,23723,2025-07-22
33401,Suhaila,Lee,26,Female,019-7546441,1999-05-07,suhaila33401@gmail.com,Bronze,"No. 2, Jalan F8",Kuala Lumpur,Wilayah Persekutuan,79115,2025-11-06
33402,Zarina,Lee,48,Female,017-2085243,1977-03-22,zarina33402@gmail.com,Bronze,"No. 238, Jalan C1",Petaling Jaya,Selangor,93406,2025-04-23
33403,Hui Min,Ong,40,Female,017-3897021,1985-02-10,hui33403@gmail.com,Platinum,"No. 150, Jalan A11",Johor Bahru,Johor,90372,2025-05-21
33404,Alia,bin Abdullah,40,Female,019-3299540,1985-01-01,alia33404@gmail.com,Bronze,"No. 116, Jalan B1",Kuala Lumpur,Wilayah Persekutuan,14377,2025-02-08
33405,Rajesh,Teoh,27,Male,018-6710106,1997-12-15,rajesh33405@gmail.com,Bronze,"No. 14, Jalan D16",Ipoh,Perak,88858,2025-10-21
33406,Jasmine,Lee,23,Female,012-7188249,2001-11-02,jasmine33406@gmail.com,Bronze,"No. 119, Jalan E12",Johor Bahru,Johor,91980,2025-06-16
33407,Rachel,Hassan,52,Female,017-1835880,1972-09-08,rachel33407@gmail.com,Silver,"No. 161, Jalan B9",Johor Bahru,Johor,80357,2025-07-25
33408,Siti,a/p Subramaniam,57,Female,011-8842102,1968-05-23,siti33408@gmail.com,Bronze,"No. 52, Jalan B20",George Town,Pulau Pinang,59698,2025-07-08
33409,Amelia,Chong,30,Female,017-2785575,1994-11-17,amelia33409@gmail.com,Bronze,"No. 160, Jalan C16",Kuala Lumpur,Wilayah Persekutuan,90881,2025-06-07
33410,Zhi Wei,Rahman,41,Male,012-7979544,1983-12-19,zhi33410@gmail.com,Bronze,"No. 104, Jalan B1",Kuala Lumpur,Wilayah Persekutuan,62020,2025-06-08
33411,Mei Ling,bin Abdullah,47,Female,016-6820594,1977-09-18,mei33411@gmail.com,Bronze,"No. 129, Jalan C3",George Town,Pulau Pinang,50825,2025-04-02
33412,Zarina,Sim,58,Female,013-7701445,1966-03-06,zarina33412@gmail.com,Platinum,"No. 82, Jalan D16",George Town,Pulau Pinang,57232,2025-01-23
33413,Alia,Rahman,57,Female,011-3107581,1968-03-14,alia33413@gmail.com,Gold,"No. 207, Jalan A16",Johor Bahru,Johor,71466,2025-09-22
33414,Anisa,binti Ismail,24,Female,018-1702066,2001-02-11,anisa33414@gmail.com,Gold,"No. 233, Jalan G8",Ipoh,Perak,93435,2025-12-05
33415,Zarina,Hassan,48,Female,011-4365924,1977-06-08,zarina33415@gmail.com,Platinum,"No. 206, Jalan E2",Kuala Lumpur,Wilayah Persekutuan,73560,2025-08-31
33416,Alia,Rahman,45,Female,013-7755515,1980-07-19,alia33416@gmail.com,Bronze,"No. 87, Jalan D16",Petaling Jaya,Selangor,72395,2025-11-28
33417,Sharmila,a/l Subramaniam,37,Female,012-1671434,1987-11-07,sharmila33417@gmail.com,Silver,"No. 282, Jalan E13",Kuala Lumpur,Wilayah Persekutuan,46825,2025-01-25
33418,Yee Ling,Goh,19,Female,011-4697881,2005-11-20,yee33418@gmail.com,Bronze,"No. 196, Jalan G15",Melaka,Melaka,79480,2025-04-25
33419,Wei Jie,binti Ismail,33,Male,016-4906674,1991-11-05,wei33419@gmail.com,Bronze,"No. 225, Jalan F19",George Town,Pulau Pinang,18828,2025-09-29
33420,Kumar,Yeoh,57,Male,013-5741762,1968-08-15,kumar33420@gmail.com,Bronze,"No. 121, Jalan E10",Johor Bahru,Johor,70286,2025-08-24
33421,Yee Ling,bin Abdullah,30,Female,016-6683352,1994-10-22,yee33421@gmail.com,Silver,"No. 279, Jalan F2",Johor Bahru,Johor,64723,2025-07-18
33422,Mei Ling,Cheah,25,Female,012-4736610,1999-10-12,mei33422@gmail.com,Bronze,"No. 259, Jalan G3",Ipoh,Perak,45196,2025-03-23
33423,Siti,Lim,45,Female,014-1001438,1979-11-10,siti33423@gmail.com,Gold,"No. 183, Jalan A3",Petaling Jaya,Selangor,50311,2025-04-17
33424,Farah,bin Abdullah,44,Female,017-4887807,1980-07-17,farah33424@gmail.com,Bronze,"No. 9, Jalan F9",Kuala Lumpur,Wilayah Persekutuan,25552,2025-04-23
33425,Rohani,Lee,60,Female,016-6936048,1965-02-28,rohani33425@gmail.com,Bronze,"No. 227, Jalan G18",Johor Bahru,Johor,78147,2025-09-09
33426,Zarina,Wong,18,Female,012-4374268,2007-02-03,zarina33426@gmail.com,Bronze,"No. 209, Jalan F1",Kuala Lumpur,Wilayah Persekutuan,74629,2025-06-11
33427,Nur Aina,Chong,58,Female,016-5324269,1967-05-02,nur33427@gmail.com,Silver,"No. 111, Jalan G11",Melaka,Melaka,25119,2025-11-05
33428,Rachel,Cheah,49,Female,019-6537092,1975-12-05,rachel33428@gmail.com,Bronze,"No. 107, Jalan F20",Kuala Lumpur,Wilayah Persekutuan,33265,2025-05-08
33429,Anisa,Cheah,29,Female,011-2416114,1995-05-20,anisa33429@gmail.com,Bronze,"No. 155, Jalan G13",Johor Bahru,Johor,74037,2025-02-04
33430,Nur Aina,Lim,35,Female,019-2956611,1989-05-24,nur33430@gmail.com,Bronze,"No. 7, Jalan A20",Melaka,Melaka,76494,2025-03-09
33431,Pei Shan,Teoh,33,Female,012-6357126,1992-04-12,pei33431@gmail.com,Bronze,"No. 15, Jalan F19",Johor Bahru,Johor,76238,2025-12-08
33432,Alia,Cheah,18,Female,010-3363617,2006-11-16,alia33432@gmail.com,Bronze,"No. 14, Jalan F8",Johor Bahru,Johor,93804,2025-03-24
33433,Siti,Teoh,51,Female,012-7240962,1973-10-07,siti33433@gmail.com,Silver,"No. 279, Jalan C18",Ipoh,Perak,32208,2025-05-12
33434,Nadia,Goh,47,Female,015-2226935,1977-11-03,nadia33434@gmail.com,Bronze,"No. 254, Jalan D6",Melaka,Melaka,29817,2025-04-21
33435,Rajesh,Lim,33,Male,014-3356425,1991-12-09,rajesh33435@gmail.com,Gold,"No. 277, Jalan A16",George Town,Pulau Pinang,58752,2025-11-15
33436,Nurin,a/l Subramaniam,23,Female,017-3298381,2002-03-30,nurin33436@gmail.com,Silver,"No. 106, Jalan E7",Kuala Lumpur,Wilayah Persekutuan,49760,2025-11-29
33437,Mei Ling,Wong,29,Female,013-1162020,1996-07-25,mei33437@gmail.com,Gold,"No. 242, Jalan A6",Petaling Jaya,Selangor,49700,2025-10-30
33438,Lakshmi,bin Abdullah,59,Female,018-8307861,1965-08-04,lakshmi33438@gmail.com,Bronze,"No. 88, Jalan B3",Melaka,Melaka,26221,2025-01-31
33439,Haziq,Yeoh,54,Male,015-6110754,1970-11-05,haziq33439@gmail.com,Gold,"No. 68, Jalan G10",Ipoh,Perak,27215,2025-07-05
33440,Nur Aina,Wong,27,Female,019-3612429,1997-10-18,nur33440@gmail.com,Bronze,"No. 20, Jalan E8",Petaling Jaya,Selangor,93054,2025-07-22
33441,Chloe,Rahman,23,Female,017-8218159,2001-09-18,chloe33441@gmail.com,Gold,"No. 173, Jalan G3",Ipoh,Perak,54915,2025-05-09
33442,Siti,Wong,30,Female,012-2818640,1995-04-18,siti33442@gmail.com,Silver,"No. 141, Jalan A3",Kuala Lumpur,Wilayah Persekutuan,31915,2025-12-02
33443,Suhaila,Chong,39,Female,016-2815399,1986-03-19,suhaila33443@gmail.com,Bronze,"No. 157, Jalan A7",Johor Bahru,Johor,79957,2025-06-28
33444,Amelia,Goh,27,Female,011-1629429,1997-12-22,amelia33444@gmail.com,Bronze,"No. 34, Jalan G2",Johor Bahru,Johor,83717,2025-04-26
33445,Rachel,binti Ismail,60,Female,014-8404282,1965-05-15,rachel33445@gmail.com,Bronze,"No. 204, Jalan C16",Petaling Jaya,Selangor,78867,2025-07-14
33446,Aisyah,Yeoh,31,Female,010-6637352,1994-05-03,aisyah33446@gmail.com,Silver,"No. 223, Jalan E10",Johor Bahru,Johor,61576,2025-12-12
33447,Amelia,Lee,21,Female,017-3044170,2003-03-09,amelia33447@gmail.com,Silver,"No. 162, Jalan G2",Kuala Lumpur,Wilayah Persekutuan,49045,2025-01-07
33448,Priya,a/l Subramaniam,18,Female,015-3657464,2007-05-07,priya33448@gmail.com,Gold,"No. 152, Jalan F16",Ipoh,Perak,40348,2025-06-25
33449,Nur Aina,Ong,34,Female,014-2153327,1990-12-29,nur33449@gmail.com,Bronze,"No. 31, Jalan G17",Johor Bahru,Johor,54904,2025-04-27
33450,Nur Aina,binti Ismail,22,Female,015-5763729,2003-04-11,nur33450@gmail.com,Bronze,"No. 262, Jalan E12",Kuala Lumpur,Wilayah Persekutuan,10940,2025-07-06
33451,Amelia,Cheah,42,Female,017-9440718,1982-04-10,amelia33451@gmail.com,Bronze,"No. 276, Jalan E18",George Town,Pulau Pinang,32283,2025-01-20
33452,Siti,Lee,58,Female,015-7525835,1967-06-23,siti33452@gmail.com,Bronze,"No. 127, Jalan C15",Johor Bahru,Johor,90101,2025-09-19
33453,Nadia,a/p Subramaniam,23,Female,018-1926401,2001-11-12,nadia33453@gmail.com,Bronze,"No. 193, Jalan A6",Johor Bahru,Johor,93184,2025-06-28
33454,Nurin,Tan,32,Female,012-9341165,1992-06-10,nurin33454@gmail.com,Bronze,"No. 107, Jalan A6",Johor Bahru,Johor,63950,2025-06-08
33455,Aisyah,Rahman,20,Female,018-8509839,2004-12-20,aisyah33455@gmail.com,Silver,"No. 290, Jalan E16",Melaka,Melaka,47035,2025-03-03
33456,Yee Ling,Lim,36,Female,013-4455459,1988-12-24,yee33456@gmail.com,Bronze,"No. 173, Jalan E9",Petaling Jaya,Selangor,53087,2025-02-20
33457,Ling Ling,Lee,34,Female,019-5286480,1991-11-03,ling33457@gmail.com,Bronze,"No. 199, Jalan E7",Petaling Jaya,Selangor,57662,2025-11-03
33458,Yee Ling,Ong,35,Female,016-2162561,1990-05-15,yee33458@gmail.com,Bronze,"No. 117, Jalan G6",Ipoh,Perak,71085,2025-10-27
33459,Nadia,a/p Subramaniam,31,Female,017-9926975,1993-02-01,nadia33459@gmail.com,Silver,"No. 125, Jalan A17",Johor Bahru,Johor,48166,2025-01-30
33460,Hui Min,Rahman,56,Female,016-1585063,1969-06-30,hui33460@gmail.com,Silver,"No. 240, Jalan F13",Ipoh,Perak,22857,2025-10-30
33461,Ling Ling,Wong,39,Female,010-2020329,1986-08-13,ling33461@gmail.com,Gold,"No. 13, Jalan A9",Ipoh,Perak,38816,2025-11-12
33462,Rohani,Cheah,22,Female,018-4728296,2003-01-05,rohani33462@gmail.com,Bronze,"No. 81, Jalan C19",Ipoh,Perak,63054,2025-08-12
33463,Anisa,Sim,47,Female,016-4040285,1977-12-04,anisa33463@gmail.com,Silver,"No. 89, Jalan D5",Kuala Lumpur,Wilayah Persekutuan,55903,2025-03-30
33464,Mei Ling,Wong,44,Female,010-7816195,1980-07-01,mei33464@gmail.com,Bronze,"No. 227, Jalan C11",George Town,Pulau Pinang,52927,2025-03-08
33465,Sharmila,Chong,28,Female,019-2664029,1996-09-20,sharmila33465@gmail.com,Bronze,"No. 27, Jalan G11",George Town,Pulau Pinang,51498,2025-08-30
33466,Kumar,Goh,54,Male,011-4682307,1971-06-16,kumar33466@gmail.com,Silver,"No. 97, Jalan C16",Ipoh,Perak,31819,2025-12-16
33467,Aiman,Lim,23,Male,013-1276981,2001-08-18,aiman33467@gmail.com,Silver,"No. 218, Jalan D19",Kuala Lumpur,Wilayah Persekutuan,72296,2025-01-11
33468,Suresh,Tan,35,Male,011-1766295,1990-02-28,suresh33468@gmail.com,Bronze,"No. 124, Jalan A5",Johor Bahru,Johor,76234,2025-09-20
33469,Jun Hao,Lee,57,Male,011-5724560,1968-03-02,jun33469@gmail.com,Bronze,"No. 263, Jalan D1",Petaling Jaya,Selangor,79682,2025-08-16
33470,Kok Wai,Rahman,40,Male,017-5976057,1984-06-14,kok33470@gmail.com,Bronze,"No. 142, Jalan G10",George Town,Pulau Pinang,40746,2025-04-22
33471,Zarina,a/p Subramaniam,34,Female,012-2585024,1990-11-09,zarina33471@gmail.com,Bronze,"No. 168, Jalan D7",Melaka,Melaka,78814,2025-06-19
33472,Chloe,a/l Subramaniam,48,Female,016-1235315,1976-06-12,chloe33472@gmail.com,Silver,"No. 243, Jalan F14",Melaka,Melaka,59298,2025-01-23
33473,Kumar,Yeoh,21,Male,010-2841409,2004-03-28,kumar33473@gmail.com,Bronze,"No. 160, Jalan G9",Petaling Jaya,Selangor,97634,2025-11-16
33474,Yee Ling,Yeoh,57,Female,015-3639598,1967-08-02,yee33474@gmail.com,Platinum,"No. 74, Jalan B19",Kuala Lumpur,Wilayah Persekutuan,40085,2025-03-17
33475,Farah,Yeoh,25,Female,014-8302514,1999-07-20,farah33475@gmail.com,Bronze,"No. 173, Jalan G6",Kuala Lumpur,Wilayah Persekutuan,83255,2025-01-25
33476,Alia,binti Ismail,34,Female,018-8356908,1990-03-29,alia33476@gmail.com,Platinum,"No. 267, Jalan C14",Johor Bahru,Johor,71255,2025-03-17
33477,Amirul,bin Abdullah,40,Male,017-9337297,1985-03-16,amirul33477@gmail.com,Bronze,"No. 126, Jalan E17",Kuala Lumpur,Wilayah Persekutuan,73392,2025-06-10
33478,Chloe,Teoh,44,Female,011-5536935,1981-01-19,chloe33478@gmail.com,Bronze,"No. 56, Jalan A6",George Town,Pulau Pinang,80500,2025-08-29
33479,Yee Ling,Sim,43,Female,018-5968231,1982-08-29,yee33479@gmail.com,Silver,"No. 125, Jalan G15",George Town,Pulau Pinang,57559,2025-10-06
33480,Rohani,Chong,51,Female,012-7940757,1974-04-21,rohani33480@gmail.com,Gold,"No. 167, Jalan G6",Johor Bahru,Johor,98679,2025-12-02
33481,Wan Ying,Rahman,20,Female,019-6585645,2005-07-22,wan33481@gmail.com,Bronze,"No. 270, Jalan A5",Melaka,Melaka,54592,2025-08-04
33482,Nurin,Teoh,58,Female,012-8096137,1967-02-27,nurin33482@gmail.com,Silver,"No. 129, Jalan F4",Kuala Lumpur,Wilayah Persekutuan,65100,2025-06-19
33483,Anisa,Teoh,34,Female,016-5670420,1990-03-19,anisa33483@gmail.com,Bronze,"No. 71, Jalan C9",Ipoh,Perak,15996,2025-02-23
33484,Farah,Goh,25,Female,012-5474910,1999-12-22,farah33484@gmail.com,Bronze,"No. 254, Jalan F15",George Town,Pulau Pinang,30074,2025-04-18
33485,Divya,Goh,29,Female,019-4633623,1996-04-16,divya33485@gmail.com,Silver,"No. 35, Jalan E15",Kuala Lumpur,Wilayah Persekutuan,15684,2025-05-15
33486,Rachel,a/p Subramaniam,52,Female,018-5298311,1972-07-11,rachel33486@gmail.com,Silver,"No. 116, Jalan F19",George Town,Pulau Pinang,13841,2025-05-31
33487,Alia,Cheah,44,Female,018-1254659,1981-02-12,alia33487@gmail.com,Bronze,"No. 199, Jalan G7",Ipoh,Perak,42625,2025-06-04
33488,Rohani,Chong,51,Female,010-3327333,1974-04-15,rohani33488@gmail.com,Silver,"No. 203, Jalan C8",Petaling Jaya,Selangor,10967,2025-10-24
33489,Aiman,Ong,46,Male,010-2351436,1978-06-02,aiman33489@gmail.com,Gold,"No. 273, Jalan A9",Petaling Jaya,Selangor,75305,2025-03-20
33490,Jun Hao,Cheah,30,Male,015-7429502,1994-09-30,jun33490@gmail.com,Bronze,"No. 184, Jalan A17",Johor Bahru,Johor,67463,2025-07-22
33491,Alia,Goh,54,Female,013-9242339,1971-01-11,alia33491@gmail.com,Silver,"No. 86, Jalan F11",Petaling Jaya,Selangor,29710,2025-10-14
33492,Lakshmi,binti Ismail,21,Female,015-7580909,2004-02-18,lakshmi33492@gmail.com,Silver,"No. 171, Jalan F2",Petaling Jaya,Selangor,94639,2025-04-30
33493,Alia,Sim,40,Female,018-1409907,1985-02-12,alia33493@gmail.com,Silver,"No. 284, Jalan E15",Ipoh,Perak,30581,2025-12-02
33494,Zarina,a/l Subramaniam,19,Female,017-8475517,2006-08-03,zarina33494@gmail.com,Silver,"No. 53, Jalan F19",Petaling Jaya,Selangor,31979,2025-10-31
33495,Hui Min,Ong,25,Female,011-1821282,1999-09-12,hui33495@gmail.com,Bronze,"No. 43, Jalan F14",Petaling Jaya,Selangor,19709,2025-05-24
33496,Aisyah,Cheah,35,Female,013-5984365,1990-02-03,aisyah33496@gmail.com,Bronze,"No. 32, Jalan B15",George Town,Pulau Pinang,21046,2025-10-25
33497,Rachel,a/p Subramaniam,55,Female,012-3395107,1970-07-02,rachel33497@gmail.com,Bronze,"No. 117, Jalan C19",Petaling Jaya,Selangor,61379,2025-10-26
33498,Haziq,Yeoh,51,Male,013-4385106,1973-11-26,haziq33498@gmail.com,Bronze,"No. 251, Jalan F5",Petaling Jaya,Selangor,79960,2025-10-13
33499,Zarina,a/l Subramaniam,29,Female,012-6290022,1996-09-15,zarina33499@gmail.com,Silver,"No. 32, Jalan C18",Ipoh,Perak,48186,2025-10-16
33500,Nurin,binti Ismail,50,Female,014-7569840,1974-08-17,nurin33500@gmail.com,Bronze,"No. 286, Jalan F17",Kuala Lumpur,Wilayah Persekutuan,24002,2025-01-01
33501,Jasmine,Teoh,32,Female,014-4749345,1993-06-04,jasmine33501@gmail.com,Silver,"No. 223, Jalan E2",Petaling Jaya,Selangor,17071,2025-07-06
33502,Ling Ling,Wong,56,Female,011-9272730,1969-11-06,ling33502@gmail.com,Bronze,"No. 201, Jalan G16",Kuala Lumpur,Wilayah Persekutuan,44457,2025-12-15
33503,Zarina,Chong,40,Female,013-5755633,1984-12-25,zarina33503@gmail.com,Bronze,"No. 183, Jalan G1",Petaling Jaya,Selangor,82524,2025-09-06
33504,Priya,Teoh,33,Female,015-3499213,1991-10-17,priya33504@gmail.com,Silver,"No. 136, Jalan E4",Johor Bahru,Johor,18219,2025-02-20
33505,Aiman,Cheah,26,Male,017-5833531,1998-10-08,aiman33505@gmail.com,Bronze,"No. 276, Jalan E7",Melaka,Melaka,54348,2025-09-06
33506,Alia,Lee,38,Female,017-8130584,1986-05-27,alia33506@gmail.com,Platinum,"No. 93, Jalan D1",Petaling Jaya,Selangor,50686,2025-05-01
33507,Wan Ying,Wong,46,Female,013-5258330,1978-06-28,wan33507@gmail.com,Gold,"No. 181, Jalan C13",Johor Bahru,Johor,11647,2025-01-02
33508,Ling Ling,Goh,45,Female,011-2251157,1979-04-01,ling33508@gmail.com,Silver,"No. 207, Jalan F1",Ipoh,Perak,90648,2025-03-24
33509,Yee Ling,Cheah,25,Female,015-2939885,2000-02-28,yee33509@gmail.com,Bronze,"No. 166, Jalan C5",Johor Bahru,Johor,36889,2025-08-12
33510,Nurin,Goh,39,Female,012-6765820,1985-09-21,nurin33510@gmail.com,Bronze,"No. 97, Jalan B7",Johor Bahru,Johor,62382,2025-02-06
33511,Jasmine,Teoh,59,Female,019-1929234,1966-02-07,jasmine33511@gmail.com,Bronze,"No. 300, Jalan C9",Melaka,Melaka,53778,2025-11-09
33512,Anisa,Hassan,35,Female,015-5512067,1989-05-24,anisa33512@gmail.com,Gold,"No. 19, Jalan E14",Ipoh,Perak,90510,2025-04-10
33513,Suhaila,Chong,36,Female,012-7691179,1988-07-12,suhaila33513@gmail.com,Bronze,"No. 100, Jalan G2",Ipoh,Perak,97690,2025-04-11
33514,Zarina,a/l Subramaniam,54,Female,010-4661883,1970-09-14,zarina33514@gmail.com,Bronze,"No. 240, Jalan A18",Ipoh,Perak,31424,2025-09-04
33515,Jun Hao,a/p Subramaniam,41,Male,019-7594295,1984-11-30,jun33515@gmail.com,Bronze,"No. 59, Jalan G10",Johor Bahru,Johor,93052,2025-12-11
33516,Anisa,Lee,26,Female,012-6077257,1999-01-29,anisa33516@gmail.com,Bronze,"No. 184, Jalan F6",Kuala Lumpur,Wilayah Persekutuan,28459,2025-05-10
33517,Rohani,Tan,33,Female,010-1260194,1992-02-28,rohani33517@gmail.com,Gold,"No. 244, Jalan D16",Johor Bahru,Johor,53861,2025-06-17
33518,Pei Shan,Lim,43,Female,010-3606203,1982-03-23,pei33518@gmail.com,Bronze,"No. 290, Jalan C12",George Town,Pulau Pinang,58964,2025-10-14
33519,Xin Yi,bin Abdullah,51,Female,015-6128994,1974-04-22,xin33519@gmail.com,Bronze,"No. 147, Jalan B15",Melaka,Melaka,21884,2025-12-13
33520,Farah,Rahman,50,Female,019-2980143,1974-04-30,farah33520@gmail.com,Gold,"No. 133, Jalan F14",Ipoh,Perak,12510,2025-04-19
33521,Aisyah,Wong,20,Female,019-4182275,2005-01-08,aisyah33521@gmail.com,Silver,"No. 128, Jalan F14",Petaling Jaya,Selangor,60444,2025-08-10
33522,Wan Ying,Rahman,58,Female,015-4074585,1967-01-08,wan33522@gmail.com,Bronze,"No. 180, Jalan C17",Petaling Jaya,Selangor,21761,2025-08-26
33523,Rajesh,Tan,48,Male,014-1039263,1977-05-13,rajesh33523@gmail.com,Silver,"No. 71, Jalan F3",Kuala Lumpur,Wilayah Persekutuan,73648,2025-05-16
33524,Rachel,Lee,41,Female,010-9274914,1984-04-07,rachel33524@gmail.com,Bronze,"No. 188, Jalan G6",George Town,Pulau Pinang,77678,2025-12-05
33525,Jasmine,Teoh,41,Female,010-6221342,1984-12-15,jasmine33525@gmail.com,Bronze,"No. 247, Jalan F14",Johor Bahru,Johor,16429,2025-12-15
33526,Suhaila,Chong,22,Female,018-4643971,2003-02-24,suhaila33526@gmail.com,Silver,"No. 220, Jalan F14",George Town,Pulau Pinang,28553,2025-09-17
33527,Xin Yi,Lim,24,Female,011-2193285,2000-10-25,xin33527@gmail.com,Bronze,"No. 211, Jalan E5",Melaka,Melaka,46763,2025-02-04
33528,Rohani,Yeoh,19,Female,019-4893883,2006-06-16,rohani33528@gmail.com,Silver,"No. 65, Jalan G4",Ipoh,Perak,71046,2025-11-17
33529,Alia,Cheah,19,Female,015-8814235,2006-04-21,alia33529@gmail.com,Bronze,"No. 134, Jalan D20",Johor Bahru,Johor,28935,2025-07-05
33530,Chloe,Hassan,21,Female,011-7465894,2003-09-12,chloe33530@gmail.com,Bronze,"No. 276, Jalan B10",Johor Bahru,Johor,41358,2025-01-24
33531,Wan Ying,Hassan,60,Female,013-5936746,1965-07-28,wan33531@gmail.com,Bronze,"No. 78, Jalan D8",Johor Bahru,Johor,13792,2025-08-12
33532,Kavitha,a/l Subramaniam,28,Female,012-2841738,1996-07-29,kavitha33532@gmail.com,Platinum,"No. 188, Jalan C3",Petaling Jaya,Selangor,15488,2025-04-07
33533,Pei Shan,Lim,48,Female,014-2413489,1976-02-28,pei33533@gmail.com,Bronze,"No. 4, Jalan B18",Johor Bahru,Johor,62309,2025-01-27
33534,Aisyah,Sim,53,Female,015-6813589,1972-01-30,aisyah33534@gmail.com,Silver,"No. 118, Jalan C9",Petaling Jaya,Selangor,86716,2025-06-11
33535,Nadia,Rahman,58,Female,012-9764877,1966-08-18,nadia33535@gmail.com,Bronze,"No. 298, Jalan A9",Johor Bahru,Johor,44700,2025-03-01
33536,Siti,Goh,30,Female,018-6712059,1994-11-25,siti33536@gmail.com,Bronze,"No. 188, Jalan F20",Johor Bahru,Johor,31692,2025-10-24
33537,Amelia,Yeoh,38,Female,018-6854156,1986-09-06,amelia33537@gmail.com,Silver,"No. 102, Jalan A19",Kuala Lumpur,Wilayah Persekutuan,97140,2025-05-23
33538,Alia,Lee,26,Female,019-7003972,1999-07-05,alia33538@gmail.com,Bronze,"No. 174, Jalan G12",Petaling Jaya,Selangor,43339,2025-08-03
33539,Divya,a/l Subramaniam,25,Female,016-5172424,1999-10-28,divya33539@gmail.com,Bronze,"No. 166, Jalan B18",Ipoh,Perak,69775,2025-02-15
33540,Lakshmi,a/l Subramaniam,51,Female,010-1561712,1974-06-29,lakshmi33540@gmail.com,Gold,"No. 224, Jalan C3",George Town,Pulau Pinang,97408,2025-08-18
33541,Chloe,bin Abdullah,20,Female,016-4028718,2005-02-15,chloe33541@gmail.com,Bronze,"No. 179, Jalan E6",Petaling Jaya,Selangor,64608,2025-06-20
33542,Rohani,Chong,59,Female,015-2144838,1966-01-14,rohani33542@gmail.com,Bronze,"No. 283, Jalan G4",Kuala Lumpur,Wilayah Persekutuan,38540,2025-08-11
33543,Mei Ling,Lee,26,Female,011-9484871,1998-10-18,mei33543@gmail.com,Silver,"No. 18, Jalan F1",Kuala Lumpur,Wilayah Persekutuan,52085,2025-04-08
33544,Amirul,Teoh,37,Male,018-7765697,1987-10-17,amirul33544@gmail.com,Bronze,"No. 30, Jalan G13",Petaling Jaya,Selangor,12381,2025-06-03
33545,Wan Ying,Tan,37,Female,015-4078738,1988-07-29,wan33545@gmail.com,Gold,"No. 109, Jalan B16",Johor Bahru,Johor,69484,2025-08-08
33546,Jun Hao,Lee,41,Male,017-5311091,1983-06-05,jun33546@gmail.com,Silver,"No. 92, Jalan E2",Kuala Lumpur,Wilayah Persekutuan,78113,2025-02-10
33547,Kavitha,Cheah,56,Female,019-5306853,1969-07-23,kavitha33547@gmail.com,Bronze,"No. 138, Jalan F7",Ipoh,Perak,67452,2025-12-03
33548,Aisyah,Ong,25,Female,011-9236320,2000-06-10,aisyah33548@gmail.com,Bronze,"No. 262, Jalan D17",George Town,Pulau Pinang,24452,2025-07-23
33549,Lakshmi,Yeoh,48,Female,010-7595389,1977-05-29,lakshmi33549@gmail.com,Bronze,"No. 1, Jalan D7",Ipoh,Perak,23802,2025-08-01
33550,Amirul,Chong,34,Male,014-2421223,1991-05-17,amirul33550@gmail.com,Bronze,"No. 68, Jalan F5",Petaling Jaya,Selangor,64647,2025-09-16
33551,Farah,Wong,49,Female,015-7653458,1975-03-29,farah33551@gmail.com,Bronze,"No. 23, Jalan G2",Johor Bahru,Johor,66993,2025-03-23
33552,Kok Wai,Ong,20,Male,013-4957731,2004-12-07,kok33552@gmail.com,Bronze,"No. 11, Jalan F20",Kuala Lumpur,Wilayah Persekutuan,77090,2025-07-19
33553,Wan Ying,Ong,19,Female,010-4045781,2005-08-14,wan33553@gmail.com,Bronze,"No. 180, Jalan B13",Melaka,Melaka,88199,2025-06-14
33554,Yee Ling,Tan,46,Female,010-7444573,1979-03-06,yee33554@gmail.com,Bronze,"No. 91, Jalan D9",Petaling Jaya,Selangor,14773,2025-10-04
33555,Anisa,bin Abdullah,23,Female,012-7010461,2002-07-07,anisa33555@gmail.com,Bronze,"No. 8, Jalan D8",Johor Bahru,Johor,35609,2025-10-17
33556,Divya,Lim,32,Female,016-9495889,1993-01-10,divya33556@gmail.com,Bronze,"No. 44, Jalan G20",Ipoh,Perak,46700,2025-03-28
33557,Jun Hao,a/p Subramaniam,42,Male,010-1068499,1983-01-17,jun33557@gmail.com,Silver,"No. 250, Jalan D5",Kuala Lumpur,Wilayah Persekutuan,74534,2025-11-10
33558,Amelia,Lee,28,Female,012-8579578,1996-12-24,amelia33558@gmail.com,Gold,"No. 280, Jalan C18",George Town,Pulau Pinang,41157,2025-07-09
33559,Rachel,Rahman,58,Female,011-2358205,1966-12-14,rachel33559@gmail.com,Silver,"No. 64, Jalan G13",Petaling Jaya,Selangor,18467,2025-11-04
33560,Lakshmi,Lim,53,Female,010-7633359,1972-08-04,lakshmi33560@gmail.com,Silver,"No. 293, Jalan C6",Petaling Jaya,Selangor,16615,2025-09-03
33561,Jun Hao,Rahman,29,Male,016-3108264,1995-07-09,jun33561@gmail.com,Bronze,"No. 173, Jalan D2",Kuala Lumpur,Wilayah Persekutuan,29584,2025-02-13
33562,Nadia,Yeoh,31,Female,012-1028888,1994-07-18,nadia33562@gmail.com,Bronze,"No. 252, Jalan A17",Ipoh,Perak,11298,2025-11-30
33563,Yee Ling,Sim,59,Female,019-3211210,1966-03-18,yee33563@gmail.com,Silver,"No. 285, Jalan C7",Ipoh,Perak,42177,2025-08-26
33564,Ling Ling,a/p Subramaniam,19,Female,017-9908904,2006-04-16,ling33564@gmail.com,Silver,"No. 87, Jalan F4",Ipoh,Perak,57329,2025-07-31
33565,Nurin,Cheah,27,Female,010-9153390,1997-05-02,nurin33565@gmail.com,Silver,"No. 134, Jalan F5",Melaka,Melaka,67053,2025-03-04
33566,Divya,Goh,44,Female,013-9836210,1981-03-07,divya33566@gmail.com,Silver,"No. 254, Jalan C20",Petaling Jaya,Selangor,80541,2025-09-23
33567,Zarina,Chong,58,Female,019-4416196,1967-03-11,zarina33567@gmail.com,Gold,"No. 19, Jalan D3",Kuala Lumpur,Wilayah Persekutuan,55845,2025-05-05
33568,Xin Yi,Cheah,59,Female,015-3398622,1966-01-28,xin33568@gmail.com,Silver,"No. 273, Jalan A10",Ipoh,Perak,32666,2025-10-11
33569,Rohani,Rahman,48,Female,017-8402997,1977-03-13,rohani33569@gmail.com,Bronze,"No. 240, Jalan A15",Melaka,Melaka,90560,2025-07-19
33570,Ling Ling,Yeoh,43,Female,014-7707855,1982-01-15,ling33570@gmail.com,Silver,"No. 48, Jalan C3",Kuala Lumpur,Wilayah Persekutuan,95485,2025-01-20
33571,Pei Shan,Wong,28,Female,018-7385187,1996-09-11,pei33571@gmail.com,Bronze,"No. 292, Jalan E15",Kuala Lumpur,Wilayah Persekutuan,94930,2025-08-03
33572,Amelia,Wong,49,Female,010-4750656,1975-10-01,amelia33572@gmail.com,Bronze,"No. 292, Jalan E7",Ipoh,Perak,13732,2025-07-29
33573,Alia,Chong,43,Female,019-2644627,1981-11-22,alia33573@gmail.com,Bronze,"No. 239, Jalan C20",Ipoh,Perak,74781,2025-09-12
33574,Aisyah,Yeoh,20,Female,010-1622438,2005-08-29,aisyah33574@gmail.com,Gold,"No. 110, Jalan G3",Petaling Jaya,Selangor,67252,2025-09-26
33575,Faizal,Cheah,35,Male,012-8644017,1989-12-24,faizal33575@gmail.com,Bronze,"No. 259, Jalan B13",Petaling Jaya,Selangor,33914,2025-09-14
33576,Sharmila,binti Ismail,56,Female,014-9516943,1969-03-27,sharmila33576@gmail.com,Silver,"No. 299, Jalan E16",Petaling Jaya,Selangor,71695,2025-05-09
33577,Sharmila,a/p Subramaniam,19,Female,015-2063486,2005-12-09,sharmila33577@gmail.com,Silver,"No. 43, Jalan E8",Kuala Lumpur,Wilayah Persekutuan,28610,2025-06-08
33578,Nur Aina,Hassan,29,Female,014-3638059,1995-12-29,nur33578@gmail.com,Bronze,"No. 243, Jalan D7",George Town,Pulau Pinang,49360,2025-12-15
33579,Haziq,binti Ismail,25,Male,013-6789457,1999-11-02,haziq33579@gmail.com,Bronze,"No. 53, Jalan E19",Melaka,Melaka,15848,2025-06-10
33580,Jun Hao,a/l Subramaniam,29,Male,012-8480341,1996-08-12,jun33580@gmail.com,Gold,"No. 141, Jalan A8",Kuala Lumpur,Wilayah Persekutuan,14729,2025-09-11
33581,Ling Ling,Teoh,36,Female,019-5027414,1988-07-26,ling33581@gmail.com,Bronze,"No. 191, Jalan G19",Melaka,Melaka,37105,2025-04-21
33582,Kavitha,Wong,25,Female,018-6350879,2000-03-24,kavitha33582@gmail.com,Gold,"No. 166, Jalan G9",Ipoh,Perak,51732,2025-08-03
33583,Mei Ling,Tan,27,Female,018-4452295,1997-08-28,mei33583@gmail.com,Gold,"No. 90, Jalan E15",Johor Bahru,Johor,63468,2025-03-12
33584,Yee Ling,Ong,29,Female,018-2199333,1996-07-03,yee33584@gmail.com,Bronze,"No. 271, Jalan C5",George Town,Pulau Pinang,35393,2025-09-09
33585,Divya,Rahman,26,Female,011-6778540,1998-11-09,divya33585@gmail.com,Bronze,"No. 265, Jalan F4",Melaka,Melaka,62005,2025-03-19
33586,Nurin,Ong,29,Female,014-8383736,1995-12-31,nurin33586@gmail.com,Silver,"No. 213, Jalan B2",George Town,Pulau Pinang,32106,2025-10-03
33587,Mei Ling,Lim,31,Female,015-4273448,1993-11-11,mei33587@gmail.com,Bronze,"No. 178, Jalan F18",Petaling Jaya,Selangor,16901,2025-03-19
33588,Nur Aina,Teoh,48,Female,012-5304514,1976-11-13,nur33588@gmail.com,Bronze,"No. 276, Jalan A2",George Town,Pulau Pinang,67665,2025-10-01
33589,Hui Min,a/p Subramaniam,52,Female,016-6477810,1972-08-31,hui33589@gmail.com,Bronze,"No. 27, Jalan B2",Johor Bahru,Johor,33359,2025-06-18
33590,Farah,Yeoh,52,Female,016-4140255,1972-12-02,farah33590@gmail.com,Silver,"No. 125, Jalan D17",George Town,Pulau Pinang,33350,2025-04-14
33591,Priya,Lim,33,Female,017-2183755,1992-06-17,priya33591@gmail.com,Gold,"No. 75, Jalan A5",George Town,Pulau Pinang,35353,2025-10-02
33592,Zarina,Cheah,36,Female,017-6085644,1988-09-20,zarina33592@gmail.com,Bronze,"No. 140, Jalan C19",Kuala Lumpur,Wilayah Persekutuan,12667,2025-04-18
33593,Anisa,Ong,33,Female,013-4632348,1992-01-11,anisa33593@gmail.com,Silver,"No. 127, Jalan C3",Johor Bahru,Johor,48664,2025-09-05
33594,Anisa,Ong,60,Female,012-1688654,1965-02-24,anisa33594@gmail.com,Silver,"No. 205, Jalan C8",George Town,Pulau Pinang,74207,2025-11-15
33595,Rohani,Teoh,29,Female,016-7547921,1996-03-28,rohani33595@gmail.com,Silver,"No. 230, Jalan A14",Petaling Jaya,Selangor,15412,2025-08-08
33596,Rajesh,Chong,25,Male,018-1372504,1999-07-01,rajesh33596@gmail.com,Bronze,"No. 247, Jalan B10",Melaka,Melaka,14809,2025-02-07
33597,Farah,Wong,47,Female,012-8530828,1978-09-08,farah33597@gmail.com,Bronze,"No. 258, Jalan E7",Ipoh,Perak,57842,2025-12-09
33598,Alia,Lee,41,Female,012-6962623,1984-01-07,alia33598@gmail.com,Silver,"No. 83, Jalan A5",Kuala Lumpur,Wilayah Persekutuan,27303,2025-06-29
33599,Xin Yi,Lee,31,Female,015-2353799,1993-10-23,xin33599@gmail.com,Gold,"No. 202, Jalan D16",Petaling Jaya,Selangor,59650,2025-05-29
33600,Haziq,Lim,41,Male,012-3731266,1983-12-25,haziq33600@gmail.com,Bronze,"No. 273, Jalan F20",Kuala Lumpur,Wilayah Persekutuan,43454,2025-09-01
33601,Ling Ling,bin Abdullah,51,Female,019-9849962,1973-08-03,ling33601@gmail.com,Gold,"No. 18, Jalan B6",Johor Bahru,Johor,65108,2025-04-26
33602,Amelia,Rahman,19,Female,013-5188103,2006-07-14,amelia33602@gmail.com,Bronze,"No. 287, Jalan E16",Kuala Lumpur,Wilayah Persekutuan,51665,2025-11-28
33603,Nurin,a/l Subramaniam,21,Female,015-9729302,2003-07-30,nurin33603@gmail.com,Bronze,"No. 212, Jalan B17",Ipoh,Perak,73804,2025-03-25
33604,Mei Ling,Chong,20,Female,010-8359577,2004-09-28,mei33604@gmail.com,Bronze,"No. 280, Jalan A5",Kuala Lumpur,Wilayah Persekutuan,72364,2025-02-16
33605,Xin Yi,Sim,59,Female,018-3541959,1965-03-25,xin33605@gmail.com,Platinum,"No. 93, Jalan B13",Ipoh,Perak,49549,2025-03-06
33606,Arjun,Goh,25,Male,019-1681850,2000-03-23,arjun33606@gmail.com,Bronze,"No. 36, Jalan E1",Melaka,Melaka,43317,2025-08-27
33607,Lakshmi,a/l Subramaniam,27,Female,016-3959168,1997-09-26,lakshmi33607@gmail.com,Bronze,"No. 172, Jalan A19",George Town,Pulau Pinang,76200,2025-03-17
33608,Chloe,Sim,20,Female,017-2313854,2005-03-26,chloe33608@gmail.com,Bronze,"No. 187, Jalan D6",Kuala Lumpur,Wilayah Persekutuan,62237,2025-11-29
33609,Nadia,Chong,22,Female,013-9390794,2003-07-05,nadia33609@gmail.com,Bronze,"No. 22, Jalan G20",George Town,Pulau Pinang,81599,2025-10-14
33610,Aisyah,Wong,40,Female,012-5741816,1984-09-24,aisyah33610@gmail.com,Silver,"No. 247, Jalan B11",George Town,Pulau Pinang,98581,2025-02-15
33611,Amelia,a/p Subramaniam,25,Female,018-9334412,2000-03-27,amelia33611@gmail.com,Silver,"No. 179, Jalan C8",Petaling Jaya,Selangor,60720,2025-05-30
33612,Jasmine,a/l Subramaniam,60,Female,015-3148240,1965-05-29,jasmine33612@gmail.com,Bronze,"No. 9, Jalan B4",Ipoh,Perak,77849,2025-09-13
33613,Suresh,Yeoh,28,Male,012-8463085,1997-09-12,suresh33613@gmail.com,Silver,"No. 194, Jalan A19",Ipoh,Perak,68765,2025-09-23
33614,Rachel,Cheah,20,Female,016-1566304,2005-01-04,rachel33614@gmail.com,Bronze,"No. 22, Jalan A5",Ipoh,Perak,49821,2025-06-23
33615,Aiman,Rahman,47,Male,017-4770991,1977-12-03,aiman33615@gmail.com,Silver,"No. 134, Jalan A9",Ipoh,Perak,69678,2025-03-15
33616,Pei Shan,Lee,19,Female,018-9352929,2006-06-18,pei33616@gmail.com,Gold,"No. 9, Jalan G2",Petaling Jaya,Selangor,10515,2025-08-16
33617,Kok Wai,Chong,47,Male,011-1532281,1977-04-05,kok33617@gmail.com,Silver,"No. 212, Jalan D8",Johor Bahru,Johor,29290,2025-04-02
33618,Kavitha,Yeoh,46,Female,019-7818305,1978-02-05,kavitha33618@gmail.com,Bronze,"No. 32, Jalan D9",Ipoh,Perak,87422,2025-01-24
33619,Zarina,bin Abdullah,59,Female,013-1852671,1965-10-19,zarina33619@gmail.com,Bronze,"No. 164, Jalan G17",Petaling Jaya,Selangor,26052,2025-01-24
33620,Suhaila,Cheah,25,Female,010-1690086,1999-11-07,suhaila33620@gmail.com,Silver,"No. 72, Jalan E4",Melaka,Melaka,10195,2025-03-24
33621,Anisa,a/l Subramaniam,34,Female,019-4370128,1990-08-18,anisa33621@gmail.com,Bronze,"No. 257, Jalan C13",Petaling Jaya,Selangor,38831,2025-03-04
33622,Sharmila,Yeoh,47,Female,016-3061635,1978-11-10,sharmila33622@gmail.com,Bronze,"No. 140, Jalan A15",Johor Bahru,Johor,26579,2025-12-08
33623,Xin Yi,Wong,39,Female,019-2497282,1985-09-13,xin33623@gmail.com,Bronze,"No. 232, Jalan B4",Melaka,Melaka,86343,2025-02-05
33624,Ling Ling,Teoh,24,Female,015-4079120,2000-11-05,ling33624@gmail.com,Platinum,"No. 173, Jalan B13",Kuala Lumpur,Wilayah Persekutuan,86822,2025-07-02
33625,Jasmine,bin Abdullah,21,Female,017-5433760,2004-03-15,jasmine33625@gmail.com,Bronze,"No. 93, Jalan C5",Johor Bahru,Johor,18965,2025-07-29
33626,Nadia,Wong,26,Female,011-3993479,1999-09-29,nadia33626@gmail.com,Platinum,"No. 81, Jalan C9",Kuala Lumpur,Wilayah Persekutuan,18928,2025-10-17
33627,Xin Yi,bin Abdullah,57,Female,011-9263127,1967-11-10,xin33627@gmail.com,Gold,"No. 176, Jalan E14",Johor Bahru,Johor,56747,2025-05-25
33628,Zarina,Tan,45,Female,013-1236370,1980-07-17,zarina33628@gmail.com,Bronze,"No. 192, Jalan D10",Johor Bahru,Johor,16668,2025-12-13
33629,Sharmila,Chong,19,Female,017-4624421,2005-06-01,sharmila33629@gmail.com,Platinum,"No. 160, Jalan D12",Ipoh,Perak,74773,2025-01-12
33630,Rohani,Tan,42,Female,019-1713504,1983-05-24,rohani33630@gmail.com,Bronze,"No. 241, Jalan C13",Johor Bahru,Johor,64821,2025-07-15
33631,Zarina,a/p Subramaniam,44,Female,012-7446513,1981-02-11,zarina33631@gmail.com,Bronze,"No. 77, Jalan A8",Kuala Lumpur,Wilayah Persekutuan,19594,2025-11-14
33632,Nur Aina,Wong,55,Female,012-7502621,1969-10-30,nur33632@gmail.com,Bronze,"No. 127, Jalan C3",Johor Bahru,Johor,41166,2025-10-23
33633,Amelia,a/l Subramaniam,18,Female,016-7252938,2007-03-07,amelia33633@gmail.com,Silver,"No. 149, Jalan F14",Ipoh,Perak,37328,2025-07-09
33634,Hui Min,Cheah,19,Female,016-7328479,2006-05-26,hui33634@gmail.com,Gold,"No. 194, Jalan B12",George Town,Pulau Pinang,72064,2025-10-04
33635,Pei Shan,Goh,27,Female,014-4014040,1997-07-27,pei33635@gmail.com,Bronze,"No. 211, Jalan F6",Melaka,Melaka,60385,2025-06-21
33636,Suresh,Yeoh,55,Male,010-6077296,1969-12-21,suresh33636@gmail.com,Bronze,"No. 205, Jalan E11",Melaka,Melaka,24054,2025-11-12
33637,Wei Jie,Ong,31,Male,010-2605656,1994-02-16,wei33637@gmail.com,Gold,"No. 216, Jalan G8",Kuala Lumpur,Wilayah Persekutuan,13101,2025-06-29
33638,Rajesh,a/p Subramaniam,55,Male,012-3323158,1970-04-10,rajesh33638@gmail.com,Bronze,"No. 260, Jalan G8",George Town,Pulau Pinang,27702,2025-11-24
33639,Anisa,Hassan,25,Female,011-6097506,1999-07-25,anisa33639@gmail.com,Bronze,"No. 14, Jalan D15",Kuala Lumpur,Wilayah Persekutuan,16262,2025-06-25
33640,Arjun,a/l Subramaniam,45,Male,017-5099787,1980-09-05,arjun33640@gmail.com,Gold,"No. 197, Jalan E19",Ipoh,Perak,23000,2025-12-10
33641,Wei Jie,Hassan,39,Male,019-6520111,1986-07-22,wei33641@gmail.com,Gold,"No. 196, Jalan C4",Melaka,Melaka,18967,2025-07-22
33642,Sharmila,Chong,59,Female,015-2411479,1966-01-29,sharmila33642@gmail.com,Bronze,"No. 84, Jalan C13",Ipoh,Perak,50483,2025-06-28
33643,Yee Ling,Tan,53,Female,018-1831802,1972-01-27,yee33643@gmail.com,Silver,"No. 87, Jalan C8",Melaka,Melaka,79035,2025-05-05
33644,Mei Ling,Chong,27,Female,017-3282797,1997-03-18,mei33644@gmail.com,Silver,"No. 17, Jalan B14",George Town,Pulau Pinang,64809,2025-01-11
33645,Rachel,a/l Subramaniam,53,Female,013-6935695,1972-01-17,rachel33645@gmail.com,Bronze,"No. 98, Jalan A10",Ipoh,Perak,48319,2025-07-13
33646,Divya,Teoh,34,Female,013-2774882,1991-01-02,divya33646@gmail.com,Bronze,"No. 296, Jalan D5",Melaka,Melaka,12112,2025-06-20
33647,Xin Yi,Yeoh,33,Female,017-6521815,1992-01-19,xin33647@gmail.com,Gold,"No. 181, Jalan E17",Johor Bahru,Johor,42885,2025-06-07
33648,Anisa,Chong,32,Female,015-3905669,1993-03-09,anisa33648@gmail.com,Bronze,"No. 20, Jalan F12",Johor Bahru,Johor,10970,2025-12-13
33649,Farah,bin Abdullah,36,Female,011-8546253,1989-06-09,farah33649@gmail.com,Gold,"No. 240, Jalan G8",Petaling Jaya,Selangor,81664,2025-11-16
33650,Yee Ling,Goh,27,Female,014-5508702,1998-02-09,yee33650@gmail.com,Bronze,"No. 125, Jalan C10",Melaka,Melaka,83924,2025-04-12
33651,Nurin,Teoh,27,Female,019-1214729,1997-12-08,nurin33651@gmail.com,Bronze,"No. 105, Jalan A13",Petaling Jaya,Selangor,84375,2025-07-18
33652,Hui Min,Lee,38,Female,012-7458303,1986-08-27,hui33652@gmail.com,Silver,"No. 96, Jalan F19",Petaling Jaya,Selangor,34123,2025-08-07
33653,Wan Ying,Cheah,36,Female,012-1706425,1989-02-01,wan33653@gmail.com,Platinum,"No. 7, Jalan B17",Melaka,Melaka,28581,2025-06-11
33654,Nadia,Sim,52,Female,019-5556759,1973-04-08,nadia33654@gmail.com,Bronze,"No. 230, Jalan C3",Johor Bahru,Johor,68216,2025-06-10
33655,Zarina,Cheah,56,Female,010-7414318,1969-09-21,zarina33655@gmail.com,Bronze,"No. 37, Jalan G7",Kuala Lumpur,Wilayah Persekutuan,83256,2025-11-14
33656,Sharmila,binti Ismail,33,Female,012-5678850,1992-05-25,sharmila33656@gmail.com,Gold,"No. 152, Jalan G7",Johor Bahru,Johor,98150,2025-12-07
33657,Hui Min,a/l Subramaniam,35,Female,017-2641821,1990-01-17,hui33657@gmail.com,Gold,"No. 134, Jalan A3",Petaling Jaya,Selangor,44026,2025-06-22
33658,Nurin,Tan,44,Female,017-8371071,1981-01-25,nurin33658@gmail.com,Bronze,"No. 139, Jalan E10",Ipoh,Perak,28255,2025-06-26
33659,Nurin,Sim,54,Female,017-1014468,1970-09-01,nurin33659@gmail.com,Gold,"No. 51, Jalan E12",Kuala Lumpur,Wilayah Persekutuan,35008,2025-04-06
33660,Kok Wai,binti Ismail,22,Male,014-4371706,2002-09-09,kok33660@gmail.com,Bronze,"No. 296, Jalan A15",Ipoh,Perak,78536,2025-01-26
33661,Anisa,Wong,47,Female,017-2768056,1977-05-11,anisa33661@gmail.com,Silver,"No. 297, Jalan E15",George Town,Pulau Pinang,75644,2025-02-20
33662,Aisyah,Yeoh,36,Female,015-5379239,1989-02-07,aisyah33662@gmail.com,Silver,"No. 226, Jalan C14",Ipoh,Perak,26668,2025-08-24
33663,Amelia,a/p Subramaniam,49,Female,019-1440958,1976-02-25,amelia33663@gmail.com,Bronze,"No. 2, Jalan F7",Melaka,Melaka,53992,2025-07-04
33664,Aisyah,Wong,37,Female,010-7684456,1988-06-24,aisyah33664@gmail.com,Bronze,"No. 137, Jalan A15",Johor Bahru,Johor,48604,2025-11-04
33665,Anisa,Cheah,50,Female,014-1837727,1974-07-16,anisa33665@gmail.com,Silver,"No. 33, Jalan C2",Petaling Jaya,Selangor,91449,2025-03-03
33666,Hui Min,Wong,34,Female,011-2324719,1990-12-31,hui33666@gmail.com,Bronze,"No. 187, Jalan B2",Melaka,Melaka,78435,2025-10-11
33667,Arjun,Goh,26,Male,013-7987515,1999-04-17,arjun33667@gmail.com,Bronze,"No. 15, Jalan E19",Melaka,Melaka,83704,2025-07-30
33668,Faizal,binti Ismail,22,Male,017-7108360,2002-10-15,faizal33668@gmail.com,Bronze,"No. 288, Jalan C20",Kuala Lumpur,Wilayah Persekutuan,38134,2025-06-23
33669,Suhaila,Wong,31,Female,010-3867073,1994-03-29,suhaila33669@gmail.com,Bronze,"No. 192, Jalan A9",Ipoh,Perak,91561,2025-05-26
33670,Sharmila,Ong,44,Female,015-6699439,1980-12-14,sharmila33670@gmail.com,Gold,"No. 295, Jalan D9",Petaling Jaya,Selangor,70003,2025-07-25
33671,Kavitha,binti Ismail,21,Female,014-7088900,2003-11-27,kavitha33671@gmail.com,Silver,"No. 150, Jalan G8",Kuala Lumpur,Wilayah Persekutuan,89615,2025-01-22
33672,Aisyah,Hassan,27,Female,019-4919287,1998-11-17,aisyah33672@gmail.com,Bronze,"No. 79, Jalan D17",Melaka,Melaka,62468,2025-11-20
33673,Hui Min,Hassan,54,Female,018-9103181,1970-12-23,hui33673@gmail.com,Bronze,"No. 2, Jalan C13",Petaling Jaya,Selangor,29156,2025-07-26
33674,Aisyah,Goh,60,Female,010-1104968,1965-05-19,aisyah33674@gmail.com,Silver,"No. 185, Jalan E18",Melaka,Melaka,14538,2025-09-28
33675,Siti,Ong,60,Female,015-3028747,1965-01-19,siti33675@gmail.com,Platinum,"No. 263, Jalan B15",Petaling Jaya,Selangor,49479,2025-07-13
33676,Wei Jie,Chong,23,Male,010-6720479,2001-10-28,wei33676@gmail.com,Bronze,"No. 75, Jalan F7",Kuala Lumpur,Wilayah Persekutuan,91639,2025-06-05
33677,Chloe,Wong,21,Female,015-8176808,2004-02-02,chloe33677@gmail.com,Bronze,"No. 252, Jalan D4",Kuala Lumpur,Wilayah Persekutuan,62824,2025-05-06
33678,Ling Ling,Hassan,47,Female,012-6042056,1978-09-10,ling33678@gmail.com,Platinum,"No. 275, Jalan A14",Johor Bahru,Johor,23670,2025-12-09
33679,Priya,Cheah,51,Female,018-5900560,1973-10-13,priya33679@gmail.com,Bronze,"No. 40, Jalan G5",Kuala Lumpur,Wilayah Persekutuan,70090,2025-01-04
33680,Lakshmi,Wong,45,Female,012-4904081,1979-06-17,lakshmi33680@gmail.com,Gold,"No. 120, Jalan B3",Ipoh,Perak,65365,2025-02-22
33681,Xin Yi,Sim,30,Female,018-9764984,1994-12-15,xin33681@gmail.com,Gold,"No. 143, Jalan A10",Petaling Jaya,Selangor,42007,2025-11-28
33682,Mei Ling,Cheah,47,Female,015-7708039,1978-09-28,mei33682@gmail.com,Bronze,"No. 142, Jalan E11",Ipoh,Perak,15151,2025-11-08
33683,Siti,bin Abdullah,47,Female,012-3997608,1978-04-29,siti33683@gmail.com,Bronze,"No. 152, Jalan A13",Johor Bahru,Johor,12953,2025-06-25
33684,Priya,Yeoh,51,Female,014-9995957,1974-02-13,priya33684@gmail.com,Bronze,"No. 122, Jalan E11",Ipoh,Perak,44004,2025-07-18
33685,Rachel,binti Ismail,37,Female,011-8658318,1988-01-04,rachel33685@gmail.com,Gold,"No. 107, Jalan G3",Ipoh,Perak,38929,2025-11-09
33686,Hui Min,bin Abdullah,40,Female,016-2652267,1984-04-24,hui33686@gmail.com,Bronze,"No. 197, Jalan F9",Ipoh,Perak,26305,2025-03-03
33687,Zarina,Hassan,52,Female,017-9097651,1973-03-03,zarina33687@gmail.com,Silver,"No. 244, Jalan C15",George Town,Pulau Pinang,18708,2025-08-20
33688,Aisyah,a/l Subramaniam,47,Female,014-1189088,1977-08-05,aisyah33688@gmail.com,Bronze,"No. 299, Jalan C6",Petaling Jaya,Selangor,32450,2025-05-24
33689,Mei Ling,Yeoh,42,Female,015-4367531,1983-07-07,mei33689@gmail.com,Silver,"No. 86, Jalan D5",Petaling Jaya,Selangor,33304,2025-11-17
33690,Xin Yi,Yeoh,36,Female,018-7101320,1989-03-28,xin33690@gmail.com,Bronze,"No. 239, Jalan E13",George Town,Pulau Pinang,79238,2025-11-17
33691,Wan Ying,Ong,36,Female,016-6678357,1989-01-01,wan33691@gmail.com,Bronze,"No. 131, Jalan B4",George Town,Pulau Pinang,47120,2025-05-20
33692,Nur Aina,Teoh,50,Female,014-8794355,1975-02-19,nur33692@gmail.com,Bronze,"No. 141, Jalan A14",Melaka,Melaka,46850,2025-09-28
33693,Rachel,Goh,22,Female,016-4664708,2002-11-29,rachel33693@gmail.com,Bronze,"No. 162, Jalan E9",Kuala Lumpur,Wilayah Persekutuan,15456,2025-10-25
33694,Wei Jie,Goh,59,Male,018-2888655,1965-09-04,wei33694@gmail.com,Silver,"No. 289, Jalan F17",Kuala Lumpur,Wilayah Persekutuan,79077,2025-07-02
33695,Ling Ling,Sim,55,Female,011-9964090,1970-05-21,ling33695@gmail.com,Bronze,"No. 275, Jalan G2",Melaka,Melaka,98203,2025-09-23
33696,Hui Min,Lee,26,Female,012-7488954,1998-10-05,hui33696@gmail.com,Bronze,"No. 62, Jalan E7",Ipoh,Perak,11151,2025-02-23
33697,Wei Jie,Lee,36,Male,010-8863603,1988-12-29,wei33697@gmail.com,Platinum,"No. 292, Jalan A13",Petaling Jaya,Selangor,25648,2025-06-18
33698,Farah,Chong,57,Female,012-5075263,1968-05-30,farah33698@gmail.com,Silver,"No. 197, Jalan C3",George Town,Pulau Pinang,27445,2025-11-30
33699,Siti,Wong,45,Female,018-1181391,1980-04-20,siti33699@gmail.com,Bronze,"No. 143, Jalan C3",Melaka,Melaka,98347,2025-08-06
33700,Lakshmi,a/p Subramaniam,40,Female,012-6019351,1985-01-17,lakshmi33700@gmail.com,Bronze,"No. 57, Jalan C17",Ipoh,Perak,27524,2025-03-28
33701,Anisa,Lim,18,Female,017-2721356,2006-09-25,anisa33701@gmail.com,Bronze,"No. 239, Jalan B12",Melaka,Melaka,95229,2025-01-18
33702,Mei Ling,Yeoh,34,Female,011-1819739,1991-06-08,mei33702@gmail.com,Bronze,"No. 198, Jalan B5",Melaka,Melaka,74880,2025-12-05
33703,Rajesh,Rahman,30,Male,019-8209632,1994-11-06,rajesh33703@gmail.com,Platinum,"No. 25, Jalan A10",Petaling Jaya,Selangor,11705,2025-08-22
33704,Aisyah,Yeoh,59,Female,015-7587877,1966-04-23,aisyah33704@gmail.com,Bronze,"No. 257, Jalan G10",Melaka,Melaka,86784,2025-10-08
33705,Nadia,Sim,42,Female,011-3251063,1983-02-15,nadia33705@gmail.com,Bronze,"No. 216, Jalan E9",Johor Bahru,Johor,15965,2025-05-17
33706,Pei Shan,binti Ismail,52,Female,013-5222614,1972-03-27,pei33706@gmail.com,Gold,"No. 259, Jalan A15",Johor Bahru,Johor,86755,2025-03-12
33707,Nurin,a/p Subramaniam,20,Female,011-6448399,2004-08-29,nurin33707@gmail.com,Bronze,"No. 258, Jalan B16",George Town,Pulau Pinang,76201,2025-02-26
33708,Siti,Teoh,44,Female,019-3935198,1981-01-30,siti33708@gmail.com,Silver,"No. 174, Jalan A9",Melaka,Melaka,89058,2025-05-24
33709,Wan Ying,Chong,22,Female,019-8990747,2003-05-10,wan33709@gmail.com,Bronze,"No. 166, Jalan G6",Johor Bahru,Johor,44466,2025-08-27
33710,Rachel,Chong,31,Female,012-5965414,1994-06-25,rachel33710@gmail.com,Bronze,"No. 80, Jalan D9",Kuala Lumpur,Wilayah Persekutuan,63080,2025-11-21
33711,Suhaila,Teoh,18,Female,015-1286205,2007-01-18,suhaila33711@gmail.com,Bronze,"No. 244, Jalan A19",George Town,Pulau Pinang,63070,2025-03-06
33712,Xin Yi,a/l Subramaniam,19,Female,012-5914922,2006-05-05,xin33712@gmail.com,Silver,"No. 274, Jalan E13",George Town,Pulau Pinang,51606,2025-10-09
33713,Siti,Goh,42,Female,011-4641091,1983-01-15,siti33713@gmail.com,Gold,"No. 63, Jalan A4",Kuala Lumpur,Wilayah Persekutuan,88432,2025-07-19
33714,Siti,Goh,26,Female,018-9422333,1998-12-17,siti33714@gmail.com,Silver,"No. 247, Jalan D7",Johor Bahru,Johor,75142,2025-05-10
33715,Amelia,Lee,56,Female,019-1747569,1968-11-19,amelia33715@gmail.com,Gold,"No. 201, Jalan E7",Ipoh,Perak,46989,2025-07-01
33716,Jasmine,Rahman,50,Female,010-5389393,1975-02-01,jasmine33716@gmail.com,Bronze,"No. 217, Jalan E18",Johor Bahru,Johor,50932,2025-04-01
33717,Sharmila,Ong,32,Female,013-9442161,1993-02-18,sharmila33717@gmail.com,Gold,"No. 82, Jalan A17",Kuala Lumpur,Wilayah Persekutuan,93448,2025-08-05
33718,Nurin,Ong,35,Female,015-1663597,1989-05-20,nurin33718@gmail.com,Silver,"No. 178, Jalan D19",Melaka,Melaka,15864,2025-04-05
33719,Nur Aina,bin Abdullah,49,Female,013-9161715,1975-09-10,nur33719@gmail.com,Silver,"No. 55, Jalan G3",George Town,Pulau Pinang,34490,2025-02-11
33720,Jasmine,Sim,36,Female,018-1972965,1988-03-04,jasmine33720@gmail.com,Silver,"No. 160, Jalan E5",Kuala Lumpur,Wilayah Persekutuan,40938,2025-02-04
33721,Rohani,Teoh,23,Female,018-5150142,2001-10-07,rohani33721@gmail.com,Bronze,"No. 16, Jalan A8",George Town,Pulau Pinang,92042,2025-07-15
33722,Wan Ying,bin Abdullah,50,Female,018-4726329,1975-03-28,wan33722@gmail.com,Silver,"No. 171, Jalan A13",George Town,Pulau Pinang,83988,2025-05-05
33723,Lakshmi,Sim,21,Female,014-5581441,2004-09-24,lakshmi33723@gmail.com,Bronze,"No. 187, Jalan B16",Petaling Jaya,Selangor,66581,2025-11-05
33724,Yee Ling,binti Ismail,30,Female,011-4651228,1995-02-26,yee33724@gmail.com,Bronze,"No. 279, Jalan F3",Petaling Jaya,Selangor,72806,2025-05-03
33725,Lakshmi,Hassan,35,Female,010-9301393,1990-04-04,lakshmi33725@gmail.com,Silver,"No. 38, Jalan A9",Johor Bahru,Johor,75386,2025-06-03
33726,Xin Yi,binti Ismail,21,Female,016-9536234,2003-11-16,xin33726@gmail.com,Bronze,"No. 139, Jalan B16",Ipoh,Perak,40385,2025-07-07
33727,Jasmine,Lee,44,Female,016-9038600,1980-11-18,jasmine33727@gmail.com,Bronze,"No. 57, Jalan D16",Petaling Jaya,Selangor,47057,2025-04-29
33728,Ling Ling,Goh,21,Female,014-6220573,2004-07-03,ling33728@gmail.com,Bronze,"No. 234, Jalan F1",Kuala Lumpur,Wilayah Persekutuan,66235,2025-10-17
33729,Farah,Yeoh,50,Female,011-4209211,1975-03-03,farah33729@gmail.com,Silver,"No. 2, Jalan B2",Petaling Jaya,Selangor,57734,2025-09-11
33730,Amelia,Cheah,37,Female,014-9824328,1987-03-22,amelia33730@gmail.com,Gold,"No. 89, Jalan D18",George Town,Pulau Pinang,68402,2025-01-06
33731,Faizal,Sim,44,Male,017-6991798,1981-04-04,faizal33731@gmail.com,Gold,"No. 252, Jalan F8",Ipoh,Perak,57369,2025-07-26
33732,Amelia,a/p Subramaniam,29,Female,018-1406165,1995-11-25,amelia33732@gmail.com,Bronze,"No. 149, Jalan B20",Ipoh,Perak,85480,2025-01-10
33733,Xin Yi,Lee,37,Female,018-5457210,1987-03-31,xin33733@gmail.com,Bronze,"No. 239, Jalan C17",George Town,Pulau Pinang,98423,2025-03-03
33734,Rajesh,Hassan,38,Male,010-9232202,1987-06-04,rajesh33734@gmail.com,Bronze,"No. 58, Jalan C9",Kuala Lumpur,Wilayah Persekutuan,62382,2025-09-06
33735,Faizal,Yeoh,56,Male,014-7241746,1969-05-31,faizal33735@gmail.com,Bronze,"No. 9, Jalan D10",Petaling Jaya,Selangor,26593,2025-07-22
33736,Amirul,Wong,25,Male,011-2646367,1999-07-14,amirul33736@gmail.com,Silver,"No. 287, Jalan A19",George Town,Pulau Pinang,21099,2025-03-12
33737,Haziq,Ong,38,Male,017-8706394,1987-10-06,haziq33737@gmail.com,Bronze,"No. 181, Jalan C2",Petaling Jaya,Selangor,23257,2025-11-18
33738,Anisa,Ong,27,Female,016-1234354,1997-11-05,anisa33738@gmail.com,Bronze,"No. 185, Jalan C16",Kuala Lumpur,Wilayah Persekutuan,37706,2025-01-08
33739,Rajesh,Hassan,24,Male,011-5425605,2000-11-05,rajesh33739@gmail.com,Bronze,"No. 253, Jalan B12",Kuala Lumpur,Wilayah Persekutuan,80712,2025-06-22
33740,Jasmine,Lee,24,Female,014-4979658,2000-08-01,jasmine33740@gmail.com,Silver,"No. 72, Jalan E16",George Town,Pulau Pinang,15693,2025-04-15
33741,Sharmila,bin Abdullah,57,Female,017-2028398,1968-03-28,sharmila33741@gmail.com,Bronze,"No. 56, Jalan B15",Johor Bahru,Johor,20874,2025-07-24
33742,Sharmila,Hassan,48,Female,013-8418145,1977-03-24,sharmila33742@gmail.com,Silver,"No. 26, Jalan G18",George Town,Pulau Pinang,75156,2025-10-04
33743,Xin Yi,a/p Subramaniam,18,Female,010-1768751,2006-12-15,xin33743@gmail.com,Bronze,"No. 49, Jalan G7",Ipoh,Perak,65393,2025-04-27
33744,Jasmine,binti Ismail,46,Female,014-8053028,1978-10-21,jasmine33744@gmail.com,Bronze,"No. 277, Jalan D14",Kuala Lumpur,Wilayah Persekutuan,80598,2025-09-25
33745,Rohani,Wong,39,Female,014-8470454,1986-04-14,rohani33745@gmail.com,Bronze,"No. 275, Jalan E7",Kuala Lumpur,Wilayah Persekutuan,55800,2025-05-28
33746,Chloe,Wong,34,Female,016-8167884,1991-01-15,chloe33746@gmail.com,Bronze,"No. 135, Jalan B19",Petaling Jaya,Selangor,60370,2025-11-03
33747,Wan Ying,Lim,22,Female,011-2882413,2003-05-02,wan33747@gmail.com,Silver,"No. 220, Jalan E10",Melaka,Melaka,19662,2025-06-13
33748,Rachel,bin Abdullah,58,Female,012-7528740,1967-05-31,rachel33748@gmail.com,Silver,"No. 190, Jalan E10",Kuala Lumpur,Wilayah Persekutuan,52697,2025-11-06
33749,Zarina,Wong,44,Female,016-8492084,1981-02-13,zarina33749@gmail.com,Gold,"No. 186, Jalan F8",Melaka,Melaka,68713,2025-08-27
33750,Nadia,bin Abdullah,21,Female,015-4147214,2004-05-05,nadia33750@gmail.com,Bronze,"No. 18, Jalan F3",Petaling Jaya,Selangor,99431,2025-08-30
33751,Xin Yi,a/l Subramaniam,25,Female,016-1112213,2000-04-15,xin33751@gmail.com,Silver,"No. 280, Jalan E4",Kuala Lumpur,Wilayah Persekutuan,52163,2025-11-18
33752,Divya,a/l Subramaniam,35,Female,015-1659781,1989-11-15,divya33752@gmail.com,Bronze,"No. 252, Jalan D7",Petaling Jaya,Selangor,64283,2025-09-23
33753,Divya,Lim,32,Female,012-2895054,1993-06-03,divya33753@gmail.com,Bronze,"No. 98, Jalan G5",Ipoh,Perak,47469,2025-08-01
33754,Xin Yi,Yeoh,27,Female,017-9030667,1998-09-01,xin33754@gmail.com,Bronze,"No. 31, Jalan A1",Kuala Lumpur,Wilayah Persekutuan,75773,2025-11-12
33755,Wei Jie,bin Abdullah,51,Male,017-3782573,1973-12-28,wei33755@gmail.com,Bronze,"No. 248, Jalan A15",George Town,Pulau Pinang,48547,2025-10-09
33756,Aisyah,a/p Subramaniam,18,Female,014-2146279,2006-10-30,aisyah33756@gmail.com,Silver,"No. 16, Jalan E19",George Town,Pulau Pinang,25129,2025-03-21
33757,Anisa,Rahman,45,Female,017-2603003,1980-02-18,anisa33757@gmail.com,Silver,"No. 189, Jalan E20",Johor Bahru,Johor,43950,2025-10-17
33758,Arjun,Lim,43,Male,010-3662128,1982-01-25,arjun33758@gmail.com,Bronze,"No. 109, Jalan F18",Ipoh,Perak,22760,2025-05-08
33759,Rachel,Chong,46,Female,013-5653404,1978-05-04,rachel33759@gmail.com,Bronze,"No. 94, Jalan E10",Kuala Lumpur,Wilayah Persekutuan,27900,2025-04-10
33760,Nur Aina,a/p Subramaniam,56,Female,019-9835997,1968-07-05,nur33760@gmail.com,Bronze,"No. 160, Jalan A17",Kuala Lumpur,Wilayah Persekutuan,85547,2025-02-20
33761,Amelia,Chong,26,Female,016-6682110,1999-09-25,amelia33761@gmail.com,Bronze,"No. 247, Jalan B8",Johor Bahru,Johor,37700,2025-12-12
33762,Siti,Ong,42,Female,015-9468102,1982-05-19,siti33762@gmail.com,Platinum,"No. 52, Jalan A12",Petaling Jaya,Selangor,38329,2025-02-07
33763,Kavitha,Lee,32,Female,014-9175103,1993-06-02,kavitha33763@gmail.com,Bronze,"No. 239, Jalan C14",Melaka,Melaka,36574,2025-11-07
33764,Nurin,a/l Subramaniam,57,Female,019-1970653,1967-08-28,nurin33764@gmail.com,Bronze,"No. 191, Jalan A7",George Town,Pulau Pinang,60535,2025-08-02
33765,Anisa,Wong,26,Female,012-9588064,1998-06-04,anisa33765@gmail.com,Silver,"No. 187, Jalan B8",Ipoh,Perak,60668,2025-02-18
33766,Rachel,Hassan,55,Female,019-4978883,1970-01-03,rachel33766@gmail.com,Silver,"No. 172, Jalan G8",Kuala Lumpur,Wilayah Persekutuan,92717,2025-11-04
33767,Jasmine,a/p Subramaniam,43,Female,018-7174760,1981-11-24,jasmine33767@gmail.com,Bronze,"No. 94, Jalan D5",Kuala Lumpur,Wilayah Persekutuan,96337,2025-01-29
33768,Pei Shan,Cheah,39,Female,015-5532417,1985-03-01,pei33768@gmail.com,Silver,"No. 30, Jalan F11",George Town,Pulau Pinang,84747,2025-01-06
33769,Aiman,Teoh,45,Male,018-8920747,1980-09-08,aiman33769@gmail.com,Bronze,"No. 149, Jalan D2",Petaling Jaya,Selangor,11796,2025-12-05
33770,Farah,a/l Subramaniam,27,Female,019-3459386,1997-04-25,farah33770@gmail.com,Bronze,"No. 298, Jalan A7",Petaling Jaya,Selangor,82485,2025-03-17
33771,Rajesh,Lim,18,Male,016-7861289,2006-11-06,rajesh33771@gmail.com,Silver,"No. 246, Jalan E7",Kuala Lumpur,Wilayah Persekutuan,82140,2025-08-24
33772,Lakshmi,Lee,42,Female,011-6835074,1982-11-15,lakshmi33772@gmail.com,Bronze,"No. 17, Jalan E9",Ipoh,Perak,63496,2025-07-15
33773,Nurin,Yeoh,38,Female,015-7620265,1986-12-12,nurin33773@gmail.com,Bronze,"No. 259, Jalan C3",Petaling Jaya,Selangor,94317,2025-11-12
33774,Farah,Hassan,38,Female,012-6197366,1986-07-27,farah33774@gmail.com,Bronze,"No. 136, Jalan A17",Kuala Lumpur,Wilayah Persekutuan,39865,2025-05-10
33775,Mei Ling,Sim,56,Female,018-7185664,1969-09-23,mei33775@gmail.com,Bronze,"No. 119, Jalan D2",Kuala Lumpur,Wilayah Persekutuan,82334,2025-10-02
33776,Amirul,Chong,45,Male,011-1034156,1979-08-22,amirul33776@gmail.com,Bronze,"No. 7, Jalan F8",Petaling Jaya,Selangor,13652,2025-01-04
33777,Jasmine,Goh,54,Female,012-4733389,1971-08-02,jasmine33777@gmail.com,Silver,"No. 2, Jalan G14",Kuala Lumpur,Wilayah Persekutuan,13327,2025-11-17
33778,Xin Yi,Lim,23,Female,016-3177060,2002-07-20,xin33778@gmail.com,Gold,"No. 271, Jalan D7",Kuala Lumpur,Wilayah Persekutuan,47879,2025-07-24
33779,Xin Yi,Lee,44,Female,015-6636487,1981-08-14,xin33779@gmail.com,Silver,"No. 82, Jalan C15",Melaka,Melaka,16466,2025-10-27
33780,Kok Wai,Ong,18,Male,014-8285520,2006-12-06,kok33780@gmail.com,Bronze,"No. 203, Jalan F5",Petaling Jaya,Selangor,27447,2025-07-08
33781,Rohani,Ong,38,Female,019-9318849,1987-01-11,rohani33781@gmail.com,Bronze,"No. 158, Jalan A8",George Town,Pulau Pinang,29473,2025-01-14
33782,Ling Ling,Chong,48,Female,018-2518825,1977-03-10,ling33782@gmail.com,Gold,"No. 15, Jalan C12",Petaling Jaya,Selangor,19830,2025-06-14
33783,Chloe,a/l Subramaniam,31,Female,015-7608805,1994-02-01,chloe33783@gmail.com,Bronze,"No. 68, Jalan G3",Petaling Jaya,Selangor,82584,2025-05-19
33784,Hui Min,a/l Subramaniam,58,Female,013-9576067,1967-11-01,hui33784@gmail.com,Gold,"No. 78, Jalan D9",Kuala Lumpur,Wilayah Persekutuan,40303,2025-11-22
33785,Wan Ying,Hassan,22,Female,013-7853764,2002-11-09,wan33785@gmail.com,Bronze,"No. 41, Jalan A10",Kuala Lumpur,Wilayah Persekutuan,86345,2025-05-26
33786,Divya,Rahman,32,Female,012-2598501,1993-06-12,divya33786@gmail.com,Bronze,"No. 90, Jalan G2",Melaka,Melaka,16751,2025-09-14
33787,Hui Min,binti Ismail,54,Female,019-6900781,1970-12-22,hui33787@gmail.com,Silver,"No. 26, Jalan B9",Kuala Lumpur,Wilayah Persekutuan,51637,2025-04-28
33788,Hui Min,Lim,26,Female,017-9478594,1998-12-22,hui33788@gmail.com,Silver,"No. 206, Jalan D12",Johor Bahru,Johor,28119,2025-09-27
33789,Chloe,Ong,54,Female,018-6311941,1970-10-15,chloe33789@gmail.com,Silver,"No. 257, Jalan A20",Petaling Jaya,Selangor,18808,2025-07-04
33790,Rajesh,Cheah,56,Male,017-4154465,1969-05-07,rajesh33790@gmail.com,Bronze,"No. 246, Jalan G20",Ipoh,Perak,91028,2025-09-20
33791,Zarina,Lee,48,Female,018-9718968,1976-07-09,zarina33791@gmail.com,Bronze,"No. 288, Jalan F8",George Town,Pulau Pinang,32494,2025-01-21
33792,Kok Wai,Lim,23,Male,015-9862723,2001-03-12,kok33792@gmail.com,Bronze,"No. 27, Jalan E3",Petaling Jaya,Selangor,41685,2025-02-24
33793,Zhi Wei,Hassan,36,Male,015-6933034,1989-06-03,zhi33793@gmail.com,Bronze,"No. 24, Jalan D10",Johor Bahru,Johor,39470,2025-08-30
33794,Wan Ying,a/l Subramaniam,51,Female,016-6681314,1974-02-13,wan33794@gmail.com,Bronze,"No. 35, Jalan B15",Petaling Jaya,Selangor,51381,2025-02-15
33795,Divya,Wong,59,Female,019-3019078,1966-03-09,divya33795@gmail.com,Bronze,"No. 105, Jalan F4",George Town,Pulau Pinang,75546,2025-04-29
33796,Priya,Ong,47,Female,019-5404206,1977-06-07,priya33796@gmail.com,Bronze,"No. 192, Jalan E3",Kuala Lumpur,Wilayah Persekutuan,70265,2025-01-15
33797,Pei Shan,bin Abdullah,52,Female,016-2616098,1972-06-18,pei33797@gmail.com,Bronze,"No. 243, Jalan C1",Kuala Lumpur,Wilayah Persekutuan,84986,2025-04-27
33798,Jasmine,Chong,48,Female,018-1623115,1977-02-21,jasmine33798@gmail.com,Bronze,"No. 106, Jalan A15",Kuala Lumpur,Wilayah Persekutuan,57876,2025-02-28
33799,Rachel,Sim,34,Female,018-4466337,1990-06-30,rachel33799@gmail.com,Bronze,"No. 242, Jalan B4",Johor Bahru,Johor,80887,2025-02-12
33800,Wan Ying,Tan,51,Female,012-6332051,1973-05-29,wan33800@gmail.com,Bronze,"No. 91, Jalan C17",George Town,Pulau Pinang,30089,2025-03-31
33801,Zarina,Tan,45,Female,011-7484412,1980-06-06,zarina33801@gmail.com,Gold,"No. 249, Jalan A16",Kuala Lumpur,Wilayah Persekutuan,58704,2025-06-15
33802,Zarina,Rahman,52,Female,016-4754772,1972-07-11,zarina33802@gmail.com,Bronze,"No. 239, Jalan A1",Melaka,Melaka,95101,2025-03-02
33803,Farah,Sim,22,Female,014-7524017,2002-11-17,farah33803@gmail.com,Bronze,"No. 296, Jalan F8",Petaling Jaya,Selangor,39863,2025-01-01
33804,Nurin,binti Ismail,46,Female,010-1913194,1979-01-18,nurin33804@gmail.com,Silver,"No. 267, Jalan B15",Petaling Jaya,Selangor,30426,2025-04-01
33805,Divya,Ong,23,Female,017-8047712,2001-03-30,divya33805@gmail.com,Bronze,"No. 132, Jalan E18",Ipoh,Perak,73649,2025-01-27
33806,Zhi Wei,Ong,51,Male,017-9549272,1974-05-09,zhi33806@gmail.com,Bronze,"No. 61, Jalan B18",Petaling Jaya,Selangor,91654,2025-12-06
33807,Ling Ling,a/p Subramaniam,54,Female,012-9193146,1970-10-25,ling33807@gmail.com,Bronze,"No. 156, Jalan C13",Johor Bahru,Johor,77892,2025-01-23
33808,Wan Ying,Yeoh,36,Female,018-8054179,1989-01-02,wan33808@gmail.com,Bronze,"No. 139, Jalan F12",Kuala Lumpur,Wilayah Persekutuan,69220,2025-12-03
33809,Chloe,a/l Subramaniam,24,Female,012-1665384,2000-10-17,chloe33809@gmail.com,Bronze,"No. 34, Jalan A18",Ipoh,Perak,46387,2025-02-19
33810,Amirul,Ong,39,Male,011-5607029,1986-03-30,amirul33810@gmail.com,Bronze,"No. 197, Jalan G19",Johor Bahru,Johor,47481,2025-09-26
33811,Jasmine,bin Abdullah,55,Female,018-2237182,1970-02-24,jasmine33811@gmail.com,Bronze,"No. 175, Jalan A8",Kuala Lumpur,Wilayah Persekutuan,43015,2025-11-21
33812,Hui Min,a/l Subramaniam,26,Female,011-8784860,1999-04-30,hui33812@gmail.com,Silver,"No. 149, Jalan E7",Petaling Jaya,Selangor,17891,2025-06-15
33813,Divya,Lim,34,Female,016-6445682,1991-02-26,divya33813@gmail.com,Silver,"No. 66, Jalan B6",Petaling Jaya,Selangor,48288,2025-03-21
33814,Pei Shan,a/p Subramaniam,25,Female,018-5067291,1999-06-01,pei33814@gmail.com,Bronze,"No. 34, Jalan F1",Kuala Lumpur,Wilayah Persekutuan,30225,2025-01-23
33815,Kavitha,Wong,49,Female,012-6521565,1976-07-29,kavitha33815@gmail.com,Silver,"No. 207, Jalan C3",Petaling Jaya,Selangor,32697,2025-10-23
33816,Lakshmi,Goh,35,Female,016-2155535,1989-07-21,lakshmi33816@gmail.com,Silver,"No. 11, Jalan B11",Petaling Jaya,Selangor,22894,2025-03-20
33817,Divya,binti Ismail,48,Female,010-9085998,1977-04-19,divya33817@gmail.com,Gold,"No. 55, Jalan B5",Johor Bahru,Johor,75985,2025-10-12
33818,Wei Jie,Lim,29,Male,014-4234745,1995-11-07,wei33818@gmail.com,Bronze,"No. 215, Jalan B8",Kuala Lumpur,Wilayah Persekutuan,14306,2025-04-11
33819,Rohani,Cheah,34,Female,010-8836917,1990-09-09,rohani33819@gmail.com,Silver,"No. 201, Jalan F17",Petaling Jaya,Selangor,72973,2025-06-25
33820,Rachel,a/p Subramaniam,41,Female,010-5553666,1984-09-14,rachel33820@gmail.com,Silver,"No. 52, Jalan C16",Melaka,Melaka,57179,2025-10-24
33821,Wan Ying,Lee,25,Female,013-9092115,2000-03-17,wan33821@gmail.com,Bronze,"No. 48, Jalan B19",Kuala Lumpur,Wilayah Persekutuan,84013,2025-12-04
33822,Rachel,Lim,40,Female,013-7890058,1984-04-11,rachel33822@gmail.com,Platinum,"No. 245, Jalan D17",Ipoh,Perak,20334,2025-03-21
33823,Kok Wai,Wong,52,Male,017-7675231,1972-12-12,kok33823@gmail.com,Silver,"No. 229, Jalan F13",Kuala Lumpur,Wilayah Persekutuan,96252,2025-03-01
33824,Chloe,Tan,23,Female,010-6063933,2002-07-22,chloe33824@gmail.com,Gold,"No. 195, Jalan D13",Petaling Jaya,Selangor,12106,2025-11-12
33825,Suhaila,a/p Subramaniam,35,Female,016-9405181,1989-04-16,suhaila33825@gmail.com,Bronze,"No. 198, Jalan B13",Kuala Lumpur,Wilayah Persekutuan,93815,2025-03-12
33826,Anisa,Sim,40,Female,019-7458832,1984-09-30,anisa33826@gmail.com,Bronze,"No. 6, Jalan A5",Johor Bahru,Johor,18718,2025-01-20
33827,Aisyah,binti Ismail,41,Female,019-8071984,1984-03-22,aisyah33827@gmail.com,Bronze,"No. 112, Jalan G9",Johor Bahru,Johor,87868,2025-06-30
33828,Jun Hao,Teoh,55,Male,013-6599551,1969-08-30,jun33828@gmail.com,Gold,"No. 260, Jalan F13",Kuala Lumpur,Wilayah Persekutuan,63774,2025-03-23
33829,Suhaila,Hassan,46,Female,011-9591622,1978-11-27,suhaila33829@gmail.com,Bronze,"No. 247, Jalan E19",Ipoh,Perak,83147,2025-01-30
33830,Ling Ling,Sim,59,Female,011-1061735,1966-12-15,ling33830@gmail.com,Silver,"No. 272, Jalan C11",Ipoh,Perak,93164,2025-12-15
33831,Farah,Hassan,30,Female,013-5012941,1995-02-24,farah33831@gmail.com,Bronze,"No. 110, Jalan E8",Kuala Lumpur,Wilayah Persekutuan,92763,2025-05-11
33832,Sharmila,a/p Subramaniam,40,Female,019-4486583,1985-02-02,sharmila33832@gmail.com,Silver,"No. 97, Jalan B5",Petaling Jaya,Selangor,48929,2025-05-27
33833,Faizal,binti Ismail,21,Male,019-9868687,2003-11-21,faizal33833@gmail.com,Gold,"No. 145, Jalan C2",Johor Bahru,Johor,79168,2025-10-01
33834,Ling Ling,Goh,42,Female,014-6758092,1982-11-17,ling33834@gmail.com,Silver,"No. 222, Jalan F3",Petaling Jaya,Selangor,16763,2025-06-19
33835,Lakshmi,Ong,46,Female,017-8455217,1978-03-05,lakshmi33835@gmail.com,Bronze,"No. 135, Jalan C10",George Town,Pulau Pinang,33510,2025-02-27
33836,Haziq,Cheah,46,Male,013-4002332,1978-08-17,haziq33836@gmail.com,Silver,"No. 259, Jalan A13",Petaling Jaya,Selangor,86132,2025-06-18
33837,Nur Aina,a/l Subramaniam,30,Female,014-2765523,1995-03-09,nur33837@gmail.com,Bronze,"No. 281, Jalan E11",Petaling Jaya,Selangor,21298,2025-09-18
33838,Wan Ying,Rahman,33,Female,010-3912922,1991-11-19,wan33838@gmail.com,Gold,"No. 259, Jalan D3",Melaka,Melaka,96382,2025-06-29
33839,Divya,a/l Subramaniam,51,Female,011-9190815,1974-06-05,divya33839@gmail.com,Silver,"No. 94, Jalan A12",Johor Bahru,Johor,99993,2025-07-28
33840,Suhaila,Goh,29,Female,013-1809402,1996-01-15,suhaila33840@gmail.com,Bronze,"No. 219, Jalan A18",Johor Bahru,Johor,63418,2025-04-20
33841,Aiman,Goh,22,Male,013-9764958,2003-02-22,aiman33841@gmail.com,Bronze,"No. 171, Jalan D12",George Town,Pulau Pinang,34975,2025-03-02
33842,Ling Ling,Hassan,57,Female,018-4263356,1967-10-31,ling33842@gmail.com,Silver,"No. 286, Jalan E7",Melaka,Melaka,84186,2025-05-13
33843,Rohani,Lim,44,Female,013-3543118,1980-08-01,rohani33843@gmail.com,Bronze,"No. 246, Jalan E4",Ipoh,Perak,16603,2025-07-31
33844,Priya,Hassan,55,Female,017-1833225,1970-06-19,priya33844@gmail.com,Silver,"No. 36, Jalan G5",Ipoh,Perak,82776,2025-06-24
33845,Chloe,Chong,54,Female,016-8941058,1970-06-13,chloe33845@gmail.com,Silver,"No. 84, Jalan E20",Ipoh,Perak,74462,2025-02-10
33846,Divya,Wong,40,Female,017-1470085,1984-10-09,divya33846@gmail.com,Bronze,"No. 271, Jalan E7",Petaling Jaya,Selangor,60775,2025-01-20
33847,Nurin,Rahman,37,Female,012-7106309,1987-09-15,nurin33847@gmail.com,Bronze,"No. 51, Jalan D7",Johor Bahru,Johor,80120,2025-08-13
33848,Divya,Lee,54,Female,014-5574507,1970-09-02,divya33848@gmail.com,Silver,"No. 219, Jalan B18",Petaling Jaya,Selangor,44462,2025-03-17
33849,Yee Ling,Teoh,21,Female,010-9199909,2003-09-06,yee33849@gmail.com,Bronze,"No. 110, Jalan F4",Melaka,Melaka,95241,2025-08-13
33850,Rajesh,Ong,22,Male,012-8505063,2003-06-16,rajesh33850@gmail.com,Silver,"No. 2, Jalan F20",Johor Bahru,Johor,21083,2025-07-08
33851,Jasmine,Chong,43,Female,010-2151810,1982-05-07,jasmine33851@gmail.com,Silver,"No. 53, Jalan B6",Johor Bahru,Johor,51274,2025-07-24
33852,Rohani,a/p Subramaniam,24,Female,018-9161328,2001-05-04,rohani33852@gmail.com,Bronze,"No. 105, Jalan B11",Petaling Jaya,Selangor,18936,2025-11-11
33853,Jasmine,a/l Subramaniam,29,Female,010-9263215,1995-12-13,jasmine33853@gmail.com,Bronze,"No. 71, Jalan F3",Petaling Jaya,Selangor,24972,2025-08-01
33854,Hui Min,a/l Subramaniam,18,Female,012-7337829,2006-08-24,hui33854@gmail.com,Silver,"No. 253, Jalan G20",Melaka,Melaka,84293,2025-03-26
33855,Kavitha,Lim,41,Female,013-8515318,1984-03-31,kavitha33855@gmail.com,Bronze,"No. 62, Jalan G4",George Town,Pulau Pinang,93920,2025-09-25
33856,Hui Min,Rahman,38,Female,016-7985944,1986-09-17,hui33856@gmail.com,Bronze,"No. 221, Jalan A8",George Town,Pulau Pinang,69048,2025-06-10
33857,Nadia,Teoh,25,Female,016-8509706,2000-05-03,nadia33857@gmail.com,Gold,"No. 37, Jalan C8",Johor Bahru,Johor,42976,2025-08-29
33858,Arjun,a/p Subramaniam,25,Male,019-8944188,2000-01-21,arjun33858@gmail.com,Bronze,"No. 148, Jalan A20",Ipoh,Perak,73754,2025-09-08
33859,Suhaila,a/p Subramaniam,30,Female,015-2780999,1995-05-08,suhaila33859@gmail.com,Platinum,"No. 174, Jalan A9",Kuala Lumpur,Wilayah Persekutuan,69790,2025-10-08
33860,Ling Ling,Hassan,44,Female,014-8526344,1980-12-27,ling33860@gmail.com,Silver,"No. 241, Jalan F9",Kuala Lumpur,Wilayah Persekutuan,66301,2025-10-14
33861,Nadia,a/p Subramaniam,39,Female,015-7005786,1986-07-11,nadia33861@gmail.com,Silver,"No. 103, Jalan E5",Petaling Jaya,Selangor,81325,2025-10-19
33862,Chloe,Goh,25,Female,017-5672568,1999-10-06,chloe33862@gmail.com,Silver,"No. 281, Jalan F9",Johor Bahru,Johor,38578,2025-06-01
33863,Zhi Wei,Sim,52,Male,010-6124010,1973-07-24,zhi33863@gmail.com,Silver,"No. 31, Jalan D7",Johor Bahru,Johor,24467,2025-12-14
33864,Suresh,bin Abdullah,51,Male,017-7315994,1974-03-12,suresh33864@gmail.com,Silver,"No. 61, Jalan B14",Melaka,Melaka,69421,2025-05-16
33865,Alia,Sim,52,Female,012-9425814,1972-09-15,alia33865@gmail.com,Bronze,"No. 244, Jalan G6",George Town,Pulau Pinang,17775,2025-05-27
33866,Faizal,Wong,23,Male,018-4313962,2002-01-02,faizal33866@gmail.com,Silver,"No. 112, Jalan A12",Petaling Jaya,Selangor,35741,2025-01-11
33867,Sharmila,a/l Subramaniam,25,Female,019-8297182,1999-12-21,sharmila33867@gmail.com,Bronze,"No. 241, Jalan B8",Johor Bahru,Johor,44167,2025-12-13
33868,Yee Ling,Cheah,30,Female,010-6284771,1995-02-25,yee33868@gmail.com,Silver,"No. 269, Jalan C14",George Town,Pulau Pinang,62864,2025-09-20
33869,Yee Ling,Cheah,46,Female,013-9563847,1979-01-03,yee33869@gmail.com,Gold,"No. 154, Jalan A13",Ipoh,Perak,73931,2025-02-24
33870,Anisa,Yeoh,40,Female,016-9698971,1985-10-22,anisa33870@gmail.com,Silver,"No. 170, Jalan B5",Ipoh,Perak,43806,2025-12-02
33871,Chloe,Goh,52,Female,011-5986868,1972-11-08,chloe33871@gmail.com,Silver,"No. 241, Jalan F18",Johor Bahru,Johor,94627,2025-02-07
33872,Lakshmi,Lim,34,Female,017-6666342,1990-10-31,lakshmi33872@gmail.com,Platinum,"No. 247, Jalan E4",Johor Bahru,Johor,28962,2025-04-15
33873,Zarina,a/p Subramaniam,33,Female,013-8390211,1991-08-07,zarina33873@gmail.com,Bronze,"No. 149, Jalan D12",Petaling Jaya,Selangor,90053,2025-02-15
33874,Ling Ling,a/p Subramaniam,30,Female,016-3211936,1994-11-08,ling33874@gmail.com,Silver,"No. 190, Jalan D13",Johor Bahru,Johor,11830,2025-07-03
33875,Nadia,Chong,44,Female,010-2538031,1981-05-27,nadia33875@gmail.com,Bronze,"No. 200, Jalan G5",George Town,Pulau Pinang,53854,2025-08-06
33876,Kavitha,Ong,21,Female,018-3387254,2003-12-19,kavitha33876@gmail.com,Bronze,"No. 237, Jalan A5",Johor Bahru,Johor,73119,2025-01-13
33877,Amelia,binti Ismail,20,Female,010-6300945,2005-03-17,amelia33877@gmail.com,Bronze,"No. 164, Jalan G15",Kuala Lumpur,Wilayah Persekutuan,54556,2025-08-11
33878,Ling Ling,Lee,54,Female,016-9389586,1970-09-21,ling33878@gmail.com,Bronze,"No. 44, Jalan C1",Petaling Jaya,Selangor,82196,2025-08-02
33879,Farah,Goh,35,Female,015-4430454,1989-05-19,farah33879@gmail.com,Bronze,"No. 78, Jalan F14",Kuala Lumpur,Wilayah Persekutuan,74412,2025-03-03
33880,Zhi Wei,Rahman,22,Male,016-5517754,2003-05-11,zhi33880@gmail.com,Gold,"No. 171, Jalan D1",Petaling Jaya,Selangor,59632,2025-06-21
33881,Aisyah,Goh,32,Female,015-4262196,1993-08-29,aisyah33881@gmail.com,Bronze,"No. 57, Jalan G4",Petaling Jaya,Selangor,80111,2025-09-16
33882,Nur Aina,Teoh,47,Female,015-5235541,1977-12-03,nur33882@gmail.com,Silver,"No. 150, Jalan F5",Kuala Lumpur,Wilayah Persekutuan,91656,2025-09-07
33883,Zarina,Chong,57,Female,017-4563029,1968-05-11,zarina33883@gmail.com,Bronze,"No. 123, Jalan D20",Ipoh,Perak,60528,2025-09-15
33884,Zarina,a/p Subramaniam,53,Female,018-6412214,1971-07-01,zarina33884@gmail.com,Bronze,"No. 250, Jalan B11",Petaling Jaya,Selangor,27387,2025-03-23
33885,Lakshmi,Wong,54,Female,011-7242105,1971-01-11,lakshmi33885@gmail.com,Silver,"No. 214, Jalan D1",Petaling Jaya,Selangor,76976,2025-09-02
33886,Xin Yi,Lee,36,Female,011-6602769,1989-08-22,xin33886@gmail.com,Bronze,"No. 210, Jalan B15",Petaling Jaya,Selangor,33231,2025-12-13
33887,Jun Hao,Lim,37,Male,017-2891142,1987-05-15,jun33887@gmail.com,Bronze,"No. 256, Jalan A10",Petaling Jaya,Selangor,29853,2025-01-04
33888,Pei Shan,Sim,29,Female,018-7121489,1995-08-05,pei33888@gmail.com,Gold,"No. 104, Jalan A16",Petaling Jaya,Selangor,19231,2025-07-18
33889,Rajesh,Tan,30,Male,014-7807272,1994-06-09,rajesh33889@gmail.com,Bronze,"No. 158, Jalan E20",Petaling Jaya,Selangor,83834,2025-03-16
33890,Mei Ling,bin Abdullah,25,Female,018-6115148,1999-07-02,mei33890@gmail.com,Bronze,"No. 50, Jalan A6",Ipoh,Perak,48959,2025-03-08
33891,Suhaila,Tan,28,Female,017-3644108,1996-07-19,suhaila33891@gmail.com,Bronze,"No. 234, Jalan A13",Melaka,Melaka,24689,2025-07-05
33892,Kavitha,Hassan,23,Female,019-1005522,2002-05-22,kavitha33892@gmail.com,Silver,"No. 217, Jalan E16",Petaling Jaya,Selangor,81247,2025-10-27
33893,Kumar,Rahman,28,Male,010-2110936,1997-02-09,kumar33893@gmail.com,Bronze,"No. 39, Jalan C15",Kuala Lumpur,Wilayah Persekutuan,72468,2025-12-16
33894,Aisyah,Sim,23,Female,018-9480035,2002-01-27,aisyah33894@gmail.com,Bronze,"No. 238, Jalan F18",Melaka,Melaka,18951,2025-09-25
33895,Chloe,bin Abdullah,30,Female,011-4846047,1995-04-21,chloe33895@gmail.com,Bronze,"No. 162, Jalan G7",Melaka,Melaka,16023,2025-09-08
33896,Arjun,Tan,45,Male,014-2240474,1980-07-18,arjun33896@gmail.com,Bronze,"No. 281, Jalan A2",Petaling Jaya,Selangor,44980,2025-08-28
33897,Divya,a/l Subramaniam,37,Female,014-6451882,1988-11-13,divya33897@gmail.com,Gold,"No. 3, Jalan C9",George Town,Pulau Pinang,42648,2025-12-13
33898,Chloe,Lim,52,Female,019-1946834,1972-09-18,chloe33898@gmail.com,Bronze,"No. 200, Jalan C6",Melaka,Melaka,14210,2025-01-14
33899,Lakshmi,Goh,19,Female,013-5363363,2006-03-03,lakshmi33899@gmail.com,Silver,"No. 292, Jalan B19",Ipoh,Perak,77126,2025-03-22
33900,Priya,Hassan,25,Female,016-8462332,2000-04-26,priya33900@gmail.com,Bronze,"No. 97, Jalan F6",Petaling Jaya,Selangor,15768,2025-06-03
33901,Rohani,Ong,21,Female,013-2871339,2004-05-04,rohani33901@gmail.com,Silver,"No. 283, Jalan F3",Ipoh,Perak,32244,2025-06-24
33902,Farah,Cheah,33,Female,013-5276324,1991-06-14,farah33902@gmail.com,Bronze,"No. 115, Jalan D10",Ipoh,Perak,86882,2025-05-25
33903,Hui Min,Chong,40,Female,016-6026577,1984-12-15,hui33903@gmail.com,Bronze,"No. 100, Jalan F15",Kuala Lumpur,Wilayah Persekutuan,33142,2025-06-16
33904,Yee Ling,Chong,23,Female,011-5796207,2001-10-09,yee33904@gmail.com,Bronze,"No. 147, Jalan F19",Johor Bahru,Johor,11785,2025-01-26
33905,Sharmila,Chong,60,Female,012-6403324,1965-03-08,sharmila33905@gmail.com,Silver,"No. 143, Jalan E6",Johor Bahru,Johor,27493,2025-12-08
33906,Chloe,Goh,43,Female,013-6972794,1981-04-15,chloe33906@gmail.com,Bronze,"No. 85, Jalan G18",George Town,Pulau Pinang,69029,2025-01-11
33907,Kumar,Ong,26,Male,019-4256402,1998-06-25,kumar33907@gmail.com,Bronze,"No. 283, Jalan F2",Johor Bahru,Johor,64347,2025-06-20
33908,Xin Yi,Goh,29,Female,017-1028649,1995-04-30,xin33908@gmail.com,Silver,"No. 212, Jalan A5",George Town,Pulau Pinang,60890,2025-01-27
33909,Amelia,binti Ismail,38,Female,016-3465042,1987-10-22,amelia33909@gmail.com,Bronze,"No. 135, Jalan E8",Johor Bahru,Johor,74190,2025-10-24
33910,Haziq,Sim,59,Male,012-2198923,1966-04-06,haziq33910@gmail.com,Bronze,"No. 161, Jalan E2",Petaling Jaya,Selangor,36192,2025-04-30
33911,Pei Shan,Rahman,51,Female,011-3627521,1974-02-15,pei33911@gmail.com,Silver,"No. 166, Jalan B11",Melaka,Melaka,58968,2025-03-29
33912,Siti,a/l Subramaniam,25,Female,016-3003466,2000-05-16,siti33912@gmail.com,Bronze,"No. 66, Jalan E19",George Town,Pulau Pinang,35372,2025-10-15
33913,Sharmila,Lim,28,Female,016-8885152,1996-09-25,sharmila33913@gmail.com,Bronze,"No. 105, Jalan F2",Kuala Lumpur,Wilayah Persekutuan,31496,2025-01-29
33914,Kok Wai,Goh,43,Male,010-7200891,1982-06-03,kok33914@gmail.com,Bronze,"No. 186, Jalan E9",Kuala Lumpur,Wilayah Persekutuan,46025,2025-08-17
33915,Ling Ling,binti Ismail,32,Female,019-2813227,1993-05-21,ling33915@gmail.com,Bronze,"No. 295, Jalan E19",Kuala Lumpur,Wilayah Persekutuan,82188,2025-09-20
33916,Yee Ling,Goh,55,Female,019-7168355,1970-04-29,yee33916@gmail.com,Gold,"No. 56, Jalan G6",George Town,Pulau Pinang,78504,2025-10-19
33917,Priya,Rahman,58,Female,015-7929411,1966-04-20,priya33917@gmail.com,Bronze,"No. 283, Jalan D15",Petaling Jaya,Selangor,56452,2025-03-12
33918,Lakshmi,a/l Subramaniam,28,Female,012-7967143,1997-05-26,lakshmi33918@gmail.com,Silver,"No. 56, Jalan D2",Johor Bahru,Johor,81846,2025-07-07
33919,Wan Ying,Cheah,23,Female,014-7193638,2001-11-01,wan33919@gmail.com,Bronze,"No. 34, Jalan C13",Kuala Lumpur,Wilayah Persekutuan,14131,2025-06-26
33920,Divya,Sim,29,Female,016-7818654,1995-05-08,divya33920@gmail.com,Silver,"No. 296, Jalan D4",Johor Bahru,Johor,14991,2025-05-03
33921,Farah,Rahman,58,Female,017-8825081,1966-07-09,farah33921@gmail.com,Silver,"No. 23, Jalan G15",Petaling Jaya,Selangor,86881,2025-06-11
33922,Kavitha,Ong,51,Female,014-9264111,1974-04-25,kavitha33922@gmail.com,Bronze,"No. 5, Jalan B3",Ipoh,Perak,57991,2025-08-04
33923,Priya,Lim,50,Female,015-6003030,1974-10-14,priya33923@gmail.com,Silver,"No. 216, Jalan E3",Kuala Lumpur,Wilayah Persekutuan,91369,2025-04-13
33924,Wei Jie,Sim,42,Male,016-7047766,1983-03-19,wei33924@gmail.com,Bronze,"No. 143, Jalan E17",Petaling Jaya,Selangor,55230,2025-09-03
33925,Haziq,Ong,55,Male,015-9220409,1969-07-17,haziq33925@gmail.com,Bronze,"No. 248, Jalan G5",Petaling Jaya,Selangor,62441,2025-04-18
33926,Jasmine,bin Abdullah,41,Female,014-8635152,1984-03-02,jasmine33926@gmail.com,Bronze,"No. 147, Jalan B5",George Town,Pulau Pinang,66364,2025-07-13
33927,Farah,Lee,44,Female,014-1207841,1980-06-12,farah33927@gmail.com,Gold,"No. 89, Jalan A9",Petaling Jaya,Selangor,37547,2025-04-14
33928,Sharmila,Tan,28,Female,010-6498158,1996-06-06,sharmila33928@gmail.com,Bronze,"No. 269, Jalan B6",Ipoh,Perak,33417,2025-05-25
33929,Xin Yi,Tan,23,Female,010-5483727,2002-08-26,xin33929@gmail.com,Gold,"No. 284, Jalan A17",Petaling Jaya,Selangor,37602,2025-11-28
33930,Kok Wai,binti Ismail,50,Male,013-1278862,1975-02-07,kok33930@gmail.com,Bronze,"No. 267, Jalan B18",Ipoh,Perak,73615,2025-06-17
33931,Sharmila,Wong,23,Female,013-5011321,2002-08-28,sharmila33931@gmail.com,Bronze,"No. 172, Jalan B19",George Town,Pulau Pinang,95266,2025-08-29
33932,Sharmila,Lee,24,Female,012-9091309,2001-08-19,sharmila33932@gmail.com,Bronze,"No. 146, Jalan E10",Johor Bahru,Johor,45773,2025-10-12
33933,Farah,binti Ismail,24,Female,015-2407891,2000-10-21,farah33933@gmail.com,Gold,"No. 89, Jalan A16",Melaka,Melaka,55802,2025-08-16
33934,Farah,Wong,49,Female,014-1113643,1976-04-16,farah33934@gmail.com,Bronze,"No. 107, Jalan A19",Johor Bahru,Johor,36956,2025-11-16
33935,Yee Ling,Cheah,34,Female,010-5757384,1991-06-16,yee33935@gmail.com,Silver,"No. 30, Jalan F11",Kuala Lumpur,Wilayah Persekutuan,98287,2025-08-06
33936,Anisa,Yeoh,36,Female,019-9114257,1988-09-14,anisa33936@gmail.com,Gold,"No. 97, Jalan C12",George Town,Pulau Pinang,22679,2025-08-18
33937,Yee Ling,Goh,31,Female,015-6409278,1993-11-10,yee33937@gmail.com,Bronze,"No. 160, Jalan D7",Johor Bahru,Johor,32937,2025-08-04
33938,Jasmine,Goh,47,Female,012-2636171,1978-07-07,jasmine33938@gmail.com,Bronze,"No. 136, Jalan G16",Ipoh,Perak,95079,2025-08-14
33939,Wan Ying,Hassan,37,Female,016-5085219,1987-12-27,wan33939@gmail.com,Silver,"No. 6, Jalan E5",Johor Bahru,Johor,40724,2025-03-30
33940,Farah,Yeoh,28,Female,019-3870133,1997-01-17,farah33940@gmail.com,Bronze,"No. 82, Jalan B9",Johor Bahru,Johor,14942,2025-04-15
33941,Lakshmi,Ong,45,Female,012-2898471,1979-07-09,lakshmi33941@gmail.com,Bronze,"No. 263, Jalan F20",George Town,Pulau Pinang,21106,2025-01-31
33942,Kavitha,a/p Subramaniam,26,Female,017-3268734,1999-01-26,kavitha33942@gmail.com,Silver,"No. 48, Jalan B9",Kuala Lumpur,Wilayah Persekutuan,29770,2025-03-31
33943,Arjun,Wong,56,Male,019-7164139,1969-10-13,arjun33943@gmail.com,Bronze,"No. 162, Jalan B2",Melaka,Melaka,85293,2025-12-16
33944,Hui Min,Hassan,55,Female,016-6061590,1969-11-18,hui33944@gmail.com,Bronze,"No. 153, Jalan D10",Kuala Lumpur,Wilayah Persekutuan,35342,2025-09-13
33945,Lakshmi,Teoh,30,Female,019-5940942,1995-10-08,lakshmi33945@gmail.com,Silver,"No. 39, Jalan D8",Johor Bahru,Johor,38047,2025-10-17
33946,Farah,Teoh,44,Female,018-2446683,1981-03-02,farah33946@gmail.com,Silver,"No. 173, Jalan C19",Kuala Lumpur,Wilayah Persekutuan,32140,2025-07-05
33947,Nadia,Rahman,31,Female,016-9507252,1993-12-15,nadia33947@gmail.com,Silver,"No. 191, Jalan F9",Petaling Jaya,Selangor,28578,2025-06-26
33948,Ling Ling,Lee,45,Female,018-9530627,1980-05-26,ling33948@gmail.com,Bronze,"No. 110, Jalan E20",George Town,Pulau Pinang,60632,2025-11-14
33949,Chloe,Sim,37,Female,017-6536959,1988-03-20,chloe33949@gmail.com,Gold,"No. 76, Jalan D14",George Town,Pulau Pinang,63176,2025-11-26
33950,Pei Shan,Lim,51,Female,018-8310691,1974-04-05,pei33950@gmail.com,Bronze,"No. 2, Jalan E17",Petaling Jaya,Selangor,54874,2025-04-30
33951,Mei Ling,Lim,38,Female,014-2175621,1987-04-17,mei33951@gmail.com,Gold,"No. 15, Jalan F20",Ipoh,Perak,43318,2025-10-13
33952,Xin Yi,Tan,28,Female,016-8938174,1996-11-16,xin33952@gmail.com,Gold,"No. 263, Jalan A12",George Town,Pulau Pinang,51289,2025-10-05
33953,Xin Yi,Teoh,22,Female,018-9260060,2002-09-07,xin33953@gmail.com,Bronze,"No. 198, Jalan F5",Petaling Jaya,Selangor,95803,2025-04-19
33954,Kavitha,bin Abdullah,34,Female,017-4332585,1991-02-03,kavitha33954@gmail.com,Bronze,"No. 252, Jalan F7",George Town,Pulau Pinang,84905,2025-06-30
33955,Pei Shan,bin Abdullah,55,Female,015-8605140,1970-04-29,pei33955@gmail.com,Silver,"No. 235, Jalan B6",Ipoh,Perak,20025,2025-10-24
33956,Jasmine,Rahman,43,Female,013-7674903,1981-05-20,jasmine33956@gmail.com,Gold,"No. 36, Jalan C7",Johor Bahru,Johor,36097,2025-03-31
33957,Siti,Rahman,19,Female,017-9519924,2005-11-05,siti33957@gmail.com,Silver,"No. 58, Jalan E13",Kuala Lumpur,Wilayah Persekutuan,37815,2025-04-05
33958,Divya,Lee,48,Female,013-9174903,1976-05-29,divya33958@gmail.com,Bronze,"No. 23, Jalan C17",Petaling Jaya,Selangor,84818,2025-02-23
33959,Chloe,Teoh,20,Female,017-6877569,2004-12-09,chloe33959@gmail.com,Silver,"No. 246, Jalan G4",Ipoh,Perak,97522,2025-04-15
33960,Amirul,Goh,54,Male,015-8618378,1970-02-27,amirul33960@gmail.com,Bronze,"No. 64, Jalan G20",Ipoh,Perak,78478,2025-02-07
33961,Divya,Hassan,47,Female,014-7990486,1977-11-07,divya33961@gmail.com,Silver,"No. 262, Jalan E9",Petaling Jaya,Selangor,80935,2025-01-05
33962,Suhaila,Lee,28,Female,015-2254922,1996-12-04,suhaila33962@gmail.com,Bronze,"No. 64, Jalan B3",Ipoh,Perak,60708,2025-06-19
33963,Aisyah,Lee,22,Female,017-4646477,2003-03-22,aisyah33963@gmail.com,Bronze,"No. 220, Jalan F12",Kuala Lumpur,Wilayah Persekutuan,49367,2025-12-16
33964,Jasmine,Tan,40,Female,013-4459846,1985-07-06,jasmine33964@gmail.com,Gold,"No. 122, Jalan F2",Melaka,Melaka,12470,2025-12-01
33965,Kavitha,Cheah,39,Female,016-5599951,1986-05-24,kavitha33965@gmail.com,Bronze,"No. 282, Jalan C10",Kuala Lumpur,Wilayah Persekutuan,20233,2025-11-19
33966,Sharmila,Wong,52,Female,015-9866936,1973-03-23,sharmila33966@gmail.com,Bronze,"No. 58, Jalan A7",Johor Bahru,Johor,68218,2025-07-18
33967,Wan Ying,Teoh,30,Female,018-8024773,1994-12-12,wan33967@gmail.com,Bronze,"No. 140, Jalan F5",George Town,Pulau Pinang,44208,2025-05-29
33968,Faizal,Tan,19,Male,016-5440312,2005-09-30,faizal33968@gmail.com,Bronze,"No. 237, Jalan A2",Ipoh,Perak,64007,2025-01-22
33969,Yee Ling,Cheah,24,Female,019-8153279,2000-04-12,yee33969@gmail.com,Silver,"No. 31, Jalan G3",Kuala Lumpur,Wilayah Persekutuan,97405,2025-03-30
33970,Divya,a/p Subramaniam,43,Female,012-5045188,1981-02-24,divya33970@gmail.com,Bronze,"No. 228, Jalan A5",George Town,Pulau Pinang,19104,2025-02-21
33971,Hui Min,Cheah,19,Female,012-8641365,2006-06-07,hui33971@gmail.com,Bronze,"No. 267, Jalan F13",Petaling Jaya,Selangor,50390,2025-07-16
33972,Suresh,Yeoh,50,Male,011-9748967,1974-11-30,suresh33972@gmail.com,Bronze,"No. 203, Jalan A6",Johor Bahru,Johor,13482,2025-10-27
33973,Rachel,Sim,44,Female,010-5127566,1981-05-30,rachel33973@gmail.com,Platinum,"No. 123, Jalan F5",Petaling Jaya,Selangor,55116,2025-10-10
33974,Yee Ling,Chong,57,Female,010-2094255,1967-11-28,yee33974@gmail.com,Silver,"No. 138, Jalan D13",Johor Bahru,Johor,71057,2025-08-05
33975,Kavitha,Teoh,36,Female,013-7330555,1989-03-24,kavitha33975@gmail.com,Gold,"No. 286, Jalan E14",Petaling Jaya,Selangor,58409,2025-08-22
33976,Amelia,Rahman,41,Female,012-4770035,1983-11-25,amelia33976@gmail.com,Bronze,"No. 77, Jalan B8",Ipoh,Perak,14177,2025-11-06
33977,Amelia,Lee,56,Female,014-8123441,1968-11-25,amelia33977@gmail.com,Bronze,"No. 20, Jalan E8",George Town,Pulau Pinang,99300,2025-05-30
33978,Wan Ying,Wong,39,Female,012-8930568,1986-02-12,wan33978@gmail.com,Bronze,"No. 42, Jalan D12",Johor Bahru,Johor,94045,2025-12-10
33979,Rohani,Wong,19,Female,018-1438481,2006-06-14,rohani33979@gmail.com,Bronze,"No. 224, Jalan G15",Ipoh,Perak,30060,2025-08-02
33980,Nur Aina,Teoh,52,Female,015-9500138,1972-05-04,nur33980@gmail.com,Bronze,"No. 193, Jalan A14",George Town,Pulau Pinang,40168,2025-04-11
33981,Amelia,a/l Subramaniam,20,Female,014-9480371,2005-09-13,amelia33981@gmail.com,Bronze,"No. 251, Jalan C13",Kuala Lumpur,Wilayah Persekutuan,26205,2025-11-19
33982,Lakshmi,binti Ismail,38,Female,014-5025200,1986-11-23,lakshmi33982@gmail.com,Silver,"No. 153, Jalan D11",Kuala Lumpur,Wilayah Persekutuan,97457,2025-05-28
33983,Divya,binti Ismail,18,Female,013-4036555,2006-11-05,divya33983@gmail.com,Bronze,"No. 124, Jalan C7",Kuala Lumpur,Wilayah Persekutuan,96388,2025-02-08
33984,Rachel,Tan,45,Female,010-6666386,1979-12-14,rachel33984@gmail.com,Bronze,"No. 87, Jalan G8",George Town,Pulau Pinang,52149,2025-07-27
33985,Mei Ling,Lim,52,Female,017-3571594,1973-06-03,mei33985@gmail.com,Bronze,"No. 185, Jalan C18",Petaling Jaya,Selangor,38696,2025-11-06
33986,Rohani,Lim,40,Female,010-4610057,1985-06-02,rohani33986@gmail.com,Platinum,"No. 131, Jalan G9",Petaling Jaya,Selangor,56332,2025-11-17
33987,Anisa,Goh,19,Female,019-8225014,2005-04-11,anisa33987@gmail.com,Silver,"No. 186, Jalan C20",Kuala Lumpur,Wilayah Persekutuan,12517,2025-04-09
33988,Hui Min,binti Ismail,31,Female,016-4521040,1994-01-13,hui33988@gmail.com,Bronze,"No. 100, Jalan D20",Melaka,Melaka,62908,2025-05-01
33989,Sharmila,Wong,58,Female,016-8916563,1966-11-05,sharmila33989@gmail.com,Bronze,"No. 54, Jalan C16",Ipoh,Perak,78781,2025-02-14
33990,Divya,Teoh,19,Female,019-7750564,2006-02-11,divya33990@gmail.com,Silver,"No. 238, Jalan A10",Melaka,Melaka,10203,2025-07-04
33991,Haziq,Hassan,44,Male,018-6783533,1981-03-31,haziq33991@gmail.com,Bronze,"No. 47, Jalan B7",Petaling Jaya,Selangor,25658,2025-09-20
33992,Amirul,Teoh,33,Male,019-8932737,1992-02-03,amirul33992@gmail.com,Bronze,"No. 147, Jalan F19",Petaling Jaya,Selangor,15349,2025-04-15
33993,Farah,Wong,50,Female,019-9300893,1974-09-15,farah33993@gmail.com,Gold,"No. 73, Jalan A6",George Town,Pulau Pinang,48343,2025-03-07
33994,Suhaila,binti Ismail,59,Female,016-7035395,1965-04-27,suhaila33994@gmail.com,Silver,"No. 279, Jalan E18",Melaka,Melaka,61538,2025-02-05
33995,Rajesh,Chong,42,Male,015-8118513,1983-01-30,rajesh33995@gmail.com,Silver,"No. 83, Jalan D9",George Town,Pulau Pinang,97020,2025-05-06
33996,Rachel,Goh,49,Female,014-3638747,1975-08-07,rachel33996@gmail.com,Bronze,"No. 192, Jalan E11",Johor Bahru,Johor,71723,2025-05-05
33997,Lakshmi,Yeoh,46,Female,015-9625571,1979-08-27,lakshmi33997@gmail.com,Bronze,"No. 199, Jalan F10",Petaling Jaya,Selangor,20885,2025-10-02
33998,Nadia,Lim,30,Female,015-9588141,1995-08-20,nadia33998@gmail.com,Bronze,"No. 288, Jalan G17",Kuala Lumpur,Wilayah Persekutuan,11365,2025-09-11
33999,Wei Jie,Ong,53,Male,012-6465998,1971-10-28,wei33999@gmail.com,Silver,"No. 174, Jalan E5",Petaling Jaya,Selangor,59527,2025-01-25
34000,Nur Aina,bin Abdullah,46,Female,015-9737096,1979-04-06,nur34000@gmail.com,Bronze,"No. 82, Jalan F15",Kuala Lumpur,Wilayah Persekutuan,25805,2025-10-22
34001,Rohani,a/l Subramaniam,37,Female,016-3552835,1988-06-03,rohani34001@gmail.com,Bronze,"No. 48, Jalan G4",Kuala Lumpur,Wilayah Persekutuan,76278,2025-08-14
34002,Hui Min,Hassan,30,Female,013-9796838,1995-02-20,hui34002@gmail.com,Bronze,"No. 244, Jalan B11",Petaling Jaya,Selangor,65558,2025-06-29
34003,Kok Wai,bin Abdullah,43,Male,012-7835873,1981-10-21,kok34003@gmail.com,Bronze,"No. 254, Jalan G6",Ipoh,Perak,24949,2025-03-19
34004,Chloe,Ong,21,Female,018-3370260,2003-11-23,chloe34004@gmail.com,Gold,"No. 157, Jalan G14",Petaling Jaya,Selangor,10897,2025-05-18
34005,Alia,Rahman,29,Female,015-5458557,1995-10-29,alia34005@gmail.com,Bronze,"No. 19, Jalan G8",Kuala Lumpur,Wilayah Persekutuan,80262,2025-07-25
34006,Arjun,Rahman,40,Male,013-8024830,1985-02-19,arjun34006@gmail.com,Silver,"No. 216, Jalan F10",Petaling Jaya,Selangor,13392,2025-07-06
34007,Farah,bin Abdullah,26,Female,012-9561948,1999-03-06,farah34007@gmail.com,Silver,"No. 104, Jalan E5",George Town,Pulau Pinang,85505,2025-07-13
34008,Jasmine,Rahman,22,Female,014-3419738,2003-02-23,jasmine34008@gmail.com,Bronze,"No. 126, Jalan D6",Johor Bahru,Johor,36031,2025-03-22
34009,Amirul,Ong,36,Male,011-7114142,1989-01-03,amirul34009@gmail.com,Silver,"No. 108, Jalan G7",George Town,Pulau Pinang,26343,2025-02-27
34010,Suhaila,Chong,33,Female,015-3872261,1992-09-21,suhaila34010@gmail.com,Silver,"No. 113, Jalan G18",Johor Bahru,Johor,24827,2025-11-11
34011,Priya,Sim,40,Female,011-6840256,1985-05-23,priya34011@gmail.com,Silver,"No. 283, Jalan F15",Petaling Jaya,Selangor,21902,2025-09-29
34012,Divya,a/l Subramaniam,32,Female,010-1670440,1993-05-31,divya34012@gmail.com,Bronze,"No. 22, Jalan C15",Ipoh,Perak,22259,2025-06-07
34013,Amelia,Rahman,59,Female,010-4491547,1965-01-15,amelia34013@gmail.com,Silver,"No. 79, Jalan F4",George Town,Pulau Pinang,22098,2025-01-12
34014,Amirul,Ong,48,Male,019-2437921,1977-03-28,amirul34014@gmail.com,Bronze,"No. 108, Jalan D15",Ipoh,Perak,59974,2025-10-13
34015,Alia,Wong,31,Female,013-5835203,1993-05-12,alia34015@gmail.com,Bronze,"No. 136, Jalan E2",Johor Bahru,Johor,74840,2025-01-10
34016,Alia,a/p Subramaniam,59,Female,015-6921185,1965-06-17,alia34016@gmail.com,Silver,"No. 128, Jalan C14",Petaling Jaya,Selangor,56186,2025-01-26
34017,Jasmine,Hassan,60,Female,011-7327585,1965-02-20,jasmine34017@gmail.com,Bronze,"No. 172, Jalan E19",Melaka,Melaka,25059,2025-05-16
34018,Divya,binti Ismail,48,Female,014-1015926,1976-05-30,divya34018@gmail.com,Bronze,"No. 226, Jalan E17",Johor Bahru,Johor,55470,2025-05-04
34019,Kumar,Teoh,24,Male,014-9634760,2000-12-01,kumar34019@gmail.com,Bronze,"No. 103, Jalan A14",Ipoh,Perak,95534,2025-11-13
34020,Jasmine,Cheah,60,Female,018-7821546,1965-03-29,jasmine34020@gmail.com,Bronze,"No. 123, Jalan F7",George Town,Pulau Pinang,86747,2025-11-21
34021,Mei Ling,Yeoh,50,Female,018-4549826,1975-02-09,mei34021@gmail.com,Bronze,"No. 208, Jalan B14",Ipoh,Perak,13132,2025-12-10
34022,Priya,Goh,24,Female,017-5780862,2000-06-03,priya34022@gmail.com,Bronze,"No. 92, Jalan A3",Kuala Lumpur,Wilayah Persekutuan,36179,2025-02-14
34023,Nurin,Teoh,33,Female,018-9208808,1992-01-25,nurin34023@gmail.com,Bronze,"No. 151, Jalan A16",Ipoh,Perak,31826,2025-07-23
34024,Kumar,Lee,21,Male,013-4138203,2003-09-07,kumar34024@gmail.com,Bronze,"No. 117, Jalan G18",Petaling Jaya,Selangor,98407,2025-04-28
34025,Rachel,Hassan,54,Female,011-4239818,1971-08-08,rachel34025@gmail.com,Silver,"No. 68, Jalan E7",Ipoh,Perak,65795,2025-09-25
34026,Faizal,a/p Subramaniam,44,Male,017-6279555,1981-04-25,faizal34026@gmail.com,Gold,"No. 180, Jalan F18",Petaling Jaya,Selangor,18365,2025-08-05
34027,Amelia,bin Abdullah,40,Female,011-4831973,1984-08-02,amelia34027@gmail.com,Bronze,"No. 230, Jalan B18",Petaling Jaya,Selangor,24865,2025-02-09
34028,Amirul,Rahman,31,Male,017-9098948,1994-04-09,amirul34028@gmail.com,Silver,"No. 117, Jalan A11",Johor Bahru,Johor,84421,2025-11-04
34029,Priya,Sim,46,Female,018-1957478,1978-12-15,priya34029@gmail.com,Bronze,"No. 182, Jalan A6",Ipoh,Perak,10673,2025-09-09
34030,Jasmine,a/p Subramaniam,28,Female,015-8993418,1997-05-14,jasmine34030@gmail.com,Silver,"No. 72, Jalan A18",Melaka,Melaka,49921,2025-08-06
34031,Jasmine,binti Ismail,59,Female,016-7881673,1966-08-31,jasmine34031@gmail.com,Bronze,"No. 192, Jalan E1",Ipoh,Perak,13401,2025-09-14
34032,Suhaila,Rahman,48,Female,012-7140735,1977-06-26,suhaila34032@gmail.com,Bronze,"No. 62, Jalan G10",Petaling Jaya,Selangor,38420,2025-06-30
34033,Divya,Sim,57,Female,018-5419852,1967-05-20,divya34033@gmail.com,Gold,"No. 294, Jalan F17",Johor Bahru,Johor,31851,2025-01-11
34034,Faizal,Wong,58,Male,018-7653642,1966-08-09,faizal34034@gmail.com,Bronze,"No. 245, Jalan A4",Ipoh,Perak,88267,2025-05-03
34035,Zarina,Hassan,53,Female,018-7689363,1972-07-08,zarina34035@gmail.com,Bronze,"No. 46, Jalan B3",Petaling Jaya,Selangor,48269,2025-08-21
34036,Hui Min,Lee,40,Female,016-8619990,1984-08-13,hui34036@gmail.com,Bronze,"No. 74, Jalan A18",Kuala Lumpur,Wilayah Persekutuan,47326,2025-01-17
34037,Anisa,Lim,38,Female,014-1152930,1986-09-26,anisa34037@gmail.com,Bronze,"No. 10, Jalan G16",George Town,Pulau Pinang,54154,2025-06-19
34038,Nur Aina,Yeoh,34,Female,019-2566838,1990-02-16,nur34038@gmail.com,Silver,"No. 19, Jalan A19",Petaling Jaya,Selangor,67820,2025-02-11
34039,Jun Hao,Teoh,30,Male,012-8026679,1994-09-27,jun34039@gmail.com,Silver,"No. 68, Jalan E13",Kuala Lumpur,Wilayah Persekutuan,55942,2025-08-17
34040,Alia,Yeoh,40,Female,019-8446310,1985-05-24,alia34040@gmail.com,Gold,"No. 159, Jalan A1",Johor Bahru,Johor,54083,2025-06-04
34041,Siti,Hassan,32,Female,018-8567128,1992-07-10,siti34041@gmail.com,Silver,"No. 192, Jalan B10",Ipoh,Perak,12237,2025-03-18
34042,Aisyah,Lim,29,Female,015-7845405,1995-09-16,aisyah34042@gmail.com,Silver,"No. 46, Jalan B1",Petaling Jaya,Selangor,66459,2025-07-05
34043,Kavitha,bin Abdullah,34,Female,011-2870479,1990-10-08,kavitha34043@gmail.com,Silver,"No. 212, Jalan A11",Johor Bahru,Johor,70955,2025-02-19
34044,Mei Ling,Ong,24,Female,018-3312096,2000-02-06,mei34044@gmail.com,Bronze,"No. 117, Jalan D6",George Town,Pulau Pinang,32143,2025-01-09
34045,Aisyah,Goh,43,Female,015-4722267,1982-09-28,aisyah34045@gmail.com,Silver,"No. 45, Jalan F10",George Town,Pulau Pinang,90092,2025-10-03
34046,Aiman,Goh,46,Male,010-3309155,1978-03-28,aiman34046@gmail.com,Bronze,"No. 252, Jalan A13",Petaling Jaya,Selangor,16845,2025-02-01
34047,Chloe,Goh,21,Female,013-4051846,2003-08-30,chloe34047@gmail.com,Silver,"No. 178, Jalan F15",Petaling Jaya,Selangor,36825,2025-03-15
34048,Kok Wai,Hassan,40,Male,018-5550258,1985-06-26,kok34048@gmail.com,Bronze,"No. 255, Jalan B12",Ipoh,Perak,12111,2025-11-23
34049,Ling Ling,Chong,34,Female,010-6066908,1990-12-21,ling34049@gmail.com,Bronze,"No. 263, Jalan C10",Petaling Jaya,Selangor,42216,2025-08-06
34050,Ling Ling,Yeoh,58,Female,010-1841821,1966-12-29,ling34050@gmail.com,Bronze,"No. 73, Jalan F9",Petaling Jaya,Selangor,76931,2025-08-04
34051,Priya,Lee,39,Female,015-6131710,1985-05-15,priya34051@gmail.com,Bronze,"No. 294, Jalan C13",Johor Bahru,Johor,35552,2025-02-26
34052,Mei Ling,Tan,30,Female,011-6532201,1994-08-19,mei34052@gmail.com,Gold,"No. 205, Jalan A19",George Town,Pulau Pinang,99036,2025-01-08
34053,Nadia,Lim,59,Female,019-7433673,1965-03-15,nadia34053@gmail.com,Bronze,"No. 214, Jalan F12",Melaka,Melaka,59067,2025-02-23
34054,Alia,Yeoh,29,Female,012-6010098,1995-07-01,alia34054@gmail.com,Bronze,"No. 54, Jalan C7",George Town,Pulau Pinang,47054,2025-05-11
34055,Pei Shan,Teoh,35,Female,010-1502250,1990-04-25,pei34055@gmail.com,Gold,"No. 222, Jalan B9",Melaka,Melaka,70755,2025-06-08
34056,Haziq,bin Abdullah,20,Male,012-7345117,2005-06-02,haziq34056@gmail.com,Gold,"No. 169, Jalan E9",Petaling Jaya,Selangor,72987,2025-07-04
34057,Faizal,Sim,41,Male,016-1147787,1984-03-09,faizal34057@gmail.com,Bronze,"No. 57, Jalan A11",Johor Bahru,Johor,38081,2025-12-08
34058,Chloe,Ong,29,Female,015-7126403,1995-08-13,chloe34058@gmail.com,Bronze,"No. 289, Jalan D6",Kuala Lumpur,Wilayah Persekutuan,11350,2025-01-06
34059,Kavitha,Tan,59,Female,011-7444776,1966-02-03,kavitha34059@gmail.com,Bronze,"No. 33, Jalan B18",Kuala Lumpur,Wilayah Persekutuan,35082,2025-05-15
34060,Wan Ying,a/p Subramaniam,29,Female,016-8658969,1995-07-30,wan34060@gmail.com,Bronze,"No. 89, Jalan D8",George Town,Pulau Pinang,61236,2025-07-06
34061,Farah,Tan,33,Female,018-7628962,1992-02-03,farah34061@gmail.com,Bronze,"No. 263, Jalan C18",Petaling Jaya,Selangor,71758,2025-09-17
34062,Divya,Teoh,25,Female,014-5862379,1999-11-25,divya34062@gmail.com,Platinum,"No. 165, Jalan B1",Melaka,Melaka,28875,2025-07-28
34063,Yee Ling,Lim,50,Female,012-2615703,1975-08-16,yee34063@gmail.com,Bronze,"No. 194, Jalan G3",Ipoh,Perak,96464,2025-08-27
34064,Wei Jie,Tan,44,Male,018-5326529,1981-01-13,wei34064@gmail.com,Gold,"No. 22, Jalan D3",Petaling Jaya,Selangor,77840,2025-01-21
34065,Kavitha,Ong,20,Female,019-7561324,2005-01-22,kavitha34065@gmail.com,Bronze,"No. 216, Jalan A9",Petaling Jaya,Selangor,41643,2025-12-09
34066,Kavitha,Chong,58,Female,017-2883053,1966-11-24,kavitha34066@gmail.com,Silver,"No. 237, Jalan G3",Ipoh,Perak,15635,2025-01-08
34067,Aiman,a/p Subramaniam,57,Male,017-8737456,1968-02-02,aiman34067@gmail.com,Bronze,"No. 287, Jalan B5",Johor Bahru,Johor,69794,2025-11-08
34068,Faizal,Lee,29,Male,018-2776275,1995-11-28,faizal34068@gmail.com,Bronze,"No. 201, Jalan E12",George Town,Pulau Pinang,36066,2025-07-20
34069,Nadia,Lim,48,Female,017-7654426,1977-09-13,nadia34069@gmail.com,Bronze,"No. 72, Jalan A11",Ipoh,Perak,80455,2025-09-30
34070,Anisa,Ong,38,Female,017-4673461,1987-04-06,anisa34070@gmail.com,Bronze,"No. 32, Jalan D7",Kuala Lumpur,Wilayah Persekutuan,44894,2025-06-20
34071,Sharmila,Sim,35,Female,017-9322745,1990-05-03,sharmila34071@gmail.com,Bronze,"No. 240, Jalan C10",Johor Bahru,Johor,61138,2025-09-16
34072,Kavitha,bin Abdullah,35,Female,019-4374472,1990-03-02,kavitha34072@gmail.com,Bronze,"No. 171, Jalan A8",George Town,Pulau Pinang,37579,2025-10-19
34073,Zarina,Yeoh,41,Female,015-8102454,1983-05-27,zarina34073@gmail.com,Platinum,"No. 254, Jalan C10",Melaka,Melaka,45672,2025-01-07
34074,Nurin,bin Abdullah,54,Female,018-4872401,1970-12-24,nurin34074@gmail.com,Bronze,"No. 288, Jalan A19",Kuala Lumpur,Wilayah Persekutuan,72096,2025-05-22
34075,Jasmine,Lim,21,Female,015-5999868,2004-03-24,jasmine34075@gmail.com,Gold,"No. 298, Jalan A16",Petaling Jaya,Selangor,27913,2025-10-26
34076,Alia,binti Ismail,41,Female,016-1400932,1983-12-28,alia34076@gmail.com,Bronze,"No. 46, Jalan G8",Petaling Jaya,Selangor,37214,2025-05-04
34077,Chloe,Lee,44,Female,010-3376372,1981-10-22,chloe34077@gmail.com,Bronze,"No. 235, Jalan B16",Kuala Lumpur,Wilayah Persekutuan,15248,2025-10-26
34078,Wan Ying,a/l Subramaniam,42,Female,015-6495102,1982-06-22,wan34078@gmail.com,Silver,"No. 228, Jalan G20",Kuala Lumpur,Wilayah Persekutuan,20678,2025-01-13
34079,Pei Shan,Goh,35,Female,010-6442912,1990-04-30,pei34079@gmail.com,Silver,"No. 40, Jalan E15",Ipoh,Perak,96341,2025-10-02
34080,Divya,a/p Subramaniam,42,Female,010-4346461,1982-09-06,divya34080@gmail.com,Bronze,"No. 184, Jalan E5",Ipoh,Perak,15011,2025-03-15
34081,Rachel,Chong,52,Female,013-9069170,1973-08-22,rachel34081@gmail.com,Silver,"No. 77, Jalan C4",Kuala Lumpur,Wilayah Persekutuan,74166,2025-11-01
34082,Farah,Hassan,35,Female,018-9365344,1989-08-18,farah34082@gmail.com,Silver,"No. 30, Jalan A8",Ipoh,Perak,14277,2025-07-23
34083,Priya,Yeoh,52,Female,019-1426604,1972-09-03,priya34083@gmail.com,Gold,"No. 268, Jalan D13",Kuala Lumpur,Wilayah Persekutuan,95424,2025-03-12
34084,Priya,Teoh,34,Female,010-8866379,1990-09-27,priya34084@gmail.com,Bronze,"No. 6, Jalan E15",Ipoh,Perak,31700,2025-01-02
34085,Sharmila,a/p Subramaniam,54,Female,011-7499530,1971-03-01,sharmila34085@gmail.com,Bronze,"No. 276, Jalan B17",Kuala Lumpur,Wilayah Persekutuan,90638,2025-06-19
34086,Yee Ling,Rahman,42,Female,016-9983208,1982-12-02,yee34086@gmail.com,Platinum,"No. 87, Jalan B3",Johor Bahru,Johor,16014,2025-05-10
34087,Anisa,Wong,33,Female,017-1858844,1991-11-09,anisa34087@gmail.com,Silver,"No. 52, Jalan A18",Kuala Lumpur,Wilayah Persekutuan,40303,2025-10-19
34088,Ling Ling,Wong,41,Female,018-9012117,1984-02-16,ling34088@gmail.com,Bronze,"No. 42, Jalan G3",Kuala Lumpur,Wilayah Persekutuan,83479,2025-08-13
34089,Wan Ying,Yeoh,52,Female,010-5385367,1973-09-04,wan34089@gmail.com,Bronze,"No. 255, Jalan E15",George Town,Pulau Pinang,29339,2025-10-09
34090,Yee Ling,a/l Subramaniam,24,Female,010-9359481,2001-05-18,yee34090@gmail.com,Bronze,"No. 190, Jalan D5",Petaling Jaya,Selangor,91243,2025-07-13
34091,Suhaila,Chong,25,Female,012-2986976,1999-11-14,suhaila34091@gmail.com,Bronze,"No. 92, Jalan D11",Johor Bahru,Johor,10800,2025-07-30
34092,Ling Ling,Wong,59,Female,016-9915534,1966-02-26,ling34092@gmail.com,Bronze,"No. 30, Jalan A13",Johor Bahru,Johor,68183,2025-11-08
34093,Divya,a/p Subramaniam,58,Female,013-4566262,1966-03-20,divya34093@gmail.com,Bronze,"No. 14, Jalan E3",Ipoh,Perak,43973,2025-02-06
34094,Jun Hao,Hassan,42,Male,019-8643906,1982-04-12,jun34094@gmail.com,Bronze,"No. 118, Jalan E11",Kuala Lumpur,Wilayah Persekutuan,89280,2025-02-14
34095,Amirul,Chong,60,Male,010-6888572,1965-03-26,amirul34095@gmail.com,Gold,"No. 120, Jalan E14",Petaling Jaya,Selangor,86189,2025-11-07
34096,Aiman,a/l Subramaniam,18,Male,010-3311732,2007-02-10,aiman34096@gmail.com,Bronze,"No. 261, Jalan B6",Kuala Lumpur,Wilayah Persekutuan,49755,2025-03-06
34097,Farah,Lim,27,Female,010-3059816,1998-02-26,farah34097@gmail.com,Bronze,"No. 128, Jalan C1",Ipoh,Perak,75828,2025-05-13
34098,Jasmine,binti Ismail,30,Female,016-4922904,1994-11-18,jasmine34098@gmail.com,Bronze,"No. 173, Jalan G6",Johor Bahru,Johor,38954,2025-10-28
34099,Nurin,Rahman,53,Female,016-7759934,1971-10-10,nurin34099@gmail.com,Bronze,"No. 88, Jalan B11",George Town,Pulau Pinang,61275,2025-01-10
34100,Divya,a/l Subramaniam,20,Female,016-7277010,2004-12-14,divya34100@gmail.com,Bronze,"No. 110, Jalan C2",Petaling Jaya,Selangor,77045,2025-01-27
34101,Zhi Wei,Tan,55,Male,010-6321157,1969-06-08,zhi34101@gmail.com,Platinum,"No. 237, Jalan F7",Ipoh,Perak,77757,2025-05-24
34102,Ling Ling,a/p Subramaniam,45,Female,013-4087200,1980-03-31,ling34102@gmail.com,Bronze,"No. 118, Jalan E11",George Town,Pulau Pinang,10644,2025-08-07
34103,Rachel,Sim,56,Female,013-2859472,1969-06-07,rachel34103@gmail.com,Gold,"No. 47, Jalan C18",Melaka,Melaka,53299,2025-06-09
34104,Rachel,Teoh,46,Female,012-6230416,1979-01-18,rachel34104@gmail.com,Silver,"No. 231, Jalan C10",Melaka,Melaka,71923,2025-02-02
34105,Lakshmi,Lee,56,Female,017-1775564,1968-12-14,lakshmi34105@gmail.com,Silver,"No. 73, Jalan C15",Petaling Jaya,Selangor,82131,2025-01-25
34106,Xin Yi,Cheah,52,Female,017-8722531,1972-08-28,xin34106@gmail.com,Gold,"No. 170, Jalan G20",Johor Bahru,Johor,45902,2025-05-02
34107,Ling Ling,Rahman,38,Female,014-1696445,1987-02-18,ling34107@gmail.com,Silver,"No. 16, Jalan E11",Johor Bahru,Johor,85502,2025-06-28
34108,Kumar,Rahman,26,Male,017-7019303,1999-02-21,kumar34108@gmail.com,Silver,"No. 64, Jalan B2",Melaka,Melaka,18954,2025-05-01
34109,Jun Hao,a/l Subramaniam,27,Male,016-7297000,1998-07-29,jun34109@gmail.com,Silver,"No. 23, Jalan C2",Kuala Lumpur,Wilayah Persekutuan,73052,2025-09-09
34110,Rajesh,Sim,40,Male,013-4086643,1985-02-14,rajesh34110@gmail.com,Bronze,"No. 171, Jalan B2",Ipoh,Perak,33677,2025-06-24
34111,Priya,binti Ismail,39,Female,012-5838924,1986-02-06,priya34111@gmail.com,Bronze,"No. 143, Jalan C19",Kuala Lumpur,Wilayah Persekutuan,31055,2025-08-13
34112,Rachel,Rahman,37,Female,016-4638429,1987-04-30,rachel34112@gmail.com,Bronze,"No. 15, Jalan C9",Melaka,Melaka,48082,2025-03-27
34113,Alia,Yeoh,20,Female,019-3821782,2004-12-15,alia34113@gmail.com,Silver,"No. 298, Jalan G5",George Town,Pulau Pinang,18356,2025-02-15
34114,Suhaila,Tan,45,Female,015-5768058,1979-12-19,suhaila34114@gmail.com,Silver,"No. 240, Jalan C17",Johor Bahru,Johor,78489,2025-04-22
34115,Sharmila,Chong,43,Female,019-8876154,1982-04-23,sharmila34115@gmail.com,Bronze,"No. 272, Jalan F14",Petaling Jaya,Selangor,44052,2025-08-15
34116,Aiman,Tan,35,Male,018-6049798,1990-08-11,aiman34116@gmail.com,Bronze,"No. 264, Jalan B8",Johor Bahru,Johor,79562,2025-10-01
34117,Jasmine,a/l Subramaniam,57,Female,012-4649993,1968-04-28,jasmine34117@gmail.com,Bronze,"No. 277, Jalan E12",Kuala Lumpur,Wilayah Persekutuan,58468,2025-06-28
34118,Nur Aina,bin Abdullah,57,Female,015-2990928,1967-10-02,nur34118@gmail.com,Bronze,"No. 153, Jalan A3",Petaling Jaya,Selangor,28486,2025-03-30
34119,Pei Shan,a/l Subramaniam,37,Female,010-5248806,1988-06-03,pei34119@gmail.com,Silver,"No. 19, Jalan D20",Johor Bahru,Johor,10633,2025-11-23
34120,Rohani,a/l Subramaniam,28,Female,017-6654604,1996-10-26,rohani34120@gmail.com,Bronze,"No. 58, Jalan A5",Johor Bahru,Johor,47675,2025-10-03
34121,Xin Yi,a/l Subramaniam,46,Female,014-7036475,1979-07-23,xin34121@gmail.com,Gold,"No. 162, Jalan B14",George Town,Pulau Pinang,68602,2025-11-04
34122,Nurin,Teoh,24,Female,010-5506602,2001-04-28,nurin34122@gmail.com,Gold,"No. 121, Jalan F20",George Town,Pulau Pinang,18171,2025-12-04
34123,Hui Min,a/l Subramaniam,51,Female,015-1242588,1974-08-15,hui34123@gmail.com,Silver,"No. 40, Jalan D16",George Town,Pulau Pinang,46596,2025-08-17
34124,Alia,Sim,51,Female,012-9903602,1973-11-15,alia34124@gmail.com,Silver,"No. 47, Jalan E3",Kuala Lumpur,Wilayah Persekutuan,22958,2025-03-04
34125,Zhi Wei,Sim,59,Male,015-2719932,1966-07-27,zhi34125@gmail.com,Gold,"No. 294, Jalan F8",Ipoh,Perak,64192,2025-09-20
34126,Zhi Wei,Chong,30,Male,011-4652519,1995-06-06,zhi34126@gmail.com,Bronze,"No. 104, Jalan B19",Johor Bahru,Johor,83501,2025-09-20
34127,Aiman,Cheah,35,Male,016-7111714,1989-06-02,aiman34127@gmail.com,Bronze,"No. 221, Jalan E10",Petaling Jaya,Selangor,12126,2025-05-21
34128,Suresh,binti Ismail,44,Male,015-1439194,1980-06-25,suresh34128@gmail.com,Silver,"No. 127, Jalan C5",Johor Bahru,Johor,17475,2025-01-11
34129,Nadia,Lee,27,Female,012-1577540,1997-12-14,nadia34129@gmail.com,Silver,"No. 31, Jalan E2",Ipoh,Perak,96958,2025-09-27
34130,Hui Min,Wong,19,Female,010-4780257,2005-09-03,hui34130@gmail.com,Bronze,"No. 36, Jalan F10",Melaka,Melaka,49260,2025-08-28
34131,Zhi Wei,Ong,24,Male,011-7978803,2001-02-25,zhi34131@gmail.com,Bronze,"No. 156, Jalan D11",Ipoh,Perak,22350,2025-05-22
34132,Kavitha,Wong,29,Female,013-7890956,1995-12-03,kavitha34132@gmail.com,Bronze,"No. 45, Jalan F20",Ipoh,Perak,49921,2025-03-15
34133,Amirul,Chong,27,Male,016-8237540,1997-10-06,amirul34133@gmail.com,Bronze,"No. 236, Jalan F8",Kuala Lumpur,Wilayah Persekutuan,26191,2025-02-01
34134,Hui Min,bin Abdullah,29,Female,010-5188714,1996-09-28,hui34134@gmail.com,Bronze,"No. 73, Jalan C17",Johor Bahru,Johor,58138,2025-12-15
34135,Nur Aina,Cheah,44,Female,016-3396735,1980-06-21,nur34135@gmail.com,Bronze,"No. 140, Jalan A4",Ipoh,Perak,98172,2025-01-19
34136,Pei Shan,Sim,60,Female,013-5125317,1965-08-26,pei34136@gmail.com,Bronze,"No. 121, Jalan C13",Ipoh,Perak,67759,2025-11-21
34137,Nurin,Chong,36,Female,017-9602630,1988-05-26,nurin34137@gmail.com,Silver,"No. 233, Jalan C11",Johor Bahru,Johor,95780,2025-05-04
34138,Alia,a/p Subramaniam,54,Female,010-6746867,1970-06-11,alia34138@gmail.com,Bronze,"No. 96, Jalan G4",Petaling Jaya,Selangor,34753,2025-04-07
34139,Sharmila,Chong,44,Female,018-3297667,1981-04-15,sharmila34139@gmail.com,Bronze,"No. 232, Jalan F16",Melaka,Melaka,19609,2025-06-12
34140,Suhaila,a/l Subramaniam,59,Female,018-4034563,1966-03-21,suhaila34140@gmail.com,Bronze,"No. 71, Jalan G15",Johor Bahru,Johor,32425,2025-07-16
34141,Nurin,Yeoh,38,Female,019-5030019,1986-11-02,nurin34141@gmail.com,Gold,"No. 29, Jalan C18",Kuala Lumpur,Wilayah Persekutuan,68675,2025-10-28
34142,Pei Shan,a/l Subramaniam,43,Female,013-5115958,1981-11-28,pei34142@gmail.com,Platinum,"No. 28, Jalan B4",George Town,Pulau Pinang,82629,2025-11-21
34143,Jasmine,Lee,28,Female,017-9724627,1997-06-20,jasmine34143@gmail.com,Bronze,"No. 252, Jalan D5",Johor Bahru,Johor,98020,2025-11-06
34144,Wan Ying,Lim,39,Female,013-8333734,1986-07-13,wan34144@gmail.com,Gold,"No. 189, Jalan B14",Johor Bahru,Johor,41624,2025-10-02
34145,Lakshmi,Tan,54,Female,015-3358268,1971-02-02,lakshmi34145@gmail.com,Bronze,"No. 146, Jalan D9",Ipoh,Perak,65043,2025-06-14
34146,Zhi Wei,Cheah,25,Male,013-4659716,1999-07-13,zhi34146@gmail.com,Silver,"No. 179, Jalan A15",Petaling Jaya,Selangor,39989,2025-04-22
34147,Amelia,Sim,24,Female,014-4009663,2001-04-11,amelia34147@gmail.com,Bronze,"No. 75, Jalan F4",Kuala Lumpur,Wilayah Persekutuan,31125,2025-10-25
34148,Alia,Teoh,51,Female,015-1324686,1974-02-13,alia34148@gmail.com,Silver,"No. 266, Jalan C2",Kuala Lumpur,Wilayah Persekutuan,10750,2025-06-22
34149,Priya,Chong,29,Female,012-7584054,1995-12-05,priya34149@gmail.com,Platinum,"No. 159, Jalan G3",Melaka,Melaka,72099,2025-10-26
34150,Alia,Sim,36,Female,012-7907238,1988-06-17,alia34150@gmail.com,Bronze,"No. 55, Jalan C7",Petaling Jaya,Selangor,12035,2025-04-30
34151,Divya,Yeoh,31,Female,013-8825494,1994-09-29,divya34151@gmail.com,Bronze,"No. 94, Jalan A11",Kuala Lumpur,Wilayah Persekutuan,81740,2025-12-14
34152,Siti,bin Abdullah,38,Female,011-2598151,1987-08-10,siti34152@gmail.com,Bronze,"No. 116, Jalan G7",Kuala Lumpur,Wilayah Persekutuan,61243,2025-08-14
34153,Faizal,binti Ismail,19,Male,014-4708811,2005-11-16,faizal34153@gmail.com,Bronze,"No. 241, Jalan A3",Johor Bahru,Johor,91383,2025-11-06
34154,Chloe,a/l Subramaniam,43,Female,017-6248009,1981-10-03,chloe34154@gmail.com,Silver,"No. 248, Jalan C7",Kuala Lumpur,Wilayah Persekutuan,42103,2025-03-06
34155,Siti,Tan,42,Female,010-6994132,1982-12-05,siti34155@gmail.com,Bronze,"No. 225, Jalan C15",Kuala Lumpur,Wilayah Persekutuan,69211,2025-10-16
34156,Suhaila,Yeoh,54,Female,011-6000154,1970-04-06,suhaila34156@gmail.com,Silver,"No. 216, Jalan B17",Kuala Lumpur,Wilayah Persekutuan,16619,2025-04-03
34157,Alia,Hassan,22,Female,017-4430145,2002-11-18,alia34157@gmail.com,Bronze,"No. 121, Jalan D14",Johor Bahru,Johor,67605,2025-04-30
34158,Sharmila,Chong,32,Female,016-8639302,1993-03-07,sharmila34158@gmail.com,Bronze,"No. 45, Jalan D2",Ipoh,Perak,95469,2025-05-26
34159,Chloe,Tan,30,Female,012-3575975,1995-03-16,chloe34159@gmail.com,Bronze,"No. 192, Jalan B20",George Town,Pulau Pinang,29953,2025-04-20
34160,Rajesh,Tan,42,Male,016-2817394,1983-07-26,rajesh34160@gmail.com,Platinum,"No. 90, Jalan D14",Ipoh,Perak,32322,2025-08-10
34161,Nurin,Sim,28,Female,019-2406588,1997-10-04,nurin34161@gmail.com,Silver,"No. 172, Jalan D13",Ipoh,Perak,74671,2025-11-20
34162,Pei Shan,a/p Subramaniam,60,Female,014-9482022,1965-06-10,pei34162@gmail.com,Bronze,"No. 141, Jalan E20",Kuala Lumpur,Wilayah Persekutuan,94417,2025-10-19
34163,Pei Shan,Rahman,22,Female,015-7034810,2002-10-14,pei34163@gmail.com,Bronze,"No. 30, Jalan C16",George Town,Pulau Pinang,36130,2025-09-06
34164,Nurin,Ong,30,Female,018-1354799,1994-11-09,nurin34164@gmail.com,Bronze,"No. 140, Jalan F1",George Town,Pulau Pinang,55441,2025-05-31
34165,Faizal,Goh,45,Male,011-6769307,1980-06-28,faizal34165@gmail.com,Bronze,"No. 275, Jalan G7",Petaling Jaya,Selangor,77506,2025-10-30
34166,Siti,Teoh,22,Female,014-7889868,2002-03-20,siti34166@gmail.com,Bronze,"No. 115, Jalan C19",Melaka,Melaka,54084,2025-03-01
34167,Suhaila,Teoh,51,Female,016-8520328,1973-05-22,suhaila34167@gmail.com,Platinum,"No. 222, Jalan D16",Kuala Lumpur,Wilayah Persekutuan,64589,2025-01-14
34168,Hui Min,Lim,55,Female,016-8743948,1969-11-21,hui34168@gmail.com,Silver,"No. 3, Jalan B6",Johor Bahru,Johor,76323,2025-08-19
34169,Sharmila,Cheah,35,Female,019-3299484,1989-10-13,sharmila34169@gmail.com,Bronze,"No. 82, Jalan G1",Kuala Lumpur,Wilayah Persekutuan,15694,2025-05-16
34170,Farah,Sim,28,Female,017-1571333,1996-05-19,farah34170@gmail.com,Gold,"No. 119, Jalan A1",Kuala Lumpur,Wilayah Persekutuan,87849,2025-02-16
34171,Farah,Yeoh,44,Female,011-1357211,1980-05-08,farah34171@gmail.com,Bronze,"No. 213, Jalan A15",George Town,Pulau Pinang,78693,2025-01-26
34172,Rohani,Yeoh,38,Female,016-1630786,1986-08-21,rohani34172@gmail.com,Silver,"No. 38, Jalan E14",George Town,Pulau Pinang,50388,2025-02-02
34173,Hui Min,Tan,22,Female,016-4134479,2002-09-09,hui34173@gmail.com,Bronze,"No. 149, Jalan B2",Kuala Lumpur,Wilayah Persekutuan,94212,2025-07-15
34174,Nur Aina,a/p Subramaniam,18,Female,010-8891993,2007-05-05,nur34174@gmail.com,Platinum,"No. 63, Jalan G19",Kuala Lumpur,Wilayah Persekutuan,83492,2025-09-15
34175,Nur Aina,Goh,37,Female,016-6143738,1987-11-13,nur34175@gmail.com,Bronze,"No. 42, Jalan F13",George Town,Pulau Pinang,77523,2025-05-15
34176,Divya,Teoh,51,Female,015-9374275,1974-09-19,divya34176@gmail.com,Bronze,"No. 138, Jalan D1",Petaling Jaya,Selangor,93969,2025-11-27
34177,Rajesh,Lee,57,Male,015-5128396,1968-05-23,rajesh34177@gmail.com,Silver,"No. 96, Jalan C5",Melaka,Melaka,95281,2025-07-09
34178,Anisa,Sim,48,Female,014-7424237,1977-05-24,anisa34178@gmail.com,Gold,"No. 74, Jalan B16",Ipoh,Perak,30492,2025-06-22
34179,Anisa,Tan,53,Female,013-2174578,1972-05-23,anisa34179@gmail.com,Bronze,"No. 129, Jalan D17",Ipoh,Perak,24419,2025-11-19
34180,Xin Yi,Lim,52,Female,013-6156982,1973-04-09,xin34180@gmail.com,Silver,"No. 252, Jalan E9",Johor Bahru,Johor,90731,2025-07-09
34181,Yee Ling,Cheah,52,Female,018-6230375,1973-06-03,yee34181@gmail.com,Bronze,"No. 177, Jalan G13",Melaka,Melaka,94952,2025-11-13
34182,Suresh,Lim,27,Male,013-6720671,1997-06-25,suresh34182@gmail.com,Bronze,"No. 138, Jalan G10",Johor Bahru,Johor,68576,2025-02-20
34183,Zarina,Tan,41,Female,018-6733366,1984-02-10,zarina34183@gmail.com,Bronze,"No. 1, Jalan E17",Kuala Lumpur,Wilayah Persekutuan,72411,2025-09-30
34184,Kumar,Wong,59,Male,018-2526804,1966-10-06,kumar34184@gmail.com,Bronze,"No. 148, Jalan B10",Johor Bahru,Johor,58909,2025-10-29
34185,Nurin,binti Ismail,36,Female,019-7979715,1989-11-10,nurin34185@gmail.com,Silver,"No. 87, Jalan E19",George Town,Pulau Pinang,11253,2025-11-30
34186,Mei Ling,Ong,49,Female,014-5484065,1975-09-04,mei34186@gmail.com,Silver,"No. 232, Jalan A12",Melaka,Melaka,35596,2025-08-01
34187,Zarina,Tan,39,Female,013-6662846,1986-03-20,zarina34187@gmail.com,Silver,"No. 65, Jalan B2",George Town,Pulau Pinang,17670,2025-08-13
34188,Divya,bin Abdullah,40,Female,018-1012242,1984-09-05,divya34188@gmail.com,Bronze,"No. 39, Jalan F18",Johor Bahru,Johor,10198,2025-05-16
34189,Amelia,Tan,59,Female,016-2962216,1966-02-05,amelia34189@gmail.com,Bronze,"No. 231, Jalan G10",Kuala Lumpur,Wilayah Persekutuan,95041,2025-10-27
34190,Nur Aina,Hassan,30,Female,015-1889219,1994-07-23,nur34190@gmail.com,Gold,"No. 62, Jalan C8",Kuala Lumpur,Wilayah Persekutuan,26551,2025-06-20
34191,Nurin,binti Ismail,19,Female,013-3561727,2006-01-30,nurin34191@gmail.com,Bronze,"No. 108, Jalan C6",Petaling Jaya,Selangor,30646,2025-04-01
34192,Zhi Wei,Lim,39,Male,014-4098752,1986-01-31,zhi34192@gmail.com,Bronze,"No. 15, Jalan C17",Johor Bahru,Johor,72423,2025-07-19
34193,Ling Ling,Lee,25,Female,013-8055054,2000-10-06,ling34193@gmail.com,Bronze,"No. 24, Jalan F1",Petaling Jaya,Selangor,89256,2025-12-05
34194,Mei Ling,Lim,33,Female,017-4432247,1991-08-17,mei34194@gmail.com,Bronze,"No. 266, Jalan A11",Kuala Lumpur,Wilayah Persekutuan,54407,2025-06-16
34195,Divya,binti Ismail,23,Female,011-3212137,2002-01-08,divya34195@gmail.com,Bronze,"No. 109, Jalan C15",Kuala Lumpur,Wilayah Persekutuan,84202,2025-05-16
34196,Priya,Sim,51,Female,011-5496404,1974-03-21,priya34196@gmail.com,Platinum,"No. 193, Jalan D8",Kuala Lumpur,Wilayah Persekutuan,89392,2025-08-05
34197,Priya,Goh,33,Female,012-3365263,1992-09-04,priya34197@gmail.com,Bronze,"No. 138, Jalan G16",Ipoh,Perak,44227,2025-12-16
34198,Nurin,Chong,50,Female,015-5202450,1974-05-28,nurin34198@gmail.com,Bronze,"No. 71, Jalan F4",Johor Bahru,Johor,17055,2025-04-20
34199,Zarina,Chong,18,Female,012-7182861,2007-03-03,zarina34199@gmail.com,Silver,"No. 25, Jalan A15",Kuala Lumpur,Wilayah Persekutuan,50469,2025-05-21
34200,Divya,Chong,18,Female,010-5335499,2007-10-03,divya34200@gmail.com,Platinum,"No. 94, Jalan E17",George Town,Pulau Pinang,52578,2025-11-24
34201,Siti,bin Abdullah,57,Female,011-7510172,1967-11-14,siti34201@gmail.com,Bronze,"No. 38, Jalan C6",Petaling Jaya,Selangor,78883,2025-03-04
34202,Faizal,Wong,21,Male,010-3702325,2004-05-06,faizal34202@gmail.com,Silver,"No. 264, Jalan G5",George Town,Pulau Pinang,45824,2025-11-21
34203,Jasmine,Hassan,37,Female,016-7044836,1988-02-10,jasmine34203@gmail.com,Bronze,"No. 76, Jalan G1",Petaling Jaya,Selangor,82160,2025-05-03
34204,Pei Shan,Rahman,33,Female,010-9074019,1991-09-08,pei34204@gmail.com,Bronze,"No. 248, Jalan B11",Kuala Lumpur,Wilayah Persekutuan,30944,2025-05-02
34205,Hui Min,binti Ismail,52,Female,013-3062878,1972-08-19,hui34205@gmail.com,Bronze,"No. 193, Jalan G13",Melaka,Melaka,41256,2025-02-21
34206,Rohani,Ong,23,Female,012-8203244,2002-02-27,rohani34206@gmail.com,Gold,"No. 224, Jalan G10",Petaling Jaya,Selangor,47118,2025-09-29
34207,Jasmine,Goh,39,Female,011-6488201,1985-09-17,jasmine34207@gmail.com,Bronze,"No. 253, Jalan D18",Petaling Jaya,Selangor,22942,2025-09-10
34208,Alia,a/l Subramaniam,18,Female,014-1795173,2007-04-01,alia34208@gmail.com,Bronze,"No. 278, Jalan A15",George Town,Pulau Pinang,35743,2025-08-02
34209,Farah,Ong,57,Female,017-9439557,1968-06-02,farah34209@gmail.com,Silver,"No. 53, Jalan B3",Petaling Jaya,Selangor,13446,2025-06-17
34210,Rohani,Chong,42,Female,019-4393088,1982-06-24,rohani34210@gmail.com,Bronze,"No. 173, Jalan D11",Kuala Lumpur,Wilayah Persekutuan,22008,2025-05-27
34211,Yee Ling,Sim,35,Female,012-7638263,1990-06-21,yee34211@gmail.com,Silver,"No. 199, Jalan E10",George Town,Pulau Pinang,55737,2025-07-14
34212,Priya,Teoh,57,Female,012-5902279,1967-08-19,priya34212@gmail.com,Bronze,"No. 159, Jalan A8",Johor Bahru,Johor,10247,2025-06-20
34213,Wei Jie,Ong,30,Male,010-4041221,1994-09-18,wei34213@gmail.com,Bronze,"No. 32, Jalan E12",Johor Bahru,Johor,55377,2025-06-14
34214,Amelia,Yeoh,35,Female,012-8694379,1990-02-01,amelia34214@gmail.com,Bronze,"No. 135, Jalan D10",George Town,Pulau Pinang,58940,2025-02-19
34215,Sharmila,Cheah,35,Female,013-8422461,1990-05-06,sharmila34215@gmail.com,Silver,"No. 3, Jalan G12",George Town,Pulau Pinang,17460,2025-07-13
34216,Sharmila,Lim,53,Female,010-9367523,1972-09-02,sharmila34216@gmail.com,Bronze,"No. 151, Jalan C2",Ipoh,Perak,59357,2025-11-26
34217,Suresh,Hassan,27,Male,011-3649263,1997-12-11,suresh34217@gmail.com,Platinum,"No. 197, Jalan C14",Ipoh,Perak,76935,2025-05-27
34218,Rachel,bin Abdullah,31,Female,017-3066652,1994-07-04,rachel34218@gmail.com,Silver,"No. 217, Jalan C12",Ipoh,Perak,42779,2025-09-18
34219,Wan Ying,Lim,27,Female,017-6579995,1997-11-30,wan34219@gmail.com,Bronze,"No. 210, Jalan F18",Ipoh,Perak,79786,2025-04-21
34220,Amelia,Sim,24,Female,013-9400320,2001-10-22,amelia34220@gmail.com,Bronze,"No. 297, Jalan C10",Melaka,Melaka,69695,2025-11-04
34221,Jasmine,binti Ismail,55,Female,017-2276400,1970-08-27,jasmine34221@gmail.com,Bronze,"No. 177, Jalan E13",George Town,Pulau Pinang,61591,2025-12-15
34222,Xin Yi,Goh,43,Female,013-6216116,1981-05-07,xin34222@gmail.com,Bronze,"No. 60, Jalan F20",Johor Bahru,Johor,56037,2025-04-04
34223,Rachel,Cheah,21,Female,013-3002730,2004-03-12,rachel34223@gmail.com,Silver,"No. 101, Jalan F18",Ipoh,Perak,75418,2025-06-07
34224,Farah,a/l Subramaniam,49,Female,014-1993969,1976-04-18,farah34224@gmail.com,Bronze,"No. 6, Jalan F19",Petaling Jaya,Selangor,26547,2025-05-29
34225,Siti,Hassan,28,Female,018-6885648,1997-03-14,siti34225@gmail.com,Bronze,"No. 127, Jalan D8",Melaka,Melaka,99356,2025-03-27
34226,Rachel,Cheah,35,Female,010-8395328,1989-10-30,rachel34226@gmail.com,Platinum,"No. 87, Jalan B10",Johor Bahru,Johor,98586,2025-04-20
34227,Rohani,Teoh,51,Female,017-3269985,1974-02-24,rohani34227@gmail.com,Gold,"No. 99, Jalan B3",Johor Bahru,Johor,53366,2025-04-03
34228,Ling Ling,Lee,23,Female,010-3249235,2002-02-11,ling34228@gmail.com,Silver,"No. 299, Jalan D4",George Town,Pulau Pinang,43057,2025-04-18
34229,Zarina,Teoh,50,Female,011-2426743,1975-01-30,zarina34229@gmail.com,Silver,"No. 113, Jalan F8",Petaling Jaya,Selangor,43801,2025-11-17
34230,Wan Ying,Lim,20,Female,016-2780415,2004-12-22,wan34230@gmail.com,Silver,"No. 43, Jalan E20",Petaling Jaya,Selangor,31634,2025-05-02
34231,Amelia,Sim,31,Female,014-2904297,1994-01-31,amelia34231@gmail.com,Bronze,"No. 278, Jalan G12",Petaling Jaya,Selangor,85583,2025-11-06
34232,Farah,Chong,42,Female,015-1373451,1983-04-02,farah34232@gmail.com,Bronze,"No. 231, Jalan A12",Kuala Lumpur,Wilayah Persekutuan,74515,2025-07-06
34233,Pei Shan,bin Abdullah,30,Female,011-4119721,1994-06-12,pei34233@gmail.com,Bronze,"No. 168, Jalan B19",Melaka,Melaka,19557,2025-03-02
34234,Nur Aina,Hassan,47,Female,013-3158798,1977-09-07,nur34234@gmail.com,Silver,"No. 251, Jalan E4",Kuala Lumpur,Wilayah Persekutuan,46885,2025-08-14
34235,Jasmine,binti Ismail,55,Female,013-6188701,1969-09-10,jasmine34235@gmail.com,Bronze,"No. 228, Jalan G3",Ipoh,Perak,97124,2025-03-19
34236,Hui Min,Sim,57,Female,014-5897364,1968-06-18,hui34236@gmail.com,Silver,"No. 189, Jalan F18",Johor Bahru,Johor,91786,2025-07-08
34237,Lakshmi,Teoh,22,Female,016-2257575,2003-05-09,lakshmi34237@gmail.com,Bronze,"No. 206, Jalan A2",Kuala Lumpur,Wilayah Persekutuan,84300,2025-08-02
34238,Aiman,Chong,34,Male,014-9866544,1990-09-16,aiman34238@gmail.com,Bronze,"No. 54, Jalan G1",Melaka,Melaka,53458,2025-03-06
34239,Anisa,Chong,21,Female,011-7338349,2003-07-27,anisa34239@gmail.com,Bronze,"No. 245, Jalan C12",Melaka,Melaka,35209,2025-02-01
34240,Kok Wai,binti Ismail,53,Male,019-4294235,1972-03-21,kok34240@gmail.com,Silver,"No. 236, Jalan A14",Kuala Lumpur,Wilayah Persekutuan,63271,2025-10-24
34241,Ling Ling,bin Abdullah,21,Female,010-8279935,2003-10-24,ling34241@gmail.com,Gold,"No. 199, Jalan E12",Ipoh,Perak,88835,2025-10-02
34242,Suhaila,Cheah,34,Female,012-6481106,1990-08-24,suhaila34242@gmail.com,Silver,"No. 277, Jalan G5",Kuala Lumpur,Wilayah Persekutuan,97004,2025-02-03
34243,Siti,Ong,41,Female,011-8921938,1983-05-12,siti34243@gmail.com,Bronze,"No. 19, Jalan C7",Johor Bahru,Johor,28550,2025-04-17
34244,Farah,a/l Subramaniam,35,Female,015-2923163,1989-11-20,farah34244@gmail.com,Platinum,"No. 144, Jalan F17",Johor Bahru,Johor,45424,2025-06-16
34245,Kavitha,Lim,51,Female,017-1992829,1973-08-30,kavitha34245@gmail.com,Bronze,"No. 9, Jalan D20",Kuala Lumpur,Wilayah Persekutuan,57738,2025-05-14
34246,Amelia,Lee,21,Female,015-7217208,2003-12-13,amelia34246@gmail.com,Silver,"No. 52, Jalan D5",Johor Bahru,Johor,42770,2025-01-26
34247,Zarina,Sim,40,Female,013-6390304,1984-10-01,zarina34247@gmail.com,Bronze,"No. 38, Jalan E19",Ipoh,Perak,66244,2025-01-15
34248,Mei Ling,Yeoh,21,Female,015-5305647,2003-11-19,mei34248@gmail.com,Bronze,"No. 247, Jalan E11",Kuala Lumpur,Wilayah Persekutuan,70775,2025-09-26
34249,Haziq,a/p Subramaniam,41,Male,011-1426978,1984-04-12,haziq34249@gmail.com,Bronze,"No. 220, Jalan C20",Petaling Jaya,Selangor,60971,2025-11-01
34250,Hui Min,bin Abdullah,18,Female,011-4639746,2007-03-28,hui34250@gmail.com,Bronze,"No. 286, Jalan F2",George Town,Pulau Pinang,90890,2025-04-09
34251,Yee Ling,Hassan,43,Female,017-7703489,1982-06-07,yee34251@gmail.com,Bronze,"No. 198, Jalan A14",George Town,Pulau Pinang,75441,2025-06-25
34252,Aiman,Hassan,52,Male,019-7975146,1972-06-17,aiman34252@gmail.com,Bronze,"No. 69, Jalan F19",Kuala Lumpur,Wilayah Persekutuan,52903,2025-05-27
34253,Nadia,Lee,43,Female,017-5098694,1981-12-26,nadia34253@gmail.com,Silver,"No. 202, Jalan G20",Petaling Jaya,Selangor,47108,2025-11-05
34254,Ling Ling,Teoh,56,Female,019-7831741,1969-05-11,ling34254@gmail.com,Silver,"No. 259, Jalan E6",George Town,Pulau Pinang,47491,2025-07-09
34255,Nur Aina,Yeoh,56,Female,012-8385142,1968-12-16,nur34255@gmail.com,Gold,"No. 92, Jalan D13",Kuala Lumpur,Wilayah Persekutuan,63062,2025-05-04
34256,Rohani,Tan,27,Female,017-6564949,1998-03-03,rohani34256@gmail.com,Bronze,"No. 231, Jalan D11",Melaka,Melaka,61126,2025-05-31
34257,Kavitha,a/p Subramaniam,33,Female,016-9125236,1992-07-10,kavitha34257@gmail.com,Silver,"No. 192, Jalan B13",George Town,Pulau Pinang,76150,2025-12-01
34258,Lakshmi,a/p Subramaniam,47,Female,017-5034252,1977-12-28,lakshmi34258@gmail.com,Silver,"No. 63, Jalan F4",Ipoh,Perak,28979,2025-08-14
34259,Divya,Yeoh,24,Female,012-8702708,2000-08-27,divya34259@gmail.com,Bronze,"No. 151, Jalan G6",Ipoh,Perak,47449,2025-01-21
34260,Siti,Cheah,23,Female,011-3470696,2001-04-12,siti34260@gmail.com,Bronze,"No. 235, Jalan F15",Kuala Lumpur,Wilayah Persekutuan,61263,2025-01-14
34261,Rohani,Chong,46,Female,010-5351379,1978-10-20,rohani34261@gmail.com,Gold,"No. 170, Jalan C12",Ipoh,Perak,46186,2025-07-15
34262,Alia,a/l Subramaniam,43,Female,014-7480773,1981-04-12,alia34262@gmail.com,Bronze,"No. 65, Jalan E17",Petaling Jaya,Selangor,39776,2025-03-25
34263,Xin Yi,Cheah,45,Female,019-9027702,1979-11-30,xin34263@gmail.com,Bronze,"No. 269, Jalan E2",Melaka,Melaka,99150,2025-01-17
34264,Lakshmi,bin Abdullah,58,Female,013-4982429,1966-12-11,lakshmi34264@gmail.com,Bronze,"No. 72, Jalan D8",Ipoh,Perak,90380,2025-07-11
34265,Pei Shan,Rahman,19,Female,015-7966193,2006-01-07,pei34265@gmail.com,Silver,"No. 164, Jalan D18",Johor Bahru,Johor,52138,2025-11-18
34266,Siti,bin Abdullah,52,Female,010-5545565,1972-01-23,siti34266@gmail.com,Silver,"No. 122, Jalan G12",Kuala Lumpur,Wilayah Persekutuan,31664,2025-01-07
34267,Wan Ying,binti Ismail,28,Female,018-3772759,1996-07-09,wan34267@gmail.com,Bronze,"No. 279, Jalan G8",Petaling Jaya,Selangor,92794,2025-04-13
34268,Priya,Goh,29,Female,019-3802759,1996-10-10,priya34268@gmail.com,Platinum,"No. 267, Jalan B20",Johor Bahru,Johor,26613,2025-11-27
34269,Lakshmi,a/l Subramaniam,47,Female,016-1458947,1978-01-22,lakshmi34269@gmail.com,Bronze,"No. 224, Jalan F2",Petaling Jaya,Selangor,69573,2025-03-08
34270,Lakshmi,Teoh,52,Female,019-6816627,1973-01-29,lakshmi34270@gmail.com,Bronze,"No. 278, Jalan E19",Petaling Jaya,Selangor,93717,2025-09-14
34271,Nadia,Teoh,43,Female,017-1387864,1981-12-07,nadia34271@gmail.com,Bronze,"No. 120, Jalan F11",Ipoh,Perak,29850,2025-07-01
34272,Anisa,Lim,39,Female,013-6502383,1986-09-29,anisa34272@gmail.com,Silver,"No. 50, Jalan G11",Petaling Jaya,Selangor,57220,2025-11-25
34273,Suhaila,Wong,30,Female,014-4259322,1995-03-10,suhaila34273@gmail.com,Bronze,"No. 221, Jalan B6",Petaling Jaya,Selangor,46922,2025-04-25
34274,Sharmila,Lee,18,Female,010-6924642,2006-04-05,sharmila34274@gmail.com,Silver,"No. 41, Jalan C10",Melaka,Melaka,35790,2025-03-22
34275,Jun Hao,Hassan,52,Male,014-6648004,1973-07-19,jun34275@gmail.com,Gold,"No. 30, Jalan G5",Johor Bahru,Johor,40266,2025-09-02
34276,Suhaila,Hassan,20,Female,017-9237816,2004-11-29,suhaila34276@gmail.com,Gold,"No. 69, Jalan E17",Kuala Lumpur,Wilayah Persekutuan,94474,2025-09-26
34277,Siti,Wong,38,Female,014-7482556,1987-07-31,siti34277@gmail.com,Bronze,"No. 73, Jalan B16",Kuala Lumpur,Wilayah Persekutuan,19906,2025-10-16
34278,Farah,Teoh,42,Female,015-6312367,1983-03-29,farah34278@gmail.com,Silver,"No. 249, Jalan C3",Ipoh,Perak,22013,2025-09-04
34279,Sharmila,a/l Subramaniam,53,Female,019-3255075,1971-03-15,sharmila34279@gmail.com,Silver,"No. 82, Jalan C8",Kuala Lumpur,Wilayah Persekutuan,60112,2025-01-16
34280,Pei Shan,a/p Subramaniam,18,Female,015-8047506,2006-07-26,pei34280@gmail.com,Bronze,"No. 170, Jalan C11",Kuala Lumpur,Wilayah Persekutuan,75194,2025-05-08
34281,Alia,Lim,53,Female,018-1713229,1972-05-04,alia34281@gmail.com,Bronze,"No. 18, Jalan D15",Johor Bahru,Johor,34472,2025-06-07
34282,Mei Ling,Wong,37,Female,019-5750222,1988-07-28,mei34282@gmail.com,Silver,"No. 291, Jalan B1",Johor Bahru,Johor,51536,2025-08-18
34283,Wei Jie,a/l Subramaniam,47,Male,018-5314782,1977-12-16,wei34283@gmail.com,Bronze,"No. 77, Jalan C4",Ipoh,Perak,97019,2025-02-08
34284,Lakshmi,Tan,43,Female,015-4561008,1981-07-16,lakshmi34284@gmail.com,Bronze,"No. 263, Jalan A12",Johor Bahru,Johor,14086,2025-04-27
34285,Ling Ling,Rahman,29,Female,011-4119401,1996-03-04,ling34285@gmail.com,Bronze,"No. 296, Jalan E8",Kuala Lumpur,Wilayah Persekutuan,16568,2025-11-02
34286,Chloe,a/l Subramaniam,45,Female,011-6272621,1979-09-08,chloe34286@gmail.com,Bronze,"No. 269, Jalan C11",Johor Bahru,Johor,99694,2025-02-03
34287,Ling Ling,bin Abdullah,39,Female,015-8888211,1986-02-17,ling34287@gmail.com,Gold,"No. 47, Jalan A13",George Town,Pulau Pinang,36279,2025-09-29
34288,Priya,a/p Subramaniam,28,Female,014-9280015,1996-11-21,priya34288@gmail.com,Bronze,"No. 286, Jalan B20",Petaling Jaya,Selangor,71381,2025-04-23
34289,Zhi Wei,Wong,27,Male,014-7926146,1998-01-19,zhi34289@gmail.com,Bronze,"No. 109, Jalan G12",Petaling Jaya,Selangor,96594,2025-08-02
34290,Rajesh,Wong,38,Male,018-9798182,1986-09-20,rajesh34290@gmail.com,Bronze,"No. 37, Jalan G5",Petaling Jaya,Selangor,49546,2025-08-11
34291,Suhaila,Ong,42,Female,014-4408748,1983-07-03,suhaila34291@gmail.com,Silver,"No. 43, Jalan A20",Petaling Jaya,Selangor,20128,2025-11-12
34292,Nadia,a/l Subramaniam,21,Female,016-6374292,2003-12-27,nadia34292@gmail.com,Silver,"No. 266, Jalan F10",Ipoh,Perak,97544,2025-04-26
34293,Suhaila,Rahman,46,Female,016-9005040,1978-08-31,suhaila34293@gmail.com,Bronze,"No. 293, Jalan A20",Johor Bahru,Johor,19849,2025-07-12
34294,Arjun,a/p Subramaniam,22,Male,012-6422709,2002-06-16,arjun34294@gmail.com,Bronze,"No. 236, Jalan E5",Kuala Lumpur,Wilayah Persekutuan,81071,2025-03-28
34295,Rachel,Chong,36,Female,013-9663487,1989-02-27,rachel34295@gmail.com,Silver,"No. 289, Jalan F1",Ipoh,Perak,38579,2025-05-16
34296,Ling Ling,Tan,18,Female,013-3369919,2007-01-16,ling34296@gmail.com,Bronze,"No. 55, Jalan G14",Ipoh,Perak,52011,2025-08-21
34297,Lakshmi,Lim,35,Female,017-9090730,1990-06-04,lakshmi34297@gmail.com,Platinum,"No. 39, Jalan E3",Petaling Jaya,Selangor,76119,2025-08-05
34298,Anisa,bin Abdullah,33,Female,012-5067259,1992-07-16,anisa34298@gmail.com,Bronze,"No. 82, Jalan B1",George Town,Pulau Pinang,97666,2025-09-09
34299,Rachel,Teoh,23,Female,015-8038445,2002-06-13,rachel34299@gmail.com,Bronze,"No. 61, Jalan A17",George Town,Pulau Pinang,91673,2025-08-28
34300,Zarina,Teoh,32,Female,015-3189826,1992-10-27,zarina34300@gmail.com,Gold,"No. 66, Jalan A1",Melaka,Melaka,93774,2025-09-16
34301,Jasmine,Hassan,44,Female,013-4115579,1980-05-21,jasmine34301@gmail.com,Silver,"No. 226, Jalan E19",Melaka,Melaka,43068,2025-03-17
34302,Suhaila,Teoh,27,Female,019-5954413,1998-01-05,suhaila34302@gmail.com,Gold,"No. 250, Jalan F16",Johor Bahru,Johor,28232,2025-11-26
34303,Alia,Ong,42,Female,012-8878697,1982-03-30,alia34303@gmail.com,Bronze,"No. 197, Jalan A1",Petaling Jaya,Selangor,77310,2025-02-21
34304,Kumar,Sim,55,Male,014-9635707,1970-05-05,kumar34304@gmail.com,Bronze,"No. 93, Jalan F8",Petaling Jaya,Selangor,76122,2025-08-25
34305,Rachel,Goh,44,Female,012-5980868,1980-12-05,rachel34305@gmail.com,Bronze,"No. 135, Jalan F7",Johor Bahru,Johor,58073,2025-07-13
34306,Divya,Yeoh,37,Female,019-1011700,1987-10-19,divya34306@gmail.com,Silver,"No. 130, Jalan A16",Kuala Lumpur,Wilayah Persekutuan,17390,2025-05-13
34307,Wan Ying,binti Ismail,45,Female,015-8534983,1980-10-27,wan34307@gmail.com,Bronze,"No. 270, Jalan F17",Ipoh,Perak,58470,2025-12-12
34308,Divya,Hassan,29,Female,017-7753850,1996-03-28,divya34308@gmail.com,Bronze,"No. 170, Jalan G20",Kuala Lumpur,Wilayah Persekutuan,43893,2025-11-10
34309,Nadia,Teoh,50,Female,018-6825925,1975-02-25,nadia34309@gmail.com,Bronze,"No. 228, Jalan C3",Ipoh,Perak,26835,2025-06-10
34310,Hui Min,Ong,43,Female,014-5646358,1982-03-15,hui34310@gmail.com,Silver,"No. 131, Jalan D17",Petaling Jaya,Selangor,85699,2025-09-28
34311,Priya,bin Abdullah,29,Female,012-4193736,1996-04-15,priya34311@gmail.com,Bronze,"No. 62, Jalan E19",Kuala Lumpur,Wilayah Persekutuan,97660,2025-09-19
34312,Pei Shan,bin Abdullah,28,Female,016-7606872,1996-08-12,pei34312@gmail.com,Bronze,"No. 278, Jalan F10",Johor Bahru,Johor,51884,2025-07-19
34313,Lakshmi,a/p Subramaniam,47,Female,017-2077107,1977-09-20,lakshmi34313@gmail.com,Silver,"No. 265, Jalan G16",Johor Bahru,Johor,84682,2025-02-14
34314,Nurin,Lim,40,Female,013-5216210,1984-09-24,nurin34314@gmail.com,Platinum,"No. 90, Jalan A18",Kuala Lumpur,Wilayah Persekutuan,80760,2025-08-26
34315,Siti,Lee,49,Female,015-5179980,1976-06-17,siti34315@gmail.com,Bronze,"No. 93, Jalan E5",Petaling Jaya,Selangor,46686,2025-07-08
34316,Faizal,Lee,39,Male,010-1193404,1986-06-26,faizal34316@gmail.com,Silver,"No. 151, Jalan F18",Petaling Jaya,Selangor,74791,2025-11-26
34317,Pei Shan,Yeoh,29,Female,014-7154582,1995-12-09,pei34317@gmail.com,Silver,"No. 215, Jalan E2",Ipoh,Perak,91564,2025-06-10
34318,Divya,Tan,21,Female,014-1569571,2004-07-16,divya34318@gmail.com,Bronze,"No. 160, Jalan F20",Petaling Jaya,Selangor,93653,2025-09-24
34319,Chloe,Lee,27,Female,015-3332051,1997-06-02,chloe34319@gmail.com,Silver,"No. 244, Jalan A9",Johor Bahru,Johor,45595,2025-02-01
34320,Zarina,bin Abdullah,47,Female,014-8512261,1978-08-14,zarina34320@gmail.com,Silver,"No. 25, Jalan D7",Melaka,Melaka,42875,2025-09-06
34321,Yee Ling,Cheah,31,Female,014-1128648,1994-02-09,yee34321@gmail.com,Silver,"No. 22, Jalan F3",Petaling Jaya,Selangor,20016,2025-07-16
34322,Aisyah,Wong,22,Female,016-4023625,2003-02-07,aisyah34322@gmail.com,Bronze,"No. 114, Jalan C17",Ipoh,Perak,26950,2025-09-21
34323,Wei Jie,a/p Subramaniam,40,Male,019-6831470,1984-04-14,wei34323@gmail.com,Silver,"No. 287, Jalan A1",Petaling Jaya,Selangor,26827,2025-03-15
34324,Sharmila,Ong,37,Female,014-7489385,1988-01-15,sharmila34324@gmail.com,Platinum,"No. 267, Jalan A1",Petaling Jaya,Selangor,32260,2025-05-21
34325,Mei Ling,Chong,49,Female,011-8829243,1976-11-06,mei34325@gmail.com,Bronze,"No. 174, Jalan E11",Kuala Lumpur,Wilayah Persekutuan,72300,2025-11-22
34326,Jun Hao,Ong,30,Male,019-3033893,1994-12-06,jun34326@gmail.com,Bronze,"No. 28, Jalan E17",Johor Bahru,Johor,61683,2025-06-24
34327,Wan Ying,Chong,59,Female,019-5040476,1965-10-18,wan34327@gmail.com,Bronze,"No. 65, Jalan G1",Melaka,Melaka,16984,2025-10-17
34328,Nadia,Lee,21,Female,014-7351105,2004-06-19,nadia34328@gmail.com,Bronze,"No. 124, Jalan E4",Ipoh,Perak,78631,2025-09-12
34329,Farah,Hassan,22,Female,015-4910748,2003-03-04,farah34329@gmail.com,Bronze,"No. 263, Jalan G18",Kuala Lumpur,Wilayah Persekutuan,63480,2025-09-19
34330,Xin Yi,Yeoh,55,Female,016-9554665,1969-02-23,xin34330@gmail.com,Bronze,"No. 31, Jalan F5",Johor Bahru,Johor,12236,2025-02-20
34331,Anisa,Lee,59,Female,014-8887154,1966-04-16,anisa34331@gmail.com,Bronze,"No. 56, Jalan G16",Johor Bahru,Johor,83435,2025-06-20
34332,Rohani,Teoh,54,Female,017-1886552,1970-11-10,rohani34332@gmail.com,Silver,"No. 52, Jalan B4",Petaling Jaya,Selangor,77542,2025-05-21
34333,Farah,a/l Subramaniam,42,Female,016-6039716,1983-06-19,farah34333@gmail.com,Silver,"No. 206, Jalan E19",Petaling Jaya,Selangor,16892,2025-10-12
34334,Lakshmi,binti Ismail,28,Female,015-8322181,1996-12-10,lakshmi34334@gmail.com,Silver,"No. 62, Jalan F17",Melaka,Melaka,99622,2025-01-04
34335,Amirul,Lee,30,Male,011-5688049,1994-11-01,amirul34335@gmail.com,Silver,"No. 16, Jalan A12",Johor Bahru,Johor,13419,2025-06-16
34336,Amelia,Chong,45,Female,015-5836642,1979-05-16,amelia34336@gmail.com,Bronze,"No. 276, Jalan D12",Ipoh,Perak,53304,2025-04-05
34337,Alia,a/p Subramaniam,29,Female,014-9538355,1995-02-27,alia34337@gmail.com,Bronze,"No. 169, Jalan B6",Melaka,Melaka,98658,2025-01-26
34338,Amelia,a/p Subramaniam,18,Female,011-3198492,2007-01-14,amelia34338@gmail.com,Platinum,"No. 213, Jalan B8",Ipoh,Perak,59812,2025-11-21
34339,Pei Shan,a/p Subramaniam,23,Female,018-6385918,2001-09-24,pei34339@gmail.com,Silver,"No. 279, Jalan D17",Johor Bahru,Johor,78191,2025-08-07
34340,Farah,Tan,56,Female,017-8431917,1968-12-06,farah34340@gmail.com,Silver,"No. 25, Jalan C1",Petaling Jaya,Selangor,42577,2025-11-03
34341,Yee Ling,Yeoh,18,Female,015-6701038,2006-06-30,yee34341@gmail.com,Bronze,"No. 48, Jalan D6",George Town,Pulau Pinang,88513,2025-02-27
34342,Chloe,a/p Subramaniam,36,Female,016-8500215,1989-04-28,chloe34342@gmail.com,Bronze,"No. 270, Jalan F16",Petaling Jaya,Selangor,24117,2025-08-18
34343,Ling Ling,Wong,41,Female,019-1023251,1983-06-22,ling34343@gmail.com,Silver,"No. 233, Jalan C13",Kuala Lumpur,Wilayah Persekutuan,97585,2025-01-02
34344,Rachel,Cheah,42,Female,014-4249318,1983-09-20,rachel34344@gmail.com,Bronze,"No. 46, Jalan E3",Kuala Lumpur,Wilayah Persekutuan,70595,2025-11-14
34345,Anisa,Cheah,45,Female,014-3214252,1980-07-06,anisa34345@gmail.com,Silver,"No. 293, Jalan C18",Johor Bahru,Johor,33245,2025-10-21
34346,Zhi Wei,bin Abdullah,19,Male,019-9980664,2005-06-07,zhi34346@gmail.com,Bronze,"No. 57, Jalan D13",Ipoh,Perak,84894,2025-05-29
34347,Jasmine,Rahman,55,Female,017-6132545,1969-06-21,jasmine34347@gmail.com,Gold,"No. 144, Jalan E2",Johor Bahru,Johor,74002,2025-04-02
34348,Rachel,Cheah,53,Female,018-5915609,1972-01-02,rachel34348@gmail.com,Silver,"No. 121, Jalan C14",Petaling Jaya,Selangor,81145,2025-10-11
34349,Suresh,Wong,30,Male,013-4403658,1995-02-26,suresh34349@gmail.com,Silver,"No. 121, Jalan G9",Petaling Jaya,Selangor,49235,2025-06-01
34350,Kumar,Lee,45,Male,010-5584416,1980-06-08,kumar34350@gmail.com,Bronze,"No. 47, Jalan C10",Kuala Lumpur,Wilayah Persekutuan,81908,2025-06-21
34351,Alia,binti Ismail,28,Female,013-1778009,1996-10-14,alia34351@gmail.com,Bronze,"No. 29, Jalan C10",Ipoh,Perak,28176,2025-04-10
34352,Wan Ying,a/l Subramaniam,29,Female,014-4768901,1996-04-10,wan34352@gmail.com,Bronze,"No. 177, Jalan B11",Kuala Lumpur,Wilayah Persekutuan,71024,2025-11-24
34353,Jasmine,Goh,21,Female,013-7079081,2003-12-24,jasmine34353@gmail.com,Silver,"No. 52, Jalan E8",Petaling Jaya,Selangor,25999,2025-05-06
34354,Pei Shan,Sim,43,Female,013-1632085,1982-01-31,pei34354@gmail.com,Bronze,"No. 181, Jalan F18",Johor Bahru,Johor,49415,2025-12-09
34355,Kavitha,Lee,56,Female,017-8055464,1969-05-25,kavitha34355@gmail.com,Bronze,"No. 291, Jalan D11",Ipoh,Perak,94362,2025-09-13
34356,Suhaila,Sim,53,Female,015-1660715,1972-03-01,suhaila34356@gmail.com,Bronze,"No. 265, Jalan C4",George Town,Pulau Pinang,65235,2025-05-23
34357,Pei Shan,Lee,59,Female,011-6527970,1966-03-28,pei34357@gmail.com,Bronze,"No. 87, Jalan G20",George Town,Pulau Pinang,35411,2025-04-20
34358,Sharmila,a/p Subramaniam,42,Female,019-1537352,1983-03-18,sharmila34358@gmail.com,Gold,"No. 122, Jalan G8",Petaling Jaya,Selangor,10995,2025-06-22
34359,Nurin,Lee,37,Female,011-4554840,1988-01-05,nurin34359@gmail.com,Bronze,"No. 155, Jalan B5",Petaling Jaya,Selangor,11270,2025-02-17
34360,Wan Ying,binti Ismail,50,Female,010-3241953,1975-09-27,wan34360@gmail.com,Gold,"No. 153, Jalan A17",Ipoh,Perak,84186,2025-10-16
34361,Pei Shan,Rahman,55,Female,018-2466889,1970-08-12,pei34361@gmail.com,Silver,"No. 112, Jalan B15",Ipoh,Perak,11054,2025-11-09
34362,Farah,Ong,59,Female,012-7161312,1965-12-05,farah34362@gmail.com,Bronze,"No. 193, Jalan D9",Johor Bahru,Johor,52606,2025-06-10
34363,Sharmila,Sim,41,Female,018-2674555,1983-10-08,sharmila34363@gmail.com,Bronze,"No. 34, Jalan A18",Petaling Jaya,Selangor,81921,2025-02-13
34364,Suhaila,binti Ismail,23,Female,015-5086174,2002-11-02,suhaila34364@gmail.com,Bronze,"No. 43, Jalan B3",Kuala Lumpur,Wilayah Persekutuan,51770,2025-11-27
34365,Farah,Hassan,33,Female,012-3911752,1991-08-01,farah34365@gmail.com,Bronze,"No. 24, Jalan G20",George Town,Pulau Pinang,23426,2025-05-16
34366,Amelia,Lee,27,Female,019-5688755,1998-05-02,amelia34366@gmail.com,Bronze,"No. 59, Jalan D14",Petaling Jaya,Selangor,12824,2025-05-26
34367,Amirul,Hassan,49,Male,011-7279789,1975-05-13,amirul34367@gmail.com,Bronze,"No. 91, Jalan C6",Melaka,Melaka,25157,2025-04-12
34368,Pei Shan,Hassan,21,Female,010-8912342,2004-01-13,pei34368@gmail.com,Gold,"No. 122, Jalan E18",Kuala Lumpur,Wilayah Persekutuan,60464,2025-06-28
34369,Amelia,Chong,47,Female,017-8255019,1978-01-03,amelia34369@gmail.com,Silver,"No. 277, Jalan C20",Johor Bahru,Johor,21608,2025-05-31
34370,Mei Ling,Lim,38,Female,014-3398665,1986-05-26,mei34370@gmail.com,Silver,"No. 100, Jalan C13",George Town,Pulau Pinang,85676,2025-02-05
34371,Rachel,Lee,56,Female,019-8703228,1968-11-18,rachel34371@gmail.com,Silver,"No. 225, Jalan B10",Ipoh,Perak,36855,2025-10-31
34372,Pei Shan,a/p Subramaniam,54,Female,019-5165110,1970-08-16,pei34372@gmail.com,Bronze,"No. 200, Jalan C4",Kuala Lumpur,Wilayah Persekutuan,78359,2025-05-21
34373,Farah,Wong,33,Female,010-3575378,1992-06-24,farah34373@gmail.com,Bronze,"No. 222, Jalan B3",Johor Bahru,Johor,99143,2025-09-21
34374,Amelia,Hassan,26,Female,011-4576461,1999-05-01,amelia34374@gmail.com,Platinum,"No. 180, Jalan E19",Melaka,Melaka,72226,2025-11-14
34375,Jasmine,Cheah,54,Female,013-4569324,1971-01-17,jasmine34375@gmail.com,Platinum,"No. 86, Jalan C14",Johor Bahru,Johor,46395,2025-05-04
34376,Pei Shan,a/l Subramaniam,27,Female,012-2416647,1997-11-11,pei34376@gmail.com,Silver,"No. 183, Jalan D3",Melaka,Melaka,87820,2025-02-26
34377,Xin Yi,a/p Subramaniam,36,Female,014-5131715,1988-07-14,xin34377@gmail.com,Gold,"No. 83, Jalan A14",Petaling Jaya,Selangor,93132,2025-04-26
34378,Amelia,Chong,32,Female,012-8872991,1992-10-27,amelia34378@gmail.com,Bronze,"No. 239, Jalan F6",Kuala Lumpur,Wilayah Persekutuan,10350,2025-09-05
34379,Rachel,binti Ismail,26,Female,013-5023182,1999-01-09,rachel34379@gmail.com,Bronze,"No. 195, Jalan B17",George Town,Pulau Pinang,63099,2025-10-12
34380,Jasmine,Chong,24,Female,012-5474133,2000-04-16,jasmine34380@gmail.com,Bronze,"No. 132, Jalan C3",Kuala Lumpur,Wilayah Persekutuan,46627,2025-03-21
34381,Ling Ling,Wong,23,Female,019-5739900,2002-10-20,ling34381@gmail.com,Bronze,"No. 193, Jalan C6",Kuala Lumpur,Wilayah Persekutuan,28495,2025-12-07
34382,Arjun,Yeoh,45,Male,015-3669870,1979-11-23,arjun34382@gmail.com,Bronze,"No. 119, Jalan C6",George Town,Pulau Pinang,72262,2025-11-06
34383,Kumar,binti Ismail,53,Male,016-4017265,1971-11-11,kumar34383@gmail.com,Silver,"No. 199, Jalan E10",Johor Bahru,Johor,19856,2025-06-14
34384,Alia,a/l Subramaniam,44,Female,017-5427130,1980-07-09,alia34384@gmail.com,Bronze,"No. 73, Jalan G8",Kuala Lumpur,Wilayah Persekutuan,41564,2025-04-30
34385,Suhaila,bin Abdullah,39,Female,010-5749535,1986-07-17,suhaila34385@gmail.com,Silver,"No. 107, Jalan E6",Kuala Lumpur,Wilayah Persekutuan,88476,2025-07-20
34386,Sharmila,Teoh,52,Female,011-3228174,1972-08-27,sharmila34386@gmail.com,Bronze,"No. 297, Jalan C6",Ipoh,Perak,54066,2025-08-07
34387,Nur Aina,a/l Subramaniam,47,Female,015-6163980,1978-04-05,nur34387@gmail.com,Bronze,"No. 10, Jalan A16",Ipoh,Perak,54597,2025-08-24
34388,Haziq,Lee,52,Male,015-8487822,1972-12-02,haziq34388@gmail.com,Bronze,"No. 245, Jalan E6",Kuala Lumpur,Wilayah Persekutuan,56246,2025-11-21
34389,Zarina,Goh,28,Female,017-1820300,1996-07-29,zarina34389@gmail.com,Bronze,"No. 74, Jalan C6",Ipoh,Perak,76487,2025-04-29
34390,Zhi Wei,Lee,36,Male,018-5993173,1989-02-21,zhi34390@gmail.com,Gold,"No. 78, Jalan B10",Johor Bahru,Johor,43912,2025-12-09
34391,Xin Yi,Wong,38,Female,017-9241458,1987-01-13,xin34391@gmail.com,Silver,"No. 8, Jalan E9",George Town,Pulau Pinang,16071,2025-09-16
34392,Siti,Hassan,26,Female,018-6181675,1999-07-03,siti34392@gmail.com,Bronze,"No. 35, Jalan D8",Petaling Jaya,Selangor,24473,2025-11-24
34393,Aiman,bin Abdullah,42,Male,010-6779389,1982-11-18,aiman34393@gmail.com,Silver,"No. 101, Jalan G10",Johor Bahru,Johor,50968,2025-08-14
34394,Lakshmi,Tan,27,Female,018-6364824,1997-03-16,lakshmi34394@gmail.com,Silver,"No. 8, Jalan D4",Melaka,Melaka,48408,2025-01-06
34395,Yee Ling,binti Ismail,25,Female,018-6252346,1999-08-29,yee34395@gmail.com,Bronze,"No. 24, Jalan F20",Kuala Lumpur,Wilayah Persekutuan,61074,2025-03-01
34396,Nurin,Rahman,55,Female,017-7089854,1969-05-22,nurin34396@gmail.com,Platinum,"No. 232, Jalan A9",Melaka,Melaka,13994,2025-04-12
34397,Chloe,bin Abdullah,53,Female,011-9063297,1972-05-05,chloe34397@gmail.com,Bronze,"No. 187, Jalan G12",Ipoh,Perak,25944,2025-06-19
34398,Sharmila,Tan,57,Female,010-3401837,1967-09-07,sharmila34398@gmail.com,Silver,"No. 253, Jalan F7",Ipoh,Perak,27213,2025-08-04
34399,Sharmila,Lee,47,Female,015-6501577,1977-11-20,sharmila34399@gmail.com,Platinum,"No. 57, Jalan A10",George Town,Pulau Pinang,25968,2025-09-24
34400,Suresh,Hassan,25,Male,010-2346837,1999-06-13,suresh34400@gmail.com,Bronze,"No. 181, Jalan G9",Kuala Lumpur,Wilayah Persekutuan,45480,2025-02-05
34401,Wan Ying,Tan,50,Female,016-7436484,1974-12-20,wan34401@gmail.com,Bronze,"No. 24, Jalan G19",Ipoh,Perak,51993,2025-11-16
34402,Sharmila,Ong,47,Female,018-8626002,1978-07-16,sharmila34402@gmail.com,Bronze,"No. 130, Jalan C7",George Town,Pulau Pinang,95970,2025-08-04
34403,Hui Min,Tan,53,Female,018-1572535,1972-11-11,hui34403@gmail.com,Gold,"No. 163, Jalan A11",Petaling Jaya,Selangor,87942,2025-11-18
34404,Alia,Goh,25,Female,018-8851625,1999-09-11,alia34404@gmail.com,Gold,"No. 11, Jalan E15",Petaling Jaya,Selangor,80906,2025-05-21
34405,Yee Ling,Teoh,51,Female,011-5396686,1974-05-10,yee34405@gmail.com,Platinum,"No. 179, Jalan B15",George Town,Pulau Pinang,31987,2025-07-03
34406,Xin Yi,Sim,46,Female,014-7334712,1978-06-30,xin34406@gmail.com,Gold,"No. 39, Jalan E14",Petaling Jaya,Selangor,35883,2025-05-08
34407,Nurin,Chong,44,Female,016-1671380,1980-12-07,nurin34407@gmail.com,Gold,"No. 293, Jalan A20",Ipoh,Perak,99075,2025-08-22
34408,Nurin,Sim,28,Female,016-4046895,1997-01-20,nurin34408@gmail.com,Silver,"No. 170, Jalan G10",Petaling Jaya,Selangor,26280,2025-07-03
34409,Lakshmi,Lim,24,Female,010-3620696,2000-10-02,lakshmi34409@gmail.com,Bronze,"No. 150, Jalan F16",Melaka,Melaka,80619,2025-01-10
34410,Aisyah,Tan,57,Female,018-6916191,1968-07-03,aisyah34410@gmail.com,Bronze,"No. 252, Jalan G9",Melaka,Melaka,40732,2025-08-15
34411,Alia,Wong,53,Female,012-9291623,1972-04-04,alia34411@gmail.com,Bronze,"No. 277, Jalan C11",Petaling Jaya,Selangor,59631,2025-12-14
34412,Aisyah,Sim,53,Female,013-8121435,1971-08-02,aisyah34412@gmail.com,Bronze,"No. 67, Jalan G8",George Town,Pulau Pinang,70851,2025-01-27
34413,Xin Yi,Lim,33,Female,015-6755758,1991-03-24,xin34413@gmail.com,Bronze,"No. 177, Jalan F11",Johor Bahru,Johor,63281,2025-01-08
34414,Alia,Sim,37,Female,019-4929816,1987-08-07,alia34414@gmail.com,Silver,"No. 238, Jalan D10",Petaling Jaya,Selangor,65303,2025-04-17
34415,Rohani,Cheah,29,Female,016-8690402,1996-10-22,rohani34415@gmail.com,Bronze,"No. 78, Jalan E14",Kuala Lumpur,Wilayah Persekutuan,63403,2025-11-02
34416,Faizal,a/p Subramaniam,23,Male,019-8211478,2001-08-01,faizal34416@gmail.com,Bronze,"No. 49, Jalan A14",Ipoh,Perak,27435,2025-04-23
34417,Mei Ling,Chong,45,Female,016-8747348,1980-07-19,mei34417@gmail.com,Bronze,"No. 63, Jalan D11",George Town,Pulau Pinang,37974,2025-07-23
34418,Lakshmi,Ong,30,Female,013-2576704,1994-12-04,lakshmi34418@gmail.com,Bronze,"No. 175, Jalan C1",Melaka,Melaka,98001,2025-04-30
34419,Suhaila,Chong,31,Female,013-1738984,1993-07-10,suhaila34419@gmail.com,Platinum,"No. 245, Jalan F2",Kuala Lumpur,Wilayah Persekutuan,20921,2025-04-23
34420,Siti,Rahman,39,Female,012-7574096,1986-11-09,siti34420@gmail.com,Bronze,"No. 152, Jalan A18",Johor Bahru,Johor,71869,2025-11-16
34421,Sharmila,Tan,22,Female,014-4788811,2003-02-20,sharmila34421@gmail.com,Silver,"No. 2, Jalan D13",Petaling Jaya,Selangor,63842,2025-07-20
34422,Chloe,Hassan,31,Female,011-1492189,1994-07-30,chloe34422@gmail.com,Silver,"No. 50, Jalan E12",Johor Bahru,Johor,55460,2025-08-25
34423,Kok Wai,a/l Subramaniam,32,Male,017-4216629,1992-12-09,kok34423@gmail.com,Gold,"No. 129, Jalan C6",Petaling Jaya,Selangor,64973,2025-10-31
34424,Amelia,Wong,20,Female,014-7151610,2005-07-11,amelia34424@gmail.com,Silver,"No. 83, Jalan G6",Ipoh,Perak,45399,2025-10-23
34425,Nur Aina,Goh,46,Female,015-4463180,1979-06-13,nur34425@gmail.com,Bronze,"No. 54, Jalan G5",Johor Bahru,Johor,74683,2025-11-13
34426,Hui Min,Hassan,25,Female,016-2171138,2000-03-03,hui34426@gmail.com,Bronze,"No. 177, Jalan A5",Johor Bahru,Johor,31120,2025-05-13
34427,Haziq,a/p Subramaniam,59,Male,014-7002314,1966-11-21,haziq34427@gmail.com,Silver,"No. 133, Jalan F6",Melaka,Melaka,63178,2025-12-11
34428,Mei Ling,Teoh,58,Female,017-4515291,1966-12-01,mei34428@gmail.com,Gold,"No. 151, Jalan A10",Johor Bahru,Johor,88277,2025-10-02
34429,Lakshmi,Goh,38,Female,010-1278237,1987-01-06,lakshmi34429@gmail.com,Platinum,"No. 147, Jalan F9",Melaka,Melaka,24093,2025-07-06
34430,Hui Min,Lee,54,Female,012-6235454,1970-07-20,hui34430@gmail.com,Bronze,"No. 27, Jalan D10",Petaling Jaya,Selangor,15199,2025-03-16
34431,Aiman,binti Ismail,47,Male,018-7494133,1978-10-27,aiman34431@gmail.com,Bronze,"No. 66, Jalan B11",Petaling Jaya,Selangor,50957,2025-11-24
34432,Divya,bin Abdullah,36,Female,019-8913603,1988-08-01,divya34432@gmail.com,Bronze,"No. 227, Jalan A8",Johor Bahru,Johor,70847,2025-05-21
34433,Aisyah,Tan,40,Female,010-6275087,1984-11-02,aisyah34433@gmail.com,Bronze,"No. 212, Jalan G6",Ipoh,Perak,74195,2025-08-12
34434,Nur Aina,binti Ismail,28,Female,010-8267578,1997-05-05,nur34434@gmail.com,Silver,"No. 48, Jalan C11",Kuala Lumpur,Wilayah Persekutuan,54705,2025-05-22
34435,Rohani,Teoh,52,Female,011-9556191,1973-01-02,rohani34435@gmail.com,Silver,"No. 33, Jalan E3",Johor Bahru,Johor,89988,2025-07-22
34436,Anisa,Yeoh,58,Female,018-3328445,1966-09-24,anisa34436@gmail.com,Bronze,"No. 203, Jalan G11",Kuala Lumpur,Wilayah Persekutuan,14710,2025-04-12
34437,Chloe,Rahman,55,Female,018-2319973,1970-02-27,chloe34437@gmail.com,Silver,"No. 181, Jalan D12",Petaling Jaya,Selangor,76788,2025-03-07
34438,Sharmila,Yeoh,52,Female,012-3375933,1973-06-26,sharmila34438@gmail.com,Platinum,"No. 40, Jalan C8",Ipoh,Perak,82593,2025-11-08
34439,Divya,Goh,42,Female,014-8762895,1983-08-08,divya34439@gmail.com,Bronze,"No. 85, Jalan C3",Kuala Lumpur,Wilayah Persekutuan,97222,2025-10-10
34440,Xin Yi,Sim,37,Female,013-4368235,1988-06-24,xin34440@gmail.com,Bronze,"No. 241, Jalan F10",Ipoh,Perak,12775,2025-09-03
34441,Mei Ling,Wong,47,Female,017-2422028,1977-09-11,mei34441@gmail.com,Bronze,"No. 24, Jalan E9",Johor Bahru,Johor,28462,2025-06-22
34442,Nurin,Lim,36,Female,017-7518079,1988-12-26,nurin34442@gmail.com,Bronze,"No. 99, Jalan G10",Kuala Lumpur,Wilayah Persekutuan,70823,2025-03-03
34443,Zarina,Lim,54,Female,019-8846853,1970-08-31,zarina34443@gmail.com,Bronze,"No. 260, Jalan F6",Petaling Jaya,Selangor,31868,2025-03-31
34444,Suresh,Sim,35,Male,012-5195622,1989-09-24,suresh34444@gmail.com,Silver,"No. 145, Jalan A16",Petaling Jaya,Selangor,80399,2025-04-23
34445,Siti,binti Ismail,37,Female,018-6316464,1988-07-11,siti34445@gmail.com,Bronze,"No. 246, Jalan E5",George Town,Pulau Pinang,84661,2025-09-06
34446,Jasmine,Yeoh,34,Female,015-2515445,1990-12-07,jasmine34446@gmail.com,Bronze,"No. 40, Jalan F8",Kuala Lumpur,Wilayah Persekutuan,85527,2025-11-29
34447,Hui Min,Tan,20,Female,018-5260548,2005-03-29,hui34447@gmail.com,Bronze,"No. 254, Jalan A9",Ipoh,Perak,44946,2025-04-02
34448,Kavitha,Hassan,25,Female,010-2026963,2000-04-18,kavitha34448@gmail.com,Platinum,"No. 74, Jalan B6",Ipoh,Perak,99011,2025-04-28
34449,Yee Ling,Teoh,51,Female,012-3115487,1973-07-04,yee34449@gmail.com,Bronze,"No. 191, Jalan A5",Melaka,Melaka,14463,2025-04-12
34450,Siti,Rahman,30,Female,012-8874832,1995-09-04,siti34450@gmail.com,Bronze,"No. 204, Jalan B14",Kuala Lumpur,Wilayah Persekutuan,33966,2025-09-14
34451,Nadia,Cheah,21,Female,016-4232278,2003-09-02,nadia34451@gmail.com,Platinum,"No. 286, Jalan E2",Petaling Jaya,Selangor,99483,2025-04-19
34452,Divya,Tan,44,Female,010-4691902,1981-01-05,divya34452@gmail.com,Silver,"No. 113, Jalan F4",Kuala Lumpur,Wilayah Persekutuan,58599,2025-04-25
34453,Amirul,Cheah,38,Male,012-4925499,1986-03-12,amirul34453@gmail.com,Silver,"No. 185, Jalan E17",Kuala Lumpur,Wilayah Persekutuan,82725,2025-01-06
34454,Xin Yi,Teoh,49,Female,011-4700230,1976-02-06,xin34454@gmail.com,Bronze,"No. 267, Jalan A2",Petaling Jaya,Selangor,83250,2025-10-05
34455,Kavitha,Sim,31,Female,019-1167107,1993-11-06,kavitha34455@gmail.com,Silver,"No. 3, Jalan D18",Ipoh,Perak,51366,2025-09-08
34456,Amelia,Ong,42,Female,016-6853902,1983-03-04,amelia34456@gmail.com,Platinum,"No. 297, Jalan G16",Kuala Lumpur,Wilayah Persekutuan,59678,2025-05-12
34457,Chloe,Rahman,22,Female,016-4509095,2003-06-18,chloe34457@gmail.com,Platinum,"No. 75, Jalan C10",Melaka,Melaka,35236,2025-11-04
34458,Mei Ling,Ong,24,Female,018-6321533,2001-06-21,mei34458@gmail.com,Silver,"No. 161, Jalan A4",Petaling Jaya,Selangor,30853,2025-08-09
34459,Nadia,Yeoh,48,Female,012-4035967,1976-08-11,nadia34459@gmail.com,Bronze,"No. 24, Jalan E3",Johor Bahru,Johor,69719,2025-06-06
34460,Nurin,Sim,32,Female,011-5856836,1993-06-21,nurin34460@gmail.com,Bronze,"No. 168, Jalan C18",Petaling Jaya,Selangor,22002,2025-10-08
34461,Yee Ling,Sim,43,Female,012-4100346,1981-05-24,yee34461@gmail.com,Gold,"No. 168, Jalan E11",Kuala Lumpur,Wilayah Persekutuan,92154,2025-01-11
34462,Pei Shan,Hassan,40,Female,019-9450304,1984-02-15,pei34462@gmail.com,Gold,"No. 153, Jalan C1",George Town,Pulau Pinang,23963,2025-01-28
34463,Chloe,Goh,52,Female,011-6607413,1973-05-24,chloe34463@gmail.com,Gold,"No. 216, Jalan C11",Johor Bahru,Johor,18330,2025-06-07
34464,Siti,Lee,46,Female,010-7264825,1978-09-04,siti34464@gmail.com,Silver,"No. 82, Jalan F16",Ipoh,Perak,71934,2025-02-06
34465,Amelia,Hassan,54,Female,019-5662131,1970-07-02,amelia34465@gmail.com,Bronze,"No. 66, Jalan B15",Ipoh,Perak,80076,2025-03-02
34466,Kavitha,Cheah,46,Female,010-6695753,1979-04-03,kavitha34466@gmail.com,Platinum,"No. 171, Jalan C10",Ipoh,Perak,77199,2025-11-11
34467,Pei Shan,Yeoh,28,Female,019-5626011,1997-01-13,pei34467@gmail.com,Bronze,"No. 54, Jalan F6",Kuala Lumpur,Wilayah Persekutuan,20891,2025-09-24
34468,Priya,binti Ismail,29,Female,012-1250633,1996-03-11,priya34468@gmail.com,Bronze,"No. 9, Jalan B17",Kuala Lumpur,Wilayah Persekutuan,61438,2025-04-24
34469,Yee Ling,Lee,27,Female,010-1008129,1997-05-26,yee34469@gmail.com,Gold,"No. 53, Jalan E9",Melaka,Melaka,92940,2025-04-20
34470,Lakshmi,Lim,53,Female,013-7114793,1972-03-17,lakshmi34470@gmail.com,Bronze,"No. 145, Jalan B10",George Town,Pulau Pinang,72416,2025-10-30
34471,Wan Ying,Teoh,26,Female,016-8728034,1998-09-22,wan34471@gmail.com,Silver,"No. 219, Jalan B5",Petaling Jaya,Selangor,10349,2025-03-23
34472,Kavitha,Chong,35,Female,012-4236304,1990-02-25,kavitha34472@gmail.com,Bronze,"No. 291, Jalan E1",Melaka,Melaka,93379,2025-06-03
34473,Lakshmi,Yeoh,57,Female,016-6987031,1967-07-01,lakshmi34473@gmail.com,Silver,"No. 184, Jalan C2",Johor Bahru,Johor,47687,2025-02-07
34474,Amelia,binti Ismail,38,Female,015-5116278,1986-06-20,amelia34474@gmail.com,Silver,"No. 216, Jalan E12",Kuala Lumpur,Wilayah Persekutuan,66724,2025-05-13
34475,Nadia,Cheah,47,Female,013-7201256,1978-04-13,nadia34475@gmail.com,Bronze,"No. 68, Jalan A12",Johor Bahru,Johor,10340,2025-08-03
34476,Yee Ling,binti Ismail,51,Female,012-4878459,1974-08-10,yee34476@gmail.com,Bronze,"No. 192, Jalan D12",Ipoh,Perak,36133,2025-10-10
34477,Haziq,Goh,36,Male,014-3267279,1988-09-03,haziq34477@gmail.com,Bronze,"No. 153, Jalan A6",Ipoh,Perak,38634,2025-08-05
34478,Amelia,Yeoh,31,Female,015-3650316,1994-10-20,amelia34478@gmail.com,Silver,"No. 143, Jalan B15",Petaling Jaya,Selangor,44522,2025-11-21
34479,Rohani,Sim,49,Female,010-3132572,1976-08-14,rohani34479@gmail.com,Bronze,"No. 87, Jalan D20",Kuala Lumpur,Wilayah Persekutuan,52818,2025-09-23
34480,Nadia,Lee,51,Female,015-7367868,1973-12-26,nadia34480@gmail.com,Silver,"No. 262, Jalan A19",Kuala Lumpur,Wilayah Persekutuan,47339,2025-03-03
34481,Xin Yi,Chong,26,Female,018-9485396,1998-03-18,xin34481@gmail.com,Bronze,"No. 47, Jalan B19",Melaka,Melaka,27308,2025-03-05
34482,Kumar,Tan,21,Male,014-1638680,2003-12-25,kumar34482@gmail.com,Gold,"No. 163, Jalan A1",Petaling Jaya,Selangor,24394,2025-06-02
34483,Chloe,binti Ismail,53,Female,016-4962404,1972-08-03,chloe34483@gmail.com,Bronze,"No. 82, Jalan G20",George Town,Pulau Pinang,95833,2025-09-10
34484,Nadia,Hassan,58,Female,018-8060244,1967-05-16,nadia34484@gmail.com,Bronze,"No. 185, Jalan G10",Petaling Jaya,Selangor,35476,2025-12-10
34485,Pei Shan,Ong,20,Female,011-9603865,2004-09-08,pei34485@gmail.com,Silver,"No. 253, Jalan D8",Melaka,Melaka,41448,2025-01-05
34486,Farah,Sim,41,Female,010-8883970,1984-03-25,farah34486@gmail.com,Bronze,"No. 296, Jalan F7",Johor Bahru,Johor,70229,2025-09-01
34487,Faizal,Ong,29,Male,011-1959040,1996-04-16,faizal34487@gmail.com,Bronze,"No. 169, Jalan D11",Kuala Lumpur,Wilayah Persekutuan,64349,2025-08-31
34488,Rachel,Tan,36,Female,019-8730081,1988-05-31,rachel34488@gmail.com,Silver,"No. 72, Jalan D3",Ipoh,Perak,78996,2025-01-13
34489,Suhaila,Goh,40,Female,018-9916815,1985-07-09,suhaila34489@gmail.com,Bronze,"No. 254, Jalan A7",Petaling Jaya,Selangor,30183,2025-10-30
34490,Sharmila,Cheah,39,Female,014-5983684,1986-01-18,sharmila34490@gmail.com,Silver,"No. 127, Jalan B2",Johor Bahru,Johor,64980,2025-03-27
34491,Rohani,Cheah,18,Female,013-1640539,2006-07-18,rohani34491@gmail.com,Bronze,"No. 248, Jalan B1",George Town,Pulau Pinang,85811,2025-04-23
34492,Wan Ying,Ong,25,Female,013-4271433,2000-02-10,wan34492@gmail.com,Silver,"No. 250, Jalan B17",Petaling Jaya,Selangor,50655,2025-06-03
34493,Amirul,Chong,49,Male,015-2737856,1976-03-07,amirul34493@gmail.com,Gold,"No. 243, Jalan B7",Ipoh,Perak,79631,2025-04-21
34494,Rachel,Tan,55,Female,019-1566715,1970-04-06,rachel34494@gmail.com,Silver,"No. 91, Jalan F14",Petaling Jaya,Selangor,10369,2025-05-28
34495,Nadia,Tan,44,Female,010-1990523,1980-09-21,nadia34495@gmail.com,Bronze,"No. 273, Jalan F7",Petaling Jaya,Selangor,40342,2025-04-16
34496,Wan Ying,Rahman,20,Female,012-2021758,2005-07-08,wan34496@gmail.com,Bronze,"No. 296, Jalan G15",Petaling Jaya,Selangor,84711,2025-12-08
34497,Suhaila,Ong,27,Female,015-6703783,1998-04-14,suhaila34497@gmail.com,Silver,"No. 246, Jalan A10",Kuala Lumpur,Wilayah Persekutuan,72198,2025-10-24
34498,Zhi Wei,Lee,24,Male,010-2045422,2001-01-25,zhi34498@gmail.com,Bronze,"No. 70, Jalan G10",Johor Bahru,Johor,21587,2025-08-18
34499,Zarina,Tan,48,Female,013-7366917,1977-12-03,zarina34499@gmail.com,Silver,"No. 40, Jalan C17",Ipoh,Perak,33030,2025-12-13
34500,Alia,Yeoh,26,Female,013-8758025,1999-05-01,alia34500@gmail.com,Bronze,"No. 54, Jalan A10",Johor Bahru,Johor,11700,2025-08-17
34501,Ling Ling,binti Ismail,57,Female,012-5641466,1967-10-05,ling34501@gmail.com,Bronze,"No. 159, Jalan A2",Kuala Lumpur,Wilayah Persekutuan,12438,2025-08-25
34502,Wan Ying,Teoh,46,Female,010-4134390,1979-02-12,wan34502@gmail.com,Silver,"No. 190, Jalan C5",Johor Bahru,Johor,43021,2025-04-21
34503,Rajesh,Sim,54,Male,013-4804467,1970-04-03,rajesh34503@gmail.com,Gold,"No. 28, Jalan F5",Ipoh,Perak,63477,2025-03-24
34504,Farah,a/p Subramaniam,45,Female,010-3692180,1979-11-15,farah34504@gmail.com,Gold,"No. 71, Jalan C20",George Town,Pulau Pinang,89917,2025-03-18
34505,Suhaila,Wong,30,Female,012-2272756,1995-07-09,suhaila34505@gmail.com,Bronze,"No. 174, Jalan C16",Johor Bahru,Johor,44062,2025-12-02
34506,Rachel,a/l Subramaniam,49,Female,011-5472979,1975-03-18,rachel34506@gmail.com,Bronze,"No. 278, Jalan B14",Kuala Lumpur,Wilayah Persekutuan,14608,2025-02-21
34507,Mei Ling,Ong,40,Female,018-2962335,1985-01-30,mei34507@gmail.com,Bronze,"No. 191, Jalan B3",Ipoh,Perak,64105,2025-07-03
34508,Aisyah,binti Ismail,53,Female,018-5045469,1971-08-28,aisyah34508@gmail.com,Silver,"No. 55, Jalan F14",Melaka,Melaka,19238,2025-04-20
34509,Arjun,Chong,29,Male,015-1137745,1996-02-23,arjun34509@gmail.com,Silver,"No. 214, Jalan E16",Kuala Lumpur,Wilayah Persekutuan,91585,2025-11-09
34510,Kok Wai,Teoh,27,Male,010-6005331,1997-10-04,kok34510@gmail.com,Bronze,"No. 155, Jalan G20",Kuala Lumpur,Wilayah Persekutuan,56325,2025-05-17
34511,Aisyah,Rahman,44,Female,018-5095860,1981-01-01,aisyah34511@gmail.com,Silver,"No. 23, Jalan B16",Petaling Jaya,Selangor,54304,2025-12-08
34512,Nurin,Wong,59,Female,014-1115623,1965-01-23,nurin34512@gmail.com,Bronze,"No. 250, Jalan A12",Ipoh,Perak,47463,2025-01-05
34513,Amelia,Lim,23,Female,017-7949444,2001-12-15,amelia34513@gmail.com,Bronze,"No. 151, Jalan C17",Ipoh,Perak,36728,2025-03-11
34514,Hui Min,a/p Subramaniam,32,Female,015-4973055,1993-03-22,hui34514@gmail.com,Silver,"No. 76, Jalan F14",Petaling Jaya,Selangor,26121,2025-08-12
34515,Amelia,Ong,59,Female,011-7187641,1965-09-14,amelia34515@gmail.com,Bronze,"No. 30, Jalan C18",Ipoh,Perak,24839,2025-01-03
34516,Farah,Ong,54,Female,014-8155862,1970-10-15,farah34516@gmail.com,Bronze,"No. 187, Jalan B18",George Town,Pulau Pinang,70734,2025-01-22
34517,Jasmine,Goh,34,Female,017-3484863,1991-03-27,jasmine34517@gmail.com,Bronze,"No. 231, Jalan E15",Johor Bahru,Johor,46577,2025-06-20
34518,Anisa,Lim,18,Female,018-4218806,2006-06-26,anisa34518@gmail.com,Silver,"No. 66, Jalan G9",Petaling Jaya,Selangor,50930,2025-05-02
34519,Haziq,Lee,40,Male,019-9734264,1985-01-24,haziq34519@gmail.com,Gold,"No. 292, Jalan A11",George Town,Pulau Pinang,37064,2025-09-17
34520,Xin Yi,Rahman,54,Female,017-4291868,1971-05-02,xin34520@gmail.com,Silver,"No. 168, Jalan C5",Ipoh,Perak,21617,2025-07-05
34521,Amelia,Hassan,44,Female,013-9405555,1981-04-28,amelia34521@gmail.com,Bronze,"No. 69, Jalan E19",Kuala Lumpur,Wilayah Persekutuan,62986,2025-07-11
34522,Farah,Teoh,44,Female,015-2258208,1980-07-05,farah34522@gmail.com,Gold,"No. 12, Jalan G10",Ipoh,Perak,92108,2025-05-05
34523,Rohani,Cheah,19,Female,013-7419238,2005-09-07,rohani34523@gmail.com,Gold,"No. 140, Jalan G13",Kuala Lumpur,Wilayah Persekutuan,13176,2025-02-13
34524,Kumar,Ong,24,Male,012-9024896,2000-11-01,kumar34524@gmail.com,Bronze,"No. 130, Jalan E3",Johor Bahru,Johor,36889,2025-09-29
34525,Hui Min,Rahman,24,Female,015-4565358,2001-06-11,hui34525@gmail.com,Silver,"No. 117, Jalan E8",Johor Bahru,Johor,49552,2025-12-13
34526,Kumar,Chong,55,Male,016-5801868,1969-12-09,kumar34526@gmail.com,Bronze,"No. 161, Jalan D13",Johor Bahru,Johor,42310,2025-03-29
34527,Wan Ying,Teoh,26,Female,015-9387800,1999-08-30,wan34527@gmail.com,Bronze,"No. 168, Jalan C1",Kuala Lumpur,Wilayah Persekutuan,43842,2025-08-31
34528,Wan Ying,Teoh,44,Female,010-2720438,1980-11-28,wan34528@gmail.com,Bronze,"No. 267, Jalan F20",Johor Bahru,Johor,87012,2025-02-18
34529,Rachel,Hassan,59,Female,016-4805557,1966-04-25,rachel34529@gmail.com,Bronze,"No. 14, Jalan G8",Petaling Jaya,Selangor,40007,2025-11-28
34530,Zarina,Lim,55,Female,018-7655634,1969-04-08,zarina34530@gmail.com,Bronze,"No. 65, Jalan G17",Johor Bahru,Johor,55996,2025-03-22
34531,Xin Yi,Hassan,36,Female,019-4101520,1988-10-19,xin34531@gmail.com,Silver,"No. 31, Jalan C17",Melaka,Melaka,57202,2025-10-18
34532,Yee Ling,Lim,38,Female,018-8403998,1986-04-09,yee34532@gmail.com,Silver,"No. 135, Jalan F15",Petaling Jaya,Selangor,20230,2025-03-30
34533,Divya,Tan,57,Female,012-2882433,1967-06-21,divya34533@gmail.com,Silver,"No. 76, Jalan E17",Johor Bahru,Johor,43030,2025-04-19
34534,Ling Ling,Tan,49,Female,017-2507419,1975-04-08,ling34534@gmail.com,Bronze,"No. 156, Jalan A1",Kuala Lumpur,Wilayah Persekutuan,26808,2025-03-29
34535,Hui Min,Cheah,57,Female,010-7453145,1967-08-23,hui34535@gmail.com,Silver,"No. 39, Jalan G16",Ipoh,Perak,67901,2025-03-17
34536,Xin Yi,Cheah,29,Female,015-7954818,1996-07-19,xin34536@gmail.com,Platinum,"No. 103, Jalan C10",Johor Bahru,Johor,31238,2025-11-10
34537,Priya,Yeoh,22,Female,014-8737197,2002-10-29,priya34537@gmail.com,Bronze,"No. 24, Jalan F4",Melaka,Melaka,24057,2025-08-19
34538,Rohani,Ong,59,Female,012-6461567,1966-04-04,rohani34538@gmail.com,Bronze,"No. 223, Jalan D3",Ipoh,Perak,35709,2025-07-16
34539,Rohani,Chong,32,Female,013-6264420,1992-07-01,rohani34539@gmail.com,Bronze,"No. 74, Jalan A2",Johor Bahru,Johor,55144,2025-05-30
34540,Xin Yi,Lim,32,Female,010-9188498,1993-05-09,xin34540@gmail.com,Bronze,"No. 3, Jalan E13",Petaling Jaya,Selangor,60979,2025-10-10
34541,Nurin,binti Ismail,36,Female,011-5377030,1989-01-31,nurin34541@gmail.com,Gold,"No. 84, Jalan B10",Petaling Jaya,Selangor,37834,2025-07-21
34542,Amirul,Tan,24,Male,017-6131782,2001-07-30,amirul34542@gmail.com,Gold,"No. 96, Jalan E9",Johor Bahru,Johor,62852,2025-10-13
34543,Rachel,Cheah,38,Female,015-1450246,1986-03-23,rachel34543@gmail.com,Bronze,"No. 249, Jalan B13",Kuala Lumpur,Wilayah Persekutuan,64260,2025-01-20
34544,Zarina,Teoh,38,Female,018-3144967,1986-08-09,zarina34544@gmail.com,Platinum,"No. 154, Jalan D14",Kuala Lumpur,Wilayah Persekutuan,16804,2025-01-24
34545,Haziq,Wong,33,Male,017-2657923,1992-02-12,haziq34545@gmail.com,Silver,"No. 56, Jalan E17",Petaling Jaya,Selangor,46921,2025-06-09
34546,Kavitha,Goh,44,Female,018-5010531,1980-03-27,kavitha34546@gmail.com,Bronze,"No. 272, Jalan G18",Ipoh,Perak,79971,2025-02-05
34547,Kavitha,Lim,46,Female,011-2742262,1979-08-27,kavitha34547@gmail.com,Bronze,"No. 138, Jalan C7",Melaka,Melaka,81407,2025-08-28
34548,Siti,Tan,21,Female,011-6731881,2003-09-24,siti34548@gmail.com,Bronze,"No. 65, Jalan A5",Ipoh,Perak,40075,2025-03-07
34549,Farah,Rahman,30,Female,012-2406113,1994-08-08,farah34549@gmail.com,Platinum,"No. 6, Jalan C18",Petaling Jaya,Selangor,26801,2025-07-17
34550,Suhaila,Rahman,22,Female,015-5645338,2002-04-26,suhaila34550@gmail.com,Bronze,"No. 190, Jalan D7",Petaling Jaya,Selangor,21292,2025-02-13
34551,Jasmine,Chong,36,Female,015-8834604,1988-12-14,jasmine34551@gmail.com,Silver,"No. 290, Jalan F13",Melaka,Melaka,15039,2025-05-29
34552,Mei Ling,Lee,44,Female,018-8063602,1981-01-30,mei34552@gmail.com,Gold,"No. 281, Jalan E4",Melaka,Melaka,68302,2025-06-07
34553,Wan Ying,Rahman,43,Female,016-3469620,1981-07-31,wan34553@gmail.com,Bronze,"No. 54, Jalan C6",Kuala Lumpur,Wilayah Persekutuan,18413,2025-01-03
34554,Mei Ling,Goh,51,Female,016-5903113,1974-05-08,mei34554@gmail.com,Silver,"No. 232, Jalan C7",Kuala Lumpur,Wilayah Persekutuan,98716,2025-10-21
34555,Alia,Wong,50,Female,014-8969821,1974-11-30,alia34555@gmail.com,Platinum,"No. 105, Jalan D17",George Town,Pulau Pinang,62701,2025-05-28
34556,Nadia,Hassan,33,Female,015-4862979,1991-10-24,nadia34556@gmail.com,Bronze,"No. 101, Jalan B10",Petaling Jaya,Selangor,53292,2025-03-27
34557,Wan Ying,bin Abdullah,22,Female,012-2995027,2003-02-24,wan34557@gmail.com,Bronze,"No. 56, Jalan G11",George Town,Pulau Pinang,34359,2025-04-17
34558,Amelia,a/p Subramaniam,21,Female,017-8842038,2003-12-26,amelia34558@gmail.com,Silver,"No. 255, Jalan F2",Johor Bahru,Johor,44140,2025-08-18
34559,Chloe,Teoh,48,Female,010-2479155,1977-06-30,chloe34559@gmail.com,Bronze,"No. 8, Jalan C5",George Town,Pulau Pinang,12206,2025-10-11
34560,Siti,Wong,34,Female,012-2338029,1991-02-11,siti34560@gmail.com,Bronze,"No. 226, Jalan G19",Petaling Jaya,Selangor,84829,2025-10-22
34561,Amelia,Lim,29,Female,011-4912206,1995-11-08,amelia34561@gmail.com,Bronze,"No. 207, Jalan F14",Johor Bahru,Johor,65155,2025-07-28
34562,Nur Aina,Ong,27,Female,015-3077665,1997-12-11,nur34562@gmail.com,Bronze,"No. 206, Jalan G15",Kuala Lumpur,Wilayah Persekutuan,63415,2025-02-27
34563,Nadia,Wong,22,Female,011-1844252,2002-09-07,nadia34563@gmail.com,Bronze,"No. 181, Jalan G6",Kuala Lumpur,Wilayah Persekutuan,46626,2025-07-09
34564,Rajesh,a/l Subramaniam,35,Male,013-2570177,1989-11-12,rajesh34564@gmail.com,Gold,"No. 280, Jalan G13",Kuala Lumpur,Wilayah Persekutuan,28141,2025-09-03
34565,Wei Jie,binti Ismail,53,Male,016-2721362,1972-04-25,wei34565@gmail.com,Silver,"No. 195, Jalan C6",Melaka,Melaka,65853,2025-11-28
34566,Rajesh,Goh,24,Male,014-6422154,2001-01-27,rajesh34566@gmail.com,Silver,"No. 37, Jalan A13",Kuala Lumpur,Wilayah Persekutuan,59116,2025-01-30
34567,Kavitha,Sim,26,Female,014-9774534,1999-04-22,kavitha34567@gmail.com,Platinum,"No. 58, Jalan E5",Ipoh,Perak,80600,2025-11-07
34568,Aisyah,Goh,51,Female,013-8071746,1974-02-12,aisyah34568@gmail.com,Silver,"No. 108, Jalan A3",Ipoh,Perak,76346,2025-02-15
34569,Priya,Cheah,44,Female,019-3952627,1980-09-19,priya34569@gmail.com,Gold,"No. 40, Jalan A16",Petaling Jaya,Selangor,58419,2025-09-05
34570,Rajesh,Teoh,43,Male,015-6016781,1981-11-02,rajesh34570@gmail.com,Bronze,"No. 256, Jalan D7",Ipoh,Perak,94100,2025-01-01
34571,Haziq,Ong,39,Male,018-1188633,1985-05-28,haziq34571@gmail.com,Silver,"No. 243, Jalan F14",Johor Bahru,Johor,23139,2025-04-29
34572,Lakshmi,a/p Subramaniam,60,Female,011-6030834,1965-05-01,lakshmi34572@gmail.com,Gold,"No. 11, Jalan D6",Petaling Jaya,Selangor,68698,2025-09-21
34573,Jasmine,Ong,23,Female,014-7637546,2001-09-03,jasmine34573@gmail.com,Platinum,"No. 84, Jalan F18",Ipoh,Perak,23144,2025-03-03
34574,Ling Ling,Rahman,19,Female,012-7576045,2005-07-12,ling34574@gmail.com,Bronze,"No. 67, Jalan G5",Kuala Lumpur,Wilayah Persekutuan,90020,2025-02-20
34575,Rachel,Hassan,25,Female,017-3338201,1999-11-08,rachel34575@gmail.com,Bronze,"No. 136, Jalan F14",Petaling Jaya,Selangor,70184,2025-09-29
34576,Siti,Cheah,47,Female,018-6720416,1977-02-20,siti34576@gmail.com,Bronze,"No. 248, Jalan B10",Kuala Lumpur,Wilayah Persekutuan,97065,2025-02-01
34577,Wan Ying,Lee,52,Female,017-8220160,1972-04-17,wan34577@gmail.com,Silver,"No. 103, Jalan F4",George Town,Pulau Pinang,91539,2025-01-01
34578,Divya,Lee,33,Female,014-1590673,1991-12-19,divya34578@gmail.com,Bronze,"No. 209, Jalan A8",Johor Bahru,Johor,72480,2025-11-07
34579,Aisyah,Chong,50,Female,013-2987243,1975-02-27,aisyah34579@gmail.com,Silver,"No. 235, Jalan C6",Kuala Lumpur,Wilayah Persekutuan,61523,2025-06-16
34580,Priya,Yeoh,46,Female,014-8316812,1979-09-07,priya34580@gmail.com,Bronze,"No. 251, Jalan E12",Ipoh,Perak,34213,2025-09-18
34581,Rohani,bin Abdullah,46,Female,011-8099017,1978-11-17,rohani34581@gmail.com,Silver,"No. 277, Jalan C9",Kuala Lumpur,Wilayah Persekutuan,66004,2025-05-01
34582,Xin Yi,Goh,51,Female,018-7243437,1974-09-04,xin34582@gmail.com,Bronze,"No. 281, Jalan C13",Johor Bahru,Johor,58484,2025-09-06
34583,Lakshmi,Lee,29,Female,014-3434810,1995-12-02,lakshmi34583@gmail.com,Bronze,"No. 24, Jalan C20",Johor Bahru,Johor,74716,2025-06-22
34584,Suresh,a/l Subramaniam,24,Male,012-6129831,2000-08-24,suresh34584@gmail.com,Bronze,"No. 1, Jalan B10",Petaling Jaya,Selangor,28786,2025-06-13
34585,Zhi Wei,Goh,32,Male,019-4652901,1993-05-17,zhi34585@gmail.com,Silver,"No. 185, Jalan F11",Petaling Jaya,Selangor,94908,2025-07-03
34586,Wan Ying,Lee,33,Female,015-6717136,1991-07-16,wan34586@gmail.com,Bronze,"No. 263, Jalan F14",Ipoh,Perak,72259,2025-01-01
34587,Ling Ling,a/p Subramaniam,24,Female,015-9501975,2001-01-30,ling34587@gmail.com,Bronze,"No. 5, Jalan E11",Kuala Lumpur,Wilayah Persekutuan,40547,2025-09-28
34588,Pei Shan,Goh,43,Female,017-7636304,1982-02-04,pei34588@gmail.com,Silver,"No. 130, Jalan D15",Petaling Jaya,Selangor,53211,2025-10-18
34589,Divya,Cheah,36,Female,017-4809548,1988-10-22,divya34589@gmail.com,Silver,"No. 175, Jalan E18",Ipoh,Perak,55359,2025-05-14
34590,Chloe,Wong,46,Female,016-3423601,1978-12-07,chloe34590@gmail.com,Gold,"No. 230, Jalan A4",Johor Bahru,Johor,79805,2025-11-14
34591,Priya,Wong,27,Female,017-4792315,1997-06-28,priya34591@gmail.com,Silver,"No. 168, Jalan B15",Petaling Jaya,Selangor,45686,2025-05-08
34592,Nur Aina,Wong,55,Female,017-6377243,1969-11-22,nur34592@gmail.com,Silver,"No. 153, Jalan E15",Johor Bahru,Johor,68809,2025-06-17
34593,Farah,Goh,23,Female,018-1930137,2001-10-23,farah34593@gmail.com,Gold,"No. 55, Jalan A2",Melaka,Melaka,95951,2025-03-05
34594,Alia,Chong,24,Female,018-2309447,2000-12-30,alia34594@gmail.com,Bronze,"No. 202, Jalan B8",Petaling Jaya,Selangor,22817,2025-01-09
34595,Rachel,Teoh,27,Female,016-8476877,1997-10-19,rachel34595@gmail.com,Silver,"No. 56, Jalan B18",Ipoh,Perak,72842,2025-05-07
34596,Amirul,Ong,51,Male,017-6988466,1973-12-05,amirul34596@gmail.com,Silver,"No. 106, Jalan B17",Johor Bahru,Johor,97870,2025-03-10
34597,Hui Min,binti Ismail,48,Female,014-1544140,1977-04-19,hui34597@gmail.com,Bronze,"No. 80, Jalan F10",Kuala Lumpur,Wilayah Persekutuan,45786,2025-06-29
34598,Aiman,Chong,41,Male,016-7398916,1984-05-18,aiman34598@gmail.com,Bronze,"No. 161, Jalan E5",Kuala Lumpur,Wilayah Persekutuan,87452,2025-07-23
34599,Kumar,Sim,22,Male,011-5056876,2003-03-24,kumar34599@gmail.com,Bronze,"No. 84, Jalan C16",George Town,Pulau Pinang,21051,2025-04-30
34600,Priya,Tan,23,Female,017-9752502,2001-10-31,priya34600@gmail.com,Bronze,"No. 63, Jalan C20",Johor Bahru,Johor,32049,2025-09-28
34601,Yee Ling,Rahman,28,Female,017-6082557,1996-11-08,yee34601@gmail.com,Bronze,"No. 271, Jalan E4",Petaling Jaya,Selangor,74032,2025-01-07
34602,Ling Ling,Lee,36,Female,010-4741490,1989-03-15,ling34602@gmail.com,Silver,"No. 198, Jalan B15",Ipoh,Perak,65391,2025-07-15
34603,Zarina,Cheah,56,Female,013-8903464,1968-09-11,zarina34603@gmail.com,Bronze,"No. 277, Jalan D16",Ipoh,Perak,21723,2025-07-17
34604,Pei Shan,Cheah,39,Female,011-7083164,1985-12-04,pei34604@gmail.com,Silver,"No. 86, Jalan C19",Kuala Lumpur,Wilayah Persekutuan,85876,2025-07-10
34605,Aisyah,Cheah,30,Female,015-2400456,1994-11-15,aisyah34605@gmail.com,Bronze,"No. 257, Jalan A11",Ipoh,Perak,75560,2025-08-14
34606,Nur Aina,Lim,21,Female,016-5684782,2004-02-23,nur34606@gmail.com,Bronze,"No. 122, Jalan D16",Petaling Jaya,Selangor,70187,2025-02-27
34607,Aiman,Tan,36,Male,012-2543174,1988-06-09,aiman34607@gmail.com,Bronze,"No. 243, Jalan F1",Petaling Jaya,Selangor,27378,2025-02-21
34608,Suhaila,bin Abdullah,30,Female,015-6918717,1994-10-03,suhaila34608@gmail.com,Silver,"No. 262, Jalan E10",George Town,Pulau Pinang,86818,2025-07-13
34609,Anisa,Sim,46,Female,013-7056038,1978-07-27,anisa34609@gmail.com,Bronze,"No. 5, Jalan D4",Petaling Jaya,Selangor,57056,2025-03-28
34610,Chloe,Goh,23,Female,012-7193771,2002-03-11,chloe34610@gmail.com,Silver,"No. 284, Jalan A12",Melaka,Melaka,40930,2025-11-04
34611,Rajesh,binti Ismail,34,Male,015-9837154,1991-03-19,rajesh34611@gmail.com,Silver,"No. 186, Jalan E10",Kuala Lumpur,Wilayah Persekutuan,16898,2025-06-09
34612,Rachel,Lim,24,Female,013-4467805,2001-06-02,rachel34612@gmail.com,Silver,"No. 82, Jalan E10",Johor Bahru,Johor,54064,2025-11-08
34613,Nur Aina,a/p Subramaniam,37,Female,012-9365727,1987-05-27,nur34613@gmail.com,Bronze,"No. 135, Jalan C20",Kuala Lumpur,Wilayah Persekutuan,98138,2025-01-28
34614,Wan Ying,a/l Subramaniam,26,Female,014-8715502,1998-05-16,wan34614@gmail.com,Platinum,"No. 294, Jalan D4",Kuala Lumpur,Wilayah Persekutuan,25924,2025-03-06
34615,Divya,Lim,22,Female,013-5315212,2003-05-01,divya34615@gmail.com,Gold,"No. 79, Jalan C13",Kuala Lumpur,Wilayah Persekutuan,47841,2025-05-07
34616,Xin Yi,a/l Subramaniam,41,Female,013-8951617,1983-12-14,xin34616@gmail.com,Bronze,"No. 92, Jalan C15",Kuala Lumpur,Wilayah Persekutuan,95161,2025-03-17
34617,Pei Shan,Ong,20,Female,010-7533060,2004-12-18,pei34617@gmail.com,Bronze,"No. 51, Jalan G4",Kuala Lumpur,Wilayah Persekutuan,75162,2025-04-09
34618,Alia,Chong,43,Female,016-8915922,1981-09-03,alia34618@gmail.com,Gold,"No. 142, Jalan E10",George Town,Pulau Pinang,66907,2025-03-22
34619,Wei Jie,Teoh,45,Male,019-6334730,1979-04-22,wei34619@gmail.com,Gold,"No. 249, Jalan G4",Petaling Jaya,Selangor,90218,2025-01-11
34620,Yee Ling,Lim,22,Female,016-3689048,2003-07-20,yee34620@gmail.com,Bronze,"No. 245, Jalan D17",Kuala Lumpur,Wilayah Persekutuan,71388,2025-07-25
34621,Pei Shan,Lee,33,Female,013-5785937,1991-09-23,pei34621@gmail.com,Bronze,"No. 209, Jalan E13",George Town,Pulau Pinang,97722,2025-04-18
34622,Farah,Goh,25,Female,011-7155908,2000-04-16,farah34622@gmail.com,Bronze,"No. 157, Jalan G16",Kuala Lumpur,Wilayah Persekutuan,45059,2025-07-12
34623,Zhi Wei,Sim,56,Male,014-2789942,1969-08-22,zhi34623@gmail.com,Bronze,"No. 218, Jalan C16",Melaka,Melaka,86587,2025-11-17
34624,Alia,Cheah,31,Female,011-8341114,1993-04-10,alia34624@gmail.com,Bronze,"No. 114, Jalan D7",Kuala Lumpur,Wilayah Persekutuan,12665,2025-01-25
34625,Kumar,Lee,57,Male,010-4485978,1967-12-07,kumar34625@gmail.com,Silver,"No. 285, Jalan C11",Johor Bahru,Johor,16579,2025-11-04
34626,Wan Ying,Lee,47,Female,017-3646518,1977-05-21,wan34626@gmail.com,Bronze,"No. 178, Jalan E16",Kuala Lumpur,Wilayah Persekutuan,10511,2025-04-07
34627,Faizal,Tan,51,Male,019-1922698,1974-02-19,faizal34627@gmail.com,Silver,"No. 27, Jalan D8",Petaling Jaya,Selangor,28561,2025-03-22
34628,Suhaila,Rahman,27,Female,019-3029576,1998-01-26,suhaila34628@gmail.com,Bronze,"No. 62, Jalan E7",Petaling Jaya,Selangor,36656,2025-09-06
34629,Lakshmi,Hassan,24,Female,016-8925200,2001-01-07,lakshmi34629@gmail.com,Silver,"No. 77, Jalan A20",Kuala Lumpur,Wilayah Persekutuan,72592,2025-01-16
34630,Chloe,Rahman,35,Female,013-7833049,1989-10-21,chloe34630@gmail.com,Gold,"No. 112, Jalan G2",George Town,Pulau Pinang,50992,2025-06-14
34631,Rohani,Yeoh,52,Female,016-9468264,1973-05-26,rohani34631@gmail.com,Bronze,"No. 282, Jalan D1",Ipoh,Perak,77149,2025-06-03
34632,Nur Aina,Goh,31,Female,017-5517346,1994-02-07,nur34632@gmail.com,Gold,"No. 63, Jalan A12",George Town,Pulau Pinang,57500,2025-02-12
34633,Wei Jie,a/p Subramaniam,45,Male,017-5513109,1979-06-18,wei34633@gmail.com,Platinum,"No. 242, Jalan D12",Melaka,Melaka,91790,2025-01-07
34634,Aiman,Wong,32,Male,010-3730291,1993-02-21,aiman34634@gmail.com,Platinum,"No. 135, Jalan B19",Petaling Jaya,Selangor,45178,2025-03-21
34635,Ling Ling,Sim,23,Female,013-1165046,2001-08-27,ling34635@gmail.com,Bronze,"No. 200, Jalan C8",Kuala Lumpur,Wilayah Persekutuan,18361,2025-04-11
34636,Pei Shan,binti Ismail,42,Female,017-8135779,1983-10-12,pei34636@gmail.com,Bronze,"No. 178, Jalan B20",Petaling Jaya,Selangor,52593,2025-12-10
34637,Amelia,a/p Subramaniam,59,Female,015-3811415,1966-11-02,amelia34637@gmail.com,Bronze,"No. 233, Jalan A3",Kuala Lumpur,Wilayah Persekutuan,65465,2025-12-01
34638,Hui Min,Lee,27,Female,015-4614881,1997-09-12,hui34638@gmail.com,Silver,"No. 168, Jalan B8",Johor Bahru,Johor,49025,2025-02-11
34639,Siti,Cheah,36,Female,019-2450891,1988-10-18,siti34639@gmail.com,Bronze,"No. 182, Jalan A7",Kuala Lumpur,Wilayah Persekutuan,20915,2025-01-24
34640,Nur Aina,Wong,38,Female,016-2768735,1986-12-19,nur34640@gmail.com,Silver,"No. 180, Jalan B12",Johor Bahru,Johor,79175,2025-02-15
34641,Siti,Lee,35,Female,013-8598098,1990-03-17,siti34641@gmail.com,Bronze,"No. 260, Jalan A9",George Town,Pulau Pinang,50404,2025-06-03
34642,Mei Ling,binti Ismail,43,Female,015-6034986,1981-09-18,mei34642@gmail.com,Silver,"No. 43, Jalan D18",George Town,Pulau Pinang,59772,2025-06-27
34643,Mei Ling,Wong,26,Female,010-5068505,1998-11-18,mei34643@gmail.com,Silver,"No. 101, Jalan G5",Kuala Lumpur,Wilayah Persekutuan,43737,2025-07-29
34644,Rohani,Chong,50,Female,013-1109551,1975-06-09,rohani34644@gmail.com,Bronze,"No. 233, Jalan A11",Kuala Lumpur,Wilayah Persekutuan,43096,2025-10-10
34645,Chloe,Sim,58,Female,011-2617181,1967-01-19,chloe34645@gmail.com,Bronze,"No. 167, Jalan B2",Johor Bahru,Johor,24107,2025-07-02
34646,Ling Ling,Chong,56,Female,011-9172904,1968-08-03,ling34646@gmail.com,Bronze,"No. 141, Jalan A8",Petaling Jaya,Selangor,17844,2025-04-02
34647,Aisyah,a/p Subramaniam,57,Female,019-6294866,1967-09-08,aisyah34647@gmail.com,Silver,"No. 115, Jalan E3",George Town,Pulau Pinang,20989,2025-07-14
34648,Kavitha,a/l Subramaniam,23,Female,016-3499073,2002-06-30,kavitha34648@gmail.com,Silver,"No. 172, Jalan D4",Ipoh,Perak,35658,2025-08-13
34649,Mei Ling,Rahman,52,Female,017-6443632,1973-05-23,mei34649@gmail.com,Bronze,"No. 68, Jalan D17",George Town,Pulau Pinang,20303,2025-09-10
34650,Sharmila,Wong,31,Female,012-4871695,1994-01-28,sharmila34650@gmail.com,Bronze,"No. 22, Jalan E1",Ipoh,Perak,92617,2025-05-28
34651,Rohani,Goh,53,Female,019-4429023,1971-06-14,rohani34651@gmail.com,Gold,"No. 54, Jalan A18",Kuala Lumpur,Wilayah Persekutuan,22367,2025-05-18
34652,Jasmine,a/l Subramaniam,20,Female,010-3721246,2004-12-20,jasmine34652@gmail.com,Bronze,"No. 248, Jalan F11",George Town,Pulau Pinang,38566,2025-05-02
34653,Pei Shan,Chong,59,Female,012-5438156,1966-01-25,pei34653@gmail.com,Bronze,"No. 163, Jalan C20",Johor Bahru,Johor,99178,2025-10-20
34654,Divya,bin Abdullah,56,Female,018-3407564,1969-02-27,divya34654@gmail.com,Bronze,"No. 298, Jalan F14",Petaling Jaya,Selangor,57596,2025-06-20
34655,Nurin,Tan,55,Female,019-9211113,1969-07-11,nurin34655@gmail.com,Silver,"No. 59, Jalan E1",Petaling Jaya,Selangor,53013,2025-01-20
34656,Aisyah,Yeoh,39,Female,017-7945087,1985-12-10,aisyah34656@gmail.com,Silver,"No. 208, Jalan C16",George Town,Pulau Pinang,90236,2025-01-17
34657,Amelia,a/l Subramaniam,53,Female,016-8356857,1971-11-09,amelia34657@gmail.com,Bronze,"No. 83, Jalan F13",Johor Bahru,Johor,71316,2025-05-06
34658,Nur Aina,a/p Subramaniam,30,Female,015-5436006,1994-12-30,nur34658@gmail.com,Platinum,"No. 4, Jalan B9",Johor Bahru,Johor,35821,2025-09-19
34659,Ling Ling,Lim,46,Female,014-8777574,1978-04-01,ling34659@gmail.com,Silver,"No. 189, Jalan E5",Johor Bahru,Johor,95808,2025-02-05
34660,Aiman,Tan,20,Male,014-5546898,2005-06-18,aiman34660@gmail.com,Silver,"No. 156, Jalan C11",George Town,Pulau Pinang,78159,2025-07-17
34661,Priya,Wong,43,Female,010-3100435,1981-03-20,priya34661@gmail.com,Silver,"No. 29, Jalan F7",Melaka,Melaka,96874,2025-01-11
34662,Anisa,Teoh,54,Female,017-3438260,1971-02-10,anisa34662@gmail.com,Gold,"No. 89, Jalan C17",George Town,Pulau Pinang,67513,2025-05-07
34663,Suhaila,Goh,38,Female,013-6052485,1987-01-21,suhaila34663@gmail.com,Bronze,"No. 246, Jalan D17",Petaling Jaya,Selangor,98638,2025-05-20
34664,Jasmine,bin Abdullah,30,Female,011-1377966,1994-10-26,jasmine34664@gmail.com,Silver,"No. 263, Jalan C14",Petaling Jaya,Selangor,81519,2025-04-28
34665,Kumar,bin Abdullah,55,Male,015-6092135,1970-04-30,kumar34665@gmail.com,Bronze,"No. 298, Jalan E5",Melaka,Melaka,71923,2025-07-15
34666,Rohani,Tan,49,Female,018-6559535,1975-12-29,rohani34666@gmail.com,Bronze,"No. 175, Jalan F10",George Town,Pulau Pinang,82180,2025-05-30
34667,Divya,Wong,38,Female,016-2020653,1987-01-30,divya34667@gmail.com,Gold,"No. 13, Jalan G2",Kuala Lumpur,Wilayah Persekutuan,83839,2025-07-19
34668,Pei Shan,Tan,30,Female,012-6435746,1995-03-10,pei34668@gmail.com,Bronze,"No. 199, Jalan E15",Petaling Jaya,Selangor,47996,2025-08-08
34669,Rachel,binti Ismail,22,Female,015-9730452,2002-12-06,rachel34669@gmail.com,Bronze,"No. 13, Jalan F16",Petaling Jaya,Selangor,99118,2025-01-10
34670,Farah,Lim,28,Female,010-9259135,1997-03-26,farah34670@gmail.com,Silver,"No. 63, Jalan C7",Ipoh,Perak,90587,2025-10-05
34671,Rachel,Goh,18,Female,019-3895397,2006-11-01,rachel34671@gmail.com,Silver,"No. 292, Jalan A17",Kuala Lumpur,Wilayah Persekutuan,51931,2025-06-02
34672,Nur Aina,Goh,31,Female,013-5045780,1994-04-25,nur34672@gmail.com,Silver,"No. 33, Jalan G9",Petaling Jaya,Selangor,18655,2025-04-28
34673,Wan Ying,binti Ismail,30,Female,011-3808540,1994-08-18,wan34673@gmail.com,Bronze,"No. 57, Jalan C13",Kuala Lumpur,Wilayah Persekutuan,22568,2025-03-31
34674,Jasmine,Wong,19,Female,015-6858761,2006-04-10,jasmine34674@gmail.com,Silver,"No. 81, Jalan A1",Melaka,Melaka,15348,2025-10-13
34675,Nurin,Cheah,59,Female,011-5558731,1966-01-13,nurin34675@gmail.com,Bronze,"No. 147, Jalan F19",Ipoh,Perak,57027,2025-08-22
34676,Alia,Wong,26,Female,016-6809770,1999-04-22,alia34676@gmail.com,Bronze,"No. 251, Jalan C5",George Town,Pulau Pinang,57726,2025-09-11
34677,Pei Shan,Rahman,28,Female,017-2093694,1996-12-03,pei34677@gmail.com,Bronze,"No. 112, Jalan D20",Kuala Lumpur,Wilayah Persekutuan,91552,2025-06-28
34678,Amelia,Cheah,18,Female,017-4506761,2006-11-29,amelia34678@gmail.com,Bronze,"No. 39, Jalan G11",Kuala Lumpur,Wilayah Persekutuan,70922,2025-01-09
34679,Aisyah,Chong,27,Female,014-5164918,1998-08-22,aisyah34679@gmail.com,Silver,"No. 142, Jalan D14",Kuala Lumpur,Wilayah Persekutuan,19165,2025-08-28
34680,Sharmila,Sim,47,Female,018-6589670,1977-05-15,sharmila34680@gmail.com,Silver,"No. 20, Jalan D9",George Town,Pulau Pinang,93016,2025-02-16
34681,Xin Yi,Goh,48,Female,015-7472621,1976-05-23,xin34681@gmail.com,Bronze,"No. 269, Jalan A6",Kuala Lumpur,Wilayah Persekutuan,42522,2025-03-02
34682,Faizal,Tan,32,Male,016-8612891,1992-12-25,faizal34682@gmail.com,Silver,"No. 197, Jalan E19",Melaka,Melaka,64822,2025-11-27
34683,Wei Jie,Lee,33,Male,016-1706117,1991-06-28,wei34683@gmail.com,Bronze,"No. 231, Jalan D16",Johor Bahru,Johor,93458,2025-04-28
34684,Chloe,Cheah,22,Female,016-1427125,2003-08-28,chloe34684@gmail.com,Silver,"No. 260, Jalan D10",Johor Bahru,Johor,94440,2025-09-05
34685,Zarina,Rahman,59,Female,011-8134342,1965-12-14,zarina34685@gmail.com,Silver,"No. 143, Jalan A4",Ipoh,Perak,67448,2025-01-13
34686,Wan Ying,Goh,38,Female,017-1007734,1987-10-10,wan34686@gmail.com,Bronze,"No. 31, Jalan G2",Ipoh,Perak,62151,2025-11-07
34687,Priya,Cheah,58,Female,018-2499457,1967-07-25,priya34687@gmail.com,Bronze,"No. 215, Jalan D19",Kuala Lumpur,Wilayah Persekutuan,82714,2025-11-30
34688,Sharmila,Teoh,34,Female,013-8855347,1991-01-16,sharmila34688@gmail.com,Silver,"No. 204, Jalan B14",Kuala Lumpur,Wilayah Persekutuan,89819,2025-06-10
34689,Chloe,Tan,40,Female,014-2386637,1985-02-24,chloe34689@gmail.com,Bronze,"No. 10, Jalan F11",Kuala Lumpur,Wilayah Persekutuan,57635,2025-05-16
34690,Yee Ling,Lee,25,Female,010-1636059,1999-12-27,yee34690@gmail.com,Bronze,"No. 134, Jalan E11",George Town,Pulau Pinang,34014,2025-11-27
34691,Ling Ling,Sim,57,Female,013-6385377,1967-06-24,ling34691@gmail.com,Bronze,"No. 23, Jalan A8",Johor Bahru,Johor,16361,2025-04-07
34692,Rachel,a/p Subramaniam,21,Female,019-8970715,2003-10-28,rachel34692@gmail.com,Bronze,"No. 188, Jalan B15",Melaka,Melaka,59744,2025-03-17
34693,Divya,a/p Subramaniam,30,Female,018-7651972,1994-10-09,divya34693@gmail.com,Silver,"No. 185, Jalan B2",Kuala Lumpur,Wilayah Persekutuan,31645,2025-08-12
34694,Kavitha,Tan,49,Female,014-8449864,1976-07-11,kavitha34694@gmail.com,Bronze,"No. 134, Jalan F10",Johor Bahru,Johor,14143,2025-09-06
34695,Chloe,Tan,53,Female,018-9456819,1971-04-29,chloe34695@gmail.com,Bronze,"No. 91, Jalan D4",Petaling Jaya,Selangor,95904,2025-02-28
34696,Jun Hao,a/l Subramaniam,20,Male,018-3584260,2004-10-08,jun34696@gmail.com,Bronze,"No. 230, Jalan A2",Melaka,Melaka,63681,2025-10-05
34697,Farah,Chong,21,Female,019-6553931,2003-12-24,farah34697@gmail.com,Silver,"No. 289, Jalan E5",Petaling Jaya,Selangor,38566,2025-02-11
34698,Faizal,Lee,39,Male,011-6779449,1985-12-15,faizal34698@gmail.com,Bronze,"No. 87, Jalan A16",George Town,Pulau Pinang,31349,2025-07-15
34699,Divya,bin Abdullah,24,Female,010-2601729,2001-01-17,divya34699@gmail.com,Bronze,"No. 168, Jalan B11",Kuala Lumpur,Wilayah Persekutuan,42479,2025-11-08
34700,Nadia,Teoh,24,Female,014-7419465,2001-05-18,nadia34700@gmail.com,Silver,"No. 118, Jalan B14",George Town,Pulau Pinang,40146,2025-11-04
34701,Nur Aina,Hassan,30,Female,012-1188775,1995-04-18,nur34701@gmail.com,Bronze,"No. 143, Jalan B18",Kuala Lumpur,Wilayah Persekutuan,67827,2025-07-26
34702,Nur Aina,Chong,31,Female,011-8345309,1994-09-01,nur34702@gmail.com,Bronze,"No. 271, Jalan A16",Johor Bahru,Johor,69785,2025-10-16
34703,Chloe,Rahman,34,Female,010-1874133,1991-03-09,chloe34703@gmail.com,Gold,"No. 204, Jalan G7",George Town,Pulau Pinang,63638,2025-09-21
34704,Alia,a/p Subramaniam,23,Female,019-5607893,2001-11-15,alia34704@gmail.com,Gold,"No. 25, Jalan F2",Ipoh,Perak,83942,2025-10-29
34705,Rohani,binti Ismail,35,Female,016-4212739,1989-09-28,rohani34705@gmail.com,Silver,"No. 295, Jalan C9",Petaling Jaya,Selangor,42127,2025-06-18
34706,Wan Ying,Ong,20,Female,012-8472363,2004-08-13,wan34706@gmail.com,Silver,"No. 227, Jalan F12",Petaling Jaya,Selangor,28659,2025-03-22
34707,Hui Min,Lim,56,Female,011-1826790,1969-10-09,hui34707@gmail.com,Bronze,"No. 91, Jalan G13",George Town,Pulau Pinang,59485,2025-12-01
34708,Nadia,bin Abdullah,38,Female,012-9998679,1986-06-19,nadia34708@gmail.com,Bronze,"No. 164, Jalan E20",Johor Bahru,Johor,86564,2025-05-25
34709,Amelia,Yeoh,44,Female,019-3302614,1980-03-22,amelia34709@gmail.com,Silver,"No. 229, Jalan C16",George Town,Pulau Pinang,54168,2025-02-11
34710,Divya,Lim,50,Female,017-9474660,1975-03-11,divya34710@gmail.com,Bronze,"No. 230, Jalan B19",Melaka,Melaka,37158,2025-06-16
34711,Nadia,a/p Subramaniam,44,Female,014-1868559,1980-11-09,nadia34711@gmail.com,Gold,"No. 136, Jalan D14",Kuala Lumpur,Wilayah Persekutuan,44755,2025-06-17
34712,Alia,Wong,29,Female,013-9463620,1996-08-12,alia34712@gmail.com,Bronze,"No. 280, Jalan C12",Ipoh,Perak,44055,2025-09-05
34713,Chloe,Wong,55,Female,015-5015955,1969-10-01,chloe34713@gmail.com,Bronze,"No. 242, Jalan B16",Johor Bahru,Johor,42781,2025-08-06
34714,Nur Aina,Chong,32,Female,010-6814949,1992-06-26,nur34714@gmail.com,Silver,"No. 253, Jalan A20",Kuala Lumpur,Wilayah Persekutuan,58007,2025-06-03
34715,Nur Aina,Lim,25,Female,019-4504291,1999-08-31,nur34715@gmail.com,Silver,"No. 98, Jalan E19",Kuala Lumpur,Wilayah Persekutuan,90107,2025-01-25
34716,Wei Jie,binti Ismail,37,Male,017-8245047,1988-01-27,wei34716@gmail.com,Bronze,"No. 259, Jalan G6",Kuala Lumpur,Wilayah Persekutuan,82824,2025-07-30
34717,Rohani,Sim,22,Female,019-7215492,2003-07-29,rohani34717@gmail.com,Silver,"No. 229, Jalan E2",Johor Bahru,Johor,25554,2025-10-22
34718,Xin Yi,Hassan,51,Female,018-4296818,1974-01-18,xin34718@gmail.com,Silver,"No. 266, Jalan G5",Johor Bahru,Johor,49073,2025-10-03
34719,Sharmila,Yeoh,19,Female,012-2712214,2005-04-10,sharmila34719@gmail.com,Gold,"No. 50, Jalan A20",Melaka,Melaka,96924,2025-01-10
34720,Amirul,a/p Subramaniam,44,Male,016-3582290,1981-03-30,amirul34720@gmail.com,Bronze,"No. 83, Jalan A15",Petaling Jaya,Selangor,77619,2025-06-13
34721,Hui Min,Tan,53,Female,011-2705898,1972-03-10,hui34721@gmail.com,Bronze,"No. 154, Jalan F12",Kuala Lumpur,Wilayah Persekutuan,61574,2025-12-06
34722,Suhaila,bin Abdullah,47,Female,015-7666767,1977-12-15,suhaila34722@gmail.com,Gold,"No. 242, Jalan A4",Ipoh,Perak,57949,2025-09-18
34723,Anisa,Hassan,30,Female,018-2030102,1994-08-06,anisa34723@gmail.com,Bronze,"No. 220, Jalan F19",Johor Bahru,Johor,79225,2025-05-20
34724,Anisa,bin Abdullah,53,Female,017-1049796,1971-11-11,anisa34724@gmail.com,Silver,"No. 162, Jalan E16",George Town,Pulau Pinang,65006,2025-06-28
34725,Suhaila,Lee,36,Female,018-6564544,1988-08-16,suhaila34725@gmail.com,Silver,"No. 58, Jalan B2",Kuala Lumpur,Wilayah Persekutuan,72505,2025-06-12
34726,Alia,Rahman,28,Female,010-4982534,1997-01-27,alia34726@gmail.com,Bronze,"No. 41, Jalan D7",Petaling Jaya,Selangor,52110,2025-04-10
34727,Yee Ling,Lim,49,Female,014-2325901,1975-12-10,yee34727@gmail.com,Silver,"No. 230, Jalan F10",George Town,Pulau Pinang,20961,2025-09-13
34728,Amirul,Ong,25,Male,015-6481632,1999-10-06,amirul34728@gmail.com,Silver,"No. 233, Jalan D11",Ipoh,Perak,70224,2025-01-08
34729,Suresh,Lee,52,Male,013-2903926,1972-10-20,suresh34729@gmail.com,Bronze,"No. 181, Jalan G20",Johor Bahru,Johor,18880,2025-07-23
34730,Kumar,Teoh,47,Male,014-7650031,1978-06-07,kumar34730@gmail.com,Bronze,"No. 33, Jalan C1",Petaling Jaya,Selangor,48170,2025-11-17
34731,Wei Jie,Tan,56,Male,010-5295482,1969-07-09,wei34731@gmail.com,Bronze,"No. 209, Jalan C8",Petaling Jaya,Selangor,98846,2025-08-17
34732,Nurin,Tan,20,Female,011-2100852,2005-05-03,nurin34732@gmail.com,Bronze,"No. 54, Jalan B18",Ipoh,Perak,68425,2025-09-22
34733,Ling Ling,binti Ismail,42,Female,018-9678677,1982-09-07,ling34733@gmail.com,Bronze,"No. 48, Jalan E2",Kuala Lumpur,Wilayah Persekutuan,36839,2025-02-26
34734,Amelia,Ong,18,Female,017-5806164,2007-03-15,amelia34734@gmail.com,Bronze,"No. 125, Jalan F16",Kuala Lumpur,Wilayah Persekutuan,39879,2025-06-03
34735,Pei Shan,Yeoh,29,Female,013-2638222,1996-04-07,pei34735@gmail.com,Bronze,"No. 40, Jalan D8",Kuala Lumpur,Wilayah Persekutuan,98627,2025-07-30
34736,Hui Min,Tan,45,Female,015-4062129,1979-11-12,hui34736@gmail.com,Gold,"No. 153, Jalan B12",Johor Bahru,Johor,77981,2025-05-17
34737,Aisyah,Sim,39,Female,014-5174418,1986-05-21,aisyah34737@gmail.com,Bronze,"No. 228, Jalan E7",George Town,Pulau Pinang,72757,2025-08-23
34738,Amelia,Chong,53,Female,013-2393988,1972-07-21,amelia34738@gmail.com,Gold,"No. 101, Jalan B20",George Town,Pulau Pinang,45390,2025-09-20
34739,Suhaila,Tan,42,Female,017-5277845,1983-03-07,suhaila34739@gmail.com,Bronze,"No. 282, Jalan F5",George Town,Pulau Pinang,82336,2025-08-31
34740,Siti,bin Abdullah,20,Female,013-4648866,2005-01-09,siti34740@gmail.com,Bronze,"No. 162, Jalan B7",Kuala Lumpur,Wilayah Persekutuan,51207,2025-03-07
34741,Hui Min,Sim,57,Female,016-1027903,1967-10-05,hui34741@gmail.com,Silver,"No. 215, Jalan F19",George Town,Pulau Pinang,64160,2025-06-25
34742,Haziq,Rahman,35,Male,012-4156127,1989-05-28,haziq34742@gmail.com,Gold,"No. 7, Jalan C19",Kuala Lumpur,Wilayah Persekutuan,17706,2025-04-15
34743,Jasmine,bin Abdullah,24,Female,017-1230275,2001-02-14,jasmine34743@gmail.com,Bronze,"No. 270, Jalan A16",Kuala Lumpur,Wilayah Persekutuan,70401,2025-03-17
34744,Alia,bin Abdullah,20,Female,019-5748914,2004-09-07,alia34744@gmail.com,Silver,"No. 202, Jalan G11",Ipoh,Perak,89721,2025-01-03
34745,Chloe,Wong,58,Female,015-8121633,1967-04-09,chloe34745@gmail.com,Silver,"No. 155, Jalan D4",Ipoh,Perak,43541,2025-08-14
34746,Jasmine,Ong,49,Female,010-9861166,1976-03-31,jasmine34746@gmail.com,Bronze,"No. 22, Jalan A19",Petaling Jaya,Selangor,90485,2025-08-04
34747,Pei Shan,a/l Subramaniam,44,Female,014-6384063,1981-09-06,pei34747@gmail.com,Platinum,"No. 83, Jalan E16",Ipoh,Perak,73482,2025-11-17
34748,Kavitha,Lim,26,Female,018-6189158,1998-09-19,kavitha34748@gmail.com,Bronze,"No. 41, Jalan B16",Petaling Jaya,Selangor,32218,2025-03-01
34749,Nur Aina,a/p Subramaniam,28,Female,018-5495932,1997-09-06,nur34749@gmail.com,Silver,"No. 231, Jalan B16",Petaling Jaya,Selangor,72978,2025-10-14
34750,Wan Ying,Chong,42,Female,018-8490144,1982-10-24,wan34750@gmail.com,Bronze,"No. 134, Jalan D7",Johor Bahru,Johor,69939,2025-03-22
34751,Kok Wai,Goh,27,Male,013-8628419,1997-11-01,kok34751@gmail.com,Bronze,"No. 201, Jalan B1",Petaling Jaya,Selangor,85063,2025-10-05
34752,Nurin,Tan,24,Female,013-1369896,2000-09-26,nurin34752@gmail.com,Bronze,"No. 208, Jalan F12",Johor Bahru,Johor,85350,2025-05-11
34753,Pei Shan,Lim,32,Female,013-5890641,1993-03-28,pei34753@gmail.com,Bronze,"No. 290, Jalan C9",Ipoh,Perak,75161,2025-05-26
34754,Wei Jie,Wong,38,Male,019-1578835,1986-11-08,wei34754@gmail.com,Bronze,"No. 38, Jalan F11",Petaling Jaya,Selangor,69239,2025-03-16
34755,Mei Ling,Rahman,24,Female,019-8441042,2000-06-30,mei34755@gmail.com,Platinum,"No. 261, Jalan E16",Melaka,Melaka,31668,2025-03-09
34756,Nadia,Ong,49,Female,017-1167251,1976-01-01,nadia34756@gmail.com,Bronze,"No. 258, Jalan E17",Petaling Jaya,Selangor,49763,2025-05-28
34757,Nadia,a/p Subramaniam,36,Female,017-1540632,1989-10-10,nadia34757@gmail.com,Bronze,"No. 44, Jalan C5",Ipoh,Perak,11929,2025-12-01
34758,Amelia,Wong,58,Female,016-1342807,1966-09-13,amelia34758@gmail.com,Silver,"No. 141, Jalan G3",Johor Bahru,Johor,43157,2025-02-19
34759,Jun Hao,Yeoh,38,Male,013-3456862,1986-09-06,jun34759@gmail.com,Silver,"No. 160, Jalan G2",Petaling Jaya,Selangor,37473,2025-04-06
34760,Haziq,Teoh,42,Male,011-3890534,1982-11-18,haziq34760@gmail.com,Gold,"No. 226, Jalan A2",Ipoh,Perak,10351,2025-08-04
34761,Rajesh,Goh,26,Male,013-2171232,1998-06-19,rajesh34761@gmail.com,Bronze,"No. 290, Jalan A6",Ipoh,Perak,15001,2025-04-12
34762,Jasmine,binti Ismail,47,Female,011-9449831,1977-01-31,jasmine34762@gmail.com,Silver,"No. 66, Jalan F14",Kuala Lumpur,Wilayah Persekutuan,81079,2025-01-24
34763,Yee Ling,Goh,26,Female,014-8359965,1998-12-19,yee34763@gmail.com,Bronze,"No. 260, Jalan D6",Petaling Jaya,Selangor,50920,2025-05-29
34764,Farah,a/l Subramaniam,37,Female,018-4256813,1988-05-08,farah34764@gmail.com,Gold,"No. 134, Jalan D19",Melaka,Melaka,49929,2025-12-05
34765,Hui Min,Goh,55,Female,017-9247104,1970-08-09,hui34765@gmail.com,Gold,"No. 298, Jalan E5",Ipoh,Perak,35357,2025-08-10
34766,Pei Shan,Rahman,36,Female,018-1615967,1989-04-04,pei34766@gmail.com,Bronze,"No. 24, Jalan C6",Petaling Jaya,Selangor,47948,2025-08-14
34767,Chloe,binti Ismail,59,Female,015-6629649,1965-05-14,chloe34767@gmail.com,Bronze,"No. 16, Jalan G12",Johor Bahru,Johor,65058,2025-01-19
34768,Lakshmi,Lim,37,Female,019-2713809,1988-05-08,lakshmi34768@gmail.com,Platinum,"No. 255, Jalan F1",Johor Bahru,Johor,28665,2025-08-24
34769,Jun Hao,Goh,30,Male,011-9731864,1995-04-09,jun34769@gmail.com,Bronze,"No. 238, Jalan G7",Petaling Jaya,Selangor,30270,2025-10-21
34770,Kok Wai,a/l Subramaniam,58,Male,011-8031776,1967-07-16,kok34770@gmail.com,Bronze,"No. 2, Jalan A13",Kuala Lumpur,Wilayah Persekutuan,94479,2025-12-15
34771,Rohani,Lee,36,Female,016-7082536,1989-07-31,rohani34771@gmail.com,Platinum,"No. 40, Jalan G7",Ipoh,Perak,47996,2025-08-13
34772,Anisa,Sim,32,Female,016-8632558,1992-10-17,anisa34772@gmail.com,Silver,"No. 167, Jalan E7",Kuala Lumpur,Wilayah Persekutuan,53649,2025-07-14
34773,Xin Yi,Tan,55,Female,010-2133587,1969-08-01,xin34773@gmail.com,Bronze,"No. 195, Jalan E5",Kuala Lumpur,Wilayah Persekutuan,45921,2025-06-01
34774,Jasmine,a/l Subramaniam,36,Female,018-1778863,1988-10-05,jasmine34774@gmail.com,Bronze,"No. 24, Jalan E18",Johor Bahru,Johor,62068,2025-06-21
34775,Rachel,Lim,38,Female,011-1420357,1987-07-06,rachel34775@gmail.com,Bronze,"No. 44, Jalan B8",Kuala Lumpur,Wilayah Persekutuan,28841,2025-08-12
34776,Anisa,Chong,38,Female,013-9623584,1987-03-19,anisa34776@gmail.com,Bronze,"No. 101, Jalan B1",Johor Bahru,Johor,87418,2025-11-04
34777,Faizal,Teoh,37,Male,014-2701521,1988-02-20,faizal34777@gmail.com,Silver,"No. 57, Jalan B11",Ipoh,Perak,51459,2025-05-08
34778,Wan Ying,Lim,35,Female,014-4508357,1990-03-25,wan34778@gmail.com,Bronze,"No. 82, Jalan D17",Ipoh,Perak,19781,2025-10-14
34779,Ling Ling,a/l Subramaniam,55,Female,013-4119519,1969-12-18,ling34779@gmail.com,Silver,"No. 196, Jalan B8",Ipoh,Perak,90846,2025-08-02
34780,Amelia,Yeoh,21,Female,018-8571983,2003-03-21,amelia34780@gmail.com,Silver,"No. 136, Jalan D1",George Town,Pulau Pinang,45780,2025-03-10
34781,Amelia,Goh,59,Female,018-1798671,1965-10-09,amelia34781@gmail.com,Gold,"No. 104, Jalan A20",Kuala Lumpur,Wilayah Persekutuan,92987,2025-03-15
34782,Amirul,Yeoh,33,Male,013-1879304,1991-08-14,amirul34782@gmail.com,Bronze,"No. 76, Jalan D6",Ipoh,Perak,95255,2025-07-16
34783,Zarina,Tan,55,Female,011-5533427,1969-08-21,zarina34783@gmail.com,Bronze,"No. 285, Jalan A5",Petaling Jaya,Selangor,75200,2025-04-30
34784,Yee Ling,Chong,59,Female,017-4887412,1966-04-12,yee34784@gmail.com,Platinum,"No. 222, Jalan F10",Johor Bahru,Johor,22941,2025-08-29
34785,Pei Shan,Wong,38,Female,017-5543840,1987-09-09,pei34785@gmail.com,Silver,"No. 300, Jalan B7",Petaling Jaya,Selangor,67160,2025-10-27
34786,Divya,binti Ismail,33,Female,011-2001655,1992-06-09,divya34786@gmail.com,Gold,"No. 72, Jalan G10",Kuala Lumpur,Wilayah Persekutuan,75864,2025-10-02
34787,Aisyah,Rahman,52,Female,017-5278189,1973-11-06,aisyah34787@gmail.com,Silver,"No. 109, Jalan G3",Kuala Lumpur,Wilayah Persekutuan,57448,2025-11-28
34788,Aisyah,bin Abdullah,18,Female,010-5117644,2006-12-02,aisyah34788@gmail.com,Bronze,"No. 278, Jalan E2",Kuala Lumpur,Wilayah Persekutuan,18563,2025-10-18
34789,Arjun,Chong,59,Male,010-4447497,1965-08-29,arjun34789@gmail.com,Bronze,"No. 219, Jalan B17",Johor Bahru,Johor,96174,2025-03-12
34790,Nadia,Hassan,42,Female,010-6050185,1983-04-04,nadia34790@gmail.com,Bronze,"No. 59, Jalan B6",Johor Bahru,Johor,60366,2025-08-31
34791,Hui Min,Cheah,38,Female,018-7899448,1987-02-12,hui34791@gmail.com,Silver,"No. 33, Jalan F16",Johor Bahru,Johor,26011,2025-05-09
34792,Ling Ling,Tan,33,Female,018-1287562,1991-07-09,ling34792@gmail.com,Silver,"No. 289, Jalan B6",Kuala Lumpur,Wilayah Persekutuan,36658,2025-07-04
34793,Mei Ling,Ong,35,Female,014-8585630,1990-01-23,mei34793@gmail.com,Silver,"No. 30, Jalan C9",Ipoh,Perak,82927,2025-06-24
34794,Aisyah,Chong,34,Female,012-4869967,1991-01-05,aisyah34794@gmail.com,Platinum,"No. 283, Jalan A20",Ipoh,Perak,13887,2025-09-10
34795,Farah,Chong,23,Female,015-8186921,2002-01-21,farah34795@gmail.com,Bronze,"No. 48, Jalan E15",Kuala Lumpur,Wilayah Persekutuan,88213,2025-11-05
34796,Divya,Lim,54,Female,014-2074014,1970-11-07,divya34796@gmail.com,Bronze,"No. 81, Jalan D20",Melaka,Melaka,24518,2025-03-01
34797,Hui Min,Ong,59,Female,019-4828783,1966-02-19,hui34797@gmail.com,Bronze,"No. 288, Jalan B12",Melaka,Melaka,88982,2025-05-02
34798,Alia,Wong,20,Female,011-7097163,2004-12-25,alia34798@gmail.com,Silver,"No. 182, Jalan E5",Johor Bahru,Johor,77433,2025-07-29
34799,Wei Jie,a/l Subramaniam,19,Male,019-6240348,2006-03-17,wei34799@gmail.com,Bronze,"No. 172, Jalan D17",Ipoh,Perak,84840,2025-12-02
34800,Xin Yi,Sim,54,Female,012-8631743,1971-06-06,xin34800@gmail.com,Silver,"No. 86, Jalan E8",Petaling Jaya,Selangor,66857,2025-10-21
34801,Xin Yi,Lim,26,Female,011-1768146,1998-09-06,xin34801@gmail.com,Bronze,"No. 207, Jalan G1",Melaka,Melaka,57515,2025-05-21
34802,Rachel,Cheah,19,Female,018-8636451,2005-05-18,rachel34802@gmail.com,Bronze,"No. 173, Jalan D8",Petaling Jaya,Selangor,17129,2025-02-10
34803,Siti,binti Ismail,57,Female,013-5835044,1967-09-05,siti34803@gmail.com,Bronze,"No. 90, Jalan D7",Petaling Jaya,Selangor,71062,2025-08-07
34804,Rachel,Rahman,58,Female,018-1102484,1966-12-20,rachel34804@gmail.com,Platinum,"No. 155, Jalan A7",Kuala Lumpur,Wilayah Persekutuan,18165,2025-01-03
34805,Jasmine,Wong,49,Female,019-9232571,1976-10-02,jasmine34805@gmail.com,Bronze,"No. 286, Jalan D1",Petaling Jaya,Selangor,32558,2025-11-10
34806,Farah,Cheah,33,Female,014-4990776,1992-01-13,farah34806@gmail.com,Bronze,"No. 297, Jalan B6",Kuala Lumpur,Wilayah Persekutuan,54462,2025-10-23
34807,Suhaila,Cheah,34,Female,011-3462968,1991-05-18,suhaila34807@gmail.com,Gold,"No. 80, Jalan B18",Johor Bahru,Johor,60645,2025-06-13
34808,Rohani,Sim,23,Female,015-9777589,2002-02-08,rohani34808@gmail.com,Bronze,"No. 173, Jalan A2",Melaka,Melaka,92226,2025-08-19
34809,Kok Wai,Hassan,24,Male,017-2869642,2000-10-25,kok34809@gmail.com,Gold,"No. 230, Jalan E2",Kuala Lumpur,Wilayah Persekutuan,73837,2025-04-12
34810,Ling Ling,Sim,18,Female,019-9980005,2007-01-08,ling34810@gmail.com,Bronze,"No. 189, Jalan D7",Petaling Jaya,Selangor,59024,2025-03-01
34811,Ling Ling,a/l Subramaniam,29,Female,011-3423938,1996-08-17,ling34811@gmail.com,Bronze,"No. 128, Jalan F2",Petaling Jaya,Selangor,16056,2025-10-21
34812,Farah,Lim,41,Female,018-5761858,1984-02-28,farah34812@gmail.com,Silver,"No. 237, Jalan B12",Melaka,Melaka,91221,2025-04-14
34813,Siti,Chong,59,Female,017-2170105,1965-10-14,siti34813@gmail.com,Bronze,"No. 260, Jalan C20",Ipoh,Perak,68797,2025-07-22
34814,Lakshmi,binti Ismail,43,Female,016-4956400,1981-06-26,lakshmi34814@gmail.com,Gold,"No. 235, Jalan B14",George Town,Pulau Pinang,43528,2025-04-23
34815,Mei Ling,Hassan,40,Female,018-6430189,1984-08-12,mei34815@gmail.com,Gold,"No. 191, Jalan E17",George Town,Pulau Pinang,34795,2025-06-14
34816,Aisyah,bin Abdullah,44,Female,018-8643998,1980-10-02,aisyah34816@gmail.com,Silver,"No. 182, Jalan C2",Johor Bahru,Johor,14630,2025-01-04
34817,Xin Yi,Hassan,57,Female,014-7860655,1967-12-21,xin34817@gmail.com,Bronze,"No. 188, Jalan A15",Johor Bahru,Johor,91653,2025-06-08
34818,Xin Yi,bin Abdullah,46,Female,017-6205783,1978-10-14,xin34818@gmail.com,Gold,"No. 104, Jalan B4",Kuala Lumpur,Wilayah Persekutuan,47034,2025-03-09
34819,Kavitha,Sim,43,Female,014-5782376,1982-01-31,kavitha34819@gmail.com,Bronze,"No. 42, Jalan F6",Melaka,Melaka,52581,2025-09-30
34820,Sharmila,Rahman,25,Female,015-2093114,1999-12-19,sharmila34820@gmail.com,Bronze,"No. 7, Jalan F10",Kuala Lumpur,Wilayah Persekutuan,47533,2025-12-11
34821,Nur Aina,Yeoh,50,Female,015-4157339,1974-08-07,nur34821@gmail.com,Bronze,"No. 165, Jalan D14",Petaling Jaya,Selangor,62131,2025-07-03
34822,Rohani,bin Abdullah,51,Female,015-2643239,1974-08-06,rohani34822@gmail.com,Bronze,"No. 45, Jalan E18",Johor Bahru,Johor,64684,2025-08-07
34823,Suhaila,Lee,31,Female,018-4873046,1994-03-03,suhaila34823@gmail.com,Gold,"No. 244, Jalan D14",Petaling Jaya,Selangor,74635,2025-08-29
34824,Rohani,Lim,54,Female,013-7524324,1970-10-16,rohani34824@gmail.com,Bronze,"No. 81, Jalan E14",Kuala Lumpur,Wilayah Persekutuan,61912,2025-06-23
34825,Nurin,Teoh,32,Female,017-3159554,1992-09-06,nurin34825@gmail.com,Silver,"No. 166, Jalan A18",Kuala Lumpur,Wilayah Persekutuan,86637,2025-01-08
34826,Xin Yi,bin Abdullah,21,Female,016-2400144,2003-08-21,xin34826@gmail.com,Bronze,"No. 47, Jalan D8",Ipoh,Perak,12418,2025-05-08
34827,Aisyah,Teoh,34,Female,016-5771327,1990-06-11,aisyah34827@gmail.com,Bronze,"No. 271, Jalan A3",Ipoh,Perak,54038,2025-01-06
34828,Kumar,Tan,39,Male,014-5454813,1986-01-13,kumar34828@gmail.com,Bronze,"No. 227, Jalan F3",Johor Bahru,Johor,42247,2025-12-04
34829,Alia,Teoh,36,Female,013-1497133,1989-09-22,alia34829@gmail.com,Bronze,"No. 164, Jalan G20",George Town,Pulau Pinang,49112,2025-10-23
34830,Kavitha,a/l Subramaniam,22,Female,019-7783177,2003-08-01,kavitha34830@gmail.com,Bronze,"No. 154, Jalan F7",Johor Bahru,Johor,97849,2025-12-08
34831,Chloe,Cheah,31,Female,015-8228259,1993-12-31,chloe34831@gmail.com,Silver,"No. 113, Jalan G9",Johor Bahru,Johor,62130,2025-05-19
34832,Mei Ling,a/p Subramaniam,55,Female,012-6882435,1970-04-29,mei34832@gmail.com,Bronze,"No. 165, Jalan G17",Kuala Lumpur,Wilayah Persekutuan,11486,2025-07-12
34833,Yee Ling,binti Ismail,29,Female,015-7594021,1995-04-18,yee34833@gmail.com,Bronze,"No. 276, Jalan E11",Kuala Lumpur,Wilayah Persekutuan,95797,2025-01-04
34834,Hui Min,a/p Subramaniam,53,Female,019-5963896,1972-03-13,hui34834@gmail.com,Bronze,"No. 127, Jalan G19",Petaling Jaya,Selangor,29681,2025-04-04
34835,Xin Yi,Tan,55,Female,010-8541177,1969-09-20,xin34835@gmail.com,Silver,"No. 225, Jalan C6",George Town,Pulau Pinang,61920,2025-04-08
34836,Pei Shan,Cheah,23,Female,011-3680027,2001-07-04,pei34836@gmail.com,Bronze,"No. 89, Jalan A7",Melaka,Melaka,55554,2025-03-25
34837,Nurin,Rahman,27,Female,019-8217457,1997-11-25,nurin34837@gmail.com,Bronze,"No. 253, Jalan D13",George Town,Pulau Pinang,15785,2025-09-04
34838,Hui Min,Wong,44,Female,011-5267653,1980-07-12,hui34838@gmail.com,Silver,"No. 278, Jalan E13",Ipoh,Perak,18359,2025-01-14
34839,Alia,Cheah,47,Female,018-1201706,1977-12-16,alia34839@gmail.com,Bronze,"No. 6, Jalan A10",Ipoh,Perak,84401,2025-04-23
34840,Zhi Wei,Goh,44,Male,019-6143924,1980-07-31,zhi34840@gmail.com,Silver,"No. 279, Jalan B4",Petaling Jaya,Selangor,66189,2025-02-07
34841,Kavitha,Sim,31,Female,018-3997480,1993-10-26,kavitha34841@gmail.com,Bronze,"No. 121, Jalan G8",Johor Bahru,Johor,38413,2025-03-30
34842,Zarina,Hassan,39,Female,014-7002573,1985-08-12,zarina34842@gmail.com,Bronze,"No. 165, Jalan B10",Kuala Lumpur,Wilayah Persekutuan,14741,2025-01-08
34843,Anisa,Lim,36,Female,015-5062447,1989-11-03,anisa34843@gmail.com,Bronze,"No. 190, Jalan A18",Ipoh,Perak,53623,2025-12-09
34844,Xin Yi,Yeoh,25,Female,019-7296587,2000-04-10,xin34844@gmail.com,Silver,"No. 30, Jalan G8",Johor Bahru,Johor,23168,2025-07-07
34845,Wan Ying,Yeoh,54,Female,013-8022700,1971-03-20,wan34845@gmail.com,Gold,"No. 97, Jalan E9",George Town,Pulau Pinang,16615,2025-11-14
34846,Alia,Ong,29,Female,017-2949753,1995-08-15,alia34846@gmail.com,Bronze,"No. 93, Jalan B11",Melaka,Melaka,88505,2025-05-14
34847,Chloe,binti Ismail,54,Female,015-3827198,1971-03-19,chloe34847@gmail.com,Bronze,"No. 47, Jalan G6",Petaling Jaya,Selangor,92886,2025-11-25
34848,Wan Ying,Goh,53,Female,015-3737448,1972-08-16,wan34848@gmail.com,Bronze,"No. 246, Jalan F17",George Town,Pulau Pinang,85979,2025-11-04
34849,Xin Yi,bin Abdullah,23,Female,015-6724199,2001-12-18,xin34849@gmail.com,Bronze,"No. 203, Jalan A5",Johor Bahru,Johor,74958,2025-08-30
34850,Siti,Tan,47,Female,013-6770187,1977-06-22,siti34850@gmail.com,Silver,"No. 100, Jalan D12",George Town,Pulau Pinang,54209,2025-03-20
34851,Divya,a/l Subramaniam,27,Female,012-3486347,1997-09-26,divya34851@gmail.com,Bronze,"No. 279, Jalan B9",Ipoh,Perak,81972,2025-02-14
34852,Amelia,Wong,31,Female,019-1695333,1993-12-09,amelia34852@gmail.com,Bronze,"No. 163, Jalan C20",Petaling Jaya,Selangor,78455,2025-04-07
34853,Amelia,Ong,56,Female,010-1277418,1969-06-20,amelia34853@gmail.com,Bronze,"No. 277, Jalan C6",Melaka,Melaka,57320,2025-07-13
34854,Rachel,Yeoh,22,Female,013-1771098,2003-03-15,rachel34854@gmail.com,Silver,"No. 6, Jalan F19",Kuala Lumpur,Wilayah Persekutuan,34744,2025-03-15
34855,Zarina,Sim,41,Female,011-3396165,1984-02-12,zarina34855@gmail.com,Bronze,"No. 19, Jalan D19",Kuala Lumpur,Wilayah Persekutuan,53453,2025-03-13
34856,Pei Shan,Wong,45,Female,010-8184225,1979-04-05,pei34856@gmail.com,Bronze,"No. 209, Jalan B8",Petaling Jaya,Selangor,58850,2025-01-18
34857,Amelia,Yeoh,29,Female,017-4876330,1996-08-31,amelia34857@gmail.com,Silver,"No. 262, Jalan F2",Petaling Jaya,Selangor,63331,2025-10-27
34858,Aiman,Lee,59,Male,018-4979385,1966-02-04,aiman34858@gmail.com,Bronze,"No. 49, Jalan A3",Kuala Lumpur,Wilayah Persekutuan,85793,2025-07-02
34859,Priya,binti Ismail,32,Female,013-9560111,1993-07-19,priya34859@gmail.com,Platinum,"No. 59, Jalan A7",Kuala Lumpur,Wilayah Persekutuan,77547,2025-08-01
34860,Chloe,Ong,24,Female,015-4493578,2001-06-02,chloe34860@gmail.com,Silver,"No. 245, Jalan D8",Kuala Lumpur,Wilayah Persekutuan,85616,2025-12-15
34861,Priya,Goh,34,Female,018-8743575,1991-09-02,priya34861@gmail.com,Bronze,"No. 93, Jalan F14",Johor Bahru,Johor,99565,2025-09-12
34862,Kok Wai,Sim,34,Male,017-8305713,1990-11-08,kok34862@gmail.com,Silver,"No. 31, Jalan D13",Kuala Lumpur,Wilayah Persekutuan,31614,2025-10-28
34863,Arjun,bin Abdullah,35,Male,018-1415991,1989-12-01,arjun34863@gmail.com,Silver,"No. 108, Jalan C7",George Town,Pulau Pinang,80639,2025-11-26
34864,Sharmila,bin Abdullah,23,Female,018-9381501,2001-07-17,sharmila34864@gmail.com,Gold,"No. 11, Jalan A2",Kuala Lumpur,Wilayah Persekutuan,75882,2025-07-12
34865,Wan Ying,Goh,38,Female,019-1554259,1986-07-27,wan34865@gmail.com,Bronze,"No. 134, Jalan F5",Melaka,Melaka,50285,2025-04-03
34866,Nadia,a/l Subramaniam,29,Female,018-3668318,1995-09-10,nadia34866@gmail.com,Bronze,"No. 81, Jalan A8",Kuala Lumpur,Wilayah Persekutuan,56708,2025-03-03
34867,Ling Ling,Lee,33,Female,011-1292769,1991-10-29,ling34867@gmail.com,Bronze,"No. 275, Jalan B13",Johor Bahru,Johor,94367,2025-04-03
34868,Wan Ying,Chong,57,Female,010-5775802,1968-06-24,wan34868@gmail.com,Bronze,"No. 119, Jalan B12",Petaling Jaya,Selangor,98518,2025-08-14
34869,Zarina,a/l Subramaniam,48,Female,016-1314742,1976-11-24,zarina34869@gmail.com,Bronze,"No. 51, Jalan E17",Johor Bahru,Johor,90731,2025-07-18
34870,Nurin,Tan,54,Female,019-9328467,1971-01-15,nurin34870@gmail.com,Bronze,"No. 176, Jalan A7",Kuala Lumpur,Wilayah Persekutuan,75092,2025-04-03
34871,Chloe,Cheah,20,Female,013-9446238,2005-01-20,chloe34871@gmail.com,Bronze,"No. 140, Jalan E14",Ipoh,Perak,62102,2025-07-23
34872,Aisyah,Rahman,31,Female,017-6613442,1994-01-08,aisyah34872@gmail.com,Bronze,"No. 219, Jalan E15",Kuala Lumpur,Wilayah Persekutuan,99178,2025-06-16
34873,Nadia,Yeoh,18,Female,011-8089146,2006-04-21,nadia34873@gmail.com,Bronze,"No. 219, Jalan D4",Kuala Lumpur,Wilayah Persekutuan,89919,2025-01-05
34874,Kok Wai,Hassan,19,Male,019-5044327,2005-09-21,kok34874@gmail.com,Silver,"No. 103, Jalan C9",George Town,Pulau Pinang,14694,2025-05-16
34875,Kok Wai,Yeoh,20,Male,013-6207375,2005-02-18,kok34875@gmail.com,Bronze,"No. 133, Jalan B16",George Town,Pulau Pinang,91350,2025-07-03
34876,Amirul,Wong,47,Male,013-9136286,1977-05-22,amirul34876@gmail.com,Bronze,"No. 24, Jalan C20",Petaling Jaya,Selangor,24320,2025-03-31
34877,Zhi Wei,Teoh,54,Male,011-9123441,1971-07-10,zhi34877@gmail.com,Bronze,"No. 5, Jalan G17",Kuala Lumpur,Wilayah Persekutuan,63536,2025-09-05
34878,Nurin,Goh,38,Female,018-7382512,1986-04-23,nurin34878@gmail.com,Bronze,"No. 173, Jalan C15",Petaling Jaya,Selangor,32843,2025-03-05
34879,Rohani,Rahman,46,Female,013-7269656,1978-05-27,rohani34879@gmail.com,Silver,"No. 266, Jalan G9",Petaling Jaya,Selangor,15497,2025-01-19
34880,Alia,Ong,48,Female,010-3181694,1976-09-17,alia34880@gmail.com,Silver,"No. 149, Jalan B9",Petaling Jaya,Selangor,94948,2025-03-09
34881,Suhaila,Ong,59,Female,013-7045017,1966-03-26,suhaila34881@gmail.com,Bronze,"No. 156, Jalan F1",Johor Bahru,Johor,93138,2025-11-24
34882,Zhi Wei,a/p Subramaniam,33,Male,015-7432112,1992-06-23,zhi34882@gmail.com,Silver,"No. 294, Jalan E14",Petaling Jaya,Selangor,52782,2025-06-26
34883,Wan Ying,Chong,19,Female,015-1989050,2006-07-05,wan34883@gmail.com,Silver,"No. 179, Jalan B7",Kuala Lumpur,Wilayah Persekutuan,33267,2025-11-11
34884,Rachel,Ong,20,Female,016-7847033,2005-02-27,rachel34884@gmail.com,Gold,"No. 220, Jalan F1",Melaka,Melaka,20310,2025-07-04
34885,Anisa,a/p Subramaniam,56,Female,010-4377765,1968-05-05,anisa34885@gmail.com,Platinum,"No. 37, Jalan D7",Petaling Jaya,Selangor,51708,2025-03-31
34886,Yee Ling,Yeoh,40,Female,016-2003162,1985-08-13,yee34886@gmail.com,Silver,"No. 39, Jalan G14",Melaka,Melaka,13334,2025-08-18
34887,Jasmine,Cheah,20,Female,016-9987035,2004-09-15,jasmine34887@gmail.com,Bronze,"No. 170, Jalan A2",Kuala Lumpur,Wilayah Persekutuan,85057,2025-05-28
34888,Nadia,Lee,25,Female,010-6975404,2000-03-15,nadia34888@gmail.com,Silver,"No. 6, Jalan C5",Kuala Lumpur,Wilayah Persekutuan,27848,2025-04-14
34889,Rajesh,Teoh,30,Male,013-5515272,1995-03-27,rajesh34889@gmail.com,Silver,"No. 18, Jalan E3",Petaling Jaya,Selangor,33570,2025-11-29
34890,Ling Ling,Lim,55,Female,015-8752619,1969-05-28,ling34890@gmail.com,Bronze,"No. 208, Jalan A9",Johor Bahru,Johor,95787,2025-02-11
34891,Arjun,Goh,58,Male,011-2075412,1967-05-26,arjun34891@gmail.com,Bronze,"No. 27, Jalan A13",George Town,Pulau Pinang,62462,2025-09-13
34892,Rohani,Sim,24,Female,014-1864394,2000-09-29,rohani34892@gmail.com,Platinum,"No. 237, Jalan A8",Petaling Jaya,Selangor,69610,2025-01-04
34893,Nur Aina,Yeoh,45,Female,012-4303554,1979-10-07,nur34893@gmail.com,Gold,"No. 23, Jalan B13",Johor Bahru,Johor,33539,2025-05-10
34894,Priya,Cheah,33,Female,013-8844773,1992-03-25,priya34894@gmail.com,Bronze,"No. 46, Jalan A4",Petaling Jaya,Selangor,23063,2025-09-06
34895,Nurin,Yeoh,42,Female,019-6151050,1983-11-21,nurin34895@gmail.com,Bronze,"No. 232, Jalan B12",Petaling Jaya,Selangor,40212,2025-11-29
34896,Ling Ling,a/l Subramaniam,26,Female,014-6343838,1998-09-27,ling34896@gmail.com,Silver,"No. 165, Jalan C3",Johor Bahru,Johor,96398,2025-06-14
34897,Farah,Lee,42,Female,012-9720682,1983-06-09,farah34897@gmail.com,Bronze,"No. 115, Jalan D18",Johor Bahru,Johor,45661,2025-06-09
34898,Jun Hao,bin Abdullah,31,Male,016-1702258,1993-11-23,jun34898@gmail.com,Silver,"No. 72, Jalan B8",Johor Bahru,Johor,10103,2025-03-12
34899,Alia,Tan,55,Female,018-1349193,1969-02-21,alia34899@gmail.com,Gold,"No. 235, Jalan A13",Ipoh,Perak,87849,2025-02-09
34900,Kavitha,binti Ismail,48,Female,011-4512991,1976-11-22,kavitha34900@gmail.com,Bronze,"No. 71, Jalan E8",Petaling Jaya,Selangor,23731,2025-08-19
34901,Lakshmi,Lee,26,Female,014-8698375,1999-02-10,lakshmi34901@gmail.com,Bronze,"No. 21, Jalan G18",George Town,Pulau Pinang,82611,2025-03-25
34902,Kavitha,Sim,53,Female,011-5849515,1971-05-11,kavitha34902@gmail.com,Bronze,"No. 78, Jalan G9",Kuala Lumpur,Wilayah Persekutuan,65249,2025-04-10
34903,Hui Min,Teoh,37,Female,013-5488487,1987-11-04,hui34903@gmail.com,Bronze,"No. 62, Jalan B12",George Town,Pulau Pinang,95482,2025-04-27
34904,Chloe,Yeoh,34,Female,013-9665765,1990-11-26,chloe34904@gmail.com,Bronze,"No. 275, Jalan F18",Kuala Lumpur,Wilayah Persekutuan,27241,2025-04-27
34905,Jun Hao,Yeoh,26,Male,013-9001870,1999-01-11,jun34905@gmail.com,Bronze,"No. 156, Jalan D5",Ipoh,Perak,72250,2025-06-04
34906,Hui Min,Lim,30,Female,010-6572359,1994-07-27,hui34906@gmail.com,Bronze,"No. 54, Jalan C7",Melaka,Melaka,59098,2025-03-17
34907,Farah,Lee,28,Female,015-7514797,1997-06-01,farah34907@gmail.com,Bronze,"No. 277, Jalan E8",George Town,Pulau Pinang,30008,2025-08-06
34908,Chloe,Lim,42,Female,017-6675159,1982-12-17,chloe34908@gmail.com,Platinum,"No. 48, Jalan A13",Johor Bahru,Johor,25238,2025-01-31
34909,Siti,binti Ismail,44,Female,010-8504608,1980-12-04,siti34909@gmail.com,Bronze,"No. 180, Jalan E17",Kuala Lumpur,Wilayah Persekutuan,26355,2025-12-02
34910,Wan Ying,Tan,27,Female,012-4660626,1998-08-18,wan34910@gmail.com,Silver,"No. 19, Jalan D9",Johor Bahru,Johor,83477,2025-11-20
34911,Lakshmi,Wong,40,Female,010-3990339,1985-03-17,lakshmi34911@gmail.com,Bronze,"No. 252, Jalan C4",Kuala Lumpur,Wilayah Persekutuan,28743,2025-04-04
34912,Amelia,Sim,47,Female,014-6285080,1977-09-09,amelia34912@gmail.com,Bronze,"No. 182, Jalan C19",Kuala Lumpur,Wilayah Persekutuan,69027,2025-04-06
34913,Pei Shan,binti Ismail,51,Female,018-9995814,1974-02-15,pei34913@gmail.com,Gold,"No. 124, Jalan G3",George Town,Pulau Pinang,76625,2025-10-02
34914,Kavitha,Goh,23,Female,019-1009892,2002-04-26,kavitha34914@gmail.com,Silver,"No. 41, Jalan F20",Petaling Jaya,Selangor,17592,2025-05-04
34915,Farah,Teoh,24,Female,017-8797014,2001-08-14,farah34915@gmail.com,Bronze,"No. 7, Jalan C7",Petaling Jaya,Selangor,24290,2025-09-24
34916,Kumar,Tan,35,Male,017-8284396,1990-03-31,kumar34916@gmail.com,Silver,"No. 71, Jalan F16",Johor Bahru,Johor,46338,2025-04-03
34917,Priya,a/l Subramaniam,22,Female,012-4228953,2002-12-26,priya34917@gmail.com,Bronze,"No. 12, Jalan C13",George Town,Pulau Pinang,31502,2025-10-12
34918,Rajesh,bin Abdullah,60,Male,019-3471639,1965-08-28,rajesh34918@gmail.com,Silver,"No. 127, Jalan D19",Kuala Lumpur,Wilayah Persekutuan,92708,2025-11-17
34919,Divya,binti Ismail,32,Female,015-1896172,1992-08-08,divya34919@gmail.com,Bronze,"No. 250, Jalan D6",Johor Bahru,Johor,51343,2025-03-13
34920,Wan Ying,Ong,47,Female,018-5605145,1978-01-26,wan34920@gmail.com,Silver,"No. 166, Jalan G7",Ipoh,Perak,13756,2025-07-27
34921,Priya,Lee,38,Female,011-7017102,1986-10-29,priya34921@gmail.com,Bronze,"No. 241, Jalan B11",George Town,Pulau Pinang,51363,2025-04-05
34922,Kok Wai,binti Ismail,38,Male,012-6500574,1987-06-16,kok34922@gmail.com,Bronze,"No. 105, Jalan G13",Kuala Lumpur,Wilayah Persekutuan,96261,2025-08-31
34923,Siti,Wong,44,Female,012-7499020,1981-09-03,siti34923@gmail.com,Bronze,"No. 40, Jalan E5",Melaka,Melaka,14736,2025-11-06
34924,Nurin,Rahman,46,Female,011-6755962,1978-11-21,nurin34924@gmail.com,Silver,"No. 87, Jalan G7",Johor Bahru,Johor,14195,2025-01-20
34925,Anisa,Chong,23,Female,014-8292635,2001-06-16,anisa34925@gmail.com,Platinum,"No. 124, Jalan B6",Kuala Lumpur,Wilayah Persekutuan,29295,2025-01-12
34926,Nadia,Rahman,60,Female,014-7005941,1965-01-23,nadia34926@gmail.com,Silver,"No. 139, Jalan B19",Kuala Lumpur,Wilayah Persekutuan,98201,2025-11-06
34927,Wan Ying,Hassan,46,Female,012-6684996,1979-02-24,wan34927@gmail.com,Gold,"No. 34, Jalan G17",George Town,Pulau Pinang,45009,2025-09-01
34928,Mei Ling,Chong,23,Female,013-4663037,2001-08-18,mei34928@gmail.com,Silver,"No. 17, Jalan G15",George Town,Pulau Pinang,83416,2025-07-29
34929,Chloe,Chong,56,Female,012-6499109,1968-12-15,chloe34929@gmail.com,Bronze,"No. 29, Jalan G7",Johor Bahru,Johor,70611,2025-05-29
34930,Anisa,Yeoh,31,Female,018-2986244,1993-06-28,anisa34930@gmail.com,Silver,"No. 107, Jalan E4",Kuala Lumpur,Wilayah Persekutuan,57248,2025-06-07
34931,Mei Ling,Yeoh,34,Female,016-1336634,1990-11-25,mei34931@gmail.com,Silver,"No. 119, Jalan C19",George Town,Pulau Pinang,17492,2025-03-25
34932,Kavitha,Yeoh,30,Female,012-6848921,1995-02-24,kavitha34932@gmail.com,Bronze,"No. 269, Jalan G5",Kuala Lumpur,Wilayah Persekutuan,52180,2025-03-12
34933,Mei Ling,Chong,50,Female,014-6054230,1974-06-21,mei34933@gmail.com,Silver,"No. 200, Jalan D20",Kuala Lumpur,Wilayah Persekutuan,53499,2025-05-01
34934,Nur Aina,Tan,48,Female,012-1267707,1976-07-27,nur34934@gmail.com,Silver,"No. 41, Jalan B16",Johor Bahru,Johor,58364,2025-06-19
34935,Zarina,a/p Subramaniam,59,Female,013-7315279,1965-11-03,zarina34935@gmail.com,Bronze,"No. 216, Jalan G13",Johor Bahru,Johor,93998,2025-02-02
34936,Sharmila,a/p Subramaniam,30,Female,013-7515871,1995-04-24,sharmila34936@gmail.com,Platinum,"No. 43, Jalan F14",George Town,Pulau Pinang,44568,2025-11-14
34937,Amelia,Cheah,34,Female,018-9574000,1991-03-03,amelia34937@gmail.com,Bronze,"No. 40, Jalan F12",Johor Bahru,Johor,86795,2025-09-08
34938,Nur Aina,Sim,25,Female,016-5482070,2000-11-14,nur34938@gmail.com,Bronze,"No. 3, Jalan F20",Petaling Jaya,Selangor,64359,2025-12-03
34939,Mei Ling,Rahman,44,Female,019-4655397,1981-01-31,mei34939@gmail.com,Bronze,"No. 27, Jalan G10",Petaling Jaya,Selangor,24417,2025-12-05
34940,Kavitha,bin Abdullah,36,Female,014-5903759,1989-02-22,kavitha34940@gmail.com,Bronze,"No. 104, Jalan D13",Petaling Jaya,Selangor,92587,2025-05-25
34941,Ling Ling,Tan,29,Female,019-6102615,1996-03-06,ling34941@gmail.com,Gold,"No. 22, Jalan G5",Ipoh,Perak,60946,2025-06-08
34942,Yee Ling,Wong,51,Female,013-1881887,1974-03-27,yee34942@gmail.com,Bronze,"No. 295, Jalan A14",Johor Bahru,Johor,54323,2025-07-29
34943,Aiman,Teoh,52,Male,012-1665581,1972-07-23,aiman34943@gmail.com,Bronze,"No. 89, Jalan D1",Kuala Lumpur,Wilayah Persekutuan,47770,2025-03-28
34944,Ling Ling,a/p Subramaniam,56,Female,019-1070847,1968-08-31,ling34944@gmail.com,Gold,"No. 76, Jalan B14",George Town,Pulau Pinang,88810,2025-01-16
34945,Amelia,Goh,59,Female,016-4692718,1965-12-17,amelia34945@gmail.com,Bronze,"No. 192, Jalan B18",Kuala Lumpur,Wilayah Persekutuan,39598,2025-04-29
34946,Lakshmi,Lim,51,Female,011-7387047,1973-07-13,lakshmi34946@gmail.com,Bronze,"No. 96, Jalan B6",Ipoh,Perak,10329,2025-06-01
34947,Alia,Tan,27,Female,013-4672265,1997-11-23,alia34947@gmail.com,Bronze,"No. 188, Jalan G10",Kuala Lumpur,Wilayah Persekutuan,32069,2025-02-15
34948,Haziq,Ong,18,Male,010-6455348,2006-11-21,haziq34948@gmail.com,Gold,"No. 117, Jalan B11",Johor Bahru,Johor,16510,2025-01-29
34949,Jun Hao,Yeoh,23,Male,014-1497328,2002-09-15,jun34949@gmail.com,Bronze,"No. 106, Jalan E16",Petaling Jaya,Selangor,85071,2025-10-07
34950,Sharmila,Yeoh,57,Female,012-5019901,1968-01-09,sharmila34950@gmail.com,Bronze,"No. 150, Jalan F7",Melaka,Melaka,37689,2025-12-09
34951,Jasmine,Cheah,50,Female,019-7181176,1974-08-15,jasmine34951@gmail.com,Bronze,"No. 80, Jalan B12",Petaling Jaya,Selangor,45317,2025-08-08
34952,Wei Jie,Chong,28,Male,010-6478913,1997-01-11,wei34952@gmail.com,Silver,"No. 283, Jalan A9",Melaka,Melaka,32667,2025-02-26
34953,Xin Yi,Cheah,33,Female,019-2865932,1992-08-27,xin34953@gmail.com,Silver,"No. 223, Jalan D6",Kuala Lumpur,Wilayah Persekutuan,75577,2025-11-16
34954,Kavitha,a/p Subramaniam,36,Female,016-8382886,1989-04-23,kavitha34954@gmail.com,Platinum,"No. 251, Jalan E15",Petaling Jaya,Selangor,50651,2025-10-15
34955,Farah,bin Abdullah,53,Female,011-4048685,1971-07-23,farah34955@gmail.com,Platinum,"No. 218, Jalan B2",George Town,Pulau Pinang,42343,2025-05-27
34956,Aiman,Chong,35,Male,017-1424985,1989-10-17,aiman34956@gmail.com,Gold,"No. 142, Jalan E5",Melaka,Melaka,93536,2025-02-23
34957,Nadia,Sim,23,Female,017-8697576,2001-10-28,nadia34957@gmail.com,Gold,"No. 132, Jalan B7",George Town,Pulau Pinang,62024,2025-08-02
34958,Rachel,Lim,55,Female,015-9243923,1970-05-03,rachel34958@gmail.com,Bronze,"No. 228, Jalan A6",Kuala Lumpur,Wilayah Persekutuan,54189,2025-11-06
34959,Farah,Goh,34,Female,015-1596653,1991-10-19,farah34959@gmail.com,Silver,"No. 21, Jalan F14",Petaling Jaya,Selangor,35201,2025-10-20
34960,Anisa,Tan,39,Female,019-8449493,1986-03-24,anisa34960@gmail.com,Bronze,"No. 265, Jalan D8",Ipoh,Perak,81190,2025-08-02
34961,Arjun,Rahman,30,Male,017-7210111,1995-05-04,arjun34961@gmail.com,Silver,"No. 24, Jalan G19",Ipoh,Perak,60219,2025-12-10
34962,Anisa,Teoh,46,Female,013-8733986,1978-12-31,anisa34962@gmail.com,Silver,"No. 115, Jalan C4",Ipoh,Perak,80385,2025-02-19
34963,Xin Yi,Chong,24,Female,011-4928432,2001-01-15,xin34963@gmail.com,Bronze,"No. 162, Jalan B1",Petaling Jaya,Selangor,31121,2025-06-17
34964,Jun Hao,Goh,45,Male,011-7181120,1979-05-07,jun34964@gmail.com,Bronze,"No. 55, Jalan F13",Kuala Lumpur,Wilayah Persekutuan,51385,2025-05-02
34965,Rachel,Rahman,34,Female,016-1206823,1991-06-13,rachel34965@gmail.com,Bronze,"No. 157, Jalan F9",Melaka,Melaka,36024,2025-08-09
34966,Mei Ling,Sim,48,Female,010-7945997,1977-01-12,mei34966@gmail.com,Silver,"No. 177, Jalan B2",Melaka,Melaka,29409,2025-02-08
34967,Priya,Teoh,56,Female,019-8393895,1968-04-24,priya34967@gmail.com,Silver,"No. 51, Jalan C7",Johor Bahru,Johor,99356,2025-03-28
34968,Priya,Tan,37,Female,018-7652683,1988-03-05,priya34968@gmail.com,Bronze,"No. 68, Jalan B12",George Town,Pulau Pinang,12300,2025-05-26
34969,Xin Yi,Teoh,23,Female,013-3056681,2001-09-03,xin34969@gmail.com,Bronze,"No. 248, Jalan F8",Kuala Lumpur,Wilayah Persekutuan,58183,2025-01-25
34970,Lakshmi,Cheah,31,Female,011-5350146,1994-03-25,lakshmi34970@gmail.com,Bronze,"No. 101, Jalan E8",Petaling Jaya,Selangor,73490,2025-07-22
34971,Rohani,Lim,28,Female,010-4271327,1996-11-28,rohani34971@gmail.com,Bronze,"No. 73, Jalan D3",Petaling Jaya,Selangor,17145,2025-04-08
34972,Yee Ling,Wong,19,Female,015-7544340,2006-02-12,yee34972@gmail.com,Bronze,"No. 13, Jalan A1",George Town,Pulau Pinang,80692,2025-02-24
34973,Alia,Ong,48,Female,018-9942488,1976-12-20,alia34973@gmail.com,Gold,"No. 192, Jalan B7",George Town,Pulau Pinang,82177,2025-08-03
34974,Nur Aina,Hassan,49,Female,016-4324924,1976-02-16,nur34974@gmail.com,Silver,"No. 105, Jalan E14",Melaka,Melaka,89840,2025-11-15
34975,Amelia,Lee,37,Female,018-9892902,1988-01-13,amelia34975@gmail.com,Bronze,"No. 297, Jalan G8",Johor Bahru,Johor,60275,2025-12-13
34976,Rachel,Lim,39,Female,018-5564007,1985-09-04,rachel34976@gmail.com,Silver,"No. 299, Jalan E2",Petaling Jaya,Selangor,50343,2025-01-02
34977,Nurin,Cheah,49,Female,010-6726594,1975-11-04,nurin34977@gmail.com,Silver,"No. 154, Jalan A7",Petaling Jaya,Selangor,26689,2025-05-09
34978,Chloe,Sim,33,Female,014-4761158,1991-11-14,chloe34978@gmail.com,Bronze,"No. 226, Jalan G18",Petaling Jaya,Selangor,57132,2025-09-14
34979,Kumar,Yeoh,44,Male,012-6549090,1980-12-26,kumar34979@gmail.com,Silver,"No. 93, Jalan G2",Melaka,Melaka,78475,2025-01-13
34980,Hui Min,Goh,25,Female,012-6418667,1999-08-17,hui34980@gmail.com,Bronze,"No. 84, Jalan A4",Kuala Lumpur,Wilayah Persekutuan,40887,2025-06-04
34981,Nurin,binti Ismail,20,Female,010-2387035,2004-09-09,nurin34981@gmail.com,Bronze,"No. 95, Jalan F7",Kuala Lumpur,Wilayah Persekutuan,30134,2025-04-10
34982,Nur Aina,Yeoh,59,Female,012-8920943,1965-12-27,nur34982@gmail.com,Bronze,"No. 146, Jalan B4",Petaling Jaya,Selangor,45966,2025-08-18
34983,Nur Aina,Hassan,60,Female,014-2748177,1965-03-25,nur34983@gmail.com,Gold,"No. 236, Jalan C15",Ipoh,Perak,30967,2025-09-21
34984,Yee Ling,binti Ismail,23,Female,018-9659667,2002-07-23,yee34984@gmail.com,Silver,"No. 123, Jalan C5",Ipoh,Perak,35175,2025-09-30
34985,Nurin,Wong,56,Female,017-4758157,1968-09-11,nurin34985@gmail.com,Silver,"No. 211, Jalan G9",Johor Bahru,Johor,67962,2025-01-06
34986,Kumar,Lee,49,Male,012-3132336,1976-05-26,kumar34986@gmail.com,Bronze,"No. 222, Jalan G14",Kuala Lumpur,Wilayah Persekutuan,67538,2025-06-26
34987,Pei Shan,Ong,56,Female,013-3107983,1968-12-01,pei34987@gmail.com,Silver,"No. 242, Jalan C3",Johor Bahru,Johor,58171,2025-02-12
34988,Anisa,Cheah,40,Female,018-9580976,1985-07-21,anisa34988@gmail.com,Platinum,"No. 56, Jalan D6",Kuala Lumpur,Wilayah Persekutuan,36032,2025-07-26
34989,Suhaila,Wong,45,Female,010-3993543,1980-02-23,suhaila34989@gmail.com,Gold,"No. 77, Jalan F10",Petaling Jaya,Selangor,81905,2025-03-15
34990,Mei Ling,binti Ismail,47,Female,011-5065947,1977-11-28,mei34990@gmail.com,Bronze,"No. 96, Jalan D6",Ipoh,Perak,18743,2025-05-06
34991,Chloe,binti Ismail,60,Female,011-4873321,1965-04-10,chloe34991@gmail.com,Bronze,"No. 20, Jalan B17",Ipoh,Perak,42580,2025-08-20
34992,Alia,Teoh,24,Female,018-5504959,2001-02-02,alia34992@gmail.com,Gold,"No. 8, Jalan C1",Ipoh,Perak,78668,2025-06-29
34993,Wan Ying,a/l Subramaniam,44,Female,010-9782039,1980-12-22,wan34993@gmail.com,Silver,"No. 155, Jalan G12",Petaling Jaya,Selangor,98109,2025-07-16
34994,Suhaila,Teoh,25,Female,013-7275531,1999-09-04,suhaila34994@gmail.com,Bronze,"No. 59, Jalan G13",Kuala Lumpur,Wilayah Persekutuan,17243,2025-02-08
34995,Rachel,Yeoh,22,Female,015-8096156,2002-10-01,rachel34995@gmail.com,Silver,"No. 296, Jalan E11",Johor Bahru,Johor,93046,2025-02-07
34996,Sharmila,Wong,55,Female,017-5822303,1969-06-25,sharmila34996@gmail.com,Silver,"No. 66, Jalan F7",Petaling Jaya,Selangor,60559,2025-06-13
34997,Farah,Rahman,44,Female,016-6649647,1980-11-07,farah34997@gmail.com,Bronze,"No. 256, Jalan G15",Ipoh,Perak,90865,2025-06-08
34998,Nadia,binti Ismail,43,Female,015-9252756,1981-06-03,nadia34998@gmail.com,Bronze,"No. 252, Jalan C2",Kuala Lumpur,Wilayah Persekutuan,81260,2025-02-08
34999,Rohani,Sim,30,Female,018-4268232,1994-02-18,rohani34999@gmail.com,Bronze,"No. 273, Jalan E7",Melaka,Melaka,76564,2025-02-05
35000,Divya,Teoh,30,Female,013-9885696,1994-11-13,divya35000@gmail.com,Silver,"No. 148, Jalan C5",Melaka,Melaka,90195,2025-07-29
35001,Aisyah,Lim,22,Female,011-5904187,2003-10-27,aisyah35001@gmail.com,Silver,"No. 175, Jalan G15",Ipoh,Perak,61445,2025-11-30
35002,Divya,binti Ismail,50,Female,017-5891550,1975-02-22,divya35002@gmail.com,Silver,"No. 90, Jalan A11",Melaka,Melaka,35114,2025-10-30
35003,Wan Ying,a/l Subramaniam,57,Female,012-2592979,1968-01-05,wan35003@gmail.com,Silver,"No. 37, Jalan D13",Petaling Jaya,Selangor,39958,2025-05-12
35004,Wan Ying,Yeoh,47,Female,012-2206287,1977-04-23,wan35004@gmail.com,Bronze,"No. 107, Jalan C7",Johor Bahru,Johor,34640,2025-01-13
35005,Amelia,a/l Subramaniam,36,Female,015-2443924,1988-12-29,amelia35005@gmail.com,Gold,"No. 282, Jalan F20",Ipoh,Perak,87282,2025-05-24
35006,Xin Yi,a/p Subramaniam,43,Female,019-6531341,1981-12-06,xin35006@gmail.com,Gold,"No. 72, Jalan C20",Johor Bahru,Johor,45809,2025-01-24
35007,Jasmine,binti Ismail,37,Female,011-5126733,1987-07-04,jasmine35007@gmail.com,Bronze,"No. 49, Jalan D2",Petaling Jaya,Selangor,68165,2025-02-15
35008,Kumar,Chong,51,Male,018-6519628,1973-11-25,kumar35008@gmail.com,Bronze,"No. 116, Jalan C20",Kuala Lumpur,Wilayah Persekutuan,11227,2025-06-28
35009,Nadia,Ong,52,Female,012-1988207,1972-07-24,nadia35009@gmail.com,Gold,"No. 246, Jalan D3",Kuala Lumpur,Wilayah Persekutuan,76005,2025-01-05
35010,Farah,Rahman,59,Female,011-5952535,1965-10-24,farah35010@gmail.com,Bronze,"No. 292, Jalan C2",Melaka,Melaka,75609,2025-06-19
35011,Chloe,a/l Subramaniam,58,Female,015-1450877,1966-08-23,chloe35011@gmail.com,Silver,"No. 187, Jalan B12",Johor Bahru,Johor,99649,2025-02-26
35012,Divya,Ong,34,Female,014-5869797,1991-01-01,divya35012@gmail.com,Silver,"No. 96, Jalan D6",Johor Bahru,Johor,77032,2025-01-22
35013,Yee Ling,Tan,18,Female,013-5496361,2007-03-06,yee35013@gmail.com,Silver,"No. 151, Jalan D12",Johor Bahru,Johor,79996,2025-04-19
35014,Ling Ling,Tan,56,Female,017-6507066,1969-10-15,ling35014@gmail.com,Bronze,"No. 217, Jalan B7",Kuala Lumpur,Wilayah Persekutuan,54812,2025-12-12
35015,Nur Aina,Goh,41,Female,015-3142189,1983-08-01,nur35015@gmail.com,Silver,"No. 146, Jalan D6",Petaling Jaya,Selangor,45050,2025-07-04
35016,Rachel,Yeoh,34,Female,019-7304938,1991-10-17,rachel35016@gmail.com,Gold,"No. 233, Jalan E12",Ipoh,Perak,93717,2025-11-17
35017,Nur Aina,Cheah,19,Female,019-6387558,2005-09-30,nur35017@gmail.com,Bronze,"No. 13, Jalan B15",Melaka,Melaka,88711,2025-03-26
35018,Arjun,bin Abdullah,41,Male,013-7718271,1983-09-07,arjun35018@gmail.com,Bronze,"No. 5, Jalan E14",Melaka,Melaka,92802,2025-08-19
35019,Nadia,Tan,27,Female,019-6542805,1997-04-18,nadia35019@gmail.com,Bronze,"No. 41, Jalan C3",Johor Bahru,Johor,28047,2025-03-31
35020,Zarina,a/p Subramaniam,35,Female,016-8994168,1990-01-26,zarina35020@gmail.com,Silver,"No. 60, Jalan C8",Ipoh,Perak,46012,2025-05-17
35021,Yee Ling,Tan,38,Female,013-9932323,1987-09-14,yee35021@gmail.com,Silver,"No. 257, Jalan D1",Ipoh,Perak,54093,2025-10-02
35022,Arjun,Hassan,35,Male,011-7649373,1989-08-10,arjun35022@gmail.com,Bronze,"No. 141, Jalan G14",George Town,Pulau Pinang,56481,2025-04-17
35023,Arjun,Lim,21,Male,010-6598287,2003-04-28,arjun35023@gmail.com,Bronze,"No. 66, Jalan G10",Petaling Jaya,Selangor,33827,2025-03-17
35024,Jasmine,Yeoh,38,Female,013-8829084,1987-05-22,jasmine35024@gmail.com,Platinum,"No. 135, Jalan F11",Ipoh,Perak,96661,2025-10-03
35025,Yee Ling,Yeoh,57,Female,012-9068226,1968-05-02,yee35025@gmail.com,Bronze,"No. 288, Jalan B4",Johor Bahru,Johor,93571,2025-10-11
35026,Amelia,Cheah,31,Female,018-1750703,1994-01-21,amelia35026@gmail.com,Bronze,"No. 116, Jalan D13",Ipoh,Perak,71462,2025-03-14
35027,Xin Yi,Sim,24,Female,014-3327345,2001-04-16,xin35027@gmail.com,Bronze,"No. 1, Jalan B6",George Town,Pulau Pinang,19145,2025-05-27
35028,Yee Ling,Rahman,51,Female,014-4555150,1973-11-21,yee35028@gmail.com,Bronze,"No. 253, Jalan C1",Petaling Jaya,Selangor,33159,2025-09-26
35029,Chloe,a/p Subramaniam,39,Female,017-4542694,1986-07-31,chloe35029@gmail.com,Platinum,"No. 270, Jalan A13",Johor Bahru,Johor,42846,2025-12-13
35030,Yee Ling,Wong,36,Female,014-3928252,1988-11-28,yee35030@gmail.com,Bronze,"No. 10, Jalan A13",Kuala Lumpur,Wilayah Persekutuan,69025,2025-04-16
35031,Jasmine,Sim,58,Female,013-2942257,1966-08-25,jasmine35031@gmail.com,Bronze,"No. 181, Jalan D1",George Town,Pulau Pinang,68785,2025-03-17
35032,Siti,bin Abdullah,39,Female,017-4949815,1986-04-18,siti35032@gmail.com,Gold,"No. 94, Jalan D3",Petaling Jaya,Selangor,88663,2025-06-03
35033,Sharmila,Ong,20,Female,012-5246950,2004-09-03,sharmila35033@gmail.com,Bronze,"No. 58, Jalan A4",Kuala Lumpur,Wilayah Persekutuan,40431,2025-05-23
35034,Kok Wai,Wong,58,Male,012-3176217,1967-07-07,kok35034@gmail.com,Silver,"No. 243, Jalan C2",Johor Bahru,Johor,11407,2025-10-11
35035,Pei Shan,Goh,60,Female,019-9914092,1965-03-30,pei35035@gmail.com,Bronze,"No. 164, Jalan D10",Melaka,Melaka,27469,2025-11-18
35036,Rachel,a/p Subramaniam,55,Female,010-2229564,1969-08-05,rachel35036@gmail.com,Bronze,"No. 238, Jalan E4",Ipoh,Perak,40348,2025-01-03
35037,Rohani,Chong,39,Female,014-5237732,1985-11-27,rohani35037@gmail.com,Gold,"No. 48, Jalan B10",Kuala Lumpur,Wilayah Persekutuan,37528,2025-07-08
35038,Kok Wai,Wong,23,Male,012-6587983,2001-07-07,kok35038@gmail.com,Silver,"No. 247, Jalan F14",Petaling Jaya,Selangor,85302,2025-06-22
35039,Nurin,Lim,22,Female,011-6464032,2002-09-08,nurin35039@gmail.com,Bronze,"No. 188, Jalan D2",Petaling Jaya,Selangor,10122,2025-08-08
35040,Mei Ling,a/l Subramaniam,48,Female,019-8056981,1976-08-07,mei35040@gmail.com,Silver,"No. 198, Jalan G15",Ipoh,Perak,47793,2025-02-08
35041,Xin Yi,Cheah,31,Female,017-8201774,1994-01-23,xin35041@gmail.com,Silver,"No. 261, Jalan G4",Kuala Lumpur,Wilayah Persekutuan,90899,2025-09-30
35042,Amirul,Ong,44,Male,011-3316196,1980-07-23,amirul35042@gmail.com,Silver,"No. 175, Jalan D4",Melaka,Melaka,72948,2025-03-03
35043,Wan Ying,Lim,40,Female,018-5997102,1985-02-06,wan35043@gmail.com,Bronze,"No. 38, Jalan E13",Ipoh,Perak,22045,2025-10-20
35044,Rachel,a/l Subramaniam,56,Female,019-4807454,1969-08-11,rachel35044@gmail.com,Silver,"No. 294, Jalan B14",Ipoh,Perak,10389,2025-10-11
35045,Sharmila,Teoh,56,Female,018-8690590,1968-05-07,sharmila35045@gmail.com,Bronze,"No. 99, Jalan C5",Ipoh,Perak,82932,2025-04-25
35046,Nadia,Lim,22,Female,014-4003761,2002-07-12,nadia35046@gmail.com,Silver,"No. 7, Jalan C16",Ipoh,Perak,51985,2025-01-06
35047,Farah,Ong,45,Female,019-4685179,1980-01-02,farah35047@gmail.com,Silver,"No. 89, Jalan B7",Petaling Jaya,Selangor,21210,2025-03-27
35048,Alia,Tan,36,Female,011-7553215,1988-08-07,alia35048@gmail.com,Bronze,"No. 12, Jalan B10",George Town,Pulau Pinang,21264,2025-05-25
35049,Xin Yi,a/l Subramaniam,57,Female,014-6227522,1967-11-22,xin35049@gmail.com,Bronze,"No. 131, Jalan D17",Petaling Jaya,Selangor,27143,2025-08-15
35050,Wei Jie,Sim,59,Male,011-6611854,1965-09-22,wei35050@gmail.com,Bronze,"No. 22, Jalan A19",Kuala Lumpur,Wilayah Persekutuan,78702,2025-09-14
35051,Zhi Wei,Lim,34,Male,011-4699465,1990-10-01,zhi35051@gmail.com,Silver,"No. 84, Jalan E6",Johor Bahru,Johor,86824,2025-08-20
35052,Aisyah,Tan,36,Female,014-4624412,1988-09-19,aisyah35052@gmail.com,Bronze,"No. 183, Jalan D16",Petaling Jaya,Selangor,95152,2025-05-13
35053,Ling Ling,a/p Subramaniam,35,Female,018-5843421,1989-10-27,ling35053@gmail.com,Silver,"No. 103, Jalan D20",Kuala Lumpur,Wilayah Persekutuan,99580,2025-10-14
35054,Aisyah,Teoh,52,Female,013-1607549,1972-01-28,aisyah35054@gmail.com,Silver,"No. 260, Jalan A19",Johor Bahru,Johor,77948,2025-01-20
35055,Amelia,binti Ismail,57,Female,011-5944967,1967-06-29,amelia35055@gmail.com,Bronze,"No. 167, Jalan A19",Ipoh,Perak,96122,2025-05-26
35056,Ling Ling,Cheah,56,Female,014-9091704,1969-03-29,ling35056@gmail.com,Bronze,"No. 96, Jalan E6",Kuala Lumpur,Wilayah Persekutuan,75728,2025-09-10
35057,Divya,Tan,59,Female,018-4544877,1966-05-11,divya35057@gmail.com,Bronze,"No. 79, Jalan E9",Johor Bahru,Johor,40546,2025-06-28
35058,Nadia,Hassan,39,Female,013-9063784,1986-02-27,nadia35058@gmail.com,Silver,"No. 170, Jalan A12",Kuala Lumpur,Wilayah Persekutuan,50949,2025-10-08
35059,Xin Yi,Tan,51,Female,017-6401705,1973-11-09,xin35059@gmail.com,Gold,"No. 263, Jalan C5",Ipoh,Perak,31662,2025-10-17
35060,Hui Min,Lim,53,Female,018-2369544,1972-08-05,hui35060@gmail.com,Bronze,"No. 268, Jalan C9",Johor Bahru,Johor,30789,2025-09-24
35061,Nur Aina,Lim,30,Female,019-4302074,1994-11-26,nur35061@gmail.com,Bronze,"No. 162, Jalan B2",Kuala Lumpur,Wilayah Persekutuan,69253,2025-02-18
35062,Rohani,Sim,24,Female,015-6365647,2000-02-29,rohani35062@gmail.com,Silver,"No. 163, Jalan C13",George Town,Pulau Pinang,14161,2025-02-05
35063,Chloe,Sim,32,Female,014-5773180,1992-06-10,chloe35063@gmail.com,Platinum,"No. 249, Jalan E5",Petaling Jaya,Selangor,71172,2025-01-02
35064,Rachel,Rahman,45,Female,013-5204076,1979-02-17,rachel35064@gmail.com,Bronze,"No. 116, Jalan E1",Johor Bahru,Johor,40958,2025-01-13
35065,Nadia,Wong,40,Female,011-1155751,1984-07-23,nadia35065@gmail.com,Gold,"No. 263, Jalan E9",Johor Bahru,Johor,96598,2025-07-02
35066,Ling Ling,binti Ismail,31,Female,017-3347321,1994-06-23,ling35066@gmail.com,Silver,"No. 249, Jalan C9",Ipoh,Perak,17493,2025-10-28
35067,Jasmine,Tan,33,Female,013-7109927,1992-06-13,jasmine35067@gmail.com,Gold,"No. 195, Jalan A7",Kuala Lumpur,Wilayah Persekutuan,32514,2025-10-15
35068,Kavitha,Lim,21,Female,013-5704662,2003-11-07,kavitha35068@gmail.com,Silver,"No. 84, Jalan B2",Ipoh,Perak,63712,2025-07-02
35069,Jasmine,binti Ismail,30,Female,012-2141743,1995-01-19,jasmine35069@gmail.com,Gold,"No. 273, Jalan C14",Johor Bahru,Johor,47562,2025-03-25
35070,Farah,Goh,32,Female,012-4155162,1993-03-07,farah35070@gmail.com,Gold,"No. 192, Jalan A12",Petaling Jaya,Selangor,76453,2025-10-21
35071,Priya,Goh,22,Female,016-7136221,2003-02-15,priya35071@gmail.com,Bronze,"No. 171, Jalan G5",Kuala Lumpur,Wilayah Persekutuan,97346,2025-05-13
35072,Ling Ling,a/l Subramaniam,56,Female,015-9864776,1969-02-22,ling35072@gmail.com,Bronze,"No. 206, Jalan A20",George Town,Pulau Pinang,43856,2025-12-07
35073,Jasmine,bin Abdullah,53,Female,019-5200075,1971-12-20,jasmine35073@gmail.com,Silver,"No. 296, Jalan E2",Johor Bahru,Johor,16787,2025-04-13
35074,Nurin,Teoh,52,Female,017-3810710,1973-03-13,nurin35074@gmail.com,Bronze,"No. 162, Jalan D15",Kuala Lumpur,Wilayah Persekutuan,38771,2025-12-15
35075,Rachel,Lim,54,Female,016-6719371,1971-02-26,rachel35075@gmail.com,Bronze,"No. 143, Jalan C6",Kuala Lumpur,Wilayah Persekutuan,55519,2025-05-09
35076,Faizal,Lim,23,Male,010-2821993,2001-10-28,faizal35076@gmail.com,Bronze,"No. 12, Jalan B16",Kuala Lumpur,Wilayah Persekutuan,34986,2025-01-01
35077,Jun Hao,Tan,32,Male,015-4890212,1993-07-19,jun35077@gmail.com,Gold,"No. 198, Jalan D17",Ipoh,Perak,82299,2025-09-23
35078,Nur Aina,Lee,21,Female,017-9416644,2003-05-27,nur35078@gmail.com,Bronze,"No. 134, Jalan B16",George Town,Pulau Pinang,27049,2025-01-20
35079,Pei Shan,a/l Subramaniam,37,Female,014-4863156,1987-04-21,pei35079@gmail.com,Silver,"No. 92, Jalan E15",George Town,Pulau Pinang,50020,2025-01-14
35080,Jasmine,Yeoh,52,Female,018-9879300,1972-07-24,jasmine35080@gmail.com,Bronze,"No. 282, Jalan F13",Melaka,Melaka,82031,2025-05-06
35081,Anisa,a/p Subramaniam,55,Female,018-5157939,1969-09-28,anisa35081@gmail.com,Bronze,"No. 194, Jalan F9",Johor Bahru,Johor,40184,2025-04-01
35082,Divya,Yeoh,42,Female,017-2469886,1982-08-07,divya35082@gmail.com,Gold,"No. 114, Jalan B1",Melaka,Melaka,72282,2025-03-12
35083,Wan Ying,a/l Subramaniam,31,Female,013-6963114,1993-11-22,wan35083@gmail.com,Bronze,"No. 262, Jalan F15",Petaling Jaya,Selangor,68461,2025-03-11
35084,Xin Yi,Ong,58,Female,013-8480259,1966-08-17,xin35084@gmail.com,Platinum,"No. 289, Jalan A8",George Town,Pulau Pinang,87969,2025-01-19
35085,Priya,binti Ismail,28,Female,014-8301642,1996-10-25,priya35085@gmail.com,Gold,"No. 177, Jalan G9",Johor Bahru,Johor,93972,2025-01-01
35086,Suhaila,Lee,38,Female,019-3237851,1987-05-12,suhaila35086@gmail.com,Silver,"No. 111, Jalan D15",Petaling Jaya,Selangor,17036,2025-11-21
35087,Amirul,Cheah,28,Male,011-9677174,1996-08-08,amirul35087@gmail.com,Silver,"No. 9, Jalan F1",Petaling Jaya,Selangor,53771,2025-01-08
35088,Hui Min,Yeoh,27,Female,018-5542456,1997-12-26,hui35088@gmail.com,Silver,"No. 95, Jalan C12",Kuala Lumpur,Wilayah Persekutuan,76132,2025-10-29
35089,Nadia,Goh,45,Female,017-8680750,1979-11-02,nadia35089@gmail.com,Gold,"No. 260, Jalan F18",Ipoh,Perak,49987,2025-04-07
35090,Amelia,Lim,47,Female,019-9803999,1977-08-08,amelia35090@gmail.com,Bronze,"No. 265, Jalan G9",Kuala Lumpur,Wilayah Persekutuan,68027,2025-03-20
35091,Aisyah,Cheah,21,Female,018-7332376,2003-08-29,aisyah35091@gmail.com,Bronze,"No. 59, Jalan G11",Ipoh,Perak,43422,2025-08-06
35092,Rohani,Rahman,44,Female,014-4484109,1980-06-22,rohani35092@gmail.com,Silver,"No. 273, Jalan E1",Petaling Jaya,Selangor,34849,2025-02-06
35093,Kok Wai,Lee,48,Male,013-4858322,1977-04-29,kok35093@gmail.com,Silver,"No. 161, Jalan C19",Petaling Jaya,Selangor,24867,2025-09-21
35094,Pei Shan,Lim,41,Female,013-3558677,1983-10-15,pei35094@gmail.com,Silver,"No. 231, Jalan A9",Johor Bahru,Johor,73860,2025-04-08
35095,Aisyah,Tan,54,Female,014-1597429,1971-02-27,aisyah35095@gmail.com,Bronze,"No. 89, Jalan C5",Johor Bahru,Johor,31128,2025-10-13
35096,Siti,a/l Subramaniam,48,Female,010-4618700,1976-11-18,siti35096@gmail.com,Platinum,"No. 95, Jalan E12",Petaling Jaya,Selangor,69967,2025-04-11
35097,Aisyah,binti Ismail,52,Female,013-4216623,1973-05-01,aisyah35097@gmail.com,Silver,"No. 52, Jalan C1",Johor Bahru,Johor,63066,2025-05-24
35098,Kumar,binti Ismail,44,Male,016-1566400,1980-05-10,kumar35098@gmail.com,Platinum,"No. 196, Jalan G14",Kuala Lumpur,Wilayah Persekutuan,74241,2025-02-25
35099,Nur Aina,Teoh,57,Female,019-2004038,1968-07-27,nur35099@gmail.com,Silver,"No. 217, Jalan B3",Ipoh,Perak,73388,2025-08-10
35100,Alia,Hassan,36,Female,013-6788565,1989-02-16,alia35100@gmail.com,Gold,"No. 185, Jalan E2",Petaling Jaya,Selangor,71001,2025-04-26
35101,Siti,Yeoh,49,Female,017-8315509,1975-04-24,siti35101@gmail.com,Silver,"No. 262, Jalan E8",Kuala Lumpur,Wilayah Persekutuan,56507,2025-04-18
35102,Rohani,Chong,25,Female,010-6008707,2000-06-08,rohani35102@gmail.com,Bronze,"No. 218, Jalan C15",Ipoh,Perak,50058,2025-10-13
35103,Amirul,Hassan,53,Male,018-3549415,1971-05-13,amirul35103@gmail.com,Bronze,"No. 243, Jalan F1",Ipoh,Perak,40211,2025-01-10
35104,Alia,Sim,36,Female,010-7563654,1989-06-05,alia35104@gmail.com,Silver,"No. 48, Jalan F1",Melaka,Melaka,62192,2025-09-19
35105,Rohani,a/l Subramaniam,26,Female,014-7471975,1998-10-18,rohani35105@gmail.com,Bronze,"No. 83, Jalan B14",Petaling Jaya,Selangor,24203,2025-06-02
35106,Alia,Sim,44,Female,011-5917794,1980-07-31,alia35106@gmail.com,Silver,"No. 15, Jalan F18",Petaling Jaya,Selangor,84772,2025-03-13
35107,Zarina,Yeoh,47,Female,013-3665116,1978-06-21,zarina35107@gmail.com,Bronze,"No. 259, Jalan D14",Kuala Lumpur,Wilayah Persekutuan,63945,2025-10-10
35108,Aiman,Ong,28,Male,012-3807151,1996-08-14,aiman35108@gmail.com,Bronze,"No. 7, Jalan E4",Kuala Lumpur,Wilayah Persekutuan,81249,2025-01-12
35109,Rohani,Ong,45,Female,019-8659637,1980-02-22,rohani35109@gmail.com,Silver,"No. 84, Jalan C18",Johor Bahru,Johor,39841,2025-07-04
35110,Nurin,bin Abdullah,59,Female,010-2774249,1966-02-05,nurin35110@gmail.com,Silver,"No. 96, Jalan F20",Kuala Lumpur,Wilayah Persekutuan,43716,2025-09-21
35111,Yee Ling,a/p Subramaniam,40,Female,019-1328738,1984-10-16,yee35111@gmail.com,Bronze,"No. 188, Jalan E19",Petaling Jaya,Selangor,45378,2025-01-27
35112,Aisyah,Cheah,23,Female,013-4007363,2001-09-03,aisyah35112@gmail.com,Silver,"No. 222, Jalan A14",Kuala Lumpur,Wilayah Persekutuan,49812,2025-03-18
35113,Mei Ling,binti Ismail,27,Female,014-5365996,1997-10-13,mei35113@gmail.com,Silver,"No. 153, Jalan E11",Johor Bahru,Johor,86840,2025-03-25
35114,Alia,Teoh,37,Female,017-2050244,1988-06-22,alia35114@gmail.com,Silver,"No. 38, Jalan F20",Petaling Jaya,Selangor,50078,2025-08-04
35115,Hui Min,Lim,27,Female,010-5756731,1997-05-13,hui35115@gmail.com,Bronze,"No. 283, Jalan F15",Ipoh,Perak,50472,2025-04-03
35116,Suhaila,Sim,34,Female,011-8762488,1991-01-29,suhaila35116@gmail.com,Bronze,"No. 44, Jalan E15",Petaling Jaya,Selangor,62567,2025-10-13
35117,Farah,Lim,57,Female,019-5341473,1967-12-22,farah35117@gmail.com,Silver,"No. 128, Jalan C5",Kuala Lumpur,Wilayah Persekutuan,57268,2025-07-17
35118,Haziq,a/p Subramaniam,38,Male,015-6281049,1987-02-15,haziq35118@gmail.com,Bronze,"No. 130, Jalan C15",Petaling Jaya,Selangor,77076,2025-11-07
35119,Pei Shan,Ong,24,Female,019-4557191,2001-04-01,pei35119@gmail.com,Bronze,"No. 119, Jalan E9",Kuala Lumpur,Wilayah Persekutuan,79717,2025-08-05
35120,Nurin,Lim,34,Female,013-5509355,1991-08-09,nurin35120@gmail.com,Silver,"No. 88, Jalan A20",Petaling Jaya,Selangor,83228,2025-09-10
35121,Kavitha,Ong,28,Female,010-3866240,1996-11-04,kavitha35121@gmail.com,Bronze,"No. 298, Jalan G18",Kuala Lumpur,Wilayah Persekutuan,82718,2025-07-05
35122,Farah,Hassan,51,Female,010-5948364,1974-02-03,farah35122@gmail.com,Gold,"No. 164, Jalan F5",Melaka,Melaka,71312,2025-07-09
35123,Jun Hao,a/p Subramaniam,23,Male,019-2826116,2002-05-25,jun35123@gmail.com,Bronze,"No. 264, Jalan C7",Ipoh,Perak,10368,2025-09-17
35124,Pei Shan,Sim,49,Female,015-8338796,1976-01-03,pei35124@gmail.com,Gold,"No. 289, Jalan D20",Johor Bahru,Johor,55100,2025-01-22
35125,Xin Yi,Teoh,31,Female,011-7029877,1994-06-13,xin35125@gmail.com,Bronze,"No. 18, Jalan F14",George Town,Pulau Pinang,29901,2025-11-15
35126,Anisa,Lee,27,Female,010-7169871,1997-12-05,anisa35126@gmail.com,Silver,"No. 29, Jalan C20",George Town,Pulau Pinang,37866,2025-11-27
35127,Wan Ying,Wong,53,Female,013-3590661,1971-07-08,wan35127@gmail.com,Silver,"No. 139, Jalan B13",Melaka,Melaka,54184,2025-04-22
35128,Amelia,Chong,51,Female,010-8155057,1973-10-02,amelia35128@gmail.com,Bronze,"No. 209, Jalan C15",Petaling Jaya,Selangor,27747,2025-08-24
35129,Anisa,Goh,34,Female,017-2561752,1990-07-23,anisa35129@gmail.com,Bronze,"No. 16, Jalan F6",George Town,Pulau Pinang,11287,2025-02-22
35130,Suhaila,Yeoh,19,Female,017-2412820,2005-09-20,suhaila35130@gmail.com,Silver,"No. 152, Jalan C18",Melaka,Melaka,83157,2025-04-18
35131,Kavitha,Lim,37,Female,018-7041933,1987-12-19,kavitha35131@gmail.com,Bronze,"No. 223, Jalan A3",Petaling Jaya,Selangor,37279,2025-06-18
35132,Lakshmi,Lee,24,Female,014-7398872,2000-09-15,lakshmi35132@gmail.com,Silver,"No. 9, Jalan D7",Johor Bahru,Johor,72343,2025-09-06
35133,Sharmila,Teoh,37,Female,013-6911873,1987-12-18,sharmila35133@gmail.com,Silver,"No. 272, Jalan F19",Petaling Jaya,Selangor,29184,2025-07-28
35134,Rohani,Cheah,44,Female,014-9214045,1981-04-05,rohani35134@gmail.com,Silver,"No. 120, Jalan C5",Johor Bahru,Johor,57128,2025-07-29
35135,Amelia,Chong,22,Female,011-1148653,2003-02-18,amelia35135@gmail.com,Bronze,"No. 60, Jalan A19",Johor Bahru,Johor,96005,2025-11-19
35136,Haziq,Chong,26,Male,015-9528893,1998-08-07,haziq35136@gmail.com,Bronze,"No. 92, Jalan G10",Kuala Lumpur,Wilayah Persekutuan,21008,2025-05-11
35137,Zhi Wei,a/l Subramaniam,40,Male,017-5842551,1984-04-17,zhi35137@gmail.com,Bronze,"No. 291, Jalan D8",George Town,Pulau Pinang,65077,2025-01-17
35138,Hui Min,Cheah,59,Female,017-1187995,1966-09-07,hui35138@gmail.com,Gold,"No. 83, Jalan D2",Kuala Lumpur,Wilayah Persekutuan,61192,2025-09-10
35139,Nur Aina,a/p Subramaniam,27,Female,011-3389951,1998-09-30,nur35139@gmail.com,Silver,"No. 251, Jalan E9",Petaling Jaya,Selangor,21082,2025-11-28
35140,Kavitha,a/p Subramaniam,49,Female,011-8841358,1975-12-21,kavitha35140@gmail.com,Silver,"No. 10, Jalan D6",Johor Bahru,Johor,12289,2025-01-15
35141,Chloe,Teoh,50,Female,014-5427021,1975-01-31,chloe35141@gmail.com,Platinum,"No. 281, Jalan F2",Ipoh,Perak,37916,2025-02-27
35142,Mei Ling,Rahman,26,Female,019-2424381,1998-10-26,mei35142@gmail.com,Gold,"No. 134, Jalan D1",Petaling Jaya,Selangor,11247,2025-10-05
35143,Lakshmi,Hassan,48,Female,017-9630190,1977-08-04,lakshmi35143@gmail.com,Silver,"No. 74, Jalan E2",George Town,Pulau Pinang,15147,2025-09-05
35144,Siti,Cheah,19,Female,012-7998224,2006-01-18,siti35144@gmail.com,Gold,"No. 55, Jalan G17",Ipoh,Perak,12534,2025-10-27
35145,Rachel,Tan,54,Female,017-3493363,1971-07-02,rachel35145@gmail.com,Bronze,"No. 117, Jalan C18",Petaling Jaya,Selangor,65591,2025-08-15
35146,Jun Hao,Wong,55,Male,014-3558079,1969-09-11,jun35146@gmail.com,Bronze,"No. 222, Jalan G14",Johor Bahru,Johor,40839,2025-01-08
35147,Suhaila,Chong,58,Female,011-8323399,1967-08-11,suhaila35147@gmail.com,Bronze,"No. 17, Jalan E19",Kuala Lumpur,Wilayah Persekutuan,54604,2025-08-27
35148,Nurin,Chong,35,Female,010-3012199,1990-08-29,nurin35148@gmail.com,Bronze,"No. 245, Jalan C19",Petaling Jaya,Selangor,12054,2025-10-12
35149,Mei Ling,binti Ismail,43,Female,017-8741046,1981-11-19,mei35149@gmail.com,Bronze,"No. 288, Jalan G18",Ipoh,Perak,16971,2025-04-11
35150,Jasmine,binti Ismail,50,Female,015-1411188,1974-10-10,jasmine35150@gmail.com,Gold,"No. 190, Jalan A9",George Town,Pulau Pinang,28893,2025-01-11
35151,Chloe,Lee,41,Female,011-2487788,1984-04-07,chloe35151@gmail.com,Bronze,"No. 47, Jalan C17",George Town,Pulau Pinang,42173,2025-11-03
35152,Wan Ying,Sim,35,Female,016-3351778,1989-08-15,wan35152@gmail.com,Bronze,"No. 75, Jalan A13",Johor Bahru,Johor,71408,2025-06-04
35153,Jun Hao,Ong,47,Male,013-2003881,1977-10-25,jun35153@gmail.com,Silver,"No. 225, Jalan F20",Johor Bahru,Johor,86407,2025-05-07
35154,Pei Shan,Rahman,49,Female,012-1212528,1975-09-21,pei35154@gmail.com,Bronze,"No. 145, Jalan C4",Kuala Lumpur,Wilayah Persekutuan,35916,2025-02-25
35155,Pei Shan,Lim,20,Female,011-1705303,2005-06-22,pei35155@gmail.com,Bronze,"No. 229, Jalan A1",George Town,Pulau Pinang,85765,2025-10-18
35156,Rohani,Wong,59,Female,014-8120458,1966-02-28,rohani35156@gmail.com,Silver,"No. 91, Jalan E3",Kuala Lumpur,Wilayah Persekutuan,31403,2025-03-08
35157,Divya,Tan,44,Female,016-3914916,1980-12-09,divya35157@gmail.com,Silver,"No. 138, Jalan F19",Johor Bahru,Johor,19577,2025-01-07
35158,Zarina,Chong,50,Female,011-4355296,1974-06-07,zarina35158@gmail.com,Bronze,"No. 277, Jalan C1",Melaka,Melaka,16464,2025-05-03
35159,Wei Jie,Sim,50,Male,012-7772038,1974-11-12,wei35159@gmail.com,Silver,"No. 50, Jalan F19",George Town,Pulau Pinang,58229,2025-02-17
35160,Priya,Cheah,26,Female,010-8226254,1998-05-18,priya35160@gmail.com,Bronze,"No. 179, Jalan E19",George Town,Pulau Pinang,97131,2025-04-07
35161,Ling Ling,a/l Subramaniam,41,Female,011-4497627,1984-01-27,ling35161@gmail.com,Gold,"No. 274, Jalan B16",Melaka,Melaka,48372,2025-03-01
35162,Nur Aina,a/p Subramaniam,45,Female,010-8927384,1980-04-27,nur35162@gmail.com,Bronze,"No. 298, Jalan E1",Petaling Jaya,Selangor,87859,2025-08-12
35163,Wan Ying,a/p Subramaniam,49,Female,018-5198914,1976-02-01,wan35163@gmail.com,Bronze,"No. 115, Jalan G17",Petaling Jaya,Selangor,78482,2025-03-16
35164,Kok Wai,Yeoh,30,Male,019-1150594,1994-09-18,kok35164@gmail.com,Gold,"No. 219, Jalan E4",George Town,Pulau Pinang,66766,2025-07-10
35165,Siti,Goh,33,Female,013-9716100,1992-06-02,siti35165@gmail.com,Bronze,"No. 97, Jalan G5",Ipoh,Perak,57029,2025-11-17
35166,Farah,a/l Subramaniam,31,Female,013-6146500,1993-06-09,farah35166@gmail.com,Silver,"No. 7, Jalan C20",Kuala Lumpur,Wilayah Persekutuan,71656,2025-05-12
35167,Farah,Ong,55,Female,010-4659110,1970-04-04,farah35167@gmail.com,Bronze,"No. 103, Jalan E17",Petaling Jaya,Selangor,80525,2025-06-12
35168,Lakshmi,Rahman,45,Female,010-8984802,1980-01-22,lakshmi35168@gmail.com,Bronze,"No. 191, Jalan C16",Johor Bahru,Johor,97500,2025-07-20
35169,Suresh,Teoh,49,Male,019-5729395,1975-09-08,suresh35169@gmail.com,Silver,"No. 8, Jalan D4",Kuala Lumpur,Wilayah Persekutuan,57406,2025-02-23
35170,Pei Shan,Sim,40,Female,019-9801837,1984-11-15,pei35170@gmail.com,Bronze,"No. 25, Jalan B3",Ipoh,Perak,70531,2025-06-08
35171,Divya,Hassan,59,Female,010-5071982,1965-11-04,divya35171@gmail.com,Bronze,"No. 15, Jalan A12",Kuala Lumpur,Wilayah Persekutuan,50816,2025-03-27
35172,Siti,Chong,48,Female,011-1847762,1977-01-19,siti35172@gmail.com,Bronze,"No. 74, Jalan B2",Melaka,Melaka,35313,2025-02-26
35173,Arjun,Lim,48,Male,019-6897014,1977-06-24,arjun35173@gmail.com,Bronze,"No. 94, Jalan E11",Kuala Lumpur,Wilayah Persekutuan,83929,2025-11-05
35174,Kumar,Ong,56,Male,017-9001212,1968-11-13,kumar35174@gmail.com,Bronze,"No. 139, Jalan A19",Melaka,Melaka,68030,2025-08-13
35175,Zarina,a/p Subramaniam,28,Female,014-6347746,1997-06-13,zarina35175@gmail.com,Bronze,"No. 152, Jalan A3",Ipoh,Perak,88268,2025-08-10
35176,Rohani,Sim,48,Female,013-3720616,1977-03-01,rohani35176@gmail.com,Bronze,"No. 19, Jalan B7",George Town,Pulau Pinang,20365,2025-12-06
35177,Rachel,Teoh,36,Female,014-1203262,1989-05-18,rachel35177@gmail.com,Silver,"No. 179, Jalan D19",Ipoh,Perak,81514,2025-11-01
35178,Wan Ying,Chong,49,Female,017-5836207,1976-08-12,wan35178@gmail.com,Gold,"No. 245, Jalan D14",Johor Bahru,Johor,18779,2025-09-03
35179,Nadia,Hassan,37,Female,015-7316593,1987-06-09,nadia35179@gmail.com,Bronze,"No. 66, Jalan E18",Petaling Jaya,Selangor,65758,2025-02-04
35180,Siti,Tan,36,Female,019-5570010,1988-10-02,siti35180@gmail.com,Bronze,"No. 265, Jalan B14",Melaka,Melaka,26027,2025-05-11
35181,Nurin,Lim,23,Female,018-5466499,2001-12-05,nurin35181@gmail.com,Silver,"No. 279, Jalan B16",Petaling Jaya,Selangor,60241,2025-06-21
35182,Zhi Wei,bin Abdullah,53,Male,015-9173393,1972-09-13,zhi35182@gmail.com,Bronze,"No. 33, Jalan C9",Kuala Lumpur,Wilayah Persekutuan,82952,2025-09-28
35183,Aiman,Ong,24,Male,013-5154319,2000-10-06,aiman35183@gmail.com,Bronze,"No. 291, Jalan G13",Petaling Jaya,Selangor,22107,2025-07-04
35184,Wan Ying,Tan,35,Female,015-8338406,1989-08-02,wan35184@gmail.com,Bronze,"No. 297, Jalan B5",Petaling Jaya,Selangor,40485,2025-04-20
35185,Sharmila,Wong,60,Female,012-1126211,1965-05-01,sharmila35185@gmail.com,Bronze,"No. 220, Jalan E20",Kuala Lumpur,Wilayah Persekutuan,90916,2025-07-10
35186,Anisa,Wong,30,Female,010-6743641,1995-02-16,anisa35186@gmail.com,Platinum,"No. 231, Jalan F11",Johor Bahru,Johor,45409,2025-06-16
35187,Ling Ling,Ong,28,Female,015-4340802,1996-10-31,ling35187@gmail.com,Bronze,"No. 146, Jalan F7",Johor Bahru,Johor,91402,2025-06-06
35188,Aisyah,Wong,44,Female,016-9744303,1981-01-31,aisyah35188@gmail.com,Bronze,"No. 48, Jalan G19",Kuala Lumpur,Wilayah Persekutuan,70444,2025-06-13
35189,Nadia,Ong,59,Female,014-4028860,1966-01-05,nadia35189@gmail.com,Gold,"No. 130, Jalan E12",Johor Bahru,Johor,14964,2025-04-20
35190,Amelia,Cheah,18,Female,019-7537727,2007-06-15,amelia35190@gmail.com,Silver,"No. 192, Jalan B10",Johor Bahru,Johor,32213,2025-09-23
35191,Faizal,Goh,34,Male,014-3528366,1990-12-09,faizal35191@gmail.com,Bronze,"No. 97, Jalan B17",Kuala Lumpur,Wilayah Persekutuan,29647,2025-09-19
35192,Rohani,binti Ismail,19,Female,019-2678917,2005-06-20,rohani35192@gmail.com,Bronze,"No. 44, Jalan B13",Kuala Lumpur,Wilayah Persekutuan,94127,2025-06-11
35193,Yee Ling,Goh,35,Female,013-1422637,1990-02-10,yee35193@gmail.com,Bronze,"No. 194, Jalan C18",Ipoh,Perak,97539,2025-04-14
35194,Pei Shan,a/l Subramaniam,52,Female,018-8062119,1973-03-17,pei35194@gmail.com,Bronze,"No. 285, Jalan E3",Petaling Jaya,Selangor,17184,2025-09-05
35195,Amelia,Ong,32,Female,015-4997362,1992-07-27,amelia35195@gmail.com,Silver,"No. 162, Jalan C12",Ipoh,Perak,88042,2025-04-19
35196,Alia,Rahman,18,Female,017-3112877,2006-11-12,alia35196@gmail.com,Gold,"No. 132, Jalan E2",Petaling Jaya,Selangor,30130,2025-02-21
35197,Aisyah,Rahman,44,Female,018-2951725,1981-05-13,aisyah35197@gmail.com,Gold,"No. 72, Jalan C3",Melaka,Melaka,70802,2025-07-07
35198,Rohani,Lee,38,Female,014-1696402,1987-01-14,rohani35198@gmail.com,Gold,"No. 190, Jalan A6",Melaka,Melaka,65630,2025-05-24
35199,Kavitha,Hassan,29,Female,018-7932260,1995-10-29,kavitha35199@gmail.com,Silver,"No. 168, Jalan D14",Kuala Lumpur,Wilayah Persekutuan,40713,2025-05-16
35200,Alia,a/p Subramaniam,33,Female,016-8598093,1991-10-05,alia35200@gmail.com,Bronze,"No. 142, Jalan E3",Petaling Jaya,Selangor,89541,2025-05-04
35201,Hui Min,Wong,35,Female,015-8960814,1990-04-22,hui35201@gmail.com,Platinum,"No. 254, Jalan G10",Petaling Jaya,Selangor,33485,2025-09-03
35202,Lakshmi,Sim,30,Female,017-8246579,1995-02-10,lakshmi35202@gmail.com,Bronze,"No. 217, Jalan A18",Johor Bahru,Johor,31329,2025-08-16
35203,Yee Ling,binti Ismail,36,Female,018-5496394,1989-04-04,yee35203@gmail.com,Bronze,"No. 225, Jalan G18",Johor Bahru,Johor,91147,2025-07-30
35204,Rachel,a/p Subramaniam,56,Female,018-9614053,1969-02-25,rachel35204@gmail.com,Bronze,"No. 177, Jalan D18",Johor Bahru,Johor,84293,2025-05-27
35205,Nur Aina,a/p Subramaniam,51,Female,011-3502494,1973-06-06,nur35205@gmail.com,Bronze,"No. 218, Jalan D10",Petaling Jaya,Selangor,26989,2025-03-21
35206,Priya,Lee,24,Female,018-8301943,2001-07-18,priya35206@gmail.com,Gold,"No. 225, Jalan E9",George Town,Pulau Pinang,14621,2025-09-14
35207,Suhaila,Teoh,58,Female,011-4525613,1966-08-13,suhaila35207@gmail.com,Bronze,"No. 41, Jalan F19",Ipoh,Perak,26722,2025-05-26
35208,Sharmila,a/l Subramaniam,43,Female,011-7446917,1981-11-18,sharmila35208@gmail.com,Bronze,"No. 197, Jalan G14",George Town,Pulau Pinang,49117,2025-07-20
35209,Mei Ling,Chong,45,Female,016-5476425,1980-01-26,mei35209@gmail.com,Bronze,"No. 45, Jalan E17",Kuala Lumpur,Wilayah Persekutuan,63100,2025-03-10
35210,Siti,Goh,54,Female,016-4511213,1971-08-17,siti35210@gmail.com,Bronze,"No. 272, Jalan E2",Petaling Jaya,Selangor,22949,2025-10-20
35211,Nadia,bin Abdullah,44,Female,012-6276112,1981-07-17,nadia35211@gmail.com,Bronze,"No. 9, Jalan D19",Petaling Jaya,Selangor,90505,2025-09-07
35212,Hui Min,Yeoh,45,Female,018-6232143,1980-04-12,hui35212@gmail.com,Silver,"No. 207, Jalan F12",Melaka,Melaka,62391,2025-10-15
35213,Pei Shan,Chong,35,Female,013-4722177,1989-07-13,pei35213@gmail.com,Bronze,"No. 110, Jalan B12",Ipoh,Perak,60415,2025-05-10
35214,Jasmine,Wong,40,Female,014-8583382,1985-07-11,jasmine35214@gmail.com,Bronze,"No. 25, Jalan C5",Johor Bahru,Johor,71014,2025-09-17
35215,Wan Ying,bin Abdullah,48,Female,013-2474012,1977-07-11,wan35215@gmail.com,Bronze,"No. 53, Jalan F14",Kuala Lumpur,Wilayah Persekutuan,84940,2025-08-27
35216,Nurin,a/p Subramaniam,20,Female,013-7595511,2005-02-28,nurin35216@gmail.com,Bronze,"No. 295, Jalan B20",Ipoh,Perak,83793,2025-04-30
35217,Jun Hao,Ong,59,Male,012-6540489,1965-11-17,jun35217@gmail.com,Silver,"No. 85, Jalan E9",Petaling Jaya,Selangor,67251,2025-01-17
35218,Siti,Ong,60,Female,011-1841003,1965-05-01,siti35218@gmail.com,Bronze,"No. 257, Jalan A13",George Town,Pulau Pinang,40836,2025-08-29
35219,Hui Min,Chong,33,Female,017-5596205,1991-05-27,hui35219@gmail.com,Silver,"No. 134, Jalan F7",Kuala Lumpur,Wilayah Persekutuan,24299,2025-03-09
35220,Hui Min,Goh,40,Female,013-8908884,1985-02-12,hui35220@gmail.com,Silver,"No. 290, Jalan D19",Kuala Lumpur,Wilayah Persekutuan,89179,2025-05-27
35221,Zhi Wei,Lim,30,Male,019-8348941,1994-05-12,zhi35221@gmail.com,Gold,"No. 134, Jalan E1",George Town,Pulau Pinang,93011,2025-02-10
35222,Divya,Yeoh,39,Female,016-5617141,1986-06-26,divya35222@gmail.com,Silver,"No. 69, Jalan C4",Petaling Jaya,Selangor,37957,2025-09-22
35223,Alia,binti Ismail,44,Female,012-2350666,1980-04-12,alia35223@gmail.com,Silver,"No. 56, Jalan G19",Melaka,Melaka,76750,2025-02-13
35224,Xin Yi,Rahman,27,Female,017-5778961,1998-01-06,xin35224@gmail.com,Silver,"No. 224, Jalan A11",Petaling Jaya,Selangor,23898,2025-07-08
35225,Suhaila,binti Ismail,30,Female,019-1493371,1995-12-04,suhaila35225@gmail.com,Silver,"No. 72, Jalan B4",Kuala Lumpur,Wilayah Persekutuan,74771,2025-12-15
35226,Alia,bin Abdullah,42,Female,014-6284689,1983-09-11,alia35226@gmail.com,Bronze,"No. 24, Jalan F9",Ipoh,Perak,41461,2025-10-10
35227,Nur Aina,binti Ismail,18,Female,012-7823323,2007-07-01,nur35227@gmail.com,Bronze,"No. 267, Jalan D8",Petaling Jaya,Selangor,25230,2025-10-16
35228,Yee Ling,Sim,49,Female,010-2464354,1976-06-28,yee35228@gmail.com,Bronze,"No. 146, Jalan F3",George Town,Pulau Pinang,52138,2025-09-09
35229,Suresh,Hassan,36,Male,019-3789377,1989-05-04,suresh35229@gmail.com,Bronze,"No. 155, Jalan A4",Melaka,Melaka,98844,2025-06-25
35230,Rohani,Lee,22,Female,019-2792830,2002-03-01,rohani35230@gmail.com,Bronze,"No. 135, Jalan G2",Kuala Lumpur,Wilayah Persekutuan,59640,2025-01-02
35231,Rachel,Tan,34,Female,015-6321806,1991-03-06,rachel35231@gmail.com,Bronze,"No. 125, Jalan B20",Kuala Lumpur,Wilayah Persekutuan,70841,2025-08-12
35232,Amelia,Sim,43,Female,011-7037992,1981-10-30,amelia35232@gmail.com,Gold,"No. 126, Jalan G19",Ipoh,Perak,67617,2025-02-04
35233,Sharmila,Tan,38,Female,015-5148722,1987-01-06,sharmila35233@gmail.com,Silver,"No. 299, Jalan C12",Johor Bahru,Johor,67160,2025-01-22
35234,Alia,Yeoh,56,Female,017-8606939,1969-01-10,alia35234@gmail.com,Bronze,"No. 22, Jalan C16",Melaka,Melaka,49270,2025-11-13
35235,Kavitha,Goh,45,Female,016-6919846,1980-02-26,kavitha35235@gmail.com,Bronze,"No. 40, Jalan E10",Petaling Jaya,Selangor,45238,2025-04-25
35236,Nadia,Hassan,19,Female,015-8462907,2006-07-13,nadia35236@gmail.com,Bronze,"No. 175, Jalan G15",Ipoh,Perak,77446,2025-07-16
35237,Yee Ling,bin Abdullah,51,Female,010-2161193,1974-10-09,yee35237@gmail.com,Bronze,"No. 141, Jalan F5",Kuala Lumpur,Wilayah Persekutuan,81176,2025-10-12
35238,Haziq,Goh,49,Male,017-1716424,1976-01-18,haziq35238@gmail.com,Bronze,"No. 39, Jalan D6",Ipoh,Perak,29834,2025-07-04
35239,Alia,Cheah,54,Female,013-5404116,1971-01-01,alia35239@gmail.com,Silver,"No. 41, Jalan A19",George Town,Pulau Pinang,96148,2025-11-28
35240,Nadia,Lim,50,Female,015-7244718,1974-08-21,nadia35240@gmail.com,Bronze,"No. 24, Jalan E12",Petaling Jaya,Selangor,82767,2025-05-06
35241,Priya,Yeoh,48,Female,018-5573858,1977-01-08,priya35241@gmail.com,Bronze,"No. 203, Jalan E2",Ipoh,Perak,71466,2025-02-24
35242,Divya,Chong,33,Female,015-9143086,1992-09-03,divya35242@gmail.com,Bronze,"No. 205, Jalan F6",George Town,Pulau Pinang,38302,2025-11-09
35243,Xin Yi,Teoh,52,Female,012-2137838,1972-09-07,xin35243@gmail.com,Gold,"No. 240, Jalan A15",Petaling Jaya,Selangor,85986,2025-05-25
35244,Kavitha,Lim,27,Female,013-1499781,1997-12-08,kavitha35244@gmail.com,Gold,"No. 27, Jalan G18",George Town,Pulau Pinang,52634,2025-10-16
35245,Nur Aina,binti Ismail,39,Female,014-5861991,1986-08-02,nur35245@gmail.com,Bronze,"No. 65, Jalan B4",Petaling Jaya,Selangor,27166,2025-10-11
35246,Suresh,bin Abdullah,49,Male,015-9593272,1976-06-15,suresh35246@gmail.com,Bronze,"No. 235, Jalan B4",Johor Bahru,Johor,49470,2025-11-24
35247,Suhaila,Rahman,25,Female,018-3269798,2000-04-19,suhaila35247@gmail.com,Bronze,"No. 111, Jalan A16",Johor Bahru,Johor,28226,2025-06-29
35248,Aisyah,bin Abdullah,20,Female,014-6938256,2005-09-28,aisyah35248@gmail.com,Bronze,"No. 220, Jalan A14",Petaling Jaya,Selangor,38395,2025-11-20
35249,Zarina,bin Abdullah,36,Female,010-9062364,1989-01-02,zarina35249@gmail.com,Silver,"No. 238, Jalan G13",Kuala Lumpur,Wilayah Persekutuan,37928,2025-07-19
35250,Arjun,bin Abdullah,36,Male,016-8795558,1988-11-27,arjun35250@gmail.com,Bronze,"No. 214, Jalan D1",Petaling Jaya,Selangor,43702,2025-05-03
35251,Suhaila,Lim,57,Female,013-7873577,1967-11-20,suhaila35251@gmail.com,Gold,"No. 46, Jalan G20",Petaling Jaya,Selangor,66913,2025-04-27
35252,Pei Shan,Hassan,25,Female,017-1570139,1999-11-26,pei35252@gmail.com,Silver,"No. 103, Jalan F5",Ipoh,Perak,67783,2025-07-26
35253,Kavitha,Tan,49,Female,017-4530920,1975-08-31,kavitha35253@gmail.com,Gold,"No. 9, Jalan D7",Ipoh,Perak,76056,2025-06-07
35254,Mei Ling,Lee,35,Female,013-1750062,1989-09-15,mei35254@gmail.com,Bronze,"No. 150, Jalan E18",Johor Bahru,Johor,93969,2025-01-24
35255,Zarina,Lee,36,Female,018-3120914,1988-08-15,zarina35255@gmail.com,Platinum,"No. 277, Jalan D3",Melaka,Melaka,30083,2025-07-19
35256,Wan Ying,Rahman,53,Female,014-5125555,1972-07-07,wan35256@gmail.com,Bronze,"No. 292, Jalan B13",George Town,Pulau Pinang,69802,2025-07-17
35257,Suresh,Chong,30,Male,018-5589754,1995-04-14,suresh35257@gmail.com,Silver,"No. 92, Jalan E19",Johor Bahru,Johor,99475,2025-07-24
35258,Lakshmi,Tan,57,Female,012-2145409,1968-05-12,lakshmi35258@gmail.com,Bronze,"No. 37, Jalan E19",Ipoh,Perak,98321,2025-11-20
35259,Pei Shan,Wong,54,Female,010-7538732,1971-06-24,pei35259@gmail.com,Gold,"No. 255, Jalan E20",Petaling Jaya,Selangor,15371,2025-10-31
35260,Zarina,Sim,36,Female,013-8668590,1989-02-15,zarina35260@gmail.com,Bronze,"No. 41, Jalan E1",George Town,Pulau Pinang,50796,2025-03-30
35261,Rachel,Sim,42,Female,010-9607813,1983-07-15,rachel35261@gmail.com,Bronze,"No. 39, Jalan F2",Johor Bahru,Johor,93153,2025-08-23
35262,Rachel,Teoh,40,Female,011-7791221,1985-04-01,rachel35262@gmail.com,Silver,"No. 37, Jalan A10",George Town,Pulau Pinang,73215,2025-07-13
35263,Jasmine,Rahman,47,Female,010-6207423,1978-01-16,jasmine35263@gmail.com,Bronze,"No. 85, Jalan E7",Johor Bahru,Johor,81458,2025-04-20
35264,Sharmila,Chong,22,Female,015-8118468,2002-11-20,sharmila35264@gmail.com,Bronze,"No. 41, Jalan B3",Ipoh,Perak,27450,2025-01-19
35265,Suresh,Goh,38,Male,018-1343093,1987-01-16,suresh35265@gmail.com,Bronze,"No. 147, Jalan A16",Johor Bahru,Johor,96615,2025-03-07
35266,Nadia,Teoh,54,Female,019-1351339,1971-03-28,nadia35266@gmail.com,Bronze,"No. 184, Jalan D4",Johor Bahru,Johor,63641,2025-04-22
35267,Anisa,Lee,28,Female,011-7098744,1996-12-18,anisa35267@gmail.com,Bronze,"No. 11, Jalan F15",Petaling Jaya,Selangor,95716,2025-07-10
35268,Sharmila,Cheah,27,Female,015-8315279,1998-02-09,sharmila35268@gmail.com,Silver,"No. 281, Jalan B2",Kuala Lumpur,Wilayah Persekutuan,60012,2025-04-03
35269,Rohani,Sim,38,Female,019-7167204,1987-05-08,rohani35269@gmail.com,Bronze,"No. 117, Jalan F16",Johor Bahru,Johor,10731,2025-07-02
35270,Ling Ling,Lee,51,Female,016-1123453,1973-08-08,ling35270@gmail.com,Bronze,"No. 215, Jalan F7",Petaling Jaya,Selangor,18682,2025-01-20
35271,Nadia,Chong,42,Female,010-2241985,1982-10-04,nadia35271@gmail.com,Bronze,"No. 263, Jalan G18",Johor Bahru,Johor,56104,2025-09-28
35272,Sharmila,binti Ismail,34,Female,010-4943502,1990-08-28,sharmila35272@gmail.com,Bronze,"No. 170, Jalan E2",Melaka,Melaka,10641,2025-06-25
35273,Nur Aina,Goh,35,Female,019-2232084,1990-01-22,nur35273@gmail.com,Bronze,"No. 74, Jalan A19",George Town,Pulau Pinang,77447,2025-02-14
35274,Amelia,Teoh,41,Female,019-2426639,1984-08-03,amelia35274@gmail.com,Bronze,"No. 54, Jalan F16",Melaka,Melaka,67911,2025-12-04
35275,Amirul,Lee,26,Male,018-5408851,1998-10-20,amirul35275@gmail.com,Bronze,"No. 233, Jalan F20",Melaka,Melaka,60231,2025-09-01
35276,Nadia,Goh,51,Female,016-1121940,1974-02-09,nadia35276@gmail.com,Platinum,"No. 84, Jalan D1",Petaling Jaya,Selangor,14167,2025-09-09
35277,Priya,Lee,42,Female,015-7576631,1982-06-02,priya35277@gmail.com,Bronze,"No. 88, Jalan B16",Kuala Lumpur,Wilayah Persekutuan,62367,2025-02-28
35278,Xin Yi,Ong,21,Female,016-9414253,2004-07-16,xin35278@gmail.com,Bronze,"No. 185, Jalan B19",Johor Bahru,Johor,66447,2025-11-25
35279,Kok Wai,Hassan,49,Male,010-4236749,1975-10-01,kok35279@gmail.com,Gold,"No. 62, Jalan C16",Johor Bahru,Johor,80719,2025-02-17
35280,Nur Aina,Lim,51,Female,018-1221164,1973-11-05,nur35280@gmail.com,Bronze,"No. 125, Jalan F9",Petaling Jaya,Selangor,36860,2025-10-17
35281,Ling Ling,Rahman,48,Female,018-8234649,1977-05-11,ling35281@gmail.com,Bronze,"No. 34, Jalan D11",Johor Bahru,Johor,32789,2025-10-16
35282,Lakshmi,Lee,57,Female,017-5285062,1967-07-10,lakshmi35282@gmail.com,Bronze,"No. 42, Jalan F16",Johor Bahru,Johor,69240,2025-05-20
35283,Amelia,Rahman,30,Female,012-8379901,1994-08-24,amelia35283@gmail.com,Bronze,"No. 105, Jalan A15",George Town,Pulau Pinang,76388,2025-02-13
35284,Suhaila,Lim,26,Female,013-7415657,1999-03-05,suhaila35284@gmail.com,Bronze,"No. 244, Jalan F5",Ipoh,Perak,61224,2025-06-15
35285,Jasmine,Yeoh,39,Female,019-7350478,1985-12-21,jasmine35285@gmail.com,Gold,"No. 208, Jalan B19",Petaling Jaya,Selangor,32912,2025-05-13
35286,Hui Min,binti Ismail,26,Female,018-8798267,1998-12-24,hui35286@gmail.com,Bronze,"No. 158, Jalan B3",Kuala Lumpur,Wilayah Persekutuan,50635,2025-05-25
35287,Nur Aina,Tan,32,Female,018-8612986,1992-05-25,nur35287@gmail.com,Bronze,"No. 93, Jalan A4",Melaka,Melaka,33450,2025-01-20
35288,Chloe,Teoh,37,Female,011-6643497,1988-04-09,chloe35288@gmail.com,Bronze,"No. 169, Jalan B19",Melaka,Melaka,85631,2025-04-14
35289,Priya,Lee,46,Female,018-7400458,1978-07-17,priya35289@gmail.com,Gold,"No. 220, Jalan D11",Kuala Lumpur,Wilayah Persekutuan,12280,2025-02-14
35290,Nurin,Hassan,21,Female,013-4096796,2004-02-04,nurin35290@gmail.com,Bronze,"No. 164, Jalan B6",Melaka,Melaka,16288,2025-05-02
35291,Nurin,Goh,30,Female,017-3399368,1995-01-27,nurin35291@gmail.com,Bronze,"No. 73, Jalan B8",George Town,Pulau Pinang,36143,2025-11-30
35292,Nadia,Lim,19,Female,012-5846604,2006-01-29,nadia35292@gmail.com,Silver,"No. 239, Jalan A4",Johor Bahru,Johor,51908,2025-09-18
35293,Nurin,Ong,37,Female,016-8057959,1987-12-28,nurin35293@gmail.com,Bronze,"No. 263, Jalan C5",Ipoh,Perak,50229,2025-11-05
35294,Jun Hao,Goh,54,Male,011-2354846,1971-04-08,jun35294@gmail.com,Bronze,"No. 150, Jalan A14",Melaka,Melaka,14815,2025-05-23
35295,Kavitha,Wong,23,Female,019-1894028,2002-02-28,kavitha35295@gmail.com,Gold,"No. 36, Jalan B2",Kuala Lumpur,Wilayah Persekutuan,34064,2025-07-02
35296,Amelia,bin Abdullah,43,Female,016-3232108,1982-05-25,amelia35296@gmail.com,Bronze,"No. 253, Jalan E1",Petaling Jaya,Selangor,49610,2025-06-09
35297,Divya,Rahman,48,Female,017-9836091,1976-10-20,divya35297@gmail.com,Silver,"No. 205, Jalan D18",George Town,Pulau Pinang,26200,2025-04-17
35298,Hui Min,Sim,53,Female,013-8821594,1972-09-15,hui35298@gmail.com,Gold,"No. 146, Jalan A8",Petaling Jaya,Selangor,98107,2025-10-27
35299,Hui Min,a/l Subramaniam,29,Female,018-9727871,1995-08-22,hui35299@gmail.com,Silver,"No. 182, Jalan E5",Kuala Lumpur,Wilayah Persekutuan,63817,2025-07-16
35300,Farah,Goh,32,Female,015-1044296,1993-04-26,farah35300@gmail.com,Bronze,"No. 33, Jalan G19",Kuala Lumpur,Wilayah Persekutuan,91535,2025-11-27
35301,Siti,Goh,40,Female,017-5033257,1985-02-08,siti35301@gmail.com,Gold,"No. 90, Jalan C5",George Town,Pulau Pinang,59462,2025-07-30
35302,Ling Ling,bin Abdullah,52,Female,015-4491034,1973-06-22,ling35302@gmail.com,Bronze,"No. 14, Jalan D2",Kuala Lumpur,Wilayah Persekutuan,83533,2025-11-23
35303,Alia,Chong,51,Female,011-1774479,1973-12-04,alia35303@gmail.com,Bronze,"No. 261, Jalan D11",Ipoh,Perak,53335,2025-11-15
35304,Wei Jie,Sim,40,Male,014-7247752,1985-02-09,wei35304@gmail.com,Bronze,"No. 33, Jalan G9",Johor Bahru,Johor,45207,2025-10-21
35305,Nurin,Hassan,53,Female,015-7843838,1972-08-26,nurin35305@gmail.com,Bronze,"No. 267, Jalan D7",Kuala Lumpur,Wilayah Persekutuan,54298,2025-09-18
35306,Siti,Tan,40,Female,017-1954769,1985-08-05,siti35306@gmail.com,Bronze,"No. 243, Jalan B12",Petaling Jaya,Selangor,67197,2025-11-27
35307,Nurin,Tan,57,Female,010-5049949,1968-08-11,nurin35307@gmail.com,Bronze,"No. 237, Jalan C13",George Town,Pulau Pinang,22559,2025-11-12
35308,Arjun,Lee,30,Male,011-6340198,1995-07-10,arjun35308@gmail.com,Bronze,"No. 172, Jalan C17",Melaka,Melaka,70229,2025-07-30
35309,Wei Jie,Ong,55,Male,014-6741103,1969-12-21,wei35309@gmail.com,Bronze,"No. 95, Jalan A1",Kuala Lumpur,Wilayah Persekutuan,65681,2025-06-04
35310,Amelia,Wong,35,Female,016-3323001,1990-02-15,amelia35310@gmail.com,Silver,"No. 53, Jalan A19",Johor Bahru,Johor,16239,2025-10-19
35311,Sharmila,Chong,19,Female,014-2692660,2006-01-06,sharmila35311@gmail.com,Gold,"No. 239, Jalan E11",Petaling Jaya,Selangor,93029,2025-02-16
35312,Zarina,Chong,59,Female,014-2286431,1965-07-19,zarina35312@gmail.com,Silver,"No. 295, Jalan A20",Kuala Lumpur,Wilayah Persekutuan,97558,2025-04-08
35313,Priya,Chong,20,Female,017-5646235,2004-12-22,priya35313@gmail.com,Bronze,"No. 235, Jalan G19",Johor Bahru,Johor,31312,2025-01-28
35314,Zarina,a/l Subramaniam,55,Female,011-2633563,1969-10-25,zarina35314@gmail.com,Bronze,"No. 212, Jalan D10",Melaka,Melaka,34768,2025-05-16
35315,Faizal,bin Abdullah,20,Male,013-9838981,2004-08-13,faizal35315@gmail.com,Silver,"No. 46, Jalan C12",Johor Bahru,Johor,23713,2025-05-10
35316,Priya,bin Abdullah,41,Female,013-5434836,1983-10-08,priya35316@gmail.com,Silver,"No. 278, Jalan E3",Ipoh,Perak,52284,2025-06-27
35317,Nur Aina,Cheah,36,Female,015-9715518,1989-04-22,nur35317@gmail.com,Silver,"No. 123, Jalan E5",Petaling Jaya,Selangor,19559,2025-07-07
35318,Jasmine,Wong,50,Female,015-4179279,1975-05-15,jasmine35318@gmail.com,Bronze,"No. 129, Jalan G1",Petaling Jaya,Selangor,56005,2025-08-16
35319,Amelia,Sim,36,Female,016-7725653,1989-08-27,amelia35319@gmail.com,Bronze,"No. 231, Jalan A4",Ipoh,Perak,21086,2025-12-06
35320,Wan Ying,bin Abdullah,53,Female,014-2355907,1972-03-01,wan35320@gmail.com,Bronze,"No. 166, Jalan A11",Ipoh,Perak,18570,2025-06-08
35321,Siti,a/l Subramaniam,46,Female,010-5186998,1978-09-17,siti35321@gmail.com,Platinum,"No. 140, Jalan E3",Kuala Lumpur,Wilayah Persekutuan,70190,2025-02-25
35322,Pei Shan,a/l Subramaniam,36,Female,010-8750369,1988-12-24,pei35322@gmail.com,Silver,"No. 190, Jalan A1",George Town,Pulau Pinang,81825,2025-08-21
35323,Nadia,Lee,31,Female,013-3731088,1994-02-10,nadia35323@gmail.com,Bronze,"No. 279, Jalan F10",Kuala Lumpur,Wilayah Persekutuan,53571,2025-12-06
35324,Divya,binti Ismail,44,Female,013-9615819,1980-10-26,divya35324@gmail.com,Bronze,"No. 69, Jalan B4",George Town,Pulau Pinang,30034,2025-01-05
35325,Xin Yi,Teoh,45,Female,016-4653369,1979-10-31,xin35325@gmail.com,Bronze,"No. 212, Jalan E20",Ipoh,Perak,90411,2025-03-26
35326,Rachel,Teoh,37,Female,018-6364402,1987-12-30,rachel35326@gmail.com,Bronze,"No. 114, Jalan E19",Petaling Jaya,Selangor,40469,2025-04-14
35327,Yee Ling,binti Ismail,29,Female,019-8721934,1996-05-13,yee35327@gmail.com,Bronze,"No. 211, Jalan A8",Petaling Jaya,Selangor,86266,2025-07-23
35328,Lakshmi,Tan,59,Female,013-4802363,1966-01-05,lakshmi35328@gmail.com,Bronze,"No. 248, Jalan G3",Ipoh,Perak,22032,2025-09-05
35329,Nur Aina,Wong,27,Female,016-6271966,1997-10-05,nur35329@gmail.com,Bronze,"No. 257, Jalan A14",George Town,Pulau Pinang,72102,2025-08-13
35330,Jasmine,bin Abdullah,27,Female,010-8413477,1998-01-30,jasmine35330@gmail.com,Bronze,"No. 214, Jalan G17",Johor Bahru,Johor,76433,2025-05-09
35331,Alia,Yeoh,41,Female,014-5104152,1983-04-07,alia35331@gmail.com,Gold,"No. 148, Jalan C16",Johor Bahru,Johor,45927,2025-02-21
35332,Anisa,Sim,47,Female,017-9807927,1978-03-01,anisa35332@gmail.com,Bronze,"No. 153, Jalan F5",Petaling Jaya,Selangor,76624,2025-11-10
35333,Jasmine,Rahman,46,Female,010-1555216,1978-03-28,jasmine35333@gmail.com,Bronze,"No. 206, Jalan C17",Kuala Lumpur,Wilayah Persekutuan,89176,2025-02-24
35334,Anisa,Lim,25,Female,013-3863687,2000-05-28,anisa35334@gmail.com,Silver,"No. 142, Jalan B17",Johor Bahru,Johor,94993,2025-11-28
35335,Jasmine,Rahman,57,Female,013-1827510,1968-08-03,jasmine35335@gmail.com,Silver,"No. 293, Jalan D7",Melaka,Melaka,21137,2025-11-19
35336,Kavitha,Wong,54,Female,011-3408963,1971-06-21,kavitha35336@gmail.com,Silver,"No. 190, Jalan E12",Melaka,Melaka,57670,2025-09-06
35337,Faizal,Lee,27,Male,013-1576265,1998-08-10,faizal35337@gmail.com,Silver,"No. 263, Jalan C19",George Town,Pulau Pinang,73300,2025-09-10
35338,Chloe,Sim,60,Female,010-4955546,1965-04-19,chloe35338@gmail.com,Bronze,"No. 117, Jalan F18",Kuala Lumpur,Wilayah Persekutuan,67273,2025-07-01
35339,Xin Yi,Lim,22,Female,011-3620739,2003-06-06,xin35339@gmail.com,Silver,"No. 216, Jalan F3",George Town,Pulau Pinang,46799,2025-10-23
35340,Rajesh,Ong,38,Male,018-3860686,1986-10-02,rajesh35340@gmail.com,Silver,"No. 90, Jalan E15",Johor Bahru,Johor,53063,2025-05-18
35341,Anisa,Rahman,43,Female,013-5606412,1982-04-04,anisa35341@gmail.com,Platinum,"No. 219, Jalan G2",Kuala Lumpur,Wilayah Persekutuan,54041,2025-12-06
35342,Pei Shan,binti Ismail,33,Female,014-6602017,1991-12-22,pei35342@gmail.com,Gold,"No. 268, Jalan A1",Kuala Lumpur,Wilayah Persekutuan,47195,2025-05-06
35343,Kok Wai,Yeoh,28,Male,013-1162251,1997-04-12,kok35343@gmail.com,Platinum,"No. 4, Jalan D7",Johor Bahru,Johor,32753,2025-12-02
35344,Divya,Wong,43,Female,015-7223192,1982-01-08,divya35344@gmail.com,Bronze,"No. 59, Jalan A9",Ipoh,Perak,27231,2025-10-26
35345,Wei Jie,bin Abdullah,35,Male,011-6896408,1990-06-14,wei35345@gmail.com,Silver,"No. 131, Jalan A13",Petaling Jaya,Selangor,71236,2025-08-14
35346,Priya,binti Ismail,28,Female,014-3331848,1996-02-07,priya35346@gmail.com,Gold,"No. 120, Jalan A7",Johor Bahru,Johor,36301,2025-01-19
35347,Divya,Cheah,34,Female,019-5809097,1991-03-24,divya35347@gmail.com,Silver,"No. 272, Jalan B16",Kuala Lumpur,Wilayah Persekutuan,85494,2025-08-23
35348,Amelia,Cheah,52,Female,014-5890706,1973-03-15,amelia35348@gmail.com,Bronze,"No. 289, Jalan G7",George Town,Pulau Pinang,73745,2025-08-09
35349,Zhi Wei,Teoh,21,Male,012-3680921,2004-08-29,zhi35349@gmail.com,Bronze,"No. 30, Jalan A3",Johor Bahru,Johor,63457,2025-09-19
35350,Alia,Tan,43,Female,016-2135562,1982-01-28,alia35350@gmail.com,Gold,"No. 30, Jalan F6",Kuala Lumpur,Wilayah Persekutuan,81150,2025-03-11
35351,Zarina,a/p Subramaniam,27,Female,019-9759346,1998-06-19,zarina35351@gmail.com,Bronze,"No. 149, Jalan B14",Petaling Jaya,Selangor,72192,2025-07-10
35352,Lakshmi,a/l Subramaniam,40,Female,013-7677987,1985-05-17,lakshmi35352@gmail.com,Bronze,"No. 162, Jalan D3",Johor Bahru,Johor,55490,2025-10-28
35353,Hui Min,Teoh,49,Female,014-1703975,1975-10-07,hui35353@gmail.com,Silver,"No. 149, Jalan B15",Petaling Jaya,Selangor,19713,2025-03-13
35354,Pei Shan,Teoh,48,Female,015-8770349,1977-07-27,pei35354@gmail.com,Gold,"No. 94, Jalan C9",Petaling Jaya,Selangor,67776,2025-11-09
35355,Mei Ling,Lim,52,Female,012-3530391,1973-02-16,mei35355@gmail.com,Bronze,"No. 115, Jalan F18",Kuala Lumpur,Wilayah Persekutuan,16154,2025-11-18
35356,Chloe,Tan,38,Female,013-9042836,1987-02-13,chloe35356@gmail.com,Silver,"No. 277, Jalan A18",Petaling Jaya,Selangor,88615,2025-02-20
35357,Siti,Sim,25,Female,017-9671521,1999-08-05,siti35357@gmail.com,Bronze,"No. 59, Jalan B1",Ipoh,Perak,71791,2025-03-14
35358,Suhaila,bin Abdullah,44,Female,012-7305964,1981-06-26,suhaila35358@gmail.com,Bronze,"No. 181, Jalan B13",Petaling Jaya,Selangor,25530,2025-12-10
35359,Chloe,Sim,40,Female,011-3787860,1984-10-20,chloe35359@gmail.com,Gold,"No. 127, Jalan C1",George Town,Pulau Pinang,29474,2025-06-23
35360,Kok Wai,Hassan,32,Male,017-2458661,1993-02-28,kok35360@gmail.com,Bronze,"No. 90, Jalan A8",Johor Bahru,Johor,29219,2025-03-04
35361,Amelia,Tan,33,Female,015-1117767,1991-05-15,amelia35361@gmail.com,Silver,"No. 37, Jalan E15",Ipoh,Perak,63549,2025-03-19
35362,Lakshmi,Teoh,47,Female,012-3235123,1977-10-18,lakshmi35362@gmail.com,Bronze,"No. 208, Jalan G6",Petaling Jaya,Selangor,96957,2025-09-06
35363,Lakshmi,Hassan,52,Female,013-6553284,1973-11-01,lakshmi35363@gmail.com,Platinum,"No. 284, Jalan G1",Kuala Lumpur,Wilayah Persekutuan,94055,2025-11-08
35364,Chloe,Goh,42,Female,018-9467681,1983-06-26,chloe35364@gmail.com,Platinum,"No. 288, Jalan E8",George Town,Pulau Pinang,85634,2025-08-07
35365,Wan Ying,Sim,33,Female,014-1411573,1992-04-15,wan35365@gmail.com,Bronze,"No. 60, Jalan E5",Petaling Jaya,Selangor,73133,2025-06-17
35366,Rajesh,Lim,51,Male,015-8871010,1973-12-17,rajesh35366@gmail.com,Gold,"No. 14, Jalan A17",Petaling Jaya,Selangor,73764,2025-10-22
35367,Nurin,Goh,40,Female,015-6451353,1984-06-01,nurin35367@gmail.com,Bronze,"No. 81, Jalan G15",Ipoh,Perak,27311,2025-01-12
35368,Chloe,Yeoh,21,Female,019-1606724,2003-12-16,chloe35368@gmail.com,Gold,"No. 164, Jalan C4",Ipoh,Perak,90793,2025-02-23
35369,Aisyah,Wong,45,Female,016-1720796,1979-03-22,aisyah35369@gmail.com,Silver,"No. 28, Jalan C14",Melaka,Melaka,37008,2025-03-13
35370,Priya,Wong,27,Female,010-8316532,1998-10-27,priya35370@gmail.com,Bronze,"No. 187, Jalan D6",George Town,Pulau Pinang,29806,2025-11-13
35371,Rohani,Cheah,56,Female,014-9121788,1968-11-24,rohani35371@gmail.com,Bronze,"No. 1, Jalan A11",Ipoh,Perak,91559,2025-09-09
35372,Nadia,Teoh,34,Female,015-9918067,1990-06-28,nadia35372@gmail.com,Bronze,"No. 150, Jalan F10",Ipoh,Perak,36988,2025-04-19
35373,Nur Aina,Yeoh,39,Female,012-7710961,1986-11-12,nur35373@gmail.com,Silver,"No. 82, Jalan E11",George Town,Pulau Pinang,85512,2025-11-12
35374,Jasmine,a/p Subramaniam,37,Female,011-1205486,1987-07-14,jasmine35374@gmail.com,Bronze,"No. 215, Jalan E10",George Town,Pulau Pinang,22677,2025-07-11
35375,Yee Ling,Lim,49,Female,011-1076288,1976-04-17,yee35375@gmail.com,Bronze,"No. 140, Jalan A20",Ipoh,Perak,21060,2025-11-13
35376,Kavitha,Lim,54,Female,010-4781846,1971-03-20,kavitha35376@gmail.com,Silver,"No. 138, Jalan F11",Petaling Jaya,Selangor,33973,2025-09-19
35377,Ling Ling,Chong,25,Female,016-1735720,1999-12-06,ling35377@gmail.com,Platinum,"No. 229, Jalan E13",George Town,Pulau Pinang,11452,2025-11-14
35378,Mei Ling,bin Abdullah,23,Female,017-9151574,2002-09-03,mei35378@gmail.com,Bronze,"No. 157, Jalan G2",Petaling Jaya,Selangor,77078,2025-09-03
35379,Amelia,Goh,59,Female,019-6640716,1966-04-20,amelia35379@gmail.com,Silver,"No. 245, Jalan C20",Petaling Jaya,Selangor,53858,2025-04-24
35380,Divya,a/l Subramaniam,56,Female,014-3981947,1968-07-08,divya35380@gmail.com,Bronze,"No. 93, Jalan D7",Petaling Jaya,Selangor,19324,2025-07-04
35381,Rohani,bin Abdullah,47,Female,012-4242543,1977-11-02,rohani35381@gmail.com,Gold,"No. 239, Jalan F2",Kuala Lumpur,Wilayah Persekutuan,12248,2025-01-26
35382,Rachel,Sim,18,Female,011-1327708,2007-06-05,rachel35382@gmail.com,Silver,"No. 57, Jalan C17",Melaka,Melaka,26422,2025-06-12
35383,Divya,Cheah,24,Female,018-6061903,2001-06-04,divya35383@gmail.com,Silver,"No. 165, Jalan A11",Johor Bahru,Johor,27622,2025-09-26
35384,Rachel,Sim,27,Female,018-1882060,1998-02-02,rachel35384@gmail.com,Silver,"No. 291, Jalan B3",Ipoh,Perak,42990,2025-07-31
35385,Mei Ling,Tan,31,Female,017-4137873,1994-10-14,mei35385@gmail.com,Platinum,"No. 100, Jalan F4",Ipoh,Perak,92337,2025-10-17
35386,Wan Ying,a/l Subramaniam,29,Female,019-2580703,1996-05-19,wan35386@gmail.com,Silver,"No. 271, Jalan F9",Kuala Lumpur,Wilayah Persekutuan,21978,2025-10-08
35387,Priya,Chong,51,Female,013-8507531,1974-06-24,priya35387@gmail.com,Bronze,"No. 299, Jalan G19",Ipoh,Perak,27315,2025-07-24
35388,Nadia,Wong,58,Female,012-5935648,1967-02-09,nadia35388@gmail.com,Silver,"No. 146, Jalan E9",Melaka,Melaka,49746,2025-04-14
35389,Rajesh,a/p Subramaniam,59,Male,016-9620104,1966-05-23,rajesh35389@gmail.com,Bronze,"No. 165, Jalan E19",George Town,Pulau Pinang,65447,2025-05-25
35390,Rohani,Chong,22,Female,018-1545667,2002-12-25,rohani35390@gmail.com,Gold,"No. 212, Jalan D10",Johor Bahru,Johor,19364,2025-11-07
35391,Jasmine,Lee,53,Female,017-6348991,1972-07-17,jasmine35391@gmail.com,Bronze,"No. 123, Jalan B2",Kuala Lumpur,Wilayah Persekutuan,39181,2025-10-26
35392,Nadia,a/l Subramaniam,56,Female,011-9736935,1968-05-29,nadia35392@gmail.com,Bronze,"No. 3, Jalan G13",Kuala Lumpur,Wilayah Persekutuan,97656,2025-03-14
35393,Wei Jie,Teoh,37,Male,011-2309542,1987-06-24,wei35393@gmail.com,Platinum,"No. 229, Jalan F4",Ipoh,Perak,81790,2025-05-28
35394,Suhaila,Sim,35,Female,011-5282814,1989-11-10,suhaila35394@gmail.com,Silver,"No. 77, Jalan G9",Ipoh,Perak,74393,2025-04-08
35395,Nur Aina,Chong,23,Female,015-9014037,2001-03-20,nur35395@gmail.com,Bronze,"No. 136, Jalan D4",Melaka,Melaka,95856,2025-02-04
35396,Xin Yi,Rahman,32,Female,013-1772997,1992-07-02,xin35396@gmail.com,Silver,"No. 214, Jalan B11",Kuala Lumpur,Wilayah Persekutuan,40396,2025-05-26
35397,Nur Aina,Lee,43,Female,014-4790566,1982-01-29,nur35397@gmail.com,Silver,"No. 245, Jalan A17",Petaling Jaya,Selangor,61709,2025-11-19
35398,Nadia,a/p Subramaniam,53,Female,012-8447072,1971-05-13,nadia35398@gmail.com,Platinum,"No. 57, Jalan A3",Johor Bahru,Johor,82805,2025-01-26
35399,Farah,Sim,32,Female,014-5069309,1993-03-19,farah35399@gmail.com,Bronze,"No. 209, Jalan D1",Ipoh,Perak,83819,2025-06-02
35400,Suhaila,Yeoh,28,Female,013-1945105,1996-10-12,suhaila35400@gmail.com,Bronze,"No. 246, Jalan G15",Kuala Lumpur,Wilayah Persekutuan,90690,2025-09-23
35401,Nadia,Hassan,49,Female,019-1814942,1976-01-19,nadia35401@gmail.com,Bronze,"No. 217, Jalan F1",Johor Bahru,Johor,36894,2025-05-18
35402,Divya,Hassan,45,Female,010-3424379,1979-05-12,divya35402@gmail.com,Bronze,"No. 248, Jalan B17",Melaka,Melaka,96245,2025-01-13
35403,Yee Ling,Goh,28,Female,015-1867163,1996-10-25,yee35403@gmail.com,Bronze,"No. 5, Jalan D17",Johor Bahru,Johor,33231,2025-04-09
35404,Xin Yi,bin Abdullah,45,Female,011-9177497,1980-06-27,xin35404@gmail.com,Bronze,"No. 182, Jalan E19",Melaka,Melaka,92571,2025-10-27
35405,Farah,Ong,27,Female,019-3608219,1998-06-23,farah35405@gmail.com,Silver,"No. 113, Jalan F1",Melaka,Melaka,90618,2025-07-26
35406,Pei Shan,Chong,34,Female,016-9123064,1991-05-08,pei35406@gmail.com,Gold,"No. 102, Jalan D8",Ipoh,Perak,62538,2025-09-16
35407,Yee Ling,Yeoh,34,Female,010-4163954,1990-08-23,yee35407@gmail.com,Gold,"No. 190, Jalan G9",Johor Bahru,Johor,51588,2025-05-08
35408,Divya,Lim,37,Female,017-7418663,1987-06-16,divya35408@gmail.com,Bronze,"No. 169, Jalan C19",Petaling Jaya,Selangor,46301,2025-02-15
35409,Divya,Lee,43,Female,010-3390782,1982-01-03,divya35409@gmail.com,Bronze,"No. 238, Jalan B14",Petaling Jaya,Selangor,27024,2025-06-02
35410,Xin Yi,bin Abdullah,28,Female,018-6368503,1997-03-04,xin35410@gmail.com,Silver,"No. 209, Jalan B18",Johor Bahru,Johor,84234,2025-10-26
35411,Siti,Teoh,28,Female,012-2031613,1997-04-14,siti35411@gmail.com,Silver,"No. 152, Jalan C4",Melaka,Melaka,57215,2025-12-09
35412,Siti,Rahman,40,Female,014-8911207,1985-08-31,siti35412@gmail.com,Bronze,"No. 3, Jalan D18",Kuala Lumpur,Wilayah Persekutuan,88723,2025-11-09
35413,Sharmila,binti Ismail,20,Female,010-8325007,2004-12-07,sharmila35413@gmail.com,Bronze,"No. 206, Jalan A16",Kuala Lumpur,Wilayah Persekutuan,32229,2025-04-27
35414,Zhi Wei,Tan,23,Male,015-9125602,2001-03-31,zhi35414@gmail.com,Silver,"No. 150, Jalan B8",George Town,Pulau Pinang,18687,2025-02-15
35415,Wan Ying,Ong,33,Female,013-5832602,1992-07-03,wan35415@gmail.com,Bronze,"No. 266, Jalan B12",Melaka,Melaka,86515,2025-07-05
35416,Siti,a/l Subramaniam,45,Female,018-6399571,1980-03-21,siti35416@gmail.com,Bronze,"No. 150, Jalan D14",Ipoh,Perak,21840,2025-06-29
35417,Anisa,Rahman,30,Female,019-9963382,1995-08-17,anisa35417@gmail.com,Bronze,"No. 90, Jalan E9",Johor Bahru,Johor,54526,2025-11-14
35418,Jasmine,Lee,20,Female,017-9702194,2004-07-18,jasmine35418@gmail.com,Silver,"No. 52, Jalan E14",Johor Bahru,Johor,94659,2025-01-22
35419,Jun Hao,a/p Subramaniam,58,Male,016-5391178,1967-03-18,jun35419@gmail.com,Platinum,"No. 83, Jalan A2",Kuala Lumpur,Wilayah Persekutuan,34224,2025-03-31
35420,Nur Aina,a/l Subramaniam,27,Female,012-2411442,1998-01-15,nur35420@gmail.com,Bronze,"No. 38, Jalan F19",Melaka,Melaka,81204,2025-10-07
35421,Nurin,Teoh,60,Female,017-6128693,1965-04-07,nurin35421@gmail.com,Bronze,"No. 140, Jalan C14",Ipoh,Perak,70307,2025-08-11
35422,Divya,Wong,43,Female,012-4304881,1981-11-17,divya35422@gmail.com,Bronze,"No. 260, Jalan A20",Kuala Lumpur,Wilayah Persekutuan,36841,2025-09-03
35423,Kavitha,a/p Subramaniam,46,Female,016-6946068,1979-05-09,kavitha35423@gmail.com,Gold,"No. 109, Jalan A20",Ipoh,Perak,87948,2025-06-11
35424,Kavitha,Yeoh,26,Female,019-1663748,1999-09-01,kavitha35424@gmail.com,Bronze,"No. 152, Jalan C19",Johor Bahru,Johor,96469,2025-11-03
35425,Sharmila,Ong,49,Female,012-8496753,1976-05-02,sharmila35425@gmail.com,Bronze,"No. 180, Jalan B20",Johor Bahru,Johor,92789,2025-06-05
35426,Priya,Tan,27,Female,015-4112568,1997-09-03,priya35426@gmail.com,Bronze,"No. 179, Jalan A14",Petaling Jaya,Selangor,44951,2025-03-08
35427,Suhaila,Sim,57,Female,010-4056624,1967-09-17,suhaila35427@gmail.com,Silver,"No. 235, Jalan C4",Johor Bahru,Johor,24482,2025-02-17
35428,Amelia,Sim,28,Female,011-6430168,1996-11-15,amelia35428@gmail.com,Bronze,"No. 28, Jalan B19",Melaka,Melaka,90446,2025-06-05
35429,Ling Ling,Lee,40,Female,011-9514946,1985-02-02,ling35429@gmail.com,Bronze,"No. 206, Jalan E7",George Town,Pulau Pinang,57971,2025-08-15
35430,Priya,binti Ismail,32,Female,011-3697473,1992-05-02,priya35430@gmail.com,Bronze,"No. 59, Jalan F7",Kuala Lumpur,Wilayah Persekutuan,61103,2025-02-18
35431,Divya,Chong,18,Female,014-3881834,2006-10-30,divya35431@gmail.com,Bronze,"No. 292, Jalan E4",Petaling Jaya,Selangor,55517,2025-07-10
35432,Alia,a/l Subramaniam,43,Female,015-8239985,1981-06-13,alia35432@gmail.com,Bronze,"No. 40, Jalan B19",George Town,Pulau Pinang,58628,2025-05-13
35433,Nurin,Rahman,47,Female,017-1915888,1978-01-17,nurin35433@gmail.com,Silver,"No. 248, Jalan A20",Johor Bahru,Johor,68150,2025-10-17
35434,Nadia,Rahman,52,Female,014-3572567,1973-05-26,nadia35434@gmail.com,Gold,"No. 173, Jalan F3",Ipoh,Perak,25411,2025-08-24
35435,Suhaila,Teoh,47,Female,015-7781352,1978-08-28,suhaila35435@gmail.com,Silver,"No. 89, Jalan B15",Kuala Lumpur,Wilayah Persekutuan,98840,2025-11-13
35436,Arjun,Sim,44,Male,010-8838360,1980-12-29,arjun35436@gmail.com,Silver,"No. 1, Jalan E12",Ipoh,Perak,20096,2025-11-04
35437,Sharmila,Cheah,20,Female,015-9257024,2005-05-29,sharmila35437@gmail.com,Gold,"No. 99, Jalan C1",Johor Bahru,Johor,62722,2025-11-18
35438,Amirul,Tan,32,Male,014-1726786,1993-06-13,amirul35438@gmail.com,Bronze,"No. 73, Jalan D3",Johor Bahru,Johor,69611,2025-06-21
35439,Rachel,Teoh,19,Female,015-1842846,2006-11-09,rachel35439@gmail.com,Platinum,"No. 131, Jalan D10",Petaling Jaya,Selangor,69649,2025-12-12
35440,Hui Min,Teoh,49,Female,012-7786023,1976-02-09,hui35440@gmail.com,Bronze,"No. 178, Jalan G17",Ipoh,Perak,49332,2025-08-04
35441,Xin Yi,Lim,24,Female,016-1868401,2000-11-06,xin35441@gmail.com,Gold,"No. 276, Jalan F1",Ipoh,Perak,32327,2025-02-21
35442,Zarina,binti Ismail,31,Female,012-1335719,1994-04-01,zarina35442@gmail.com,Bronze,"No. 126, Jalan E20",Johor Bahru,Johor,41008,2025-05-21
35443,Yee Ling,Cheah,46,Female,014-7770493,1979-03-11,yee35443@gmail.com,Silver,"No. 283, Jalan G2",Johor Bahru,Johor,12405,2025-03-21
35444,Nur Aina,Sim,22,Female,013-1427977,2002-07-13,nur35444@gmail.com,Bronze,"No. 44, Jalan G2",Ipoh,Perak,88453,2025-04-08
35445,Nurin,binti Ismail,24,Female,015-2836128,2000-05-07,nurin35445@gmail.com,Platinum,"No. 97, Jalan E20",George Town,Pulau Pinang,19192,2025-03-27
35446,Aisyah,a/l Subramaniam,43,Female,012-3654742,1982-06-20,aisyah35446@gmail.com,Bronze,"No. 57, Jalan B8",Petaling Jaya,Selangor,14486,2025-09-28
35447,Sharmila,Yeoh,41,Female,012-8119407,1983-08-23,sharmila35447@gmail.com,Bronze,"No. 232, Jalan C7",Petaling Jaya,Selangor,75599,2025-02-03
35448,Divya,Lee,33,Female,019-4239690,1991-12-05,divya35448@gmail.com,Gold,"No. 268, Jalan F13",Petaling Jaya,Selangor,77896,2025-10-10
35449,Suresh,Lee,28,Male,016-2134938,1997-09-13,suresh35449@gmail.com,Silver,"No. 40, Jalan G13",Kuala Lumpur,Wilayah Persekutuan,34326,2025-11-21
35450,Mei Ling,Goh,18,Female,015-7132158,2006-04-17,mei35450@gmail.com,Bronze,"No. 259, Jalan B3",Johor Bahru,Johor,88604,2025-02-18
35451,Suhaila,Tan,45,Female,018-5372668,1979-05-10,suhaila35451@gmail.com,Platinum,"No. 80, Jalan G4",Ipoh,Perak,75611,2025-01-22
35452,Divya,Sim,35,Female,017-1215952,1989-08-14,divya35452@gmail.com,Silver,"No. 55, Jalan E3",Kuala Lumpur,Wilayah Persekutuan,19591,2025-03-06
35453,Priya,Lim,55,Female,013-8991407,1969-08-19,priya35453@gmail.com,Bronze,"No. 271, Jalan F2",George Town,Pulau Pinang,12730,2025-05-07
35454,Priya,a/p Subramaniam,45,Female,011-7918368,1979-05-13,priya35454@gmail.com,Bronze,"No. 62, Jalan A12",Petaling Jaya,Selangor,64510,2025-03-02
35455,Yee Ling,a/p Subramaniam,53,Female,019-5284342,1972-07-13,yee35455@gmail.com,Bronze,"No. 3, Jalan B11",Petaling Jaya,Selangor,57960,2025-10-10
35456,Divya,Tan,21,Female,016-7473759,2004-03-28,divya35456@gmail.com,Silver,"No. 91, Jalan A12",Petaling Jaya,Selangor,77769,2025-06-21
35457,Ling Ling,bin Abdullah,58,Female,016-2775663,1966-09-12,ling35457@gmail.com,Silver,"No. 114, Jalan F10",Ipoh,Perak,26095,2025-07-10
35458,Yee Ling,Rahman,34,Female,016-7868620,1990-08-30,yee35458@gmail.com,Bronze,"No. 208, Jalan F13",George Town,Pulau Pinang,80531,2025-04-22
35459,Lakshmi,Teoh,49,Female,013-4596098,1975-12-24,lakshmi35459@gmail.com,Silver,"No. 206, Jalan F2",Kuala Lumpur,Wilayah Persekutuan,42821,2025-02-04
35460,Wan Ying,Ong,56,Female,016-4567089,1968-12-03,wan35460@gmail.com,Bronze,"No. 106, Jalan F11",Petaling Jaya,Selangor,81469,2025-01-24
35461,Nur Aina,Ong,32,Female,019-6694655,1992-10-08,nur35461@gmail.com,Bronze,"No. 61, Jalan C11",Kuala Lumpur,Wilayah Persekutuan,62436,2025-04-08
35462,Divya,Yeoh,48,Female,017-1899603,1976-10-24,divya35462@gmail.com,Bronze,"No. 154, Jalan F17",Johor Bahru,Johor,15584,2025-01-21
35463,Aisyah,binti Ismail,41,Female,017-4605608,1984-02-15,aisyah35463@gmail.com,Bronze,"No. 168, Jalan C6",Johor Bahru,Johor,33096,2025-02-24
35464,Kavitha,Tan,45,Female,012-5460746,1979-09-12,kavitha35464@gmail.com,Silver,"No. 165, Jalan D11",Kuala Lumpur,Wilayah Persekutuan,78858,2025-05-20
35465,Ling Ling,Tan,19,Female,015-8844684,2006-07-23,ling35465@gmail.com,Bronze,"No. 111, Jalan C6",Ipoh,Perak,26252,2025-12-16
35466,Lakshmi,Rahman,48,Female,018-1867326,1977-04-21,lakshmi35466@gmail.com,Bronze,"No. 54, Jalan A18",Kuala Lumpur,Wilayah Persekutuan,34905,2025-09-04
35467,Farah,Rahman,58,Female,010-8875339,1967-05-19,farah35467@gmail.com,Silver,"No. 43, Jalan B18",George Town,Pulau Pinang,95783,2025-08-27
35468,Ling Ling,binti Ismail,32,Female,017-7946366,1992-06-11,ling35468@gmail.com,Bronze,"No. 277, Jalan C19",Kuala Lumpur,Wilayah Persekutuan,85337,2025-05-25
35469,Divya,Teoh,41,Female,017-4736910,1984-05-14,divya35469@gmail.com,Bronze,"No. 74, Jalan C4",Ipoh,Perak,54936,2025-07-21
35470,Priya,Lim,40,Female,017-5617935,1984-12-09,priya35470@gmail.com,Bronze,"No. 294, Jalan B1",Petaling Jaya,Selangor,20441,2025-03-13
35471,Wan Ying,Sim,25,Female,017-1642924,2000-09-11,wan35471@gmail.com,Bronze,"No. 64, Jalan C17",Melaka,Melaka,56329,2025-09-11
35472,Amirul,Hassan,22,Male,018-5998354,2002-10-20,amirul35472@gmail.com,Bronze,"No. 157, Jalan G18",Johor Bahru,Johor,48561,2025-03-11
35473,Nur Aina,Rahman,57,Female,019-1038367,1967-08-17,nur35473@gmail.com,Bronze,"No. 150, Jalan C5",Ipoh,Perak,94701,2025-01-25
35474,Kumar,binti Ismail,23,Male,013-1937470,2001-09-11,kumar35474@gmail.com,Bronze,"No. 51, Jalan F6",Petaling Jaya,Selangor,89997,2025-01-08
35475,Xin Yi,Lim,48,Female,018-6119709,1977-02-17,xin35475@gmail.com,Bronze,"No. 285, Jalan A3",Ipoh,Perak,90568,2025-07-08
35476,Nur Aina,a/l Subramaniam,32,Female,017-9171231,1992-07-13,nur35476@gmail.com,Silver,"No. 273, Jalan E5",Ipoh,Perak,76115,2025-03-21
35477,Xin Yi,Tan,20,Female,011-7415334,2004-10-10,xin35477@gmail.com,Bronze,"No. 47, Jalan E1",Melaka,Melaka,13993,2025-10-04
35478,Suresh,Lee,38,Male,010-2933427,1987-07-25,suresh35478@gmail.com,Bronze,"No. 299, Jalan A18",Ipoh,Perak,21906,2025-08-14
35479,Priya,Ong,21,Female,010-9637462,2004-02-16,priya35479@gmail.com,Silver,"No. 241, Jalan G13",George Town,Pulau Pinang,50511,2025-07-09
35480,Suresh,Cheah,52,Male,018-9261815,1972-11-24,suresh35480@gmail.com,Bronze,"No. 22, Jalan B1",Kuala Lumpur,Wilayah Persekutuan,65783,2025-04-29
35481,Kok Wai,Chong,55,Male,016-4421367,1969-12-05,kok35481@gmail.com,Bronze,"No. 66, Jalan G2",Petaling Jaya,Selangor,78409,2025-06-26
35482,Mei Ling,Teoh,51,Female,012-3804172,1973-08-07,mei35482@gmail.com,Bronze,"No. 215, Jalan B14",Kuala Lumpur,Wilayah Persekutuan,95055,2025-02-09
35483,Kok Wai,Yeoh,47,Male,018-1154333,1978-07-16,kok35483@gmail.com,Bronze,"No. 119, Jalan F18",Kuala Lumpur,Wilayah Persekutuan,30696,2025-08-16
35484,Siti,Sim,22,Female,012-1084733,2002-11-03,siti35484@gmail.com,Platinum,"No. 259, Jalan G12",Ipoh,Perak,50819,2025-09-10
35485,Divya,a/p Subramaniam,18,Female,019-2444089,2006-07-28,divya35485@gmail.com,Platinum,"No. 244, Jalan A8",Johor Bahru,Johor,91571,2025-05-12
35486,Chloe,Teoh,36,Female,011-2479593,1988-12-21,chloe35486@gmail.com,Bronze,"No. 50, Jalan D15",Kuala Lumpur,Wilayah Persekutuan,46761,2025-10-04
35487,Priya,Hassan,53,Female,011-1355454,1971-03-06,priya35487@gmail.com,Silver,"No. 81, Jalan B10",George Town,Pulau Pinang,53796,2025-01-12
35488,Rachel,Lim,57,Female,010-3762553,1967-03-08,rachel35488@gmail.com,Bronze,"No. 150, Jalan F13",George Town,Pulau Pinang,97903,2025-02-22
35489,Kok Wai,binti Ismail,40,Male,011-2879367,1984-08-17,kok35489@gmail.com,Platinum,"No. 112, Jalan E6",Petaling Jaya,Selangor,84330,2025-01-29
35490,Priya,bin Abdullah,58,Female,017-5002087,1966-11-16,priya35490@gmail.com,Platinum,"No. 129, Jalan B19",Ipoh,Perak,24855,2025-07-28
35491,Sharmila,Goh,46,Female,016-8385203,1979-05-14,sharmila35491@gmail.com,Silver,"No. 194, Jalan G4",Kuala Lumpur,Wilayah Persekutuan,22248,2025-10-24
35492,Ling Ling,Chong,57,Female,019-1476738,1968-04-28,ling35492@gmail.com,Silver,"No. 127, Jalan C6",Melaka,Melaka,21180,2025-08-27
35493,Kavitha,Lim,32,Female,010-3494976,1993-07-04,kavitha35493@gmail.com,Gold,"No. 175, Jalan A14",Petaling Jaya,Selangor,60073,2025-10-13
35494,Priya,Teoh,21,Female,016-2149401,2003-11-27,priya35494@gmail.com,Bronze,"No. 111, Jalan F12",Johor Bahru,Johor,74267,2025-02-12
35495,Kavitha,Rahman,52,Female,017-1215877,1973-06-10,kavitha35495@gmail.com,Gold,"No. 79, Jalan A1",George Town,Pulau Pinang,27401,2025-08-22
35496,Kavitha,Yeoh,35,Female,019-9414048,1990-03-31,kavitha35496@gmail.com,Bronze,"No. 275, Jalan E12",Ipoh,Perak,95836,2025-11-21
35497,Kavitha,Tan,40,Female,016-1720087,1985-09-20,kavitha35497@gmail.com,Bronze,"No. 279, Jalan B8",George Town,Pulau Pinang,92527,2025-11-12
35498,Sharmila,Ong,54,Female,017-5860368,1971-06-24,sharmila35498@gmail.com,Bronze,"No. 297, Jalan F11",George Town,Pulau Pinang,62865,2025-09-16
35499,Zarina,Goh,44,Female,010-1305695,1981-07-23,zarina35499@gmail.com,Bronze,"No. 63, Jalan A8",Petaling Jaya,Selangor,13365,2025-08-07
35500,Divya,Rahman,26,Female,015-9664973,1998-07-07,divya35500@gmail.com,Gold,"No. 142, Jalan D15",Petaling Jaya,Selangor,77982,2025-01-16
