purchase_ID,product_ID,br_ID,sup_ID,purchase_qty,purchase_date,purchase_unit_cost
1,1,1,1,106,2018-01-03,15.77
2,2,1,1,66,2018-01-03,18.03
3,3,1,1,70,2018-01-03,14.26
4,4,1,1,57,2018-01-03,21.62
5,5,1,6,113,2018-01-03,18.19
6,6,1,1,120,2018-01-03,14.26
7,7,1,6,47,2018-01-03,16.62
8,8,1,6,56,2018-01-03,20.33
9,9,1,2,43,2018-01-03,15.68
10,10,1,6,57,2018-01-03,22.99
11,11,1,6,49,2018-01-03,19.90
12,12,1,2,96,2018-01-03,48.94
13,13,1,2,58,2018-01-03,33.92
14,14,1,2,72,2018-01-03,33.98
15,15,1,4,42,2018-01-03,56.07
16,16,1,4,61,2018-01-03,59.75
17,17,1,4,52,2018-01-03,46.22
18,18,1,2,54,2018-01-03,34.56
19,19,1,2,87,2018-01-03,36.45
20,20,1,2,74,2018-01-03,21.76
21,21,1,6,92,2018-01-03,45.43
22,22,1,2,86,2018-01-03,25.14
23,23,1,5,100,2018-01-03,29.84
24,24,1,3,54,2018-01-03,30.64
25,25,1,3,57,2018-01-03,22.18
26,26,1,5,60,2018-01-03,29.42
27,27,1,1,101,2018-01-03,17.97
28,28,1,1,112,2018-01-03,23.27
29,29,1,1,65,2018-01-03,18.31
30,30,1,6,54,2018-01-03,39.26
31,31,1,6,84,2018-01-03,23.46
32,32,1,4,123,2018-01-03,36.52
33,33,1,2,80,2018-01-03,28.08
34,34,1,2,84,2018-01-03,38.73
35,35,1,3,58,2018-01-03,18.95
36,36,1,3,58,2018-01-03,30.07
37,37,1,3,63,2018-01-03,28.58
38,38,1,3,76,2018-01-03,30.63
39,39,1,5,46,2018-01-03,30.92
40,40,1,5,99,2018-01-03,38.86
41,41,1,4,100,2018-01-03,10.81
42,42,1,4,117,2018-01-03,12.37
43,43,1,4,63,2018-01-03,9.28
44,1,2,1,126,2018-01-03,16.65
45,2,2,1,113,2018-01-03,20.88
46,3,2,1,104,2018-01-03,14.52
47,4,2,1,86,2018-01-03,21.63
48,5,2,6,103,2018-01-03,17.85
49,6,2,1,81,2018-01-03,12.30
50,7,2,2,59,2018-01-03,16.49
51,8,2,6,133,2018-01-03,19.59
52,9,2,6,51,2018-01-03,15.55
53,10,2,2,120,2018-01-03,24.46
54,11,2,2,87,2018-01-03,20.00
55,12,2,4,83,2018-01-03,41.59
56,13,2,2,88,2018-01-03,37.13
57,14,2,4,109,2018-01-03,34.08
58,15,2,2,73,2018-01-03,53.37
59,16,2,4,86,2018-01-03,58.54
60,17,2,4,94,2018-01-03,46.09
61,18,2,2,89,2018-01-03,33.24
62,19,2,6,87,2018-01-03,40.33
63,20,2,6,128,2018-01-03,22.54
64,21,2,6,46,2018-01-03,44.80
65,22,2,2,106,2018-01-03,27.68
66,23,2,5,100,2018-01-03,26.93
67,24,2,5,133,2018-01-03,28.87
68,25,2,3,75,2018-01-03,23.92
69,26,2,3,80,2018-01-03,27.26
70,27,2,6,130,2018-01-03,19.07
71,28,2,1,121,2018-01-03,22.09
72,29,2,6,92,2018-01-03,15.60
73,30,2,1,128,2018-01-03,34.65
74,31,2,1,116,2018-01-03,24.92
75,32,2,4,62,2018-01-03,36.21
76,33,2,4,53,2018-01-03,26.53
77,34,2,2,122,2018-01-03,38.52
78,35,2,3,123,2018-01-03,19.27
79,36,2,3,73,2018-01-03,29.92
80,37,2,3,111,2018-01-03,28.08
81,38,2,3,81,2018-01-03,26.83
82,39,2,3,91,2018-01-03,30.46
83,40,2,5,107,2018-01-03,38.03
84,41,2,6,55,2018-01-03,11.43
85,42,2,4,72,2018-01-03,12.73
86,43,2,4,86,2018-01-03,9.83
87,1,3,1,62,2018-01-03,16.37
88,2,3,6,51,2018-01-03,17.87
89,3,3,1,50,2018-01-03,13.33
90,4,3,6,68,2018-01-03,21.91
91,5,3,1,103,2018-01-03,19.20
92,6,3,6,99,2018-01-03,13.71
93,7,3,2,52,2018-01-03,15.32
94,8,3,2,91,2018-01-03,17.49
95,9,3,2,90,2018-01-03,14.23
96,10,3,2,73,2018-01-03,22.63
97,11,3,6,49,2018-01-03,18.95
98,12,3,4,62,2018-01-03,43.47
99,13,3,4,91,2018-01-03,34.69
100,14,3,2,66,2018-01-03,35.31
101,15,3,2,45,2018-01-03,52.56
102,16,3,4,51,2018-01-03,60.47
103,17,3,4,78,2018-01-03,42.38
104,18,3,2,82,2018-01-03,32.56
105,19,3,6,82,2018-01-03,37.82
106,20,3,6,36,2018-01-03,26.22
107,21,3,6,65,2018-01-03,43.51
108,22,3,6,40,2018-01-03,27.75
109,23,3,3,86,2018-01-03,25.11
110,24,3,5,94,2018-01-03,29.42
111,25,3,3,105,2018-01-03,23.15
112,26,3,3,69,2018-01-03,27.65
113,27,3,6,104,2018-01-03,19.84
114,28,3,6,101,2018-01-03,23.14
115,29,3,6,79,2018-01-03,17.08
116,30,3,1,39,2018-01-03,34.37
117,31,3,1,105,2018-01-03,23.13
118,32,3,4,91,2018-01-03,34.23
119,33,3,4,55,2018-01-03,30.48
120,34,3,4,45,2018-01-03,43.20
121,35,3,3,54,2018-01-03,19.98
122,36,3,3,94,2018-01-03,33.06
123,37,3,3,94,2018-01-03,29.72
124,38,3,3,56,2018-01-03,27.18
125,39,3,3,76,2018-01-03,30.88
126,40,3,5,39,2018-01-03,34.01
127,41,3,6,85,2018-01-03,10.93
128,42,3,4,88,2018-01-03,11.93
129,43,3,6,99,2018-01-03,8.41
130,1,6,6,56,2018-01-03,17.06
131,2,6,6,37,2018-01-03,18.06
132,3,6,1,61,2018-01-03,13.39
133,4,6,6,86,2018-01-03,20.88
134,5,6,1,39,2018-01-03,18.59
135,6,6,6,91,2018-01-03,13.88
136,7,6,2,36,2018-01-03,14.43
137,8,6,2,93,2018-01-03,18.50
138,9,6,2,94,2018-01-03,14.39
139,10,6,6,44,2018-01-03,20.98
140,11,6,6,83,2018-01-03,21.02
141,12,6,2,40,2018-01-03,42.26
142,13,6,2,41,2018-01-03,37.22
143,14,6,4,59,2018-01-03,32.55
144,15,6,2,71,2018-01-03,56.68
145,16,6,2,78,2018-01-03,59.19
146,17,6,4,90,2018-01-03,45.44
147,18,6,6,78,2018-01-03,32.50
148,19,6,6,68,2018-01-03,38.30
149,20,6,2,62,2018-01-03,22.99
150,21,6,2,52,2018-01-03,43.63
151,22,6,2,54,2018-01-03,26.07
152,23,6,5,46,2018-01-03,27.17
153,24,6,3,82,2018-01-03,30.98
154,25,6,3,39,2018-01-03,23.04
155,26,6,5,65,2018-01-03,29.31
156,27,6,1,84,2018-01-03,19.28
157,28,6,1,95,2018-01-03,24.61
158,29,6,1,51,2018-01-03,18.24
159,30,6,6,53,2018-01-03,36.83
160,31,6,6,78,2018-01-03,22.72
161,32,6,2,90,2018-01-03,36.91
162,33,6,4,49,2018-01-03,28.27
163,34,6,2,90,2018-01-03,42.22
164,35,6,3,79,2018-01-03,19.70
165,36,6,3,56,2018-01-03,33.43
166,37,6,3,72,2018-01-03,29.44
167,38,6,5,96,2018-01-03,28.81
168,39,6,5,52,2018-01-03,30.81
169,40,6,5,79,2018-01-03,35.20
170,41,6,6,55,2018-01-03,11.51
171,42,6,6,62,2018-01-03,11.95
172,43,6,6,92,2018-01-03,8.38
173,1,7,6,53,2018-01-03,15.59
174,2,7,1,81,2018-01-03,18.06
175,3,7,6,53,2018-01-03,14.02
176,4,7,6,33,2018-01-03,19.68
177,5,7,6,47,2018-01-03,16.53
178,6,7,6,92,2018-01-03,12.62
179,7,7,6,58,2018-01-03,16.74
180,8,7,2,37,2018-01-03,18.52
181,9,7,6,38,2018-01-03,16.03
182,10,7,2,68,2018-01-03,23.28
183,11,7,6,47,2018-01-03,21.75
184,12,7,2,75,2018-01-03,43.15
185,13,7,4,83,2018-01-03,38.26
186,14,7,2,54,2018-01-03,36.40
187,15,7,2,35,2018-01-03,52.81
188,16,7,4,51,2018-01-03,57.02
189,17,7,4,35,2018-01-03,39.61
190,18,7,6,52,2018-01-03,35.35
191,19,7,6,83,2018-01-03,37.26
192,20,7,2,53,2018-01-03,25.50
193,21,7,6,66,2018-01-03,45.15
194,22,7,2,64,2018-01-03,25.10
195,23,7,5,54,2018-01-03,27.34
196,24,7,5,71,2018-01-03,33.10
197,25,7,5,86,2018-01-03,24.24
198,26,7,5,52,2018-01-03,31.27
199,27,7,1,54,2018-01-03,18.28
200,28,7,1,61,2018-01-03,22.27
201,29,7,6,74,2018-01-03,16.21
202,30,7,6,80,2018-01-03,38.83
203,31,7,6,87,2018-01-03,23.09
204,32,7,4,36,2018-01-03,32.92
205,33,7,2,74,2018-01-03,28.91
206,34,7,2,32,2018-01-03,38.86
207,35,7,3,88,2018-01-03,19.93
208,36,7,3,66,2018-01-03,33.38
209,37,7,3,85,2018-01-03,24.83
210,38,7,3,42,2018-01-03,28.61
211,39,7,3,49,2018-01-03,33.05
212,40,7,5,67,2018-01-03,34.84
213,41,7,4,82,2018-01-03,12.09
214,42,7,6,88,2018-01-03,13.20
215,43,7,4,51,2018-01-03,9.88
216,1,8,1,52,2018-01-03,16.95
217,2,8,1,40,2018-01-03,20.67
218,3,8,6,45,2018-01-03,15.39
219,4,8,6,71,2018-01-03,21.20
220,5,8,1,71,2018-01-03,17.68
221,6,8,6,87,2018-01-03,13.64
222,7,8,2,58,2018-01-03,14.87
223,8,8,6,93,2018-01-03,20.42
224,9,8,2,38,2018-01-03,13.53
225,10,8,6,64,2018-01-03,20.89
226,11,8,2,49,2018-01-03,19.58
227,12,8,2,39,2018-01-03,41.02
228,13,8,4,45,2018-01-03,38.62
229,14,8,4,39,2018-01-03,33.18
230,15,8,2,59,2018-01-03,56.22
231,16,8,2,80,2018-01-03,63.05
232,17,8,2,94,2018-01-03,40.94
233,18,8,6,94,2018-01-03,30.41
234,19,8,6,55,2018-01-03,37.27
235,20,8,2,55,2018-01-03,25.49
236,21,8,2,70,2018-01-03,51.29
237,22,8,2,94,2018-01-03,27.50
238,23,8,3,76,2018-01-03,26.58
239,24,8,5,58,2018-01-03,28.65
240,25,8,5,41,2018-01-03,22.53
241,26,8,5,64,2018-01-03,27.64
242,27,8,6,50,2018-01-03,18.72
243,28,8,1,80,2018-01-03,21.99
244,29,8,6,40,2018-01-03,17.86
245,30,8,6,69,2018-01-03,38.94
246,31,8,1,93,2018-01-03,21.67
247,32,8,4,46,2018-01-03,36.18
248,33,8,2,42,2018-01-03,31.64
249,34,8,2,81,2018-01-03,39.34
250,35,8,3,57,2018-01-03,21.38
251,36,8,3,51,2018-01-03,33.32
252,37,8,3,80,2018-01-03,29.64
253,38,8,5,72,2018-01-03,27.48
254,39,8,3,44,2018-01-03,33.76
255,40,8,3,39,2018-01-03,33.52
256,41,8,6,47,2018-01-03,10.96
257,42,8,6,38,2018-01-03,12.20
258,43,8,6,94,2018-01-03,8.87
259,1,9,6,68,2018-01-03,14.44
260,2,9,6,71,2018-01-03,20.54
261,3,9,6,72,2018-01-03,13.65
262,4,9,6,76,2018-01-03,22.97
263,5,9,1,80,2018-01-03,17.72
264,6,9,1,65,2018-01-03,12.86
265,7,9,6,33,2018-01-03,14.47
266,8,9,6,75,2018-01-03,18.98
267,9,9,6,67,2018-01-03,15.97
268,10,9,6,30,2018-01-03,22.93
269,11,9,6,52,2018-01-03,18.09
270,12,9,2,34,2018-01-03,41.49
271,13,9,2,30,2018-01-03,33.88
272,14,9,4,65,2018-01-03,30.69
273,15,9,4,41,2018-01-03,57.69
274,16,9,2,68,2018-01-03,60.20
275,17,9,4,68,2018-01-03,40.10
276,18,9,6,54,2018-01-03,34.83
277,19,9,2,71,2018-01-03,39.82
278,20,9,2,59,2018-01-03,25.01
279,21,9,2,70,2018-01-03,48.56
280,22,9,2,57,2018-01-03,26.84
281,23,9,5,41,2018-01-03,26.22
282,24,9,5,68,2018-01-03,30.74
283,25,9,5,59,2018-01-03,25.06
284,26,9,3,68,2018-01-03,28.06
285,27,9,1,71,2018-01-03,20.38
286,28,9,1,47,2018-01-03,23.49
287,29,9,1,73,2018-01-03,17.46
288,30,9,1,31,2018-01-03,38.71
289,31,9,1,64,2018-01-03,25.36
290,32,9,2,76,2018-01-03,34.93
291,33,9,4,36,2018-01-03,29.14
292,34,9,4,65,2018-01-03,40.15
293,35,9,3,65,2018-01-03,22.05
294,36,9,3,72,2018-01-03,33.61
295,37,9,3,68,2018-01-03,28.11
296,38,9,5,60,2018-01-03,30.91
297,39,9,3,76,2018-01-03,33.07
298,40,9,5,72,2018-01-03,32.44
299,41,9,4,38,2018-01-03,10.06
300,42,9,4,68,2018-01-03,11.88
301,43,9,6,35,2018-01-03,8.59
302,1,10,1,67,2018-01-03,15.29
303,2,10,1,80,2018-01-03,18.28
304,3,10,1,61,2018-01-03,15.53
305,4,10,6,78,2018-01-03,19.86
306,5,10,1,51,2018-01-03,17.51
307,6,10,1,60,2018-01-03,13.94
308,7,10,2,82,2018-01-03,16.68
309,8,10,6,43,2018-01-03,19.14
310,9,10,6,83,2018-01-03,14.70
311,10,10,6,87,2018-01-03,24.16
312,11,10,2,56,2018-01-03,21.43
313,12,10,2,56,2018-01-03,41.85
314,13,10,2,41,2018-01-03,38.85
315,14,10,4,42,2018-01-03,35.85
316,15,10,4,47,2018-01-03,52.93
317,16,10,2,56,2018-01-03,57.53
318,17,10,2,81,2018-01-03,43.42
319,18,10,2,63,2018-01-03,30.00
320,19,10,6,47,2018-01-03,42.69
321,20,10,6,55,2018-01-03,22.47
322,21,10,2,70,2018-01-03,49.96
323,22,10,6,77,2018-01-03,29.84
324,23,10,5,78,2018-01-03,25.28
325,24,10,3,86,2018-01-03,30.85
326,25,10,3,39,2018-01-03,22.73
327,26,10,5,86,2018-01-03,27.62
328,27,10,6,60,2018-01-03,17.85
329,28,10,6,38,2018-01-03,23.68
330,29,10,1,39,2018-01-03,16.12
331,30,10,6,56,2018-01-03,33.29
332,31,10,1,41,2018-01-03,26.20
333,32,10,4,56,2018-01-03,34.93
334,33,10,4,69,2018-01-03,28.51
335,34,10,2,78,2018-01-03,44.41
336,35,10,3,67,2018-01-03,19.48
337,36,10,3,53,2018-01-03,34.62
338,37,10,3,39,2018-01-03,29.03
339,38,10,5,33,2018-01-03,26.36
340,39,10,5,60,2018-01-03,29.86
341,40,10,3,44,2018-01-03,35.65
342,41,10,6,53,2018-01-03,11.46
343,42,10,4,86,2018-01-03,12.42
344,43,10,4,82,2018-01-03,8.84
345,1,11,1,82,2018-01-03,17.22
346,2,11,6,77,2018-01-03,18.36
347,3,11,6,40,2018-01-03,14.09
348,4,11,1,66,2018-01-03,22.39
349,5,11,1,88,2018-01-03,16.57
350,6,11,1,73,2018-01-03,14.57
351,7,11,2,51,2018-01-03,15.92
352,8,11,6,64,2018-01-03,18.97
353,9,11,6,75,2018-01-03,13.89
354,10,11,6,87,2018-01-03,23.33
355,11,11,6,54,2018-01-03,18.02
356,12,11,4,57,2018-01-03,45.01
357,13,11,4,75,2018-01-03,37.20
358,14,11,2,61,2018-01-03,35.86
359,15,11,4,50,2018-01-03,49.72
360,16,11,4,73,2018-01-03,62.68
361,17,11,4,88,2018-01-03,39.65
362,18,11,2,60,2018-01-03,35.51
363,19,11,6,65,2018-01-03,39.18
364,20,11,2,86,2018-01-03,23.01
365,21,11,6,40,2018-01-03,52.17
366,22,11,6,65,2018-01-03,27.15
367,23,11,5,42,2018-01-03,26.69
368,24,11,3,37,2018-01-03,31.99
369,25,11,3,86,2018-01-03,26.40
370,26,11,3,55,2018-01-03,31.37
371,27,11,1,70,2018-01-03,17.90
372,28,11,1,59,2018-01-03,23.18
373,29,11,6,34,2018-01-03,18.04
374,30,11,1,31,2018-01-03,36.18
375,31,11,1,41,2018-01-03,24.79
376,32,11,2,76,2018-01-03,30.87
377,33,11,4,47,2018-01-03,27.25
378,34,11,4,40,2018-01-03,44.78
379,35,11,3,78,2018-01-03,18.93
380,36,11,3,69,2018-01-03,32.69
381,37,11,3,70,2018-01-03,27.41
382,38,11,5,83,2018-01-03,28.79
383,39,11,3,38,2018-01-03,30.18
384,40,11,5,40,2018-01-03,32.75
385,41,11,4,52,2018-01-03,11.21
386,42,11,6,80,2018-01-03,11.65
387,43,11,6,86,2018-01-03,8.24
388,1,12,6,43,2018-01-03,17.27
389,2,12,6,67,2018-01-03,19.72
390,3,12,6,78,2018-01-03,13.45
391,4,12,1,35,2018-01-03,19.55
392,5,12,1,26,2018-01-03,18.53
393,6,12,1,52,2018-01-03,12.52
394,7,12,2,34,2018-01-03,16.63
395,8,12,6,48,2018-01-03,20.60
396,9,12,2,44,2018-01-03,14.74
397,10,12,6,54,2018-01-03,24.44
398,11,12,6,44,2018-01-03,20.94
399,12,12,2,52,2018-01-03,44.45
400,13,12,4,42,2018-01-03,35.90
401,14,12,4,49,2018-01-03,36.99
402,15,12,2,58,2018-01-03,50.06
403,16,12,4,60,2018-01-03,61.45
404,17,12,2,70,2018-01-03,44.75
405,18,12,6,28,2018-01-03,33.25
406,19,12,6,61,2018-01-03,37.03
407,20,12,2,48,2018-01-03,23.83
408,21,12,2,35,2018-01-03,47.88
409,22,12,6,40,2018-01-03,27.71
410,23,12,5,64,2018-01-03,25.00
411,24,12,5,71,2018-01-03,30.07
412,25,12,5,62,2018-01-03,21.76
413,26,12,3,40,2018-01-03,31.45
414,27,12,6,73,2018-01-03,18.19
415,28,12,6,48,2018-01-03,23.79
416,29,12,6,32,2018-01-03,17.47
417,30,12,1,52,2018-01-03,36.41
418,31,12,6,45,2018-01-03,21.87
419,32,12,4,48,2018-01-03,37.34
420,33,12,4,29,2018-01-03,29.59
421,34,12,4,45,2018-01-03,42.18
422,35,12,3,72,2018-01-03,19.25
423,36,12,3,35,2018-01-03,31.83
424,37,12,3,72,2018-01-03,29.80
425,38,12,5,69,2018-01-03,30.55
426,39,12,5,38,2018-01-03,30.56
427,40,12,3,71,2018-01-03,37.49
428,41,12,6,42,2018-01-03,11.32
429,42,12,6,43,2018-01-03,12.45
430,43,12,6,73,2018-01-03,9.42
431,3,1,6,35,2018-01-17,14.12
432,7,1,6,26,2018-01-17,15.22
433,9,1,6,28,2018-01-17,13.52
434,13,1,2,28,2018-01-17,34.79
435,15,1,2,28,2018-01-17,51.06
436,27,1,6,28,2018-01-17,17.86
437,29,1,6,30,2018-01-17,15.77
438,41,1,6,26,2018-01-17,11.33
439,43,1,4,27,2018-01-17,9.22
440,11,2,6,25,2018-01-17,19.29
441,25,2,5,29,2018-01-17,22.76
442,33,2,4,32,2018-01-17,29.52
443,35,2,3,25,2018-01-17,21.22
444,39,2,5,23,2018-01-17,31.17
445,41,2,6,41,2018-01-17,12.07
446,43,2,4,33,2018-01-17,9.60
447,3,3,6,19,2018-01-17,13.20
448,13,3,2,24,2018-01-17,36.47
449,31,3,1,26,2018-01-17,22.71
450,41,3,6,29,2018-01-17,10.13
451,43,3,6,27,2018-01-17,8.31
452,1,4,1,37,2018-01-17,17.28
453,2,4,6,42,2018-01-17,17.35
454,3,4,1,52,2018-01-17,13.82
455,4,4,6,50,2018-01-17,21.05
456,5,4,6,64,2018-01-17,16.29
457,6,4,1,86,2018-01-17,14.22
458,7,4,6,89,2018-01-17,14.91
459,8,4,2,40,2018-01-17,19.84
460,9,4,6,71,2018-01-17,14.42
461,10,4,2,81,2018-01-17,23.38
462,11,4,2,64,2018-01-17,20.81
463,12,4,2,81,2018-01-17,41.98
464,13,4,2,63,2018-01-17,36.10
465,14,4,2,41,2018-01-17,32.15
466,15,4,2,48,2018-01-17,51.05
467,16,4,2,42,2018-01-17,65.49
468,17,4,2,60,2018-01-17,43.96
469,18,4,2,39,2018-01-17,31.08
470,19,4,2,65,2018-01-17,42.64
471,20,4,2,74,2018-01-17,22.47
472,21,4,6,66,2018-01-17,44.78
473,22,4,2,49,2018-01-17,25.41
474,23,4,5,42,2018-01-17,27.93
475,24,4,3,36,2018-01-17,30.92
476,25,4,3,65,2018-01-17,23.00
477,26,4,5,42,2018-01-17,31.39
478,27,4,1,46,2018-01-17,17.11
479,28,4,1,87,2018-01-17,21.55
480,29,4,1,41,2018-01-17,15.65
481,30,4,6,89,2018-01-17,33.15
482,31,4,6,33,2018-01-17,22.10
483,32,4,4,42,2018-01-17,32.94
484,33,4,4,36,2018-01-17,29.25
485,34,4,4,39,2018-01-17,42.09
486,35,4,3,76,2018-01-17,19.86
487,36,4,3,45,2018-01-17,29.71
488,37,4,3,87,2018-01-17,26.78
489,38,4,5,47,2018-01-17,27.61
490,39,4,3,55,2018-01-17,32.73
491,40,4,3,57,2018-01-17,38.97
492,41,4,4,88,2018-01-17,12.02
493,42,4,4,34,2018-01-17,13.02
494,43,4,6,51,2018-01-17,8.32
495,27,6,1,28,2018-01-17,18.00
496,43,6,6,22,2018-01-17,8.47
497,29,7,6,21,2018-01-17,18.38
498,41,7,4,27,2018-01-17,11.81
499,33,8,2,29,2018-01-17,29.60
500,41,8,4,41,2018-01-17,10.48
501,41,9,4,20,2018-01-17,11.91
502,11,11,6,24,2018-01-17,19.73
503,9,12,6,20,2018-01-17,14.85
504,41,12,6,24,2018-01-17,11.42
505,2,1,1,38,2018-02-05,18.15
506,4,1,1,34,2018-02-05,21.06
507,6,1,6,51,2018-02-05,12.44
508,8,1,6,37,2018-02-05,20.88
509,10,1,6,52,2018-02-05,24.72
510,12,1,2,26,2018-02-05,42.51
511,14,1,4,32,2018-02-05,32.89
512,16,1,4,32,2018-02-05,59.51
513,18,1,2,35,2018-02-05,35.59
514,20,1,2,39,2018-02-05,22.15
515,22,1,6,57,2018-02-05,28.99
516,24,1,5,35,2018-02-05,31.16
517,26,1,5,30,2018-02-05,26.63
518,28,1,1,32,2018-02-05,20.38
519,30,1,1,41,2018-02-05,33.12
520,32,1,4,36,2018-02-05,33.73
521,34,1,4,30,2018-02-05,45.95
522,36,1,3,25,2018-02-05,31.08
523,38,1,5,20,2018-02-05,31.01
524,40,1,5,26,2018-02-05,37.55
525,42,1,6,47,2018-02-05,12.94
526,2,2,1,47,2018-02-05,18.22
527,4,2,6,82,2018-02-05,19.17
528,6,2,6,50,2018-02-05,14.32
529,8,2,6,47,2018-02-05,19.71
530,10,2,2,31,2018-02-05,21.17
531,12,2,2,26,2018-02-05,43.80
532,14,2,4,46,2018-02-05,32.28
533,16,2,2,33,2018-02-05,57.92
534,18,2,6,39,2018-02-05,34.14
535,20,2,2,50,2018-02-05,25.66
536,22,2,2,30,2018-02-05,28.02
537,24,2,3,51,2018-02-05,32.10
538,26,2,5,46,2018-02-05,28.24
539,28,2,1,67,2018-02-05,20.43
540,30,2,1,26,2018-02-05,36.68
541,32,2,4,38,2018-02-05,34.23
542,34,2,2,26,2018-02-05,44.95
543,36,2,3,40,2018-02-05,29.52
544,38,2,3,44,2018-02-05,28.11
545,40,2,3,40,2018-02-05,35.01
546,42,2,4,54,2018-02-05,11.39
547,2,3,1,29,2018-02-05,18.60
548,4,3,6,28,2018-02-05,21.26
549,6,3,1,35,2018-02-05,12.71
550,10,3,2,23,2018-02-05,22.29
551,12,3,2,27,2018-02-05,44.76
552,16,3,4,28,2018-02-05,64.07
553,18,3,6,34,2018-02-05,34.09
554,22,3,2,48,2018-02-05,27.30
555,26,3,5,36,2018-02-05,29.88
556,28,3,6,41,2018-02-05,22.37
557,30,3,6,34,2018-02-05,35.99
558,34,3,4,26,2018-02-05,42.49
559,36,3,3,30,2018-02-05,34.59
560,40,3,5,38,2018-02-05,37.97
561,42,3,4,42,2018-02-05,12.43
562,42,4,6,24,2018-02-05,13.54
563,4,6,1,39,2018-02-05,21.01
564,6,6,6,32,2018-02-05,13.87
565,8,6,6,44,2018-02-05,20.87
566,10,6,2,35,2018-02-05,22.98
567,14,6,4,24,2018-02-05,36.55
568,16,6,2,25,2018-02-05,56.08
569,18,6,2,30,2018-02-05,30.49
570,20,6,2,29,2018-02-05,23.12
571,22,6,2,29,2018-02-05,27.51
572,24,6,3,25,2018-02-05,27.97
573,26,6,3,24,2018-02-05,27.84
574,28,6,6,47,2018-02-05,24.02
575,30,6,1,22,2018-02-05,39.24
576,32,6,2,28,2018-02-05,35.13
577,34,6,4,27,2018-02-05,44.25
578,36,6,3,34,2018-02-05,35.17
579,38,6,5,22,2018-02-05,31.49
580,42,6,6,27,2018-02-05,11.56
581,4,7,1,30,2018-02-05,22.52
582,8,7,2,35,2018-02-05,19.10
583,10,7,2,34,2018-02-05,23.67
584,12,7,4,23,2018-02-05,47.42
585,16,7,2,37,2018-02-05,64.07
586,18,7,2,23,2018-02-05,33.97
587,20,7,2,32,2018-02-05,23.07
588,22,7,2,35,2018-02-05,25.26
589,28,7,1,38,2018-02-05,20.94
590,30,7,1,34,2018-02-05,33.12
591,32,7,4,20,2018-02-05,33.16
592,36,7,3,39,2018-02-05,34.26
593,38,7,3,27,2018-02-05,26.72
594,42,7,4,35,2018-02-05,12.97
595,4,8,1,33,2018-02-05,19.66
596,6,8,1,23,2018-02-05,13.32
597,8,8,2,27,2018-02-05,18.01
598,10,8,6,27,2018-02-05,22.28
599,12,8,2,31,2018-02-05,44.42
600,14,8,2,26,2018-02-05,31.93
601,22,8,6,39,2018-02-05,26.35
602,24,8,3,29,2018-02-05,29.50
603,26,8,5,30,2018-02-05,29.41
604,28,8,1,29,2018-02-05,22.58
605,30,8,1,24,2018-02-05,34.09
606,32,8,2,26,2018-02-05,33.77
607,36,8,3,30,2018-02-05,31.93
608,38,8,3,30,2018-02-05,30.35
609,40,8,3,31,2018-02-05,34.10
610,42,8,4,37,2018-02-05,13.45
611,4,9,6,22,2018-02-05,22.49
612,6,9,1,20,2018-02-05,14.07
613,8,9,6,27,2018-02-05,17.76
614,10,9,6,28,2018-02-05,21.82
615,16,9,2,20,2018-02-05,62.97
616,20,9,2,31,2018-02-05,21.67
617,22,9,2,22,2018-02-05,29.44
618,28,9,1,23,2018-02-05,20.79
619,2,10,1,25,2018-02-05,20.46
620,4,10,6,34,2018-02-05,21.84
621,6,10,6,38,2018-02-05,13.33
622,8,10,6,25,2018-02-05,20.87
623,10,10,2,26,2018-02-05,21.72
624,14,10,2,29,2018-02-05,35.15
625,18,10,2,21,2018-02-05,30.90
626,24,10,3,29,2018-02-05,32.95
627,28,10,6,31,2018-02-05,20.71
628,30,10,6,28,2018-02-05,35.90
629,32,10,2,24,2018-02-05,30.70
630,36,10,3,33,2018-02-05,31.31
631,40,10,3,24,2018-02-05,39.31
632,42,10,4,28,2018-02-05,13.08
633,2,11,1,31,2018-02-05,17.81
634,4,11,6,39,2018-02-05,19.30
635,6,11,1,34,2018-02-05,12.94
636,18,11,6,38,2018-02-05,34.86
637,20,11,6,28,2018-02-05,24.65
638,22,11,6,43,2018-02-05,28.79
639,26,11,5,28,2018-02-05,28.94
640,28,11,6,26,2018-02-05,24.63
641,30,11,1,28,2018-02-05,36.98
642,32,11,4,36,2018-02-05,34.79
643,36,11,3,25,2018-02-05,33.21
644,38,11,5,22,2018-02-05,28.16
645,40,11,5,26,2018-02-05,39.19
646,42,11,4,37,2018-02-05,12.67
647,4,12,1,32,2018-02-05,20.18
648,6,12,6,26,2018-02-05,14.10
649,18,12,2,23,2018-02-05,33.96
650,22,12,2,22,2018-02-05,24.76
651,24,12,5,26,2018-02-05,28.08
652,26,12,5,28,2018-02-05,27.21
653,32,12,2,31,2018-02-05,31.78
654,36,12,3,28,2018-02-05,34.99
655,42,12,6,23,2018-02-05,11.35
656,1,1,6,57,2018-02-19,17.25
657,3,1,1,48,2018-02-19,15.04
658,5,1,1,56,2018-02-19,18.18
659,7,1,2,30,2018-02-19,16.96
660,9,1,6,32,2018-02-19,15.95
661,11,1,2,61,2018-02-19,21.82
662,13,1,2,30,2018-02-19,39.47
663,15,1,2,24,2018-02-19,50.65
664,17,1,4,41,2018-02-19,39.88
665,19,1,6,39,2018-02-19,38.18
666,21,1,6,44,2018-02-19,51.44
667,23,1,3,46,2018-02-19,27.78
668,25,1,3,53,2018-02-19,24.61
669,27,1,6,57,2018-02-19,19.26
670,29,1,6,57,2018-02-19,15.56
671,31,1,1,38,2018-02-19,25.23
672,33,1,2,55,2018-02-19,30.09
673,35,1,3,57,2018-02-19,20.04
674,37,1,3,30,2018-02-19,28.64
675,39,1,5,72,2018-02-19,33.41
676,41,1,4,64,2018-02-19,11.61
677,43,1,6,87,2018-02-19,8.74
678,1,2,1,80,2018-02-19,16.95
679,3,2,1,50,2018-02-19,15.27
680,5,2,1,61,2018-02-19,16.60
681,7,2,2,57,2018-02-19,17.45
682,9,2,2,71,2018-02-19,14.70
683,11,2,6,42,2018-02-19,20.81
684,13,2,2,47,2018-02-19,34.79
685,15,2,2,30,2018-02-19,49.88
686,17,2,4,49,2018-02-19,42.19
687,19,2,2,45,2018-02-19,36.95
688,21,2,2,39,2018-02-19,46.35
689,23,2,3,71,2018-02-19,26.76
690,25,2,3,37,2018-02-19,26.24
691,27,2,6,87,2018-02-19,17.29
692,29,2,1,74,2018-02-19,18.02
693,31,2,1,55,2018-02-19,24.78
694,33,2,4,41,2018-02-19,30.63
695,35,2,3,42,2018-02-19,20.22
696,37,2,3,33,2018-02-19,27.96
697,39,2,3,26,2018-02-19,32.95
698,41,2,6,63,2018-02-19,11.09
699,43,2,6,65,2018-02-19,8.76
700,1,3,6,52,2018-02-19,14.59
701,3,3,6,29,2018-02-19,15.43
702,5,3,1,40,2018-02-19,17.20
703,7,3,2,29,2018-02-19,17.21
704,9,3,6,45,2018-02-19,13.68
705,11,3,2,36,2018-02-19,21.98
706,13,3,2,24,2018-02-19,35.79
707,17,3,4,36,2018-02-19,39.92
708,19,3,6,36,2018-02-19,41.60
709,21,3,6,37,2018-02-19,43.22
710,23,3,3,38,2018-02-19,24.88
711,25,3,3,34,2018-02-19,23.04
712,27,3,6,59,2018-02-19,17.18
713,29,3,1,34,2018-02-19,15.55
714,31,3,6,33,2018-02-19,24.87
715,33,3,4,47,2018-02-19,29.45
716,35,3,3,55,2018-02-19,21.96
717,37,3,3,36,2018-02-19,27.49
718,39,3,3,31,2018-02-19,28.01
719,41,3,4,49,2018-02-19,11.78
720,43,3,6,49,2018-02-19,8.49
721,1,4,6,42,2018-02-19,15.70
722,3,4,1,29,2018-02-19,14.75
723,5,4,6,28,2018-02-19,18.20
724,7,4,6,32,2018-02-19,16.73
725,9,4,2,40,2018-02-19,15.83
726,11,4,6,36,2018-02-19,18.53
727,17,4,2,27,2018-02-19,38.53
728,23,4,5,30,2018-02-19,26.92
729,27,4,1,35,2018-02-19,17.56
730,29,4,1,36,2018-02-19,17.61
731,33,4,4,19,2018-02-19,28.95
732,41,4,4,26,2018-02-19,10.61
733,43,4,4,40,2018-02-19,8.12
734,1,6,1,64,2018-02-19,15.37
735,3,6,1,30,2018-02-19,15.01
736,5,6,1,24,2018-02-19,18.12
737,7,6,6,39,2018-02-19,16.80
738,9,6,6,49,2018-02-19,14.60
739,11,6,2,42,2018-02-19,20.78
740,13,6,2,24,2018-02-19,39.78
741,15,6,4,29,2018-02-19,59.26
742,17,6,4,25,2018-02-19,38.38
743,21,6,6,28,2018-02-19,50.83
744,23,6,5,46,2018-02-19,28.88
745,25,6,5,26,2018-02-19,24.82
746,27,6,1,44,2018-02-19,19.80
747,29,6,6,34,2018-02-19,17.32
748,31,6,1,33,2018-02-19,25.14
749,33,6,2,32,2018-02-19,31.82
750,35,6,3,35,2018-02-19,22.35
751,37,6,3,24,2018-02-19,29.11
752,39,6,5,24,2018-02-19,31.31
753,41,6,6,42,2018-02-19,10.22
754,43,6,4,35,2018-02-19,9.02
755,1,7,1,40,2018-02-19,16.66
756,3,7,1,47,2018-02-19,15.59
757,5,7,1,24,2018-02-19,17.36
758,7,7,2,28,2018-02-19,16.72
759,9,7,2,41,2018-02-19,15.68
760,11,7,6,41,2018-02-19,18.27
761,13,7,4,25,2018-02-19,38.69
762,15,7,2,47,2018-02-19,54.78
763,17,7,4,34,2018-02-19,46.13
764,19,7,6,38,2018-02-19,39.59
765,21,7,6,27,2018-02-19,50.69
766,23,7,3,40,2018-02-19,25.68
767,25,7,3,29,2018-02-19,26.23
768,27,7,6,61,2018-02-19,19.27
769,29,7,1,26,2018-02-19,16.83
770,31,7,1,28,2018-02-19,24.00
771,33,7,2,41,2018-02-19,31.60
772,35,7,3,39,2018-02-19,21.94
773,37,7,3,30,2018-02-19,29.45
774,39,7,5,32,2018-02-19,30.41
775,41,7,4,52,2018-02-19,11.43
776,43,7,4,57,2018-02-19,8.11
777,1,8,6,48,2018-02-19,16.87
778,3,8,1,35,2018-02-19,14.71
779,5,8,1,38,2018-02-19,17.74
780,7,8,6,42,2018-02-19,17.02
781,9,8,6,55,2018-02-19,15.93
782,11,8,6,52,2018-02-19,21.76
783,13,8,2,29,2018-02-19,38.63
784,15,8,4,25,2018-02-19,49.70
785,17,8,4,22,2018-02-19,39.07
786,19,8,6,26,2018-02-19,42.43
787,23,8,3,34,2018-02-19,27.57
788,25,8,3,34,2018-02-19,24.52
789,27,8,1,51,2018-02-19,19.09
790,29,8,1,37,2018-02-19,17.66
791,31,8,6,41,2018-02-19,25.89
792,33,8,4,30,2018-02-19,30.06
793,35,8,3,21,2018-02-19,21.82
794,37,8,3,39,2018-02-19,27.81
795,39,8,5,25,2018-02-19,31.62
796,41,8,6,43,2018-02-19,11.68
797,43,8,4,44,2018-02-19,8.65
798,1,9,6,38,2018-02-19,16.05
799,3,9,1,44,2018-02-19,15.92
800,9,9,6,31,2018-02-19,14.27
801,11,9,2,32,2018-02-19,20.41
802,15,9,4,33,2018-02-19,53.23
803,19,9,6,29,2018-02-19,42.15
804,21,9,2,24,2018-02-19,44.18
805,23,9,5,43,2018-02-19,28.34
806,25,9,3,31,2018-02-19,23.82
807,27,9,1,40,2018-02-19,17.82
808,29,9,1,44,2018-02-19,17.52
809,31,9,1,30,2018-02-19,24.14
810,33,9,2,25,2018-02-19,29.06
811,37,9,3,31,2018-02-19,29.91
812,39,9,5,36,2018-02-19,28.34
813,43,9,4,32,2018-02-19,9.48
814,3,10,6,47,2018-02-19,14.57
815,5,10,1,35,2018-02-19,17.71
816,7,10,6,29,2018-02-19,14.75
817,9,10,6,38,2018-02-19,14.31
818,11,10,2,47,2018-02-19,21.66
819,15,10,2,37,2018-02-19,59.63
820,17,10,2,30,2018-02-19,39.31
821,19,10,2,35,2018-02-19,41.48
822,21,10,2,26,2018-02-19,51.35
823,23,10,5,41,2018-02-19,26.63
824,25,10,3,33,2018-02-19,22.97
825,27,10,1,57,2018-02-19,17.33
826,29,10,6,45,2018-02-19,17.69
827,35,10,3,24,2018-02-19,21.99
828,37,10,3,27,2018-02-19,25.40
829,39,10,3,25,2018-02-19,28.77
830,41,10,6,45,2018-02-19,11.52
831,43,10,6,43,2018-02-19,8.12
832,1,11,6,37,2018-02-19,17.32
833,3,11,1,28,2018-02-19,13.90
834,5,11,6,37,2018-02-19,17.19
835,7,11,2,32,2018-02-19,14.78
836,9,11,6,25,2018-02-19,14.61
837,11,11,2,42,2018-02-19,19.31
838,13,11,2,22,2018-02-19,35.82
839,15,11,2,25,2018-02-19,56.86
840,19,11,6,32,2018-02-19,42.76
841,21,11,6,38,2018-02-19,43.92
842,23,11,5,28,2018-02-19,25.67
843,25,11,3,32,2018-02-19,26.20
844,27,11,6,39,2018-02-19,17.14
845,29,11,6,39,2018-02-19,16.91
846,31,11,1,36,2018-02-19,23.25
847,33,11,2,42,2018-02-19,26.38
848,37,11,3,29,2018-02-19,26.56
849,39,11,3,44,2018-02-19,31.56
850,41,11,6,54,2018-02-19,10.64
851,43,11,4,51,2018-02-19,9.59
852,1,12,6,28,2018-02-19,15.84
853,3,12,6,40,2018-02-19,14.47
854,5,12,1,27,2018-02-19,17.15
855,11,12,2,36,2018-02-19,19.82
856,23,12,5,35,2018-02-19,29.54
857,27,12,1,34,2018-02-19,19.83
858,29,12,6,37,2018-02-19,15.36
859,33,12,2,33,2018-02-19,26.74
860,41,12,4,32,2018-02-19,11.57
861,43,12,4,45,2018-02-19,9.70
862,2,1,1,33,2018-03-05,18.55
863,4,1,1,45,2018-03-05,19.87
864,6,1,6,43,2018-03-05,14.48
865,8,1,6,41,2018-03-05,19.23
866,10,1,2,22,2018-03-05,23.54
867,16,1,2,26,2018-03-05,59.94
868,18,1,6,29,2018-03-05,33.69
869,20,1,2,33,2018-03-05,23.35
870,22,1,2,48,2018-03-05,29.25
871,26,1,3,32,2018-03-05,28.02
872,28,1,6,23,2018-03-05,22.33
873,30,1,1,28,2018-03-05,36.59
874,32,1,4,33,2018-03-05,35.63
875,34,1,2,26,2018-03-05,40.47
876,36,1,3,34,2018-03-05,32.45
877,38,1,3,33,2018-03-05,27.91
878,40,1,5,32,2018-03-05,33.80
879,42,1,6,37,2018-03-05,11.94
880,2,2,1,37,2018-03-05,20.64
881,4,2,6,38,2018-03-05,21.78
882,6,2,1,50,2018-03-05,13.77
883,8,2,6,44,2018-03-05,18.47
884,10,2,6,33,2018-03-05,24.31
885,12,2,2,31,2018-03-05,46.64
886,14,2,2,26,2018-03-05,34.34
887,16,2,4,25,2018-03-05,62.79
888,18,2,2,39,2018-03-05,33.95
889,20,2,2,40,2018-03-05,26.01
890,22,2,2,48,2018-03-05,26.93
891,24,2,3,38,2018-03-05,33.04
892,26,2,3,39,2018-03-05,30.68
893,28,2,1,36,2018-03-05,22.07
894,30,2,1,35,2018-03-05,34.69
895,32,2,4,42,2018-03-05,33.27
896,34,2,2,33,2018-03-05,43.18
897,36,2,3,34,2018-03-05,29.81
898,38,2,3,40,2018-03-05,29.28
899,40,2,5,49,2018-03-05,36.40
900,42,2,6,50,2018-03-05,11.58
901,4,3,1,43,2018-03-05,19.45
902,6,3,6,36,2018-03-05,13.06
903,8,3,6,57,2018-03-05,19.60
904,10,3,2,22,2018-03-05,21.26
905,12,3,4,29,2018-03-05,47.54
906,14,3,4,43,2018-03-05,33.88
907,16,3,2,42,2018-03-05,59.61
908,18,3,6,30,2018-03-05,32.77
909,20,3,2,53,2018-03-05,23.09
910,22,3,6,34,2018-03-05,24.82
911,24,3,3,30,2018-03-05,29.45
912,26,3,3,32,2018-03-05,29.34
913,28,3,1,39,2018-03-05,23.03
914,30,3,6,28,2018-03-05,37.27
915,32,3,2,36,2018-03-05,34.82
916,34,3,4,22,2018-03-05,40.20
917,36,3,3,28,2018-03-05,35.33
918,38,3,3,26,2018-03-05,30.39
919,40,3,5,31,2018-03-05,39.42
920,42,3,4,28,2018-03-05,12.40
921,2,4,1,56,2018-03-05,19.60
922,4,4,6,37,2018-03-05,22.98
923,6,4,6,24,2018-03-05,12.64
924,8,4,2,25,2018-03-05,19.59
925,10,4,2,27,2018-03-05,22.33
926,12,4,2,23,2018-03-05,40.62
927,14,4,4,21,2018-03-05,35.40
928,16,4,2,32,2018-03-05,63.50
929,18,4,2,24,2018-03-05,31.16
930,20,4,6,43,2018-03-05,24.52
931,22,4,2,24,2018-03-05,29.11
932,24,4,3,38,2018-03-05,29.03
933,26,4,5,25,2018-03-05,31.09
934,28,4,6,41,2018-03-05,23.29
935,30,4,6,31,2018-03-05,39.49
936,32,4,4,40,2018-03-05,32.26
937,34,4,2,17,2018-03-05,41.19
938,36,4,3,24,2018-03-05,30.14
939,38,4,3,28,2018-03-05,30.26
940,40,4,5,30,2018-03-05,38.66
941,42,4,6,37,2018-03-05,11.37
942,2,6,1,31,2018-03-05,18.96
943,4,6,1,40,2018-03-05,22.59
944,6,6,6,41,2018-03-05,13.03
945,8,6,2,34,2018-03-05,20.05
946,10,6,2,33,2018-03-05,20.89
947,12,6,4,24,2018-03-05,43.73
948,16,6,4,27,2018-03-05,57.80
949,18,6,6,26,2018-03-05,33.49
950,20,6,6,37,2018-03-05,26.00
951,22,6,2,39,2018-03-05,25.79
952,24,6,3,35,2018-03-05,32.17
953,26,6,3,32,2018-03-05,31.47
954,30,6,1,26,2018-03-05,34.76
955,32,6,2,29,2018-03-05,37.19
956,34,6,4,19,2018-03-05,39.04
957,36,6,3,29,2018-03-05,33.33
958,38,6,3,29,2018-03-05,30.32
959,40,6,3,29,2018-03-05,35.34
960,42,6,6,23,2018-03-05,11.31
961,2,7,6,43,2018-03-05,17.88
962,4,7,6,45,2018-03-05,20.37
963,6,7,6,38,2018-03-05,13.20
964,8,7,2,47,2018-03-05,20.17
965,10,7,6,31,2018-03-05,23.45
966,14,7,4,29,2018-03-05,35.40
967,16,7,2,29,2018-03-05,57.54
968,20,7,6,32,2018-03-05,23.07
969,22,7,2,27,2018-03-05,28.69
970,24,7,3,42,2018-03-05,30.75
971,26,7,5,29,2018-03-05,30.38
972,28,7,6,40,2018-03-05,24.54
973,34,7,4,33,2018-03-05,38.73
974,38,7,3,33,2018-03-05,29.96
975,40,7,3,34,2018-03-05,33.86
976,42,7,6,32,2018-03-05,12.68
977,2,8,1,47,2018-03-05,19.96
978,4,8,6,38,2018-03-05,21.65
979,6,8,6,32,2018-03-05,14.79
980,8,8,6,31,2018-03-05,20.31
981,10,8,2,25,2018-03-05,23.27
982,16,8,2,42,2018-03-05,58.08
983,18,8,2,43,2018-03-05,33.21
984,20,8,6,41,2018-03-05,24.14
985,22,8,2,36,2018-03-05,24.86
986,26,8,3,26,2018-03-05,30.70
987,28,8,1,30,2018-03-05,23.42
988,30,8,6,23,2018-03-05,37.10
989,32,8,2,41,2018-03-05,34.81
990,34,8,4,31,2018-03-05,42.35
991,36,8,3,41,2018-03-05,34.78
992,38,8,5,31,2018-03-05,31.08
993,40,8,5,33,2018-03-05,33.97
994,42,8,4,30,2018-03-05,13.64
995,2,9,6,25,2018-03-05,18.61
996,4,9,1,25,2018-03-05,19.91
997,6,9,6,27,2018-03-05,13.84
998,10,9,6,29,2018-03-05,22.41
999,12,9,2,28,2018-03-05,42.98
1000,14,9,4,28,2018-03-05,36.81
1001,18,9,2,32,2018-03-05,34.01
1002,24,9,3,26,2018-03-05,33.60
1003,26,9,3,46,2018-03-05,26.68
1004,30,9,1,27,2018-03-05,39.56
1005,32,9,2,32,2018-03-05,33.17
1006,34,9,2,26,2018-03-05,38.56
1007,36,9,3,37,2018-03-05,35.20
1008,38,9,3,32,2018-03-05,26.93
1009,40,9,3,23,2018-03-05,39.17
1010,42,9,4,44,2018-03-05,12.41
1011,2,10,1,34,2018-03-05,17.84
1012,4,10,1,33,2018-03-05,22.20
1013,6,10,6,34,2018-03-05,12.72
1014,10,10,2,25,2018-03-05,20.45
1015,12,10,4,28,2018-03-05,48.56
1016,16,10,4,27,2018-03-05,64.61
1017,20,10,6,37,2018-03-05,25.34
1018,22,10,6,33,2018-03-05,28.99
1019,26,10,5,38,2018-03-05,30.87
1020,32,10,4,25,2018-03-05,33.02
1021,34,10,2,31,2018-03-05,41.21
1022,38,10,3,35,2018-03-05,28.69
1023,40,10,5,31,2018-03-05,32.58
1024,2,11,1,27,2018-03-05,20.42
1025,4,11,6,32,2018-03-05,21.61
1026,6,11,6,33,2018-03-05,12.51
1027,8,11,6,35,2018-03-05,17.42
1028,10,11,2,32,2018-03-05,24.30
1029,12,11,4,22,2018-03-05,48.66
1030,14,11,4,38,2018-03-05,36.63
1031,16,11,2,31,2018-03-05,62.02
1032,18,11,2,23,2018-03-05,34.87
1033,20,11,6,50,2018-03-05,22.32
1034,22,11,6,26,2018-03-05,29.07
1035,24,11,5,38,2018-03-05,33.87
1036,30,11,6,29,2018-03-05,32.54
1037,34,11,4,35,2018-03-05,45.59
1038,40,11,5,35,2018-03-05,37.00
1039,42,11,4,39,2018-03-05,13.15
1040,2,12,1,34,2018-03-05,17.76
1041,4,12,1,20,2018-03-05,21.46
1042,8,12,6,28,2018-03-05,18.81
1043,10,12,2,37,2018-03-05,22.59
1044,12,12,4,18,2018-03-05,43.29
1045,14,12,4,17,2018-03-05,34.60
1046,16,12,4,27,2018-03-05,58.48
1047,20,12,6,28,2018-03-05,22.84
1048,22,12,2,27,2018-03-05,25.61
1049,28,12,1,23,2018-03-05,20.86
1050,30,12,1,30,2018-03-05,33.55
1051,34,12,2,20,2018-03-05,42.31
1052,38,12,5,29,2018-03-05,31.38
1053,40,12,3,28,2018-03-05,35.38
1054,1,1,6,46,2018-03-19,16.96
1055,3,1,1,19,2018-03-19,13.60
1056,5,1,1,33,2018-03-19,16.58
1057,7,1,2,25,2018-03-19,15.64
1058,9,1,6,35,2018-03-19,15.23
1059,11,1,2,39,2018-03-19,19.09
1060,17,1,2,25,2018-03-19,42.46
1061,19,1,2,28,2018-03-19,37.53
1062,21,1,2,25,2018-03-19,44.20
1063,23,1,5,49,2018-03-19,26.71
1064,25,1,3,52,2018-03-19,23.67
1065,27,1,1,52,2018-03-19,17.12
1066,29,1,1,29,2018-03-19,17.35
1067,31,1,6,25,2018-03-19,23.67
1068,33,1,2,33,2018-03-19,27.01
1069,35,1,3,23,2018-03-19,22.41
1070,37,1,3,29,2018-03-19,25.62
1071,39,1,3,30,2018-03-19,30.89
1072,41,1,4,55,2018-03-19,11.28
1073,43,1,4,61,2018-03-19,9.46
1074,1,2,1,31,2018-03-19,16.35
1075,3,2,1,47,2018-03-19,15.83
1076,5,2,1,58,2018-03-19,17.14
1077,7,2,2,28,2018-03-19,15.51
1078,9,2,2,31,2018-03-19,15.76
1079,11,2,6,55,2018-03-19,21.59
1080,13,2,4,28,2018-03-19,38.62
1081,15,2,4,26,2018-03-19,60.23
1082,21,2,2,40,2018-03-19,51.48
1083,23,2,3,64,2018-03-19,29.18
1084,27,2,1,72,2018-03-19,17.44
1085,29,2,1,45,2018-03-19,17.06
1086,31,2,1,34,2018-03-19,24.87
1087,33,2,2,40,2018-03-19,28.63
1088,35,2,3,28,2018-03-19,19.75
1089,37,2,3,38,2018-03-19,25.77
1090,39,2,5,32,2018-03-19,31.55
1091,41,2,4,66,2018-03-19,11.37
1092,43,2,4,54,2018-03-19,9.90
1093,1,3,6,41,2018-03-19,17.19
1094,3,3,6,34,2018-03-19,13.83
1095,5,3,1,36,2018-03-19,19.00
1096,7,3,2,41,2018-03-19,16.79
1097,9,3,2,40,2018-03-19,16.18
1098,11,3,2,32,2018-03-19,18.85
1099,15,3,2,37,2018-03-19,56.44
1100,21,3,6,20,2018-03-19,51.59
1101,23,3,5,34,2018-03-19,25.18
1102,27,3,1,43,2018-03-19,19.75
1103,29,3,1,35,2018-03-19,16.83
1104,31,3,6,31,2018-03-19,23.31
1105,41,3,4,32,2018-03-19,9.99
1106,43,3,6,50,2018-03-19,8.29
1107,3,4,6,25,2018-03-19,14.56
1108,5,4,6,35,2018-03-19,17.69
1109,11,4,6,33,2018-03-19,21.46
1110,13,4,2,25,2018-03-19,36.64
1111,15,4,2,32,2018-03-19,59.11
1112,19,4,6,34,2018-03-19,41.40
1113,21,4,6,21,2018-03-19,51.55
1114,25,4,5,26,2018-03-19,25.06
1115,27,4,6,31,2018-03-19,17.43
1116,31,4,1,35,2018-03-19,22.16
1117,33,4,2,28,2018-03-19,27.34
1118,35,4,3,33,2018-03-19,21.79
1119,37,4,3,26,2018-03-19,26.28
1120,39,4,3,31,2018-03-19,28.22
1121,41,4,4,32,2018-03-19,12.09
1122,43,4,4,30,2018-03-19,8.23
1123,1,6,1,23,2018-03-19,15.35
1124,3,6,1,26,2018-03-19,13.10
1125,5,6,6,26,2018-03-19,18.81
1126,7,6,6,34,2018-03-19,14.61
1127,9,6,6,33,2018-03-19,15.24
1128,11,6,2,47,2018-03-19,20.47
1129,19,6,2,37,2018-03-19,42.36
1130,21,6,2,28,2018-03-19,47.62
1131,23,6,5,37,2018-03-19,27.56
1132,25,6,3,26,2018-03-19,22.85
1133,27,6,6,28,2018-03-19,17.33
1134,29,6,6,26,2018-03-19,15.73
1135,33,6,2,24,2018-03-19,31.20
1136,35,6,3,21,2018-03-19,19.99
1137,41,6,6,44,2018-03-19,11.66
1138,43,6,4,31,2018-03-19,8.83
1139,1,7,1,37,2018-03-19,15.21
1140,3,7,1,28,2018-03-19,15.13
1141,9,7,2,25,2018-03-19,14.13
1142,11,7,2,21,2018-03-19,20.74
1143,23,7,3,25,2018-03-19,28.12
1144,27,7,1,30,2018-03-19,19.87
1145,29,7,1,28,2018-03-19,16.00
1146,31,7,6,19,2018-03-19,23.61
1147,33,7,2,28,2018-03-19,29.73
1148,35,7,3,25,2018-03-19,21.08
1149,41,7,4,32,2018-03-19,11.89
1150,43,7,6,27,2018-03-19,8.97
1151,1,8,6,33,2018-03-19,15.89
1152,3,8,6,28,2018-03-19,13.85
1153,5,8,1,29,2018-03-19,17.22
1154,7,8,6,37,2018-03-19,17.57
1155,9,8,2,31,2018-03-19,16.34
1156,11,8,2,51,2018-03-19,18.15
1157,13,8,2,26,2018-03-19,33.94
1158,21,8,6,30,2018-03-19,45.32
1159,23,8,3,34,2018-03-19,29.85
1160,27,8,1,32,2018-03-19,17.33
1161,29,8,6,35,2018-03-19,16.63
1162,33,8,4,29,2018-03-19,31.45
1163,37,8,3,30,2018-03-19,27.78
1164,39,8,5,31,2018-03-19,28.94
1165,41,8,6,39,2018-03-19,10.17
1166,43,8,4,26,2018-03-19,9.07
1167,3,9,1,32,2018-03-19,13.38
1168,5,9,6,39,2018-03-19,17.23
1169,7,9,2,35,2018-03-19,17.21
1170,9,9,2,21,2018-03-19,13.67
1171,13,9,2,33,2018-03-19,37.74
1172,17,9,2,33,2018-03-19,44.35
1173,25,9,3,30,2018-03-19,25.21
1174,29,9,1,41,2018-03-19,18.39
1175,35,9,3,26,2018-03-19,19.01
1176,41,9,6,39,2018-03-19,10.47
1177,43,9,4,30,2018-03-19,8.16
1178,1,10,1,39,2018-03-19,16.59
1179,13,10,4,25,2018-03-19,40.06
1180,27,10,1,45,2018-03-19,17.16
1181,29,10,1,30,2018-03-19,15.55
1182,31,10,1,26,2018-03-19,22.44
1183,33,10,4,36,2018-03-19,27.52
1184,39,10,3,31,2018-03-19,31.69
1185,41,10,4,33,2018-03-19,11.55
1186,1,11,1,35,2018-03-19,14.54
1187,7,11,6,24,2018-03-19,16.97
1188,9,11,6,32,2018-03-19,13.78
1189,17,11,4,25,2018-03-19,43.26
1190,23,11,3,19,2018-03-19,24.94
1191,27,11,1,25,2018-03-19,19.20
1192,35,11,3,30,2018-03-19,19.66
1193,37,11,3,25,2018-03-19,28.39
1194,41,11,4,31,2018-03-19,11.22
1195,43,11,4,38,2018-03-19,9.70
1196,1,12,1,20,2018-03-19,17.52
1197,7,12,2,26,2018-03-19,17.01
1198,9,12,6,31,2018-03-19,15.19
1199,13,12,2,22,2018-03-19,39.64
1200,15,12,2,17,2018-03-19,59.15
1201,17,12,4,25,2018-03-19,40.13
1202,19,12,6,26,2018-03-19,38.51
1203,21,12,2,29,2018-03-19,49.24
1204,25,12,5,29,2018-03-19,22.65
1205,31,12,6,37,2018-03-19,25.84
1206,35,12,3,31,2018-03-19,21.81
1207,37,12,3,31,2018-03-19,25.98
1208,39,12,3,28,2018-03-19,31.71
1209,41,12,6,22,2018-03-19,10.24
1210,43,12,6,20,2018-03-19,8.42
1211,2,1,1,30,2018-04-03,19.04
1212,4,1,6,31,2018-04-03,21.13
1213,6,1,6,26,2018-04-03,12.82
1214,8,1,2,38,2018-04-03,18.57
1215,10,1,2,40,2018-04-03,21.21
1216,12,1,2,27,2018-04-03,45.60
1217,14,1,2,28,2018-04-03,35.10
1218,16,1,2,38,2018-04-03,59.12
1219,18,1,2,29,2018-04-03,34.78
1220,20,1,6,33,2018-04-03,25.10
1221,22,1,6,36,2018-04-03,29.12
1222,24,1,5,55,2018-04-03,31.84
1223,26,1,5,40,2018-04-03,26.45
1224,28,1,6,46,2018-04-03,22.84
1225,30,1,6,28,2018-04-03,33.92
1226,32,1,4,25,2018-04-03,33.76
1227,34,1,2,22,2018-04-03,38.52
1228,36,1,3,27,2018-04-03,34.28
1229,42,1,4,31,2018-04-03,13.24
1230,2,2,6,46,2018-04-03,20.90
1231,4,2,6,46,2018-04-03,19.66
1232,6,2,1,39,2018-04-03,14.29
1233,8,2,2,32,2018-04-03,20.24
1234,10,2,6,25,2018-04-03,23.07
1235,12,2,4,34,2018-04-03,42.33
1236,14,2,2,24,2018-04-03,33.30
1237,16,2,4,42,2018-04-03,57.97
1238,18,2,2,38,2018-04-03,29.77
1239,20,2,2,40,2018-04-03,21.92
1240,22,2,6,34,2018-04-03,28.33
1241,24,2,3,28,2018-04-03,33.84
1242,26,2,5,33,2018-04-03,30.90
1243,28,2,1,40,2018-04-03,20.75
1244,30,2,1,38,2018-04-03,36.68
1245,36,2,3,48,2018-04-03,35.60
1246,40,2,5,26,2018-04-03,35.40
1247,42,2,6,39,2018-04-03,12.39
1248,2,3,1,33,2018-04-03,18.51
1249,4,3,6,45,2018-04-03,20.23
1250,6,3,1,28,2018-04-03,14.77
1251,8,3,6,30,2018-04-03,20.76
1252,10,3,6,33,2018-04-03,22.14
1253,12,3,2,25,2018-04-03,44.31
1254,18,3,2,29,2018-04-03,32.82
1255,20,3,6,32,2018-04-03,23.97
1256,22,3,2,38,2018-04-03,25.69
1257,24,3,3,26,2018-04-03,29.31
1258,26,3,3,37,2018-04-03,31.21
1259,28,3,1,25,2018-04-03,21.80
1260,34,3,4,28,2018-04-03,46.39
1261,38,3,5,31,2018-04-03,31.55
1262,42,3,6,27,2018-04-03,12.74
1263,4,4,1,33,2018-04-03,22.11
1264,6,4,6,22,2018-04-03,12.90
1265,26,4,3,27,2018-04-03,29.28
1266,38,4,3,26,2018-04-03,31.71
1267,42,4,6,26,2018-04-03,12.98
1268,4,6,1,40,2018-04-03,20.27
1269,6,6,1,30,2018-04-03,14.06
1270,8,6,6,35,2018-04-03,19.57
1271,10,6,6,33,2018-04-03,24.46
1272,14,6,2,29,2018-04-03,31.71
1273,20,6,6,25,2018-04-03,21.91
1274,22,6,6,41,2018-04-03,30.04
1275,24,6,5,29,2018-04-03,33.34
1276,26,6,3,23,2018-04-03,27.49
1277,28,6,6,30,2018-04-03,21.64
1278,36,6,3,27,2018-04-03,35.55
1279,40,6,3,22,2018-04-03,34.65
1280,42,6,4,26,2018-04-03,11.33
1281,4,7,6,28,2018-04-03,20.82
1282,6,7,6,29,2018-04-03,12.58
1283,8,7,2,35,2018-04-03,17.89
1284,12,7,2,24,2018-04-03,42.23
1285,18,7,2,29,2018-04-03,34.14
1286,24,7,3,31,2018-04-03,33.80
1287,26,7,3,34,2018-04-03,31.39
1288,28,7,6,24,2018-04-03,22.41
1289,30,7,1,32,2018-04-03,38.16
1290,32,7,2,35,2018-04-03,33.90
1291,36,7,3,46,2018-04-03,34.80
1292,40,7,5,27,2018-04-03,35.76
1293,42,7,4,27,2018-04-03,11.80
1294,10,8,6,30,2018-04-03,21.96
1295,12,8,2,25,2018-04-03,41.67
1296,14,8,2,32,2018-04-03,36.89
1297,18,8,6,32,2018-04-03,34.93
1298,20,8,6,24,2018-04-03,23.83
1299,22,8,2,23,2018-04-03,25.20
1300,24,8,5,27,2018-04-03,29.47
1301,26,8,5,25,2018-04-03,28.66
1302,36,8,3,28,2018-04-03,33.39
1303,40,8,3,19,2018-04-03,34.58
1304,42,8,6,29,2018-04-03,11.70
1305,8,9,6,33,2018-04-03,20.07
1306,10,9,6,26,2018-04-03,22.83
1307,16,9,4,20,2018-04-03,55.70
1308,20,9,2,27,2018-04-03,25.90
1309,22,9,6,41,2018-04-03,27.57
1310,28,9,6,37,2018-04-03,22.50
1311,8,10,6,36,2018-04-03,19.39
1312,14,10,4,29,2018-04-03,31.48
1313,18,10,2,20,2018-04-03,30.89
1314,22,10,6,25,2018-04-03,27.63
1315,24,10,3,25,2018-04-03,31.65
1316,26,10,3,27,2018-04-03,29.58
1317,28,10,1,32,2018-04-03,21.05
1318,30,10,6,37,2018-04-03,35.23
1319,32,10,2,27,2018-04-03,36.69
1320,36,10,3,33,2018-04-03,33.47
1321,42,10,4,33,2018-04-03,12.77
1322,4,11,1,32,2018-04-03,20.54
1323,24,11,5,30,2018-04-03,34.04
1324,26,11,5,28,2018-04-03,27.38
1325,28,11,6,31,2018-04-03,21.28
1326,32,11,4,17,2018-04-03,32.02
1327,36,11,3,28,2018-04-03,33.23
1328,38,11,5,22,2018-04-03,27.09
1329,6,12,1,38,2018-04-03,13.82
1330,10,12,6,25,2018-04-03,24.59
1331,18,12,2,30,2018-04-03,29.64
1332,24,12,5,30,2018-04-03,30.45
1333,26,12,5,36,2018-04-03,29.15
1334,28,12,6,33,2018-04-03,20.89
1335,32,12,2,27,2018-04-03,36.40
1336,36,12,3,27,2018-04-03,34.52
1337,42,12,6,34,2018-04-03,12.28
1338,1,1,6,33,2018-04-17,14.56
1339,3,1,6,35,2018-04-17,15.46
1340,5,1,1,40,2018-04-17,17.95
1341,7,1,6,30,2018-04-17,16.43
1342,9,1,2,33,2018-04-17,15.41
1343,11,1,6,41,2018-04-17,21.35
1344,13,1,4,20,2018-04-17,34.81
1345,15,1,2,30,2018-04-17,55.03
1346,23,1,3,63,2018-04-17,26.30
1347,25,1,3,27,2018-04-17,24.69
1348,27,1,1,50,2018-04-17,17.73
1349,29,1,6,43,2018-04-17,16.15
1350,31,1,1,23,2018-04-17,25.47
1351,33,1,4,36,2018-04-17,27.32
1352,37,1,3,24,2018-04-17,28.90
1353,39,1,3,26,2018-04-17,30.19
1354,41,1,4,57,2018-04-17,9.95
1355,43,1,6,50,2018-04-17,8.70
1356,1,2,1,45,2018-04-17,16.04
1357,3,2,6,46,2018-04-17,14.58
1358,5,2,1,26,2018-04-17,16.73
1359,7,2,6,26,2018-04-17,14.97
1360,9,2,2,52,2018-04-17,14.45
1361,11,2,2,38,2018-04-17,19.22
1362,15,2,4,25,2018-04-17,56.67
1363,17,2,4,41,2018-04-17,40.28
1364,19,2,2,32,2018-04-17,35.62
1365,23,2,3,43,2018-04-17,29.64
1366,25,2,3,53,2018-04-17,25.72
1367,27,2,6,45,2018-04-17,19.05
1368,29,2,1,33,2018-04-17,16.54
1369,31,2,1,29,2018-04-17,24.57
1370,33,2,2,42,2018-04-17,27.61
1371,35,2,3,34,2018-04-17,21.58
1372,37,2,3,26,2018-04-17,28.84
1373,39,2,3,33,2018-04-17,33.81
1374,41,2,6,61,2018-04-17,11.97
1375,43,2,6,56,2018-04-17,9.52
1376,1,3,6,42,2018-04-17,17.19
1377,3,3,6,35,2018-04-17,14.50
1378,5,3,6,33,2018-04-17,15.84
1379,9,3,6,32,2018-04-17,14.37
1380,13,3,4,37,2018-04-17,37.13
1381,15,3,4,26,2018-04-17,52.82
1382,17,3,2,28,2018-04-17,45.72
1383,19,3,2,28,2018-04-17,35.46
1384,23,3,5,28,2018-04-17,25.00
1385,25,3,5,45,2018-04-17,23.68
1386,27,3,6,33,2018-04-17,20.73
1387,29,3,1,22,2018-04-17,18.34
1388,31,3,6,23,2018-04-17,22.05
1389,33,3,2,28,2018-04-17,30.13
1390,35,3,3,35,2018-04-17,20.33
1391,37,3,3,31,2018-04-17,28.68
1392,39,3,3,30,2018-04-17,31.02
1393,41,3,6,31,2018-04-17,10.33
1394,43,3,6,41,2018-04-17,8.56
1395,1,4,6,34,2018-04-17,14.75
1396,3,4,6,30,2018-04-17,14.85
1397,5,4,1,30,2018-04-17,16.14
1398,7,4,6,41,2018-04-17,16.98
1399,9,4,6,39,2018-04-17,16.47
1400,17,4,4,31,2018-04-17,40.92
1401,23,4,3,35,2018-04-17,27.56
1402,27,4,6,34,2018-04-17,17.92
1403,29,4,6,32,2018-04-17,17.48
1404,31,4,6,22,2018-04-17,26.37
1405,35,4,3,34,2018-04-17,19.60
1406,41,4,4,29,2018-04-17,10.32
1407,43,4,6,45,2018-04-17,9.12
1408,1,6,1,27,2018-04-17,15.67
1409,9,6,2,26,2018-04-17,13.82
1410,11,6,2,40,2018-04-17,19.06
1411,13,6,2,17,2018-04-17,38.43
1412,15,6,2,30,2018-04-17,51.62
1413,17,6,2,22,2018-04-17,40.13
1414,19,6,2,29,2018-04-17,42.82
1415,23,6,3,37,2018-04-17,27.63
1416,25,6,5,26,2018-04-17,25.18
1417,27,6,6,41,2018-04-17,18.63
1418,29,6,6,29,2018-04-17,17.10
1419,31,6,6,28,2018-04-17,24.99
1420,33,6,2,33,2018-04-17,28.05
1421,37,6,3,36,2018-04-17,25.74
1422,39,6,3,31,2018-04-17,34.06
1423,41,6,6,35,2018-04-17,11.13
1424,43,6,6,26,2018-04-17,8.46
1425,1,7,6,31,2018-04-17,15.45
1426,3,7,6,28,2018-04-17,14.24
1427,5,7,1,36,2018-04-17,17.51
1428,7,7,6,33,2018-04-17,15.81
1429,11,7,2,29,2018-04-17,20.16
1430,13,7,4,32,2018-04-17,39.33
1431,15,7,2,23,2018-04-17,59.59
1432,17,7,4,28,2018-04-17,41.56
1433,19,7,2,17,2018-04-17,36.75
1434,21,7,6,35,2018-04-17,48.00
1435,23,7,5,34,2018-04-17,25.21
1436,25,7,5,30,2018-04-17,25.26
1437,27,7,6,36,2018-04-17,18.57
1438,33,7,4,26,2018-04-17,28.31
1439,35,7,3,28,2018-04-17,20.11
1440,37,7,3,44,2018-04-17,26.34
1441,39,7,5,31,2018-04-17,28.40
1442,3,8,6,36,2018-04-17,15.46
1443,5,8,6,41,2018-04-17,18.06
1444,11,8,2,32,2018-04-17,20.97
1445,15,8,4,34,2018-04-17,55.71
1446,17,8,2,20,2018-04-17,38.35
1447,19,8,2,35,2018-04-17,36.32
1448,23,8,3,30,2018-04-17,29.82
1449,25,8,3,39,2018-04-17,25.76
1450,27,8,1,26,2018-04-17,20.63
1451,29,8,1,26,2018-04-17,15.79
1452,31,8,6,32,2018-04-17,24.87
1453,33,8,4,27,2018-04-17,29.39
1454,35,8,3,35,2018-04-17,19.56
1455,41,8,6,30,2018-04-17,9.99
1456,43,8,6,34,2018-04-17,9.41
1457,1,9,6,40,2018-04-17,16.55
1458,9,9,2,26,2018-04-17,15.64
1459,11,9,6,33,2018-04-17,20.63
1460,15,9,2,22,2018-04-17,55.47
1461,19,9,2,33,2018-04-17,37.37
1462,21,9,2,19,2018-04-17,46.25
1463,23,9,3,38,2018-04-17,29.19
1464,27,9,1,33,2018-04-17,20.16
1465,29,9,1,22,2018-04-17,16.27
1466,31,9,1,20,2018-04-17,26.08
1467,33,9,4,28,2018-04-17,30.71
1468,37,9,3,29,2018-04-17,25.20
1469,39,9,5,24,2018-04-17,28.54
1470,41,9,4,30,2018-04-17,10.19
1471,43,9,4,30,2018-04-17,9.19
1472,1,10,1,24,2018-04-17,17.33
1473,3,10,6,51,2018-04-17,13.52
1474,5,10,1,24,2018-04-17,16.16
1475,7,10,2,31,2018-04-17,14.96
1476,9,10,6,38,2018-04-17,15.80
1477,11,10,6,43,2018-04-17,18.78
1478,15,10,2,16,2018-04-17,58.06
1479,17,10,2,15,2018-04-17,41.95
1480,19,10,2,37,2018-04-17,35.96
1481,21,10,2,26,2018-04-17,51.08
1482,23,10,5,45,2018-04-17,29.19
1483,25,10,3,33,2018-04-17,21.87
1484,27,10,6,25,2018-04-17,17.16
1485,29,10,1,25,2018-04-17,18.66
1486,31,10,1,35,2018-04-17,22.69
1487,35,10,3,40,2018-04-17,20.92
1488,37,10,3,23,2018-04-17,29.35
1489,41,10,4,25,2018-04-17,11.08
1490,43,10,4,46,2018-04-17,8.50
1491,1,11,6,33,2018-04-17,14.94
1492,3,11,6,37,2018-04-17,13.54
1493,5,11,6,26,2018-04-17,18.29
1494,9,11,2,29,2018-04-17,14.64
1495,11,11,6,27,2018-04-17,18.06
1496,13,11,2,24,2018-04-17,38.43
1497,15,11,4,29,2018-04-17,49.53
1498,19,11,2,26,2018-04-17,41.04
1499,21,11,2,23,2018-04-17,46.87
1500,23,11,5,35,2018-04-17,27.39
1501,25,11,5,26,2018-04-17,24.78
1502,27,11,6,36,2018-04-17,19.06
1503,29,11,1,31,2018-04-17,16.82
1504,31,11,6,34,2018-04-17,21.79
1505,33,11,4,36,2018-04-17,31.12
1506,39,11,5,24,2018-04-17,32.41
1507,41,11,6,40,2018-04-17,10.95
1508,3,12,1,31,2018-04-17,15.40
1509,5,12,6,35,2018-04-17,16.46
1510,9,12,2,21,2018-04-17,16.06
1511,11,12,6,46,2018-04-17,18.77
1512,15,12,4,25,2018-04-17,49.96
1513,23,12,3,26,2018-04-17,26.67
1514,25,12,5,24,2018-04-17,23.71
1515,27,12,6,34,2018-04-17,17.68
1516,29,12,6,34,2018-04-17,16.27
1517,33,12,2,24,2018-04-17,27.18
1518,39,12,5,34,2018-04-17,29.89
1519,41,12,6,37,2018-04-17,11.77
1520,43,12,6,29,2018-04-17,9.81
1521,2,1,6,30,2018-05-03,17.99
1522,4,1,6,46,2018-05-03,22.84
1523,6,1,1,44,2018-05-03,13.19
1524,8,1,2,34,2018-05-03,18.28
1525,10,1,6,36,2018-05-03,22.82
1526,12,1,4,21,2018-05-03,42.04
1527,16,1,2,31,2018-05-03,64.61
1528,18,1,2,20,2018-05-03,35.48
1529,22,1,2,45,2018-05-03,27.20
1530,24,1,3,30,2018-05-03,28.53
1531,26,1,5,43,2018-05-03,29.38
1532,28,1,6,44,2018-05-03,21.90
1533,32,1,2,35,2018-05-03,32.57
1534,34,1,2,36,2018-05-03,41.35
1535,36,1,3,33,2018-05-03,31.29
1536,38,1,5,33,2018-05-03,31.40
1537,40,1,3,45,2018-05-03,33.73
1538,42,1,4,36,2018-05-03,12.46
1539,2,2,6,36,2018-05-03,18.51
1540,4,2,1,62,2018-05-03,20.12
1541,6,2,6,33,2018-05-03,13.72
1542,8,2,6,51,2018-05-03,17.14
1543,10,2,6,39,2018-05-03,22.40
1544,14,2,4,37,2018-05-03,36.67
1545,16,2,4,37,2018-05-03,57.54
1546,18,2,2,44,2018-05-03,33.30
1547,20,2,2,38,2018-05-03,23.22
1548,22,2,2,45,2018-05-03,26.76
1549,24,2,5,44,2018-05-03,33.31
1550,26,2,5,50,2018-05-03,30.04
1551,28,2,1,49,2018-05-03,21.89
1552,30,2,1,45,2018-05-03,34.12
1553,32,2,2,56,2018-05-03,34.19
1554,34,2,4,45,2018-05-03,38.44
1555,36,2,3,30,2018-05-03,31.68
1556,38,2,5,37,2018-05-03,30.84
1557,40,2,5,35,2018-05-03,33.37
1558,42,2,6,32,2018-05-03,12.95
1559,2,3,6,30,2018-05-03,19.49
1560,4,3,1,24,2018-05-03,19.21
1561,6,3,6,35,2018-05-03,13.94
1562,8,3,6,34,2018-05-03,20.10
1563,10,3,6,30,2018-05-03,21.20
1564,14,3,2,31,2018-05-03,33.61
1565,16,3,4,33,2018-05-03,54.22
1566,18,3,6,30,2018-05-03,34.43
1567,20,3,6,27,2018-05-03,23.30
1568,22,3,2,39,2018-05-03,28.78
1569,24,3,5,41,2018-05-03,28.17
1570,26,3,5,26,2018-05-03,31.15
1571,28,3,6,32,2018-05-03,21.62
1572,30,3,1,27,2018-05-03,35.79
1573,32,3,2,31,2018-05-03,35.18
1574,34,3,2,29,2018-05-03,42.31
1575,36,3,3,30,2018-05-03,30.43
1576,40,3,3,42,2018-05-03,32.88
1577,2,4,6,32,2018-05-03,17.47
1578,4,4,1,35,2018-05-03,21.54
1579,6,4,1,26,2018-05-03,12.18
1580,8,4,6,34,2018-05-03,17.83
1581,10,4,2,31,2018-05-03,24.55
1582,12,4,4,27,2018-05-03,44.99
1583,14,4,4,28,2018-05-03,34.10
1584,16,4,4,41,2018-05-03,54.69
1585,18,4,6,31,2018-05-03,29.72
1586,20,4,2,42,2018-05-03,24.16
1587,22,4,6,39,2018-05-03,26.69
1588,24,4,3,23,2018-05-03,28.36
1589,26,4,3,27,2018-05-03,28.92
1590,28,4,1,26,2018-05-03,23.85
1591,30,4,1,24,2018-05-03,37.51
1592,32,4,2,38,2018-05-03,31.26
1593,34,4,4,35,2018-05-03,42.93
1594,36,4,3,34,2018-05-03,35.29
1595,40,4,3,30,2018-05-03,36.51
1596,42,4,4,31,2018-05-03,13.57
1597,2,6,6,33,2018-05-03,18.93
1598,4,6,6,34,2018-05-03,20.73
1599,6,6,1,44,2018-05-03,14.76
1600,8,6,2,27,2018-05-03,19.10
1601,10,6,6,32,2018-05-03,23.91
1602,12,6,2,32,2018-05-03,48.06
1603,14,6,4,23,2018-05-03,31.46
1604,16,6,4,42,2018-05-03,57.70
1605,18,6,6,31,2018-05-03,29.60
1606,22,6,6,30,2018-05-03,24.89
1607,24,6,5,31,2018-05-03,31.34
1608,26,6,3,30,2018-05-03,29.52
1609,30,6,6,32,2018-05-03,33.69
1610,32,6,4,30,2018-05-03,31.70
1611,34,6,2,23,2018-05-03,46.50
1612,38,6,5,26,2018-05-03,29.74
1613,40,6,5,27,2018-05-03,37.21
1614,2,7,1,34,2018-05-03,20.78
1615,4,7,6,24,2018-05-03,20.30
1616,10,7,6,32,2018-05-03,22.95
1617,14,7,2,16,2018-05-03,36.44
1618,16,7,4,23,2018-05-03,63.41
1619,20,7,6,25,2018-05-03,21.91
1620,22,7,2,27,2018-05-03,29.48
1621,28,7,6,27,2018-05-03,20.49
1622,30,7,6,25,2018-05-03,34.13
1623,34,7,4,24,2018-05-03,41.90
1624,38,7,3,33,2018-05-03,26.20
1625,40,7,5,22,2018-05-03,34.04
1626,2,8,6,51,2018-05-03,18.44
1627,4,8,1,42,2018-05-03,19.64
1628,6,8,1,35,2018-05-03,14.45
1629,8,8,2,39,2018-05-03,20.14
1630,10,8,2,31,2018-05-03,21.99
1631,12,8,4,27,2018-05-03,48.37
1632,16,8,2,35,2018-05-03,64.63
1633,20,8,6,28,2018-05-03,24.52
1634,22,8,6,31,2018-05-03,27.61
1635,26,8,3,38,2018-05-03,26.68
1636,28,8,1,33,2018-05-03,22.54
1637,30,8,1,36,2018-05-03,35.71
1638,32,8,2,39,2018-05-03,32.91
1639,34,8,2,40,2018-05-03,41.15
1640,36,8,3,20,2018-05-03,29.80
1641,38,8,3,34,2018-05-03,29.60
1642,42,8,6,25,2018-05-03,11.34
1643,2,9,6,34,2018-05-03,19.85
1644,4,9,1,33,2018-05-03,21.31
1645,6,9,1,18,2018-05-03,13.13
1646,10,9,6,34,2018-05-03,22.24
1647,12,9,4,24,2018-05-03,44.90
1648,14,9,2,19,2018-05-03,34.47
1649,16,9,2,20,2018-05-03,56.81
1650,18,9,2,26,2018-05-03,30.47
1651,22,9,2,20,2018-05-03,25.87
1652,24,9,5,29,2018-05-03,29.29
1653,26,9,5,38,2018-05-03,29.81
1654,30,9,1,16,2018-05-03,34.32
1655,32,9,4,24,2018-05-03,30.74
1656,34,9,4,20,2018-05-03,41.04
1657,36,9,3,29,2018-05-03,34.60
1658,38,9,5,26,2018-05-03,27.59
1659,40,9,5,15,2018-05-03,38.88
1660,42,9,6,28,2018-05-03,13.59
1661,2,10,1,26,2018-05-03,18.11
1662,4,10,1,28,2018-05-03,20.95
1663,6,10,6,42,2018-05-03,13.89
1664,10,10,6,26,2018-05-03,23.99
1665,12,10,4,35,2018-05-03,45.21
1666,16,10,2,28,2018-05-03,61.58
1667,20,10,6,33,2018-05-03,24.04
1668,26,10,5,37,2018-05-03,28.52
1669,32,10,2,29,2018-05-03,31.03
1670,34,10,4,36,2018-05-03,44.52
1671,36,10,3,20,2018-05-03,30.88
1672,38,10,3,20,2018-05-03,28.39
1673,40,10,5,29,2018-05-03,34.59
1674,42,10,6,28,2018-05-03,11.66
1675,2,11,1,31,2018-05-03,17.50
1676,4,11,6,31,2018-05-03,19.52
1677,6,11,6,53,2018-05-03,14.17
1678,8,11,6,34,2018-05-03,19.07
1679,10,11,2,29,2018-05-03,22.94
1680,12,11,4,23,2018-05-03,47.60
1681,14,11,4,28,2018-05-03,30.91
1682,16,11,2,29,2018-05-03,57.85
1683,18,11,2,27,2018-05-03,32.23
1684,20,11,6,30,2018-05-03,23.78
1685,22,11,6,41,2018-05-03,24.86
1686,24,11,5,32,2018-05-03,30.88
1687,28,11,6,23,2018-05-03,21.29
1688,30,11,1,27,2018-05-03,35.62
1689,32,11,4,26,2018-05-03,32.22
1690,34,11,2,15,2018-05-03,40.04
1691,38,11,3,23,2018-05-03,27.38
1692,40,11,3,40,2018-05-03,39.50
1693,42,11,6,41,2018-05-03,11.46
1694,2,12,1,24,2018-05-03,17.18
1695,4,12,1,42,2018-05-03,20.67
1696,6,12,1,20,2018-05-03,13.04
1697,8,12,2,26,2018-05-03,20.85
1698,10,12,6,30,2018-05-03,22.34
1699,12,12,4,25,2018-05-03,43.51
1700,14,12,2,16,2018-05-03,31.92
1701,16,12,2,22,2018-05-03,60.14
1702,20,12,2,38,2018-05-03,23.32
1703,22,12,2,45,2018-05-03,28.65
1704,24,12,3,23,2018-05-03,31.77
1705,26,12,3,26,2018-05-03,27.71
1706,30,12,6,14,2018-05-03,37.46
1707,34,12,2,23,2018-05-03,43.48
1708,38,12,5,28,2018-05-03,30.91
1709,40,12,3,26,2018-05-03,38.39
1710,1,1,1,25,2018-05-17,17.28
1711,3,1,6,29,2018-05-17,13.17
1712,5,1,6,32,2018-05-17,15.94
1713,7,1,6,31,2018-05-17,16.51
1714,9,1,6,39,2018-05-17,16.46
1715,11,1,6,36,2018-05-17,18.84
1716,13,1,4,33,2018-05-17,39.22
1717,15,1,2,27,2018-05-17,58.91
1718,17,1,2,34,2018-05-17,43.77
1719,19,1,6,40,2018-05-17,36.36
1720,21,1,2,41,2018-05-17,47.14
1721,23,1,5,34,2018-05-17,26.92
1722,25,1,5,42,2018-05-17,24.15
1723,27,1,6,62,2018-05-17,18.19
1724,29,1,1,38,2018-05-17,16.95
1725,31,1,1,25,2018-05-17,26.16
1726,33,1,4,30,2018-05-17,30.26
1727,35,1,3,44,2018-05-17,20.72
1728,37,1,3,26,2018-05-17,27.36
1729,39,1,5,46,2018-05-17,28.89
1730,41,1,6,65,2018-05-17,10.24
1731,43,1,6,58,2018-05-17,8.97
1732,1,2,6,50,2018-05-17,15.51
1733,3,2,6,41,2018-05-17,15.52
1734,5,2,6,28,2018-05-17,16.55
1735,7,2,6,37,2018-05-17,15.65
1736,9,2,6,45,2018-05-17,14.97
1737,11,2,6,41,2018-05-17,20.35
1738,13,2,2,36,2018-05-17,40.48
1739,15,2,2,28,2018-05-17,52.11
1740,19,2,2,40,2018-05-17,36.66
1741,21,2,6,56,2018-05-17,46.46
1742,23,2,5,60,2018-05-17,29.46
1743,25,2,3,49,2018-05-17,25.96
1744,27,2,6,50,2018-05-17,18.11
1745,29,2,6,40,2018-05-17,16.28
1746,31,2,6,38,2018-05-17,23.83
1747,33,2,2,48,2018-05-17,26.73
1748,35,2,3,41,2018-05-17,22.03
1749,37,2,3,43,2018-05-17,28.28
1750,39,2,5,31,2018-05-17,31.31
1751,41,2,6,47,2018-05-17,10.73
1752,43,2,4,72,2018-05-17,8.75
1753,1,3,6,32,2018-05-17,16.14
1754,3,3,6,27,2018-05-17,13.49
1755,5,3,6,25,2018-05-17,16.61
1756,7,3,2,38,2018-05-17,17.28
1757,9,3,2,31,2018-05-17,15.03
1758,11,3,6,48,2018-05-17,18.25
1759,17,3,4,27,2018-05-17,44.73
1760,21,3,6,28,2018-05-17,50.84
1761,23,3,5,44,2018-05-17,28.89
1762,25,3,3,26,2018-05-17,24.47
1763,27,3,1,36,2018-05-17,20.33
1764,29,3,1,29,2018-05-17,17.24
1765,31,3,1,23,2018-05-17,24.94
1766,33,3,2,21,2018-05-17,26.39
1767,35,3,3,28,2018-05-17,19.11
1768,41,3,4,41,2018-05-17,10.42
1769,43,3,6,45,2018-05-17,8.63
1770,1,4,1,28,2018-05-17,16.54
1771,5,4,6,28,2018-05-17,18.93
1772,7,4,6,33,2018-05-17,16.96
1773,9,4,2,26,2018-05-17,13.71
1774,11,4,2,50,2018-05-17,19.36
1775,13,4,4,31,2018-05-17,36.73
1776,15,4,4,22,2018-05-17,54.75
1777,19,4,6,22,2018-05-17,40.46
1778,21,4,2,26,2018-05-17,46.97
1779,23,4,5,25,2018-05-17,27.02
1780,25,4,5,28,2018-05-17,22.70
1781,27,4,6,28,2018-05-17,18.77
1782,29,4,1,27,2018-05-17,16.42
1783,33,4,2,33,2018-05-17,29.59
1784,37,4,3,31,2018-05-17,25.59
1785,39,4,3,25,2018-05-17,31.38
1786,41,4,6,30,2018-05-17,10.19
1787,43,4,4,44,2018-05-17,9.47
1788,1,6,1,31,2018-05-17,16.27
1789,3,6,1,26,2018-05-17,14.42
1790,5,6,6,28,2018-05-17,17.06
1791,7,6,2,33,2018-05-17,16.94
1792,9,6,6,34,2018-05-17,15.94
1793,11,6,2,20,2018-05-17,21.72
1794,21,6,6,27,2018-05-17,48.56
1795,23,6,5,35,2018-05-17,28.35
1796,27,6,6,32,2018-05-17,17.22
1797,29,6,1,34,2018-05-17,16.45
1798,31,6,1,27,2018-05-17,25.77
1799,33,6,2,24,2018-05-17,29.04
1800,35,6,3,28,2018-05-17,19.34
1801,39,6,5,28,2018-05-17,28.70
1802,41,6,6,36,2018-05-17,12.02
1803,43,6,6,36,2018-05-17,8.56
1804,1,7,6,28,2018-05-17,17.54
1805,9,7,6,29,2018-05-17,15.12
1806,11,7,2,32,2018-05-17,20.32
1807,23,7,3,29,2018-05-17,25.47
1808,25,7,3,26,2018-05-17,23.97
1809,29,7,1,42,2018-05-17,16.09
1810,31,7,6,36,2018-05-17,22.54
1811,33,7,4,33,2018-05-17,27.35
1812,41,7,4,48,2018-05-17,11.77
1813,43,7,4,56,2018-05-17,8.69
1814,1,8,1,43,2018-05-17,15.68
1815,7,8,6,25,2018-05-17,17.51
1816,9,8,2,56,2018-05-17,15.41
1817,11,8,2,36,2018-05-17,18.07
1818,13,8,4,29,2018-05-17,34.27
1819,17,8,2,24,2018-05-17,43.96
1820,21,8,6,46,2018-05-17,50.67
1821,23,8,5,30,2018-05-17,26.53
1822,25,8,5,31,2018-05-17,25.00
1823,27,8,1,29,2018-05-17,17.83
1824,29,8,6,33,2018-05-17,15.30
1825,31,8,1,25,2018-05-17,24.75
1826,33,8,2,28,2018-05-17,31.44
1827,37,8,3,32,2018-05-17,24.94
1828,39,8,3,28,2018-05-17,33.32
1829,41,8,4,35,2018-05-17,10.04
1830,43,8,6,45,2018-05-17,8.55
1831,3,9,1,35,2018-05-17,15.36
1832,5,9,1,25,2018-05-17,18.45
1833,7,9,6,33,2018-05-17,17.46
1834,13,9,4,21,2018-05-17,40.34
1835,17,9,2,24,2018-05-17,41.37
1836,25,9,5,27,2018-05-17,25.93
1837,27,9,1,24,2018-05-17,17.10
1838,33,9,4,23,2018-05-17,31.01
1839,35,9,3,27,2018-05-17,19.94
1840,41,9,6,31,2018-05-17,9.99
1841,43,9,4,33,2018-05-17,9.59
1842,1,10,6,33,2018-05-17,14.74
1843,7,10,6,22,2018-05-17,15.94
1844,9,10,2,26,2018-05-17,15.25
1845,11,10,2,20,2018-05-17,19.76
1846,13,10,2,30,2018-05-17,34.27
1847,15,10,2,24,2018-05-17,49.86
1848,23,10,3,31,2018-05-17,29.63
1849,25,10,3,27,2018-05-17,22.98
1850,29,10,6,36,2018-05-17,16.87
1851,33,10,2,29,2018-05-17,28.54
1852,39,10,3,18,2018-05-17,30.19
1853,43,10,6,36,2018-05-17,8.37
1854,1,11,6,38,2018-05-17,17.60
1855,3,11,6,36,2018-05-17,14.91
1856,7,11,2,28,2018-05-17,16.32
1857,9,11,2,29,2018-05-17,13.58
1858,11,11,2,41,2018-05-17,18.15
1859,15,11,2,30,2018-05-17,58.43
1860,17,11,2,33,2018-05-17,40.53
1861,21,11,2,26,2018-05-17,46.63
1862,23,11,5,19,2018-05-17,25.43
1863,27,11,1,37,2018-05-17,20.44
1864,31,11,1,25,2018-05-17,24.84
1865,33,11,2,25,2018-05-17,27.40
1866,35,11,3,39,2018-05-17,21.50
1867,37,11,3,32,2018-05-17,26.76
1868,41,11,4,29,2018-05-17,10.65
1869,43,11,4,40,2018-05-17,9.17
1870,1,12,6,32,2018-05-17,15.56
1871,3,12,6,26,2018-05-17,15.60
1872,7,12,6,33,2018-05-17,17.36
1873,11,12,6,27,2018-05-17,19.85
1874,13,12,2,25,2018-05-17,34.40
1875,17,12,2,21,2018-05-17,41.92
1876,19,12,6,26,2018-05-17,42.77
1877,21,12,6,21,2018-05-17,43.79
1878,23,12,5,23,2018-05-17,29.37
1879,27,12,6,36,2018-05-17,18.40
1880,29,12,1,26,2018-05-17,17.14
1881,31,12,6,31,2018-05-17,24.44
1882,35,12,3,27,2018-05-17,21.23
1883,37,12,3,28,2018-05-17,29.54
1884,41,12,4,23,2018-05-17,11.14
1885,43,12,6,40,2018-05-17,8.91
1886,2,1,6,33,2018-06-04,20.10
1887,4,1,6,45,2018-06-04,22.09
1888,6,1,6,39,2018-06-04,12.85
1889,8,1,6,27,2018-06-04,18.59
1890,10,1,2,37,2018-06-04,23.78
1891,12,1,4,32,2018-06-04,48.06
1892,14,1,2,48,2018-06-04,32.25
1893,16,1,4,33,2018-06-04,58.40
1894,18,1,2,33,2018-06-04,34.64
1895,20,1,6,51,2018-06-04,23.71
1896,24,1,3,39,2018-06-04,31.85
1897,26,1,5,49,2018-06-04,26.74
1898,28,1,6,31,2018-06-04,22.73
1899,30,1,6,46,2018-06-04,34.54
1900,32,1,4,37,2018-06-04,33.97
1901,34,1,4,31,2018-06-04,41.19
1902,36,1,3,53,2018-06-04,29.53
1903,38,1,3,36,2018-06-04,29.73
1904,40,1,3,29,2018-06-04,32.58
1905,42,1,6,39,2018-06-04,12.30
1906,2,2,1,35,2018-06-04,17.18
1907,4,2,1,51,2018-06-04,19.99
1908,6,2,1,35,2018-06-04,14.44
1909,8,2,2,51,2018-06-04,20.80
1910,10,2,2,35,2018-06-04,22.68
1911,12,2,4,50,2018-06-04,40.85
1912,14,2,4,40,2018-06-04,35.29
1913,16,2,2,38,2018-06-04,62.85
1914,18,2,6,44,2018-06-04,32.39
1915,20,2,6,39,2018-06-04,26.26
1916,22,2,6,51,2018-06-04,29.96
1917,24,2,3,49,2018-06-04,30.12
1918,26,2,5,53,2018-06-04,29.61
1919,28,2,6,68,2018-06-04,20.80
1920,30,2,6,37,2018-06-04,32.51
1921,32,2,4,44,2018-06-04,34.05
1922,34,2,2,22,2018-06-04,41.49
1923,36,2,3,48,2018-06-04,30.55
1924,38,2,5,44,2018-06-04,28.61
1925,40,2,5,41,2018-06-04,38.46
1926,42,2,4,50,2018-06-04,12.33
1927,4,3,6,30,2018-06-04,19.41
1928,6,3,1,41,2018-06-04,14.31
1929,8,3,6,45,2018-06-04,19.56
1930,10,3,6,36,2018-06-04,21.60
1931,12,3,2,31,2018-06-04,45.97
1932,14,3,4,31,2018-06-04,33.57
1933,16,3,2,25,2018-06-04,57.25
1934,20,3,2,31,2018-06-04,25.58
1935,22,3,2,37,2018-06-04,25.91
1936,24,3,3,40,2018-06-04,29.16
1937,26,3,3,37,2018-06-04,31.51
1938,28,3,6,33,2018-06-04,21.72
1939,30,3,1,33,2018-06-04,32.64
1940,32,3,4,39,2018-06-04,34.65
1941,38,3,3,48,2018-06-04,30.65
1942,40,3,5,39,2018-06-04,38.04
1943,42,3,4,47,2018-06-04,12.57
1944,2,4,1,26,2018-06-04,20.19
1945,4,4,6,39,2018-06-04,22.60
1946,6,4,1,42,2018-06-04,14.51
1947,8,4,6,33,2018-06-04,18.95
1948,10,4,6,24,2018-06-04,24.22
1949,14,4,2,33,2018-06-04,31.49
1950,18,4,2,32,2018-06-04,30.58
1951,22,4,2,32,2018-06-04,26.43
1952,24,4,3,37,2018-06-04,30.77
1953,26,4,5,27,2018-06-04,31.89
1954,28,4,1,26,2018-06-04,20.46
1955,30,4,1,27,2018-06-04,36.47
1956,32,4,4,27,2018-06-04,33.64
1957,36,4,3,29,2018-06-04,32.39
1958,38,4,3,40,2018-06-04,26.52
1959,42,4,6,24,2018-06-04,12.63
1960,2,6,6,36,2018-06-04,17.11
1961,4,6,1,41,2018-06-04,21.96
1962,6,6,1,42,2018-06-04,12.57
1963,8,6,2,26,2018-06-04,18.04
1964,12,6,4,35,2018-06-04,43.55
1965,18,6,6,26,2018-06-04,34.09
1966,20,6,6,29,2018-06-04,22.00
1967,22,6,6,25,2018-06-04,26.88
1968,24,6,5,26,2018-06-04,30.26
1969,26,6,3,46,2018-06-04,29.58
1970,28,6,1,35,2018-06-04,23.24
1971,32,6,4,38,2018-06-04,31.11
1972,36,6,3,39,2018-06-04,34.42
1973,40,6,3,36,2018-06-04,34.84
1974,42,6,6,34,2018-06-04,12.49
1975,4,7,6,40,2018-06-04,22.92
1976,6,7,1,34,2018-06-04,13.31
1977,8,7,6,44,2018-06-04,18.61
1978,12,7,4,22,2018-06-04,47.01
1979,14,7,2,32,2018-06-04,32.34
1980,16,7,2,22,2018-06-04,61.43
1981,18,7,2,31,2018-06-04,33.70
1982,20,7,6,24,2018-06-04,23.93
1983,22,7,6,34,2018-06-04,26.16
1984,24,7,3,43,2018-06-04,31.31
1985,26,7,3,31,2018-06-04,26.19
1986,28,7,6,29,2018-06-04,22.37
1987,32,7,4,27,2018-06-04,36.72
1988,36,7,3,28,2018-06-04,30.47
1989,42,7,6,43,2018-06-04,13.53
1990,2,8,6,31,2018-06-04,18.37
1991,4,8,6,33,2018-06-04,19.65
1992,6,8,6,29,2018-06-04,14.51
1993,8,8,6,39,2018-06-04,20.24
1994,10,8,2,32,2018-06-04,22.33
1995,14,8,2,22,2018-06-04,32.89
1996,16,8,2,30,2018-06-04,55.16
1997,18,8,6,31,2018-06-04,35.11
1998,20,8,6,39,2018-06-04,24.90
1999,22,8,2,35,2018-06-04,28.05
2000,24,8,5,32,2018-06-04,33.70
2001,26,8,3,36,2018-06-04,27.02
2002,28,8,6,41,2018-06-04,22.04
2003,30,8,6,26,2018-06-04,38.56
2004,32,8,4,50,2018-06-04,30.63
2005,34,8,4,29,2018-06-04,39.28
2006,38,8,5,27,2018-06-04,27.47
2007,40,8,3,38,2018-06-04,37.11
2008,42,8,4,27,2018-06-04,12.91
2009,2,9,6,25,2018-06-04,20.04
2010,4,9,6,34,2018-06-04,22.51
2011,6,9,6,21,2018-06-04,14.44
2012,8,9,6,35,2018-06-04,19.58
2013,20,9,6,45,2018-06-04,24.50
2014,28,9,1,37,2018-06-04,22.33
2015,30,9,1,25,2018-06-04,32.75
2016,32,9,4,34,2018-06-04,34.71
2017,40,9,5,22,2018-06-04,36.49
2018,42,9,6,27,2018-06-04,13.18
2019,2,10,6,23,2018-06-04,19.35
2020,4,10,1,23,2018-06-04,22.78
2021,6,10,1,25,2018-06-04,14.62
2022,8,10,6,44,2018-06-04,17.61
2023,10,10,2,27,2018-06-04,24.55
2024,14,10,4,25,2018-06-04,33.09
2025,16,10,4,21,2018-06-04,63.55
2026,18,10,2,34,2018-06-04,33.26
2027,22,10,6,26,2018-06-04,30.16
2028,24,10,5,45,2018-06-04,32.75
2029,26,10,5,34,2018-06-04,27.50
2030,28,10,6,43,2018-06-04,24.59
2031,30,10,6,23,2018-06-04,35.48
2032,36,10,3,27,2018-06-04,30.23
2033,40,10,5,21,2018-06-04,38.98
2034,42,10,6,36,2018-06-04,11.44
2035,2,11,1,32,2018-06-04,18.24
2036,4,11,1,33,2018-06-04,19.55
2037,6,11,1,36,2018-06-04,13.78
2038,8,11,2,26,2018-06-04,18.79
2039,10,11,6,43,2018-06-04,24.37
2040,18,11,6,24,2018-06-04,32.64
2041,20,11,6,33,2018-06-04,22.20
2042,22,11,2,28,2018-06-04,28.60
2043,26,11,3,48,2018-06-04,29.23
2044,28,11,1,27,2018-06-04,22.30
2045,30,11,1,28,2018-06-04,38.52
2046,32,11,2,37,2018-06-04,33.32
2047,36,11,3,45,2018-06-04,34.87
2048,40,11,5,27,2018-06-04,34.54
2049,42,11,6,34,2018-06-04,13.28
2050,6,12,1,31,2018-06-04,13.12
2051,8,12,6,28,2018-06-04,18.74
2052,16,12,4,22,2018-06-04,57.02
2053,18,12,6,30,2018-06-04,30.74
2054,20,12,2,31,2018-06-04,25.19
2055,26,12,5,31,2018-06-04,29.82
2056,28,12,6,39,2018-06-04,20.90
2057,32,12,2,36,2018-06-04,32.76
2058,36,12,3,33,2018-06-04,34.13
2059,40,12,5,23,2018-06-04,34.84
2060,42,12,4,38,2018-06-04,11.80
2061,1,1,6,63,2018-06-18,15.72
2062,3,1,1,50,2018-06-18,14.42
2063,5,1,1,60,2018-06-18,18.08
2064,7,1,2,37,2018-06-18,16.89
2065,9,1,2,51,2018-06-18,15.14
2066,11,1,6,71,2018-06-18,21.25
2067,13,1,4,28,2018-06-18,36.31
2068,15,1,2,38,2018-06-18,58.60
2069,17,1,2,29,2018-06-18,43.02
2070,19,1,6,33,2018-06-18,38.04
2071,21,1,6,46,2018-06-18,51.73
2072,23,1,5,48,2018-06-18,27.20
2073,25,1,3,42,2018-06-18,25.38
2074,27,1,6,60,2018-06-18,20.82
2075,29,1,6,72,2018-06-18,18.37
2076,31,1,1,34,2018-06-18,23.68
2077,33,1,4,35,2018-06-18,27.24
2078,35,1,3,42,2018-06-18,21.51
2079,37,1,3,34,2018-06-18,25.04
2080,39,1,5,31,2018-06-18,33.57
2081,41,1,6,62,2018-06-18,10.99
2082,43,1,4,71,2018-06-18,9.13
2083,1,2,6,58,2018-06-18,14.51
2084,3,2,6,48,2018-06-18,14.63
2085,5,2,1,52,2018-06-18,17.40
2086,7,2,6,50,2018-06-18,15.07
2087,9,2,6,48,2018-06-18,15.43
2088,11,2,6,67,2018-06-18,18.40
2089,13,2,2,40,2018-06-18,40.56
2090,15,2,4,36,2018-06-18,54.50
2091,17,2,2,40,2018-06-18,43.12
2092,19,2,2,48,2018-06-18,39.58
2093,21,2,6,31,2018-06-18,50.45
2094,23,2,3,67,2018-06-18,27.18
2095,25,2,3,44,2018-06-18,21.72
2096,27,2,1,64,2018-06-18,17.66
2097,29,2,6,68,2018-06-18,15.94
2098,31,2,1,40,2018-06-18,25.38
2099,33,2,4,36,2018-06-18,28.71
2100,35,2,3,33,2018-06-18,21.70
2101,37,2,3,46,2018-06-18,25.98
2102,39,2,5,41,2018-06-18,28.73
2103,41,2,4,70,2018-06-18,10.30
2104,43,2,6,63,2018-06-18,8.96
2105,1,3,1,53,2018-06-18,16.67
2106,3,3,6,47,2018-06-18,15.91
2107,5,3,1,29,2018-06-18,17.17
2108,7,3,6,35,2018-06-18,17.02
2109,9,3,6,27,2018-06-18,16.29
2110,11,3,2,42,2018-06-18,18.78
2111,13,3,4,39,2018-06-18,39.56
2112,15,3,2,50,2018-06-18,53.49
2113,19,3,6,41,2018-06-18,42.55
2114,23,3,5,45,2018-06-18,28.98
2115,25,3,3,34,2018-06-18,23.68
2116,27,3,6,60,2018-06-18,18.52
2117,29,3,1,42,2018-06-18,17.85
2118,31,3,6,48,2018-06-18,23.25
2119,33,3,4,45,2018-06-18,27.70
2120,35,3,3,30,2018-06-18,20.02
2121,37,3,3,28,2018-06-18,28.76
2122,39,3,5,30,2018-06-18,31.53
2123,41,3,4,48,2018-06-18,9.90
2124,43,3,6,48,2018-06-18,9.65
2125,1,4,6,34,2018-06-18,15.46
2126,3,4,1,43,2018-06-18,13.98
2127,5,4,6,27,2018-06-18,18.39
2128,7,4,6,26,2018-06-18,15.22
2129,9,4,6,34,2018-06-18,13.73
2130,11,4,6,33,2018-06-18,19.28
2131,13,4,4,20,2018-06-18,38.37
2132,17,4,2,27,2018-06-18,43.78
2133,21,4,2,25,2018-06-18,42.97
2134,23,4,3,35,2018-06-18,25.64
2135,25,4,3,32,2018-06-18,22.69
2136,29,4,6,37,2018-06-18,18.54
2137,31,4,6,38,2018-06-18,26.19
2138,35,4,3,33,2018-06-18,22.88
2139,41,4,4,40,2018-06-18,10.41
2140,43,4,4,35,2018-06-18,9.02
2141,1,6,6,29,2018-06-18,16.52
2142,3,6,6,54,2018-06-18,14.48
2143,5,6,6,30,2018-06-18,17.52
2144,7,6,2,37,2018-06-18,15.84
2145,9,6,6,30,2018-06-18,15.36
2146,11,6,6,39,2018-06-18,20.58
2147,13,6,4,24,2018-06-18,35.66
2148,15,6,4,48,2018-06-18,51.17
2149,17,6,2,41,2018-06-18,39.61
2150,19,6,2,34,2018-06-18,38.62
2151,21,6,6,24,2018-06-18,47.80
2152,23,6,5,44,2018-06-18,26.65
2153,25,6,3,39,2018-06-18,25.15
2154,27,6,1,40,2018-06-18,17.15
2155,29,6,1,45,2018-06-18,15.67
2156,31,6,6,25,2018-06-18,24.78
2157,33,6,4,41,2018-06-18,28.96
2158,35,6,3,34,2018-06-18,22.03
2159,37,6,3,25,2018-06-18,27.62
2160,39,6,3,27,2018-06-18,31.83
2161,41,6,4,58,2018-06-18,11.89
2162,43,6,6,43,2018-06-18,8.83
2163,1,7,1,31,2018-06-18,15.74
2164,3,7,6,37,2018-06-18,13.68
2165,5,7,1,30,2018-06-18,18.50
2166,7,7,6,38,2018-06-18,16.56
2167,9,7,2,27,2018-06-18,15.11
2168,11,7,2,36,2018-06-18,20.72
2169,13,7,2,39,2018-06-18,37.73
2170,15,7,4,28,2018-06-18,52.03
2171,17,7,2,38,2018-06-18,46.37
2172,19,7,6,28,2018-06-18,37.21
2173,21,7,6,42,2018-06-18,48.84
2174,23,7,5,40,2018-06-18,30.05
2175,25,7,5,31,2018-06-18,25.44
2176,27,7,6,38,2018-06-18,17.98
2177,29,7,1,33,2018-06-18,16.75
2178,31,7,1,30,2018-06-18,22.47
2179,33,7,4,31,2018-06-18,29.50
2180,35,7,3,33,2018-06-18,20.02
2181,37,7,3,30,2018-06-18,29.44
2182,39,7,5,36,2018-06-18,32.04
2183,41,7,6,54,2018-06-18,11.53
2184,43,7,4,54,2018-06-18,9.05
2185,1,8,6,37,2018-06-18,16.14
2186,3,8,1,54,2018-06-18,13.86
2187,5,8,1,44,2018-06-18,17.53
2188,9,8,6,44,2018-06-18,13.67
2189,11,8,2,48,2018-06-18,20.57
2190,15,8,4,30,2018-06-18,54.12
2191,19,8,6,42,2018-06-18,36.59
2192,21,8,2,26,2018-06-18,43.78
2193,23,8,3,29,2018-06-18,28.10
2194,25,8,5,30,2018-06-18,25.85
2195,27,8,1,48,2018-06-18,17.62
2196,29,8,1,27,2018-06-18,15.97
2197,31,8,1,29,2018-06-18,23.74
2198,33,8,4,46,2018-06-18,28.78
2199,35,8,3,30,2018-06-18,22.80
2200,37,8,3,29,2018-06-18,26.67
2201,39,8,5,27,2018-06-18,28.75
2202,41,8,4,27,2018-06-18,10.70
2203,43,8,4,35,2018-06-18,8.28
2204,1,9,6,44,2018-06-18,16.10
2205,3,9,6,31,2018-06-18,14.42
2206,5,9,1,26,2018-06-18,18.45
2207,7,9,2,38,2018-06-18,16.89
2208,9,9,6,33,2018-06-18,14.30
2209,11,9,6,50,2018-06-18,20.81
2210,13,9,2,24,2018-06-18,39.50
2211,15,9,4,26,2018-06-18,54.51
2212,19,9,6,21,2018-06-18,35.54
2213,21,9,6,28,2018-06-18,43.14
2214,23,9,3,44,2018-06-18,27.17
2215,25,9,5,29,2018-06-18,24.97
2216,27,9,1,43,2018-06-18,19.74
2217,29,9,6,41,2018-06-18,15.43
2218,31,9,1,39,2018-06-18,25.02
2219,33,9,2,28,2018-06-18,30.83
2220,35,9,3,23,2018-06-18,19.02
2221,37,9,3,21,2018-06-18,29.43
2222,39,9,5,33,2018-06-18,31.36
2223,41,9,4,27,2018-06-18,11.98
2224,43,9,6,39,2018-06-18,9.22
2225,1,10,1,36,2018-06-18,15.19
2226,3,10,1,44,2018-06-18,13.79
2227,5,10,1,32,2018-06-18,18.77
2228,7,10,2,23,2018-06-18,15.96
2229,9,10,6,30,2018-06-18,14.61
2230,11,10,2,39,2018-06-18,20.15
2231,13,10,2,22,2018-06-18,38.74
2232,15,10,4,27,2018-06-18,58.97
2233,17,10,2,25,2018-06-18,46.04
2234,19,10,2,31,2018-06-18,41.41
2235,21,10,2,33,2018-06-18,43.06
2236,23,10,3,40,2018-06-18,26.53
2237,25,10,3,29,2018-06-18,23.78
2238,27,10,1,45,2018-06-18,20.58
2239,29,10,6,38,2018-06-18,17.44
2240,31,10,6,32,2018-06-18,24.81
2241,33,10,2,28,2018-06-18,29.37
2242,35,10,3,31,2018-06-18,20.78
2243,37,10,3,32,2018-06-18,29.27
2244,41,10,6,43,2018-06-18,10.47
2245,43,10,6,45,2018-06-18,9.32
2246,1,11,1,30,2018-06-18,15.79
2247,3,11,6,20,2018-06-18,15.02
2248,5,11,6,30,2018-06-18,15.84
2249,9,11,6,26,2018-06-18,14.35
2250,11,11,6,27,2018-06-18,19.95
2251,13,11,2,29,2018-06-18,34.31
2252,19,11,6,36,2018-06-18,36.72
2253,23,11,5,38,2018-06-18,29.80
2254,25,11,3,27,2018-06-18,21.88
2255,27,11,1,40,2018-06-18,18.51
2256,29,11,1,53,2018-06-18,16.57
2257,37,11,3,34,2018-06-18,27.89
2258,39,11,5,34,2018-06-18,30.81
2259,41,11,6,39,2018-06-18,11.20
2260,43,11,6,63,2018-06-18,8.21
2261,3,12,1,23,2018-06-18,13.09
2262,5,12,6,28,2018-06-18,18.29
2263,7,12,6,37,2018-06-18,17.36
2264,9,12,6,30,2018-06-18,16.38
2265,13,12,4,20,2018-06-18,35.11
2266,15,12,2,18,2018-06-18,58.49
2267,19,12,6,29,2018-06-18,36.78
2268,23,12,5,30,2018-06-18,29.62
2269,25,12,5,34,2018-06-18,23.80
2270,27,12,1,43,2018-06-18,19.22
2271,29,12,1,40,2018-06-18,16.27
2272,33,12,4,39,2018-06-18,30.15
2273,39,12,5,30,2018-06-18,30.57
2274,41,12,4,37,2018-06-18,10.19
2275,43,12,4,34,2018-06-18,8.58
2276,2,1,6,37,2018-07-03,17.51
2277,4,1,6,43,2018-07-03,22.65
2278,6,1,6,48,2018-07-03,14.11
2279,8,1,6,32,2018-07-03,20.38
2280,10,1,6,28,2018-07-03,21.74
2281,14,1,4,26,2018-07-03,34.92
2282,16,1,2,27,2018-07-03,55.32
2283,18,1,6,40,2018-07-03,30.56
2284,20,1,2,27,2018-07-03,24.50
2285,22,1,6,65,2018-07-03,29.27
2286,24,1,5,61,2018-07-03,29.21
2287,26,1,3,42,2018-07-03,26.66
2288,28,1,1,49,2018-07-03,21.22
2289,30,1,1,43,2018-07-03,35.81
2290,32,1,2,48,2018-07-03,35.52
2291,34,1,2,42,2018-07-03,40.85
2292,36,1,3,40,2018-07-03,34.74
2293,38,1,3,34,2018-07-03,28.60
2294,40,1,3,32,2018-07-03,32.90
2295,42,1,6,29,2018-07-03,11.49
2296,2,2,6,37,2018-07-03,18.20
2297,4,2,6,56,2018-07-03,20.80
2298,6,2,6,38,2018-07-03,12.71
2299,8,2,6,36,2018-07-03,20.33
2300,10,2,2,41,2018-07-03,22.12
2301,12,2,2,32,2018-07-03,41.93
2302,14,2,4,39,2018-07-03,36.16
2303,16,2,2,30,2018-07-03,57.41
2304,18,2,6,35,2018-07-03,31.21
2305,20,2,6,46,2018-07-03,24.29
2306,22,2,6,41,2018-07-03,27.80
2307,24,2,5,31,2018-07-03,31.48
2308,26,2,3,36,2018-07-03,28.31
2309,28,2,6,29,2018-07-03,21.52
2310,30,2,6,35,2018-07-03,39.07
2311,32,2,2,27,2018-07-03,34.06
2312,34,2,2,35,2018-07-03,43.61
2313,36,2,3,41,2018-07-03,30.60
2314,38,2,3,33,2018-07-03,28.91
2315,40,2,5,28,2018-07-03,39.17
2316,42,2,6,51,2018-07-03,11.70
2317,2,3,1,44,2018-07-03,17.70
2318,4,3,1,28,2018-07-03,22.22
2319,6,3,1,38,2018-07-03,12.31
2320,8,3,2,57,2018-07-03,19.79
2321,10,3,6,27,2018-07-03,23.80
2322,14,3,2,33,2018-07-03,32.19
2323,16,3,4,30,2018-07-03,63.71
2324,18,3,2,41,2018-07-03,31.55
2325,20,3,2,32,2018-07-03,22.39
2326,22,3,2,36,2018-07-03,25.95
2327,26,3,3,37,2018-07-03,31.58
2328,28,3,6,29,2018-07-03,21.15
2329,30,3,6,30,2018-07-03,34.76
2330,32,3,2,27,2018-07-03,33.41
2331,34,3,4,33,2018-07-03,40.91
2332,36,3,3,33,2018-07-03,32.83
2333,38,3,3,33,2018-07-03,30.45
2334,40,3,5,25,2018-07-03,37.87
2335,42,3,6,34,2018-07-03,12.49
2336,2,4,1,23,2018-07-03,20.05
2337,4,4,1,26,2018-07-03,22.98
2338,6,4,1,33,2018-07-03,14.72
2339,8,4,2,29,2018-07-03,20.48
2340,10,4,2,25,2018-07-03,23.86
2341,12,4,2,37,2018-07-03,47.59
2342,16,4,2,40,2018-07-03,55.28
2343,18,4,2,23,2018-07-03,30.26
2344,20,4,2,47,2018-07-03,24.63
2345,22,4,6,28,2018-07-03,25.87
2346,24,4,5,42,2018-07-03,29.14
2347,26,4,3,25,2018-07-03,29.45
2348,28,4,1,23,2018-07-03,20.29
2349,30,4,6,27,2018-07-03,33.90
2350,32,4,2,20,2018-07-03,34.86
2351,34,4,2,24,2018-07-03,41.79
2352,38,4,5,31,2018-07-03,28.68
2353,40,4,3,36,2018-07-03,36.78
2354,42,4,4,31,2018-07-03,13.02
2355,2,6,6,32,2018-07-03,18.28
2356,4,6,1,46,2018-07-03,18.94
2357,6,6,1,42,2018-07-03,13.93
2358,8,6,2,51,2018-07-03,18.93
2359,10,6,2,50,2018-07-03,23.51
2360,12,6,4,32,2018-07-03,40.29
2361,14,6,4,35,2018-07-03,36.99
2362,16,6,4,40,2018-07-03,56.71
2363,18,6,6,22,2018-07-03,32.55
2364,20,6,2,33,2018-07-03,24.74
2365,22,6,6,26,2018-07-03,26.93
2366,24,6,5,28,2018-07-03,28.46
2367,26,6,5,40,2018-07-03,28.38
2368,28,6,6,46,2018-07-03,24.05
2369,30,6,1,38,2018-07-03,33.94
2370,32,6,2,47,2018-07-03,33.89
2371,34,6,4,26,2018-07-03,43.47
2372,36,6,3,32,2018-07-03,35.17
2373,38,6,3,35,2018-07-03,27.15
2374,40,6,5,35,2018-07-03,39.04
2375,42,6,4,36,2018-07-03,12.67
2376,2,7,6,43,2018-07-03,20.49
2377,4,7,6,45,2018-07-03,22.11
2378,6,7,6,24,2018-07-03,14.79
2379,8,7,6,48,2018-07-03,17.36
2380,10,7,6,44,2018-07-03,21.33
2381,12,7,2,28,2018-07-03,43.19
2382,18,7,6,32,2018-07-03,30.86
2383,26,7,5,30,2018-07-03,31.37
2384,28,7,1,30,2018-07-03,22.61
2385,30,7,1,26,2018-07-03,35.51
2386,32,7,2,30,2018-07-03,34.53
2387,34,7,2,34,2018-07-03,38.45
2388,36,7,3,27,2018-07-03,32.68
2389,38,7,5,37,2018-07-03,26.82
2390,40,7,5,36,2018-07-03,38.64
2391,42,7,4,36,2018-07-03,12.66
2392,4,8,6,36,2018-07-03,21.13
2393,6,8,6,34,2018-07-03,13.95
2394,8,8,2,33,2018-07-03,18.06
2395,12,8,4,33,2018-07-03,44.79
2396,14,8,4,28,2018-07-03,34.94
2397,16,8,4,30,2018-07-03,54.70
2398,20,8,2,32,2018-07-03,26.22
2399,22,8,6,29,2018-07-03,24.93
2400,24,8,5,22,2018-07-03,32.76
2401,26,8,3,24,2018-07-03,29.25
2402,28,8,6,34,2018-07-03,22.03
2403,30,8,1,25,2018-07-03,32.91
2404,36,8,3,37,2018-07-03,34.36
2405,2,9,6,30,2018-07-03,20.05
2406,4,9,1,36,2018-07-03,20.99
2407,6,9,6,28,2018-07-03,13.47
2408,10,9,6,25,2018-07-03,23.94
2409,12,9,2,23,2018-07-03,44.77
2410,14,9,4,31,2018-07-03,35.54
2411,16,9,4,32,2018-07-03,63.88
2412,18,9,2,41,2018-07-03,32.09
2413,20,9,6,30,2018-07-03,21.64
2414,22,9,6,41,2018-07-03,28.73
2415,24,9,3,35,2018-07-03,30.09
2416,26,9,3,41,2018-07-03,30.00
2417,28,9,6,28,2018-07-03,20.27
2418,32,9,4,21,2018-07-03,32.65
2419,34,9,4,28,2018-07-03,45.43
2420,36,9,3,26,2018-07-03,29.72
2421,38,9,3,25,2018-07-03,28.14
2422,40,9,3,26,2018-07-03,36.57
2423,42,9,4,31,2018-07-03,12.41
2424,2,10,1,30,2018-07-03,18.15
2425,4,10,6,32,2018-07-03,21.61
2426,6,10,1,33,2018-07-03,13.19
2427,8,10,2,30,2018-07-03,18.34
2428,10,10,6,33,2018-07-03,24.65
2429,12,10,4,32,2018-07-03,48.31
2430,18,10,6,25,2018-07-03,30.35
2431,20,10,2,48,2018-07-03,25.60
2432,22,10,2,20,2018-07-03,25.55
2433,26,10,5,27,2018-07-03,29.14
2434,28,10,1,34,2018-07-03,21.61
2435,30,10,6,26,2018-07-03,33.83
2436,32,10,4,37,2018-07-03,35.31
2437,34,10,4,42,2018-07-03,39.49
2438,36,10,3,20,2018-07-03,32.16
2439,38,10,3,35,2018-07-03,29.10
2440,40,10,5,24,2018-07-03,34.63
2441,42,10,6,20,2018-07-03,13.07
2442,4,11,1,44,2018-07-03,20.19
2443,8,11,6,30,2018-07-03,17.97
2444,10,11,2,23,2018-07-03,20.59
2445,12,11,4,30,2018-07-03,47.46
2446,14,11,2,22,2018-07-03,34.93
2447,16,11,2,38,2018-07-03,61.31
2448,18,11,6,20,2018-07-03,29.38
2449,20,11,2,31,2018-07-03,25.36
2450,22,11,6,31,2018-07-03,26.98
2451,24,11,3,27,2018-07-03,33.43
2452,28,11,6,40,2018-07-03,20.80
2453,32,11,4,29,2018-07-03,34.34
2454,34,11,4,33,2018-07-03,41.32
2455,38,11,5,27,2018-07-03,31.18
2456,40,11,5,34,2018-07-03,38.58
2457,42,11,6,26,2018-07-03,12.12
2458,2,12,6,32,2018-07-03,19.45
2459,4,12,6,43,2018-07-03,19.55
2460,10,12,2,33,2018-07-03,22.11
2461,12,12,2,22,2018-07-03,42.88
2462,14,12,2,24,2018-07-03,34.23
2463,16,12,4,23,2018-07-03,64.30
2464,22,12,6,35,2018-07-03,27.57
2465,24,12,5,35,2018-07-03,31.06
2466,26,12,3,29,2018-07-03,29.49
2467,28,12,6,26,2018-07-03,20.38
2468,30,12,6,29,2018-07-03,38.99
2469,34,12,4,37,2018-07-03,41.52
2470,36,12,3,28,2018-07-03,29.72
2471,38,12,5,34,2018-07-03,26.80
2472,42,12,4,23,2018-07-03,13.70
2473,1,1,6,48,2018-07-17,14.50
2474,3,1,1,40,2018-07-17,14.33
2475,5,1,6,40,2018-07-17,18.41
2476,7,1,2,52,2018-07-17,15.47
2477,9,1,2,41,2018-07-17,13.60
2478,11,1,2,32,2018-07-17,20.89
2479,13,1,2,29,2018-07-17,39.90
2480,15,1,4,37,2018-07-17,53.28
2481,19,1,2,29,2018-07-17,42.72
2482,21,1,6,34,2018-07-17,52.03
2483,23,1,5,26,2018-07-17,27.56
2484,25,1,5,25,2018-07-17,25.64
2485,27,1,6,56,2018-07-17,17.86
2486,29,1,1,29,2018-07-17,18.45
2487,31,1,6,35,2018-07-17,21.78
2488,35,1,3,34,2018-07-17,22.54
2489,37,1,3,34,2018-07-17,28.32
2490,39,1,3,38,2018-07-17,31.94
2491,41,1,6,33,2018-07-17,10.96
2492,43,1,4,62,2018-07-17,9.37
2493,1,2,6,43,2018-07-17,16.75
2494,3,2,6,47,2018-07-17,13.67
2495,5,2,6,28,2018-07-17,16.82
2496,7,2,2,35,2018-07-17,16.19
2497,9,2,2,54,2018-07-17,14.52
2498,11,2,6,57,2018-07-17,20.25
2499,13,2,2,25,2018-07-17,34.54
2500,17,2,4,41,2018-07-17,45.25
2501,21,2,6,30,2018-07-17,47.93
2502,23,2,5,37,2018-07-17,24.78
2503,25,2,5,40,2018-07-17,22.39
2504,27,2,1,42,2018-07-17,20.40
2505,29,2,6,63,2018-07-17,15.42
2506,31,2,6,37,2018-07-17,24.61
2507,33,2,4,42,2018-07-17,26.55
2508,35,2,3,26,2018-07-17,22.16
2509,37,2,3,36,2018-07-17,28.10
2510,39,2,5,26,2018-07-17,28.32
2511,41,2,4,45,2018-07-17,11.65
2512,43,2,4,41,2018-07-17,9.73
2513,1,3,1,25,2018-07-17,17.16
2514,3,3,1,30,2018-07-17,14.37
2515,5,3,1,33,2018-07-17,18.86
2516,7,3,6,27,2018-07-17,16.99
2517,9,3,6,36,2018-07-17,14.66
2518,11,3,6,50,2018-07-17,20.81
2519,17,3,4,26,2018-07-17,46.10
2520,21,3,2,52,2018-07-17,51.72
2521,23,3,3,26,2018-07-17,29.36
2522,25,3,3,37,2018-07-17,24.31
2523,27,3,1,25,2018-07-17,19.86
2524,29,3,1,38,2018-07-17,17.26
2525,41,3,6,39,2018-07-17,10.09
2526,43,3,4,26,2018-07-17,8.60
2527,1,4,1,30,2018-07-17,14.61
2528,5,4,6,26,2018-07-17,16.81
2529,7,4,6,28,2018-07-17,17.49
2530,11,4,6,43,2018-07-17,19.49
2531,13,4,2,24,2018-07-17,39.86
2532,15,4,4,20,2018-07-17,49.71
2533,19,4,6,31,2018-07-17,39.71
2534,25,4,5,28,2018-07-17,23.69
2535,27,4,1,38,2018-07-17,17.72
2536,33,4,4,32,2018-07-17,31.88
2537,37,4,3,24,2018-07-17,27.93
2538,39,4,3,29,2018-07-17,32.67
2539,41,4,4,41,2018-07-17,9.91
2540,43,4,4,39,2018-07-17,8.42
2541,1,6,6,27,2018-07-17,15.37
2542,3,6,6,23,2018-07-17,13.94
2543,5,6,6,24,2018-07-17,16.57
2544,7,6,6,19,2018-07-17,16.26
2545,9,6,6,28,2018-07-17,15.38
2546,11,6,6,33,2018-07-17,18.16
2547,21,6,2,32,2018-07-17,44.07
2548,23,6,3,24,2018-07-17,28.58
2549,25,6,3,36,2018-07-17,26.00
2550,27,6,6,48,2018-07-17,20.36
2551,29,6,6,29,2018-07-17,15.55
2552,35,6,3,28,2018-07-17,20.65
2553,37,6,3,28,2018-07-17,28.81
2554,41,6,6,35,2018-07-17,11.60
2555,43,6,6,28,2018-07-17,9.51
2556,1,7,1,27,2018-07-17,17.52
2557,3,7,6,25,2018-07-17,15.43
2558,7,7,2,31,2018-07-17,14.46
2559,9,7,6,26,2018-07-17,14.08
2560,11,7,6,34,2018-07-17,20.38
2561,15,7,2,25,2018-07-17,55.86
2562,19,7,2,33,2018-07-17,38.65
2563,23,7,3,32,2018-07-17,28.04
2564,27,7,1,34,2018-07-17,18.10
2565,31,7,6,31,2018-07-17,23.21
2566,39,7,5,30,2018-07-17,28.90
2567,41,7,6,26,2018-07-17,11.21
2568,43,7,4,38,2018-07-17,8.43
2569,1,8,6,27,2018-07-17,14.83
2570,7,8,6,26,2018-07-17,16.98
2571,9,8,6,45,2018-07-17,16.27
2572,11,8,6,33,2018-07-17,19.51
2573,13,8,4,35,2018-07-17,37.76
2574,15,8,2,30,2018-07-17,55.11
2575,17,8,4,36,2018-07-17,39.17
2576,19,8,6,22,2018-07-17,35.55
2577,21,8,2,26,2018-07-17,50.20
2578,23,8,5,42,2018-07-17,28.76
2579,27,8,1,34,2018-07-17,17.26
2580,29,8,6,33,2018-07-17,17.19
2581,31,8,1,20,2018-07-17,23.22
2582,35,8,3,25,2018-07-17,19.11
2583,37,8,3,24,2018-07-17,26.23
2584,39,8,5,28,2018-07-17,28.94
2585,41,8,6,38,2018-07-17,11.38
2586,43,8,4,32,2018-07-17,8.64
2587,3,9,6,37,2018-07-17,13.92
2588,9,9,2,30,2018-07-17,13.88
2589,11,9,2,23,2018-07-17,19.52
2590,17,9,2,15,2018-07-17,38.89
2591,23,9,3,27,2018-07-17,25.32
2592,29,9,6,26,2018-07-17,16.74
2593,41,9,4,26,2018-07-17,10.15
2594,43,9,6,36,2018-07-17,8.13
2595,1,10,6,26,2018-07-17,15.41
2596,5,10,1,29,2018-07-17,19.09
2597,9,10,2,30,2018-07-17,15.05
2598,11,10,2,34,2018-07-17,18.39
2599,13,10,4,27,2018-07-17,34.19
2600,15,10,4,25,2018-07-17,55.54
2601,23,10,3,32,2018-07-17,28.28
2602,27,10,6,35,2018-07-17,17.11
2603,29,10,1,57,2018-07-17,15.66
2604,33,10,4,31,2018-07-17,27.61
2605,39,10,5,24,2018-07-17,33.01
2606,41,10,4,43,2018-07-17,10.22
2607,43,10,4,46,2018-07-17,8.63
2608,3,11,6,33,2018-07-17,14.90
2609,7,11,6,29,2018-07-17,16.78
2610,9,11,6,23,2018-07-17,14.06
2611,11,11,2,28,2018-07-17,18.97
2612,15,11,4,33,2018-07-17,50.44
2613,17,11,4,32,2018-07-17,38.36
2614,21,11,2,20,2018-07-17,47.75
2615,23,11,3,32,2018-07-17,28.74
2616,27,11,1,36,2018-07-17,20.18
2617,31,11,1,31,2018-07-17,25.56
2618,33,11,4,31,2018-07-17,26.69
2619,35,11,3,36,2018-07-17,20.65
2620,41,11,4,32,2018-07-17,12.05
2621,43,11,6,39,2018-07-17,9.11
2622,1,12,6,34,2018-07-17,15.52
2623,7,12,2,26,2018-07-17,15.85
2624,9,12,2,30,2018-07-17,14.14
2625,11,12,6,29,2018-07-17,18.50
2626,17,12,2,26,2018-07-17,42.54
2627,21,12,2,27,2018-07-17,46.67
2628,27,12,6,19,2018-07-17,19.70
2629,31,12,1,24,2018-07-17,25.01
2630,33,12,2,30,2018-07-17,28.03
2631,35,12,3,33,2018-07-17,21.94
2632,37,12,3,32,2018-07-17,28.19
2633,43,12,4,30,2018-07-17,9.71
2634,2,1,1,35,2018-08-03,19.38
2635,4,1,6,50,2018-08-03,21.50
2636,6,1,1,30,2018-08-03,12.93
2637,8,1,6,27,2018-08-03,19.09
2638,10,1,6,30,2018-08-03,20.62
2639,12,1,4,37,2018-08-03,45.38
2640,16,1,4,41,2018-08-03,54.67
2641,18,1,6,24,2018-08-03,29.60
2642,20,1,2,36,2018-08-03,24.74
2643,22,1,2,33,2018-08-03,27.48
2644,24,1,5,21,2018-08-03,33.48
2645,26,1,3,23,2018-08-03,28.76
2646,28,1,6,48,2018-08-03,23.45
2647,30,1,1,34,2018-08-03,39.12
2648,32,1,2,42,2018-08-03,36.09
2649,36,1,3,32,2018-08-03,35.61
2650,40,1,3,37,2018-08-03,35.43
2651,42,1,6,28,2018-08-03,13.75
2652,2,2,6,37,2018-08-03,17.75
2653,4,2,6,43,2018-08-03,21.71
2654,6,2,1,56,2018-08-03,13.89
2655,8,2,6,45,2018-08-03,18.83
2656,10,2,6,41,2018-08-03,22.47
2657,12,2,2,30,2018-08-03,44.21
2658,16,2,4,34,2018-08-03,61.54
2659,18,2,2,33,2018-08-03,30.79
2660,20,2,6,35,2018-08-03,21.84
2661,22,2,6,51,2018-08-03,24.82
2662,24,2,3,35,2018-08-03,33.40
2663,26,2,5,46,2018-08-03,31.62
2664,28,2,6,46,2018-08-03,24.73
2665,32,2,2,41,2018-08-03,36.75
2666,34,2,2,29,2018-08-03,41.17
2667,36,2,3,35,2018-08-03,29.94
2668,38,2,3,40,2018-08-03,28.57
2669,40,2,3,29,2018-08-03,37.17
2670,42,2,6,36,2018-08-03,12.17
2671,4,3,6,34,2018-08-03,21.42
2672,6,3,6,43,2018-08-03,14.77
2673,8,3,2,31,2018-08-03,20.55
2674,10,3,2,37,2018-08-03,22.23
2675,12,3,4,39,2018-08-03,43.42
2676,18,3,6,20,2018-08-03,29.42
2677,20,3,2,35,2018-08-03,25.67
2678,22,3,2,29,2018-08-03,25.52
2679,24,3,5,40,2018-08-03,30.35
2680,28,3,1,32,2018-08-03,20.49
2681,30,3,6,24,2018-08-03,34.96
2682,32,3,2,34,2018-08-03,31.13
2683,34,3,4,37,2018-08-03,42.43
2684,36,3,3,23,2018-08-03,29.61
2685,2,4,1,23,2018-08-03,17.33
2686,4,4,6,29,2018-08-03,21.89
2687,8,4,2,26,2018-08-03,20.29
2688,12,4,4,20,2018-08-03,48.48
2689,14,4,4,21,2018-08-03,34.36
2690,18,4,6,33,2018-08-03,35.67
2691,20,4,6,20,2018-08-03,24.02
2692,22,4,2,29,2018-08-03,25.48
2693,28,4,1,33,2018-08-03,23.24
2694,36,4,3,32,2018-08-03,32.30
2695,38,4,5,28,2018-08-03,31.80
2696,42,4,4,21,2018-08-03,11.28
2697,4,6,1,35,2018-08-03,19.74
2698,6,6,6,30,2018-08-03,14.56
2699,8,6,6,20,2018-08-03,17.48
2700,10,6,6,38,2018-08-03,21.69
2701,18,6,2,32,2018-08-03,33.75
2702,20,6,6,31,2018-08-03,25.12
2703,22,6,6,36,2018-08-03,27.11
2704,26,6,5,23,2018-08-03,31.07
2705,28,6,1,29,2018-08-03,22.81
2706,30,6,6,25,2018-08-03,37.44
2707,32,6,4,26,2018-08-03,31.80
2708,36,6,3,27,2018-08-03,31.67
2709,42,6,4,34,2018-08-03,12.19
2710,2,7,1,27,2018-08-03,18.99
2711,4,7,6,26,2018-08-03,20.87
2712,6,7,6,44,2018-08-03,13.34
2713,8,7,2,31,2018-08-03,18.92
2714,14,7,2,29,2018-08-03,35.15
2715,16,7,2,35,2018-08-03,60.14
2716,20,7,6,39,2018-08-03,25.92
2717,22,7,6,34,2018-08-03,27.60
2718,24,7,5,41,2018-08-03,28.87
2719,28,7,1,21,2018-08-03,20.28
2720,30,7,1,29,2018-08-03,36.60
2721,32,7,4,26,2018-08-03,36.99
2722,34,7,4,21,2018-08-03,45.67
2723,36,7,3,22,2018-08-03,34.28
2724,38,7,3,26,2018-08-03,27.46
2725,2,8,1,37,2018-08-03,19.91
2726,4,8,6,37,2018-08-03,22.90
2727,6,8,6,40,2018-08-03,13.51
2728,8,8,2,29,2018-08-03,19.02
2729,10,8,2,34,2018-08-03,22.85
2730,16,8,4,38,2018-08-03,56.86
2731,18,8,2,39,2018-08-03,34.53
2732,20,8,6,28,2018-08-03,23.05
2733,22,8,2,24,2018-08-03,25.68
2734,24,8,5,30,2018-08-03,30.27
2735,26,8,5,29,2018-08-03,28.25
2736,28,8,6,34,2018-08-03,24.12
2737,32,8,4,42,2018-08-03,30.74
2738,34,8,2,27,2018-08-03,42.16
2739,36,8,3,30,2018-08-03,30.50
2740,38,8,3,40,2018-08-03,28.44
2741,40,8,5,41,2018-08-03,35.84
2742,42,8,4,42,2018-08-03,11.45
2743,2,9,6,21,2018-08-03,19.56
2744,4,9,1,32,2018-08-03,22.63
2745,6,9,1,27,2018-08-03,13.60
2746,8,9,6,38,2018-08-03,17.48
2747,10,9,2,23,2018-08-03,23.14
2748,26,9,3,32,2018-08-03,29.49
2749,30,9,6,39,2018-08-03,36.51
2750,36,9,3,26,2018-08-03,33.50
2751,42,9,6,20,2018-08-03,12.38
2752,2,10,1,28,2018-08-03,20.14
2753,4,10,6,34,2018-08-03,19.04
2754,6,10,6,31,2018-08-03,13.89
2755,10,10,2,20,2018-08-03,21.89
2756,14,10,4,40,2018-08-03,33.67
2757,16,10,2,36,2018-08-03,61.47
2758,18,10,6,25,2018-08-03,31.83
2759,24,10,5,35,2018-08-03,32.99
2760,42,10,6,30,2018-08-03,12.93
2761,2,11,6,39,2018-08-03,20.31
2762,4,11,1,25,2018-08-03,22.52
2763,6,11,6,36,2018-08-03,14.32
2764,10,11,6,25,2018-08-03,24.04
2765,18,11,2,23,2018-08-03,33.10
2766,26,11,3,33,2018-08-03,29.08
2767,28,11,6,31,2018-08-03,20.75
2768,30,11,6,24,2018-08-03,34.20
2769,32,11,2,20,2018-08-03,35.42
2770,36,11,3,30,2018-08-03,32.80
2771,4,12,6,25,2018-08-03,19.32
2772,6,12,1,47,2018-08-03,13.96
2773,8,12,6,25,2018-08-03,17.54
2774,18,12,6,31,2018-08-03,35.47
2775,20,12,2,25,2018-08-03,22.80
2776,28,12,6,27,2018-08-03,23.00
2777,32,12,2,28,2018-08-03,33.97
2778,36,12,3,19,2018-08-03,35.34
2779,40,12,5,29,2018-08-03,37.62
2780,1,1,6,28,2018-08-17,15.14
2781,3,1,6,38,2018-08-17,15.82
2782,5,1,6,29,2018-08-17,18.11
2783,7,1,6,41,2018-08-17,17.20
2784,9,1,2,41,2018-08-17,16.27
2785,11,1,6,36,2018-08-17,21.94
2786,17,1,2,23,2018-08-17,42.21
2787,19,1,6,35,2018-08-17,41.90
2788,21,1,2,27,2018-08-17,51.30
2789,23,1,3,49,2018-08-17,26.13
2790,27,1,6,38,2018-08-17,19.63
2791,29,1,6,37,2018-08-17,16.31
2792,31,1,1,27,2018-08-17,23.83
2793,33,1,2,39,2018-08-17,30.43
2794,35,1,3,28,2018-08-17,19.49
2795,37,1,3,29,2018-08-17,29.24
2796,39,1,3,20,2018-08-17,31.63
2797,41,1,4,39,2018-08-17,10.89
2798,43,1,4,33,2018-08-17,9.28
2799,1,2,6,47,2018-08-17,17.00
2800,3,2,1,42,2018-08-17,14.01
2801,5,2,1,26,2018-08-17,16.21
2802,7,2,2,35,2018-08-17,16.76
2803,9,2,6,40,2018-08-17,14.97
2804,11,2,6,53,2018-08-17,18.71
2805,15,2,4,42,2018-08-17,50.97
2806,17,2,2,28,2018-08-17,45.76
2807,19,2,6,36,2018-08-17,35.28
2808,23,2,5,39,2018-08-17,29.49
2809,25,2,5,31,2018-08-17,23.69
2810,27,2,6,50,2018-08-17,17.57
2811,29,2,6,35,2018-08-17,18.32
2812,31,2,1,28,2018-08-17,23.45
2813,33,2,2,29,2018-08-17,28.15
2814,37,2,3,29,2018-08-17,25.27
2815,41,2,6,48,2018-08-17,11.70
2816,43,2,6,73,2018-08-17,8.46
2817,1,3,1,41,2018-08-17,16.45
2818,3,3,6,29,2018-08-17,14.07
2819,5,3,6,33,2018-08-17,17.90
2820,7,3,6,21,2018-08-17,15.40
2821,9,3,6,28,2018-08-17,15.48
2822,11,3,2,39,2018-08-17,20.65
2823,13,3,4,37,2018-08-17,39.27
2824,15,3,2,29,2018-08-17,58.45
2825,17,3,2,19,2018-08-17,38.66
2826,19,3,6,42,2018-08-17,41.69
2827,23,3,3,34,2018-08-17,27.04
2828,27,3,1,39,2018-08-17,17.92
2829,29,3,1,50,2018-08-17,16.54
2830,31,3,6,35,2018-08-17,25.80
2831,33,3,2,30,2018-08-17,26.88
2832,35,3,3,39,2018-08-17,20.78
2833,37,3,3,36,2018-08-17,28.34
2834,39,3,3,46,2018-08-17,33.02
2835,41,3,6,47,2018-08-17,10.07
2836,43,3,4,32,2018-08-17,9.84
2837,1,4,6,26,2018-08-17,17.44
2838,3,4,6,29,2018-08-17,13.06
2839,9,4,6,42,2018-08-17,13.86
2840,11,4,2,27,2018-08-17,21.46
2841,17,4,4,35,2018-08-17,43.80
2842,19,4,6,30,2018-08-17,42.69
2843,21,4,6,39,2018-08-17,44.87
2844,23,4,5,31,2018-08-17,26.95
2845,29,4,6,35,2018-08-17,15.69
2846,31,4,1,29,2018-08-17,24.36
2847,35,4,3,28,2018-08-17,19.65
2848,41,4,4,41,2018-08-17,10.83
2849,43,4,6,27,2018-08-17,9.27
2850,1,5,1,36,2018-08-17,14.82
2851,2,5,6,41,2018-08-17,19.58
2852,3,5,1,65,2018-08-17,15.01
2853,4,5,1,48,2018-08-17,19.45
2854,5,5,1,52,2018-08-17,16.31
2855,6,5,1,44,2018-08-17,13.00
2856,7,5,2,69,2018-08-17,15.40
2857,8,5,2,55,2018-08-17,17.84
2858,9,5,6,29,2018-08-17,14.52
2859,10,5,6,39,2018-08-17,24.18
2860,11,5,6,48,2018-08-17,21.67
2861,12,5,4,56,2018-08-17,46.51
2862,13,5,2,50,2018-08-17,37.38
2863,14,5,4,41,2018-08-17,37.01
2864,15,5,4,28,2018-08-17,58.60
2865,16,5,4,61,2018-08-17,54.32
2866,17,5,4,30,2018-08-17,43.02
2867,18,5,2,71,2018-08-17,34.44
2868,19,5,6,58,2018-08-17,35.52
2869,20,5,2,64,2018-08-17,25.57
2870,21,5,6,65,2018-08-17,52.15
2871,22,5,2,68,2018-08-17,29.45
2872,23,5,5,50,2018-08-17,29.07
2873,24,5,5,38,2018-08-17,32.57
2874,25,5,5,33,2018-08-17,24.18
2875,26,5,5,29,2018-08-17,29.05
2876,27,5,1,69,2018-08-17,19.30
2877,28,5,6,44,2018-08-17,21.16
2878,29,5,1,74,2018-08-17,15.85
2879,30,5,1,41,2018-08-17,35.23
2880,31,5,1,73,2018-08-17,22.20
2881,32,5,2,28,2018-08-17,32.01
2882,33,5,4,32,2018-08-17,26.26
2883,34,5,2,46,2018-08-17,40.75
2884,35,5,3,61,2018-08-17,22.44
2885,36,5,3,62,2018-08-17,33.64
2886,37,5,3,31,2018-08-17,28.20
2887,38,5,5,43,2018-08-17,31.06
2888,39,5,3,44,2018-08-17,31.83
2889,40,5,3,71,2018-08-17,34.23
2890,41,5,6,72,2018-08-17,9.93
2891,42,5,4,57,2018-08-17,11.95
2892,43,5,6,70,2018-08-17,8.60
2893,1,6,6,28,2018-08-17,16.82
2894,3,6,1,22,2018-08-17,14.94
2895,5,6,6,34,2018-08-17,18.26
2896,9,6,6,25,2018-08-17,16.27
2897,11,6,6,30,2018-08-17,20.14
2898,13,6,4,35,2018-08-17,34.18
2899,15,6,2,28,2018-08-17,59.58
2900,17,6,4,32,2018-08-17,42.01
2901,19,6,2,31,2018-08-17,42.86
2902,21,6,6,30,2018-08-17,50.34
2903,23,6,5,32,2018-08-17,25.65
2904,27,6,6,37,2018-08-17,20.89
2905,29,6,1,27,2018-08-17,18.25
2906,31,6,1,22,2018-08-17,23.76
2907,33,6,2,31,2018-08-17,28.65
2908,35,6,3,33,2018-08-17,21.07
2909,39,6,3,30,2018-08-17,31.64
2910,41,6,6,26,2018-08-17,11.71
2911,43,6,4,28,2018-08-17,9.10
2912,1,7,6,27,2018-08-17,16.65
2913,3,7,6,34,2018-08-17,14.52
2914,5,7,1,22,2018-08-17,18.43
2915,9,7,2,47,2018-08-17,13.75
2916,11,7,2,47,2018-08-17,20.49
2917,13,7,2,20,2018-08-17,41.25
2918,15,7,4,21,2018-08-17,52.61
2919,17,7,2,19,2018-08-17,41.13
2920,19,7,6,26,2018-08-17,42.82
2921,21,7,6,37,2018-08-17,45.44
2922,23,7,5,34,2018-08-17,25.38
2923,25,7,5,35,2018-08-17,25.73
2924,27,7,1,45,2018-08-17,18.06
2925,29,7,6,30,2018-08-17,16.29
2926,31,7,6,32,2018-08-17,22.20
2927,33,7,2,32,2018-08-17,27.85
2928,35,7,3,26,2018-08-17,20.61
2929,37,7,3,38,2018-08-17,28.92
2930,41,7,4,33,2018-08-17,11.87
2931,43,7,4,41,2018-08-17,9.72
2932,1,8,1,36,2018-08-17,15.27
2933,3,8,1,44,2018-08-17,14.73
2934,5,8,1,33,2018-08-17,15.82
2935,7,8,2,22,2018-08-17,15.77
2936,11,8,2,36,2018-08-17,21.99
2937,17,8,2,21,2018-08-17,46.16
2938,23,8,3,37,2018-08-17,26.37
2939,25,8,5,29,2018-08-17,22.18
2940,27,8,6,34,2018-08-17,18.55
2941,29,8,6,24,2018-08-17,17.55
2942,33,8,2,35,2018-08-17,31.06
2943,35,8,3,20,2018-08-17,21.28
2944,39,8,3,25,2018-08-17,31.28
2945,41,8,6,31,2018-08-17,12.08
2946,43,8,6,32,2018-08-17,8.57
2947,1,9,1,32,2018-08-17,15.19
2948,3,9,1,24,2018-08-17,15.48
2949,5,9,6,24,2018-08-17,18.99
2950,7,9,6,36,2018-08-17,17.16
2951,11,9,6,28,2018-08-17,21.91
2952,13,9,2,26,2018-08-17,38.17
2953,15,9,4,18,2018-08-17,59.39
2954,19,9,2,23,2018-08-17,41.60
2955,21,9,2,29,2018-08-17,43.59
2956,23,9,5,26,2018-08-17,28.63
2957,25,9,3,24,2018-08-17,24.32
2958,27,9,6,33,2018-08-17,17.52
2959,29,9,6,22,2018-08-17,16.59
2960,31,9,6,30,2018-08-17,21.62
2961,33,9,4,29,2018-08-17,31.64
2962,35,9,3,21,2018-08-17,23.06
2963,37,9,3,21,2018-08-17,27.58
2964,39,9,3,35,2018-08-17,28.32
2965,41,9,6,28,2018-08-17,10.71
2966,43,9,4,22,2018-08-17,9.88
2967,3,10,1,50,2018-08-17,15.78
2968,7,10,6,27,2018-08-17,14.67
2969,9,10,6,25,2018-08-17,15.40
2970,11,10,6,29,2018-08-17,20.19
2971,17,10,4,18,2018-08-17,38.42
2972,19,10,2,23,2018-08-17,39.49
2973,21,10,2,28,2018-08-17,48.83
2974,23,10,3,32,2018-08-17,28.58
2975,25,10,5,25,2018-08-17,24.14
2976,27,10,1,23,2018-08-17,20.61
2977,31,10,6,30,2018-08-17,26.13
2978,33,10,2,26,2018-08-17,29.78
2979,35,10,3,28,2018-08-17,20.87
2980,37,10,3,37,2018-08-17,28.61
2981,41,10,4,27,2018-08-17,10.46
2982,43,10,6,34,2018-08-17,8.62
2983,1,11,6,47,2018-08-17,17.14
2984,5,11,6,25,2018-08-17,16.87
2985,9,11,2,25,2018-08-17,13.76
2986,11,11,6,38,2018-08-17,19.55
2987,13,11,2,32,2018-08-17,39.53
2988,19,11,6,22,2018-08-17,38.10
2989,23,11,5,30,2018-08-17,25.89
2990,25,11,5,26,2018-08-17,25.66
2991,27,11,1,28,2018-08-17,19.06
2992,29,11,6,32,2018-08-17,15.32
2993,33,11,2,25,2018-08-17,26.23
2994,35,11,3,26,2018-08-17,22.41
2995,37,11,3,25,2018-08-17,26.83
2996,39,11,5,27,2018-08-17,29.59
2997,43,11,6,31,2018-08-17,9.60
2998,3,12,1,30,2018-08-17,13.66
2999,5,12,1,41,2018-08-17,17.34
3000,9,12,2,36,2018-08-17,14.54
3001,11,12,6,22,2018-08-17,21.81
3002,13,12,4,20,2018-08-17,35.31
3003,15,12,4,27,2018-08-17,57.20
3004,19,12,2,32,2018-08-17,36.34
3005,23,12,5,43,2018-08-17,28.38
3006,25,12,5,29,2018-08-17,23.54
3007,27,12,6,33,2018-08-17,18.75
3008,29,12,1,36,2018-08-17,18.00
3009,33,12,2,19,2018-08-17,29.34
3010,39,12,5,38,2018-08-17,32.52
3011,41,12,4,50,2018-08-17,10.76
3012,43,12,4,42,2018-08-17,8.69
3013,2,1,6,33,2018-09-03,19.24
3014,4,1,6,63,2018-09-03,19.00
3015,6,1,1,53,2018-09-03,14.75
3016,8,1,6,37,2018-09-03,20.64
3017,10,1,2,41,2018-09-03,21.28
3018,14,1,4,32,2018-09-03,34.30
3019,16,1,2,23,2018-09-03,56.22
3020,18,1,2,28,2018-09-03,33.84
3021,20,1,2,39,2018-09-03,24.17
3022,22,1,6,40,2018-09-03,29.22
3023,24,1,5,34,2018-09-03,28.32
3024,26,1,3,28,2018-09-03,28.69
3025,28,1,6,37,2018-09-03,20.84
3026,30,1,6,32,2018-09-03,39.27
3027,32,1,2,28,2018-09-03,36.56
3028,34,1,4,37,2018-09-03,40.27
3029,36,1,3,34,2018-09-03,34.57
3030,38,1,3,37,2018-09-03,26.35
3031,40,1,3,36,2018-09-03,34.81
3032,42,1,6,48,2018-09-03,12.82
3033,2,2,1,40,2018-09-03,19.10
3034,4,2,6,53,2018-09-03,19.33
3035,6,2,1,35,2018-09-03,14.16
3036,8,2,2,34,2018-09-03,19.19
3037,10,2,2,41,2018-09-03,22.38
3038,12,2,4,32,2018-09-03,44.18
3039,14,2,4,44,2018-09-03,35.72
3040,16,2,4,24,2018-09-03,55.79
3041,18,2,6,43,2018-09-03,34.81
3042,20,2,2,49,2018-09-03,22.10
3043,22,2,2,23,2018-09-03,27.94
3044,26,2,3,45,2018-09-03,26.94
3045,28,2,1,58,2018-09-03,20.41
3046,30,2,1,37,2018-09-03,39.44
3047,32,2,2,30,2018-09-03,35.81
3048,34,2,4,30,2018-09-03,44.03
3049,36,2,3,44,2018-09-03,29.50
3050,38,2,5,28,2018-09-03,31.18
3051,40,2,3,32,2018-09-03,35.34
3052,42,2,4,62,2018-09-03,12.69
3053,2,3,6,35,2018-09-03,17.52
3054,4,3,6,38,2018-09-03,21.56
3055,6,3,1,31,2018-09-03,14.66
3056,8,3,6,26,2018-09-03,17.86
3057,10,3,2,24,2018-09-03,22.39
3058,14,3,4,50,2018-09-03,31.05
3059,16,3,2,31,2018-09-03,57.90
3060,20,3,2,19,2018-09-03,23.76
3061,22,3,6,35,2018-09-03,25.28
3062,26,3,3,47,2018-09-03,30.29
3063,28,3,1,35,2018-09-03,23.32
3064,30,3,1,26,2018-09-03,37.47
3065,32,3,4,30,2018-09-03,31.09
3066,36,3,3,28,2018-09-03,33.97
3067,38,3,3,26,2018-09-03,26.87
3068,40,3,3,31,2018-09-03,34.45
3069,42,3,6,60,2018-09-03,13.01
3070,4,4,6,28,2018-09-03,21.62
3071,6,4,1,45,2018-09-03,14.35
3072,10,4,2,40,2018-09-03,22.93
3073,16,4,4,24,2018-09-03,65.75
3074,24,4,3,30,2018-09-03,30.11
3075,26,4,5,40,2018-09-03,26.93
3076,30,4,1,42,2018-09-03,39.48
3077,32,4,4,26,2018-09-03,33.71
3078,34,4,2,33,2018-09-03,39.17
3079,40,4,5,26,2018-09-03,32.48
3080,42,4,4,29,2018-09-03,13.18
3081,2,6,1,33,2018-09-03,18.32
3082,4,6,1,33,2018-09-03,19.79
3083,6,6,6,33,2018-09-03,12.89
3084,8,6,2,33,2018-09-03,17.83
3085,12,6,4,33,2018-09-03,46.72
3086,14,6,4,30,2018-09-03,34.69
3087,16,6,4,38,2018-09-03,60.00
3088,18,6,6,25,2018-09-03,33.12
3089,22,6,6,25,2018-09-03,26.41
3090,24,6,5,40,2018-09-03,33.24
3091,28,6,1,32,2018-09-03,20.62
3092,30,6,6,27,2018-09-03,39.12
3093,34,6,4,19,2018-09-03,42.27
3094,36,6,3,26,2018-09-03,32.29
3095,38,6,3,27,2018-09-03,29.74
3096,40,6,5,45,2018-09-03,33.05
3097,42,6,6,23,2018-09-03,13.58
3098,6,7,6,27,2018-09-03,14.72
3099,8,7,6,29,2018-09-03,19.58
3100,10,7,6,40,2018-09-03,22.08
3101,12,7,2,23,2018-09-03,40.46
3102,18,7,6,24,2018-09-03,30.08
3103,20,7,2,24,2018-09-03,22.26
3104,22,7,6,20,2018-09-03,25.99
3105,26,7,3,36,2018-09-03,28.10
3106,28,7,1,37,2018-09-03,21.47
3107,32,7,4,29,2018-09-03,31.38
3108,40,7,3,23,2018-09-03,33.39
3109,42,7,4,39,2018-09-03,12.15
3110,4,8,1,31,2018-09-03,21.77
3111,10,8,2,36,2018-09-03,22.99
3112,12,8,2,17,2018-09-03,43.42
3113,14,8,4,31,2018-09-03,36.46
3114,18,8,2,27,2018-09-03,32.55
3115,20,8,6,24,2018-09-03,26.38
3116,22,8,2,21,2018-09-03,28.17
3117,24,8,3,19,2018-09-03,31.31
3118,30,8,1,31,2018-09-03,34.49
3119,32,8,2,27,2018-09-03,37.32
3120,36,8,3,38,2018-09-03,29.83
3121,40,8,3,28,2018-09-03,32.74
3122,42,8,6,24,2018-09-03,11.56
3123,6,9,6,33,2018-09-03,14.27
3124,8,9,2,35,2018-09-03,19.41
3125,12,9,2,30,2018-09-03,44.32
3126,14,9,2,17,2018-09-03,32.37
3127,16,9,4,42,2018-09-03,61.88
3128,18,9,2,26,2018-09-03,35.38
3129,20,9,6,27,2018-09-03,22.28
3130,22,9,6,28,2018-09-03,29.43
3131,24,9,5,29,2018-09-03,28.30
3132,28,9,6,36,2018-09-03,23.41
3133,32,9,2,23,2018-09-03,35.67
3134,34,9,4,25,2018-09-03,39.90
3135,38,9,3,20,2018-09-03,30.01
3136,40,9,5,19,2018-09-03,32.60
3137,42,9,6,22,2018-09-03,11.74
3138,4,10,1,33,2018-09-03,21.71
3139,8,10,6,37,2018-09-03,20.75
3140,12,10,4,26,2018-09-03,41.67
3141,20,10,6,17,2018-09-03,24.47
3142,22,10,2,41,2018-09-03,25.71
3143,24,10,5,35,2018-09-03,33.81
3144,26,10,5,33,2018-09-03,29.36
3145,28,10,1,27,2018-09-03,24.66
3146,30,10,6,17,2018-09-03,33.60
3147,32,10,2,21,2018-09-03,33.27
3148,34,10,2,19,2018-09-03,41.44
3149,36,10,3,43,2018-09-03,35.15
3150,38,10,3,18,2018-09-03,27.11
3151,40,10,3,35,2018-09-03,36.94
3152,4,11,1,28,2018-09-03,22.19
3153,8,11,2,22,2018-09-03,19.29
3154,10,11,2,27,2018-09-03,22.00
3155,12,11,4,32,2018-09-03,40.86
3156,14,11,4,28,2018-09-03,33.85
3157,16,11,2,42,2018-09-03,59.04
3158,20,11,2,28,2018-09-03,21.94
3159,22,11,6,40,2018-09-03,27.32
3160,24,11,3,35,2018-09-03,32.47
3161,26,11,5,22,2018-09-03,27.71
3162,28,11,6,20,2018-09-03,22.00
3163,30,11,6,21,2018-09-03,38.68
3164,34,11,4,21,2018-09-03,44.42
3165,38,11,5,25,2018-09-03,29.86
3166,40,11,3,35,2018-09-03,37.63
3167,42,11,6,35,2018-09-03,11.68
3168,2,12,6,30,2018-09-03,20.15
3169,4,12,1,30,2018-09-03,21.42
3170,6,12,1,29,2018-09-03,14.23
3171,10,12,2,17,2018-09-03,21.54
3172,12,12,4,22,2018-09-03,43.99
3173,14,12,4,24,2018-09-03,34.22
3174,16,12,2,34,2018-09-03,60.69
3175,22,12,6,41,2018-09-03,25.46
3176,24,12,3,17,2018-09-03,29.37
3177,26,12,3,31,2018-09-03,31.87
3178,30,12,6,28,2018-09-03,38.79
3179,34,12,4,22,2018-09-03,43.40
3180,38,12,5,26,2018-09-03,28.96
3181,42,12,6,39,2018-09-03,12.56
3182,1,1,6,48,2018-09-17,15.90
3183,3,1,1,36,2018-09-17,15.36
3184,5,1,1,42,2018-09-17,16.33
3185,7,1,6,30,2018-09-17,17.22
3186,9,1,2,30,2018-09-17,15.02
3187,11,1,2,46,2018-09-17,18.28
3188,13,1,2,42,2018-09-17,38.74
3189,15,1,4,38,2018-09-17,60.16
3190,17,1,2,29,2018-09-17,42.98
3191,19,1,2,25,2018-09-17,35.24
3192,21,1,2,24,2018-09-17,46.27
3193,23,1,5,35,2018-09-17,27.42
3194,25,1,5,41,2018-09-17,21.75
3195,27,1,1,50,2018-09-17,17.79
3196,29,1,1,37,2018-09-17,18.06
3197,31,1,1,44,2018-09-17,24.76
3198,33,1,4,32,2018-09-17,27.14
3199,39,1,5,34,2018-09-17,31.26
3200,41,1,6,42,2018-09-17,11.06
3201,43,1,6,35,2018-09-17,9.20
3202,1,2,1,56,2018-09-17,15.03
3203,3,2,6,38,2018-09-17,15.66
3204,5,2,1,37,2018-09-17,18.81
3205,7,2,6,41,2018-09-17,15.33
3206,9,2,6,28,2018-09-17,14.91
3207,11,2,2,56,2018-09-17,21.11
3208,13,2,4,46,2018-09-17,36.37
3209,15,2,4,36,2018-09-17,55.93
3210,19,2,6,25,2018-09-17,40.54
3211,21,2,2,42,2018-09-17,47.06
3212,23,2,5,51,2018-09-17,26.22
3213,25,2,5,23,2018-09-17,23.13
3214,27,2,6,55,2018-09-17,18.67
3215,29,2,1,37,2018-09-17,15.90
3216,31,2,1,39,2018-09-17,23.82
3217,33,2,4,59,2018-09-17,28.54
3218,35,2,3,45,2018-09-17,19.95
3219,39,2,3,48,2018-09-17,32.15
3220,41,2,6,46,2018-09-17,12.04
3221,43,2,4,59,2018-09-17,8.30
3222,1,3,1,37,2018-09-17,15.05
3223,3,3,1,32,2018-09-17,14.90
3224,7,3,6,29,2018-09-17,17.39
3225,9,3,2,24,2018-09-17,15.64
3226,11,3,6,30,2018-09-17,21.15
3227,13,3,4,20,2018-09-17,33.91
3228,19,3,2,23,2018-09-17,39.10
3229,21,3,6,29,2018-09-17,46.05
3230,23,3,3,29,2018-09-17,27.11
3231,25,3,5,30,2018-09-17,23.25
3232,27,3,1,56,2018-09-17,19.41
3233,29,3,6,27,2018-09-17,18.53
3234,31,3,6,25,2018-09-17,23.81
3235,33,3,4,29,2018-09-17,28.94
3236,35,3,3,27,2018-09-17,20.49
3237,39,3,5,30,2018-09-17,30.67
3238,41,3,4,33,2018-09-17,11.91
3239,43,3,6,36,2018-09-17,8.18
3240,1,4,6,35,2018-09-17,16.37
3241,3,4,6,36,2018-09-17,14.08
3242,5,4,6,30,2018-09-17,17.25
3243,7,4,2,44,2018-09-17,14.84
3244,13,4,2,24,2018-09-17,39.79
3245,15,4,2,36,2018-09-17,53.48
3246,23,4,5,24,2018-09-17,30.10
3247,25,4,5,39,2018-09-17,23.09
3248,27,4,1,36,2018-09-17,19.82
3249,29,4,6,31,2018-09-17,15.79
3250,31,4,6,29,2018-09-17,22.19
3251,33,4,2,28,2018-09-17,28.19
3252,37,4,3,33,2018-09-17,28.78
3253,39,4,3,32,2018-09-17,33.97
3254,41,4,4,34,2018-09-17,10.06
3255,43,4,4,33,2018-09-17,9.77
3256,1,5,1,32,2018-09-17,17.18
3257,9,5,6,33,2018-09-17,15.92
3258,11,5,6,33,2018-09-17,18.55
3259,27,5,1,34,2018-09-17,18.44
3260,41,5,6,25,2018-09-17,10.50
3261,1,6,1,31,2018-09-17,15.25
3262,3,6,6,25,2018-09-17,13.70
3263,5,6,6,38,2018-09-17,17.13
3264,7,6,6,36,2018-09-17,17.21
3265,9,6,2,41,2018-09-17,16.40
3266,11,6,2,39,2018-09-17,20.95
3267,13,6,2,21,2018-09-17,39.04
3268,15,6,4,34,2018-09-17,50.82
3269,23,6,3,37,2018-09-17,28.65
3270,25,6,5,33,2018-09-17,25.88
3271,27,6,1,32,2018-09-17,20.22
3272,29,6,1,41,2018-09-17,18.06
3273,31,6,1,31,2018-09-17,23.49
3274,37,6,3,29,2018-09-17,24.82
3275,41,6,4,47,2018-09-17,12.00
3276,43,6,6,35,2018-09-17,9.78
3277,3,7,1,32,2018-09-17,14.22
3278,5,7,1,28,2018-09-17,16.75
3279,7,7,6,38,2018-09-17,16.21
3280,9,7,2,30,2018-09-17,16.35
3281,11,7,6,44,2018-09-17,20.71
3282,13,7,2,20,2018-09-17,40.60
3283,15,7,4,28,2018-09-17,58.63
3284,19,7,2,23,2018-09-17,36.16
3285,23,7,3,24,2018-09-17,28.93
3286,27,7,6,30,2018-09-17,17.60
3287,29,7,6,35,2018-09-17,17.03
3288,33,7,2,27,2018-09-17,26.39
3289,35,7,3,31,2018-09-17,21.07
3290,39,7,5,21,2018-09-17,32.97
3291,41,7,4,34,2018-09-17,10.70
3292,43,7,6,59,2018-09-17,8.15
3293,3,8,6,27,2018-09-17,14.96
3294,5,8,1,29,2018-09-17,18.91
3295,9,8,6,41,2018-09-17,14.11
3296,11,8,2,34,2018-09-17,18.31
3297,13,8,4,35,2018-09-17,37.03
3298,15,8,2,30,2018-09-17,51.03
3299,17,8,2,30,2018-09-17,39.76
3300,19,8,6,23,2018-09-17,39.63
3301,21,8,6,35,2018-09-17,47.85
3302,27,8,6,31,2018-09-17,18.68
3303,31,8,1,31,2018-09-17,24.40
3304,33,8,4,28,2018-09-17,27.81
3305,35,8,3,28,2018-09-17,20.14
3306,37,8,3,26,2018-09-17,28.47
3307,39,8,3,29,2018-09-17,31.67
3308,41,8,6,22,2018-09-17,10.71
3309,43,8,4,31,2018-09-17,8.40
3310,1,9,1,24,2018-09-17,16.82
3311,5,9,6,26,2018-09-17,16.69
3312,9,9,2,27,2018-09-17,15.98
3313,17,9,2,17,2018-09-17,38.96
3314,23,9,5,23,2018-09-17,24.82
3315,27,9,6,23,2018-09-17,17.71
3316,41,9,6,29,2018-09-17,11.41
3317,43,9,6,22,2018-09-17,8.99
3318,1,10,1,45,2018-09-17,15.96
3319,5,10,1,43,2018-09-17,18.60
3320,9,10,2,32,2018-09-17,15.35
3321,11,10,2,40,2018-09-17,19.58
3322,13,10,4,28,2018-09-17,37.03
3323,15,10,2,24,2018-09-17,58.58
3324,23,10,5,20,2018-09-17,27.03
3325,29,10,1,45,2018-09-17,17.67
3326,35,10,3,43,2018-09-17,20.83
3327,39,10,3,22,2018-09-17,28.88
3328,41,10,6,33,2018-09-17,10.27
3329,43,10,6,31,2018-09-17,9.58
3330,1,11,1,26,2018-09-17,14.69
3331,3,11,6,33,2018-09-17,15.23
3332,7,11,6,38,2018-09-17,15.78
3333,9,11,2,28,2018-09-17,15.09
3334,11,11,2,26,2018-09-17,20.96
3335,15,11,4,34,2018-09-17,55.42
3336,17,11,4,21,2018-09-17,43.83
3337,21,11,6,27,2018-09-17,42.84
3338,23,11,3,38,2018-09-17,25.29
3339,27,11,6,26,2018-09-17,18.89
3340,29,11,1,28,2018-09-17,16.57
3341,31,11,6,32,2018-09-17,25.36
3342,41,11,4,34,2018-09-17,10.26
3343,43,11,6,45,2018-09-17,8.80
3344,1,12,1,35,2018-09-17,14.95
3345,3,12,6,29,2018-09-17,14.13
3346,7,12,2,23,2018-09-17,16.32
3347,17,12,2,23,2018-09-17,41.07
3348,21,12,2,17,2018-09-17,44.77
3349,23,12,3,22,2018-09-17,25.67
3350,27,12,6,29,2018-09-17,20.22
3351,29,12,6,27,2018-09-17,18.33
3352,31,12,1,15,2018-09-17,26.11
3353,35,12,3,29,2018-09-17,19.97
3354,37,12,3,26,2018-09-17,28.94
3355,41,12,4,38,2018-09-17,10.01
3356,43,12,6,40,2018-09-17,9.86
3357,2,1,1,28,2018-10-03,19.86
3358,4,1,1,42,2018-10-03,22.09
3359,6,1,6,32,2018-10-03,14.27
3360,8,1,6,36,2018-10-03,19.26
3361,10,1,6,42,2018-10-03,20.81
3362,12,1,4,49,2018-10-03,46.33
3363,16,1,2,30,2018-10-03,62.59
3364,18,1,2,25,2018-10-03,29.34
3365,20,1,6,55,2018-10-03,25.56
3366,22,1,2,31,2018-10-03,28.00
3367,24,1,3,26,2018-10-03,30.09
3368,26,1,5,43,2018-10-03,29.84
3369,28,1,1,37,2018-10-03,21.73
3370,30,1,1,30,2018-10-03,33.20
3371,32,1,2,34,2018-10-03,37.01
3372,36,1,3,35,2018-10-03,31.48
3373,40,1,3,29,2018-10-03,35.94
3374,42,1,6,44,2018-10-03,13.08
3375,2,2,1,27,2018-10-03,19.73
3376,4,2,1,32,2018-10-03,22.91
3377,6,2,1,57,2018-10-03,13.12
3378,8,2,6,41,2018-10-03,20.71
3379,10,2,2,35,2018-10-03,22.11
3380,14,2,2,41,2018-10-03,35.13
3381,16,2,4,30,2018-10-03,58.35
3382,18,2,6,35,2018-10-03,33.62
3383,20,2,6,43,2018-10-03,23.23
3384,22,2,6,34,2018-10-03,25.72
3385,24,2,3,36,2018-10-03,29.89
3386,26,2,3,32,2018-10-03,27.81
3387,28,2,1,53,2018-10-03,21.93
3388,32,2,2,29,2018-10-03,33.81
3389,34,2,2,31,2018-10-03,45.92
3390,36,2,3,44,2018-10-03,32.71
3391,38,2,5,32,2018-10-03,29.31
3392,40,2,5,31,2018-10-03,34.56
3393,42,2,4,32,2018-10-03,13.52
3394,4,3,1,37,2018-10-03,19.00
3395,6,3,6,45,2018-10-03,14.76
3396,8,3,2,37,2018-10-03,18.31
3397,12,3,4,26,2018-10-03,47.91
3398,16,3,4,29,2018-10-03,60.69
3399,18,3,2,43,2018-10-03,31.71
3400,20,3,6,39,2018-10-03,26.40
3401,22,3,2,42,2018-10-03,28.70
3402,24,3,3,38,2018-10-03,33.09
3403,26,3,3,28,2018-10-03,27.04
3404,28,3,1,24,2018-10-03,24.54
3405,30,3,1,28,2018-10-03,33.51
3406,32,3,4,31,2018-10-03,34.47
3407,34,3,2,32,2018-10-03,38.72
3408,36,3,3,32,2018-10-03,34.43
3409,40,3,5,27,2018-10-03,37.59
3410,42,3,6,35,2018-10-03,11.42
3411,2,4,1,40,2018-10-03,18.74
3412,4,4,6,33,2018-10-03,19.40
3413,6,4,1,25,2018-10-03,12.90
3414,8,4,2,36,2018-10-03,19.49
3415,12,4,2,33,2018-10-03,47.58
3416,14,4,4,28,2018-10-03,32.57
3417,18,4,2,40,2018-10-03,33.50
3418,20,4,6,31,2018-10-03,25.65
3419,22,4,2,42,2018-10-03,26.67
3420,26,4,5,27,2018-10-03,29.47
3421,28,4,1,42,2018-10-03,23.72
3422,36,4,3,26,2018-10-03,32.80
3423,38,4,5,19,2018-10-03,29.19
3424,40,4,3,31,2018-10-03,33.76
3425,2,5,1,20,2018-10-03,18.45
3426,4,5,1,25,2018-10-03,19.36
3427,6,5,1,25,2018-10-03,13.95
3428,8,5,2,28,2018-10-03,17.99
3429,10,5,2,23,2018-10-03,24.33
3430,12,5,4,18,2018-10-03,44.44
3431,14,5,4,19,2018-10-03,34.31
3432,16,5,4,19,2018-10-03,61.77
3433,18,5,6,32,2018-10-03,31.21
3434,20,5,2,20,2018-10-03,25.06
3435,22,5,2,29,2018-10-03,24.86
3436,24,5,3,22,2018-10-03,29.73
3437,26,5,5,31,2018-10-03,31.23
3438,28,5,6,34,2018-10-03,20.36
3439,30,5,1,22,2018-10-03,36.17
3440,32,5,2,22,2018-10-03,36.84
3441,34,5,2,17,2018-10-03,42.17
3442,36,5,3,27,2018-10-03,34.02
3443,38,5,5,26,2018-10-03,29.20
3444,40,5,5,19,2018-10-03,33.43
3445,42,5,6,28,2018-10-03,11.34
3446,4,6,6,34,2018-10-03,19.93
3447,6,6,1,30,2018-10-03,12.92
3448,10,6,6,31,2018-10-03,22.54
3449,12,6,4,28,2018-10-03,41.64
3450,16,6,4,22,2018-10-03,63.76
3451,18,6,6,23,2018-10-03,31.60
3452,20,6,2,26,2018-10-03,23.98
3453,22,6,6,31,2018-10-03,27.78
3454,24,6,5,34,2018-10-03,28.92
3455,26,6,5,42,2018-10-03,28.19
3456,28,6,6,28,2018-10-03,22.35
3457,30,6,1,30,2018-10-03,33.75
3458,32,6,4,39,2018-10-03,31.84
3459,36,6,3,31,2018-10-03,29.69
3460,40,6,3,27,2018-10-03,33.36
3461,2,7,1,33,2018-10-03,18.81
3462,4,7,6,41,2018-10-03,20.26
3463,6,7,1,22,2018-10-03,13.18
3464,8,7,2,25,2018-10-03,19.13
3465,10,7,6,20,2018-10-03,21.70
3466,14,7,4,26,2018-10-03,33.34
3467,16,7,4,21,2018-10-03,58.09
3468,20,7,6,27,2018-10-03,23.68
3469,24,7,3,27,2018-10-03,32.72
3470,28,7,1,33,2018-10-03,20.45
3471,30,7,6,32,2018-10-03,36.19
3472,34,7,2,31,2018-10-03,42.28
3473,36,7,3,37,2018-10-03,32.15
3474,38,7,3,23,2018-10-03,26.81
3475,2,8,1,32,2018-10-03,20.57
3476,4,8,1,29,2018-10-03,22.91
3477,6,8,6,29,2018-10-03,13.99
3478,8,8,2,27,2018-10-03,19.93
3479,10,8,6,21,2018-10-03,21.45
3480,16,8,4,37,2018-10-03,54.36
3481,18,8,2,27,2018-10-03,32.11
3482,20,8,6,24,2018-10-03,23.36
3483,22,8,6,26,2018-10-03,25.55
3484,24,8,5,22,2018-10-03,30.86
3485,26,8,3,29,2018-10-03,26.86
3486,28,8,6,41,2018-10-03,22.61
3487,30,8,6,28,2018-10-03,36.78
3488,34,8,4,36,2018-10-03,44.20
3489,38,8,5,29,2018-10-03,27.82
3490,40,8,3,26,2018-10-03,35.87
3491,2,9,1,31,2018-10-03,19.54
3492,4,9,1,30,2018-10-03,22.05
3493,6,9,1,29,2018-10-03,13.12
3494,8,9,2,37,2018-10-03,19.41
3495,10,9,2,33,2018-10-03,23.80
3496,18,9,2,29,2018-10-03,32.92
3497,22,9,2,32,2018-10-03,29.82
3498,26,9,5,21,2018-10-03,30.10
3499,30,9,1,26,2018-10-03,36.77
3500,36,9,3,35,2018-10-03,31.19
3501,42,9,4,25,2018-10-03,11.75
3502,2,10,1,28,2018-10-03,17.21
3503,4,10,1,45,2018-10-03,19.77
3504,6,10,1,55,2018-10-03,12.77
3505,10,10,2,41,2018-10-03,20.35
3506,14,10,2,20,2018-10-03,36.86
3507,16,10,4,26,2018-10-03,59.06
3508,18,10,6,26,2018-10-03,34.53
3509,22,10,6,40,2018-10-03,28.20
3510,40,10,3,38,2018-10-03,33.99
3511,42,10,4,35,2018-10-03,13.02
3512,2,11,1,36,2018-10-03,18.67
3513,4,11,6,34,2018-10-03,22.28
3514,6,11,1,46,2018-10-03,12.63
3515,8,11,6,20,2018-10-03,20.04
3516,12,11,4,26,2018-10-03,48.65
3517,18,11,2,44,2018-10-03,29.33
3518,28,11,1,33,2018-10-03,23.64
3519,32,11,4,35,2018-10-03,34.24
3520,34,11,2,29,2018-10-03,45.28
3521,36,11,3,31,2018-10-03,33.43
3522,42,11,6,29,2018-10-03,12.16
3523,6,12,1,23,2018-10-03,14.66
3524,8,12,6,26,2018-10-03,19.20
3525,18,12,6,32,2018-10-03,31.02
3526,20,12,2,27,2018-10-03,24.97
3527,26,12,3,27,2018-10-03,28.16
3528,28,12,6,24,2018-10-03,23.70
3529,32,12,2,26,2018-10-03,35.02
3530,36,12,3,28,2018-10-03,30.69
3531,40,12,5,32,2018-10-03,33.38
3532,1,1,1,46,2018-10-17,16.90
3533,3,1,6,44,2018-10-17,14.65
3534,5,1,1,40,2018-10-17,18.85
3535,7,1,6,32,2018-10-17,15.10
3536,9,1,2,42,2018-10-17,15.38
3537,11,1,6,37,2018-10-17,20.58
3538,13,1,4,25,2018-10-17,41.18
3539,15,1,2,29,2018-10-17,60.32
3540,17,1,2,37,2018-10-17,41.36
3541,19,1,2,30,2018-10-17,36.55
3542,21,1,6,41,2018-10-17,43.93
3543,23,1,3,28,2018-10-17,28.80
3544,25,1,5,29,2018-10-17,24.70
3545,27,1,1,56,2018-10-17,20.56
3546,29,1,6,45,2018-10-17,15.65
3547,31,1,6,28,2018-10-17,22.25
3548,33,1,2,48,2018-10-17,31.53
3549,35,1,3,42,2018-10-17,20.37
3550,37,1,3,37,2018-10-17,30.05
3551,39,1,5,32,2018-10-17,31.10
3552,41,1,4,54,2018-10-17,11.34
3553,43,1,6,55,2018-10-17,9.15
3554,1,2,1,64,2018-10-17,16.92
3555,3,2,6,36,2018-10-17,15.08
3556,5,2,1,34,2018-10-17,18.16
3557,7,2,2,32,2018-10-17,15.66
3558,9,2,6,43,2018-10-17,15.88
3559,11,2,6,31,2018-10-17,21.23
3560,13,2,4,27,2018-10-17,39.41
3561,15,2,2,40,2018-10-17,60.27
3562,17,2,2,34,2018-10-17,38.28
3563,19,2,6,31,2018-10-17,36.36
3564,21,2,6,36,2018-10-17,50.99
3565,23,2,3,37,2018-10-17,29.82
3566,25,2,5,33,2018-10-17,24.82
3567,27,2,6,47,2018-10-17,17.36
3568,29,2,6,41,2018-10-17,15.51
3569,31,2,6,36,2018-10-17,22.08
3570,33,2,2,32,2018-10-17,27.36
3571,35,2,3,23,2018-10-17,20.31
3572,37,2,3,35,2018-10-17,29.25
3573,39,2,5,32,2018-10-17,32.91
3574,41,2,6,48,2018-10-17,10.75
3575,43,2,6,38,2018-10-17,8.11
3576,1,3,6,40,2018-10-17,16.13
3577,3,3,1,38,2018-10-17,14.63
3578,5,3,1,40,2018-10-17,18.95
3579,7,3,6,42,2018-10-17,16.38
3580,9,3,2,42,2018-10-17,14.60
3581,11,3,6,45,2018-10-17,18.04
3582,13,3,4,29,2018-10-17,37.55
3583,15,3,4,42,2018-10-17,58.68
3584,17,3,4,39,2018-10-17,39.18
3585,19,3,6,33,2018-10-17,41.10
3586,21,3,6,26,2018-10-17,48.06
3587,23,3,5,40,2018-10-17,25.85
3588,27,3,6,39,2018-10-17,19.70
3589,29,3,1,41,2018-10-17,16.55
3590,31,3,1,24,2018-10-17,22.17
3591,35,3,3,36,2018-10-17,21.51
3592,37,3,3,35,2018-10-17,28.59
3593,39,3,3,36,2018-10-17,32.44
3594,41,3,4,34,2018-10-17,10.50
3595,43,3,6,45,2018-10-17,9.80
3596,1,4,6,32,2018-10-17,16.18
3597,3,4,1,30,2018-10-17,14.33
3598,5,4,6,24,2018-10-17,18.20
3599,7,4,2,27,2018-10-17,17.35
3600,9,4,2,31,2018-10-17,16.30
3601,11,4,2,44,2018-10-17,18.98
3602,17,4,2,36,2018-10-17,44.88
3603,19,4,2,41,2018-10-17,42.86
3604,21,4,6,20,2018-10-17,44.30
3605,23,4,3,20,2018-10-17,25.87
3606,27,4,6,36,2018-10-17,17.89
3607,33,4,4,30,2018-10-17,26.29
3608,35,4,3,29,2018-10-17,20.35
3609,41,4,6,28,2018-10-17,11.72
3610,43,4,4,39,2018-10-17,8.57
3611,3,5,1,33,2018-10-17,14.01
3612,5,5,1,16,2018-10-17,18.63
3613,7,5,6,26,2018-10-17,17.02
3614,9,5,6,26,2018-10-17,14.82
3615,11,5,6,23,2018-10-17,20.26
3616,13,5,4,23,2018-10-17,38.55
3617,15,5,2,28,2018-10-17,53.40
3618,17,5,4,26,2018-10-17,42.26
3619,19,5,6,24,2018-10-17,37.21
3620,21,5,6,24,2018-10-17,51.05
3621,23,5,5,39,2018-10-17,26.42
3622,25,5,3,32,2018-10-17,26.22
3623,27,5,6,25,2018-10-17,20.26
3624,29,5,6,22,2018-10-17,15.76
3625,31,5,6,28,2018-10-17,23.54
3626,33,5,4,29,2018-10-17,28.03
3627,35,5,3,34,2018-10-17,19.16
3628,37,5,3,24,2018-10-17,25.80
3629,39,5,3,26,2018-10-17,31.38
3630,43,5,6,40,2018-10-17,8.76
3631,1,6,1,38,2018-10-17,15.82
3632,3,6,1,28,2018-10-17,14.86
3633,9,6,6,41,2018-10-17,15.40
3634,11,6,6,37,2018-10-17,19.00
3635,15,6,4,22,2018-10-17,53.28
3636,17,6,2,29,2018-10-17,38.77
3637,19,6,2,27,2018-10-17,35.19
3638,21,6,6,29,2018-10-17,46.25
3639,23,6,3,29,2018-10-17,29.34
3640,27,6,1,45,2018-10-17,19.28
3641,29,6,6,51,2018-10-17,17.67
3642,31,6,6,23,2018-10-17,24.01
3643,33,6,2,37,2018-10-17,30.09
3644,35,6,3,38,2018-10-17,21.76
3645,37,6,3,22,2018-10-17,26.30
3646,39,6,5,42,2018-10-17,32.28
3647,41,6,6,27,2018-10-17,10.71
3648,43,6,6,31,2018-10-17,8.28
3649,1,7,1,33,2018-10-17,16.67
3650,3,7,6,25,2018-10-17,15.16
3651,9,7,2,32,2018-10-17,15.07
3652,11,7,6,27,2018-10-17,21.40
3653,17,7,2,25,2018-10-17,44.69
3654,19,7,2,27,2018-10-17,36.98
3655,21,7,6,43,2018-10-17,49.66
3656,25,7,5,19,2018-10-17,22.27
3657,27,7,6,37,2018-10-17,19.77
3658,29,7,1,25,2018-10-17,16.42
3659,31,7,1,25,2018-10-17,23.81
3660,33,7,2,27,2018-10-17,28.21
3661,37,7,3,29,2018-10-17,29.99
3662,39,7,5,22,2018-10-17,33.65
3663,41,7,6,42,2018-10-17,10.56
3664,43,7,4,34,2018-10-17,9.39
3665,1,8,1,34,2018-10-17,14.93
3666,3,8,6,34,2018-10-17,15.15
3667,5,8,6,27,2018-10-17,17.58
3668,7,8,6,29,2018-10-17,16.11
3669,9,8,2,28,2018-10-17,13.85
3670,11,8,6,32,2018-10-17,18.41
3671,13,8,2,29,2018-10-17,34.76
3672,21,8,6,25,2018-10-17,42.92
3673,23,8,5,50,2018-10-17,26.18
3674,25,8,5,29,2018-10-17,22.10
3675,27,8,6,41,2018-10-17,19.71
3676,29,8,6,46,2018-10-17,17.80
3677,37,8,3,28,2018-10-17,30.24
3678,39,8,5,33,2018-10-17,32.62
3679,41,8,6,32,2018-10-17,10.27
3680,43,8,4,49,2018-10-17,9.74
3681,3,9,6,34,2018-10-17,13.27
3682,5,9,6,29,2018-10-17,16.58
3683,7,9,2,24,2018-10-17,16.77
3684,11,9,6,40,2018-10-17,20.49
3685,13,9,2,24,2018-10-17,38.66
3686,15,9,2,25,2018-10-17,55.19
3687,19,9,6,19,2018-10-17,38.78
3688,21,9,6,25,2018-10-17,50.09
3689,25,9,3,29,2018-10-17,24.84
3690,29,9,1,39,2018-10-17,17.59
3691,31,9,1,19,2018-10-17,23.88
3692,33,9,4,34,2018-10-17,28.02
3693,35,9,3,31,2018-10-17,19.19
3694,37,9,3,29,2018-10-17,29.25
3695,39,9,3,25,2018-10-17,33.20
3696,41,9,6,37,2018-10-17,11.50
3697,43,9,4,33,2018-10-17,9.73
3698,3,10,6,44,2018-10-17,13.71
3699,5,10,1,23,2018-10-17,17.93
3700,7,10,6,40,2018-10-17,16.18
3701,11,10,6,40,2018-10-17,21.67
3702,15,10,2,32,2018-10-17,58.28
3703,17,10,4,24,2018-10-17,41.34
3704,19,10,6,35,2018-10-17,38.30
3705,21,10,2,28,2018-10-17,52.16
3706,25,10,3,29,2018-10-17,25.22
3707,27,10,1,34,2018-10-17,17.47
3708,29,10,6,21,2018-10-17,15.82
3709,31,10,6,36,2018-10-17,21.62
3710,33,10,2,26,2018-10-17,26.77
3711,37,10,3,26,2018-10-17,29.38
3712,41,10,4,23,2018-10-17,11.35
3713,43,10,4,35,2018-10-17,9.04
3714,1,11,1,41,2018-10-17,16.76
3715,3,11,1,38,2018-10-17,14.15
3716,5,11,1,41,2018-10-17,18.60
3717,9,11,2,28,2018-10-17,14.04
3718,11,11,6,31,2018-10-17,21.98
3719,13,11,2,37,2018-10-17,39.55
3720,15,11,2,29,2018-10-17,53.42
3721,19,11,2,27,2018-10-17,37.46
3722,23,11,3,33,2018-10-17,29.43
3723,25,11,5,44,2018-10-17,21.71
3724,27,11,6,28,2018-10-17,18.66
3725,29,11,6,28,2018-10-17,15.46
3726,33,11,4,33,2018-10-17,29.76
3727,35,11,3,22,2018-10-17,20.94
3728,37,11,3,31,2018-10-17,26.59
3729,39,11,5,28,2018-10-17,28.39
3730,41,11,4,27,2018-10-17,12.00
3731,43,11,4,33,2018-10-17,9.70
3732,5,12,6,15,2018-10-17,17.94
3733,9,12,6,36,2018-10-17,15.52
3734,11,12,2,49,2018-10-17,20.26
3735,13,12,4,25,2018-10-17,34.43
3736,15,12,4,23,2018-10-17,56.28
3737,19,12,6,21,2018-10-17,41.92
3738,23,12,3,26,2018-10-17,26.87
3739,25,12,3,32,2018-10-17,24.85
3740,31,12,1,25,2018-10-17,22.47
3741,33,12,4,33,2018-10-17,31.59
3742,39,12,5,15,2018-10-17,30.23
3743,43,12,4,34,2018-10-17,8.20
3744,2,1,1,31,2018-11-05,18.50
3745,4,1,6,57,2018-11-05,20.13
3746,6,1,6,55,2018-11-05,14.66
3747,8,1,6,54,2018-11-05,19.68
3748,10,1,2,31,2018-11-05,23.73
3749,12,1,2,33,2018-11-05,44.00
3750,14,1,2,40,2018-11-05,32.51
3751,16,1,2,32,2018-11-05,58.75
3752,18,1,6,42,2018-11-05,30.90
3753,20,1,6,38,2018-11-05,22.98
3754,22,1,2,52,2018-11-05,25.85
3755,24,1,3,32,2018-11-05,30.92
3756,26,1,5,40,2018-11-05,28.97
3757,28,1,6,44,2018-11-05,23.83
3758,30,1,6,38,2018-11-05,34.54
3759,32,1,2,50,2018-11-05,33.50
3760,34,1,2,51,2018-11-05,44.66
3761,36,1,3,34,2018-11-05,34.97
3762,38,1,5,40,2018-11-05,28.65
3763,40,1,3,32,2018-11-05,34.46
3764,42,1,6,50,2018-11-05,11.48
3765,2,2,6,47,2018-11-05,19.93
3766,4,2,1,53,2018-11-05,22.96
3767,6,2,6,50,2018-11-05,12.92
3768,8,2,6,55,2018-11-05,17.80
3769,10,2,6,40,2018-11-05,22.69
3770,12,2,4,46,2018-11-05,47.93
3771,14,2,2,31,2018-11-05,32.05
3772,16,2,4,37,2018-11-05,56.06
3773,18,2,6,45,2018-11-05,35.11
3774,20,2,2,48,2018-11-05,24.16
3775,22,2,2,59,2018-11-05,26.30
3776,24,2,5,20,2018-11-05,31.26
3777,26,2,5,40,2018-11-05,28.80
3778,28,2,1,54,2018-11-05,22.18
3779,30,2,6,37,2018-11-05,35.09
3780,32,2,4,53,2018-11-05,36.32
3781,34,2,2,37,2018-11-05,42.02
3782,36,2,3,41,2018-11-05,33.78
3783,38,2,3,38,2018-11-05,30.81
3784,40,2,3,31,2018-11-05,34.55
3785,42,2,6,50,2018-11-05,11.61
3786,2,3,1,49,2018-11-05,18.87
3787,4,3,6,46,2018-11-05,22.71
3788,6,3,6,22,2018-11-05,13.65
3789,8,3,6,34,2018-11-05,17.53
3790,10,3,6,50,2018-11-05,21.65
3791,12,3,2,33,2018-11-05,44.61
3792,14,3,4,41,2018-11-05,32.65
3793,16,3,4,31,2018-11-05,56.36
3794,18,3,6,45,2018-11-05,32.44
3795,20,3,2,33,2018-11-05,22.18
3796,22,3,2,54,2018-11-05,26.94
3797,24,3,5,26,2018-11-05,30.96
3798,26,3,3,40,2018-11-05,29.57
3799,28,3,6,52,2018-11-05,20.26
3800,30,3,6,33,2018-11-05,32.66
3801,32,3,2,21,2018-11-05,34.25
3802,34,3,4,25,2018-11-05,38.96
3803,36,3,3,47,2018-11-05,34.51
3804,38,3,5,43,2018-11-05,31.28
3805,40,3,3,36,2018-11-05,34.67
3806,42,3,6,49,2018-11-05,12.83
3807,4,4,6,30,2018-11-05,21.78
3808,6,4,1,47,2018-11-05,14.43
3809,8,4,2,27,2018-11-05,19.05
3810,10,4,6,28,2018-11-05,24.65
3811,14,4,2,29,2018-11-05,33.45
3812,16,4,2,31,2018-11-05,65.23
3813,18,4,2,32,2018-11-05,30.93
3814,20,4,6,35,2018-11-05,25.86
3815,22,4,6,33,2018-11-05,27.90
3816,24,4,5,30,2018-11-05,27.90
3817,26,4,3,29,2018-11-05,28.26
3818,28,4,1,34,2018-11-05,22.73
3819,30,4,6,29,2018-11-05,39.14
3820,32,4,2,44,2018-11-05,35.49
3821,34,4,2,42,2018-11-05,42.08
3822,36,4,3,28,2018-11-05,29.59
3823,40,4,3,36,2018-11-05,37.30
3824,42,4,4,49,2018-11-05,11.65
3825,2,5,1,30,2018-11-05,19.39
3826,4,5,1,35,2018-11-05,21.28
3827,6,5,6,30,2018-11-05,13.77
3828,10,5,2,30,2018-11-05,21.65
3829,16,5,4,27,2018-11-05,54.20
3830,18,5,2,30,2018-11-05,30.49
3831,20,5,6,32,2018-11-05,22.80
3832,26,5,5,29,2018-11-05,28.95
3833,28,5,1,33,2018-11-05,23.55
3834,32,5,2,29,2018-11-05,35.33
3835,36,5,3,25,2018-11-05,30.07
3836,2,6,6,46,2018-11-05,20.21
3837,4,6,6,36,2018-11-05,21.30
3838,6,6,1,38,2018-11-05,12.17
3839,8,6,2,45,2018-11-05,17.85
3840,10,6,2,43,2018-11-05,22.22
3841,12,6,2,30,2018-11-05,43.98
3842,14,6,2,26,2018-11-05,34.17
3843,16,6,4,35,2018-11-05,57.24
3844,18,6,2,42,2018-11-05,34.90
3845,20,6,2,29,2018-11-05,24.83
3846,22,6,2,25,2018-11-05,25.62
3847,24,6,3,28,2018-11-05,32.84
3848,26,6,5,19,2018-11-05,29.81
3849,28,6,1,24,2018-11-05,22.83
3850,30,6,1,33,2018-11-05,36.04
3851,32,6,2,25,2018-11-05,31.98
3852,34,6,4,33,2018-11-05,44.39
3853,36,6,3,34,2018-11-05,32.99
3854,38,6,5,44,2018-11-05,31.25
3855,40,6,5,33,2018-11-05,36.77
3856,42,6,4,47,2018-11-05,12.42
3857,2,7,1,23,2018-11-05,19.94
3858,4,7,1,29,2018-11-05,19.92
3859,6,7,6,22,2018-11-05,12.34
3860,8,7,2,41,2018-11-05,18.31
3861,10,7,6,26,2018-11-05,22.78
3862,12,7,4,44,2018-11-05,43.71
3863,16,7,4,38,2018-11-05,65.61
3864,18,7,2,41,2018-11-05,32.05
3865,20,7,2,30,2018-11-05,23.17
3866,22,7,2,53,2018-11-05,26.78
3867,26,7,5,53,2018-11-05,27.24
3868,28,7,6,23,2018-11-05,20.94
3869,30,7,6,27,2018-11-05,36.94
3870,32,7,4,37,2018-11-05,37.01
3871,36,7,3,21,2018-11-05,33.99
3872,40,7,5,36,2018-11-05,33.33
3873,42,7,4,48,2018-11-05,13.44
3874,2,8,1,41,2018-11-05,19.22
3875,4,8,1,36,2018-11-05,18.99
3876,6,8,1,33,2018-11-05,14.47
3877,8,8,2,46,2018-11-05,17.53
3878,10,8,6,34,2018-11-05,22.40
3879,12,8,2,41,2018-11-05,46.99
3880,14,8,4,44,2018-11-05,33.36
3881,16,8,2,30,2018-11-05,65.93
3882,18,8,2,31,2018-11-05,29.53
3883,20,8,2,33,2018-11-05,23.52
3884,22,8,2,43,2018-11-05,30.23
3885,26,8,3,41,2018-11-05,28.03
3886,28,8,6,27,2018-11-05,20.89
3887,30,8,6,45,2018-11-05,37.36
3888,32,8,4,35,2018-11-05,36.92
3889,34,8,4,25,2018-11-05,39.08
3890,36,8,3,36,2018-11-05,35.17
3891,38,8,5,33,2018-11-05,30.48
3892,40,8,3,44,2018-11-05,38.32
3893,42,8,6,31,2018-11-05,13.28
3894,2,9,6,30,2018-11-05,18.73
3895,4,9,1,32,2018-11-05,20.44
3896,6,9,1,33,2018-11-05,12.70
3897,8,9,2,25,2018-11-05,18.91
3898,12,9,2,28,2018-11-05,43.02
3899,14,9,2,19,2018-11-05,36.49
3900,16,9,2,33,2018-11-05,63.36
3901,20,9,6,38,2018-11-05,22.99
3902,22,9,6,35,2018-11-05,26.01
3903,24,9,3,33,2018-11-05,31.51
3904,26,9,3,21,2018-11-05,26.88
3905,28,9,6,40,2018-11-05,21.13
3906,32,9,2,16,2018-11-05,34.69
3907,34,9,2,29,2018-11-05,46.13
3908,38,9,3,28,2018-11-05,27.47
3909,40,9,5,28,2018-11-05,33.97
3910,2,10,1,29,2018-11-05,18.61
3911,4,10,1,48,2018-11-05,18.98
3912,6,10,6,48,2018-11-05,12.84
3913,8,10,6,52,2018-11-05,18.13
3914,10,10,6,31,2018-11-05,22.38
3915,12,10,2,22,2018-11-05,45.54
3916,14,10,2,32,2018-11-05,34.54
3917,16,10,4,30,2018-11-05,65.64
3918,18,10,6,33,2018-11-05,30.46
3919,20,10,2,35,2018-11-05,23.95
3920,22,10,2,36,2018-11-05,26.86
3921,24,10,5,33,2018-11-05,32.14
3922,26,10,5,43,2018-11-05,27.90
3923,28,10,1,49,2018-11-05,23.87
3924,30,10,6,39,2018-11-05,34.32
3925,32,10,4,27,2018-11-05,32.71
3926,34,10,2,23,2018-11-05,43.93
3927,36,10,3,41,2018-11-05,33.06
3928,38,10,5,28,2018-11-05,31.42
3929,40,10,5,29,2018-11-05,39.32
3930,42,10,6,28,2018-11-05,12.52
3931,2,11,6,33,2018-11-05,17.24
3932,4,11,1,29,2018-11-05,22.41
3933,6,11,6,31,2018-11-05,12.61
3934,8,11,6,30,2018-11-05,20.67
3935,10,11,6,38,2018-11-05,21.21
3936,12,11,2,34,2018-11-05,44.75
3937,14,11,4,31,2018-11-05,34.10
3938,16,11,2,51,2018-11-05,65.89
3939,18,11,2,32,2018-11-05,29.49
3940,20,11,2,52,2018-11-05,22.20
3941,22,11,2,48,2018-11-05,30.16
3942,24,11,3,33,2018-11-05,29.98
3943,26,11,3,40,2018-11-05,29.61
3944,28,11,6,29,2018-11-05,24.24
3945,30,11,1,25,2018-11-05,38.50
3946,38,11,5,36,2018-11-05,30.09
3947,40,11,5,55,2018-11-05,34.32
3948,42,11,6,21,2018-11-05,11.51
3949,2,12,6,26,2018-11-05,17.57
3950,4,12,6,44,2018-11-05,20.30
3951,8,12,6,41,2018-11-05,20.17
3952,10,12,6,26,2018-11-05,20.91
3953,12,12,2,30,2018-11-05,40.24
3954,14,12,4,21,2018-11-05,34.42
3955,16,12,4,35,2018-11-05,65.67
3956,18,12,2,20,2018-11-05,29.94
3957,20,12,6,32,2018-11-05,23.35
3958,22,12,6,45,2018-11-05,27.07
3959,24,12,3,26,2018-11-05,28.59
3960,28,12,1,32,2018-11-05,23.45
3961,30,12,1,38,2018-11-05,39.18
3962,34,12,2,26,2018-11-05,39.45
3963,36,12,3,25,2018-11-05,32.72
3964,38,12,3,36,2018-11-05,28.91
3965,42,12,4,53,2018-11-05,13.55
3966,1,1,6,45,2018-11-19,17.11
3967,3,1,1,63,2018-11-19,14.76
3968,5,1,1,39,2018-11-19,16.28
3969,7,1,6,45,2018-11-19,15.98
3970,9,1,2,44,2018-11-19,14.31
3971,11,1,6,57,2018-11-19,21.04
3972,13,1,2,41,2018-11-19,38.07
3973,15,1,4,42,2018-11-19,56.03
3974,17,1,4,28,2018-11-19,43.36
3975,19,1,2,24,2018-11-19,41.63
3976,21,1,2,24,2018-11-19,45.40
3977,23,1,5,52,2018-11-19,26.02
3978,25,1,5,35,2018-11-19,24.34
3979,27,1,1,61,2018-11-19,18.82
3980,29,1,1,42,2018-11-19,18.61
3981,31,1,1,49,2018-11-19,22.25
3982,33,1,2,42,2018-11-19,31.40
3983,35,1,3,56,2018-11-19,19.40
3984,37,1,3,40,2018-11-19,25.58
3985,39,1,5,38,2018-11-19,33.51
3986,41,1,6,53,2018-11-19,10.47
3987,43,1,6,65,2018-11-19,8.40
3988,1,2,1,74,2018-11-19,15.97
3989,3,2,6,66,2018-11-19,14.18
3990,5,2,6,38,2018-11-19,15.82
3991,7,2,2,38,2018-11-19,16.41
3992,9,2,2,48,2018-11-19,13.92
3993,11,2,2,60,2018-11-19,19.84
3994,13,2,4,28,2018-11-19,38.66
3995,15,2,2,36,2018-11-19,57.71
3996,17,2,2,35,2018-11-19,39.59
3997,19,2,2,34,2018-11-19,40.64
3998,21,2,2,34,2018-11-19,47.94
3999,23,2,3,43,2018-11-19,27.03
4000,25,2,5,34,2018-11-19,26.31
4001,27,2,1,62,2018-11-19,19.45
4002,29,2,1,61,2018-11-19,18.63
4003,31,2,1,27,2018-11-19,21.75
4004,33,2,2,61,2018-11-19,26.18
4005,35,2,3,42,2018-11-19,19.30
4006,37,2,3,35,2018-11-19,29.50
4007,39,2,3,48,2018-11-19,29.40
4008,41,2,6,37,2018-11-19,12.10
4009,43,2,6,78,2018-11-19,8.72
4010,1,3,6,39,2018-11-19,16.18
4011,3,3,6,52,2018-11-19,15.09
4012,5,3,6,39,2018-11-19,18.69
4013,7,3,2,43,2018-11-19,17.01
4014,9,3,2,27,2018-11-19,14.91
4015,11,3,6,37,2018-11-19,18.24
4016,13,3,4,24,2018-11-19,36.21
4017,15,3,2,40,2018-11-19,53.59
4018,17,3,2,39,2018-11-19,44.63
4019,19,3,2,31,2018-11-19,35.83
4020,23,3,5,40,2018-11-19,28.18
4021,25,3,3,46,2018-11-19,23.44
4022,27,3,6,44,2018-11-19,18.57
4023,29,3,6,50,2018-11-19,17.86
4024,31,3,6,39,2018-11-19,22.37
4025,33,3,2,47,2018-11-19,26.92
4026,35,3,3,49,2018-11-19,19.20
4027,37,3,3,31,2018-11-19,26.41
4028,39,3,5,35,2018-11-19,33.83
4029,41,3,4,47,2018-11-19,10.38
4030,43,3,4,61,2018-11-19,8.77
4031,3,4,1,32,2018-11-19,13.23
4032,5,4,6,29,2018-11-19,16.62
4033,7,4,6,27,2018-11-19,17.12
4034,9,4,6,42,2018-11-19,13.50
4035,11,4,6,37,2018-11-19,19.34
4036,13,4,4,30,2018-11-19,36.53
4037,15,4,4,31,2018-11-19,60.20
4038,21,4,2,33,2018-11-19,50.82
4039,23,4,5,37,2018-11-19,29.88
4040,25,4,5,47,2018-11-19,23.35
4041,27,4,1,35,2018-11-19,18.75
4042,29,4,6,40,2018-11-19,15.51
4043,31,4,1,30,2018-11-19,26.19
4044,33,4,2,35,2018-11-19,31.69
4045,37,4,3,40,2018-11-19,27.02
4046,39,4,3,35,2018-11-19,28.79
4047,41,4,6,40,2018-11-19,11.51
4048,43,4,6,53,2018-11-19,8.92
4049,1,5,6,42,2018-11-19,15.56
4050,9,5,2,36,2018-11-19,14.16
4051,11,5,2,30,2018-11-19,20.34
4052,13,5,2,25,2018-11-19,36.13
4053,19,5,6,22,2018-11-19,40.18
4054,23,5,5,32,2018-11-19,25.90
4055,27,5,1,30,2018-11-19,19.54
4056,29,5,6,21,2018-11-19,15.98
4057,31,5,1,26,2018-11-19,24.28
4058,33,5,2,20,2018-11-19,28.80
4059,35,5,3,28,2018-11-19,22.43
4060,41,5,4,35,2018-11-19,11.69
4061,43,5,6,26,2018-11-19,8.45
4062,1,6,1,32,2018-11-19,17.37
4063,3,6,6,38,2018-11-19,15.39
4064,5,6,6,43,2018-11-19,15.80
4065,7,6,2,41,2018-11-19,17.08
4066,9,6,6,24,2018-11-19,15.87
4067,11,6,6,38,2018-11-19,18.97
4068,13,6,2,29,2018-11-19,37.69
4069,17,6,4,36,2018-11-19,43.99
4070,19,6,6,26,2018-11-19,41.79
4071,21,6,6,31,2018-11-19,49.77
4072,23,6,3,43,2018-11-19,28.27
4073,25,6,3,28,2018-11-19,25.25
4074,27,6,6,54,2018-11-19,18.17
4075,29,6,1,32,2018-11-19,17.53
4076,31,6,1,33,2018-11-19,25.30
4077,33,6,2,32,2018-11-19,30.13
4078,35,6,3,29,2018-11-19,22.81
4079,37,6,3,36,2018-11-19,27.62
4080,39,6,5,41,2018-11-19,33.27
4081,41,6,6,44,2018-11-19,11.43
4082,43,6,6,42,2018-11-19,8.97
4083,1,7,6,25,2018-11-19,15.79
4084,3,7,1,43,2018-11-19,15.22
4085,5,7,1,47,2018-11-19,17.95
4086,7,7,6,39,2018-11-19,15.40
4087,9,7,6,35,2018-11-19,15.46
4088,11,7,2,38,2018-11-19,21.85
4089,13,7,4,40,2018-11-19,40.88
4090,15,7,2,35,2018-11-19,60.38
4091,17,7,2,22,2018-11-19,45.48
4092,21,7,2,20,2018-11-19,51.31
4093,23,7,5,43,2018-11-19,24.92
4094,25,7,3,27,2018-11-19,25.41
4095,27,7,6,49,2018-11-19,19.19
4096,29,7,1,33,2018-11-19,15.52
4097,31,7,1,32,2018-11-19,22.11
4098,33,7,4,29,2018-11-19,29.70
4099,35,7,3,50,2018-11-19,22.82
4100,37,7,3,39,2018-11-19,24.84
4101,39,7,3,24,2018-11-19,28.96
4102,41,7,4,60,2018-11-19,11.31
4103,43,7,4,43,2018-11-19,9.55
4104,1,8,1,38,2018-11-19,15.37
4105,3,8,6,45,2018-11-19,14.96
4106,5,8,1,30,2018-11-19,16.35
4107,9,8,2,41,2018-11-19,14.92
4108,11,8,6,37,2018-11-19,21.24
4109,13,8,2,20,2018-11-19,36.11
4110,15,8,2,43,2018-11-19,54.61
4111,17,8,2,39,2018-11-19,38.52
4112,19,8,6,33,2018-11-19,40.08
4113,21,8,6,25,2018-11-19,49.48
4114,23,8,3,38,2018-11-19,25.84
4115,25,8,3,32,2018-11-19,24.90
4116,27,8,1,50,2018-11-19,17.97
4117,29,8,1,39,2018-11-19,18.18
4118,31,8,6,42,2018-11-19,24.41
4119,33,8,2,41,2018-11-19,29.79
4120,35,8,3,53,2018-11-19,19.81
4121,37,8,3,34,2018-11-19,27.28
4122,39,8,5,27,2018-11-19,30.70
4123,41,8,6,51,2018-11-19,10.61
4124,43,8,6,42,2018-11-19,9.22
4125,1,9,1,30,2018-11-19,17.19
4126,3,9,1,27,2018-11-19,14.47
4127,5,9,6,32,2018-11-19,18.02
4128,7,9,2,30,2018-11-19,14.86
4129,9,9,6,53,2018-11-19,15.10
4130,11,9,6,25,2018-11-19,21.82
4131,13,9,2,30,2018-11-19,37.01
4132,17,9,2,18,2018-11-19,43.67
4133,23,9,5,30,2018-11-19,30.08
4134,27,9,6,30,2018-11-19,17.21
4135,29,9,6,27,2018-11-19,16.85
4136,31,9,6,20,2018-11-19,23.99
4137,35,9,3,36,2018-11-19,19.51
4138,37,9,3,36,2018-11-19,28.36
4139,41,9,4,31,2018-11-19,10.56
4140,43,9,4,35,2018-11-19,9.06
4141,1,10,1,44,2018-11-19,17.15
4142,3,10,1,33,2018-11-19,14.44
4143,5,10,6,28,2018-11-19,18.08
4144,9,10,6,42,2018-11-19,15.51
4145,11,10,6,33,2018-11-19,21.19
4146,13,10,2,31,2018-11-19,38.27
4147,15,10,4,26,2018-11-19,52.25
4148,19,10,6,29,2018-11-19,35.88
4149,23,10,3,47,2018-11-19,27.17
4150,25,10,5,33,2018-11-19,25.00
4151,27,10,6,51,2018-11-19,19.65
4152,29,10,1,41,2018-11-19,17.36
4153,33,10,4,34,2018-11-19,29.68
4154,35,10,3,36,2018-11-19,20.52
4155,37,10,3,28,2018-11-19,29.58
4156,39,10,5,34,2018-11-19,30.71
4157,41,10,4,34,2018-11-19,11.46
4158,43,10,6,63,2018-11-19,8.67
4159,1,11,1,40,2018-11-19,15.68
4160,3,11,1,38,2018-11-19,15.50
4161,5,11,6,37,2018-11-19,15.79
4162,7,11,6,50,2018-11-19,14.80
4163,9,11,6,35,2018-11-19,13.65
4164,11,11,2,34,2018-11-19,19.38
4165,13,11,4,21,2018-11-19,40.39
4166,17,11,4,31,2018-11-19,39.80
4167,19,11,2,22,2018-11-19,41.72
4168,21,11,6,32,2018-11-19,51.69
4169,23,11,5,28,2018-11-19,27.61
4170,25,11,5,26,2018-11-19,23.30
4171,27,11,1,51,2018-11-19,17.68
4172,29,11,1,35,2018-11-19,16.98
4173,31,11,6,46,2018-11-19,23.03
4174,33,11,2,32,2018-11-19,29.56
4175,35,11,3,30,2018-11-19,19.36
4176,39,11,5,31,2018-11-19,29.38
4177,41,11,6,49,2018-11-19,10.55
4178,43,11,4,61,2018-11-19,9.73
4179,1,12,6,40,2018-11-19,15.23
4180,3,12,1,38,2018-11-19,14.99
4181,5,12,1,26,2018-11-19,18.06
4182,7,12,6,40,2018-11-19,17.34
4183,9,12,2,27,2018-11-19,14.05
4184,11,12,6,41,2018-11-19,18.19
4185,17,12,2,35,2018-11-19,44.29
4186,21,12,6,17,2018-11-19,44.02
4187,23,12,5,24,2018-11-19,26.19
4188,27,12,1,49,2018-11-19,19.48
4189,29,12,1,48,2018-11-19,17.86
4190,31,12,1,31,2018-11-19,24.52
4191,33,12,4,21,2018-11-19,31.71
4192,35,12,3,37,2018-11-19,20.79
4193,37,12,3,30,2018-11-19,27.90
4194,41,12,4,42,2018-11-19,10.84
4195,43,12,4,36,2018-11-19,8.80
4196,2,1,6,40,2018-12-03,17.69
4197,4,1,1,40,2018-12-03,21.83
4198,6,1,1,38,2018-12-03,14.33
4199,8,1,2,41,2018-12-03,19.68
4200,10,1,6,33,2018-12-03,23.65
4201,12,1,2,32,2018-12-03,47.53
4202,14,1,4,33,2018-12-03,31.22
4203,16,1,2,25,2018-12-03,54.35
4204,18,1,6,32,2018-12-03,29.52
4205,20,1,2,32,2018-12-03,22.87
4206,22,1,6,43,2018-12-03,29.84
4207,24,1,3,25,2018-12-03,32.71
4208,26,1,5,44,2018-12-03,27.62
4209,28,1,1,46,2018-12-03,23.33
4210,30,1,6,40,2018-12-03,38.17
4211,32,1,4,31,2018-12-03,31.52
4212,34,1,4,29,2018-12-03,44.61
4213,36,1,3,36,2018-12-03,32.73
4214,38,1,5,34,2018-12-03,26.39
4215,40,1,5,38,2018-12-03,38.23
4216,42,1,4,38,2018-12-03,12.58
4217,2,2,6,29,2018-12-03,18.12
4218,4,2,6,56,2018-12-03,21.81
4219,6,2,6,72,2018-12-03,12.20
4220,8,2,2,55,2018-12-03,19.96
4221,10,2,2,43,2018-12-03,21.51
4222,12,2,2,30,2018-12-03,46.64
4223,14,2,4,22,2018-12-03,33.50
4224,16,2,4,22,2018-12-03,61.45
4225,18,2,2,43,2018-12-03,34.80
4226,20,2,2,30,2018-12-03,23.34
4227,22,2,6,28,2018-12-03,26.91
4228,24,2,3,36,2018-12-03,31.14
4229,26,2,3,42,2018-12-03,29.53
4230,28,2,6,33,2018-12-03,20.70
4231,30,2,6,37,2018-12-03,36.74
4232,32,2,2,37,2018-12-03,35.67
4233,34,2,2,26,2018-12-03,39.25
4234,36,2,3,27,2018-12-03,32.75
4235,38,2,3,20,2018-12-03,29.76
4236,40,2,3,36,2018-12-03,37.78
4237,42,2,6,47,2018-12-03,12.76
4238,4,3,1,54,2018-12-03,21.00
4239,6,3,1,34,2018-12-03,12.96
4240,8,3,2,49,2018-12-03,19.97
4241,10,3,2,32,2018-12-03,20.30
4242,16,3,2,39,2018-12-03,62.88
4243,20,3,2,41,2018-12-03,22.00
4244,22,3,2,39,2018-12-03,28.27
4245,26,3,5,29,2018-12-03,30.43
4246,28,3,1,36,2018-12-03,20.72
4247,32,3,4,37,2018-12-03,34.88
4248,36,3,3,37,2018-12-03,35.62
4249,38,3,5,30,2018-12-03,31.23
4250,40,3,5,38,2018-12-03,33.09
4251,2,4,1,30,2018-12-03,20.17
4252,4,4,6,54,2018-12-03,19.42
4253,6,4,1,35,2018-12-03,13.52
4254,12,4,2,20,2018-12-03,45.28
4255,18,4,2,25,2018-12-03,31.09
4256,22,4,6,32,2018-12-03,29.04
4257,26,4,5,25,2018-12-03,29.73
4258,28,4,1,34,2018-12-03,21.12
4259,36,4,3,37,2018-12-03,32.14
4260,38,4,3,29,2018-12-03,31.45
4261,40,4,3,24,2018-12-03,35.39
4262,42,4,4,26,2018-12-03,13.43
4263,4,5,6,36,2018-12-03,20.96
4264,8,5,6,26,2018-12-03,18.38
4265,10,5,6,25,2018-12-03,21.29
4266,12,5,2,35,2018-12-03,48.17
4267,14,5,2,25,2018-12-03,34.15
4268,22,5,2,38,2018-12-03,24.87
4269,24,5,3,27,2018-12-03,32.76
4270,30,5,1,24,2018-12-03,33.38
4271,34,5,2,30,2018-12-03,43.20
4272,38,5,3,33,2018-12-03,31.78
4273,40,5,5,28,2018-12-03,33.87
4274,42,5,6,26,2018-12-03,12.03
4275,4,6,6,44,2018-12-03,22.38
4276,6,6,6,35,2018-12-03,12.20
4277,10,6,2,23,2018-12-03,21.75
4278,14,6,2,31,2018-12-03,36.36
4279,16,6,4,29,2018-12-03,64.68
4280,20,6,2,25,2018-12-03,26.21
4281,24,6,5,35,2018-12-03,30.36
4282,30,6,1,32,2018-12-03,38.55
4283,32,6,4,35,2018-12-03,36.63
4284,36,6,3,27,2018-12-03,30.56
4285,40,6,5,37,2018-12-03,34.82
4286,42,6,4,25,2018-12-03,13.07
4287,2,7,6,28,2018-12-03,17.98
4288,4,7,6,37,2018-12-03,22.44
4289,8,7,2,23,2018-12-03,18.00
4290,12,7,2,26,2018-12-03,44.68
4291,14,7,2,31,2018-12-03,34.33
4292,16,7,2,25,2018-12-03,60.11
4293,18,7,6,34,2018-12-03,33.96
4294,20,7,2,23,2018-12-03,26.38
4295,22,7,6,26,2018-12-03,28.87
4296,24,7,5,32,2018-12-03,30.39
4297,28,7,6,35,2018-12-03,24.30
4298,30,7,6,28,2018-12-03,34.36
4299,32,7,4,21,2018-12-03,32.10
4300,34,7,2,29,2018-12-03,40.93
4301,36,7,3,33,2018-12-03,31.56
4302,38,7,3,43,2018-12-03,30.76
4303,42,7,4,35,2018-12-03,13.02
4304,2,8,1,24,2018-12-03,19.60
4305,6,8,1,35,2018-12-03,12.90
4306,8,8,6,42,2018-12-03,18.91
4307,14,8,2,26,2018-12-03,32.06
4308,22,8,6,34,2018-12-03,29.39
4309,24,8,5,27,2018-12-03,33.64
4310,26,8,5,39,2018-12-03,31.63
4311,28,8,6,38,2018-12-03,21.47
4312,32,8,4,28,2018-12-03,31.14
4313,36,8,3,26,2018-12-03,30.33
4314,42,8,6,27,2018-12-03,13.06
4315,4,9,1,29,2018-12-03,20.85
4316,6,9,1,29,2018-12-03,14.81
4317,8,9,2,24,2018-12-03,18.10
4318,10,9,6,26,2018-12-03,21.08
4319,18,9,2,38,2018-12-03,31.04
4320,22,9,2,27,2018-12-03,27.15
4321,30,9,6,34,2018-12-03,35.62
4322,32,9,2,25,2018-12-03,36.25
4323,36,9,3,29,2018-12-03,32.68
4324,40,9,5,32,2018-12-03,32.64
4325,42,9,6,33,2018-12-03,11.83
4326,4,10,1,23,2018-12-03,22.44
4327,6,10,1,32,2018-12-03,13.75
4328,8,10,2,29,2018-12-03,17.61
4329,20,10,6,22,2018-12-03,22.24
4330,22,10,2,26,2018-12-03,26.93
4331,26,10,3,27,2018-12-03,30.13
4332,28,10,1,31,2018-12-03,22.04
4333,30,10,1,26,2018-12-03,35.19
4334,34,10,2,22,2018-12-03,44.26
4335,36,10,3,29,2018-12-03,30.17
4336,38,10,3,32,2018-12-03,27.72
4337,42,10,4,28,2018-12-03,12.97
4338,4,11,1,39,2018-12-03,21.97
4339,6,11,6,20,2018-12-03,14.66
4340,8,11,6,29,2018-12-03,19.54
4341,14,11,2,30,2018-12-03,36.64
4342,20,11,6,34,2018-12-03,24.96
4343,22,11,6,26,2018-12-03,26.74
4344,24,11,5,33,2018-12-03,29.15
4345,30,11,6,26,2018-12-03,34.78
4346,32,11,2,43,2018-12-03,34.17
4347,34,11,2,29,2018-12-03,41.56
4348,36,11,3,40,2018-12-03,32.40
4349,40,11,3,25,2018-12-03,37.65
4350,42,11,4,26,2018-12-03,13.65
4351,6,12,6,45,2018-12-03,12.94
4352,20,12,6,29,2018-12-03,22.20
4353,24,12,3,26,2018-12-03,30.18
4354,26,12,3,34,2018-12-03,27.58
4355,28,12,1,26,2018-12-03,22.49
4356,30,12,1,21,2018-12-03,38.07
4357,32,12,2,31,2018-12-03,36.40
4358,36,12,3,23,2018-12-03,31.20
4359,40,12,3,34,2018-12-03,32.44
4360,42,12,6,26,2018-12-03,12.33
4361,1,1,1,57,2018-12-17,15.84
4362,3,1,6,48,2018-12-17,13.07
4363,5,1,1,36,2018-12-17,17.18
4364,7,1,6,44,2018-12-17,15.39
4365,9,1,2,47,2018-12-17,15.10
4366,11,1,2,51,2018-12-17,18.84
4367,17,1,2,27,2018-12-17,43.48
4368,19,1,6,49,2018-12-17,39.66
4369,21,1,2,31,2018-12-17,48.53
4370,23,1,5,47,2018-12-17,25.27
4371,25,1,5,24,2018-12-17,23.98
4372,27,1,1,67,2018-12-17,20.33
4373,29,1,6,29,2018-12-17,15.36
4374,31,1,1,22,2018-12-17,24.95
4375,33,1,2,54,2018-12-17,31.83
4376,35,1,3,25,2018-12-17,19.20
4377,37,1,3,39,2018-12-17,27.74
4378,41,1,6,67,2018-12-17,11.46
4379,43,1,4,64,2018-12-17,9.77
4380,1,2,6,48,2018-12-17,16.09
4381,3,2,6,40,2018-12-17,14.56
4382,5,2,6,51,2018-12-17,18.73
4383,7,2,2,42,2018-12-17,14.77
4384,9,2,2,48,2018-12-17,14.02
4385,11,2,2,51,2018-12-17,19.07
4386,13,2,4,36,2018-12-17,39.97
4387,17,2,2,32,2018-12-17,44.65
4388,19,2,2,24,2018-12-17,40.97
4389,21,2,6,35,2018-12-17,45.38
4390,23,2,3,39,2018-12-17,27.63
4391,25,2,3,35,2018-12-17,25.93
4392,27,2,1,64,2018-12-17,19.46
4393,29,2,6,48,2018-12-17,16.21
4394,31,2,1,41,2018-12-17,22.65
4395,33,2,4,46,2018-12-17,28.50
4396,35,2,3,35,2018-12-17,22.94
4397,39,2,3,34,2018-12-17,28.18
4398,41,2,4,55,2018-12-17,10.55
4399,43,2,4,51,2018-12-17,9.21
4400,1,3,1,45,2018-12-17,17.22
4401,3,3,6,26,2018-12-17,13.86
4402,5,3,1,24,2018-12-17,18.05
4403,7,3,6,33,2018-12-17,14.73
4404,9,3,6,48,2018-12-17,15.43
4405,11,3,6,36,2018-12-17,20.48
4406,13,3,4,27,2018-12-17,36.17
4407,15,3,2,27,2018-12-17,59.45
4408,17,3,2,30,2018-12-17,44.99
4409,19,3,6,28,2018-12-17,39.83
4410,21,3,2,43,2018-12-17,45.73
4411,23,3,5,39,2018-12-17,26.35
4412,25,3,5,31,2018-12-17,25.64
4413,27,3,6,49,2018-12-17,19.74
4414,29,3,1,40,2018-12-17,16.98
4415,35,3,3,34,2018-12-17,20.22
4416,39,3,5,40,2018-12-17,32.63
4417,41,3,4,41,2018-12-17,10.78
4418,43,3,6,54,2018-12-17,9.56
4419,1,4,6,36,2018-12-17,14.62
4420,3,4,1,35,2018-12-17,14.67
4421,11,4,6,38,2018-12-17,19.00
4422,13,4,2,30,2018-12-17,35.09
4423,17,4,4,25,2018-12-17,40.74
4424,19,4,6,34,2018-12-17,41.58
4425,23,4,5,25,2018-12-17,28.16
4426,25,4,5,26,2018-12-17,24.32
4427,27,4,6,47,2018-12-17,20.52
4428,29,4,1,30,2018-12-17,16.90
4429,31,4,1,22,2018-12-17,23.84
4430,33,4,4,34,2018-12-17,30.16
4431,35,4,3,27,2018-12-17,21.58
4432,39,4,5,26,2018-12-17,30.05
4433,43,4,6,49,2018-12-17,9.32
4434,1,5,1,28,2018-12-17,16.35
4435,3,5,1,43,2018-12-17,13.65
4436,5,5,6,29,2018-12-17,19.22
4437,7,5,2,29,2018-12-17,16.19
4438,15,5,2,24,2018-12-17,59.15
4439,17,5,4,31,2018-12-17,41.74
4440,21,5,2,18,2018-12-17,44.37
4441,23,5,3,22,2018-12-17,28.98
4442,25,5,5,35,2018-12-17,24.99
4443,27,5,1,19,2018-12-17,20.71
4444,31,5,1,25,2018-12-17,22.68
4445,33,5,4,33,2018-12-17,26.78
4446,37,5,3,38,2018-12-17,28.14
4447,39,5,3,33,2018-12-17,31.62
4448,41,5,4,42,2018-12-17,10.60
4449,43,5,4,26,2018-12-17,9.04
4450,1,6,1,30,2018-12-17,16.69
4451,3,6,6,44,2018-12-17,14.79
4452,5,6,1,28,2018-12-17,16.87
4453,7,6,6,30,2018-12-17,14.51
4454,9,6,6,32,2018-12-17,14.31
4455,11,6,2,46,2018-12-17,21.65
4456,13,6,4,25,2018-12-17,37.26
4457,15,6,4,43,2018-12-17,52.53
4458,19,6,2,28,2018-12-17,40.54
4459,23,6,5,35,2018-12-17,25.22
4460,25,6,5,36,2018-12-17,25.03
4461,27,6,1,42,2018-12-17,17.20
4462,29,6,1,27,2018-12-17,16.98
4463,31,6,6,24,2018-12-17,23.29
4464,33,6,4,34,2018-12-17,31.65
4465,35,6,3,40,2018-12-17,19.21
4466,41,6,4,40,2018-12-17,10.04
4467,43,6,6,37,2018-12-17,9.38
4468,1,7,1,27,2018-12-17,15.09
4469,3,7,1,27,2018-12-17,13.26
4470,5,7,1,39,2018-12-17,17.63
4471,9,7,6,23,2018-12-17,15.63
4472,11,7,2,30,2018-12-17,20.60
4473,15,7,4,32,2018-12-17,54.84
4474,19,7,6,33,2018-12-17,36.85
4475,21,7,6,30,2018-12-17,44.58
4476,25,7,5,29,2018-12-17,25.62
4477,27,7,6,41,2018-12-17,20.67
4478,29,7,1,39,2018-12-17,16.19
4479,31,7,6,21,2018-12-17,21.64
4480,33,7,2,39,2018-12-17,27.80
4481,39,7,5,41,2018-12-17,31.59
4482,41,7,6,33,2018-12-17,10.90
4483,43,7,4,45,2018-12-17,8.13
4484,1,8,1,26,2018-12-17,15.19
4485,3,8,6,36,2018-12-17,15.26
4486,5,8,6,32,2018-12-17,18.09
4487,7,8,6,32,2018-12-17,15.48
4488,9,8,2,36,2018-12-17,16.41
4489,11,8,6,20,2018-12-17,20.92
4490,13,8,4,20,2018-12-17,34.46
4491,17,8,4,20,2018-12-17,43.84
4492,21,8,2,31,2018-12-17,50.13
4493,23,8,5,27,2018-12-17,27.85
4494,25,8,5,31,2018-12-17,22.75
4495,27,8,6,47,2018-12-17,20.85
4496,29,8,1,37,2018-12-17,16.43
4497,33,8,4,31,2018-12-17,28.25
4498,37,8,3,26,2018-12-17,29.84
4499,39,8,5,36,2018-12-17,33.18
4500,41,8,6,32,2018-12-17,9.91
4501,43,8,6,44,2018-12-17,9.24
4502,1,9,6,23,2018-12-17,16.60
4503,3,9,6,32,2018-12-17,13.92
4504,11,9,2,28,2018-12-17,20.26
4505,15,9,2,43,2018-12-17,58.84
4506,19,9,6,31,2018-12-17,37.18
4507,21,9,2,29,2018-12-17,50.59
4508,25,9,5,29,2018-12-17,24.49
4509,27,9,6,30,2018-12-17,20.83
4510,29,9,6,30,2018-12-17,17.12
4511,33,9,4,33,2018-12-17,27.43
4512,39,9,3,25,2018-12-17,29.45
4513,41,9,4,28,2018-12-17,10.02
4514,43,9,6,37,2018-12-17,9.41
4515,1,10,1,30,2018-12-17,15.73
4516,3,10,1,28,2018-12-17,15.49
4517,5,10,1,32,2018-12-17,18.72
4518,7,10,6,54,2018-12-17,16.90
4519,9,10,6,27,2018-12-17,13.86
4520,13,10,4,27,2018-12-17,34.25
4521,15,10,2,25,2018-12-17,52.25
4522,17,10,4,33,2018-12-17,46.73
4523,21,10,2,29,2018-12-17,47.91
4524,23,10,3,47,2018-12-17,25.41
4525,27,10,6,37,2018-12-17,20.74
4526,29,10,6,30,2018-12-17,18.44
4527,31,10,1,27,2018-12-17,22.47
4528,35,10,3,24,2018-12-17,20.90
4529,37,10,3,27,2018-12-17,27.99
4530,41,10,4,38,2018-12-17,11.97
4531,43,10,4,31,2018-12-17,8.87
4532,1,11,1,21,2018-12-17,16.53
4533,3,11,1,28,2018-12-17,15.77
4534,5,11,1,27,2018-12-17,17.35
4535,11,11,6,32,2018-12-17,20.54
4536,13,11,2,31,2018-12-17,38.08
4537,15,11,4,34,2018-12-17,54.82
4538,17,11,2,25,2018-12-17,42.43
4539,21,11,2,25,2018-12-17,51.06
4540,23,11,3,25,2018-12-17,27.98
4541,27,11,1,39,2018-12-17,17.97
4542,29,11,6,23,2018-12-17,16.06
4543,31,11,6,23,2018-12-17,23.02
4544,33,11,2,23,2018-12-17,28.56
4545,37,11,3,35,2018-12-17,28.29
4546,41,11,6,44,2018-12-17,11.24
4547,43,11,6,40,2018-12-17,9.70
4548,9,12,6,24,2018-12-17,13.75
4549,13,12,4,26,2018-12-17,34.08
4550,15,12,4,38,2018-12-17,60.30
4551,17,12,4,27,2018-12-17,41.48
4552,19,12,2,25,2018-12-17,40.28
4553,25,12,5,33,2018-12-17,24.44
4554,29,12,6,25,2018-12-17,18.25
4555,33,12,4,30,2018-12-17,28.45
4556,37,12,3,20,2018-12-17,25.72
4557,39,12,3,28,2018-12-17,31.66
4558,41,12,4,35,2018-12-17,11.21
4559,43,12,4,31,2018-12-17,9.81
4560,2,1,1,39,2019-01-03,18.76
4561,4,1,1,57,2019-01-03,20.50
4562,6,1,1,79,2019-01-03,14.73
4563,8,1,2,52,2019-01-03,20.67
4564,10,1,6,48,2019-01-03,20.46
4565,12,1,2,29,2019-01-03,44.86
4566,14,1,2,30,2019-01-03,37.19
4567,16,1,2,39,2019-01-03,59.83
4568,18,1,2,49,2019-01-03,35.36
4569,20,1,2,50,2019-01-03,23.59
4570,22,1,2,43,2019-01-03,29.91
4571,24,1,3,49,2019-01-03,29.17
4572,26,1,3,34,2019-01-03,30.20
4573,28,1,1,57,2019-01-03,20.46
4574,30,1,1,51,2019-01-03,33.28
4575,32,1,4,63,2019-01-03,32.86
4576,34,1,2,50,2019-01-03,45.74
4577,36,1,3,40,2019-01-03,32.74
4578,38,1,3,23,2019-01-03,30.09
4579,40,1,5,36,2019-01-03,38.96
4580,42,1,6,40,2019-01-03,12.09
4581,2,2,6,46,2019-01-03,17.38
4582,4,2,1,58,2019-01-03,20.58
4583,6,2,6,40,2019-01-03,12.99
4584,8,2,6,55,2019-01-03,17.40
4585,10,2,2,46,2019-01-03,20.34
4586,12,2,4,29,2019-01-03,40.59
4587,14,2,4,25,2019-01-03,32.80
4588,16,2,4,53,2019-01-03,54.59
4589,18,2,2,62,2019-01-03,32.13
4590,20,2,2,41,2019-01-03,25.07
4591,22,2,2,43,2019-01-03,26.20
4592,24,2,3,41,2019-01-03,32.69
4593,26,2,3,40,2019-01-03,29.18
4594,28,2,1,50,2019-01-03,23.15
4595,30,2,1,35,2019-01-03,35.85
4596,32,2,2,42,2019-01-03,36.82
4597,34,2,4,36,2019-01-03,44.83
4598,36,2,3,31,2019-01-03,30.30
4599,38,2,5,38,2019-01-03,28.08
4600,40,2,3,45,2019-01-03,39.50
4601,42,2,4,56,2019-01-03,12.92
4602,2,3,6,33,2019-01-03,17.10
4603,4,3,1,48,2019-01-03,22.97
4604,6,3,6,26,2019-01-03,12.65
4605,8,3,2,38,2019-01-03,19.57
4606,10,3,2,28,2019-01-03,24.05
4607,12,3,2,34,2019-01-03,46.98
4608,14,3,4,46,2019-01-03,32.83
4609,16,3,2,36,2019-01-03,64.03
4610,18,3,2,38,2019-01-03,32.62
4611,20,3,2,27,2019-01-03,23.75
4612,22,3,6,50,2019-01-03,25.85
4613,24,3,3,26,2019-01-03,30.47
4614,26,3,5,41,2019-01-03,30.71
4615,28,3,1,28,2019-01-03,22.56
4616,30,3,6,46,2019-01-03,33.31
4617,32,3,2,50,2019-01-03,35.65
4618,34,3,2,40,2019-01-03,44.92
4619,36,3,3,28,2019-01-03,34.29
4620,38,3,3,25,2019-01-03,30.26
4621,40,3,5,24,2019-01-03,32.87
4622,42,3,4,55,2019-01-03,11.35
4623,2,4,6,35,2019-01-03,17.88
4624,4,4,1,32,2019-01-03,22.63
4625,8,4,2,38,2019-01-03,18.98
4626,10,4,2,34,2019-01-03,23.45
4627,14,4,4,23,2019-01-03,31.48
4628,16,4,4,27,2019-01-03,57.00
4629,18,4,6,30,2019-01-03,32.60
4630,20,4,2,33,2019-01-03,22.09
4631,24,4,3,36,2019-01-03,30.13
4632,28,4,1,31,2019-01-03,23.15
4633,30,4,6,31,2019-01-03,38.25
4634,32,4,2,29,2019-01-03,37.15
4635,34,4,2,25,2019-01-03,39.06
4636,40,4,3,24,2019-01-03,35.50
4637,42,4,6,32,2019-01-03,12.63
4638,2,5,1,36,2019-01-03,20.63
4639,6,5,1,31,2019-01-03,14.80
4640,8,5,6,22,2019-01-03,19.18
4641,10,5,2,31,2019-01-03,21.03
4642,16,5,2,27,2019-01-03,55.06
4643,18,5,6,38,2019-01-03,32.72
4644,20,5,6,25,2019-01-03,23.98
4645,22,5,6,33,2019-01-03,27.51
4646,24,5,5,29,2019-01-03,29.52
4647,26,5,3,22,2019-01-03,26.39
4648,28,5,6,27,2019-01-03,22.30
4649,32,5,4,39,2019-01-03,35.81
4650,34,5,2,19,2019-01-03,43.72
4651,36,5,3,38,2019-01-03,32.81
4652,2,6,1,28,2019-01-03,19.21
4653,4,6,1,34,2019-01-03,21.98
4654,6,6,1,45,2019-01-03,13.17
4655,8,6,2,38,2019-01-03,20.53
4656,10,6,6,30,2019-01-03,23.13
4657,12,6,4,36,2019-01-03,45.53
4658,14,6,4,34,2019-01-03,34.75
4659,16,6,4,27,2019-01-03,55.94
4660,18,6,2,42,2019-01-03,30.13
4661,20,6,2,51,2019-01-03,25.36
4662,22,6,6,47,2019-01-03,26.66
4663,24,6,5,26,2019-01-03,30.31
4664,26,6,3,47,2019-01-03,31.82
4665,28,6,6,46,2019-01-03,20.50
4666,30,6,6,37,2019-01-03,34.41
4667,32,6,4,39,2019-01-03,30.61
4668,34,6,2,39,2019-01-03,45.95
4669,36,6,3,32,2019-01-03,33.08
4670,38,6,3,46,2019-01-03,31.42
4671,40,6,5,34,2019-01-03,36.11
4672,42,6,4,30,2019-01-03,12.37
4673,4,7,6,34,2019-01-03,20.91
4674,6,7,1,53,2019-01-03,14.20
4675,8,7,6,28,2019-01-03,18.46
4676,10,7,6,40,2019-01-03,21.28
4677,12,7,4,29,2019-01-03,41.11
4678,14,7,4,23,2019-01-03,33.03
4679,16,7,4,31,2019-01-03,57.70
4680,20,7,6,21,2019-01-03,25.94
4681,22,7,6,23,2019-01-03,28.44
4682,26,7,5,44,2019-01-03,29.79
4683,30,7,1,27,2019-01-03,34.87
4684,32,7,2,26,2019-01-03,31.68
4685,34,7,2,22,2019-01-03,44.20
4686,36,7,3,25,2019-01-03,29.68
4687,40,7,3,32,2019-01-03,39.25
4688,42,7,6,34,2019-01-03,13.41
4689,2,8,1,48,2019-01-03,19.72
4690,4,8,1,47,2019-01-03,18.99
4691,6,8,6,41,2019-01-03,13.32
4692,8,8,2,33,2019-01-03,17.96
4693,10,8,2,31,2019-01-03,24.56
4694,12,8,2,27,2019-01-03,46.28
4695,16,8,4,42,2019-01-03,60.62
4696,18,8,2,48,2019-01-03,34.60
4697,20,8,2,42,2019-01-03,22.07
4698,22,8,2,27,2019-01-03,29.90
4699,28,8,1,40,2019-01-03,23.06
4700,30,8,1,45,2019-01-03,37.93
4701,32,8,2,40,2019-01-03,31.61
4702,34,8,2,34,2019-01-03,45.15
4703,36,8,3,25,2019-01-03,32.60
4704,38,8,3,39,2019-01-03,29.40
4705,40,8,5,56,2019-01-03,38.86
4706,42,8,6,29,2019-01-03,12.64
4707,2,9,6,40,2019-01-03,18.35
4708,4,9,6,27,2019-01-03,22.64
4709,6,9,6,32,2019-01-03,12.34
4710,12,9,2,49,2019-01-03,47.12
4711,14,9,4,26,2019-01-03,36.68
4712,16,9,2,32,2019-01-03,58.14
4713,18,9,2,27,2019-01-03,31.71
4714,20,9,6,35,2019-01-03,22.17
4715,22,9,2,23,2019-01-03,28.92
4716,24,9,5,27,2019-01-03,33.15
4717,26,9,3,42,2019-01-03,28.18
4718,28,9,1,27,2019-01-03,23.82
4719,32,9,4,27,2019-01-03,36.77
4720,34,9,4,25,2019-01-03,38.42
4721,36,9,3,24,2019-01-03,30.32
4722,38,9,5,21,2019-01-03,31.85
4723,40,9,3,28,2019-01-03,36.01
4724,42,9,6,23,2019-01-03,11.38
4725,2,10,1,47,2019-01-03,19.93
4726,4,10,6,25,2019-01-03,22.11
4727,6,10,6,32,2019-01-03,13.23
4728,8,10,6,28,2019-01-03,17.14
4729,10,10,6,36,2019-01-03,24.30
4730,12,10,2,23,2019-01-03,41.40
4731,14,10,4,19,2019-01-03,35.76
4732,16,10,4,39,2019-01-03,57.56
4733,18,10,6,34,2019-01-03,35.01
4734,24,10,3,32,2019-01-03,33.51
4735,26,10,5,28,2019-01-03,30.03
4736,28,10,1,44,2019-01-03,24.05
4737,30,10,6,32,2019-01-03,32.91
4738,32,10,2,41,2019-01-03,36.11
4739,36,10,3,32,2019-01-03,34.63
4740,38,10,5,28,2019-01-03,29.83
4741,40,10,5,40,2019-01-03,36.43
4742,42,10,6,28,2019-01-03,11.61
4743,2,11,6,38,2019-01-03,19.89
4744,4,11,1,29,2019-01-03,18.93
4745,6,11,1,34,2019-01-03,14.51
4746,10,11,6,39,2019-01-03,20.43
4747,12,11,2,27,2019-01-03,46.18
4748,16,11,4,38,2019-01-03,64.52
4749,18,11,6,34,2019-01-03,32.39
4750,20,11,6,19,2019-01-03,23.37
4751,26,11,3,45,2019-01-03,26.68
4752,28,11,1,51,2019-01-03,23.19
4753,34,11,4,20,2019-01-03,40.46
4754,36,11,3,30,2019-01-03,34.13
4755,38,11,3,26,2019-01-03,29.98
4756,42,11,6,45,2019-01-03,13.66
4757,2,12,1,26,2019-01-03,20.81
4758,4,12,6,45,2019-01-03,19.04
4759,8,12,2,32,2019-01-03,18.29
4760,10,12,6,49,2019-01-03,20.50
4761,12,12,4,27,2019-01-03,47.26
4762,14,12,2,27,2019-01-03,32.45
4763,16,12,4,28,2019-01-03,63.56
4764,18,12,2,32,2019-01-03,35.38
4765,22,12,2,44,2019-01-03,29.15
4766,26,12,5,44,2019-01-03,29.91
4767,28,12,6,28,2019-01-03,21.30
4768,30,12,6,24,2019-01-03,35.80
4769,32,12,2,26,2019-01-03,32.72
4770,34,12,2,19,2019-01-03,43.25
4771,38,12,3,47,2019-01-03,29.25
4772,42,12,6,28,2019-01-03,12.89
4773,1,1,6,39,2019-01-17,16.14
4774,3,1,1,45,2019-01-17,13.85
4775,5,1,1,35,2019-01-17,18.39
4776,7,1,2,41,2019-01-17,16.39
4777,9,1,6,55,2019-01-17,14.37
4778,11,1,2,48,2019-01-17,18.09
4779,13,1,2,47,2019-01-17,34.67
4780,15,1,2,42,2019-01-17,55.87
4781,17,1,2,28,2019-01-17,46.20
4782,19,1,6,42,2019-01-17,35.70
4783,23,1,5,50,2019-01-17,26.50
4784,25,1,5,40,2019-01-17,24.52
4785,27,1,1,48,2019-01-17,18.16
4786,29,1,1,42,2019-01-17,17.44
4787,31,1,1,19,2019-01-17,22.00
4788,33,1,4,38,2019-01-17,30.66
4789,35,1,3,30,2019-01-17,22.45
4790,37,1,3,34,2019-01-17,29.38
4791,39,1,5,49,2019-01-17,29.44
4792,41,1,6,52,2019-01-17,11.67
4793,43,1,6,67,2019-01-17,9.84
4794,1,2,1,50,2019-01-17,14.45
4795,3,2,1,63,2019-01-17,14.12
4796,5,2,1,42,2019-01-17,17.80
4797,7,2,2,32,2019-01-17,16.55
4798,9,2,6,54,2019-01-17,15.23
4799,11,2,2,51,2019-01-17,18.53
4800,13,2,2,43,2019-01-17,34.89
4801,15,2,2,43,2019-01-17,59.34
4802,17,2,4,41,2019-01-17,38.36
4803,19,2,6,32,2019-01-17,37.58
4804,21,2,2,37,2019-01-17,43.77
4805,23,2,3,57,2019-01-17,24.81
4806,25,2,3,29,2019-01-17,24.71
4807,27,2,6,51,2019-01-17,20.37
4808,29,2,1,73,2019-01-17,16.23
4809,31,2,6,57,2019-01-17,22.78
4810,33,2,2,46,2019-01-17,26.83
4811,35,2,3,34,2019-01-17,19.71
4812,37,2,3,37,2019-01-17,24.96
4813,39,2,3,49,2019-01-17,28.24
4814,41,2,4,83,2019-01-17,11.57
4815,43,2,6,66,2019-01-17,8.70
4816,1,3,6,46,2019-01-17,15.79
4817,3,3,1,40,2019-01-17,14.09
4818,5,3,6,43,2019-01-17,19.06
4819,7,3,6,33,2019-01-17,14.99
4820,9,3,6,31,2019-01-17,14.41
4821,11,3,2,65,2019-01-17,21.32
4822,15,3,4,25,2019-01-17,56.91
4823,17,3,2,42,2019-01-17,43.20
4824,19,3,2,23,2019-01-17,35.52
4825,21,3,6,29,2019-01-17,49.01
4826,23,3,5,49,2019-01-17,26.88
4827,25,3,3,29,2019-01-17,21.96
4828,27,3,6,49,2019-01-17,20.86
4829,29,3,6,38,2019-01-17,15.56
4830,31,3,1,43,2019-01-17,21.70
4831,33,3,2,32,2019-01-17,29.29
4832,35,3,3,52,2019-01-17,21.17
4833,37,3,3,46,2019-01-17,27.79
4834,39,3,5,23,2019-01-17,32.95
4835,41,3,4,52,2019-01-17,10.57
4836,43,3,6,47,2019-01-17,9.62
4837,1,4,6,39,2019-01-17,15.48
4838,5,4,1,38,2019-01-17,18.48
4839,7,4,6,36,2019-01-17,16.97
4840,9,4,2,47,2019-01-17,15.56
4841,11,4,2,42,2019-01-17,21.99
4842,13,4,2,21,2019-01-17,35.63
4843,15,4,4,32,2019-01-17,52.37
4844,21,4,2,28,2019-01-17,45.49
4845,23,4,5,32,2019-01-17,26.56
4846,25,4,5,27,2019-01-17,25.41
4847,27,4,6,43,2019-01-17,20.31
4848,31,4,6,25,2019-01-17,22.47
4849,33,4,4,31,2019-01-17,30.55
4850,37,4,3,19,2019-01-17,25.93
4851,39,4,5,24,2019-01-17,33.28
4852,41,4,6,41,2019-01-17,10.72
4853,43,4,6,30,2019-01-17,9.38
4854,1,5,1,22,2019-01-17,15.23
4855,3,5,6,28,2019-01-17,13.43
4856,7,5,2,22,2019-01-17,15.58
4857,9,5,2,28,2019-01-17,15.87
4858,11,5,6,40,2019-01-17,19.65
4859,13,5,4,24,2019-01-17,37.19
4860,19,5,6,31,2019-01-17,37.30
4861,27,5,6,32,2019-01-17,19.34
4862,29,5,6,31,2019-01-17,18.02
4863,31,5,1,31,2019-01-17,25.69
4864,35,5,3,28,2019-01-17,19.39
4865,41,5,6,24,2019-01-17,11.98
4866,43,5,4,36,2019-01-17,9.73
4867,1,6,1,40,2019-01-17,17.06
4868,3,6,6,33,2019-01-17,15.52
4869,5,6,6,22,2019-01-17,18.49
4870,7,6,6,34,2019-01-17,17.18
4871,9,6,6,35,2019-01-17,16.15
4872,11,6,2,35,2019-01-17,21.51
4873,15,6,4,33,2019-01-17,60.47
4874,17,6,4,25,2019-01-17,40.28
4875,21,6,2,34,2019-01-17,47.40
4876,23,6,5,40,2019-01-17,24.93
4877,25,6,5,29,2019-01-17,24.06
4878,27,6,6,29,2019-01-17,19.04
4879,29,6,1,29,2019-01-17,16.45
4880,31,6,6,27,2019-01-17,22.14
4881,33,6,4,27,2019-01-17,31.58
4882,35,6,3,35,2019-01-17,21.52
4883,37,6,3,37,2019-01-17,25.84
4884,39,6,5,39,2019-01-17,33.32
4885,41,6,6,29,2019-01-17,10.35
4886,43,6,4,42,2019-01-17,8.27
4887,1,7,6,23,2019-01-17,16.32
4888,3,7,6,31,2019-01-17,15.81
4889,5,7,6,30,2019-01-17,18.86
4890,7,7,2,32,2019-01-17,16.64
4891,9,7,2,27,2019-01-17,15.12
4892,11,7,6,29,2019-01-17,21.43
4893,13,7,4,19,2019-01-17,40.16
4894,15,7,4,28,2019-01-17,56.27
4895,17,7,4,31,2019-01-17,40.15
4896,21,7,2,19,2019-01-17,50.74
4897,23,7,5,29,2019-01-17,26.62
4898,27,7,6,40,2019-01-17,17.75
4899,33,7,4,24,2019-01-17,27.76
4900,35,7,3,40,2019-01-17,21.64
4901,37,7,3,32,2019-01-17,29.27
4902,39,7,5,27,2019-01-17,30.22
4903,41,7,6,39,2019-01-17,10.13
4904,43,7,6,28,2019-01-17,9.86
4905,1,8,6,32,2019-01-17,16.66
4906,3,8,6,30,2019-01-17,14.28
4907,5,8,6,37,2019-01-17,16.20
4908,7,8,6,35,2019-01-17,14.44
4909,9,8,2,28,2019-01-17,15.66
4910,11,8,6,36,2019-01-17,20.87
4911,15,8,2,29,2019-01-17,49.84
4912,19,8,6,47,2019-01-17,39.31
4913,23,8,5,33,2019-01-17,29.13
4914,25,8,5,29,2019-01-17,25.80
4915,27,8,6,44,2019-01-17,19.48
4916,29,8,1,48,2019-01-17,17.07
4917,31,8,1,36,2019-01-17,25.13
4918,33,8,4,26,2019-01-17,27.98
4919,35,8,3,45,2019-01-17,20.34
4920,39,8,5,29,2019-01-17,29.71
4921,41,8,4,42,2019-01-17,10.11
4922,43,8,4,47,2019-01-17,9.09
4923,1,9,1,22,2019-01-17,15.11
4924,3,9,1,32,2019-01-17,13.50
4925,5,9,1,28,2019-01-17,15.76
4926,7,9,6,31,2019-01-17,17.55
4927,9,9,6,38,2019-01-17,14.64
4928,11,9,6,36,2019-01-17,19.54
4929,13,9,2,19,2019-01-17,36.93
4930,17,9,4,30,2019-01-17,45.38
4931,23,9,5,31,2019-01-17,27.57
4932,27,9,1,33,2019-01-17,17.90
4933,29,9,1,26,2019-01-17,18.19
4934,31,9,6,36,2019-01-17,23.50
4935,35,9,3,31,2019-01-17,23.07
4936,37,9,3,35,2019-01-17,26.35
4937,39,9,5,30,2019-01-17,29.36
4938,41,9,6,32,2019-01-17,10.53
4939,43,9,4,19,2019-01-17,9.30
4940,1,10,1,27,2019-01-17,15.64
4941,3,10,1,31,2019-01-17,14.06
4942,5,10,1,36,2019-01-17,19.13
4943,9,10,2,25,2019-01-17,15.85
4944,11,10,6,29,2019-01-17,20.81
4945,13,10,2,29,2019-01-17,33.77
4946,19,10,6,39,2019-01-17,38.28
4947,23,10,3,28,2019-01-17,30.08
4948,25,10,3,42,2019-01-17,24.94
4949,27,10,6,40,2019-01-17,20.35
4950,29,10,1,34,2019-01-17,18.28
4951,33,10,2,37,2019-01-17,30.32
4952,37,10,3,38,2019-01-17,25.63
4953,39,10,5,35,2019-01-17,31.52
4954,41,10,4,40,2019-01-17,10.90
4955,43,10,4,47,2019-01-17,9.23
4956,1,11,1,33,2019-01-17,16.59
4957,3,11,6,49,2019-01-17,13.57
4958,7,11,2,33,2019-01-17,14.56
4959,9,11,6,47,2019-01-17,15.79
4960,11,11,6,30,2019-01-17,18.85
4961,13,11,4,28,2019-01-17,34.33
4962,19,11,2,39,2019-01-17,41.21
4963,25,11,5,25,2019-01-17,21.69
4964,27,11,1,29,2019-01-17,19.40
4965,29,11,6,42,2019-01-17,16.98
4966,35,11,3,36,2019-01-17,20.97
4967,39,11,5,30,2019-01-17,33.94
4968,41,11,6,27,2019-01-17,10.66
4969,43,11,4,53,2019-01-17,8.56
4970,1,12,6,31,2019-01-17,14.56
4971,3,12,1,44,2019-01-17,13.66
4972,5,12,6,28,2019-01-17,18.62
4973,7,12,2,41,2019-01-17,14.70
4974,9,12,6,33,2019-01-17,15.00
4975,11,12,2,33,2019-01-17,21.83
4976,19,12,6,25,2019-01-17,36.24
4977,21,12,2,27,2019-01-17,48.29
4978,23,12,3,50,2019-01-17,25.75
4979,27,12,6,40,2019-01-17,19.15
4980,29,12,1,25,2019-01-17,15.59
4981,31,12,6,28,2019-01-17,24.42
4982,33,12,4,30,2019-01-17,28.35
4983,35,12,3,16,2019-01-17,21.42
4984,41,12,6,38,2019-01-17,10.41
4985,43,12,6,34,2019-01-17,9.18
4986,2,1,6,39,2019-02-04,20.83
4987,4,1,6,41,2019-02-04,22.78
4988,6,1,6,61,2019-02-04,13.80
4989,8,1,2,46,2019-02-04,20.13
4990,10,1,2,32,2019-02-04,23.48
4991,12,1,4,44,2019-02-04,48.20
4992,14,1,2,25,2019-02-04,35.63
4993,16,1,4,33,2019-02-04,64.10
4994,18,1,6,35,2019-02-04,34.74
4995,20,1,6,34,2019-02-04,24.39
4996,22,1,2,56,2019-02-04,29.91
4997,24,1,3,36,2019-02-04,33.05
4998,26,1,5,53,2019-02-04,26.29
4999,28,1,6,52,2019-02-04,23.60
5000,30,1,6,48,2019-02-04,35.08
5001,32,1,4,48,2019-02-04,35.27
5002,34,1,2,30,2019-02-04,46.53
5003,36,1,3,42,2019-02-04,32.07
5004,38,1,3,32,2019-02-04,31.25
5005,40,1,3,38,2019-02-04,34.07
5006,42,1,4,35,2019-02-04,12.29
5007,2,2,1,41,2019-02-04,17.48
5008,4,2,1,73,2019-02-04,21.67
5009,6,2,6,48,2019-02-04,14.04
5010,8,2,2,57,2019-02-04,20.32
5011,10,2,2,41,2019-02-04,24.46
5012,12,2,4,36,2019-02-04,48.33
5013,14,2,4,34,2019-02-04,34.51
5014,16,2,2,52,2019-02-04,55.76
5015,18,2,2,44,2019-02-04,29.34
5016,20,2,2,46,2019-02-04,24.69
5017,22,2,2,69,2019-02-04,26.45
5018,24,2,5,29,2019-02-04,30.23
5019,26,2,5,43,2019-02-04,27.69
5020,28,2,6,48,2019-02-04,22.55
5021,30,2,1,23,2019-02-04,33.24
5022,32,2,4,67,2019-02-04,36.21
5023,34,2,4,44,2019-02-04,43.39
5024,36,2,3,54,2019-02-04,35.04
5025,38,2,5,41,2019-02-04,28.29
5026,40,2,5,55,2019-02-04,32.52
5027,42,2,6,70,2019-02-04,12.43
5028,4,3,6,43,2019-02-04,21.72
5029,6,3,1,36,2019-02-04,13.16
5030,8,3,6,52,2019-02-04,18.77
5031,10,3,6,35,2019-02-04,20.38
5032,12,3,2,25,2019-02-04,48.52
5033,14,3,2,34,2019-02-04,31.23
5034,16,3,4,23,2019-02-04,65.48
5035,18,3,6,31,2019-02-04,32.27
5036,20,3,2,32,2019-02-04,24.86
5037,22,3,2,43,2019-02-04,26.08
5038,24,3,3,26,2019-02-04,29.86
5039,26,3,3,28,2019-02-04,30.48
5040,28,3,1,33,2019-02-04,22.93
5041,30,3,6,34,2019-02-04,35.77
5042,32,3,2,42,2019-02-04,33.08
5043,36,3,3,35,2019-02-04,32.95
5044,40,3,3,25,2019-02-04,32.68
5045,42,3,6,28,2019-02-04,12.55
5046,2,4,6,37,2019-02-04,18.57
5047,4,4,1,30,2019-02-04,19.37
5048,6,4,1,56,2019-02-04,13.25
5049,8,4,2,24,2019-02-04,17.66
5050,10,4,2,29,2019-02-04,21.81
5051,12,4,2,43,2019-02-04,45.74
5052,14,4,2,25,2019-02-04,35.31
5053,16,4,4,25,2019-02-04,64.67
5054,18,4,2,25,2019-02-04,31.07
5055,22,4,6,40,2019-02-04,25.05
5056,24,4,3,32,2019-02-04,28.54
5057,26,4,5,37,2019-02-04,27.08
5058,28,4,6,23,2019-02-04,20.45
5059,30,4,6,25,2019-02-04,37.85
5060,32,4,2,30,2019-02-04,34.11
5061,34,4,2,20,2019-02-04,40.82
5062,36,4,3,60,2019-02-04,32.98
5063,38,4,3,27,2019-02-04,31.20
5064,42,4,6,40,2019-02-04,13.22
5065,2,5,1,36,2019-02-04,20.46
5066,4,5,6,37,2019-02-04,19.17
5067,6,5,6,28,2019-02-04,13.21
5068,10,5,2,29,2019-02-04,24.67
5069,12,5,2,29,2019-02-04,43.96
5070,14,5,2,32,2019-02-04,33.46
5071,18,5,2,30,2019-02-04,31.34
5072,22,5,2,32,2019-02-04,28.89
5073,28,5,6,28,2019-02-04,22.81
5074,30,5,1,23,2019-02-04,38.65
5075,38,5,3,26,2019-02-04,29.58
5076,40,5,5,27,2019-02-04,35.98
5077,42,5,4,36,2019-02-04,12.42
5078,2,6,1,24,2019-02-04,20.33
5079,4,6,6,48,2019-02-04,20.05
5080,6,6,6,41,2019-02-04,12.28
5081,8,6,6,55,2019-02-04,20.74
5082,10,6,6,40,2019-02-04,20.29
5083,14,6,4,34,2019-02-04,32.75
5084,16,6,2,29,2019-02-04,59.07
5085,18,6,2,41,2019-02-04,30.25
5086,20,6,2,27,2019-02-04,21.99
5087,22,6,2,38,2019-02-04,26.28
5088,24,6,3,34,2019-02-04,28.66
5089,26,6,5,45,2019-02-04,27.27
5090,28,6,1,31,2019-02-04,21.58
5091,30,6,6,41,2019-02-04,38.45
5092,32,6,4,35,2019-02-04,30.80
5093,36,6,3,37,2019-02-04,33.61
5094,38,6,5,26,2019-02-04,29.21
5095,40,6,3,28,2019-02-04,39.00
5096,42,6,4,50,2019-02-04,11.31
5097,2,7,6,38,2019-02-04,20.60
5098,4,7,1,36,2019-02-04,19.98
5099,6,7,6,41,2019-02-04,12.45
5100,8,7,6,42,2019-02-04,19.06
5101,10,7,2,32,2019-02-04,24.20
5102,12,7,2,30,2019-02-04,46.73
5103,14,7,4,36,2019-02-04,32.60
5104,16,7,4,26,2019-02-04,60.50
5105,18,7,6,44,2019-02-04,33.80
5106,20,7,6,30,2019-02-04,24.63
5107,22,7,2,28,2019-02-04,29.16
5108,24,7,3,32,2019-02-04,28.44
5109,26,7,3,29,2019-02-04,31.88
5110,28,7,1,52,2019-02-04,22.64
5111,30,7,1,29,2019-02-04,35.71
5112,32,7,4,30,2019-02-04,31.36
5113,34,7,2,21,2019-02-04,40.97
5114,36,7,3,42,2019-02-04,32.39
5115,38,7,5,44,2019-02-04,31.51
5116,40,7,5,28,2019-02-04,36.05
5117,42,7,6,28,2019-02-04,12.26
5118,2,8,1,20,2019-02-04,19.68
5119,4,8,6,34,2019-02-04,19.12
5120,6,8,1,28,2019-02-04,14.48
5121,8,8,2,40,2019-02-04,20.55
5122,10,8,2,40,2019-02-04,22.70
5123,14,8,4,47,2019-02-04,32.58
5124,16,8,4,22,2019-02-04,63.79
5125,18,8,2,35,2019-02-04,32.38
5126,20,8,6,35,2019-02-04,25.36
5127,22,8,2,41,2019-02-04,28.43
5128,24,8,3,42,2019-02-04,32.43
5129,26,8,3,44,2019-02-04,30.33
5130,30,8,6,24,2019-02-04,33.89
5131,32,8,4,36,2019-02-04,37.26
5132,36,8,3,32,2019-02-04,31.22
5133,38,8,5,27,2019-02-04,31.58
5134,40,8,5,27,2019-02-04,33.48
5135,42,8,6,38,2019-02-04,13.47
5136,2,9,6,32,2019-02-04,20.68
5137,4,9,6,32,2019-02-04,21.61
5138,6,9,6,26,2019-02-04,14.42
5139,8,9,2,43,2019-02-04,19.43
5140,10,9,6,43,2019-02-04,24.45
5141,14,9,2,31,2019-02-04,31.46
5142,18,9,2,26,2019-02-04,34.52
5143,20,9,2,30,2019-02-04,23.72
5144,22,9,6,35,2019-02-04,25.45
5145,30,9,1,36,2019-02-04,36.54
5146,36,9,3,27,2019-02-04,32.65
5147,40,9,3,28,2019-02-04,34.29
5148,2,10,1,24,2019-02-04,19.17
5149,4,10,1,41,2019-02-04,22.67
5150,6,10,1,32,2019-02-04,13.38
5151,8,10,6,26,2019-02-04,18.88
5152,10,10,6,35,2019-02-04,23.20
5153,12,10,4,25,2019-02-04,43.19
5154,16,10,4,28,2019-02-04,57.01
5155,20,10,6,28,2019-02-04,23.76
5156,22,10,2,33,2019-02-04,27.50
5157,26,10,3,29,2019-02-04,30.71
5158,28,10,6,33,2019-02-04,21.44
5159,30,10,6,25,2019-02-04,33.64
5160,32,10,4,25,2019-02-04,34.76
5161,34,10,2,38,2019-02-04,44.50
5162,40,10,3,29,2019-02-04,35.24
5163,2,11,1,19,2019-02-04,18.89
5164,4,11,6,36,2019-02-04,20.44
5165,6,11,1,28,2019-02-04,12.38
5166,8,11,2,37,2019-02-04,20.80
5167,10,11,2,25,2019-02-04,23.51
5168,14,11,2,34,2019-02-04,35.70
5169,16,11,2,32,2019-02-04,54.18
5170,18,11,2,29,2019-02-04,31.58
5171,20,11,6,30,2019-02-04,21.86
5172,22,11,2,55,2019-02-04,29.24
5173,24,11,5,28,2019-02-04,32.04
5174,28,11,1,42,2019-02-04,22.89
5175,30,11,6,33,2019-02-04,39.17
5176,32,11,4,36,2019-02-04,36.89
5177,34,11,4,35,2019-02-04,39.35
5178,36,11,3,25,2019-02-04,29.66
5179,40,11,5,38,2019-02-04,38.17
5180,42,11,4,41,2019-02-04,12.77
5181,2,12,1,27,2019-02-04,19.02
5182,6,12,1,42,2019-02-04,14.32
5183,10,12,6,22,2019-02-04,22.90
5184,16,12,2,22,2019-02-04,61.72
5185,18,12,6,32,2019-02-04,32.18
5186,20,12,6,26,2019-02-04,21.72
5187,22,12,2,26,2019-02-04,25.87
5188,24,12,5,25,2019-02-04,28.43
5189,36,12,3,23,2019-02-04,35.25
5190,40,12,3,40,2019-02-04,33.78
5191,1,1,6,54,2019-02-18,16.26
5192,3,1,1,38,2019-02-18,14.08
5193,5,1,6,31,2019-02-18,17.62
5194,7,1,2,40,2019-02-18,16.24
5195,9,1,6,47,2019-02-18,15.51
5196,11,1,2,50,2019-02-18,18.14
5197,13,1,2,29,2019-02-18,41.24
5198,15,1,2,28,2019-02-18,50.35
5199,17,1,2,28,2019-02-18,45.16
5200,19,1,6,34,2019-02-18,35.48
5201,21,1,6,41,2019-02-18,49.78
5202,23,1,5,33,2019-02-18,25.06
5203,25,1,5,24,2019-02-18,25.51
5204,27,1,1,57,2019-02-18,18.02
5205,29,1,1,41,2019-02-18,18.58
5206,31,1,6,32,2019-02-18,25.44
5207,33,1,4,42,2019-02-18,27.83
5208,35,1,3,32,2019-02-18,19.74
5209,37,1,3,39,2019-02-18,26.75
5210,39,1,3,42,2019-02-18,28.16
5211,41,1,6,52,2019-02-18,10.87
5212,43,1,6,63,2019-02-18,9.78
5213,1,2,1,51,2019-02-18,16.57
5214,3,2,6,53,2019-02-18,14.05
5215,5,2,1,41,2019-02-18,18.50
5216,7,2,6,35,2019-02-18,17.42
5217,9,2,2,64,2019-02-18,14.40
5218,11,2,6,64,2019-02-18,18.30
5219,13,2,2,44,2019-02-18,38.94
5220,15,2,2,33,2019-02-18,57.01
5221,17,2,2,40,2019-02-18,38.26
5222,19,2,2,38,2019-02-18,36.93
5223,21,2,6,39,2019-02-18,51.22
5224,23,2,5,49,2019-02-18,25.75
5225,25,2,3,30,2019-02-18,23.69
5226,27,2,6,75,2019-02-18,20.64
5227,29,2,6,71,2019-02-18,17.93
5228,31,2,1,37,2019-02-18,23.45
5229,33,2,4,66,2019-02-18,26.33
5230,35,2,3,51,2019-02-18,22.49
5231,37,2,3,42,2019-02-18,29.51
5232,39,2,5,46,2019-02-18,33.07
5233,41,2,4,71,2019-02-18,10.89
5234,43,2,6,73,2019-02-18,9.50
5235,1,3,6,54,2019-02-18,14.56
5236,3,3,6,37,2019-02-18,15.51
5237,5,3,1,42,2019-02-18,15.94
5238,7,3,6,32,2019-02-18,17.36
5239,9,3,6,41,2019-02-18,15.11
5240,11,3,2,45,2019-02-18,21.51
5241,13,3,2,34,2019-02-18,37.21
5242,15,3,2,31,2019-02-18,54.46
5243,19,3,6,31,2019-02-18,36.28
5244,23,3,3,27,2019-02-18,25.52
5245,25,3,5,24,2019-02-18,24.27
5246,27,3,1,44,2019-02-18,20.50
5247,29,3,6,45,2019-02-18,15.96
5248,31,3,6,36,2019-02-18,22.62
5249,35,3,3,26,2019-02-18,21.26
5250,37,3,3,41,2019-02-18,28.54
5251,39,3,5,37,2019-02-18,30.12
5252,41,3,6,57,2019-02-18,11.72
5253,43,3,4,46,2019-02-18,9.88
5254,1,4,6,34,2019-02-18,17.14
5255,3,4,1,33,2019-02-18,14.56
5256,7,4,2,24,2019-02-18,16.11
5257,9,4,6,30,2019-02-18,14.02
5258,11,4,2,26,2019-02-18,18.61
5259,15,4,4,21,2019-02-18,50.16
5260,17,4,4,18,2019-02-18,45.97
5261,19,4,2,33,2019-02-18,42.40
5262,21,4,2,22,2019-02-18,46.47
5263,23,4,3,26,2019-02-18,25.56
5264,25,4,5,27,2019-02-18,21.77
5265,27,4,6,31,2019-02-18,18.72
5266,29,4,1,42,2019-02-18,15.31
5267,33,4,2,25,2019-02-18,30.16
5268,35,4,3,18,2019-02-18,21.51
5269,41,4,4,42,2019-02-18,10.91
5270,43,4,4,34,2019-02-18,8.58
5271,1,5,1,30,2019-02-18,15.28
5272,3,5,6,26,2019-02-18,15.11
5273,5,5,6,15,2019-02-18,16.23
5274,9,5,2,22,2019-02-18,13.56
5275,11,5,2,25,2019-02-18,21.25
5276,15,5,4,27,2019-02-18,56.46
5277,17,5,2,32,2019-02-18,39.77
5278,21,5,2,28,2019-02-18,43.91
5279,23,5,5,29,2019-02-18,25.84
5280,25,5,3,30,2019-02-18,24.26
5281,27,5,1,30,2019-02-18,18.68
5282,31,5,1,25,2019-02-18,22.43
5283,33,5,2,36,2019-02-18,31.28
5284,37,5,3,31,2019-02-18,28.10
5285,39,5,3,24,2019-02-18,30.40
5286,41,5,4,46,2019-02-18,11.71
5287,43,5,4,48,2019-02-18,8.91
5288,1,6,6,40,2019-02-18,16.04
5289,5,6,1,31,2019-02-18,17.72
5290,7,6,2,30,2019-02-18,17.12
5291,9,6,2,37,2019-02-18,15.67
5292,11,6,2,51,2019-02-18,19.70
5293,13,6,2,36,2019-02-18,39.88
5294,15,6,2,23,2019-02-18,53.27
5295,17,6,2,24,2019-02-18,39.66
5296,19,6,2,29,2019-02-18,36.98
5297,23,6,3,41,2019-02-18,25.07
5298,27,6,6,53,2019-02-18,17.16
5299,29,6,1,36,2019-02-18,16.98
5300,31,6,1,24,2019-02-18,23.31
5301,35,6,3,38,2019-02-18,22.00
5302,37,6,3,22,2019-02-18,27.21
5303,39,6,5,27,2019-02-18,31.17
5304,41,6,6,36,2019-02-18,11.80
5305,43,6,4,54,2019-02-18,9.64
5306,1,7,1,38,2019-02-18,16.51
5307,3,7,6,41,2019-02-18,13.21
5308,5,7,6,29,2019-02-18,16.80
5309,7,7,6,28,2019-02-18,16.36
5310,9,7,2,35,2019-02-18,16.33
5311,11,7,2,47,2019-02-18,20.38
5312,15,7,4,23,2019-02-18,50.37
5313,17,7,4,42,2019-02-18,41.40
5314,19,7,2,28,2019-02-18,42.45
5315,21,7,6,23,2019-02-18,45.07
5316,23,7,5,37,2019-02-18,28.79
5317,25,7,5,39,2019-02-18,22.05
5318,27,7,1,40,2019-02-18,19.00
5319,29,7,6,70,2019-02-18,17.63
5320,31,7,1,43,2019-02-18,22.03
5321,33,7,4,36,2019-02-18,30.59
5322,35,7,3,29,2019-02-18,20.25
5323,37,7,3,22,2019-02-18,28.31
5324,41,7,4,45,2019-02-18,11.10
5325,43,7,6,51,2019-02-18,9.78
5326,1,8,6,42,2019-02-18,16.26
5327,3,8,6,40,2019-02-18,15.08
5328,5,8,1,36,2019-02-18,17.04
5329,9,8,2,39,2019-02-18,14.30
5330,11,8,2,38,2019-02-18,20.78
5331,13,8,2,28,2019-02-18,36.62
5332,15,8,4,28,2019-02-18,57.40
5333,17,8,4,41,2019-02-18,42.51
5334,21,8,2,35,2019-02-18,49.51
5335,23,8,3,26,2019-02-18,25.43
5336,25,8,5,27,2019-02-18,26.30
5337,27,8,1,47,2019-02-18,20.02
5338,29,8,6,33,2019-02-18,15.73
5339,31,8,6,39,2019-02-18,24.09
5340,33,8,4,25,2019-02-18,31.58
5341,35,8,3,35,2019-02-18,20.74
5342,37,8,3,41,2019-02-18,24.87
5343,39,8,5,34,2019-02-18,28.15
5344,41,8,6,36,2019-02-18,10.40
5345,43,8,4,39,2019-02-18,8.78
5346,1,9,1,28,2019-02-18,16.06
5347,5,9,1,27,2019-02-18,16.56
5348,7,9,2,30,2019-02-18,15.35
5349,11,9,2,23,2019-02-18,21.33
5350,13,9,2,33,2019-02-18,38.66
5351,15,9,4,11,2019-02-18,50.34
5352,19,9,6,25,2019-02-18,35.45
5353,21,9,6,27,2019-02-18,52.02
5354,23,9,5,30,2019-02-18,27.41
5355,25,9,5,33,2019-02-18,25.41
5356,27,9,1,37,2019-02-18,18.83
5357,29,9,6,54,2019-02-18,17.19
5358,31,9,1,28,2019-02-18,24.04
5359,33,9,2,38,2019-02-18,29.27
5360,39,9,3,24,2019-02-18,28.43
5361,41,9,4,35,2019-02-18,10.78
5362,43,9,4,28,2019-02-18,8.59
5363,1,10,1,28,2019-02-18,15.83
5364,3,10,1,26,2019-02-18,15.72
5365,5,10,6,26,2019-02-18,18.02
5366,7,10,6,35,2019-02-18,15.24
5367,9,10,6,25,2019-02-18,13.90
5368,11,10,2,23,2019-02-18,19.29
5369,13,10,2,31,2019-02-18,40.57
5370,15,10,2,42,2019-02-18,54.62
5371,17,10,4,33,2019-02-18,44.75
5372,21,10,6,35,2019-02-18,49.96
5373,23,10,5,43,2019-02-18,28.74
5374,25,10,5,27,2019-02-18,22.00
5375,27,10,1,27,2019-02-18,17.40
5376,29,10,1,33,2019-02-18,15.59
5377,31,10,1,31,2019-02-18,24.86
5378,33,10,4,45,2019-02-18,30.32
5379,35,10,3,36,2019-02-18,21.17
5380,41,10,6,29,2019-02-18,10.93
5381,43,10,4,29,2019-02-18,9.08
5382,1,11,6,26,2019-02-18,16.46
5383,3,11,6,26,2019-02-18,15.19
5384,5,11,1,38,2019-02-18,19.10
5385,7,11,6,36,2019-02-18,16.77
5386,9,11,6,34,2019-02-18,15.23
5387,11,11,2,50,2019-02-18,19.24
5388,13,11,2,30,2019-02-18,34.90
5389,15,11,4,30,2019-02-18,49.76
5390,17,11,2,33,2019-02-18,46.73
5391,21,11,2,33,2019-02-18,50.16
5392,23,11,5,47,2019-02-18,29.08
5393,27,11,6,39,2019-02-18,19.89
5394,29,11,1,48,2019-02-18,18.67
5395,31,11,1,43,2019-02-18,22.41
5396,33,11,4,43,2019-02-18,29.81
5397,35,11,3,29,2019-02-18,20.05
5398,37,11,3,37,2019-02-18,24.91
5399,39,11,5,27,2019-02-18,32.71
5400,41,11,6,35,2019-02-18,11.30
5401,43,11,6,44,2019-02-18,9.60
5402,3,12,1,34,2019-02-18,13.14
5403,5,12,1,25,2019-02-18,18.97
5404,9,12,2,32,2019-02-18,13.97
5405,13,12,2,32,2019-02-18,38.73
5406,15,12,2,30,2019-02-18,54.21
5407,17,12,2,28,2019-02-18,46.71
5408,25,12,3,31,2019-02-18,25.98
5409,27,12,6,36,2019-02-18,20.25
5410,29,12,6,32,2019-02-18,15.48
5411,33,12,2,26,2019-02-18,31.44
5412,35,12,3,19,2019-02-18,20.72
5413,37,12,3,27,2019-02-18,25.12
5414,39,12,5,35,2019-02-18,30.07
5415,41,12,4,27,2019-02-18,11.40
5416,43,12,4,35,2019-02-18,9.75
5417,2,1,1,30,2019-03-04,20.00
5418,4,1,1,37,2019-03-04,18.99
5419,6,1,1,33,2019-03-04,13.99
5420,8,1,6,30,2019-03-04,20.33
5421,10,1,6,31,2019-03-04,22.00
5422,12,1,4,23,2019-03-04,44.62
5423,14,1,4,26,2019-03-04,35.74
5424,18,1,6,32,2019-03-04,30.04
5425,20,1,2,31,2019-03-04,22.67
5426,22,1,2,51,2019-03-04,29.03
5427,24,1,3,24,2019-03-04,29.41
5428,26,1,5,25,2019-03-04,26.43
5429,28,1,6,47,2019-03-04,23.10
5430,30,1,1,30,2019-03-04,38.03
5431,32,1,4,28,2019-03-04,34.99
5432,34,1,4,28,2019-03-04,44.85
5433,36,1,3,31,2019-03-04,31.40
5434,40,1,3,28,2019-03-04,34.59
5435,42,1,4,22,2019-03-04,12.62
5436,2,2,6,39,2019-03-04,17.33
5437,4,2,1,53,2019-03-04,19.09
5438,6,2,6,48,2019-03-04,14.17
5439,8,2,2,55,2019-03-04,20.73
5440,10,2,6,29,2019-03-04,23.80
5441,12,2,2,39,2019-03-04,46.88
5442,14,2,4,20,2019-03-04,36.98
5443,16,2,2,28,2019-03-04,60.25
5444,18,2,6,32,2019-03-04,33.67
5445,20,2,6,30,2019-03-04,24.86
5446,22,2,6,32,2019-03-04,28.85
5447,24,2,5,33,2019-03-04,30.62
5448,26,2,5,36,2019-03-04,28.07
5449,28,2,6,42,2019-03-04,21.24
5450,30,2,1,45,2019-03-04,39.36
5451,32,2,4,40,2019-03-04,36.02
5452,34,2,4,25,2019-03-04,42.64
5453,38,2,5,23,2019-03-04,28.95
5454,40,2,3,50,2019-03-04,36.57
5455,42,2,6,42,2019-03-04,11.92
5456,2,3,6,35,2019-03-04,20.73
5457,4,3,1,43,2019-03-04,21.82
5458,6,3,1,30,2019-03-04,14.17
5459,10,3,2,36,2019-03-04,20.39
5460,12,3,4,33,2019-03-04,46.52
5461,18,3,6,25,2019-03-04,29.36
5462,20,3,6,40,2019-03-04,21.66
5463,22,3,2,28,2019-03-04,25.17
5464,26,3,3,28,2019-03-04,28.44
5465,28,3,6,39,2019-03-04,24.12
5466,32,3,4,34,2019-03-04,33.66
5467,34,3,2,36,2019-03-04,39.36
5468,36,3,3,28,2019-03-04,30.03
5469,38,3,5,37,2019-03-04,27.25
5470,40,3,5,34,2019-03-04,38.64
5471,42,3,6,40,2019-03-04,13.70
5472,2,4,1,25,2019-03-04,19.70
5473,4,4,6,24,2019-03-04,20.09
5474,6,4,6,23,2019-03-04,14.79
5475,8,4,6,22,2019-03-04,20.68
5476,20,4,2,27,2019-03-04,23.73
5477,28,4,6,26,2019-03-04,20.72
5478,36,4,3,26,2019-03-04,29.37
5479,40,4,5,37,2019-03-04,35.33
5480,42,4,4,29,2019-03-04,13.52
5481,2,5,1,27,2019-03-04,17.76
5482,8,5,2,24,2019-03-04,19.57
5483,16,5,4,19,2019-03-04,64.43
5484,20,5,6,32,2019-03-04,24.82
5485,22,5,6,25,2019-03-04,25.52
5486,24,5,3,27,2019-03-04,30.44
5487,26,5,3,38,2019-03-04,29.84
5488,32,5,2,33,2019-03-04,35.02
5489,34,5,4,20,2019-03-04,42.70
5490,36,5,3,24,2019-03-04,31.52
5491,2,6,6,33,2019-03-04,19.64
5492,4,6,6,37,2019-03-04,20.86
5493,6,6,1,26,2019-03-04,14.05
5494,10,6,6,48,2019-03-04,23.23
5495,12,6,4,30,2019-03-04,48.74
5496,22,6,6,30,2019-03-04,27.49
5497,24,6,3,26,2019-03-04,29.68
5498,26,6,3,36,2019-03-04,30.36
5499,28,6,6,31,2019-03-04,24.02
5500,32,6,2,25,2019-03-04,34.30
5501,34,6,2,37,2019-03-04,42.76
5502,36,6,3,28,2019-03-04,35.05
5503,38,6,5,29,2019-03-04,27.90
5504,42,6,4,24,2019-03-04,11.91
5505,2,7,1,31,2019-03-04,19.97
5506,4,7,1,37,2019-03-04,20.15
5507,8,7,2,32,2019-03-04,18.18
5508,10,7,6,38,2019-03-04,24.33
5509,16,7,4,19,2019-03-04,54.20
5510,20,7,2,24,2019-03-04,23.62
5511,24,7,5,25,2019-03-04,29.48
5512,26,7,5,23,2019-03-04,26.44
5513,30,7,1,27,2019-03-04,33.58
5514,42,7,6,29,2019-03-04,12.49
5515,4,8,6,26,2019-03-04,20.26
5516,10,8,6,25,2019-03-04,24.71
5517,12,8,4,17,2019-03-04,47.06
5518,14,8,4,26,2019-03-04,35.91
5519,16,8,2,34,2019-03-04,62.76
5520,18,8,6,35,2019-03-04,35.37
5521,22,8,6,48,2019-03-04,28.01
5522,28,8,1,33,2019-03-04,21.37
5523,32,8,2,24,2019-03-04,35.87
5524,34,8,2,24,2019-03-04,44.46
5525,42,8,4,21,2019-03-04,13.58
5526,4,9,6,29,2019-03-04,22.18
5527,8,9,6,29,2019-03-04,18.15
5528,12,9,2,19,2019-03-04,40.58
5529,16,9,4,35,2019-03-04,59.31
5530,24,9,5,23,2019-03-04,32.55
5531,26,9,3,36,2019-03-04,29.78
5532,28,9,1,33,2019-03-04,22.69
5533,32,9,4,29,2019-03-04,36.66
5534,34,9,2,23,2019-03-04,42.93
5535,38,9,3,25,2019-03-04,26.45
5536,42,9,6,33,2019-03-04,12.29
5537,4,10,6,23,2019-03-04,21.09
5538,6,10,6,31,2019-03-04,12.91
5539,10,10,2,29,2019-03-04,24.20
5540,14,10,4,27,2019-03-04,30.77
5541,18,10,6,30,2019-03-04,34.93
5542,20,10,6,24,2019-03-04,25.84
5543,24,10,5,33,2019-03-04,33.21
5544,28,10,6,31,2019-03-04,23.28
5545,32,10,2,20,2019-03-04,31.42
5546,36,10,3,34,2019-03-04,30.40
5547,38,10,5,30,2019-03-04,26.69
5548,42,10,4,40,2019-03-04,11.82
5549,4,11,1,30,2019-03-04,19.89
5550,6,11,1,35,2019-03-04,13.05
5551,12,11,4,15,2019-03-04,45.18
5552,14,11,2,25,2019-03-04,31.26
5553,20,11,6,37,2019-03-04,24.06
5554,26,11,3,33,2019-03-04,27.86
5555,30,11,6,20,2019-03-04,32.82
5556,38,11,5,32,2019-03-04,26.72
5557,40,11,5,34,2019-03-04,32.64
5558,4,12,1,31,2019-03-04,22.00
5559,8,12,2,26,2019-03-04,18.47
5560,10,12,2,22,2019-03-04,21.96
5561,12,12,4,15,2019-03-04,47.45
5562,14,12,2,26,2019-03-04,33.67
5563,20,12,6,27,2019-03-04,22.30
5564,26,12,5,50,2019-03-04,30.46
5565,28,12,6,27,2019-03-04,23.56
5566,30,12,1,21,2019-03-04,38.19
5567,32,12,2,34,2019-03-04,33.67
5568,34,12,4,31,2019-03-04,43.93
5569,38,12,5,28,2019-03-04,26.11
5570,42,12,6,20,2019-03-04,11.50
5571,1,1,6,50,2019-03-18,14.93
5572,3,1,1,36,2019-03-18,14.17
5573,5,1,1,31,2019-03-18,16.57
5574,7,1,6,24,2019-03-18,15.07
5575,9,1,2,35,2019-03-18,15.51
5576,11,1,2,32,2019-03-18,20.12
5577,13,1,2,27,2019-03-18,40.53
5578,15,1,4,29,2019-03-18,55.50
5579,17,1,2,22,2019-03-18,42.01
5580,19,1,2,19,2019-03-18,35.50
5581,21,1,6,33,2019-03-18,47.47
5582,23,1,3,50,2019-03-18,28.38
5583,25,1,5,36,2019-03-18,26.36
5584,27,1,1,47,2019-03-18,17.20
5585,29,1,1,33,2019-03-18,15.59
5586,31,1,6,44,2019-03-18,24.47
5587,33,1,4,43,2019-03-18,30.48
5588,35,1,3,28,2019-03-18,21.85
5589,37,1,3,27,2019-03-18,30.22
5590,39,1,5,28,2019-03-18,31.82
5591,41,1,6,51,2019-03-18,11.73
5592,43,1,6,49,2019-03-18,8.24
5593,1,2,6,26,2019-03-18,14.59
5594,3,2,6,28,2019-03-18,14.10
5595,5,2,1,34,2019-03-18,17.78
5596,7,2,6,43,2019-03-18,16.54
5597,9,2,2,38,2019-03-18,15.36
5598,11,2,2,50,2019-03-18,18.55
5599,15,2,4,37,2019-03-18,56.96
5600,17,2,4,31,2019-03-18,46.19
5601,19,2,6,30,2019-03-18,37.25
5602,21,2,6,25,2019-03-18,50.06
5603,23,2,3,59,2019-03-18,26.07
5604,25,2,3,30,2019-03-18,23.62
5605,27,2,1,51,2019-03-18,17.28
5606,29,2,1,25,2019-03-18,18.14
5607,31,2,1,46,2019-03-18,23.09
5608,33,2,2,43,2019-03-18,26.66
5609,35,2,3,30,2019-03-18,20.50
5610,37,2,3,22,2019-03-18,27.59
5611,39,2,5,41,2019-03-18,31.51
5612,41,2,4,62,2019-03-18,10.01
5613,43,2,4,54,2019-03-18,9.84
5614,1,3,1,29,2019-03-18,15.50
5615,3,3,1,31,2019-03-18,13.87
5616,5,3,6,34,2019-03-18,16.80
5617,7,3,6,34,2019-03-18,16.05
5618,9,3,2,33,2019-03-18,14.21
5619,11,3,6,43,2019-03-18,21.13
5620,13,3,2,29,2019-03-18,40.43
5621,15,3,4,35,2019-03-18,56.70
5622,17,3,4,38,2019-03-18,46.02
5623,19,3,6,24,2019-03-18,35.84
5624,21,3,2,40,2019-03-18,46.45
5625,23,3,5,47,2019-03-18,27.63
5626,27,3,1,56,2019-03-18,20.44
5627,29,3,1,54,2019-03-18,17.62
5628,31,3,6,25,2019-03-18,25.85
5629,33,3,2,35,2019-03-18,29.98
5630,37,3,3,36,2019-03-18,27.06
5631,39,3,3,45,2019-03-18,31.14
5632,41,3,4,43,2019-03-18,9.97
5633,43,3,6,36,2019-03-18,9.50
5634,3,4,1,40,2019-03-18,15.41
5635,5,4,1,26,2019-03-18,15.79
5636,9,4,2,20,2019-03-18,14.83
5637,11,4,6,37,2019-03-18,18.54
5638,13,4,4,32,2019-03-18,34.21
5639,23,4,5,30,2019-03-18,29.32
5640,27,4,6,41,2019-03-18,19.09
5641,31,4,1,26,2019-03-18,24.00
5642,37,4,3,36,2019-03-18,28.47
5643,39,4,3,26,2019-03-18,28.64
5644,41,4,6,22,2019-03-18,10.17
5645,43,4,4,43,2019-03-18,8.50
5646,3,5,1,27,2019-03-18,13.94
5647,7,5,2,27,2019-03-18,16.05
5648,9,5,6,27,2019-03-18,14.88
5649,11,5,6,32,2019-03-18,18.62
5650,13,5,4,19,2019-03-18,38.63
5651,19,5,2,32,2019-03-18,42.47
5652,23,5,5,25,2019-03-18,26.01
5653,29,5,1,29,2019-03-18,15.57
5654,35,5,3,25,2019-03-18,19.29
5655,37,5,3,27,2019-03-18,29.84
5656,1,6,1,37,2019-03-18,16.81
5657,3,6,1,41,2019-03-18,15.73
5658,7,6,6,28,2019-03-18,16.25
5659,9,6,6,28,2019-03-18,14.04
5660,11,6,2,38,2019-03-18,18.85
5661,15,6,2,31,2019-03-18,56.74
5662,17,6,4,23,2019-03-18,39.73
5663,19,6,6,33,2019-03-18,35.86
5664,21,6,6,34,2019-03-18,44.29
5665,23,6,3,34,2019-03-18,24.90
5666,25,6,3,26,2019-03-18,25.01
5667,27,6,6,37,2019-03-18,18.59
5668,29,6,1,23,2019-03-18,17.16
5669,31,6,6,22,2019-03-18,22.93
5670,33,6,2,29,2019-03-18,31.45
5671,35,6,3,20,2019-03-18,19.96
5672,37,6,3,20,2019-03-18,29.43
5673,41,6,4,32,2019-03-18,11.13
5674,43,6,4,51,2019-03-18,9.79
5675,1,7,6,25,2019-03-18,16.76
5676,3,7,6,28,2019-03-18,14.63
5677,9,7,2,32,2019-03-18,15.24
5678,11,7,6,44,2019-03-18,19.71
5679,13,7,2,32,2019-03-18,35.49
5680,21,7,6,29,2019-03-18,49.46
5681,23,7,5,39,2019-03-18,27.91
5682,31,7,1,38,2019-03-18,23.22
5683,33,7,4,22,2019-03-18,29.92
5684,39,7,3,24,2019-03-18,32.04
5685,41,7,6,30,2019-03-18,11.33
5686,43,7,6,47,2019-03-18,8.78
5687,3,8,1,39,2019-03-18,13.15
5688,7,8,6,37,2019-03-18,16.05
5689,9,8,6,36,2019-03-18,14.45
5690,11,8,2,25,2019-03-18,18.86
5691,19,8,2,34,2019-03-18,39.77
5692,21,8,2,24,2019-03-18,44.12
5693,23,8,5,35,2019-03-18,26.07
5694,27,8,6,26,2019-03-18,19.43
5695,33,8,4,32,2019-03-18,26.16
5696,41,8,6,36,2019-03-18,10.60
5697,43,8,6,37,2019-03-18,9.87
5698,1,9,6,27,2019-03-18,14.81
5699,3,9,1,40,2019-03-18,14.91
5700,5,9,1,20,2019-03-18,16.20
5701,7,9,6,33,2019-03-18,16.92
5702,9,9,2,19,2019-03-18,14.04
5703,11,9,2,32,2019-03-18,20.24
5704,13,9,2,31,2019-03-18,39.75
5705,15,9,2,26,2019-03-18,49.81
5706,17,9,2,13,2019-03-18,44.94
5707,23,9,5,33,2019-03-18,28.96
5708,27,9,1,38,2019-03-18,20.68
5709,35,9,3,38,2019-03-18,20.41
5710,37,9,3,27,2019-03-18,27.00
5711,39,9,5,20,2019-03-18,28.42
5712,41,9,4,31,2019-03-18,11.16
5713,43,9,6,41,2019-03-18,9.84
5714,3,10,6,32,2019-03-18,13.36
5715,5,10,6,33,2019-03-18,18.08
5716,7,10,6,30,2019-03-18,15.41
5717,9,10,6,26,2019-03-18,14.69
5718,11,10,2,42,2019-03-18,18.81
5719,19,10,6,28,2019-03-18,41.64
5720,23,10,3,34,2019-03-18,25.96
5721,27,10,6,30,2019-03-18,19.64
5722,29,10,6,46,2019-03-18,15.51
5723,33,10,2,36,2019-03-18,30.30
5724,37,10,3,30,2019-03-18,28.82
5725,39,10,3,32,2019-03-18,29.45
5726,41,10,6,37,2019-03-18,10.19
5727,43,10,6,36,2019-03-18,9.01
5728,5,11,6,27,2019-03-18,18.16
5729,11,11,2,33,2019-03-18,19.34
5730,19,11,2,33,2019-03-18,37.08
5731,25,11,3,34,2019-03-18,23.67
5732,27,11,1,33,2019-03-18,19.71
5733,29,11,6,31,2019-03-18,18.28
5734,39,11,5,28,2019-03-18,33.00
5735,41,11,6,34,2019-03-18,10.55
5736,43,11,4,28,2019-03-18,9.57
5737,1,12,1,24,2019-03-18,15.20
5738,7,12,2,25,2019-03-18,15.39
5739,11,12,2,28,2019-03-18,21.38
5740,19,12,6,17,2019-03-18,42.02
5741,21,12,2,21,2019-03-18,47.02
5742,23,12,5,21,2019-03-18,27.18
5743,27,12,6,26,2019-03-18,20.74
5744,31,12,1,33,2019-03-18,23.58
5745,33,12,4,25,2019-03-18,28.60
5746,4,1,6,52,2019-04-03,22.03
5747,6,1,6,57,2019-04-03,14.71
5748,8,1,6,37,2019-04-03,19.84
5749,10,1,2,39,2019-04-03,21.82
5750,12,1,4,38,2019-04-03,42.16
5751,14,1,4,38,2019-04-03,31.64
5752,16,1,2,53,2019-04-03,63.95
5753,18,1,2,43,2019-04-03,33.91
5754,20,1,2,51,2019-04-03,21.88
5755,22,1,6,54,2019-04-03,26.01
5756,24,1,5,32,2019-04-03,30.42
5757,26,1,3,55,2019-04-03,28.50
5758,28,1,6,37,2019-04-03,24.66
5759,30,1,1,23,2019-04-03,36.23
5760,32,1,2,22,2019-04-03,34.93
5761,34,1,2,25,2019-04-03,43.41
5762,36,1,3,50,2019-04-03,32.45
5763,38,1,3,42,2019-04-03,27.56
5764,40,1,3,37,2019-04-03,35.26
5765,42,1,6,49,2019-04-03,13.73
5766,2,2,1,38,2019-04-03,20.46
5767,4,2,6,57,2019-04-03,20.79
5768,6,2,1,34,2019-04-03,13.67
5769,8,2,2,31,2019-04-03,19.37
5770,10,2,6,39,2019-04-03,24.74
5771,12,2,2,35,2019-04-03,43.89
5772,14,2,2,20,2019-04-03,35.76
5773,16,2,4,39,2019-04-03,54.41
5774,18,2,6,23,2019-04-03,31.64
5775,20,2,2,27,2019-04-03,22.41
5776,22,2,2,44,2019-04-03,28.38
5777,24,2,5,38,2019-04-03,29.81
5778,26,2,5,28,2019-04-03,27.46
5779,28,2,1,53,2019-04-03,20.89
5780,30,2,6,28,2019-04-03,36.06
5781,32,2,2,31,2019-04-03,30.84
5782,34,2,2,29,2019-04-03,45.88
5783,36,2,3,64,2019-04-03,35.15
5784,38,2,3,31,2019-04-03,31.33
5785,40,2,5,36,2019-04-03,35.66
5786,42,2,6,38,2019-04-03,13.33
5787,2,3,6,25,2019-04-03,17.62
5788,4,3,1,31,2019-04-03,20.54
5789,6,3,1,44,2019-04-03,12.97
5790,8,3,6,38,2019-04-03,20.19
5791,10,3,6,26,2019-04-03,21.65
5792,12,3,4,24,2019-04-03,44.58
5793,14,3,4,45,2019-04-03,36.59
5794,16,3,4,31,2019-04-03,56.29
5795,20,3,2,31,2019-04-03,25.43
5796,22,3,2,46,2019-04-03,26.84
5797,24,3,3,33,2019-04-03,33.61
5798,26,3,5,33,2019-04-03,31.34
5799,28,3,6,35,2019-04-03,24.10
5800,30,3,1,33,2019-04-03,33.03
5801,32,3,2,31,2019-04-03,37.04
5802,34,3,2,28,2019-04-03,42.98
5803,40,3,5,20,2019-04-03,34.53
5804,42,3,4,35,2019-04-03,12.60
5805,2,4,6,27,2019-04-03,18.88
5806,4,4,1,25,2019-04-03,22.25
5807,6,4,6,24,2019-04-03,13.91
5808,8,4,2,37,2019-04-03,17.13
5809,10,4,6,35,2019-04-03,20.58
5810,12,4,4,27,2019-04-03,47.21
5811,14,4,2,21,2019-04-03,31.76
5812,16,4,4,23,2019-04-03,55.85
5813,18,4,2,38,2019-04-03,33.77
5814,22,4,2,28,2019-04-03,26.86
5815,24,4,5,30,2019-04-03,34.07
5816,26,4,5,48,2019-04-03,27.10
5817,28,4,6,28,2019-04-03,22.64
5818,30,4,6,39,2019-04-03,33.18
5819,32,4,2,18,2019-04-03,35.37
5820,34,4,4,34,2019-04-03,42.66
5821,38,4,3,30,2019-04-03,29.28
5822,4,5,1,40,2019-04-03,20.21
5823,6,5,1,28,2019-04-03,12.69
5824,8,5,2,31,2019-04-03,20.62
5825,10,5,2,39,2019-04-03,21.99
5826,12,5,4,32,2019-04-03,40.39
5827,14,5,4,27,2019-04-03,35.54
5828,16,5,4,33,2019-04-03,55.20
5829,18,5,6,21,2019-04-03,30.54
5830,26,5,5,27,2019-04-03,28.24
5831,28,5,1,32,2019-04-03,22.11
5832,30,5,1,23,2019-04-03,37.10
5833,38,5,5,25,2019-04-03,28.31
5834,40,5,3,26,2019-04-03,38.67
5835,42,5,6,27,2019-04-03,12.20
5836,4,6,1,25,2019-04-03,20.01
5837,6,6,1,33,2019-04-03,12.74
5838,8,6,2,37,2019-04-03,19.24
5839,12,6,2,27,2019-04-03,41.83
5840,14,6,2,30,2019-04-03,31.77
5841,16,6,4,32,2019-04-03,54.12
5842,18,6,2,26,2019-04-03,35.55
5843,20,6,6,26,2019-04-03,23.67
5844,22,6,6,24,2019-04-03,30.17
5845,26,6,5,28,2019-04-03,31.42
5846,28,6,6,35,2019-04-03,21.44
5847,30,6,1,39,2019-04-03,32.88
5848,32,6,2,27,2019-04-03,33.28
5849,36,6,3,31,2019-04-03,31.60
5850,40,6,5,34,2019-04-03,34.39
5851,42,6,6,29,2019-04-03,13.41
5852,4,7,1,39,2019-04-03,20.39
5853,6,7,6,42,2019-04-03,13.70
5854,8,7,6,26,2019-04-03,18.08
5855,10,7,6,19,2019-04-03,21.14
5856,12,7,4,20,2019-04-03,40.92
5857,14,7,4,27,2019-04-03,37.13
5858,18,7,2,35,2019-04-03,31.15
5859,22,7,2,31,2019-04-03,27.88
5860,24,7,5,26,2019-04-03,29.32
5861,28,7,6,37,2019-04-03,23.43
5862,32,7,4,39,2019-04-03,34.99
5863,34,7,4,28,2019-04-03,39.53
5864,36,7,3,28,2019-04-03,31.50
5865,38,7,5,36,2019-04-03,27.05
5866,40,7,5,35,2019-04-03,36.46
5867,2,8,6,42,2019-04-03,20.74
5868,4,8,1,34,2019-04-03,22.27
5869,6,8,1,44,2019-04-03,13.20
5870,8,8,2,35,2019-04-03,20.81
5871,10,8,6,30,2019-04-03,22.51
5872,14,8,4,23,2019-04-03,35.31
5873,16,8,4,27,2019-04-03,62.97
5874,20,8,6,37,2019-04-03,25.07
5875,22,8,2,33,2019-04-03,24.91
5876,24,8,5,31,2019-04-03,32.42
5877,26,8,3,41,2019-04-03,31.68
5878,30,8,1,37,2019-04-03,39.55
5879,32,8,4,34,2019-04-03,32.26
5880,36,8,3,33,2019-04-03,32.69
5881,38,8,3,37,2019-04-03,26.90
5882,40,8,3,38,2019-04-03,34.09
5883,42,8,4,28,2019-04-03,12.40
5884,2,9,6,18,2019-04-03,17.94
5885,4,9,1,30,2019-04-03,23.08
5886,6,9,1,32,2019-04-03,12.44
5887,8,9,2,21,2019-04-03,19.20
5888,10,9,6,35,2019-04-03,23.17
5889,14,9,4,25,2019-04-03,36.54
5890,18,9,2,18,2019-04-03,34.35
5891,20,9,6,22,2019-04-03,24.53
5892,22,9,2,38,2019-04-03,27.51
5893,24,9,5,20,2019-04-03,30.56
5894,26,9,3,30,2019-04-03,31.87
5895,30,9,6,33,2019-04-03,36.60
5896,36,9,3,27,2019-04-03,30.85
5897,40,9,3,22,2019-04-03,38.07
5898,42,9,6,30,2019-04-03,13.01
5899,2,10,1,33,2019-04-03,18.92
5900,8,10,2,26,2019-04-03,19.83
5901,10,10,6,36,2019-04-03,23.04
5902,12,10,2,28,2019-04-03,40.08
5903,14,10,2,26,2019-04-03,36.55
5904,16,10,2,36,2019-04-03,56.47
5905,22,10,2,45,2019-04-03,29.02
5906,26,10,3,38,2019-04-03,31.18
5907,28,10,6,27,2019-04-03,21.69
5908,30,10,1,31,2019-04-03,36.22
5909,34,10,4,26,2019-04-03,40.21
5910,36,10,3,23,2019-04-03,29.93
5911,40,10,3,34,2019-04-03,36.32
5912,42,10,4,32,2019-04-03,11.33
5913,2,11,1,25,2019-04-03,17.24
5914,6,11,1,23,2019-04-03,12.47
5915,8,11,6,37,2019-04-03,17.46
5916,10,11,2,34,2019-04-03,22.24
5917,16,11,2,40,2019-04-03,56.31
5918,18,11,6,33,2019-04-03,35.75
5919,22,11,6,44,2019-04-03,28.84
5920,24,11,5,16,2019-04-03,30.66
5921,26,11,3,25,2019-04-03,29.85
5922,28,11,6,36,2019-04-03,22.75
5923,32,11,2,31,2019-04-03,33.64
5924,34,11,2,22,2019-04-03,45.25
5925,36,11,3,27,2019-04-03,34.85
5926,40,11,5,27,2019-04-03,39.50
5927,42,11,6,45,2019-04-03,12.36
5928,2,12,6,18,2019-04-03,17.83
5929,4,12,1,27,2019-04-03,20.20
5930,6,12,6,30,2019-04-03,12.66
5931,16,12,4,26,2019-04-03,62.01
5932,18,12,6,29,2019-04-03,31.11
5933,22,12,2,32,2019-04-03,28.89
5934,24,12,5,29,2019-04-03,32.67
5935,36,12,3,21,2019-04-03,30.01
5936,40,12,5,28,2019-04-03,36.87
5937,1,1,1,40,2019-04-17,16.97
5938,3,1,6,40,2019-04-17,14.53
5939,5,1,1,31,2019-04-17,18.44
5940,9,1,6,59,2019-04-17,15.42
5941,11,1,6,38,2019-04-17,20.70
5942,15,1,4,27,2019-04-17,57.63
5943,21,1,2,33,2019-04-17,47.60
5944,23,1,5,57,2019-04-17,28.07
5945,25,1,3,24,2019-04-17,23.90
5946,27,1,1,40,2019-04-17,20.80
5947,29,1,6,32,2019-04-17,15.75
5948,31,1,1,35,2019-04-17,24.94
5949,33,1,4,31,2019-04-17,31.50
5950,37,1,3,22,2019-04-17,29.95
5951,39,1,5,26,2019-04-17,29.85
5952,41,1,4,35,2019-04-17,10.91
5953,43,1,6,47,2019-04-17,9.04
5954,1,2,6,51,2019-04-17,15.44
5955,3,2,6,42,2019-04-17,13.73
5956,5,2,6,31,2019-04-17,16.24
5957,7,2,6,53,2019-04-17,17.30
5958,9,2,6,48,2019-04-17,13.87
5959,11,2,2,50,2019-04-17,19.19
5960,13,2,2,33,2019-04-17,35.34
5961,15,2,4,34,2019-04-17,50.56
5962,17,2,2,31,2019-04-17,41.74
5963,19,2,2,25,2019-04-17,40.66
5964,21,2,2,33,2019-04-17,49.03
5965,23,2,3,57,2019-04-17,28.57
5966,25,2,5,31,2019-04-17,26.24
5967,27,2,6,67,2019-04-17,18.13
5968,29,2,6,35,2019-04-17,16.16
5969,31,2,1,28,2019-04-17,22.84
5970,33,2,4,43,2019-04-17,29.29
5971,35,2,3,36,2019-04-17,21.21
5972,39,2,3,32,2019-04-17,33.68
5973,41,2,6,57,2019-04-17,11.45
5974,43,2,6,50,2019-04-17,8.70
5975,1,3,1,49,2019-04-17,14.81
5976,3,3,1,31,2019-04-17,13.88
5977,5,3,6,34,2019-04-17,16.00
5978,7,3,2,40,2019-04-17,17.05
5979,11,3,2,51,2019-04-17,20.50
5980,15,3,2,26,2019-04-17,51.11
5981,21,3,6,26,2019-04-17,50.92
5982,23,3,3,35,2019-04-17,29.97
5983,25,3,3,40,2019-04-17,22.78
5984,27,3,6,35,2019-04-17,19.63
5985,29,3,6,43,2019-04-17,16.23
5986,31,3,6,19,2019-04-17,25.40
5987,33,3,2,24,2019-04-17,29.10
5988,35,3,3,35,2019-04-17,19.36
5989,37,3,3,29,2019-04-17,26.21
5990,39,3,5,36,2019-04-17,32.78
5991,41,3,6,43,2019-04-17,11.49
5992,43,3,6,38,2019-04-17,8.56
5993,1,4,1,30,2019-04-17,17.56
5994,3,4,1,40,2019-04-17,15.47
5995,5,4,1,36,2019-04-17,16.14
5996,7,4,2,27,2019-04-17,15.57
5997,9,4,2,26,2019-04-17,15.02
5998,11,4,2,29,2019-04-17,21.13
5999,15,4,2,29,2019-04-17,60.21
6000,17,4,2,27,2019-04-17,42.53
6001,19,4,2,24,2019-04-17,38.18
6002,21,4,6,21,2019-04-17,46.16
6003,23,4,5,24,2019-04-17,24.98
6004,25,4,5,38,2019-04-17,24.00
6005,27,4,6,32,2019-04-17,20.37
6006,29,4,1,43,2019-04-17,17.48
6007,31,4,1,25,2019-04-17,23.10
6008,33,4,4,36,2019-04-17,29.12
6009,35,4,3,29,2019-04-17,21.90
6010,37,4,3,21,2019-04-17,26.38
6011,39,4,5,29,2019-04-17,31.87
6012,41,4,4,27,2019-04-17,10.86
6013,43,4,6,40,2019-04-17,8.76
6014,1,5,1,27,2019-04-17,14.95
6015,3,5,1,29,2019-04-17,13.65
6016,5,5,1,27,2019-04-17,16.75
6017,7,5,2,25,2019-04-17,14.46
6018,11,5,2,37,2019-04-17,21.72
6019,15,5,4,32,2019-04-17,52.77
6020,17,5,4,26,2019-04-17,38.60
6021,21,5,2,26,2019-04-17,51.01
6022,23,5,3,32,2019-04-17,29.35
6023,25,5,3,30,2019-04-17,24.57
6024,27,5,6,28,2019-04-17,17.36
6025,31,5,1,31,2019-04-17,24.85
6026,33,5,4,26,2019-04-17,31.83
6027,35,5,3,22,2019-04-17,22.83
6028,39,5,5,29,2019-04-17,33.81
6029,41,5,6,47,2019-04-17,11.55
6030,43,5,4,45,2019-04-17,8.59
6031,1,6,6,33,2019-04-17,14.71
6032,3,6,1,34,2019-04-17,15.78
6033,5,6,1,37,2019-04-17,18.77
6034,7,6,2,33,2019-04-17,14.76
6035,9,6,6,32,2019-04-17,13.53
6036,11,6,2,30,2019-04-17,19.17
6037,13,6,4,31,2019-04-17,35.02
6038,23,6,3,36,2019-04-17,25.06
6039,25,6,3,30,2019-04-17,21.80
6040,27,6,6,31,2019-04-17,20.54
6041,29,6,1,34,2019-04-17,17.57
6042,31,6,1,27,2019-04-17,21.98
6043,33,6,4,30,2019-04-17,27.39
6044,35,6,3,37,2019-04-17,20.34
6045,39,6,3,41,2019-04-17,33.77
6046,41,6,4,48,2019-04-17,11.83
6047,43,6,4,41,2019-04-17,9.85
6048,1,7,1,30,2019-04-17,17.16
6049,3,7,1,29,2019-04-17,13.72
6050,5,7,1,35,2019-04-17,19.09
6051,7,7,6,23,2019-04-17,16.62
6052,11,7,6,32,2019-04-17,20.14
6053,15,7,4,33,2019-04-17,53.51
6054,17,7,4,26,2019-04-17,42.11
6055,19,7,6,26,2019-04-17,38.58
6056,21,7,6,31,2019-04-17,48.43
6057,23,7,5,39,2019-04-17,27.19
6058,25,7,5,36,2019-04-17,26.13
6059,27,7,1,53,2019-04-17,20.23
6060,29,7,1,33,2019-04-17,17.69
6061,33,7,4,36,2019-04-17,31.61
6062,35,7,3,15,2019-04-17,19.31
6063,37,7,3,29,2019-04-17,29.51
6064,41,7,4,38,2019-04-17,10.57
6065,43,7,6,48,2019-04-17,8.11
6066,1,8,6,34,2019-04-17,15.11
6067,3,8,1,25,2019-04-17,14.79
6068,5,8,1,33,2019-04-17,18.60
6069,11,8,6,31,2019-04-17,18.97
6070,13,8,2,26,2019-04-17,39.18
6071,15,8,2,27,2019-04-17,59.25
6072,17,8,4,36,2019-04-17,42.00
6073,19,8,2,23,2019-04-17,37.97
6074,21,8,6,25,2019-04-17,49.87
6075,23,8,5,43,2019-04-17,26.46
6076,25,8,3,42,2019-04-17,23.74
6077,27,8,6,34,2019-04-17,17.53
6078,29,8,6,40,2019-04-17,16.11
6079,31,8,1,27,2019-04-17,24.57
6080,35,8,3,28,2019-04-17,20.18
6081,37,8,3,23,2019-04-17,24.87
6082,39,8,5,35,2019-04-17,32.67
6083,41,8,4,32,2019-04-17,11.29
6084,43,8,4,45,2019-04-17,9.68
6085,3,9,1,37,2019-04-17,15.28
6086,5,9,6,23,2019-04-17,16.48
6087,11,9,2,22,2019-04-17,18.16
6088,19,9,6,37,2019-04-17,39.49
6089,21,9,6,24,2019-04-17,43.64
6090,23,9,5,22,2019-04-17,27.60
6091,25,9,5,36,2019-04-17,25.68
6092,27,9,1,31,2019-04-17,20.04
6093,29,9,1,26,2019-04-17,18.50
6094,31,9,1,40,2019-04-17,25.59
6095,33,9,4,34,2019-04-17,29.46
6096,41,9,6,38,2019-04-17,12.03
6097,43,9,4,36,2019-04-17,8.29
6098,1,10,6,40,2019-04-17,16.70
6099,5,10,1,26,2019-04-17,17.69
6100,9,10,6,36,2019-04-17,14.71
6101,11,10,2,35,2019-04-17,20.62
6102,13,10,2,22,2019-04-17,34.41
6103,15,10,4,34,2019-04-17,53.34
6104,17,10,2,30,2019-04-17,46.28
6105,21,10,2,28,2019-04-17,48.83
6106,23,10,3,36,2019-04-17,28.81
6107,25,10,3,24,2019-04-17,22.70
6108,27,10,1,32,2019-04-17,20.10
6109,31,10,6,49,2019-04-17,22.96
6110,33,10,2,19,2019-04-17,29.15
6111,35,10,3,40,2019-04-17,19.91
6112,39,10,5,26,2019-04-17,28.89
6113,41,10,6,38,2019-04-17,11.41
6114,43,10,6,35,2019-04-17,9.26
6115,1,11,1,36,2019-04-17,15.66
6116,3,11,6,44,2019-04-17,14.60
6117,5,11,1,29,2019-04-17,15.85
6118,7,11,2,28,2019-04-17,16.68
6119,9,11,2,28,2019-04-17,15.11
6120,11,11,6,34,2019-04-17,18.81
6121,13,11,4,28,2019-04-17,35.77
6122,15,11,4,27,2019-04-17,54.30
6123,17,11,4,26,2019-04-17,42.43
6124,21,11,6,21,2019-04-17,42.84
6125,23,11,5,52,2019-04-17,30.09
6126,25,11,3,23,2019-04-17,23.68
6127,27,11,1,34,2019-04-17,20.47
6128,29,11,6,28,2019-04-17,17.31
6129,31,11,1,20,2019-04-17,24.78
6130,33,11,4,43,2019-04-17,31.29
6131,35,11,3,35,2019-04-17,20.31
6132,37,11,3,28,2019-04-17,27.66
6133,41,11,6,50,2019-04-17,11.75
6134,43,11,4,35,2019-04-17,9.06
6135,1,12,1,20,2019-04-17,14.47
6136,3,12,6,31,2019-04-17,15.77
6137,5,12,1,28,2019-04-17,16.36
6138,9,12,6,34,2019-04-17,13.87
6139,11,12,6,25,2019-04-17,19.78
6140,13,12,4,31,2019-04-17,35.29
6141,15,12,4,25,2019-04-17,53.14
6142,17,12,4,27,2019-04-17,40.78
6143,23,12,5,32,2019-04-17,29.66
6144,25,12,3,33,2019-04-17,22.91
6145,27,12,6,31,2019-04-17,20.69
6146,29,12,1,35,2019-04-17,16.18
6147,31,12,1,29,2019-04-17,22.12
6148,33,12,2,33,2019-04-17,27.94
6149,35,12,3,29,2019-04-17,21.01
6150,37,12,3,21,2019-04-17,27.50
6151,39,12,5,23,2019-04-17,33.39
6152,41,12,4,46,2019-04-17,11.52
6153,43,12,6,41,2019-04-17,8.36
6154,2,1,1,41,2019-05-03,19.53
6155,4,1,1,40,2019-05-03,22.43
6156,6,1,6,44,2019-05-03,12.71
6157,8,1,6,47,2019-05-03,20.59
6158,10,1,2,34,2019-05-03,20.64
6159,14,1,4,30,2019-05-03,30.94
6160,18,1,2,23,2019-05-03,34.01
6161,20,1,6,27,2019-05-03,24.08
6162,22,1,6,46,2019-05-03,27.56
6163,24,1,3,46,2019-05-03,31.60
6164,26,1,5,35,2019-05-03,28.16
6165,28,1,1,32,2019-05-03,23.16
6166,30,1,1,41,2019-05-03,33.57
6167,32,1,2,38,2019-05-03,34.26
6168,34,1,4,25,2019-05-03,44.11
6169,36,1,3,39,2019-05-03,32.37
6170,40,1,3,34,2019-05-03,38.83
6171,42,1,4,45,2019-05-03,11.36
6172,2,2,1,46,2019-05-03,17.21
6173,4,2,1,57,2019-05-03,19.87
6174,6,2,6,53,2019-05-03,12.29
6175,8,2,2,50,2019-05-03,17.19
6176,10,2,6,38,2019-05-03,24.57
6177,14,2,4,37,2019-05-03,35.86
6178,16,2,4,35,2019-05-03,54.16
6179,18,2,6,22,2019-05-03,33.81
6180,20,2,6,41,2019-05-03,24.48
6181,22,2,6,50,2019-05-03,28.05
6182,24,2,3,49,2019-05-03,31.44
6183,26,2,3,41,2019-05-03,29.04
6184,28,2,1,33,2019-05-03,24.37
6185,30,2,1,40,2019-05-03,35.84
6186,32,2,2,36,2019-05-03,35.03
6187,34,2,2,35,2019-05-03,40.94
6188,36,2,3,37,2019-05-03,31.18
6189,38,2,3,31,2019-05-03,29.78
6190,40,2,3,30,2019-05-03,32.96
6191,42,2,6,44,2019-05-03,12.74
6192,2,3,1,34,2019-05-03,19.00
6193,4,3,6,43,2019-05-03,19.83
6194,6,3,1,52,2019-05-03,12.86
6195,8,3,6,40,2019-05-03,19.21
6196,10,3,2,32,2019-05-03,21.05
6197,16,3,4,28,2019-05-03,63.27
6198,18,3,6,27,2019-05-03,30.65
6199,20,3,6,31,2019-05-03,24.42
6200,22,3,2,35,2019-05-03,28.64
6201,24,3,3,23,2019-05-03,30.50
6202,26,3,5,44,2019-05-03,28.40
6203,28,3,1,22,2019-05-03,23.19
6204,34,3,4,28,2019-05-03,44.81
6205,36,3,3,43,2019-05-03,31.85
6206,38,3,5,30,2019-05-03,29.52
6207,40,3,3,28,2019-05-03,33.37
6208,42,3,4,32,2019-05-03,12.36
6209,4,4,6,44,2019-05-03,22.65
6210,6,4,6,29,2019-05-03,14.00
6211,8,4,6,21,2019-05-03,17.45
6212,10,4,6,29,2019-05-03,20.38
6213,12,4,4,29,2019-05-03,46.53
6214,20,4,6,34,2019-05-03,22.75
6215,22,4,6,37,2019-05-03,25.02
6216,26,4,5,23,2019-05-03,27.00
6217,28,4,6,25,2019-05-03,23.28
6218,30,4,6,30,2019-05-03,32.98
6219,32,4,2,32,2019-05-03,34.03
6220,36,4,3,35,2019-05-03,33.14
6221,40,4,5,35,2019-05-03,37.59
6222,42,4,4,36,2019-05-03,13.73
6223,2,5,6,18,2019-05-03,19.74
6224,4,5,6,32,2019-05-03,21.67
6225,6,5,1,24,2019-05-03,13.26
6226,18,5,2,27,2019-05-03,33.35
6227,20,5,6,32,2019-05-03,22.00
6228,22,5,2,31,2019-05-03,28.49
6229,24,5,5,37,2019-05-03,32.08
6230,26,5,5,33,2019-05-03,30.17
6231,32,5,2,30,2019-05-03,34.33
6232,34,5,2,34,2019-05-03,46.72
6233,36,5,3,32,2019-05-03,32.32
6234,40,5,5,26,2019-05-03,33.48
6235,42,5,6,29,2019-05-03,12.26
6236,2,6,6,41,2019-05-03,17.65
6237,4,6,1,47,2019-05-03,20.43
6238,6,6,1,24,2019-05-03,14.14
6239,10,6,2,39,2019-05-03,20.67
6240,12,6,2,28,2019-05-03,42.44
6241,14,6,4,35,2019-05-03,34.84
6242,16,6,2,32,2019-05-03,54.11
6243,20,6,2,47,2019-05-03,21.90
6244,22,6,6,39,2019-05-03,28.27
6245,24,6,3,41,2019-05-03,33.19
6246,26,6,3,41,2019-05-03,29.47
6247,28,6,1,25,2019-05-03,21.00
6248,30,6,6,34,2019-05-03,39.41
6249,32,6,4,21,2019-05-03,33.30
6250,34,6,2,30,2019-05-03,44.82
6251,36,6,3,34,2019-05-03,30.13
6252,38,6,3,30,2019-05-03,29.87
6253,40,6,5,43,2019-05-03,33.95
6254,42,6,4,35,2019-05-03,13.54
6255,2,7,1,38,2019-05-03,20.39
6256,4,7,1,37,2019-05-03,21.90
6257,6,7,1,30,2019-05-03,14.52
6258,8,7,6,29,2019-05-03,19.59
6259,10,7,6,32,2019-05-03,23.14
6260,14,7,4,23,2019-05-03,37.10
6261,16,7,2,24,2019-05-03,62.60
6262,20,7,6,34,2019-05-03,23.42
6263,22,7,2,28,2019-05-03,27.89
6264,26,7,3,40,2019-05-03,27.41
6265,28,7,6,35,2019-05-03,23.70
6266,30,7,6,32,2019-05-03,32.45
6267,32,7,4,30,2019-05-03,32.40
6268,36,7,3,37,2019-05-03,30.52
6269,38,7,3,28,2019-05-03,30.12
6270,40,7,3,37,2019-05-03,36.21
6271,42,7,6,50,2019-05-03,13.25
6272,2,8,6,23,2019-05-03,18.84
6273,4,8,6,46,2019-05-03,21.14
6274,6,8,1,36,2019-05-03,14.24
6275,8,8,6,28,2019-05-03,20.37
6276,10,8,6,30,2019-05-03,22.94
6277,12,8,4,30,2019-05-03,46.23
6278,18,8,6,29,2019-05-03,33.80
6279,20,8,6,20,2019-05-03,25.12
6280,24,8,3,35,2019-05-03,30.34
6281,26,8,3,29,2019-05-03,26.13
6282,28,8,6,51,2019-05-03,20.64
6283,30,8,6,31,2019-05-03,36.12
6284,32,8,2,30,2019-05-03,36.86
6285,34,8,2,37,2019-05-03,41.15
6286,42,8,4,34,2019-05-03,12.23
6287,4,9,6,37,2019-05-03,21.32
6288,6,9,1,33,2019-05-03,12.86
6289,12,9,4,26,2019-05-03,47.70
6290,16,9,2,33,2019-05-03,54.00
6291,18,9,2,33,2019-05-03,31.08
6292,26,9,3,23,2019-05-03,27.14
6293,28,9,1,24,2019-05-03,22.57
6294,32,9,2,37,2019-05-03,34.21
6295,34,9,4,34,2019-05-03,42.25
6296,38,9,3,24,2019-05-03,31.69
6297,42,9,6,37,2019-05-03,12.98
6298,4,10,1,28,2019-05-03,19.70
6299,6,10,1,35,2019-05-03,12.49
6300,18,10,2,30,2019-05-03,32.58
6301,20,10,6,34,2019-05-03,24.19
6302,22,10,6,29,2019-05-03,29.87
6303,24,10,5,36,2019-05-03,33.51
6304,26,10,5,25,2019-05-03,29.22
6305,28,10,6,38,2019-05-03,23.51
6306,30,10,1,21,2019-05-03,36.01
6307,32,10,4,36,2019-05-03,33.32
6308,38,10,5,27,2019-05-03,27.74
6309,42,10,4,24,2019-05-03,12.88
6310,2,11,1,36,2019-05-03,19.65
6311,4,11,6,31,2019-05-03,20.81
6312,6,11,6,27,2019-05-03,14.10
6313,12,11,2,24,2019-05-03,41.03
6314,14,11,2,29,2019-05-03,35.36
6315,16,11,2,33,2019-05-03,56.86
6316,20,11,6,28,2019-05-03,25.21
6317,24,11,3,34,2019-05-03,33.19
6318,26,11,5,22,2019-05-03,28.03
6319,30,11,6,36,2019-05-03,33.00
6320,32,11,2,33,2019-05-03,32.45
6321,38,11,5,24,2019-05-03,27.13
6322,42,11,6,31,2019-05-03,13.38
6323,2,12,1,29,2019-05-03,17.76
6324,4,12,6,37,2019-05-03,20.25
6325,8,12,6,33,2019-05-03,20.88
6326,10,12,2,34,2019-05-03,22.25
6327,12,12,2,25,2019-05-03,43.09
6328,14,12,4,28,2019-05-03,33.16
6329,20,12,6,20,2019-05-03,23.32
6330,26,12,5,40,2019-05-03,28.16
6331,28,12,6,39,2019-05-03,20.54
6332,30,12,1,23,2019-05-03,36.75
6333,32,12,2,35,2019-05-03,33.62
6334,34,12,4,14,2019-05-03,42.84
6335,36,12,3,30,2019-05-03,31.52
6336,38,12,3,32,2019-05-03,28.42
6337,42,12,4,34,2019-05-03,11.36
6338,1,1,6,53,2019-05-17,15.66
6339,3,1,6,52,2019-05-17,14.46
6340,5,1,1,39,2019-05-17,16.74
6341,7,1,6,27,2019-05-17,16.88
6342,9,1,2,33,2019-05-17,15.78
6343,11,1,2,46,2019-05-17,18.45
6344,13,1,2,30,2019-05-17,40.96
6345,15,1,2,46,2019-05-17,56.68
6346,17,1,2,39,2019-05-17,43.45
6347,19,1,2,36,2019-05-17,36.28
6348,23,1,3,48,2019-05-17,24.85
6349,25,1,5,44,2019-05-17,24.06
6350,27,1,6,66,2019-05-17,17.64
6351,29,1,6,41,2019-05-17,16.89
6352,31,1,1,33,2019-05-17,26.36
6353,33,1,2,35,2019-05-17,30.38
6354,35,1,3,44,2019-05-17,19.55
6355,37,1,3,26,2019-05-17,28.22
6356,41,1,6,52,2019-05-17,11.29
6357,43,1,4,60,2019-05-17,8.18
6358,1,2,1,47,2019-05-17,15.29
6359,3,2,6,46,2019-05-17,15.69
6360,5,2,6,35,2019-05-17,17.02
6361,7,2,6,42,2019-05-17,15.85
6362,9,2,6,47,2019-05-17,13.82
6363,11,2,6,56,2019-05-17,20.10
6364,13,2,2,20,2019-05-17,36.65
6365,15,2,4,27,2019-05-17,57.15
6366,17,2,2,31,2019-05-17,46.73
6367,19,2,6,29,2019-05-17,38.69
6368,21,2,6,25,2019-05-17,48.82
6369,23,2,5,62,2019-05-17,26.96
6370,25,2,5,48,2019-05-17,25.22
6371,27,2,1,70,2019-05-17,17.59
6372,29,2,6,58,2019-05-17,16.77
6373,31,2,1,41,2019-05-17,24.69
6374,33,2,4,38,2019-05-17,31.41
6375,35,2,3,40,2019-05-17,19.50
6376,37,2,3,37,2019-05-17,28.55
6377,39,2,3,35,2019-05-17,32.23
6378,41,2,6,64,2019-05-17,10.70
6379,43,2,6,72,2019-05-17,9.88
6380,1,3,1,38,2019-05-17,17.00
6381,3,3,6,40,2019-05-17,14.54
6382,5,3,6,28,2019-05-17,18.59
6383,7,3,2,29,2019-05-17,16.59
6384,9,3,6,53,2019-05-17,14.10
6385,11,3,2,35,2019-05-17,20.04
6386,13,3,2,32,2019-05-17,38.07
6387,15,3,4,25,2019-05-17,53.25
6388,17,3,2,39,2019-05-17,43.15
6389,19,3,6,31,2019-05-17,39.50
6390,21,3,6,31,2019-05-17,44.14
6391,23,3,5,43,2019-05-17,29.83
6392,25,3,5,32,2019-05-17,24.98
6393,27,3,6,47,2019-05-17,18.17
6394,29,3,1,45,2019-05-17,17.29
6395,31,3,1,27,2019-05-17,24.81
6396,33,3,4,37,2019-05-17,26.23
6397,35,3,3,29,2019-05-17,19.96
6398,37,3,3,23,2019-05-17,26.93
6399,39,3,3,32,2019-05-17,29.19
6400,41,3,6,46,2019-05-17,11.92
6401,43,3,4,37,2019-05-17,9.54
6402,1,4,6,29,2019-05-17,17.57
6403,5,4,6,27,2019-05-17,16.78
6404,11,4,2,30,2019-05-17,19.03
6405,13,4,2,20,2019-05-17,34.68
6406,17,4,2,23,2019-05-17,43.14
6407,23,4,5,32,2019-05-17,27.40
6408,27,4,1,34,2019-05-17,20.88
6409,29,4,6,35,2019-05-17,18.44
6410,31,4,1,25,2019-05-17,22.15
6411,33,4,4,25,2019-05-17,31.77
6412,39,4,5,35,2019-05-17,32.13
6413,41,4,4,37,2019-05-17,12.01
6414,43,4,6,44,2019-05-17,8.25
6415,1,5,1,27,2019-05-17,15.70
6416,5,5,1,23,2019-05-17,18.80
6417,7,5,2,31,2019-05-17,17.48
6418,9,5,6,35,2019-05-17,15.98
6419,11,5,2,24,2019-05-17,21.54
6420,13,5,4,27,2019-05-17,36.11
6421,19,5,6,35,2019-05-17,40.91
6422,23,5,3,32,2019-05-17,26.72
6423,25,5,5,34,2019-05-17,22.57
6424,29,5,1,32,2019-05-17,17.12
6425,35,5,3,30,2019-05-17,20.53
6426,37,5,3,17,2019-05-17,26.53
6427,41,5,6,34,2019-05-17,11.53
6428,43,5,4,28,2019-05-17,8.29
6429,1,6,6,40,2019-05-17,16.14
6430,3,6,6,31,2019-05-17,15.69
6431,5,6,6,24,2019-05-17,18.38
6432,7,6,2,29,2019-05-17,16.52
6433,9,6,6,34,2019-05-17,14.25
6434,11,6,2,30,2019-05-17,18.28
6435,13,6,4,36,2019-05-17,35.50
6436,15,6,2,26,2019-05-17,59.08
6437,17,6,4,39,2019-05-17,39.44
6438,19,6,2,38,2019-05-17,35.91
6439,21,6,6,38,2019-05-17,52.01
6440,27,6,6,27,2019-05-17,19.80
6441,29,6,1,26,2019-05-17,16.38
6442,35,6,3,27,2019-05-17,19.45
6443,37,6,3,27,2019-05-17,28.19
6444,39,6,3,33,2019-05-17,31.45
6445,41,6,6,55,2019-05-17,11.25
6446,43,6,4,31,2019-05-17,8.58
6447,1,7,6,29,2019-05-17,16.11
6448,5,7,6,26,2019-05-17,18.42
6449,9,7,2,30,2019-05-17,14.34
6450,11,7,2,30,2019-05-17,18.93
6451,13,7,2,31,2019-05-17,37.03
6452,23,7,3,32,2019-05-17,30.24
6453,25,7,3,22,2019-05-17,24.53
6454,27,7,6,27,2019-05-17,18.86
6455,29,7,6,21,2019-05-17,15.74
6456,31,7,6,26,2019-05-17,22.81
6457,33,7,2,20,2019-05-17,26.61
6458,39,7,3,27,2019-05-17,28.67
6459,41,7,4,24,2019-05-17,11.14
6460,43,7,4,37,2019-05-17,8.27
6461,1,8,1,35,2019-05-17,16.17
6462,3,8,1,42,2019-05-17,14.83
6463,5,8,6,34,2019-05-17,18.01
6464,7,8,2,44,2019-05-17,14.67
6465,9,8,6,44,2019-05-17,14.85
6466,11,8,6,46,2019-05-17,21.72
6467,15,8,4,30,2019-05-17,52.48
6468,17,8,2,26,2019-05-17,40.46
6469,19,8,6,20,2019-05-17,42.39
6470,23,8,3,42,2019-05-17,27.08
6471,25,8,3,26,2019-05-17,26.07
6472,27,8,1,43,2019-05-17,19.17
6473,29,8,1,34,2019-05-17,18.28
6474,31,8,1,34,2019-05-17,22.96
6475,33,8,4,32,2019-05-17,27.66
6476,35,8,3,24,2019-05-17,18.95
6477,37,8,3,28,2019-05-17,30.21
6478,41,8,4,34,2019-05-17,10.26
6479,43,8,4,47,2019-05-17,9.51
6480,1,9,6,45,2019-05-17,14.59
6481,5,9,6,22,2019-05-17,18.19
6482,7,9,6,36,2019-05-17,14.79
6483,9,9,2,40,2019-05-17,15.26
6484,11,9,6,33,2019-05-17,19.79
6485,13,9,4,23,2019-05-17,36.18
6486,15,9,4,33,2019-05-17,58.94
6487,17,9,2,32,2019-05-17,40.29
6488,23,9,3,30,2019-05-17,26.97
6489,29,9,6,26,2019-05-17,16.15
6490,31,9,6,27,2019-05-17,24.61
6491,35,9,3,32,2019-05-17,20.31
6492,37,9,3,26,2019-05-17,25.31
6493,39,9,5,25,2019-05-17,29.49
6494,41,9,6,40,2019-05-17,11.50
6495,43,9,4,42,2019-05-17,8.43
6496,1,10,1,47,2019-05-17,17.22
6497,3,10,6,48,2019-05-17,14.20
6498,5,10,6,30,2019-05-17,18.04
6499,7,10,6,43,2019-05-17,17.28
6500,9,10,6,33,2019-05-17,15.11
6501,11,10,2,35,2019-05-17,20.49
6502,19,10,6,39,2019-05-17,38.37
6503,23,10,3,34,2019-05-17,26.83
6504,25,10,5,25,2019-05-17,26.16
6505,27,10,1,28,2019-05-17,17.77
6506,29,10,6,25,2019-05-17,17.33
6507,31,10,1,30,2019-05-17,23.46
6508,37,10,3,35,2019-05-17,27.41
6509,39,10,5,27,2019-05-17,32.89
6510,41,10,4,62,2019-05-17,11.17
6511,43,10,4,43,2019-05-17,9.55
6512,3,11,6,35,2019-05-17,15.77
6513,5,11,1,29,2019-05-17,19.08
6514,7,11,2,28,2019-05-17,16.43
6515,9,11,6,35,2019-05-17,13.54
6516,11,11,2,27,2019-05-17,21.20
6517,13,11,2,27,2019-05-17,40.91
6518,19,11,6,23,2019-05-17,42.44
6519,21,11,2,23,2019-05-17,45.37
6520,23,11,3,23,2019-05-17,29.75
6521,33,11,4,25,2019-05-17,28.76
6522,39,11,3,32,2019-05-17,33.76
6523,41,11,4,35,2019-05-17,11.62
6524,43,11,6,33,2019-05-17,8.21
6525,1,12,1,29,2019-05-17,16.97
6526,3,12,1,29,2019-05-17,15.78
6527,7,12,6,40,2019-05-17,14.97
6528,11,12,6,28,2019-05-17,19.31
6529,19,12,6,23,2019-05-17,39.46
6530,21,12,6,30,2019-05-17,44.63
6531,23,12,3,34,2019-05-17,27.32
6532,27,12,1,21,2019-05-17,19.22
6533,37,12,3,25,2019-05-17,30.15
6534,41,12,6,21,2019-05-17,11.37
6535,43,12,4,38,2019-05-17,9.69
6536,2,1,1,36,2019-06-03,18.92
6537,4,1,6,57,2019-06-03,21.30
6538,6,1,1,45,2019-06-03,12.86
6539,8,1,2,57,2019-06-03,19.92
6540,10,1,6,41,2019-06-03,22.99
6541,12,1,4,44,2019-06-03,46.76
6542,14,1,4,46,2019-06-03,30.81
6543,16,1,4,33,2019-06-03,65.91
6544,18,1,6,31,2019-06-03,34.12
6545,20,1,6,42,2019-06-03,23.66
6546,22,1,6,33,2019-06-03,27.42
6547,24,1,5,58,2019-06-03,30.80
6548,26,1,5,46,2019-06-03,27.75
6549,28,1,6,59,2019-06-03,21.18
6550,30,1,1,23,2019-06-03,36.56
6551,32,1,4,37,2019-06-03,35.53
6552,34,1,4,23,2019-06-03,42.56
6553,36,1,3,33,2019-06-03,30.64
6554,38,1,3,40,2019-06-03,27.51
6555,40,1,3,39,2019-06-03,32.81
6556,42,1,6,34,2019-06-03,13.07
6557,2,2,6,61,2019-06-03,19.23
6558,4,2,1,79,2019-06-03,20.27
6559,6,2,1,46,2019-06-03,13.63
6560,8,2,6,51,2019-06-03,18.65
6561,10,2,2,44,2019-06-03,23.46
6562,12,2,2,41,2019-06-03,42.41
6563,14,2,2,46,2019-06-03,37.25
6564,16,2,4,44,2019-06-03,54.50
6565,18,2,6,33,2019-06-03,31.29
6566,20,2,2,48,2019-06-03,24.31
6567,22,2,6,50,2019-06-03,25.17
6568,24,2,3,32,2019-06-03,29.93
6569,26,2,3,84,2019-06-03,26.75
6570,28,2,1,49,2019-06-03,23.87
6571,30,2,6,27,2019-06-03,35.35
6572,32,2,2,51,2019-06-03,33.62
6573,34,2,4,55,2019-06-03,43.99
6574,36,2,3,52,2019-06-03,31.84
6575,38,2,3,41,2019-06-03,29.28
6576,40,2,3,37,2019-06-03,34.70
6577,42,2,6,52,2019-06-03,11.71
6578,2,3,1,37,2019-06-03,19.34
6579,4,3,6,57,2019-06-03,21.52
6580,6,3,6,42,2019-06-03,13.67
6581,8,3,2,35,2019-06-03,19.24
6582,10,3,2,34,2019-06-03,23.97
6583,12,3,4,32,2019-06-03,43.12
6584,14,3,2,45,2019-06-03,35.71
6585,16,3,2,47,2019-06-03,65.72
6586,18,3,2,41,2019-06-03,33.72
6587,20,3,6,28,2019-06-03,25.78
6588,22,3,6,45,2019-06-03,27.23
6589,24,3,3,38,2019-06-03,31.96
6590,26,3,3,53,2019-06-03,30.34
6591,28,3,1,53,2019-06-03,24.08
6592,30,3,6,45,2019-06-03,34.69
6593,32,3,4,55,2019-06-03,33.50
6594,34,3,2,38,2019-06-03,40.65
6595,36,3,3,30,2019-06-03,32.06
6596,38,3,5,20,2019-06-03,28.82
6597,40,3,3,34,2019-06-03,32.69
6598,42,3,4,33,2019-06-03,11.96
6599,2,4,1,49,2019-06-03,17.86
6600,4,4,6,33,2019-06-03,19.45
6601,6,4,6,50,2019-06-03,12.70
6602,8,4,6,28,2019-06-03,18.84
6603,10,4,6,37,2019-06-03,24.57
6604,14,4,2,26,2019-06-03,35.86
6605,16,4,4,37,2019-06-03,59.10
6606,18,4,2,36,2019-06-03,30.60
6607,20,4,2,47,2019-06-03,23.12
6608,22,4,2,34,2019-06-03,26.04
6609,24,4,3,34,2019-06-03,33.86
6610,26,4,3,41,2019-06-03,26.59
6611,28,4,6,28,2019-06-03,20.87
6612,30,4,1,40,2019-06-03,37.34
6613,32,4,4,37,2019-06-03,32.62
6614,34,4,2,33,2019-06-03,41.92
6615,36,4,3,25,2019-06-03,30.69
6616,38,4,3,24,2019-06-03,29.07
6617,40,4,5,50,2019-06-03,34.06
6618,42,4,6,47,2019-06-03,12.09
6619,4,5,6,26,2019-06-03,22.95
6620,8,5,2,29,2019-06-03,18.38
6621,10,5,6,42,2019-06-03,22.67
6622,12,5,4,26,2019-06-03,40.27
6623,14,5,2,30,2019-06-03,35.53
6624,16,5,4,34,2019-06-03,62.11
6625,22,5,2,27,2019-06-03,28.17
6626,24,5,3,32,2019-06-03,34.05
6627,26,5,3,37,2019-06-03,28.94
6628,28,5,6,44,2019-06-03,21.01
6629,30,5,6,36,2019-06-03,39.46
6630,38,5,5,34,2019-06-03,26.88
6631,40,5,3,33,2019-06-03,36.12
6632,42,5,6,21,2019-06-03,12.91
6633,2,6,6,40,2019-06-03,20.38
6634,4,6,6,51,2019-06-03,21.83
6635,6,6,1,35,2019-06-03,12.70
6636,8,6,2,48,2019-06-03,20.28
6637,10,6,6,24,2019-06-03,21.25
6638,12,6,4,26,2019-06-03,41.76
6639,14,6,4,27,2019-06-03,33.06
6640,16,6,4,36,2019-06-03,65.66
6641,18,6,2,34,2019-06-03,29.95
6642,20,6,2,49,2019-06-03,22.36
6643,22,6,2,48,2019-06-03,26.06
6644,24,6,5,38,2019-06-03,29.95
6645,26,6,3,30,2019-06-03,27.01
6646,28,6,1,43,2019-06-03,22.17
6647,30,6,1,35,2019-06-03,34.91
6648,32,6,2,33,2019-06-03,36.05
6649,34,6,2,30,2019-06-03,42.92
6650,36,6,3,36,2019-06-03,30.29
6651,40,6,5,48,2019-06-03,38.71
6652,42,6,4,33,2019-06-03,11.49
6653,2,7,1,24,2019-06-03,20.83
6654,4,7,1,46,2019-06-03,22.18
6655,6,7,6,42,2019-06-03,12.22
6656,8,7,6,40,2019-06-03,19.77
6657,10,7,6,27,2019-06-03,22.59
6658,12,7,4,36,2019-06-03,43.94
6659,16,7,2,23,2019-06-03,59.06
6660,18,7,6,47,2019-06-03,31.42
6661,20,7,2,32,2019-06-03,24.33
6662,22,7,2,39,2019-06-03,27.32
6663,24,7,3,44,2019-06-03,30.55
6664,26,7,5,36,2019-06-03,28.40
6665,28,7,1,33,2019-06-03,22.30
6666,32,7,4,33,2019-06-03,34.63
6667,34,7,2,32,2019-06-03,40.97
6668,36,7,3,29,2019-06-03,32.11
6669,40,7,5,33,2019-06-03,36.71
6670,42,7,6,26,2019-06-03,11.82
6671,2,8,6,31,2019-06-03,18.27
6672,4,8,1,37,2019-06-03,22.50
6673,6,8,6,45,2019-06-03,13.45
6674,8,8,2,41,2019-06-03,18.80
6675,10,8,6,39,2019-06-03,23.34
6676,12,8,4,33,2019-06-03,45.90
6677,14,8,2,43,2019-06-03,35.01
6678,16,8,4,33,2019-06-03,58.92
6679,18,8,2,37,2019-06-03,31.36
6680,20,8,2,50,2019-06-03,25.72
6681,22,8,2,52,2019-06-03,28.76
6682,24,8,5,35,2019-06-03,30.09
6683,26,8,5,42,2019-06-03,30.91
6684,28,8,6,30,2019-06-03,24.09
6685,30,8,1,29,2019-06-03,38.22
6686,32,8,2,40,2019-06-03,36.04
6687,34,8,4,45,2019-06-03,40.35
6688,36,8,3,49,2019-06-03,35.73
6689,38,8,3,40,2019-06-03,30.28
6690,40,8,3,38,2019-06-03,39.27
6691,42,8,6,42,2019-06-03,11.38
6692,2,9,1,34,2019-06-03,20.40
6693,4,9,1,37,2019-06-03,19.38
6694,6,9,6,27,2019-06-03,14.31
6695,8,9,2,31,2019-06-03,20.18
6696,10,9,2,35,2019-06-03,24.63
6697,12,9,2,21,2019-06-03,48.85
6698,14,9,2,26,2019-06-03,37.08
6699,16,9,4,23,2019-06-03,58.48
6700,20,9,6,42,2019-06-03,22.72
6701,22,9,6,34,2019-06-03,27.66
6702,24,9,3,37,2019-06-03,32.24
6703,26,9,3,37,2019-06-03,28.61
6704,28,9,6,32,2019-06-03,21.57
6705,30,9,6,32,2019-06-03,36.15
6706,32,9,2,21,2019-06-03,33.49
6707,36,9,3,32,2019-06-03,31.81
6708,38,9,3,25,2019-06-03,27.22
6709,40,9,3,32,2019-06-03,37.34
6710,2,10,1,40,2019-06-03,19.02
6711,4,10,1,37,2019-06-03,21.64
6712,6,10,6,47,2019-06-03,14.78
6713,8,10,2,38,2019-06-03,20.74
6714,10,10,6,40,2019-06-03,23.28
6715,12,10,2,29,2019-06-03,48.28
6716,14,10,4,30,2019-06-03,33.21
6717,16,10,2,29,2019-06-03,55.16
6718,18,10,6,23,2019-06-03,30.16
6719,20,10,6,31,2019-06-03,23.82
6720,22,10,6,30,2019-06-03,29.85
6721,24,10,5,23,2019-06-03,31.40
6722,26,10,5,42,2019-06-03,27.79
6723,28,10,6,31,2019-06-03,23.05
6724,30,10,1,36,2019-06-03,37.92
6725,32,10,4,43,2019-06-03,33.98
6726,34,10,2,40,2019-06-03,44.29
6727,36,10,3,63,2019-06-03,31.65
6728,40,10,3,47,2019-06-03,39.23
6729,42,10,6,35,2019-06-03,13.03
6730,2,11,1,43,2019-06-03,20.20
6731,4,11,6,46,2019-06-03,19.68
6732,6,11,6,28,2019-06-03,13.09
6733,8,11,6,46,2019-06-03,20.67
6734,10,11,6,60,2019-06-03,20.59
6735,12,11,2,20,2019-06-03,42.76
6736,14,11,4,31,2019-06-03,31.57
6737,16,11,2,29,2019-06-03,64.29
6738,18,11,6,30,2019-06-03,35.69
6739,22,11,6,35,2019-06-03,28.85
6740,24,11,3,47,2019-06-03,30.42
6741,26,11,3,29,2019-06-03,29.66
6742,28,11,1,47,2019-06-03,22.30
6743,30,11,1,25,2019-06-03,33.88
6744,32,11,2,29,2019-06-03,36.75
6745,34,11,4,22,2019-06-03,44.91
6746,36,11,3,43,2019-06-03,32.69
6747,40,11,5,32,2019-06-03,36.66
6748,4,12,1,27,2019-06-03,22.25
6749,6,12,1,34,2019-06-03,14.41
6750,8,12,2,26,2019-06-03,17.12
6751,16,12,2,42,2019-06-03,65.50
6752,18,12,2,38,2019-06-03,31.40
6753,20,12,2,30,2019-06-03,24.24
6754,22,12,2,43,2019-06-03,28.10
6755,24,12,5,37,2019-06-03,30.71
6756,28,12,1,45,2019-06-03,23.78
6757,32,12,4,32,2019-06-03,37.07
6758,38,12,3,25,2019-06-03,29.78
6759,40,12,5,48,2019-06-03,38.76
6760,1,1,1,44,2019-06-17,16.74
6761,3,1,6,68,2019-06-17,15.64
6762,5,1,6,48,2019-06-17,19.11
6763,7,1,2,52,2019-06-17,17.05
6764,9,1,2,50,2019-06-17,16.02
6765,11,1,2,55,2019-06-17,18.22
6766,13,1,2,30,2019-06-17,37.11
6767,15,1,4,25,2019-06-17,54.30
6768,17,1,2,32,2019-06-17,41.27
6769,19,1,2,24,2019-06-17,42.72
6770,21,1,6,39,2019-06-17,46.67
6771,23,1,3,66,2019-06-17,25.82
6772,25,1,5,32,2019-06-17,24.28
6773,27,1,1,58,2019-06-17,18.64
6774,29,1,1,63,2019-06-17,15.50
6775,31,1,1,36,2019-06-17,26.01
6776,33,1,4,28,2019-06-17,28.96
6777,35,1,3,32,2019-06-17,22.23
6778,37,1,3,51,2019-06-17,26.02
6779,39,1,3,47,2019-06-17,28.65
6780,41,1,4,56,2019-06-17,11.87
6781,43,1,4,69,2019-06-17,9.55
6782,1,2,1,70,2019-06-17,17.04
6783,3,2,1,50,2019-06-17,13.32
6784,5,2,6,38,2019-06-17,15.80
6785,7,2,2,33,2019-06-17,16.74
6786,9,2,6,76,2019-06-17,16.31
6787,11,2,2,60,2019-06-17,19.86
6788,13,2,4,44,2019-06-17,34.75
6789,15,2,4,49,2019-06-17,58.88
6790,17,2,2,50,2019-06-17,45.66
6791,19,2,6,43,2019-06-17,41.48
6792,21,2,2,41,2019-06-17,46.03
6793,23,2,3,76,2019-06-17,24.93
6794,25,2,3,54,2019-06-17,22.10
6795,27,2,1,60,2019-06-17,18.42
6796,29,2,1,71,2019-06-17,18.31
6797,31,2,6,42,2019-06-17,22.92
6798,33,2,2,33,2019-06-17,28.10
6799,35,2,3,42,2019-06-17,21.94
6800,37,2,3,34,2019-06-17,30.16
6801,41,2,4,65,2019-06-17,11.76
6802,43,2,6,53,2019-06-17,8.48
6803,1,3,6,60,2019-06-17,15.19
6804,3,3,1,52,2019-06-17,14.33
6805,5,3,1,35,2019-06-17,18.58
6806,7,3,2,29,2019-06-17,14.92
6807,9,3,6,42,2019-06-17,14.03
6808,11,3,2,50,2019-06-17,20.73
6809,15,3,2,29,2019-06-17,59.59
6810,19,3,6,27,2019-06-17,39.58
6811,21,3,6,39,2019-06-17,46.08
6812,23,3,5,56,2019-06-17,24.88
6813,25,3,3,22,2019-06-17,22.23
6814,27,3,1,46,2019-06-17,20.05
6815,29,3,6,32,2019-06-17,16.15
6816,31,3,6,33,2019-06-17,25.05
6817,33,3,4,28,2019-06-17,29.58
6818,35,3,3,47,2019-06-17,20.21
6819,39,3,5,38,2019-06-17,30.48
6820,41,3,6,68,2019-06-17,11.55
6821,43,3,4,64,2019-06-17,8.34
6822,3,4,6,53,2019-06-17,14.11
6823,5,4,1,34,2019-06-17,18.58
6824,7,4,2,41,2019-06-17,16.61
6825,9,4,2,45,2019-06-17,15.60
6826,11,4,2,56,2019-06-17,19.39
6827,13,4,2,28,2019-06-17,35.91
6828,15,4,2,34,2019-06-17,54.74
6829,19,4,6,29,2019-06-17,40.79
6830,21,4,2,39,2019-06-17,46.02
6831,23,4,5,45,2019-06-17,26.10
6832,25,4,3,41,2019-06-17,23.44
6833,27,4,1,28,2019-06-17,17.31
6834,29,4,6,31,2019-06-17,18.23
6835,31,4,6,35,2019-06-17,22.46
6836,33,4,2,42,2019-06-17,29.37
6837,35,4,3,31,2019-06-17,21.72
6838,37,4,3,34,2019-06-17,26.26
6839,41,4,6,58,2019-06-17,10.73
6840,43,4,4,39,2019-06-17,9.83
6841,1,5,6,35,2019-06-17,16.47
6842,3,5,6,27,2019-06-17,14.10
6843,5,5,6,27,2019-06-17,16.97
6844,9,5,6,40,2019-06-17,14.43
6845,15,5,4,24,2019-06-17,55.71
6846,17,5,2,16,2019-06-17,42.07
6847,21,5,2,27,2019-06-17,45.48
6848,23,5,3,36,2019-06-17,28.06
6849,25,5,5,26,2019-06-17,24.85
6850,27,5,1,42,2019-06-17,19.46
6851,31,5,6,39,2019-06-17,25.48
6852,33,5,4,43,2019-06-17,28.62
6853,39,5,3,28,2019-06-17,30.22
6854,41,5,6,34,2019-06-17,10.74
6855,43,5,4,44,2019-06-17,8.86
6856,1,6,6,51,2019-06-17,14.98
6857,3,6,6,39,2019-06-17,14.24
6858,5,6,6,28,2019-06-17,16.86
6859,7,6,6,36,2019-06-17,15.28
6860,9,6,2,30,2019-06-17,16.15
6861,11,6,2,51,2019-06-17,19.16
6862,13,6,4,26,2019-06-17,39.32
6863,15,6,2,26,2019-06-17,59.62
6864,17,6,4,36,2019-06-17,45.03
6865,19,6,6,26,2019-06-17,39.73
6866,21,6,6,34,2019-06-17,45.93
6867,23,6,3,47,2019-06-17,28.62
6868,25,6,3,49,2019-06-17,21.90
6869,27,6,1,46,2019-06-17,17.60
6870,29,6,1,44,2019-06-17,16.07
6871,31,6,1,53,2019-06-17,25.39
6872,33,6,2,50,2019-06-17,31.54
6873,35,6,3,27,2019-06-17,19.48
6874,37,6,3,31,2019-06-17,28.05
6875,41,6,6,48,2019-06-17,11.77
6876,43,6,6,50,2019-06-17,9.90
6877,1,7,1,46,2019-06-17,15.88
6878,3,7,6,44,2019-06-17,13.36
6879,5,7,1,32,2019-06-17,17.94
6880,7,7,2,37,2019-06-17,14.58
6881,9,7,2,40,2019-06-17,15.84
6882,11,7,6,53,2019-06-17,18.15
6883,13,7,2,33,2019-06-17,39.33
6884,15,7,4,26,2019-06-17,58.43
6885,17,7,4,33,2019-06-17,39.21
6886,19,7,2,37,2019-06-17,36.56
6887,21,7,6,38,2019-06-17,50.50
6888,23,7,5,54,2019-06-17,29.07
6889,25,7,3,28,2019-06-17,25.81
6890,27,7,6,41,2019-06-17,19.94
6891,29,7,1,33,2019-06-17,18.43
6892,31,7,6,29,2019-06-17,22.75
6893,33,7,2,31,2019-06-17,26.67
6894,35,7,3,35,2019-06-17,20.50
6895,37,7,3,27,2019-06-17,27.01
6896,39,7,3,41,2019-06-17,28.23
6897,41,7,6,45,2019-06-17,11.62
6898,43,7,6,43,2019-06-17,9.09
6899,1,8,1,39,2019-06-17,15.74
6900,3,8,6,41,2019-06-17,13.65
6901,5,8,1,36,2019-06-17,18.82
6902,7,8,2,32,2019-06-17,16.26
6903,9,8,6,51,2019-06-17,14.74
6904,11,8,6,45,2019-06-17,21.46
6905,13,8,2,49,2019-06-17,40.81
6906,15,8,4,33,2019-06-17,59.31
6907,17,8,4,26,2019-06-17,38.47
6908,19,8,6,35,2019-06-17,36.10
6909,21,8,6,40,2019-06-17,47.62
6910,23,8,3,59,2019-06-17,26.39
6911,25,8,3,40,2019-06-17,23.45
6912,27,8,1,40,2019-06-17,20.57
6913,29,8,1,44,2019-06-17,16.85
6914,31,8,1,37,2019-06-17,22.19
6915,33,8,4,27,2019-06-17,27.29
6916,35,8,3,28,2019-06-17,19.19
6917,37,8,3,20,2019-06-17,26.83
6918,39,8,3,38,2019-06-17,31.17
6919,41,8,6,42,2019-06-17,11.32
6920,43,8,6,81,2019-06-17,9.78
6921,1,9,1,26,2019-06-17,15.58
6922,3,9,6,41,2019-06-17,15.60
6923,5,9,1,32,2019-06-17,19.19
6924,11,9,2,34,2019-06-17,21.25
6925,17,9,2,23,2019-06-17,38.62
6926,19,9,6,34,2019-06-17,37.03
6927,21,9,2,33,2019-06-17,51.08
6928,23,9,3,35,2019-06-17,28.93
6929,25,9,3,38,2019-06-17,23.40
6930,27,9,6,53,2019-06-17,17.84
6931,29,9,6,30,2019-06-17,18.61
6932,31,9,6,22,2019-06-17,23.51
6933,33,9,4,43,2019-06-17,26.94
6934,41,9,6,40,2019-06-17,10.07
6935,43,9,4,42,2019-06-17,8.35
6936,1,10,1,22,2019-06-17,17.44
6937,3,10,6,33,2019-06-17,14.60
6938,5,10,6,34,2019-06-17,18.94
6939,9,10,2,47,2019-06-17,16.06
6940,11,10,2,35,2019-06-17,20.87
6941,13,10,4,41,2019-06-17,39.32
6942,15,10,2,29,2019-06-17,50.82
6943,17,10,4,34,2019-06-17,41.93
6944,21,10,6,39,2019-06-17,44.55
6945,23,10,5,34,2019-06-17,28.02
6946,25,10,5,47,2019-06-17,22.58
6947,27,10,1,39,2019-06-17,17.29
6948,29,10,6,43,2019-06-17,18.32
6949,31,10,6,28,2019-06-17,23.04
6950,33,10,2,28,2019-06-17,31.02
6951,35,10,3,42,2019-06-17,22.82
6952,37,10,3,32,2019-06-17,28.87
6953,41,10,6,43,2019-06-17,10.41
6954,43,10,4,39,2019-06-17,9.42
6955,1,11,6,40,2019-06-17,14.61
6956,3,11,1,56,2019-06-17,14.99
6957,5,11,1,35,2019-06-17,16.64
6958,7,11,6,33,2019-06-17,16.54
6959,9,11,2,40,2019-06-17,13.65
6960,11,11,6,21,2019-06-17,21.76
6961,15,11,4,43,2019-06-17,59.19
6962,17,11,4,34,2019-06-17,44.54
6963,21,11,2,30,2019-06-17,51.48
6964,23,11,3,48,2019-06-17,26.71
6965,25,11,3,49,2019-06-17,24.63
6966,27,11,1,51,2019-06-17,19.58
6967,29,11,6,57,2019-06-17,16.75
6968,31,11,1,39,2019-06-17,23.70
6969,33,11,2,42,2019-06-17,26.57
6970,35,11,3,41,2019-06-17,20.90
6971,37,11,3,23,2019-06-17,28.60
6972,39,11,3,44,2019-06-17,31.96
6973,41,11,6,38,2019-06-17,10.36
6974,43,11,4,27,2019-06-17,9.49
6975,1,12,1,32,2019-06-17,15.74
6976,3,12,6,31,2019-06-17,14.72
6977,5,12,1,43,2019-06-17,18.01
6978,9,12,2,40,2019-06-17,15.78
6979,11,12,2,38,2019-06-17,18.50
6980,13,12,4,24,2019-06-17,40.62
6981,15,12,4,21,2019-06-17,57.29
6982,17,12,2,20,2019-06-17,43.66
6983,23,12,5,49,2019-06-17,29.77
6984,25,12,3,36,2019-06-17,22.20
6985,27,12,1,44,2019-06-17,17.12
6986,29,12,6,41,2019-06-17,18.11
6987,31,12,6,36,2019-06-17,21.97
6988,33,12,2,22,2019-06-17,30.40
6989,35,12,3,31,2019-06-17,22.08
6990,39,12,3,41,2019-06-17,33.51
6991,41,12,6,33,2019-06-17,11.94
6992,43,12,6,32,2019-06-17,9.24
6993,2,1,1,41,2019-07-03,19.63
6994,4,1,6,68,2019-07-03,22.39
6995,6,1,6,47,2019-07-03,12.45
6996,8,1,6,38,2019-07-03,20.05
6997,10,1,6,33,2019-07-03,21.22
6998,12,1,2,32,2019-07-03,46.30
6999,14,1,4,33,2019-07-03,31.27
7000,18,1,2,41,2019-07-03,34.49
7001,20,1,2,32,2019-07-03,22.17
7002,22,1,6,29,2019-07-03,25.08
7003,24,1,5,39,2019-07-03,29.42
7004,26,1,5,43,2019-07-03,31.08
7005,28,1,1,45,2019-07-03,21.37
7006,30,1,1,42,2019-07-03,36.94
7007,32,1,2,35,2019-07-03,36.62
7008,34,1,4,39,2019-07-03,39.16
7009,36,1,3,41,2019-07-03,30.83
7010,38,1,3,51,2019-07-03,27.45
7011,40,1,3,29,2019-07-03,38.71
7012,42,1,4,53,2019-07-03,13.31
7013,2,2,6,55,2019-07-03,17.73
7014,4,2,1,38,2019-07-03,21.09
7015,6,2,6,29,2019-07-03,13.85
7016,8,2,2,61,2019-07-03,19.95
7017,10,2,2,31,2019-07-03,23.34
7018,12,2,4,25,2019-07-03,40.22
7019,14,2,2,40,2019-07-03,31.13
7020,16,2,4,42,2019-07-03,57.05
7021,18,2,6,25,2019-07-03,30.99
7022,20,2,2,43,2019-07-03,24.67
7023,22,2,2,42,2019-07-03,25.33
7024,24,2,3,27,2019-07-03,32.64
7025,26,2,3,42,2019-07-03,29.33
7026,28,2,1,41,2019-07-03,23.59
7027,30,2,1,22,2019-07-03,34.67
7028,32,2,4,36,2019-07-03,35.32
7029,34,2,2,36,2019-07-03,44.32
7030,36,2,3,39,2019-07-03,35.66
7031,38,2,5,22,2019-07-03,26.55
7032,40,2,3,49,2019-07-03,32.85
7033,42,2,4,39,2019-07-03,12.20
7034,4,3,6,48,2019-07-03,21.50
7035,6,3,6,35,2019-07-03,14.16
7036,8,3,2,45,2019-07-03,19.87
7037,10,3,2,27,2019-07-03,24.17
7038,14,3,2,24,2019-07-03,36.29
7039,16,3,2,26,2019-07-03,56.77
7040,20,3,6,28,2019-07-03,23.89
7041,22,3,2,37,2019-07-03,27.15
7042,24,3,5,29,2019-07-03,32.80
7043,26,3,3,29,2019-07-03,28.18
7044,28,3,6,35,2019-07-03,22.46
7045,32,3,2,47,2019-07-03,34.09
7046,34,3,2,29,2019-07-03,39.44
7047,40,3,5,29,2019-07-03,38.71
7048,42,3,4,36,2019-07-03,11.39
7049,2,4,6,27,2019-07-03,19.46
7050,4,4,1,26,2019-07-03,19.41
7051,12,4,2,26,2019-07-03,45.38
7052,16,4,2,25,2019-07-03,59.03
7053,18,4,6,30,2019-07-03,29.48
7054,22,4,6,31,2019-07-03,27.12
7055,28,4,1,36,2019-07-03,23.07
7056,30,4,6,32,2019-07-03,33.72
7057,2,5,1,23,2019-07-03,20.21
7058,4,5,6,31,2019-07-03,19.85
7059,6,5,1,42,2019-07-03,12.85
7060,18,5,2,22,2019-07-03,29.43
7061,20,5,6,26,2019-07-03,26.35
7062,32,5,4,17,2019-07-03,30.76
7063,34,5,2,31,2019-07-03,45.24
7064,36,5,3,22,2019-07-03,35.50
7065,42,5,4,29,2019-07-03,12.17
7066,2,6,1,29,2019-07-03,17.49
7067,4,6,1,39,2019-07-03,21.21
7068,6,6,1,41,2019-07-03,12.92
7069,8,6,2,31,2019-07-03,17.88
7070,10,6,2,25,2019-07-03,23.83
7071,12,6,4,22,2019-07-03,44.54
7072,16,6,2,22,2019-07-03,61.57
7073,18,6,2,23,2019-07-03,35.01
7074,20,6,6,28,2019-07-03,21.73
7075,22,6,2,33,2019-07-03,29.64
7076,24,6,3,26,2019-07-03,33.54
7077,26,6,3,33,2019-07-03,31.45
7078,28,6,6,39,2019-07-03,22.31
7079,32,6,2,36,2019-07-03,32.70
7080,34,6,4,28,2019-07-03,40.79
7081,36,6,3,29,2019-07-03,33.68
7082,38,6,3,22,2019-07-03,29.53
7083,40,6,3,33,2019-07-03,36.08
7084,42,6,4,20,2019-07-03,11.43
7085,2,7,1,24,2019-07-03,18.22
7086,4,7,6,33,2019-07-03,22.44
7087,6,7,6,34,2019-07-03,14.66
7088,8,7,2,28,2019-07-03,17.16
7089,10,7,6,26,2019-07-03,21.54
7090,14,7,4,28,2019-07-03,35.99
7091,18,7,2,24,2019-07-03,33.53
7092,22,7,6,25,2019-07-03,29.31
7093,26,7,3,34,2019-07-03,27.13
7094,28,7,1,25,2019-07-03,21.30
7095,30,7,6,41,2019-07-03,35.70
7096,32,7,2,33,2019-07-03,32.13
7097,36,7,3,26,2019-07-03,31.90
7098,38,7,5,36,2019-07-03,31.23
7099,42,7,4,33,2019-07-03,12.91
7100,2,8,6,28,2019-07-03,17.82
7101,4,8,6,28,2019-07-03,19.01
7102,6,8,6,30,2019-07-03,12.75
7103,8,8,6,27,2019-07-03,19.44
7104,12,8,2,26,2019-07-03,45.87
7105,20,8,6,36,2019-07-03,22.22
7106,24,8,5,27,2019-07-03,33.80
7107,26,8,3,26,2019-07-03,31.76
7108,28,8,1,33,2019-07-03,23.78
7109,32,8,4,27,2019-07-03,31.13
7110,34,8,4,34,2019-07-03,46.36
7111,36,8,3,25,2019-07-03,32.36
7112,38,8,5,21,2019-07-03,31.44
7113,40,8,3,27,2019-07-03,39.12
7114,42,8,6,24,2019-07-03,13.50
7115,4,9,1,21,2019-07-03,20.39
7116,8,9,2,25,2019-07-03,20.49
7117,18,9,6,32,2019-07-03,32.17
7118,24,9,5,26,2019-07-03,32.84
7119,26,9,3,38,2019-07-03,30.92
7120,28,9,6,33,2019-07-03,22.16
7121,34,9,2,27,2019-07-03,39.84
7122,42,9,4,38,2019-07-03,13.74
7123,2,10,1,28,2019-07-03,17.59
7124,8,10,6,26,2019-07-03,20.71
7125,10,10,2,31,2019-07-03,23.44
7126,26,10,5,26,2019-07-03,31.53
7127,28,10,1,36,2019-07-03,23.96
7128,30,10,6,24,2019-07-03,32.48
7129,38,10,3,24,2019-07-03,27.14
7130,42,10,4,30,2019-07-03,11.80
7131,2,11,1,33,2019-07-03,18.38
7132,4,11,6,20,2019-07-03,19.46
7133,6,11,6,35,2019-07-03,12.50
7134,8,11,6,41,2019-07-03,17.84
7135,10,11,6,31,2019-07-03,21.02
7136,18,11,6,31,2019-07-03,31.66
7137,20,11,6,50,2019-07-03,22.26
7138,26,11,5,31,2019-07-03,30.60
7139,28,11,1,28,2019-07-03,24.35
7140,32,11,4,25,2019-07-03,35.40
7141,36,11,3,21,2019-07-03,33.26
7142,38,11,5,43,2019-07-03,27.20
7143,42,11,4,43,2019-07-03,12.10
7144,2,12,1,35,2019-07-03,17.73
7145,6,12,6,23,2019-07-03,12.56
7146,10,12,6,35,2019-07-03,23.42
7147,12,12,2,21,2019-07-03,40.19
7148,14,12,2,23,2019-07-03,31.96
7149,16,12,2,27,2019-07-03,57.15
7150,26,12,3,33,2019-07-03,27.68
7151,28,12,6,21,2019-07-03,20.66
7152,30,12,6,27,2019-07-03,37.93
7153,34,12,2,21,2019-07-03,40.81
7154,36,12,3,38,2019-07-03,32.55
7155,42,12,4,23,2019-07-03,13.08
7156,1,1,1,29,2019-07-17,16.61
7157,3,1,6,42,2019-07-17,14.66
7158,5,1,1,32,2019-07-17,17.92
7159,7,1,2,44,2019-07-17,15.87
7160,9,1,6,40,2019-07-17,15.76
7161,11,1,2,45,2019-07-17,20.17
7162,13,1,4,43,2019-07-17,35.44
7163,15,1,2,32,2019-07-17,60.10
7164,17,1,2,22,2019-07-17,43.15
7165,21,1,2,30,2019-07-17,48.79
7166,23,1,3,43,2019-07-17,25.24
7167,25,1,3,23,2019-07-17,22.47
7168,27,1,1,50,2019-07-17,20.65
7169,29,1,1,39,2019-07-17,16.46
7170,31,1,6,34,2019-07-17,25.91
7171,33,1,2,35,2019-07-17,28.47
7172,35,1,3,26,2019-07-17,19.59
7173,37,1,3,29,2019-07-17,26.87
7174,39,1,3,42,2019-07-17,30.97
7175,41,1,4,59,2019-07-17,10.87
7176,43,1,4,64,2019-07-17,8.41
7177,1,2,6,36,2019-07-17,15.18
7178,3,2,6,45,2019-07-17,13.15
7179,5,2,6,43,2019-07-17,19.06
7180,7,2,6,35,2019-07-17,16.96
7181,9,2,6,53,2019-07-17,13.97
7182,11,2,2,40,2019-07-17,20.55
7183,13,2,2,28,2019-07-17,38.91
7184,15,2,4,20,2019-07-17,53.64
7185,17,2,2,24,2019-07-17,42.69
7186,19,2,6,21,2019-07-17,38.21
7187,21,2,2,40,2019-07-17,47.33
7188,23,2,5,50,2019-07-17,29.38
7189,25,2,3,37,2019-07-17,26.00
7190,27,2,6,68,2019-07-17,19.98
7191,29,2,1,36,2019-07-17,17.36
7192,31,2,6,41,2019-07-17,25.54
7193,33,2,2,45,2019-07-17,27.60
7194,35,2,3,39,2019-07-17,20.64
7195,37,2,3,30,2019-07-17,27.20
7196,39,2,5,61,2019-07-17,32.53
7197,41,2,4,55,2019-07-17,10.57
7198,43,2,6,49,2019-07-17,8.91
7199,1,3,1,33,2019-07-17,15.03
7200,3,3,1,25,2019-07-17,13.73
7201,5,3,1,22,2019-07-17,18.26
7202,9,3,2,30,2019-07-17,15.05
7203,11,3,2,27,2019-07-17,20.69
7204,13,3,2,34,2019-07-17,38.71
7205,15,3,2,27,2019-07-17,53.21
7206,17,3,2,27,2019-07-17,41.68
7207,23,3,5,52,2019-07-17,25.45
7208,25,3,5,30,2019-07-17,25.39
7209,27,3,1,34,2019-07-17,19.81
7210,29,3,1,28,2019-07-17,16.06
7211,31,3,1,31,2019-07-17,23.75
7212,33,3,2,26,2019-07-17,29.19
7213,37,3,3,35,2019-07-17,26.56
7214,39,3,5,25,2019-07-17,32.39
7215,41,3,6,29,2019-07-17,11.24
7216,43,3,6,38,2019-07-17,8.23
7217,1,4,1,44,2019-07-17,14.94
7218,3,4,1,22,2019-07-17,13.71
7219,5,4,1,30,2019-07-17,19.05
7220,9,4,6,35,2019-07-17,14.69
7221,11,4,6,27,2019-07-17,20.16
7222,17,4,4,26,2019-07-17,42.70
7223,19,4,6,31,2019-07-17,36.39
7224,21,4,2,26,2019-07-17,50.23
7225,23,4,5,30,2019-07-17,27.81
7226,27,4,1,35,2019-07-17,19.66
7227,29,4,1,30,2019-07-17,17.43
7228,31,4,1,21,2019-07-17,26.04
7229,39,4,3,34,2019-07-17,29.65
7230,41,4,4,48,2019-07-17,12.06
7231,43,4,4,37,2019-07-17,8.51
7232,1,5,6,28,2019-07-17,15.48
7233,3,5,6,31,2019-07-17,13.26
7234,7,5,2,32,2019-07-17,15.61
7235,11,5,6,46,2019-07-17,18.02
7236,13,5,4,20,2019-07-17,37.46
7237,15,5,2,33,2019-07-17,50.63
7238,19,5,2,29,2019-07-17,39.86
7239,29,5,1,38,2019-07-17,17.71
7240,35,5,3,33,2019-07-17,19.06
7241,37,5,3,24,2019-07-17,27.39
7242,39,5,3,23,2019-07-17,30.18
7243,1,6,1,47,2019-07-17,15.91
7244,3,6,6,33,2019-07-17,15.19
7245,5,6,1,49,2019-07-17,19.20
7246,9,6,6,37,2019-07-17,15.21
7247,11,6,2,40,2019-07-17,18.11
7248,13,6,2,20,2019-07-17,39.81
7249,19,6,6,31,2019-07-17,35.69
7250,23,6,3,29,2019-07-17,29.61
7251,27,6,1,52,2019-07-17,18.43
7252,29,6,1,32,2019-07-17,16.55
7253,31,6,6,24,2019-07-17,25.52
7254,33,6,4,22,2019-07-17,31.16
7255,37,6,3,29,2019-07-17,25.52
7256,39,6,5,40,2019-07-17,28.49
7257,41,6,4,46,2019-07-17,11.60
7258,43,6,6,39,2019-07-17,9.85
7259,1,7,1,33,2019-07-17,15.01
7260,7,7,6,27,2019-07-17,16.41
7261,9,7,6,30,2019-07-17,15.53
7262,11,7,6,43,2019-07-17,21.96
7263,13,7,2,29,2019-07-17,38.11
7264,17,7,4,28,2019-07-17,45.21
7265,23,7,5,39,2019-07-17,26.19
7266,27,7,1,30,2019-07-17,17.61
7267,29,7,6,28,2019-07-17,17.41
7268,35,7,3,29,2019-07-17,21.07
7269,37,7,3,19,2019-07-17,28.57
7270,39,7,5,30,2019-07-17,30.78
7271,43,7,4,36,2019-07-17,9.29
7272,1,8,1,35,2019-07-17,16.86
7273,3,8,6,28,2019-07-17,14.89
7274,5,8,1,31,2019-07-17,16.54
7275,7,8,2,34,2019-07-17,15.78
7276,9,8,2,22,2019-07-17,14.78
7277,11,8,6,46,2019-07-17,19.63
7278,19,8,6,32,2019-07-17,39.79
7279,23,8,5,38,2019-07-17,25.89
7280,25,8,5,25,2019-07-17,24.25
7281,27,8,6,41,2019-07-17,19.80
7282,29,8,1,42,2019-07-17,18.55
7283,33,8,4,33,2019-07-17,26.48
7284,35,8,3,29,2019-07-17,21.65
7285,37,8,3,22,2019-07-17,30.21
7286,39,8,3,27,2019-07-17,32.51
7287,41,8,6,31,2019-07-17,9.94
7288,43,8,6,46,2019-07-17,9.19
7289,3,9,1,34,2019-07-17,13.33
7290,5,9,1,23,2019-07-17,18.98
7291,7,9,2,32,2019-07-17,16.08
7292,9,9,6,34,2019-07-17,16.33
7293,13,9,2,23,2019-07-17,36.88
7294,15,9,4,28,2019-07-17,59.87
7295,23,9,3,28,2019-07-17,29.42
7296,27,9,6,28,2019-07-17,18.10
7297,35,9,3,18,2019-07-17,20.68
7298,37,9,3,23,2019-07-17,28.63
7299,39,9,5,19,2019-07-17,28.01
7300,43,9,4,27,2019-07-17,9.12
7301,1,10,6,26,2019-07-17,14.92
7302,5,10,6,19,2019-07-17,16.94
7303,7,10,6,29,2019-07-17,17.46
7304,11,10,2,29,2019-07-17,20.00
7305,13,10,4,32,2019-07-17,37.79
7306,19,10,6,26,2019-07-17,40.67
7307,27,10,6,35,2019-07-17,17.86
7308,29,10,1,29,2019-07-17,18.02
7309,39,10,3,21,2019-07-17,29.82
7310,41,10,4,27,2019-07-17,11.28
7311,43,10,4,20,2019-07-17,9.67
7312,1,11,6,32,2019-07-17,16.05
7313,3,11,6,30,2019-07-17,15.04
7314,7,11,2,40,2019-07-17,15.71
7315,9,11,2,43,2019-07-17,16.41
7316,11,11,2,33,2019-07-17,20.83
7317,13,11,4,22,2019-07-17,39.53
7318,17,11,2,25,2019-07-17,41.49
7319,19,11,2,32,2019-07-17,35.34
7320,23,11,3,33,2019-07-17,28.60
7321,25,11,3,26,2019-07-17,24.36
7322,27,11,1,37,2019-07-17,20.02
7323,35,11,3,29,2019-07-17,20.09
7324,41,11,6,35,2019-07-17,9.97
7325,43,11,6,29,2019-07-17,9.02
7326,1,12,1,27,2019-07-17,15.22
7327,7,12,6,29,2019-07-17,17.16
7328,9,12,6,31,2019-07-17,15.64
7329,11,12,2,25,2019-07-17,18.50
7330,19,12,6,27,2019-07-17,36.64
7331,21,12,6,39,2019-07-17,47.71
7332,27,12,1,25,2019-07-17,18.37
7333,29,12,1,30,2019-07-17,16.92
7334,37,12,3,36,2019-07-17,29.66
7335,41,12,4,33,2019-07-17,11.39
7336,2,1,6,43,2019-08-05,17.45
7337,4,1,6,41,2019-08-05,22.14
7338,6,1,1,41,2019-08-05,14.32
7339,8,1,2,38,2019-08-05,17.36
7340,10,1,6,29,2019-08-05,21.60
7341,12,1,2,31,2019-08-05,42.23
7342,14,1,4,32,2019-08-05,34.38
7343,16,1,4,43,2019-08-05,58.44
7344,18,1,6,36,2019-08-05,31.09
7345,20,1,6,28,2019-08-05,24.92
7346,22,1,6,54,2019-08-05,26.77
7347,24,1,3,35,2019-08-05,34.01
7348,26,1,3,37,2019-08-05,29.90
7349,28,1,1,34,2019-08-05,22.67
7350,30,1,6,27,2019-08-05,39.02
7351,32,1,4,29,2019-08-05,31.64
7352,34,1,4,25,2019-08-05,45.90
7353,36,1,3,28,2019-08-05,32.07
7354,38,1,3,33,2019-08-05,29.74
7355,40,1,5,32,2019-08-05,39.40
7356,42,1,6,31,2019-08-05,11.70
7357,2,2,1,60,2019-08-05,20.30
7358,4,2,1,50,2019-08-05,22.46
7359,6,2,1,51,2019-08-05,13.47
7360,8,2,2,49,2019-08-05,18.01
7361,10,2,6,43,2019-08-05,20.62
7362,12,2,4,31,2019-08-05,44.49
7363,14,2,4,32,2019-08-05,34.50
7364,16,2,2,38,2019-08-05,62.85
7365,18,2,6,38,2019-08-05,35.24
7366,20,2,2,33,2019-08-05,26.33
7367,22,2,2,33,2019-08-05,26.95
7368,24,2,5,26,2019-08-05,29.38
7369,26,2,5,55,2019-08-05,30.40
7370,28,2,6,44,2019-08-05,23.28
7371,30,2,6,19,2019-08-05,38.03
7372,32,2,2,42,2019-08-05,33.95
7373,34,2,2,40,2019-08-05,43.90
7374,36,2,3,36,2019-08-05,35.74
7375,38,2,3,37,2019-08-05,27.95
7376,40,2,5,45,2019-08-05,34.94
7377,42,2,4,47,2019-08-05,11.89
7378,2,3,1,47,2019-08-05,18.05
7379,4,3,6,51,2019-08-05,21.11
7380,6,3,6,41,2019-08-05,13.90
7381,8,3,2,30,2019-08-05,19.17
7382,10,3,6,31,2019-08-05,21.78
7383,12,3,2,32,2019-08-05,42.85
7384,14,3,4,25,2019-08-05,36.68
7385,18,3,2,49,2019-08-05,33.26
7386,20,3,2,41,2019-08-05,22.67
7387,22,3,6,41,2019-08-05,25.01
7388,24,3,5,31,2019-08-05,32.91
7389,26,3,5,25,2019-08-05,29.20
7390,28,3,6,47,2019-08-05,23.33
7391,30,3,1,34,2019-08-05,36.77
7392,34,3,2,30,2019-08-05,42.15
7393,36,3,3,43,2019-08-05,35.33
7394,38,3,3,40,2019-08-05,26.88
7395,40,3,5,30,2019-08-05,33.60
7396,42,3,6,31,2019-08-05,13.69
7397,2,4,1,25,2019-08-05,17.17
7398,4,4,1,35,2019-08-05,19.52
7399,6,4,1,39,2019-08-05,13.55
7400,8,4,2,37,2019-08-05,20.10
7401,10,4,2,37,2019-08-05,21.27
7402,14,4,2,21,2019-08-05,34.23
7403,16,4,2,30,2019-08-05,63.52
7404,18,4,6,23,2019-08-05,30.61
7405,20,4,2,28,2019-08-05,21.78
7406,22,4,2,25,2019-08-05,27.26
7407,24,4,3,23,2019-08-05,31.83
7408,26,4,5,33,2019-08-05,27.46
7409,28,4,6,24,2019-08-05,22.80
7410,30,4,1,23,2019-08-05,37.41
7411,32,4,2,40,2019-08-05,33.28
7412,34,4,4,29,2019-08-05,45.38
7413,36,4,3,39,2019-08-05,34.56
7414,38,4,5,29,2019-08-05,28.52
7415,40,4,3,42,2019-08-05,34.15
7416,42,4,6,35,2019-08-05,11.64
7417,4,5,6,42,2019-08-05,22.56
7418,8,5,6,33,2019-08-05,20.26
7419,10,5,6,50,2019-08-05,24.38
7420,12,5,4,20,2019-08-05,45.92
7421,14,5,4,26,2019-08-05,37.19
7422,16,5,2,23,2019-08-05,61.21
7423,20,5,6,34,2019-08-05,25.35
7424,22,5,2,30,2019-08-05,27.46
7425,24,5,5,26,2019-08-05,31.30
7426,26,5,5,33,2019-08-05,27.44
7427,28,5,1,35,2019-08-05,20.58
7428,30,5,6,14,2019-08-05,34.84
7429,34,5,2,29,2019-08-05,40.39
7430,38,5,5,28,2019-08-05,28.52
7431,40,5,3,40,2019-08-05,38.29
7432,2,6,1,35,2019-08-05,19.80
7433,4,6,1,34,2019-08-05,19.33
7434,6,6,6,42,2019-08-05,13.24
7435,8,6,2,33,2019-08-05,18.07
7436,12,6,4,33,2019-08-05,41.21
7437,14,6,2,29,2019-08-05,30.75
7438,16,6,4,20,2019-08-05,57.09
7439,22,6,6,27,2019-08-05,27.71
7440,24,6,3,20,2019-08-05,32.48
7441,26,6,3,32,2019-08-05,29.16
7442,28,6,6,29,2019-08-05,24.33
7443,30,6,1,26,2019-08-05,38.19
7444,32,6,2,29,2019-08-05,37.26
7445,36,6,3,28,2019-08-05,29.81
7446,38,6,3,35,2019-08-05,26.84
7447,2,7,6,28,2019-08-05,18.47
7448,4,7,1,29,2019-08-05,21.71
7449,6,7,6,36,2019-08-05,14.54
7450,10,7,2,31,2019-08-05,24.69
7451,12,7,4,37,2019-08-05,44.96
7452,16,7,2,36,2019-08-05,64.25
7453,18,7,2,30,2019-08-05,31.76
7454,20,7,2,26,2019-08-05,24.33
7455,22,7,2,41,2019-08-05,27.52
7456,24,7,3,32,2019-08-05,31.76
7457,28,7,6,34,2019-08-05,21.65
7458,32,7,2,32,2019-08-05,37.09
7459,34,7,2,39,2019-08-05,42.64
7460,36,7,3,39,2019-08-05,32.21
7461,40,7,5,30,2019-08-05,36.45
7462,42,7,4,25,2019-08-05,13.30
7463,2,8,1,25,2019-08-05,17.29
7464,4,8,6,35,2019-08-05,22.65
7465,6,8,6,41,2019-08-05,12.93
7466,8,8,6,22,2019-08-05,17.93
7467,10,8,2,39,2019-08-05,20.35
7468,12,8,4,25,2019-08-05,48.92
7469,14,8,4,41,2019-08-05,33.89
7470,16,8,2,35,2019-08-05,61.23
7471,18,8,2,30,2019-08-05,30.45
7472,20,8,2,26,2019-08-05,25.43
7473,22,8,6,46,2019-08-05,26.77
7474,26,8,5,25,2019-08-05,31.29
7475,30,8,6,27,2019-08-05,33.30
7476,32,8,2,35,2019-08-05,36.72
7477,36,8,3,25,2019-08-05,31.26
7478,40,8,5,30,2019-08-05,37.43
7479,42,8,4,35,2019-08-05,11.62
7480,2,9,1,32,2019-08-05,18.09
7481,4,9,6,40,2019-08-05,22.96
7482,6,9,6,27,2019-08-05,12.29
7483,10,9,6,27,2019-08-05,23.63
7484,12,9,2,15,2019-08-05,48.33
7485,14,9,2,24,2019-08-05,32.66
7486,16,9,2,22,2019-08-05,54.07
7487,20,9,6,39,2019-08-05,23.55
7488,22,9,2,32,2019-08-05,28.53
7489,26,9,3,28,2019-08-05,29.82
7490,28,9,6,25,2019-08-05,23.57
7491,30,9,6,38,2019-08-05,33.28
7492,32,9,4,38,2019-08-05,33.77
7493,36,9,3,26,2019-08-05,33.66
7494,38,9,5,38,2019-08-05,26.24
7495,40,9,5,28,2019-08-05,35.64
7496,4,10,1,43,2019-08-05,20.86
7497,6,10,6,39,2019-08-05,14.35
7498,12,10,2,29,2019-08-05,42.65
7499,14,10,4,27,2019-08-05,35.51
7500,16,10,4,27,2019-08-05,55.74
7501,18,10,6,36,2019-08-05,35.62
7502,20,10,6,30,2019-08-05,26.20
7503,22,10,6,33,2019-08-05,27.80
7504,24,10,3,24,2019-08-05,28.90
7505,26,10,5,29,2019-08-05,31.31
7506,28,10,1,20,2019-08-05,21.32
7507,30,10,6,38,2019-08-05,33.17
7508,32,10,4,33,2019-08-05,31.53
7509,34,10,2,19,2019-08-05,45.64
7510,36,10,3,37,2019-08-05,29.88
7511,40,10,5,33,2019-08-05,39.45
7512,4,11,6,28,2019-08-05,22.78
7513,6,11,1,40,2019-08-05,12.47
7514,8,11,6,32,2019-08-05,17.30
7515,12,11,4,30,2019-08-05,48.50
7516,14,11,2,38,2019-08-05,36.88
7517,16,11,4,46,2019-08-05,62.40
7518,18,11,6,52,2019-08-05,30.94
7519,22,11,6,40,2019-08-05,25.55
7520,24,11,5,42,2019-08-05,29.20
7521,28,11,1,37,2019-08-05,24.02
7522,30,11,1,32,2019-08-05,33.70
7523,32,11,2,30,2019-08-05,32.60
7524,34,11,4,37,2019-08-05,40.52
7525,40,11,3,42,2019-08-05,33.55
7526,42,11,6,42,2019-08-05,12.05
7527,4,12,1,38,2019-08-05,21.91
7528,8,12,2,41,2019-08-05,19.60
7529,10,12,2,26,2019-08-05,22.97
7530,18,12,6,29,2019-08-05,33.25
7531,20,12,6,26,2019-08-05,22.62
7532,22,12,6,34,2019-08-05,28.19
7533,24,12,5,26,2019-08-05,31.45
7534,26,12,3,27,2019-08-05,31.58
7535,32,12,2,24,2019-08-05,36.85
7536,38,12,3,29,2019-08-05,31.24
7537,40,12,3,30,2019-08-05,35.72
7538,1,1,1,34,2019-08-19,15.24
7539,3,1,1,42,2019-08-19,14.05
7540,5,1,6,33,2019-08-19,18.09
7541,7,1,6,51,2019-08-19,15.59
7542,9,1,6,65,2019-08-19,14.52
7543,11,1,6,35,2019-08-19,20.82
7544,13,1,2,44,2019-08-19,39.42
7545,17,1,4,24,2019-08-19,43.64
7546,19,1,6,40,2019-08-19,36.00
7547,21,1,2,26,2019-08-19,50.33
7548,23,1,3,56,2019-08-19,30.21
7549,25,1,3,40,2019-08-19,21.87
7550,27,1,6,64,2019-08-19,20.53
7551,29,1,1,41,2019-08-19,15.35
7552,31,1,6,32,2019-08-19,24.99
7553,33,1,2,30,2019-08-19,31.48
7554,35,1,3,36,2019-08-19,20.67
7555,37,1,3,30,2019-08-19,29.80
7556,39,1,3,39,2019-08-19,30.72
7557,41,1,4,45,2019-08-19,10.11
7558,43,1,6,55,2019-08-19,8.15
7559,1,2,6,50,2019-08-19,15.48
7560,3,2,6,44,2019-08-19,14.96
7561,5,2,1,34,2019-08-19,18.86
7562,7,2,6,45,2019-08-19,17.04
7563,9,2,6,50,2019-08-19,15.33
7564,11,2,6,64,2019-08-19,21.87
7565,13,2,4,33,2019-08-19,40.81
7566,15,2,2,26,2019-08-19,51.40
7567,17,2,2,30,2019-08-19,46.34
7568,19,2,6,20,2019-08-19,35.33
7569,21,2,2,37,2019-08-19,44.58
7570,23,2,5,45,2019-08-19,28.11
7571,25,2,3,33,2019-08-19,25.26
7572,27,2,6,63,2019-08-19,18.33
7573,29,2,1,54,2019-08-19,16.56
7574,31,2,6,42,2019-08-19,25.36
7575,33,2,4,44,2019-08-19,29.02
7576,35,2,3,48,2019-08-19,22.67
7577,37,2,3,27,2019-08-19,25.39
7578,39,2,3,40,2019-08-19,29.67
7579,41,2,4,68,2019-08-19,11.53
7580,43,2,6,84,2019-08-19,8.15
7581,1,3,1,32,2019-08-19,15.64
7582,3,3,6,32,2019-08-19,14.38
7583,5,3,1,34,2019-08-19,16.83
7584,7,3,2,48,2019-08-19,15.87
7585,9,3,6,39,2019-08-19,13.93
7586,11,3,6,28,2019-08-19,19.91
7587,13,3,2,40,2019-08-19,38.28
7588,19,3,6,35,2019-08-19,42.62
7589,21,3,2,30,2019-08-19,43.76
7590,23,3,3,26,2019-08-19,29.01
7591,27,3,1,40,2019-08-19,18.95
7592,29,3,1,31,2019-08-19,16.06
7593,31,3,6,28,2019-08-19,22.23
7594,35,3,3,36,2019-08-19,21.54
7595,39,3,5,29,2019-08-19,29.49
7596,41,3,4,50,2019-08-19,10.59
7597,43,3,6,45,2019-08-19,9.35
7598,1,4,6,34,2019-08-19,14.63
7599,3,4,6,33,2019-08-19,15.49
7600,7,4,2,32,2019-08-19,15.66
7601,9,4,6,22,2019-08-19,15.28
7602,11,4,2,21,2019-08-19,21.05
7603,13,4,2,29,2019-08-19,37.39
7604,15,4,2,38,2019-08-19,59.08
7605,17,4,2,24,2019-08-19,38.91
7606,25,4,3,25,2019-08-19,23.52
7607,27,4,6,36,2019-08-19,18.12
7608,29,4,1,50,2019-08-19,18.43
7609,33,4,4,31,2019-08-19,28.24
7610,35,4,3,31,2019-08-19,21.13
7611,37,4,3,25,2019-08-19,27.76
7612,41,4,6,28,2019-08-19,10.04
7613,43,4,4,55,2019-08-19,8.32
7614,5,5,6,47,2019-08-19,18.48
7615,9,5,2,30,2019-08-19,13.92
7616,17,5,2,27,2019-08-19,45.66
7617,21,5,2,29,2019-08-19,43.38
7618,23,5,3,44,2019-08-19,29.84
7619,25,5,5,26,2019-08-19,25.14
7620,27,5,1,45,2019-08-19,20.28
7621,29,5,1,26,2019-08-19,15.48
7622,31,5,1,31,2019-08-19,21.83
7623,33,5,2,27,2019-08-19,31.10
7624,35,5,3,20,2019-08-19,19.48
7625,41,5,6,48,2019-08-19,11.49
7626,43,5,6,39,2019-08-19,9.12
7627,1,6,1,32,2019-08-19,14.67
7628,3,6,1,46,2019-08-19,15.51
7629,5,6,1,30,2019-08-19,16.94
7630,7,6,6,43,2019-08-19,14.83
7631,9,6,6,51,2019-08-19,14.05
7632,11,6,6,39,2019-08-19,18.02
7633,15,6,4,35,2019-08-19,49.65
7634,17,6,4,31,2019-08-19,40.65
7635,19,6,6,19,2019-08-19,36.88
7636,21,6,2,33,2019-08-19,49.94
7637,23,6,3,27,2019-08-19,28.68
7638,25,6,5,43,2019-08-19,25.14
7639,27,6,6,41,2019-08-19,20.36
7640,29,6,1,32,2019-08-19,17.24
7641,33,6,2,30,2019-08-19,26.22
7642,35,6,3,31,2019-08-19,21.48
7643,37,6,3,30,2019-08-19,27.90
7644,39,6,5,24,2019-08-19,31.46
7645,41,6,6,33,2019-08-19,11.38
7646,43,6,6,41,2019-08-19,8.67
7647,1,7,6,35,2019-08-19,15.31
7648,3,7,1,37,2019-08-19,14.12
7649,5,7,6,34,2019-08-19,17.95
7650,7,7,6,31,2019-08-19,17.60
7651,11,7,2,48,2019-08-19,18.93
7652,13,7,2,22,2019-08-19,40.80
7653,15,7,4,24,2019-08-19,53.48
7654,19,7,2,42,2019-08-19,41.11
7655,21,7,2,35,2019-08-19,45.44
7656,23,7,5,32,2019-08-19,25.31
7657,25,7,5,32,2019-08-19,22.93
7658,27,7,1,30,2019-08-19,18.09
7659,29,7,6,36,2019-08-19,15.76
7660,31,7,1,35,2019-08-19,26.20
7661,33,7,2,35,2019-08-19,27.12
7662,39,7,3,25,2019-08-19,30.67
7663,41,7,6,41,2019-08-19,10.07
7664,43,7,6,32,2019-08-19,9.79
7665,1,8,1,36,2019-08-19,15.67
7666,3,8,1,36,2019-08-19,14.67
7667,5,8,1,28,2019-08-19,17.50
7668,7,8,6,27,2019-08-19,15.09
7669,9,8,2,46,2019-08-19,14.08
7670,11,8,2,37,2019-08-19,21.46
7671,13,8,2,30,2019-08-19,35.94
7672,15,8,4,28,2019-08-19,50.72
7673,17,8,4,32,2019-08-19,44.61
7674,21,8,2,34,2019-08-19,51.43
7675,23,8,3,41,2019-08-19,28.81
7676,25,8,5,31,2019-08-19,24.69
7677,27,8,6,27,2019-08-19,20.00
7678,29,8,6,29,2019-08-19,17.72
7679,31,8,6,32,2019-08-19,22.32
7680,33,8,2,28,2019-08-19,30.43
7681,35,8,3,30,2019-08-19,22.35
7682,37,8,3,32,2019-08-19,27.26
7683,39,8,5,27,2019-08-19,29.74
7684,41,8,4,42,2019-08-19,10.66
7685,43,8,6,43,2019-08-19,9.74
7686,1,9,1,35,2019-08-19,15.20
7687,9,9,2,28,2019-08-19,15.83
7688,11,9,6,30,2019-08-19,19.53
7689,17,9,4,31,2019-08-19,45.53
7690,19,9,6,18,2019-08-19,37.23
7691,21,9,6,17,2019-08-19,45.97
7692,23,9,5,21,2019-08-19,25.27
7693,25,9,3,36,2019-08-19,21.79
7694,27,9,1,34,2019-08-19,17.10
7695,29,9,6,28,2019-08-19,17.94
7696,31,9,1,28,2019-08-19,23.83
7697,33,9,2,31,2019-08-19,27.49
7698,35,9,3,27,2019-08-19,22.57
7699,41,9,6,57,2019-08-19,11.18
7700,43,9,4,36,2019-08-19,8.93
7701,1,10,6,31,2019-08-19,15.36
7702,3,10,6,39,2019-08-19,14.39
7703,5,10,1,25,2019-08-19,18.16
7704,7,10,2,30,2019-08-19,17.43
7705,9,10,2,39,2019-08-19,14.78
7706,11,10,2,24,2019-08-19,21.41
7707,15,10,2,30,2019-08-19,51.00
7708,17,10,2,27,2019-08-19,44.65
7709,21,10,2,31,2019-08-19,44.64
7710,23,10,5,55,2019-08-19,26.48
7711,25,10,5,31,2019-08-19,25.85
7712,27,10,1,38,2019-08-19,19.34
7713,29,10,6,19,2019-08-19,16.80
7714,31,10,1,39,2019-08-19,25.24
7715,33,10,2,37,2019-08-19,30.19
7716,35,10,3,33,2019-08-19,22.70
7717,37,10,3,29,2019-08-19,25.85
7718,39,10,3,20,2019-08-19,32.54
7719,41,10,6,34,2019-08-19,9.99
7720,43,10,4,33,2019-08-19,8.72
7721,3,11,1,32,2019-08-19,15.35
7722,5,11,1,44,2019-08-19,18.95
7723,9,11,6,29,2019-08-19,15.04
7724,11,11,2,35,2019-08-19,20.71
7725,15,11,4,30,2019-08-19,60.14
7726,21,11,6,22,2019-08-19,44.52
7727,23,11,5,31,2019-08-19,26.63
7728,27,11,1,39,2019-08-19,18.33
7729,29,11,1,45,2019-08-19,18.48
7730,31,11,6,26,2019-08-19,24.37
7731,33,11,2,29,2019-08-19,30.78
7732,35,11,3,32,2019-08-19,22.55
7733,37,11,3,33,2019-08-19,25.99
7734,39,11,3,30,2019-08-19,33.68
7735,41,11,4,29,2019-08-19,11.98
7736,43,11,6,42,2019-08-19,9.79
7737,3,12,6,42,2019-08-19,15.28
7738,5,12,6,14,2019-08-19,18.44
7739,9,12,6,23,2019-08-19,16.23
7740,11,12,6,35,2019-08-19,19.71
7741,13,12,4,27,2019-08-19,39.52
7742,15,12,4,26,2019-08-19,55.88
7743,17,12,2,26,2019-08-19,41.36
7744,23,12,5,38,2019-08-19,30.12
7745,25,12,3,25,2019-08-19,24.62
7746,27,12,6,32,2019-08-19,18.01
7747,29,12,1,41,2019-08-19,15.34
7748,31,12,6,28,2019-08-19,23.95
7749,33,12,4,31,2019-08-19,26.37
7750,35,12,3,36,2019-08-19,19.58
7751,39,12,5,23,2019-08-19,32.13
7752,41,12,4,43,2019-08-19,11.18
7753,43,12,6,43,2019-08-19,9.60
7754,2,1,1,40,2019-09-03,17.64
7755,4,1,6,43,2019-09-03,21.25
7756,6,1,1,31,2019-09-03,14.84
7757,8,1,2,40,2019-09-03,17.19
7758,10,1,6,37,2019-09-03,22.24
7759,14,1,4,26,2019-09-03,35.07
7760,18,1,2,32,2019-09-03,33.24
7761,20,1,6,39,2019-09-03,22.18
7762,22,1,6,49,2019-09-03,26.42
7763,24,1,5,27,2019-09-03,28.18
7764,26,1,3,38,2019-09-03,31.71
7765,28,1,1,42,2019-09-03,21.64
7766,30,1,1,35,2019-09-03,38.23
7767,32,1,2,38,2019-09-03,32.41
7768,34,1,2,34,2019-09-03,39.55
7769,36,1,3,43,2019-09-03,33.38
7770,38,1,5,28,2019-09-03,29.46
7771,40,1,3,33,2019-09-03,35.78
7772,42,1,4,41,2019-09-03,13.42
7773,2,2,6,42,2019-09-03,19.61
7774,4,2,1,46,2019-09-03,22.88
7775,6,2,1,49,2019-09-03,12.20
7776,8,2,6,35,2019-09-03,18.92
7777,10,2,6,26,2019-09-03,20.43
7778,12,2,2,23,2019-09-03,44.83
7779,14,2,2,26,2019-09-03,30.92
7780,16,2,4,40,2019-09-03,60.08
7781,18,2,2,35,2019-09-03,30.25
7782,20,2,2,34,2019-09-03,25.60
7783,22,2,6,29,2019-09-03,25.41
7784,24,2,3,29,2019-09-03,31.13
7785,26,2,3,26,2019-09-03,30.27
7786,28,2,1,49,2019-09-03,22.41
7787,30,2,6,40,2019-09-03,33.36
7788,32,2,2,41,2019-09-03,32.11
7789,34,2,4,35,2019-09-03,39.10
7790,36,2,3,34,2019-09-03,33.98
7791,38,2,5,31,2019-09-03,30.34
7792,40,2,3,39,2019-09-03,36.81
7793,42,2,4,27,2019-09-03,11.81
7794,2,3,6,30,2019-09-03,17.19
7795,4,3,6,32,2019-09-03,22.87
7796,6,3,6,37,2019-09-03,13.40
7797,8,3,6,33,2019-09-03,18.61
7798,16,3,2,42,2019-09-03,54.29
7799,18,3,2,32,2019-09-03,31.38
7800,20,3,6,21,2019-09-03,26.14
7801,22,3,2,26,2019-09-03,27.24
7802,26,3,3,25,2019-09-03,29.54
7803,28,3,6,34,2019-09-03,23.67
7804,30,3,1,29,2019-09-03,35.14
7805,32,3,4,31,2019-09-03,37.08
7806,36,3,3,26,2019-09-03,31.25
7807,42,3,4,23,2019-09-03,13.63
7808,2,4,6,26,2019-09-03,19.93
7809,4,4,1,26,2019-09-03,20.27
7810,8,4,2,28,2019-09-03,19.07
7811,10,4,2,25,2019-09-03,23.94
7812,12,4,4,23,2019-09-03,48.73
7813,18,4,2,26,2019-09-03,34.34
7814,26,4,5,32,2019-09-03,31.34
7815,2,5,6,17,2019-09-03,17.34
7816,4,5,1,37,2019-09-03,21.94
7817,6,5,6,46,2019-09-03,12.35
7818,8,5,2,22,2019-09-03,17.47
7819,10,5,2,31,2019-09-03,23.11
7820,18,5,2,24,2019-09-03,29.28
7821,28,5,1,34,2019-09-03,20.67
7822,32,5,4,33,2019-09-03,36.41
7823,36,5,3,31,2019-09-03,31.33
7824,42,5,4,25,2019-09-03,12.15
7825,4,6,1,34,2019-09-03,21.11
7826,6,6,6,30,2019-09-03,14.32
7827,8,6,6,42,2019-09-03,19.14
7828,10,6,2,42,2019-09-03,22.76
7829,16,6,4,26,2019-09-03,59.83
7830,18,6,6,37,2019-09-03,30.87
7831,20,6,2,21,2019-09-03,22.63
7832,22,6,6,30,2019-09-03,28.81
7833,24,6,5,31,2019-09-03,30.58
7834,26,6,5,30,2019-09-03,27.85
7835,28,6,1,36,2019-09-03,23.19
7836,32,6,2,38,2019-09-03,35.47
7837,34,6,4,29,2019-09-03,46.49
7838,36,6,3,35,2019-09-03,33.15
7839,40,6,5,45,2019-09-03,33.27
7840,42,6,4,44,2019-09-03,13.25
7841,2,7,6,25,2019-09-03,20.20
7842,8,7,6,33,2019-09-03,17.48
7843,10,7,2,24,2019-09-03,21.46
7844,14,7,2,17,2019-09-03,36.67
7845,16,7,2,28,2019-09-03,58.05
7846,18,7,6,27,2019-09-03,33.03
7847,26,7,3,40,2019-09-03,29.58
7848,28,7,1,26,2019-09-03,22.37
7849,30,7,6,26,2019-09-03,36.15
7850,38,7,3,36,2019-09-03,27.72
7851,40,7,3,29,2019-09-03,33.51
7852,42,7,6,30,2019-09-03,11.83
7853,4,8,1,23,2019-09-03,20.39
7854,6,8,6,21,2019-09-03,13.14
7855,8,8,2,24,2019-09-03,18.10
7856,16,8,4,33,2019-09-03,55.45
7857,22,8,6,23,2019-09-03,26.92
7858,24,8,3,30,2019-09-03,33.51
7859,28,8,1,42,2019-09-03,21.53
7860,34,8,4,28,2019-09-03,42.52
7861,38,8,3,33,2019-09-03,26.89
7862,40,8,3,40,2019-09-03,35.87
7863,42,8,6,33,2019-09-03,13.01
7864,6,9,1,37,2019-09-03,12.83
7865,8,9,6,44,2019-09-03,18.20
7866,18,9,2,16,2019-09-03,34.41
7867,24,9,3,26,2019-09-03,29.51
7868,28,9,6,22,2019-09-03,23.05
7869,34,9,4,20,2019-09-03,40.57
7870,42,9,4,25,2019-09-03,12.20
7871,2,10,1,38,2019-09-03,18.19
7872,4,10,6,30,2019-09-03,20.68
7873,6,10,6,30,2019-09-03,14.43
7874,8,10,6,38,2019-09-03,19.20
7875,10,10,2,46,2019-09-03,24.60
7876,16,10,2,26,2019-09-03,62.86
7877,20,10,6,29,2019-09-03,23.05
7878,22,10,6,19,2019-09-03,28.05
7879,26,10,5,28,2019-09-03,28.92
7880,34,10,4,24,2019-09-03,38.48
7881,38,10,3,38,2019-09-03,31.21
7882,40,10,5,22,2019-09-03,32.77
7883,42,10,4,28,2019-09-03,12.14
7884,2,11,1,39,2019-09-03,19.27
7885,4,11,6,24,2019-09-03,19.67
7886,6,11,1,31,2019-09-03,14.17
7887,8,11,6,35,2019-09-03,18.64
7888,10,11,2,36,2019-09-03,24.57
7889,16,11,4,29,2019-09-03,57.17
7890,20,11,6,33,2019-09-03,25.65
7891,22,11,6,28,2019-09-03,27.66
7892,24,11,3,22,2019-09-03,31.78
7893,26,11,3,32,2019-09-03,30.89
7894,32,11,4,30,2019-09-03,33.60
7895,36,11,3,33,2019-09-03,35.65
7896,38,11,3,23,2019-09-03,27.67
7897,40,11,5,25,2019-09-03,39.18
7898,2,12,1,24,2019-09-03,17.78
7899,4,12,6,26,2019-09-03,19.36
7900,6,12,1,37,2019-09-03,12.44
7901,12,12,4,22,2019-09-03,43.52
7902,14,12,2,35,2019-09-03,33.73
7903,16,12,4,48,2019-09-03,55.34
7904,20,12,6,21,2019-09-03,23.71
7905,26,12,3,29,2019-09-03,31.69
7906,28,12,6,30,2019-09-03,23.71
7907,30,12,6,23,2019-09-03,36.69
7908,34,12,2,30,2019-09-03,38.83
7909,36,12,3,20,2019-09-03,29.87
7910,42,12,4,35,2019-09-03,12.10
7911,1,1,6,29,2019-09-17,14.50
7912,5,1,1,33,2019-09-17,17.57
7913,7,1,2,33,2019-09-17,16.31
7914,9,1,6,34,2019-09-17,14.62
7915,11,1,6,34,2019-09-17,20.28
7916,15,1,4,34,2019-09-17,56.48
7917,17,1,2,35,2019-09-17,39.02
7918,21,1,6,31,2019-09-17,49.04
7919,23,1,5,23,2019-09-17,30.23
7920,25,1,5,26,2019-09-17,21.60
7921,27,1,6,49,2019-09-17,20.14
7922,29,1,6,39,2019-09-17,16.52
7923,31,1,1,27,2019-09-17,23.59
7924,33,1,2,34,2019-09-17,29.75
7925,35,1,3,37,2019-09-17,23.09
7926,37,1,3,23,2019-09-17,24.98
7927,39,1,5,40,2019-09-17,28.68
7928,41,1,4,50,2019-09-17,12.04
7929,43,1,6,63,2019-09-17,9.18
7930,1,2,1,53,2019-09-17,17.16
7931,3,2,6,39,2019-09-17,13.97
7932,5,2,6,26,2019-09-17,16.96
7933,7,2,2,36,2019-09-17,16.30
7934,9,2,6,45,2019-09-17,15.87
7935,11,2,6,57,2019-09-17,21.14
7936,13,2,4,27,2019-09-17,37.45
7937,15,2,4,30,2019-09-17,50.51
7938,19,2,2,35,2019-09-17,41.49
7939,23,2,3,55,2019-09-17,25.16
7940,25,2,3,26,2019-09-17,24.95
7941,27,2,1,34,2019-09-17,19.76
7942,29,2,1,37,2019-09-17,18.29
7943,31,2,1,19,2019-09-17,24.08
7944,33,2,4,43,2019-09-17,28.56
7945,35,2,3,30,2019-09-17,21.02
7946,39,2,3,26,2019-09-17,30.00
7947,41,2,6,55,2019-09-17,11.96
7948,43,2,4,79,2019-09-17,8.45
7949,1,3,1,49,2019-09-17,14.66
7950,3,3,1,27,2019-09-17,13.82
7951,5,3,1,48,2019-09-17,18.15
7952,7,3,2,34,2019-09-17,16.17
7953,9,3,2,34,2019-09-17,15.29
7954,11,3,6,31,2019-09-17,18.77
7955,13,3,2,25,2019-09-17,41.10
7956,15,3,4,39,2019-09-17,54.79
7957,17,3,4,28,2019-09-17,45.74
7958,21,3,2,39,2019-09-17,44.94
7959,23,3,5,30,2019-09-17,24.76
7960,25,3,3,54,2019-09-17,22.85
7961,27,3,1,38,2019-09-17,19.67
7962,29,3,6,30,2019-09-17,16.26
7963,31,3,1,25,2019-09-17,22.55
7964,33,3,4,40,2019-09-17,28.50
7965,35,3,3,29,2019-09-17,19.03
7966,37,3,3,36,2019-09-17,28.92
7967,39,3,5,36,2019-09-17,29.60
7968,41,3,6,57,2019-09-17,11.08
7969,43,3,4,39,2019-09-17,8.54
7970,1,4,6,26,2019-09-17,15.48
7971,5,4,6,40,2019-09-17,17.03
7972,9,4,2,31,2019-09-17,14.56
7973,11,4,2,26,2019-09-17,20.05
7974,19,4,6,20,2019-09-17,39.88
7975,21,4,6,20,2019-09-17,46.89
7976,23,4,3,27,2019-09-17,25.20
7977,27,4,1,29,2019-09-17,20.12
7978,31,4,1,35,2019-09-17,26.40
7979,33,4,4,24,2019-09-17,31.79
7980,37,4,3,30,2019-09-17,25.55
7981,39,4,5,24,2019-09-17,28.32
7982,41,4,4,31,2019-09-17,11.89
7983,43,4,6,28,2019-09-17,8.58
7984,1,5,6,28,2019-09-17,16.29
7985,3,5,1,25,2019-09-17,15.46
7986,7,5,6,21,2019-09-17,15.45
7987,11,5,6,24,2019-09-17,19.91
7988,13,5,2,23,2019-09-17,37.22
7989,15,5,2,34,2019-09-17,60.26
7990,19,5,6,33,2019-09-17,42.42
7991,37,5,3,26,2019-09-17,27.58
7992,39,5,5,15,2019-09-17,30.70
7993,41,5,6,25,2019-09-17,11.48
7994,43,5,6,28,2019-09-17,9.38
7995,1,6,6,28,2019-09-17,15.68
7996,3,6,6,36,2019-09-17,14.90
7997,5,6,6,29,2019-09-17,17.55
7998,7,6,2,35,2019-09-17,15.25
7999,9,6,6,34,2019-09-17,13.98
8000,11,6,2,31,2019-09-17,21.02
8001,13,6,4,32,2019-09-17,37.27
8002,15,6,2,20,2019-09-17,51.72
8003,19,6,6,33,2019-09-17,42.65
8004,23,6,3,32,2019-09-17,27.33
8005,25,6,3,24,2019-09-17,22.70
8006,27,6,6,28,2019-09-17,17.28
8007,29,6,1,28,2019-09-17,16.19
8008,31,6,1,40,2019-09-17,22.84
8009,33,6,2,26,2019-09-17,26.86
8010,39,6,3,49,2019-09-17,32.25
8011,41,6,6,22,2019-09-17,11.82
8012,43,6,6,42,2019-09-17,8.27
8013,1,7,6,25,2019-09-17,17.47
8014,3,7,1,25,2019-09-17,15.12
8015,9,7,6,26,2019-09-17,15.89
8016,11,7,2,25,2019-09-17,20.32
8017,17,7,4,25,2019-09-17,46.32
8018,23,7,5,26,2019-09-17,29.28
8019,27,7,6,24,2019-09-17,17.22
8020,35,7,3,28,2019-09-17,21.72
8021,37,7,3,24,2019-09-17,27.34
8022,41,7,4,32,2019-09-17,11.76
8023,43,7,6,36,2019-09-17,9.44
8024,1,8,6,33,2019-09-17,14.96
8025,3,8,6,27,2019-09-17,14.32
8026,5,8,6,30,2019-09-17,16.04
8027,9,8,6,25,2019-09-17,14.07
8028,11,8,6,27,2019-09-17,20.79
8029,15,8,2,25,2019-09-17,58.38
8030,19,8,6,28,2019-09-17,41.46
8031,23,8,3,32,2019-09-17,25.17
8032,25,8,5,26,2019-09-17,22.82
8033,27,8,1,38,2019-09-17,19.43
8034,29,8,6,29,2019-09-17,16.90
8035,33,8,2,35,2019-09-17,27.82
8036,37,8,3,24,2019-09-17,25.15
8037,41,8,6,51,2019-09-17,10.99
8038,43,8,4,53,2019-09-17,9.13
8039,3,9,1,37,2019-09-17,15.45
8040,5,9,1,29,2019-09-17,17.50
8041,7,9,2,27,2019-09-17,14.44
8042,11,9,6,29,2019-09-17,18.70
8043,13,9,4,16,2019-09-17,37.96
8044,15,9,4,28,2019-09-17,60.24
8045,35,9,3,22,2019-09-17,20.01
8046,37,9,3,36,2019-09-17,28.20
8047,39,9,5,27,2019-09-17,32.00
8048,43,9,6,46,2019-09-17,9.90
8049,1,10,6,31,2019-09-17,16.46
8050,3,10,6,32,2019-09-17,15.51
8051,7,10,2,22,2019-09-17,14.72
8052,9,10,2,35,2019-09-17,15.31
8053,11,10,6,30,2019-09-17,18.45
8054,13,10,2,24,2019-09-17,37.23
8055,19,10,2,28,2019-09-17,37.53
8056,23,10,5,30,2019-09-17,29.17
8057,27,10,6,29,2019-09-17,19.63
8058,29,10,6,32,2019-09-17,17.14
8059,41,10,4,25,2019-09-17,10.21
8060,43,10,4,31,2019-09-17,9.59
8061,1,11,1,41,2019-09-17,15.90
8062,3,11,6,27,2019-09-17,13.09
8063,7,11,2,31,2019-09-17,14.72
8064,9,11,6,30,2019-09-17,16.07
8065,11,11,6,28,2019-09-17,20.16
8066,13,11,4,31,2019-09-17,40.75
8067,15,11,4,33,2019-09-17,57.11
8068,17,11,2,31,2019-09-17,41.62
8069,19,11,2,28,2019-09-17,38.82
8070,23,11,5,35,2019-09-17,27.98
8071,25,11,3,30,2019-09-17,23.98
8072,27,11,1,28,2019-09-17,20.20
8073,29,11,1,28,2019-09-17,18.70
8074,31,11,6,19,2019-09-17,23.66
8075,37,11,3,30,2019-09-17,26.91
8076,41,11,4,34,2019-09-17,10.46
8077,43,11,4,30,2019-09-17,9.55
8078,1,12,1,37,2019-09-17,16.78
8079,3,12,1,31,2019-09-17,15.86
8080,7,12,6,30,2019-09-17,14.57
8081,9,12,2,25,2019-09-17,13.70
8082,11,12,2,37,2019-09-17,20.05
8083,19,12,2,28,2019-09-17,40.47
8084,21,12,2,27,2019-09-17,43.30
8085,29,12,6,32,2019-09-17,17.72
8086,37,12,3,30,2019-09-17,29.37
8087,41,12,4,40,2019-09-17,11.67
8088,2,1,6,30,2019-10-03,20.70
8089,4,1,1,39,2019-10-03,21.03
8090,6,1,6,42,2019-10-03,14.35
8091,8,1,6,39,2019-10-03,20.31
8092,10,1,2,39,2019-10-03,24.65
8093,12,1,2,34,2019-10-03,43.33
8094,14,1,4,40,2019-10-03,33.80
8095,16,1,4,40,2019-10-03,55.52
8096,18,1,2,52,2019-10-03,34.88
8097,20,1,2,43,2019-10-03,24.49
8098,22,1,2,49,2019-10-03,26.05
8099,24,1,5,38,2019-10-03,32.66
8100,26,1,5,35,2019-10-03,28.09
8101,28,1,6,37,2019-10-03,23.94
8102,30,1,1,42,2019-10-03,36.60
8103,32,1,4,35,2019-10-03,36.39
8104,34,1,4,41,2019-10-03,42.91
8105,36,1,3,38,2019-10-03,33.31
8106,38,1,5,36,2019-10-03,26.82
8107,40,1,3,40,2019-10-03,34.14
8108,42,1,6,55,2019-10-03,11.61
8109,2,2,1,23,2019-10-03,20.30
8110,4,2,1,49,2019-10-03,22.91
8111,6,2,6,37,2019-10-03,13.52
8112,8,2,2,32,2019-10-03,18.92
8113,10,2,6,27,2019-10-03,21.16
8114,12,2,4,32,2019-10-03,41.86
8115,14,2,2,26,2019-10-03,33.19
8116,18,2,6,33,2019-10-03,30.45
8117,20,2,2,26,2019-10-03,24.09
8118,22,2,2,46,2019-10-03,29.25
8119,24,2,5,35,2019-10-03,31.91
8120,26,2,5,41,2019-10-03,29.07
8121,28,2,6,35,2019-10-03,23.94
8122,30,2,1,30,2019-10-03,33.37
8123,32,2,2,38,2019-10-03,36.04
8124,34,2,4,29,2019-10-03,41.13
8125,36,2,3,33,2019-10-03,31.21
8126,38,2,5,35,2019-10-03,29.94
8127,40,2,3,45,2019-10-03,32.73
8128,42,2,6,44,2019-10-03,11.86
8129,2,3,1,22,2019-10-03,18.34
8130,4,3,1,30,2019-10-03,19.95
8131,6,3,6,51,2019-10-03,13.38
8132,8,3,2,36,2019-10-03,20.23
8133,10,3,6,41,2019-10-03,20.31
8134,12,3,2,33,2019-10-03,46.27
8135,14,3,2,28,2019-10-03,33.59
8136,16,3,2,34,2019-10-03,57.54
8137,18,3,2,30,2019-10-03,34.92
8138,20,3,6,45,2019-10-03,23.86
8139,22,3,2,37,2019-10-03,26.87
8140,24,3,3,26,2019-10-03,28.68
8141,26,3,5,51,2019-10-03,30.15
8142,28,3,1,31,2019-10-03,23.90
8143,32,3,2,22,2019-10-03,32.40
8144,34,3,2,32,2019-10-03,41.18
8145,36,3,3,27,2019-10-03,32.56
8146,38,3,3,28,2019-10-03,29.11
8147,40,3,3,44,2019-10-03,37.52
8148,42,3,4,27,2019-10-03,11.87
8149,2,4,1,43,2019-10-03,17.67
8150,4,4,1,44,2019-10-03,20.29
8151,6,4,6,54,2019-10-03,14.31
8152,8,4,6,28,2019-10-03,17.54
8153,14,4,2,30,2019-10-03,30.96
8154,16,4,2,32,2019-10-03,65.33
8155,18,4,2,28,2019-10-03,33.42
8156,20,4,2,26,2019-10-03,24.64
8157,22,4,2,45,2019-10-03,28.45
8158,24,4,5,25,2019-10-03,34.03
8159,28,4,1,33,2019-10-03,22.69
8160,30,4,6,19,2019-10-03,38.05
8161,32,4,2,31,2019-10-03,35.74
8162,34,4,4,28,2019-10-03,46.53
8163,36,4,3,32,2019-10-03,30.25
8164,38,4,5,34,2019-10-03,29.94
8165,40,4,3,31,2019-10-03,39.40
8166,42,4,4,33,2019-10-03,12.65
8167,12,5,2,27,2019-10-03,43.39
8168,14,5,4,24,2019-10-03,36.69
8169,16,5,4,21,2019-10-03,54.11
8170,20,5,2,27,2019-10-03,24.86
8171,22,5,2,24,2019-10-03,25.06
8172,24,5,3,20,2019-10-03,33.43
8173,26,5,5,28,2019-10-03,28.07
8174,30,5,1,19,2019-10-03,32.63
8175,34,5,4,28,2019-10-03,44.82
8176,38,5,5,22,2019-10-03,30.74
8177,40,5,3,30,2019-10-03,33.25
8178,42,5,4,23,2019-10-03,12.55
8179,2,6,6,30,2019-10-03,17.14
8180,4,6,1,30,2019-10-03,22.70
8181,8,6,6,32,2019-10-03,17.68
8182,10,6,6,30,2019-10-03,22.23
8183,12,6,2,32,2019-10-03,46.77
8184,14,6,2,27,2019-10-03,33.44
8185,18,6,6,20,2019-10-03,35.23
8186,22,6,6,33,2019-10-03,28.15
8187,24,6,5,28,2019-10-03,32.67
8188,30,6,6,28,2019-10-03,38.93
8189,32,6,4,33,2019-10-03,32.64
8190,38,6,3,28,2019-10-03,30.49
8191,40,6,3,29,2019-10-03,32.46
8192,4,7,1,37,2019-10-03,21.04
8193,6,7,1,38,2019-10-03,14.23
8194,12,7,2,17,2019-10-03,47.52
8195,20,7,6,40,2019-10-03,24.20
8196,22,7,2,48,2019-10-03,26.31
8197,24,7,5,33,2019-10-03,33.30
8198,26,7,3,39,2019-10-03,31.53
8199,28,7,1,30,2019-10-03,21.22
8200,32,7,4,30,2019-10-03,36.92
8201,34,7,4,21,2019-10-03,45.83
8202,36,7,3,33,2019-10-03,34.34
8203,40,7,5,24,2019-10-03,37.24
8204,42,7,6,28,2019-10-03,13.12
8205,2,8,1,34,2019-10-03,19.03
8206,4,8,6,30,2019-10-03,21.20
8207,6,8,1,36,2019-10-03,13.44
8208,8,8,6,40,2019-10-03,19.15
8209,10,8,2,33,2019-10-03,23.71
8210,12,8,4,30,2019-10-03,42.42
8211,14,8,2,35,2019-10-03,36.43
8212,18,8,2,35,2019-10-03,31.20
8213,20,8,2,41,2019-10-03,24.30
8214,22,8,6,29,2019-10-03,25.41
8215,24,8,5,24,2019-10-03,30.28
8216,26,8,3,24,2019-10-03,27.81
8217,28,8,1,36,2019-10-03,23.81
8218,30,8,1,35,2019-10-03,35.97
8219,32,8,4,34,2019-10-03,31.46
8220,36,8,3,29,2019-10-03,34.98
8221,40,8,5,24,2019-10-03,35.79
8222,42,8,6,35,2019-10-03,13.09
8223,2,9,6,26,2019-10-03,18.56
8224,4,9,1,35,2019-10-03,20.87
8225,8,9,2,29,2019-10-03,17.34
8226,10,9,6,24,2019-10-03,21.18
8227,12,9,4,24,2019-10-03,45.45
8228,14,9,4,28,2019-10-03,33.95
8229,16,9,2,24,2019-10-03,62.80
8230,20,9,6,22,2019-10-03,21.67
8231,22,9,2,43,2019-10-03,30.10
8232,26,9,3,26,2019-10-03,26.98
8233,30,9,6,14,2019-10-03,36.59
8234,32,9,4,30,2019-10-03,36.43
8235,36,9,3,24,2019-10-03,32.68
8236,38,9,5,35,2019-10-03,27.72
8237,40,9,5,26,2019-10-03,39.13
8238,4,10,6,43,2019-10-03,22.55
8239,6,10,1,36,2019-10-03,12.15
8240,8,10,6,33,2019-10-03,18.82
8241,10,10,2,19,2019-10-03,22.17
8242,12,10,2,24,2019-10-03,42.04
8243,14,10,2,37,2019-10-03,35.69
8244,16,10,2,23,2019-10-03,64.20
8245,18,10,2,26,2019-10-03,31.81
8246,20,10,6,20,2019-10-03,22.43
8247,22,10,6,31,2019-10-03,27.38
8248,24,10,3,42,2019-10-03,29.80
8249,26,10,5,35,2019-10-03,31.11
8250,28,10,6,42,2019-10-03,23.80
8251,30,10,6,32,2019-10-03,34.89
8252,32,10,2,39,2019-10-03,34.36
8253,34,10,4,37,2019-10-03,39.87
8254,36,10,3,35,2019-10-03,33.63
8255,40,10,5,27,2019-10-03,35.70
8256,42,10,4,33,2019-10-03,13.27
8257,2,11,1,33,2019-10-03,18.87
8258,4,11,1,39,2019-10-03,19.48
8259,6,11,1,29,2019-10-03,13.91
8260,8,11,2,20,2019-10-03,19.91
8261,12,11,4,16,2019-10-03,42.44
8262,14,11,4,30,2019-10-03,31.81
8263,18,11,6,18,2019-10-03,35.03
8264,28,11,1,34,2019-10-03,22.75
8265,30,11,1,19,2019-10-03,34.69
8266,32,11,4,30,2019-10-03,33.80
8267,34,11,4,19,2019-10-03,46.61
8268,42,11,6,39,2019-10-03,11.46
8269,2,12,1,28,2019-10-03,17.50
8270,4,12,6,32,2019-10-03,21.04
8271,6,12,6,24,2019-10-03,12.40
8272,8,12,6,25,2019-10-03,17.47
8273,10,12,2,24,2019-10-03,24.25
8274,18,12,2,43,2019-10-03,32.90
8275,20,12,2,31,2019-10-03,23.37
8276,22,12,2,29,2019-10-03,26.36
8277,24,12,3,26,2019-10-03,28.24
8278,28,12,6,27,2019-10-03,24.64
8279,32,12,2,25,2019-10-03,30.70
8280,36,12,3,31,2019-10-03,34.22
8281,38,12,5,27,2019-10-03,28.16
8282,40,12,3,33,2019-10-03,33.81
8283,42,12,4,24,2019-10-03,13.12
8284,1,1,1,27,2019-10-17,17.08
8285,3,1,6,78,2019-10-17,13.27
8286,5,1,6,52,2019-10-17,16.81
8287,7,1,2,39,2019-10-17,14.57
8288,9,1,2,32,2019-10-17,16.47
8289,11,1,6,44,2019-10-17,19.84
8290,13,1,2,34,2019-10-17,37.25
8291,15,1,2,31,2019-10-17,51.44
8292,17,1,2,36,2019-10-17,45.21
8293,19,1,6,36,2019-10-17,40.08
8294,21,1,6,32,2019-10-17,46.65
8295,23,1,5,31,2019-10-17,25.23
8296,25,1,3,21,2019-10-17,23.26
8297,27,1,6,77,2019-10-17,18.94
8298,29,1,1,43,2019-10-17,18.44
8299,31,1,1,32,2019-10-17,25.16
8300,33,1,2,32,2019-10-17,26.12
8301,35,1,3,31,2019-10-17,20.30
8302,41,1,4,57,2019-10-17,9.95
8303,43,1,4,38,2019-10-17,9.85
8304,1,2,6,45,2019-10-17,14.66
8305,3,2,1,40,2019-10-17,15.04
8306,5,2,6,47,2019-10-17,15.85
8307,7,2,6,31,2019-10-17,15.52
8308,9,2,2,41,2019-10-17,14.44
8309,11,2,6,48,2019-10-17,19.53
8310,15,2,4,24,2019-10-17,57.04
8311,17,2,4,39,2019-10-17,39.99
8312,21,2,6,40,2019-10-17,51.14
8313,23,2,3,38,2019-10-17,27.84
8314,25,2,3,44,2019-10-17,21.69
8315,27,2,1,74,2019-10-17,18.65
8316,29,2,1,46,2019-10-17,16.40
8317,31,2,6,25,2019-10-17,25.95
8318,33,2,2,42,2019-10-17,28.55
8319,35,2,3,44,2019-10-17,19.74
8320,37,2,3,40,2019-10-17,26.58
8321,39,2,5,37,2019-10-17,32.42
8322,41,2,6,56,2019-10-17,10.50
8323,43,2,4,58,2019-10-17,8.48
8324,1,3,1,30,2019-10-17,17.30
8325,3,3,1,50,2019-10-17,14.62
8326,5,3,6,32,2019-10-17,18.70
8327,7,3,6,25,2019-10-17,15.66
8328,9,3,6,34,2019-10-17,15.93
8329,11,3,2,33,2019-10-17,18.38
8330,13,3,2,28,2019-10-17,35.78
8331,15,3,2,22,2019-10-17,50.71
8332,17,3,4,33,2019-10-17,44.45
8333,19,3,6,37,2019-10-17,39.28
8334,23,3,3,30,2019-10-17,29.59
8335,25,3,3,39,2019-10-17,22.38
8336,27,3,1,49,2019-10-17,20.62
8337,29,3,1,54,2019-10-17,17.46
8338,31,3,6,34,2019-10-17,23.24
8339,33,3,2,27,2019-10-17,31.26
8340,35,3,3,31,2019-10-17,20.60
8341,39,3,3,23,2019-10-17,33.08
8342,41,3,6,41,2019-10-17,10.33
8343,43,3,6,60,2019-10-17,9.13
8344,1,4,6,31,2019-10-17,14.68
8345,3,4,6,47,2019-10-17,13.27
8346,5,4,1,29,2019-10-17,19.14
8347,7,4,2,37,2019-10-17,17.18
8348,9,4,6,37,2019-10-17,13.67
8349,11,4,2,41,2019-10-17,21.98
8350,13,4,4,21,2019-10-17,37.82
8351,15,4,4,25,2019-10-17,50.07
8352,17,4,2,29,2019-10-17,41.38
8353,19,4,2,29,2019-10-17,38.91
8354,23,4,3,24,2019-10-17,25.40
8355,25,4,5,31,2019-10-17,22.60
8356,27,4,1,25,2019-10-17,18.16
8357,29,4,1,35,2019-10-17,15.69
8358,33,4,4,26,2019-10-17,29.02
8359,35,4,3,24,2019-10-17,20.65
8360,41,4,4,36,2019-10-17,11.39
8361,43,4,4,45,2019-10-17,8.74
8362,1,5,1,24,2019-10-17,16.05
8363,5,5,1,26,2019-10-17,17.89
8364,9,5,6,29,2019-10-17,14.52
8365,17,5,4,19,2019-10-17,40.00
8366,19,5,6,24,2019-10-17,37.79
8367,21,5,2,31,2019-10-17,52.17
8368,23,5,5,30,2019-10-17,26.71
8369,25,5,3,28,2019-10-17,25.90
8370,27,5,1,42,2019-10-17,19.82
8371,29,5,1,25,2019-10-17,16.79
8372,31,5,6,27,2019-10-17,24.70
8373,33,5,2,32,2019-10-17,26.73
8374,35,5,3,15,2019-10-17,23.02
8375,41,5,4,27,2019-10-17,11.43
8376,43,5,6,27,2019-10-17,9.27
8377,1,6,1,23,2019-10-17,15.50
8378,3,6,1,36,2019-10-17,13.54
8379,7,6,6,35,2019-10-17,14.82
8380,9,6,6,24,2019-10-17,14.05
8381,11,6,6,34,2019-10-17,20.82
8382,15,6,4,40,2019-10-17,55.14
8383,17,6,2,35,2019-10-17,43.71
8384,19,6,2,27,2019-10-17,39.11
8385,21,6,2,35,2019-10-17,46.05
8386,23,6,5,34,2019-10-17,25.12
8387,25,6,5,25,2019-10-17,25.45
8388,27,6,6,37,2019-10-17,18.13
8389,33,6,2,28,2019-10-17,28.38
8390,35,6,3,31,2019-10-17,21.54
8391,37,6,3,35,2019-10-17,28.14
8392,39,6,3,31,2019-10-17,33.18
8393,41,6,6,23,2019-10-17,11.46
8394,43,6,4,46,2019-10-17,8.24
8395,1,7,6,43,2019-10-17,16.44
8396,5,7,6,38,2019-10-17,18.68
8397,7,7,6,30,2019-10-17,15.24
8398,11,7,6,34,2019-10-17,20.44
8399,13,7,4,24,2019-10-17,37.83
8400,15,7,2,27,2019-10-17,51.21
8401,19,7,6,34,2019-10-17,36.50
8402,21,7,2,26,2019-10-17,46.52
8403,23,7,5,28,2019-10-17,27.12
8404,25,7,5,29,2019-10-17,24.49
8405,27,7,1,25,2019-10-17,18.04
8406,29,7,6,32,2019-10-17,16.94
8407,31,7,6,40,2019-10-17,25.45
8408,33,7,4,35,2019-10-17,30.29
8409,35,7,3,31,2019-10-17,23.03
8410,39,7,5,30,2019-10-17,31.73
8411,41,7,6,32,2019-10-17,10.82
8412,43,7,4,48,2019-10-17,8.50
8413,3,8,1,37,2019-10-17,15.94
8414,5,8,1,31,2019-10-17,15.77
8415,7,8,2,30,2019-10-17,15.16
8416,9,8,2,42,2019-10-17,13.80
8417,11,8,2,30,2019-10-17,20.61
8418,13,8,2,24,2019-10-17,34.77
8419,15,8,4,23,2019-10-17,54.41
8420,17,8,2,44,2019-10-17,41.66
8421,19,8,2,22,2019-10-17,40.41
8422,21,8,6,32,2019-10-17,43.00
8423,23,8,5,48,2019-10-17,27.72
8424,25,8,5,25,2019-10-17,23.58
8425,27,8,6,32,2019-10-17,18.06
8426,29,8,1,46,2019-10-17,18.59
8427,31,8,6,33,2019-10-17,22.48
8428,35,8,3,43,2019-10-17,19.18
8429,39,8,5,40,2019-10-17,30.53
8430,41,8,6,37,2019-10-17,10.43
8431,43,8,6,49,2019-10-17,9.34
8432,1,9,6,46,2019-10-17,15.40
8433,7,9,6,22,2019-10-17,16.52
8434,9,9,2,45,2019-10-17,15.65
8435,11,9,6,36,2019-10-17,21.41
8436,17,9,2,33,2019-10-17,40.28
8437,19,9,2,19,2019-10-17,37.96
8438,21,9,6,25,2019-10-17,44.58
8439,23,9,5,39,2019-10-17,28.70
8440,25,9,5,24,2019-10-17,23.08
8441,27,9,6,47,2019-10-17,17.44
8442,29,9,6,30,2019-10-17,16.98
8443,31,9,1,40,2019-10-17,25.58
8444,33,9,4,30,2019-10-17,29.78
8445,35,9,3,26,2019-10-17,21.28
8446,41,9,6,42,2019-10-17,11.80
8447,43,9,6,29,2019-10-17,8.21
8448,1,10,6,26,2019-10-17,16.48
8449,3,10,6,28,2019-10-17,15.40
8450,5,10,6,48,2019-10-17,18.09
8451,11,10,2,48,2019-10-17,19.51
8452,13,10,2,27,2019-10-17,36.27
8453,15,10,4,31,2019-10-17,50.35
8454,17,10,4,16,2019-10-17,46.66
8455,21,10,6,27,2019-10-17,51.47
8456,23,10,3,29,2019-10-17,28.72
8457,25,10,3,31,2019-10-17,26.38
8458,27,10,6,43,2019-10-17,18.93
8459,29,10,6,26,2019-10-17,15.51
8460,31,10,1,34,2019-10-17,24.62
8461,33,10,2,33,2019-10-17,27.34
8462,35,10,3,36,2019-10-17,20.07
8463,37,10,3,36,2019-10-17,26.04
8464,39,10,3,37,2019-10-17,28.49
8465,41,10,6,35,2019-10-17,9.95
8466,43,10,4,49,2019-10-17,9.28
8467,3,11,6,28,2019-10-17,15.68
8468,5,11,1,22,2019-10-17,16.55
8469,7,11,6,31,2019-10-17,15.97
8470,9,11,6,43,2019-10-17,15.66
8471,11,11,6,26,2019-10-17,19.71
8472,21,11,6,18,2019-10-17,43.19
8473,23,11,5,30,2019-10-17,27.43
8474,27,11,6,28,2019-10-17,20.22
8475,33,11,2,33,2019-10-17,29.04
8476,35,11,3,41,2019-10-17,21.87
8477,37,11,3,21,2019-10-17,28.85
8478,39,11,5,34,2019-10-17,29.46
8479,41,11,4,32,2019-10-17,10.68
8480,43,11,4,35,2019-10-17,9.48
8481,1,12,6,26,2019-10-17,14.87
8482,5,12,1,40,2019-10-17,17.96
8483,13,12,2,22,2019-10-17,38.94
8484,15,12,2,37,2019-10-17,57.01
8485,17,12,4,39,2019-10-17,40.47
8486,23,12,5,34,2019-10-17,25.88
8487,25,12,5,19,2019-10-17,23.02
8488,27,12,1,50,2019-10-17,17.36
8489,29,12,1,26,2019-10-17,17.90
8490,31,12,1,31,2019-10-17,26.10
8491,33,12,4,33,2019-10-17,29.35
8492,35,12,3,23,2019-10-17,20.97
8493,37,12,3,30,2019-10-17,25.33
8494,39,12,3,32,2019-10-17,28.52
8495,41,12,4,49,2019-10-17,10.96
8496,43,12,6,52,2019-10-17,8.68
8497,2,1,6,43,2019-11-04,19.19
8498,4,1,1,66,2019-11-04,20.74
8499,6,1,6,50,2019-11-04,12.91
8500,8,1,2,46,2019-11-04,18.42
8501,10,1,2,53,2019-11-04,22.18
8502,12,1,4,28,2019-11-04,43.18
8503,14,1,2,34,2019-11-04,31.33
8504,16,1,4,46,2019-11-04,63.89
8505,18,1,2,39,2019-11-04,30.68
8506,20,1,2,51,2019-11-04,25.85
8507,22,1,6,60,2019-11-04,28.14
8508,24,1,3,49,2019-11-04,32.16
8509,26,1,3,49,2019-11-04,27.98
8510,28,1,6,56,2019-11-04,22.18
8511,30,1,6,26,2019-11-04,37.99
8512,32,1,4,27,2019-11-04,32.25
8513,34,1,4,35,2019-11-04,40.34
8514,36,1,3,49,2019-11-04,34.12
8515,38,1,3,47,2019-11-04,27.16
8516,40,1,5,54,2019-11-04,38.08
8517,42,1,6,41,2019-11-04,11.31
8518,2,2,1,40,2019-11-04,18.74
8519,4,2,1,62,2019-11-04,20.85
8520,6,2,1,60,2019-11-04,13.44
8521,8,2,2,49,2019-11-04,20.14
8522,10,2,2,43,2019-11-04,22.40
8523,14,2,2,46,2019-11-04,35.41
8524,16,2,2,67,2019-11-04,64.30
8525,18,2,6,36,2019-11-04,35.44
8526,20,2,6,33,2019-11-04,23.87
8527,22,2,6,61,2019-11-04,26.82
8528,24,2,5,32,2019-11-04,33.58
8529,26,2,3,57,2019-11-04,30.87
8530,28,2,1,62,2019-11-04,20.74
8531,30,2,6,39,2019-11-04,36.49
8532,32,2,4,39,2019-11-04,34.23
8533,34,2,2,42,2019-11-04,43.77
8534,36,2,3,40,2019-11-04,29.29
8535,38,2,3,50,2019-11-04,30.05
8536,40,2,3,28,2019-11-04,34.46
8537,42,2,4,42,2019-11-04,11.37
8538,2,3,1,45,2019-11-04,18.64
8539,4,3,6,55,2019-11-04,23.08
8540,6,3,6,49,2019-11-04,12.90
8541,8,3,6,36,2019-11-04,20.11
8542,12,3,4,23,2019-11-04,42.32
8543,14,3,4,31,2019-11-04,32.43
8544,16,3,4,43,2019-11-04,65.58
8545,18,3,2,45,2019-11-04,34.55
8546,20,3,2,29,2019-11-04,26.24
8547,22,3,6,35,2019-11-04,28.80
8548,24,3,3,29,2019-11-04,32.02
8549,26,3,5,37,2019-11-04,29.10
8550,28,3,6,44,2019-11-04,20.36
8551,30,3,6,44,2019-11-04,36.58
8552,32,3,2,45,2019-11-04,34.29
8553,34,3,2,32,2019-11-04,38.47
8554,36,3,3,34,2019-11-04,30.84
8555,38,3,5,33,2019-11-04,30.02
8556,40,3,5,41,2019-11-04,33.69
8557,42,3,6,25,2019-11-04,11.89
8558,4,4,6,47,2019-11-04,22.06
8559,6,4,1,35,2019-11-04,14.33
8560,8,4,2,28,2019-11-04,18.68
8561,10,4,6,40,2019-11-04,24.40
8562,12,4,4,34,2019-11-04,43.17
8563,16,4,4,32,2019-11-04,56.00
8564,18,4,2,31,2019-11-04,33.45
8565,20,4,6,39,2019-11-04,26.26
8566,22,4,2,32,2019-11-04,28.95
8567,26,4,3,41,2019-11-04,27.70
8568,28,4,6,31,2019-11-04,23.09
8569,30,4,6,26,2019-11-04,32.98
8570,32,4,4,33,2019-11-04,33.90
8571,34,4,4,38,2019-11-04,46.55
8572,40,4,5,23,2019-11-04,37.15
8573,42,4,4,30,2019-11-04,12.65
8574,2,5,6,31,2019-11-04,19.14
8575,4,5,1,32,2019-11-04,22.38
8576,6,5,6,28,2019-11-04,13.46
8577,8,5,2,40,2019-11-04,20.81
8578,10,5,6,28,2019-11-04,22.83
8579,18,5,6,32,2019-11-04,35.55
8580,22,5,2,25,2019-11-04,25.86
8581,28,5,1,35,2019-11-04,20.92
8582,32,5,2,31,2019-11-04,33.98
8583,36,5,3,38,2019-11-04,30.95
8584,2,6,1,40,2019-11-04,20.50
8585,4,6,6,35,2019-11-04,23.01
8586,6,6,1,76,2019-11-04,13.59
8587,8,6,2,28,2019-11-04,19.06
8588,12,6,2,40,2019-11-04,46.71
8589,14,6,2,27,2019-11-04,37.11
8590,16,6,4,46,2019-11-04,59.64
8591,18,6,2,30,2019-11-04,35.56
8592,20,6,2,43,2019-11-04,23.94
8593,22,6,6,41,2019-11-04,24.84
8594,26,6,3,37,2019-11-04,30.11
8595,28,6,6,49,2019-11-04,21.16
8596,30,6,6,22,2019-11-04,35.13
8597,32,6,2,39,2019-11-04,33.48
8598,34,6,4,47,2019-11-04,45.90
8599,36,6,3,37,2019-11-04,32.81
8600,38,6,5,34,2019-11-04,27.65
8601,40,6,5,27,2019-11-04,35.58
8602,42,6,4,53,2019-11-04,11.80
8603,2,7,1,35,2019-11-04,17.15
8604,4,7,6,34,2019-11-04,21.16
8605,6,7,6,54,2019-11-04,13.84
8606,8,7,2,52,2019-11-04,19.20
8607,10,7,6,40,2019-11-04,23.74
8608,14,7,4,41,2019-11-04,31.52
8609,16,7,2,36,2019-11-04,64.74
8610,18,7,6,39,2019-11-04,33.30
8611,20,7,2,42,2019-11-04,23.55
8612,22,7,6,52,2019-11-04,28.65
8613,24,7,5,35,2019-11-04,31.47
8614,26,7,5,35,2019-11-04,27.52
8615,28,7,6,33,2019-11-04,24.70
8616,30,7,1,43,2019-11-04,33.10
8617,32,7,2,49,2019-11-04,33.86
8618,34,7,4,35,2019-11-04,41.95
8619,38,7,3,31,2019-11-04,29.06
8620,40,7,3,24,2019-11-04,38.23
8621,42,7,4,32,2019-11-04,13.03
8622,2,8,1,24,2019-11-04,20.24
8623,4,8,6,50,2019-11-04,21.41
8624,6,8,6,33,2019-11-04,14.47
8625,8,8,6,33,2019-11-04,20.27
8626,10,8,6,28,2019-11-04,24.11
8627,12,8,4,23,2019-11-04,41.00
8628,14,8,4,34,2019-11-04,33.42
8629,16,8,2,44,2019-11-04,63.76
8630,18,8,6,39,2019-11-04,31.38
8631,22,8,2,48,2019-11-04,28.05
8632,24,8,5,27,2019-11-04,28.41
8633,26,8,3,39,2019-11-04,29.00
8634,28,8,1,41,2019-11-04,21.00
8635,32,8,4,38,2019-11-04,34.47
8636,34,8,4,46,2019-11-04,43.17
8637,36,8,3,30,2019-11-04,35.39
8638,38,8,3,34,2019-11-04,27.14
8639,40,8,3,32,2019-11-04,37.42
8640,42,8,6,35,2019-11-04,12.82
8641,4,9,1,44,2019-11-04,22.00
8642,6,9,1,36,2019-11-04,14.30
8643,12,9,2,28,2019-11-04,41.81
8644,16,9,4,31,2019-11-04,55.48
8645,18,9,6,34,2019-11-04,33.80
8646,20,9,2,29,2019-11-04,22.37
8647,24,9,5,41,2019-11-04,31.09
8648,26,9,3,33,2019-11-04,26.43
8649,28,9,1,33,2019-11-04,22.40
8650,34,9,2,26,2019-11-04,40.46
8651,36,9,3,25,2019-11-04,34.55
8652,38,9,5,27,2019-11-04,30.71
8653,40,9,5,28,2019-11-04,34.02
8654,42,9,6,42,2019-11-04,13.70
8655,2,10,1,24,2019-11-04,20.54
8656,4,10,6,40,2019-11-04,20.80
8657,6,10,6,35,2019-11-04,14.55
8658,8,10,6,34,2019-11-04,17.56
8659,10,10,2,27,2019-11-04,22.69
8660,14,10,4,20,2019-11-04,30.91
8661,16,10,2,25,2019-11-04,57.09
8662,18,10,2,22,2019-11-04,32.25
8663,20,10,2,29,2019-11-04,23.18
8664,22,10,6,32,2019-11-04,26.35
8665,24,10,5,30,2019-11-04,33.46
8666,26,10,5,29,2019-11-04,27.40
8667,30,10,6,44,2019-11-04,38.09
8668,32,10,4,32,2019-11-04,35.89
8669,36,10,3,24,2019-11-04,35.32
8670,38,10,3,32,2019-11-04,28.46
8671,42,10,6,28,2019-11-04,11.68
8672,2,11,1,23,2019-11-04,17.52
8673,4,11,6,38,2019-11-04,19.93
8674,6,11,1,30,2019-11-04,12.92
8675,10,11,6,38,2019-11-04,21.99
8676,14,11,2,27,2019-11-04,33.75
8677,16,11,2,39,2019-11-04,56.75
8678,18,11,6,26,2019-11-04,35.70
8679,20,11,2,39,2019-11-04,25.78
8680,22,11,6,42,2019-11-04,27.08
8681,24,11,5,33,2019-11-04,28.19
8682,26,11,3,30,2019-11-04,26.60
8683,30,11,6,23,2019-11-04,37.20
8684,32,11,4,34,2019-11-04,32.68
8685,34,11,2,21,2019-11-04,46.67
8686,36,11,3,30,2019-11-04,35.48
8687,38,11,5,31,2019-11-04,31.59
8688,40,11,5,34,2019-11-04,37.72
8689,42,11,6,34,2019-11-04,11.44
8690,4,12,1,38,2019-11-04,19.60
8691,6,12,6,29,2019-11-04,12.59
8692,10,12,2,36,2019-11-04,23.34
8693,12,12,2,36,2019-11-04,42.18
8694,14,12,4,29,2019-11-04,31.31
8695,16,12,2,21,2019-11-04,60.12
8696,18,12,2,20,2019-11-04,32.76
8697,22,12,6,22,2019-11-04,26.02
8698,24,12,5,33,2019-11-04,29.05
8699,26,12,3,26,2019-11-04,26.68
8700,28,12,1,36,2019-11-04,23.66
8701,30,12,6,28,2019-11-04,36.14
8702,32,12,4,29,2019-11-04,32.10
8703,34,12,4,26,2019-11-04,40.96
8704,36,12,3,33,2019-11-04,32.77
8705,38,12,5,26,2019-11-04,26.80
8706,40,12,3,26,2019-11-04,34.51
8707,42,12,4,32,2019-11-04,12.17
8708,1,1,6,53,2019-11-18,16.33
8709,3,1,6,60,2019-11-18,13.31
8710,5,1,1,40,2019-11-18,19.15
8711,7,1,2,46,2019-11-18,16.32
8712,9,1,6,47,2019-11-18,13.90
8713,11,1,6,51,2019-11-18,19.61
8714,13,1,4,31,2019-11-18,33.88
8715,15,1,4,40,2019-11-18,53.72
8716,17,1,4,50,2019-11-18,41.28
8717,19,1,2,41,2019-11-18,42.37
8718,21,1,6,46,2019-11-18,46.72
8719,23,1,3,32,2019-11-18,27.74
8720,25,1,5,35,2019-11-18,24.99
8721,27,1,1,64,2019-11-18,19.35
8722,29,1,1,62,2019-11-18,16.56
8723,31,1,1,49,2019-11-18,25.16
8724,33,1,2,44,2019-11-18,29.30
8725,35,1,3,39,2019-11-18,20.49
8726,37,1,3,49,2019-11-18,28.36
8727,39,1,3,50,2019-11-18,28.92
8728,41,1,4,74,2019-11-18,11.67
8729,43,1,4,61,2019-11-18,8.27
8730,1,2,6,65,2019-11-18,15.27
8731,3,2,6,55,2019-11-18,14.69
8732,5,2,1,58,2019-11-18,16.43
8733,7,2,2,42,2019-11-18,14.95
8734,9,2,6,75,2019-11-18,14.76
8735,11,2,2,76,2019-11-18,21.14
8736,13,2,4,40,2019-11-18,35.67
8737,15,2,2,42,2019-11-18,52.94
8738,19,2,2,45,2019-11-18,38.86
8739,21,2,6,45,2019-11-18,49.61
8740,23,2,5,43,2019-11-18,27.25
8741,25,2,3,41,2019-11-18,22.97
8742,27,2,6,83,2019-11-18,17.74
8743,29,2,1,81,2019-11-18,15.73
8744,31,2,1,60,2019-11-18,25.73
8745,33,2,4,43,2019-11-18,28.38
8746,35,2,3,33,2019-11-18,21.28
8747,37,2,3,32,2019-11-18,29.95
8748,39,2,5,32,2019-11-18,28.34
8749,41,2,4,80,2019-11-18,11.80
8750,43,2,6,92,2019-11-18,9.78
8751,1,3,6,38,2019-11-18,14.41
8752,3,3,1,41,2019-11-18,13.46
8753,5,3,1,34,2019-11-18,18.61
8754,7,3,2,29,2019-11-18,16.40
8755,9,3,6,53,2019-11-18,16.29
8756,11,3,2,31,2019-11-18,19.22
8757,13,3,2,26,2019-11-18,39.16
8758,15,3,4,34,2019-11-18,59.36
8759,17,3,2,26,2019-11-18,45.07
8760,19,3,6,36,2019-11-18,41.25
8761,21,3,2,34,2019-11-18,46.35
8762,23,3,3,28,2019-11-18,25.41
8763,25,3,5,34,2019-11-18,22.58
8764,27,3,1,45,2019-11-18,19.05
8765,29,3,6,55,2019-11-18,16.12
8766,31,3,6,30,2019-11-18,23.93
8767,33,3,4,42,2019-11-18,26.40
8768,35,3,3,29,2019-11-18,22.11
8769,37,3,3,27,2019-11-18,29.84
8770,39,3,3,21,2019-11-18,29.44
8771,41,3,4,39,2019-11-18,10.78
8772,43,3,6,53,2019-11-18,9.61
8773,1,4,6,35,2019-11-18,16.65
8774,3,4,6,34,2019-11-18,13.68
8775,5,4,6,24,2019-11-18,16.93
8776,9,4,6,44,2019-11-18,14.73
8777,11,4,6,35,2019-11-18,21.60
8778,15,4,4,25,2019-11-18,56.97
8779,17,4,4,23,2019-11-18,41.16
8780,21,4,2,43,2019-11-18,50.98
8781,23,4,3,30,2019-11-18,25.50
8782,25,4,3,31,2019-11-18,23.92
8783,27,4,1,35,2019-11-18,17.30
8784,29,4,1,32,2019-11-18,17.45
8785,31,4,1,30,2019-11-18,23.82
8786,33,4,2,30,2019-11-18,29.71
8787,35,4,3,25,2019-11-18,22.51
8788,37,4,3,41,2019-11-18,26.19
8789,39,4,5,42,2019-11-18,31.66
8790,41,4,4,27,2019-11-18,11.07
8791,43,4,4,61,2019-11-18,9.51
8792,1,5,6,30,2019-11-18,16.10
8793,3,5,6,32,2019-11-18,13.61
8794,5,5,1,32,2019-11-18,16.60
8795,7,5,6,34,2019-11-18,16.84
8796,9,5,2,39,2019-11-18,14.92
8797,11,5,2,51,2019-11-18,19.15
8798,13,5,2,31,2019-11-18,34.72
8799,15,5,4,33,2019-11-18,56.63
8800,23,5,3,40,2019-11-18,27.93
8801,27,5,1,34,2019-11-18,18.65
8802,35,5,3,31,2019-11-18,21.02
8803,37,5,3,27,2019-11-18,30.17
8804,39,5,3,25,2019-11-18,32.74
8805,41,5,6,37,2019-11-18,10.31
8806,43,5,6,50,2019-11-18,9.74
8807,1,6,6,43,2019-11-18,16.49
8808,3,6,1,43,2019-11-18,15.79
8809,5,6,1,46,2019-11-18,18.06
8810,7,6,2,47,2019-11-18,15.64
8811,9,6,2,36,2019-11-18,16.07
8812,11,6,6,37,2019-11-18,20.96
8813,13,6,2,39,2019-11-18,39.66
8814,15,6,4,31,2019-11-18,53.76
8815,17,6,4,33,2019-11-18,43.68
8816,21,6,6,25,2019-11-18,49.45
8817,23,6,3,39,2019-11-18,26.47
8818,25,6,5,28,2019-11-18,25.80
8819,27,6,6,45,2019-11-18,18.14
8820,29,6,6,56,2019-11-18,18.22
8821,31,6,6,40,2019-11-18,22.56
8822,33,6,2,27,2019-11-18,30.99
8823,35,6,3,42,2019-11-18,20.60
8824,39,6,3,33,2019-11-18,31.73
8825,41,6,6,56,2019-11-18,10.25
8826,43,6,4,56,2019-11-18,8.70
8827,1,7,6,28,2019-11-18,17.18
8828,3,7,1,42,2019-11-18,13.51
8829,5,7,6,31,2019-11-18,18.16
8830,7,7,6,35,2019-11-18,15.49
8831,9,7,2,40,2019-11-18,16.16
8832,11,7,6,46,2019-11-18,18.67
8833,15,7,4,25,2019-11-18,51.07
8834,17,7,4,27,2019-11-18,46.10
8835,19,7,2,23,2019-11-18,35.24
8836,23,7,3,37,2019-11-18,29.39
8837,27,7,6,37,2019-11-18,20.59
8838,29,7,6,38,2019-11-18,16.80
8839,31,7,6,36,2019-11-18,24.82
8840,33,7,2,25,2019-11-18,28.22
8841,35,7,3,39,2019-11-18,20.97
8842,37,7,3,43,2019-11-18,27.21
8843,39,7,3,24,2019-11-18,29.26
8844,41,7,4,44,2019-11-18,10.75
8845,43,7,4,58,2019-11-18,9.75
8846,1,8,6,57,2019-11-18,14.47
8847,3,8,6,32,2019-11-18,13.12
8848,5,8,6,30,2019-11-18,17.66
8849,7,8,6,38,2019-11-18,14.85
8850,9,8,6,30,2019-11-18,14.08
8851,11,8,2,43,2019-11-18,19.99
8852,15,8,2,26,2019-11-18,53.59
8853,23,8,3,34,2019-11-18,26.31
8854,27,8,1,37,2019-11-18,17.43
8855,29,8,1,40,2019-11-18,18.57
8856,33,8,2,37,2019-11-18,28.30
8857,35,8,3,30,2019-11-18,22.17
8858,37,8,3,47,2019-11-18,28.12
8859,39,8,5,32,2019-11-18,33.41
8860,41,8,4,42,2019-11-18,10.81
8861,43,8,4,55,2019-11-18,8.93
8862,3,9,1,29,2019-11-18,15.08
8863,5,9,1,30,2019-11-18,17.40
8864,9,9,2,29,2019-11-18,13.77
8865,11,9,6,36,2019-11-18,20.70
8866,13,9,4,31,2019-11-18,35.48
8867,15,9,4,43,2019-11-18,56.75
8868,23,9,5,26,2019-11-18,26.73
8869,27,9,1,40,2019-11-18,19.86
8870,29,9,6,38,2019-11-18,18.32
8871,33,9,4,25,2019-11-18,30.86
8872,37,9,3,30,2019-11-18,26.21
8873,39,9,5,49,2019-11-18,32.39
8874,41,9,4,37,2019-11-18,11.86
8875,43,9,4,31,2019-11-18,9.58
8876,1,10,6,33,2019-11-18,16.56
8877,3,10,6,32,2019-11-18,13.09
8878,5,10,1,40,2019-11-18,18.23
8879,7,10,6,41,2019-11-18,16.56
8880,9,10,2,45,2019-11-18,14.68
8881,11,10,6,34,2019-11-18,19.46
8882,13,10,2,25,2019-11-18,34.32
8883,19,10,2,29,2019-11-18,37.83
8884,23,10,3,25,2019-11-18,26.33
8885,27,10,1,46,2019-11-18,20.40
8886,29,10,6,33,2019-11-18,18.41
8887,31,10,1,39,2019-11-18,21.93
8888,33,10,2,27,2019-11-18,28.11
8889,35,10,3,29,2019-11-18,23.05
8890,37,10,3,35,2019-11-18,26.04
8891,39,10,5,30,2019-11-18,32.74
8892,41,10,6,47,2019-11-18,10.53
8893,43,10,6,41,2019-11-18,9.07
8894,1,11,1,37,2019-11-18,15.41
8895,3,11,1,33,2019-11-18,13.60
8896,5,11,1,28,2019-11-18,17.48
8897,7,11,2,27,2019-11-18,16.43
8898,9,11,6,33,2019-11-18,15.75
8899,11,11,2,33,2019-11-18,21.45
8900,13,11,4,31,2019-11-18,40.07
8901,15,11,4,30,2019-11-18,55.61
8902,17,11,4,25,2019-11-18,43.52
8903,19,11,6,30,2019-11-18,36.67
8904,21,11,6,21,2019-11-18,48.98
8905,23,11,3,24,2019-11-18,28.64
8906,25,11,5,36,2019-11-18,22.06
8907,27,11,6,38,2019-11-18,20.44
8908,29,11,1,44,2019-11-18,17.45
8909,31,11,6,24,2019-11-18,25.86
8910,33,11,4,43,2019-11-18,29.89
8911,35,11,3,31,2019-11-18,19.02
8912,37,11,3,30,2019-11-18,26.90
8913,39,11,3,26,2019-11-18,33.44
8914,41,11,4,33,2019-11-18,10.53
8915,43,11,4,39,2019-11-18,9.82
8916,1,12,1,36,2019-11-18,16.21
8917,3,12,1,43,2019-11-18,14.08
8918,5,12,1,27,2019-11-18,16.93
8919,7,12,6,24,2019-11-18,17.27
8920,9,12,6,47,2019-11-18,14.88
8921,11,12,6,50,2019-11-18,18.18
8922,15,12,4,30,2019-11-18,52.72
8923,17,12,2,26,2019-11-18,46.16
8924,19,12,6,18,2019-11-18,42.43
8925,21,12,2,32,2019-11-18,49.93
8926,23,12,3,27,2019-11-18,28.35
8927,25,12,5,32,2019-11-18,25.83
8928,29,12,6,34,2019-11-18,17.95
8929,31,12,6,25,2019-11-18,25.36
8930,35,12,3,37,2019-11-18,22.06
8931,39,12,5,29,2019-11-18,29.48
8932,41,12,4,38,2019-11-18,10.53
8933,43,12,4,48,2019-11-18,9.07
8934,2,1,6,46,2019-12-03,18.14
8935,4,1,6,54,2019-12-03,19.54
8936,6,1,6,53,2019-12-03,13.40
8937,8,1,2,38,2019-12-03,18.79
8938,10,1,6,43,2019-12-03,22.84
8939,12,1,4,40,2019-12-03,41.64
8940,14,1,4,33,2019-12-03,33.94
8941,16,1,2,26,2019-12-03,62.28
8942,18,1,2,43,2019-12-03,29.98
8943,20,1,6,38,2019-12-03,26.36
8944,22,1,2,52,2019-12-03,29.93
8945,24,1,5,34,2019-12-03,28.35
8946,26,1,3,56,2019-12-03,31.31
8947,28,1,6,34,2019-12-03,21.47
8948,30,1,1,32,2019-12-03,37.43
8949,32,1,2,30,2019-12-03,34.75
8950,34,1,4,26,2019-12-03,38.86
8951,36,1,3,30,2019-12-03,31.39
8952,38,1,3,36,2019-12-03,27.04
8953,40,1,3,39,2019-12-03,39.45
8954,42,1,6,51,2019-12-03,12.91
8955,2,2,1,40,2019-12-03,17.61
8956,4,2,1,52,2019-12-03,19.01
8957,6,2,1,57,2019-12-03,13.55
8958,8,2,6,43,2019-12-03,17.75
8959,10,2,6,46,2019-12-03,22.20
8960,12,2,2,39,2019-12-03,45.50
8961,14,2,4,58,2019-12-03,36.67
8962,16,2,4,43,2019-12-03,55.21
8963,18,2,6,61,2019-12-03,31.63
8964,20,2,6,45,2019-12-03,26.39
8965,22,2,2,52,2019-12-03,29.27
8966,24,2,5,40,2019-12-03,33.41
8967,26,2,5,39,2019-12-03,29.20
8968,28,2,1,50,2019-12-03,22.47
8969,30,2,1,41,2019-12-03,34.46
8970,32,2,2,41,2019-12-03,30.99
8971,34,2,2,33,2019-12-03,41.16
8972,36,2,3,45,2019-12-03,33.74
8973,38,2,5,31,2019-12-03,26.49
8974,40,2,3,39,2019-12-03,34.10
8975,42,2,6,56,2019-12-03,11.81
8976,2,3,6,23,2019-12-03,19.91
8977,4,3,1,39,2019-12-03,19.72
8978,6,3,6,36,2019-12-03,14.32
8979,8,3,6,38,2019-12-03,20.58
8980,10,3,6,39,2019-12-03,22.07
8981,12,3,4,28,2019-12-03,40.94
8982,14,3,2,37,2019-12-03,35.55
8983,16,3,4,27,2019-12-03,54.10
8984,18,3,2,33,2019-12-03,31.66
8985,20,3,6,40,2019-12-03,21.71
8986,22,3,2,38,2019-12-03,27.69
8987,26,3,3,27,2019-12-03,30.59
8988,28,3,6,32,2019-12-03,22.72
8989,32,3,4,31,2019-12-03,30.90
8990,36,3,3,34,2019-12-03,29.94
8991,38,3,5,32,2019-12-03,30.66
8992,40,3,5,29,2019-12-03,38.82
8993,42,3,6,28,2019-12-03,11.89
8994,2,4,1,36,2019-12-03,19.51
8995,4,4,6,30,2019-12-03,21.51
8996,6,4,1,32,2019-12-03,12.66
8997,10,4,2,27,2019-12-03,23.71
8998,14,4,2,40,2019-12-03,32.19
8999,16,4,4,25,2019-12-03,65.73
9000,22,4,2,34,2019-12-03,27.49
9001,24,4,3,46,2019-12-03,28.48
9002,28,4,1,33,2019-12-03,22.76
9003,30,4,6,27,2019-12-03,39.00
9004,32,4,2,27,2019-12-03,34.99
9005,36,4,3,30,2019-12-03,30.64
9006,38,4,5,26,2019-12-03,30.78
9007,42,4,6,28,2019-12-03,13.42
9008,4,5,1,32,2019-12-03,22.64
9009,8,5,2,33,2019-12-03,18.98
9010,10,5,2,24,2019-12-03,23.23
9011,12,5,4,20,2019-12-03,48.73
9012,14,5,2,24,2019-12-03,36.14
9013,16,5,2,35,2019-12-03,60.12
9014,20,5,6,26,2019-12-03,23.72
9015,24,5,3,19,2019-12-03,33.37
9016,26,5,3,34,2019-12-03,30.15
9017,28,5,6,26,2019-12-03,22.97
9018,30,5,1,32,2019-12-03,37.05
9019,34,5,2,31,2019-12-03,45.92
9020,38,5,5,33,2019-12-03,27.90
9021,40,5,3,32,2019-12-03,39.10
9022,42,5,6,35,2019-12-03,12.71
9023,2,6,6,35,2019-12-03,17.99
9024,4,6,6,32,2019-12-03,19.86
9025,6,6,6,49,2019-12-03,14.07
9026,8,6,2,30,2019-12-03,19.06
9027,10,6,2,46,2019-12-03,20.31
9028,14,6,4,29,2019-12-03,35.28
9029,16,6,2,27,2019-12-03,56.66
9030,18,6,2,27,2019-12-03,35.45
9031,20,6,2,33,2019-12-03,22.15
9032,22,6,2,23,2019-12-03,26.27
9033,24,6,3,44,2019-12-03,33.78
9034,26,6,5,31,2019-12-03,28.86
9035,28,6,1,32,2019-12-03,21.14
9036,30,6,1,29,2019-12-03,35.53
9037,32,6,4,30,2019-12-03,34.15
9038,34,6,4,30,2019-12-03,46.40
9039,36,6,3,32,2019-12-03,32.85
9040,42,6,6,37,2019-12-03,12.74
9041,2,7,1,29,2019-12-03,20.87
9042,6,7,1,28,2019-12-03,13.31
9043,8,7,6,27,2019-12-03,20.04
9044,10,7,6,24,2019-12-03,22.05
9045,12,7,4,32,2019-12-03,40.53
9046,16,7,2,25,2019-12-03,64.00
9047,18,7,6,19,2019-12-03,35.67
9048,22,7,2,48,2019-12-03,26.98
9049,26,7,3,36,2019-12-03,26.17
9050,28,7,1,26,2019-12-03,21.74
9051,36,7,3,26,2019-12-03,34.28
9052,40,7,3,20,2019-12-03,37.26
9053,42,7,6,28,2019-12-03,11.56
9054,4,8,6,37,2019-12-03,22.72
9055,6,8,1,28,2019-12-03,13.00
9056,8,8,2,32,2019-12-03,19.01
9057,10,8,6,28,2019-12-03,21.62
9058,16,8,2,25,2019-12-03,54.15
9059,20,8,6,49,2019-12-03,24.99
9060,22,8,2,30,2019-12-03,25.86
9061,24,8,5,24,2019-12-03,33.04
9062,26,8,5,27,2019-12-03,28.06
9063,30,8,6,26,2019-12-03,38.47
9064,32,8,2,34,2019-12-03,36.50
9065,36,8,3,27,2019-12-03,33.47
9066,40,8,5,33,2019-12-03,39.48
9067,42,8,6,40,2019-12-03,11.50
9068,2,9,6,41,2019-12-03,17.95
9069,4,9,1,27,2019-12-03,19.84
9070,6,9,1,28,2019-12-03,14.20
9071,8,9,6,36,2019-12-03,20.85
9072,10,9,6,28,2019-12-03,21.49
9073,14,9,2,16,2019-12-03,34.12
9074,18,9,2,28,2019-12-03,34.97
9075,20,9,2,31,2019-12-03,26.15
9076,22,9,2,42,2019-12-03,25.57
9077,28,9,6,21,2019-12-03,23.98
9078,30,9,1,35,2019-12-03,35.83
9079,32,9,2,28,2019-12-03,30.95
9080,36,9,3,27,2019-12-03,31.44
9081,4,10,6,35,2019-12-03,19.91
9082,12,10,2,33,2019-12-03,48.75
9083,14,10,2,22,2019-12-03,33.50
9084,20,10,2,31,2019-12-03,24.00
9085,22,10,2,26,2019-12-03,30.07
9086,24,10,5,30,2019-12-03,31.64
9087,26,10,3,30,2019-12-03,30.56
9088,28,10,6,44,2019-12-03,24.05
9089,30,10,1,34,2019-12-03,35.91
9090,32,10,4,29,2019-12-03,31.78
9091,34,10,4,33,2019-12-03,41.84
9092,38,10,5,20,2019-12-03,31.09
9093,40,10,3,38,2019-12-03,33.11
9094,42,10,4,32,2019-12-03,13.05
9095,4,11,1,32,2019-12-03,20.27
9096,6,11,1,34,2019-12-03,14.06
9097,8,11,2,47,2019-12-03,18.62
9098,10,11,2,35,2019-12-03,21.22
9099,12,11,4,31,2019-12-03,42.27
9100,16,11,4,24,2019-12-03,54.48
9101,18,11,6,30,2019-12-03,35.23
9102,22,11,6,38,2019-12-03,29.79
9103,26,11,5,28,2019-12-03,28.90
9104,28,11,1,39,2019-12-03,21.61
9105,40,11,5,35,2019-12-03,38.92
9106,42,11,4,25,2019-12-03,12.88
9107,2,12,6,37,2019-12-03,20.24
9108,4,12,6,35,2019-12-03,19.53
9109,6,12,6,28,2019-12-03,12.25
9110,8,12,2,33,2019-12-03,20.90
9111,20,12,6,32,2019-12-03,23.96
9112,26,12,3,32,2019-12-03,29.99
9113,28,12,6,38,2019-12-03,21.71
9114,30,12,6,28,2019-12-03,33.26
9115,1,1,1,35,2019-12-17,17.26
9116,3,1,1,51,2019-12-17,13.48
9117,5,1,1,32,2019-12-17,17.85
9118,7,1,6,36,2019-12-17,15.61
9119,9,1,6,48,2019-12-17,14.95
9120,11,1,2,41,2019-12-17,21.01
9121,15,1,4,31,2019-12-17,57.52
9122,17,1,4,29,2019-12-17,43.35
9123,19,1,2,36,2019-12-17,40.73
9124,23,1,3,36,2019-12-17,27.53
9125,25,1,3,47,2019-12-17,23.64
9126,27,1,6,48,2019-12-17,20.43
9127,29,1,1,58,2019-12-17,18.04
9128,31,1,1,34,2019-12-17,23.16
9129,33,1,4,39,2019-12-17,26.11
9130,35,1,3,40,2019-12-17,21.93
9131,37,1,3,36,2019-12-17,26.16
9132,39,1,5,43,2019-12-17,31.65
9133,41,1,4,63,2019-12-17,11.51
9134,43,1,6,75,2019-12-17,8.87
9135,1,2,1,49,2019-12-17,15.76
9136,3,2,1,45,2019-12-17,14.91
9137,5,2,6,41,2019-12-17,17.11
9138,7,2,2,25,2019-12-17,17.58
9139,9,2,2,56,2019-12-17,14.69
9140,11,2,2,39,2019-12-17,19.87
9141,13,2,4,36,2019-12-17,36.39
9142,15,2,4,42,2019-12-17,60.45
9143,17,2,4,39,2019-12-17,40.26
9144,19,2,2,37,2019-12-17,35.51
9145,21,2,2,35,2019-12-17,48.68
9146,23,2,5,59,2019-12-17,24.92
9147,25,2,5,35,2019-12-17,22.21
9148,27,2,6,62,2019-12-17,20.42
9149,29,2,1,66,2019-12-17,16.89
9150,31,2,1,31,2019-12-17,23.57
9151,33,2,4,45,2019-12-17,28.80
9152,35,2,3,29,2019-12-17,21.85
9153,37,2,3,42,2019-12-17,27.79
9154,39,2,3,28,2019-12-17,31.58
9155,41,2,4,73,2019-12-17,11.49
9156,43,2,4,83,2019-12-17,8.41
9157,1,3,1,43,2019-12-17,15.22
9158,3,3,1,62,2019-12-17,14.44
9159,7,3,6,31,2019-12-17,17.49
9160,9,3,2,42,2019-12-17,14.11
9161,11,3,2,37,2019-12-17,18.86
9162,13,3,2,29,2019-12-17,38.14
9163,15,3,4,33,2019-12-17,50.93
9164,19,3,6,23,2019-12-17,38.20
9165,21,3,2,32,2019-12-17,50.25
9166,23,3,3,29,2019-12-17,29.87
9167,25,3,5,33,2019-12-17,26.30
9168,27,3,1,46,2019-12-17,19.09
9169,29,3,6,40,2019-12-17,16.04
9170,31,3,1,27,2019-12-17,23.66
9171,33,3,2,20,2019-12-17,26.27
9172,35,3,3,39,2019-12-17,21.01
9173,37,3,3,29,2019-12-17,27.96
9174,39,3,3,24,2019-12-17,28.23
9175,41,3,4,40,2019-12-17,11.53
9176,43,3,4,40,2019-12-17,9.10
9177,1,4,6,36,2019-12-17,16.34
9178,3,4,6,35,2019-12-17,14.85
9179,5,4,6,32,2019-12-17,17.49
9180,7,4,6,35,2019-12-17,16.25
9181,9,4,2,28,2019-12-17,15.64
9182,13,4,4,28,2019-12-17,38.75
9183,17,4,4,27,2019-12-17,45.80
9184,19,4,2,38,2019-12-17,37.38
9185,25,4,3,34,2019-12-17,22.35
9186,27,4,6,27,2019-12-17,18.73
9187,29,4,6,41,2019-12-17,17.64
9188,33,4,4,35,2019-12-17,26.87
9189,35,4,3,33,2019-12-17,21.99
9190,37,4,3,24,2019-12-17,27.15
9191,39,4,5,23,2019-12-17,31.35
9192,41,4,6,36,2019-12-17,10.75
9193,43,4,6,34,2019-12-17,8.97
9194,11,5,2,33,2019-12-17,21.84
9195,17,5,2,23,2019-12-17,38.62
9196,19,5,6,31,2019-12-17,41.85
9197,21,5,6,17,2019-12-17,45.20
9198,25,5,5,31,2019-12-17,23.13
9199,27,5,6,24,2019-12-17,20.68
9200,29,5,1,40,2019-12-17,18.66
9201,31,5,1,27,2019-12-17,22.31
9202,33,5,4,32,2019-12-17,29.05
9203,39,5,5,33,2019-12-17,31.79
9204,41,5,6,40,2019-12-17,9.98
9205,43,5,4,31,2019-12-17,8.32
9206,1,6,6,38,2019-12-17,15.74
9207,3,6,1,42,2019-12-17,15.07
9208,5,6,1,22,2019-12-17,16.03
9209,7,6,2,31,2019-12-17,16.56
9210,9,6,2,37,2019-12-17,13.80
9211,11,6,6,46,2019-12-17,19.76
9212,13,6,4,29,2019-12-17,35.42
9213,15,6,4,32,2019-12-17,50.52
9214,19,6,2,36,2019-12-17,37.07
9215,21,6,2,30,2019-12-17,48.99
9216,23,6,3,21,2019-12-17,29.16
9217,25,6,3,29,2019-12-17,25.21
9218,27,6,1,48,2019-12-17,17.47
9219,29,6,1,39,2019-12-17,16.21
9220,31,6,1,34,2019-12-17,25.85
9221,35,6,3,32,2019-12-17,19.78
9222,37,6,3,28,2019-12-17,27.21
9223,41,6,4,49,2019-12-17,11.53
9224,43,6,6,72,2019-12-17,9.57
9225,1,7,1,30,2019-12-17,17.06
9226,3,7,1,28,2019-12-17,13.61
9227,5,7,1,27,2019-12-17,17.28
9228,9,7,2,35,2019-12-17,14.31
9229,11,7,2,29,2019-12-17,19.21
9230,13,7,2,41,2019-12-17,40.12
9231,21,7,2,21,2019-12-17,42.77
9232,23,7,5,36,2019-12-17,25.99
9233,25,7,5,27,2019-12-17,21.72
9234,27,7,1,31,2019-12-17,19.47
9235,29,7,6,35,2019-12-17,16.43
9236,33,7,4,27,2019-12-17,27.79
9237,41,7,4,38,2019-12-17,9.94
9238,43,7,6,50,2019-12-17,8.35
9239,1,8,6,35,2019-12-17,16.53
9240,3,8,1,33,2019-12-17,15.08
9241,5,8,6,32,2019-12-17,18.27
9242,7,8,6,33,2019-12-17,15.05
9243,9,8,6,54,2019-12-17,16.36
9244,11,8,6,27,2019-12-17,21.37
9245,13,8,4,44,2019-12-17,38.54
9246,15,8,4,30,2019-12-17,57.65
9247,17,8,2,26,2019-12-17,46.48
9248,19,8,2,34,2019-12-17,38.14
9249,21,8,6,36,2019-12-17,48.74
9250,23,8,5,32,2019-12-17,25.20
9251,25,8,3,39,2019-12-17,25.50
9252,27,8,6,39,2019-12-17,17.44
9253,29,8,1,46,2019-12-17,17.16
9254,31,8,6,43,2019-12-17,23.92
9255,33,8,4,26,2019-12-17,26.76
9256,35,8,3,39,2019-12-17,19.68
9257,39,8,5,29,2019-12-17,30.05
9258,41,8,4,49,2019-12-17,10.31
9259,43,8,6,50,2019-12-17,8.43
9260,1,9,1,40,2019-12-17,14.77
9261,3,9,1,36,2019-12-17,15.59
9262,5,9,6,24,2019-12-17,18.55
9263,7,9,6,31,2019-12-17,16.10
9264,9,9,6,28,2019-12-17,15.24
9265,13,9,2,23,2019-12-17,38.24
9266,17,9,2,19,2019-12-17,40.04
9267,19,9,2,30,2019-12-17,39.39
9268,21,9,2,30,2019-12-17,43.13
9269,23,9,5,38,2019-12-17,30.03
9270,25,9,3,22,2019-12-17,24.78
9271,27,9,1,34,2019-12-17,20.45
9272,29,9,6,29,2019-12-17,15.93
9273,31,9,6,30,2019-12-17,22.32
9274,33,9,4,32,2019-12-17,31.76
9275,35,9,3,20,2019-12-17,21.71
9276,37,9,3,21,2019-12-17,29.06
9277,39,9,5,21,2019-12-17,32.47
9278,41,9,6,28,2019-12-17,10.77
9279,43,9,4,33,2019-12-17,8.68
9280,1,10,6,29,2019-12-17,17.01
9281,3,10,6,34,2019-12-17,13.91
9282,5,10,6,27,2019-12-17,18.55
9283,7,10,2,29,2019-12-17,15.89
9284,11,10,6,36,2019-12-17,20.75
9285,15,10,2,25,2019-12-17,60.36
9286,17,10,2,26,2019-12-17,40.70
9287,21,10,6,36,2019-12-17,49.30
9288,23,10,5,34,2019-12-17,25.67
9289,25,10,3,22,2019-12-17,24.81
9290,27,10,6,35,2019-12-17,20.15
9291,29,10,1,29,2019-12-17,16.79
9292,33,10,4,21,2019-12-17,29.69
9293,37,10,3,24,2019-12-17,26.12
9294,41,10,4,38,2019-12-17,10.73
9295,43,10,4,44,2019-12-17,8.88
9296,1,11,1,49,2019-12-17,16.20
9297,3,11,1,36,2019-12-17,15.18
9298,5,11,1,27,2019-12-17,16.51
9299,7,11,2,30,2019-12-17,15.24
9300,11,11,2,22,2019-12-17,19.65
9301,15,11,2,32,2019-12-17,53.61
9302,19,11,6,28,2019-12-17,41.24
9303,21,11,2,35,2019-12-17,48.52
9304,27,11,6,55,2019-12-17,18.26
9305,29,11,1,30,2019-12-17,16.91
9306,33,11,2,39,2019-12-17,27.69
9307,39,11,5,20,2019-12-17,32.66
9308,41,11,4,30,2019-12-17,9.98
9309,43,11,4,36,2019-12-17,8.25
9310,5,12,6,33,2019-12-17,15.95
9311,9,12,2,34,2019-12-17,14.80
9312,11,12,2,33,2019-12-17,18.31
9313,13,12,4,31,2019-12-17,35.44
9314,15,12,4,29,2019-12-17,60.06
9315,19,12,6,29,2019-12-17,35.40
9316,25,12,5,21,2019-12-17,22.27
9317,27,12,6,55,2019-12-17,18.96
9318,33,12,4,36,2019-12-17,30.69
9319,37,12,3,36,2019-12-17,26.71
9320,41,12,4,31,2019-12-17,10.49
9321,43,12,6,40,2019-12-17,9.42
9322,2,1,6,45,2020-01-03,17.75
9323,4,1,1,71,2020-01-03,20.23
9324,6,1,1,54,2020-01-03,14.77
9325,8,1,2,44,2020-01-03,20.74
9326,10,1,6,44,2020-01-03,24.03
9327,12,1,2,26,2020-01-03,47.50
9328,14,1,2,39,2020-01-03,36.36
9329,16,1,4,40,2020-01-03,62.35
9330,18,1,2,37,2020-01-03,34.72
9331,20,1,2,51,2020-01-03,23.94
9332,22,1,2,50,2020-01-03,29.79
9333,24,1,3,34,2020-01-03,32.18
9334,26,1,3,38,2020-01-03,29.48
9335,28,1,1,32,2020-01-03,23.52
9336,30,1,6,39,2020-01-03,35.14
9337,32,1,2,50,2020-01-03,33.95
9338,34,1,2,24,2020-01-03,46.47
9339,36,1,3,36,2020-01-03,34.00
9340,38,1,3,28,2020-01-03,31.83
9341,40,1,3,28,2020-01-03,38.99
9342,42,1,6,71,2020-01-03,12.07
9343,2,2,1,41,2020-01-03,19.50
9344,4,2,6,56,2020-01-03,21.86
9345,6,2,6,51,2020-01-03,13.33
9346,8,2,6,57,2020-01-03,18.42
9347,10,2,2,39,2020-01-03,20.38
9348,12,2,4,24,2020-01-03,43.93
9349,14,2,4,35,2020-01-03,32.62
9350,16,2,4,37,2020-01-03,63.62
9351,18,2,6,45,2020-01-03,35.30
9352,20,2,6,34,2020-01-03,22.24
9353,22,2,2,38,2020-01-03,27.11
9354,24,2,3,25,2020-01-03,32.97
9355,26,2,3,41,2020-01-03,28.51
9356,28,2,1,40,2020-01-03,23.92
9357,30,2,1,57,2020-01-03,33.48
9358,32,2,2,44,2020-01-03,34.18
9359,34,2,2,32,2020-01-03,40.64
9360,36,2,3,33,2020-01-03,34.53
9361,38,2,3,38,2020-01-03,26.97
9362,40,2,3,53,2020-01-03,36.96
9363,42,2,4,49,2020-01-03,11.43
9364,2,3,6,31,2020-01-03,18.45
9365,4,3,6,40,2020-01-03,20.00
9366,6,3,6,33,2020-01-03,13.53
9367,8,3,2,41,2020-01-03,18.72
9368,16,3,2,36,2020-01-03,57.94
9369,18,3,6,32,2020-01-03,33.33
9370,20,3,2,31,2020-01-03,22.67
9371,22,3,2,37,2020-01-03,26.02
9372,24,3,5,45,2020-01-03,31.72
9373,28,3,1,55,2020-01-03,21.15
9374,30,3,6,35,2020-01-03,36.43
9375,32,3,2,38,2020-01-03,34.07
9376,34,3,2,33,2020-01-03,38.80
9377,36,3,3,35,2020-01-03,34.08
9378,38,3,3,25,2020-01-03,29.48
9379,40,3,3,28,2020-01-03,38.96
9380,42,3,4,41,2020-01-03,12.81
9381,2,4,6,37,2020-01-03,20.03
9382,4,4,6,37,2020-01-03,18.93
9383,8,4,6,45,2020-01-03,19.97
9384,10,4,6,32,2020-01-03,22.29
9385,12,4,2,22,2020-01-03,43.30
9386,16,4,2,29,2020-01-03,59.39
9387,18,4,2,32,2020-01-03,29.35
9388,20,4,2,55,2020-01-03,25.18
9389,22,4,2,24,2020-01-03,25.85
9390,24,4,5,30,2020-01-03,33.08
9391,26,4,5,41,2020-01-03,26.71
9392,28,4,6,41,2020-01-03,21.91
9393,32,4,2,27,2020-01-03,36.49
9394,34,4,2,29,2020-01-03,46.44
9395,36,4,3,35,2020-01-03,30.28
9396,40,4,3,43,2020-01-03,37.37
9397,42,4,4,27,2020-01-03,13.44
9398,2,5,1,32,2020-01-03,20.02
9399,6,5,1,35,2020-01-03,13.44
9400,18,5,6,19,2020-01-03,35.48
9401,22,5,6,44,2020-01-03,25.57
9402,32,5,2,26,2020-01-03,32.20
9403,34,5,4,23,2020-01-03,42.19
9404,36,5,3,32,2020-01-03,33.99
9405,40,5,3,29,2020-01-03,38.03
9406,42,5,4,27,2020-01-03,13.60
9407,2,6,1,25,2020-01-03,17.87
9408,4,6,6,31,2020-01-03,19.82
9409,6,6,1,36,2020-01-03,13.37
9410,8,6,2,30,2020-01-03,18.26
9411,10,6,2,19,2020-01-03,24.26
9412,12,6,4,42,2020-01-03,48.93
9413,14,6,2,34,2020-01-03,34.24
9414,16,6,4,37,2020-01-03,63.17
9415,18,6,2,26,2020-01-03,35.24
9416,20,6,6,42,2020-01-03,24.82
9417,22,6,2,33,2020-01-03,24.84
9418,24,6,3,23,2020-01-03,28.59
9419,26,6,3,34,2020-01-03,31.54
9420,28,6,1,46,2020-01-03,21.40
9421,30,6,6,29,2020-01-03,36.90
9422,34,6,2,30,2020-01-03,38.73
9423,36,6,3,32,2020-01-03,29.96
9424,38,6,3,40,2020-01-03,29.13
9425,40,6,3,35,2020-01-03,36.61
9426,42,6,4,41,2020-01-03,13.33
9427,2,7,6,31,2020-01-03,17.38
9428,4,7,1,64,2020-01-03,22.07
9429,6,7,6,45,2020-01-03,12.64
9430,8,7,2,27,2020-01-03,18.38
9431,10,7,6,37,2020-01-03,23.82
9432,14,7,2,32,2020-01-03,32.02
9433,16,7,2,28,2020-01-03,61.36
9434,18,7,6,24,2020-01-03,31.85
9435,20,7,2,39,2020-01-03,24.61
9436,22,7,2,38,2020-01-03,25.47
9437,24,7,5,39,2020-01-03,30.80
9438,28,7,1,44,2020-01-03,21.43
9439,30,7,1,36,2020-01-03,33.81
9440,32,7,4,37,2020-01-03,36.09
9441,34,7,2,33,2020-01-03,44.92
9442,36,7,3,22,2020-01-03,34.23
9443,38,7,3,30,2020-01-03,27.25
9444,40,7,5,20,2020-01-03,38.07
9445,42,7,6,34,2020-01-03,13.71
9446,2,8,6,44,2020-01-03,19.44
9447,4,8,6,49,2020-01-03,21.12
9448,6,8,6,30,2020-01-03,14.45
9449,8,8,2,37,2020-01-03,19.30
9450,10,8,6,31,2020-01-03,23.17
9451,12,8,2,38,2020-01-03,46.53
9452,14,8,4,31,2020-01-03,31.36
9453,16,8,4,33,2020-01-03,65.96
9454,18,8,6,42,2020-01-03,30.41
9455,20,8,6,47,2020-01-03,25.25
9456,22,8,6,52,2020-01-03,28.94
9457,24,8,3,29,2020-01-03,28.23
9458,26,8,5,38,2020-01-03,26.91
9459,28,8,1,45,2020-01-03,22.77
9460,30,8,1,33,2020-01-03,38.35
9461,32,8,2,26,2020-01-03,35.50
9462,34,8,4,36,2020-01-03,40.85
9463,36,8,3,32,2020-01-03,32.82
9464,38,8,3,45,2020-01-03,30.41
9465,40,8,3,33,2020-01-03,33.64
9466,42,8,6,28,2020-01-03,12.86
9467,4,9,1,27,2020-01-03,19.65
9468,6,9,1,34,2020-01-03,14.37
9469,8,9,6,32,2020-01-03,20.34
9470,12,9,2,26,2020-01-03,46.32
9471,16,9,2,41,2020-01-03,65.10
9472,20,9,2,42,2020-01-03,24.30
9473,24,9,5,28,2020-01-03,33.16
9474,26,9,5,33,2020-01-03,29.32
9475,28,9,6,29,2020-01-03,23.65
9476,30,9,1,26,2020-01-03,37.95
9477,34,9,2,34,2020-01-03,45.24
9478,36,9,3,19,2020-01-03,30.46
9479,38,9,3,26,2020-01-03,26.52
9480,40,9,5,23,2020-01-03,34.52
9481,42,9,4,37,2020-01-03,12.99
9482,2,10,6,37,2020-01-03,19.63
9483,4,10,1,37,2020-01-03,21.56
9484,6,10,6,41,2020-01-03,14.37
9485,8,10,6,35,2020-01-03,20.33
9486,10,10,2,35,2020-01-03,22.53
9487,12,10,2,27,2020-01-03,43.38
9488,16,10,2,42,2020-01-03,60.59
9489,18,10,6,33,2020-01-03,33.45
9490,20,10,2,29,2020-01-03,22.68
9491,22,10,2,28,2020-01-03,27.67
9492,24,10,3,37,2020-01-03,34.01
9493,26,10,3,27,2020-01-03,27.16
9494,28,10,1,44,2020-01-03,22.61
9495,30,10,6,33,2020-01-03,34.04
9496,32,10,4,31,2020-01-03,35.96
9497,34,10,2,31,2020-01-03,45.13
9498,36,10,3,32,2020-01-03,35.10
9499,42,10,6,24,2020-01-03,13.70
9500,2,11,1,35,2020-01-03,18.08
9501,4,11,6,28,2020-01-03,20.81
9502,6,11,1,56,2020-01-03,13.53
9503,10,11,6,30,2020-01-03,22.59
9504,12,11,4,37,2020-01-03,44.90
9505,14,11,4,29,2020-01-03,36.11
9506,16,11,4,46,2020-01-03,57.79
9507,18,11,2,29,2020-01-03,30.11
9508,20,11,6,26,2020-01-03,22.27
9509,22,11,2,40,2020-01-03,24.89
9510,24,11,5,28,2020-01-03,33.98
9511,26,11,5,30,2020-01-03,26.67
9512,28,11,6,29,2020-01-03,21.27
9513,30,11,6,28,2020-01-03,32.91
9514,32,11,4,37,2020-01-03,35.36
9515,34,11,4,32,2020-01-03,42.58
9516,36,11,3,23,2020-01-03,33.70
9517,38,11,5,20,2020-01-03,26.64
9518,40,11,5,33,2020-01-03,33.23
9519,42,11,6,29,2020-01-03,11.78
9520,4,12,6,31,2020-01-03,20.97
9521,6,12,6,34,2020-01-03,12.91
9522,10,12,2,34,2020-01-03,22.36
9523,12,12,2,19,2020-01-03,43.19
9524,14,12,2,13,2020-01-03,33.84
9525,16,12,4,37,2020-01-03,61.56
9526,18,12,2,14,2020-01-03,33.85
9527,20,12,6,20,2020-01-03,22.48
9528,22,12,6,39,2020-01-03,29.95
9529,24,12,3,31,2020-01-03,32.73
9530,26,12,5,20,2020-01-03,26.46
9531,28,12,1,24,2020-01-03,21.10
9532,32,12,4,41,2020-01-03,33.06
9533,34,12,2,28,2020-01-03,43.70
9534,36,12,3,29,2020-01-03,29.73
9535,38,12,3,18,2020-01-03,28.81
9536,40,12,3,29,2020-01-03,38.64
9537,42,12,4,42,2020-01-03,13.36
9538,1,1,6,34,2020-01-17,15.30
9539,3,1,1,37,2020-01-17,13.83
9540,5,1,6,35,2020-01-17,16.99
9541,7,1,6,36,2020-01-17,14.72
9542,9,1,6,65,2020-01-17,14.10
9543,11,1,2,56,2020-01-17,19.88
9544,13,1,2,42,2020-01-17,38.70
9545,15,1,4,27,2020-01-17,53.49
9546,17,1,4,32,2020-01-17,40.44
9547,19,1,2,44,2020-01-17,35.17
9548,21,1,6,39,2020-01-17,43.02
9549,23,1,5,28,2020-01-17,24.95
9550,25,1,5,29,2020-01-17,21.63
9551,27,1,1,59,2020-01-17,19.60
9552,29,1,1,63,2020-01-17,17.95
9553,31,1,1,34,2020-01-17,26.32
9554,33,1,4,46,2020-01-17,28.06
9555,35,1,3,38,2020-01-17,20.77
9556,37,1,3,40,2020-01-17,27.30
9557,39,1,5,52,2020-01-17,32.65
9558,41,1,4,62,2020-01-17,10.48
9559,43,1,4,48,2020-01-17,8.38
9560,1,2,1,39,2020-01-17,17.49
9561,3,2,1,45,2020-01-17,14.37
9562,5,2,6,51,2020-01-17,19.23
9563,7,2,2,63,2020-01-17,16.63
9564,9,2,6,61,2020-01-17,15.75
9565,11,2,2,69,2020-01-17,19.80
9566,13,2,2,34,2020-01-17,35.47
9567,15,2,2,45,2020-01-17,59.26
9568,17,2,4,48,2020-01-17,41.78
9569,19,2,2,38,2020-01-17,37.98
9570,21,2,2,30,2020-01-17,45.88
9571,23,2,3,62,2020-01-17,28.70
9572,25,2,5,34,2020-01-17,23.75
9573,27,2,6,70,2020-01-17,20.16
9574,29,2,1,48,2020-01-17,16.66
9575,31,2,1,50,2020-01-17,23.35
9576,33,2,4,47,2020-01-17,31.03
9577,35,2,3,25,2020-01-17,21.54
9578,37,2,3,46,2020-01-17,25.83
9579,39,2,3,24,2020-01-17,30.84
9580,41,2,4,75,2020-01-17,11.04
9581,43,2,4,93,2020-01-17,9.80
9582,1,3,1,43,2020-01-17,14.67
9583,3,3,1,46,2020-01-17,13.37
9584,5,3,1,42,2020-01-17,17.94
9585,9,3,2,35,2020-01-17,15.65
9586,11,3,2,30,2020-01-17,19.58
9587,13,3,2,33,2020-01-17,33.86
9588,15,3,4,25,2020-01-17,50.91
9589,17,3,4,38,2020-01-17,44.52
9590,19,3,2,24,2020-01-17,42.63
9591,21,3,6,38,2020-01-17,44.88
9592,23,3,5,43,2020-01-17,28.07
9593,25,3,5,27,2020-01-17,25.86
9594,27,3,1,41,2020-01-17,19.63
9595,29,3,6,38,2020-01-17,18.22
9596,31,3,6,37,2020-01-17,25.65
9597,33,3,2,36,2020-01-17,30.31
9598,35,3,3,35,2020-01-17,22.75
9599,37,3,3,26,2020-01-17,28.00
9600,39,3,5,22,2020-01-17,33.96
9601,41,3,4,46,2020-01-17,11.62
9602,43,3,6,51,2020-01-17,9.22
9603,3,4,6,37,2020-01-17,13.40
9604,5,4,6,31,2020-01-17,17.10
9605,7,4,2,22,2020-01-17,14.66
9606,9,4,2,38,2020-01-17,14.86
9607,11,4,6,31,2020-01-17,19.40
9608,13,4,4,36,2020-01-17,35.68
9609,15,4,4,37,2020-01-17,59.58
9610,17,4,4,29,2020-01-17,46.38
9611,19,4,6,28,2020-01-17,38.46
9612,21,4,6,43,2020-01-17,43.40
9613,23,4,5,49,2020-01-17,26.80
9614,27,4,6,42,2020-01-17,20.82
9615,29,4,6,42,2020-01-17,18.61
9616,31,4,6,32,2020-01-17,23.23
9617,33,4,2,28,2020-01-17,29.59
9618,35,4,3,38,2020-01-17,19.44
9619,37,4,3,28,2020-01-17,27.72
9620,41,4,6,57,2020-01-17,11.76
9621,43,4,6,48,2020-01-17,9.25
9622,1,5,1,27,2020-01-17,16.10
9623,3,5,6,30,2020-01-17,13.80
9624,5,5,1,22,2020-01-17,18.07
9625,7,5,2,40,2020-01-17,15.46
9626,9,5,2,33,2020-01-17,15.75
9627,11,5,2,30,2020-01-17,21.96
9628,13,5,2,27,2020-01-17,37.72
9629,15,5,4,16,2020-01-17,58.85
9630,21,5,6,32,2020-01-17,51.84
9631,23,5,5,27,2020-01-17,25.87
9632,27,5,6,24,2020-01-17,17.19
9633,29,5,1,37,2020-01-17,18.42
9634,33,5,2,27,2020-01-17,31.54
9635,35,5,3,25,2020-01-17,21.22
9636,37,5,3,29,2020-01-17,26.96
9637,39,5,5,28,2020-01-17,32.77
9638,41,5,4,31,2020-01-17,11.28
9639,43,5,6,34,2020-01-17,8.28
9640,1,6,1,36,2020-01-17,16.68
9641,3,6,1,31,2020-01-17,15.08
9642,7,6,2,28,2020-01-17,15.94
9643,9,6,6,30,2020-01-17,15.44
9644,11,6,6,41,2020-01-17,18.13
9645,13,6,2,32,2020-01-17,40.75
9646,15,6,4,20,2020-01-17,55.66
9647,17,6,4,36,2020-01-17,42.89
9648,19,6,2,37,2020-01-17,41.27
9649,23,6,5,36,2020-01-17,28.14
9650,25,6,3,35,2020-01-17,22.31
9651,27,6,6,38,2020-01-17,20.35
9652,29,6,1,42,2020-01-17,17.20
9653,31,6,6,23,2020-01-17,22.77
9654,33,6,4,50,2020-01-17,27.00
9655,35,6,3,36,2020-01-17,19.63
9656,37,6,3,28,2020-01-17,27.83
9657,39,6,3,39,2020-01-17,30.31
9658,41,6,4,48,2020-01-17,11.35
9659,43,6,6,34,2020-01-17,8.33
9660,1,7,1,28,2020-01-17,16.15
9661,3,7,1,45,2020-01-17,15.13
9662,5,7,6,32,2020-01-17,17.64
9663,7,7,2,36,2020-01-17,14.69
9664,11,7,2,39,2020-01-17,19.30
9665,13,7,4,23,2020-01-17,34.29
9666,15,7,4,50,2020-01-17,58.16
9667,17,7,4,35,2020-01-17,42.49
9668,19,7,2,41,2020-01-17,39.53
9669,23,7,5,37,2020-01-17,25.20
9670,25,7,5,26,2020-01-17,23.50
9671,27,7,6,40,2020-01-17,19.05
9672,29,7,6,34,2020-01-17,18.18
9673,31,7,6,40,2020-01-17,24.20
9674,33,7,2,27,2020-01-17,26.67
9675,35,7,3,36,2020-01-17,21.28
9676,37,7,3,33,2020-01-17,27.82
9677,39,7,5,32,2020-01-17,33.25
9678,41,7,6,57,2020-01-17,11.32
9679,43,7,6,53,2020-01-17,9.60
9680,1,8,6,33,2020-01-17,14.51
9681,3,8,6,46,2020-01-17,13.30
9682,5,8,1,36,2020-01-17,19.18
9683,7,8,2,40,2020-01-17,16.15
9684,9,8,2,39,2020-01-17,15.30
9685,11,8,2,38,2020-01-17,19.55
9686,13,8,2,27,2020-01-17,35.00
9687,15,8,2,46,2020-01-17,59.83
9688,17,8,2,30,2020-01-17,43.57
9689,19,8,6,29,2020-01-17,36.84
9690,23,8,3,40,2020-01-17,29.82
9691,25,8,5,28,2020-01-17,25.39
9692,27,8,1,36,2020-01-17,19.98
9693,29,8,6,50,2020-01-17,18.60
9694,33,8,2,49,2020-01-17,30.59
9695,35,8,3,26,2020-01-17,20.51
9696,37,8,3,42,2020-01-17,30.24
9697,39,8,5,30,2020-01-17,31.09
9698,41,8,6,36,2020-01-17,10.48
9699,43,8,4,43,2020-01-17,9.71
9700,1,9,1,41,2020-01-17,14.96
9701,3,9,6,24,2020-01-17,15.02
9702,9,9,6,30,2020-01-17,14.07
9703,11,9,2,34,2020-01-17,20.13
9704,15,9,4,29,2020-01-17,56.25
9705,25,9,3,28,2020-01-17,23.52
9706,27,9,1,41,2020-01-17,17.82
9707,29,9,6,24,2020-01-17,16.39
9708,31,9,1,31,2020-01-17,25.47
9709,41,9,4,28,2020-01-17,9.98
9710,43,9,4,35,2020-01-17,9.87
9711,1,10,6,29,2020-01-17,17.54
9712,9,10,6,37,2020-01-17,16.02
9713,11,10,2,38,2020-01-17,19.44
9714,13,10,4,29,2020-01-17,38.60
9715,19,10,2,34,2020-01-17,40.99
9716,23,10,5,50,2020-01-17,27.56
9717,25,10,3,42,2020-01-17,22.32
9718,27,10,1,36,2020-01-17,17.18
9719,29,10,6,34,2020-01-17,18.16
9720,31,10,1,34,2020-01-17,24.61
9721,33,10,2,37,2020-01-17,26.80
9722,35,10,3,31,2020-01-17,20.53
9723,39,10,3,33,2020-01-17,30.07
9724,41,10,4,49,2020-01-17,10.24
9725,43,10,6,52,2020-01-17,9.35
9726,1,11,6,24,2020-01-17,15.19
9727,3,11,6,30,2020-01-17,13.11
9728,5,11,1,42,2020-01-17,18.30
9729,7,11,6,23,2020-01-17,14.66
9730,9,11,6,48,2020-01-17,15.74
9731,11,11,2,33,2020-01-17,18.11
9732,13,11,2,24,2020-01-17,39.93
9733,17,11,2,40,2020-01-17,45.48
9734,23,11,3,36,2020-01-17,29.54
9735,25,11,3,43,2020-01-17,21.63
9736,27,11,6,34,2020-01-17,20.20
9737,29,11,6,39,2020-01-17,17.04
9738,31,11,6,35,2020-01-17,25.89
9739,33,11,2,26,2020-01-17,27.03
9740,35,11,3,37,2020-01-17,20.01
9741,37,11,3,31,2020-01-17,27.20
9742,41,11,6,40,2020-01-17,10.69
9743,43,11,4,39,2020-01-17,9.83
9744,1,12,1,32,2020-01-17,15.73
9745,3,12,1,44,2020-01-17,15.20
9746,5,12,1,26,2020-01-17,19.10
9747,7,12,6,33,2020-01-17,16.60
9748,9,12,6,40,2020-01-17,15.84
9749,11,12,6,43,2020-01-17,20.66
9750,17,12,2,21,2020-01-17,43.00
9751,21,12,6,16,2020-01-17,43.46
9752,23,12,5,31,2020-01-17,24.76
9753,27,12,6,42,2020-01-17,19.92
9754,29,12,6,35,2020-01-17,15.64
9755,31,12,1,19,2020-01-17,21.63
9756,33,12,2,25,2020-01-17,27.46
9757,35,12,3,22,2020-01-17,20.29
9758,39,12,5,40,2020-01-17,33.73
9759,41,12,4,46,2020-01-17,11.62
9760,43,12,4,33,2020-01-17,9.79
9761,2,1,1,39,2020-02-03,17.60
9762,4,1,6,56,2020-02-03,21.53
9763,6,1,6,59,2020-02-03,13.26
9764,8,1,6,48,2020-02-03,20.45
9765,10,1,2,40,2020-02-03,22.32
9766,12,1,4,35,2020-02-03,43.12
9767,14,1,2,33,2020-02-03,33.00
9768,16,1,2,25,2020-02-03,64.96
9769,18,1,6,49,2020-02-03,31.23
9770,20,1,6,37,2020-02-03,24.20
9771,22,1,6,41,2020-02-03,29.34
9772,24,1,5,33,2020-02-03,29.38
9773,26,1,3,60,2020-02-03,28.48
9774,28,1,1,41,2020-02-03,21.46
9775,30,1,6,30,2020-02-03,36.33
9776,32,1,4,42,2020-02-03,32.81
9777,34,1,4,37,2020-02-03,40.37
9778,36,1,3,39,2020-02-03,35.05
9779,38,1,3,34,2020-02-03,26.65
9780,40,1,3,41,2020-02-03,33.30
9781,42,1,4,33,2020-02-03,13.31
9782,2,2,1,48,2020-02-03,20.01
9783,4,2,6,57,2020-02-03,22.14
9784,6,2,6,46,2020-02-03,13.71
9785,8,2,6,62,2020-02-03,20.33
9786,10,2,2,43,2020-02-03,23.96
9787,12,2,2,37,2020-02-03,45.79
9788,14,2,2,28,2020-02-03,34.37
9789,16,2,2,55,2020-02-03,60.84
9790,18,2,6,26,2020-02-03,34.49
9791,20,2,2,54,2020-02-03,22.67
9792,22,2,6,38,2020-02-03,29.04
9793,24,2,3,29,2020-02-03,30.98
9794,26,2,5,42,2020-02-03,31.29
9795,28,2,1,60,2020-02-03,24.74
9796,30,2,1,38,2020-02-03,33.22
9797,32,2,2,33,2020-02-03,32.82
9798,34,2,2,44,2020-02-03,44.21
9799,36,2,3,48,2020-02-03,30.30
9800,38,2,5,33,2020-02-03,27.55
9801,40,2,3,61,2020-02-03,37.57
9802,42,2,4,46,2020-02-03,11.57
9803,2,3,6,32,2020-02-03,18.32
9804,4,3,1,23,2020-02-03,19.82
9805,6,3,6,43,2020-02-03,14.84
9806,8,3,2,39,2020-02-03,20.39
9807,10,3,6,40,2020-02-03,22.39
9808,12,3,2,48,2020-02-03,44.68
9809,14,3,2,58,2020-02-03,33.40
9810,16,3,4,40,2020-02-03,65.11
9811,18,3,6,29,2020-02-03,29.61
9812,20,3,6,26,2020-02-03,23.43
9813,22,3,6,30,2020-02-03,29.10
9814,24,3,3,27,2020-02-03,30.98
9815,26,3,5,56,2020-02-03,27.69
9816,28,3,1,42,2020-02-03,20.73
9817,32,3,4,33,2020-02-03,34.15
9818,34,3,2,31,2020-02-03,44.91
9819,36,3,3,46,2020-02-03,31.30
9820,38,3,3,31,2020-02-03,29.59
9821,40,3,5,31,2020-02-03,32.43
9822,42,3,6,35,2020-02-03,11.62
9823,2,4,6,26,2020-02-03,18.54
9824,4,4,6,38,2020-02-03,22.15
9825,6,4,1,30,2020-02-03,13.05
9826,8,4,6,28,2020-02-03,18.16
9827,10,4,2,34,2020-02-03,22.70
9828,14,4,2,31,2020-02-03,34.15
9829,16,4,2,31,2020-02-03,57.32
9830,20,4,2,36,2020-02-03,23.00
9831,22,4,6,26,2020-02-03,29.22
9832,24,4,3,32,2020-02-03,32.07
9833,28,4,1,30,2020-02-03,20.72
9834,30,4,6,33,2020-02-03,36.69
9835,34,4,4,26,2020-02-03,42.47
9836,38,4,3,28,2020-02-03,29.29
9837,40,4,5,27,2020-02-03,33.05
9838,42,4,6,34,2020-02-03,12.78
9839,4,5,1,48,2020-02-03,20.23
9840,8,5,2,34,2020-02-03,17.62
9841,10,5,2,22,2020-02-03,22.58
9842,12,5,4,30,2020-02-03,43.42
9843,14,5,4,24,2020-02-03,33.70
9844,16,5,2,25,2020-02-03,57.51
9845,20,5,6,27,2020-02-03,25.06
9846,22,5,2,25,2020-02-03,25.53
9847,24,5,5,16,2020-02-03,28.70
9848,26,5,5,37,2020-02-03,28.35
9849,28,5,1,35,2020-02-03,21.56
9850,30,5,1,32,2020-02-03,33.15
9851,34,5,4,28,2020-02-03,45.73
9852,38,5,3,32,2020-02-03,30.95
9853,2,6,1,29,2020-02-03,17.12
9854,4,6,1,42,2020-02-03,22.90
9855,6,6,6,24,2020-02-03,13.72
9856,8,6,2,26,2020-02-03,17.55
9857,14,6,2,24,2020-02-03,33.06
9858,16,6,4,25,2020-02-03,56.11
9859,18,6,2,28,2020-02-03,30.50
9860,20,6,2,42,2020-02-03,26.29
9861,22,6,2,36,2020-02-03,28.86
9862,24,6,5,27,2020-02-03,33.35
9863,26,6,5,31,2020-02-03,28.18
9864,28,6,1,58,2020-02-03,20.71
9865,32,6,4,44,2020-02-03,36.57
9866,34,6,4,28,2020-02-03,43.41
9867,40,6,5,35,2020-02-03,35.02
9868,42,6,6,39,2020-02-03,12.22
9869,2,7,6,30,2020-02-03,18.60
9870,4,7,6,47,2020-02-03,22.12
9871,6,7,6,27,2020-02-03,12.62
9872,8,7,2,32,2020-02-03,19.32
9873,12,7,2,37,2020-02-03,43.77
9874,16,7,4,33,2020-02-03,59.63
9875,18,7,6,23,2020-02-03,29.97
9876,20,7,2,26,2020-02-03,21.80
9877,22,7,2,30,2020-02-03,28.24
9878,24,7,5,41,2020-02-03,28.65
9879,26,7,3,31,2020-02-03,29.65
9880,28,7,6,54,2020-02-03,22.02
9881,30,7,1,33,2020-02-03,34.57
9882,40,7,5,30,2020-02-03,34.08
9883,42,7,6,33,2020-02-03,13.26
9884,2,8,1,29,2020-02-03,18.43
9885,4,8,1,32,2020-02-03,20.11
9886,6,8,6,31,2020-02-03,12.42
9887,8,8,2,39,2020-02-03,20.35
9888,10,8,6,29,2020-02-03,22.38
9889,14,8,2,25,2020-02-03,31.08
9890,16,8,2,37,2020-02-03,56.12
9891,18,8,6,28,2020-02-03,31.90
9892,20,8,2,28,2020-02-03,21.96
9893,22,8,6,34,2020-02-03,26.94
9894,24,8,5,25,2020-02-03,29.02
9895,26,8,3,50,2020-02-03,29.97
9896,28,8,1,42,2020-02-03,23.18
9897,30,8,6,40,2020-02-03,36.37
9898,32,8,2,24,2020-02-03,33.87
9899,34,8,4,27,2020-02-03,43.58
9900,36,8,3,20,2020-02-03,31.65
9901,38,8,3,28,2020-02-03,30.44
9902,42,8,6,38,2020-02-03,13.71
9903,2,9,1,35,2020-02-03,20.69
9904,4,9,1,29,2020-02-03,21.41
9905,6,9,6,30,2020-02-03,13.30
9906,8,9,6,26,2020-02-03,19.29
9907,10,9,2,30,2020-02-03,22.99
9908,14,9,2,28,2020-02-03,37.21
9909,18,9,2,30,2020-02-03,29.65
9910,22,9,6,48,2020-02-03,27.23
9911,24,9,3,34,2020-02-03,30.90
9912,28,9,1,27,2020-02-03,23.65
9913,30,9,1,24,2020-02-03,33.30
9914,32,9,2,30,2020-02-03,35.97
9915,42,9,4,32,2020-02-03,12.19
9916,4,10,6,27,2020-02-03,19.90
9917,6,10,6,22,2020-02-03,12.20
9918,8,10,2,26,2020-02-03,19.59
9919,14,10,4,45,2020-02-03,31.31
9920,18,10,2,33,2020-02-03,31.56
9921,20,10,2,23,2020-02-03,23.43
9922,22,10,6,28,2020-02-03,25.16
9923,24,10,3,39,2020-02-03,28.71
9924,26,10,5,23,2020-02-03,31.69
9925,28,10,6,39,2020-02-03,22.09
9926,30,10,6,32,2020-02-03,37.32
9927,32,10,2,22,2020-02-03,34.81
9928,34,10,2,28,2020-02-03,41.97
9929,36,10,3,29,2020-02-03,31.71
9930,38,10,3,34,2020-02-03,31.75
9931,40,10,3,32,2020-02-03,34.88
9932,42,10,6,32,2020-02-03,12.21
9933,2,11,1,29,2020-02-03,20.50
9934,4,11,1,46,2020-02-03,20.52
9935,8,11,6,40,2020-02-03,20.55
9936,10,11,2,38,2020-02-03,21.40
9937,12,11,4,32,2020-02-03,44.52
9938,16,11,4,25,2020-02-03,57.46
9939,22,11,6,31,2020-02-03,27.45
9940,28,11,1,42,2020-02-03,22.88
9941,30,11,6,27,2020-02-03,36.11
9942,32,11,4,42,2020-02-03,35.76
9943,34,11,2,27,2020-02-03,44.94
9944,36,11,3,23,2020-02-03,29.62
9945,40,11,3,28,2020-02-03,38.92
9946,42,11,4,39,2020-02-03,11.91
9947,2,12,6,34,2020-02-03,20.12
9948,4,12,1,34,2020-02-03,19.40
9949,6,12,1,36,2020-02-03,12.59
9950,8,12,2,44,2020-02-03,19.48
9951,12,12,2,25,2020-02-03,46.15
9952,22,12,6,37,2020-02-03,26.86
9953,28,12,6,32,2020-02-03,23.63
9954,30,12,1,36,2020-02-03,34.07
9955,42,12,4,28,2020-02-03,11.51
9956,1,1,1,50,2020-02-17,15.08
9957,3,1,6,35,2020-02-17,13.86
9958,5,1,1,34,2020-02-17,16.22
9959,7,1,6,33,2020-02-17,16.77
9960,9,1,6,57,2020-02-17,14.83
9961,11,1,2,48,2020-02-17,19.24
9962,13,1,2,29,2020-02-17,38.19
9963,15,1,2,44,2020-02-17,51.80
9964,19,1,2,25,2020-02-17,38.19
9965,21,1,2,28,2020-02-17,49.89
9966,23,1,3,51,2020-02-17,28.74
9967,25,1,3,43,2020-02-17,24.22
9968,27,1,6,67,2020-02-17,18.43
9969,29,1,6,70,2020-02-17,15.98
9970,31,1,6,25,2020-02-17,24.10
9971,33,1,2,57,2020-02-17,30.92
9972,35,1,3,35,2020-02-17,21.58
9973,37,1,3,26,2020-02-17,27.43
9974,39,1,5,33,2020-02-17,33.03
9975,41,1,6,52,2020-02-17,11.68
9976,43,1,4,81,2020-02-17,9.29
9977,1,2,1,36,2020-02-17,16.93
9978,3,2,1,48,2020-02-17,13.72
9979,5,2,6,26,2020-02-17,17.38
9980,7,2,2,40,2020-02-17,14.53
9981,9,2,6,51,2020-02-17,16.05
9982,11,2,6,37,2020-02-17,19.19
9983,13,2,2,50,2020-02-17,40.45
9984,15,2,2,37,2020-02-17,51.58
9985,17,2,4,33,2020-02-17,40.52
9986,19,2,6,25,2020-02-17,37.88
9987,21,2,2,42,2020-02-17,50.63
9988,23,2,3,43,2020-02-17,25.16
9989,25,2,3,36,2020-02-17,23.09
9990,27,2,6,42,2020-02-17,19.26
9991,29,2,6,55,2020-02-17,16.93
9992,31,2,6,36,2020-02-17,26.09
9993,33,2,2,47,2020-02-17,27.36
9994,35,2,3,34,2020-02-17,22.23
9995,37,2,3,28,2020-02-17,27.44
9996,39,2,3,39,2020-02-17,28.60
9997,41,2,6,62,2020-02-17,11.12
9998,43,2,6,58,2020-02-17,8.76
9999,1,3,1,53,2020-02-17,17.59
10000,3,3,6,33,2020-02-17,14.15
10001,5,3,6,31,2020-02-17,17.91
10002,7,3,6,27,2020-02-17,15.90
10003,9,3,2,30,2020-02-17,14.48
10004,11,3,2,34,2020-02-17,21.18
10005,13,3,2,26,2020-02-17,35.15
10006,19,3,2,25,2020-02-17,40.54
10007,21,3,6,36,2020-02-17,45.80
10008,23,3,3,44,2020-02-17,29.93
10009,25,3,5,24,2020-02-17,25.07
10010,27,3,1,36,2020-02-17,17.40
10011,29,3,6,43,2020-02-17,17.53
10012,31,3,1,39,2020-02-17,25.75
10013,35,3,3,33,2020-02-17,19.41
10014,37,3,3,26,2020-02-17,30.20
10015,39,3,5,34,2020-02-17,28.03
10016,41,3,6,69,2020-02-17,11.99
10017,43,3,4,55,2020-02-17,8.34
10018,1,4,1,33,2020-02-17,14.82
10019,7,4,2,32,2020-02-17,15.04
10020,11,4,2,24,2020-02-17,21.13
10021,13,4,2,20,2020-02-17,37.80
10022,23,4,3,29,2020-02-17,27.79
10023,25,4,5,28,2020-02-17,23.87
10024,27,4,1,32,2020-02-17,18.15
10025,29,4,1,44,2020-02-17,16.90
10026,31,4,6,26,2020-02-17,25.29
10027,33,4,4,29,2020-02-17,27.71
10028,39,4,3,39,2020-02-17,28.05
10029,41,4,4,36,2020-02-17,10.14
10030,43,4,4,44,2020-02-17,8.39
10031,11,5,2,22,2020-02-17,19.42
10032,17,5,4,26,2020-02-17,43.04
10033,19,5,2,34,2020-02-17,37.58
10034,25,5,5,23,2020-02-17,22.12
10035,27,5,6,39,2020-02-17,17.28
10036,29,5,1,33,2020-02-17,15.58
10037,31,5,6,22,2020-02-17,25.95
10038,39,5,5,28,2020-02-17,31.42
10039,41,5,4,29,2020-02-17,10.78
10040,43,5,4,35,2020-02-17,9.06
10041,1,6,6,37,2020-02-17,15.05
10042,3,6,6,41,2020-02-17,14.35
10043,5,6,1,38,2020-02-17,17.12
10044,7,6,6,29,2020-02-17,15.78
10045,9,6,2,27,2020-02-17,15.01
10046,11,6,2,48,2020-02-17,19.01
10047,17,6,2,27,2020-02-17,44.51
10048,19,6,6,29,2020-02-17,39.94
10049,21,6,6,25,2020-02-17,44.21
10050,23,6,3,38,2020-02-17,27.40
10051,27,6,1,31,2020-02-17,18.87
10052,29,6,1,36,2020-02-17,18.19
10053,31,6,6,24,2020-02-17,26.33
10054,33,6,4,37,2020-02-17,26.37
10055,35,6,3,21,2020-02-17,20.97
10056,39,6,3,34,2020-02-17,31.67
10057,41,6,4,37,2020-02-17,12.04
10058,43,6,6,38,2020-02-17,8.62
10059,1,7,6,42,2020-02-17,15.93
10060,3,7,1,38,2020-02-17,15.55
10061,9,7,6,48,2020-02-17,14.10
10062,11,7,6,39,2020-02-17,18.13
10063,15,7,2,28,2020-02-17,49.64
10064,21,7,2,40,2020-02-17,47.60
10065,23,7,5,29,2020-02-17,27.42
10066,25,7,3,23,2020-02-17,26.06
10067,27,7,1,28,2020-02-17,20.25
10068,29,7,6,41,2020-02-17,17.17
10069,35,7,3,30,2020-02-17,22.09
10070,39,7,3,31,2020-02-17,30.78
10071,41,7,6,49,2020-02-17,11.57
10072,43,7,4,58,2020-02-17,8.83
10073,1,8,1,35,2020-02-17,14.57
10074,3,8,6,32,2020-02-17,13.65
10075,7,8,6,25,2020-02-17,17.48
10076,9,8,2,44,2020-02-17,16.33
10077,11,8,2,37,2020-02-17,19.61
10078,17,8,2,31,2020-02-17,44.60
10079,19,8,2,32,2020-02-17,36.31
10080,21,8,6,28,2020-02-17,46.91
10081,23,8,5,42,2020-02-17,28.32
10082,25,8,5,28,2020-02-17,22.69
10083,27,8,6,55,2020-02-17,20.42
10084,29,8,6,41,2020-02-17,17.93
10085,31,8,1,46,2020-02-17,22.29
10086,33,8,4,32,2020-02-17,29.50
10087,35,8,3,36,2020-02-17,19.55
10088,39,8,3,43,2020-02-17,28.79
10089,41,8,4,41,2020-02-17,11.42
10090,43,8,6,34,2020-02-17,8.97
10091,1,9,1,35,2020-02-17,15.84
10092,5,9,1,34,2020-02-17,17.09
10093,7,9,2,25,2020-02-17,15.50
10094,9,9,2,28,2020-02-17,16.20
10095,11,9,2,39,2020-02-17,21.92
10096,13,9,2,31,2020-02-17,36.07
10097,15,9,2,28,2020-02-17,60.12
10098,17,9,4,32,2020-02-17,42.78
10099,19,9,2,42,2020-02-17,42.18
10100,21,9,6,42,2020-02-17,42.85
10101,23,9,5,38,2020-02-17,25.44
10102,25,9,3,31,2020-02-17,24.07
10103,27,9,6,37,2020-02-17,19.30
10104,29,9,6,30,2020-02-17,18.51
10105,33,9,4,27,2020-02-17,29.78
10106,35,9,3,34,2020-02-17,21.35
10107,37,9,3,24,2020-02-17,29.13
10108,39,9,3,40,2020-02-17,29.15
10109,41,9,4,29,2020-02-17,10.06
10110,43,9,4,31,2020-02-17,8.63
10111,1,10,1,31,2020-02-17,16.87
10112,3,10,6,45,2020-02-17,15.66
10113,5,10,1,42,2020-02-17,18.59
10114,7,10,6,48,2020-02-17,16.37
10115,9,10,2,31,2020-02-17,13.70
10116,11,10,2,38,2020-02-17,20.56
10117,15,10,4,27,2020-02-17,54.07
10118,17,10,4,32,2020-02-17,42.05
10119,21,10,6,32,2020-02-17,47.94
10120,23,10,3,28,2020-02-17,28.85
10121,25,10,5,28,2020-02-17,22.63
10122,27,10,1,38,2020-02-17,19.79
10123,29,10,1,26,2020-02-17,17.45
10124,31,10,6,33,2020-02-17,23.42
10125,33,10,4,32,2020-02-17,29.46
10126,35,10,3,27,2020-02-17,19.83
10127,37,10,3,24,2020-02-17,29.54
10128,43,10,4,43,2020-02-17,9.43
10129,1,11,6,43,2020-02-17,16.39
10130,3,11,6,26,2020-02-17,14.51
10131,7,11,2,27,2020-02-17,16.32
10132,9,11,2,35,2020-02-17,14.16
10133,11,11,6,32,2020-02-17,21.34
10134,15,11,2,33,2020-02-17,54.08
10135,17,11,2,29,2020-02-17,46.36
10136,19,11,6,29,2020-02-17,37.84
10137,21,11,6,41,2020-02-17,48.80
10138,23,11,5,39,2020-02-17,29.77
10139,25,11,3,24,2020-02-17,22.97
10140,27,11,6,44,2020-02-17,20.69
10141,29,11,1,30,2020-02-17,17.96
10142,33,11,2,29,2020-02-17,27.81
10143,35,11,3,20,2020-02-17,22.11
10144,39,11,3,39,2020-02-17,33.06
10145,41,11,4,37,2020-02-17,11.92
10146,43,11,4,37,2020-02-17,9.62
10147,3,12,6,32,2020-02-17,14.08
10148,9,12,6,28,2020-02-17,15.67
10149,13,12,4,17,2020-02-17,37.46
10150,15,12,4,28,2020-02-17,51.53
10151,17,12,4,28,2020-02-17,39.47
10152,19,12,6,33,2020-02-17,42.40
10153,25,12,3,19,2020-02-17,21.96
10154,27,12,1,32,2020-02-17,20.34
10155,29,12,1,35,2020-02-17,15.57
10156,35,12,3,22,2020-02-17,22.80
10157,37,12,3,21,2020-02-17,25.24
10158,43,12,4,32,2020-02-17,9.21
10159,2,1,1,57,2020-03-03,18.03
10160,4,1,1,43,2020-03-03,21.30
10161,6,1,1,43,2020-03-03,14.18
10162,8,1,2,31,2020-03-03,20.35
10163,10,1,6,34,2020-03-03,22.71
10164,12,1,2,27,2020-03-03,42.70
10165,14,1,2,37,2020-03-03,36.87
10166,16,1,4,24,2020-03-03,64.22
10167,18,1,2,33,2020-03-03,32.08
10168,20,1,2,55,2020-03-03,23.69
10169,22,1,6,38,2020-03-03,28.25
10170,24,1,5,27,2020-03-03,30.90
10171,26,1,5,25,2020-03-03,27.98
10172,28,1,6,39,2020-03-03,21.09
10173,32,1,2,29,2020-03-03,31.43
10174,36,1,3,38,2020-03-03,30.28
10175,38,1,5,28,2020-03-03,29.73
10176,40,1,3,33,2020-03-03,33.13
10177,42,1,6,35,2020-03-03,13.58
10178,2,2,6,31,2020-03-03,17.87
10179,4,2,1,59,2020-03-03,19.02
10180,6,2,6,44,2020-03-03,13.06
10181,8,2,2,41,2020-03-03,19.58
10182,10,2,2,30,2020-03-03,21.26
10183,12,2,2,35,2020-03-03,41.67
10184,16,2,4,23,2020-03-03,59.11
10185,18,2,2,39,2020-03-03,31.46
10186,20,2,6,24,2020-03-03,22.17
10187,22,2,6,50,2020-03-03,28.79
10188,24,2,3,32,2020-03-03,28.87
10189,26,2,5,38,2020-03-03,26.43
10190,28,2,1,46,2020-03-03,24.20
10191,32,2,4,29,2020-03-03,31.62
10192,36,2,3,27,2020-03-03,32.98
10193,38,2,5,37,2020-03-03,29.52
10194,40,2,5,35,2020-03-03,35.19
10195,42,2,4,41,2020-03-03,11.79
10196,4,3,6,37,2020-03-03,21.85
10197,8,3,2,35,2020-03-03,19.41
10198,16,3,4,28,2020-03-03,65.51
10199,20,3,6,26,2020-03-03,22.23
10200,22,3,6,33,2020-03-03,27.85
10201,24,3,5,35,2020-03-03,29.60
10202,28,3,6,43,2020-03-03,24.36
10203,30,3,6,41,2020-03-03,36.69
10204,32,3,2,36,2020-03-03,35.23
10205,34,3,4,26,2020-03-03,43.50
10206,36,3,3,33,2020-03-03,32.54
10207,38,3,3,28,2020-03-03,29.01
10208,40,3,5,36,2020-03-03,38.03
10209,42,3,4,33,2020-03-03,11.51
10210,4,4,6,41,2020-03-03,19.86
10211,6,4,1,36,2020-03-03,12.73
10212,8,4,6,24,2020-03-03,20.45
10213,10,4,6,29,2020-03-03,22.85
10214,12,4,4,35,2020-03-03,44.52
10215,18,4,2,35,2020-03-03,31.97
10216,20,4,6,25,2020-03-03,23.64
10217,22,4,6,35,2020-03-03,29.41
10218,26,4,5,33,2020-03-03,30.50
10219,30,4,6,27,2020-03-03,35.35
10220,32,4,4,44,2020-03-03,36.32
10221,34,4,4,26,2020-03-03,44.37
10222,36,4,3,34,2020-03-03,29.83
10223,2,5,1,33,2020-03-03,17.55
10224,4,5,1,28,2020-03-03,19.73
10225,6,5,1,23,2020-03-03,14.11
10226,10,5,6,27,2020-03-03,24.64
10227,18,5,6,28,2020-03-03,34.36
10228,22,5,2,33,2020-03-03,27.47
10229,32,5,4,48,2020-03-03,32.23
10230,36,5,3,27,2020-03-03,30.82
10231,40,5,3,24,2020-03-03,38.41
10232,42,5,4,36,2020-03-03,12.17
10233,2,6,6,31,2020-03-03,20.15
10234,4,6,1,23,2020-03-03,19.03
10235,6,6,1,31,2020-03-03,14.64
10236,10,6,2,33,2020-03-03,21.47
10237,12,6,4,44,2020-03-03,46.21
10238,16,6,4,25,2020-03-03,63.98
10239,20,6,2,31,2020-03-03,23.08
10240,22,6,6,47,2020-03-03,25.97
10241,24,6,3,27,2020-03-03,32.72
10242,26,6,3,22,2020-03-03,28.04
10243,28,6,1,26,2020-03-03,22.03
10244,30,6,1,34,2020-03-03,34.05
10245,32,6,4,35,2020-03-03,31.47
10246,36,6,3,53,2020-03-03,34.40
10247,38,6,3,41,2020-03-03,30.78
10248,40,6,5,27,2020-03-03,33.23
10249,42,6,4,23,2020-03-03,11.85
10250,2,7,1,29,2020-03-03,18.05
10251,4,7,6,42,2020-03-03,21.32
10252,6,7,1,37,2020-03-03,13.65
10253,8,7,6,29,2020-03-03,19.75
10254,10,7,6,36,2020-03-03,21.12
10255,14,7,2,29,2020-03-03,33.74
10256,16,7,2,30,2020-03-03,54.67
10257,20,7,2,41,2020-03-03,22.92
10258,22,7,6,30,2020-03-03,28.22
10259,26,7,5,27,2020-03-03,30.13
10260,28,7,6,29,2020-03-03,24.57
10261,32,7,4,34,2020-03-03,37.20
10262,34,7,4,31,2020-03-03,42.90
10263,36,7,3,39,2020-03-03,32.78
10264,38,7,5,42,2020-03-03,29.64
10265,40,7,5,29,2020-03-03,33.73
10266,42,7,4,28,2020-03-03,11.74
10267,2,8,1,26,2020-03-03,17.97
10268,4,8,6,28,2020-03-03,22.52
10269,6,8,6,41,2020-03-03,12.89
10270,8,8,2,47,2020-03-03,19.22
10271,10,8,6,25,2020-03-03,21.57
10272,12,8,2,30,2020-03-03,47.89
10273,16,8,4,24,2020-03-03,60.76
10274,18,8,6,20,2020-03-03,29.56
10275,20,8,2,39,2020-03-03,24.11
10276,22,8,6,50,2020-03-03,29.65
10277,24,8,3,19,2020-03-03,30.42
10278,26,8,5,30,2020-03-03,27.65
10279,28,8,6,26,2020-03-03,22.97
10280,32,8,4,28,2020-03-03,36.28
10281,34,8,2,30,2020-03-03,40.60
10282,36,8,3,37,2020-03-03,34.15
10283,40,8,3,36,2020-03-03,36.55
10284,42,8,4,26,2020-03-03,12.26
10285,4,9,1,34,2020-03-03,22.94
10286,6,9,6,36,2020-03-03,13.06
10287,12,9,4,33,2020-03-03,40.11
10288,14,9,2,21,2020-03-03,36.37
10289,16,9,2,30,2020-03-03,58.63
10290,20,9,6,30,2020-03-03,25.37
10291,26,9,5,32,2020-03-03,27.93
10292,34,9,2,27,2020-03-03,46.73
10293,36,9,3,29,2020-03-03,31.23
10294,38,9,3,23,2020-03-03,29.30
10295,40,9,5,34,2020-03-03,36.54
10296,42,9,6,31,2020-03-03,13.13
10297,2,10,6,28,2020-03-03,18.19
10298,4,10,1,38,2020-03-03,20.92
10299,6,10,6,38,2020-03-03,13.91
10300,8,10,6,30,2020-03-03,18.79
10301,10,10,6,40,2020-03-03,23.77
10302,12,10,2,18,2020-03-03,40.25
10303,16,10,2,32,2020-03-03,56.82
10304,20,10,2,27,2020-03-03,24.22
10305,22,10,2,33,2020-03-03,27.21
10306,26,10,3,23,2020-03-03,31.36
10307,28,10,1,24,2020-03-03,21.83
10308,32,10,2,26,2020-03-03,32.56
10309,36,10,3,28,2020-03-03,35.27
10310,40,10,5,35,2020-03-03,38.00
10311,2,11,6,26,2020-03-03,19.52
10312,4,11,1,31,2020-03-03,20.15
10313,6,11,1,37,2020-03-03,12.30
10314,8,11,2,29,2020-03-03,20.16
10315,10,11,2,33,2020-03-03,21.09
10316,14,11,2,28,2020-03-03,35.10
10317,16,11,4,28,2020-03-03,65.94
10318,18,11,6,38,2020-03-03,32.25
10319,20,11,6,39,2020-03-03,21.82
10320,22,11,2,34,2020-03-03,26.72
10321,24,11,5,28,2020-03-03,33.84
10322,26,11,5,32,2020-03-03,27.80
10323,34,11,4,23,2020-03-03,44.47
10324,36,11,3,33,2020-03-03,34.33
10325,38,11,3,26,2020-03-03,30.97
10326,40,11,5,36,2020-03-03,33.12
10327,4,12,1,34,2020-03-03,20.54
10328,10,12,6,36,2020-03-03,24.18
10329,14,12,4,24,2020-03-03,33.40
10330,16,12,2,32,2020-03-03,62.14
10331,18,12,2,27,2020-03-03,29.66
10332,20,12,6,46,2020-03-03,23.17
10333,24,12,3,19,2020-03-03,33.94
10334,26,12,5,26,2020-03-03,29.94
10335,32,12,4,28,2020-03-03,36.97
10336,34,12,4,31,2020-03-03,41.38
10337,36,12,3,30,2020-03-03,34.45
10338,38,12,5,22,2020-03-03,29.95
10339,40,12,5,32,2020-03-03,35.06
10340,1,1,1,60,2020-03-17,15.56
10341,3,1,6,52,2020-03-17,13.54
10342,5,1,6,40,2020-03-17,16.90
10343,7,1,6,41,2020-03-17,17.59
10344,9,1,2,44,2020-03-17,14.84
10345,11,1,6,44,2020-03-17,20.97
10346,13,1,2,22,2020-03-17,37.57
10347,15,1,4,31,2020-03-17,60.21
10348,17,1,4,45,2020-03-17,45.51
10349,21,1,6,31,2020-03-17,48.66
10350,23,1,5,61,2020-03-17,26.74
10351,25,1,3,34,2020-03-17,22.43
10352,27,1,6,49,2020-03-17,17.78
10353,29,1,1,40,2020-03-17,17.24
10354,31,1,1,25,2020-03-17,22.25
10355,33,1,4,34,2020-03-17,30.30
10356,35,1,3,33,2020-03-17,19.77
10357,37,1,3,37,2020-03-17,25.05
10358,39,1,3,43,2020-03-17,28.10
10359,41,1,4,46,2020-03-17,11.27
10360,43,1,4,68,2020-03-17,9.89
10361,1,2,6,38,2020-03-17,17.03
10362,3,2,6,59,2020-03-17,14.53
10363,5,2,6,43,2020-03-17,16.72
10364,7,2,6,25,2020-03-17,16.42
10365,9,2,6,53,2020-03-17,14.25
10366,11,2,6,41,2020-03-17,21.57
10367,15,2,4,30,2020-03-17,59.85
10368,17,2,4,30,2020-03-17,44.92
10369,19,2,6,30,2020-03-17,35.75
10370,21,2,2,35,2020-03-17,43.23
10371,23,2,5,47,2020-03-17,24.84
10372,25,2,3,50,2020-03-17,24.02
10373,27,2,1,42,2020-03-17,20.54
10374,29,2,1,65,2020-03-17,17.85
10375,31,2,1,45,2020-03-17,21.71
10376,33,2,2,48,2020-03-17,28.31
10377,35,2,3,50,2020-03-17,21.61
10378,37,2,3,37,2020-03-17,28.59
10379,39,2,3,41,2020-03-17,32.97
10380,41,2,6,51,2020-03-17,11.32
10381,43,2,6,60,2020-03-17,9.06
10382,1,3,1,34,2020-03-17,14.48
10383,3,3,6,36,2020-03-17,15.70
10384,5,3,6,35,2020-03-17,17.60
10385,7,3,6,39,2020-03-17,16.27
10386,9,3,2,46,2020-03-17,15.75
10387,11,3,6,36,2020-03-17,18.29
10388,15,3,4,38,2020-03-17,51.25
10389,17,3,2,40,2020-03-17,42.89
10390,19,3,6,28,2020-03-17,37.25
10391,21,3,6,25,2020-03-17,47.97
10392,23,3,5,39,2020-03-17,27.30
10393,25,3,3,37,2020-03-17,26.38
10394,27,3,1,35,2020-03-17,18.41
10395,29,3,6,35,2020-03-17,16.98
10396,33,3,4,42,2020-03-17,27.53
10397,35,3,3,25,2020-03-17,19.72
10398,37,3,3,21,2020-03-17,26.48
10399,39,3,3,34,2020-03-17,31.59
10400,41,3,4,58,2020-03-17,10.56
10401,43,3,6,45,2020-03-17,9.85
10402,1,4,1,28,2020-03-17,14.82
10403,3,4,1,33,2020-03-17,15.06
10404,5,4,1,26,2020-03-17,16.37
10405,7,4,6,27,2020-03-17,17.06
10406,9,4,6,25,2020-03-17,13.93
10407,11,4,2,41,2020-03-17,21.21
10408,15,4,4,33,2020-03-17,56.95
10409,17,4,2,36,2020-03-17,46.56
10410,19,4,2,24,2020-03-17,36.15
10411,21,4,2,26,2020-03-17,44.89
10412,27,4,1,28,2020-03-17,18.13
10413,29,4,6,24,2020-03-17,17.25
10414,33,4,4,33,2020-03-17,29.83
10415,35,4,3,26,2020-03-17,22.65
10416,37,4,3,26,2020-03-17,27.24
10417,41,4,6,36,2020-03-17,12.05
10418,43,4,6,32,2020-03-17,9.35
10419,1,5,1,31,2020-03-17,16.40
10420,3,5,1,39,2020-03-17,14.98
10421,5,5,1,33,2020-03-17,17.33
10422,7,5,2,37,2020-03-17,17.10
10423,9,5,2,41,2020-03-17,15.77
10424,13,5,2,18,2020-03-17,39.22
10425,15,5,2,20,2020-03-17,55.49
10426,21,5,2,29,2020-03-17,51.84
10427,23,5,3,35,2020-03-17,25.76
10428,29,5,1,27,2020-03-17,17.74
10429,33,5,4,21,2020-03-17,26.90
10430,35,5,3,28,2020-03-17,20.36
10431,37,5,3,22,2020-03-17,26.95
10432,39,5,3,27,2020-03-17,31.87
10433,41,5,6,25,2020-03-17,10.41
10434,1,6,1,39,2020-03-17,17.07
10435,3,6,1,26,2020-03-17,13.46
10436,5,6,6,24,2020-03-17,16.11
10437,9,6,6,29,2020-03-17,13.59
10438,11,6,6,35,2020-03-17,21.79
10439,13,6,2,32,2020-03-17,33.85
10440,15,6,4,30,2020-03-17,50.96
10441,19,6,6,37,2020-03-17,40.16
10442,25,6,3,37,2020-03-17,25.32
10443,27,6,1,33,2020-03-17,18.45
10444,29,6,1,34,2020-03-17,16.44
10445,31,6,1,28,2020-03-17,21.98
10446,33,6,2,19,2020-03-17,30.17
10447,35,6,3,36,2020-03-17,19.16
10448,37,6,3,27,2020-03-17,29.39
10449,39,6,5,21,2020-03-17,31.74
10450,41,6,4,41,2020-03-17,11.58
10451,43,6,6,35,2020-03-17,8.97
10452,5,7,6,46,2020-03-17,18.05
10453,7,7,6,37,2020-03-17,16.85
10454,11,7,6,34,2020-03-17,18.64
10455,13,7,2,26,2020-03-17,39.17
10456,17,7,4,36,2020-03-17,46.05
10457,19,7,2,37,2020-03-17,39.13
10458,23,7,3,26,2020-03-17,30.22
10459,27,7,6,48,2020-03-17,20.58
10460,29,7,1,29,2020-03-17,17.23
10461,31,7,6,24,2020-03-17,24.90
10462,33,7,2,38,2020-03-17,26.11
10463,35,7,3,32,2020-03-17,22.93
10464,37,7,3,32,2020-03-17,26.64
10465,41,7,4,38,2020-03-17,11.13
10466,43,7,6,37,2020-03-17,8.68
10467,1,8,6,32,2020-03-17,15.06
10468,3,8,1,35,2020-03-17,14.21
10469,5,8,1,32,2020-03-17,17.97
10470,9,8,2,23,2020-03-17,13.81
10471,11,8,6,26,2020-03-17,21.77
10472,13,8,2,41,2020-03-17,40.88
10473,15,8,4,29,2020-03-17,53.62
10474,17,8,4,29,2020-03-17,42.25
10475,23,8,3,42,2020-03-17,29.73
10476,25,8,3,20,2020-03-17,22.90
10477,27,8,1,23,2020-03-17,18.94
10478,29,8,1,22,2020-03-17,17.15
10479,31,8,1,19,2020-03-17,25.45
10480,33,8,4,36,2020-03-17,27.39
10481,37,8,3,26,2020-03-17,30.23
10482,41,8,6,41,2020-03-17,10.17
10483,43,8,6,52,2020-03-17,9.38
10484,1,9,6,29,2020-03-17,16.65
10485,3,9,1,33,2020-03-17,13.54
10486,7,9,2,27,2020-03-17,15.00
10487,9,9,6,19,2020-03-17,15.11
10488,11,9,2,26,2020-03-17,18.07
10489,19,9,6,22,2020-03-17,41.33
10490,23,9,3,28,2020-03-17,29.80
10491,27,9,1,36,2020-03-17,19.92
10492,31,9,6,32,2020-03-17,26.20
10493,41,9,4,36,2020-03-17,11.28
10494,43,9,6,27,2020-03-17,8.73
10495,3,10,1,37,2020-03-17,15.52
10496,9,10,6,25,2020-03-17,14.03
10497,11,10,2,45,2020-03-17,19.81
10498,13,10,2,35,2020-03-17,34.86
10499,19,10,2,34,2020-03-17,38.45
10500,21,10,2,27,2020-03-17,46.78
10501,23,10,5,33,2020-03-17,27.96
10502,25,10,3,28,2020-03-17,24.93
10503,27,10,1,24,2020-03-17,19.77
10504,29,10,6,33,2020-03-17,16.54
10505,33,10,4,28,2020-03-17,31.71
10506,35,10,3,23,2020-03-17,20.46
10507,39,10,5,21,2020-03-17,28.38
10508,41,10,6,36,2020-03-17,11.83
10509,43,10,4,47,2020-03-17,9.45
10510,1,11,1,30,2020-03-17,16.65
10511,3,11,1,31,2020-03-17,15.35
10512,5,11,6,37,2020-03-17,16.48
10513,9,11,6,28,2020-03-17,13.92
10514,11,11,6,37,2020-03-17,19.34
10515,13,11,4,38,2020-03-17,35.34
10516,21,11,2,29,2020-03-17,51.47
10517,23,11,3,32,2020-03-17,28.21
10518,27,11,1,28,2020-03-17,18.24
10519,31,11,6,27,2020-03-17,23.99
10520,37,11,3,28,2020-03-17,26.50
10521,43,11,6,28,2020-03-17,9.84
10522,1,12,1,35,2020-03-17,16.12
10523,5,12,1,27,2020-03-17,18.25
10524,7,12,6,25,2020-03-17,14.61
10525,11,12,6,23,2020-03-17,20.72
10526,21,12,2,24,2020-03-17,47.51
10527,23,12,3,28,2020-03-17,27.32
10528,27,12,6,24,2020-03-17,19.37
10529,31,12,6,21,2020-03-17,24.75
10530,33,12,2,36,2020-03-17,30.37
10531,39,12,5,23,2020-03-17,30.88
10532,41,12,6,39,2020-03-17,11.43
10533,43,12,4,33,2020-03-17,9.10
10534,2,1,1,25,2020-04-03,19.55
10535,4,1,6,37,2020-04-03,20.77
10536,6,1,1,41,2020-04-03,12.79
10537,8,1,6,32,2020-04-03,18.26
10538,10,1,2,31,2020-04-03,21.45
10539,14,1,2,29,2020-04-03,37.20
10540,16,1,2,37,2020-04-03,59.15
10541,20,1,6,24,2020-04-03,23.73
10542,22,1,6,32,2020-04-03,27.41
10543,24,1,3,27,2020-04-03,33.21
10544,28,1,6,31,2020-04-03,22.05
10545,30,1,6,32,2020-04-03,33.76
10546,32,1,2,37,2020-04-03,34.13
10547,34,1,2,21,2020-04-03,40.59
10548,36,1,3,31,2020-04-03,34.60
10549,38,1,5,36,2020-04-03,27.00
10550,42,1,6,26,2020-04-03,13.53
10551,4,2,1,38,2020-04-03,19.96
10552,6,2,1,34,2020-04-03,12.20
10553,8,2,2,27,2020-04-03,18.83
10554,14,2,4,45,2020-04-03,34.14
10555,16,2,4,25,2020-04-03,54.69
10556,18,2,6,28,2020-04-03,32.03
10557,20,2,2,24,2020-04-03,23.42
10558,22,2,2,40,2020-04-03,27.32
10559,26,2,5,26,2020-04-03,26.14
10560,28,2,1,31,2020-04-03,22.03
10561,30,2,1,26,2020-04-03,35.33
10562,32,2,2,27,2020-04-03,35.08
10563,34,2,2,27,2020-04-03,43.19
10564,40,2,3,27,2020-04-03,36.50
10565,2,3,1,36,2020-04-03,18.76
10566,4,3,6,25,2020-04-03,21.26
10567,6,3,1,44,2020-04-03,13.15
10568,8,3,6,30,2020-04-03,19.61
10569,10,3,6,35,2020-04-03,23.81
10570,12,3,2,20,2020-04-03,42.36
10571,14,3,2,22,2020-04-03,33.49
10572,18,3,6,33,2020-04-03,33.34
10573,22,3,6,34,2020-04-03,28.18
10574,26,3,3,34,2020-04-03,27.36
10575,2,4,1,33,2020-04-03,19.18
10576,14,4,4,21,2020-04-03,35.15
10577,16,4,2,16,2020-04-03,63.63
10578,24,4,3,20,2020-04-03,31.33
10579,26,4,3,22,2020-04-03,26.95
10580,28,4,6,30,2020-04-03,20.68
10581,38,4,5,27,2020-04-03,30.25
10582,40,4,5,26,2020-04-03,39.49
10583,42,4,4,22,2020-04-03,11.34
10584,8,5,2,25,2020-04-03,18.86
10585,12,5,2,23,2020-04-03,47.14
10586,14,5,2,22,2020-04-03,34.49
10587,16,5,4,24,2020-04-03,57.26
10588,20,5,6,27,2020-04-03,24.51
10589,24,5,5,25,2020-04-03,33.75
10590,26,5,3,27,2020-04-03,28.00
10591,28,5,6,32,2020-04-03,20.51
10592,30,5,1,30,2020-04-03,38.17
10593,34,5,2,15,2020-04-03,41.72
10594,38,5,5,26,2020-04-03,26.58
10595,40,5,5,22,2020-04-03,37.77
10596,4,6,1,32,2020-04-03,19.29
10597,8,6,6,25,2020-04-03,19.51
10598,14,6,4,33,2020-04-03,30.97
10599,18,6,2,27,2020-04-03,29.39
10600,34,6,2,33,2020-04-03,39.02
10601,40,6,3,24,2020-04-03,33.64
10602,12,7,4,33,2020-04-03,48.80
10603,18,7,6,25,2020-04-03,30.89
10604,24,7,3,26,2020-04-03,33.46
10605,30,7,6,26,2020-04-03,39.11
10606,6,8,1,29,2020-04-03,12.96
10607,14,8,4,30,2020-04-03,36.97
10608,20,8,6,21,2020-04-03,26.17
10609,22,8,2,28,2020-04-03,27.24
10610,26,8,5,24,2020-04-03,31.79
10611,30,8,6,35,2020-04-03,38.37
10612,36,8,3,33,2020-04-03,31.11
10613,38,8,5,29,2020-04-03,28.23
10614,40,8,5,24,2020-04-03,38.96
10615,2,9,1,33,2020-04-03,17.60
10616,4,9,6,33,2020-04-03,19.73
10617,6,9,6,29,2020-04-03,14.45
10618,8,9,6,30,2020-04-03,18.54
10619,10,9,6,40,2020-04-03,24.17
10620,18,9,2,37,2020-04-03,33.97
10621,22,9,2,35,2020-04-03,24.82
10622,24,9,5,26,2020-04-03,30.41
10623,28,9,1,28,2020-04-03,24.65
10624,30,9,1,33,2020-04-03,38.62
10625,32,9,4,23,2020-04-03,32.61
10626,4,10,6,28,2020-04-03,22.78
10627,6,10,6,28,2020-04-03,12.82
10628,14,10,4,20,2020-04-03,31.31
10629,18,10,6,36,2020-04-03,30.92
10630,24,10,5,17,2020-04-03,32.30
10631,30,10,1,25,2020-04-03,33.58
10632,34,10,4,30,2020-04-03,38.77
10633,38,10,5,20,2020-04-03,30.20
10634,42,10,4,37,2020-04-03,12.53
10635,4,11,1,30,2020-04-03,20.80
10636,12,11,2,22,2020-04-03,44.39
10637,24,11,5,26,2020-04-03,29.50
10638,28,11,1,19,2020-04-03,23.79
10639,30,11,1,27,2020-04-03,37.92
10640,32,11,2,35,2020-04-03,30.85
10641,42,11,6,30,2020-04-03,11.85
10642,2,12,1,25,2020-04-03,18.34
10643,4,12,1,25,2020-04-03,22.88
10644,6,12,1,23,2020-04-03,13.25
10645,8,12,6,22,2020-04-03,19.15
10646,12,12,4,17,2020-04-03,43.31
10647,22,12,2,30,2020-04-03,26.14
10648,28,12,6,25,2020-04-03,23.04
10649,30,12,1,24,2020-04-03,32.64
10650,42,12,6,25,2020-04-03,13.69
10651,11,1,2,23,2020-04-17,21.21
10652,19,1,2,27,2020-04-17,42.33
10653,13,2,4,28,2020-04-17,39.44
10654,27,2,1,24,2020-04-17,17.77
10655,13,3,4,27,2020-04-17,39.05
10656,27,3,1,36,2020-04-17,18.72
10657,31,3,6,27,2020-04-17,23.47
10658,13,4,4,19,2020-04-17,38.37
10659,23,4,3,26,2020-04-17,27.64
10660,25,4,3,23,2020-04-17,25.95
10661,31,4,1,15,2020-04-17,25.34
10662,39,4,3,27,2020-04-17,33.93
10663,11,5,6,20,2020-04-17,18.42
10664,17,5,2,25,2020-04-17,46.25
10665,19,5,6,25,2020-04-17,36.89
10666,25,5,3,16,2020-04-17,22.77
10667,27,5,6,19,2020-04-17,19.49
10668,31,5,6,27,2020-04-17,25.11
10669,43,5,6,30,2020-04-17,8.59
10670,7,6,6,15,2020-04-17,15.93
10671,17,6,2,19,2020-04-17,40.27
10672,21,6,2,25,2020-04-17,52.25
10673,23,6,5,25,2020-04-17,30.04
10674,1,7,6,21,2020-04-17,16.33
10675,3,7,6,24,2020-04-17,15.79
10676,9,7,6,23,2020-04-17,16.10
10677,15,7,2,10,2020-04-17,49.72
10678,21,7,6,20,2020-04-17,51.51
10679,25,7,5,16,2020-04-17,23.97
10680,39,7,3,24,2020-04-17,29.10
10681,7,8,6,25,2020-04-17,16.27
10682,19,8,6,29,2020-04-17,37.68
10683,21,8,6,24,2020-04-17,50.23
10684,27,8,6,24,2020-04-17,19.75
10685,35,8,3,20,2020-04-17,20.55
10686,39,8,3,19,2020-04-17,34.10
10687,41,8,4,20,2020-04-17,10.48
10688,5,9,1,29,2020-04-17,17.16
10689,13,9,2,22,2020-04-17,38.53
10690,15,9,2,24,2020-04-17,55.47
10691,17,9,2,27,2020-04-17,45.66
10692,21,9,6,20,2020-04-17,48.72
10693,25,9,5,18,2020-04-17,22.48
10694,29,9,6,24,2020-04-17,17.08
10695,33,9,2,19,2020-04-17,31.89
10696,35,9,3,27,2020-04-17,21.97
10697,37,9,3,21,2020-04-17,29.43
10698,39,9,5,28,2020-04-17,28.19
10699,1,10,6,26,2020-04-17,16.69
10700,5,10,1,32,2020-04-17,18.28
10701,7,10,6,21,2020-04-17,15.69
10702,15,10,2,24,2020-04-17,57.31
10703,17,10,2,24,2020-04-17,45.31
10704,31,10,6,24,2020-04-17,26.37
10705,37,10,3,18,2020-04-17,28.10
10706,7,11,2,22,2020-04-17,17.11
10707,15,11,4,18,2020-04-17,50.16
10708,17,11,4,19,2020-04-17,43.68
10709,19,11,6,24,2020-04-17,39.51
10710,25,11,3,25,2020-04-17,25.23
10711,29,11,6,29,2020-04-17,16.65
10712,33,11,2,15,2020-04-17,28.31
10713,35,11,3,17,2020-04-17,20.10
10714,39,11,5,18,2020-04-17,33.44
10715,41,11,6,29,2020-04-17,11.15
10716,3,12,1,24,2020-04-17,14.65
10717,9,12,6,27,2020-04-17,14.54
10718,13,12,2,17,2020-04-17,34.52
10719,15,12,4,12,2020-04-17,55.11
10720,17,12,4,18,2020-04-17,41.31
10721,19,12,2,18,2020-04-17,39.65
10722,25,12,3,24,2020-04-17,22.64
10723,29,12,6,19,2020-04-17,17.31
10724,35,12,3,26,2020-04-17,20.74
10725,37,12,3,23,2020-04-17,29.46
10726,4,1,6,31,2020-05-04,22.49
10727,8,1,6,30,2020-05-04,17.86
10728,12,1,2,28,2020-05-04,41.48
10729,18,1,6,24,2020-05-04,32.47
10730,26,1,5,21,2020-05-04,29.90
10731,40,1,3,26,2020-05-04,37.31
10732,2,2,1,26,2020-05-04,18.95
10733,4,2,6,32,2020-05-04,22.36
10734,6,2,1,21,2020-05-04,14.12
10735,10,2,2,38,2020-05-04,20.75
10736,12,2,4,13,2020-05-04,45.64
10737,24,2,5,26,2020-05-04,28.45
10738,30,2,6,27,2020-05-04,36.92
10739,36,2,3,31,2020-05-04,31.26
10740,38,2,5,24,2020-05-04,29.09
10741,42,2,6,30,2020-05-04,13.74
10742,16,3,2,28,2020-05-04,65.02
10743,20,3,6,32,2020-05-04,24.92
10744,24,3,3,18,2020-05-04,33.50
10745,28,3,1,33,2020-05-04,23.25
10746,30,3,6,25,2020-05-04,32.66
10747,32,3,4,23,2020-05-04,37.37
10748,34,3,4,25,2020-05-04,38.61
10749,36,3,3,28,2020-05-04,35.07
10750,38,3,5,22,2020-05-04,30.63
10751,40,3,5,28,2020-05-04,32.88
10752,42,3,4,22,2020-05-04,12.74
10753,4,4,1,28,2020-05-04,20.23
10754,6,4,6,28,2020-05-04,12.90
10755,8,4,6,12,2020-05-04,17.16
10756,10,4,6,20,2020-05-04,21.34
10757,12,4,4,26,2020-05-04,40.89
10758,18,4,2,28,2020-05-04,34.12
10759,20,4,2,18,2020-05-04,24.75
10760,22,4,2,19,2020-05-04,29.09
10761,30,4,1,24,2020-05-04,33.30
10762,32,4,2,11,2020-05-04,36.87
10763,34,4,4,22,2020-05-04,40.19
10764,36,4,3,30,2020-05-04,33.48
10765,2,5,6,19,2020-05-04,20.73
10766,4,5,1,21,2020-05-04,22.30
10767,6,5,1,13,2020-05-04,14.05
10768,10,5,2,15,2020-05-04,23.68
10769,18,5,6,16,2020-05-04,35.00
10770,22,5,2,23,2020-05-04,27.76
10771,32,5,4,25,2020-05-04,32.83
10772,36,5,3,11,2020-05-04,31.68
10773,42,5,6,26,2020-05-04,13.56
10774,2,6,6,27,2020-05-04,17.68
10775,6,6,1,28,2020-05-04,13.88
10776,10,6,2,28,2020-05-04,24.14
10777,12,6,2,24,2020-05-04,40.27
10778,16,6,4,21,2020-05-04,57.88
10779,20,6,2,24,2020-05-04,22.98
10780,22,6,2,10,2020-05-04,25.57
10781,24,6,3,28,2020-05-04,31.75
10782,26,6,3,19,2020-05-04,31.87
10783,28,6,6,35,2020-05-04,22.96
10784,30,6,6,25,2020-05-04,37.75
10785,32,6,4,14,2020-05-04,35.39
10786,36,6,3,28,2020-05-04,34.92
10787,38,6,3,19,2020-05-04,30.33
10788,42,6,4,19,2020-05-04,13.40
10789,2,7,1,32,2020-05-04,17.14
10790,4,7,6,27,2020-05-04,20.47
10791,6,7,1,22,2020-05-04,13.93
10792,8,7,2,21,2020-05-04,20.81
10793,10,7,2,18,2020-05-04,22.94
10794,14,7,2,16,2020-05-04,37.37
10795,16,7,2,20,2020-05-04,55.65
10796,20,7,6,27,2020-05-04,25.48
10797,22,7,6,21,2020-05-04,24.76
10798,26,7,5,25,2020-05-04,27.92
10799,28,7,1,23,2020-05-04,22.52
10800,32,7,4,14,2020-05-04,34.32
10801,34,7,4,20,2020-05-04,44.56
10802,36,7,3,23,2020-05-04,29.35
10803,38,7,3,23,2020-05-04,29.17
10804,40,7,3,19,2020-05-04,38.44
10805,42,7,6,20,2020-05-04,11.79
10806,2,8,1,32,2020-05-04,20.34
10807,4,8,6,25,2020-05-04,20.18
10808,8,8,2,32,2020-05-04,17.14
10809,10,8,2,13,2020-05-04,23.42
10810,12,8,4,20,2020-05-04,46.60
10811,16,8,2,29,2020-05-04,55.97
10812,18,8,6,25,2020-05-04,35.48
10813,24,8,3,23,2020-05-04,32.71
10814,28,8,6,33,2020-05-04,21.69
10815,32,8,2,16,2020-05-04,33.21
10816,34,8,4,24,2020-05-04,41.18
10817,40,8,5,26,2020-05-04,33.62
10818,42,8,4,24,2020-05-04,13.01
10819,12,9,4,9,2020-05-04,42.11
10820,14,9,4,23,2020-05-04,37.05
10821,16,9,2,7,2020-05-04,57.96
10822,20,9,2,35,2020-05-04,25.01
10823,26,9,3,20,2020-05-04,29.63
10824,34,9,4,16,2020-05-04,42.36
10825,36,9,3,23,2020-05-04,32.13
10826,38,9,3,16,2020-05-04,28.97
10827,40,9,5,26,2020-05-04,32.93
10828,42,9,6,19,2020-05-04,11.63
10829,2,10,6,29,2020-05-04,19.96
10830,8,10,2,26,2020-05-04,20.36
10831,10,10,2,22,2020-05-04,22.57
10832,12,10,4,17,2020-05-04,46.07
10833,16,10,2,16,2020-05-04,65.29
10834,20,10,6,26,2020-05-04,24.70
10835,22,10,6,31,2020-05-04,25.17
10836,26,10,5,19,2020-05-04,29.60
10837,28,10,1,31,2020-05-04,22.39
10838,32,10,4,10,2020-05-04,32.32
10839,36,10,3,13,2020-05-04,31.15
10840,40,10,3,14,2020-05-04,34.60
10841,2,11,6,28,2020-05-04,18.67
10842,4,11,1,26,2020-05-04,20.81
10843,6,11,6,19,2020-05-04,13.75
10844,8,11,6,30,2020-05-04,17.28
10845,10,11,6,25,2020-05-04,22.20
10846,14,11,2,16,2020-05-04,36.52
10847,16,11,2,26,2020-05-04,59.45
10848,18,11,2,18,2020-05-04,33.19
10849,20,11,6,16,2020-05-04,25.07
10850,22,11,2,25,2020-05-04,27.01
10851,26,11,3,16,2020-05-04,29.43
10852,34,11,4,17,2020-05-04,43.94
10853,36,11,3,13,2020-05-04,31.82
10854,38,11,5,22,2020-05-04,29.05
10855,40,11,5,15,2020-05-04,38.38
10856,10,12,6,20,2020-05-04,23.75
10857,14,12,2,12,2020-05-04,32.95
10858,18,12,2,15,2020-05-04,31.31
10859,20,12,2,14,2020-05-04,25.18
10860,24,12,3,19,2020-05-04,29.28
10861,26,12,3,18,2020-05-04,28.68
10862,32,12,4,23,2020-05-04,35.71
10863,34,12,4,23,2020-05-04,43.47
10864,36,12,3,14,2020-05-04,33.02
10865,38,12,5,16,2020-05-04,28.00
10866,40,12,5,24,2020-05-04,33.34
10867,1,1,1,43,2020-05-18,16.25
10868,3,1,1,24,2020-05-18,15.15
10869,5,1,1,32,2020-05-18,18.82
10870,7,1,6,31,2020-05-18,17.58
10871,9,1,6,40,2020-05-18,14.53
10872,11,1,2,34,2020-05-18,21.49
10873,13,1,2,23,2020-05-18,38.16
10874,15,1,4,29,2020-05-18,55.41
10875,17,1,4,25,2020-05-18,45.91
10876,21,1,2,20,2020-05-18,48.16
10877,23,1,5,22,2020-05-18,30.07
10878,25,1,3,14,2020-05-18,25.80
10879,27,1,1,59,2020-05-18,18.35
10880,29,1,6,42,2020-05-18,18.34
10881,31,1,1,43,2020-05-18,26.02
10882,33,1,4,22,2020-05-18,30.32
10883,35,1,3,40,2020-05-18,19.03
10884,37,1,3,22,2020-05-18,29.22
10885,39,1,3,27,2020-05-18,28.59
10886,41,1,6,34,2020-05-18,11.38
10887,43,1,6,42,2020-05-18,9.71
10888,1,2,6,49,2020-05-18,16.33
10889,3,2,6,37,2020-05-18,14.91
10890,5,2,6,47,2020-05-18,18.16
10891,7,2,2,33,2020-05-18,16.78
10892,9,2,2,41,2020-05-18,14.59
10893,11,2,6,40,2020-05-18,21.05
10894,15,2,4,20,2020-05-18,56.45
10895,17,2,4,26,2020-05-18,45.65
10896,19,2,2,18,2020-05-18,41.35
10897,21,2,2,22,2020-05-18,44.38
10898,23,2,5,26,2020-05-18,28.13
10899,25,2,5,17,2020-05-18,23.63
10900,27,2,6,59,2020-05-18,20.12
10901,29,2,1,39,2020-05-18,18.24
10902,31,2,6,32,2020-05-18,23.10
10903,33,2,4,26,2020-05-18,28.30
10904,35,2,3,28,2020-05-18,21.19
10905,37,2,3,18,2020-05-18,26.85
10906,39,2,3,23,2020-05-18,33.69
10907,41,2,4,35,2020-05-18,11.76
10908,43,2,4,59,2020-05-18,8.89
10909,1,3,1,47,2020-05-18,15.32
10910,3,3,1,26,2020-05-18,15.26
10911,5,3,1,30,2020-05-18,17.32
10912,7,3,2,22,2020-05-18,15.04
10913,9,3,2,19,2020-05-18,16.32
10914,11,3,6,45,2020-05-18,19.73
10915,15,3,4,21,2020-05-18,51.30
10916,17,3,4,11,2020-05-18,39.44
10917,19,3,2,19,2020-05-18,40.51
10918,21,3,2,13,2020-05-18,50.84
10919,23,3,5,29,2020-05-18,24.86
10920,25,3,3,22,2020-05-18,25.14
10921,27,3,1,28,2020-05-18,19.30
10922,29,3,6,47,2020-05-18,15.95
10923,33,3,4,24,2020-05-18,31.44
10924,35,3,3,24,2020-05-18,22.34
10925,37,3,3,28,2020-05-18,27.60
10926,39,3,3,39,2020-05-18,30.02
10927,41,3,4,36,2020-05-18,10.76
10928,43,3,6,24,2020-05-18,9.31
10929,1,4,6,23,2020-05-18,16.24
10930,3,4,1,20,2020-05-18,13.65
10931,5,4,1,25,2020-05-18,16.89
10932,7,4,2,22,2020-05-18,15.33
10933,9,4,6,20,2020-05-18,15.80
10934,11,4,6,22,2020-05-18,20.21
10935,15,4,2,12,2020-05-18,52.74
10936,17,4,4,21,2020-05-18,42.56
10937,19,4,6,21,2020-05-18,39.90
10938,21,4,2,16,2020-05-18,46.76
10939,27,4,6,32,2020-05-18,20.71
10940,29,4,1,32,2020-05-18,17.49
10941,33,4,2,9,2020-05-18,28.81
10942,35,4,3,8,2020-05-18,19.38
10943,37,4,3,31,2020-05-18,25.13
10944,41,4,6,33,2020-05-18,12.02
10945,43,4,4,16,2020-05-18,9.29
10946,1,5,1,33,2020-05-18,15.85
10947,3,5,1,23,2020-05-18,15.53
10948,5,5,6,17,2020-05-18,17.94
10949,7,5,6,19,2020-05-18,17.02
10950,9,5,6,29,2020-05-18,16.46
10951,13,5,2,12,2020-05-18,38.10
10952,15,5,4,7,2020-05-18,51.91
10953,21,5,2,19,2020-05-18,51.66
10954,23,5,5,13,2020-05-18,27.42
10955,27,5,6,29,2020-05-18,20.22
10956,29,5,1,19,2020-05-18,17.87
10957,31,5,1,20,2020-05-18,23.46
10958,33,5,2,23,2020-05-18,30.19
10959,35,5,3,18,2020-05-18,22.60
10960,37,5,3,17,2020-05-18,28.51
10961,39,5,3,19,2020-05-18,28.20
10962,41,5,6,22,2020-05-18,11.24
10963,43,5,4,25,2020-05-18,9.51
10964,1,6,1,35,2020-05-18,14.48
10965,3,6,1,25,2020-05-18,14.93
10966,5,6,6,26,2020-05-18,16.42
10967,7,6,6,28,2020-05-18,14.93
10968,9,6,2,20,2020-05-18,13.96
10969,11,6,6,26,2020-05-18,19.29
10970,13,6,2,19,2020-05-18,40.68
10971,15,6,2,16,2020-05-18,54.57
10972,19,6,6,21,2020-05-18,35.48
10973,25,6,3,18,2020-05-18,22.77
10974,27,6,6,22,2020-05-18,20.65
10975,29,6,1,43,2020-05-18,16.62
10976,31,6,1,31,2020-05-18,23.97
10977,33,6,2,23,2020-05-18,31.57
10978,35,6,3,25,2020-05-18,21.56
10979,37,6,3,31,2020-05-18,27.37
10980,39,6,3,16,2020-05-18,33.30
10981,41,6,4,47,2020-05-18,11.67
10982,43,6,4,17,2020-05-18,8.85
10983,3,7,6,33,2020-05-18,14.27
10984,5,7,6,24,2020-05-18,16.10
10985,7,7,2,20,2020-05-18,16.91
10986,11,7,6,26,2020-05-18,21.12
10987,13,7,4,19,2020-05-18,36.93
10988,17,7,2,19,2020-05-18,43.31
10989,19,7,2,15,2020-05-18,38.51
10990,23,7,3,25,2020-05-18,28.82
10991,27,7,1,41,2020-05-18,18.49
10992,29,7,6,25,2020-05-18,17.26
10993,31,7,1,43,2020-05-18,26.11
10994,33,7,2,20,2020-05-18,31.18
10995,35,7,3,15,2020-05-18,20.07
10996,37,7,3,14,2020-05-18,26.52
10997,41,7,6,32,2020-05-18,11.27
10998,43,7,6,37,2020-05-18,8.91
10999,1,8,6,26,2020-05-18,16.77
11000,3,8,1,17,2020-05-18,13.33
11001,5,8,6,17,2020-05-18,18.55
11002,9,8,2,30,2020-05-18,15.54
11003,11,8,6,34,2020-05-18,21.52
11004,13,8,4,29,2020-05-18,34.67
11005,15,8,2,15,2020-05-18,54.56
11006,17,8,2,20,2020-05-18,46.55
11007,23,8,3,9,2020-05-18,26.83
11008,25,8,3,17,2020-05-18,21.70
11009,27,8,1,44,2020-05-18,17.57
11010,29,8,1,42,2020-05-18,16.03
11011,31,8,1,23,2020-05-18,23.32
11012,33,8,2,18,2020-05-18,30.72
11013,37,8,3,14,2020-05-18,28.71
11014,41,8,6,32,2020-05-18,11.16
11015,43,8,4,32,2020-05-18,8.76
11016,1,9,6,26,2020-05-18,16.21
11017,3,9,6,28,2020-05-18,15.27
11018,7,9,6,23,2020-05-18,17.39
11019,9,9,2,24,2020-05-18,14.99
11020,11,9,2,21,2020-05-18,19.03
11021,19,9,6,19,2020-05-18,36.84
11022,23,9,5,21,2020-05-18,25.45
11023,27,9,6,35,2020-05-18,17.58
11024,29,9,6,36,2020-05-18,15.84
11025,31,9,1,23,2020-05-18,24.11
11026,41,9,4,26,2020-05-18,10.62
11027,43,9,6,25,2020-05-18,9.66
11028,1,10,6,28,2020-05-18,16.38
11029,3,10,1,27,2020-05-18,15.17
11030,7,10,6,29,2020-05-18,16.45
11031,9,10,2,27,2020-05-18,15.92
11032,11,10,6,28,2020-05-18,20.66
11033,13,10,2,18,2020-05-18,35.49
11034,19,10,6,21,2020-05-18,37.09
11035,21,10,2,27,2020-05-18,51.65
11036,23,10,5,12,2020-05-18,25.41
11037,25,10,5,19,2020-05-18,24.71
11038,27,10,6,38,2020-05-18,19.63
11039,29,10,6,32,2020-05-18,16.45
11040,33,10,4,25,2020-05-18,28.88
11041,35,10,3,17,2020-05-18,19.47
11042,39,10,5,26,2020-05-18,32.55
11043,41,10,6,30,2020-05-18,10.95
11044,43,10,6,20,2020-05-18,9.15
11045,1,11,1,22,2020-05-18,16.74
11046,3,11,6,41,2020-05-18,15.34
11047,5,11,1,27,2020-05-18,17.44
11048,7,11,2,32,2020-05-18,16.96
11049,9,11,6,20,2020-05-18,14.27
11050,11,11,2,28,2020-05-18,21.78
11051,13,11,2,14,2020-05-18,36.55
11052,21,11,6,23,2020-05-18,52.10
11053,23,11,5,14,2020-05-18,29.65
11054,27,11,1,35,2020-05-18,19.78
11055,29,11,6,27,2020-05-18,16.40
11056,31,11,1,21,2020-05-18,24.66
11057,37,11,3,21,2020-05-18,28.78
11058,43,11,4,36,2020-05-18,8.63
11059,1,12,1,21,2020-05-18,15.05
11060,3,12,1,30,2020-05-18,15.24
11061,5,12,6,17,2020-05-18,16.92
11062,7,12,2,20,2020-05-18,16.36
11063,11,12,6,31,2020-05-18,21.16
11064,21,12,6,12,2020-05-18,49.49
11065,23,12,3,15,2020-05-18,25.60
11066,27,12,1,29,2020-05-18,18.45
11067,31,12,6,16,2020-05-18,24.10
11068,33,12,4,16,2020-05-18,30.47
11069,39,12,3,9,2020-05-18,30.05
11070,41,12,6,19,2020-05-18,9.96
11071,43,12,6,30,2020-05-18,8.12
11072,2,1,1,29,2020-06-03,19.53
11073,4,1,1,29,2020-06-03,22.48
11074,6,1,1,35,2020-06-03,14.14
11075,8,1,6,32,2020-06-03,19.73
11076,10,1,2,37,2020-06-03,21.20
11077,14,1,4,25,2020-06-03,31.95
11078,16,1,4,19,2020-06-03,54.02
11079,18,1,2,26,2020-06-03,32.72
11080,20,1,6,34,2020-06-03,22.67
11081,22,1,6,34,2020-06-03,29.57
11082,24,1,5,31,2020-06-03,28.07
11083,28,1,1,55,2020-06-03,22.68
11084,30,1,1,41,2020-06-03,36.63
11085,32,1,4,35,2020-06-03,36.99
11086,34,1,2,35,2020-06-03,38.70
11087,36,1,3,35,2020-06-03,32.83
11088,38,1,3,32,2020-06-03,30.28
11089,40,1,5,32,2020-06-03,33.62
11090,42,1,6,48,2020-06-03,12.29
11091,2,2,1,35,2020-06-03,20.26
11092,4,2,1,48,2020-06-03,20.74
11093,6,2,1,43,2020-06-03,12.33
11094,8,2,2,47,2020-06-03,17.18
11095,10,2,2,30,2020-06-03,23.37
11096,14,2,4,25,2020-06-03,35.79
11097,16,2,2,16,2020-06-03,56.84
11098,18,2,6,26,2020-06-03,33.54
11099,20,2,6,35,2020-06-03,23.43
11100,22,2,6,49,2020-06-03,26.63
11101,26,2,5,21,2020-06-03,26.81
11102,28,2,6,58,2020-06-03,24.58
11103,30,2,1,32,2020-06-03,36.10
11104,32,2,2,26,2020-06-03,36.97
11105,34,2,2,36,2020-06-03,38.70
11106,36,2,3,32,2020-06-03,32.64
11107,38,2,3,36,2020-06-03,26.89
11108,40,2,3,40,2020-06-03,33.81
11109,42,2,6,41,2020-06-03,12.67
11110,2,3,6,30,2020-06-03,18.40
11111,4,3,1,47,2020-06-03,22.86
11112,6,3,1,47,2020-06-03,12.28
11113,8,3,6,26,2020-06-03,18.80
11114,10,3,2,35,2020-06-03,22.24
11115,12,3,4,20,2020-06-03,47.84
11116,14,3,4,25,2020-06-03,36.25
11117,18,3,2,36,2020-06-03,31.93
11118,22,3,2,40,2020-06-03,25.01
11119,26,3,3,24,2020-06-03,28.08
11120,28,3,1,30,2020-06-03,23.80
11121,30,3,6,33,2020-06-03,35.52
11122,38,3,5,24,2020-06-03,29.15
11123,40,3,3,26,2020-06-03,36.43
11124,42,3,4,33,2020-06-03,12.11
11125,2,4,6,25,2020-06-03,18.18
11126,4,4,6,30,2020-06-03,20.74
11127,6,4,6,28,2020-06-03,12.22
11128,14,4,4,15,2020-06-03,32.09
11129,16,4,4,19,2020-06-03,64.79
11130,24,4,5,14,2020-06-03,31.28
11131,26,4,5,13,2020-06-03,27.51
11132,28,4,1,30,2020-06-03,22.71
11133,38,4,5,15,2020-06-03,27.86
11134,40,4,3,22,2020-06-03,35.58
11135,42,4,6,19,2020-06-03,12.54
11136,4,5,6,33,2020-06-03,20.20
11137,8,5,6,14,2020-06-03,19.39
11138,12,5,2,14,2020-06-03,43.92
11139,16,5,2,19,2020-06-03,58.99
11140,20,5,2,11,2020-06-03,24.73
11141,24,5,5,14,2020-06-03,31.16
11142,26,5,5,17,2020-06-03,26.59
11143,28,5,6,34,2020-06-03,21.60
11144,30,5,6,15,2020-06-03,39.43
11145,34,5,2,17,2020-06-03,45.68
11146,38,5,3,16,2020-06-03,27.58
11147,40,5,3,24,2020-06-03,39.50
11148,4,6,1,48,2020-06-03,19.67
11149,6,6,1,29,2020-06-03,14.11
11150,8,6,2,32,2020-06-03,19.27
11151,14,6,4,18,2020-06-03,35.77
11152,18,6,6,30,2020-06-03,30.93
11153,20,6,6,28,2020-06-03,25.48
11154,22,6,6,37,2020-06-03,25.60
11155,28,6,6,33,2020-06-03,23.28
11156,30,6,6,29,2020-06-03,37.65
11157,32,6,2,26,2020-06-03,36.16
11158,34,6,2,18,2020-06-03,43.23
11159,36,6,3,29,2020-06-03,34.10
11160,38,6,3,30,2020-06-03,29.41
11161,40,6,3,32,2020-06-03,38.43
11162,42,6,4,28,2020-06-03,13.62
11163,2,7,6,25,2020-06-03,18.97
11164,4,7,1,36,2020-06-03,22.61
11165,8,7,6,35,2020-06-03,18.64
11166,12,7,4,20,2020-06-03,41.23
11167,18,7,6,23,2020-06-03,29.65
11168,20,7,6,32,2020-06-03,25.18
11169,24,7,3,17,2020-06-03,29.22
11170,28,7,1,30,2020-06-03,23.25
11171,30,7,1,26,2020-06-03,36.46
11172,32,7,2,20,2020-06-03,31.38
11173,42,7,4,29,2020-06-03,12.72
11174,2,8,1,31,2020-06-03,18.39
11175,4,8,6,35,2020-06-03,22.03
11176,6,8,1,41,2020-06-03,13.54
11177,10,8,6,24,2020-06-03,20.38
11178,14,8,4,16,2020-06-03,36.39
11179,20,8,2,46,2020-06-03,25.16
11180,22,8,2,34,2020-06-03,28.88
11181,26,8,3,25,2020-06-03,30.38
11182,28,8,6,36,2020-06-03,20.25
11183,30,8,6,23,2020-06-03,32.64
11184,36,8,3,26,2020-06-03,34.13
11185,38,8,3,23,2020-06-03,27.84
11186,40,8,5,23,2020-06-03,33.73
11187,2,9,6,28,2020-06-03,20.41
11188,4,9,1,23,2020-06-03,22.10
11189,6,9,1,33,2020-06-03,14.41
11190,8,9,2,18,2020-06-03,19.81
11191,10,9,6,22,2020-06-03,24.41
11192,18,9,2,15,2020-06-03,35.32
11193,22,9,6,24,2020-06-03,28.47
11194,24,9,3,17,2020-06-03,29.74
11195,28,9,1,27,2020-06-03,23.29
11196,30,9,1,28,2020-06-03,38.03
11197,32,9,2,19,2020-06-03,36.01
11198,2,10,6,25,2020-06-03,17.30
11199,4,10,1,41,2020-06-03,22.34
11200,6,10,6,38,2020-06-03,13.34
11201,14,10,2,13,2020-06-03,37.11
11202,18,10,6,23,2020-06-03,32.89
11203,24,10,3,23,2020-06-03,32.21
11204,28,10,6,26,2020-06-03,23.51
11205,30,10,1,27,2020-06-03,35.55
11206,34,10,2,24,2020-06-03,44.65
11207,38,10,5,19,2020-06-03,31.13
11208,40,10,5,30,2020-06-03,35.84
11209,42,10,6,22,2020-06-03,11.72
11210,2,11,1,23,2020-06-03,18.35
11211,4,11,6,21,2020-06-03,20.90
11212,10,11,6,30,2020-06-03,21.28
11213,12,11,4,13,2020-06-03,42.71
11214,20,11,6,30,2020-06-03,26.04
11215,22,11,2,39,2020-06-03,28.25
11216,24,11,5,20,2020-06-03,33.09
11217,28,11,1,25,2020-06-03,23.32
11218,30,11,6,30,2020-06-03,33.81
11219,32,11,4,24,2020-06-03,31.12
11220,36,11,3,20,2020-06-03,33.55
11221,42,11,6,32,2020-06-03,12.35
11222,2,12,6,28,2020-06-03,17.21
11223,4,12,6,21,2020-06-03,19.50
11224,6,12,1,31,2020-06-03,12.37
11225,8,12,2,17,2020-06-03,20.75
11226,12,12,2,14,2020-06-03,47.70
11227,16,12,4,18,2020-06-03,60.01
11228,22,12,6,27,2020-06-03,26.21
11229,28,12,6,28,2020-06-03,23.23
11230,30,12,1,19,2020-06-03,33.16
11231,42,12,4,38,2020-06-03,12.05
11232,1,1,6,29,2020-06-17,17.05
11233,3,1,1,36,2020-06-17,13.12
11234,5,1,1,27,2020-06-17,15.88
11235,9,1,6,31,2020-06-17,15.37
11236,11,1,2,33,2020-06-17,19.88
11237,15,1,4,19,2020-06-17,56.19
11238,19,1,2,29,2020-06-17,41.84
11239,21,1,6,28,2020-06-17,50.62
11240,23,1,3,28,2020-06-17,24.92
11241,27,1,1,38,2020-06-17,19.69
11242,29,1,1,29,2020-06-17,17.42
11243,31,1,6,34,2020-06-17,23.12
11244,33,1,2,22,2020-06-17,26.97
11245,43,1,6,37,2020-06-17,8.19
11246,1,2,6,33,2020-06-17,17.20
11247,3,2,6,39,2020-06-17,14.66
11248,5,2,6,27,2020-06-17,15.86
11249,7,2,6,47,2020-06-17,16.87
11250,9,2,2,39,2020-06-17,16.28
11251,11,2,2,49,2020-06-17,21.52
11252,13,2,4,34,2020-06-17,36.56
11253,17,2,4,30,2020-06-17,41.13
11254,19,2,6,32,2020-06-17,42.20
11255,21,2,6,29,2020-06-17,47.99
11256,23,2,3,33,2020-06-17,29.32
11257,25,2,3,26,2020-06-17,22.92
11258,27,2,1,54,2020-06-17,18.73
11259,29,2,1,40,2020-06-17,15.42
11260,31,2,1,37,2020-06-17,24.03
11261,33,2,4,24,2020-06-17,30.39
11262,35,2,3,20,2020-06-17,19.79
11263,41,2,4,62,2020-06-17,11.59
11264,43,2,4,46,2020-06-17,8.39
11265,1,3,6,24,2020-06-17,15.09
11266,3,3,1,42,2020-06-17,15.71
11267,5,3,1,23,2020-06-17,19.03
11268,7,3,6,31,2020-06-17,14.41
11269,11,3,6,48,2020-06-17,20.62
11270,13,3,4,25,2020-06-17,36.86
11271,27,3,6,33,2020-06-17,18.69
11272,29,3,6,35,2020-06-17,17.80
11273,31,3,6,40,2020-06-17,26.05
11274,37,3,3,35,2020-06-17,28.66
11275,39,3,3,25,2020-06-17,28.82
11276,41,3,4,35,2020-06-17,10.69
11277,43,3,6,42,2020-06-17,8.70
11278,1,4,6,29,2020-06-17,15.92
11279,3,4,6,22,2020-06-17,15.15
11280,5,4,1,32,2020-06-17,18.40
11281,11,4,6,28,2020-06-17,20.92
11282,13,4,4,16,2020-06-17,36.88
11283,23,4,5,23,2020-06-17,27.66
11284,25,4,3,16,2020-06-17,25.01
11285,27,4,6,40,2020-06-17,19.77
11286,31,4,6,26,2020-06-17,23.96
11287,33,4,2,20,2020-06-17,29.56
11288,39,4,5,29,2020-06-17,32.16
11289,41,4,4,27,2020-06-17,10.18
11290,3,5,6,27,2020-06-17,13.93
11291,9,5,6,24,2020-06-17,13.89
11292,11,5,2,35,2020-06-17,19.50
11293,17,5,4,17,2020-06-17,45.17
11294,19,5,2,19,2020-06-17,35.60
11295,25,5,5,23,2020-06-17,23.15
11296,27,5,1,32,2020-06-17,18.76
11297,41,5,4,20,2020-06-17,10.59
11298,1,6,1,31,2020-06-17,16.06
11299,5,6,6,33,2020-06-17,16.59
11300,9,6,6,34,2020-06-17,14.09
11301,11,6,6,20,2020-06-17,18.25
11302,17,6,2,18,2020-06-17,39.73
11303,19,6,2,24,2020-06-17,35.51
11304,21,6,2,24,2020-06-17,43.02
11305,23,6,3,33,2020-06-17,25.39
11306,27,6,6,34,2020-06-17,18.06
11307,29,6,6,33,2020-06-17,17.80
11308,31,6,6,27,2020-06-17,22.78
11309,41,6,4,31,2020-06-17,11.03
11310,43,6,4,27,2020-06-17,9.24
11311,1,7,1,23,2020-06-17,17.47
11312,5,7,1,31,2020-06-17,18.71
11313,7,7,2,28,2020-06-17,16.93
11314,9,7,2,35,2020-06-17,15.52
11315,15,7,2,20,2020-06-17,51.49
11316,21,7,2,39,2020-06-17,44.54
11317,25,7,5,32,2020-06-17,22.79
11318,27,7,1,29,2020-06-17,19.00
11319,29,7,6,39,2020-06-17,17.63
11320,31,7,6,26,2020-06-17,22.12
11321,33,7,2,28,2020-06-17,26.45
11322,39,7,3,38,2020-06-17,32.05
11323,41,7,4,28,2020-06-17,11.64
11324,1,8,6,41,2020-06-17,17.31
11325,3,8,6,30,2020-06-17,13.99
11326,7,8,2,32,2020-06-17,17.35
11327,9,8,2,33,2020-06-17,15.62
11328,11,8,2,34,2020-06-17,18.42
11329,19,8,6,24,2020-06-17,36.78
11330,21,8,2,31,2020-06-17,42.90
11331,23,8,3,22,2020-06-17,25.30
11332,27,8,1,30,2020-06-17,19.64
11333,31,8,6,27,2020-06-17,24.42
11334,35,8,3,31,2020-06-17,20.18
11335,37,8,3,20,2020-06-17,30.25
11336,39,8,5,26,2020-06-17,33.27
11337,41,8,6,31,2020-06-17,11.93
11338,43,8,4,35,2020-06-17,9.66
11339,5,9,1,33,2020-06-17,16.98
11340,13,9,2,15,2020-06-17,40.39
11341,15,9,4,28,2020-06-17,56.47
11342,17,9,2,19,2020-06-17,46.71
11343,21,9,6,19,2020-06-17,48.08
11344,25,9,3,26,2020-06-17,22.61
11345,33,9,2,18,2020-06-17,27.06
11346,35,9,3,34,2020-06-17,21.53
11347,37,9,3,27,2020-06-17,30.05
11348,39,9,5,10,2020-06-17,31.66
11349,43,9,6,24,2020-06-17,9.36
11350,5,10,1,34,2020-06-17,19.25
11351,9,10,2,21,2020-06-17,16.22
11352,15,10,2,17,2020-06-17,54.24
11353,17,10,4,24,2020-06-17,45.45
11354,27,10,6,35,2020-06-17,19.66
11355,29,10,1,23,2020-06-17,16.47
11356,31,10,1,35,2020-06-17,25.77
11357,37,10,3,20,2020-06-17,28.01
11358,1,11,1,32,2020-06-17,15.88
11359,3,11,6,19,2020-06-17,15.67
11360,9,11,6,22,2020-06-17,14.07
11361,11,11,2,36,2020-06-17,19.94
11362,15,11,2,20,2020-06-17,56.93
11363,17,11,2,24,2020-06-17,40.68
11364,19,11,2,27,2020-06-17,38.10
11365,23,11,5,35,2020-06-17,30.08
11366,25,11,3,9,2020-06-17,22.56
11367,29,11,6,28,2020-06-17,18.05
11368,31,11,1,30,2020-06-17,23.71
11369,33,11,2,20,2020-06-17,31.82
11370,35,11,3,28,2020-06-17,21.14
11371,39,11,3,27,2020-06-17,29.20
11372,41,11,6,38,2020-06-17,11.81
11373,43,11,6,28,2020-06-17,8.18
11374,1,12,1,27,2020-06-17,16.57
11375,9,12,2,19,2020-06-17,15.36
11376,13,12,4,13,2020-06-17,36.29
11377,15,12,4,24,2020-06-17,60.38
11378,17,12,4,20,2020-06-17,38.45
11379,19,12,6,24,2020-06-17,35.87
11380,25,12,5,17,2020-06-17,22.97
11381,29,12,1,43,2020-06-17,18.36
11382,35,12,3,23,2020-06-17,22.66
11383,37,12,3,19,2020-06-17,29.69
11384,2,1,1,31,2020-07-03,20.36
11385,4,1,6,31,2020-07-03,22.61
11386,6,1,1,24,2020-07-03,14.28
11387,8,1,6,33,2020-07-03,19.91
11388,10,1,2,34,2020-07-03,20.83
11389,12,1,2,33,2020-07-03,45.96
11390,14,1,4,29,2020-07-03,34.81
11391,18,1,6,28,2020-07-03,32.74
11392,20,1,2,34,2020-07-03,25.95
11393,22,1,2,22,2020-07-03,29.70
11394,24,1,3,30,2020-07-03,33.65
11395,26,1,5,46,2020-07-03,27.45
11396,28,1,6,42,2020-07-03,21.81
11397,30,1,6,32,2020-07-03,36.28
11398,32,1,2,36,2020-07-03,33.94
11399,34,1,2,28,2020-07-03,44.34
11400,36,1,3,32,2020-07-03,34.69
11401,38,1,3,36,2020-07-03,31.23
11402,40,1,3,29,2020-07-03,37.29
11403,42,1,6,40,2020-07-03,13.43
11404,2,2,1,44,2020-07-03,19.03
11405,4,2,1,44,2020-07-03,21.77
11406,6,2,6,43,2020-07-03,14.18
11407,8,2,6,33,2020-07-03,18.94
11408,12,2,4,29,2020-07-03,46.41
11409,16,2,4,28,2020-07-03,64.39
11410,18,2,6,39,2020-07-03,33.59
11411,22,2,2,39,2020-07-03,29.58
11412,24,2,3,31,2020-07-03,32.56
11413,26,2,5,30,2020-07-03,28.27
11414,28,2,6,37,2020-07-03,24.19
11415,30,2,1,27,2020-07-03,36.89
11416,32,2,4,25,2020-07-03,36.23
11417,34,2,2,24,2020-07-03,42.35
11418,36,2,3,34,2020-07-03,29.44
11419,38,2,3,29,2020-07-03,30.50
11420,40,2,3,32,2020-07-03,33.54
11421,42,2,4,49,2020-07-03,13.69
11422,2,3,1,26,2020-07-03,17.75
11423,4,3,6,20,2020-07-03,21.67
11424,6,3,6,36,2020-07-03,14.63
11425,8,3,2,33,2020-07-03,17.89
11426,14,3,4,24,2020-07-03,34.13
11427,16,3,2,31,2020-07-03,61.15
11428,18,3,6,26,2020-07-03,32.07
11429,20,3,2,34,2020-07-03,23.14
11430,22,3,6,31,2020-07-03,27.14
11431,24,3,5,26,2020-07-03,28.77
11432,26,3,5,27,2020-07-03,27.34
11433,28,3,1,23,2020-07-03,20.80
11434,32,3,2,30,2020-07-03,34.46
11435,34,3,2,27,2020-07-03,41.68
11436,36,3,3,26,2020-07-03,35.16
11437,38,3,5,30,2020-07-03,30.24
11438,40,3,3,34,2020-07-03,33.49
11439,42,3,6,29,2020-07-03,12.76
11440,4,4,1,25,2020-07-03,21.97
11441,6,4,1,36,2020-07-03,12.64
11442,8,4,6,34,2020-07-03,19.67
11443,10,4,6,35,2020-07-03,20.90
11444,12,4,4,15,2020-07-03,41.64
11445,14,4,2,28,2020-07-03,34.41
11446,18,4,6,35,2020-07-03,29.60
11447,20,4,6,41,2020-07-03,26.06
11448,22,4,6,40,2020-07-03,28.91
11449,24,4,5,30,2020-07-03,32.11
11450,30,4,6,28,2020-07-03,37.06
11451,32,4,4,24,2020-07-03,36.43
11452,34,4,4,37,2020-07-03,42.96
11453,36,4,3,39,2020-07-03,30.29
11454,40,4,3,28,2020-07-03,37.45
11455,2,5,6,29,2020-07-03,19.41
11456,6,5,1,31,2020-07-03,13.72
11457,10,5,6,29,2020-07-03,20.55
11458,14,5,4,12,2020-07-03,34.15
11459,18,5,6,22,2020-07-03,33.56
11460,20,5,6,28,2020-07-03,24.14
11461,22,5,2,26,2020-07-03,28.07
11462,28,5,6,26,2020-07-03,24.18
11463,32,5,4,27,2020-07-03,34.26
11464,36,5,3,17,2020-07-03,30.28
11465,42,5,6,28,2020-07-03,11.38
11466,2,6,1,20,2020-07-03,19.82
11467,4,6,6,36,2020-07-03,21.70
11468,6,6,1,43,2020-07-03,12.71
11469,8,6,2,31,2020-07-03,17.13
11470,10,6,6,27,2020-07-03,22.02
11471,12,6,4,28,2020-07-03,47.20
11472,16,6,4,31,2020-07-03,58.53
11473,18,6,6,32,2020-07-03,30.76
11474,22,6,6,41,2020-07-03,25.29
11475,24,6,5,40,2020-07-03,33.89
11476,26,6,3,36,2020-07-03,30.68
11477,28,6,1,41,2020-07-03,23.02
11478,30,6,1,38,2020-07-03,35.00
11479,32,6,2,25,2020-07-03,36.92
11480,42,6,4,24,2020-07-03,12.57
11481,4,7,1,25,2020-07-03,19.19
11482,6,7,1,45,2020-07-03,13.24
11483,8,7,6,25,2020-07-03,19.36
11484,10,7,2,39,2020-07-03,24.04
11485,14,7,2,20,2020-07-03,33.78
11486,16,7,4,29,2020-07-03,55.68
11487,18,7,6,22,2020-07-03,30.85
11488,20,7,6,36,2020-07-03,22.43
11489,22,7,6,40,2020-07-03,25.08
11490,24,7,3,23,2020-07-03,33.12
11491,26,7,5,40,2020-07-03,26.16
11492,30,7,1,23,2020-07-03,37.16
11493,34,7,4,30,2020-07-03,38.71
11494,36,7,3,24,2020-07-03,29.81
11495,38,7,5,34,2020-07-03,30.91
11496,40,7,5,42,2020-07-03,33.38
11497,42,7,6,25,2020-07-03,11.87
11498,4,8,6,36,2020-07-03,21.77
11499,8,8,6,36,2020-07-03,17.12
11500,12,8,2,31,2020-07-03,46.98
11501,16,8,2,27,2020-07-03,59.53
11502,18,8,2,27,2020-07-03,30.45
11503,20,8,2,36,2020-07-03,25.10
11504,22,8,2,30,2020-07-03,27.01
11505,24,8,5,26,2020-07-03,29.30
11506,26,8,5,37,2020-07-03,29.16
11507,32,8,2,41,2020-07-03,35.18
11508,34,8,2,27,2020-07-03,45.12
11509,42,8,6,45,2020-07-03,12.05
11510,12,9,2,22,2020-07-03,47.36
11511,14,9,4,20,2020-07-03,35.41
11512,16,9,2,16,2020-07-03,58.96
11513,18,9,6,31,2020-07-03,34.10
11514,20,9,6,21,2020-07-03,25.00
11515,22,9,6,30,2020-07-03,25.87
11516,26,9,5,19,2020-07-03,31.78
11517,34,9,2,24,2020-07-03,42.20
11518,36,9,3,24,2020-07-03,33.75
11519,38,9,5,22,2020-07-03,30.79
11520,40,9,5,28,2020-07-03,34.29
11521,42,9,4,29,2020-07-03,12.41
11522,4,10,1,32,2020-07-03,19.03
11523,6,10,6,23,2020-07-03,13.85
11524,8,10,6,38,2020-07-03,20.75
11525,10,10,6,40,2020-07-03,21.03
11526,12,10,4,26,2020-07-03,44.09
11527,16,10,2,21,2020-07-03,62.01
11528,20,10,6,38,2020-07-03,26.30
11529,22,10,2,39,2020-07-03,27.58
11530,26,10,5,36,2020-07-03,31.66
11531,28,10,6,30,2020-07-03,24.39
11532,30,10,6,23,2020-07-03,38.93
11533,32,10,2,18,2020-07-03,33.82
11534,34,10,2,20,2020-07-03,44.06
11535,36,10,3,38,2020-07-03,29.54
11536,38,10,3,35,2020-07-03,31.14
11537,4,11,1,37,2020-07-03,21.82
11538,6,11,1,50,2020-07-03,14.32
11539,8,11,2,27,2020-07-03,18.21
11540,10,11,2,27,2020-07-03,24.09
11541,14,11,4,26,2020-07-03,35.50
11542,16,11,2,24,2020-07-03,55.72
11543,18,11,6,24,2020-07-03,30.50
11544,20,11,6,26,2020-07-03,26.13
11545,26,11,3,24,2020-07-03,30.76
11546,34,11,4,22,2020-07-03,45.42
11547,38,11,3,32,2020-07-03,27.35
11548,40,11,5,30,2020-07-03,35.82
11549,42,11,6,21,2020-07-03,12.84
11550,6,12,6,23,2020-07-03,13.14
11551,10,12,2,23,2020-07-03,21.46
11552,14,12,4,21,2020-07-03,31.28
11553,18,12,2,26,2020-07-03,29.70
11554,20,12,2,20,2020-07-03,22.29
11555,24,12,3,23,2020-07-03,29.02
11556,26,12,3,20,2020-07-03,29.73
11557,32,12,4,20,2020-07-03,30.92
11558,34,12,4,21,2020-07-03,45.34
11559,36,12,3,28,2020-07-03,31.22
11560,38,12,3,25,2020-07-03,30.00
11561,40,12,3,26,2020-07-03,34.87
11562,1,1,1,40,2020-07-17,15.18
11563,3,1,6,54,2020-07-17,13.58
11564,5,1,1,35,2020-07-17,16.48
11565,7,1,2,45,2020-07-17,17.24
11566,9,1,6,47,2020-07-17,15.44
11567,11,1,2,35,2020-07-17,19.30
11568,13,1,4,26,2020-07-17,39.05
11569,15,1,2,37,2020-07-17,52.64
11570,17,1,4,26,2020-07-17,39.23
11571,21,1,2,32,2020-07-17,43.09
11572,23,1,3,32,2020-07-17,30.17
11573,25,1,3,38,2020-07-17,25.53
11574,27,1,6,55,2020-07-17,20.30
11575,29,1,1,34,2020-07-17,16.23
11576,33,1,2,24,2020-07-17,27.39
11577,35,1,3,42,2020-07-17,19.17
11578,37,1,3,35,2020-07-17,28.21
11579,39,1,5,31,2020-07-17,29.40
11580,41,1,4,65,2020-07-17,11.96
11581,43,1,6,56,2020-07-17,9.28
11582,1,2,6,42,2020-07-17,14.97
11583,3,2,6,31,2020-07-17,14.52
11584,5,2,1,33,2020-07-17,17.63
11585,7,2,2,39,2020-07-17,14.58
11586,9,2,6,43,2020-07-17,16.02
11587,11,2,6,57,2020-07-17,19.59
11588,13,2,4,27,2020-07-17,38.12
11589,15,2,4,37,2020-07-17,52.94
11590,17,2,4,30,2020-07-17,43.18
11591,19,2,2,25,2020-07-17,40.26
11592,23,2,3,52,2020-07-17,27.95
11593,25,2,3,29,2020-07-17,22.97
11594,27,2,6,53,2020-07-17,20.30
11595,29,2,1,34,2020-07-17,17.80
11596,31,2,1,34,2020-07-17,25.18
11597,33,2,2,39,2020-07-17,30.98
11598,35,2,3,40,2020-07-17,22.70
11599,37,2,3,37,2020-07-17,28.25
11600,39,2,3,39,2020-07-17,27.99
11601,41,2,4,65,2020-07-17,11.25
11602,43,2,4,42,2020-07-17,8.55
11603,1,3,1,26,2020-07-17,15.06
11604,3,3,1,43,2020-07-17,14.57
11605,5,3,1,25,2020-07-17,17.40
11606,9,3,6,32,2020-07-17,16.16
11607,11,3,2,49,2020-07-17,20.44
11608,15,3,4,28,2020-07-17,58.93
11609,17,3,2,29,2020-07-17,41.29
11610,19,3,6,34,2020-07-17,38.57
11611,21,3,2,19,2020-07-17,49.35
11612,23,3,5,50,2020-07-17,29.23
11613,25,3,3,30,2020-07-17,25.48
11614,27,3,6,26,2020-07-17,17.13
11615,29,3,6,38,2020-07-17,18.63
11616,31,3,1,26,2020-07-17,24.19
11617,33,3,4,45,2020-07-17,27.84
11618,35,3,3,37,2020-07-17,20.50
11619,39,3,3,30,2020-07-17,31.88
11620,41,3,6,39,2020-07-17,11.03
11621,43,3,6,50,2020-07-17,9.55
11622,1,4,1,28,2020-07-17,16.69
11623,3,4,6,37,2020-07-17,13.42
11624,7,4,6,29,2020-07-17,16.10
11625,9,4,2,39,2020-07-17,14.21
11626,11,4,2,23,2020-07-17,19.14
11627,15,4,2,17,2020-07-17,56.16
11628,17,4,2,23,2020-07-17,41.64
11629,19,4,6,12,2020-07-17,36.55
11630,21,4,6,25,2020-07-17,48.56
11631,23,4,3,27,2020-07-17,29.94
11632,27,4,6,30,2020-07-17,18.59
11633,29,4,1,49,2020-07-17,16.64
11634,31,4,6,30,2020-07-17,23.15
11635,33,4,4,20,2020-07-17,29.87
11636,35,4,3,47,2020-07-17,19.41
11637,37,4,3,26,2020-07-17,28.53
11638,41,4,6,26,2020-07-17,11.81
11639,43,4,4,39,2020-07-17,8.99
11640,1,5,6,33,2020-07-17,15.72
11641,3,5,1,24,2020-07-17,14.86
11642,5,5,6,27,2020-07-17,17.50
11643,7,5,6,23,2020-07-17,17.45
11644,11,5,2,28,2020-07-17,21.49
11645,13,5,4,18,2020-07-17,36.98
11646,15,5,2,16,2020-07-17,54.80
11647,21,5,6,25,2020-07-17,50.46
11648,23,5,3,24,2020-07-17,25.74
11649,29,5,6,32,2020-07-17,16.78
11650,31,5,1,20,2020-07-17,21.91
11651,33,5,2,31,2020-07-17,30.10
11652,35,5,3,27,2020-07-17,21.56
11653,37,5,3,22,2020-07-17,29.12
11654,39,5,3,27,2020-07-17,28.91
11655,41,5,6,25,2020-07-17,9.97
11656,43,5,4,36,2020-07-17,9.51
11657,1,6,1,38,2020-07-17,15.92
11658,3,6,6,55,2020-07-17,14.10
11659,5,6,1,31,2020-07-17,16.31
11660,7,6,2,39,2020-07-17,14.97
11661,9,6,6,26,2020-07-17,16.05
11662,11,6,6,40,2020-07-17,18.55
11663,13,6,2,30,2020-07-17,34.35
11664,15,6,2,36,2020-07-17,54.96
11665,19,6,6,24,2020-07-17,38.78
11666,23,6,3,26,2020-07-17,27.45
11667,25,6,3,41,2020-07-17,26.28
11668,27,6,1,25,2020-07-17,19.87
11669,33,6,2,41,2020-07-17,28.84
11670,35,6,3,29,2020-07-17,20.14
11671,37,6,3,38,2020-07-17,26.15
11672,39,6,5,32,2020-07-17,31.40
11673,41,6,6,45,2020-07-17,11.84
11674,43,6,6,49,2020-07-17,9.50
11675,1,7,1,42,2020-07-17,16.13
11676,3,7,6,46,2020-07-17,14.18
11677,5,7,6,30,2020-07-17,17.00
11678,7,7,6,31,2020-07-17,15.26
11679,9,7,2,33,2020-07-17,15.68
11680,11,7,2,64,2020-07-17,20.12
11681,13,7,2,39,2020-07-17,38.26
11682,17,7,4,29,2020-07-17,46.63
11683,19,7,6,29,2020-07-17,40.91
11684,23,7,3,24,2020-07-17,25.55
11685,25,7,3,28,2020-07-17,22.95
11686,27,7,1,36,2020-07-17,18.70
11687,29,7,6,37,2020-07-17,15.66
11688,31,7,1,27,2020-07-17,22.88
11689,33,7,2,21,2020-07-17,31.86
11690,35,7,3,26,2020-07-17,20.56
11691,37,7,3,35,2020-07-17,28.45
11692,41,7,4,22,2020-07-17,11.63
11693,43,7,6,53,2020-07-17,8.67
11694,1,8,1,35,2020-07-17,17.57
11695,3,8,1,40,2020-07-17,15.81
11696,5,8,6,35,2020-07-17,18.94
11697,9,8,6,29,2020-07-17,16.09
11698,11,8,2,36,2020-07-17,18.08
11699,13,8,4,32,2020-07-17,38.58
11700,15,8,2,25,2020-07-17,49.97
11701,17,8,2,26,2020-07-17,41.24
11702,19,8,2,31,2020-07-17,42.86
11703,21,8,2,26,2020-07-17,49.32
11704,23,8,3,30,2020-07-17,29.32
11705,25,8,5,31,2020-07-17,24.19
11706,27,8,1,26,2020-07-17,17.70
11707,29,8,1,39,2020-07-17,17.28
11708,33,8,2,25,2020-07-17,28.57
11709,35,8,3,36,2020-07-17,19.88
11710,39,8,3,20,2020-07-17,30.75
11711,41,8,6,38,2020-07-17,11.33
11712,43,8,4,32,2020-07-17,9.88
11713,1,9,6,35,2020-07-17,16.50
11714,3,9,1,37,2020-07-17,15.42
11715,7,9,6,24,2020-07-17,16.11
11716,9,9,6,33,2020-07-17,14.36
11717,11,9,6,32,2020-07-17,18.05
11718,19,9,6,23,2020-07-17,37.95
11719,23,9,3,19,2020-07-17,26.27
11720,27,9,6,29,2020-07-17,20.17
11721,29,9,6,22,2020-07-17,17.32
11722,31,9,6,32,2020-07-17,25.67
11723,33,9,4,19,2020-07-17,30.51
11724,41,9,4,36,2020-07-17,11.88
11725,43,9,6,28,2020-07-17,9.36
11726,1,10,1,30,2020-07-17,16.62
11727,3,10,6,44,2020-07-17,14.39
11728,5,10,1,25,2020-07-17,16.48
11729,7,10,6,28,2020-07-17,15.94
11730,11,10,2,33,2020-07-17,18.72
11731,13,10,2,15,2020-07-17,34.31
11732,19,10,2,25,2020-07-17,39.54
11733,21,10,6,25,2020-07-17,51.76
11734,23,10,5,38,2020-07-17,25.42
11735,25,10,3,24,2020-07-17,22.12
11736,27,10,6,27,2020-07-17,17.68
11737,29,10,1,32,2020-07-17,17.41
11738,33,10,2,27,2020-07-17,29.56
11739,35,10,3,28,2020-07-17,21.79
11740,39,10,5,41,2020-07-17,29.44
11741,41,10,6,42,2020-07-17,10.11
11742,43,10,6,39,2020-07-17,9.06
11743,1,11,6,32,2020-07-17,15.09
11744,5,11,1,31,2020-07-17,17.57
11745,7,11,2,42,2020-07-17,16.37
11746,9,11,2,28,2020-07-17,14.64
11747,11,11,6,22,2020-07-17,20.44
11748,13,11,4,20,2020-07-17,34.00
11749,15,11,4,31,2020-07-17,52.84
11750,21,11,6,15,2020-07-17,46.54
11751,23,11,3,28,2020-07-17,27.12
11752,25,11,5,22,2020-07-17,23.22
11753,27,11,1,43,2020-07-17,19.52
11754,29,11,1,33,2020-07-17,16.40
11755,33,11,2,25,2020-07-17,27.10
11756,37,11,3,29,2020-07-17,29.14
11757,41,11,6,34,2020-07-17,9.91
11758,43,11,6,46,2020-07-17,8.40
11759,3,12,6,30,2020-07-17,14.98
11760,5,12,6,33,2020-07-17,16.15
11761,7,12,6,24,2020-07-17,17.07
11762,9,12,6,30,2020-07-17,16.18
11763,11,12,2,23,2020-07-17,21.03
11764,21,12,2,26,2020-07-17,48.43
11765,23,12,5,17,2020-07-17,26.66
11766,25,12,3,25,2020-07-17,25.12
11767,27,12,1,40,2020-07-17,20.15
11768,29,12,1,28,2020-07-17,17.39
11769,31,12,1,23,2020-07-17,24.28
11770,33,12,4,14,2020-07-17,30.50
11771,39,12,3,23,2020-07-17,29.33
11772,41,12,6,53,2020-07-17,10.13
11773,43,12,4,50,2020-07-17,8.76
11774,2,1,6,31,2020-08-03,19.40
11775,4,1,6,47,2020-08-03,19.40
11776,6,1,1,54,2020-08-03,12.46
11777,8,1,2,40,2020-08-03,17.14
11778,10,1,2,28,2020-08-03,21.98
11779,12,1,4,39,2020-08-03,45.56
11780,16,1,4,38,2020-08-03,64.78
11781,18,1,2,42,2020-08-03,31.32
11782,20,1,6,34,2020-08-03,22.36
11783,22,1,2,44,2020-08-03,24.75
11784,24,1,5,28,2020-08-03,30.08
11785,26,1,5,39,2020-08-03,29.87
11786,28,1,1,32,2020-08-03,22.67
11787,30,1,1,25,2020-08-03,39.56
11788,32,1,2,31,2020-08-03,30.83
11789,36,1,3,35,2020-08-03,30.73
11790,38,1,3,29,2020-08-03,28.69
11791,40,1,5,24,2020-08-03,39.32
11792,42,1,6,41,2020-08-03,12.16
11793,2,2,1,33,2020-08-03,18.40
11794,4,2,1,49,2020-08-03,21.23
11795,6,2,1,37,2020-08-03,14.00
11796,8,2,2,46,2020-08-03,20.10
11797,10,2,2,38,2020-08-03,22.72
11798,12,2,2,28,2020-08-03,44.86
11799,14,2,2,36,2020-08-03,32.85
11800,16,2,4,51,2020-08-03,56.61
11801,18,2,2,27,2020-08-03,33.52
11802,20,2,2,38,2020-08-03,24.35
11803,22,2,2,39,2020-08-03,27.79
11804,24,2,5,26,2020-08-03,34.06
11805,26,2,5,34,2020-08-03,31.79
11806,28,2,1,40,2020-08-03,21.40
11807,30,2,6,28,2020-08-03,36.80
11808,32,2,2,26,2020-08-03,36.72
11809,36,2,3,32,2020-08-03,33.84
11810,40,2,3,48,2020-08-03,36.74
11811,42,2,6,42,2020-08-03,11.47
11812,2,3,6,25,2020-08-03,20.81
11813,4,3,1,41,2020-08-03,21.97
11814,6,3,1,37,2020-08-03,12.23
11815,8,3,2,22,2020-08-03,18.02
11816,10,3,6,36,2020-08-03,21.98
11817,12,3,4,44,2020-08-03,47.49
11818,16,3,2,29,2020-08-03,58.94
11819,20,3,6,20,2020-08-03,25.45
11820,22,3,6,25,2020-08-03,25.77
11821,26,3,3,37,2020-08-03,27.81
11822,28,3,1,27,2020-08-03,23.14
11823,30,3,1,40,2020-08-03,38.63
11824,36,3,3,22,2020-08-03,30.81
11825,40,3,5,32,2020-08-03,39.50
11826,2,4,1,29,2020-08-03,20.13
11827,6,4,6,32,2020-08-03,12.96
11828,8,4,6,30,2020-08-03,20.31
11829,16,4,4,24,2020-08-03,61.78
11830,20,4,2,25,2020-08-03,23.67
11831,22,4,2,37,2020-08-03,28.35
11832,26,4,5,46,2020-08-03,30.79
11833,28,4,6,38,2020-08-03,23.79
11834,30,4,6,26,2020-08-03,36.01
11835,38,4,3,41,2020-08-03,28.08
11836,40,4,3,32,2020-08-03,33.28
11837,42,4,4,35,2020-08-03,12.69
11838,4,5,6,33,2020-08-03,21.20
11839,8,5,2,30,2020-08-03,18.70
11840,12,5,4,22,2020-08-03,43.97
11841,16,5,4,23,2020-08-03,61.10
11842,24,5,3,29,2020-08-03,29.28
11843,26,5,5,29,2020-08-03,27.39
11844,30,5,6,23,2020-08-03,38.04
11845,34,5,4,28,2020-08-03,40.05
11846,38,5,5,25,2020-08-03,31.00
11847,40,5,5,29,2020-08-03,36.03
11848,2,6,6,27,2020-08-03,18.64
11849,4,6,6,27,2020-08-03,21.95
11850,6,6,1,33,2020-08-03,12.27
11851,8,6,2,27,2020-08-03,19.67
11852,10,6,6,29,2020-08-03,22.05
11853,14,6,2,23,2020-08-03,32.75
11854,18,6,6,25,2020-08-03,35.06
11855,20,6,2,42,2020-08-03,22.86
11856,22,6,6,43,2020-08-03,28.71
11857,28,6,6,35,2020-08-03,23.59
11858,30,6,6,33,2020-08-03,33.40
11859,32,6,4,40,2020-08-03,31.94
11860,34,6,2,35,2020-08-03,43.72
11861,36,6,3,27,2020-08-03,30.47
11862,38,6,3,39,2020-08-03,26.51
11863,40,6,5,45,2020-08-03,32.57
11864,42,6,6,25,2020-08-03,12.74
11865,2,7,1,35,2020-08-03,18.41
11866,4,7,1,28,2020-08-03,21.49
11867,6,7,1,30,2020-08-03,12.67
11868,8,7,6,24,2020-08-03,18.51
11869,10,7,6,28,2020-08-03,24.61
11870,12,7,2,24,2020-08-03,42.02
11871,20,7,6,21,2020-08-03,26.19
11872,22,7,6,29,2020-08-03,27.88
11873,24,7,3,27,2020-08-03,29.75
11874,26,7,5,21,2020-08-03,31.55
11875,28,7,1,39,2020-08-03,22.00
11876,30,7,1,29,2020-08-03,32.75
11877,32,7,4,27,2020-08-03,32.74
11878,36,7,3,33,2020-08-03,30.57
11879,40,7,3,26,2020-08-03,35.72
11880,42,7,6,28,2020-08-03,13.48
11881,2,8,1,33,2020-08-03,19.84
11882,4,8,6,28,2020-08-03,21.33
11883,6,8,1,39,2020-08-03,12.19
11884,8,8,6,22,2020-08-03,18.99
11885,10,8,6,19,2020-08-03,23.29
11886,14,8,4,34,2020-08-03,36.50
11887,16,8,4,29,2020-08-03,63.04
11888,20,8,6,26,2020-08-03,21.94
11889,22,8,2,36,2020-08-03,29.60
11890,26,8,5,31,2020-08-03,30.35
11891,28,8,6,35,2020-08-03,20.98
11892,30,8,6,47,2020-08-03,32.81
11893,36,8,3,35,2020-08-03,31.64
11894,38,8,5,31,2020-08-03,29.96
11895,40,8,3,36,2020-08-03,33.90
11896,42,8,6,30,2020-08-03,12.81
11897,2,9,1,20,2020-08-03,20.21
11898,4,9,1,38,2020-08-03,20.40
11899,6,9,1,31,2020-08-03,12.45
11900,8,9,2,39,2020-08-03,17.19
11901,10,9,6,23,2020-08-03,21.98
11902,24,9,3,22,2020-08-03,29.01
11903,28,9,6,26,2020-08-03,23.13
11904,30,9,1,30,2020-08-03,37.48
11905,32,9,4,33,2020-08-03,34.37
11906,36,9,3,24,2020-08-03,32.45
11907,38,9,3,21,2020-08-03,30.70
11908,2,10,6,20,2020-08-03,19.04
11909,4,10,1,26,2020-08-03,22.05
11910,10,10,2,24,2020-08-03,24.32
11911,14,10,4,35,2020-08-03,34.81
11912,18,10,6,46,2020-08-03,33.61
11913,22,10,2,33,2020-08-03,25.32
11914,24,10,5,27,2020-08-03,33.89
11915,26,10,3,22,2020-08-03,28.70
11916,28,10,6,43,2020-08-03,23.04
11917,32,10,2,28,2020-08-03,36.88
11918,40,10,3,27,2020-08-03,33.34
11919,42,10,4,29,2020-08-03,12.30
11920,2,11,6,27,2020-08-03,18.66
11921,4,11,1,35,2020-08-03,20.35
11922,12,11,2,32,2020-08-03,40.19
11923,16,11,4,24,2020-08-03,62.51
11924,22,11,2,33,2020-08-03,26.30
11925,24,11,3,22,2020-08-03,28.98
11926,26,11,5,30,2020-08-03,29.56
11927,28,11,6,34,2020-08-03,23.34
11928,30,11,6,26,2020-08-03,35.36
11929,32,11,2,33,2020-08-03,31.51
11930,36,11,3,40,2020-08-03,35.48
11931,42,11,4,22,2020-08-03,12.73
11932,2,12,1,25,2020-08-03,19.81
11933,4,12,1,29,2020-08-03,21.09
11934,6,12,6,30,2020-08-03,14.01
11935,8,12,6,26,2020-08-03,17.18
11936,12,12,4,26,2020-08-03,46.58
11937,16,12,2,18,2020-08-03,64.14
11938,22,12,2,30,2020-08-03,26.98
11939,28,12,1,31,2020-08-03,22.18
11940,30,12,6,22,2020-08-03,39.50
11941,36,12,3,24,2020-08-03,30.35
11942,42,12,6,39,2020-08-03,11.47
11943,1,1,1,46,2020-08-17,17.39
11944,3,1,1,49,2020-08-17,14.49
11945,5,1,1,35,2020-08-17,19.13
11946,7,1,6,34,2020-08-17,15.37
11947,9,1,6,37,2020-08-17,15.59
11948,11,1,6,41,2020-08-17,18.23
11949,13,1,4,32,2020-08-17,41.10
11950,17,1,2,31,2020-08-17,41.73
11951,19,1,6,41,2020-08-17,38.55
11952,23,1,3,45,2020-08-17,25.39
11953,25,1,5,35,2020-08-17,22.99
11954,27,1,1,42,2020-08-17,19.05
11955,29,1,1,26,2020-08-17,18.23
11956,31,1,6,34,2020-08-17,23.64
11957,33,1,4,33,2020-08-17,26.37
11958,37,1,3,24,2020-08-17,27.91
11959,39,1,5,28,2020-08-17,30.01
11960,41,1,6,42,2020-08-17,10.71
11961,43,1,4,58,2020-08-17,9.61
11962,1,2,1,46,2020-08-17,16.05
11963,3,2,1,58,2020-08-17,14.74
11964,5,2,6,34,2020-08-17,16.34
11965,7,2,2,38,2020-08-17,14.62
11966,9,2,2,37,2020-08-17,13.52
11967,11,2,6,46,2020-08-17,20.54
11968,13,2,2,25,2020-08-17,35.97
11969,15,2,2,31,2020-08-17,50.26
11970,17,2,4,37,2020-08-17,45.39
11971,19,2,2,32,2020-08-17,39.36
11972,21,2,6,47,2020-08-17,47.11
11973,23,2,3,46,2020-08-17,25.69
11974,25,2,3,26,2020-08-17,23.59
11975,27,2,1,50,2020-08-17,20.12
11976,29,2,6,38,2020-08-17,15.53
11977,31,2,1,43,2020-08-17,22.43
11978,33,2,2,24,2020-08-17,29.23
11979,35,2,3,44,2020-08-17,19.18
11980,37,2,3,44,2020-08-17,27.53
11981,39,2,3,25,2020-08-17,33.11
11982,41,2,6,56,2020-08-17,9.94
11983,43,2,6,70,2020-08-17,9.64
11984,1,3,6,35,2020-08-17,16.67
11985,3,3,1,34,2020-08-17,14.46
11986,5,3,6,28,2020-08-17,18.73
11987,7,3,6,33,2020-08-17,15.47
11988,9,3,6,39,2020-08-17,14.48
11989,11,3,2,32,2020-08-17,18.41
11990,13,3,4,30,2020-08-17,36.92
11991,23,3,3,29,2020-08-17,28.65
11992,25,3,5,31,2020-08-17,22.12
11993,27,3,6,26,2020-08-17,18.12
11994,29,3,6,21,2020-08-17,17.28
11995,35,3,3,19,2020-08-17,19.89
11996,37,3,3,32,2020-08-17,28.18
11997,39,3,3,25,2020-08-17,28.51
11998,41,3,6,23,2020-08-17,10.77
11999,43,3,6,44,2020-08-17,8.88
12000,1,4,6,28,2020-08-17,14.52
12001,5,4,1,40,2020-08-17,16.28
12002,9,4,2,34,2020-08-17,13.76
12003,13,4,2,31,2020-08-17,40.76
12004,19,4,6,22,2020-08-17,42.71
12005,23,4,5,19,2020-08-17,28.21
12006,25,4,3,23,2020-08-17,22.24
12007,27,4,6,34,2020-08-17,18.82
12008,33,4,2,28,2020-08-17,31.40
12009,39,4,5,34,2020-08-17,31.83
12010,41,4,4,27,2020-08-17,11.07
12011,9,5,2,23,2020-08-17,13.71
12012,11,5,2,26,2020-08-17,21.46
12013,17,5,2,14,2020-08-17,44.21
12014,19,5,6,21,2020-08-17,41.05
12015,25,5,5,33,2020-08-17,25.84
12016,27,5,6,26,2020-08-17,20.24
12017,31,5,1,27,2020-08-17,21.67
12018,1,6,6,30,2020-08-17,17.47
12019,3,6,6,31,2020-08-17,13.51
12020,9,6,2,35,2020-08-17,14.29
12021,11,6,6,39,2020-08-17,20.68
12022,13,6,4,26,2020-08-17,35.92
12023,17,6,4,31,2020-08-17,38.43
12024,19,6,2,20,2020-08-17,36.79
12025,21,6,2,45,2020-08-17,49.75
12026,23,6,3,39,2020-08-17,28.49
12027,25,6,5,31,2020-08-17,25.98
12028,27,6,6,40,2020-08-17,20.65
12029,29,6,6,48,2020-08-17,15.71
12030,31,6,6,34,2020-08-17,24.52
12031,37,6,3,34,2020-08-17,27.74
12032,41,6,6,39,2020-08-17,10.29
12033,43,6,6,42,2020-08-17,9.80
12034,1,7,6,31,2020-08-17,17.37
12035,3,7,6,35,2020-08-17,13.42
12036,5,7,1,21,2020-08-17,17.40
12037,7,7,6,25,2020-08-17,15.88
12038,9,7,6,30,2020-08-17,16.27
12039,11,7,2,34,2020-08-17,19.07
12040,13,7,4,27,2020-08-17,35.73
12041,15,7,2,29,2020-08-17,55.14
12042,21,7,2,32,2020-08-17,45.68
12043,23,7,5,25,2020-08-17,28.17
12044,27,7,6,34,2020-08-17,20.63
12045,29,7,1,23,2020-08-17,15.49
12046,33,7,4,27,2020-08-17,27.83
12047,35,7,3,27,2020-08-17,19.96
12048,39,7,5,19,2020-08-17,30.59
12049,41,7,6,34,2020-08-17,12.07
12050,43,7,4,33,2020-08-17,9.12
12051,1,8,6,33,2020-08-17,17.02
12052,3,8,1,36,2020-08-17,15.64
12053,5,8,1,35,2020-08-17,16.07
12054,7,8,6,41,2020-08-17,15.62
12055,11,8,6,29,2020-08-17,19.59
12056,23,8,5,40,2020-08-17,28.35
12057,25,8,3,32,2020-08-17,22.49
12058,27,8,6,38,2020-08-17,17.77
12059,31,8,6,37,2020-08-17,22.30
12060,33,8,2,37,2020-08-17,27.34
12061,35,8,3,28,2020-08-17,20.39
12062,37,8,3,38,2020-08-17,24.75
12063,41,8,4,48,2020-08-17,11.31
12064,43,8,6,35,2020-08-17,8.40
12065,1,9,1,30,2020-08-17,15.39
12066,5,9,1,26,2020-08-17,16.36
12067,7,9,6,26,2020-08-17,14.55
12068,9,9,6,24,2020-08-17,15.86
12069,11,9,6,23,2020-08-17,20.83
12070,13,9,2,36,2020-08-17,40.87
12071,15,9,4,23,2020-08-17,54.64
12072,17,9,4,23,2020-08-17,41.45
12073,21,9,2,26,2020-08-17,46.59
12074,23,9,3,38,2020-08-17,27.27
12075,25,9,5,27,2020-08-17,21.68
12076,29,9,6,26,2020-08-17,15.35
12077,35,9,3,27,2020-08-17,21.68
12078,37,9,3,28,2020-08-17,26.61
12079,39,9,5,40,2020-08-17,31.72
12080,41,9,4,41,2020-08-17,10.59
12081,43,9,4,36,2020-08-17,9.18
12082,1,10,6,25,2020-08-17,15.60
12083,9,10,6,33,2020-08-17,15.87
12084,11,10,6,37,2020-08-17,20.07
12085,13,10,2,35,2020-08-17,37.09
12086,15,10,2,26,2020-08-17,51.06
12087,17,10,2,22,2020-08-17,39.32
12088,21,10,2,23,2020-08-17,49.35
12089,25,10,5,31,2020-08-17,24.72
12090,27,10,1,34,2020-08-17,17.28
12091,29,10,6,27,2020-08-17,17.18
12092,31,10,6,37,2020-08-17,23.11
12093,37,10,3,32,2020-08-17,26.99
12094,41,10,4,23,2020-08-17,11.23
12095,43,10,6,42,2020-08-17,9.78
12096,3,11,1,35,2020-08-17,14.66
12097,9,11,2,31,2020-08-17,15.97
12098,11,11,2,33,2020-08-17,19.45
12099,17,11,4,30,2020-08-17,44.28
12100,19,11,2,31,2020-08-17,37.28
12101,23,11,5,42,2020-08-17,29.88
12102,27,11,1,23,2020-08-17,18.16
12103,29,11,6,25,2020-08-17,15.65
12104,31,11,1,22,2020-08-17,24.47
12105,35,11,3,35,2020-08-17,21.25
12106,39,11,5,34,2020-08-17,33.84
12107,41,11,6,38,2020-08-17,9.92
12108,1,12,6,21,2020-08-17,14.57
12109,3,12,6,25,2020-08-17,15.22
12110,7,12,2,23,2020-08-17,17.40
12111,9,12,2,25,2020-08-17,14.13
12112,13,12,4,15,2020-08-17,37.45
12113,15,12,2,18,2020-08-17,59.31
12114,17,12,2,21,2020-08-17,40.44
12115,19,12,6,24,2020-08-17,37.20
12116,27,12,6,40,2020-08-17,20.02
12117,35,12,3,34,2020-08-17,21.31
12118,37,12,3,18,2020-08-17,29.85
12119,41,12,4,34,2020-08-17,12.00
12120,43,12,4,29,2020-08-17,9.82
12121,2,1,6,33,2020-09-03,18.15
12122,4,1,1,35,2020-09-03,19.73
12123,6,1,1,33,2020-09-03,14.53
12124,8,1,2,41,2020-09-03,17.90
12125,10,1,6,28,2020-09-03,23.43
12126,14,1,2,31,2020-09-03,33.00
12127,16,1,2,25,2020-09-03,61.26
12128,18,1,6,29,2020-09-03,35.70
12129,20,1,6,44,2020-09-03,25.54
12130,22,1,6,44,2020-09-03,29.64
12131,24,1,5,33,2020-09-03,31.74
12132,26,1,5,28,2020-09-03,29.93
12133,28,1,1,49,2020-09-03,21.42
12134,30,1,1,36,2020-09-03,34.47
12135,32,1,2,25,2020-09-03,33.88
12136,34,1,4,32,2020-09-03,42.67
12137,36,1,3,39,2020-09-03,29.37
12138,38,1,5,25,2020-09-03,29.36
12139,40,1,3,24,2020-09-03,38.98
12140,42,1,4,40,2020-09-03,12.11
12141,2,2,6,38,2020-09-03,20.59
12142,4,2,6,53,2020-09-03,22.51
12143,6,2,1,57,2020-09-03,13.49
12144,8,2,2,47,2020-09-03,18.63
12145,10,2,6,30,2020-09-03,20.78
12146,12,2,2,31,2020-09-03,47.12
12147,14,2,2,27,2020-09-03,31.23
12148,16,2,4,39,2020-09-03,54.41
12149,18,2,6,40,2020-09-03,32.57
12150,20,2,2,71,2020-09-03,23.89
12151,22,2,6,41,2020-09-03,25.60
12152,24,2,5,51,2020-09-03,31.28
12153,26,2,5,35,2020-09-03,26.37
12154,28,2,1,43,2020-09-03,21.04
12155,30,2,6,30,2020-09-03,39.05
12156,32,2,4,41,2020-09-03,34.88
12157,34,2,2,48,2020-09-03,45.23
12158,36,2,3,34,2020-09-03,35.67
12159,38,2,3,50,2020-09-03,26.71
12160,40,2,5,47,2020-09-03,36.33
12161,42,2,6,47,2020-09-03,12.24
12162,4,3,1,24,2020-09-03,19.82
12163,6,3,1,33,2020-09-03,13.00
12164,8,3,2,23,2020-09-03,18.71
12165,10,3,6,26,2020-09-03,21.93
12166,14,3,2,35,2020-09-03,34.97
12167,18,3,2,36,2020-09-03,31.77
12168,20,3,2,27,2020-09-03,25.04
12169,22,3,2,24,2020-09-03,27.68
12170,24,3,3,32,2020-09-03,30.55
12171,26,3,3,25,2020-09-03,28.12
12172,28,3,1,33,2020-09-03,22.92
12173,32,3,2,28,2020-09-03,35.12
12174,34,3,2,31,2020-09-03,44.94
12175,36,3,3,23,2020-09-03,34.32
12176,38,3,3,37,2020-09-03,28.12
12177,40,3,3,23,2020-09-03,36.21
12178,42,3,4,54,2020-09-03,12.38
12179,4,4,6,34,2020-09-03,19.79
12180,6,4,6,31,2020-09-03,14.44
12181,8,4,6,35,2020-09-03,18.32
12182,10,4,2,25,2020-09-03,22.28
12183,12,4,4,25,2020-09-03,45.31
12184,14,4,4,34,2020-09-03,30.82
12185,18,4,6,26,2020-09-03,33.25
12186,22,4,2,23,2020-09-03,27.14
12187,24,4,5,43,2020-09-03,32.16
12188,32,4,4,32,2020-09-03,31.21
12189,34,4,2,26,2020-09-03,41.39
12190,36,4,3,27,2020-09-03,31.15
12191,2,5,6,23,2020-09-03,17.84
12192,6,5,6,23,2020-09-03,13.23
12193,10,5,6,22,2020-09-03,23.68
12194,14,5,2,21,2020-09-03,35.96
12195,18,5,2,30,2020-09-03,35.05
12196,20,5,2,28,2020-09-03,22.74
12197,22,5,6,34,2020-09-03,29.27
12198,28,5,6,18,2020-09-03,20.93
12199,32,5,2,29,2020-09-03,32.53
12200,36,5,3,26,2020-09-03,35.39
12201,42,5,6,23,2020-09-03,13.22
12202,2,6,6,29,2020-09-03,19.17
12203,4,6,1,44,2020-09-03,22.93
12204,6,6,6,22,2020-09-03,12.99
12205,12,6,4,27,2020-09-03,42.46
12206,16,6,4,22,2020-09-03,57.72
12207,22,6,2,37,2020-09-03,24.84
12208,24,6,3,35,2020-09-03,28.62
12209,26,6,3,37,2020-09-03,30.11
12210,28,6,6,33,2020-09-03,23.37
12211,32,6,4,21,2020-09-03,31.56
12212,36,6,3,27,2020-09-03,33.21
12213,38,6,3,30,2020-09-03,28.73
12214,40,6,3,33,2020-09-03,34.37
12215,42,6,4,27,2020-09-03,11.90
12216,2,7,6,25,2020-09-03,19.91
12217,4,7,1,26,2020-09-03,20.87
12218,6,7,6,22,2020-09-03,12.77
12219,14,7,4,36,2020-09-03,36.87
12220,16,7,2,37,2020-09-03,60.65
12221,18,7,2,39,2020-09-03,35.00
12222,20,7,2,28,2020-09-03,23.93
12223,22,7,2,37,2020-09-03,29.09
12224,24,7,3,25,2020-09-03,33.10
12225,26,7,3,30,2020-09-03,27.96
12226,32,7,2,31,2020-09-03,36.40
12227,34,7,2,24,2020-09-03,43.52
12228,38,7,3,26,2020-09-03,31.00
12229,42,7,4,26,2020-09-03,12.50
12230,2,8,6,28,2020-09-03,20.37
12231,4,8,6,24,2020-09-03,20.75
12232,6,8,1,35,2020-09-03,14.35
12233,8,8,6,34,2020-09-03,19.69
12234,12,8,4,24,2020-09-03,46.94
12235,16,8,4,26,2020-09-03,55.96
12236,18,8,6,21,2020-09-03,34.23
12237,24,8,3,34,2020-09-03,33.95
12238,26,8,5,26,2020-09-03,31.13
12239,28,8,6,29,2020-09-03,22.68
12240,32,8,4,39,2020-09-03,33.31
12241,34,8,4,25,2020-09-03,46.11
12242,38,8,3,22,2020-09-03,28.15
12243,42,8,6,40,2020-09-03,11.82
12244,4,9,6,32,2020-09-03,19.67
12245,6,9,1,29,2020-09-03,12.91
12246,10,9,6,28,2020-09-03,23.94
12247,12,9,2,24,2020-09-03,46.31
12248,14,9,4,34,2020-09-03,32.05
12249,16,9,4,27,2020-09-03,59.94
12250,18,9,6,30,2020-09-03,29.70
12251,20,9,6,34,2020-09-03,25.89
12252,22,9,6,37,2020-09-03,29.48
12253,26,9,3,37,2020-09-03,26.45
12254,28,9,1,22,2020-09-03,22.57
12255,34,9,4,20,2020-09-03,38.73
12256,36,9,3,23,2020-09-03,29.84
12257,40,9,5,21,2020-09-03,33.96
12258,42,9,6,24,2020-09-03,12.06
12259,2,10,6,31,2020-09-03,18.84
12260,4,10,6,32,2020-09-03,21.08
12261,6,10,1,48,2020-09-03,14.79
12262,8,10,2,36,2020-09-03,20.14
12263,12,10,2,24,2020-09-03,47.39
12264,16,10,4,31,2020-09-03,64.49
12265,20,10,6,40,2020-09-03,23.49
12266,30,10,1,24,2020-09-03,38.29
12267,34,10,2,23,2020-09-03,41.82
12268,36,10,3,32,2020-09-03,32.83
12269,38,10,3,21,2020-09-03,29.44
12270,40,10,3,39,2020-09-03,38.52
12271,42,10,6,23,2020-09-03,12.75
12272,4,11,1,25,2020-09-03,20.65
12273,6,11,1,32,2020-09-03,14.76
12274,8,11,2,30,2020-09-03,18.81
12275,10,11,6,31,2020-09-03,23.88
12276,14,11,2,23,2020-09-03,33.75
12277,18,11,6,24,2020-09-03,35.40
12278,20,11,2,36,2020-09-03,23.14
12279,22,11,2,23,2020-09-03,28.80
12280,28,11,1,28,2020-09-03,24.45
12281,34,11,4,26,2020-09-03,45.05
12282,38,11,3,26,2020-09-03,27.46
12283,40,11,5,37,2020-09-03,33.30
12284,42,11,6,28,2020-09-03,12.81
12285,4,12,6,24,2020-09-03,19.31
12286,8,12,6,21,2020-09-03,17.26
12287,10,12,2,25,2020-09-03,21.91
12288,14,12,4,20,2020-09-03,33.93
12289,18,12,2,30,2020-09-03,33.29
12290,20,12,6,26,2020-09-03,23.79
12291,24,12,5,30,2020-09-03,29.55
12292,26,12,3,41,2020-09-03,29.97
12293,32,12,2,27,2020-09-03,31.76
12294,34,12,2,23,2020-09-03,42.88
12295,38,12,3,23,2020-09-03,30.93
12296,40,12,3,26,2020-09-03,36.79
12297,3,1,6,36,2020-09-17,15.28
12298,5,1,6,34,2020-09-17,16.20
12299,7,1,6,35,2020-09-17,15.16
12300,9,1,2,46,2020-09-17,16.39
12301,11,1,6,37,2020-09-17,19.74
12302,13,1,4,21,2020-09-17,34.94
12303,15,1,2,26,2020-09-17,51.77
12304,17,1,2,23,2020-09-17,41.50
12305,19,1,6,23,2020-09-17,39.17
12306,21,1,6,33,2020-09-17,43.03
12307,23,1,3,21,2020-09-17,27.98
12308,27,1,1,48,2020-09-17,17.90
12309,29,1,6,33,2020-09-17,16.80
12310,33,1,2,27,2020-09-17,29.89
12311,35,1,3,40,2020-09-17,21.03
12312,37,1,3,22,2020-09-17,26.41
12313,41,1,4,44,2020-09-17,11.12
12314,43,1,6,50,2020-09-17,9.21
12315,1,2,6,40,2020-09-17,14.97
12316,3,2,1,35,2020-09-17,15.68
12317,7,2,2,26,2020-09-17,14.82
12318,9,2,6,36,2020-09-17,15.38
12319,11,2,2,66,2020-09-17,18.15
12320,13,2,4,32,2020-09-17,35.28
12321,15,2,2,40,2020-09-17,60.38
12322,19,2,2,23,2020-09-17,36.49
12323,23,2,5,37,2020-09-17,28.57
12324,25,2,3,33,2020-09-17,26.02
12325,27,2,6,43,2020-09-17,19.66
12326,29,2,1,31,2020-09-17,17.85
12327,31,2,6,35,2020-09-17,22.26
12328,33,2,2,33,2020-09-17,31.25
12329,35,2,3,34,2020-09-17,23.06
12330,37,2,3,42,2020-09-17,25.76
12331,39,2,5,38,2020-09-17,31.05
12332,41,2,6,51,2020-09-17,11.17
12333,43,2,4,70,2020-09-17,8.64
12334,1,3,6,36,2020-09-17,16.94
12335,3,3,1,34,2020-09-17,15.41
12336,7,3,2,40,2020-09-17,15.29
12337,9,3,6,40,2020-09-17,13.51
12338,11,3,2,33,2020-09-17,21.79
12339,15,3,4,29,2020-09-17,51.03
12340,17,3,4,27,2020-09-17,44.30
12341,19,3,2,38,2020-09-17,35.94
12342,21,3,6,25,2020-09-17,50.17
12343,23,3,5,28,2020-09-17,28.97
12344,27,3,6,34,2020-09-17,19.00
12345,29,3,1,35,2020-09-17,15.44
12346,31,3,1,41,2020-09-17,22.10
12347,33,3,4,43,2020-09-17,28.75
12348,35,3,3,30,2020-09-17,23.08
12349,39,3,3,34,2020-09-17,30.13
12350,41,3,4,35,2020-09-17,10.41
12351,43,3,6,34,2020-09-17,8.73
12352,3,4,6,33,2020-09-17,14.63
12353,7,4,6,33,2020-09-17,14.75
12354,11,4,6,34,2020-09-17,20.43
12355,15,4,4,23,2020-09-17,54.31
12356,17,4,2,19,2020-09-17,40.25
12357,21,4,2,19,2020-09-17,46.24
12358,23,4,5,27,2020-09-17,28.58
12359,27,4,1,29,2020-09-17,17.63
12360,29,4,6,34,2020-09-17,18.69
12361,31,4,1,22,2020-09-17,22.56
12362,35,4,3,28,2020-09-17,22.78
12363,37,4,3,24,2020-09-17,27.08
12364,39,4,3,29,2020-09-17,28.16
12365,41,4,6,24,2020-09-17,10.89
12366,43,4,6,47,2020-09-17,8.96
12367,1,5,1,27,2020-09-17,16.54
12368,3,5,1,26,2020-09-17,13.51
12369,5,5,1,22,2020-09-17,18.76
12370,7,5,6,24,2020-09-17,16.21
12371,13,5,4,22,2020-09-17,41.09
12372,15,5,4,22,2020-09-17,58.92
12373,19,5,2,28,2020-09-17,42.22
12374,21,5,6,17,2020-09-17,47.15
12375,23,5,3,28,2020-09-17,25.44
12376,29,5,1,36,2020-09-17,15.93
12377,33,5,2,21,2020-09-17,31.02
12378,35,5,3,22,2020-09-17,20.95
12379,37,5,3,25,2020-09-17,30.00
12380,39,5,3,24,2020-09-17,32.53
12381,41,5,4,43,2020-09-17,11.20
12382,43,5,4,41,2020-09-17,9.53
12383,1,6,1,40,2020-09-17,14.94
12384,3,6,6,22,2020-09-17,13.68
12385,5,6,1,33,2020-09-17,17.57
12386,7,6,6,38,2020-09-17,17.10
12387,9,6,2,25,2020-09-17,14.50
12388,11,6,6,27,2020-09-17,20.52
12389,15,6,2,38,2020-09-17,57.35
12390,19,6,6,23,2020-09-17,38.55
12391,23,6,5,38,2020-09-17,26.54
12392,27,6,6,32,2020-09-17,18.50
12393,33,6,2,48,2020-09-17,30.00
12394,35,6,3,23,2020-09-17,20.36
12395,37,6,3,22,2020-09-17,27.40
12396,39,6,5,36,2020-09-17,30.83
12397,41,6,6,50,2020-09-17,10.85
12398,43,6,4,49,2020-09-17,8.92
12399,1,7,1,27,2020-09-17,16.82
12400,7,7,6,32,2020-09-17,17.51
12401,9,7,2,25,2020-09-17,15.78
12402,17,7,2,26,2020-09-17,39.83
12403,19,7,2,19,2020-09-17,42.74
12404,23,7,3,23,2020-09-17,25.45
12405,25,7,3,25,2020-09-17,23.33
12406,27,7,6,34,2020-09-17,17.65
12407,29,7,6,19,2020-09-17,16.66
12408,31,7,6,42,2020-09-17,24.91
12409,37,7,3,25,2020-09-17,29.57
12410,41,7,6,44,2020-09-17,11.48
12411,43,7,6,28,2020-09-17,9.21
12412,1,8,1,26,2020-09-17,14.64
12413,3,8,6,25,2020-09-17,13.94
12414,7,8,6,25,2020-09-17,17.42
12415,9,8,2,36,2020-09-17,13.83
12416,11,8,6,26,2020-09-17,21.52
12417,13,8,4,38,2020-09-17,35.68
12418,15,8,2,33,2020-09-17,54.86
12419,17,8,4,24,2020-09-17,39.28
12420,19,8,6,29,2020-09-17,38.51
12421,21,8,6,33,2020-09-17,48.92
12422,23,8,3,32,2020-09-17,25.84
12423,27,8,6,37,2020-09-17,17.57
12424,29,8,6,35,2020-09-17,16.43
12425,39,8,5,37,2020-09-17,33.00
12426,41,8,6,42,2020-09-17,10.82
12427,43,8,4,28,2020-09-17,8.87
12428,1,9,1,21,2020-09-17,17.33
12429,3,9,1,36,2020-09-17,15.32
12430,5,9,1,27,2020-09-17,18.24
12431,7,9,2,31,2020-09-17,14.41
12432,9,9,2,23,2020-09-17,14.20
12433,11,9,2,20,2020-09-17,18.46
12434,19,9,2,26,2020-09-17,36.00
12435,27,9,6,28,2020-09-17,18.80
12436,29,9,6,20,2020-09-17,16.20
12437,31,9,6,32,2020-09-17,23.50
12438,33,9,4,32,2020-09-17,29.72
12439,41,9,4,31,2020-09-17,11.16
12440,43,9,6,27,2020-09-17,8.66
12441,3,10,1,39,2020-09-17,13.31
12442,5,10,1,37,2020-09-17,15.85
12443,7,10,2,42,2020-09-17,16.22
12444,9,10,6,32,2020-09-17,13.59
12445,11,10,6,29,2020-09-17,18.28
12446,17,10,4,29,2020-09-17,45.37
12447,19,10,6,20,2020-09-17,35.32
12448,21,10,2,29,2020-09-17,50.49
12449,23,10,3,44,2020-09-17,27.64
12450,27,10,6,42,2020-09-17,17.91
12451,33,10,4,31,2020-09-17,27.67
12452,35,10,3,22,2020-09-17,20.04
12453,39,10,5,19,2020-09-17,32.24
12454,41,10,6,35,2020-09-17,10.01
12455,43,10,4,39,2020-09-17,8.50
12456,1,11,6,30,2020-09-17,15.71
12457,3,11,6,24,2020-09-17,15.72
12458,5,11,6,43,2020-09-17,17.60
12459,7,11,6,25,2020-09-17,15.73
12460,9,11,2,25,2020-09-17,15.75
12461,11,11,2,28,2020-09-17,21.69
12462,13,11,4,33,2020-09-17,40.89
12463,15,11,4,38,2020-09-17,54.30
12464,19,11,6,24,2020-09-17,39.19
12465,21,11,6,23,2020-09-17,45.46
12466,23,11,5,24,2020-09-17,26.27
12467,25,11,3,29,2020-09-17,23.06
12468,27,11,1,23,2020-09-17,17.30
12469,29,11,6,25,2020-09-17,15.44
12470,33,11,2,36,2020-09-17,29.98
12471,37,11,3,42,2020-09-17,29.69
12472,41,11,4,29,2020-09-17,10.65
12473,43,11,6,48,2020-09-17,8.41
12474,5,12,1,39,2020-09-17,17.16
12475,11,12,2,35,2020-09-17,20.31
12476,21,12,2,20,2020-09-17,50.91
12477,23,12,3,34,2020-09-17,28.95
12478,25,12,5,17,2020-09-17,21.64
12479,29,12,6,46,2020-09-17,16.87
12480,31,12,1,28,2020-09-17,23.95
12481,33,12,2,28,2020-09-17,29.74
12482,39,12,3,22,2020-09-17,28.39
12483,43,12,6,22,2020-09-17,9.60
12484,2,1,1,34,2020-10-05,19.05
12485,4,1,1,50,2020-10-05,22.18
12486,6,1,1,32,2020-10-05,13.29
12487,10,1,6,26,2020-10-05,22.37
12488,12,1,4,35,2020-10-05,45.75
12489,14,1,2,29,2020-10-05,30.66
12490,16,1,2,23,2020-10-05,54.49
12491,18,1,6,35,2020-10-05,29.52
12492,20,1,2,27,2020-10-05,23.49
12493,22,1,2,42,2020-10-05,25.22
12494,26,1,3,34,2020-10-05,30.83
12495,28,1,1,39,2020-10-05,20.38
12496,30,1,1,28,2020-10-05,35.03
12497,32,1,4,36,2020-10-05,31.37
12498,38,1,5,21,2020-10-05,28.42
12499,40,1,5,42,2020-10-05,37.34
12500,42,1,4,27,2020-10-05,12.40
12501,2,2,6,32,2020-10-05,18.72
12502,4,2,6,43,2020-10-05,22.33
12503,6,2,6,41,2020-10-05,12.39
12504,8,2,2,51,2020-10-05,20.32
12505,10,2,2,39,2020-10-05,24.04
12506,14,2,2,21,2020-10-05,35.67
12507,16,2,4,26,2020-10-05,56.07
12508,18,2,6,25,2020-10-05,30.59
12509,20,2,2,40,2020-10-05,23.56
12510,22,2,6,61,2020-10-05,28.15
12511,24,2,3,35,2020-10-05,32.13
12512,26,2,5,46,2020-10-05,26.35
12513,28,2,1,54,2020-10-05,22.64
12514,30,2,6,25,2020-10-05,34.81
12515,32,2,4,40,2020-10-05,36.75
12516,34,2,2,26,2020-10-05,39.34
12517,36,2,3,36,2020-10-05,30.65
12518,38,2,5,25,2020-10-05,28.48
12519,40,2,3,53,2020-10-05,33.41
12520,42,2,6,42,2020-10-05,12.64
12521,2,3,1,29,2020-10-05,20.62
12522,4,3,6,39,2020-10-05,21.28
12523,6,3,1,29,2020-10-05,14.25
12524,8,3,2,20,2020-10-05,18.95
12525,10,3,2,26,2020-10-05,22.01
12526,12,3,2,31,2020-10-05,42.46
12527,16,3,2,32,2020-10-05,65.79
12528,18,3,6,21,2020-10-05,29.44
12529,20,3,2,38,2020-10-05,21.96
12530,24,3,3,36,2020-10-05,33.20
12531,28,3,6,25,2020-10-05,21.85
12532,30,3,6,39,2020-10-05,39.20
12533,32,3,4,30,2020-10-05,33.32
12534,34,3,4,26,2020-10-05,38.95
12535,36,3,3,30,2020-10-05,32.29
12536,38,3,3,28,2020-10-05,28.67
12537,42,3,6,31,2020-10-05,11.86
12538,2,4,6,29,2020-10-05,19.83
12539,16,4,2,26,2020-10-05,64.43
12540,20,4,6,13,2020-10-05,24.16
12541,26,4,3,23,2020-10-05,27.86
12542,28,4,6,22,2020-10-05,24.57
12543,30,4,6,19,2020-10-05,33.90
12544,38,4,3,18,2020-10-05,29.02
12545,40,4,3,28,2020-10-05,38.54
12546,42,4,4,21,2020-10-05,13.35
12547,4,5,6,32,2020-10-05,22.16
12548,6,5,1,31,2020-10-05,14.07
12549,8,5,6,27,2020-10-05,18.05
12550,12,5,4,22,2020-10-05,42.12
12551,16,5,4,31,2020-10-05,62.46
12552,22,5,2,27,2020-10-05,26.45
12553,24,5,5,27,2020-10-05,33.41
12554,26,5,3,36,2020-10-05,26.75
12555,30,5,1,14,2020-10-05,38.58
12556,34,5,4,21,2020-10-05,40.95
12557,38,5,5,19,2020-10-05,26.51
12558,40,5,5,35,2020-10-05,34.90
12559,4,6,1,28,2020-10-05,19.37
12560,6,6,6,35,2020-10-05,13.25
12561,8,6,6,35,2020-10-05,17.79
12562,10,6,2,42,2020-10-05,22.68
12563,14,6,2,32,2020-10-05,31.26
12564,16,6,4,40,2020-10-05,64.86
12565,18,6,6,33,2020-10-05,33.94
12566,20,6,6,29,2020-10-05,22.01
12567,22,6,6,24,2020-10-05,30.19
12568,24,6,5,25,2020-10-05,33.35
12569,26,6,5,32,2020-10-05,28.81
12570,28,6,6,29,2020-10-05,24.58
12571,30,6,1,29,2020-10-05,34.47
12572,34,6,4,22,2020-10-05,39.74
12573,36,6,3,33,2020-10-05,33.72
12574,6,7,1,27,2020-10-05,14.04
12575,8,7,6,42,2020-10-05,18.17
12576,10,7,2,22,2020-10-05,24.66
12577,12,7,2,33,2020-10-05,48.02
12578,20,7,6,31,2020-10-05,26.38
12579,22,7,2,36,2020-10-05,28.81
12580,24,7,5,24,2020-10-05,31.81
12581,26,7,5,32,2020-10-05,26.18
12582,28,7,1,41,2020-10-05,23.24
12583,30,7,6,28,2020-10-05,32.74
12584,32,7,2,25,2020-10-05,36.69
12585,36,7,3,35,2020-10-05,31.52
12586,40,7,5,38,2020-10-05,32.82
12587,42,7,6,29,2020-10-05,13.58
12588,4,8,6,26,2020-10-05,22.18
12589,6,8,6,21,2020-10-05,12.47
12590,8,8,6,34,2020-10-05,18.39
12591,10,8,2,36,2020-10-05,22.75
12592,12,8,2,26,2020-10-05,43.37
12593,14,8,4,39,2020-10-05,34.59
12594,16,8,2,25,2020-10-05,55.33
12595,18,8,6,27,2020-10-05,30.96
12596,20,8,2,25,2020-10-05,25.08
12597,22,8,2,25,2020-10-05,26.14
12598,28,8,6,23,2020-10-05,20.63
12599,30,8,1,30,2020-10-05,39.07
12600,32,8,4,25,2020-10-05,31.62
12601,36,8,3,33,2020-10-05,30.31
12602,40,8,5,35,2020-10-05,38.98
12603,42,8,4,40,2020-10-05,13.52
12604,2,9,6,27,2020-10-05,17.26
12605,6,9,1,23,2020-10-05,12.73
12606,8,9,2,29,2020-10-05,19.59
12607,18,9,6,26,2020-10-05,30.39
12608,24,9,3,22,2020-10-05,30.24
12609,28,9,6,25,2020-10-05,24.14
12610,30,9,1,33,2020-10-05,35.20
12611,32,9,4,18,2020-10-05,31.41
12612,38,9,3,26,2020-10-05,26.99
12613,40,9,3,26,2020-10-05,37.54
12614,4,10,6,32,2020-10-05,20.66
12615,8,10,2,27,2020-10-05,20.67
12616,10,10,6,20,2020-10-05,24.08
12617,14,10,4,24,2020-10-05,33.98
12618,18,10,2,27,2020-10-05,35.66
12619,22,10,6,37,2020-10-05,29.75
12620,24,10,5,22,2020-10-05,29.63
12621,26,10,3,41,2020-10-05,29.07
12622,28,10,6,48,2020-10-05,20.42
12623,32,10,4,28,2020-10-05,35.76
12624,40,10,5,25,2020-10-05,33.97
12625,2,11,1,41,2020-10-05,19.78
12626,4,11,1,40,2020-10-05,20.63
12627,6,11,6,36,2020-10-05,14.25
12628,10,11,2,25,2020-10-05,20.26
12629,12,11,4,23,2020-10-05,41.54
12630,14,11,2,27,2020-10-05,34.80
12631,16,11,2,22,2020-10-05,57.78
12632,18,11,2,34,2020-10-05,29.83
12633,20,11,6,28,2020-10-05,24.09
12634,24,11,5,23,2020-10-05,28.59
12635,26,11,3,19,2020-10-05,30.03
12636,28,11,1,28,2020-10-05,23.41
12637,30,11,6,32,2020-10-05,38.26
12638,32,11,2,46,2020-10-05,31.67
12639,36,11,3,28,2020-10-05,31.25
12640,38,11,5,27,2020-10-05,26.79
12641,42,11,4,24,2020-10-05,12.57
12642,2,12,6,24,2020-10-05,17.34
12643,6,12,6,38,2020-10-05,14.33
12644,10,12,6,28,2020-10-05,22.86
12645,12,12,2,21,2020-10-05,41.22
12646,16,12,4,16,2020-10-05,63.78
12647,20,12,6,26,2020-10-05,23.26
12648,22,12,6,31,2020-10-05,29.05
12649,28,12,1,33,2020-10-05,24.14
12650,30,12,6,20,2020-10-05,34.20
12651,36,12,3,35,2020-10-05,33.06
12652,42,12,4,40,2020-10-05,11.61
12653,1,1,1,59,2020-10-19,15.59
12654,3,1,6,46,2020-10-19,14.90
12655,5,1,1,40,2020-10-19,18.22
12656,7,1,2,31,2020-10-19,15.71
12657,9,1,2,61,2020-10-19,14.16
12658,11,1,2,59,2020-10-19,21.10
12659,13,1,4,37,2020-10-19,40.23
12660,15,1,2,27,2020-10-19,57.91
12661,17,1,4,33,2020-10-19,43.00
12662,19,1,6,32,2020-10-19,39.31
12663,23,1,3,55,2020-10-19,26.58
12664,25,1,5,38,2020-10-19,23.62
12665,27,1,1,57,2020-10-19,17.44
12666,29,1,6,52,2020-10-19,17.46
12667,31,1,6,36,2020-10-19,23.58
12668,33,1,2,48,2020-10-19,26.96
12669,35,1,3,28,2020-10-19,22.53
12670,37,1,3,31,2020-10-19,25.45
12671,39,1,5,49,2020-10-19,31.31
12672,41,1,4,48,2020-10-19,11.13
12673,43,1,4,64,2020-10-19,8.56
12674,1,2,1,60,2020-10-19,15.46
12675,3,2,1,40,2020-10-19,13.71
12676,5,2,1,57,2020-10-19,18.13
12677,7,2,2,31,2020-10-19,16.09
12678,9,2,6,31,2020-10-19,16.46
12679,11,2,2,70,2020-10-19,19.83
12680,15,2,4,30,2020-10-19,56.04
12681,17,2,2,47,2020-10-19,44.71
12682,19,2,6,33,2020-10-19,42.39
12683,21,2,2,34,2020-10-19,51.29
12684,23,2,3,41,2020-10-19,26.03
12685,25,2,5,37,2020-10-19,23.47
12686,27,2,6,44,2020-10-19,18.34
12687,29,2,6,44,2020-10-19,18.01
12688,31,2,1,29,2020-10-19,24.31
12689,33,2,2,43,2020-10-19,28.30
12690,35,2,3,35,2020-10-19,21.17
12691,37,2,3,35,2020-10-19,27.68
12692,39,2,3,36,2020-10-19,30.44
12693,41,2,4,60,2020-10-19,11.57
12694,43,2,6,66,2020-10-19,9.49
12695,1,3,6,45,2020-10-19,14.76
12696,3,3,6,48,2020-10-19,13.88
12697,5,3,1,35,2020-10-19,18.53
12698,7,3,6,34,2020-10-19,17.33
12699,9,3,6,29,2020-10-19,13.71
12700,11,3,2,40,2020-10-19,19.37
12701,13,3,4,32,2020-10-19,34.19
12702,17,3,4,31,2020-10-19,44.41
12703,21,3,6,25,2020-10-19,49.96
12704,23,3,3,42,2020-10-19,28.08
12705,25,3,3,29,2020-10-19,24.68
12706,27,3,1,40,2020-10-19,17.23
12707,29,3,1,32,2020-10-19,15.39
12708,31,3,1,29,2020-10-19,24.47
12709,37,3,3,30,2020-10-19,26.64
12710,39,3,3,25,2020-10-19,29.26
12711,41,3,6,24,2020-10-19,10.29
12712,43,3,6,52,2020-10-19,8.94
12713,1,4,1,28,2020-10-19,15.31
12714,3,4,6,29,2020-10-19,15.91
12715,5,4,1,25,2020-10-19,15.86
12716,7,4,6,33,2020-10-19,17.26
12717,9,4,6,42,2020-10-19,14.61
12718,11,4,6,31,2020-10-19,21.55
12719,13,4,4,25,2020-10-19,38.03
12720,19,4,2,21,2020-10-19,37.40
12721,25,4,3,34,2020-10-19,26.23
12722,27,4,1,35,2020-10-19,19.10
12723,29,4,1,29,2020-10-19,17.17
12724,31,4,1,27,2020-10-19,24.08
12725,33,4,2,45,2020-10-19,26.94
12726,41,4,4,31,2020-10-19,10.33
12727,43,4,4,24,2020-10-19,8.95
12728,3,5,6,25,2020-10-19,15.21
12729,5,5,6,25,2020-10-19,16.70
12730,9,5,6,31,2020-10-19,16.36
12731,11,5,2,42,2020-10-19,18.12
12732,17,5,2,28,2020-10-19,39.65
12733,23,5,5,21,2020-10-19,29.19
12734,25,5,5,28,2020-10-19,23.38
12735,27,5,1,30,2020-10-19,17.71
12736,29,5,6,26,2020-10-19,18.21
12737,31,5,6,34,2020-10-19,25.66
12738,33,5,4,26,2020-10-19,31.46
12739,35,5,3,29,2020-10-19,20.15
12740,41,5,6,23,2020-10-19,11.90
12741,43,5,6,49,2020-10-19,9.89
12742,1,6,1,31,2020-10-19,14.70
12743,3,6,6,34,2020-10-19,13.76
12744,7,6,6,27,2020-10-19,16.18
12745,9,6,2,28,2020-10-19,13.63
12746,11,6,2,41,2020-10-19,20.15
12747,13,6,2,33,2020-10-19,41.09
12748,15,6,4,32,2020-10-19,54.78
12749,17,6,2,33,2020-10-19,43.84
12750,19,6,6,27,2020-10-19,42.36
12751,21,6,6,40,2020-10-19,52.06
12752,23,6,3,33,2020-10-19,25.43
12753,25,6,5,27,2020-10-19,25.67
12754,27,6,1,25,2020-10-19,19.98
12755,29,6,1,42,2020-10-19,16.34
12756,31,6,6,27,2020-10-19,26.38
12757,33,6,4,30,2020-10-19,30.46
12758,35,6,3,23,2020-10-19,21.54
12759,37,6,3,24,2020-10-19,25.24
12760,41,6,6,28,2020-10-19,10.58
12761,43,6,4,53,2020-10-19,9.77
12762,1,7,6,28,2020-10-19,14.59
12763,3,7,6,62,2020-10-19,14.51
12764,5,7,6,39,2020-10-19,16.04
12765,7,7,2,44,2020-10-19,15.61
12766,9,7,6,38,2020-10-19,16.29
12767,11,7,2,51,2020-10-19,19.38
12768,13,7,4,30,2020-10-19,35.97
12769,15,7,2,23,2020-10-19,52.20
12770,21,7,2,27,2020-10-19,44.28
12771,25,7,5,31,2020-10-19,23.77
12772,27,7,1,36,2020-10-19,20.42
12773,29,7,6,35,2020-10-19,18.30
12774,31,7,1,19,2020-10-19,23.34
12775,33,7,2,46,2020-10-19,29.26
12776,35,7,3,43,2020-10-19,20.75
12777,37,7,3,21,2020-10-19,29.34
12778,39,7,3,34,2020-10-19,29.91
12779,41,7,6,41,2020-10-19,10.29
12780,43,7,4,39,2020-10-19,9.33
12781,1,8,6,35,2020-10-19,14.57
12782,3,8,1,31,2020-10-19,14.35
12783,5,8,6,37,2020-10-19,17.93
12784,7,8,6,24,2020-10-19,16.60
12785,9,8,2,37,2020-10-19,14.34
12786,11,8,2,41,2020-10-19,19.70
12787,15,8,2,28,2020-10-19,50.29
12788,17,8,2,29,2020-10-19,42.67
12789,21,8,2,38,2020-10-19,43.45
12790,25,8,3,28,2020-10-19,22.99
12791,27,8,6,33,2020-10-19,20.81
12792,29,8,1,34,2020-10-19,16.95
12793,31,8,6,20,2020-10-19,23.24
12794,33,8,4,33,2020-10-19,30.30
12795,35,8,3,36,2020-10-19,19.11
12796,37,8,3,36,2020-10-19,26.68
12797,39,8,3,19,2020-10-19,32.73
12798,41,8,4,53,2020-10-19,12.00
12799,43,8,4,41,2020-10-19,9.46
12800,9,9,6,24,2020-10-19,15.61
12801,11,9,6,27,2020-10-19,18.80
12802,13,9,2,25,2020-10-19,39.71
12803,15,9,4,25,2020-10-19,52.10
12804,17,9,2,28,2020-10-19,38.45
12805,21,9,2,21,2020-10-19,51.98
12806,23,9,5,33,2020-10-19,28.73
12807,25,9,3,24,2020-10-19,21.71
12808,31,9,1,31,2020-10-19,25.19
12809,35,9,3,32,2020-10-19,20.20
12810,37,9,3,12,2020-10-19,26.73
12811,39,9,5,20,2020-10-19,33.68
12812,41,9,4,25,2020-10-19,11.68
12813,43,9,6,33,2020-10-19,8.34
12814,1,10,1,34,2020-10-19,15.53
12815,7,10,6,26,2020-10-19,17.30
12816,11,10,6,28,2020-10-19,20.22
12817,13,10,2,28,2020-10-19,34.73
12818,15,10,2,28,2020-10-19,58.16
12819,25,10,3,22,2020-10-19,21.83
12820,27,10,1,32,2020-10-19,19.32
12821,29,10,1,36,2020-10-19,16.64
12822,31,10,1,24,2020-10-19,24.37
12823,35,10,3,28,2020-10-19,19.11
12824,37,10,3,17,2020-10-19,30.00
12825,41,10,4,35,2020-10-19,11.03
12826,43,10,4,24,2020-10-19,8.13
12827,3,11,1,24,2020-10-19,14.48
12828,11,11,2,28,2020-10-19,21.23
12829,17,11,4,32,2020-10-19,45.21
12830,19,11,6,27,2020-10-19,38.98
12831,23,11,5,43,2020-10-19,26.09
12832,27,11,6,34,2020-10-19,19.63
12833,29,11,1,25,2020-10-19,16.61
12834,31,11,1,36,2020-10-19,22.61
12835,33,11,4,33,2020-10-19,30.01
12836,35,11,3,30,2020-10-19,21.07
12837,39,11,3,25,2020-10-19,30.76
12838,41,11,6,29,2020-10-19,9.93
12839,43,11,4,42,2020-10-19,8.88
12840,1,12,1,32,2020-10-19,17.50
12841,3,12,6,22,2020-10-19,14.04
12842,7,12,6,27,2020-10-19,15.91
12843,9,12,2,25,2020-10-19,15.58
12844,11,12,6,28,2020-10-19,20.38
12845,13,12,2,25,2020-10-19,37.90
12846,15,12,4,33,2020-10-19,59.58
12847,17,12,2,36,2020-10-19,39.66
12848,19,12,6,28,2020-10-19,41.51
12849,27,12,1,28,2020-10-19,17.39
12850,35,12,3,17,2020-10-19,22.99
12851,37,12,3,20,2020-10-19,25.53
12852,41,12,6,36,2020-10-19,11.78
12853,43,12,4,34,2020-10-19,8.19
12854,2,1,1,26,2020-11-03,19.14
12855,4,1,6,45,2020-11-03,22.43
12856,6,1,6,36,2020-11-03,12.59
12857,8,1,6,48,2020-11-03,18.42
12858,10,1,2,33,2020-11-03,22.32
12859,12,1,4,27,2020-11-03,44.25
12860,14,1,4,39,2020-11-03,33.96
12861,16,1,2,30,2020-11-03,62.57
12862,18,1,2,20,2020-11-03,34.51
12863,22,1,6,28,2020-11-03,27.07
12864,24,1,5,36,2020-11-03,29.26
12865,26,1,3,31,2020-11-03,31.05
12866,28,1,1,46,2020-11-03,23.42
12867,30,1,1,51,2020-11-03,35.18
12868,32,1,2,22,2020-11-03,34.75
12869,34,1,4,36,2020-11-03,45.35
12870,36,1,3,36,2020-11-03,32.86
12871,38,1,5,24,2020-11-03,26.95
12872,40,1,5,37,2020-11-03,32.54
12873,42,1,6,42,2020-11-03,13.57
12874,2,2,6,25,2020-11-03,17.89
12875,4,2,1,51,2020-11-03,23.01
12876,6,2,1,47,2020-11-03,14.14
12877,8,2,2,42,2020-11-03,20.33
12878,10,2,6,48,2020-11-03,23.19
12879,12,2,2,37,2020-11-03,47.75
12880,14,2,4,24,2020-11-03,35.68
12881,16,2,2,35,2020-11-03,59.53
12882,18,2,6,39,2020-11-03,35.27
12883,20,2,2,32,2020-11-03,23.08
12884,22,2,6,49,2020-11-03,30.12
12885,24,2,3,41,2020-11-03,30.50
12886,26,2,3,30,2020-11-03,31.01
12887,28,2,1,34,2020-11-03,20.67
12888,32,2,2,23,2020-11-03,36.81
12889,34,2,2,35,2020-11-03,41.65
12890,36,2,3,22,2020-11-03,30.23
12891,38,2,5,34,2020-11-03,27.89
12892,40,2,3,26,2020-11-03,38.12
12893,42,2,6,35,2020-11-03,12.26
12894,2,3,1,41,2020-11-03,19.10
12895,4,3,1,37,2020-11-03,21.80
12896,6,3,6,35,2020-11-03,14.06
12897,8,3,2,26,2020-11-03,19.57
12898,10,3,6,20,2020-11-03,20.55
12899,12,3,4,35,2020-11-03,45.09
12900,14,3,4,29,2020-11-03,32.62
12901,16,3,2,26,2020-11-03,54.16
12902,18,3,6,23,2020-11-03,31.07
12903,20,3,6,31,2020-11-03,23.71
12904,22,3,6,47,2020-11-03,29.91
12905,24,3,3,24,2020-11-03,28.10
12906,26,3,5,32,2020-11-03,27.24
12907,28,3,6,31,2020-11-03,21.75
12908,30,3,6,34,2020-11-03,38.22
12909,32,3,4,43,2020-11-03,30.86
12910,34,3,4,34,2020-11-03,42.58
12911,36,3,3,37,2020-11-03,33.74
12912,38,3,3,25,2020-11-03,29.73
12913,40,3,3,38,2020-11-03,39.40
12914,42,3,4,32,2020-11-03,11.42
12915,4,4,1,63,2020-11-03,22.75
12916,6,4,1,29,2020-11-03,13.47
12917,8,4,6,40,2020-11-03,19.70
12918,10,4,6,35,2020-11-03,20.85
12919,12,4,2,22,2020-11-03,45.65
12920,14,4,4,25,2020-11-03,33.70
12921,16,4,2,27,2020-11-03,58.06
12922,18,4,6,19,2020-11-03,34.26
12923,20,4,2,25,2020-11-03,26.28
12924,22,4,6,34,2020-11-03,29.02
12925,24,4,3,38,2020-11-03,32.49
12926,26,4,5,39,2020-11-03,29.90
12927,28,4,1,22,2020-11-03,23.76
12928,30,4,1,31,2020-11-03,33.70
12929,32,4,4,28,2020-11-03,34.16
12930,34,4,4,20,2020-11-03,46.44
12931,36,4,3,32,2020-11-03,29.97
12932,42,4,4,36,2020-11-03,12.02
12933,2,5,6,24,2020-11-03,19.48
12934,6,5,6,22,2020-11-03,12.77
12935,8,5,2,26,2020-11-03,20.71
12936,10,5,6,32,2020-11-03,20.96
12937,14,5,4,24,2020-11-03,37.03
12938,18,5,6,26,2020-11-03,31.40
12939,20,5,2,27,2020-11-03,24.66
12940,22,5,6,33,2020-11-03,29.75
12941,26,5,5,28,2020-11-03,31.03
12942,28,5,1,30,2020-11-03,21.30
12943,32,5,4,24,2020-11-03,37.20
12944,36,5,3,35,2020-11-03,34.12
12945,42,5,6,25,2020-11-03,13.19
12946,2,6,6,30,2020-11-03,18.05
12947,4,6,6,39,2020-11-03,22.25
12948,6,6,1,37,2020-11-03,13.38
12949,8,6,6,26,2020-11-03,19.98
12950,12,6,2,31,2020-11-03,40.07
12951,16,6,2,25,2020-11-03,59.57
12952,18,6,2,34,2020-11-03,29.35
12953,20,6,6,29,2020-11-03,25.65
12954,22,6,2,35,2020-11-03,29.92
12955,26,6,3,33,2020-11-03,30.25
12956,28,6,6,31,2020-11-03,23.78
12957,32,6,4,36,2020-11-03,37.16
12958,36,6,3,32,2020-11-03,29.49
12959,38,6,3,27,2020-11-03,27.41
12960,40,6,3,39,2020-11-03,34.81
12961,42,6,4,42,2020-11-03,11.36
12962,2,7,6,41,2020-11-03,20.38
12963,4,7,6,47,2020-11-03,20.01
12964,10,7,2,36,2020-11-03,22.45
12965,14,7,4,29,2020-11-03,34.50
12966,16,7,2,27,2020-11-03,62.31
12967,18,7,2,24,2020-11-03,33.81
12968,20,7,2,35,2020-11-03,25.03
12969,26,7,5,25,2020-11-03,31.10
12970,28,7,6,33,2020-11-03,24.47
12971,32,7,4,24,2020-11-03,36.89
12972,34,7,2,38,2020-11-03,43.58
12973,36,7,3,35,2020-11-03,35.23
12974,38,7,3,23,2020-11-03,27.85
12975,40,7,3,27,2020-11-03,34.83
12976,42,7,6,28,2020-11-03,11.90
12977,2,8,1,40,2020-11-03,17.78
12978,4,8,6,26,2020-11-03,21.14
12979,6,8,1,29,2020-11-03,14.27
12980,10,8,2,29,2020-11-03,22.74
12981,20,8,2,22,2020-11-03,25.16
12982,24,8,5,30,2020-11-03,28.79
12983,26,8,3,50,2020-11-03,29.64
12984,28,8,1,32,2020-11-03,21.59
12985,30,8,1,34,2020-11-03,33.94
12986,34,8,2,42,2020-11-03,45.26
12987,36,8,3,33,2020-11-03,30.72
12988,38,8,5,30,2020-11-03,30.21
12989,40,8,5,27,2020-11-03,39.09
12990,42,8,6,29,2020-11-03,13.20
12991,4,9,6,38,2020-11-03,19.76
12992,6,9,6,29,2020-11-03,14.03
12993,10,9,2,21,2020-11-03,24.20
12994,12,9,2,15,2020-11-03,46.34
12995,14,9,4,21,2020-11-03,30.72
12996,16,9,2,19,2020-11-03,63.36
12997,20,9,6,31,2020-11-03,22.28
12998,22,9,2,31,2020-11-03,29.98
12999,26,9,3,23,2020-11-03,27.52
13000,28,9,6,33,2020-11-03,20.89
13001,34,9,4,16,2020-11-03,39.01
13002,36,9,3,27,2020-11-03,35.40
13003,42,9,6,34,2020-11-03,13.64
13004,2,10,6,30,2020-11-03,17.47
13005,4,10,1,24,2020-11-03,21.12
13006,6,10,6,39,2020-11-03,12.62
13007,8,10,6,37,2020-11-03,17.24
13008,10,10,2,25,2020-11-03,24.58
13009,12,10,2,15,2020-11-03,44.84
13010,16,10,4,24,2020-11-03,58.40
13011,18,10,6,26,2020-11-03,33.76
13012,20,10,6,26,2020-11-03,25.09
13013,22,10,2,27,2020-11-03,25.12
13014,28,10,1,33,2020-11-03,24.00
13015,30,10,1,34,2020-11-03,37.08
13016,32,10,4,32,2020-11-03,32.70
13017,34,10,2,21,2020-11-03,44.91
13018,36,10,3,34,2020-11-03,32.66
13019,38,10,3,31,2020-11-03,27.03
13020,40,10,5,27,2020-11-03,39.25
13021,42,10,6,27,2020-11-03,11.70
13022,4,11,6,34,2020-11-03,20.02
13023,6,11,6,29,2020-11-03,14.46
13024,8,11,2,26,2020-11-03,18.24
13025,10,11,2,34,2020-11-03,22.76
13026,22,11,6,26,2020-11-03,29.73
13027,28,11,1,22,2020-11-03,20.35
13028,34,11,2,29,2020-11-03,46.70
13029,40,11,5,24,2020-11-03,33.13
13030,4,12,1,31,2020-11-03,20.32
13031,6,12,1,25,2020-11-03,12.44
13032,8,12,6,27,2020-11-03,17.79
13033,10,12,2,30,2020-11-03,23.50
13034,14,12,4,28,2020-11-03,32.79
13035,18,12,2,25,2020-11-03,30.43
13036,20,12,6,28,2020-11-03,26.11
13037,24,12,3,37,2020-11-03,33.51
13038,26,12,3,39,2020-11-03,29.59
13039,32,12,2,36,2020-11-03,31.55
13040,34,12,2,22,2020-11-03,41.79
13041,38,12,3,14,2020-11-03,27.22
13042,40,12,5,28,2020-11-03,37.33
13043,3,1,1,32,2020-11-17,13.12
13044,5,1,6,51,2020-11-17,16.73
13045,7,1,6,33,2020-11-17,15.40
13046,9,1,6,50,2020-11-17,14.53
13047,11,1,2,46,2020-11-17,18.43
13048,13,1,4,26,2020-11-17,36.97
13049,15,1,4,28,2020-11-17,57.00
13050,17,1,4,32,2020-11-17,39.43
13051,19,1,6,36,2020-11-17,42.44
13052,21,1,2,30,2020-11-17,49.65
13053,23,1,5,45,2020-11-17,28.43
13054,25,1,5,32,2020-11-17,26.02
13055,27,1,6,66,2020-11-17,19.59
13056,29,1,1,30,2020-11-17,16.98
13057,31,1,1,38,2020-11-17,25.46
13058,33,1,4,26,2020-11-17,30.30
13059,35,1,3,43,2020-11-17,19.35
13060,37,1,3,22,2020-11-17,29.25
13061,39,1,5,21,2020-11-17,29.11
13062,41,1,6,61,2020-11-17,11.05
13063,43,1,6,48,2020-11-17,9.34
13064,1,2,1,59,2020-11-17,14.99
13065,3,2,6,62,2020-11-17,13.06
13066,5,2,6,41,2020-11-17,18.50
13067,7,2,2,46,2020-11-17,17.11
13068,9,2,6,42,2020-11-17,13.52
13069,11,2,2,51,2020-11-17,21.96
13070,13,2,4,30,2020-11-17,39.68
13071,15,2,4,20,2020-11-17,59.05
13072,19,2,2,36,2020-11-17,35.31
13073,21,2,6,33,2020-11-17,48.25
13074,23,2,3,52,2020-11-17,26.61
13075,25,2,5,30,2020-11-17,25.09
13076,27,2,1,50,2020-11-17,18.61
13077,29,2,1,55,2020-11-17,16.64
13078,31,2,1,38,2020-11-17,26.34
13079,33,2,2,32,2020-11-17,27.36
13080,35,2,3,38,2020-11-17,22.66
13081,37,2,3,31,2020-11-17,28.94
13082,39,2,5,34,2020-11-17,29.42
13083,41,2,4,57,2020-11-17,10.96
13084,43,2,4,55,2020-11-17,9.54
13085,1,3,6,36,2020-11-17,17.43
13086,3,3,1,30,2020-11-17,15.22
13087,5,3,6,31,2020-11-17,17.50
13088,7,3,6,29,2020-11-17,15.56
13089,9,3,2,27,2020-11-17,15.72
13090,11,3,2,53,2020-11-17,21.60
13091,15,3,2,36,2020-11-17,60.42
13092,19,3,2,33,2020-11-17,38.50
13093,23,3,3,57,2020-11-17,29.31
13094,25,3,5,22,2020-11-17,23.85
13095,27,3,1,57,2020-11-17,18.83
13096,29,3,6,58,2020-11-17,18.37
13097,31,3,6,29,2020-11-17,23.78
13098,33,3,4,47,2020-11-17,28.34
13099,35,3,3,38,2020-11-17,22.27
13100,39,3,5,33,2020-11-17,29.99
13101,41,3,6,37,2020-11-17,12.05
13102,43,3,6,43,2020-11-17,9.83
13103,1,4,6,32,2020-11-17,16.99
13104,3,4,1,35,2020-11-17,14.86
13105,7,4,6,27,2020-11-17,17.14
13106,9,4,6,26,2020-11-17,15.04
13107,11,4,2,27,2020-11-17,21.50
13108,15,4,2,33,2020-11-17,53.31
13109,17,4,4,22,2020-11-17,43.78
13110,19,4,2,27,2020-11-17,35.99
13111,21,4,6,31,2020-11-17,48.40
13112,23,4,5,32,2020-11-17,24.87
13113,27,4,1,38,2020-11-17,20.50
13114,29,4,6,22,2020-11-17,16.64
13115,31,4,6,28,2020-11-17,25.78
13116,33,4,2,26,2020-11-17,31.72
13117,35,4,3,43,2020-11-17,19.35
13118,37,4,3,38,2020-11-17,29.29
13119,39,4,3,30,2020-11-17,33.87
13120,41,4,6,35,2020-11-17,10.87
13121,43,4,6,59,2020-11-17,8.88
13122,1,5,1,52,2020-11-17,16.67
13123,7,5,2,31,2020-11-17,15.24
13124,9,5,6,24,2020-11-17,15.86
13125,11,5,6,33,2020-11-17,20.52
13126,13,5,4,35,2020-11-17,37.77
13127,15,5,2,33,2020-11-17,56.97
13128,19,5,2,27,2020-11-17,38.88
13129,21,5,2,27,2020-11-17,51.05
13130,27,5,1,30,2020-11-17,19.54
13131,29,5,6,29,2020-11-17,17.69
13132,31,5,1,29,2020-11-17,22.46
13133,37,5,3,35,2020-11-17,26.82
13134,39,5,3,34,2020-11-17,33.06
13135,43,5,4,36,2020-11-17,9.13
13136,1,6,6,33,2020-11-17,15.58
13137,3,6,6,38,2020-11-17,15.55
13138,5,6,1,42,2020-11-17,19.16
13139,9,6,6,34,2020-11-17,14.05
13140,11,6,2,40,2020-11-17,18.29
13141,15,6,2,33,2020-11-17,54.83
13142,23,6,5,26,2020-11-17,24.83
13143,25,6,3,31,2020-11-17,26.34
13144,27,6,6,44,2020-11-17,19.23
13145,29,6,1,34,2020-11-17,17.72
13146,31,6,1,35,2020-11-17,23.42
13147,33,6,4,27,2020-11-17,31.83
13148,35,6,3,36,2020-11-17,19.37
13149,39,6,5,45,2020-11-17,30.37
13150,41,6,6,49,2020-11-17,11.09
13151,43,6,4,41,2020-11-17,9.19
13152,1,7,6,35,2020-11-17,16.38
13153,3,7,6,29,2020-11-17,14.27
13154,7,7,2,21,2020-11-17,14.53
13155,9,7,2,29,2020-11-17,14.48
13156,11,7,2,29,2020-11-17,18.17
13157,13,7,4,25,2020-11-17,40.44
13158,17,7,4,23,2020-11-17,43.95
13159,19,7,6,23,2020-11-17,37.90
13160,23,7,3,50,2020-11-17,25.77
13161,27,7,6,20,2020-11-17,19.56
13162,29,7,1,34,2020-11-17,15.68
13163,33,7,4,26,2020-11-17,27.18
13164,35,7,3,28,2020-11-17,19.16
13165,41,7,4,33,2020-11-17,9.93
13166,43,7,4,44,2020-11-17,9.67
13167,1,8,6,45,2020-11-17,16.47
13168,3,8,6,30,2020-11-17,15.36
13169,5,8,1,37,2020-11-17,17.93
13170,9,8,2,27,2020-11-17,14.12
13171,11,8,6,41,2020-11-17,19.82
13172,13,8,2,31,2020-11-17,41.18
13173,15,8,4,43,2020-11-17,55.19
13174,17,8,4,27,2020-11-17,43.26
13175,19,8,6,32,2020-11-17,37.25
13176,21,8,6,34,2020-11-17,49.21
13177,23,8,3,48,2020-11-17,30.15
13178,27,8,1,53,2020-11-17,20.64
13179,29,8,1,32,2020-11-17,16.82
13180,31,8,1,29,2020-11-17,22.17
13181,33,8,2,35,2020-11-17,30.10
13182,35,8,3,34,2020-11-17,20.52
13183,37,8,3,33,2020-11-17,26.43
13184,41,8,6,28,2020-11-17,11.12
13185,43,8,4,44,2020-11-17,9.13
13186,1,9,6,41,2020-11-17,17.44
13187,3,9,1,37,2020-11-17,14.56
13188,5,9,6,26,2020-11-17,18.54
13189,7,9,2,19,2020-11-17,17.56
13190,9,9,6,31,2020-11-17,16.11
13191,11,9,2,31,2020-11-17,18.63
13192,13,9,4,27,2020-11-17,38.71
13193,19,9,2,25,2020-11-17,41.61
13194,23,9,5,32,2020-11-17,29.24
13195,27,9,6,40,2020-11-17,18.76
13196,29,9,1,37,2020-11-17,18.61
13197,33,9,4,35,2020-11-17,29.24
13198,41,9,4,28,2020-11-17,11.44
13199,43,9,6,35,2020-11-17,8.44
13200,1,10,6,28,2020-11-17,17.38
13201,3,10,6,47,2020-11-17,15.65
13202,5,10,1,36,2020-11-17,19.02
13203,7,10,6,28,2020-11-17,15.43
13204,9,10,6,31,2020-11-17,14.13
13205,11,10,6,32,2020-11-17,20.29
13206,17,10,2,35,2020-11-17,39.38
13207,19,10,2,24,2020-11-17,42.28
13208,21,10,6,20,2020-11-17,46.40
13209,23,10,5,51,2020-11-17,25.52
13210,27,10,1,27,2020-11-17,19.65
13211,29,10,1,29,2020-11-17,18.69
13212,33,10,2,29,2020-11-17,26.96
13213,39,10,3,21,2020-11-17,32.84
13214,41,10,6,37,2020-11-17,10.04
13215,43,10,6,49,2020-11-17,8.37
13216,1,11,6,40,2020-11-17,16.24
13217,5,11,6,34,2020-11-17,18.96
13218,7,11,2,26,2020-11-17,17.25
13219,9,11,2,53,2020-11-17,14.16
13220,11,11,6,33,2020-11-17,21.55
13221,13,11,4,17,2020-11-17,34.62
13222,15,11,2,33,2020-11-17,55.26
13223,19,11,2,27,2020-11-17,36.41
13224,21,11,6,29,2020-11-17,51.59
13225,23,11,5,33,2020-11-17,28.19
13226,25,11,3,34,2020-11-17,22.76
13227,27,11,1,42,2020-11-17,18.88
13228,29,11,6,33,2020-11-17,16.56
13229,31,11,1,28,2020-11-17,26.38
13230,33,11,4,19,2020-11-17,29.48
13231,37,11,3,30,2020-11-17,28.88
13232,41,11,6,20,2020-11-17,10.06
13233,43,11,6,33,2020-11-17,9.85
13234,5,12,6,29,2020-11-17,18.59
13235,9,12,2,29,2020-11-17,15.55
13236,21,12,2,22,2020-11-17,43.28
13237,23,12,3,34,2020-11-17,27.57
13238,25,12,3,21,2020-11-17,22.50
13239,27,12,6,32,2020-11-17,19.93
13240,29,12,1,41,2020-11-17,18.00
13241,31,12,6,37,2020-11-17,22.82
13242,33,12,4,20,2020-11-17,30.68
13243,39,12,5,21,2020-11-17,33.62
13244,41,12,6,37,2020-11-17,10.10
13245,43,12,4,31,2020-11-17,9.40
13246,2,1,6,32,2020-12-03,19.16
13247,4,1,1,66,2020-12-03,19.74
13248,6,1,6,39,2020-12-03,12.55
13249,8,1,2,39,2020-12-03,18.38
13250,10,1,2,36,2020-12-03,24.74
13251,12,1,4,37,2020-12-03,40.45
13252,14,1,2,30,2020-12-03,32.64
13253,16,1,4,33,2020-12-03,57.86
13254,18,1,2,26,2020-12-03,29.81
13255,20,1,6,51,2020-12-03,24.87
13256,22,1,2,57,2020-12-03,25.08
13257,24,1,3,34,2020-12-03,31.34
13258,26,1,3,39,2020-12-03,30.86
13259,28,1,1,35,2020-12-03,24.33
13260,30,1,1,34,2020-12-03,35.00
13261,32,1,4,35,2020-12-03,37.05
13262,34,1,4,32,2020-12-03,42.61
13263,36,1,3,40,2020-12-03,32.92
13264,38,1,3,31,2020-12-03,28.66
13265,40,1,3,33,2020-12-03,33.06
13266,42,1,6,32,2020-12-03,13.36
13267,2,2,6,42,2020-12-03,17.95
13268,4,2,1,47,2020-12-03,22.60
13269,6,2,1,40,2020-12-03,14.37
13270,8,2,6,41,2020-12-03,19.17
13271,10,2,2,33,2020-12-03,23.17
13272,12,2,4,34,2020-12-03,43.34
13273,14,2,2,37,2020-12-03,33.87
13274,16,2,2,34,2020-12-03,63.35
13275,18,2,2,53,2020-12-03,32.13
13276,20,2,6,50,2020-12-03,22.17
13277,22,2,6,65,2020-12-03,26.33
13278,24,2,5,27,2020-12-03,32.02
13279,26,2,3,32,2020-12-03,28.97
13280,28,2,6,45,2020-12-03,24.55
13281,30,2,1,48,2020-12-03,35.07
13282,32,2,2,42,2020-12-03,31.63
13283,34,2,4,36,2020-12-03,40.16
13284,36,2,3,33,2020-12-03,34.63
13285,38,2,3,33,2020-12-03,29.94
13286,40,2,5,37,2020-12-03,39.50
13287,42,2,6,53,2020-12-03,13.47
13288,2,3,1,46,2020-12-03,19.27
13289,4,3,6,41,2020-12-03,20.05
13290,6,3,1,19,2020-12-03,13.64
13291,8,3,6,32,2020-12-03,18.89
13292,16,3,4,28,2020-12-03,58.28
13293,18,3,2,22,2020-12-03,31.80
13294,20,3,2,34,2020-12-03,25.22
13295,22,3,2,43,2020-12-03,29.80
13296,24,3,3,25,2020-12-03,31.95
13297,26,3,5,31,2020-12-03,31.21
13298,28,3,6,50,2020-12-03,23.81
13299,30,3,6,34,2020-12-03,32.47
13300,32,3,2,26,2020-12-03,34.69
13301,34,3,4,23,2020-12-03,42.15
13302,36,3,3,35,2020-12-03,30.80
13303,40,3,5,38,2020-12-03,35.73
13304,42,3,6,49,2020-12-03,13.17
13305,2,4,6,42,2020-12-03,20.09
13306,4,4,6,35,2020-12-03,21.44
13307,6,4,1,37,2020-12-03,12.86
13308,8,4,2,29,2020-12-03,18.86
13309,10,4,6,33,2020-12-03,23.69
13310,12,4,4,26,2020-12-03,41.51
13311,18,4,2,23,2020-12-03,30.76
13312,20,4,6,35,2020-12-03,23.43
13313,24,4,5,31,2020-12-03,29.65
13314,26,4,3,24,2020-12-03,29.19
13315,28,4,6,56,2020-12-03,20.45
13316,30,4,6,22,2020-12-03,35.86
13317,32,4,2,27,2020-12-03,32.44
13318,34,4,2,26,2020-12-03,46.03
13319,38,4,3,27,2020-12-03,28.17
13320,40,4,3,31,2020-12-03,34.30
13321,42,4,4,50,2020-12-03,12.08
13322,4,5,6,38,2020-12-03,22.07
13323,6,5,6,27,2020-12-03,12.18
13324,8,5,6,24,2020-12-03,20.39
13325,12,5,2,24,2020-12-03,44.31
13326,16,5,2,30,2020-12-03,63.37
13327,22,5,6,22,2020-12-03,27.02
13328,24,5,5,24,2020-12-03,32.90
13329,28,5,6,26,2020-12-03,20.66
13330,30,5,1,25,2020-12-03,32.88
13331,32,5,4,32,2020-12-03,32.44
13332,34,5,4,33,2020-12-03,41.67
13333,36,5,3,31,2020-12-03,29.83
13334,38,5,5,27,2020-12-03,27.29
13335,40,5,5,30,2020-12-03,38.73
13336,2,6,6,32,2020-12-03,20.00
13337,4,6,6,41,2020-12-03,20.89
13338,6,6,1,34,2020-12-03,14.17
13339,8,6,6,35,2020-12-03,19.32
13340,10,6,2,36,2020-12-03,22.56
13341,14,6,2,29,2020-12-03,31.01
13342,16,6,2,26,2020-12-03,57.10
13343,22,6,2,26,2020-12-03,29.79
13344,24,6,3,36,2020-12-03,31.13
13345,28,6,6,34,2020-12-03,20.86
13346,30,6,1,29,2020-12-03,37.17
13347,32,6,4,27,2020-12-03,31.57
13348,34,6,4,30,2020-12-03,39.55
13349,36,6,3,33,2020-12-03,34.28
13350,40,6,3,30,2020-12-03,36.23
13351,42,6,4,35,2020-12-03,11.66
13352,2,7,1,29,2020-12-03,17.45
13353,4,7,1,36,2020-12-03,19.16
13354,6,7,6,54,2020-12-03,12.43
13355,8,7,6,44,2020-12-03,17.48
13356,12,7,4,37,2020-12-03,44.90
13357,14,7,4,30,2020-12-03,33.59
13358,18,7,2,34,2020-12-03,31.60
13359,20,7,6,46,2020-12-03,23.95
13360,22,7,6,31,2020-12-03,27.19
13361,24,7,5,42,2020-12-03,32.94
13362,26,7,5,25,2020-12-03,28.47
13363,28,7,6,29,2020-12-03,20.86
13364,30,7,1,35,2020-12-03,37.56
13365,32,7,2,31,2020-12-03,34.72
13366,36,7,3,30,2020-12-03,29.60
13367,40,7,5,26,2020-12-03,39.17
13368,42,7,6,23,2020-12-03,12.68
13369,2,8,6,35,2020-12-03,17.99
13370,4,8,1,29,2020-12-03,19.26
13371,6,8,1,34,2020-12-03,12.91
13372,8,8,6,36,2020-12-03,19.32
13373,12,8,2,18,2020-12-03,46.02
13374,14,8,2,32,2020-12-03,35.21
13375,16,8,4,34,2020-12-03,56.44
13376,18,8,6,31,2020-12-03,32.37
13377,20,8,2,28,2020-12-03,23.58
13378,22,8,2,43,2020-12-03,25.33
13379,24,8,3,23,2020-12-03,31.93
13380,26,8,5,27,2020-12-03,26.54
13381,28,8,6,42,2020-12-03,24.46
13382,32,8,4,27,2020-12-03,35.25
13383,34,8,4,46,2020-12-03,40.71
13384,38,8,5,29,2020-12-03,26.62
13385,40,8,3,27,2020-12-03,37.40
13386,42,8,4,23,2020-12-03,13.20
13387,2,9,1,27,2020-12-03,18.27
13388,4,9,1,29,2020-12-03,19.91
13389,6,9,1,25,2020-12-03,14.17
13390,8,9,2,24,2020-12-03,19.94
13391,18,9,2,30,2020-12-03,33.95
13392,22,9,2,20,2020-12-03,26.54
13393,24,9,3,33,2020-12-03,29.95
13394,30,9,6,28,2020-12-03,35.42
13395,32,9,2,43,2020-12-03,37.19
13396,36,9,3,29,2020-12-03,33.11
13397,38,9,5,19,2020-12-03,26.59
13398,40,9,3,29,2020-12-03,35.17
13399,42,9,4,28,2020-12-03,12.64
13400,4,10,1,30,2020-12-03,21.25
13401,8,10,2,25,2020-12-03,17.24
13402,14,10,4,22,2020-12-03,32.71
13403,16,10,4,22,2020-12-03,55.66
13404,18,10,6,22,2020-12-03,29.37
13405,22,10,2,29,2020-12-03,26.17
13406,24,10,3,32,2020-12-03,30.83
13407,26,10,5,31,2020-12-03,29.68
13408,28,10,1,24,2020-12-03,22.48
13409,32,10,2,35,2020-12-03,35.22
13410,36,10,3,28,2020-12-03,34.79
13411,40,10,3,24,2020-12-03,33.77
13412,42,10,4,39,2020-12-03,12.73
13413,2,11,6,25,2020-12-03,19.38
13414,4,11,6,31,2020-12-03,20.16
13415,6,11,1,32,2020-12-03,14.84
13416,8,11,2,35,2020-12-03,18.84
13417,10,11,6,30,2020-12-03,20.37
13418,12,11,4,26,2020-12-03,44.64
13419,14,11,2,27,2020-12-03,32.76
13420,16,11,2,20,2020-12-03,54.05
13421,18,11,6,34,2020-12-03,33.61
13422,20,11,2,25,2020-12-03,26.31
13423,22,11,6,33,2020-12-03,28.61
13424,24,11,5,30,2020-12-03,32.09
13425,26,11,5,48,2020-12-03,30.02
13426,28,11,6,24,2020-12-03,21.93
13427,30,11,1,40,2020-12-03,37.40
13428,32,11,2,41,2020-12-03,34.46
13429,36,11,3,37,2020-12-03,32.07
13430,38,11,3,28,2020-12-03,29.29
13431,40,11,5,26,2020-12-03,37.66
13432,42,11,4,33,2020-12-03,13.67
13433,2,12,1,28,2020-12-03,17.56
13434,4,12,1,22,2020-12-03,19.15
13435,12,12,4,22,2020-12-03,42.05
13436,16,12,4,24,2020-12-03,54.23
13437,22,12,6,28,2020-12-03,27.36
13438,28,12,1,30,2020-12-03,20.97
13439,30,12,6,25,2020-12-03,34.73
13440,36,12,3,31,2020-12-03,30.22
13441,42,12,6,29,2020-12-03,11.99
13442,1,1,1,47,2020-12-17,16.93
13443,3,1,1,39,2020-12-17,13.29
13444,5,1,1,30,2020-12-17,15.88
13445,7,1,6,47,2020-12-17,14.52
13446,9,1,6,39,2020-12-17,15.76
13447,11,1,2,59,2020-12-17,18.50
13448,15,1,4,33,2020-12-17,59.28
13449,17,1,4,29,2020-12-17,44.48
13450,19,1,2,42,2020-12-17,42.56
13451,21,1,6,35,2020-12-17,46.64
13452,23,1,5,50,2020-12-17,28.78
13453,27,1,1,47,2020-12-17,18.01
13454,29,1,1,55,2020-12-17,16.76
13455,31,1,1,37,2020-12-17,23.50
13456,33,1,2,35,2020-12-17,28.13
13457,35,1,3,35,2020-12-17,21.37
13458,37,1,3,46,2020-12-17,25.64
13459,39,1,3,41,2020-12-17,31.76
13460,41,1,4,79,2020-12-17,10.61
13461,43,1,4,39,2020-12-17,8.13
13462,1,2,6,39,2020-12-17,16.49
13463,3,2,1,30,2020-12-17,13.11
13464,5,2,6,41,2020-12-17,15.96
13465,7,2,6,28,2020-12-17,15.99
13466,9,2,6,33,2020-12-17,16.43
13467,11,2,6,54,2020-12-17,18.15
13468,13,2,4,38,2020-12-17,39.50
13469,15,2,2,32,2020-12-17,52.52
13470,17,2,2,49,2020-12-17,39.76
13471,19,2,6,40,2020-12-17,40.22
13472,21,2,6,26,2020-12-17,43.64
13473,23,2,3,54,2020-12-17,27.31
13474,25,2,3,41,2020-12-17,23.76
13475,27,2,6,52,2020-12-17,20.50
13476,29,2,6,64,2020-12-17,15.32
13477,31,2,1,47,2020-12-17,23.74
13478,33,2,4,29,2020-12-17,26.66
13479,35,2,3,38,2020-12-17,23.06
13480,37,2,3,39,2020-12-17,30.16
13481,39,2,5,34,2020-12-17,29.57
13482,41,2,6,63,2020-12-17,10.53
13483,43,2,6,61,2020-12-17,8.58
13484,1,3,1,43,2020-12-17,15.28
13485,3,3,6,37,2020-12-17,15.48
13486,5,3,6,35,2020-12-17,17.85
13487,7,3,6,27,2020-12-17,16.40
13488,9,3,2,29,2020-12-17,16.05
13489,11,3,2,39,2020-12-17,19.44
13490,13,3,2,49,2020-12-17,40.54
13491,15,3,2,33,2020-12-17,57.56
13492,17,3,2,30,2020-12-17,44.97
13493,21,3,6,28,2020-12-17,46.03
13494,23,3,3,36,2020-12-17,25.16
13495,27,3,1,54,2020-12-17,20.42
13496,29,3,6,41,2020-12-17,17.96
13497,31,3,1,23,2020-12-17,25.12
13498,33,3,4,38,2020-12-17,29.65
13499,37,3,3,39,2020-12-17,29.78
13500,39,3,3,27,2020-12-17,31.74
13501,41,3,6,41,2020-12-17,11.28
13502,43,3,4,50,2020-12-17,9.19
13503,1,4,6,24,2020-12-17,15.41
13504,3,4,1,42,2020-12-17,15.67
13505,5,4,1,27,2020-12-17,17.05
13506,7,4,2,33,2020-12-17,15.92
13507,9,4,2,28,2020-12-17,14.74
13508,11,4,6,47,2020-12-17,20.75
13509,13,4,4,28,2020-12-17,40.11
13510,17,4,4,25,2020-12-17,38.45
13511,23,4,5,35,2020-12-17,28.85
13512,25,4,3,48,2020-12-17,23.95
13513,27,4,6,33,2020-12-17,20.40
13514,29,4,1,25,2020-12-17,18.18
13515,31,4,6,26,2020-12-17,23.87
13516,33,4,2,35,2020-12-17,31.53
13517,37,4,3,34,2020-12-17,26.25
13518,39,4,3,25,2020-12-17,29.48
13519,41,4,6,35,2020-12-17,10.37
13520,43,4,6,42,2020-12-17,8.13
13521,1,5,6,27,2020-12-17,15.80
13522,3,5,6,36,2020-12-17,14.87
13523,5,5,6,33,2020-12-17,15.76
13524,17,5,4,27,2020-12-17,39.55
13525,23,5,5,23,2020-12-17,28.03
13526,25,5,5,17,2020-12-17,24.75
13527,27,5,1,31,2020-12-17,17.39
13528,29,5,6,34,2020-12-17,16.94
13529,33,5,2,33,2020-12-17,29.64
13530,35,5,3,28,2020-12-17,20.85
13531,41,5,4,35,2020-12-17,11.08
13532,43,5,4,35,2020-12-17,8.49
13533,1,6,1,25,2020-12-17,15.14
13534,3,6,1,25,2020-12-17,13.94
13535,5,6,1,29,2020-12-17,16.09
13536,7,6,2,34,2020-12-17,16.05
13537,9,6,6,47,2020-12-17,14.85
13538,11,6,2,25,2020-12-17,20.99
13539,13,6,2,26,2020-12-17,36.67
13540,15,6,2,20,2020-12-17,54.32
13541,17,6,4,27,2020-12-17,42.87
13542,19,6,2,30,2020-12-17,38.87
13543,21,6,2,15,2020-12-17,44.34
13544,23,6,5,27,2020-12-17,27.39
13545,25,6,3,25,2020-12-17,22.19
13546,27,6,6,45,2020-12-17,19.77
13547,29,6,1,24,2020-12-17,16.06
13548,33,6,2,32,2020-12-17,27.94
13549,37,6,3,31,2020-12-17,28.36
13550,41,6,6,33,2020-12-17,10.24
13551,43,6,6,34,2020-12-17,8.96
13552,1,7,1,28,2020-12-17,17.36
13553,3,7,1,24,2020-12-17,15.03
13554,5,7,1,40,2020-12-17,16.37
13555,9,7,2,23,2020-12-17,14.54
13556,11,7,2,32,2020-12-17,20.65
13557,13,7,2,20,2020-12-17,40.99
13558,15,7,4,32,2020-12-17,56.04
13559,19,7,6,24,2020-12-17,40.26
13560,21,7,2,35,2020-12-17,47.19
13561,23,7,5,34,2020-12-17,28.38
13562,25,7,3,28,2020-12-17,24.23
13563,27,7,1,34,2020-12-17,19.66
13564,29,7,1,36,2020-12-17,18.65
13565,31,7,1,28,2020-12-17,25.82
13566,35,7,3,34,2020-12-17,18.91
13567,37,7,3,30,2020-12-17,25.59
13568,39,7,3,25,2020-12-17,32.44
13569,41,7,6,51,2020-12-17,12.06
13570,43,7,4,33,2020-12-17,8.81
13571,1,8,1,29,2020-12-17,16.00
13572,3,8,6,27,2020-12-17,14.44
13573,7,8,2,32,2020-12-17,15.82
13574,9,8,2,40,2020-12-17,13.68
13575,11,8,6,34,2020-12-17,19.26
13576,13,8,2,27,2020-12-17,38.66
13577,15,8,2,21,2020-12-17,55.08
13578,21,8,6,28,2020-12-17,51.43
13579,23,8,3,35,2020-12-17,29.41
13580,25,8,3,38,2020-12-17,23.70
13581,27,8,1,33,2020-12-17,20.00
13582,31,8,6,35,2020-12-17,22.43
13583,33,8,2,23,2020-12-17,31.09
13584,39,8,5,34,2020-12-17,33.42
13585,41,8,4,46,2020-12-17,11.96
13586,43,8,6,38,2020-12-17,8.69
13587,1,9,6,20,2020-12-17,16.29
13588,3,9,6,29,2020-12-17,15.33
13589,5,9,1,29,2020-12-17,17.89
13590,7,9,6,37,2020-12-17,15.14
13591,11,9,6,29,2020-12-17,20.69
13592,15,9,4,36,2020-12-17,51.59
13593,17,9,2,19,2020-12-17,44.25
13594,21,9,2,20,2020-12-17,49.56
13595,23,9,3,41,2020-12-17,27.35
13596,25,9,3,33,2020-12-17,24.96
13597,29,9,6,29,2020-12-17,17.17
13598,31,9,6,37,2020-12-17,25.03
13599,35,9,3,34,2020-12-17,21.05
13600,37,9,3,22,2020-12-17,27.33
13601,39,9,3,31,2020-12-17,33.07
13602,41,9,6,25,2020-12-17,10.40
13603,43,9,6,33,2020-12-17,8.59
13604,1,10,6,37,2020-12-17,17.58
13605,3,10,6,30,2020-12-17,13.68
13606,5,10,1,32,2020-12-17,17.78
13607,7,10,2,27,2020-12-17,16.39
13608,13,10,2,27,2020-12-17,35.83
13609,15,10,2,32,2020-12-17,56.94
13610,23,10,5,22,2020-12-17,29.07
13611,25,10,3,36,2020-12-17,22.69
13612,27,10,1,36,2020-12-17,17.47
13613,29,10,1,30,2020-12-17,16.55
13614,31,10,1,38,2020-12-17,26.34
13615,35,10,3,34,2020-12-17,21.06
13616,37,10,3,35,2020-12-17,28.09
13617,41,10,4,41,2020-12-17,11.92
13618,43,10,6,45,2020-12-17,8.52
13619,3,11,1,40,2020-12-17,13.28
13620,5,11,1,30,2020-12-17,16.35
13621,9,11,6,21,2020-12-17,14.15
13622,11,11,2,33,2020-12-17,19.42
13623,17,11,4,32,2020-12-17,40.26
13624,25,11,3,32,2020-12-17,22.29
13625,27,11,1,46,2020-12-17,17.33
13626,29,11,6,23,2020-12-17,17.27
13627,33,11,4,29,2020-12-17,31.68
13628,35,11,3,37,2020-12-17,21.47
13629,39,11,5,29,2020-12-17,28.00
13630,41,11,6,26,2020-12-17,10.52
13631,43,11,4,37,2020-12-17,9.62
13632,1,12,1,30,2020-12-17,16.66
13633,3,12,1,33,2020-12-17,13.20
13634,5,12,1,27,2020-12-17,18.55
13635,7,12,2,19,2020-12-17,15.49
13636,11,12,6,52,2020-12-17,19.03
13637,13,12,2,19,2020-12-17,38.91
13638,15,12,4,27,2020-12-17,50.39
13639,17,12,4,21,2020-12-17,39.04
13640,19,12,6,22,2020-12-17,37.94
13641,23,12,3,24,2020-12-17,26.96
13642,29,12,1,34,2020-12-17,16.29
13643,35,12,3,35,2020-12-17,22.45
13644,37,12,3,28,2020-12-17,26.28
13645,43,12,6,24,2020-12-17,9.07
13646,2,1,6,38,2021-01-04,17.35
13647,4,1,1,41,2021-01-04,21.50
13648,6,1,6,36,2021-01-04,14.67
13649,8,1,2,49,2021-01-04,20.60
13650,10,1,2,41,2021-01-04,21.21
13651,12,1,4,22,2021-01-04,47.15
13652,14,1,2,25,2021-01-04,31.30
13653,16,1,4,40,2021-01-04,63.72
13654,18,1,2,30,2021-01-04,31.92
13655,20,1,2,59,2021-01-04,24.26
13656,22,1,2,47,2021-01-04,30.24
13657,24,1,5,46,2021-01-04,29.19
13658,26,1,5,44,2021-01-04,30.45
13659,28,1,6,60,2021-01-04,21.85
13660,30,1,1,40,2021-01-04,35.15
13661,32,1,2,27,2021-01-04,31.03
13662,34,1,2,31,2021-01-04,38.67
13663,36,1,3,39,2021-01-04,31.58
13664,38,1,3,42,2021-01-04,27.05
13665,40,1,5,52,2021-01-04,32.73
13666,42,1,4,44,2021-01-04,13.08
13667,2,2,6,52,2021-01-04,19.55
13668,4,2,6,47,2021-01-04,21.10
13669,6,2,1,58,2021-01-04,13.98
13670,8,2,2,50,2021-01-04,19.91
13671,10,2,6,38,2021-01-04,23.12
13672,12,2,4,25,2021-01-04,44.11
13673,14,2,2,32,2021-01-04,31.30
13674,16,2,4,54,2021-01-04,57.70
13675,18,2,6,63,2021-01-04,30.16
13676,20,2,6,40,2021-01-04,23.79
13677,22,2,2,61,2021-01-04,27.15
13678,24,2,3,40,2021-01-04,33.61
13679,26,2,5,49,2021-01-04,27.76
13680,28,2,1,54,2021-01-04,21.53
13681,30,2,1,39,2021-01-04,34.77
13682,32,2,2,52,2021-01-04,33.09
13683,34,2,2,28,2021-01-04,41.34
13684,36,2,3,51,2021-01-04,35.54
13685,38,2,5,36,2021-01-04,31.73
13686,40,2,3,62,2021-01-04,34.35
13687,42,2,4,71,2021-01-04,13.65
13688,4,3,6,62,2021-01-04,19.43
13689,6,3,1,32,2021-01-04,12.70
13690,8,3,6,34,2021-01-04,20.89
13691,10,3,2,41,2021-01-04,20.51
13692,12,3,2,50,2021-01-04,41.27
13693,14,3,4,35,2021-01-04,33.05
13694,16,3,4,25,2021-01-04,58.97
13695,18,3,6,32,2021-01-04,34.07
13696,20,3,2,42,2021-01-04,22.57
13697,22,3,2,39,2021-01-04,28.36
13698,24,3,5,22,2021-01-04,28.31
13699,26,3,5,41,2021-01-04,26.14
13700,28,3,1,47,2021-01-04,20.98
13701,32,3,2,34,2021-01-04,31.50
13702,34,3,4,26,2021-01-04,42.44
13703,36,3,3,50,2021-01-04,31.88
13704,38,3,3,41,2021-01-04,29.22
13705,40,3,5,34,2021-01-04,39.06
13706,42,3,4,48,2021-01-04,13.17
13707,2,4,6,23,2021-01-04,20.34
13708,4,4,6,25,2021-01-04,20.35
13709,6,4,6,42,2021-01-04,12.17
13710,8,4,6,27,2021-01-04,19.99
13711,10,4,6,24,2021-01-04,23.40
13712,14,4,2,30,2021-01-04,35.32
13713,16,4,4,28,2021-01-04,65.62
13714,20,4,6,30,2021-01-04,26.30
13715,22,4,2,38,2021-01-04,28.12
13716,26,4,3,33,2021-01-04,31.86
13717,28,4,6,47,2021-01-04,23.62
13718,30,4,1,36,2021-01-04,38.69
13719,34,4,2,27,2021-01-04,41.90
13720,36,4,3,42,2021-01-04,31.08
13721,42,4,4,45,2021-01-04,13.60
13722,2,5,6,22,2021-01-04,18.21
13723,4,5,1,40,2021-01-04,20.81
13724,6,5,6,28,2021-01-04,13.90
13725,10,5,6,30,2021-01-04,20.80
13726,14,5,2,23,2021-01-04,36.41
13727,16,5,4,27,2021-01-04,56.69
13728,18,5,2,27,2021-01-04,29.48
13729,20,5,6,35,2021-01-04,24.63
13730,22,5,2,30,2021-01-04,28.23
13731,24,5,3,24,2021-01-04,31.75
13732,26,5,3,35,2021-01-04,29.21
13733,28,5,1,25,2021-01-04,22.16
13734,32,5,4,22,2021-01-04,31.53
13735,38,5,5,22,2021-01-04,28.75
13736,42,5,6,26,2021-01-04,13.14
13737,2,6,6,24,2021-01-04,19.90
13738,4,6,1,53,2021-01-04,19.28
13739,6,6,1,37,2021-01-04,14.19
13740,8,6,6,41,2021-01-04,20.21
13741,10,6,2,26,2021-01-04,24.04
13742,12,6,4,41,2021-01-04,46.29
13743,14,6,2,28,2021-01-04,37.16
13744,16,6,2,38,2021-01-04,60.75
13745,18,6,6,44,2021-01-04,32.69
13746,20,6,6,34,2021-01-04,25.29
13747,26,6,5,42,2021-01-04,28.55
13748,28,6,6,44,2021-01-04,23.19
13749,30,6,1,42,2021-01-04,35.25
13750,32,6,2,29,2021-01-04,32.69
13751,34,6,4,32,2021-01-04,43.06
13752,36,6,3,20,2021-01-04,30.64
13753,38,6,3,37,2021-01-04,28.56
13754,42,6,6,37,2021-01-04,11.65
13755,2,7,6,30,2021-01-04,18.06
13756,4,7,1,36,2021-01-04,20.10
13757,6,7,6,29,2021-01-04,13.28
13758,8,7,2,34,2021-01-04,18.19
13759,10,7,6,30,2021-01-04,20.89
13760,12,7,2,29,2021-01-04,44.37
13761,14,7,2,20,2021-01-04,36.74
13762,16,7,4,51,2021-01-04,55.50
13763,18,7,6,37,2021-01-04,35.21
13764,22,7,6,43,2021-01-04,27.37
13765,24,7,3,25,2021-01-04,30.16
13766,26,7,3,38,2021-01-04,29.56
13767,28,7,6,24,2021-01-04,23.16
13768,32,7,2,33,2021-01-04,34.57
13769,34,7,4,29,2021-01-04,39.37
13770,38,7,5,27,2021-01-04,27.04
13771,40,7,3,31,2021-01-04,37.29
13772,42,7,6,33,2021-01-04,11.64
13773,2,8,6,22,2021-01-04,18.32
13774,4,8,1,34,2021-01-04,21.27
13775,6,8,6,34,2021-01-04,13.65
13776,10,8,6,41,2021-01-04,20.54
13777,14,8,4,24,2021-01-04,35.58
13778,16,8,2,35,2021-01-04,59.21
13779,18,8,2,26,2021-01-04,34.12
13780,22,8,2,35,2021-01-04,27.16
13781,26,8,3,36,2021-01-04,26.86
13782,28,8,6,32,2021-01-04,23.52
13783,30,8,6,42,2021-01-04,35.55
13784,32,8,4,36,2021-01-04,32.96
13785,34,8,4,29,2021-01-04,46.47
13786,36,8,3,43,2021-01-04,31.23
13787,40,8,5,21,2021-01-04,38.67
13788,42,8,4,34,2021-01-04,12.43
13789,2,9,1,29,2021-01-04,19.35
13790,4,9,6,34,2021-01-04,22.25
13791,6,9,6,20,2021-01-04,13.36
13792,10,9,2,33,2021-01-04,23.28
13793,12,9,4,25,2021-01-04,42.50
13794,14,9,2,30,2021-01-04,36.99
13795,16,9,2,33,2021-01-04,62.31
13796,20,9,6,22,2021-01-04,25.26
13797,26,9,3,30,2021-01-04,31.00
13798,28,9,6,35,2021-01-04,21.93
13799,30,9,1,22,2021-01-04,38.26
13800,34,9,4,32,2021-01-04,44.33
13801,36,9,3,26,2021-01-04,34.09
13802,2,10,6,49,2021-01-04,20.75
13803,4,10,1,32,2021-01-04,22.66
13804,6,10,6,42,2021-01-04,14.35
13805,10,10,6,30,2021-01-04,24.61
13806,12,10,4,20,2021-01-04,45.65
13807,14,10,4,22,2021-01-04,37.11
13808,16,10,2,35,2021-01-04,54.77
13809,20,10,2,31,2021-01-04,22.52
13810,22,10,6,30,2021-01-04,28.25
13811,26,10,3,30,2021-01-04,30.24
13812,28,10,1,25,2021-01-04,21.63
13813,30,10,1,29,2021-01-04,33.92
13814,34,10,2,31,2021-01-04,43.68
13815,36,10,3,36,2021-01-04,32.20
13816,38,10,5,23,2021-01-04,26.83
13817,40,10,5,33,2021-01-04,36.24
13818,42,10,6,30,2021-01-04,13.40
13819,4,11,1,27,2021-01-04,19.18
13820,22,11,6,30,2021-01-04,29.09
13821,26,11,5,28,2021-01-04,31.86
13822,28,11,6,22,2021-01-04,23.19
13823,30,11,6,23,2021-01-04,35.08
13824,32,11,4,33,2021-01-04,31.53
13825,34,11,4,33,2021-01-04,38.63
13826,36,11,3,32,2021-01-04,33.73
13827,40,11,5,30,2021-01-04,39.52
13828,2,12,1,23,2021-01-04,19.66
13829,4,12,6,27,2021-01-04,21.65
13830,6,12,1,32,2021-01-04,13.51
13831,8,12,6,43,2021-01-04,19.88
13832,10,12,6,31,2021-01-04,23.84
13833,14,12,2,34,2021-01-04,31.75
13834,18,12,2,33,2021-01-04,34.79
13835,20,12,2,36,2021-01-04,22.87
13836,24,12,5,32,2021-01-04,30.21
13837,26,12,3,32,2021-01-04,30.11
13838,28,12,6,33,2021-01-04,23.63
13839,32,12,2,41,2021-01-04,33.36
13840,34,12,4,29,2021-01-04,43.66
13841,38,12,5,24,2021-01-04,28.56
13842,40,12,3,35,2021-01-04,32.91
13843,1,1,6,36,2021-01-18,16.44
13844,3,1,6,34,2021-01-18,14.93
13845,5,1,1,24,2021-01-18,16.00
13846,7,1,2,28,2021-01-18,16.85
13847,9,1,6,38,2021-01-18,14.10
13848,11,1,6,50,2021-01-18,20.48
13849,13,1,4,29,2021-01-18,37.25
13850,15,1,2,27,2021-01-18,50.27
13851,19,1,2,26,2021-01-18,40.16
13852,25,1,3,39,2021-01-18,23.62
13853,27,1,6,38,2021-01-18,18.60
13854,29,1,1,36,2021-01-18,15.88
13855,31,1,6,32,2021-01-18,25.76
13856,33,1,4,42,2021-01-18,26.29
13857,35,1,3,34,2021-01-18,22.28
13858,37,1,3,31,2021-01-18,29.04
13859,41,1,6,42,2021-01-18,11.42
13860,43,1,4,54,2021-01-18,9.73
13861,1,2,1,52,2021-01-18,15.90
13862,3,2,6,48,2021-01-18,14.10
13863,5,2,6,34,2021-01-18,16.88
13864,7,2,2,37,2021-01-18,16.34
13865,9,2,6,37,2021-01-18,15.19
13866,11,2,6,41,2021-01-18,21.89
13867,13,2,2,35,2021-01-18,34.06
13868,15,2,2,41,2021-01-18,51.48
13869,17,2,2,32,2021-01-18,39.27
13870,21,2,2,27,2021-01-18,47.47
13871,23,2,5,25,2021-01-18,28.47
13872,25,2,3,24,2021-01-18,22.05
13873,27,2,6,52,2021-01-18,18.98
13874,29,2,1,54,2021-01-18,15.84
13875,31,2,6,31,2021-01-18,25.13
13876,33,2,2,27,2021-01-18,29.35
13877,37,2,3,36,2021-01-18,27.40
13878,39,2,3,30,2021-01-18,33.94
13879,41,2,4,41,2021-01-18,10.58
13880,43,2,6,60,2021-01-18,8.56
13881,1,3,1,33,2021-01-18,17.40
13882,3,3,1,46,2021-01-18,14.13
13883,5,3,6,19,2021-01-18,19.13
13884,7,3,6,27,2021-01-18,16.18
13885,9,3,2,35,2021-01-18,14.18
13886,11,3,2,39,2021-01-18,18.95
13887,15,3,4,33,2021-01-18,58.18
13888,17,3,2,30,2021-01-18,46.28
13889,19,3,6,39,2021-01-18,37.57
13890,23,3,5,36,2021-01-18,26.49
13891,25,3,3,42,2021-01-18,24.51
13892,27,3,1,38,2021-01-18,17.23
13893,29,3,1,32,2021-01-18,17.02
13894,31,3,1,26,2021-01-18,22.72
13895,33,3,4,26,2021-01-18,27.56
13896,35,3,3,27,2021-01-18,19.54
13897,37,3,3,41,2021-01-18,29.08
13898,41,3,4,40,2021-01-18,10.09
13899,43,3,4,61,2021-01-18,9.01
13900,3,4,1,34,2021-01-18,15.60
13901,5,4,1,23,2021-01-18,18.11
13902,7,4,2,32,2021-01-18,16.09
13903,11,4,6,40,2021-01-18,19.21
13904,15,4,4,23,2021-01-18,56.24
13905,19,4,2,28,2021-01-18,35.15
13906,21,4,6,34,2021-01-18,42.82
13907,27,4,1,30,2021-01-18,20.25
13908,29,4,6,48,2021-01-18,17.79
13909,31,4,1,28,2021-01-18,21.90
13910,33,4,4,28,2021-01-18,30.85
13911,35,4,3,29,2021-01-18,20.07
13912,41,4,6,37,2021-01-18,10.88
13913,43,4,6,45,2021-01-18,8.60
13914,5,5,1,25,2021-01-18,16.48
13915,7,5,6,35,2021-01-18,15.13
13916,9,5,6,41,2021-01-18,13.71
13917,11,5,6,37,2021-01-18,20.50
13918,13,5,2,26,2021-01-18,36.99
13919,15,5,2,25,2021-01-18,52.62
13920,19,5,6,26,2021-01-18,39.37
13921,21,5,2,31,2021-01-18,48.39
13922,23,5,5,31,2021-01-18,27.96
13923,27,5,6,28,2021-01-18,19.72
13924,29,5,1,35,2021-01-18,17.79
13925,31,5,6,33,2021-01-18,22.09
13926,37,5,3,31,2021-01-18,27.52
13927,39,5,3,30,2021-01-18,31.63
13928,41,5,4,31,2021-01-18,10.69
13929,43,5,6,26,2021-01-18,8.19
13930,1,6,6,22,2021-01-18,17.55
13931,3,6,6,32,2021-01-18,15.66
13932,11,6,6,37,2021-01-18,20.80
13933,19,6,6,20,2021-01-18,35.65
13934,27,6,1,20,2021-01-18,19.76
13935,29,6,1,32,2021-01-18,18.23
13936,31,6,1,30,2021-01-18,26.24
13937,33,6,4,25,2021-01-18,30.04
13938,35,6,3,31,2021-01-18,22.51
13939,39,6,5,34,2021-01-18,34.01
13940,41,6,4,28,2021-01-18,11.87
13941,43,6,6,44,2021-01-18,9.73
13942,1,7,1,28,2021-01-18,16.62
13943,3,7,1,35,2021-01-18,14.79
13944,5,7,6,35,2021-01-18,16.87
13945,7,7,6,34,2021-01-18,15.92
13946,9,7,2,24,2021-01-18,14.88
13947,11,7,2,38,2021-01-18,18.27
13948,15,7,2,27,2021-01-18,58.75
13949,17,7,2,25,2021-01-18,45.20
13950,21,7,6,28,2021-01-18,51.71
13951,23,7,3,33,2021-01-18,26.83
13952,25,7,3,26,2021-01-18,23.22
13953,27,7,6,26,2021-01-18,19.55
13954,29,7,6,45,2021-01-18,15.31
13955,31,7,1,19,2021-01-18,25.38
13956,33,7,2,43,2021-01-18,29.79
13957,35,7,3,32,2021-01-18,21.92
13958,41,7,6,44,2021-01-18,11.94
13959,43,7,4,40,2021-01-18,8.90
13960,1,8,6,36,2021-01-18,15.52
13961,3,8,1,26,2021-01-18,13.13
13962,5,8,6,33,2021-01-18,18.96
13963,9,8,2,28,2021-01-18,15.80
13964,11,8,2,22,2021-01-18,21.92
13965,15,8,4,21,2021-01-18,60.32
13966,17,8,4,34,2021-01-18,42.54
13967,19,8,2,31,2021-01-18,40.15
13968,23,8,3,27,2021-01-18,27.32
13969,27,8,1,38,2021-01-18,18.17
13970,29,8,6,28,2021-01-18,17.37
13971,35,8,3,40,2021-01-18,21.21
13972,37,8,3,30,2021-01-18,27.37
13973,41,8,6,31,2021-01-18,12.04
13974,43,8,6,30,2021-01-18,8.17
13975,9,9,6,24,2021-01-18,14.58
13976,13,9,4,29,2021-01-18,35.60
13977,19,9,6,24,2021-01-18,35.41
13978,27,9,6,35,2021-01-18,20.21
13979,29,9,1,29,2021-01-18,16.23
13980,33,9,4,32,2021-01-18,31.14
13981,41,9,6,31,2021-01-18,10.88
13982,43,9,4,28,2021-01-18,9.03
13983,1,10,6,23,2021-01-18,16.99
13984,3,10,6,39,2021-01-18,15.43
13985,5,10,1,26,2021-01-18,19.21
13986,9,10,6,34,2021-01-18,13.51
13987,11,10,2,38,2021-01-18,18.72
13988,17,10,4,24,2021-01-18,41.90
13989,19,10,6,26,2021-01-18,40.46
13990,21,10,6,37,2021-01-18,49.17
13991,23,10,3,28,2021-01-18,26.04
13992,27,10,6,41,2021-01-18,19.58
13993,29,10,1,27,2021-01-18,18.70
13994,31,10,1,29,2021-01-18,23.66
13995,33,10,2,37,2021-01-18,29.25
13996,39,10,3,39,2021-01-18,29.45
13997,41,10,6,25,2021-01-18,10.54
13998,43,10,6,34,2021-01-18,9.39
13999,1,11,1,35,2021-01-18,15.06
14000,3,11,6,31,2021-01-18,15.88
14001,7,11,6,42,2021-01-18,16.05
14002,11,11,6,22,2021-01-18,18.17
14003,13,11,2,23,2021-01-18,35.11
14004,15,11,4,20,2021-01-18,52.78
14005,17,11,2,31,2021-01-18,40.06
14006,19,11,6,25,2021-01-18,41.26
14007,21,11,2,29,2021-01-18,49.43
14008,23,11,3,43,2021-01-18,28.12
14009,27,11,6,25,2021-01-18,19.39
14010,29,11,6,42,2021-01-18,18.38
14011,31,11,1,30,2021-01-18,25.54
14012,33,11,2,21,2021-01-18,31.65
14013,37,11,3,28,2021-01-18,25.35
14014,41,11,4,30,2021-01-18,10.97
14015,43,11,4,27,2021-01-18,9.15
14016,5,12,6,23,2021-01-18,17.60
14017,9,12,2,38,2021-01-18,15.92
14018,11,12,2,33,2021-01-18,20.03
14019,21,12,2,29,2021-01-18,44.30
14020,25,12,3,24,2021-01-18,24.40
14021,27,12,6,29,2021-01-18,19.55
14022,31,12,6,20,2021-01-18,25.82
14023,33,12,4,26,2021-01-18,27.69
14024,39,12,3,26,2021-01-18,28.90
14025,41,12,6,39,2021-01-18,11.46
14026,43,12,4,40,2021-01-18,9.29
14027,6,1,1,44,2021-02-03,13.81
14028,8,1,2,28,2021-02-03,20.51
14029,10,1,6,32,2021-02-03,23.09
14030,18,1,2,30,2021-02-03,31.36
14031,20,1,6,21,2021-02-03,23.08
14032,28,1,1,35,2021-02-03,22.00
14033,36,1,3,25,2021-02-03,34.73
14034,38,1,3,33,2021-02-03,30.56
14035,42,1,6,27,2021-02-03,11.40
14036,2,2,6,36,2021-02-03,18.59
14037,4,2,1,29,2021-02-03,20.74
14038,6,2,1,32,2021-02-03,12.72
14039,8,2,2,34,2021-02-03,18.64
14040,10,2,6,19,2021-02-03,23.68
14041,18,2,2,36,2021-02-03,34.61
14042,22,2,6,25,2021-02-03,30.11
14043,28,2,1,54,2021-02-03,23.34
14044,32,2,2,34,2021-02-03,30.63
14045,36,2,3,32,2021-02-03,31.67
14046,40,2,3,30,2021-02-03,38.88
14047,42,2,4,35,2021-02-03,11.91
14048,2,3,6,35,2021-02-03,18.98
14049,4,3,1,33,2021-02-03,21.27
14050,22,3,6,22,2021-02-03,30.14
14051,30,3,1,30,2021-02-03,33.73
14052,36,3,3,26,2021-02-03,33.11
14053,40,3,3,22,2021-02-03,38.41
14054,42,3,6,29,2021-02-03,12.72
14055,2,4,1,29,2021-02-03,19.41
14056,12,4,2,24,2021-02-03,47.06
14057,18,4,6,42,2021-02-03,30.10
14058,20,4,2,30,2021-02-03,24.82
14059,22,4,6,27,2021-02-03,28.97
14060,24,4,3,27,2021-02-03,30.07
14061,32,4,2,35,2021-02-03,31.65
14062,38,4,3,28,2021-02-03,28.12
14063,40,4,3,32,2021-02-03,32.57
14064,42,4,6,35,2021-02-03,12.29
14065,8,5,2,23,2021-02-03,18.66
14066,12,5,4,17,2021-02-03,44.50
14067,30,5,1,21,2021-02-03,35.10
14068,34,5,4,21,2021-02-03,38.37
14069,36,5,3,22,2021-02-03,32.28
14070,40,5,3,23,2021-02-03,34.12
14071,2,6,1,23,2021-02-03,19.30
14072,4,6,1,33,2021-02-03,21.34
14073,20,6,2,29,2021-02-03,23.63
14074,22,6,2,36,2021-02-03,27.41
14075,24,6,3,21,2021-02-03,33.04
14076,28,6,1,26,2021-02-03,24.02
14077,36,6,3,34,2021-02-03,32.12
14078,40,6,3,36,2021-02-03,36.53
14079,42,6,4,22,2021-02-03,11.61
14080,6,7,6,21,2021-02-03,12.30
14081,10,7,2,26,2021-02-03,24.15
14082,20,7,6,24,2021-02-03,21.60
14083,22,7,6,24,2021-02-03,30.16
14084,30,7,1,31,2021-02-03,32.89
14085,36,7,3,26,2021-02-03,29.70
14086,38,7,3,21,2021-02-03,30.37
14087,40,7,5,24,2021-02-03,34.63
14088,4,8,6,27,2021-02-03,22.62
14089,8,8,6,30,2021-02-03,18.26
14090,10,8,6,25,2021-02-03,21.55
14091,12,8,4,21,2021-02-03,40.23
14092,20,8,2,30,2021-02-03,22.79
14093,24,8,5,25,2021-02-03,30.01
14094,28,8,1,25,2021-02-03,24.00
14095,38,8,3,26,2021-02-03,29.12
14096,4,9,6,25,2021-02-03,22.67
14097,6,9,1,19,2021-02-03,13.63
14098,8,9,6,16,2021-02-03,19.41
14099,18,9,2,24,2021-02-03,30.43
14100,22,9,2,34,2021-02-03,25.90
14101,24,9,5,24,2021-02-03,30.37
14102,28,9,6,23,2021-02-03,20.38
14103,32,9,4,24,2021-02-03,35.31
14104,38,9,3,29,2021-02-03,30.70
14105,40,9,5,26,2021-02-03,36.35
14106,42,9,6,32,2021-02-03,13.28
14107,2,10,6,30,2021-02-03,18.86
14108,6,10,6,23,2021-02-03,12.20
14109,8,10,2,30,2021-02-03,17.89
14110,18,10,2,29,2021-02-03,31.22
14111,24,10,3,31,2021-02-03,31.66
14112,32,10,2,26,2021-02-03,33.45
14113,2,11,6,24,2021-02-03,17.19
14114,6,11,1,26,2021-02-03,12.31
14115,8,11,6,23,2021-02-03,19.44
14116,10,11,6,27,2021-02-03,23.55
14117,12,11,4,19,2021-02-03,41.09
14118,14,11,4,26,2021-02-03,31.32
14119,16,11,4,32,2021-02-03,62.92
14120,18,11,6,29,2021-02-03,30.89
14121,20,11,6,22,2021-02-03,22.38
14122,24,11,3,18,2021-02-03,33.58
14123,32,11,2,28,2021-02-03,31.43
14124,38,11,5,19,2021-02-03,28.38
14125,42,11,4,27,2021-02-03,13.47
14126,12,12,4,23,2021-02-03,45.67
14127,16,12,4,24,2021-02-03,62.43
14128,20,12,6,31,2021-02-03,21.63
14129,22,12,2,26,2021-02-03,27.67
14130,30,12,1,33,2021-02-03,38.94
14131,32,12,4,24,2021-02-03,33.90
14132,36,12,3,25,2021-02-03,31.20
14133,42,12,6,28,2021-02-03,12.56
14134,1,1,1,45,2021-02-17,14.81
14135,3,1,1,31,2021-02-17,15.24
14136,5,1,1,42,2021-02-17,17.75
14137,9,1,2,28,2021-02-17,15.90
14138,11,1,6,47,2021-02-17,19.11
14139,17,1,2,31,2021-02-17,41.63
14140,21,1,6,27,2021-02-17,43.37
14141,23,1,3,31,2021-02-17,24.95
14142,27,1,1,40,2021-02-17,18.61
14143,29,1,1,35,2021-02-17,17.12
14144,31,1,1,22,2021-02-17,22.38
14145,37,1,3,19,2021-02-17,29.66
14146,39,1,5,31,2021-02-17,33.07
14147,41,1,6,29,2021-02-17,10.22
14148,43,1,4,48,2021-02-17,9.42
14149,1,2,1,34,2021-02-17,17.07
14150,3,2,6,40,2021-02-17,15.39
14151,7,2,6,21,2021-02-17,16.15
14152,11,2,2,30,2021-02-17,18.58
14153,19,2,2,34,2021-02-17,42.32
14154,27,2,1,32,2021-02-17,18.98
14155,29,2,1,32,2021-02-17,16.46
14156,31,2,1,27,2021-02-17,26.16
14157,35,2,3,29,2021-02-17,22.60
14158,41,2,4,28,2021-02-17,11.99
14159,43,2,6,38,2021-02-17,9.51
14160,3,3,1,30,2021-02-17,15.76
14161,11,3,2,37,2021-02-17,18.26
14162,13,3,2,24,2021-02-17,40.68
14163,21,3,2,27,2021-02-17,44.85
14164,27,3,6,53,2021-02-17,18.73
14165,29,3,1,24,2021-02-17,18.48
14166,37,3,3,32,2021-02-17,25.95
14167,39,3,5,23,2021-02-17,30.01
14168,41,3,6,23,2021-02-17,11.34
14169,43,3,4,26,2021-02-17,9.20
14170,1,4,6,40,2021-02-17,14.43
14171,7,4,2,22,2021-02-17,14.43
14172,9,4,2,28,2021-02-17,15.92
14173,11,4,6,24,2021-02-17,21.71
14174,13,4,4,16,2021-02-17,34.56
14175,17,4,2,20,2021-02-17,46.22
14176,23,4,5,23,2021-02-17,28.93
14177,25,4,5,25,2021-02-17,23.42
14178,27,4,1,24,2021-02-17,19.65
14179,29,4,6,36,2021-02-17,15.35
14180,31,4,6,29,2021-02-17,22.20
14181,35,4,3,26,2021-02-17,21.20
14182,37,4,3,35,2021-02-17,25.33
14183,39,4,3,29,2021-02-17,32.20
14184,41,4,4,30,2021-02-17,11.90
14185,1,5,6,32,2021-02-17,14.68
14186,3,5,1,30,2021-02-17,13.70
14187,17,5,4,16,2021-02-17,39.33
14188,25,5,3,10,2021-02-17,24.05
14189,33,5,4,24,2021-02-17,30.10
14190,35,5,3,15,2021-02-17,19.73
14191,1,6,1,29,2021-02-17,16.20
14192,3,6,6,25,2021-02-17,15.35
14193,5,6,6,31,2021-02-17,16.80
14194,7,6,2,29,2021-02-17,15.53
14195,9,6,2,42,2021-02-17,16.36
14196,13,6,2,30,2021-02-17,37.23
14197,15,6,2,21,2021-02-17,53.04
14198,17,6,2,33,2021-02-17,40.37
14199,21,6,6,27,2021-02-17,48.05
14200,23,6,3,31,2021-02-17,24.91
14201,25,6,3,24,2021-02-17,21.87
14202,27,6,6,44,2021-02-17,20.41
14203,29,6,6,30,2021-02-17,17.52
14204,37,6,3,38,2021-02-17,29.50
14205,43,6,6,30,2021-02-17,9.11
14206,13,7,4,17,2021-02-17,40.69
14207,19,7,2,22,2021-02-17,36.97
14208,29,7,1,34,2021-02-17,16.89
14209,37,7,3,26,2021-02-17,26.53
14210,39,7,3,20,2021-02-17,31.03
14211,41,7,6,27,2021-02-17,11.37
14212,43,7,6,29,2021-02-17,9.40
14213,1,8,1,23,2021-02-17,16.92
14214,7,8,6,27,2021-02-17,16.60
14215,13,8,4,20,2021-02-17,36.68
14216,21,8,2,20,2021-02-17,47.31
14217,25,8,5,22,2021-02-17,25.71
14218,27,8,6,34,2021-02-17,19.92
14219,31,8,1,26,2021-02-17,25.09
14220,33,8,4,40,2021-02-17,28.80
14221,37,8,3,25,2021-02-17,28.86
14222,39,8,3,19,2021-02-17,31.49
14223,41,8,4,28,2021-02-17,10.65
14224,43,8,6,39,2021-02-17,8.52
14225,1,9,1,26,2021-02-17,15.07
14226,3,9,1,32,2021-02-17,15.88
14227,5,9,6,25,2021-02-17,17.48
14228,7,9,6,34,2021-02-17,16.40
14229,11,9,6,39,2021-02-17,20.70
14230,15,9,2,19,2021-02-17,59.04
14231,17,9,4,12,2021-02-17,44.44
14232,21,9,2,17,2021-02-17,44.76
14233,23,9,5,26,2021-02-17,29.04
14234,25,9,5,17,2021-02-17,23.93
14235,31,9,6,17,2021-02-17,25.48
14236,35,9,3,17,2021-02-17,20.43
14237,37,9,3,19,2021-02-17,29.69
14238,39,9,5,11,2021-02-17,32.50
14239,41,9,6,22,2021-02-17,11.22
14240,43,9,6,26,2021-02-17,9.14
14241,7,10,6,33,2021-02-17,15.81
14242,11,10,6,26,2021-02-17,20.65
14243,13,10,2,17,2021-02-17,36.54
14244,15,10,2,19,2021-02-17,53.50
14245,25,10,3,30,2021-02-17,25.36
14246,27,10,1,24,2021-02-17,20.73
14247,35,10,3,31,2021-02-17,19.02
14248,37,10,3,20,2021-02-17,25.83
14249,43,10,4,30,2021-02-17,9.03
14250,5,11,1,29,2021-02-17,16.37
14251,9,11,2,52,2021-02-17,16.25
14252,25,11,3,25,2021-02-17,25.82
14253,27,11,1,30,2021-02-17,20.36
14254,31,11,1,20,2021-02-17,25.24
14255,35,11,3,29,2021-02-17,21.73
14256,39,11,3,24,2021-02-17,31.94
14257,1,12,1,32,2021-02-17,15.08
14258,3,12,1,32,2021-02-17,14.78
14259,7,12,2,20,2021-02-17,15.38
14260,13,12,2,21,2021-02-17,40.90
14261,15,12,2,21,2021-02-17,57.24
14262,17,12,4,15,2021-02-17,40.37
14263,19,12,2,14,2021-02-17,39.39
14264,23,12,3,12,2021-02-17,25.16
14265,29,12,1,38,2021-02-17,18.15
14266,31,12,6,24,2021-02-17,22.73
14267,35,12,3,26,2021-02-17,20.12
14268,37,12,3,25,2021-02-17,28.74
14269,43,12,6,23,2021-02-17,9.70
14270,2,1,6,27,2021-03-03,18.08
14271,4,1,1,33,2021-03-03,19.61
14272,8,1,6,30,2021-03-03,18.01
14273,12,1,4,29,2021-03-03,44.29
14274,14,1,2,18,2021-03-03,34.24
14275,16,1,2,24,2021-03-03,59.56
14276,22,1,6,39,2021-03-03,25.97
14277,24,1,3,28,2021-03-03,33.70
14278,26,1,5,18,2021-03-03,29.34
14279,28,1,1,33,2021-03-03,21.34
14280,30,1,1,43,2021-03-03,38.49
14281,32,1,2,37,2021-03-03,36.97
14282,34,1,4,17,2021-03-03,40.44
14283,36,1,3,29,2021-03-03,30.52
14284,40,1,5,19,2021-03-03,38.72
14285,42,1,4,34,2021-03-03,12.99
14286,2,2,1,26,2021-03-03,17.45
14287,4,2,1,36,2021-03-03,21.09
14288,6,2,6,31,2021-03-03,12.87
14289,8,2,2,34,2021-03-03,17.53
14290,10,2,6,43,2021-03-03,23.10
14291,12,2,2,27,2021-03-03,43.29
14292,14,2,2,29,2021-03-03,35.56
14293,16,2,2,26,2021-03-03,54.64
14294,20,2,2,38,2021-03-03,24.64
14295,22,2,2,28,2021-03-03,25.32
14296,24,2,3,25,2021-03-03,29.62
14297,26,2,5,24,2021-03-03,30.38
14298,30,2,1,35,2021-03-03,33.78
14299,32,2,4,22,2021-03-03,35.17
14300,34,2,2,27,2021-03-03,41.79
14301,38,2,5,29,2021-03-03,28.41
14302,42,2,4,23,2021-03-03,12.89
14303,2,3,6,34,2021-03-03,18.98
14304,4,3,1,33,2021-03-03,19.66
14305,6,3,6,38,2021-03-03,13.78
14306,8,3,6,34,2021-03-03,18.30
14307,10,3,2,37,2021-03-03,20.60
14308,12,3,4,13,2021-03-03,42.85
14309,14,3,2,24,2021-03-03,32.94
14310,16,3,2,19,2021-03-03,60.47
14311,18,3,2,30,2021-03-03,32.81
14312,20,3,6,29,2021-03-03,25.67
14313,22,3,2,27,2021-03-03,27.88
14314,24,3,5,26,2021-03-03,28.38
14315,26,3,3,13,2021-03-03,28.80
14316,28,3,6,31,2021-03-03,23.46
14317,30,3,6,31,2021-03-03,34.16
14318,32,3,4,24,2021-03-03,32.37
14319,34,3,2,23,2021-03-03,39.16
14320,38,3,5,33,2021-03-03,30.73
14321,4,4,1,23,2021-03-03,20.58
14322,6,4,6,34,2021-03-03,14.60
14323,8,4,6,34,2021-03-03,20.79
14324,10,4,6,22,2021-03-03,23.19
14325,14,4,4,25,2021-03-03,32.61
14326,16,4,4,17,2021-03-03,58.51
14327,26,4,5,21,2021-03-03,31.54
14328,28,4,1,15,2021-03-03,21.56
14329,30,4,6,29,2021-03-03,37.38
14330,34,4,2,27,2021-03-03,44.67
14331,36,4,3,27,2021-03-03,32.28
14332,2,5,1,28,2021-03-03,19.84
14333,4,5,1,22,2021-03-03,19.95
14334,6,5,1,14,2021-03-03,14.38
14335,10,5,6,25,2021-03-03,23.28
14336,14,5,4,14,2021-03-03,31.45
14337,16,5,2,11,2021-03-03,57.06
14338,18,5,2,12,2021-03-03,34.98
14339,20,5,2,26,2021-03-03,24.47
14340,22,5,6,24,2021-03-03,29.51
14341,24,5,5,17,2021-03-03,29.06
14342,26,5,3,18,2021-03-03,28.05
14343,28,5,6,30,2021-03-03,20.71
14344,32,5,2,23,2021-03-03,37.15
14345,38,5,5,22,2021-03-03,29.96
14346,42,5,4,26,2021-03-03,13.19
14347,6,6,1,28,2021-03-03,12.19
14348,8,6,2,26,2021-03-03,17.37
14349,10,6,2,23,2021-03-03,23.84
14350,12,6,4,22,2021-03-03,43.93
14351,14,6,4,25,2021-03-03,34.33
14352,16,6,4,19,2021-03-03,56.19
14353,18,6,2,19,2021-03-03,35.65
14354,26,6,5,17,2021-03-03,27.16
14355,30,6,1,27,2021-03-03,32.97
14356,32,6,2,33,2021-03-03,32.79
14357,34,6,4,11,2021-03-03,45.44
14358,38,6,5,20,2021-03-03,26.46
14359,2,7,6,30,2021-03-03,17.98
14360,4,7,1,41,2021-03-03,20.52
14361,8,7,2,34,2021-03-03,19.41
14362,12,7,2,17,2021-03-03,42.00
14363,14,7,4,10,2021-03-03,33.96
14364,16,7,4,14,2021-03-03,61.53
14365,18,7,6,31,2021-03-03,34.01
14366,24,7,3,25,2021-03-03,32.38
14367,26,7,5,23,2021-03-03,27.47
14368,28,7,6,31,2021-03-03,20.48
14369,32,7,2,24,2021-03-03,33.55
14370,34,7,4,14,2021-03-03,46.56
14371,42,7,4,27,2021-03-03,11.88
14372,2,8,6,25,2021-03-03,18.59
14373,4,8,1,31,2021-03-03,19.41
14374,6,8,6,53,2021-03-03,12.62
14375,8,8,6,20,2021-03-03,19.94
14376,14,8,2,23,2021-03-03,34.61
14377,16,8,2,15,2021-03-03,58.88
14378,18,8,6,19,2021-03-03,31.23
14379,20,8,2,22,2021-03-03,23.77
14380,22,8,6,33,2021-03-03,27.30
14381,26,8,3,26,2021-03-03,27.66
14382,28,8,6,26,2021-03-03,21.68
14383,30,8,1,23,2021-03-03,39.48
14384,32,8,4,17,2021-03-03,35.46
14385,34,8,2,13,2021-03-03,41.65
14386,36,8,3,26,2021-03-03,29.33
14387,40,8,3,26,2021-03-03,36.43
14388,42,8,4,34,2021-03-03,12.22
14389,2,9,6,28,2021-03-03,18.02
14390,6,9,6,23,2021-03-03,13.35
14391,10,9,2,22,2021-03-03,20.87
14392,14,9,4,16,2021-03-03,31.20
14393,16,9,4,12,2021-03-03,64.00
14394,20,9,2,22,2021-03-03,26.07
14395,26,9,5,14,2021-03-03,30.68
14396,30,9,6,23,2021-03-03,32.98
14397,34,9,2,14,2021-03-03,39.55
14398,36,9,3,31,2021-03-03,33.26
14399,4,10,1,34,2021-03-03,19.74
14400,6,10,6,26,2021-03-03,12.63
14401,10,10,6,29,2021-03-03,22.98
14402,12,10,4,12,2021-03-03,41.46
14403,14,10,4,16,2021-03-03,33.23
14404,16,10,4,15,2021-03-03,57.09
14405,20,10,2,35,2021-03-03,21.75
14406,22,10,2,27,2021-03-03,27.45
14407,26,10,5,27,2021-03-03,29.41
14408,28,10,1,34,2021-03-03,24.34
14409,30,10,6,32,2021-03-03,39.33
14410,34,10,4,20,2021-03-03,46.15
14411,36,10,3,20,2021-03-03,32.19
14412,38,10,3,16,2021-03-03,26.99
14413,40,10,3,26,2021-03-03,36.92
14414,42,10,4,33,2021-03-03,11.84
14415,4,11,6,40,2021-03-03,22.84
14416,6,11,6,23,2021-03-03,13.20
14417,22,11,2,18,2021-03-03,26.02
14418,26,11,5,23,2021-03-03,28.73
14419,28,11,1,31,2021-03-03,20.84
14420,30,11,1,34,2021-03-03,37.96
14421,34,11,4,19,2021-03-03,46.47
14422,36,11,3,14,2021-03-03,33.20
14423,40,11,5,16,2021-03-03,34.88
14424,2,12,1,23,2021-03-03,19.58
14425,4,12,6,40,2021-03-03,21.91
14426,6,12,1,39,2021-03-03,12.69
14427,8,12,6,26,2021-03-03,18.09
14428,10,12,2,15,2021-03-03,20.38
14429,14,12,2,20,2021-03-03,31.70
14430,18,12,2,22,2021-03-03,31.26
14431,24,12,3,25,2021-03-03,31.52
14432,26,12,3,15,2021-03-03,31.21
14433,28,12,1,20,2021-03-03,22.60
14434,34,12,4,19,2021-03-03,40.06
14435,38,12,3,15,2021-03-03,31.37
14436,40,12,5,23,2021-03-03,33.08
14437,1,1,1,39,2021-03-17,15.31
14438,3,1,1,32,2021-03-17,14.46
14439,5,1,1,25,2021-03-17,18.37
14440,7,1,6,41,2021-03-17,15.88
14441,9,1,2,48,2021-03-17,16.12
14442,11,1,2,37,2021-03-17,18.85
14443,13,1,4,26,2021-03-17,35.79
14444,15,1,4,28,2021-03-17,53.15
14445,19,1,6,24,2021-03-17,42.59
14446,23,1,5,30,2021-03-17,27.06
14447,25,1,5,19,2021-03-17,25.39
14448,27,1,6,40,2021-03-17,19.44
14449,29,1,6,38,2021-03-17,18.43
14450,31,1,6,26,2021-03-17,25.73
14451,33,1,2,33,2021-03-17,30.05
14452,35,1,3,40,2021-03-17,21.69
14453,39,1,3,34,2021-03-17,29.52
14454,41,1,4,43,2021-03-17,10.46
14455,43,1,4,35,2021-03-17,9.28
14456,1,2,1,39,2021-03-17,14.46
14457,3,2,1,38,2021-03-17,13.61
14458,5,2,6,30,2021-03-17,19.11
14459,7,2,2,25,2021-03-17,15.42
14460,9,2,6,36,2021-03-17,14.27
14461,11,2,2,46,2021-03-17,19.66
14462,13,2,4,24,2021-03-17,35.64
14463,15,2,2,24,2021-03-17,54.63
14464,17,2,2,21,2021-03-17,40.71
14465,19,2,6,23,2021-03-17,41.50
14466,21,2,2,25,2021-03-17,51.58
14467,23,2,5,29,2021-03-17,26.79
14468,25,2,3,37,2021-03-17,23.66
14469,27,2,1,35,2021-03-17,19.84
14470,29,2,1,43,2021-03-17,18.46
14471,33,2,2,39,2021-03-17,30.50
14472,35,2,3,31,2021-03-17,22.29
14473,37,2,3,37,2021-03-17,26.60
14474,39,2,5,26,2021-03-17,30.19
14475,41,2,6,44,2021-03-17,11.57
14476,43,2,4,54,2021-03-17,9.72
14477,1,3,6,33,2021-03-17,16.15
14478,3,3,1,32,2021-03-17,15.73
14479,5,3,6,41,2021-03-17,16.78
14480,7,3,6,27,2021-03-17,16.03
14481,9,3,6,28,2021-03-17,14.61
14482,11,3,6,25,2021-03-17,21.37
14483,15,3,2,31,2021-03-17,51.26
14484,17,3,4,14,2021-03-17,42.45
14485,19,3,2,21,2021-03-17,40.88
14486,23,3,5,27,2021-03-17,27.13
14487,25,3,5,19,2021-03-17,23.48
14488,29,3,6,43,2021-03-17,18.43
14489,31,3,1,25,2021-03-17,24.23
14490,33,3,2,42,2021-03-17,27.25
14491,35,3,3,18,2021-03-17,21.05
14492,41,3,6,37,2021-03-17,10.06
14493,43,3,6,49,2021-03-17,8.15
14494,3,4,6,30,2021-03-17,14.31
14495,5,4,6,36,2021-03-17,16.97
14496,9,4,6,32,2021-03-17,14.60
14497,15,4,4,14,2021-03-17,54.54
14498,19,4,6,29,2021-03-17,39.23
14499,21,4,6,21,2021-03-17,49.86
14500,33,4,4,16,2021-03-17,31.85
14501,39,4,3,21,2021-03-17,30.32
14502,41,4,4,36,2021-03-17,11.30
14503,43,4,6,34,2021-03-17,9.88
14504,5,5,6,25,2021-03-17,17.04
14505,7,5,2,21,2021-03-17,16.38
14506,9,5,6,19,2021-03-17,14.74
14507,11,5,2,22,2021-03-17,20.10
14508,13,5,2,21,2021-03-17,36.33
14509,15,5,2,22,2021-03-17,59.15
14510,19,5,2,8,2021-03-17,39.90
14511,21,5,6,20,2021-03-17,44.23
14512,23,5,5,24,2021-03-17,26.22
14513,27,5,1,36,2021-03-17,18.05
14514,29,5,6,17,2021-03-17,15.81
14515,31,5,6,17,2021-03-17,24.14
14516,37,5,3,20,2021-03-17,28.33
14517,39,5,5,20,2021-03-17,32.34
14518,41,5,6,26,2021-03-17,11.15
14519,43,5,6,30,2021-03-17,8.73
14520,1,6,6,19,2021-03-17,16.42
14521,9,6,2,29,2021-03-17,14.53
14522,11,6,2,41,2021-03-17,19.43
14523,15,6,2,27,2021-03-17,50.88
14524,19,6,6,31,2021-03-17,38.38
14525,23,6,5,22,2021-03-17,27.28
14526,27,6,1,22,2021-03-17,18.31
14527,29,6,1,25,2021-03-17,16.56
14528,31,6,6,18,2021-03-17,25.86
14529,33,6,4,37,2021-03-17,27.24
14530,35,6,3,34,2021-03-17,22.48
14531,39,6,5,34,2021-03-17,33.02
14532,41,6,4,46,2021-03-17,11.86
14533,43,6,6,32,2021-03-17,9.32
14534,1,7,6,35,2021-03-17,17.10
14535,3,7,1,33,2021-03-17,13.09
14536,5,7,1,30,2021-03-17,17.77
14537,7,7,6,34,2021-03-17,16.17
14538,9,7,2,41,2021-03-17,16.39
14539,11,7,6,39,2021-03-17,20.36
14540,15,7,2,21,2021-03-17,52.22
14541,17,7,4,20,2021-03-17,43.75
14542,21,7,6,26,2021-03-17,48.74
14543,23,7,3,40,2021-03-17,28.60
14544,25,7,3,18,2021-03-17,22.47
14545,27,7,6,41,2021-03-17,19.39
14546,29,7,6,32,2021-03-17,16.11
14547,31,7,6,23,2021-03-17,25.38
14548,33,7,2,25,2021-03-17,30.21
14549,35,7,3,23,2021-03-17,19.53
14550,41,7,4,29,2021-03-17,11.11
14551,1,8,6,30,2021-03-17,16.03
14552,3,8,6,35,2021-03-17,13.11
14553,5,8,1,32,2021-03-17,16.27
14554,9,8,6,33,2021-03-17,15.05
14555,11,8,6,40,2021-03-17,19.09
14556,15,8,4,24,2021-03-17,50.93
14557,17,8,2,20,2021-03-17,45.45
14558,19,8,2,19,2021-03-17,40.41
14559,23,8,3,26,2021-03-17,28.85
14560,27,8,1,41,2021-03-17,19.39
14561,29,8,6,46,2021-03-17,15.61
14562,35,8,3,26,2021-03-17,21.68
14563,39,8,3,24,2021-03-17,28.71
14564,43,8,4,31,2021-03-17,9.27
14565,1,9,1,30,2021-03-17,17.25
14566,9,9,2,26,2021-03-17,16.50
14567,13,9,4,26,2021-03-17,36.21
14568,19,9,6,21,2021-03-17,36.99
14569,21,9,2,22,2021-03-17,49.38
14570,25,9,3,28,2021-03-17,25.34
14571,27,9,6,35,2021-03-17,18.30
14572,29,9,6,40,2021-03-17,18.70
14573,33,9,2,23,2021-03-17,26.45
14574,43,9,4,29,2021-03-17,8.36
14575,1,10,1,28,2021-03-17,17.47
14576,3,10,6,29,2021-03-17,13.63
14577,5,10,1,15,2021-03-17,17.19
14578,9,10,6,35,2021-03-17,14.29
14579,11,10,2,31,2021-03-17,18.95
14580,17,10,2,23,2021-03-17,41.48
14581,19,10,2,22,2021-03-17,40.13
14582,21,10,2,21,2021-03-17,49.78
14583,23,10,5,22,2021-03-17,26.48
14584,27,10,6,30,2021-03-17,19.67
14585,29,10,6,40,2021-03-17,17.94
14586,31,10,6,26,2021-03-17,21.61
14587,33,10,4,16,2021-03-17,29.25
14588,39,10,5,22,2021-03-17,29.48
14589,41,10,6,31,2021-03-17,10.43
14590,43,10,4,29,2021-03-17,8.32
14591,1,11,1,40,2021-03-17,17.52
14592,3,11,6,39,2021-03-17,14.76
14593,5,11,6,28,2021-03-17,19.14
14594,7,11,6,36,2021-03-17,16.65
14595,9,11,2,24,2021-03-17,16.05
14596,11,11,2,36,2021-03-17,19.15
14597,13,11,4,26,2021-03-17,34.81
14598,15,11,2,21,2021-03-17,57.86
14599,17,11,2,15,2021-03-17,44.09
14600,19,11,6,18,2021-03-17,38.98
14601,21,11,2,20,2021-03-17,51.34
14602,23,11,5,25,2021-03-17,26.92
14603,29,11,1,29,2021-03-17,16.52
14604,33,11,2,29,2021-03-17,27.24
14605,37,11,3,18,2021-03-17,30.22
14606,41,11,4,42,2021-03-17,10.76
14607,43,11,4,29,2021-03-17,8.34
14608,5,12,6,27,2021-03-17,17.16
14609,7,12,2,21,2021-03-17,15.86
14610,9,12,6,22,2021-03-17,14.32
14611,11,12,2,27,2021-03-17,19.22
14612,21,12,2,22,2021-03-17,48.24
14613,23,12,3,23,2021-03-17,25.75
14614,25,12,3,17,2021-03-17,23.57
14615,27,12,1,29,2021-03-17,20.56
14616,29,12,1,29,2021-03-17,17.13
14617,33,12,2,22,2021-03-17,27.34
14618,39,12,5,22,2021-03-17,30.33
14619,41,12,4,35,2021-03-17,11.58
14620,2,1,1,22,2021-04-05,20.43
14621,4,1,1,47,2021-04-05,22.51
14622,6,1,6,59,2021-04-05,14.24
14623,8,1,2,40,2021-04-05,19.81
14624,10,1,6,39,2021-04-05,21.15
14625,12,1,4,22,2021-04-05,45.31
14626,14,1,2,33,2021-04-05,33.89
14627,18,1,6,29,2021-04-05,29.40
14628,20,1,2,35,2021-04-05,26.12
14629,22,1,6,35,2021-04-05,28.94
14630,24,1,5,31,2021-04-05,33.15
14631,26,1,5,29,2021-04-05,27.12
14632,28,1,6,34,2021-04-05,23.93
14633,30,1,1,33,2021-04-05,37.48
14634,32,1,2,30,2021-04-05,37.25
14635,34,1,4,28,2021-04-05,44.31
14636,36,1,3,29,2021-04-05,29.97
14637,38,1,5,42,2021-04-05,28.96
14638,40,1,5,39,2021-04-05,33.63
14639,42,1,4,50,2021-04-05,11.94
14640,2,2,6,28,2021-04-05,19.07
14641,4,2,6,66,2021-04-05,21.89
14642,6,2,1,34,2021-04-05,12.61
14643,8,2,6,40,2021-04-05,19.10
14644,10,2,6,41,2021-04-05,20.60
14645,12,2,2,39,2021-04-05,47.38
14646,14,2,4,31,2021-04-05,33.20
14647,16,2,4,35,2021-04-05,58.43
14648,18,2,2,42,2021-04-05,29.81
14649,20,2,2,37,2021-04-05,23.35
14650,22,2,2,43,2021-04-05,28.37
14651,24,2,5,40,2021-04-05,30.55
14652,26,2,5,57,2021-04-05,29.44
14653,28,2,6,53,2021-04-05,20.29
14654,30,2,6,27,2021-04-05,35.33
14655,34,2,2,26,2021-04-05,42.56
14656,36,2,3,54,2021-04-05,35.38
14657,38,2,5,35,2021-04-05,27.02
14658,40,2,3,53,2021-04-05,36.70
14659,42,2,4,36,2021-04-05,13.02
14660,2,3,6,25,2021-04-05,17.16
14661,4,3,6,50,2021-04-05,22.31
14662,6,3,6,35,2021-04-05,14.84
14663,8,3,2,30,2021-04-05,18.20
14664,10,3,6,49,2021-04-05,21.73
14665,12,3,2,22,2021-04-05,41.32
14666,18,3,6,30,2021-04-05,29.93
14667,22,3,6,30,2021-04-05,29.41
14668,24,3,3,30,2021-04-05,28.30
14669,26,3,3,39,2021-04-05,30.66
14670,28,3,1,32,2021-04-05,23.79
14671,30,3,6,33,2021-04-05,38.88
14672,32,3,2,25,2021-04-05,36.99
14673,36,3,3,26,2021-04-05,34.00
14674,38,3,3,39,2021-04-05,31.80
14675,40,3,5,47,2021-04-05,37.68
14676,42,3,4,48,2021-04-05,11.65
14677,2,4,6,27,2021-04-05,19.39
14678,4,4,6,32,2021-04-05,20.46
14679,6,4,6,27,2021-04-05,13.40
14680,8,4,6,36,2021-04-05,18.88
14681,12,4,4,14,2021-04-05,46.91
14682,18,4,2,24,2021-04-05,35.09
14683,20,4,6,36,2021-04-05,22.15
14684,22,4,2,33,2021-04-05,27.60
14685,24,4,3,30,2021-04-05,29.76
14686,26,4,3,22,2021-04-05,29.43
14687,32,4,4,26,2021-04-05,32.53
14688,36,4,3,25,2021-04-05,32.09
14689,38,4,3,12,2021-04-05,28.81
14690,40,4,3,27,2021-04-05,36.34
14691,42,4,6,30,2021-04-05,11.54
14692,2,5,6,25,2021-04-05,17.34
14693,8,5,6,33,2021-04-05,18.72
14694,12,5,4,17,2021-04-05,41.80
14695,24,5,3,23,2021-04-05,31.06
14696,30,5,1,31,2021-04-05,36.49
14697,32,5,4,25,2021-04-05,31.03
14698,34,5,4,20,2021-04-05,45.55
14699,36,5,3,21,2021-04-05,33.03
14700,40,5,3,23,2021-04-05,35.12
14701,2,6,1,31,2021-04-05,19.73
14702,4,6,1,52,2021-04-05,19.92
14703,6,6,6,24,2021-04-05,12.45
14704,8,6,6,28,2021-04-05,20.40
14705,10,6,2,29,2021-04-05,20.27
14706,12,6,2,21,2021-04-05,44.19
14707,14,6,4,28,2021-04-05,35.46
14708,18,6,6,24,2021-04-05,32.37
14709,20,6,2,28,2021-04-05,24.37
14710,22,6,6,47,2021-04-05,25.56
14711,24,6,3,29,2021-04-05,31.38
14712,26,6,5,31,2021-04-05,28.80
14713,28,6,6,34,2021-04-05,23.25
14714,30,6,6,29,2021-04-05,37.42
14715,32,6,2,41,2021-04-05,33.27
14716,34,6,4,27,2021-04-05,41.14
14717,36,6,3,35,2021-04-05,29.83
14718,38,6,3,21,2021-04-05,29.37
14719,40,6,3,31,2021-04-05,37.40
14720,42,6,6,48,2021-04-05,13.22
14721,4,7,1,42,2021-04-05,21.46
14722,6,7,1,35,2021-04-05,14.31
14723,8,7,2,29,2021-04-05,18.15
14724,10,7,2,29,2021-04-05,24.06
14725,12,7,2,29,2021-04-05,48.67
14726,14,7,4,24,2021-04-05,31.36
14727,16,7,2,32,2021-04-05,54.59
14728,18,7,6,24,2021-04-05,34.72
14729,20,7,6,30,2021-04-05,24.24
14730,22,7,6,32,2021-04-05,29.25
14731,24,7,5,32,2021-04-05,30.06
14732,26,7,5,36,2021-04-05,27.62
14733,28,7,6,23,2021-04-05,21.70
14734,30,7,6,29,2021-04-05,32.93
14735,34,7,2,27,2021-04-05,39.13
14736,36,7,3,32,2021-04-05,30.93
14737,38,7,5,27,2021-04-05,29.64
14738,40,7,3,24,2021-04-05,33.31
14739,42,7,6,25,2021-04-05,11.96
14740,4,8,6,25,2021-04-05,22.11
14741,10,8,2,28,2021-04-05,20.89
14742,12,8,2,33,2021-04-05,47.73
14743,18,8,2,29,2021-04-05,35.21
14744,20,8,2,31,2021-04-05,23.60
14745,22,8,2,23,2021-04-05,28.63
14746,24,8,3,21,2021-04-05,33.53
14747,26,8,5,40,2021-04-05,30.17
14748,28,8,6,28,2021-04-05,22.69
14749,30,8,1,28,2021-04-05,39.19
14750,32,8,4,35,2021-04-05,35.12
14751,34,8,2,34,2021-04-05,46.07
14752,36,8,3,24,2021-04-05,30.17
14753,38,8,3,21,2021-04-05,27.71
14754,42,8,4,40,2021-04-05,12.09
14755,4,9,1,29,2021-04-05,20.17
14756,6,9,1,33,2021-04-05,13.15
14757,8,9,6,25,2021-04-05,17.94
14758,12,9,2,19,2021-04-05,43.27
14759,14,9,2,24,2021-04-05,34.02
14760,18,9,2,25,2021-04-05,33.71
14761,22,9,6,34,2021-04-05,24.90
14762,24,9,3,20,2021-04-05,30.61
14763,26,9,3,34,2021-04-05,28.58
14764,28,9,1,30,2021-04-05,22.24
14765,32,9,2,23,2021-04-05,34.56
14766,38,9,5,20,2021-04-05,29.28
14767,40,9,5,31,2021-04-05,34.05
14768,42,9,4,32,2021-04-05,12.75
14769,2,10,1,22,2021-04-05,20.05
14770,8,10,6,34,2021-04-05,17.39
14771,10,10,2,27,2021-04-05,22.22
14772,18,10,2,23,2021-04-05,33.48
14773,22,10,2,25,2021-04-05,27.15
14774,24,10,5,29,2021-04-05,28.56
14775,26,10,5,22,2021-04-05,28.71
14776,28,10,1,33,2021-04-05,20.70
14777,32,10,2,24,2021-04-05,37.02
14778,36,10,3,29,2021-04-05,32.60
14779,42,10,4,34,2021-04-05,13.37
14780,2,11,1,26,2021-04-05,18.17
14781,4,11,6,23,2021-04-05,23.05
14782,6,11,6,24,2021-04-05,14.29
14783,8,11,6,35,2021-04-05,17.77
14784,10,11,2,39,2021-04-05,22.71
14785,12,11,4,32,2021-04-05,46.03
14786,14,11,2,18,2021-04-05,32.75
14787,16,11,4,23,2021-04-05,62.02
14788,18,11,6,25,2021-04-05,35.02
14789,20,11,2,31,2021-04-05,23.19
14790,22,11,6,29,2021-04-05,25.77
14791,24,11,3,22,2021-04-05,28.86
14792,26,11,5,37,2021-04-05,28.53
14793,32,11,4,27,2021-04-05,33.24
14794,34,11,4,32,2021-04-05,41.49
14795,38,11,5,30,2021-04-05,26.96
14796,42,11,6,47,2021-04-05,13.55
14797,2,12,6,32,2021-04-05,17.37
14798,4,12,1,27,2021-04-05,22.56
14799,10,12,6,29,2021-04-05,23.63
14800,12,12,2,28,2021-04-05,48.50
14801,16,12,4,20,2021-04-05,54.37
14802,20,12,6,35,2021-04-05,23.60
14803,22,12,2,32,2021-04-05,25.49
14804,24,12,3,29,2021-04-05,32.78
14805,30,12,6,33,2021-04-05,34.49
14806,32,12,4,21,2021-04-05,32.71
14807,36,12,3,24,2021-04-05,31.06
14808,38,12,5,25,2021-04-05,27.80
14809,40,12,3,28,2021-04-05,34.58
14810,42,12,4,25,2021-04-05,11.30
14811,1,1,1,59,2021-04-19,14.59
14812,3,1,6,37,2021-04-19,13.95
14813,5,1,1,39,2021-04-19,16.64
14814,7,1,6,26,2021-04-19,15.41
14815,9,1,6,36,2021-04-19,16.21
14816,11,1,6,44,2021-04-19,19.50
14817,13,1,4,30,2021-04-19,38.09
14818,15,1,2,25,2021-04-19,60.18
14819,17,1,4,34,2021-04-19,44.66
14820,19,1,6,34,2021-04-19,38.35
14821,21,1,2,41,2021-04-19,43.15
14822,23,1,5,43,2021-04-19,28.33
14823,25,1,5,27,2021-04-19,21.91
14824,27,1,6,44,2021-04-19,18.14
14825,29,1,6,27,2021-04-19,18.55
14826,31,1,6,23,2021-04-19,21.66
14827,33,1,4,37,2021-04-19,29.40
14828,35,1,3,33,2021-04-19,21.41
14829,37,1,3,28,2021-04-19,24.81
14830,39,1,5,31,2021-04-19,29.64
14831,41,1,6,56,2021-04-19,11.08
14832,43,1,4,41,2021-04-19,8.19
14833,1,2,1,40,2021-04-19,15.85
14834,3,2,6,47,2021-04-19,15.95
14835,5,2,6,35,2021-04-19,17.12
14836,7,2,6,36,2021-04-19,15.01
14837,9,2,2,56,2021-04-19,14.74
14838,11,2,6,52,2021-04-19,19.44
14839,13,2,4,29,2021-04-19,36.63
14840,15,2,4,36,2021-04-19,54.17
14841,17,2,2,33,2021-04-19,44.66
14842,19,2,2,34,2021-04-19,35.88
14843,21,2,6,24,2021-04-19,50.17
14844,23,2,3,56,2021-04-19,27.07
14845,25,2,3,41,2021-04-19,25.97
14846,27,2,6,42,2021-04-19,17.22
14847,29,2,1,58,2021-04-19,17.26
14848,31,2,6,43,2021-04-19,25.80
14849,33,2,2,28,2021-04-19,30.80
14850,35,2,3,25,2021-04-19,22.45
14851,39,2,3,28,2021-04-19,33.37
14852,41,2,6,74,2021-04-19,11.69
14853,43,2,4,41,2021-04-19,9.82
14854,1,3,1,41,2021-04-19,15.96
14855,3,3,1,34,2021-04-19,13.73
14856,5,3,1,28,2021-04-19,18.59
14857,7,3,2,23,2021-04-19,16.68
14858,9,3,2,39,2021-04-19,15.59
14859,11,3,2,45,2021-04-19,20.98
14860,13,3,4,40,2021-04-19,36.44
14861,17,3,2,24,2021-04-19,44.54
14862,19,3,2,29,2021-04-19,36.69
14863,21,3,6,40,2021-04-19,49.45
14864,23,3,5,43,2021-04-19,24.98
14865,25,3,5,30,2021-04-19,25.97
14866,27,3,6,25,2021-04-19,19.92
14867,29,3,6,35,2021-04-19,15.75
14868,33,3,4,25,2021-04-19,27.83
14869,35,3,3,27,2021-04-19,19.51
14870,37,3,3,39,2021-04-19,26.05
14871,39,3,5,27,2021-04-19,33.58
14872,41,3,4,40,2021-04-19,10.66
14873,43,3,6,32,2021-04-19,9.16
14874,1,4,6,30,2021-04-19,16.84
14875,3,4,6,28,2021-04-19,15.33
14876,5,4,6,20,2021-04-19,15.85
14877,7,4,2,23,2021-04-19,16.83
14878,9,4,2,38,2021-04-19,13.81
14879,11,4,6,38,2021-04-19,18.02
14880,13,4,2,21,2021-04-19,34.97
14881,15,4,2,23,2021-04-19,57.81
14882,17,4,2,34,2021-04-19,44.23
14883,23,4,3,52,2021-04-19,25.90
14884,25,4,5,20,2021-04-19,22.26
14885,27,4,6,37,2021-04-19,18.70
14886,29,4,1,33,2021-04-19,16.89
14887,31,4,6,20,2021-04-19,21.82
14888,33,4,4,25,2021-04-19,26.33
14889,35,4,3,33,2021-04-19,22.71
14890,37,4,3,19,2021-04-19,26.43
14891,41,4,4,39,2021-04-19,11.24
14892,43,4,4,35,2021-04-19,9.63
14893,1,5,1,27,2021-04-19,14.43
14894,3,5,1,25,2021-04-19,15.14
14895,11,5,2,35,2021-04-19,18.06
14896,15,5,2,23,2021-04-19,52.81
14897,17,5,2,23,2021-04-19,44.25
14898,25,5,5,28,2021-04-19,25.25
14899,29,5,6,23,2021-04-19,16.99
14900,33,5,4,25,2021-04-19,31.08
14901,35,5,3,20,2021-04-19,20.74
14902,41,5,4,25,2021-04-19,11.03
14903,43,5,6,31,2021-04-19,8.86
14904,1,6,6,31,2021-04-19,15.01
14905,3,6,1,43,2021-04-19,14.91
14906,5,6,1,37,2021-04-19,18.82
14907,7,6,6,30,2021-04-19,16.59
14908,9,6,6,48,2021-04-19,15.88
14909,11,6,6,34,2021-04-19,18.35
14910,13,6,2,23,2021-04-19,37.91
14911,17,6,4,28,2021-04-19,43.99
14912,21,6,6,35,2021-04-19,44.76
14913,23,6,5,42,2021-04-19,25.16
14914,25,6,3,28,2021-04-19,22.30
14915,27,6,1,41,2021-04-19,19.48
14916,29,6,1,32,2021-04-19,17.11
14917,31,6,1,22,2021-04-19,24.76
14918,37,6,3,29,2021-04-19,29.66
14919,41,6,4,39,2021-04-19,11.75
14920,43,6,4,26,2021-04-19,9.50
14921,1,7,1,28,2021-04-19,15.59
14922,3,7,1,35,2021-04-19,14.67
14923,7,7,2,26,2021-04-19,15.87
14924,11,7,2,31,2021-04-19,21.89
14925,13,7,2,25,2021-04-19,36.22
14926,19,7,2,38,2021-04-19,42.21
14927,21,7,2,21,2021-04-19,46.29
14928,23,7,5,47,2021-04-19,28.66
14929,25,7,5,32,2021-04-19,24.74
14930,27,7,6,42,2021-04-19,18.70
14931,29,7,1,38,2021-04-19,17.85
14932,37,7,3,25,2021-04-19,25.78
14933,39,7,5,26,2021-04-19,31.35
14934,41,7,6,56,2021-04-19,10.55
14935,43,7,6,46,2021-04-19,9.10
14936,1,8,6,33,2021-04-19,16.30
14937,5,8,1,28,2021-04-19,18.34
14938,7,8,6,33,2021-04-19,17.14
14939,9,8,2,30,2021-04-19,15.19
14940,11,8,6,34,2021-04-19,21.61
14941,13,8,2,26,2021-04-19,35.02
14942,21,8,2,26,2021-04-19,44.76
14943,23,8,3,35,2021-04-19,28.48
14944,25,8,5,31,2021-04-19,24.38
14945,27,8,6,38,2021-04-19,17.33
14946,29,8,1,49,2021-04-19,17.37
14947,31,8,6,31,2021-04-19,26.08
14948,33,8,2,44,2021-04-19,27.01
14949,37,8,3,22,2021-04-19,29.79
14950,41,8,4,55,2021-04-19,11.22
14951,43,8,6,53,2021-04-19,8.88
14952,3,9,6,50,2021-04-19,13.98
14953,5,9,1,32,2021-04-19,16.58
14954,7,9,6,20,2021-04-19,15.06
14955,9,9,2,27,2021-04-19,15.30
14956,11,9,2,30,2021-04-19,19.88
14957,15,9,4,17,2021-04-19,56.82
14958,17,9,4,16,2021-04-19,41.12
14959,23,9,5,31,2021-04-19,27.62
14960,27,9,6,27,2021-04-19,17.18
14961,29,9,6,35,2021-04-19,16.82
14962,31,9,6,23,2021-04-19,25.85
14963,35,9,3,19,2021-04-19,19.44
14964,37,9,3,10,2021-04-19,27.67
14965,39,9,3,25,2021-04-19,30.38
14966,41,9,4,32,2021-04-19,10.98
14967,43,9,4,37,2021-04-19,8.16
14968,7,10,2,26,2021-04-19,14.86
14969,11,10,2,25,2021-04-19,20.83
14970,13,10,4,33,2021-04-19,36.82
14971,15,10,4,38,2021-04-19,50.14
14972,19,10,2,21,2021-04-19,42.21
14973,21,10,6,27,2021-04-19,50.87
14974,25,10,5,32,2021-04-19,23.40
14975,27,10,6,33,2021-04-19,17.75
14976,29,10,1,28,2021-04-19,16.28
14977,35,10,3,25,2021-04-19,22.13
14978,37,10,3,38,2021-04-19,26.16
14979,41,10,6,47,2021-04-19,12.00
14980,43,10,4,35,2021-04-19,8.48
14981,1,11,1,29,2021-04-19,17.50
14982,3,11,6,36,2021-04-19,14.24
14983,5,11,1,28,2021-04-19,17.35
14984,9,11,2,30,2021-04-19,13.92
14985,23,11,3,44,2021-04-19,25.00
14986,25,11,5,35,2021-04-19,25.64
14987,27,11,6,52,2021-04-19,17.80
14988,29,11,1,34,2021-04-19,17.09
14989,31,11,1,26,2021-04-19,25.70
14990,33,11,2,25,2021-04-19,30.92
14991,35,11,3,33,2021-04-19,20.23
14992,39,11,5,23,2021-04-19,30.80
14993,41,11,4,45,2021-04-19,9.94
14994,43,11,4,40,2021-04-19,8.22
14995,1,12,6,24,2021-04-19,17.48
14996,3,12,1,21,2021-04-19,15.35
14997,13,12,2,14,2021-04-19,35.05
14998,15,12,4,17,2021-04-19,49.58
14999,17,12,4,29,2021-04-19,39.67
15000,19,12,2,22,2021-04-19,39.38
15001,29,12,6,21,2021-04-19,16.79
15002,31,12,6,28,2021-04-19,25.64
15003,35,12,3,19,2021-04-19,22.53
15004,37,12,3,25,2021-04-19,25.82
15005,41,12,6,27,2021-04-19,11.06
15006,43,12,6,58,2021-04-19,9.46
15007,2,1,1,36,2021-05-03,19.15
15008,4,1,6,41,2021-05-03,22.44
15009,6,1,6,36,2021-05-03,13.06
15010,8,1,6,40,2021-05-03,17.87
15011,10,1,2,46,2021-05-03,24.56
15012,12,1,4,32,2021-05-03,44.29
15013,16,1,4,41,2021-05-03,56.94
15014,18,1,6,29,2021-05-03,32.79
15015,20,1,2,33,2021-05-03,24.51
15016,22,1,2,48,2021-05-03,29.31
15017,24,1,5,29,2021-05-03,33.52
15018,26,1,3,48,2021-05-03,28.92
15019,28,1,1,53,2021-05-03,23.60
15020,32,1,4,47,2021-05-03,36.36
15021,34,1,2,31,2021-05-03,38.83
15022,36,1,3,34,2021-05-03,34.01
15023,38,1,5,34,2021-05-03,31.40
15024,40,1,5,36,2021-05-03,36.14
15025,42,1,6,33,2021-05-03,11.33
15026,2,2,6,38,2021-05-03,20.31
15027,4,2,6,42,2021-05-03,19.01
15028,6,2,1,32,2021-05-03,12.43
15029,8,2,2,49,2021-05-03,20.34
15030,10,2,2,27,2021-05-03,23.59
15031,12,2,4,26,2021-05-03,42.30
15032,14,2,2,43,2021-05-03,33.48
15033,16,2,2,26,2021-05-03,63.68
15034,20,2,6,29,2021-05-03,22.95
15035,22,2,2,43,2021-05-03,25.59
15036,24,2,3,24,2021-05-03,29.29
15037,26,2,5,49,2021-05-03,30.15
15038,28,2,6,55,2021-05-03,22.42
15039,30,2,6,39,2021-05-03,37.98
15040,32,2,2,62,2021-05-03,36.41
15041,34,2,4,36,2021-05-03,39.08
15042,36,2,3,31,2021-05-03,32.36
15043,38,2,5,28,2021-05-03,29.86
15044,42,2,6,36,2021-05-03,13.72
15045,2,3,1,32,2021-05-03,19.53
15046,4,3,6,38,2021-05-03,21.28
15047,6,3,6,29,2021-05-03,14.37
15048,8,3,2,38,2021-05-03,17.80
15049,12,3,4,27,2021-05-03,44.32
15050,14,3,2,32,2021-05-03,31.12
15051,16,3,4,34,2021-05-03,60.49
15052,18,3,6,21,2021-05-03,29.28
15053,20,3,6,37,2021-05-03,22.40
15054,22,3,2,32,2021-05-03,29.82
15055,24,3,3,25,2021-05-03,33.80
15056,26,3,3,38,2021-05-03,28.36
15057,28,3,6,43,2021-05-03,24.68
15058,32,3,4,34,2021-05-03,31.20
15059,34,3,2,22,2021-05-03,40.85
15060,36,3,3,27,2021-05-03,33.21
15061,38,3,3,28,2021-05-03,27.18
15062,42,3,6,34,2021-05-03,11.89
15063,2,4,6,27,2021-05-03,19.05
15064,4,4,6,29,2021-05-03,22.77
15065,6,4,1,44,2021-05-03,14.21
15066,8,4,2,27,2021-05-03,17.57
15067,10,4,6,39,2021-05-03,20.56
15068,14,4,2,33,2021-05-03,33.35
15069,16,4,2,36,2021-05-03,63.41
15070,18,4,2,24,2021-05-03,31.94
15071,20,4,2,26,2021-05-03,23.60
15072,24,4,5,33,2021-05-03,33.86
15073,28,4,6,41,2021-05-03,24.52
15074,30,4,1,26,2021-05-03,32.87
15075,32,4,2,31,2021-05-03,31.36
15076,34,4,4,33,2021-05-03,46.47
15077,40,4,3,34,2021-05-03,32.91
15078,42,4,6,23,2021-05-03,13.15
15079,4,5,1,31,2021-05-03,19.43
15080,6,5,1,36,2021-05-03,14.20
15081,10,5,6,23,2021-05-03,21.03
15082,14,5,4,22,2021-05-03,37.21
15083,16,5,4,43,2021-05-03,57.64
15084,18,5,2,29,2021-05-03,29.61
15085,20,5,2,21,2021-05-03,24.52
15086,22,5,6,29,2021-05-03,27.32
15087,26,5,3,27,2021-05-03,31.62
15088,28,5,6,19,2021-05-03,23.17
15089,38,5,3,33,2021-05-03,27.88
15090,42,5,4,43,2021-05-03,12.49
15091,6,6,6,28,2021-05-03,12.94
15092,10,6,6,28,2021-05-03,23.05
15093,12,6,4,28,2021-05-03,42.51
15094,16,6,4,34,2021-05-03,59.59
15095,22,6,2,37,2021-05-03,25.35
15096,26,6,3,42,2021-05-03,31.60
15097,28,6,1,24,2021-05-03,23.03
15098,30,6,1,24,2021-05-03,34.80
15099,42,6,6,29,2021-05-03,11.30
15100,2,7,6,33,2021-05-03,19.29
15101,4,7,6,34,2021-05-03,19.60
15102,6,7,1,29,2021-05-03,13.22
15103,8,7,2,28,2021-05-03,18.62
15104,10,7,6,37,2021-05-03,23.30
15105,18,7,2,27,2021-05-03,30.74
15106,20,7,2,32,2021-05-03,21.62
15107,24,7,5,38,2021-05-03,29.10
15108,28,7,1,30,2021-05-03,23.20
15109,32,7,2,43,2021-05-03,35.91
15110,36,7,3,38,2021-05-03,35.13
15111,40,7,5,22,2021-05-03,38.10
15112,42,7,6,21,2021-05-03,12.08
15113,2,8,6,36,2021-05-03,17.32
15114,4,8,1,25,2021-05-03,18.92
15115,6,8,1,34,2021-05-03,13.29
15116,8,8,2,38,2021-05-03,17.64
15117,10,8,2,29,2021-05-03,21.08
15118,14,8,2,26,2021-05-03,33.57
15119,16,8,2,30,2021-05-03,61.10
15120,20,8,6,25,2021-05-03,26.26
15121,22,8,6,34,2021-05-03,27.93
15122,26,8,3,22,2021-05-03,31.54
15123,32,8,2,25,2021-05-03,31.24
15124,34,8,4,22,2021-05-03,39.96
15125,36,8,3,26,2021-05-03,35.16
15126,40,8,3,25,2021-05-03,32.67
15127,42,8,6,40,2021-05-03,11.77
15128,2,9,6,30,2021-05-03,17.58
15129,4,9,6,41,2021-05-03,20.47
15130,6,9,6,31,2021-05-03,12.71
15131,8,9,2,31,2021-05-03,17.24
15132,10,9,6,27,2021-05-03,24.69
15133,16,9,4,32,2021-05-03,63.01
15134,20,9,2,19,2021-05-03,24.36
15135,28,9,1,33,2021-05-03,23.97
15136,30,9,1,30,2021-05-03,35.81
15137,34,9,4,24,2021-05-03,43.57
15138,36,9,3,39,2021-05-03,29.97
15139,4,10,6,42,2021-05-03,23.08
15140,6,10,1,35,2021-05-03,13.30
15141,8,10,2,27,2021-05-03,17.49
15142,12,10,4,27,2021-05-03,48.73
15143,14,10,2,26,2021-05-03,30.91
15144,16,10,4,31,2021-05-03,55.30
15145,20,10,2,31,2021-05-03,22.15
15146,22,10,6,23,2021-05-03,24.75
15147,26,10,5,29,2021-05-03,27.64
15148,28,10,1,31,2021-05-03,20.51
15149,30,10,6,37,2021-05-03,36.07
15150,32,10,2,24,2021-05-03,33.64
15151,34,10,2,33,2021-05-03,42.17
15152,36,10,3,26,2021-05-03,30.27
15153,38,10,3,28,2021-05-03,29.44
15154,40,10,5,46,2021-05-03,32.54
15155,2,11,1,33,2021-05-03,18.15
15156,4,11,1,31,2021-05-03,19.72
15157,6,11,1,31,2021-05-03,14.81
15158,8,11,2,24,2021-05-03,17.26
15159,10,11,6,24,2021-05-03,23.95
15160,16,11,4,20,2021-05-03,61.10
15161,18,11,6,26,2021-05-03,34.46
15162,24,11,3,31,2021-05-03,30.41
15163,26,11,5,29,2021-05-03,31.48
15164,28,11,6,42,2021-05-03,22.30
15165,30,11,6,24,2021-05-03,33.77
15166,34,11,2,31,2021-05-03,43.75
15167,36,11,3,28,2021-05-03,31.53
15168,40,11,5,33,2021-05-03,33.93
15169,42,11,4,30,2021-05-03,11.93
15170,4,12,1,23,2021-05-03,20.88
15171,6,12,1,36,2021-05-03,12.59
15172,8,12,2,26,2021-05-03,18.29
15173,14,12,2,16,2021-05-03,36.41
15174,18,12,2,29,2021-05-03,33.38
15175,20,12,2,23,2021-05-03,24.30
15176,26,12,5,42,2021-05-03,31.52
15177,28,12,6,24,2021-05-03,20.83
15178,34,12,2,35,2021-05-03,42.78
15179,42,12,6,22,2021-05-03,11.91
15180,1,1,6,40,2021-05-17,15.33
15181,3,1,1,38,2021-05-17,14.69
15182,5,1,1,29,2021-05-17,17.78
15183,7,1,2,32,2021-05-17,16.35
15184,9,1,6,36,2021-05-17,14.91
15185,11,1,2,37,2021-05-17,18.04
15186,13,1,2,28,2021-05-17,38.13
15187,15,1,4,20,2021-05-17,53.35
15188,17,1,4,29,2021-05-17,45.24
15189,19,1,2,38,2021-05-17,40.23
15190,21,1,6,32,2021-05-17,49.09
15191,23,1,5,50,2021-05-17,26.56
15192,25,1,5,36,2021-05-17,21.65
15193,27,1,6,53,2021-05-17,20.80
15194,29,1,1,53,2021-05-17,15.44
15195,31,1,6,33,2021-05-17,22.07
15196,33,1,4,31,2021-05-17,27.36
15197,35,1,3,23,2021-05-17,21.48
15198,39,1,3,41,2021-05-17,30.76
15199,41,1,6,46,2021-05-17,11.62
15200,43,1,4,51,2021-05-17,9.05
15201,1,2,6,60,2021-05-17,14.63
15202,3,2,1,35,2021-05-17,15.46
15203,5,2,1,38,2021-05-17,18.99
15204,7,2,2,39,2021-05-17,14.40
15205,9,2,6,37,2021-05-17,13.59
15206,11,2,6,62,2021-05-17,21.13
15207,13,2,2,35,2021-05-17,38.02
15208,15,2,2,35,2021-05-17,55.76
15209,17,2,4,26,2021-05-17,42.47
15210,19,2,2,31,2021-05-17,42.41
15211,21,2,6,32,2021-05-17,42.89
15212,23,2,5,61,2021-05-17,30.14
15213,25,2,5,34,2021-05-17,22.44
15214,27,2,6,71,2021-05-17,18.85
15215,29,2,1,36,2021-05-17,17.85
15216,31,2,6,36,2021-05-17,25.63
15217,33,2,4,37,2021-05-17,31.61
15218,35,2,3,35,2021-05-17,19.90
15219,37,2,3,38,2021-05-17,26.46
15220,39,2,5,42,2021-05-17,32.50
15221,41,2,4,60,2021-05-17,10.94
15222,43,2,6,55,2021-05-17,9.17
15223,1,3,1,56,2021-05-17,14.97
15224,3,3,1,33,2021-05-17,14.27
15225,5,3,6,33,2021-05-17,16.64
15226,7,3,2,37,2021-05-17,16.50
15227,9,3,6,28,2021-05-17,14.02
15228,11,3,6,28,2021-05-17,20.80
15229,15,3,4,38,2021-05-17,52.73
15230,17,3,2,29,2021-05-17,46.38
15231,21,3,2,32,2021-05-17,48.62
15232,23,3,5,27,2021-05-17,26.72
15233,25,3,3,30,2021-05-17,22.63
15234,27,3,1,39,2021-05-17,20.16
15235,29,3,1,49,2021-05-17,17.98
15236,31,3,1,36,2021-05-17,25.33
15237,33,3,2,32,2021-05-17,29.11
15238,35,3,3,24,2021-05-17,20.10
15239,37,3,3,38,2021-05-17,29.62
15240,41,3,6,49,2021-05-17,10.16
15241,43,3,6,52,2021-05-17,9.74
15242,1,4,6,29,2021-05-17,16.61
15243,3,4,1,27,2021-05-17,13.57
15244,7,4,6,28,2021-05-17,15.62
15245,11,4,2,27,2021-05-17,21.13
15246,19,4,2,41,2021-05-17,35.45
15247,21,4,2,15,2021-05-17,47.01
15248,23,4,5,31,2021-05-17,28.65
15249,25,4,3,26,2021-05-17,25.01
15250,27,4,1,28,2021-05-17,20.41
15251,29,4,1,38,2021-05-17,17.98
15252,31,4,6,26,2021-05-17,22.29
15253,39,4,5,34,2021-05-17,30.88
15254,41,4,6,31,2021-05-17,11.26
15255,43,4,4,39,2021-05-17,9.38
15256,1,5,6,27,2021-05-17,15.77
15257,5,5,6,37,2021-05-17,16.28
15258,7,5,6,28,2021-05-17,15.28
15259,9,5,2,26,2021-05-17,14.62
15260,11,5,2,25,2021-05-17,19.96
15261,13,5,2,15,2021-05-17,37.46
15262,19,5,2,25,2021-05-17,38.49
15263,21,5,2,27,2021-05-17,43.30
15264,23,5,5,36,2021-05-17,25.33
15265,27,5,1,41,2021-05-17,18.68
15266,29,5,6,30,2021-05-17,17.37
15267,31,5,1,36,2021-05-17,23.74
15268,37,5,3,25,2021-05-17,30.10
15269,39,5,3,28,2021-05-17,33.79
15270,41,5,4,42,2021-05-17,9.98
15271,43,5,4,32,2021-05-17,8.71
15272,1,6,1,27,2021-05-17,15.52
15273,3,6,1,32,2021-05-17,15.67
15274,7,6,6,32,2021-05-17,16.09
15275,11,6,6,32,2021-05-17,21.40
15276,13,6,2,33,2021-05-17,37.24
15277,15,6,4,28,2021-05-17,57.84
15278,17,6,2,26,2021-05-17,45.49
15279,19,6,2,32,2021-05-17,38.84
15280,23,6,3,38,2021-05-17,29.36
15281,25,6,5,27,2021-05-17,26.29
15282,29,6,6,50,2021-05-17,16.11
15283,31,6,1,33,2021-05-17,25.68
15284,33,6,2,34,2021-05-17,31.67
15285,35,6,3,40,2021-05-17,19.53
15286,39,6,3,42,2021-05-17,29.70
15287,41,6,4,39,2021-05-17,10.66
15288,43,6,4,37,2021-05-17,8.24
15289,3,7,6,30,2021-05-17,14.33
15290,5,7,1,45,2021-05-17,15.77
15291,7,7,2,25,2021-05-17,16.92
15292,9,7,6,34,2021-05-17,16.44
15293,11,7,6,33,2021-05-17,19.33
15294,13,7,2,20,2021-05-17,36.87
15295,15,7,2,39,2021-05-17,55.09
15296,17,7,4,29,2021-05-17,43.26
15297,23,7,5,27,2021-05-17,26.73
15298,27,7,1,41,2021-05-17,20.56
15299,29,7,1,42,2021-05-17,15.83
15300,31,7,1,37,2021-05-17,22.44
15301,33,7,2,40,2021-05-17,30.97
15302,35,7,3,39,2021-05-17,20.36
15303,37,7,3,25,2021-05-17,25.55
15304,41,7,4,24,2021-05-17,10.58
15305,43,7,6,41,2021-05-17,8.11
15306,1,8,1,26,2021-05-17,15.03
15307,3,8,6,53,2021-05-17,13.72
15308,5,8,1,36,2021-05-17,16.68
15309,7,8,6,24,2021-05-17,16.06
15310,9,8,2,28,2021-05-17,15.78
15311,11,8,6,42,2021-05-17,21.02
15312,15,8,4,27,2021-05-17,59.38
15313,17,8,4,31,2021-05-17,45.95
15314,19,8,6,20,2021-05-17,41.97
15315,23,8,5,32,2021-05-17,26.25
15316,25,8,3,37,2021-05-17,22.28
15317,27,8,6,40,2021-05-17,18.43
15318,29,8,6,33,2021-05-17,18.18
15319,35,8,3,36,2021-05-17,21.06
15320,39,8,3,41,2021-05-17,32.86
15321,41,8,4,31,2021-05-17,10.43
15322,43,8,6,41,2021-05-17,8.56
15323,1,9,1,25,2021-05-17,14.50
15324,3,9,6,29,2021-05-17,15.35
15325,9,9,2,34,2021-05-17,16.25
15326,11,9,2,36,2021-05-17,18.84
15327,13,9,4,22,2021-05-17,35.58
15328,19,9,6,26,2021-05-17,40.44
15329,21,9,6,33,2021-05-17,46.13
15330,23,9,3,35,2021-05-17,26.63
15331,25,9,3,30,2021-05-17,26.06
15332,27,9,1,33,2021-05-17,20.65
15333,29,9,6,29,2021-05-17,18.33
15334,33,9,2,31,2021-05-17,28.39
15335,41,9,6,33,2021-05-17,11.20
15336,1,10,1,24,2021-05-17,14.94
15337,3,10,6,49,2021-05-17,14.09
15338,5,10,1,33,2021-05-17,18.15
15339,9,10,2,34,2021-05-17,14.12
15340,11,10,6,26,2021-05-17,18.49
15341,17,10,4,34,2021-05-17,39.73
15342,21,10,2,28,2021-05-17,51.77
15343,23,10,3,30,2021-05-17,27.18
15344,27,10,1,34,2021-05-17,20.66
15345,29,10,1,32,2021-05-17,17.19
15346,31,10,6,34,2021-05-17,21.78
15347,33,10,4,29,2021-05-17,26.27
15348,39,10,3,32,2021-05-17,28.89
15349,41,10,4,30,2021-05-17,10.56
15350,43,10,6,32,2021-05-17,8.77
15351,1,11,6,22,2021-05-17,16.55
15352,3,11,1,31,2021-05-17,13.86
15353,5,11,1,30,2021-05-17,18.55
15354,7,11,6,35,2021-05-17,16.91
15355,9,11,6,28,2021-05-17,15.31
15356,11,11,6,44,2021-05-17,18.34
15357,13,11,4,34,2021-05-17,37.48
15358,15,11,2,21,2021-05-17,58.86
15359,17,11,4,18,2021-05-17,42.36
15360,19,11,2,31,2021-05-17,41.14
15361,21,11,6,37,2021-05-17,51.73
15362,23,11,5,37,2021-05-17,25.15
15363,25,11,5,32,2021-05-17,24.28
15364,27,11,6,19,2021-05-17,19.48
15365,29,11,6,30,2021-05-17,18.07
15366,31,11,1,28,2021-05-17,26.32
15367,33,11,4,25,2021-05-17,31.49
15368,37,11,3,30,2021-05-17,26.37
15369,39,11,3,31,2021-05-17,31.11
15370,41,11,4,34,2021-05-17,10.17
15371,43,11,4,42,2021-05-17,8.21
15372,3,12,1,20,2021-05-17,14.95
15373,5,12,6,28,2021-05-17,18.84
15374,7,12,2,41,2021-05-17,15.63
15375,9,12,6,48,2021-05-17,14.42
15376,11,12,2,45,2021-05-17,19.83
15377,21,12,6,27,2021-05-17,51.20
15378,23,12,3,32,2021-05-17,25.61
15379,25,12,3,34,2021-05-17,26.22
15380,27,12,6,50,2021-05-17,18.17
15381,29,12,6,36,2021-05-17,17.74
15382,33,12,4,35,2021-05-17,28.45
15383,39,12,3,18,2021-05-17,30.58
15384,41,12,4,31,2021-05-17,11.80
15385,43,12,4,38,2021-05-17,8.48
15386,2,1,1,31,2021-06-03,18.28
15387,4,1,1,35,2021-06-03,21.99
15388,6,1,6,37,2021-06-03,14.71
15389,8,1,6,43,2021-06-03,17.64
15390,10,1,2,31,2021-06-03,24.01
15391,14,1,2,26,2021-06-03,31.80
15392,16,1,4,36,2021-06-03,60.48
15393,18,1,2,36,2021-06-03,33.63
15394,22,1,6,33,2021-06-03,27.91
15395,26,1,3,27,2021-06-03,31.52
15396,28,1,1,31,2021-06-03,21.54
15397,30,1,1,50,2021-06-03,39.35
15398,32,1,2,27,2021-06-03,31.09
15399,40,1,5,38,2021-06-03,33.74
15400,42,1,4,24,2021-06-03,12.13
15401,2,2,1,37,2021-06-03,17.55
15402,4,2,6,71,2021-06-03,21.34
15403,6,2,1,40,2021-06-03,12.37
15404,8,2,6,32,2021-06-03,19.02
15405,10,2,6,42,2021-06-03,21.69
15406,16,2,4,35,2021-06-03,58.08
15407,18,2,6,50,2021-06-03,34.93
15408,20,2,6,40,2021-06-03,24.51
15409,22,2,6,42,2021-06-03,29.78
15410,24,2,5,22,2021-06-03,30.81
15411,26,2,3,25,2021-06-03,28.91
15412,28,2,6,36,2021-06-03,21.08
15413,30,2,1,31,2021-06-03,35.57
15414,32,2,2,28,2021-06-03,31.44
15415,34,2,4,23,2021-06-03,46.68
15416,36,2,3,42,2021-06-03,31.66
15417,38,2,5,37,2021-06-03,31.42
15418,40,2,3,38,2021-06-03,32.78
15419,42,2,6,42,2021-06-03,12.98
15420,2,3,1,35,2021-06-03,20.27
15421,4,3,1,41,2021-06-03,21.98
15422,6,3,6,40,2021-06-03,13.67
15423,10,3,6,39,2021-06-03,20.92
15424,16,3,4,29,2021-06-03,54.39
15425,18,3,2,24,2021-06-03,30.34
15426,20,3,6,22,2021-06-03,21.64
15427,22,3,6,33,2021-06-03,26.44
15428,28,3,1,46,2021-06-03,23.18
15429,30,3,6,55,2021-06-03,38.00
15430,32,3,4,34,2021-06-03,34.39
15431,36,3,3,30,2021-06-03,31.09
15432,38,3,3,23,2021-06-03,31.11
15433,40,3,5,36,2021-06-03,34.10
15434,42,3,6,31,2021-06-03,11.63
15435,4,4,1,35,2021-06-03,19.13
15436,6,4,1,20,2021-06-03,12.89
15437,12,4,2,19,2021-06-03,44.18
15438,22,4,2,33,2021-06-03,29.08
15439,26,4,3,28,2021-06-03,27.49
15440,28,4,1,29,2021-06-03,21.56
15441,36,4,3,37,2021-06-03,35.07
15442,38,4,3,30,2021-06-03,27.64
15443,2,5,1,31,2021-06-03,17.50
15444,8,5,2,26,2021-06-03,18.00
15445,12,5,4,22,2021-06-03,48.92
15446,18,5,6,27,2021-06-03,32.95
15447,22,5,6,21,2021-06-03,30.11
15448,24,5,3,24,2021-06-03,29.21
15449,30,5,1,22,2021-06-03,33.75
15450,32,5,4,27,2021-06-03,32.56
15451,34,5,2,24,2021-06-03,42.57
15452,36,5,3,29,2021-06-03,29.69
15453,40,5,3,29,2021-06-03,33.26
15454,2,6,1,50,2021-06-03,19.03
15455,4,6,6,48,2021-06-03,20.98
15456,6,6,1,43,2021-06-03,13.60
15457,8,6,2,43,2021-06-03,17.11
15458,10,6,2,24,2021-06-03,22.64
15459,14,6,2,30,2021-06-03,31.34
15460,18,6,2,35,2021-06-03,30.33
15461,20,6,2,28,2021-06-03,26.06
15462,24,6,3,33,2021-06-03,28.16
15463,28,6,6,36,2021-06-03,23.40
15464,30,6,6,31,2021-06-03,38.79
15465,32,6,2,27,2021-06-03,36.28
15466,34,6,4,29,2021-06-03,42.59
15467,36,6,3,31,2021-06-03,33.38
15468,38,6,5,26,2021-06-03,27.04
15469,40,6,3,35,2021-06-03,37.96
15470,42,6,4,28,2021-06-03,12.38
15471,4,7,1,34,2021-06-03,19.36
15472,10,7,2,29,2021-06-03,21.77
15473,12,7,2,33,2021-06-03,42.21
15474,14,7,2,27,2021-06-03,34.09
15475,16,7,4,27,2021-06-03,65.12
15476,20,7,6,22,2021-06-03,23.78
15477,22,7,6,46,2021-06-03,24.86
15478,24,7,5,28,2021-06-03,29.26
15479,26,7,3,34,2021-06-03,28.80
15480,28,7,6,24,2021-06-03,21.79
15481,30,7,1,31,2021-06-03,34.52
15482,34,7,4,27,2021-06-03,39.70
15483,38,7,5,27,2021-06-03,30.77
15484,2,8,1,28,2021-06-03,17.37
15485,4,8,1,36,2021-06-03,19.25
15486,6,8,6,33,2021-06-03,12.32
15487,8,8,2,30,2021-06-03,18.87
15488,12,8,4,27,2021-06-03,43.69
15489,18,8,6,35,2021-06-03,31.32
15490,24,8,5,18,2021-06-03,32.75
15491,28,8,1,33,2021-06-03,22.21
15492,30,8,6,41,2021-06-03,37.36
15493,32,8,2,26,2021-06-03,35.74
15494,38,8,3,33,2021-06-03,29.78
15495,40,8,5,32,2021-06-03,33.27
15496,6,9,1,23,2021-06-03,12.18
15497,12,9,2,25,2021-06-03,45.37
15498,14,9,4,21,2021-06-03,35.19
15499,18,9,6,35,2021-06-03,32.06
15500,22,9,2,37,2021-06-03,28.38
15501,24,9,5,24,2021-06-03,28.30
15502,26,9,5,27,2021-06-03,29.83
15503,30,9,6,27,2021-06-03,36.77
15504,32,9,2,21,2021-06-03,33.95
15505,38,9,3,23,2021-06-03,26.46
15506,40,9,5,26,2021-06-03,35.91
15507,42,9,6,33,2021-06-03,13.68
15508,2,10,1,32,2021-06-03,18.26
15509,4,10,1,30,2021-06-03,21.05
15510,6,10,6,29,2021-06-03,13.78
15511,10,10,6,29,2021-06-03,23.65
15512,18,10,6,37,2021-06-03,32.03
15513,20,10,2,23,2021-06-03,26.28
15514,24,10,5,28,2021-06-03,29.09
15515,34,10,2,25,2021-06-03,40.66
15516,42,10,4,27,2021-06-03,11.76
15517,4,11,6,31,2021-06-03,20.12
15518,6,11,6,23,2021-06-03,12.70
15519,12,11,4,32,2021-06-03,44.79
15520,14,11,2,34,2021-06-03,31.77
15521,20,11,2,31,2021-06-03,24.95
15522,22,11,6,27,2021-06-03,27.28
15523,28,11,6,24,2021-06-03,21.66
15524,32,11,4,27,2021-06-03,30.84
15525,38,11,5,30,2021-06-03,30.23
15526,2,12,1,26,2021-06-03,19.52
15527,4,12,6,40,2021-06-03,22.16
15528,10,12,6,27,2021-06-03,22.63
15529,12,12,4,19,2021-06-03,46.60
15530,16,12,4,28,2021-06-03,61.00
15531,22,12,2,28,2021-06-03,25.52
15532,24,12,5,19,2021-06-03,31.72
15533,30,12,1,28,2021-06-03,36.18
15534,32,12,2,25,2021-06-03,31.91
15535,36,12,3,25,2021-06-03,35.51
15536,38,12,3,30,2021-06-03,29.45
15537,40,12,3,25,2021-06-03,37.29
15538,1,1,6,31,2021-06-17,14.99
15539,3,1,1,35,2021-06-17,14.03
15540,27,1,6,30,2021-06-17,20.73
15541,29,1,6,32,2021-06-17,17.54
15542,33,1,2,26,2021-06-17,29.80
15543,37,1,3,24,2021-06-17,27.14
15544,41,1,6,32,2021-06-17,11.15
15545,1,2,1,35,2021-06-17,17.12
15546,3,2,1,32,2021-06-17,14.49
15547,5,2,6,35,2021-06-17,16.11
15548,7,2,6,36,2021-06-17,16.97
15549,9,2,2,25,2021-06-17,15.21
15550,11,2,6,27,2021-06-17,20.77
15551,27,2,1,34,2021-06-17,20.41
15552,29,2,1,40,2021-06-17,16.35
15553,31,2,1,33,2021-06-17,22.90
15554,37,2,3,30,2021-06-17,29.07
15555,41,2,6,32,2021-06-17,11.46
15556,43,2,6,23,2021-06-17,8.34
15557,1,3,1,31,2021-06-17,16.72
15558,5,3,1,26,2021-06-17,17.93
15559,13,3,4,30,2021-06-17,36.20
15560,19,3,6,27,2021-06-17,40.59
15561,27,3,6,24,2021-06-17,18.61
15562,39,3,5,30,2021-06-17,31.08
15563,1,4,1,30,2021-06-17,16.71
15564,5,4,6,20,2021-06-17,16.02
15565,9,4,6,27,2021-06-17,16.14
15566,13,4,4,24,2021-06-17,39.16
15567,15,4,4,15,2021-06-17,49.99
15568,17,4,4,28,2021-06-17,43.65
15569,33,4,2,22,2021-06-17,29.94
15570,35,4,3,29,2021-06-17,19.88
15571,37,4,3,22,2021-06-17,29.64
15572,41,4,6,24,2021-06-17,11.05
15573,3,5,6,36,2021-06-17,14.42
15574,9,5,6,27,2021-06-17,14.28
15575,15,5,2,18,2021-06-17,52.73
15576,17,5,4,21,2021-06-17,45.33
15577,25,5,5,16,2021-06-17,21.83
15578,33,5,2,35,2021-06-17,31.65
15579,35,5,3,19,2021-06-17,20.68
15580,43,5,6,29,2021-06-17,8.19
15581,5,6,6,27,2021-06-17,18.37
15582,9,6,2,32,2021-06-17,14.54
15583,11,6,6,21,2021-06-17,18.18
15584,21,6,6,23,2021-06-17,46.29
15585,27,6,1,51,2021-06-17,18.70
15586,29,6,1,38,2021-06-17,16.39
15587,37,6,3,20,2021-06-17,28.84
15588,41,6,6,41,2021-06-17,9.92
15589,43,6,6,33,2021-06-17,9.57
15590,1,7,1,30,2021-06-17,17.47
15591,19,7,6,21,2021-06-17,38.45
15592,21,7,2,22,2021-06-17,46.76
15593,25,7,3,29,2021-06-17,24.43
15594,27,7,6,34,2021-06-17,19.60
15595,39,7,5,30,2021-06-17,29.32
15596,41,7,4,31,2021-06-17,11.31
15597,43,7,6,42,2021-06-17,8.49
15598,1,8,1,35,2021-06-17,15.80
15599,3,8,6,20,2021-06-17,14.59
15600,13,8,2,24,2021-06-17,40.49
15601,21,8,2,19,2021-06-17,48.58
15602,31,8,1,27,2021-06-17,22.48
15603,33,8,2,24,2021-06-17,27.11
15604,35,8,3,26,2021-06-17,22.77
15605,37,8,3,30,2021-06-17,25.07
15606,43,8,4,26,2021-06-17,9.55
15607,5,9,6,29,2021-06-17,15.80
15608,7,9,2,16,2021-06-17,14.60
15609,15,9,2,21,2021-06-17,54.67
15610,17,9,2,24,2021-06-17,40.03
15611,27,9,6,26,2021-06-17,18.28
15612,29,9,1,23,2021-06-17,16.76
15613,31,9,1,25,2021-06-17,25.04
15614,35,9,3,24,2021-06-17,19.64
15615,37,9,3,18,2021-06-17,25.00
15616,39,9,3,25,2021-06-17,28.26
15617,41,9,6,22,2021-06-17,11.86
15618,43,9,4,38,2021-06-17,9.01
15619,3,10,1,26,2021-06-17,15.53
15620,7,10,2,25,2021-06-17,17.24
15621,9,10,6,19,2021-06-17,15.70
15622,13,10,4,27,2021-06-17,39.74
15623,15,10,2,17,2021-06-17,58.24
15624,19,10,2,26,2021-06-17,40.44
15625,25,10,3,25,2021-06-17,24.33
15626,35,10,3,30,2021-06-17,19.78
15627,37,10,3,21,2021-06-17,26.96
15628,39,10,5,28,2021-06-17,31.32
15629,41,10,4,32,2021-06-17,11.10
15630,27,11,6,21,2021-06-17,20.07
15631,35,11,3,26,2021-06-17,18.93
15632,43,11,6,23,2021-06-17,8.51
15633,1,12,6,26,2021-06-17,14.47
15634,9,12,2,29,2021-06-17,15.65
15635,13,12,4,16,2021-06-17,40.49
15636,15,12,4,23,2021-06-17,50.63
15637,17,12,4,23,2021-06-17,41.22
15638,19,12,6,20,2021-06-17,36.75
15639,31,12,6,12,2021-06-17,25.81
15640,35,12,3,18,2021-06-17,18.99
15641,37,12,3,15,2021-06-17,26.14
15642,2,1,1,21,2021-07-05,17.75
15643,4,1,1,34,2021-07-05,22.54
15644,6,1,6,33,2021-07-05,12.37
15645,8,1,6,27,2021-07-05,17.44
15646,12,1,4,27,2021-07-05,48.03
15647,20,1,2,29,2021-07-05,21.65
15648,24,1,5,21,2021-07-05,33.30
15649,28,1,6,25,2021-07-05,22.17
15650,34,1,2,17,2021-07-05,39.47
15651,36,1,3,30,2021-07-05,29.94
15652,38,1,3,26,2021-07-05,29.64
15653,12,2,4,24,2021-07-05,40.66
15654,14,2,4,19,2021-07-05,31.87
15655,22,2,2,21,2021-07-05,25.77
15656,28,2,6,35,2021-07-05,22.69
15657,8,3,2,28,2021-07-05,20.67
15658,12,3,2,22,2021-07-05,41.24
15659,14,3,2,28,2021-07-05,31.62
15660,24,3,5,19,2021-07-05,29.97
15661,26,3,5,17,2021-07-05,31.49
15662,34,3,4,16,2021-07-05,38.80
15663,2,4,1,21,2021-07-05,17.17
15664,8,4,6,28,2021-07-05,18.14
15665,10,4,2,25,2021-07-05,22.69
15666,14,4,4,19,2021-07-05,30.72
15667,16,4,2,14,2021-07-05,61.54
15668,18,4,2,28,2021-07-05,33.92
15669,20,4,6,19,2021-07-05,25.93
15670,24,4,5,21,2021-07-05,32.91
15671,30,4,1,26,2021-07-05,35.29
15672,32,4,4,13,2021-07-05,37.06
15673,34,4,2,24,2021-07-05,45.55
15674,40,4,3,24,2021-07-05,37.12
15675,42,4,6,31,2021-07-05,12.31
15676,4,5,1,37,2021-07-05,19.41
15677,6,5,1,34,2021-07-05,12.90
15678,10,5,6,18,2021-07-05,23.67
15679,14,5,4,19,2021-07-05,34.97
15680,16,5,2,16,2021-07-05,64.70
15681,20,5,2,24,2021-07-05,22.38
15682,26,5,3,26,2021-07-05,27.14
15683,28,5,6,29,2021-07-05,20.30
15684,38,5,3,18,2021-07-05,28.52
15685,42,5,6,19,2021-07-05,12.10
15686,12,6,4,24,2021-07-05,48.22
15687,16,6,4,18,2021-07-05,64.95
15688,22,6,6,30,2021-07-05,26.29
15689,26,6,5,28,2021-07-05,28.74
15690,28,6,1,27,2021-07-05,24.14
15691,32,6,4,24,2021-07-05,34.49
15692,2,7,1,36,2021-07-05,18.79
15693,6,7,1,23,2021-07-05,13.83
15694,8,7,6,29,2021-07-05,18.52
15695,18,7,2,28,2021-07-05,34.01
15696,30,7,6,21,2021-07-05,33.29
15697,32,7,4,31,2021-07-05,34.33
15698,36,7,3,26,2021-07-05,29.66
15699,40,7,3,17,2021-07-05,36.91
15700,42,7,4,30,2021-07-05,12.93
15701,10,8,6,36,2021-07-05,20.36
15702,14,8,2,8,2021-07-05,31.15
15703,16,8,2,22,2021-07-05,63.27
15704,20,8,6,31,2021-07-05,24.33
15705,22,8,6,17,2021-07-05,25.60
15706,26,8,5,26,2021-07-05,31.83
15707,28,8,1,24,2021-07-05,20.82
15708,34,8,2,24,2021-07-05,38.76
15709,36,8,3,31,2021-07-05,35.16
15710,42,8,6,27,2021-07-05,12.95
15711,2,9,6,27,2021-07-05,19.57
15712,4,9,1,26,2021-07-05,22.25
15713,8,9,2,34,2021-07-05,19.39
15714,10,9,6,19,2021-07-05,22.50
15715,16,9,2,19,2021-07-05,64.41
15716,20,9,2,26,2021-07-05,25.72
15717,28,9,6,28,2021-07-05,23.92
15718,34,9,2,23,2021-07-05,41.30
15719,36,9,3,33,2021-07-05,31.54
15720,8,10,2,22,2021-07-05,20.13
15721,10,10,2,26,2021-07-05,20.80
15722,12,10,2,25,2021-07-05,43.45
15723,14,10,4,23,2021-07-05,33.96
15724,16,10,4,18,2021-07-05,64.35
15725,22,10,2,31,2021-07-05,25.77
15726,26,10,3,19,2021-07-05,27.31
15727,28,10,1,22,2021-07-05,22.84
15728,30,10,6,20,2021-07-05,35.12
15729,32,10,4,31,2021-07-05,31.09
15730,36,10,3,26,2021-07-05,34.33
15731,38,10,3,23,2021-07-05,29.00
15732,40,10,5,26,2021-07-05,36.51
15733,2,11,6,26,2021-07-05,19.90
15734,8,11,6,32,2021-07-05,17.34
15735,10,11,6,31,2021-07-05,24.52
15736,16,11,4,19,2021-07-05,54.49
15737,18,11,6,19,2021-07-05,32.36
15738,24,11,5,22,2021-07-05,30.39
15739,26,11,3,24,2021-07-05,29.41
15740,30,11,6,32,2021-07-05,34.00
15741,34,11,4,17,2021-07-05,40.08
15742,36,11,3,17,2021-07-05,35.34
15743,40,11,5,25,2021-07-05,35.64
15744,42,11,4,24,2021-07-05,12.61
15745,6,12,1,21,2021-07-05,14.34
15746,8,12,2,24,2021-07-05,19.19
15747,14,12,2,18,2021-07-05,36.06
15748,18,12,2,31,2021-07-05,34.86
15749,20,12,6,19,2021-07-05,24.69
15750,26,12,3,27,2021-07-05,30.45
15751,28,12,1,16,2021-07-05,24.50
15752,34,12,2,22,2021-07-05,45.06
15753,42,12,4,26,2021-07-05,12.20
15754,1,1,6,20,2021-07-19,15.58
15755,3,1,1,26,2021-07-19,13.87
15756,5,1,6,30,2021-07-19,17.89
15757,7,1,6,26,2021-07-19,14.40
15758,9,1,6,40,2021-07-19,14.77
15759,11,1,6,44,2021-07-19,19.40
15760,13,1,2,24,2021-07-19,37.07
15761,15,1,4,22,2021-07-19,56.54
15762,17,1,4,24,2021-07-19,46.39
15763,19,1,2,21,2021-07-19,37.20
15764,21,1,6,18,2021-07-19,43.85
15765,23,1,5,33,2021-07-19,25.28
15766,25,1,5,18,2021-07-19,22.15
15767,27,1,6,41,2021-07-19,19.38
15768,29,1,1,30,2021-07-19,15.56
15769,31,1,1,20,2021-07-19,23.56
15770,35,1,3,18,2021-07-19,20.11
15771,39,1,5,29,2021-07-19,31.81
15772,43,1,6,39,2021-07-19,8.14
15773,13,2,2,23,2021-07-19,39.27
15774,15,2,2,32,2021-07-19,52.00
15775,17,2,2,29,2021-07-19,45.79
15776,19,2,6,28,2021-07-19,37.42
15777,21,2,2,24,2021-07-19,44.52
15778,23,2,3,22,2021-07-19,25.54
15779,25,2,5,15,2021-07-19,24.33
15780,27,2,1,32,2021-07-19,18.39
15781,29,2,6,29,2021-07-19,15.86
15782,33,2,2,20,2021-07-19,28.93
15783,35,2,3,27,2021-07-19,19.60
15784,39,2,5,21,2021-07-19,28.08
15785,1,3,6,30,2021-07-19,17.50
15786,3,3,6,35,2021-07-19,15.57
15787,7,3,2,22,2021-07-19,15.53
15788,9,3,2,27,2021-07-19,15.60
15789,11,3,2,33,2021-07-19,19.14
15790,15,3,2,20,2021-07-19,58.05
15791,17,3,4,25,2021-07-19,39.50
15792,21,3,6,23,2021-07-19,47.92
15793,23,3,5,23,2021-07-19,29.60
15794,25,3,3,17,2021-07-19,24.92
15795,27,3,1,29,2021-07-19,20.23
15796,29,3,1,36,2021-07-19,16.25
15797,31,3,1,33,2021-07-19,23.39
15798,33,3,4,21,2021-07-19,31.81
15799,35,3,3,27,2021-07-19,20.16
15800,37,3,3,25,2021-07-19,26.21
15801,41,3,6,33,2021-07-19,11.25
15802,43,3,4,35,2021-07-19,8.90
15803,3,4,6,22,2021-07-19,14.69
15804,7,4,2,26,2021-07-19,15.92
15805,11,4,6,19,2021-07-19,21.78
15806,19,4,6,13,2021-07-19,41.33
15807,21,4,6,17,2021-07-19,46.56
15808,23,4,3,26,2021-07-19,28.11
15809,27,4,6,42,2021-07-19,17.42
15810,29,4,1,41,2021-07-19,17.03
15811,31,4,1,16,2021-07-19,22.67
15812,39,4,5,16,2021-07-19,31.43
15813,43,4,6,24,2021-07-19,9.09
15814,1,5,6,31,2021-07-19,15.08
15815,5,5,1,16,2021-07-19,18.25
15816,7,5,2,19,2021-07-19,15.36
15817,11,5,2,30,2021-07-19,18.28
15818,13,5,2,18,2021-07-19,34.16
15819,19,5,6,17,2021-07-19,42.00
15820,21,5,6,15,2021-07-19,44.95
15821,23,5,5,10,2021-07-19,25.03
15822,27,5,1,25,2021-07-19,20.48
15823,29,5,1,20,2021-07-19,17.24
15824,31,5,6,17,2021-07-19,23.76
15825,37,5,3,22,2021-07-19,26.49
15826,39,5,3,15,2021-07-19,29.61
15827,41,5,6,28,2021-07-19,11.68
15828,1,6,1,24,2021-07-19,17.05
15829,3,6,1,33,2021-07-19,15.35
15830,7,6,6,17,2021-07-19,16.53
15831,13,6,4,15,2021-07-19,40.03
15832,15,6,2,22,2021-07-19,54.80
15833,17,6,4,13,2021-07-19,46.16
15834,19,6,6,21,2021-07-19,39.30
15835,23,6,5,27,2021-07-19,29.55
15836,25,6,3,12,2021-07-19,21.76
15837,27,6,6,32,2021-07-19,19.31
15838,31,6,1,24,2021-07-19,26.08
15839,33,6,2,20,2021-07-19,27.33
15840,35,6,3,28,2021-07-19,20.99
15841,39,6,3,14,2021-07-19,30.84
15842,3,7,6,22,2021-07-19,15.02
15843,5,7,6,33,2021-07-19,16.99
15844,7,7,2,23,2021-07-19,14.84
15845,9,7,6,25,2021-07-19,13.92
15846,11,7,2,20,2021-07-19,20.83
15847,13,7,2,16,2021-07-19,35.83
15848,15,7,4,11,2021-07-19,51.56
15849,23,7,3,18,2021-07-19,25.07
15850,29,7,1,23,2021-07-19,16.56
15851,31,7,6,17,2021-07-19,22.37
15852,33,7,2,23,2021-07-19,26.75
15853,35,7,3,21,2021-07-19,20.86
15854,37,7,3,22,2021-07-19,28.27
15855,5,8,1,29,2021-07-19,15.78
15856,7,8,2,23,2021-07-19,17.10
15857,9,8,2,22,2021-07-19,16.05
15858,11,8,6,27,2021-07-19,18.74
15859,15,8,2,12,2021-07-19,59.42
15860,17,8,2,14,2021-07-19,43.63
15861,19,8,6,14,2021-07-19,38.55
15862,23,8,5,20,2021-07-19,27.27
15863,27,8,1,26,2021-07-19,18.76
15864,29,8,1,27,2021-07-19,16.75
15865,39,8,3,23,2021-07-19,33.01
15866,41,8,4,26,2021-07-19,11.19
15867,1,9,6,33,2021-07-19,17.41
15868,3,9,6,20,2021-07-19,13.19
15869,9,9,6,15,2021-07-19,15.88
15870,11,9,2,21,2021-07-19,21.98
15871,13,9,2,17,2021-07-19,39.42
15872,19,9,6,25,2021-07-19,41.01
15873,21,9,2,11,2021-07-19,46.94
15874,23,9,3,26,2021-07-19,25.62
15875,25,9,5,7,2021-07-19,23.96
15876,33,9,4,23,2021-07-19,29.74
15877,1,10,1,22,2021-07-19,15.36
15878,5,10,1,20,2021-07-19,18.89
15879,11,10,6,32,2021-07-19,20.08
15880,17,10,4,15,2021-07-19,43.33
15881,21,10,2,12,2021-07-19,48.65
15882,23,10,3,19,2021-07-19,29.38
15883,27,10,6,32,2021-07-19,17.11
15884,29,10,6,22,2021-07-19,16.17
15885,31,10,1,21,2021-07-19,24.29
15886,33,10,4,16,2021-07-19,29.16
15887,43,10,6,36,2021-07-19,8.77
15888,1,11,6,21,2021-07-19,14.68
15889,3,11,6,29,2021-07-19,14.31
15890,5,11,6,22,2021-07-19,16.46
15891,7,11,6,17,2021-07-19,14.81
15892,9,11,6,24,2021-07-19,14.75
15893,11,11,6,22,2021-07-19,20.45
15894,13,11,4,16,2021-07-19,38.67
15895,15,11,4,16,2021-07-19,49.62
15896,17,11,2,10,2021-07-19,40.51
15897,19,11,2,14,2021-07-19,37.95
15898,21,11,6,27,2021-07-19,47.51
15899,23,11,3,19,2021-07-19,25.05
15900,25,11,3,13,2021-07-19,25.01
15901,29,11,1,38,2021-07-19,15.41
15902,31,11,6,17,2021-07-19,24.77
15903,33,11,2,21,2021-07-19,31.58
15904,37,11,3,18,2021-07-19,28.25
15905,39,11,3,14,2021-07-19,29.75
15906,41,11,6,30,2021-07-19,11.40
15907,43,11,6,27,2021-07-19,9.82
15908,3,12,1,11,2021-07-19,15.75
15909,5,12,6,24,2021-07-19,16.86
15910,7,12,6,18,2021-07-19,17.34
15911,11,12,6,22,2021-07-19,20.25
15912,21,12,6,14,2021-07-19,50.06
15913,23,12,3,27,2021-07-19,29.92
15914,25,12,3,10,2021-07-19,25.88
15915,27,12,6,18,2021-07-19,17.98
15916,29,12,6,22,2021-07-19,15.33
15917,33,12,2,15,2021-07-19,30.59
15918,39,12,5,15,2021-07-19,29.27
15919,41,12,4,28,2021-07-19,11.13
15920,43,12,4,26,2021-07-19,9.78
15921,2,1,1,30,2021-08-03,19.65
15922,6,1,6,33,2021-08-03,12.39
15923,10,1,6,40,2021-08-03,21.85
15924,14,1,2,10,2021-08-03,35.72
15925,16,1,4,24,2021-08-03,55.19
15926,18,1,2,31,2021-08-03,34.66
15927,22,1,2,26,2021-08-03,26.03
15928,26,1,3,24,2021-08-03,31.00
15929,30,1,1,34,2021-08-03,36.68
15930,32,1,4,27,2021-08-03,32.86
15931,40,1,5,13,2021-08-03,36.79
15932,42,1,4,24,2021-08-03,11.51
15933,2,2,6,39,2021-08-03,20.22
15934,4,2,6,21,2021-08-03,20.99
15935,6,2,1,30,2021-08-03,14.71
15936,8,2,2,29,2021-08-03,17.85
15937,10,2,6,17,2021-08-03,21.55
15938,16,2,2,19,2021-08-03,62.34
15939,18,2,6,27,2021-08-03,32.66
15940,20,2,2,34,2021-08-03,25.38
15941,24,2,5,13,2021-08-03,28.77
15942,26,2,5,22,2021-08-03,31.41
15943,30,2,6,31,2021-08-03,36.09
15944,32,2,4,20,2021-08-03,32.11
15945,34,2,2,22,2021-08-03,42.85
15946,36,2,3,31,2021-08-03,32.30
15947,38,2,3,20,2021-08-03,26.86
15948,40,2,5,31,2021-08-03,35.84
15949,42,2,4,28,2021-08-03,11.86
15950,2,3,1,24,2021-08-03,17.66
15951,4,3,1,28,2021-08-03,21.50
15952,6,3,6,33,2021-08-03,13.75
15953,8,3,6,26,2021-08-03,17.85
15954,10,3,2,24,2021-08-03,20.40
15955,16,3,4,14,2021-08-03,57.95
15956,18,3,6,20,2021-08-03,35.56
15957,20,3,6,33,2021-08-03,26.31
15958,22,3,6,21,2021-08-03,27.00
15959,28,3,1,29,2021-08-03,22.88
15960,30,3,6,17,2021-08-03,37.35
15961,32,3,4,20,2021-08-03,31.32
15962,36,3,3,19,2021-08-03,30.22
15963,38,3,3,24,2021-08-03,29.75
15964,40,3,3,23,2021-08-03,37.31
15965,42,3,4,33,2021-08-03,13.28
15966,4,4,1,21,2021-08-03,22.18
15967,6,4,6,24,2021-08-03,12.34
15968,12,4,4,14,2021-08-03,42.74
15969,22,4,2,26,2021-08-03,25.76
15970,26,4,3,18,2021-08-03,29.71
15971,28,4,1,20,2021-08-03,21.14
15972,36,4,3,18,2021-08-03,30.16
15973,38,4,5,11,2021-08-03,29.90
15974,2,5,6,37,2021-08-03,19.86
15975,8,5,2,23,2021-08-03,17.79
15976,12,5,2,11,2021-08-03,45.87
15977,18,5,6,13,2021-08-03,35.30
15978,22,5,2,22,2021-08-03,26.28
15979,24,5,3,9,2021-08-03,32.13
15980,30,5,1,20,2021-08-03,37.35
15981,32,5,2,19,2021-08-03,31.44
15982,36,5,3,22,2021-08-03,35.56
15983,40,5,5,23,2021-08-03,33.23
15984,2,6,1,23,2021-08-03,17.61
15985,4,6,1,32,2021-08-03,21.14
15986,6,6,1,35,2021-08-03,13.71
15987,8,6,2,27,2021-08-03,17.67
15988,10,6,6,27,2021-08-03,21.92
15989,14,6,4,18,2021-08-03,34.35
15990,18,6,6,18,2021-08-03,31.65
15991,20,6,6,28,2021-08-03,24.83
15992,24,6,5,16,2021-08-03,31.43
15993,28,6,6,33,2021-08-03,22.22
15994,30,6,6,28,2021-08-03,37.13
15995,34,6,2,20,2021-08-03,41.88
15996,36,6,3,24,2021-08-03,32.38
15997,38,6,3,24,2021-08-03,27.11
15998,40,6,5,14,2021-08-03,36.01
15999,42,6,4,26,2021-08-03,11.81
16000,4,7,1,35,2021-08-03,19.72
16001,10,7,6,10,2021-08-03,24.56
16002,12,7,4,11,2021-08-03,46.89
16003,14,7,2,19,2021-08-03,33.11
16004,16,7,4,17,2021-08-03,62.96
16005,20,7,2,29,2021-08-03,24.10
16006,22,7,6,20,2021-08-03,28.32
16007,24,7,5,21,2021-08-03,30.60
16008,26,7,3,14,2021-08-03,28.04
16009,28,7,1,26,2021-08-03,22.12
16010,34,7,2,16,2021-08-03,46.64
16011,38,7,5,22,2021-08-03,27.62
16012,2,8,1,19,2021-08-03,20.50
16013,4,8,6,26,2021-08-03,19.56
16014,6,8,6,24,2021-08-03,14.03
16015,8,8,6,20,2021-08-03,20.34
16016,12,8,4,13,2021-08-03,41.31
16017,18,8,6,13,2021-08-03,30.48
16018,24,8,3,17,2021-08-03,30.79
16019,30,8,6,23,2021-08-03,35.38
16020,32,8,4,19,2021-08-03,33.90
16021,38,8,3,16,2021-08-03,26.44
16022,40,8,3,20,2021-08-03,34.08
16023,6,9,6,18,2021-08-03,12.84
16024,12,9,4,16,2021-08-03,40.89
16025,14,9,2,8,2021-08-03,37.17
16026,18,9,6,22,2021-08-03,29.32
16027,22,9,6,17,2021-08-03,29.12
16028,24,9,3,7,2021-08-03,33.95
16029,30,9,1,10,2021-08-03,36.20
16030,32,9,2,24,2021-08-03,33.44
16031,38,9,5,12,2021-08-03,26.50
16032,40,9,3,14,2021-08-03,35.82
16033,42,9,4,17,2021-08-03,12.51
16034,2,10,6,25,2021-08-03,17.97
16035,4,10,1,36,2021-08-03,19.32
16036,6,10,1,22,2021-08-03,13.84
16037,18,10,2,14,2021-08-03,35.21
16038,20,10,6,25,2021-08-03,23.23
16039,24,10,3,10,2021-08-03,33.60
16040,34,10,4,13,2021-08-03,41.66
16041,42,10,6,22,2021-08-03,13.54
16042,4,11,6,24,2021-08-03,22.76
16043,6,11,6,33,2021-08-03,13.47
16044,12,11,2,17,2021-08-03,41.64
16045,14,11,2,14,2021-08-03,30.97
16046,20,11,6,18,2021-08-03,24.19
16047,22,11,6,20,2021-08-03,30.00
16048,28,11,1,27,2021-08-03,24.26
16049,32,11,2,24,2021-08-03,31.88
16050,38,11,5,14,2021-08-03,27.82
16051,2,12,1,21,2021-08-03,18.92
16052,4,12,6,23,2021-08-03,20.97
16053,10,12,2,14,2021-08-03,24.62
16054,12,12,2,15,2021-08-03,47.23
16055,16,12,2,18,2021-08-03,58.25
16056,22,12,6,17,2021-08-03,25.93
16057,24,12,5,8,2021-08-03,33.56
16058,30,12,6,13,2021-08-03,37.25
16059,36,12,3,14,2021-08-03,30.29
16060,38,12,5,16,2021-08-03,27.52
16061,40,12,3,17,2021-08-03,37.49
16062,1,1,1,23,2021-08-17,14.84
16063,11,1,6,24,2021-08-17,21.42
16064,27,1,6,26,2021-08-17,20.52
16065,33,1,4,19,2021-08-17,28.88
16066,37,1,3,22,2021-08-17,27.42
16067,41,1,4,38,2021-08-17,11.95
16068,43,1,4,38,2021-08-17,9.87
16069,1,2,1,24,2021-08-17,14.85
16070,3,2,6,34,2021-08-17,13.66
16071,5,2,6,36,2021-08-17,18.37
16072,7,2,6,25,2021-08-17,14.44
16073,9,2,2,27,2021-08-17,13.94
16074,11,2,2,33,2021-08-17,19.69
16075,27,2,1,35,2021-08-17,17.37
16076,31,2,6,19,2021-08-17,24.58
16077,37,2,3,25,2021-08-17,24.79
16078,41,2,6,31,2021-08-17,10.73
16079,43,2,6,50,2021-08-17,8.67
16080,5,3,6,33,2021-08-17,17.19
16081,13,3,4,24,2021-08-17,35.38
16082,19,3,2,17,2021-08-17,37.26
16083,27,3,1,29,2021-08-17,18.22
16084,39,3,5,28,2021-08-17,32.89
16085,1,4,1,23,2021-08-17,16.29
16086,5,4,6,20,2021-08-17,17.37
16087,9,4,2,25,2021-08-17,15.60
16088,13,4,4,14,2021-08-17,34.48
16089,15,4,4,14,2021-08-17,58.70
16090,17,4,2,11,2021-08-17,39.81
16091,25,4,3,12,2021-08-17,23.53
16092,29,4,6,21,2021-08-17,17.64
16093,33,4,2,27,2021-08-17,30.47
16094,35,4,3,16,2021-08-17,22.31
16095,37,4,3,13,2021-08-17,29.80
16096,41,4,4,27,2021-08-17,11.63
16097,3,5,6,14,2021-08-17,14.13
16098,9,5,6,19,2021-08-17,13.61
16099,15,5,4,21,2021-08-17,60.15
16100,17,5,4,18,2021-08-17,43.72
16101,25,5,5,12,2021-08-17,24.07
16102,33,5,4,14,2021-08-17,27.03
16103,35,5,3,12,2021-08-17,18.96
16104,43,5,4,23,2021-08-17,9.55
16105,5,6,6,32,2021-08-17,19.22
16106,9,6,6,32,2021-08-17,14.48
16107,11,6,6,26,2021-08-17,21.06
16108,21,6,6,15,2021-08-17,49.24
16109,29,6,6,41,2021-08-17,17.32
16110,37,6,3,23,2021-08-17,26.46
16111,41,6,6,35,2021-08-17,10.13
16112,43,6,4,31,2021-08-17,8.84
16113,1,7,6,27,2021-08-17,14.82
16114,9,7,6,29,2021-08-17,13.95
16115,19,7,2,18,2021-08-17,40.73
16116,21,7,6,25,2021-08-17,45.35
16117,25,7,3,13,2021-08-17,24.97
16118,27,7,6,25,2021-08-17,20.02
16119,29,7,1,32,2021-08-17,16.00
16120,39,7,5,20,2021-08-17,31.68
16121,41,7,6,37,2021-08-17,9.97
16122,43,7,6,34,2021-08-17,9.37
16123,1,8,1,18,2021-08-17,14.80
16124,3,8,6,18,2021-08-17,15.81
16125,11,8,6,25,2021-08-17,18.12
16126,13,8,4,18,2021-08-17,35.64
16127,21,8,2,19,2021-08-17,44.40
16128,27,8,6,24,2021-08-17,20.20
16129,31,8,6,27,2021-08-17,24.09
16130,33,8,4,21,2021-08-17,31.27
16131,35,8,3,16,2021-08-17,21.91
16132,37,8,3,8,2021-08-17,28.84
16133,43,8,4,31,2021-08-17,8.36
16134,5,9,6,11,2021-08-17,17.56
16135,7,9,6,17,2021-08-17,15.41
16136,17,9,4,12,2021-08-17,41.88
16137,27,9,1,24,2021-08-17,18.09
16138,29,9,1,27,2021-08-17,16.40
16139,31,9,1,20,2021-08-17,25.44
16140,35,9,3,10,2021-08-17,19.37
16141,37,9,3,18,2021-08-17,28.35
16142,39,9,3,18,2021-08-17,31.09
16143,41,9,4,27,2021-08-17,11.14
16144,43,9,4,27,2021-08-17,9.83
16145,3,10,6,21,2021-08-17,14.62
16146,7,10,6,21,2021-08-17,15.82
16147,9,10,2,22,2021-08-17,16.01
16148,13,10,4,13,2021-08-17,40.49
16149,15,10,4,15,2021-08-17,54.39
16150,19,10,2,10,2021-08-17,38.84
16151,25,10,3,11,2021-08-17,24.61
16152,27,10,1,24,2021-08-17,18.91
16153,35,10,3,18,2021-08-17,22.27
16154,37,10,3,26,2021-08-17,27.69
16155,39,10,3,14,2021-08-17,31.71
16156,41,10,4,34,2021-08-17,11.04
16157,27,11,1,33,2021-08-17,18.64
16158,35,11,3,17,2021-08-17,19.45
16159,1,12,6,18,2021-08-17,14.61
16160,9,12,6,20,2021-08-17,15.66
16161,13,12,2,20,2021-08-17,34.42
16162,15,12,2,17,2021-08-17,52.67
16163,17,12,2,15,2021-08-17,45.21
16164,19,12,2,13,2021-08-17,39.81
16165,31,12,1,13,2021-08-17,25.53
16166,35,12,3,19,2021-08-17,19.23
16167,37,12,3,7,2021-08-17,27.85
16168,4,1,6,39,2021-09-03,19.47
16169,6,1,6,29,2021-09-03,14.21
16170,8,1,6,40,2021-09-03,19.59
16171,10,1,2,26,2021-09-03,22.18
16172,12,1,2,11,2021-09-03,41.50
16173,20,1,6,20,2021-09-03,21.99
16174,24,1,5,12,2021-09-03,28.54
16175,28,1,1,22,2021-09-03,20.31
16176,34,1,4,24,2021-09-03,40.25
16177,36,1,3,27,2021-09-03,35.50
16178,38,1,5,11,2021-09-03,27.70
16179,4,2,1,26,2021-09-03,19.46
16180,6,2,6,27,2021-09-03,12.79
16181,8,2,6,24,2021-09-03,17.31
16182,12,2,2,21,2021-09-03,41.88
16183,14,2,2,17,2021-09-03,37.10
16184,20,2,6,26,2021-09-03,23.64
16185,22,2,2,35,2021-09-03,28.47
16186,28,2,1,36,2021-09-03,21.03
16187,6,3,1,26,2021-09-03,13.10
16188,12,3,2,21,2021-09-03,46.40
16189,14,3,2,11,2021-09-03,32.11
16190,24,3,5,10,2021-09-03,28.85
16191,26,3,3,18,2021-09-03,29.51
16192,34,3,2,19,2021-09-03,40.87
16193,2,4,6,32,2021-09-03,19.37
16194,6,4,1,34,2021-09-03,12.29
16195,8,4,6,29,2021-09-03,19.68
16196,10,4,2,19,2021-09-03,22.45
16197,14,4,4,24,2021-09-03,36.30
16198,16,4,2,18,2021-09-03,55.39
16199,18,4,6,27,2021-09-03,35.07
16200,20,4,6,24,2021-09-03,26.20
16201,24,4,3,7,2021-09-03,29.35
16202,30,4,1,17,2021-09-03,37.38
16203,32,4,2,16,2021-09-03,32.70
16204,34,4,4,19,2021-09-03,41.15
16205,40,4,3,20,2021-09-03,39.21
16206,42,4,4,28,2021-09-03,12.61
16207,4,5,6,28,2021-09-03,22.43
16208,6,5,6,15,2021-09-03,14.56
16209,10,5,2,13,2021-09-03,22.07
16210,16,5,4,13,2021-09-03,54.35
16211,20,5,6,15,2021-09-03,25.25
16212,26,5,3,16,2021-09-03,26.13
16213,28,5,1,31,2021-09-03,20.27
16214,34,5,4,11,2021-09-03,44.56
16215,38,5,3,16,2021-09-03,30.09
16216,42,5,6,31,2021-09-03,13.46
16217,12,6,2,15,2021-09-03,44.51
16218,16,6,2,18,2021-09-03,60.51
16219,20,6,2,25,2021-09-03,25.36
16220,22,6,2,24,2021-09-03,29.99
16221,26,6,5,21,2021-09-03,27.23
16222,2,7,1,26,2021-09-03,17.21
16223,4,7,1,25,2021-09-03,22.00
16224,6,7,1,17,2021-09-03,12.39
16225,8,7,6,21,2021-09-03,17.92
16226,18,7,6,22,2021-09-03,32.08
16227,30,7,1,28,2021-09-03,38.03
16228,32,7,4,19,2021-09-03,36.20
16229,36,7,3,21,2021-09-03,35.49
16230,40,7,5,22,2021-09-03,38.73
16231,42,7,6,28,2021-09-03,11.89
16232,10,8,6,22,2021-09-03,20.66
16233,14,8,4,17,2021-09-03,36.92
16234,16,8,4,24,2021-09-03,65.37
16235,20,8,2,19,2021-09-03,22.65
16236,22,8,2,17,2021-09-03,25.70
16237,26,8,3,23,2021-09-03,31.61
16238,28,8,1,27,2021-09-03,21.19
16239,34,8,4,12,2021-09-03,45.54
16240,36,8,3,22,2021-09-03,31.17
16241,42,8,4,19,2021-09-03,13.63
16242,2,9,1,17,2021-09-03,20.59
16243,4,9,6,19,2021-09-03,20.67
16244,8,9,6,15,2021-09-03,18.00
16245,10,9,6,25,2021-09-03,20.41
16246,16,9,4,15,2021-09-03,58.40
16247,20,9,2,18,2021-09-03,22.52
16248,26,9,5,13,2021-09-03,29.30
16249,28,9,1,15,2021-09-03,23.80
16250,34,9,2,15,2021-09-03,43.30
16251,36,9,3,15,2021-09-03,34.31
16252,6,10,1,23,2021-09-03,12.62
16253,8,10,6,21,2021-09-03,19.63
16254,10,10,2,23,2021-09-03,21.89
16255,12,10,2,7,2021-09-03,48.84
16256,16,10,4,12,2021-09-03,59.98
16257,22,10,6,17,2021-09-03,27.65
16258,26,10,3,11,2021-09-03,29.27
16259,28,10,6,29,2021-09-03,21.21
16260,30,10,6,10,2021-09-03,39.56
16261,32,10,2,17,2021-09-03,34.38
16262,36,10,3,16,2021-09-03,29.89
16263,38,10,5,14,2021-09-03,26.62
16264,40,10,3,13,2021-09-03,33.38
16265,2,11,6,23,2021-09-03,18.81
16266,8,11,2,20,2021-09-03,17.20
16267,10,11,2,25,2021-09-03,21.85
16268,16,11,2,16,2021-09-03,58.98
16269,18,11,6,23,2021-09-03,35.14
16270,24,11,3,10,2021-09-03,28.55
16271,26,11,5,19,2021-09-03,29.68
16272,30,11,6,16,2021-09-03,35.89
16273,34,11,2,17,2021-09-03,42.59
16274,36,11,3,26,2021-09-03,34.53
16275,40,11,3,21,2021-09-03,34.82
16276,42,11,6,18,2021-09-03,12.01
16277,6,12,6,16,2021-09-03,12.93
16278,8,12,6,11,2021-09-03,18.14
16279,18,12,2,20,2021-09-03,32.98
16280,20,12,2,23,2021-09-03,26.07
16281,26,12,3,16,2021-09-03,30.50
16282,28,12,1,30,2021-09-03,23.07
16283,32,12,2,17,2021-09-03,37.11
16284,34,12,4,17,2021-09-03,43.87
16285,42,12,6,17,2021-09-03,12.56
16286,1,1,6,31,2021-09-17,15.03
16287,3,1,6,42,2021-09-17,15.73
16288,5,1,6,31,2021-09-17,18.01
16289,7,1,2,33,2021-09-17,15.58
16290,9,1,2,39,2021-09-17,14.90
16291,11,1,2,28,2021-09-17,19.23
16292,13,1,4,23,2021-09-17,39.21
16293,15,1,4,25,2021-09-17,55.35
16294,17,1,4,17,2021-09-17,44.03
16295,19,1,6,34,2021-09-17,36.57
16296,21,1,6,19,2021-09-17,48.43
16297,23,1,3,32,2021-09-17,27.61
16298,25,1,3,23,2021-09-17,25.69
16299,27,1,1,38,2021-09-17,18.78
16300,29,1,1,42,2021-09-17,15.47
16301,31,1,6,25,2021-09-17,24.23
16302,35,1,3,31,2021-09-17,21.23
16303,37,1,3,23,2021-09-17,28.58
16304,39,1,3,25,2021-09-17,32.15
16305,43,1,6,24,2021-09-17,8.90
16306,1,2,6,34,2021-09-17,16.83
16307,3,2,1,38,2021-09-17,13.47
16308,5,2,6,28,2021-09-17,16.76
16309,7,2,6,29,2021-09-17,17.53
16310,9,2,2,38,2021-09-17,15.31
16311,11,2,2,38,2021-09-17,21.10
16312,13,2,2,22,2021-09-17,34.35
16313,15,2,4,26,2021-09-17,54.77
16314,17,2,4,35,2021-09-17,38.57
16315,19,2,6,33,2021-09-17,41.57
16316,21,2,2,28,2021-09-17,48.64
16317,23,2,5,28,2021-09-17,27.24
16318,25,2,3,28,2021-09-17,21.95
16319,27,2,1,32,2021-09-17,20.13
16320,29,2,1,38,2021-09-17,17.71
16321,31,2,6,27,2021-09-17,23.13
16322,33,2,2,36,2021-09-17,28.36
16323,35,2,3,36,2021-09-17,22.00
16324,37,2,3,29,2021-09-17,28.59
16325,39,2,5,22,2021-09-17,31.20
16326,41,2,4,44,2021-09-17,10.88
16327,43,2,4,45,2021-09-17,8.15
16328,1,3,1,24,2021-09-17,17.22
16329,3,3,6,31,2021-09-17,14.54
16330,7,3,6,20,2021-09-17,17.34
16331,9,3,2,37,2021-09-17,16.05
16332,11,3,2,42,2021-09-17,21.71
16333,15,3,2,25,2021-09-17,58.62
16334,17,3,2,16,2021-09-17,46.53
16335,21,3,6,26,2021-09-17,51.32
16336,23,3,3,26,2021-09-17,28.82
16337,25,3,5,24,2021-09-17,25.86
16338,27,3,6,31,2021-09-17,17.80
16339,29,3,6,35,2021-09-17,16.58
16340,31,3,1,31,2021-09-17,22.30
16341,33,3,2,26,2021-09-17,31.13
16342,35,3,3,21,2021-09-17,21.63
16343,37,3,3,28,2021-09-17,24.82
16344,41,3,6,40,2021-09-17,10.03
16345,43,3,4,43,2021-09-17,9.10
16346,3,4,1,19,2021-09-17,15.21
16347,7,4,6,21,2021-09-17,15.81
16348,9,4,2,28,2021-09-17,13.54
16349,11,4,2,40,2021-09-17,20.51
16350,19,4,6,28,2021-09-17,39.11
16351,21,4,6,24,2021-09-17,43.90
16352,23,4,5,27,2021-09-17,25.48
16353,27,4,1,36,2021-09-17,20.85
16354,31,4,6,20,2021-09-17,23.62
16355,39,4,3,21,2021-09-17,33.40
16356,43,4,4,24,2021-09-17,8.72
16357,1,5,6,24,2021-09-17,15.71
16358,5,5,1,27,2021-09-17,17.83
16359,7,5,6,22,2021-09-17,17.58
16360,11,5,6,32,2021-09-17,19.87
16361,13,5,4,18,2021-09-17,34.73
16362,19,5,6,18,2021-09-17,42.60
16363,21,5,2,16,2021-09-17,49.77
16364,23,5,5,11,2021-09-17,27.41
16365,27,5,6,22,2021-09-17,19.89
16366,29,5,1,21,2021-09-17,16.02
16367,31,5,1,24,2021-09-17,25.89
16368,37,5,3,11,2021-09-17,27.16
16369,39,5,3,20,2021-09-17,31.66
16370,41,5,4,26,2021-09-17,11.33
16371,1,6,6,35,2021-09-17,17.25
16372,3,6,6,30,2021-09-17,14.57
16373,7,6,6,25,2021-09-17,15.62
16374,9,6,6,24,2021-09-17,16.35
16375,11,6,2,21,2021-09-17,18.59
16376,13,6,4,11,2021-09-17,41.00
16377,15,6,2,18,2021-09-17,59.26
16378,17,6,4,15,2021-09-17,43.09
16379,19,6,6,24,2021-09-17,37.06
16380,23,6,3,13,2021-09-17,28.06
16381,25,6,5,13,2021-09-17,25.88
16382,27,6,1,35,2021-09-17,19.17
16383,31,6,6,27,2021-09-17,23.56
16384,33,6,4,31,2021-09-17,27.08
16385,35,6,3,30,2021-09-17,20.49
16386,39,6,3,16,2021-09-17,28.28
16387,41,6,6,28,2021-09-17,11.29
16388,3,7,1,27,2021-09-17,15.83
16389,5,7,6,19,2021-09-17,18.66
16390,7,7,6,23,2021-09-17,14.84
16391,11,7,2,29,2021-09-17,21.73
16392,15,7,4,14,2021-09-17,49.79
16393,17,7,2,16,2021-09-17,41.42
16394,23,7,5,28,2021-09-17,30.06
16395,29,7,6,27,2021-09-17,16.02
16396,31,7,1,22,2021-09-17,25.77
16397,33,7,4,13,2021-09-17,26.18
16398,35,7,3,19,2021-09-17,21.64
16399,37,7,3,29,2021-09-17,26.05
16400,3,8,1,29,2021-09-17,15.67
16401,5,8,6,23,2021-09-17,16.17
16402,7,8,6,24,2021-09-17,16.19
16403,9,8,6,31,2021-09-17,16.18
16404,11,8,2,27,2021-09-17,21.18
16405,15,8,2,12,2021-09-17,52.27
16406,17,8,4,20,2021-09-17,38.65
16407,19,8,6,17,2021-09-17,40.72
16408,23,8,5,23,2021-09-17,28.69
16409,25,8,3,15,2021-09-17,25.69
16410,27,8,1,30,2021-09-17,17.15
16411,29,8,1,33,2021-09-17,17.81
16412,31,8,6,29,2021-09-17,25.25
16413,39,8,3,18,2021-09-17,31.17
16414,41,8,4,36,2021-09-17,10.72
16415,43,8,6,21,2021-09-17,8.49
16416,1,9,6,23,2021-09-17,16.22
16417,3,9,6,27,2021-09-17,15.12
16418,9,9,6,23,2021-09-17,13.51
16419,11,9,2,41,2021-09-17,21.49
16420,13,9,2,17,2021-09-17,35.98
16421,15,9,4,13,2021-09-17,50.64
16422,19,9,2,13,2021-09-17,40.85
16423,21,9,2,31,2021-09-17,51.91
16424,23,9,3,14,2021-09-17,28.27
16425,25,9,5,17,2021-09-17,24.63
16426,33,9,4,17,2021-09-17,30.04
16427,1,10,6,40,2021-09-17,16.08
16428,3,10,1,29,2021-09-17,15.06
16429,5,10,6,20,2021-09-17,18.79
16430,11,10,6,27,2021-09-17,18.56
16431,17,10,4,11,2021-09-17,38.90
16432,21,10,2,28,2021-09-17,52.19
16433,23,10,5,9,2021-09-17,28.56
16434,29,10,6,25,2021-09-17,16.59
16435,31,10,6,21,2021-09-17,24.58
16436,33,10,4,18,2021-09-17,26.20
16437,41,10,6,21,2021-09-17,11.95
16438,43,10,6,29,2021-09-17,9.19
16439,1,11,1,34,2021-09-17,16.88
16440,3,11,6,54,2021-09-17,13.76
16441,5,11,6,33,2021-09-17,16.44
16442,7,11,6,33,2021-09-17,15.56
16443,9,11,2,23,2021-09-17,14.05
16444,11,11,6,48,2021-09-17,20.05
16445,13,11,4,25,2021-09-17,38.31
16446,15,11,2,32,2021-09-17,53.49
16447,17,11,4,22,2021-09-17,43.10
16448,19,11,2,13,2021-09-17,36.83
16449,21,11,2,18,2021-09-17,46.54
16450,23,11,5,19,2021-09-17,26.98
16451,25,11,5,12,2021-09-17,25.74
16452,27,11,6,26,2021-09-17,19.35
16453,29,11,1,25,2021-09-17,16.95
16454,31,11,6,19,2021-09-17,22.07
16455,33,11,2,13,2021-09-17,26.83
16456,37,11,3,36,2021-09-17,25.13
16457,39,11,3,19,2021-09-17,31.97
16458,41,11,6,29,2021-09-17,10.38
16459,43,11,6,27,2021-09-17,9.13
16460,3,12,6,24,2021-09-17,13.19
16461,5,12,6,27,2021-09-17,17.69
16462,7,12,2,28,2021-09-17,15.99
16463,11,12,6,25,2021-09-17,21.26
16464,21,12,2,22,2021-09-17,46.55
16465,23,12,3,17,2021-09-17,27.17
16466,25,12,5,14,2021-09-17,25.79
16467,27,12,1,22,2021-09-17,18.27
16468,29,12,1,17,2021-09-17,17.94
16469,33,12,2,15,2021-09-17,27.53
16470,39,12,5,10,2021-09-17,33.27
16471,41,12,6,35,2021-09-17,10.92
16472,43,12,6,21,2021-09-17,8.10
16473,2,1,6,50,2021-10-04,18.75
16474,4,1,6,27,2021-10-04,22.02
16475,6,1,1,29,2021-10-04,14.81
16476,10,1,2,27,2021-10-04,23.44
16477,14,1,2,25,2021-10-04,31.14
16478,16,1,2,38,2021-10-04,65.19
16479,18,1,6,40,2021-10-04,30.52
16480,20,1,2,40,2021-10-04,23.06
16481,22,1,2,38,2021-10-04,25.91
16482,26,1,5,32,2021-10-04,29.74
16483,28,1,1,32,2021-10-04,20.56
16484,30,1,6,43,2021-10-04,32.85
16485,32,1,4,29,2021-10-04,30.98
16486,36,1,3,34,2021-10-04,32.61
16487,38,1,5,32,2021-10-04,30.43
16488,40,1,5,37,2021-10-04,32.69
16489,42,1,4,24,2021-10-04,11.86
16490,2,2,6,53,2021-10-04,18.30
16491,4,2,1,58,2021-10-04,20.89
16492,6,2,6,44,2021-10-04,12.32
16493,8,2,6,31,2021-10-04,18.78
16494,10,2,2,49,2021-10-04,21.49
16495,16,2,2,47,2021-10-04,60.94
16496,18,2,6,48,2021-10-04,34.62
16497,20,2,2,34,2021-10-04,21.94
16498,22,2,2,34,2021-10-04,25.03
16499,24,2,3,21,2021-10-04,32.73
16500,26,2,3,34,2021-10-04,29.63
16501,28,2,6,39,2021-10-04,20.61
16502,30,2,6,33,2021-10-04,39.34
16503,32,2,4,32,2021-10-04,31.30
16504,34,2,4,26,2021-10-04,42.26
16505,36,2,3,40,2021-10-04,33.90
16506,38,2,5,39,2021-10-04,30.56
16507,40,2,5,41,2021-10-04,34.08
16508,42,2,6,34,2021-10-04,13.29
16509,2,3,6,36,2021-10-04,17.28
16510,4,3,6,34,2021-10-04,21.09
16511,6,3,6,30,2021-10-04,13.05
16512,8,3,2,38,2021-10-04,20.61
16513,10,3,2,26,2021-10-04,22.36
16514,16,3,2,28,2021-10-04,58.87
16515,18,3,6,24,2021-10-04,29.40
16516,20,3,6,42,2021-10-04,26.29
16517,22,3,6,35,2021-10-04,25.63
16518,24,3,5,35,2021-10-04,33.16
16519,28,3,6,44,2021-10-04,24.51
16520,30,3,6,37,2021-10-04,36.44
16521,32,3,2,30,2021-10-04,33.91
16522,36,3,3,25,2021-10-04,35.21
16523,38,3,5,30,2021-10-04,29.53
16524,40,3,3,27,2021-10-04,33.00
16525,42,3,6,45,2021-10-04,11.59
16526,4,4,1,27,2021-10-04,18.96
16527,12,4,4,24,2021-10-04,42.87
16528,20,4,6,32,2021-10-04,23.40
16529,22,4,6,26,2021-10-04,26.03
16530,26,4,5,16,2021-10-04,27.51
16531,28,4,1,29,2021-10-04,23.85
16532,32,4,4,25,2021-10-04,32.34
16533,36,4,3,25,2021-10-04,34.43
16534,38,4,5,17,2021-10-04,30.93
16535,42,4,4,23,2021-10-04,13.74
16536,2,5,6,21,2021-10-04,19.55
16537,4,5,6,29,2021-10-04,22.84
16538,8,5,6,18,2021-10-04,17.71
16539,12,5,2,16,2021-10-04,48.22
16540,14,5,4,16,2021-10-04,30.60
16541,18,5,2,16,2021-10-04,29.49
16542,22,5,2,31,2021-10-04,29.08
16543,24,5,3,17,2021-10-04,32.21
16544,30,5,6,16,2021-10-04,34.28
16545,32,5,2,29,2021-10-04,34.32
16546,36,5,3,14,2021-10-04,34.21
16547,40,5,3,21,2021-10-04,37.20
16548,42,5,4,26,2021-10-04,12.94
16549,2,6,1,36,2021-10-04,19.05
16550,4,6,1,35,2021-10-04,19.52
16551,6,6,1,36,2021-10-04,14.43
16552,8,6,2,33,2021-10-04,18.03
16553,10,6,2,32,2021-10-04,22.91
16554,14,6,4,25,2021-10-04,33.44
16555,18,6,6,28,2021-10-04,33.60
16556,22,6,2,39,2021-10-04,27.17
16557,24,6,3,25,2021-10-04,29.89
16558,26,6,5,28,2021-10-04,26.86
16559,28,6,1,39,2021-10-04,21.46
16560,30,6,6,33,2021-10-04,37.55
16561,32,6,2,23,2021-10-04,30.98
16562,34,6,2,24,2021-10-04,43.28
16563,36,6,3,29,2021-10-04,34.45
16564,38,6,3,33,2021-10-04,28.27
16565,40,6,3,37,2021-10-04,36.59
16566,42,6,6,30,2021-10-04,11.96
16567,2,7,1,29,2021-10-04,18.96
16568,4,7,6,34,2021-10-04,21.76
16569,8,7,6,27,2021-10-04,20.88
16570,10,7,2,17,2021-10-04,22.97
16571,12,7,2,22,2021-10-04,40.96
16572,14,7,4,16,2021-10-04,32.23
16573,16,7,2,17,2021-10-04,60.11
16574,20,7,6,35,2021-10-04,22.87
16575,22,7,2,37,2021-10-04,29.37
16576,24,7,5,25,2021-10-04,33.91
16577,26,7,3,20,2021-10-04,29.41
16578,28,7,6,31,2021-10-04,20.92
16579,30,7,1,41,2021-10-04,36.69
16580,32,7,4,27,2021-10-04,35.03
16581,34,7,4,12,2021-10-04,43.62
16582,38,7,5,19,2021-10-04,30.16
16583,2,8,6,26,2021-10-04,20.52
16584,4,8,6,31,2021-10-04,19.93
16585,6,8,1,23,2021-10-04,12.46
16586,8,8,2,31,2021-10-04,17.82
16587,10,8,6,21,2021-10-04,24.07
16588,12,8,2,27,2021-10-04,47.24
16589,14,8,4,20,2021-10-04,30.62
16590,16,8,4,23,2021-10-04,65.83
16591,18,8,2,30,2021-10-04,29.75
16592,20,8,2,23,2021-10-04,26.21
16593,22,8,2,29,2021-10-04,28.61
16594,24,8,5,12,2021-10-04,32.57
16595,26,8,3,25,2021-10-04,28.87
16596,28,8,1,20,2021-10-04,23.07
16597,30,8,6,27,2021-10-04,35.81
16598,32,8,2,28,2021-10-04,30.98
16599,36,8,3,38,2021-10-04,34.58
16600,38,8,3,19,2021-10-04,30.18
16601,40,8,3,27,2021-10-04,33.59
16602,42,8,6,32,2021-10-04,11.96
16603,6,9,6,29,2021-10-04,13.00
16604,12,9,4,20,2021-10-04,42.50
16605,14,9,2,16,2021-10-04,36.44
16606,18,9,2,26,2021-10-04,31.75
16607,22,9,6,25,2021-10-04,29.84
16608,24,9,5,28,2021-10-04,28.25
16609,30,9,6,29,2021-10-04,37.17
16610,32,9,2,15,2021-10-04,32.97
16611,38,9,5,32,2021-10-04,29.34
16612,40,9,3,17,2021-10-04,33.98
16613,42,9,4,18,2021-10-04,12.17
16614,2,10,6,31,2021-10-04,17.24
16615,4,10,1,34,2021-10-04,22.34
16616,14,10,4,16,2021-10-04,34.67
16617,18,10,6,23,2021-10-04,35.24
16618,20,10,6,27,2021-10-04,21.71
16619,22,10,2,32,2021-10-04,29.55
16620,24,10,5,22,2021-10-04,33.47
16621,34,10,4,18,2021-10-04,43.67
16622,36,10,3,28,2021-10-04,32.91
16623,42,10,6,36,2021-10-04,11.33
16624,2,11,1,32,2021-10-04,20.84
16625,4,11,1,32,2021-10-04,19.06
16626,6,11,6,21,2021-10-04,14.80
16627,12,11,2,25,2021-10-04,40.84
16628,14,11,2,19,2021-10-04,32.31
16629,20,11,2,34,2021-10-04,22.77
16630,22,11,6,21,2021-10-04,28.75
16631,28,11,1,32,2021-10-04,22.35
16632,32,11,2,30,2021-10-04,34.14
16633,38,11,3,19,2021-10-04,31.13
16634,2,12,1,16,2021-10-04,18.22
16635,4,12,6,32,2021-10-04,21.65
16636,10,12,6,25,2021-10-04,22.04
16637,12,12,4,15,2021-10-04,47.18
16638,14,12,2,9,2021-10-04,32.51
16639,16,12,2,16,2021-10-04,63.12
16640,22,12,2,22,2021-10-04,25.73
16641,24,12,5,21,2021-10-04,29.85
16642,30,12,6,31,2021-10-04,34.45
16643,36,12,3,16,2021-10-04,32.45
16644,38,12,3,17,2021-10-04,28.93
16645,40,12,5,19,2021-10-04,35.15
16646,42,12,4,25,2021-10-04,13.14
16647,1,1,6,34,2021-10-18,14.85
16648,3,1,6,31,2021-10-18,14.46
16649,7,1,2,27,2021-10-18,16.69
16650,9,1,2,43,2021-10-18,16.17
16651,11,1,2,57,2021-10-18,20.91
16652,13,1,4,27,2021-10-18,38.59
16653,17,1,4,32,2021-10-18,46.12
16654,23,1,3,56,2021-10-18,28.01
16655,27,1,1,38,2021-10-18,17.71
16656,29,1,1,36,2021-10-18,18.38
16657,31,1,1,34,2021-10-18,23.10
16658,33,1,2,43,2021-10-18,29.75
16659,35,1,3,33,2021-10-18,21.24
16660,37,1,3,35,2021-10-18,29.39
16661,39,1,3,28,2021-10-18,32.02
16662,41,1,4,69,2021-10-18,12.07
16663,43,1,4,46,2021-10-18,9.18
16664,1,2,6,26,2021-10-18,14.82
16665,3,2,1,44,2021-10-18,14.88
16666,5,2,1,32,2021-10-18,17.11
16667,7,2,2,29,2021-10-18,17.53
16668,9,2,2,50,2021-10-18,16.05
16669,11,2,2,39,2021-10-18,19.08
16670,15,2,2,30,2021-10-18,60.36
16671,17,2,4,25,2021-10-18,45.58
16672,19,2,2,38,2021-10-18,40.00
16673,21,2,6,24,2021-10-18,44.28
16674,23,2,3,29,2021-10-18,29.31
16675,25,2,3,32,2021-10-18,23.25
16676,27,2,6,56,2021-10-18,19.87
16677,29,2,6,36,2021-10-18,17.16
16678,31,2,6,35,2021-10-18,24.98
16679,33,2,4,33,2021-10-18,27.18
16680,35,2,3,31,2021-10-18,22.20
16681,37,2,3,24,2021-10-18,30.11
16682,39,2,5,29,2021-10-18,30.47
16683,41,2,6,58,2021-10-18,10.24
16684,43,2,6,40,2021-10-18,8.64
16685,1,3,6,35,2021-10-18,14.79
16686,3,3,6,28,2021-10-18,14.20
16687,5,3,1,37,2021-10-18,18.22
16688,9,3,2,31,2021-10-18,16.42
16689,11,3,2,32,2021-10-18,18.94
16690,13,3,2,20,2021-10-18,37.74
16691,17,3,4,26,2021-10-18,42.54
16692,19,3,2,32,2021-10-18,38.31
16693,23,3,3,40,2021-10-18,30.14
16694,27,3,6,21,2021-10-18,18.45
16695,33,3,2,23,2021-10-18,28.34
16696,35,3,3,29,2021-10-18,21.73
16697,37,3,3,28,2021-10-18,29.36
16698,39,3,5,25,2021-10-18,33.51
16699,41,3,4,27,2021-10-18,10.05
16700,43,3,6,50,2021-10-18,9.32
16701,1,4,1,50,2021-10-18,15.78
16702,3,4,6,40,2021-10-18,14.81
16703,5,4,6,23,2021-10-18,18.09
16704,11,4,2,27,2021-10-18,20.63
16705,13,4,2,27,2021-10-18,35.47
16706,15,4,4,18,2021-10-18,60.41
16707,17,4,4,23,2021-10-18,42.59
16708,23,4,5,35,2021-10-18,29.78
16709,25,4,3,27,2021-10-18,24.05
16710,27,4,1,28,2021-10-18,19.68
16711,29,4,6,38,2021-10-18,15.84
16712,33,4,2,28,2021-10-18,31.17
16713,35,4,3,30,2021-10-18,19.12
16714,37,4,3,28,2021-10-18,30.00
16715,41,4,6,48,2021-10-18,10.84
16716,43,4,6,43,2021-10-18,9.09
16717,3,5,1,27,2021-10-18,15.38
16718,9,5,2,27,2021-10-18,14.23
16719,15,5,4,19,2021-10-18,52.11
16720,17,5,2,17,2021-10-18,40.34
16721,25,5,3,17,2021-10-18,22.74
16722,27,5,6,24,2021-10-18,20.43
16723,33,5,2,16,2021-10-18,31.09
16724,35,5,3,31,2021-10-18,19.13
16725,39,5,3,24,2021-10-18,29.26
16726,43,5,4,20,2021-10-18,8.46
16727,1,6,6,34,2021-10-18,16.15
16728,3,6,6,26,2021-10-18,13.83
16729,5,6,1,38,2021-10-18,17.70
16730,7,6,6,31,2021-10-18,14.53
16731,11,6,6,46,2021-10-18,20.82
16732,13,6,2,28,2021-10-18,35.57
16733,15,6,4,23,2021-10-18,53.20
16734,19,6,2,29,2021-10-18,37.64
16735,21,6,2,33,2021-10-18,43.69
16736,25,6,5,28,2021-10-18,23.32
16737,27,6,1,25,2021-10-18,20.66
16738,29,6,1,44,2021-10-18,15.70
16739,31,6,1,21,2021-10-18,24.26
16740,35,6,3,37,2021-10-18,22.52
16741,37,6,3,25,2021-10-18,26.11
16742,39,6,5,21,2021-10-18,33.95
16743,41,6,6,28,2021-10-18,10.14
16744,43,6,6,49,2021-10-18,9.64
16745,1,7,1,35,2021-10-18,17.05
16746,5,7,6,31,2021-10-18,18.40
16747,7,7,6,20,2021-10-18,16.17
16748,9,7,6,38,2021-10-18,15.65
16749,11,7,6,44,2021-10-18,21.43
16750,13,7,4,12,2021-10-18,37.47
16751,17,7,4,26,2021-10-18,43.07
16752,19,7,2,32,2021-10-18,41.02
16753,21,7,2,24,2021-10-18,49.81
16754,23,7,5,24,2021-10-18,29.10
16755,25,7,5,24,2021-10-18,25.01
16756,27,7,6,40,2021-10-18,17.66
16757,29,7,6,24,2021-10-18,18.59
16758,31,7,6,27,2021-10-18,23.80
16759,35,7,3,27,2021-10-18,20.90
16760,39,7,5,21,2021-10-18,29.73
16761,41,7,6,40,2021-10-18,10.11
16762,43,7,6,59,2021-10-18,9.49
16763,1,8,1,32,2021-10-18,15.91
16764,3,8,1,33,2021-10-18,13.85
16765,9,8,6,45,2021-10-18,16.44
16766,11,8,2,37,2021-10-18,21.82
16767,13,8,4,17,2021-10-18,33.80
16768,15,8,2,23,2021-10-18,56.69
16769,21,8,6,25,2021-10-18,46.76
16770,23,8,3,30,2021-10-18,30.22
16771,27,8,1,42,2021-10-18,20.46
16772,29,8,6,38,2021-10-18,17.15
16773,33,8,4,26,2021-10-18,30.61
16774,35,8,3,37,2021-10-18,23.01
16775,37,8,3,25,2021-10-18,25.75
16776,41,8,4,26,2021-10-18,11.43
16777,43,8,4,47,2021-10-18,9.73
16778,5,9,1,27,2021-10-18,17.12
16779,7,9,6,29,2021-10-18,17.07
16780,17,9,4,14,2021-10-18,40.99
16781,27,9,1,18,2021-10-18,17.59
16782,29,9,6,20,2021-10-18,16.51
16783,31,9,6,27,2021-10-18,23.24
16784,35,9,3,23,2021-10-18,20.61
16785,37,9,3,19,2021-10-18,26.11
16786,39,9,5,30,2021-10-18,31.67
16787,41,9,4,35,2021-10-18,10.86
16788,43,9,4,37,2021-10-18,9.51
16789,3,10,6,29,2021-10-18,15.29
16790,5,10,1,25,2021-10-18,17.64
16791,7,10,2,42,2021-10-18,14.74
16792,9,10,2,42,2021-10-18,14.75
16793,11,10,2,33,2021-10-18,20.90
16794,13,10,2,17,2021-10-18,37.06
16795,15,10,4,32,2021-10-18,50.47
16796,19,10,2,26,2021-10-18,38.88
16797,23,10,5,27,2021-10-18,28.58
16798,25,10,5,33,2021-10-18,22.04
16799,27,10,6,35,2021-10-18,18.06
16800,29,10,1,19,2021-10-18,18.38
16801,33,10,2,34,2021-10-18,27.62
16802,35,10,3,27,2021-10-18,23.07
16803,37,10,3,24,2021-10-18,25.71
16804,39,10,5,26,2021-10-18,31.63
16805,41,10,4,32,2021-10-18,10.33
16806,43,10,4,33,2021-10-18,9.85
16807,1,11,1,23,2021-10-18,15.23
16808,3,11,6,21,2021-10-18,14.49
16809,7,11,6,32,2021-10-18,15.04
16810,9,11,2,23,2021-10-18,15.49
16811,11,11,2,36,2021-10-18,19.38
16812,21,11,2,29,2021-10-18,45.66
16813,27,11,1,28,2021-10-18,18.47
16814,29,11,6,34,2021-10-18,17.65
16815,33,11,2,27,2021-10-18,30.47
16816,35,11,3,28,2021-10-18,22.94
16817,41,11,6,42,2021-10-18,11.64
16818,43,11,6,34,2021-10-18,9.29
16819,1,12,1,29,2021-10-18,16.40
16820,3,12,6,28,2021-10-18,15.44
16821,9,12,6,11,2021-10-18,14.76
16822,13,12,2,16,2021-10-18,34.15
16823,15,12,4,18,2021-10-18,53.11
16824,17,12,2,12,2021-10-18,45.10
16825,19,12,2,13,2021-10-18,42.86
16826,23,12,5,35,2021-10-18,26.80
16827,27,12,1,26,2021-10-18,19.58
16828,31,12,1,24,2021-10-18,24.30
16829,35,12,3,26,2021-10-18,21.55
16830,37,12,3,26,2021-10-18,26.26
16831,41,12,6,25,2021-10-18,11.68
16832,2,1,1,40,2021-11-03,19.08
16833,4,1,6,34,2021-11-03,19.55
16834,6,1,1,35,2021-11-03,12.99
16835,8,1,2,72,2021-11-03,20.34
16836,10,1,2,30,2021-11-03,24.12
16837,12,1,4,35,2021-11-03,41.30
16838,14,1,4,26,2021-11-03,31.06
16839,16,1,2,31,2021-11-03,55.94
16840,18,1,2,35,2021-11-03,30.14
16841,20,1,6,61,2021-11-03,22.84
16842,22,1,2,33,2021-11-03,28.48
16843,24,1,5,50,2021-11-03,33.16
16844,26,1,5,34,2021-11-03,26.39
16845,28,1,1,40,2021-11-03,24.01
16846,30,1,1,53,2021-11-03,32.41
16847,32,1,4,50,2021-11-03,32.27
16848,34,1,4,33,2021-11-03,41.47
16849,36,1,3,36,2021-11-03,35.55
16850,40,1,3,28,2021-11-03,37.98
16851,42,1,6,42,2021-11-03,12.81
16852,2,2,6,28,2021-11-03,19.53
16853,4,2,1,64,2021-11-03,22.83
16854,6,2,6,46,2021-11-03,13.30
16855,8,2,2,48,2021-11-03,17.92
16856,10,2,6,41,2021-11-03,21.86
16857,12,2,2,48,2021-11-03,40.60
16858,14,2,2,24,2021-11-03,35.49
16859,16,2,4,53,2021-11-03,55.52
16860,18,2,2,34,2021-11-03,35.23
16861,20,2,2,40,2021-11-03,25.37
16862,22,2,6,39,2021-11-03,25.98
16863,24,2,3,30,2021-11-03,29.21
16864,26,2,5,45,2021-11-03,28.06
16865,28,2,6,40,2021-11-03,24.63
16866,30,2,1,43,2021-11-03,38.95
16867,32,2,4,43,2021-11-03,35.38
16868,34,2,4,26,2021-11-03,44.54
16869,36,2,3,45,2021-11-03,35.22
16870,38,2,5,26,2021-11-03,26.92
16871,40,2,5,40,2021-11-03,36.86
16872,42,2,6,59,2021-11-03,11.43
16873,4,3,1,41,2021-11-03,20.93
16874,6,3,1,32,2021-11-03,14.33
16875,8,3,6,35,2021-11-03,17.50
16876,12,3,2,37,2021-11-03,45.02
16877,14,3,4,24,2021-11-03,37.30
16878,18,3,6,38,2021-11-03,34.10
16879,20,3,2,34,2021-11-03,21.82
16880,26,3,5,41,2021-11-03,29.17
16881,28,3,1,30,2021-11-03,24.27
16882,32,3,4,32,2021-11-03,34.66
16883,34,3,4,31,2021-11-03,40.92
16884,36,3,3,30,2021-11-03,30.75
16885,38,3,3,23,2021-11-03,26.71
16886,40,3,3,33,2021-11-03,34.24
16887,42,3,4,22,2021-11-03,11.63
16888,2,4,6,35,2021-11-03,19.21
16889,4,4,6,39,2021-11-03,20.00
16890,6,4,1,42,2021-11-03,14.84
16891,8,4,6,44,2021-11-03,19.93
16892,10,4,6,34,2021-11-03,24.35
16893,14,4,2,30,2021-11-03,31.48
16894,16,4,2,31,2021-11-03,60.55
16895,18,4,2,35,2021-11-03,35.45
16896,20,4,6,30,2021-11-03,21.84
16897,24,4,5,40,2021-11-03,31.64
16898,26,4,5,24,2021-11-03,29.01
16899,28,4,6,22,2021-11-03,24.16
16900,30,4,6,32,2021-11-03,39.07
16901,32,4,4,25,2021-11-03,35.28
16902,34,4,4,26,2021-11-03,39.15
16903,36,4,3,32,2021-11-03,34.93
16904,40,4,5,38,2021-11-03,34.29
16905,2,5,1,20,2021-11-03,17.20
16906,4,5,1,25,2021-11-03,19.61
16907,6,5,1,33,2021-11-03,13.50
16908,8,5,6,28,2021-11-03,17.91
16909,10,5,6,32,2021-11-03,21.56
16910,16,5,2,21,2021-11-03,63.34
16911,20,5,6,24,2021-11-03,22.27
16912,26,5,5,32,2021-11-03,27.25
16913,28,5,6,34,2021-11-03,23.92
16914,34,5,4,28,2021-11-03,40.92
16915,38,5,5,20,2021-11-03,30.06
16916,40,5,5,25,2021-11-03,35.00
16917,42,5,4,29,2021-11-03,12.28
16918,2,6,6,25,2021-11-03,20.89
16919,4,6,1,48,2021-11-03,22.71
16920,6,6,1,36,2021-11-03,13.80
16921,8,6,6,37,2021-11-03,17.87
16922,10,6,2,30,2021-11-03,22.23
16923,12,6,4,38,2021-11-03,45.11
16924,16,6,4,44,2021-11-03,62.90
16925,18,6,6,32,2021-11-03,35.58
16926,20,6,6,32,2021-11-03,24.20
16927,22,6,2,34,2021-11-03,28.23
16928,26,6,5,39,2021-11-03,30.83
16929,30,6,1,24,2021-11-03,34.24
16930,32,6,4,34,2021-11-03,33.24
16931,34,6,4,36,2021-11-03,39.91
16932,36,6,3,24,2021-11-03,31.09
16933,42,6,6,35,2021-11-03,13.36
16934,4,7,1,33,2021-11-03,19.91
16935,6,7,1,38,2021-11-03,13.14
16936,8,7,6,25,2021-11-03,17.76
16937,10,7,2,29,2021-11-03,20.29
16938,16,7,2,27,2021-11-03,57.41
16939,18,7,2,30,2021-11-03,35.55
16940,20,7,2,25,2021-11-03,24.97
16941,22,7,6,34,2021-11-03,28.88
16942,28,7,6,21,2021-11-03,23.55
16943,30,7,1,25,2021-11-03,33.17
16944,32,7,2,38,2021-11-03,32.49
16945,36,7,3,19,2021-11-03,33.48
16946,38,7,3,24,2021-11-03,29.91
16947,40,7,5,30,2021-11-03,34.48
16948,42,7,4,43,2021-11-03,12.70
16949,2,8,6,28,2021-11-03,20.68
16950,4,8,1,37,2021-11-03,19.70
16951,6,8,6,32,2021-11-03,14.42
16952,8,8,2,28,2021-11-03,20.42
16953,10,8,2,24,2021-11-03,22.49
16954,20,8,6,25,2021-11-03,21.70
16955,22,8,2,41,2021-11-03,26.16
16956,24,8,3,22,2021-11-03,30.37
16957,28,8,6,25,2021-11-03,20.94
16958,32,8,4,29,2021-11-03,32.40
16959,34,8,2,29,2021-11-03,40.71
16960,38,8,3,27,2021-11-03,29.39
16961,40,8,5,37,2021-11-03,35.43
16962,42,8,4,19,2021-11-03,11.85
16963,2,9,1,36,2021-11-03,20.50
16964,4,9,6,41,2021-11-03,21.86
16965,6,9,6,26,2021-11-03,12.79
16966,8,9,2,39,2021-11-03,17.57
16967,10,9,6,25,2021-11-03,24.07
16968,16,9,2,32,2021-11-03,58.94
16969,18,9,2,20,2021-11-03,30.65
16970,20,9,2,42,2021-11-03,25.86
16971,22,9,6,28,2021-11-03,25.60
16972,26,9,3,41,2021-11-03,28.87
16973,28,9,6,26,2021-11-03,21.72
16974,34,9,4,19,2021-11-03,40.01
16975,36,9,3,15,2021-11-03,33.00
16976,2,10,1,35,2021-11-03,18.76
16977,4,10,1,31,2021-11-03,22.19
16978,6,10,1,48,2021-11-03,12.96
16979,8,10,6,35,2021-11-03,18.51
16980,10,10,2,43,2021-11-03,23.37
16981,12,10,2,33,2021-11-03,44.37
16982,16,10,4,14,2021-11-03,62.43
16983,20,10,2,32,2021-11-03,24.93
16984,22,10,6,27,2021-11-03,29.98
16985,26,10,5,32,2021-11-03,30.85
16986,28,10,6,17,2021-11-03,21.80
16987,30,10,1,19,2021-11-03,39.23
16988,32,10,2,35,2021-11-03,37.29
16989,34,10,4,20,2021-11-03,38.44
16990,36,10,3,31,2021-11-03,33.97
16991,38,10,3,23,2021-11-03,28.48
16992,40,10,5,48,2021-11-03,33.25
16993,4,11,6,23,2021-11-03,19.33
16994,6,11,6,31,2021-11-03,13.23
16995,8,11,2,51,2021-11-03,18.48
16996,10,11,6,22,2021-11-03,20.40
16997,16,11,4,30,2021-11-03,54.43
16998,18,11,6,27,2021-11-03,29.67
16999,22,11,2,24,2021-11-03,25.89
17000,24,11,5,32,2021-11-03,31.96
17001,26,11,5,25,2021-11-03,26.60
17002,28,11,6,26,2021-11-03,24.73
17003,30,11,1,31,2021-11-03,35.47
17004,32,11,4,40,2021-11-03,32.90
17005,34,11,2,23,2021-11-03,40.43
17006,36,11,3,48,2021-11-03,31.19
17007,40,11,3,33,2021-11-03,34.03
17008,42,11,4,34,2021-11-03,11.85
17009,4,12,1,30,2021-11-03,21.69
17010,6,12,6,44,2021-11-03,14.57
17011,8,12,2,25,2021-11-03,17.48
17012,18,12,2,34,2021-11-03,30.03
17013,20,12,6,25,2021-11-03,24.03
17014,26,12,3,19,2021-11-03,29.99
17015,28,12,6,47,2021-11-03,23.40
17016,30,12,6,30,2021-11-03,33.19
17017,32,12,4,19,2021-11-03,37.26
17018,34,12,2,17,2021-11-03,39.20
17019,1,1,6,55,2021-11-17,14.56
17020,3,1,6,53,2021-11-17,15.34
17021,5,1,6,64,2021-11-17,19.17
17022,7,1,6,57,2021-11-17,16.37
17023,9,1,2,45,2021-11-17,13.84
17024,11,1,2,64,2021-11-17,19.51
17025,13,1,4,31,2021-11-17,40.52
17026,15,1,4,48,2021-11-17,54.02
17027,17,1,2,39,2021-11-17,39.39
17028,19,1,6,41,2021-11-17,37.61
17029,21,1,6,46,2021-11-17,51.37
17030,23,1,5,48,2021-11-17,27.41
17031,25,1,3,43,2021-11-17,24.94
17032,27,1,1,78,2021-11-17,18.91
17033,29,1,1,60,2021-11-17,16.86
17034,31,1,6,42,2021-11-17,21.74
17035,33,1,2,29,2021-11-17,31.03
17036,35,1,3,40,2021-11-17,21.06
17037,37,1,3,42,2021-11-17,27.24
17038,39,1,5,29,2021-11-17,30.84
17039,41,1,4,79,2021-11-17,10.43
17040,43,1,4,66,2021-11-17,8.16
17041,1,2,6,37,2021-11-17,16.91
17042,3,2,6,43,2021-11-17,13.91
17043,5,2,1,46,2021-11-17,18.70
17044,7,2,6,64,2021-11-17,15.68
17045,9,2,2,63,2021-11-17,14.59
17046,11,2,2,26,2021-11-17,20.65
17047,13,2,4,39,2021-11-17,37.21
17048,15,2,2,40,2021-11-17,57.91
17049,17,2,2,22,2021-11-17,44.78
17050,19,2,6,28,2021-11-17,42.38
17051,21,2,2,45,2021-11-17,44.35
17052,23,2,3,42,2021-11-17,28.85
17053,25,2,3,41,2021-11-17,24.71
17054,27,2,6,75,2021-11-17,19.87
17055,29,2,1,53,2021-11-17,15.42
17056,31,2,1,42,2021-11-17,25.74
17057,33,2,2,32,2021-11-17,29.37
17058,35,2,3,33,2021-11-17,19.24
17059,37,2,3,30,2021-11-17,28.78
17060,39,2,5,41,2021-11-17,34.03
17061,41,2,6,59,2021-11-17,10.96
17062,43,2,6,57,2021-11-17,9.43
17063,1,3,1,40,2021-11-17,17.12
17064,3,3,6,41,2021-11-17,14.57
17065,5,3,6,33,2021-11-17,15.76
17066,7,3,2,27,2021-11-17,17.31
17067,9,3,2,43,2021-11-17,14.78
17068,11,3,6,29,2021-11-17,18.85
17069,15,3,4,52,2021-11-17,54.04
17070,17,3,2,24,2021-11-17,43.15
17071,21,3,6,36,2021-11-17,50.72
17072,23,3,3,34,2021-11-17,30.17
17073,25,3,5,32,2021-11-17,23.62
17074,27,3,1,27,2021-11-17,17.92
17075,29,3,6,48,2021-11-17,16.32
17076,31,3,1,34,2021-11-17,21.73
17077,33,3,4,29,2021-11-17,28.27
17078,35,3,3,38,2021-11-17,21.22
17079,37,3,3,27,2021-11-17,27.04
17080,41,3,6,30,2021-11-17,11.49
17081,43,3,6,48,2021-11-17,9.42
17082,1,4,6,37,2021-11-17,15.32
17083,3,4,1,29,2021-11-17,13.27
17084,5,4,1,24,2021-11-17,19.15
17085,7,4,2,39,2021-11-17,16.01
17086,9,4,6,37,2021-11-17,16.31
17087,11,4,6,38,2021-11-17,21.29
17088,15,4,2,26,2021-11-17,55.74
17089,19,4,2,25,2021-11-17,35.37
17090,21,4,6,30,2021-11-17,50.66
17091,23,4,3,27,2021-11-17,27.12
17092,27,4,6,54,2021-11-17,19.70
17093,29,4,6,47,2021-11-17,17.68
17094,31,4,1,48,2021-11-17,22.83
17095,39,4,5,36,2021-11-17,30.98
17096,41,4,4,26,2021-11-17,9.95
17097,43,4,6,28,2021-11-17,9.72
17098,1,5,1,41,2021-11-17,14.40
17099,5,5,6,25,2021-11-17,18.54
17100,7,5,6,28,2021-11-17,17.29
17101,9,5,6,24,2021-11-17,14.39
17102,11,5,2,34,2021-11-17,18.84
17103,13,5,4,19,2021-11-17,37.84
17104,19,5,6,18,2021-11-17,41.80
17105,21,5,6,29,2021-11-17,51.45
17106,23,5,3,29,2021-11-17,25.26
17107,27,5,6,44,2021-11-17,20.67
17108,29,5,1,45,2021-11-17,17.40
17109,31,5,1,26,2021-11-17,22.36
17110,33,5,2,27,2021-11-17,29.49
17111,35,5,3,19,2021-11-17,20.58
17112,37,5,3,32,2021-11-17,27.99
17113,41,5,6,40,2021-11-17,11.61
17114,43,5,6,51,2021-11-17,9.56
17115,1,6,1,36,2021-11-17,14.56
17116,3,6,1,42,2021-11-17,15.94
17117,5,6,6,34,2021-11-17,18.38
17118,7,6,2,27,2021-11-17,17.17
17119,9,6,6,38,2021-11-17,16.37
17120,11,6,2,26,2021-11-17,20.42
17121,13,6,4,28,2021-11-17,36.41
17122,15,6,4,34,2021-11-17,59.44
17123,17,6,4,34,2021-11-17,42.73
17124,23,6,3,55,2021-11-17,27.27
17125,25,6,5,33,2021-11-17,24.20
17126,27,6,6,49,2021-11-17,20.06
17127,31,6,1,25,2021-11-17,25.54
17128,33,6,4,55,2021-11-17,30.27
17129,37,6,3,27,2021-11-17,25.39
17130,39,6,5,27,2021-11-17,28.95
17131,41,6,6,54,2021-11-17,9.93
17132,43,6,6,49,2021-11-17,8.76
17133,1,7,6,25,2021-11-17,14.90
17134,3,7,1,39,2021-11-17,15.94
17135,5,7,1,23,2021-11-17,17.92
17136,7,7,2,44,2021-11-17,16.17
17137,9,7,6,36,2021-11-17,15.38
17138,11,7,6,41,2021-11-17,20.78
17139,15,7,4,27,2021-11-17,57.74
17140,21,7,2,19,2021-11-17,45.16
17141,23,7,3,29,2021-11-17,27.31
17142,27,7,1,37,2021-11-17,17.63
17143,29,7,1,29,2021-11-17,16.69
17144,31,7,6,29,2021-11-17,23.48
17145,33,7,4,42,2021-11-17,27.78
17146,35,7,3,29,2021-11-17,21.22
17147,37,7,3,27,2021-11-17,26.68
17148,39,7,3,27,2021-11-17,28.65
17149,41,7,4,38,2021-11-17,11.33
17150,43,7,4,32,2021-11-17,9.34
17151,1,8,1,42,2021-11-17,15.07
17152,5,8,1,50,2021-11-17,19.25
17153,7,8,2,36,2021-11-17,16.21
17154,9,8,6,39,2021-11-17,13.81
17155,11,8,2,37,2021-11-17,21.88
17156,13,8,2,24,2021-11-17,40.11
17157,15,8,4,26,2021-11-17,55.82
17158,17,8,4,36,2021-11-17,45.57
17159,19,8,6,41,2021-11-17,35.76
17160,23,8,5,43,2021-11-17,25.16
17161,25,8,3,50,2021-11-17,21.85
17162,27,8,6,47,2021-11-17,19.22
17163,29,8,6,40,2021-11-17,15.88
17164,31,8,1,28,2021-11-17,23.21
17165,33,8,2,28,2021-11-17,27.22
17166,35,8,3,32,2021-11-17,22.21
17167,37,8,3,27,2021-11-17,27.83
17168,39,8,5,28,2021-11-17,33.68
17169,41,8,6,42,2021-11-17,10.30
17170,43,8,6,50,2021-11-17,9.19
17171,1,9,6,30,2021-11-17,16.86
17172,3,9,6,40,2021-11-17,15.89
17173,9,9,2,51,2021-11-17,15.05
17174,11,9,6,38,2021-11-17,20.60
17175,13,9,2,30,2021-11-17,41.03
17176,15,9,4,24,2021-11-17,59.92
17177,19,9,6,28,2021-11-17,36.08
17178,21,9,6,29,2021-11-17,45.22
17179,23,9,3,31,2021-11-17,25.32
17180,25,9,5,30,2021-11-17,24.32
17181,27,9,6,32,2021-11-17,19.41
17182,29,9,6,23,2021-11-17,15.35
17183,33,9,4,36,2021-11-17,27.86
17184,35,9,3,26,2021-11-17,20.46
17185,41,9,4,46,2021-11-17,10.39
17186,43,9,4,29,2021-11-17,8.44
17187,1,10,1,55,2021-11-17,15.38
17188,3,10,1,40,2021-11-17,13.46
17189,5,10,6,35,2021-11-17,16.13
17190,7,10,6,35,2021-11-17,17.08
17191,9,10,2,27,2021-11-17,13.78
17192,11,10,6,31,2021-11-17,18.42
17193,13,10,4,29,2021-11-17,36.24
17194,15,10,4,26,2021-11-17,57.31
17195,17,10,4,30,2021-11-17,46.12
17196,21,10,6,35,2021-11-17,48.79
17197,23,10,5,47,2021-11-17,26.41
17198,25,10,5,35,2021-11-17,24.56
17199,27,10,1,38,2021-11-17,20.33
17200,29,10,6,53,2021-11-17,16.91
17201,31,10,6,45,2021-11-17,21.87
17202,33,10,4,36,2021-11-17,29.54
17203,37,10,3,24,2021-11-17,25.31
17204,41,10,6,39,2021-11-17,10.03
17205,43,10,6,42,2021-11-17,8.53
17206,3,11,6,28,2021-11-17,15.85
17207,5,11,1,32,2021-11-17,18.15
17208,7,11,6,26,2021-11-17,16.88
17209,9,11,6,37,2021-11-17,14.02
17210,11,11,6,28,2021-11-17,21.91
17211,13,11,4,27,2021-11-17,36.36
17212,15,11,4,30,2021-11-17,52.44
17213,17,11,2,41,2021-11-17,39.27
17214,19,11,2,33,2021-11-17,41.95
17215,23,11,3,34,2021-11-17,30.08
17216,25,11,5,25,2021-11-17,26.37
17217,27,11,1,25,2021-11-17,18.42
17218,29,11,1,37,2021-11-17,18.30
17219,31,11,6,26,2021-11-17,22.77
17220,33,11,2,30,2021-11-17,30.69
17221,35,11,3,29,2021-11-17,21.84
17222,37,11,3,41,2021-11-17,28.92
17223,39,11,5,40,2021-11-17,32.34
17224,41,11,4,46,2021-11-17,10.42
17225,43,11,6,48,2021-11-17,9.21
17226,1,12,6,29,2021-11-17,15.37
17227,5,12,1,29,2021-11-17,18.74
17228,7,12,2,23,2021-11-17,15.42
17229,9,12,2,39,2021-11-17,15.31
17230,11,12,2,29,2021-11-17,19.11
17231,13,12,2,21,2021-11-17,37.66
17232,15,12,2,22,2021-11-17,56.57
17233,21,12,6,32,2021-11-17,46.33
17234,23,12,5,33,2021-11-17,25.44
17235,25,12,5,30,2021-11-17,24.62
17236,27,12,6,30,2021-11-17,17.21
17237,29,12,1,41,2021-11-17,17.23
17238,31,12,1,31,2021-11-17,25.26
17239,33,12,4,39,2021-11-17,27.55
17240,39,12,3,23,2021-11-17,30.66
17241,43,12,6,38,2021-11-17,9.00
17242,2,1,1,30,2021-12-03,18.38
17243,4,1,1,50,2021-12-03,22.43
17244,6,1,6,41,2021-12-03,13.25
17245,8,1,6,34,2021-12-03,17.70
17246,10,1,2,46,2021-12-03,20.29
17247,14,1,2,35,2021-12-03,36.13
17248,16,1,4,37,2021-12-03,64.98
17249,18,1,6,39,2021-12-03,34.91
17250,20,1,2,69,2021-12-03,24.80
17251,22,1,2,51,2021-12-03,25.58
17252,24,1,3,29,2021-12-03,29.50
17253,26,1,3,37,2021-12-03,27.50
17254,28,1,6,48,2021-12-03,24.02
17255,30,1,1,30,2021-12-03,34.36
17256,32,1,4,36,2021-12-03,33.36
17257,34,1,2,32,2021-12-03,43.89
17258,36,1,3,48,2021-12-03,34.42
17259,38,1,3,58,2021-12-03,30.12
17260,40,1,5,42,2021-12-03,35.72
17261,42,1,6,43,2021-12-03,13.69
17262,2,2,1,35,2021-12-03,18.92
17263,4,2,1,61,2021-12-03,22.17
17264,6,2,1,49,2021-12-03,13.36
17265,8,2,2,54,2021-12-03,20.14
17266,10,2,6,57,2021-12-03,22.33
17267,12,2,4,33,2021-12-03,46.56
17268,14,2,2,19,2021-12-03,34.17
17269,16,2,4,41,2021-12-03,54.92
17270,18,2,2,38,2021-12-03,32.40
17271,20,2,2,54,2021-12-03,22.07
17272,22,2,6,42,2021-12-03,29.10
17273,24,2,5,38,2021-12-03,30.25
17274,26,2,3,69,2021-12-03,27.73
17275,28,2,6,36,2021-12-03,23.61
17276,30,2,1,42,2021-12-03,35.88
17277,32,2,2,46,2021-12-03,35.46
17278,34,2,4,45,2021-12-03,45.92
17279,36,2,3,52,2021-12-03,33.04
17280,38,2,5,40,2021-12-03,27.42
17281,40,2,3,53,2021-12-03,37.34
17282,42,2,4,46,2021-12-03,11.49
17283,2,3,6,28,2021-12-03,20.03
17284,4,3,1,30,2021-12-03,19.13
17285,6,3,1,26,2021-12-03,14.44
17286,8,3,2,49,2021-12-03,20.67
17287,10,3,2,38,2021-12-03,21.39
17288,12,3,2,30,2021-12-03,44.97
17289,16,3,4,30,2021-12-03,54.27
17290,18,3,2,32,2021-12-03,29.57
17291,20,3,2,45,2021-12-03,22.59
17292,22,3,2,42,2021-12-03,29.95
17293,24,3,5,49,2021-12-03,31.46
17294,26,3,3,33,2021-12-03,27.60
17295,28,3,6,30,2021-12-03,24.57
17296,30,3,1,30,2021-12-03,38.74
17297,32,3,4,27,2021-12-03,33.05
17298,34,3,4,34,2021-12-03,46.22
17299,36,3,3,35,2021-12-03,33.23
17300,38,3,3,35,2021-12-03,31.29
17301,40,3,3,24,2021-12-03,38.46
17302,42,3,4,48,2021-12-03,12.43
17303,2,4,1,28,2021-12-03,18.97
17304,4,4,6,22,2021-12-03,20.01
17305,6,4,1,39,2021-12-03,14.24
17306,10,4,2,25,2021-12-03,24.01
17307,12,4,2,36,2021-12-03,47.58
17308,20,4,6,20,2021-12-03,21.89
17309,22,4,6,48,2021-12-03,27.89
17310,28,4,6,32,2021-12-03,24.17
17311,30,4,1,31,2021-12-03,39.58
17312,32,4,2,26,2021-12-03,33.57
17313,34,4,4,30,2021-12-03,41.50
17314,36,4,3,44,2021-12-03,32.08
17315,38,4,3,41,2021-12-03,30.78
17316,40,4,3,25,2021-12-03,39.37
17317,42,4,4,41,2021-12-03,12.10
17318,6,5,6,31,2021-12-03,12.31
17319,8,5,2,35,2021-12-03,18.47
17320,12,5,2,25,2021-12-03,41.62
17321,14,5,2,22,2021-12-03,34.94
17322,18,5,6,24,2021-12-03,32.64
17323,22,5,2,26,2021-12-03,28.74
17324,24,5,3,19,2021-12-03,33.87
17325,28,5,6,30,2021-12-03,22.42
17326,30,5,6,31,2021-12-03,34.70
17327,32,5,2,43,2021-12-03,31.54
17328,36,5,3,33,2021-12-03,31.48
17329,40,5,5,31,2021-12-03,36.53
17330,42,5,6,27,2021-12-03,13.52
17331,2,6,1,35,2021-12-03,18.75
17332,4,6,1,37,2021-12-03,19.23
17333,6,6,6,32,2021-12-03,14.21
17334,8,6,6,30,2021-12-03,18.80
17335,10,6,6,39,2021-12-03,23.08
17336,14,6,4,33,2021-12-03,31.35
17337,16,6,2,27,2021-12-03,62.44
17338,18,6,2,27,2021-12-03,34.41
17339,20,6,2,33,2021-12-03,25.14
17340,22,6,2,39,2021-12-03,25.60
17341,24,6,5,31,2021-12-03,28.50
17342,26,6,3,28,2021-12-03,30.66
17343,28,6,6,45,2021-12-03,24.27
17344,30,6,1,28,2021-12-03,35.40
17345,32,6,2,33,2021-12-03,36.18
17346,34,6,2,32,2021-12-03,42.03
17347,38,6,5,30,2021-12-03,31.89
17348,40,6,5,38,2021-12-03,35.16
17349,42,6,4,25,2021-12-03,12.01
17350,2,7,6,38,2021-12-03,20.66
17351,4,7,6,32,2021-12-03,19.80
17352,6,7,1,34,2021-12-03,13.74
17353,8,7,2,31,2021-12-03,18.91
17354,10,7,2,25,2021-12-03,23.31
17355,12,7,2,31,2021-12-03,41.33
17356,14,7,2,34,2021-12-03,34.18
17357,20,7,6,33,2021-12-03,23.38
17358,22,7,6,38,2021-12-03,27.16
17359,24,7,3,35,2021-12-03,31.41
17360,26,7,5,34,2021-12-03,31.89
17361,28,7,6,26,2021-12-03,24.56
17362,32,7,4,24,2021-12-03,33.83
17363,34,7,4,41,2021-12-03,41.76
17364,40,7,3,24,2021-12-03,33.02
17365,42,7,4,29,2021-12-03,11.87
17366,4,8,6,39,2021-12-03,22.35
17367,6,8,6,39,2021-12-03,13.11
17368,8,8,2,37,2021-12-03,18.08
17369,10,8,2,32,2021-12-03,24.07
17370,12,8,4,40,2021-12-03,44.22
17371,14,8,2,35,2021-12-03,36.41
17372,16,8,2,24,2021-12-03,65.07
17373,18,8,2,38,2021-12-03,29.47
17374,20,8,6,24,2021-12-03,22.92
17375,24,8,5,34,2021-12-03,33.38
17376,26,8,5,45,2021-12-03,27.92
17377,28,8,6,33,2021-12-03,21.49
17378,30,8,6,47,2021-12-03,39.27
17379,32,8,4,30,2021-12-03,33.16
17380,36,8,3,37,2021-12-03,33.44
17381,38,8,5,26,2021-12-03,28.30
17382,40,8,5,25,2021-12-03,35.10
17383,42,8,6,27,2021-12-03,12.31
17384,2,9,6,22,2021-12-03,17.84
17385,4,9,6,26,2021-12-03,21.01
17386,8,9,6,19,2021-12-03,18.13
17387,10,9,2,24,2021-12-03,23.43
17388,12,9,4,19,2021-12-03,44.02
17389,14,9,2,33,2021-12-03,35.52
17390,20,9,6,24,2021-12-03,21.77
17391,24,9,5,35,2021-12-03,28.79
17392,28,9,1,23,2021-12-03,21.52
17393,30,9,6,20,2021-12-03,36.15
17394,32,9,2,29,2021-12-03,35.30
17395,38,9,5,35,2021-12-03,31.38
17396,40,9,5,35,2021-12-03,38.05
17397,42,9,6,40,2021-12-03,12.37
17398,2,10,6,33,2021-12-03,18.46
17399,4,10,6,48,2021-12-03,21.50
17400,6,10,1,25,2021-12-03,13.59
17401,8,10,2,32,2021-12-03,18.38
17402,10,10,6,34,2021-12-03,20.39
17403,14,10,2,29,2021-12-03,32.91
17404,16,10,2,20,2021-12-03,65.52
17405,18,10,2,34,2021-12-03,33.29
17406,20,10,6,32,2021-12-03,25.81
17407,22,10,6,29,2021-12-03,25.87
17408,24,10,3,48,2021-12-03,31.06
17409,26,10,5,30,2021-12-03,28.16
17410,28,10,6,34,2021-12-03,22.48
17411,30,10,1,39,2021-12-03,32.41
17412,32,10,4,24,2021-12-03,34.29
17413,42,10,4,42,2021-12-03,11.44
17414,2,11,1,21,2021-12-03,17.16
17415,4,11,6,41,2021-12-03,21.45
17416,6,11,1,26,2021-12-03,13.12
17417,8,11,2,40,2021-12-03,17.86
17418,12,11,4,28,2021-12-03,46.66
17419,14,11,4,44,2021-12-03,33.66
17420,18,11,2,29,2021-12-03,30.22
17421,20,11,2,39,2021-12-03,22.46
17422,22,11,2,20,2021-12-03,30.17
17423,26,11,3,22,2021-12-03,30.23
17424,28,11,6,39,2021-12-03,20.39
17425,32,11,4,23,2021-12-03,31.69
17426,38,11,5,28,2021-12-03,27.43
17427,40,11,5,30,2021-12-03,39.07
17428,42,11,4,27,2021-12-03,12.42
17429,2,12,1,27,2021-12-03,17.83
17430,6,12,1,21,2021-12-03,13.94
17431,10,12,2,35,2021-12-03,24.63
17432,12,12,2,20,2021-12-03,46.56
17433,14,12,2,30,2021-12-03,35.14
17434,16,12,2,35,2021-12-03,58.99
17435,22,12,2,24,2021-12-03,26.80
17436,24,12,3,21,2021-12-03,30.59
17437,26,12,3,23,2021-12-03,28.68
17438,28,12,1,22,2021-12-03,23.91
17439,32,12,2,20,2021-12-03,36.84
17440,36,12,3,38,2021-12-03,35.57
17441,38,12,5,18,2021-12-03,27.58
17442,40,12,5,22,2021-12-03,33.38
17443,42,12,6,35,2021-12-03,13.42
17444,1,1,1,59,2021-12-17,16.32
17445,3,1,6,46,2021-12-17,14.42
17446,5,1,1,44,2021-12-17,18.53
17447,7,1,2,44,2021-12-17,15.36
17448,9,1,2,56,2021-12-17,15.02
17449,11,1,2,47,2021-12-17,21.83
17450,13,1,4,27,2021-12-17,40.41
17451,15,1,4,48,2021-12-17,54.95
17452,17,1,4,33,2021-12-17,39.64
17453,19,1,2,40,2021-12-17,37.37
17454,21,1,6,27,2021-12-17,48.54
17455,23,1,5,54,2021-12-17,27.70
17456,25,1,5,44,2021-12-17,25.28
17457,27,1,1,61,2021-12-17,20.45
17458,29,1,1,61,2021-12-17,18.42
17459,31,1,6,54,2021-12-17,25.18
17460,33,1,4,38,2021-12-17,27.65
17461,35,1,3,25,2021-12-17,20.74
17462,37,1,3,35,2021-12-17,28.11
17463,39,1,5,38,2021-12-17,29.29
17464,41,1,6,66,2021-12-17,11.34
17465,43,1,4,73,2021-12-17,9.83
17466,1,2,6,66,2021-12-17,16.54
17467,3,2,1,59,2021-12-17,15.30
17468,5,2,1,58,2021-12-17,16.90
17469,7,2,6,42,2021-12-17,16.87
17470,9,2,2,50,2021-12-17,13.97
17471,11,2,6,66,2021-12-17,19.58
17472,13,2,4,41,2021-12-17,40.00
17473,15,2,4,43,2021-12-17,59.32
17474,17,2,4,40,2021-12-17,43.38
17475,19,2,2,37,2021-12-17,36.78
17476,21,2,6,39,2021-12-17,48.42
17477,23,2,3,75,2021-12-17,25.98
17478,25,2,5,34,2021-12-17,26.19
17479,27,2,1,73,2021-12-17,19.97
17480,29,2,6,59,2021-12-17,16.25
17481,31,2,1,54,2021-12-17,25.20
17482,33,2,4,55,2021-12-17,29.92
17483,35,2,3,42,2021-12-17,19.39
17484,37,2,3,37,2021-12-17,28.14
17485,39,2,3,42,2021-12-17,28.09
17486,41,2,6,90,2021-12-17,9.94
17487,43,2,6,83,2021-12-17,9.78
17488,1,3,6,46,2021-12-17,14.53
17489,3,3,6,26,2021-12-17,14.15
17490,5,3,1,32,2021-12-17,17.51
17491,7,3,6,33,2021-12-17,15.80
17492,9,3,6,47,2021-12-17,13.62
17493,11,3,6,26,2021-12-17,18.49
17494,13,3,2,28,2021-12-17,36.97
17495,15,3,2,33,2021-12-17,55.90
17496,19,3,2,35,2021-12-17,42.67
17497,21,3,2,27,2021-12-17,50.29
17498,23,3,5,34,2021-12-17,29.04
17499,25,3,3,29,2021-12-17,22.23
17500,27,3,6,41,2021-12-17,20.73
17501,29,3,1,47,2021-12-17,17.73
17502,33,3,4,26,2021-12-17,26.39
17503,35,3,3,29,2021-12-17,21.83
17504,37,3,3,19,2021-12-17,25.48
17505,39,3,5,37,2021-12-17,33.09
17506,41,3,6,48,2021-12-17,11.45
17507,43,3,4,50,2021-12-17,8.96
17508,1,4,6,37,2021-12-17,15.78
17509,3,4,1,37,2021-12-17,13.21
17510,9,4,6,45,2021-12-17,14.38
17511,11,4,6,43,2021-12-17,20.47
17512,13,4,2,33,2021-12-17,34.59
17513,17,4,2,38,2021-12-17,41.04
17514,21,4,2,28,2021-12-17,50.71
17515,23,4,5,34,2021-12-17,25.02
17516,25,4,3,37,2021-12-17,23.30
17517,27,4,6,48,2021-12-17,19.56
17518,29,4,6,30,2021-12-17,15.66
17519,31,4,6,30,2021-12-17,24.40
17520,33,4,2,28,2021-12-17,30.27
17521,35,4,3,34,2021-12-17,20.29
17522,37,4,3,33,2021-12-17,26.22
17523,41,4,4,46,2021-12-17,10.03
17524,43,4,6,41,2021-12-17,8.40
17525,3,5,1,39,2021-12-17,15.81
17526,5,5,1,22,2021-12-17,16.91
17527,9,5,2,24,2021-12-17,16.03
17528,11,5,2,32,2021-12-17,19.72
17529,15,5,4,26,2021-12-17,56.53
17530,17,5,2,19,2021-12-17,44.55
17531,21,5,6,29,2021-12-17,48.01
17532,25,5,3,28,2021-12-17,23.30
17533,27,5,6,46,2021-12-17,17.62
17534,29,5,6,33,2021-12-17,18.06
17535,31,5,1,31,2021-12-17,24.05
17536,35,5,3,28,2021-12-17,19.35
17537,37,5,3,24,2021-12-17,26.23
17538,39,5,5,26,2021-12-17,29.46
17539,41,5,4,30,2021-12-17,10.21
17540,43,5,4,33,2021-12-17,8.54
17541,1,6,6,27,2021-12-17,16.36
17542,3,6,1,26,2021-12-17,15.78
17543,5,6,6,34,2021-12-17,18.79
17544,9,6,2,28,2021-12-17,14.86
17545,11,6,6,44,2021-12-17,21.25
17546,13,6,4,33,2021-12-17,34.61
17547,19,6,2,35,2021-12-17,39.73
17548,21,6,2,34,2021-12-17,50.08
17549,23,6,5,40,2021-12-17,25.27
17550,27,6,6,48,2021-12-17,18.17
17551,29,6,1,61,2021-12-17,17.57
17552,31,6,1,34,2021-12-17,25.86
17553,35,6,3,48,2021-12-17,19.47
17554,39,6,3,32,2021-12-17,28.91
17555,41,6,6,55,2021-12-17,10.63
17556,43,6,6,42,2021-12-17,9.50
17557,1,7,1,33,2021-12-17,16.55
17558,3,7,6,45,2021-12-17,14.89
17559,5,7,6,45,2021-12-17,18.69
17560,7,7,2,40,2021-12-17,16.74
17561,9,7,2,39,2021-12-17,13.68
17562,11,7,6,50,2021-12-17,21.27
17563,13,7,4,37,2021-12-17,37.93
17564,15,7,4,24,2021-12-17,54.55
17565,17,7,2,29,2021-12-17,46.48
17566,19,7,2,35,2021-12-17,40.48
17567,23,7,3,27,2021-12-17,29.17
17568,25,7,3,44,2021-12-17,24.64
17569,27,7,1,55,2021-12-17,17.52
17570,29,7,6,29,2021-12-17,18.64
17571,33,7,4,44,2021-12-17,29.86
17572,35,7,3,25,2021-12-17,21.10
17573,37,7,3,19,2021-12-17,29.05
17574,39,7,5,31,2021-12-17,29.39
17575,41,7,6,32,2021-12-17,11.76
17576,43,7,6,35,2021-12-17,8.13
17577,1,8,1,43,2021-12-17,17.40
17578,3,8,6,45,2021-12-17,13.12
17579,5,8,1,35,2021-12-17,16.55
17580,7,8,2,35,2021-12-17,16.94
17581,9,8,6,36,2021-12-17,14.58
17582,11,8,6,43,2021-12-17,20.51
17583,13,8,2,28,2021-12-17,34.42
17584,15,8,2,25,2021-12-17,50.78
17585,21,8,6,41,2021-12-17,50.17
17586,23,8,5,46,2021-12-17,25.95
17587,25,8,3,24,2021-12-17,22.87
17588,27,8,6,31,2021-12-17,19.82
17589,29,8,6,41,2021-12-17,15.61
17590,31,8,1,27,2021-12-17,23.57
17591,33,8,2,31,2021-12-17,29.64
17592,41,8,4,37,2021-12-17,10.49
17593,43,8,4,33,2021-12-17,8.53
17594,1,9,6,36,2021-12-17,17.36
17595,3,9,1,37,2021-12-17,14.55
17596,5,9,6,34,2021-12-17,17.40
17597,7,9,6,34,2021-12-17,16.69
17598,11,9,2,28,2021-12-17,19.77
17599,13,9,4,31,2021-12-17,38.48
17600,17,9,2,31,2021-12-17,44.13
17601,21,9,6,29,2021-12-17,43.93
17602,23,9,5,25,2021-12-17,25.73
17603,25,9,3,23,2021-12-17,24.62
17604,27,9,6,29,2021-12-17,20.79
17605,29,9,6,35,2021-12-17,15.37
17606,31,9,6,37,2021-12-17,26.18
17607,33,9,4,27,2021-12-17,28.39
17608,37,9,3,25,2021-12-17,25.39
17609,39,9,3,37,2021-12-17,33.71
17610,41,9,4,34,2021-12-17,9.91
17611,43,9,6,25,2021-12-17,8.12
17612,3,10,6,28,2021-12-17,13.93
17613,5,10,6,26,2021-12-17,15.81
17614,7,10,6,25,2021-12-17,15.02
17615,9,10,6,40,2021-12-17,16.01
17616,11,10,6,51,2021-12-17,18.80
17617,13,10,2,34,2021-12-17,36.97
17618,17,10,2,19,2021-12-17,39.78
17619,19,10,6,40,2021-12-17,35.60
17620,23,10,5,29,2021-12-17,27.79
17621,25,10,5,30,2021-12-17,26.32
17622,27,10,1,31,2021-12-17,20.24
17623,29,10,1,29,2021-12-17,16.31
17624,33,10,2,27,2021-12-17,31.58
17625,35,10,3,52,2021-12-17,20.32
17626,37,10,3,23,2021-12-17,26.60
17627,39,10,5,41,2021-12-17,29.81
17628,41,10,4,34,2021-12-17,10.84
17629,43,10,6,60,2021-12-17,8.64
17630,1,11,6,34,2021-12-17,16.03
17631,3,11,1,21,2021-12-17,15.16
17632,5,11,1,25,2021-12-17,18.62
17633,7,11,6,30,2021-12-17,15.79
17634,9,11,6,36,2021-12-17,15.07
17635,11,11,6,44,2021-12-17,20.62
17636,15,11,2,24,2021-12-17,50.98
17637,21,11,6,27,2021-12-17,47.00
17638,23,11,3,30,2021-12-17,27.92
17639,27,11,1,30,2021-12-17,19.19
17640,29,11,6,48,2021-12-17,16.45
17641,31,11,1,28,2021-12-17,25.95
17642,35,11,3,32,2021-12-17,21.58
17643,39,11,5,26,2021-12-17,32.93
17644,41,11,6,38,2021-12-17,12.00
17645,43,11,4,46,2021-12-17,9.28
17646,3,12,1,35,2021-12-17,15.25
17647,7,12,6,26,2021-12-17,16.30
17648,9,12,6,22,2021-12-17,16.09
17649,11,12,2,30,2021-12-17,21.95
17650,17,12,2,29,2021-12-17,46.64
17651,19,12,6,28,2021-12-17,37.78
17652,21,12,2,32,2021-12-17,44.49
17653,23,12,5,28,2021-12-17,27.86
17654,27,12,1,51,2021-12-17,19.34
17655,29,12,6,31,2021-12-17,16.19
17656,35,12,3,26,2021-12-17,19.26
17657,37,12,3,17,2021-12-17,27.14
17658,41,12,6,43,2021-12-17,10.22
17659,43,12,6,30,2021-12-17,9.55
