cus_ID,cus_first_name,cus_last_name,cus_gender,cus_phone,cus_DOB,cus_email,cus_loyalty_tier,cus_address_line,cus_city,cus_state,cus_postcode,cus_reg_date
32352,Sze Min,Liew,Female,012-8467096,2001-03-20,sze32352@gmail.com,Bronze,"No. 116, Jalan B16",Bukit Jalil,Federal Territory of Kuala Lumpur,57000,2025-01-01
32353,Rohani,binti Rahman,Female,017-6666103,1996-01-04,rohani32353@gmail.com,Bronze,"No. 61, Jalan A20",Kuala Lumpur,Federal Territory of Kuala Lumpur,55200,2025-01-01
32354,Aiman,bin Osman,Male,011-5003854,1982-01-23,aiman32354@gmail.com,Bronze,"No. 164, Jalan A10",Kuala Lumpur,Federal Territory of Kuala Lumpur,59200,2025-01-01
32355,Nurul Huda,binti Razak,Female,011-5414056,1995-11-26,nurul32355@gmail.com,Bronze,"No. 161, Jalan C12",Sungai Buloh,Selangor,47000,2025-01-01
32356,Farah,binti Abdullah,Female,011-2989731,1967-11-13,farah32356@gmail.com,Bronze,"No. 151, Jalan B15",Johor Bahru,Johor,81100,2025-01-01
32357,Haziq,bin Ismail,Male,011-7400874,2002-01-14,haziq32357@gmail.com,Silver,"No. 164, Jalan B12",Kulai,Johor,81000,2025-01-01
32358,Li Wen,Wong,Female,012-8478968,1981-12-06,li32358@gmail.com,Gold,"No. 243, Jalan F18",Klang,Selangor,42100,2025-01-01
32359,Haziq,bin Osman,Male,014-2839305,1966-09-22,haziq32359@gmail.com,Platinum,"No. 107, Jalan E20",Klang,Selangor,41300,2025-01-01
32360,Balqis,binti Hassan,Female,010-4797208,1998-10-28,balqis32360@gmail.com,Gold,"No. 9, Jalan D12",Puchong,Selangor,47140,2025-01-01
32361,Hafiz,bin Hamid,Male,015-1222393,1987-12-19,hafiz32361@gmail.com,Silver,"No. 101, Jalan C15",Selayang,Selangor,68000,2025-01-01
32362,Zulkifli,bin Razak,Male,017-1581276,1987-04-18,zulkifli32362@gmail.com,Silver,"No. 274, Jalan F20",Setapak,Federal Territory of Kuala Lumpur,53100,2025-01-01
32363,Hafiz,bin Razak,Male,011-9603184,1970-02-06,hafiz32363@gmail.com,Bronze,"No. 39, Jalan G17",Seremban,Negeri Sembilan,70500,2025-01-01
32364,Zarina,binti Ismail,Female,018-8279278,1987-09-03,zarina32364@gmail.com,Platinum,"No. 55, Jalan B13",Kajang,Selangor,43200,2025-01-01
32365,Divya,a/p Krishnan,Female,013-2392139,1966-12-08,divya32365@gmail.com,Bronze,"No. 7, Jalan A6",Klang,Selangor,41200,2025-01-01
32366,Sze Min,Loh,Female,019-2767501,2003-07-31,sze32366@gmail.com,Gold,"No. 202, Jalan D4",Petaling Jaya,Selangor,46300,2025-01-02
32367,Ling Ling,Chua,Female,011-4366166,1979-07-09,ling32367@gmail.com,Silver,"No. 25, Jalan F16",Johor Bahru,Johor,80350,2025-01-02
32368,Yasmin,binti Abdullah,Female,015-4712047,1995-03-03,yasmin32368@gmail.com,Bronze,"No. 227, Jalan E11",Shah Alam,Selangor,40400,2025-01-02
32369,Amirul,bin Yusof,Male,014-3660560,2005-05-18,amirul32369@gmail.com,Bronze,"No. 136, Jalan E15",Sungai Buloh,Selangor,47820,2025-01-02
32370,Wei Hong,Chua,Male,017-3755983,1981-06-30,wei32370@gmail.com,Bronze,"No. 110, Jalan E13",Shah Alam,Selangor,40300,2025-01-02
32371,Jun Hao,Goh,Male,010-6469502,1981-12-09,jun32371@gmail.com,Silver,"No. 130, Jalan C20",Puchong,Selangor,47170,2025-01-02
32372,Siti,binti Razak,Female,013-9385888,1995-04-25,siti32372@gmail.com,Bronze,"No. 210, Jalan G12",Petaling Jaya,Selangor,47400,2025-01-02
32373,Hannah,binti Zainal,Female,014-6370359,2005-12-02,hannah32373@gmail.com,Bronze,"No. 155, Jalan G18",Selayang,Selangor,68100,2025-01-02
32374,Kok Wai,Chan,Male,010-7799908,1983-07-16,kok32374@gmail.com,Silver,"No. 226, Jalan A1",Setapak,Federal Territory of Kuala Lumpur,53000,2025-01-02
32375,Kok Wai,Yap,Male,017-4439472,1969-07-11,kok32375@gmail.com,Silver,"No. 219, Jalan F19",Setapak,Federal Territory of Kuala Lumpur,53200,2025-01-02
32376,Balqis,binti Zainal,Female,014-4886042,1990-07-11,balqis32376@gmail.com,Bronze,"No. 156, Jalan C12",Kuantan,Pahang,25150,2025-01-02
32377,Faizal,bin Ismail,Male,016-9133006,1976-04-07,faizal32377@gmail.com,Gold,"No. 269, Jalan B9",Bukit Jalil,Federal Territory of Kuala Lumpur,58200,2025-01-02
32378,Sharmila,a/p Muniandy,Female,015-7560862,2000-05-21,sharmila32378@gmail.com,Silver,"No. 196, Jalan E15",Ipoh,Perak,30010,2025-01-02
32379,Sharmila,a/p Muniandy,Female,019-9519239,1975-02-02,sharmila32379@gmail.com,Silver,"No. 79, Jalan C6",Selayang,Selangor,68100,2025-01-02
32380,Suresh,a/l Subramaniam,Male,012-6543882,1985-05-07,suresh32380@gmail.com,Silver,"No. 26, Jalan D14",Kuantan,Pahang,25300,2025-01-02
32381,Nadia,binti Razak,Female,016-9229674,1976-01-31,nadia32381@gmail.com,Platinum,"No. 211, Jalan C4",Setapak,Federal Territory of Kuala Lumpur,53200,2025-01-02
32382,Suhaila,binti Rahman,Female,011-4285650,1972-10-27,suhaila32382@gmail.com,Gold,"No. 32, Jalan C10",Subang Jaya,Selangor,47630,2025-01-02
32383,Balqis,binti Zainal,Female,018-8469102,2004-01-25,balqis32383@gmail.com,Silver,"No. 154, Jalan G4",Bukit Jalil,Federal Territory of Kuala Lumpur,57000,2025-01-02
32384,Wei Jie,Chong,Male,010-7383103,1989-01-14,wei32384@gmail.com,Gold,"No. 198, Jalan E2",Bukit Jalil,Federal Territory of Kuala Lumpur,58200,2025-01-02
32385,Izzati,binti Osman,Female,010-7220489,1982-06-26,izzati32385@gmail.com,Bronze,"No. 146, Jalan E12",Kuala Lumpur,Federal Territory of Kuala Lumpur,59000,2025-01-03
32386,Anisa,binti Razak,Female,014-9898728,2003-03-07,anisa32386@gmail.com,Silver,"No. 109, Jalan D16",Kuala Lumpur,Federal Territory of Kuala Lumpur,55200,2025-01-03
32387,Daniel,Chong,Male,011-6745522,1982-01-04,daniel32387@gmail.com,Bronze,"No. 140, Jalan G4",Selayang,Selangor,68000,2025-01-03
32388,Grace,Liew,Female,010-1168562,1967-03-29,grace32388@gmail.com,Bronze,"No. 106, Jalan E17",Kepong,Federal Territory of Kuala Lumpur,51200,2025-01-03
32389,Rachel,Chan,Female,013-9200974,1986-06-25,rachel32389@gmail.com,Platinum,"No. 90, Jalan A8",Shah Alam,Selangor,40400,2025-01-03
32390,Kumar,a/l Ramasamy,Male,012-7033514,1990-01-24,kumar32390@gmail.com,Silver,"No. 17, Jalan G5",Johor Bahru,Johor,80300,2025-01-03
32391,Nur Aina,binti Rahman,Female,014-6657874,1998-06-10,nur32391@gmail.com,Bronze,"No. 251, Jalan G1",George Town,Pulau Pinang,10400,2025-01-03
32392,Daniel,Ng,Male,017-4425061,1977-08-21,daniel32392@gmail.com,Bronze,"No. 36, Jalan D6",Kuala Lumpur,Federal Territory of Kuala Lumpur,57000,2025-01-03
32393,Jun Hao,Chin,Male,018-9162003,1985-08-18,jun32393@gmail.com,Bronze,"No. 263, Jalan C14",Sungai Buloh,Selangor,47820,2025-01-03
32394,Adam,bin Ahmad,Male,019-9931297,1997-07-12,adam32394@gmail.com,Silver,"No. 105, Jalan A1",Shah Alam,Selangor,40200,2025-01-03
32395,Rachel,Chin,Female,010-5177939,1987-10-07,rachel32395@gmail.com,Bronze,"No. 4, Jalan C2",Gombak,Selangor,53100,2025-01-03
32396,Amirul,bin Yusof,Male,018-7910496,1979-07-16,amirul32396@gmail.com,Bronze,"No. 227, Jalan A13",Selayang,Selangor,68100,2025-01-03
32397,Anjali,a/p Muniandy,Female,012-6295028,1999-09-03,anjali32397@gmail.com,Bronze,"No. 179, Jalan E6",Wangsa Maju,Federal Territory of Kuala Lumpur,53300,2025-01-03
32398,Jasmine,Teoh,Female,015-4543642,1986-12-25,jasmine32398@gmail.com,Silver,"No. 40, Jalan B9",Seremban,Negeri Sembilan,70200,2025-01-03
32399,Hafiz,bin Rahman,Male,017-3212184,2003-08-27,hafiz32399@gmail.com,Silver,"No. 244, Jalan A15",Nilai,Negeri Sembilan,71800,2025-01-03
32400,Siti,binti Zainal,Female,010-3465180,1971-07-31,siti32400@gmail.com,Bronze,"No. 277, Jalan B17",Seremban,Negeri Sembilan,70400,2025-01-03
32401,Grace,Lee,Female,014-9606874,1965-09-17,grace32401@gmail.com,Silver,"No. 94, Jalan B8",Kuantan,Pahang,25100,2025-01-03
32402,Meena,a/p Maniam,Female,013-5023690,2005-09-26,meena32402@gmail.com,Gold,"No. 161, Jalan F13",Kuantan,Pahang,25100,2025-01-03
32403,Nadia,binti Hassan,Female,015-1365573,2004-08-28,nadia32403@gmail.com,Bronze,"No. 290, Jalan C19",Subang Jaya,Selangor,47650,2025-01-03
32404,Irfan,bin Abdullah,Male,018-9593696,2006-04-25,irfan32404@gmail.com,Bronze,"No. 158, Jalan A11",Bukit Jalil,Federal Territory of Kuala Lumpur,57000,2025-01-04
32405,Sharmila,a/p Krishnan,Female,017-3897570,2000-01-15,sharmila32405@gmail.com,Gold,"No. 120, Jalan A5",Petaling Jaya,Selangor,47810,2025-01-04
32406,Nurin,binti Ismail,Female,016-1871115,1996-08-06,nurin32406@gmail.com,Platinum,"No. 127, Jalan D13",Ipoh,Perak,30200,2025-01-04
32407,Rachel,Wong,Female,010-7743176,1991-07-01,rachel32407@gmail.com,Silver,"No. 259, Jalan D17",Petaling Jaya,Selangor,46100,2025-01-04
32408,Adam,bin Razak,Male,012-6679218,1971-02-07,adam32408@gmail.com,Gold,"No. 91, Jalan A4",Petaling Jaya,Selangor,46200,2025-01-04
32409,Fatimah,binti Hassan,Female,017-9566344,1995-05-30,fatimah32409@gmail.com,Platinum,"No. 223, Jalan E6",Kulai,Johor,81000,2025-01-04
32410,Kok Wai,Wong,Male,010-5880421,1995-09-06,kok32410@gmail.com,Bronze,"No. 39, Jalan G19",George Town,Pulau Pinang,10400,2025-01-04
32411,Kai Xin,Ng,Female,013-8965766,1967-09-12,kai32411@gmail.com,Bronze,"No. 5, Jalan F3",George Town,Pulau Pinang,10000,2025-01-04
32412,Prakash,a/l Maniam,Male,019-6874706,1971-02-10,prakash32412@gmail.com,Silver,"No. 195, Jalan C15",Melaka,Melaka,75050,2025-01-04
32413,Thivya,a/p Krishnan,Female,013-3926092,1989-12-13,thivya32413@gmail.com,Bronze,"No. 102, Jalan G17",Melaka,Melaka,75050,2025-01-04
32414,Hafiz,bin Ahmad,Male,011-6182563,1978-06-24,hafiz32414@gmail.com,Bronze,"No. 230, Jalan A16",Petaling Jaya,Selangor,46100,2025-01-04
32415,Haziq,bin Hassan,Male,017-9943832,1972-03-04,haziq32415@gmail.com,Silver,"No. 82, Jalan G14",Sungai Buloh,Selangor,47000,2025-01-04
32416,Anisa,binti Rahman,Female,012-2660874,1993-10-21,anisa32416@gmail.com,Bronze,"No. 221, Jalan E1",Klang,Selangor,41250,2025-01-04
32417,Mei Ling,Ng,Female,011-6766116,1982-07-06,mei32417@gmail.com,Bronze,"No. 37, Jalan G9",Melaka,Melaka,75200,2025-01-04
32418,Haziq,bin Hamid,Male,017-1461567,1967-09-21,haziq32418@gmail.com,Gold,"No. 42, Jalan F3",Petaling Jaya,Selangor,47301,2025-01-04
32419,Rohani,binti Hamid,Female,014-3167702,1983-01-01,rohani32419@gmail.com,Bronze,"No. 167, Jalan G17",Wangsa Maju,Federal Territory of Kuala Lumpur,53200,2025-01-04
32420,Hannah,binti Hamid,Female,017-3727133,1987-03-09,hannah32420@gmail.com,Bronze,"No. 33, Jalan G7",Ipoh,Perak,30020,2025-01-04
32421,Amirul,bin Razak,Male,014-3916108,2004-06-25,amirul32421@gmail.com,Silver,"No. 91, Jalan B8",Johor Bahru,Johor,81100,2025-01-04
32422,Suhaila,binti Ismail,Female,016-5012492,1988-07-07,suhaila32422@gmail.com,Gold,"No. 199, Jalan E9",Temerloh,Pahang,28000,2025-01-04
32423,Hui Min,Chin,Female,010-3159375,1999-11-27,hui32423@gmail.com,Silver,"No. 88, Jalan F11",Subang Jaya,Selangor,47650,2025-01-04
32424,Irfan,bin Razak,Male,010-4158191,1979-03-21,irfan32424@gmail.com,Silver,"No. 18, Jalan F14",Cyberjaya,Selangor,63100,2025-01-04
32425,Hafiz,bin Hamid,Male,011-9976228,1988-10-04,hafiz32425@gmail.com,Silver,"No. 243, Jalan F3",Subang Jaya,Selangor,47600,2025-01-04
32426,Emily,Chong,Female,015-9303923,1996-07-31,emily32426@gmail.com,Bronze,"No. 106, Jalan C1",Kuala Lumpur,Federal Territory of Kuala Lumpur,58000,2025-01-05
32427,Suhaila,binti Zainal,Female,014-7064675,1992-03-11,suhaila32427@gmail.com,Platinum,"No. 295, Jalan B11",Kuala Lumpur,Federal Territory of Kuala Lumpur,55100,2025-01-05
32428,Michelle,Chong,Female,016-3202453,1979-07-29,michelle32428@gmail.com,Bronze,"No. 251, Jalan G1",Kuala Lumpur,Federal Territory of Kuala Lumpur,50000,2025-01-05
32429,Rachel,Sim,Female,016-7727303,2002-10-01,rachel32429@gmail.com,Bronze,"No. 293, Jalan A17",Kuala Lumpur,Federal Territory of Kuala Lumpur,50480,2025-01-05
32430,Michelle,Chong,Female,014-4181476,1967-07-09,michelle32430@gmail.com,Gold,"No. 185, Jalan E16",Johor Bahru,Johor,80200,2025-01-05
32431,Michelle,Chong,Female,018-9571943,1969-10-06,michelle32431@gmail.com,Bronze,"No. 113, Jalan F8",George Town,Pulau Pinang,10000,2025-01-05
32432,Meena,a/p Rajan,Female,015-4698803,1981-08-20,meena32432@gmail.com,Bronze,"No. 67, Jalan G20",Seremban,Negeri Sembilan,70500,2025-01-05
32433,Syafiq,bin Ahmad,Male,019-4414047,1987-12-01,syafiq32433@gmail.com,Bronze,"No. 117, Jalan D6",George Town,Pulau Pinang,10050,2025-01-05
32434,Hafiz,bin Zainal,Male,013-5325060,1971-12-26,hafiz32434@gmail.com,Silver,"No. 221, Jalan B20",Melaka,Melaka,75250,2025-01-05
32435,Alia,binti Rahman,Female,019-5433833,1978-09-28,alia32435@gmail.com,Bronze,"No. 160, Jalan C8",Melaka,Melaka,75050,2025-01-05
32436,Wei Jie,Liew,Male,013-5421913,1982-10-31,wei32436@gmail.com,Silver,"No. 264, Jalan A18",Melaka,Melaka,75150,2025-01-05
32437,Hannah,binti Yusof,Female,018-9570443,2000-04-08,hannah32437@gmail.com,Silver,"No. 196, Jalan F20",Sungai Buloh,Selangor,47820,2025-01-05
32438,Nur Aina,binti Rahman,Female,010-9024484,1977-09-28,nur32438@gmail.com,Silver,"No. 114, Jalan F11",Sungai Buloh,Selangor,47810,2025-01-05
32439,Aina,binti Rahman,Female,011-5426924,1993-05-11,aina32439@gmail.com,Gold,"No. 109, Jalan G17",Subang Jaya,Selangor,47620,2025-01-05
32440,Farah,binti Osman,Female,011-1337830,1985-11-17,farah32440@gmail.com,Gold,"No. 88, Jalan F4",Subang Jaya,Selangor,47610,2025-01-05
32441,Syafiq,bin Abdullah,Male,011-1720856,1982-04-03,syafiq32441@gmail.com,Platinum,"No. 83, Jalan C6",Puchong,Selangor,47120,2025-01-05
32442,Yong Sheng,Teoh,Male,017-1160510,1996-08-19,yong32442@gmail.com,Gold,"No. 176, Jalan C10",Selayang,Selangor,68000,2025-01-05
32443,Irfan,bin Rahman,Male,019-3039348,1979-07-14,irfan32443@gmail.com,Platinum,"No. 279, Jalan B5",Subang Jaya,Selangor,47610,2025-01-05
32444,Alia,binti Hamid,Female,010-2078643,2005-10-10,alia32444@gmail.com,Bronze,"No. 127, Jalan D9",Bukit Jalil,Federal Territory of Kuala Lumpur,57000,2025-01-05
32445,Alia,binti Zainal,Female,014-1408369,2005-12-10,alia32445@gmail.com,Silver,"No. 124, Jalan C12",Wangsa Maju,Federal Territory of Kuala Lumpur,53100,2025-01-05
32446,Haziq,bin Ahmad,Male,011-2506068,1987-05-04,haziq32446@gmail.com,Bronze,"No. 157, Jalan B4",Gombak,Selangor,53100,2025-01-05
32447,Aina,binti Abdullah,Female,014-6286959,1988-12-17,aina32447@gmail.com,Silver,"No. 60, Jalan E4",Gombak,Selangor,53100,2025-01-05
32448,Haziq,bin Hamid,Male,010-8446503,1990-07-18,haziq32448@gmail.com,Platinum,"No. 239, Jalan G6",Bukit Jalil,Federal Territory of Kuala Lumpur,57100,2025-01-05
32449,Yong Sheng,Liew,Male,010-4483671,1990-03-13,yong32449@gmail.com,Gold,"No. 220, Jalan E14",Setapak,Federal Territory of Kuala Lumpur,53000,2025-01-05
32450,Nabila,binti Abdullah,Female,015-2089951,1977-10-03,nabila32450@gmail.com,Silver,"No. 298, Jalan B16",Bukit Jalil,Federal Territory of Kuala Lumpur,57000,2025-01-05
32451,Nabila,binti Abdullah,Female,016-5819590,1977-02-27,nabila32451@gmail.com,Silver,"No. 116, Jalan A15",Petaling Jaya,Selangor,46300,2025-01-06
32452,Jasmine,Teoh,Female,015-5102216,1998-08-03,jasmine32452@gmail.com,Bronze,"No. 25, Jalan F7",Subang Jaya,Selangor,47620,2025-01-06
32453,Daniel,Goh,Male,018-5402819,1990-07-26,daniel32453@gmail.com,Bronze,"No. 175, Jalan G18",Johor Bahru,Johor,80000,2025-01-06
32454,Irfan,bin Abdullah,Male,017-4067687,1966-12-28,irfan32454@gmail.com,Silver,"No. 241, Jalan E10",George Town,Pulau Pinang,10000,2025-01-06
32455,Prakash,a/l Rajan,Male,011-8644572,1967-03-12,prakash32455@gmail.com,Bronze,"No. 3, Jalan F16",George Town,Pulau Pinang,10150,2025-01-06
32456,Yong Sheng,Lim,Male,015-7043581,1970-03-13,yong32456@gmail.com,Bronze,"No. 143, Jalan A16",Klang,Selangor,41000,2025-01-06
32457,Prakash,a/l Ramasamy,Male,012-5619784,1966-03-14,prakash32457@gmail.com,Bronze,"No. 275, Jalan A13",Klang,Selangor,41100,2025-01-06
32458,Shu Fen,Chan,Female,013-3060361,1982-12-24,shu32458@gmail.com,Bronze,"No. 13, Jalan D1",Bangi,Selangor,43600,2025-01-06
32459,Izzati,binti Ahmad,Female,016-4162273,2003-06-13,izzati32459@gmail.com,Bronze,"No. 35, Jalan B15",Puchong,Selangor,47110,2025-01-06
32460,Siti,binti Rahman,Female,015-4490063,1970-06-06,siti32460@gmail.com,Bronze,"No. 236, Jalan G15",Selayang,Selangor,68000,2025-01-06
32461,Amirul,bin Ahmad,Male,015-3375979,1999-01-05,amirul32461@gmail.com,Bronze,"No. 60, Jalan D7",Kuantan,Pahang,25000,2025-01-06
32462,Adam,bin Hassan,Male,011-2021046,1964-11-21,adam32462@gmail.com,Bronze,"No. 157, Jalan F20",Subang Jaya,Selangor,47500,2025-01-06
32463,Lakshmi,a/p Rajan,Female,016-2214764,1990-01-10,lakshmi32463@gmail.com,Silver,"No. 12, Jalan G6",Bukit Jalil,Federal Territory of Kuala Lumpur,58200,2025-01-06
32464,Pei Shan,Yeoh,Female,016-9519729,1977-09-11,pei32464@gmail.com,Silver,"No. 71, Jalan B10",Petaling Jaya,Selangor,46200,2025-01-07
32465,Suhaila,binti Zainal,Female,016-5669714,1997-07-30,suhaila32465@gmail.com,Silver,"No. 67, Jalan A16",Petaling Jaya,Selangor,46050,2025-01-07
32466,Nabila,binti Abdullah,Female,015-2168432,2000-12-09,nabila32466@gmail.com,Silver,"No. 49, Jalan C5",Petaling Jaya,Selangor,47400,2025-01-07
32467,Nadia,binti Zainal,Female,014-9746976,1965-05-03,nadia32467@gmail.com,Bronze,"No. 216, Jalan B12",Petaling Jaya,Selangor,47301,2025-01-07
32468,Faizal,bin Hassan,Male,016-6341118,1989-06-25,faizal32468@gmail.com,Bronze,"No. 136, Jalan E16",George Town,Pulau Pinang,10100,2025-01-07
32469,Nurin,binti Hassan,Female,015-4790082,1971-08-23,nurin32469@gmail.com,Gold,"No. 69, Jalan B4",Klang,Selangor,42100,2025-01-07
32470,Hui Min,Chua,Female,016-8296435,1972-09-28,hui32470@gmail.com,Bronze,"No. 92, Jalan F1",Wangsa Maju,Federal Territory of Kuala Lumpur,53300,2025-01-07
32471,Zarina,binti Ahmad,Female,018-6666218,1967-07-09,zarina32471@gmail.com,Silver,"No. 256, Jalan F15",Kuala Lumpur,Federal Territory of Kuala Lumpur,58000,2025-01-07
32472,Yong Sheng,Yeoh,Male,015-9076894,1986-09-16,yong32472@gmail.com,Silver,"No. 246, Jalan F18",Wangsa Maju,Federal Territory of Kuala Lumpur,53300,2025-01-07
32473,Li Wen,Ong,Female,014-7921428,1975-11-24,li32473@gmail.com,Bronze,"No. 196, Jalan A7",Ipoh,Perak,31350,2025-01-07
32474,Nur Aina,binti Hamid,Female,017-5210927,1970-05-11,nur32474@gmail.com,Bronze,"No. 220, Jalan D5",Seremban,Negeri Sembilan,70500,2025-01-07
32475,Vikram,a/l Maniam,Male,016-5026943,1978-06-29,vikram32475@gmail.com,Bronze,"No. 56, Jalan D17",Subang Jaya,Selangor,47650,2025-01-07
32476,Aina,binti Zainal,Female,010-2252230,1982-12-19,aina32476@gmail.com,Bronze,"No. 87, Jalan B15",Subang Jaya,Selangor,47600,2025-01-07
32477,Alia,binti Ahmad,Female,014-6668490,1969-11-18,alia32477@gmail.com,Silver,"No. 69, Jalan B7",Bukit Jalil,Federal Territory of Kuala Lumpur,57100,2025-01-07
32478,Fatimah,binti Hassan,Female,014-4794463,1970-05-16,fatimah32478@gmail.com,Bronze,"No. 52, Jalan B16",Bukit Jalil,Federal Territory of Kuala Lumpur,57100,2025-01-07
32479,Hafiz,bin Ahmad,Male,016-2642645,1986-11-05,hafiz32479@gmail.com,Silver,"No. 38, Jalan F16",Kuala Lumpur,Federal Territory of Kuala Lumpur,57000,2025-01-08
32480,Rohani,binti Osman,Female,017-1340071,1990-05-05,rohani32480@gmail.com,Bronze,"No. 173, Jalan C11",Kuala Lumpur,Federal Territory of Kuala Lumpur,55100,2025-01-08
32481,Zulkifli,bin Razak,Male,012-1322283,1983-02-15,zulkifli32481@gmail.com,Silver,"No. 222, Jalan B2",Kuala Lumpur,Federal Territory of Kuala Lumpur,56000,2025-01-08
32482,Yong Sheng,Wong,Male,016-2777963,2001-04-14,yong32482@gmail.com,Bronze,"No. 14, Jalan F18",Petaling Jaya,Selangor,47800,2025-01-08
32483,Adam,bin Razak,Male,017-3126928,1995-09-16,adam32483@gmail.com,Bronze,"No. 154, Jalan C18",Petaling Jaya,Selangor,46100,2025-01-08
32484,Adam,bin Razak,Male,017-7751004,1998-12-06,adam32484@gmail.com,Bronze,"No. 82, Jalan G1",Johor Bahru,Johor,80100,2025-01-08
32485,Siti,binti Osman,Female,019-8361104,1996-01-30,siti32485@gmail.com,Gold,"No. 201, Jalan G20",George Town,Pulau Pinang,10450,2025-01-08
32486,Wan Ying,Chin,Female,014-9439358,1990-06-29,wan32486@gmail.com,Bronze,"No. 100, Jalan A4",Shah Alam,Selangor,40170,2025-01-08
32487,Wan Ying,Teoh,Female,015-1751023,1968-12-11,wan32487@gmail.com,Bronze,"No. 173, Jalan A3",Sungai Buloh,Selangor,47000,2025-01-08
32488,Faizal,bin Ahmad,Male,013-9561745,1964-07-11,faizal32488@gmail.com,Bronze,"No. 74, Jalan F14",Shah Alam,Selangor,40000,2025-01-08
32489,Kai Xin,Loh,Female,018-9867373,1979-11-11,kai32489@gmail.com,Silver,"No. 48, Jalan B20",Puchong,Selangor,47190,2025-01-08
32490,Kevin,Loh,Male,010-9327118,1968-11-12,kevin32490@gmail.com,Bronze,"No. 221, Jalan E17",Shah Alam,Selangor,40450,2025-01-08
32491,Shalini,a/p Muniandy,Female,012-1757868,1968-03-28,shalini32491@gmail.com,Bronze,"No. 246, Jalan B10",Puchong,Selangor,47150,2025-01-08
32492,Alia,binti Hassan,Female,010-4129998,1964-08-03,alia32492@gmail.com,Bronze,"No. 97, Jalan E2",Shah Alam,Selangor,40300,2025-01-08
32493,Zheng Yang,Cheah,Male,018-9845960,2004-08-13,zheng32493@gmail.com,Gold,"No. 292, Jalan B13",Rawang,Selangor,48000,2025-01-08
32494,Balqis,binti Hassan,Female,016-2732961,1997-10-17,balqis32494@gmail.com,Silver,"No. 281, Jalan B4",Ipoh,Perak,30200,2025-01-08
32495,Jasmine,Chin,Female,014-9742829,1981-12-05,jasmine32495@gmail.com,Silver,"No. 243, Jalan A16",Subang Jaya,Selangor,47620,2025-01-08
32496,Vikram,a/l Maniam,Male,014-6134767,1976-04-22,vikram32496@gmail.com,Silver,"No. 20, Jalan A5",Bukit Jalil,Federal Territory of Kuala Lumpur,57100,2025-01-08
32497,Balqis,binti Osman,Female,010-8003907,2002-02-27,balqis32497@gmail.com,Silver,"No. 258, Jalan C4",Kuala Lumpur,Federal Territory of Kuala Lumpur,55100,2025-01-09
32498,Zarina,binti Abdullah,Female,014-1077368,1974-05-20,zarina32498@gmail.com,Gold,"No. 268, Jalan B14",Petaling Jaya,Selangor,46100,2025-01-09
32499,Priya,a/p Maniam,Female,019-2842133,1965-12-02,priya32499@gmail.com,Platinum,"No. 221, Jalan F20",Subang Jaya,Selangor,47610,2025-01-09
32500,Alia,binti Yusof,Female,019-6001936,1977-01-22,alia32500@gmail.com,Platinum,"No. 214, Jalan E2",Kulai,Johor,81030,2025-01-09
32501,Pei Shan,Loh,Female,015-4085600,1965-02-26,pei32501@gmail.com,Silver,"No. 284, Jalan C16",George Town,Pulau Pinang,10350,2025-01-09
32502,Jun Hao,Khoo,Male,011-6814803,1993-10-13,jun32502@gmail.com,Bronze,"No. 74, Jalan C10",Ipoh,Perak,30350,2025-01-09
32503,Irfan,bin Ahmad,Male,015-3704977,1997-02-08,irfan32503@gmail.com,Silver,"No. 285, Jalan A13",Setapak,Federal Territory of Kuala Lumpur,53100,2025-01-09
32504,Arjun,a/l Muniandy,Male,010-1931244,1997-09-13,arjun32504@gmail.com,Bronze,"No. 91, Jalan D1",Sungai Buloh,Selangor,47820,2025-01-09
32505,Daniel,Wong,Male,019-3792143,1986-08-18,daniel32505@gmail.com,Bronze,"No. 168, Jalan B14",Puchong,Selangor,47170,2025-01-09
32506,Kok Wai,Chin,Male,016-9987871,1991-04-10,kok32506@gmail.com,Bronze,"No. 80, Jalan A6",Puchong,Selangor,47160,2025-01-09
32507,Kavitha,a/p Krishnan,Female,014-6871863,1973-11-02,kavitha32507@gmail.com,Platinum,"No. 84, Jalan B3",Bukit Jalil,Federal Territory of Kuala Lumpur,58200,2025-01-09
32508,Prakash,a/l Subramaniam,Male,013-4466967,1977-04-20,prakash32508@gmail.com,Silver,"No. 149, Jalan C10",Ipoh,Perak,30020,2025-01-09
32509,Anisa,binti Zainal,Female,018-3692823,1973-12-13,anisa32509@gmail.com,Bronze,"No. 159, Jalan F3",Seremban,Negeri Sembilan,70000,2025-01-09
32510,Haziq,bin Ismail,Male,015-4473539,1994-04-20,haziq32510@gmail.com,Gold,"No. 245, Jalan F11",Cyberjaya,Selangor,63100,2025-01-09
32511,Prakash,a/l Ramasamy,Male,017-5401364,1992-05-27,prakash32511@gmail.com,Platinum,"No. 260, Jalan B6",Cyberjaya,Selangor,63000,2025-01-09
32512,Kevin,Ng,Male,017-9567836,1979-10-12,kevin32512@gmail.com,Platinum,"No. 209, Jalan B10",Subang Jaya,Selangor,47650,2025-01-09
32513,Amelia,binti Rahman,Female,016-9104228,2003-02-09,amelia32513@gmail.com,Bronze,"No. 10, Jalan B10",Kuala Lumpur,Federal Territory of Kuala Lumpur,55200,2025-01-10
32514,Thivya,a/p Krishnan,Female,010-5208219,1975-07-04,thivya32514@gmail.com,Bronze,"No. 175, Jalan D6",Kuala Lumpur,Federal Territory of Kuala Lumpur,58000,2025-01-10
32515,Hannah,binti Hassan,Female,015-4678050,1967-07-29,hannah32515@gmail.com,Bronze,"No. 100, Jalan C12",Kuala Lumpur,Federal Territory of Kuala Lumpur,50000,2025-01-10
32516,Nurin,binti Ahmad,Female,014-5444131,2000-04-30,nurin32516@gmail.com,Gold,"No. 216, Jalan D19",Petaling Jaya,Selangor,47300,2025-01-10
32517,Adam,bin Osman,Male,010-2961216,1970-08-03,adam32517@gmail.com,Bronze,"No. 220, Jalan E19",Johor Bahru,Johor,80300,2025-01-10
32518,Danial,bin Razak,Male,010-7144314,1989-11-25,danial32518@gmail.com,Bronze,"No. 84, Jalan E1",Melaka,Melaka,75250,2025-01-10
32519,Emily,Liew,Female,016-1335994,1999-05-05,emily32519@gmail.com,Bronze,"No. 98, Jalan D8",Melaka,Melaka,75100,2025-01-10
32520,Nur Aina,binti Ahmad,Female,014-1524628,1970-08-02,nur32520@gmail.com,Bronze,"No. 289, Jalan A1",Klang,Selangor,41050,2025-01-10
32521,Kai Xin,Ng,Female,016-7995725,1989-09-20,kai32521@gmail.com,Bronze,"No. 269, Jalan A14",Sungai Buloh,Selangor,47000,2025-01-10
32522,Firdaus,bin Hamid,Male,010-2305538,1995-09-17,firdaus32522@gmail.com,Gold,"No. 235, Jalan A14",Shah Alam,Selangor,40400,2025-01-10
32523,Irfan,bin Razak,Male,012-5814977,1970-07-11,irfan32523@gmail.com,Bronze,"No. 178, Jalan G14",Klang,Selangor,41150,2025-01-10
32524,Syafiq,bin Osman,Male,015-8367632,1982-05-28,syafiq32524@gmail.com,Bronze,"No. 153, Jalan A6",Petaling Jaya,Selangor,46200,2025-01-10
32525,Chloe,Liew,Female,019-3710548,1983-12-04,chloe32525@gmail.com,Bronze,"No. 43, Jalan B18",Gombak,Selangor,53000,2025-01-10
32526,Aina,binti Zainal,Female,010-3656761,1978-02-09,aina32526@gmail.com,Silver,"No. 52, Jalan E20",Setapak,Federal Territory of Kuala Lumpur,53300,2025-01-10
32527,Nurul Huda,binti Osman,Female,017-1713581,1992-07-06,nurul32527@gmail.com,Bronze,"No. 58, Jalan G9",Setapak,Federal Territory of Kuala Lumpur,53200,2025-01-10
32528,Syafiq,bin Hassan,Male,012-6748447,1993-07-08,syafiq32528@gmail.com,Bronze,"No. 59, Jalan G13",Selayang,Selangor,68000,2025-01-10
32529,Ganesh,a/l Maniam,Male,015-6306438,1966-05-18,ganesh32529@gmail.com,Bronze,"No. 274, Jalan A4",Seremban,Negeri Sembilan,70500,2025-01-10
32530,Kevin,Liew,Male,016-6788671,2002-11-09,kevin32530@gmail.com,Silver,"No. 107, Jalan B4",Kuantan,Pahang,26060,2025-01-10
32531,Farah,binti Hamid,Female,013-4023354,1979-08-29,farah32531@gmail.com,Bronze,"No. 251, Jalan A12",Kajang,Selangor,43300,2025-01-10
32532,Mei Ling,Liew,Female,017-3897354,1996-08-12,mei32532@gmail.com,Bronze,"No. 186, Jalan C6",Bukit Jalil,Federal Territory of Kuala Lumpur,58200,2025-01-11
32533,Divya,a/p Krishnan,Female,010-2833846,1995-09-21,divya32533@gmail.com,Bronze,"No. 268, Jalan D3",Kepong,Federal Territory of Kuala Lumpur,52000,2025-01-11
32534,Kavitha,a/p Krishnan,Female,019-4145623,1968-12-31,kavitha32534@gmail.com,Silver,"No. 281, Jalan G19",Sungai Buloh,Selangor,47820,2025-01-11
32535,Zarina,binti Hamid,Female,019-1234001,1973-02-16,zarina32535@gmail.com,Bronze,"No. 218, Jalan G19",Shah Alam,Selangor,40300,2025-01-11
32536,Mei Ling,Ong,Female,014-3202593,1977-03-23,mei32536@gmail.com,Bronze,"No. 34, Jalan G19",Kulai,Johor,81000,2025-01-11
32537,Siti,binti Rahman,Female,018-1905831,2005-03-05,siti32537@gmail.com,Bronze,"No. 72, Jalan A10",Johor Bahru,Johor,80300,2025-01-11
32538,Thivya,a/p Subramaniam,Female,018-5340094,1975-12-13,thivya32538@gmail.com,Bronze,"No. 208, Jalan E7",Butterworth,Pulau Pinang,12100,2025-01-11
32539,Suhaila,binti Rahman,Female,016-8226812,2004-12-01,suhaila32539@gmail.com,Bronze,"No. 274, Jalan E5",Setapak,Federal Territory of Kuala Lumpur,53000,2025-01-11
32540,Mei Ling,Sim,Female,010-9666291,1992-06-29,mei32540@gmail.com,Bronze,"No. 48, Jalan F19",Alor Gajah,Melaka,78000,2025-01-11
32541,Zarina,binti Ismail,Female,016-1573681,2005-05-01,zarina32541@gmail.com,Bronze,"No. 15, Jalan F5",Shah Alam,Selangor,40300,2025-01-11
32542,Siti,binti Hassan,Female,013-2409710,1978-03-06,siti32542@gmail.com,Platinum,"No. 56, Jalan E18",Klang,Selangor,41250,2025-01-11
32543,Hafiz,bin Ahmad,Male,015-6717053,1985-11-07,hafiz32543@gmail.com,Bronze,"No. 71, Jalan B7",Klang,Selangor,42100,2025-01-11
32544,Siti,binti Abdullah,Female,016-6854373,1996-07-02,siti32544@gmail.com,Bronze,"No. 93, Jalan C6",Subang Jaya,Selangor,47600,2025-01-11
32545,Yee Ling,Chong,Female,014-1299521,1969-07-29,yee32545@gmail.com,Bronze,"No. 174, Jalan A3",Setapak,Federal Territory of Kuala Lumpur,53200,2025-01-11
32546,Rachel,Loh,Female,019-3131063,1972-03-03,rachel32546@gmail.com,Bronze,"No. 217, Jalan B1",Wangsa Maju,Federal Territory of Kuala Lumpur,53100,2025-01-11
32547,Faizal,bin Hamid,Male,014-5737332,1965-10-05,faizal32547@gmail.com,Bronze,"No. 30, Jalan F18",Gombak,Selangor,53100,2025-01-11
32548,Siti,binti Yusof,Female,016-5854753,1993-02-05,siti32548@gmail.com,Bronze,"No. 72, Jalan A2",Gombak,Selangor,53000,2025-01-11
32549,Rachel,Foo,Female,015-8641636,1975-10-27,rachel32549@gmail.com,Bronze,"No. 257, Jalan A2",Subang Jaya,Selangor,47500,2025-01-11
32550,Yasmin,binti Ahmad,Female,019-5494363,1987-01-17,yasmin32550@gmail.com,Bronze,"No. 293, Jalan G10",Cyberjaya,Selangor,63000,2025-01-11
32551,Pei Shan,Sim,Female,016-2726657,1991-01-26,pei32551@gmail.com,Bronze,"No. 287, Jalan G7",Bukit Jalil,Federal Territory of Kuala Lumpur,57000,2025-01-11
32552,Sze Min,Goh,Female,011-7909284,1989-08-30,sze32552@gmail.com,Silver,"No. 182, Jalan C14",Bukit Jalil,Federal Territory of Kuala Lumpur,57100,2025-01-11
32553,Adam,bin Osman,Male,014-9996665,1984-11-15,adam32553@gmail.com,Silver,"No. 70, Jalan F2",Kuala Lumpur,Federal Territory of Kuala Lumpur,55200,2025-01-12
32554,Yong Sheng,Teoh,Male,014-5334700,1992-02-21,yong32554@gmail.com,Gold,"No. 54, Jalan G20",Kuala Lumpur,Federal Territory of Kuala Lumpur,50000,2025-01-12
32555,Hui Min,Tan,Female,012-7738298,1968-03-18,hui32555@gmail.com,Bronze,"No. 126, Jalan G7",Selayang,Selangor,68000,2025-01-12
32556,Nurul Huda,binti Ismail,Female,014-8073832,1981-02-01,nurul32556@gmail.com,Bronze,"No. 100, Jalan B10",Petaling Jaya,Selangor,46050,2025-01-12
32557,Priya,a/p Rajan,Female,012-5451281,1971-09-20,priya32557@gmail.com,Silver,"No. 297, Jalan A3",Klang,Selangor,41150,2025-01-12
32558,Shu Fen,Ong,Female,014-5731888,1987-01-07,shu32558@gmail.com,Gold,"No. 97, Jalan F18",Petaling Jaya,Selangor,47800,2025-01-12
32559,Nurin,binti Osman,Female,010-3758806,1985-11-09,nurin32559@gmail.com,Gold,"No. 51, Jalan A13",George Town,Pulau Pinang,10050,2025-01-12
32560,Wan Ying,Foo,Female,013-3650714,1974-12-27,wan32560@gmail.com,Bronze,"No. 232, Jalan D8",George Town,Pulau Pinang,10150,2025-01-12
32561,Wei Hong,Teoh,Male,019-2846988,1984-11-23,wei32561@gmail.com,Bronze,"No. 126, Jalan B15",Melaka,Melaka,75200,2025-01-12
32562,Sharmila,a/p Subramaniam,Female,015-5168132,2002-08-03,sharmila32562@gmail.com,Bronze,"No. 95, Jalan F10",Shah Alam,Selangor,40200,2025-01-12
32563,Ravi,a/l Muniandy,Male,013-7054346,1980-09-24,ravi32563@gmail.com,Bronze,"No. 61, Jalan C5",Shah Alam,Selangor,40000,2025-01-12
32564,Aisyah,binti Abdullah,Female,019-2077814,1999-06-11,aisyah32564@gmail.com,Silver,"No. 38, Jalan E6",Shah Alam,Selangor,40100,2025-01-12
32565,Nadia,binti Razak,Female,018-5412135,1996-03-04,nadia32565@gmail.com,Silver,"No. 118, Jalan E5",Selayang,Selangor,68100,2025-01-12
32566,Meena,a/p Rajan,Female,018-3533623,1968-01-17,meena32566@gmail.com,Bronze,"No. 34, Jalan A12",Klang,Selangor,41000,2025-01-12
32567,Zulkifli,bin Ismail,Male,018-6469924,2006-07-13,zulkifli32567@gmail.com,Silver,"No. 204, Jalan E20",Puchong,Selangor,47140,2025-01-12
32568,Faizal,bin Hamid,Male,012-7759606,1982-12-03,faizal32568@gmail.com,Bronze,"No. 216, Jalan D4",Rawang,Selangor,48020,2025-01-12
32569,Nurin,binti Hamid,Female,010-2576132,1994-03-25,nurin32569@gmail.com,Bronze,"No. 255, Jalan A20",Wangsa Maju,Federal Territory of Kuala Lumpur,53200,2025-01-12
32570,Amirul,bin Hamid,Male,018-9562655,1965-07-26,amirul32570@gmail.com,Silver,"No. 157, Jalan D19",Setapak,Federal Territory of Kuala Lumpur,53300,2025-01-12
32571,Zulkifli,bin Abdullah,Male,011-4068672,2001-03-03,zulkifli32571@gmail.com,Bronze,"No. 88, Jalan F7",Wangsa Maju,Federal Territory of Kuala Lumpur,53200,2025-01-12
32572,Yong Sheng,Chan,Male,014-2043974,1966-12-02,yong32572@gmail.com,Bronze,"No. 53, Jalan A14",Wangsa Maju,Federal Territory of Kuala Lumpur,53100,2025-01-12
32573,Priya,a/p Subramaniam,Female,017-2174236,1965-02-10,priya32573@gmail.com,Silver,"No. 111, Jalan G14",Seremban,Negeri Sembilan,70000,2025-01-12
32574,Yasmin,binti Hassan,Female,014-3768621,1987-02-04,yasmin32574@gmail.com,Bronze,"No. 258, Jalan D13",Puchong,Selangor,47140,2025-01-12
32575,Anisa,binti Zainal,Female,013-5775720,2003-01-06,anisa32575@gmail.com,Bronze,"No. 22, Jalan B20",Ipoh,Perak,30010,2025-01-12
32576,Zhi Wei,Yap,Male,013-6016974,1966-10-11,zhi32576@gmail.com,Bronze,"No. 130, Jalan G12",Seremban,Negeri Sembilan,70200,2025-01-12
32577,Sze Min,Yeoh,Female,011-4176834,1970-01-31,sze32577@gmail.com,Silver,"No. 63, Jalan D1",Kuantan,Pahang,25250,2025-01-12
32578,Fatimah,binti Yusof,Female,011-7729635,1992-08-19,fatimah32578@gmail.com,Gold,"No. 167, Jalan B8",Kuantan,Pahang,25150,2025-01-12
32579,Wei Jie,Liew,Male,012-3465211,1972-10-04,wei32579@gmail.com,Bronze,"No. 18, Jalan A11",Kuantan,Pahang,25300,2025-01-12
32580,Zarina,binti Ismail,Female,010-8978025,1990-04-15,zarina32580@gmail.com,Silver,"No. 170, Jalan B3",Bukit Jalil,Federal Territory of Kuala Lumpur,57000,2025-01-12
32581,Nurin,binti Razak,Female,012-8764342,2002-08-12,nurin32581@gmail.com,Bronze,"No. 46, Jalan G4",Bukit Jalil,Federal Territory of Kuala Lumpur,57100,2025-01-12
32582,Suhaila,binti Osman,Female,012-4003835,2002-12-31,suhaila32582@gmail.com,Bronze,"No. 19, Jalan D6",Kuala Lumpur,Federal Territory of Kuala Lumpur,57000,2025-01-13
32583,Faizal,bin Abdullah,Male,017-6290249,2004-12-16,faizal32583@gmail.com,Bronze,"No. 272, Jalan E5",Kuala Lumpur,Federal Territory of Kuala Lumpur,56000,2025-01-13
32584,Emily,Sim,Female,016-5621457,2003-10-23,emily32584@gmail.com,Bronze,"No. 145, Jalan C3",Petaling Jaya,Selangor,46050,2025-01-13
32585,Michelle,Chin,Female,016-9767461,1969-05-30,michelle32585@gmail.com,Bronze,"No. 169, Jalan A18",George Town,Pulau Pinang,10150,2025-01-13
32586,Rohani,binti Razak,Female,011-9886610,1983-08-12,rohani32586@gmail.com,Bronze,"No. 200, Jalan D14",Puchong,Selangor,47170,2025-01-13
32587,Anisa,binti Osman,Female,012-3136854,1999-11-30,anisa32587@gmail.com,Silver,"No. 269, Jalan F2",Cyberjaya,Selangor,63000,2025-01-13
32588,Ganesh,a/l Muniandy,Male,014-5641951,1983-12-01,ganesh32588@gmail.com,Bronze,"No. 109, Jalan F6",Selayang,Selangor,68100,2025-01-13
32589,Nabila,binti Hamid,Female,013-3527967,1969-06-17,nabila32589@gmail.com,Silver,"No. 190, Jalan G7",Setapak,Federal Territory of Kuala Lumpur,53300,2025-01-13
32590,Yong Sheng,Lee,Male,012-7688695,1969-09-15,yong32590@gmail.com,Bronze,"No. 137, Jalan F2",Wangsa Maju,Federal Territory of Kuala Lumpur,53300,2025-01-13
32591,Sharmila,a/p Muniandy,Female,013-2944868,1992-12-13,sharmila32591@gmail.com,Silver,"No. 246, Jalan A15",Wangsa Maju,Federal Territory of Kuala Lumpur,53100,2025-01-13
32592,Priya,a/p Rajan,Female,018-6641423,2000-08-03,priya32592@gmail.com,Bronze,"No. 126, Jalan A2",Rawang,Selangor,48010,2025-01-13
32593,Hui Min,Khoo,Female,014-7250181,1968-04-22,hui32593@gmail.com,Silver,"No. 73, Jalan A10",Nilai,Negeri Sembilan,71760,2025-01-13
32594,Fatimah,binti Ismail,Female,010-1043508,1982-10-09,fatimah32594@gmail.com,Silver,"No. 289, Jalan D7",Seremban,Negeri Sembilan,70500,2025-01-13
32595,Wei Jie,Foo,Male,014-3812215,1968-05-30,wei32595@gmail.com,Silver,"No. 9, Jalan F19",Subang Jaya,Selangor,47630,2025-01-13
32596,Yong Sheng,Goh,Male,012-1168585,1991-04-13,yong32596@gmail.com,Bronze,"No. 219, Jalan G13",Cyberjaya,Selangor,63000,2025-01-13
32597,Hannah,binti Abdullah,Female,017-4280382,2002-09-13,hannah32597@gmail.com,Gold,"No. 47, Jalan A15",Subang Jaya,Selangor,47620,2025-01-13
32598,Kumar,a/l Rajan,Male,018-6493099,1978-12-06,kumar32598@gmail.com,Bronze,"No. 18, Jalan B15",Kuala Lumpur,Federal Territory of Kuala Lumpur,59200,2025-01-14
32599,Amirul,bin Razak,Male,012-6424769,1996-10-05,amirul32599@gmail.com,Bronze,"No. 4, Jalan F2",Kuala Lumpur,Federal Territory of Kuala Lumpur,55100,2025-01-14
32600,Nurin,binti Hassan,Female,016-7376169,1995-01-01,nurin32600@gmail.com,Gold,"No. 34, Jalan D11",Petaling Jaya,Selangor,47301,2025-01-14
32601,Pei Shan,Chan,Female,012-5776111,1982-01-22,pei32601@gmail.com,Bronze,"No. 110, Jalan B9",Johor Bahru,Johor,80200,2025-01-14
32602,Amirul,bin Rahman,Male,018-4884846,1975-09-15,amirul32602@gmail.com,Gold,"No. 171, Jalan G17",George Town,Pulau Pinang,10100,2025-01-14
32603,Amelia,binti Hassan,Female,017-3947889,1978-06-25,amelia32603@gmail.com,Platinum,"No. 107, Jalan D4",Gombak,Selangor,53100,2025-01-14
32604,Danial,bin Ahmad,Male,016-7763370,1976-09-21,danial32604@gmail.com,Gold,"No. 36, Jalan G16",Klang,Selangor,41100,2025-01-14
32605,Aiman,bin Abdullah,Male,019-4430564,1973-08-03,aiman32605@gmail.com,Gold,"No. 98, Jalan F6",Petaling Jaya,Selangor,47300,2025-01-14
32606,Nurin,binti Abdullah,Female,017-5078042,1975-12-18,nurin32606@gmail.com,Gold,"No. 63, Jalan D4",Puchong,Selangor,47110,2025-01-14
32607,Balqis,binti Yusof,Female,016-5749319,1997-05-17,balqis32607@gmail.com,Bronze,"No. 281, Jalan G20",Johor Bahru,Johor,80300,2025-01-14
32608,Nurin,binti Abdullah,Female,016-4979659,2005-01-28,nurin32608@gmail.com,Bronze,"No. 18, Jalan B19",Wangsa Maju,Federal Territory of Kuala Lumpur,53300,2025-01-14
32609,Irfan,bin Razak,Male,015-7106633,2006-07-16,irfan32609@gmail.com,Silver,"No. 42, Jalan F2",Wangsa Maju,Federal Territory of Kuala Lumpur,53300,2025-01-14
32610,Siti,binti Osman,Female,014-5624735,1975-04-26,siti32610@gmail.com,Bronze,"No. 279, Jalan A19",Gombak,Selangor,53100,2025-01-14
32611,Fatimah,binti Ahmad,Female,013-3053649,1993-03-31,fatimah32611@gmail.com,Bronze,"No. 152, Jalan D13",Ipoh,Perak,30250,2025-01-14
32612,Farah,binti Osman,Female,012-9005524,1998-08-21,farah32612@gmail.com,Bronze,"No. 168, Jalan D8",Ipoh,Perak,30100,2025-01-14
32613,Fatimah,binti Abdullah,Female,012-5280520,1987-06-11,fatimah32613@gmail.com,Bronze,"No. 252, Jalan D14",Kuantan,Pahang,25050,2025-01-14
32614,Farah,binti Osman,Female,018-8743897,1997-01-02,farah32614@gmail.com,Gold,"No. 37, Jalan B16",Kuantan,Pahang,25100,2025-01-14
32615,Anisa,binti Abdullah,Female,017-2570452,1995-02-06,anisa32615@gmail.com,Bronze,"No. 131, Jalan C16",Cyberjaya,Selangor,63000,2025-01-14
32616,Meena,a/p Rajan,Female,019-3686597,1970-07-11,meena32616@gmail.com,Bronze,"No. 205, Jalan G3",Subang Jaya,Selangor,47630,2025-01-14
32617,Lakshmi,a/p Subramaniam,Female,013-8281360,1980-12-13,lakshmi32617@gmail.com,Gold,"No. 138, Jalan F4",Subang Jaya,Selangor,47620,2025-01-14
32618,Lakshmi,a/p Ramasamy,Female,013-2432258,2001-07-02,lakshmi32618@gmail.com,Silver,"No. 265, Jalan F7",Subang Jaya,Selangor,47630,2025-01-14
32619,Alia,binti Ahmad,Female,013-7285399,1969-12-18,alia32619@gmail.com,Silver,"No. 40, Jalan E10",Kepong,Federal Territory of Kuala Lumpur,51200,2025-01-15
32620,Prakash,a/l Maniam,Male,019-9945541,1979-09-23,prakash32620@gmail.com,Silver,"No. 4, Jalan B1",Kepong,Federal Territory of Kuala Lumpur,52000,2025-01-15
32621,Prakash,a/l Maniam,Male,013-6411349,1968-03-18,prakash32621@gmail.com,Gold,"No. 130, Jalan B8",Petaling Jaya,Selangor,46300,2025-01-15
32622,Nabila,binti Yusof,Female,017-3930141,1966-05-27,nabila32622@gmail.com,Bronze,"No. 109, Jalan E8",Petaling Jaya,Selangor,47301,2025-01-15
32623,Hui Min,Chong,Female,010-4003107,1966-04-30,hui32623@gmail.com,Silver,"No. 258, Jalan A6",Petaling Jaya,Selangor,46000,2025-01-15
32624,Aiman,bin Hamid,Male,010-1596284,1972-01-25,aiman32624@gmail.com,Silver,"No. 293, Jalan G12",Petaling Jaya,Selangor,47800,2025-01-15
32625,Zulkifli,bin Osman,Male,017-5606656,1981-03-31,zulkifli32625@gmail.com,Bronze,"No. 73, Jalan G16",Johor Bahru,Johor,80300,2025-01-15
32626,Amelia,binti Rahman,Female,013-9780216,1964-10-03,amelia32626@gmail.com,Silver,"No. 56, Jalan E13",Johor Bahru,Johor,81300,2025-01-15
32627,Anjali,a/p Rajan,Female,014-4835955,2001-11-28,anjali32627@gmail.com,Silver,"No. 123, Jalan D19",George Town,Pulau Pinang,10350,2025-01-15
32628,Alia,binti Razak,Female,015-3415609,1977-02-05,alia32628@gmail.com,Bronze,"No. 28, Jalan G19",George Town,Pulau Pinang,10400,2025-01-15
32629,Nabila,binti Zainal,Female,010-7817382,1985-12-16,nabila32629@gmail.com,Bronze,"No. 153, Jalan B18",Klang,Selangor,41000,2025-01-15
32630,Anisa,binti Hamid,Female,016-8486749,1994-12-29,anisa32630@gmail.com,Bronze,"No. 99, Jalan C1",Puchong,Selangor,47180,2025-01-15
32631,Siti,binti Razak,Female,016-6645125,2000-12-04,siti32631@gmail.com,Silver,"No. 9, Jalan A1",Puchong,Selangor,47180,2025-01-15
32632,Rachel,Wong,Female,018-5872289,1974-09-28,rachel32632@gmail.com,Bronze,"No. 260, Jalan B6",Kuala Lumpur,Federal Territory of Kuala Lumpur,50450,2025-01-15
32633,Rachel,Ng,Female,019-3832089,2004-08-13,rachel32633@gmail.com,Platinum,"No. 30, Jalan E7",Setapak,Federal Territory of Kuala Lumpur,53200,2025-01-15
32634,Jun Hao,Chua,Male,015-9185110,2001-08-09,jun32634@gmail.com,Bronze,"No. 139, Jalan E19",Kepong,Federal Territory of Kuala Lumpur,52000,2025-01-15
32635,Nadia,binti Hassan,Female,016-8457767,1966-05-11,nadia32635@gmail.com,Bronze,"No. 248, Jalan C13",Setapak,Federal Territory of Kuala Lumpur,53100,2025-01-15
32636,Aiman,bin Yusof,Male,012-3569031,1980-06-27,aiman32636@gmail.com,Silver,"No. 184, Jalan B18",Bukit Jalil,Federal Territory of Kuala Lumpur,57100,2025-01-15
32637,Faizal,bin Hamid,Male,019-6922354,1993-08-19,faizal32637@gmail.com,Bronze,"No. 242, Jalan D4",Ipoh,Perak,31350,2025-01-15
32638,Faizal,bin Zainal,Male,018-7668705,1968-12-16,faizal32638@gmail.com,Silver,"No. 81, Jalan C12",Seremban,Negeri Sembilan,70500,2025-01-15
32639,Nadia,binti Yusof,Female,016-9591875,1991-03-31,nadia32639@gmail.com,Bronze,"No. 4, Jalan D17",Kuantan,Pahang,25150,2025-01-15
32640,Kevin,Teoh,Male,010-5288003,1993-11-20,kevin32640@gmail.com,Silver,"No. 10, Jalan G16",Cyberjaya,Selangor,63000,2025-01-15
32641,Michelle,Teoh,Female,014-7648985,2004-02-23,michelle32641@gmail.com,Bronze,"No. 142, Jalan B6",Bukit Jalil,Federal Territory of Kuala Lumpur,57100,2025-01-15
32642,Aisyah,binti Zainal,Female,018-7840116,1994-11-27,aisyah32642@gmail.com,Platinum,"No. 79, Jalan B19",Bukit Jalil,Federal Territory of Kuala Lumpur,58200,2025-01-15
32643,Amirul,bin Hassan,Male,018-1312653,1971-07-31,amirul32643@gmail.com,Bronze,"No. 95, Jalan C7",Kuala Lumpur,Federal Territory of Kuala Lumpur,56000,2025-01-16
32644,Rohani,binti Rahman,Female,016-6309272,1965-06-14,rohani32644@gmail.com,Platinum,"No. 98, Jalan B2",Johor Bahru,Johor,80200,2025-01-16
32645,Zheng Yang,Khoo,Male,017-7926650,1985-12-20,zheng32645@gmail.com,Bronze,"No. 147, Jalan C14",Melaka,Melaka,75250,2025-01-16
32646,Nabila,binti Ismail,Female,012-4461548,1990-10-02,nabila32646@gmail.com,Silver,"No. 54, Jalan B13",Melaka,Melaka,75200,2025-01-16
32647,Zulkifli,bin Rahman,Male,014-1997984,1968-01-04,zulkifli32647@gmail.com,Silver,"No. 174, Jalan E2",Puchong,Selangor,47170,2025-01-16
32648,Ganesh,a/l Muniandy,Male,018-6956127,2001-09-22,ganesh32648@gmail.com,Bronze,"No. 209, Jalan D12",Puchong,Selangor,47180,2025-01-16
32649,Anjali,a/p Subramaniam,Female,019-5882859,1982-01-22,anjali32649@gmail.com,Silver,"No. 241, Jalan D13",Puchong,Selangor,47130,2025-01-16
32650,Aina,binti Hamid,Female,014-1264102,1987-01-05,aina32650@gmail.com,Silver,"No. 92, Jalan F6",Setapak,Federal Territory of Kuala Lumpur,53000,2025-01-16
32651,Danial,bin Ahmad,Male,017-1285764,1998-02-04,danial32651@gmail.com,Bronze,"No. 14, Jalan F11",Wangsa Maju,Federal Territory of Kuala Lumpur,53200,2025-01-16
32652,Haziq,bin Razak,Male,010-1075673,2003-08-07,haziq32652@gmail.com,Silver,"No. 73, Jalan D1",Klang,Selangor,41000,2025-01-16
32653,Nabila,binti Rahman,Female,017-3899508,1968-03-19,nabila32653@gmail.com,Silver,"No. 77, Jalan E4",Selayang,Selangor,68000,2025-01-16
32654,Haziq,bin Hamid,Male,017-5292045,1986-09-22,haziq32654@gmail.com,Bronze,"No. 147, Jalan G14",Kuantan,Pahang,25150,2025-01-16
32655,Nur Aina,binti Zainal,Female,018-2970572,1986-06-23,nur32655@gmail.com,Platinum,"No. 140, Jalan B15",Subang Jaya,Selangor,47630,2025-01-16
32656,Li Wen,Chin,Female,013-4952409,1973-10-21,li32656@gmail.com,Bronze,"No. 24, Jalan E6",Puchong,Selangor,47180,2025-01-16
32657,Rachel,Teoh,Female,018-2559957,1966-05-19,rachel32657@gmail.com,Bronze,"No. 85, Jalan F1",Kuala Lumpur,Federal Territory of Kuala Lumpur,59200,2025-01-17
32658,Siti,binti Rahman,Female,014-6084593,1993-05-02,siti32658@gmail.com,Bronze,"No. 12, Jalan G6",Kuala Lumpur,Federal Territory of Kuala Lumpur,50000,2025-01-17
32659,Ling Ling,Khoo,Female,017-3653932,1990-04-28,ling32659@gmail.com,Bronze,"No. 297, Jalan B7",Kuala Lumpur,Federal Territory of Kuala Lumpur,50000,2025-01-17
32660,Michelle,Tan,Female,015-3093829,1993-04-29,michelle32660@gmail.com,Bronze,"No. 21, Jalan B13",Kuala Lumpur,Federal Territory of Kuala Lumpur,56000,2025-01-17
32661,Wei Jie,Lim,Male,014-6005629,2005-07-21,wei32661@gmail.com,Silver,"No. 68, Jalan G7",Sungai Buloh,Selangor,47820,2025-01-17
32662,Fatimah,binti Ahmad,Female,011-3058263,1991-01-19,fatimah32662@gmail.com,Bronze,"No. 178, Jalan D10",Klang,Selangor,41250,2025-01-17
32663,Hui Min,Lee,Female,019-2512105,2001-10-23,hui32663@gmail.com,Bronze,"No. 180, Jalan B2",Johor Bahru,Johor,81100,2025-01-17
32664,Zhi Wei,Wong,Male,019-1976446,1980-12-05,zhi32664@gmail.com,Silver,"No. 88, Jalan E19",Melaka,Melaka,75350,2025-01-17
32665,Aiman,bin Zainal,Male,012-5941285,1996-02-21,aiman32665@gmail.com,Bronze,"No. 267, Jalan B15",Klang,Selangor,41150,2025-01-17
32666,Jun Hao,Loh,Male,015-9192920,1988-09-16,jun32666@gmail.com,Gold,"No. 34, Jalan A12",Klang,Selangor,41250,2025-01-17
32667,Mei Ling,Cheah,Female,015-9878861,1970-11-18,mei32667@gmail.com,Bronze,"No. 89, Jalan C15",Sungai Buloh,Selangor,47810,2025-01-17
32668,Lakshmi,a/p Krishnan,Female,010-1806153,1965-07-29,lakshmi32668@gmail.com,Gold,"No. 281, Jalan B19",Klang,Selangor,41150,2025-01-17
32669,Balqis,binti Yusof,Female,015-7043471,1977-03-02,balqis32669@gmail.com,Bronze,"No. 290, Jalan B20",Sungai Buloh,Selangor,47000,2025-01-17
32670,Syafiq,bin Osman,Male,012-2401214,1989-09-04,syafiq32670@gmail.com,Bronze,"No. 214, Jalan E17",Puchong,Selangor,47150,2025-01-17
32671,Firdaus,bin Ismail,Male,011-3589638,1964-02-19,firdaus32671@gmail.com,Bronze,"No. 223, Jalan A11",Gombak,Selangor,53000,2025-01-17
32672,Jun Hao,Khoo,Male,016-5703171,1975-03-31,jun32672@gmail.com,Silver,"No. 119, Jalan C11",Rawang,Selangor,48010,2025-01-17
32673,Nurul Huda,binti Hamid,Female,016-4371737,1994-09-23,nurul32673@gmail.com,Bronze,"No. 35, Jalan F2",Gombak,Selangor,68100,2025-01-17
32674,Amelia,binti Zainal,Female,014-8740764,1966-02-25,amelia32674@gmail.com,Gold,"No. 254, Jalan D18",Seremban,Negeri Sembilan,70100,2025-01-17
32675,Adam,bin Ahmad,Male,016-6930282,1990-09-10,adam32675@gmail.com,Bronze,"No. 243, Jalan C9",Seremban,Negeri Sembilan,70400,2025-01-17
32676,Farah,binti Yusof,Female,015-3308698,2006-03-09,farah32676@gmail.com,Silver,"No. 201, Jalan G3",Seremban,Negeri Sembilan,70000,2025-01-17
32677,Meena,a/p Subramaniam,Female,013-3856500,1967-06-24,meena32677@gmail.com,Bronze,"No. 260, Jalan C3",Temerloh,Pahang,28400,2025-01-17
32678,Adam,bin Hassan,Male,013-6387174,1987-10-03,adam32678@gmail.com,Platinum,"No. 128, Jalan G11",Subang Jaya,Selangor,47630,2025-01-17
32679,Nabila,binti Hamid,Female,017-4463948,1988-01-02,nabila32679@gmail.com,Gold,"No. 195, Jalan E15",Bukit Jalil,Federal Territory of Kuala Lumpur,57100,2025-01-17
32680,Suresh,a/l Muniandy,Male,011-5084541,2000-12-08,suresh32680@gmail.com,Bronze,"No. 103, Jalan A17",Kuala Lumpur,Federal Territory of Kuala Lumpur,56000,2025-01-18
32681,Faizal,bin Razak,Male,013-9387319,1970-08-22,faizal32681@gmail.com,Bronze,"No. 225, Jalan D19",Petaling Jaya,Selangor,46050,2025-01-18
32682,Irfan,bin Osman,Male,015-8912030,1977-08-19,irfan32682@gmail.com,Bronze,"No. 44, Jalan F11",Petaling Jaya,Selangor,47800,2025-01-18
32683,Chloe,Sim,Female,011-6756372,2001-06-26,chloe32683@gmail.com,Bronze,"No. 222, Jalan A17",Johor Bahru,Johor,80350,2025-01-18
32684,Priya,a/p Muniandy,Female,011-2273112,1979-03-02,priya32684@gmail.com,Silver,"No. 300, Jalan E2",George Town,Pulau Pinang,10000,2025-01-18
32685,Jasmine,Loh,Female,014-9141513,1995-07-28,jasmine32685@gmail.com,Bronze,"No. 66, Jalan C1",Melaka,Melaka,75350,2025-01-18
32686,Li Wen,Lim,Female,017-8028200,1974-11-26,li32686@gmail.com,Bronze,"No. 192, Jalan E13",Klang,Selangor,41000,2025-01-18
32687,Izzati,binti Hassan,Female,010-1057553,1986-12-29,izzati32687@gmail.com,Bronze,"No. 154, Jalan F15",Klang,Selangor,41300,2025-01-18
32688,Shu Fen,Teoh,Female,010-3644545,2005-05-13,shu32688@gmail.com,Bronze,"No. 30, Jalan A19",Klang,Selangor,41200,2025-01-18
32689,Jia Yi,Ong,Female,010-4030967,1975-11-30,jia32689@gmail.com,Bronze,"No. 26, Jalan F13",Puchong,Selangor,47160,2025-01-18
32690,Yasmin,binti Yusof,Female,017-8653526,1983-05-29,yasmin32690@gmail.com,Gold,"No. 4, Jalan C20",Puchong,Selangor,47180,2025-01-18
32691,Faizal,bin Razak,Male,017-7372657,1994-01-08,faizal32691@gmail.com,Bronze,"No. 229, Jalan C4",Puchong,Selangor,47100,2025-01-18
32692,Yasmin,binti Hamid,Female,013-7573924,1995-01-30,yasmin32692@gmail.com,Bronze,"No. 151, Jalan A9",Selayang,Selangor,68000,2025-01-18
32693,Siti,binti Yusof,Female,013-4976389,1996-04-08,siti32693@gmail.com,Silver,"No. 95, Jalan B2",Klang,Selangor,41050,2025-01-18
32694,Faizal,bin Osman,Male,011-8411583,1991-07-06,faizal32694@gmail.com,Silver,"No. 234, Jalan B14",Kepong,Federal Territory of Kuala Lumpur,52100,2025-01-18
32695,Nurul Huda,binti Yusof,Female,016-4170251,1981-11-23,nurul32695@gmail.com,Bronze,"No. 103, Jalan E18",Puchong,Selangor,47140,2025-01-18
32696,Faizal,bin Ahmad,Male,015-7784512,1996-05-07,faizal32696@gmail.com,Bronze,"No. 104, Jalan F2",Gombak,Selangor,53000,2025-01-18
32697,Izzati,binti Ismail,Female,015-5435786,1974-01-07,izzati32697@gmail.com,Gold,"No. 204, Jalan C20",Melaka,Melaka,75050,2025-01-18
32698,Nadia,binti Zainal,Female,012-5625841,2003-03-29,nadia32698@gmail.com,Bronze,"No. 107, Jalan B10",Kuantan,Pahang,26060,2025-01-18
32699,Haziq,bin Ahmad,Male,016-4144307,1972-03-31,haziq32699@gmail.com,Bronze,"No. 86, Jalan B14",Bukit Jalil,Federal Territory of Kuala Lumpur,57000,2025-01-18
32700,Alia,binti Hassan,Female,017-6609426,1970-05-03,alia32700@gmail.com,Silver,"No. 77, Jalan E11",Bukit Jalil,Federal Territory of Kuala Lumpur,57100,2025-01-18
32701,Hafiz,bin Hassan,Male,011-2006443,1993-01-29,hafiz32701@gmail.com,Bronze,"No. 294, Jalan D9",Bukit Jalil,Federal Territory of Kuala Lumpur,57000,2025-01-18
32702,Rajesh,a/l Ramasamy,Male,018-8978913,2004-06-27,rajesh32702@gmail.com,Gold,"No. 149, Jalan F2",Kuala Lumpur,Federal Territory of Kuala Lumpur,58000,2025-01-19
32703,Ravi,a/l Krishnan,Male,013-6480023,1998-09-16,ravi32703@gmail.com,Bronze,"No. 4, Jalan B6",Sungai Buloh,Selangor,47810,2025-01-19
32704,Faizal,bin Razak,Male,011-6942923,1965-11-11,faizal32704@gmail.com,Silver,"No. 271, Jalan E8",Petaling Jaya,Selangor,46050,2025-01-19
32705,Haziq,bin Ismail,Male,014-5599412,1989-09-28,haziq32705@gmail.com,Silver,"No. 195, Jalan C14",Setapak,Federal Territory of Kuala Lumpur,53100,2025-01-19
32706,Danial,bin Hamid,Male,012-3371098,1980-07-31,danial32706@gmail.com,Platinum,"No. 186, Jalan B2",Johor Bahru,Johor,80200,2025-01-19
32707,Vikram,a/l Muniandy,Male,010-3417251,1993-12-01,vikram32707@gmail.com,Gold,"No. 227, Jalan D9",Wangsa Maju,Federal Territory of Kuala Lumpur,53300,2025-01-19
32708,Nadia,binti Razak,Female,015-9405461,1981-12-30,nadia32708@gmail.com,Bronze,"No. 163, Jalan A4",George Town,Pulau Pinang,10350,2025-01-19
32709,Nabila,binti Hassan,Female,013-4782866,1969-02-20,nabila32709@gmail.com,Bronze,"No. 178, Jalan D20",Melaka,Melaka,75250,2025-01-19
32710,Li Wen,Liew,Female,019-7526590,1987-09-04,li32710@gmail.com,Bronze,"No. 66, Jalan F8",Shah Alam,Selangor,40450,2025-01-19
32711,Mei Ling,Tan,Female,016-2644381,1980-04-19,mei32711@gmail.com,Bronze,"No. 107, Jalan F15",Klang,Selangor,41300,2025-01-19
32712,Nurul Huda,binti Osman,Female,016-6958501,1970-05-11,nurul32712@gmail.com,Gold,"No. 185, Jalan G3",Cyberjaya,Selangor,63100,2025-01-19
32713,Kumar,a/l Rajan,Male,014-9569605,1985-10-23,kumar32713@gmail.com,Bronze,"No. 165, Jalan A15",Subang Jaya,Selangor,47500,2025-01-19
32714,Thivya,a/p Ramasamy,Female,014-4689064,1981-06-23,thivya32714@gmail.com,Bronze,"No. 265, Jalan C11",Setapak,Federal Territory of Kuala Lumpur,53200,2025-01-19
32715,Aiman,bin Ahmad,Male,013-5890202,1977-01-27,aiman32715@gmail.com,Bronze,"No. 300, Jalan G8",Wangsa Maju,Federal Territory of Kuala Lumpur,53100,2025-01-19
32716,Zulkifli,bin Ahmad,Male,014-7888368,1980-05-15,zulkifli32716@gmail.com,Bronze,"No. 25, Jalan A13",Wangsa Maju,Federal Territory of Kuala Lumpur,53200,2025-01-19
32717,Firdaus,bin Yusof,Male,017-5593298,2001-04-01,firdaus32717@gmail.com,Gold,"No. 266, Jalan A18",Ampang,Selangor,68000,2025-01-19
32718,Divya,a/p Ramasamy,Female,017-6907208,1988-02-25,divya32718@gmail.com,Bronze,"No. 82, Jalan E10",Rawang,Selangor,48000,2025-01-19
32719,Zarina,binti Osman,Female,013-4140985,2005-02-15,zarina32719@gmail.com,Bronze,"No. 142, Jalan G11",Petaling Jaya,Selangor,46100,2025-01-19
32720,Chong Wei,Teoh,Male,014-6208505,1986-03-04,chong32720@gmail.com,Silver,"No. 93, Jalan D15",Taiping,Perak,34700,2025-01-19
32721,Arjun,a/l Ramasamy,Male,013-9032548,1972-07-26,arjun32721@gmail.com,Bronze,"No. 4, Jalan E10",Ipoh,Perak,30010,2025-01-19
32722,Vikram,a/l Ramasamy,Male,014-2819963,1973-07-28,vikram32722@gmail.com,Silver,"No. 50, Jalan G2",Seremban,Negeri Sembilan,70400,2025-01-19
32723,Rachel,Chua,Female,010-7787632,1991-08-25,rachel32723@gmail.com,Bronze,"No. 78, Jalan E7",Bukit Jalil,Federal Territory of Kuala Lumpur,57000,2025-01-19
32724,Jia Yi,Sim,Female,013-3276503,1979-12-14,jia32724@gmail.com,Silver,"No. 11, Jalan A14",Setapak,Federal Territory of Kuala Lumpur,53300,2025-01-20
32725,Xin Yi,Chua,Female,012-4191407,1993-03-19,xin32725@gmail.com,Silver,"No. 52, Jalan C1",Kulai,Johor,81000,2025-01-20
32726,Thivya,a/p Muniandy,Female,013-5860166,1988-03-11,thivya32726@gmail.com,Silver,"No. 28, Jalan A11",George Town,Pulau Pinang,10050,2025-01-20
32727,Amirul,bin Ahmad,Male,017-3714913,1964-01-12,amirul32727@gmail.com,Gold,"No. 220, Jalan C20",Shah Alam,Selangor,40160,2025-01-20
32728,Kok Wai,Goh,Male,017-6443426,1978-09-28,kok32728@gmail.com,Bronze,"No. 172, Jalan A11",Shah Alam,Selangor,40450,2025-01-20
32729,Farah,binti Hassan,Female,014-7538282,1995-12-03,farah32729@gmail.com,Bronze,"No. 43, Jalan A4",Shah Alam,Selangor,40200,2025-01-20
32730,Amirul,bin Ahmad,Male,017-1394022,1965-03-16,amirul32730@gmail.com,Bronze,"No. 62, Jalan G3",Selayang,Selangor,68100,2025-01-20
32731,Sharmila,a/p Rajan,Female,016-8114832,1998-03-15,sharmila32731@gmail.com,Silver,"No. 220, Jalan D3",Setapak,Federal Territory of Kuala Lumpur,53300,2025-01-20
32732,Sze Min,Loh,Female,011-5598788,1976-09-20,sze32732@gmail.com,Silver,"No. 76, Jalan B1",Setapak,Federal Territory of Kuala Lumpur,53200,2025-01-20
32733,Nadia,binti Yusof,Female,014-8251871,1990-03-07,nadia32733@gmail.com,Bronze,"No. 257, Jalan C16",Seremban,Negeri Sembilan,70100,2025-01-20
32734,Divya,a/p Ramasamy,Female,019-8565023,1965-12-22,divya32734@gmail.com,Bronze,"No. 23, Jalan G4",Seremban,Negeri Sembilan,70300,2025-01-20
32735,Lakshmi,a/p Krishnan,Female,019-2733857,1991-11-21,lakshmi32735@gmail.com,Bronze,"No. 46, Jalan C16",Nilai,Negeri Sembilan,71800,2025-01-20
32736,Xin Yi,Sim,Female,014-6040768,1991-11-10,xin32736@gmail.com,Platinum,"No. 34, Jalan D19",Seremban,Negeri Sembilan,70000,2025-01-20
32737,Amelia,binti Hamid,Female,014-1914150,1989-11-29,amelia32737@gmail.com,Silver,"No. 33, Jalan A9",Kuantan,Pahang,25300,2025-01-20
32738,Emily,Wong,Female,014-5974551,1988-11-15,emily32738@gmail.com,Gold,"No. 171, Jalan G13",Kuantan,Pahang,25000,2025-01-20
32739,Yasmin,binti Abdullah,Female,015-5266871,1991-05-07,yasmin32739@gmail.com,Silver,"No. 219, Jalan D7",Subang Jaya,Selangor,47610,2025-01-20
32740,Wei Hong,Tan,Male,019-5273116,1964-10-29,wei32740@gmail.com,Gold,"No. 207, Jalan A18",Subang Jaya,Selangor,47630,2025-01-20
32741,Lakshmi,a/p Maniam,Female,018-6748339,1991-08-07,lakshmi32741@gmail.com,Gold,"No. 2, Jalan E19",Subang Jaya,Selangor,47610,2025-01-20
32742,Zheng Yang,Foo,Male,017-4790108,1993-04-29,zheng32742@gmail.com,Bronze,"No. 52, Jalan F20",Cyberjaya,Selangor,63100,2025-01-20
32743,Rajesh,a/l Ramasamy,Male,013-9457375,1989-02-22,rajesh32743@gmail.com,Silver,"No. 290, Jalan E7",Kuala Lumpur,Federal Territory of Kuala Lumpur,58000,2025-01-21
32744,Shu Fen,Ong,Female,012-6297319,1979-11-22,shu32744@gmail.com,Bronze,"No. 123, Jalan B17",Kuala Lumpur,Federal Territory of Kuala Lumpur,50450,2025-01-21
32745,Danial,bin Rahman,Male,015-2805393,1994-01-23,danial32745@gmail.com,Bronze,"No. 59, Jalan A1",Petaling Jaya,Selangor,46200,2025-01-21
32746,Nabila,binti Abdullah,Female,010-2519508,1997-08-31,nabila32746@gmail.com,Bronze,"No. 167, Jalan G4",Sungai Buloh,Selangor,47820,2025-01-21
32747,Priya,a/p Subramaniam,Female,010-2951529,1990-06-04,priya32747@gmail.com,Gold,"No. 227, Jalan C11",Shah Alam,Selangor,40160,2025-01-21
32748,Shu Fen,Wong,Female,018-6098889,1991-05-20,shu32748@gmail.com,Silver,"No. 166, Jalan D2",Klang,Selangor,41000,2025-01-21
32749,Chloe,Ng,Female,015-8455039,1976-10-07,chloe32749@gmail.com,Gold,"No. 67, Jalan C9",Sungai Buloh,Selangor,47820,2025-01-21
32750,Fatimah,binti Ismail,Female,011-4766888,1994-04-29,fatimah32750@gmail.com,Silver,"No. 277, Jalan C17",Selayang,Selangor,68000,2025-01-21
32751,Alia,binti Yusof,Female,017-1432804,1997-12-05,alia32751@gmail.com,Bronze,"No. 177, Jalan G17",Setapak,Federal Territory of Kuala Lumpur,53100,2025-01-21
32752,Nur Aina,binti Hamid,Female,019-3767065,1971-10-28,nur32752@gmail.com,Bronze,"No. 54, Jalan D11",Setapak,Federal Territory of Kuala Lumpur,53200,2025-01-21
32753,Jia Yi,Chong,Female,015-5204150,1995-01-14,jia32753@gmail.com,Bronze,"No. 159, Jalan E5",Wangsa Maju,Federal Territory of Kuala Lumpur,53300,2025-01-21
32754,Hui Min,Yeoh,Female,018-4614950,1978-12-02,hui32754@gmail.com,Bronze,"No. 133, Jalan C2",Wangsa Maju,Federal Territory of Kuala Lumpur,53300,2025-01-21
32755,Yee Ling,Foo,Female,017-9217552,2001-01-24,yee32755@gmail.com,Bronze,"No. 118, Jalan A15",Ipoh,Perak,31350,2025-01-21
32756,Siti,binti Hamid,Female,019-9599806,1992-11-29,siti32756@gmail.com,Platinum,"No. 195, Jalan B20",Kuantan,Pahang,25150,2025-01-21
32757,Hannah,binti Rahman,Female,015-2957177,1992-01-17,hannah32757@gmail.com,Silver,"No. 169, Jalan E20",Kuantan,Pahang,25100,2025-01-21
32758,Haziq,bin Rahman,Male,011-1599251,1978-05-14,haziq32758@gmail.com,Bronze,"No. 47, Jalan C12",Kuantan,Pahang,25100,2025-01-21
32759,Vanessa,Lee,Female,017-1761903,1987-01-20,vanessa32759@gmail.com,Gold,"No. 18, Jalan E13",Selayang,Selangor,68000,2025-01-21
32760,Wei Hong,Tan,Male,015-5267101,1980-09-02,wei32760@gmail.com,Bronze,"No. 65, Jalan G11",Kuala Lumpur,Federal Territory of Kuala Lumpur,59200,2025-01-22
32761,Rachel,Tan,Female,012-2621338,1997-05-22,rachel32761@gmail.com,Bronze,"No. 68, Jalan C20",Kuala Lumpur,Federal Territory of Kuala Lumpur,55100,2025-01-22
32762,Hafiz,bin Yusof,Male,017-9129669,1971-12-23,hafiz32762@gmail.com,Bronze,"No. 160, Jalan E18",Petaling Jaya,Selangor,47800,2025-01-22
32763,Zhi Wei,Ong,Male,018-9839741,1978-07-15,zhi32763@gmail.com,Silver,"No. 17, Jalan B5",Johor Bahru,Johor,80100,2025-01-22
32764,Zulkifli,bin Abdullah,Male,010-3089886,1996-01-01,zulkifli32764@gmail.com,Silver,"No. 8, Jalan F3",Ipoh,Perak,31350,2025-01-22
32765,Hafiz,bin Hassan,Male,015-1748770,1988-09-17,hafiz32765@gmail.com,Gold,"No. 119, Jalan E20",Shah Alam,Selangor,40160,2025-01-22
32766,Zheng Yang,Sim,Male,012-5706236,2001-05-14,zheng32766@gmail.com,Bronze,"No. 128, Jalan G5",Shah Alam,Selangor,40100,2025-01-22
32767,Divya,a/p Krishnan,Female,017-5701526,1988-05-19,divya32767@gmail.com,Silver,"No. 158, Jalan A13",Klang,Selangor,41200,2025-01-22
32768,Amirul,bin Hassan,Male,016-9478441,2004-01-07,amirul32768@gmail.com,Silver,"No. 85, Jalan C12",Kajang,Selangor,43300,2025-01-22
32769,Syafiq,bin Rahman,Male,011-9531133,1965-03-15,syafiq32769@gmail.com,Silver,"No. 69, Jalan G1",Shah Alam,Selangor,40170,2025-01-22
32770,Nadia,binti Razak,Female,010-7799669,1983-11-16,nadia32770@gmail.com,Platinum,"No. 117, Jalan F13",Nilai,Negeri Sembilan,71800,2025-01-22
32771,Pei Shan,Yap,Female,011-1144450,1994-07-12,pei32771@gmail.com,Gold,"No. 149, Jalan D6",Kuantan,Pahang,25000,2025-01-22
32772,Emily,Chua,Female,018-8624905,2002-08-28,emily32772@gmail.com,Bronze,"No. 99, Jalan B15",Temerloh,Pahang,28000,2025-01-22
32773,Grace,Lim,Female,019-7588275,2001-10-07,grace32773@gmail.com,Platinum,"No. 173, Jalan B8",Wangsa Maju,Federal Territory of Kuala Lumpur,53100,2025-01-23
32774,Ganesh,a/l Muniandy,Male,017-9371923,1994-01-12,ganesh32774@gmail.com,Bronze,"No. 243, Jalan E9",Kuala Lumpur,Federal Territory of Kuala Lumpur,50000,2025-01-23
32775,Jian Ming,Foo,Male,017-5534393,1974-06-10,jian32775@gmail.com,Bronze,"No. 43, Jalan G5",Petaling Jaya,Selangor,47810,2025-01-23
32776,Firdaus,bin Hassan,Male,015-5251876,1992-05-16,firdaus32776@gmail.com,Bronze,"No. 23, Jalan B12",Butterworth,Pulau Pinang,12200,2025-01-23
32777,Danial,bin Razak,Male,011-8282313,1968-04-17,danial32777@gmail.com,Bronze,"No. 22, Jalan C19",Alor Gajah,Melaka,78100,2025-01-23
32778,Wei Hong,Sim,Male,013-8107339,2003-09-22,wei32778@gmail.com,Gold,"No. 274, Jalan G15",Melaka,Melaka,75150,2025-01-23
32779,Suhaila,binti Yusof,Female,014-3259061,1968-11-08,suhaila32779@gmail.com,Bronze,"No. 237, Jalan G8",Shah Alam,Selangor,40450,2025-01-23
32780,Nur Aina,binti Ismail,Female,016-6100435,1994-09-13,nur32780@gmail.com,Bronze,"No. 173, Jalan C3",Sungai Buloh,Selangor,47820,2025-01-23
32781,Ganesh,a/l Ramasamy,Male,019-5015875,1976-11-04,ganesh32781@gmail.com,Silver,"No. 78, Jalan D17",Shah Alam,Selangor,40200,2025-01-23
32782,Zarina,binti Abdullah,Female,017-5644506,1982-04-26,zarina32782@gmail.com,Silver,"No. 19, Jalan G18",Klang,Selangor,41300,2025-01-23
32783,Kevin,Chong,Male,010-4027705,1980-08-28,kevin32783@gmail.com,Bronze,"No. 61, Jalan C17",Selayang,Selangor,68000,2025-01-23
32784,Jun Hao,Yeoh,Male,010-6852146,1984-05-18,jun32784@gmail.com,Bronze,"No. 263, Jalan F11",Puchong,Selangor,47190,2025-01-23
32785,Nurin,binti Razak,Female,018-9880486,1998-02-16,nurin32785@gmail.com,Silver,"No. 116, Jalan F10",Petaling Jaya,Selangor,46100,2025-01-23
32786,Wei Jie,Chan,Male,017-6754784,1981-07-25,wei32786@gmail.com,Bronze,"No. 280, Jalan C7",Klang,Selangor,41100,2025-01-23
32787,Nur Aina,binti Osman,Female,015-1684050,1970-01-10,nur32787@gmail.com,Platinum,"No. 242, Jalan E3",Selayang,Selangor,68100,2025-01-23
32788,Nadia,binti Zainal,Female,018-9286615,2000-12-20,nadia32788@gmail.com,Bronze,"No. 225, Jalan B9",Selayang,Selangor,68100,2025-01-23
32789,Sze Min,Chan,Female,010-2041013,1984-03-23,sze32789@gmail.com,Platinum,"No. 111, Jalan F14",Wangsa Maju,Federal Territory of Kuala Lumpur,53200,2025-01-23
32790,Amirul,bin Razak,Male,019-7993801,1991-10-20,amirul32790@gmail.com,Silver,"No. 74, Jalan B5",Gombak,Selangor,68100,2025-01-23
32791,Sharmila,a/p Maniam,Female,010-5810649,1970-04-08,sharmila32791@gmail.com,Silver,"No. 53, Jalan D12",Gombak,Selangor,53000,2025-01-23
32792,Yasmin,binti Abdullah,Female,016-5659790,2001-06-05,yasmin32792@gmail.com,Bronze,"No. 133, Jalan A15",Kuantan,Pahang,25300,2025-01-23
32793,Ling Ling,Yap,Female,014-1610533,1964-09-29,ling32793@gmail.com,Bronze,"No. 81, Jalan D10",Bukit Jalil,Federal Territory of Kuala Lumpur,58200,2025-01-23
32794,Zulkifli,bin Hamid,Male,015-9630618,1998-04-12,zulkifli32794@gmail.com,Gold,"No. 101, Jalan E5",Puchong,Selangor,47150,2025-01-24
32795,Alia,binti Yusof,Female,018-1348221,2004-10-06,alia32795@gmail.com,Gold,"No. 70, Jalan D8",Kuala Lumpur,Federal Territory of Kuala Lumpur,55200,2025-01-24
32796,Zarina,binti Rahman,Female,010-9429799,1995-11-21,zarina32796@gmail.com,Bronze,"No. 168, Jalan G17",Kuala Lumpur,Federal Territory of Kuala Lumpur,50480,2025-01-24
32797,Wei Hong,Yeoh,Male,013-1635741,1988-04-02,wei32797@gmail.com,Bronze,"No. 113, Jalan C16",Kuala Lumpur,Federal Territory of Kuala Lumpur,58000,2025-01-24
32798,Yasmin,binti Osman,Female,013-5004804,1990-03-27,yasmin32798@gmail.com,Silver,"No. 245, Jalan G4",Petaling Jaya,Selangor,46050,2025-01-24
32799,Chong Wei,Teoh,Male,015-9861777,1968-08-22,chong32799@gmail.com,Platinum,"No. 123, Jalan A16",Petaling Jaya,Selangor,47400,2025-01-24
32800,Meena,a/p Krishnan,Female,014-4498415,1967-07-23,meena32800@gmail.com,Bronze,"No. 172, Jalan G3",Selayang,Selangor,68100,2025-01-24
32801,Shalini,a/p Subramaniam,Female,016-1943787,1968-02-19,shalini32801@gmail.com,Silver,"No. 70, Jalan E20",Petaling Jaya,Selangor,47301,2025-01-24
32802,Nadia,binti Hamid,Female,016-1951003,1996-04-25,nadia32802@gmail.com,Platinum,"No. 219, Jalan B19",Selayang,Selangor,68100,2025-01-24
32803,Li Wen,Cheah,Female,013-4291378,1967-06-22,li32803@gmail.com,Bronze,"No. 45, Jalan B19",Johor Bahru,Johor,80000,2025-01-24
32804,Syafiq,bin Ismail,Male,015-7901683,1965-02-23,syafiq32804@gmail.com,Bronze,"No. 253, Jalan G11",Subang Jaya,Selangor,47600,2025-01-24
32805,Xin Yi,Yeoh,Female,013-2995127,1982-02-08,xin32805@gmail.com,Gold,"No. 296, Jalan E17",George Town,Pulau Pinang,10050,2025-01-24
32806,Rachel,Sim,Female,017-6598310,1998-03-31,rachel32806@gmail.com,Silver,"No. 38, Jalan D5",Butterworth,Pulau Pinang,12200,2025-01-24
32807,Ganesh,a/l Krishnan,Male,019-8786166,1976-06-11,ganesh32807@gmail.com,Bronze,"No. 61, Jalan D3",Shah Alam,Selangor,40100,2025-01-24
32808,Aisyah,binti Razak,Female,019-7232839,1995-10-17,aisyah32808@gmail.com,Silver,"No. 170, Jalan E17",Subang Jaya,Selangor,47610,2025-01-24
32809,Chong Wei,Liew,Male,016-5284202,2006-03-05,chong32809@gmail.com,Silver,"No. 95, Jalan A14",Kuala Lumpur,Federal Territory of Kuala Lumpur,57000,2025-01-24
32810,Xin Yi,Chan,Female,012-7806037,1973-08-11,xin32810@gmail.com,Silver,"No. 83, Jalan A2",Setapak,Federal Territory of Kuala Lumpur,53000,2025-01-24
32811,Emily,Ng,Female,019-2442142,1989-05-21,emily32811@gmail.com,Bronze,"No. 65, Jalan A11",Seremban,Negeri Sembilan,70450,2025-01-24
32812,Aisyah,binti Ismail,Female,019-3307524,1974-07-28,aisyah32812@gmail.com,Bronze,"No. 218, Jalan C5",Subang Jaya,Selangor,47630,2025-01-24
32813,Aisyah,binti Rahman,Female,011-5925885,1975-06-15,aisyah32813@gmail.com,Bronze,"No. 9, Jalan D2",Subang Jaya,Selangor,47600,2025-01-24
32814,Anisa,binti Zainal,Female,015-1062311,1999-08-02,anisa32814@gmail.com,Bronze,"No. 151, Jalan E4",Kuala Lumpur,Federal Territory of Kuala Lumpur,59000,2025-01-25
32815,Kevin,Ong,Male,013-4368732,2004-04-26,kevin32815@gmail.com,Silver,"No. 118, Jalan D3",Kepong,Federal Territory of Kuala Lumpur,51200,2025-01-25
32816,Aisyah,binti Zainal,Female,015-7489462,2002-12-21,aisyah32816@gmail.com,Bronze,"No. 5, Jalan F3",Sungai Buloh,Selangor,47820,2025-01-25
32817,Aina,binti Ahmad,Female,017-7214183,1977-11-04,aina32817@gmail.com,Platinum,"No. 55, Jalan D11",Petaling Jaya,Selangor,46050,2025-01-25
32818,Wei Hong,Loh,Male,012-7565166,1979-08-16,wei32818@gmail.com,Bronze,"No. 165, Jalan G20",Sungai Buloh,Selangor,47820,2025-01-25
32819,Rohani,binti Rahman,Female,019-4188826,1964-06-28,rohani32819@gmail.com,Bronze,"No. 3, Jalan B16",Petaling Jaya,Selangor,47301,2025-01-25
32820,Kavitha,a/p Krishnan,Female,015-4085846,1989-09-01,kavitha32820@gmail.com,Silver,"No. 127, Jalan E20",Johor Bahru,Johor,80200,2025-01-25
32821,Anjali,a/p Ramasamy,Female,016-9140805,1968-01-31,anjali32821@gmail.com,Bronze,"No. 66, Jalan E11",Johor Bahru,Johor,80300,2025-01-25
32822,Kok Wai,Goh,Male,015-7619633,1989-11-05,kok32822@gmail.com,Bronze,"No. 43, Jalan D20",Johor Bahru,Johor,81100,2025-01-25
32823,Vanessa,Lee,Female,014-4922216,1983-01-22,vanessa32823@gmail.com,Bronze,"No. 130, Jalan D6",Johor Bahru,Johor,81200,2025-01-25
32824,Zhi Wei,Liew,Male,013-2744246,1988-10-04,zhi32824@gmail.com,Silver,"No. 59, Jalan G1",George Town,Pulau Pinang,10250,2025-01-25
32825,Jia Yi,Chua,Female,014-3569917,2003-06-17,jia32825@gmail.com,Bronze,"No. 165, Jalan E18",Melaka,Melaka,75250,2025-01-25
32826,Nurul Huda,binti Yusof,Female,012-4303324,2005-08-05,nurul32826@gmail.com,Bronze,"No. 283, Jalan F13",Melaka,Melaka,75200,2025-01-25
32827,Xin Yi,Teoh,Female,018-7054277,1984-06-10,xin32827@gmail.com,Silver,"No. 92, Jalan B3",Melaka,Melaka,75000,2025-01-25
32828,Aisyah,binti Yusof,Female,012-4399910,2006-09-04,aisyah32828@gmail.com,Gold,"No. 116, Jalan E4",Shah Alam,Selangor,40170,2025-01-25
32829,Anjali,a/p Muniandy,Female,019-8193091,1983-06-04,anjali32829@gmail.com,Bronze,"No. 204, Jalan B3",Kuantan,Pahang,25150,2025-01-25
32830,Zheng Yang,Sim,Male,010-1386986,1974-01-19,zheng32830@gmail.com,Bronze,"No. 39, Jalan G20",Kuantan,Pahang,25050,2025-01-25
32831,Pei Shan,Loh,Female,010-3995922,1996-04-06,pei32831@gmail.com,Bronze,"No. 220, Jalan C4",Petaling Jaya,Selangor,47800,2025-01-25
32832,Danial,bin Hamid,Male,013-5284251,1991-10-19,danial32832@gmail.com,Bronze,"No. 64, Jalan E9",Kuala Lumpur,Federal Territory of Kuala Lumpur,55200,2025-01-26
32833,Mei Ling,Sim,Female,016-6124047,1993-01-30,mei32833@gmail.com,Platinum,"No. 124, Jalan B16",Kuala Lumpur,Federal Territory of Kuala Lumpur,55100,2025-01-26
32834,Aiman,bin Yusof,Male,012-5863450,1978-12-11,aiman32834@gmail.com,Bronze,"No. 3, Jalan G15",Petaling Jaya,Selangor,46000,2025-01-26
32835,Anisa,binti Osman,Female,012-9733487,1996-03-17,anisa32835@gmail.com,Silver,"No. 147, Jalan D12",Sungai Buloh,Selangor,47820,2025-01-26
32836,Danial,bin Ahmad,Male,015-1458497,1978-03-01,danial32836@gmail.com,Gold,"No. 177, Jalan E12",Petaling Jaya,Selangor,47300,2025-01-26
32837,Farah,binti Yusof,Female,012-5115879,2002-01-16,farah32837@gmail.com,Bronze,"No. 153, Jalan G16",Johor Bahru,Johor,80350,2025-01-26
32838,Divya,a/p Muniandy,Female,019-4252394,1985-10-26,divya32838@gmail.com,Bronze,"No. 124, Jalan A11",Johor Bahru,Johor,81300,2025-01-26
32839,Divya,a/p Subramaniam,Female,013-3564794,1984-05-19,divya32839@gmail.com,Silver,"No. 258, Jalan F5",Butterworth,Pulau Pinang,12100,2025-01-26
32840,Suhaila,binti Razak,Female,014-3289794,1976-11-28,suhaila32840@gmail.com,Silver,"No. 121, Jalan E5",George Town,Pulau Pinang,10350,2025-01-26
32841,Lakshmi,a/p Muniandy,Female,018-9910420,1984-07-02,lakshmi32841@gmail.com,Bronze,"No. 274, Jalan B16",George Town,Pulau Pinang,10450,2025-01-26
32842,Aisyah,binti Abdullah,Female,011-6108359,1990-04-02,aisyah32842@gmail.com,Bronze,"No. 212, Jalan A2",Melaka,Melaka,75250,2025-01-26
32843,Rohani,binti Abdullah,Female,013-9667074,1978-11-27,rohani32843@gmail.com,Bronze,"No. 58, Jalan F12",Shah Alam,Selangor,40200,2025-01-26
32844,Izzati,binti Osman,Female,019-5903444,1994-03-12,izzati32844@gmail.com,Bronze,"No. 206, Jalan F7",Sungai Buloh,Selangor,47810,2025-01-26
32845,Fatimah,binti Razak,Female,015-1302321,1992-02-01,fatimah32845@gmail.com,Silver,"No. 101, Jalan A20",Puchong,Selangor,47180,2025-01-26
32846,Emily,Chan,Female,011-3437403,1996-10-30,emily32846@gmail.com,Gold,"No. 245, Jalan C12",Subang Jaya,Selangor,47500,2025-01-26
32847,Fatimah,binti Ahmad,Female,010-3177597,2002-10-24,fatimah32847@gmail.com,Silver,"No. 78, Jalan A14",Rawang,Selangor,48010,2025-01-26
32848,Yee Ling,Chin,Female,017-4723820,1971-04-04,yee32848@gmail.com,Bronze,"No. 298, Jalan D9",Ipoh,Perak,31350,2025-01-26
32849,Siti,binti Yusof,Female,010-8614212,1972-01-30,siti32849@gmail.com,Bronze,"No. 276, Jalan D17",Seremban,Negeri Sembilan,70450,2025-01-26
32850,Hafiz,bin Osman,Male,014-7907206,2000-02-17,hafiz32850@gmail.com,Bronze,"No. 204, Jalan A2",Kuantan,Pahang,25300,2025-01-26
32851,Divya,a/p Ramasamy,Female,014-7676538,1981-12-25,divya32851@gmail.com,Bronze,"No. 78, Jalan D2",Kuantan,Pahang,25150,2025-01-26
32852,Farah,binti Yusof,Female,013-7090533,1965-09-06,farah32852@gmail.com,Silver,"No. 130, Jalan B17",Kuantan,Pahang,25200,2025-01-26
32853,Mei Ling,Lim,Female,010-8454444,2006-10-08,mei32853@gmail.com,Silver,"No. 281, Jalan D4",Puchong,Selangor,47160,2025-01-26
32854,Sharmila,a/p Ramasamy,Female,019-3881501,1966-12-31,sharmila32854@gmail.com,Silver,"No. 130, Jalan E19",Subang Jaya,Selangor,47650,2025-01-26
32855,Anisa,binti Ahmad,Female,012-7501398,1966-12-27,anisa32855@gmail.com,Bronze,"No. 208, Jalan E3",Subang Jaya,Selangor,47610,2025-01-26
32856,Kevin,Wong,Male,012-6202720,1987-11-02,kevin32856@gmail.com,Bronze,"No. 259, Jalan G8",Bukit Jalil,Federal Territory of Kuala Lumpur,58200,2025-01-26
32857,Rachel,Sim,Female,012-3743540,1970-05-26,rachel32857@gmail.com,Bronze,"No. 249, Jalan D15",Kuala Lumpur,Federal Territory of Kuala Lumpur,55100,2025-01-27
32858,Wei Jie,Yeoh,Male,018-5065575,1981-12-20,wei32858@gmail.com,Bronze,"No. 187, Jalan C8",Kuala Lumpur,Federal Territory of Kuala Lumpur,56000,2025-01-27
32859,Aisyah,binti Hamid,Female,012-2034410,1972-08-11,aisyah32859@gmail.com,Silver,"No. 181, Jalan F3",Petaling Jaya,Selangor,47810,2025-01-27
32860,Nurul Huda,binti Ismail,Female,017-2241605,2004-03-14,nurul32860@gmail.com,Platinum,"No. 31, Jalan B16",George Town,Pulau Pinang,10050,2025-01-27
32861,Danial,bin Ismail,Male,017-2333589,1968-06-12,danial32861@gmail.com,Silver,"No. 93, Jalan C14",Melaka,Melaka,75300,2025-01-27
32862,Aina,binti Rahman,Female,013-5162350,1978-02-17,aina32862@gmail.com,Bronze,"No. 230, Jalan E2",George Town,Pulau Pinang,10000,2025-01-27
32863,Rohani,binti Ahmad,Female,019-1227796,1981-07-23,rohani32863@gmail.com,Silver,"No. 14, Jalan B7",Klang,Selangor,41200,2025-01-27
32864,Alia,binti Zainal,Female,015-3729866,1999-12-01,alia32864@gmail.com,Bronze,"No. 96, Jalan A13",Puchong,Selangor,47160,2025-01-27
32865,Farah,binti Hamid,Female,017-7724478,1975-06-29,farah32865@gmail.com,Gold,"No. 235, Jalan G12",Gombak,Selangor,53000,2025-01-27
32866,Aiman,bin Ismail,Male,019-1788147,1976-07-18,aiman32866@gmail.com,Silver,"No. 192, Jalan A13",Puchong,Selangor,47130,2025-01-27
32867,Hafiz,bin Abdullah,Male,012-3164495,1983-10-01,hafiz32867@gmail.com,Bronze,"No. 46, Jalan F16",Ipoh,Perak,30200,2025-01-27
32868,Shalini,a/p Maniam,Female,016-3738667,1967-11-23,shalini32868@gmail.com,Bronze,"No. 72, Jalan G17",Kuantan,Pahang,26060,2025-01-27
32869,Wei Hong,Sim,Male,011-2370654,1971-02-20,wei32869@gmail.com,Silver,"No. 223, Jalan A13",Bukit Jalil,Federal Territory of Kuala Lumpur,58200,2025-01-27
32870,Alia,binti Ismail,Female,019-1475918,1965-02-08,alia32870@gmail.com,Silver,"No. 253, Jalan F1",Kuala Lumpur,Federal Territory of Kuala Lumpur,55200,2025-01-28
32871,Divya,a/p Maniam,Female,016-7334432,1987-09-03,divya32871@gmail.com,Silver,"No. 5, Jalan G17",Selayang,Selangor,68100,2025-01-28
32872,Alia,binti Hassan,Female,011-8750619,1991-02-16,alia32872@gmail.com,Bronze,"No. 88, Jalan G7",Puchong,Selangor,47150,2025-01-28
32873,Arjun,a/l Rajan,Male,018-4954506,1994-07-28,arjun32873@gmail.com,Bronze,"No. 257, Jalan C4",Setapak,Federal Territory of Kuala Lumpur,53200,2025-01-28
32874,Jia Yi,Liew,Female,016-9591668,1984-09-25,jia32874@gmail.com,Bronze,"No. 284, Jalan D8",Setapak,Federal Territory of Kuala Lumpur,53300,2025-01-28
32875,Rachel,Khoo,Female,016-4589990,2005-01-29,rachel32875@gmail.com,Bronze,"No. 256, Jalan C12",Wangsa Maju,Federal Territory of Kuala Lumpur,53300,2025-01-28
32876,Amelia,binti Razak,Female,015-7974617,2002-08-15,amelia32876@gmail.com,Silver,"No. 138, Jalan A2",Johor Bahru,Johor,80200,2025-01-28
32877,Jian Ming,Sim,Male,014-5843621,1981-02-01,jian32877@gmail.com,Silver,"No. 118, Jalan D12",Seremban,Negeri Sembilan,70000,2025-01-28
32878,Nadia,binti Abdullah,Female,016-7957135,1982-08-28,nadia32878@gmail.com,Bronze,"No. 292, Jalan G5",Kuantan,Pahang,25050,2025-01-28
32879,Amirul,bin Ismail,Male,010-9941115,1978-08-03,amirul32879@gmail.com,Platinum,"No. 248, Jalan F20",Kajang,Selangor,43200,2025-01-28
32880,Chong Wei,Liew,Male,018-9429564,1966-09-07,chong32880@gmail.com,Bronze,"No. 215, Jalan A2",Kepong,Federal Territory of Kuala Lumpur,51200,2025-01-29
32881,Michelle,Lee,Female,016-5851041,1984-05-23,michelle32881@gmail.com,Bronze,"No. 283, Jalan F13",Kuala Lumpur,Federal Territory of Kuala Lumpur,59200,2025-01-29
32882,Izzati,binti Razak,Female,019-4475145,1997-11-23,izzati32882@gmail.com,Bronze,"No. 218, Jalan F8",Kuala Lumpur,Federal Territory of Kuala Lumpur,50480,2025-01-29
32883,Balqis,binti Ismail,Female,010-8670097,1968-08-24,balqis32883@gmail.com,Silver,"No. 138, Jalan B2",Bukit Jalil,Federal Territory of Kuala Lumpur,58200,2025-01-29
32884,Nabila,binti Zainal,Female,014-2609449,2003-08-19,nabila32884@gmail.com,Platinum,"No. 63, Jalan B7",Petaling Jaya,Selangor,47400,2025-01-29
32885,Ling Ling,Foo,Female,011-1188621,1994-06-20,ling32885@gmail.com,Silver,"No. 245, Jalan F14",Petaling Jaya,Selangor,46300,2025-01-29
32886,Zhi Wei,Wong,Male,014-1849504,1968-08-05,zhi32886@gmail.com,Silver,"No. 82, Jalan F4",Sungai Buloh,Selangor,47000,2025-01-29
32887,Nurin,binti Ahmad,Female,017-9746089,1993-11-02,nurin32887@gmail.com,Silver,"No. 105, Jalan A15",Petaling Jaya,Selangor,47400,2025-01-29
32888,Jia Yi,Chua,Female,019-2930797,1973-10-02,jia32888@gmail.com,Bronze,"No. 212, Jalan E20",Petaling Jaya,Selangor,46050,2025-01-29
32889,Izzati,binti Osman,Female,014-4216915,1968-10-12,izzati32889@gmail.com,Bronze,"No. 111, Jalan C17",Petaling Jaya,Selangor,47800,2025-01-29
32890,Xin Yi,Yeoh,Female,010-1243104,1979-10-09,xin32890@gmail.com,Gold,"No. 275, Jalan G3",Shah Alam,Selangor,40300,2025-01-29
32891,Wei Hong,Chan,Male,014-5689987,2003-05-07,wei32891@gmail.com,Silver,"No. 171, Jalan C9",Melaka,Melaka,75250,2025-01-29
32892,Hui Min,Lim,Female,013-9157607,2005-02-08,hui32892@gmail.com,Bronze,"No. 202, Jalan C11",Melaka,Melaka,75250,2025-01-29
32893,Yasmin,binti Hamid,Female,017-9005828,1981-02-06,yasmin32893@gmail.com,Silver,"No. 27, Jalan D6",Melaka,Melaka,75000,2025-01-29
32894,Zarina,binti Abdullah,Female,013-2020803,1986-12-21,zarina32894@gmail.com,Silver,"No. 105, Jalan D3",Shah Alam,Selangor,40400,2025-01-29
32895,Siti,binti Hassan,Female,010-7251838,1979-12-25,siti32895@gmail.com,Silver,"No. 43, Jalan D11",Shah Alam,Selangor,40200,2025-01-29
32896,Arjun,a/l Subramaniam,Male,019-4217644,1979-07-19,arjun32896@gmail.com,Silver,"No. 113, Jalan A13",Shah Alam,Selangor,40460,2025-01-29
32897,Deepa,a/p Ramasamy,Female,010-2908873,1980-10-01,deepa32897@gmail.com,Bronze,"No. 169, Jalan F12",Puchong,Selangor,47120,2025-01-29
32898,Nabila,binti Hamid,Female,012-1481559,2001-03-02,nabila32898@gmail.com,Gold,"No. 6, Jalan C1",Selayang,Selangor,68100,2025-01-29
32899,Aina,binti Abdullah,Female,013-7541293,1977-10-20,aina32899@gmail.com,Bronze,"No. 225, Jalan C19",Kepong,Federal Territory of Kuala Lumpur,52100,2025-01-29
32900,Alia,binti Abdullah,Female,017-3926845,1978-06-04,alia32900@gmail.com,Silver,"No. 205, Jalan D19",Gombak,Selangor,53000,2025-01-29
32901,Suresh,a/l Muniandy,Male,012-3799235,1994-03-07,suresh32901@gmail.com,Bronze,"No. 283, Jalan D11",George Town,Pulau Pinang,10150,2025-01-29
32902,Zheng Yang,Loh,Male,019-8797481,1992-12-21,zheng32902@gmail.com,Silver,"No. 99, Jalan B15",Seremban,Negeri Sembilan,70450,2025-01-29
32903,Yong Sheng,Khoo,Male,015-8581416,1969-06-30,yong32903@gmail.com,Silver,"No. 34, Jalan E1",Kajang,Selangor,43100,2025-01-29
32904,Vanessa,Lee,Female,017-8714031,1985-04-30,vanessa32904@gmail.com,Bronze,"No. 119, Jalan F4",Cyberjaya,Selangor,63100,2025-01-29
32905,Haziq,bin Abdullah,Male,011-8337773,1964-01-05,haziq32905@gmail.com,Silver,"No. 33, Jalan A9",Subang Jaya,Selangor,47620,2025-01-29
32906,Alia,binti Zainal,Female,013-4860691,1979-04-10,alia32906@gmail.com,Gold,"No. 257, Jalan B4",Bukit Jalil,Federal Territory of Kuala Lumpur,57000,2025-01-29
32907,Pei Shan,Ong,Female,014-3989008,1973-08-10,pei32907@gmail.com,Bronze,"No. 94, Jalan G6",Petaling Jaya,Selangor,46200,2025-01-30
32908,Nurin,binti Rahman,Female,018-1483894,1981-09-19,nurin32908@gmail.com,Bronze,"No. 176, Jalan F17",Johor Bahru,Johor,80350,2025-01-30
32909,Nurin,binti Ahmad,Female,018-6764381,1993-10-12,nurin32909@gmail.com,Bronze,"No. 204, Jalan A18",Melaka,Melaka,75350,2025-01-30
32910,Mei Ling,Foo,Female,016-7167386,1977-04-14,mei32910@gmail.com,Bronze,"No. 4, Jalan A10",Petaling Jaya,Selangor,47800,2025-01-30
32911,Jian Ming,Cheah,Male,013-8970470,1986-04-06,jian32911@gmail.com,Bronze,"No. 80, Jalan C16",Shah Alam,Selangor,40000,2025-01-30
32912,Yasmin,binti Ismail,Female,014-9243284,2004-03-21,yasmin32912@gmail.com,Gold,"No. 184, Jalan A6",Shah Alam,Selangor,40150,2025-01-30
32913,Prakash,a/l Krishnan,Male,016-8288603,2005-12-03,prakash32913@gmail.com,Bronze,"No. 31, Jalan A12",Shah Alam,Selangor,40000,2025-01-30
32914,Nur Aina,binti Osman,Female,018-6418125,2002-09-17,nur32914@gmail.com,Bronze,"No. 64, Jalan B2",Wangsa Maju,Federal Territory of Kuala Lumpur,53200,2025-01-30
32915,Kavitha,a/p Ramasamy,Female,014-9721578,2005-03-14,kavitha32915@gmail.com,Gold,"No. 129, Jalan A7",Wangsa Maju,Federal Territory of Kuala Lumpur,53100,2025-01-30
32916,Faizal,bin Rahman,Male,016-3602591,1983-07-05,faizal32916@gmail.com,Silver,"No. 130, Jalan D14",Seremban,Negeri Sembilan,70500,2025-01-30
32917,Siti,binti Zainal,Female,014-5377265,1968-06-22,siti32917@gmail.com,Silver,"No. 118, Jalan E13",Kuantan,Pahang,25200,2025-01-30
32918,Siti,binti Osman,Female,017-7336006,1971-04-22,siti32918@gmail.com,Gold,"No. 168, Jalan E13",Subang Jaya,Selangor,47630,2025-01-30
32919,Suhaila,binti Abdullah,Female,016-2943838,1971-11-22,suhaila32919@gmail.com,Silver,"No. 300, Jalan F18",Klang,Selangor,41200,2025-01-30
32920,Balqis,binti Zainal,Female,014-7018703,1987-10-16,balqis32920@gmail.com,Gold,"No. 26, Jalan E3",Subang Jaya,Selangor,47620,2025-01-30
32921,Hafiz,bin Ismail,Male,017-4954263,1972-06-02,hafiz32921@gmail.com,Gold,"No. 36, Jalan F17",Kajang,Selangor,43100,2025-01-30
32922,Nur Aina,binti Zainal,Female,012-1098292,1970-12-21,nur32922@gmail.com,Silver,"No. 199, Jalan F7",Subang Jaya,Selangor,47650,2025-01-30
32923,Chloe,Ong,Female,014-5584065,1970-01-01,chloe32923@gmail.com,Platinum,"No. 205, Jalan C14",Kuala Lumpur,Federal Territory of Kuala Lumpur,55100,2025-01-31
32924,Hafiz,bin Abdullah,Male,010-8165277,1987-07-22,hafiz32924@gmail.com,Gold,"No. 262, Jalan C18",Kepong,Federal Territory of Kuala Lumpur,52000,2025-01-31
32925,Lakshmi,a/p Rajan,Female,013-3190192,1987-11-18,lakshmi32925@gmail.com,Bronze,"No. 29, Jalan C19",Kuala Lumpur,Federal Territory of Kuala Lumpur,50450,2025-01-31
32926,Amelia,binti Zainal,Female,019-5101061,1990-02-22,amelia32926@gmail.com,Gold,"No. 202, Jalan E2",Kuala Lumpur,Federal Territory of Kuala Lumpur,56000,2025-01-31
32927,Chong Wei,Liew,Male,011-6363850,1983-05-30,chong32927@gmail.com,Bronze,"No. 188, Jalan A3",Sungai Buloh,Selangor,47820,2025-01-31
32928,Ganesh,a/l Ramasamy,Male,014-7504248,1982-11-06,ganesh32928@gmail.com,Bronze,"No. 222, Jalan B5",Bukit Jalil,Federal Territory of Kuala Lumpur,58200,2025-01-31
32929,Mei Ling,Sim,Female,011-7322292,1976-10-02,mei32929@gmail.com,Bronze,"No. 58, Jalan B5",Shah Alam,Selangor,40460,2025-01-31
32930,Rohani,binti Hassan,Female,017-7255844,1981-07-14,rohani32930@gmail.com,Silver,"No. 221, Jalan E2",George Town,Pulau Pinang,10000,2025-01-31
32931,Nabila,binti Ahmad,Female,016-5698249,1972-09-23,nabila32931@gmail.com,Bronze,"No. 290, Jalan F17",Kuantan,Pahang,25200,2025-01-31
32932,Alia,binti Abdullah,Female,012-2197681,1980-04-03,alia32932@gmail.com,Bronze,"No. 189, Jalan D17",Klang,Selangor,41300,2025-01-31
32933,Meena,a/p Krishnan,Female,016-9572783,1996-03-07,meena32933@gmail.com,Silver,"No. 46, Jalan B17",Klang,Selangor,41250,2025-01-31
32934,Jasmine,Tan,Female,014-4063035,1966-08-31,jasmine32934@gmail.com,Gold,"No. 282, Jalan A9",Klang,Selangor,42100,2025-01-31
32935,Haziq,bin Ismail,Male,012-6873914,1971-12-10,haziq32935@gmail.com,Bronze,"No. 235, Jalan D17",Wangsa Maju,Federal Territory of Kuala Lumpur,53300,2025-01-31
32936,Pei Shan,Goh,Female,013-3430733,1969-07-24,pei32936@gmail.com,Silver,"No. 239, Jalan C8",Setapak,Federal Territory of Kuala Lumpur,53200,2025-01-31
32937,Aisyah,binti Yusof,Female,016-2458834,1977-11-12,aisyah32937@gmail.com,Bronze,"No. 266, Jalan B19",Ipoh,Perak,30020,2025-01-31
32938,Hannah,binti Yusof,Female,016-9373746,1978-09-14,hannah32938@gmail.com,Bronze,"No. 198, Jalan F9",Seremban,Negeri Sembilan,70300,2025-01-31
32939,Nurin,binti Osman,Female,019-9246860,1986-11-02,nurin32939@gmail.com,Silver,"No. 69, Jalan F16",Subang Jaya,Selangor,47650,2025-01-31
32940,Pei Shan,Chong,Female,014-3509634,2000-04-30,pei32940@gmail.com,Silver,"No. 77, Jalan D15",Kuala Lumpur,Federal Territory of Kuala Lumpur,59200,2025-01-31
32941,Fatimah,binti Osman,Female,019-5037565,1982-03-10,fatimah32941@gmail.com,Silver,"No. 225, Jalan E6",Kepong,Federal Territory of Kuala Lumpur,52000,2025-02-01
32942,Anisa,binti Zainal,Female,012-7785389,1999-07-04,anisa32942@gmail.com,Bronze,"No. 221, Jalan A17",Kepong,Federal Territory of Kuala Lumpur,52000,2025-02-01
32943,Aina,binti Rahman,Female,018-7903747,1977-12-07,aina32943@gmail.com,Bronze,"No. 171, Jalan F13",Johor Bahru,Johor,80000,2025-02-01
32944,Haziq,bin Hamid,Male,014-5982080,1967-01-28,haziq32944@gmail.com,Bronze,"No. 206, Jalan B17",Johor Bahru,Johor,80350,2025-02-01
32945,Jun Hao,Wong,Male,015-4490504,1979-12-22,jun32945@gmail.com,Silver,"No. 118, Jalan G8",Johor Bahru,Johor,80350,2025-02-01
32946,Syafiq,bin Abdullah,Male,012-9364768,1987-09-16,syafiq32946@gmail.com,Silver,"No. 202, Jalan F7",Selayang,Selangor,68000,2025-02-01
32947,Mei Ling,Lim,Female,013-4850453,1964-06-04,mei32947@gmail.com,Bronze,"No. 19, Jalan C9",Kulai,Johor,81030,2025-02-01
32948,Kai Xin,Wong,Female,012-6266304,1987-04-10,kai32948@gmail.com,Bronze,"No. 171, Jalan D5",Bukit Jalil,Federal Territory of Kuala Lumpur,58200,2025-02-01
32949,Zarina,binti Zainal,Female,014-8965804,1995-10-05,zarina32949@gmail.com,Silver,"No. 265, Jalan B6",Sungai Buloh,Selangor,47810,2025-02-01
32950,Arjun,a/l Maniam,Male,016-6280255,1997-05-01,arjun32950@gmail.com,Bronze,"No. 16, Jalan B10",Seremban,Negeri Sembilan,70000,2025-02-01
32951,Yasmin,binti Ahmad,Female,017-6336236,1970-11-28,yasmin32951@gmail.com,Bronze,"No. 177, Jalan D17",Shah Alam,Selangor,40400,2025-02-01
32952,Deepa,a/p Muniandy,Female,019-4711887,1976-02-05,deepa32952@gmail.com,Gold,"No. 284, Jalan F5",Sungai Buloh,Selangor,47810,2025-02-01
32953,Siti,binti Abdullah,Female,016-5048745,1998-06-01,siti32953@gmail.com,Silver,"No. 214, Jalan E12",Klang,Selangor,41150,2025-02-01
32954,Amelia,binti Osman,Female,012-8299130,1994-04-07,amelia32954@gmail.com,Bronze,"No. 213, Jalan G4",Klang,Selangor,41100,2025-02-01
32955,Meena,a/p Rajan,Female,017-8953179,1976-07-24,meena32955@gmail.com,Gold,"No. 166, Jalan B5",Sungai Buloh,Selangor,47810,2025-02-01
32956,Grace,Wong,Female,018-6789147,2004-04-14,grace32956@gmail.com,Bronze,"No. 24, Jalan F15",Puchong,Selangor,47180,2025-02-01
32957,Hannah,binti Hassan,Female,017-3705580,1992-01-24,hannah32957@gmail.com,Bronze,"No. 93, Jalan D7",Puchong,Selangor,47170,2025-02-01
32958,Jun Hao,Tan,Male,019-4578752,2001-01-28,jun32958@gmail.com,Silver,"No. 18, Jalan F9",Puchong,Selangor,47130,2025-02-01
32959,Firdaus,bin Osman,Male,010-8901419,1991-05-07,firdaus32959@gmail.com,Silver,"No. 212, Jalan C6",Selayang,Selangor,68100,2025-02-01
32960,Aina,binti Zainal,Female,014-7571835,1965-11-07,aina32960@gmail.com,Silver,"No. 84, Jalan C8",Wangsa Maju,Federal Territory of Kuala Lumpur,53300,2025-02-01
32961,Syafiq,bin Hassan,Male,016-2468410,1977-09-01,syafiq32961@gmail.com,Silver,"No. 42, Jalan C11",Wangsa Maju,Federal Territory of Kuala Lumpur,53100,2025-02-01
32962,Divya,a/p Muniandy,Female,013-8707147,1973-08-14,divya32962@gmail.com,Bronze,"No. 130, Jalan G1",Setapak,Federal Territory of Kuala Lumpur,53100,2025-02-01
32963,Firdaus,bin Razak,Male,010-1806981,1985-06-27,firdaus32963@gmail.com,Silver,"No. 181, Jalan D5",Setapak,Federal Territory of Kuala Lumpur,53000,2025-02-01
32964,Daniel,Khoo,Male,016-9817147,1973-10-05,daniel32964@gmail.com,Bronze,"No. 206, Jalan G9",Setapak,Federal Territory of Kuala Lumpur,53200,2025-02-01
32965,Fatimah,binti Yusof,Female,015-8925487,1970-04-05,fatimah32965@gmail.com,Platinum,"No. 275, Jalan E20",Wangsa Maju,Federal Territory of Kuala Lumpur,53300,2025-02-01
32966,Rohani,binti Abdullah,Female,013-9225776,1990-12-07,rohani32966@gmail.com,Bronze,"No. 125, Jalan A3",Kepong,Federal Territory of Kuala Lumpur,52000,2025-02-01
32967,Adam,bin Zainal,Male,015-5394631,1970-12-07,adam32967@gmail.com,Silver,"No. 14, Jalan E9",Gombak,Selangor,53100,2025-02-01
32968,Li Wen,Chin,Female,011-2417587,1977-10-04,li32968@gmail.com,Gold,"No. 298, Jalan A1",Ampang,Selangor,68000,2025-02-01
32969,Firdaus,bin Ahmad,Male,014-3185413,2001-03-22,firdaus32969@gmail.com,Bronze,"No. 298, Jalan E4",Setapak,Federal Territory of Kuala Lumpur,53100,2025-02-01
32970,Adam,bin Yusof,Male,019-3997766,1979-12-24,adam32970@gmail.com,Silver,"No. 106, Jalan D5",Bukit Jalil,Federal Territory of Kuala Lumpur,58200,2025-02-01
32971,Fatimah,binti Razak,Female,018-7113870,1968-02-10,fatimah32971@gmail.com,Silver,"No. 220, Jalan A17",Kuala Lumpur,Federal Territory of Kuala Lumpur,58000,2025-02-02
32972,Siti,binti Hamid,Female,010-7719032,1993-06-13,siti32972@gmail.com,Silver,"No. 274, Jalan D1",Petaling Jaya,Selangor,47300,2025-02-02
32973,Kok Wai,Wong,Male,013-7510103,1969-03-15,kok32973@gmail.com,Bronze,"No. 85, Jalan B9",Petaling Jaya,Selangor,46200,2025-02-02
32974,Zulkifli,bin Ahmad,Male,013-4466568,1973-02-07,zulkifli32974@gmail.com,Bronze,"No. 12, Jalan A16",Petaling Jaya,Selangor,46300,2025-02-02
32975,Rachel,Chin,Female,012-2016474,1973-03-18,rachel32975@gmail.com,Silver,"No. 13, Jalan B4",Seremban,Negeri Sembilan,70100,2025-02-02
32976,Amelia,binti Ismail,Female,017-7678563,1991-07-01,amelia32976@gmail.com,Bronze,"No. 269, Jalan B4",Johor Bahru,Johor,81100,2025-02-02
32977,Anisa,binti Abdullah,Female,018-2521970,1988-03-19,anisa32977@gmail.com,Gold,"No. 79, Jalan B20",Johor Bahru,Johor,80000,2025-02-02
32978,Kumar,a/l Maniam,Male,017-2566306,2002-12-12,kumar32978@gmail.com,Silver,"No. 192, Jalan B16",George Town,Pulau Pinang,10000,2025-02-02
32979,Siti,binti Zainal,Female,011-4855624,1993-05-18,siti32979@gmail.com,Bronze,"No. 232, Jalan C15",George Town,Pulau Pinang,10100,2025-02-02
32980,Hafiz,bin Ismail,Male,016-7099761,1989-03-23,hafiz32980@gmail.com,Bronze,"No. 218, Jalan A3",George Town,Pulau Pinang,10000,2025-02-02
32981,Amirul,bin Zainal,Male,011-7924648,1980-06-23,amirul32981@gmail.com,Bronze,"No. 105, Jalan D2",George Town,Pulau Pinang,10050,2025-02-02
32982,Firdaus,bin Ahmad,Male,013-3919267,1996-08-23,firdaus32982@gmail.com,Silver,"No. 193, Jalan F17",Setapak,Federal Territory of Kuala Lumpur,53300,2025-02-02
32983,Jasmine,Goh,Female,013-9237635,1984-11-10,jasmine32983@gmail.com,Gold,"No. 49, Jalan A6",George Town,Pulau Pinang,10400,2025-02-02
32984,Izzati,binti Zainal,Female,014-4808702,1965-10-12,izzati32984@gmail.com,Bronze,"No. 83, Jalan A12",Shah Alam,Selangor,40460,2025-02-02
32985,Firdaus,bin Abdullah,Male,015-1023500,1979-01-21,firdaus32985@gmail.com,Gold,"No. 253, Jalan B2",Shah Alam,Selangor,40400,2025-02-02
32986,Wei Hong,Chong,Male,011-9859439,2001-09-01,wei32986@gmail.com,Gold,"No. 137, Jalan F18",Shah Alam,Selangor,40000,2025-02-02
32987,Adam,bin Rahman,Male,012-1248904,1974-05-19,adam32987@gmail.com,Bronze,"No. 40, Jalan G20",Klang,Selangor,41000,2025-02-02
32988,Nurin,binti Osman,Female,011-6075775,1998-01-19,nurin32988@gmail.com,Silver,"No. 42, Jalan C2",Puchong,Selangor,47120,2025-02-02
32989,Yee Ling,Ng,Female,016-1243369,1975-08-12,yee32989@gmail.com,Silver,"No. 23, Jalan F9",Puchong,Selangor,47170,2025-02-02
32990,Xin Yi,Teoh,Female,012-3082705,1969-05-13,xin32990@gmail.com,Silver,"No. 126, Jalan C7",Selayang,Selangor,68100,2025-02-02
32991,Wei Hong,Chua,Male,019-7682695,1976-04-02,wei32991@gmail.com,Bronze,"No. 171, Jalan G16",Puchong,Selangor,47100,2025-02-02
32992,Deepa,a/p Maniam,Female,011-5597914,1985-07-22,deepa32992@gmail.com,Bronze,"No. 86, Jalan B13",Setapak,Federal Territory of Kuala Lumpur,53100,2025-02-02
32993,Wan Ying,Yeoh,Female,010-4788737,1998-06-17,wan32993@gmail.com,Bronze,"No. 6, Jalan D14",Setapak,Federal Territory of Kuala Lumpur,53200,2025-02-02
32994,Haziq,bin Ahmad,Male,016-7135829,1966-09-07,haziq32994@gmail.com,Bronze,"No. 66, Jalan D15",Wangsa Maju,Federal Territory of Kuala Lumpur,53300,2025-02-02
32995,Nurul Huda,binti Hassan,Female,014-2905774,2003-08-12,nurul32995@gmail.com,Silver,"No. 54, Jalan E20",Wangsa Maju,Federal Territory of Kuala Lumpur,53300,2025-02-02
32996,Amirul,bin Osman,Male,015-5524748,2005-03-04,amirul32996@gmail.com,Bronze,"No. 143, Jalan E20",Setapak,Federal Territory of Kuala Lumpur,53100,2025-02-02
32997,Meena,a/p Ramasamy,Female,010-4958832,2000-03-18,meena32997@gmail.com,Silver,"No. 56, Jalan C11",Ampang,Selangor,55100,2025-02-02
32998,Haziq,bin Hassan,Male,012-2220522,1991-09-01,haziq32998@gmail.com,Silver,"No. 85, Jalan D18",Gombak,Selangor,53100,2025-02-02
32999,Firdaus,bin Razak,Male,013-9723284,1996-01-21,firdaus32999@gmail.com,Bronze,"No. 197, Jalan F1",Seremban,Negeri Sembilan,70500,2025-02-02
33000,Adam,bin Osman,Male,013-1777480,1982-06-24,adam33000@gmail.com,Silver,"No. 226, Jalan F3",Seremban,Negeri Sembilan,70000,2025-02-02
33001,Xin Yi,Lee,Female,018-7063790,1999-09-13,xin33001@gmail.com,Bronze,"No. 238, Jalan D16",Kuantan,Pahang,25000,2025-02-02
33002,Li Wen,Goh,Female,014-7456362,1996-07-11,li33002@gmail.com,Bronze,"No. 41, Jalan E4",Kajang,Selangor,43300,2025-02-02
33003,Syafiq,bin Hamid,Male,012-9040525,1992-12-19,syafiq33003@gmail.com,Platinum,"No. 27, Jalan E19",Subang Jaya,Selangor,47620,2025-02-02
33004,Faizal,bin Zainal,Male,015-7935899,1986-02-01,faizal33004@gmail.com,Bronze,"No. 133, Jalan C11",Wangsa Maju,Federal Territory of Kuala Lumpur,53200,2025-02-02
33005,Anjali,a/p Ramasamy,Female,010-2098354,2001-08-22,anjali33005@gmail.com,Silver,"No. 91, Jalan F11",Bukit Jalil,Federal Territory of Kuala Lumpur,57100,2025-02-02
33006,Wei Hong,Foo,Male,011-9952947,2003-07-17,wei33006@gmail.com,Gold,"No. 45, Jalan F18",Kuala Lumpur,Federal Territory of Kuala Lumpur,59200,2025-02-03
33007,Suhaila,binti Zainal,Female,010-7693521,1999-11-11,suhaila33007@gmail.com,Platinum,"No. 4, Jalan F11",Johor Bahru,Johor,80300,2025-02-03
33008,Haziq,bin Osman,Male,014-4102878,1964-10-20,haziq33008@gmail.com,Bronze,"No. 191, Jalan B19",Johor Bahru,Johor,80300,2025-02-03
33009,Nabila,binti Ismail,Female,014-6442017,1977-01-29,nabila33009@gmail.com,Bronze,"No. 101, Jalan E17",Butterworth,Pulau Pinang,12000,2025-02-03
33010,Faizal,bin Razak,Male,017-1365888,1995-06-02,faizal33010@gmail.com,Bronze,"No. 238, Jalan C1",Melaka,Melaka,75100,2025-02-03
33011,Rohani,binti Hamid,Female,017-8537555,2005-07-14,rohani33011@gmail.com,Bronze,"No. 25, Jalan A1",Setapak,Federal Territory of Kuala Lumpur,53000,2025-02-03
33012,Zarina,binti Zainal,Female,012-6592558,1967-11-15,zarina33012@gmail.com,Bronze,"No. 274, Jalan F10",Kepong,Federal Territory of Kuala Lumpur,52100,2025-02-03
33013,Alia,binti Abdullah,Female,013-3256734,2004-01-19,alia33013@gmail.com,Silver,"No. 229, Jalan A20",Taiping,Perak,34700,2025-02-03
33014,Izzati,binti Hamid,Female,015-1685631,1964-12-21,izzati33014@gmail.com,Gold,"No. 270, Jalan B9",Seremban,Negeri Sembilan,70300,2025-02-03
33015,Jian Ming,Lee,Male,010-5610168,1989-08-25,jian33015@gmail.com,Silver,"No. 105, Jalan C7",Seremban,Negeri Sembilan,70400,2025-02-03
33016,Sharmila,a/p Ramasamy,Female,019-8329075,1988-06-19,sharmila33016@gmail.com,Silver,"No. 27, Jalan G17",Kuantan,Pahang,25050,2025-02-03
33017,Nadia,binti Abdullah,Female,011-7445802,1984-07-28,nadia33017@gmail.com,Silver,"No. 247, Jalan A11",Kuantan,Pahang,25300,2025-02-03
33018,Suresh,a/l Maniam,Male,017-5857067,1974-08-01,suresh33018@gmail.com,Bronze,"No. 299, Jalan D2",Subang Jaya,Selangor,47600,2025-02-03
33019,Anisa,binti Rahman,Female,011-5226532,1996-04-03,anisa33019@gmail.com,Bronze,"No. 54, Jalan A20",Subang Jaya,Selangor,47500,2025-02-03
33020,Farah,binti Osman,Female,013-7856161,1979-07-07,farah33020@gmail.com,Bronze,"No. 177, Jalan B9",Kuala Lumpur,Federal Territory of Kuala Lumpur,50450,2025-02-04
33021,Suresh,a/l Rajan,Male,014-5207234,1999-09-13,suresh33021@gmail.com,Gold,"No. 8, Jalan F1",Kuala Lumpur,Federal Territory of Kuala Lumpur,55200,2025-02-04
33022,Aisyah,binti Osman,Female,012-9889519,1969-11-18,aisyah33022@gmail.com,Bronze,"No. 169, Jalan D9",Sungai Buloh,Selangor,47820,2025-02-04
33023,Alia,binti Zainal,Female,018-9199434,2002-12-15,alia33023@gmail.com,Silver,"No. 263, Jalan C10",Johor Bahru,Johor,80200,2025-02-04
33024,Thivya,a/p Krishnan,Female,017-3402278,1993-10-27,thivya33024@gmail.com,Bronze,"No. 276, Jalan B2",Seremban,Negeri Sembilan,70200,2025-02-04
33025,Anisa,binti Zainal,Female,010-5603132,1982-10-04,anisa33025@gmail.com,Silver,"No. 297, Jalan E5",Johor Bahru,Johor,81200,2025-02-04
33026,Yee Ling,Ng,Female,017-4084443,1991-01-20,yee33026@gmail.com,Bronze,"No. 24, Jalan D3",Melaka,Melaka,75000,2025-02-04
33027,Nurul Huda,binti Yusof,Female,014-8887615,1991-02-20,nurul33027@gmail.com,Platinum,"No. 57, Jalan F6",Puchong,Selangor,47130,2025-02-04
33028,Danial,bin Rahman,Male,013-2350714,1970-01-25,danial33028@gmail.com,Bronze,"No. 295, Jalan B1",Rawang,Selangor,48020,2025-02-04
33029,Amelia,binti Abdullah,Female,012-2908789,1982-03-03,amelia33029@gmail.com,Bronze,"No. 162, Jalan C16",Wangsa Maju,Federal Territory of Kuala Lumpur,53200,2025-02-04
33030,Firdaus,bin Razak,Male,019-6145791,1990-05-17,firdaus33030@gmail.com,Bronze,"No. 283, Jalan B4",Setapak,Federal Territory of Kuala Lumpur,53100,2025-02-04
33031,Aiman,bin Razak,Male,015-4393479,1995-03-01,aiman33031@gmail.com,Bronze,"No. 157, Jalan B8",Ipoh,Perak,30100,2025-02-04
33032,Nur Aina,binti Abdullah,Female,010-8933287,1999-06-25,nur33032@gmail.com,Silver,"No. 93, Jalan E15",Kuala Lumpur,Federal Territory of Kuala Lumpur,59000,2025-02-04
33033,Yasmin,binti Razak,Female,011-5195982,1987-05-15,yasmin33033@gmail.com,Gold,"No. 52, Jalan G19",Shah Alam,Selangor,40170,2025-02-04
33034,Zheng Yang,Chin,Male,010-9091162,1967-11-27,zheng33034@gmail.com,Gold,"No. 271, Jalan B18",Kuala Lumpur,Federal Territory of Kuala Lumpur,50450,2025-02-05
33035,Nur Aina,binti Zainal,Female,018-1538605,1973-10-24,nur33035@gmail.com,Bronze,"No. 134, Jalan F19",Johor Bahru,Johor,80350,2025-02-05
33036,Izzati,binti Rahman,Female,014-5802572,1997-01-21,izzati33036@gmail.com,Gold,"No. 99, Jalan B12",Kepong,Federal Territory of Kuala Lumpur,52000,2025-02-05
33037,Daniel,Wong,Male,016-2058616,1994-12-17,daniel33037@gmail.com,Bronze,"No. 97, Jalan E8",Kuala Lumpur,Federal Territory of Kuala Lumpur,59200,2025-02-05
33038,Nurin,binti Yusof,Female,011-9948160,1998-07-01,nurin33038@gmail.com,Silver,"No. 51, Jalan A9",Kuala Lumpur,Federal Territory of Kuala Lumpur,56000,2025-02-05
33039,Farah,binti Ahmad,Female,017-1065056,1984-06-27,farah33039@gmail.com,Bronze,"No. 110, Jalan E11",Petaling Jaya,Selangor,46300,2025-02-05
33040,Nurin,binti Ahmad,Female,012-8832841,1999-02-26,nurin33040@gmail.com,Bronze,"No. 175, Jalan F9",Johor Bahru,Johor,80000,2025-02-05
33041,Nadia,binti Ismail,Female,012-8082428,2003-12-08,nadia33041@gmail.com,Bronze,"No. 163, Jalan B10",Johor Bahru,Johor,80000,2025-02-05
33042,Divya,a/p Ramasamy,Female,014-9339313,1977-02-20,divya33042@gmail.com,Silver,"No. 31, Jalan G13",George Town,Pulau Pinang,10350,2025-02-05
33043,Suhaila,binti Abdullah,Female,014-8040116,1968-10-15,suhaila33043@gmail.com,Bronze,"No. 114, Jalan B8",Klang,Selangor,41000,2025-02-05
33044,Zulkifli,bin Ahmad,Male,012-4164997,1988-12-04,zulkifli33044@gmail.com,Platinum,"No. 216, Jalan G18",Klang,Selangor,42100,2025-02-05
33045,Fatimah,binti Ahmad,Female,016-4256680,1986-05-15,fatimah33045@gmail.com,Silver,"No. 259, Jalan A8",Wangsa Maju,Federal Territory of Kuala Lumpur,53200,2025-02-05
33046,Chong Wei,Wong,Male,016-5427149,1971-10-20,chong33046@gmail.com,Bronze,"No. 232, Jalan A3",Gombak,Selangor,53000,2025-02-05
33047,Chloe,Chin,Female,016-6941397,1986-11-12,chloe33047@gmail.com,Bronze,"No. 101, Jalan C4",Seremban,Negeri Sembilan,70300,2025-02-05
33048,Kavitha,a/p Ramasamy,Female,014-5680317,1974-01-18,kavitha33048@gmail.com,Bronze,"No. 69, Jalan E6",Kuantan,Pahang,25300,2025-02-05
33049,Balqis,binti Rahman,Female,016-1220555,2000-12-05,balqis33049@gmail.com,Platinum,"No. 274, Jalan C8",Seremban,Negeri Sembilan,70450,2025-02-05
33050,Rachel,Khoo,Female,010-3183570,1988-08-07,rachel33050@gmail.com,Bronze,"No. 30, Jalan F17",Subang Jaya,Selangor,47610,2025-02-05
33051,Irfan,bin Osman,Male,014-2505054,1964-07-29,irfan33051@gmail.com,Gold,"No. 295, Jalan E16",Petaling Jaya,Selangor,47810,2025-02-06
33052,Izzati,binti Yusof,Female,015-9220174,2001-05-27,izzati33052@gmail.com,Bronze,"No. 168, Jalan E16",Seremban,Negeri Sembilan,70450,2025-02-06
33053,Aisyah,binti Osman,Female,018-4964831,1985-09-08,aisyah33053@gmail.com,Silver,"No. 117, Jalan G16",Puchong,Selangor,47150,2025-02-06
33054,Danial,bin Razak,Male,011-1858089,1967-05-09,danial33054@gmail.com,Bronze,"No. 143, Jalan G19",Puchong,Selangor,47190,2025-02-06
33055,Deepa,a/p Subramaniam,Female,013-1530965,2002-03-08,deepa33055@gmail.com,Bronze,"No. 242, Jalan E9",Sungai Buloh,Selangor,47820,2025-02-06
33056,Zhi Wei,Foo,Male,018-1325523,1974-06-22,zhi33056@gmail.com,Bronze,"No. 103, Jalan D2",Ipoh,Perak,31400,2025-02-06
33057,Yasmin,binti Hamid,Female,016-7165508,1965-11-17,yasmin33057@gmail.com,Bronze,"No. 187, Jalan G15",Klang,Selangor,41150,2025-02-06
33058,Kevin,Ng,Male,013-6583797,1965-01-21,kevin33058@gmail.com,Bronze,"No. 212, Jalan D10",Klang,Selangor,42100,2025-02-06
33059,Michelle,Chan,Female,018-9677602,1965-06-08,michelle33059@gmail.com,Silver,"No. 297, Jalan E18",Puchong,Selangor,47180,2025-02-06
33060,Rachel,Foo,Female,017-7868411,1983-08-30,rachel33060@gmail.com,Gold,"No. 141, Jalan G10",Seremban,Negeri Sembilan,70200,2025-02-06
33061,Prakash,a/l Ramasamy,Male,016-6484218,1983-11-06,prakash33061@gmail.com,Bronze,"No. 179, Jalan G16",Puchong,Selangor,47130,2025-02-06
33062,Adam,bin Ahmad,Male,015-3073938,1977-05-14,adam33062@gmail.com,Silver,"No. 77, Jalan E6",Kuantan,Pahang,25250,2025-02-06
33063,Faizal,bin Ahmad,Male,018-1145038,1987-12-09,faizal33063@gmail.com,Bronze,"No. 113, Jalan F20",Puchong,Selangor,47100,2025-02-06
33064,Izzati,binti Abdullah,Female,018-1572855,1968-06-13,izzati33064@gmail.com,Bronze,"No. 165, Jalan G4",Kuala Lumpur,Federal Territory of Kuala Lumpur,57000,2025-02-07
33065,Lakshmi,a/p Ramasamy,Female,012-3225052,2001-06-25,lakshmi33065@gmail.com,Bronze,"No. 70, Jalan C7",Petaling Jaya,Selangor,46000,2025-02-07
33066,Ganesh,a/l Ramasamy,Male,016-6267394,1998-12-21,ganesh33066@gmail.com,Bronze,"No. 1, Jalan A19",Petaling Jaya,Selangor,47810,2025-02-07
33067,Ravi,a/l Rajan,Male,011-3416016,1998-03-02,ravi33067@gmail.com,Silver,"No. 106, Jalan A18",Petaling Jaya,Selangor,46300,2025-02-07
33068,Shalini,a/p Ramasamy,Female,014-1865806,1965-10-01,shalini33068@gmail.com,Bronze,"No. 120, Jalan D1",Ipoh,Perak,30300,2025-02-07
33069,Aisyah,binti Abdullah,Female,011-4976132,2004-12-30,aisyah33069@gmail.com,Bronze,"No. 281, Jalan F7",George Town,Pulau Pinang,10200,2025-02-07
33070,Rohani,binti Abdullah,Female,016-1331265,1979-01-04,rohani33070@gmail.com,Silver,"No. 106, Jalan D17",George Town,Pulau Pinang,10100,2025-02-07
33071,Hannah,binti Ismail,Female,013-7064572,1981-12-05,hannah33071@gmail.com,Silver,"No. 170, Jalan E11",George Town,Pulau Pinang,10200,2025-02-07
33072,Zulkifli,bin Abdullah,Male,017-7105075,1968-03-23,zulkifli33072@gmail.com,Bronze,"No. 297, Jalan A2",Gombak,Selangor,68100,2025-02-07
33073,Firdaus,bin Ahmad,Male,013-7364837,1969-01-02,firdaus33073@gmail.com,Bronze,"No. 185, Jalan D19",Puchong,Selangor,47190,2025-02-07
33074,Vikram,a/l Subramaniam,Male,019-3025414,2003-03-06,vikram33074@gmail.com,Silver,"No. 199, Jalan D12",Selayang,Selangor,68100,2025-02-07
33075,Irfan,bin Abdullah,Male,011-3394463,1973-05-29,irfan33075@gmail.com,Silver,"No. 84, Jalan F1",Wangsa Maju,Federal Territory of Kuala Lumpur,53100,2025-02-07
33076,Alia,binti Osman,Female,019-4873935,1974-10-11,alia33076@gmail.com,Silver,"No. 25, Jalan B7",Wangsa Maju,Federal Territory of Kuala Lumpur,53200,2025-02-07
33077,Zarina,binti Osman,Female,018-2067742,1965-11-11,zarina33077@gmail.com,Platinum,"No. 288, Jalan B6",Setapak,Federal Territory of Kuala Lumpur,53000,2025-02-07
33078,Hui Min,Chan,Female,019-3848808,1995-06-23,hui33078@gmail.com,Bronze,"No. 247, Jalan C8",Kuala Lumpur,Federal Territory of Kuala Lumpur,55100,2025-02-07
33079,Firdaus,bin Ahmad,Male,014-7837509,1982-08-30,firdaus33079@gmail.com,Bronze,"No. 227, Jalan D9",Gombak,Selangor,53000,2025-02-07
33080,Deepa,a/p Muniandy,Female,016-3658917,2004-11-26,deepa33080@gmail.com,Bronze,"No. 19, Jalan F19",Rawang,Selangor,48010,2025-02-07
33081,Kok Wai,Chin,Male,016-2986250,1993-02-14,kok33081@gmail.com,Silver,"No. 290, Jalan B15",Gombak,Selangor,53000,2025-02-07
33082,Siti,binti Ahmad,Female,016-8727730,1986-10-03,siti33082@gmail.com,Bronze,"No. 164, Jalan G7",Ipoh,Perak,30200,2025-02-07
33083,Kok Wai,Teoh,Male,018-7884990,1965-09-15,kok33083@gmail.com,Silver,"No. 26, Jalan D14",Nilai,Negeri Sembilan,71800,2025-02-07
33084,Syafiq,bin Yusof,Male,019-4076232,1999-10-01,syafiq33084@gmail.com,Bronze,"No. 93, Jalan A20",Seremban,Negeri Sembilan,70500,2025-02-07
33085,Alia,binti Yusof,Female,012-6203653,1998-06-03,alia33085@gmail.com,Gold,"No. 218, Jalan A3",Seremban,Negeri Sembilan,70000,2025-02-07
33086,Firdaus,bin Razak,Male,011-8779617,1977-01-25,firdaus33086@gmail.com,Bronze,"No. 127, Jalan G20",Kuantan,Pahang,25100,2025-02-07
33087,Suhaila,binti Ahmad,Female,014-3582121,2004-02-11,suhaila33087@gmail.com,Bronze,"No. 90, Jalan F9",Kuantan,Pahang,25000,2025-02-07
33088,Siti,binti Abdullah,Female,013-7179842,1972-08-13,siti33088@gmail.com,Silver,"No. 144, Jalan D13",Kajang,Selangor,43100,2025-02-07
33089,Vanessa,Chan,Female,013-8642164,1998-01-06,vanessa33089@gmail.com,Bronze,"No. 23, Jalan F13",Bukit Jalil,Federal Territory of Kuala Lumpur,58200,2025-02-07
33090,Anjali,a/p Maniam,Female,017-7950231,1991-04-09,anjali33090@gmail.com,Bronze,"No. 264, Jalan E11",Setapak,Federal Territory of Kuala Lumpur,53300,2025-02-08
33091,Kumar,a/l Krishnan,Male,014-3584027,2006-03-14,kumar33091@gmail.com,Bronze,"No. 172, Jalan A11",Kepong,Federal Territory of Kuala Lumpur,52000,2025-02-08
33092,Irfan,bin Zainal,Male,013-5005457,1995-09-02,irfan33092@gmail.com,Platinum,"No. 200, Jalan G14",Kuala Lumpur,Federal Territory of Kuala Lumpur,56000,2025-02-08
33093,Balqis,binti Razak,Female,019-1618825,1977-02-12,balqis33093@gmail.com,Gold,"No. 101, Jalan E18",Kuala Lumpur,Federal Territory of Kuala Lumpur,59200,2025-02-08
33094,Suhaila,binti Hassan,Female,016-8852632,1984-03-07,suhaila33094@gmail.com,Bronze,"No. 245, Jalan D9",Petaling Jaya,Selangor,47300,2025-02-08
33095,Aina,binti Osman,Female,010-9366237,1992-10-07,aina33095@gmail.com,Silver,"No. 215, Jalan C5",Petaling Jaya,Selangor,47810,2025-02-08
33096,Chong Wei,Yeoh,Male,016-4119522,1976-04-21,chong33096@gmail.com,Silver,"No. 42, Jalan A18",Petaling Jaya,Selangor,46100,2025-02-08
33097,Haziq,bin Rahman,Male,014-4358018,1967-08-10,haziq33097@gmail.com,Bronze,"No. 174, Jalan F11",Petaling Jaya,Selangor,47301,2025-02-08
33098,Wei Hong,Chin,Male,018-2645594,1996-11-26,wei33098@gmail.com,Gold,"No. 65, Jalan C11",Johor Bahru,Johor,81200,2025-02-08
33099,Deepa,a/p Ramasamy,Female,011-1621338,1999-05-18,deepa33099@gmail.com,Silver,"No. 79, Jalan C19",Johor Bahru,Johor,81100,2025-02-08
33100,Ganesh,a/l Ramasamy,Male,014-1785059,1983-12-18,ganesh33100@gmail.com,Bronze,"No. 93, Jalan E4",George Town,Pulau Pinang,10100,2025-02-08
33101,Shalini,a/p Muniandy,Female,016-2883612,1979-09-17,shalini33101@gmail.com,Gold,"No. 124, Jalan C6",George Town,Pulau Pinang,10150,2025-02-08
33102,Ling Ling,Goh,Female,014-8216870,1974-12-10,ling33102@gmail.com,Silver,"No. 269, Jalan B8",Melaka,Melaka,75300,2025-02-08
33103,Zarina,binti Hassan,Female,014-9191602,2005-08-26,zarina33103@gmail.com,Bronze,"No. 214, Jalan A4",Melaka,Melaka,75350,2025-02-08
33104,Farah,binti Osman,Female,013-8231099,1986-07-30,farah33104@gmail.com,Bronze,"No. 267, Jalan D11",Puchong,Selangor,47180,2025-02-08
33105,Kavitha,a/p Subramaniam,Female,018-6302211,1973-11-15,kavitha33105@gmail.com,Gold,"No. 13, Jalan E17",Puchong,Selangor,47160,2025-02-08
33106,Yong Sheng,Ng,Male,014-8544057,1971-05-26,yong33106@gmail.com,Bronze,"No. 140, Jalan B6",Sungai Buloh,Selangor,47810,2025-02-08
33107,Zulkifli,bin Hamid,Male,013-2589980,1992-11-28,zulkifli33107@gmail.com,Bronze,"No. 36, Jalan E20",Setapak,Federal Territory of Kuala Lumpur,53100,2025-02-08
33108,Meena,a/p Ramasamy,Female,011-8559402,2005-09-12,meena33108@gmail.com,Bronze,"No. 171, Jalan F7",Setapak,Federal Territory of Kuala Lumpur,53100,2025-02-08
33109,Adam,bin Ismail,Male,017-6695686,1975-12-03,adam33109@gmail.com,Silver,"No. 259, Jalan C11",Gombak,Selangor,68100,2025-02-08
33110,Grace,Tan,Female,016-7511321,2006-10-26,grace33110@gmail.com,Bronze,"No. 55, Jalan G9",Gombak,Selangor,53100,2025-02-08
33111,Nadia,binti Ahmad,Female,015-2613481,1999-07-16,nadia33111@gmail.com,Bronze,"No. 172, Jalan F12",Gombak,Selangor,53100,2025-02-08
33112,Suhaila,binti Razak,Female,010-8640106,1971-10-28,suhaila33112@gmail.com,Silver,"No. 252, Jalan E18",Seremban,Negeri Sembilan,70000,2025-02-08
33113,Nurul Huda,binti Osman,Female,015-6632906,1971-08-10,nurul33113@gmail.com,Bronze,"No. 108, Jalan B7",Subang Jaya,Selangor,47500,2025-02-08
33114,Kavitha,a/p Muniandy,Female,018-7338103,1990-05-04,kavitha33114@gmail.com,Bronze,"No. 299, Jalan D5",Subang Jaya,Selangor,47600,2025-02-08
33115,Rachel,Yap,Female,010-7533905,1968-06-25,rachel33115@gmail.com,Gold,"No. 35, Jalan F7",Subang Jaya,Selangor,47650,2025-02-08
33116,Grace,Sim,Female,018-5451627,1964-08-31,grace33116@gmail.com,Gold,"No. 196, Jalan G5",Cyberjaya,Selangor,63100,2025-02-08
33117,Jian Ming,Khoo,Male,013-9547702,1992-08-10,jian33117@gmail.com,Gold,"No. 50, Jalan G2",Kuala Lumpur,Federal Territory of Kuala Lumpur,58000,2025-02-09
33118,Farah,binti Ismail,Female,015-2745054,1977-06-03,farah33118@gmail.com,Gold,"No. 182, Jalan B3",Kuala Lumpur,Federal Territory of Kuala Lumpur,50000,2025-02-09
33119,Izzati,binti Abdullah,Female,014-1594584,1999-03-16,izzati33119@gmail.com,Bronze,"No. 191, Jalan F18",Setapak,Federal Territory of Kuala Lumpur,53100,2025-02-09
33120,Hannah,binti Yusof,Female,017-3138049,1986-07-24,hannah33120@gmail.com,Bronze,"No. 295, Jalan F5",Kuala Lumpur,Federal Territory of Kuala Lumpur,50480,2025-02-09
33121,Rajesh,a/l Maniam,Male,013-1345232,2005-06-06,rajesh33121@gmail.com,Bronze,"No. 297, Jalan E8",Kuala Lumpur,Federal Territory of Kuala Lumpur,55100,2025-02-09
33122,Nadia,binti Razak,Female,013-8076443,1993-06-24,nadia33122@gmail.com,Bronze,"No. 220, Jalan B19",Petaling Jaya,Selangor,47301,2025-02-09
33123,Wan Ying,Ong,Female,015-7807677,1970-04-08,wan33123@gmail.com,Bronze,"No. 73, Jalan F8",Sungai Buloh,Selangor,47000,2025-02-09
33124,Anjali,a/p Muniandy,Female,014-4564221,1983-11-01,anjali33124@gmail.com,Silver,"No. 288, Jalan C14",Kulai,Johor,81000,2025-02-09
33125,Vikram,a/l Krishnan,Male,017-2045667,1975-02-27,vikram33125@gmail.com,Bronze,"No. 15, Jalan F7",Johor Bahru,Johor,80350,2025-02-09
33126,Wei Hong,Wong,Male,014-9252245,1972-04-20,wei33126@gmail.com,Platinum,"No. 202, Jalan G14",Johor Bahru,Johor,80100,2025-02-09
33127,Pei Shan,Lee,Female,012-9579147,1984-09-05,pei33127@gmail.com,Silver,"No. 49, Jalan B2",George Town,Pulau Pinang,10400,2025-02-09
33128,Chloe,Lim,Female,019-4804125,1982-03-02,chloe33128@gmail.com,Silver,"No. 206, Jalan C1",George Town,Pulau Pinang,10000,2025-02-09
33129,Danial,bin Ahmad,Male,015-6264271,1991-07-24,danial33129@gmail.com,Silver,"No. 171, Jalan F7",Puchong,Selangor,47190,2025-02-09
33130,Hafiz,bin Ahmad,Male,017-3074243,2000-11-19,hafiz33130@gmail.com,Silver,"No. 163, Jalan D7",Melaka,Melaka,75000,2025-02-09
33131,Aina,binti Abdullah,Female,013-9615754,1986-11-17,aina33131@gmail.com,Bronze,"No. 290, Jalan E10",Melaka,Melaka,75350,2025-02-09
33132,Thivya,a/p Rajan,Female,017-5542276,1985-06-03,thivya33132@gmail.com,Bronze,"No. 295, Jalan E3",Shah Alam,Selangor,40170,2025-02-09
33133,Rohani,binti Hassan,Female,016-9739597,1967-08-01,rohani33133@gmail.com,Bronze,"No. 128, Jalan E18",Subang Jaya,Selangor,47630,2025-02-09
33134,Ling Ling,Loh,Female,012-9379652,1988-02-04,ling33134@gmail.com,Silver,"No. 277, Jalan D12",Shah Alam,Selangor,40460,2025-02-09
33135,Hafiz,bin Ismail,Male,015-5158406,1964-03-20,hafiz33135@gmail.com,Bronze,"No. 98, Jalan F5",Shah Alam,Selangor,40000,2025-02-09
33136,Aina,binti Ahmad,Female,010-2327768,1981-01-04,aina33136@gmail.com,Bronze,"No. 12, Jalan A17",Klang,Selangor,41200,2025-02-09
33137,Adam,bin Ahmad,Male,012-3890738,1999-04-26,adam33137@gmail.com,Platinum,"No. 59, Jalan D6",Kepong,Federal Territory of Kuala Lumpur,52000,2025-02-09
33138,Rohani,binti Razak,Female,017-5229119,1972-11-01,rohani33138@gmail.com,Silver,"No. 190, Jalan D15",Gombak,Selangor,53100,2025-02-09
33139,Amirul,bin Osman,Male,016-4486008,1979-05-04,amirul33139@gmail.com,Silver,"No. 211, Jalan G18",Rawang,Selangor,48020,2025-02-09
33140,Aiman,bin Ahmad,Male,014-9526479,1995-03-03,aiman33140@gmail.com,Silver,"No. 195, Jalan B6",Seremban,Negeri Sembilan,70500,2025-02-09
33141,Siti,binti Yusof,Female,011-5646076,1997-01-08,siti33141@gmail.com,Bronze,"No. 140, Jalan B1",Kuantan,Pahang,25150,2025-02-09
33142,Aisyah,binti Hassan,Female,012-6160365,1967-08-05,aisyah33142@gmail.com,Bronze,"No. 181, Jalan F4",Temerloh,Pahang,28400,2025-02-09
33143,Lakshmi,a/p Maniam,Female,019-6596467,1979-05-02,lakshmi33143@gmail.com,Silver,"No. 294, Jalan B7",Subang Jaya,Selangor,47650,2025-02-09
33144,Sharmila,a/p Ramasamy,Female,010-5910849,2000-06-16,sharmila33144@gmail.com,Bronze,"No. 223, Jalan A18",Subang Jaya,Selangor,47620,2025-02-09
33145,Emily,Foo,Female,019-1660190,1976-12-11,emily33145@gmail.com,Gold,"No. 138, Jalan B4",Bukit Jalil,Federal Territory of Kuala Lumpur,58200,2025-02-09
33146,Zheng Yang,Wong,Male,017-3836068,1976-06-09,zheng33146@gmail.com,Bronze,"No. 281, Jalan D18",Kajang,Selangor,43200,2025-02-09
33147,Adam,bin Razak,Male,014-8348808,1971-01-17,adam33147@gmail.com,Bronze,"No. 184, Jalan D7",Bukit Jalil,Federal Territory of Kuala Lumpur,57000,2025-02-10
33148,Aina,binti Abdullah,Female,018-1447577,2001-09-05,aina33148@gmail.com,Silver,"No. 132, Jalan D1",Kuala Lumpur,Federal Territory of Kuala Lumpur,55100,2025-02-10
33149,Fatimah,binti Rahman,Female,012-8291584,1969-08-18,fatimah33149@gmail.com,Platinum,"No. 222, Jalan D11",Sungai Buloh,Selangor,47000,2025-02-10
33150,Jia Yi,Yeoh,Female,017-4262477,1983-12-19,jia33150@gmail.com,Bronze,"No. 239, Jalan B12",Melaka,Melaka,75300,2025-02-10
33151,Ravi,a/l Rajan,Male,017-6661376,2005-12-02,ravi33151@gmail.com,Silver,"No. 287, Jalan G1",Shah Alam,Selangor,40100,2025-02-10
33152,Hannah,binti Abdullah,Female,014-2859171,1993-12-13,hannah33152@gmail.com,Bronze,"No. 247, Jalan C16",Sungai Buloh,Selangor,47820,2025-02-10
33153,Li Wen,Lee,Female,016-8271934,1968-12-06,li33153@gmail.com,Bronze,"No. 187, Jalan F4",Cyberjaya,Selangor,63100,2025-02-10
33154,Adam,bin Razak,Male,010-5372239,1966-04-27,adam33154@gmail.com,Bronze,"No. 151, Jalan G2",Puchong,Selangor,47170,2025-02-10
33155,Yasmin,binti Yusof,Female,019-9806625,1973-06-21,yasmin33155@gmail.com,Bronze,"No. 181, Jalan G8",Setapak,Federal Territory of Kuala Lumpur,53200,2025-02-10
33156,Emily,Lim,Female,012-6153798,1984-05-21,emily33156@gmail.com,Platinum,"No. 84, Jalan G18",Gombak,Selangor,53000,2025-02-10
33157,Nurul Huda,binti Yusof,Female,014-5842948,1978-06-30,nurul33157@gmail.com,Platinum,"No. 192, Jalan F1",Ampang,Selangor,55100,2025-02-10
33158,Hannah,binti Rahman,Female,016-5339814,1998-03-22,hannah33158@gmail.com,Gold,"No. 150, Jalan B20",Seremban,Negeri Sembilan,70400,2025-02-10
33159,Zarina,binti Hassan,Female,014-1395277,1969-08-02,zarina33159@gmail.com,Bronze,"No. 170, Jalan F3",Seremban,Negeri Sembilan,70100,2025-02-10
33160,Priya,a/p Rajan,Female,014-8755773,2002-12-19,priya33160@gmail.com,Bronze,"No. 272, Jalan E8",Seremban,Negeri Sembilan,70200,2025-02-10
33161,Balqis,binti Zainal,Female,015-2012735,1965-03-26,balqis33161@gmail.com,Silver,"No. 71, Jalan D19",Subang Jaya,Selangor,47650,2025-02-10
33162,Faizal,bin Osman,Male,019-3785612,1981-11-22,faizal33162@gmail.com,Bronze,"No. 157, Jalan A5",Wangsa Maju,Federal Territory of Kuala Lumpur,53100,2025-02-11
33163,Ganesh,a/l Ramasamy,Male,015-1780962,1985-06-13,ganesh33163@gmail.com,Bronze,"No. 232, Jalan C3",Kuala Lumpur,Federal Territory of Kuala Lumpur,59000,2025-02-11
33164,Zheng Yang,Lim,Male,016-6324447,1971-02-23,zheng33164@gmail.com,Silver,"No. 76, Jalan C5",Wangsa Maju,Federal Territory of Kuala Lumpur,53200,2025-02-11
33165,Anisa,binti Rahman,Female,013-6122524,1972-02-19,anisa33165@gmail.com,Bronze,"No. 287, Jalan G18",Sungai Buloh,Selangor,47820,2025-02-11
33166,Hui Min,Liew,Female,018-6905539,1970-11-15,hui33166@gmail.com,Gold,"No. 32, Jalan E17",Sungai Buloh,Selangor,47810,2025-02-11
33167,Wei Jie,Khoo,Male,017-8290138,1992-03-31,wei33167@gmail.com,Bronze,"No. 237, Jalan C18",Selayang,Selangor,68100,2025-02-11
33168,Michelle,Liew,Female,014-8033031,1982-08-21,michelle33168@gmail.com,Silver,"No. 110, Jalan D3",Sungai Buloh,Selangor,47810,2025-02-11
33169,Nadia,binti Osman,Female,019-4602151,1986-12-04,nadia33169@gmail.com,Bronze,"No. 259, Jalan G15",Shah Alam,Selangor,40150,2025-02-11
33170,Balqis,binti Ismail,Female,017-4774057,1985-07-19,balqis33170@gmail.com,Bronze,"No. 294, Jalan D20",Kulai,Johor,81030,2025-02-11
33171,Michelle,Ng,Female,010-9523453,1981-02-28,michelle33171@gmail.com,Bronze,"No. 163, Jalan D7",Sungai Buloh,Selangor,47810,2025-02-11
33172,Adam,bin Rahman,Male,017-1609272,1987-07-02,adam33172@gmail.com,Silver,"No. 201, Jalan A19",Rawang,Selangor,48010,2025-02-11
33173,Hui Min,Goh,Female,018-3459315,1977-10-20,hui33173@gmail.com,Silver,"No. 167, Jalan C2",Setapak,Federal Territory of Kuala Lumpur,53100,2025-02-11
33174,Jian Ming,Lim,Male,016-5543763,2001-01-15,jian33174@gmail.com,Bronze,"No. 167, Jalan A11",Setapak,Federal Territory of Kuala Lumpur,53300,2025-02-11
33175,Izzati,binti Ahmad,Female,014-2770545,1990-08-14,izzati33175@gmail.com,Bronze,"No. 170, Jalan D16",Wangsa Maju,Federal Territory of Kuala Lumpur,53300,2025-02-11
33176,Meena,a/p Krishnan,Female,010-4012324,1991-03-07,meena33176@gmail.com,Bronze,"No. 227, Jalan B15",Kepong,Federal Territory of Kuala Lumpur,52000,2025-02-11
33177,Kai Xin,Yeoh,Female,012-3688626,2004-12-10,kai33177@gmail.com,Silver,"No. 199, Jalan G11",Ipoh,Perak,30250,2025-02-11
33178,Anisa,binti Osman,Female,010-2886444,1964-12-25,anisa33178@gmail.com,Silver,"No. 170, Jalan A19",Kuantan,Pahang,25150,2025-02-11
33179,Irfan,bin Osman,Male,015-2575090,1968-02-07,irfan33179@gmail.com,Bronze,"No. 112, Jalan F15",Subang Jaya,Selangor,47620,2025-02-11
33180,Hui Min,Loh,Female,011-6905041,1999-04-20,hui33180@gmail.com,Bronze,"No. 65, Jalan F19",Kuala Lumpur,Federal Territory of Kuala Lumpur,59000,2025-02-12
33181,Jian Ming,Lee,Male,015-2180751,1991-10-29,jian33181@gmail.com,Silver,"No. 158, Jalan G9",Sungai Buloh,Selangor,47810,2025-02-12
33182,Farah,binti Razak,Female,010-5788039,1975-07-31,farah33182@gmail.com,Bronze,"No. 214, Jalan D2",Petaling Jaya,Selangor,46000,2025-02-12
33183,Shalini,a/p Subramaniam,Female,019-4527998,1980-06-20,shalini33183@gmail.com,Bronze,"No. 251, Jalan F10",Petaling Jaya,Selangor,47400,2025-02-12
33184,Shalini,a/p Muniandy,Female,014-4526219,1998-03-27,shalini33184@gmail.com,Bronze,"No. 294, Jalan C2",Butterworth,Pulau Pinang,12200,2025-02-12
33185,Vikram,a/l Rajan,Male,015-7971322,2003-11-01,vikram33185@gmail.com,Gold,"No. 127, Jalan G7",Johor Bahru,Johor,80350,2025-02-12
33186,Aina,binti Yusof,Female,017-2135476,1983-07-21,aina33186@gmail.com,Bronze,"No. 16, Jalan D11",Melaka,Melaka,75350,2025-02-12
33187,Nur Aina,binti Osman,Female,015-7050778,1981-07-28,nur33187@gmail.com,Gold,"No. 158, Jalan A7",Shah Alam,Selangor,40150,2025-02-12
33188,Amelia,binti Abdullah,Female,017-1290609,1977-12-15,amelia33188@gmail.com,Silver,"No. 143, Jalan B5",Puchong,Selangor,47160,2025-02-12
33189,Aina,binti Razak,Female,014-2246320,1992-01-13,aina33189@gmail.com,Platinum,"No. 117, Jalan E13",Wangsa Maju,Federal Territory of Kuala Lumpur,53300,2025-02-12
33190,Wan Ying,Goh,Female,011-5962041,1972-01-07,wan33190@gmail.com,Platinum,"No. 193, Jalan D8",Ipoh,Perak,30100,2025-02-12
33191,Nabila,binti Ahmad,Female,014-9965001,1994-05-29,nabila33191@gmail.com,Gold,"No. 222, Jalan B19",Shah Alam,Selangor,40000,2025-02-12
33192,Yasmin,binti Hassan,Female,019-3052620,2005-03-23,yasmin33192@gmail.com,Silver,"No. 106, Jalan F19",Kepong,Federal Territory of Kuala Lumpur,52100,2025-02-13
33193,Firdaus,bin Yusof,Male,018-4987707,1982-09-09,firdaus33193@gmail.com,Bronze,"No. 154, Jalan C8",Johor Bahru,Johor,81100,2025-02-13
33194,Pei Shan,Teoh,Female,018-7311269,1997-07-02,pei33194@gmail.com,Bronze,"No. 194, Jalan F15",Melaka,Melaka,75000,2025-02-13
33195,Hannah,binti Zainal,Female,014-6689309,1975-07-15,hannah33195@gmail.com,Silver,"No. 24, Jalan G4",Melaka,Melaka,75150,2025-02-13
33196,Nabila,binti Hassan,Female,013-6184375,1972-05-06,nabila33196@gmail.com,Bronze,"No. 126, Jalan E5",Subang Jaya,Selangor,47610,2025-02-13
33197,Nurin,binti Ismail,Female,018-8862971,1981-04-18,nurin33197@gmail.com,Silver,"No. 143, Jalan E15",Shah Alam,Selangor,40150,2025-02-13
33198,Wan Ying,Liew,Female,019-5922158,1987-08-02,wan33198@gmail.com,Silver,"No. 5, Jalan G18",Klang,Selangor,41150,2025-02-13
33199,Wan Ying,Tan,Female,018-9719127,2001-01-07,wan33199@gmail.com,Silver,"No. 138, Jalan E11",Sungai Buloh,Selangor,47810,2025-02-13
33200,Grace,Chong,Female,017-3220654,2000-07-29,grace33200@gmail.com,Silver,"No. 221, Jalan D5",Ipoh,Perak,31350,2025-02-13
33201,Yasmin,binti Ahmad,Female,010-3815032,1997-06-10,yasmin33201@gmail.com,Silver,"No. 191, Jalan G9",Ipoh,Perak,30010,2025-02-13
33202,Amirul,bin Hassan,Male,019-7280634,2007-02-01,amirul33202@gmail.com,Silver,"No. 128, Jalan B1",Seremban,Negeri Sembilan,70450,2025-02-13
33203,Siti,binti Abdullah,Female,012-4269645,1979-08-09,siti33203@gmail.com,Bronze,"No. 180, Jalan C16",Seremban,Negeri Sembilan,70000,2025-02-13
33204,Aiman,bin Rahman,Male,014-5949987,1980-03-15,aiman33204@gmail.com,Bronze,"No. 178, Jalan E10",Subang Jaya,Selangor,47610,2025-02-13
33205,Aisyah,binti Razak,Female,016-9343225,1994-04-25,aisyah33205@gmail.com,Bronze,"No. 180, Jalan C18",Wangsa Maju,Federal Territory of Kuala Lumpur,53100,2025-02-14
33206,Rachel,Cheah,Female,014-1935336,1965-06-03,rachel33206@gmail.com,Bronze,"No. 125, Jalan C16",Kuala Lumpur,Federal Territory of Kuala Lumpur,59200,2025-02-14
33207,Nurin,binti Yusof,Female,012-9511382,1998-05-22,nurin33207@gmail.com,Gold,"No. 133, Jalan G3",Kuala Lumpur,Federal Territory of Kuala Lumpur,57000,2025-02-14
33208,Nur Aina,binti Hassan,Female,012-2008190,1990-06-22,nur33208@gmail.com,Bronze,"No. 110, Jalan B17",Wangsa Maju,Federal Territory of Kuala Lumpur,53200,2025-02-14
33209,Priya,a/p Subramaniam,Female,011-2224505,1984-11-17,priya33209@gmail.com,Gold,"No. 110, Jalan A14",Petaling Jaya,Selangor,47400,2025-02-14
33210,Nurin,binti Hassan,Female,010-4347852,1979-03-19,nurin33210@gmail.com,Bronze,"No. 13, Jalan A16",Petaling Jaya,Selangor,47800,2025-02-14
33211,Nadia,binti Razak,Female,011-1908844,1999-03-28,nadia33211@gmail.com,Gold,"No. 104, Jalan D7",Petaling Jaya,Selangor,47810,2025-02-14
33212,Nabila,binti Yusof,Female,018-8958362,1997-09-05,nabila33212@gmail.com,Bronze,"No. 98, Jalan D18",George Town,Pulau Pinang,10050,2025-02-14
33213,Kavitha,a/p Subramaniam,Female,017-7928750,1973-09-14,kavitha33213@gmail.com,Bronze,"No. 16, Jalan B2",Melaka,Melaka,75050,2025-02-14
33214,Siti,binti Hassan,Female,014-1614996,1990-06-24,siti33214@gmail.com,Bronze,"No. 99, Jalan E19",Sungai Buloh,Selangor,47000,2025-02-14
33215,Xin Yi,Tan,Female,013-2570516,1976-08-30,xin33215@gmail.com,Bronze,"No. 261, Jalan B1",Shah Alam,Selangor,40460,2025-02-14
33216,Aisyah,binti Ismail,Female,010-9260970,1966-07-26,aisyah33216@gmail.com,Silver,"No. 256, Jalan C18",Klang,Selangor,41200,2025-02-14
33217,Hannah,binti Razak,Female,019-9859241,1969-09-13,hannah33217@gmail.com,Bronze,"No. 149, Jalan A13",Subang Jaya,Selangor,47600,2025-02-14
33218,Rohani,binti Hamid,Female,011-3542501,1988-12-23,rohani33218@gmail.com,Bronze,"No. 35, Jalan A17",Bukit Jalil,Federal Territory of Kuala Lumpur,57000,2025-02-14
33219,Jian Ming,Loh,Male,014-2386599,1967-07-03,jian33219@gmail.com,Bronze,"No. 144, Jalan G14",Kuala Lumpur,Federal Territory of Kuala Lumpur,55200,2025-02-15
33220,Danial,bin Yusof,Male,016-7352751,2003-01-18,danial33220@gmail.com,Silver,"No. 230, Jalan B2",Kuala Lumpur,Federal Territory of Kuala Lumpur,57000,2025-02-15
33221,Siti,binti Osman,Female,018-1455566,2004-01-16,siti33221@gmail.com,Bronze,"No. 203, Jalan E9",Setapak,Federal Territory of Kuala Lumpur,53200,2025-02-15
33222,Anjali,a/p Rajan,Female,018-1973819,1998-05-23,anjali33222@gmail.com,Bronze,"No. 160, Jalan E10",Sungai Buloh,Selangor,47000,2025-02-15
33223,Irfan,bin Yusof,Male,019-2879511,2003-05-12,irfan33223@gmail.com,Gold,"No. 158, Jalan C5",Sungai Buloh,Selangor,47820,2025-02-15
33224,Haziq,bin Rahman,Male,015-2507277,1977-10-28,haziq33224@gmail.com,Bronze,"No. 239, Jalan F6",Johor Bahru,Johor,80100,2025-02-15
33225,Suhaila,binti Rahman,Female,010-1367224,2001-03-09,suhaila33225@gmail.com,Silver,"No. 278, Jalan A2",Johor Bahru,Johor,80000,2025-02-15
33226,Zulkifli,bin Hamid,Male,012-8604426,2004-01-18,zulkifli33226@gmail.com,Bronze,"No. 272, Jalan B16",Johor Bahru,Johor,80000,2025-02-15
33227,Nurul Huda,binti Hassan,Female,018-6857739,1992-12-30,nurul33227@gmail.com,Silver,"No. 105, Jalan A17",Johor Bahru,Johor,80100,2025-02-15
33228,Hannah,binti Zainal,Female,018-9563432,1998-12-23,hannah33228@gmail.com,Silver,"No. 53, Jalan F15",Johor Bahru,Johor,80000,2025-02-15
33229,Amirul,bin Yusof,Male,013-2328985,1991-01-11,amirul33229@gmail.com,Bronze,"No. 24, Jalan G4",George Town,Pulau Pinang,10250,2025-02-15
33230,Chloe,Cheah,Female,017-2363162,1990-06-25,chloe33230@gmail.com,Bronze,"No. 44, Jalan D17",Shah Alam,Selangor,40400,2025-02-15
33231,Syafiq,bin Hassan,Male,018-1376212,1983-11-23,syafiq33231@gmail.com,Silver,"No. 145, Jalan C16",Klang,Selangor,41150,2025-02-15
33232,Nadia,binti Razak,Female,015-7552558,1977-11-18,nadia33232@gmail.com,Bronze,"No. 299, Jalan B8",Sungai Buloh,Selangor,47000,2025-02-15
33233,Nur Aina,binti Razak,Female,019-9319902,1985-04-01,nur33233@gmail.com,Bronze,"No. 288, Jalan E1",Klang,Selangor,41250,2025-02-15
33234,Hui Min,Loh,Female,013-2713805,1990-02-07,hui33234@gmail.com,Silver,"No. 186, Jalan G17",Puchong,Selangor,47100,2025-02-15
33235,Amelia,binti Abdullah,Female,018-2896759,2000-09-14,amelia33235@gmail.com,Bronze,"No. 274, Jalan E6",Puchong,Selangor,47140,2025-02-15
33236,Thivya,a/p Maniam,Female,014-7483850,1970-12-13,thivya33236@gmail.com,Silver,"No. 53, Jalan F20",Puchong,Selangor,47120,2025-02-15
33237,Hafiz,bin Hamid,Male,016-1268087,1965-09-03,hafiz33237@gmail.com,Gold,"No. 91, Jalan E9",Puchong,Selangor,47120,2025-02-15
33238,Nabila,binti Hamid,Female,015-2035008,1988-04-20,nabila33238@gmail.com,Gold,"No. 237, Jalan A6",Kajang,Selangor,43100,2025-02-15
33239,Anisa,binti Hassan,Female,012-1033479,1970-10-25,anisa33239@gmail.com,Silver,"No. 142, Jalan F10",Selayang,Selangor,68100,2025-02-15
33240,Rajesh,a/l Subramaniam,Male,013-9133036,1987-08-04,rajesh33240@gmail.com,Bronze,"No. 67, Jalan B4",Setapak,Federal Territory of Kuala Lumpur,53200,2025-02-15
33241,Nurul Huda,binti Hamid,Female,013-3931767,1984-02-04,nurul33241@gmail.com,Bronze,"No. 254, Jalan G2",Wangsa Maju,Federal Territory of Kuala Lumpur,53100,2025-02-15
33242,Wan Ying,Cheah,Female,012-6106226,1972-03-10,wan33242@gmail.com,Bronze,"No. 259, Jalan G6",Wangsa Maju,Federal Territory of Kuala Lumpur,53100,2025-02-15
33243,Shalini,a/p Ramasamy,Female,014-4685233,1977-10-11,shalini33243@gmail.com,Bronze,"No. 1, Jalan G9",Seremban,Negeri Sembilan,70100,2025-02-15
33244,Shu Fen,Chin,Female,012-6455104,1964-02-03,shu33244@gmail.com,Bronze,"No. 68, Jalan A11",Seremban,Negeri Sembilan,70400,2025-02-15
33245,Hafiz,bin Abdullah,Male,012-9970656,1978-11-08,hafiz33245@gmail.com,Bronze,"No. 174, Jalan C19",Bukit Jalil,Federal Territory of Kuala Lumpur,57000,2025-02-15
33246,Rohani,binti Osman,Female,012-6803012,2001-11-05,rohani33246@gmail.com,Bronze,"No. 139, Jalan E13",Kuala Lumpur,Federal Territory of Kuala Lumpur,59000,2025-02-16
33247,Jun Hao,Yeoh,Male,011-6164541,2005-07-29,jun33247@gmail.com,Bronze,"No. 45, Jalan A1",Kuala Lumpur,Federal Territory of Kuala Lumpur,50000,2025-02-16
33248,Syafiq,bin Ahmad,Male,018-5413596,1985-10-05,syafiq33248@gmail.com,Bronze,"No. 33, Jalan G12",Kuala Lumpur,Federal Territory of Kuala Lumpur,50000,2025-02-16
33249,Li Wen,Chan,Female,014-2840066,1996-02-26,li33249@gmail.com,Bronze,"No. 35, Jalan F1",Wangsa Maju,Federal Territory of Kuala Lumpur,53200,2025-02-16
33250,Yee Ling,Teoh,Female,016-6736537,1994-07-02,yee33250@gmail.com,Bronze,"No. 293, Jalan G17",Petaling Jaya,Selangor,47800,2025-02-16
33251,Wei Hong,Liew,Male,017-4368360,1992-04-12,wei33251@gmail.com,Silver,"No. 68, Jalan C2",Sungai Buloh,Selangor,47000,2025-02-16
33252,Jia Yi,Wong,Female,015-2240535,1991-04-20,jia33252@gmail.com,Bronze,"No. 282, Jalan C8",Johor Bahru,Johor,80300,2025-02-16
33253,Wan Ying,Tan,Female,018-9428570,1969-02-20,wan33253@gmail.com,Bronze,"No. 271, Jalan F8",Butterworth,Pulau Pinang,12200,2025-02-16
33254,Hafiz,bin Ahmad,Male,012-2784264,2003-07-03,hafiz33254@gmail.com,Gold,"No. 101, Jalan C14",Shah Alam,Selangor,40160,2025-02-16
33255,Firdaus,bin Ismail,Male,018-6818071,1980-09-03,firdaus33255@gmail.com,Platinum,"No. 146, Jalan B11",Shah Alam,Selangor,40150,2025-02-16
33256,Wei Hong,Goh,Male,018-4950844,1992-10-26,wei33256@gmail.com,Silver,"No. 283, Jalan B13",Klang,Selangor,41250,2025-02-16
33257,Shu Fen,Ong,Female,013-4023645,2005-10-17,shu33257@gmail.com,Silver,"No. 146, Jalan E2",Klang,Selangor,41150,2025-02-16
33258,Aina,binti Osman,Female,018-3190091,1982-01-07,aina33258@gmail.com,Bronze,"No. 243, Jalan C2",Kajang,Selangor,43300,2025-02-16
33259,Zarina,binti Yusof,Female,013-8213963,1997-07-06,zarina33259@gmail.com,Bronze,"No. 247, Jalan E13",Selayang,Selangor,68100,2025-02-16
33260,Rajesh,a/l Muniandy,Male,019-8428053,1984-12-31,rajesh33260@gmail.com,Silver,"No. 52, Jalan B14",Bukit Jalil,Federal Territory of Kuala Lumpur,58200,2025-02-16
33261,Kumar,a/l Rajan,Male,014-1031216,1989-01-07,kumar33261@gmail.com,Bronze,"No. 75, Jalan C11",Rawang,Selangor,48020,2025-02-16
33262,Siti,binti Abdullah,Female,018-9213722,1988-10-18,siti33262@gmail.com,Silver,"No. 121, Jalan F14",Ipoh,Perak,30200,2025-02-16
33263,Prakash,a/l Krishnan,Male,012-6865894,1988-05-11,prakash33263@gmail.com,Silver,"No. 261, Jalan G13",Kuantan,Pahang,25050,2025-02-16
33264,Hannah,binti Hamid,Female,013-6542799,1975-10-30,hannah33264@gmail.com,Bronze,"No. 220, Jalan E2",Kuantan,Pahang,25150,2025-02-16
33265,Anisa,binti Yusof,Female,014-6257836,1978-07-17,anisa33265@gmail.com,Bronze,"No. 56, Jalan G1",Kuantan,Pahang,25150,2025-02-16
33266,Izzati,binti Hamid,Female,013-9812425,1999-04-07,izzati33266@gmail.com,Silver,"No. 249, Jalan F9",Temerloh,Pahang,28000,2025-02-16
33267,Jun Hao,Lim,Male,012-7925799,1999-04-06,jun33267@gmail.com,Silver,"No. 231, Jalan B20",Subang Jaya,Selangor,47650,2025-02-16
33268,Nurul Huda,binti Ahmad,Female,018-9903098,1973-04-02,nurul33268@gmail.com,Silver,"No. 153, Jalan D16",Selayang,Selangor,68100,2025-02-16
33269,Farah,binti Hassan,Female,013-1338876,1966-07-03,farah33269@gmail.com,Bronze,"No. 106, Jalan F10",Subang Jaya,Selangor,47620,2025-02-16
33270,Balqis,binti Hamid,Female,019-7749796,1975-05-10,balqis33270@gmail.com,Bronze,"No. 265, Jalan F9",Kuala Lumpur,Federal Territory of Kuala Lumpur,56000,2025-02-17
33271,Lakshmi,a/p Subramaniam,Female,019-2985060,1983-01-25,lakshmi33271@gmail.com,Bronze,"No. 281, Jalan F16",Kuala Lumpur,Federal Territory of Kuala Lumpur,59000,2025-02-17
33272,Nadia,binti Ahmad,Female,019-7962923,1994-06-21,nadia33272@gmail.com,Bronze,"No. 77, Jalan B14",Kepong,Federal Territory of Kuala Lumpur,52000,2025-02-17
33273,Deepa,a/p Rajan,Female,011-1289637,1984-07-14,deepa33273@gmail.com,Bronze,"No. 40, Jalan D14",Klang,Selangor,41100,2025-02-17
33274,Adam,bin Rahman,Male,015-1137866,1968-06-02,adam33274@gmail.com,Bronze,"No. 41, Jalan C7",Johor Bahru,Johor,80000,2025-02-17
33275,Syafiq,bin Osman,Male,018-1751013,1991-03-24,syafiq33275@gmail.com,Gold,"No. 241, Jalan C8",Shah Alam,Selangor,40300,2025-02-17
33276,Zarina,binti Abdullah,Female,018-8739695,1990-04-11,zarina33276@gmail.com,Silver,"No. 169, Jalan F18",Sungai Buloh,Selangor,47000,2025-02-17
33277,Arjun,a/l Ramasamy,Male,012-3612721,1994-10-18,arjun33277@gmail.com,Bronze,"No. 243, Jalan F13",Puchong,Selangor,47110,2025-02-17
33278,Wei Hong,Tan,Male,014-3941044,1974-08-28,wei33278@gmail.com,Silver,"No. 181, Jalan C10",Selayang,Selangor,68100,2025-02-17
33279,Izzati,binti Razak,Female,017-8782522,2000-12-05,izzati33279@gmail.com,Bronze,"No. 280, Jalan C17",Setapak,Federal Territory of Kuala Lumpur,53200,2025-02-17
33280,Zarina,binti Osman,Female,018-9242582,1968-01-17,zarina33280@gmail.com,Silver,"No. 162, Jalan D2",Gombak,Selangor,53000,2025-02-17
33281,Mei Ling,Yeoh,Female,012-8265185,1998-05-27,mei33281@gmail.com,Bronze,"No. 16, Jalan A20",Ipoh,Perak,30200,2025-02-17
33282,Danial,bin Hamid,Male,012-5000389,1979-05-01,danial33282@gmail.com,Bronze,"No. 286, Jalan E7",Temerloh,Pahang,28400,2025-02-17
33283,Nurul Huda,binti Hamid,Female,019-7734830,1981-09-18,nurul33283@gmail.com,Gold,"No. 144, Jalan G3",Wangsa Maju,Federal Territory of Kuala Lumpur,53200,2025-02-17
33284,Anjali,a/p Maniam,Female,011-7268453,1964-07-23,anjali33284@gmail.com,Silver,"No. 207, Jalan G1",Kuala Lumpur,Federal Territory of Kuala Lumpur,50480,2025-02-18
33285,Jun Hao,Goh,Male,016-2477475,1985-03-18,jun33285@gmail.com,Bronze,"No. 272, Jalan C3",Petaling Jaya,Selangor,47800,2025-02-18
33286,Thivya,a/p Muniandy,Female,011-2365729,1964-03-15,thivya33286@gmail.com,Bronze,"No. 177, Jalan F6",Petaling Jaya,Selangor,47810,2025-02-18
33287,Faizal,bin Osman,Male,019-6383349,1974-05-18,faizal33287@gmail.com,Gold,"No. 227, Jalan G20",Johor Bahru,Johor,80350,2025-02-18
33288,Pei Shan,Ong,Female,010-8183101,2001-09-16,pei33288@gmail.com,Bronze,"No. 54, Jalan E20",Johor Bahru,Johor,80300,2025-02-18
33289,Shu Fen,Loh,Female,014-5001354,2001-05-10,shu33289@gmail.com,Silver,"No. 284, Jalan B15",Melaka,Melaka,75250,2025-02-18
33290,Yong Sheng,Ng,Male,014-2439756,1968-04-01,yong33290@gmail.com,Bronze,"No. 18, Jalan C18",Shah Alam,Selangor,40200,2025-02-18
33291,Irfan,bin Abdullah,Male,017-6495927,1989-09-30,irfan33291@gmail.com,Bronze,"No. 142, Jalan F4",Shah Alam,Selangor,40160,2025-02-18
33292,Prakash,a/l Subramaniam,Male,019-1620904,2004-09-13,prakash33292@gmail.com,Silver,"No. 266, Jalan D7",Shah Alam,Selangor,40200,2025-02-18
33293,Li Wen,Chin,Female,010-8056872,1978-09-20,li33293@gmail.com,Platinum,"No. 276, Jalan C11",Klang,Selangor,41100,2025-02-18
33294,Lakshmi,a/p Ramasamy,Female,010-4735100,1986-10-12,lakshmi33294@gmail.com,Silver,"No. 172, Jalan C19",Petaling Jaya,Selangor,47301,2025-02-18
33295,Wei Hong,Goh,Male,015-6378816,1994-12-17,wei33295@gmail.com,Silver,"No. 214, Jalan D6",Puchong,Selangor,47110,2025-02-18
33296,Emily,Foo,Female,019-4760465,1992-11-01,emily33296@gmail.com,Silver,"No. 13, Jalan A18",Setapak,Federal Territory of Kuala Lumpur,53100,2025-02-18
33297,Izzati,binti Ismail,Female,016-2780515,1964-10-26,izzati33297@gmail.com,Bronze,"No. 215, Jalan G8",Setapak,Federal Territory of Kuala Lumpur,53300,2025-02-18
33298,Aisyah,binti Rahman,Female,013-2688482,2002-04-04,aisyah33298@gmail.com,Silver,"No. 77, Jalan E11",Gombak,Selangor,68100,2025-02-18
33299,Rohani,binti Zainal,Female,011-3965871,1989-06-20,rohani33299@gmail.com,Bronze,"No. 244, Jalan E13",Shah Alam,Selangor,40300,2025-02-18
33300,Haziq,bin Razak,Male,014-5738736,2006-06-13,haziq33300@gmail.com,Silver,"No. 67, Jalan C13",Selayang,Selangor,68000,2025-02-18
33301,Balqis,binti Yusof,Female,010-2413861,1980-10-15,balqis33301@gmail.com,Bronze,"No. 31, Jalan G20",Subang Jaya,Selangor,47620,2025-02-18
33302,Irfan,bin Ahmad,Male,018-5167198,1984-07-08,irfan33302@gmail.com,Bronze,"No. 73, Jalan D14",Kepong,Federal Territory of Kuala Lumpur,51200,2025-02-19
33303,Nurul Huda,binti Osman,Female,013-9024043,1990-11-24,nurul33303@gmail.com,Gold,"No. 84, Jalan G4",Kuala Lumpur,Federal Territory of Kuala Lumpur,59200,2025-02-19
33304,Nurul Huda,binti Osman,Female,010-5340237,1967-08-11,nurul33304@gmail.com,Gold,"No. 227, Jalan D6",Bukit Jalil,Federal Territory of Kuala Lumpur,58200,2025-02-19
33305,Rachel,Chong,Female,017-7680901,1995-10-03,rachel33305@gmail.com,Silver,"No. 12, Jalan E5",Kuala Lumpur,Federal Territory of Kuala Lumpur,59000,2025-02-19
33306,Divya,a/p Subramaniam,Female,019-2816143,1977-09-02,divya33306@gmail.com,Silver,"No. 163, Jalan E15",Petaling Jaya,Selangor,46300,2025-02-19
33307,Alia,binti Osman,Female,011-9419593,1983-10-07,alia33307@gmail.com,Bronze,"No. 217, Jalan C13",Sungai Buloh,Selangor,47810,2025-02-19
33308,Sharmila,a/p Krishnan,Female,011-4145101,2006-02-02,sharmila33308@gmail.com,Bronze,"No. 231, Jalan F17",Petaling Jaya,Selangor,46000,2025-02-19
33309,Nurin,binti Abdullah,Female,010-8387980,1969-01-01,nurin33309@gmail.com,Bronze,"No. 287, Jalan A3",Johor Bahru,Johor,80000,2025-02-19
33310,Hui Min,Teoh,Female,011-5576443,1971-02-10,hui33310@gmail.com,Bronze,"No. 132, Jalan E16",George Town,Pulau Pinang,10150,2025-02-19
33311,Izzati,binti Hamid,Female,010-2846935,1987-12-02,izzati33311@gmail.com,Bronze,"No. 158, Jalan E5",Gombak,Selangor,53100,2025-02-19
33312,Zulkifli,bin Rahman,Male,016-1410057,1987-05-04,zulkifli33312@gmail.com,Bronze,"No. 263, Jalan E12",Melaka,Melaka,75350,2025-02-19
33313,Grace,Yeoh,Female,012-6185440,1977-06-08,grace33313@gmail.com,Bronze,"No. 217, Jalan D10",Melaka,Melaka,75300,2025-02-19
33314,Vikram,a/l Maniam,Male,013-2147869,1999-12-18,vikram33314@gmail.com,Bronze,"No. 280, Jalan A18",Shah Alam,Selangor,40150,2025-02-19
33315,Hafiz,bin Yusof,Male,011-5401968,1988-10-26,hafiz33315@gmail.com,Bronze,"No. 158, Jalan C8",Shah Alam,Selangor,40160,2025-02-19
33316,Anjali,a/p Muniandy,Female,016-8159592,1976-07-15,anjali33316@gmail.com,Platinum,"No. 58, Jalan C17",Kuantan,Pahang,25250,2025-02-19
33317,Kevin,Yap,Male,014-1206758,2006-06-19,kevin33317@gmail.com,Gold,"No. 149, Jalan G19",Subang Jaya,Selangor,47620,2025-02-19
33318,Grace,Ong,Female,016-3800732,1994-01-07,grace33318@gmail.com,Bronze,"No. 291, Jalan D11",Melaka,Melaka,75100,2025-02-19
33319,Kavitha,a/p Maniam,Female,018-3656782,1971-10-29,kavitha33319@gmail.com,Silver,"No. 158, Jalan F13",Gombak,Selangor,53100,2025-02-19
33320,Ling Ling,Lee,Female,018-4210188,1988-02-18,ling33320@gmail.com,Bronze,"No. 73, Jalan E20",Seremban,Negeri Sembilan,70450,2025-02-19
33321,Suhaila,binti Zainal,Female,019-8054419,1999-08-08,suhaila33321@gmail.com,Gold,"No. 78, Jalan A1",Seremban,Negeri Sembilan,70000,2025-02-19
33322,Xin Yi,Wong,Female,018-9675749,1988-07-14,xin33322@gmail.com,Silver,"No. 165, Jalan A9",Seremban,Negeri Sembilan,70500,2025-02-19
33323,Adam,bin Osman,Male,011-1757953,1983-02-16,adam33323@gmail.com,Platinum,"No. 229, Jalan B14",Cyberjaya,Selangor,63000,2025-02-19
33324,Deepa,a/p Maniam,Female,011-1293448,1993-06-30,deepa33324@gmail.com,Bronze,"No. 192, Jalan F17",Subang Jaya,Selangor,47610,2025-02-19
33325,Meena,a/p Muniandy,Female,012-3491983,2000-11-21,meena33325@gmail.com,Bronze,"No. 39, Jalan G8",Kepong,Federal Territory of Kuala Lumpur,52100,2025-02-20
33326,Suresh,a/l Rajan,Male,012-1102439,1969-01-19,suresh33326@gmail.com,Silver,"No. 255, Jalan D6",Kuala Lumpur,Federal Territory of Kuala Lumpur,55200,2025-02-20
33327,Nur Aina,binti Zainal,Female,019-8535690,1964-06-03,nur33327@gmail.com,Bronze,"No. 166, Jalan B17",Kuala Lumpur,Federal Territory of Kuala Lumpur,56000,2025-02-20
33328,Alia,binti Razak,Female,012-5959922,2006-02-18,alia33328@gmail.com,Gold,"No. 2, Jalan G12",Kuala Lumpur,Federal Territory of Kuala Lumpur,58000,2025-02-20
33329,Grace,Chan,Female,012-1582979,1997-06-20,grace33329@gmail.com,Bronze,"No. 263, Jalan G2",Petaling Jaya,Selangor,47301,2025-02-20
33330,Mei Ling,Tan,Female,018-3506147,2001-04-06,mei33330@gmail.com,Bronze,"No. 205, Jalan G1",Johor Bahru,Johor,81100,2025-02-20
33331,Anisa,binti Ahmad,Female,012-9422822,1978-07-24,anisa33331@gmail.com,Silver,"No. 260, Jalan B11",Johor Bahru,Johor,80300,2025-02-20
33332,Kai Xin,Foo,Female,012-7899091,1976-06-16,kai33332@gmail.com,Platinum,"No. 65, Jalan F19",Ipoh,Perak,30300,2025-02-20
33333,Chloe,Wong,Female,016-3279225,1978-04-21,chloe33333@gmail.com,Bronze,"No. 109, Jalan D13",Alor Gajah,Melaka,78100,2025-02-20
33334,Hui Min,Lim,Female,019-1735323,2003-07-17,hui33334@gmail.com,Silver,"No. 295, Jalan F20",Shah Alam,Selangor,40170,2025-02-20
33335,Nadia,binti Zainal,Female,017-2383554,1974-02-25,nadia33335@gmail.com,Silver,"No. 33, Jalan F5",Subang Jaya,Selangor,47600,2025-02-20
33336,Jian Ming,Chua,Male,014-3397707,1975-08-16,jian33336@gmail.com,Silver,"No. 192, Jalan C12",Puchong,Selangor,47120,2025-02-20
33337,Priya,a/p Maniam,Female,012-6360651,1999-01-10,priya33337@gmail.com,Silver,"No. 36, Jalan C5",Selayang,Selangor,68000,2025-02-20
33338,Rohani,binti Abdullah,Female,011-9639547,1985-08-20,rohani33338@gmail.com,Gold,"No. 145, Jalan G11",Setapak,Federal Territory of Kuala Lumpur,53000,2025-02-20
33339,Farah,binti Ismail,Female,012-7226696,1973-05-15,farah33339@gmail.com,Gold,"No. 26, Jalan B20",Seremban,Negeri Sembilan,70000,2025-02-20
33340,Kavitha,a/p Rajan,Female,018-2307552,1982-03-25,kavitha33340@gmail.com,Bronze,"No. 13, Jalan D12",Kuantan,Pahang,25050,2025-02-20
33341,Farah,binti Ismail,Female,019-1583528,1966-08-08,farah33341@gmail.com,Silver,"No. 227, Jalan C8",Kuantan,Pahang,25100,2025-02-20
33342,Nadia,binti Ismail,Female,014-6687256,1983-03-10,nadia33342@gmail.com,Gold,"No. 247, Jalan D8",Bukit Jalil,Federal Territory of Kuala Lumpur,57100,2025-02-20
33343,Amirul,bin Ahmad,Male,011-5876978,1969-07-17,amirul33343@gmail.com,Bronze,"No. 284, Jalan B19",Kuala Lumpur,Federal Territory of Kuala Lumpur,59000,2025-02-21
33344,Aina,binti Hassan,Female,014-3033544,1978-10-29,aina33344@gmail.com,Bronze,"No. 163, Jalan E8",Kuala Lumpur,Federal Territory of Kuala Lumpur,59200,2025-02-21
33345,Nurin,binti Yusof,Female,010-1044438,1968-10-07,nurin33345@gmail.com,Bronze,"No. 162, Jalan A10",Bukit Jalil,Federal Territory of Kuala Lumpur,58200,2025-02-21
33346,Rachel,Chua,Female,013-1466578,1981-06-30,rachel33346@gmail.com,Silver,"No. 94, Jalan C3",Gombak,Selangor,68100,2025-02-21
33347,Ganesh,a/l Maniam,Male,016-2154051,1964-09-01,ganesh33347@gmail.com,Bronze,"No. 177, Jalan G13",Petaling Jaya,Selangor,46100,2025-02-21
33348,Amelia,binti Rahman,Female,013-2280496,1991-11-29,amelia33348@gmail.com,Bronze,"No. 227, Jalan B11",Petaling Jaya,Selangor,46000,2025-02-21
33349,Hui Min,Teoh,Female,017-2317725,1997-05-18,hui33349@gmail.com,Bronze,"No. 185, Jalan A11",Sungai Buloh,Selangor,47810,2025-02-21
33350,Shalini,a/p Krishnan,Female,013-8154038,1972-02-07,shalini33350@gmail.com,Bronze,"No. 185, Jalan D7",Johor Bahru,Johor,81200,2025-02-21
33351,Irfan,bin Abdullah,Male,012-1266733,1967-08-07,irfan33351@gmail.com,Bronze,"No. 104, Jalan E15",Johor Bahru,Johor,80100,2025-02-21
33352,Wan Ying,Loh,Female,017-8439192,1979-03-20,wan33352@gmail.com,Gold,"No. 193, Jalan F19",Johor Bahru,Johor,80100,2025-02-21
33353,Aisyah,binti Ahmad,Female,019-7490420,1972-01-06,aisyah33353@gmail.com,Gold,"No. 211, Jalan A1",Klang,Selangor,41300,2025-02-21
33354,Aiman,bin Ahmad,Male,012-2824821,1973-05-03,aiman33354@gmail.com,Bronze,"No. 108, Jalan E11",Sungai Buloh,Selangor,47820,2025-02-21
33355,Vikram,a/l Muniandy,Male,014-9361358,1974-08-05,vikram33355@gmail.com,Bronze,"No. 154, Jalan D6",Klang,Selangor,41050,2025-02-21
33356,Jasmine,Khoo,Female,019-2398403,2003-11-20,jasmine33356@gmail.com,Silver,"No. 79, Jalan C1",Puchong,Selangor,47120,2025-02-21
33357,Nur Aina,binti Abdullah,Female,014-6788349,1967-09-29,nur33357@gmail.com,Silver,"No. 236, Jalan F14",Puchong,Selangor,47170,2025-02-21
33358,Danial,bin Hassan,Male,016-3630168,1994-01-31,danial33358@gmail.com,Bronze,"No. 29, Jalan D15",Puchong,Selangor,47160,2025-02-21
33359,Rajesh,a/l Ramasamy,Male,014-8810238,1975-12-01,rajesh33359@gmail.com,Bronze,"No. 269, Jalan A13",Kepong,Federal Territory of Kuala Lumpur,52000,2025-02-21
33360,Meena,a/p Maniam,Female,012-5975386,1981-03-28,meena33360@gmail.com,Silver,"No. 100, Jalan F6",Setapak,Federal Territory of Kuala Lumpur,53300,2025-02-21
33361,Aiman,bin Abdullah,Male,014-8179297,1990-09-20,aiman33361@gmail.com,Bronze,"No. 164, Jalan B20",Taiping,Perak,34700,2025-02-21
33362,Pei Shan,Lim,Female,014-4820221,1985-11-08,pei33362@gmail.com,Silver,"No. 149, Jalan A13",Ipoh,Perak,30020,2025-02-21
33363,Danial,bin Hassan,Male,018-1391033,1966-04-02,danial33363@gmail.com,Gold,"No. 103, Jalan B14",Seremban,Negeri Sembilan,70100,2025-02-21
33364,Hui Min,Loh,Female,016-1844685,1973-03-15,hui33364@gmail.com,Silver,"No. 159, Jalan B10",Kuantan,Pahang,25250,2025-02-21
33365,Aiman,bin Razak,Male,012-1018740,1982-06-04,aiman33365@gmail.com,Silver,"No. 207, Jalan B3",Kuantan,Pahang,25300,2025-02-21
33366,Amirul,bin Osman,Male,015-3948532,1990-05-08,amirul33366@gmail.com,Bronze,"No. 148, Jalan C14",Subang Jaya,Selangor,47620,2025-02-21
33367,Nur Aina,binti Hassan,Female,019-7548011,1972-08-26,nur33367@gmail.com,Bronze,"No. 94, Jalan E1",Bukit Jalil,Federal Territory of Kuala Lumpur,57000,2025-02-21
33368,Kavitha,a/p Muniandy,Female,017-6948848,1978-10-24,kavitha33368@gmail.com,Bronze,"No. 2, Jalan G12",Bukit Jalil,Federal Territory of Kuala Lumpur,57000,2025-02-21
33369,Kai Xin,Chong,Female,018-9819005,1983-06-08,kai33369@gmail.com,Silver,"No. 5, Jalan B12",Kuala Lumpur,Federal Territory of Kuala Lumpur,50480,2025-02-22
33370,Anisa,binti Razak,Female,012-5772946,1965-03-26,anisa33370@gmail.com,Bronze,"No. 2, Jalan E14",Kuala Lumpur,Federal Territory of Kuala Lumpur,55100,2025-02-22
33371,Ganesh,a/l Ramasamy,Male,019-2940363,1987-11-29,ganesh33371@gmail.com,Platinum,"No. 3, Jalan E2",Kepong,Federal Territory of Kuala Lumpur,52100,2025-02-22
33372,Zarina,binti Ahmad,Female,013-6703368,1983-01-07,zarina33372@gmail.com,Platinum,"No. 201, Jalan A3",Kuala Lumpur,Federal Territory of Kuala Lumpur,57000,2025-02-22
33373,Haziq,bin Rahman,Male,018-7850076,1997-06-26,haziq33373@gmail.com,Silver,"No. 230, Jalan E13",Sungai Buloh,Selangor,47000,2025-02-22
33374,Arjun,a/l Maniam,Male,015-8621708,1995-06-26,arjun33374@gmail.com,Gold,"No. 11, Jalan D4",Petaling Jaya,Selangor,46000,2025-02-22
33375,Irfan,bin Yusof,Male,012-3815606,1987-04-02,irfan33375@gmail.com,Bronze,"No. 177, Jalan E9",Petaling Jaya,Selangor,47810,2025-02-22
33376,Amelia,binti Osman,Female,019-5306151,1973-12-20,amelia33376@gmail.com,Silver,"No. 131, Jalan C4",George Town,Pulau Pinang,10450,2025-02-22
33377,Nadia,binti Zainal,Female,017-1559166,2006-11-14,nadia33377@gmail.com,Gold,"No. 89, Jalan G17",Shah Alam,Selangor,40150,2025-02-22
33378,Pei Shan,Chua,Female,014-8111466,1981-05-14,pei33378@gmail.com,Silver,"No. 231, Jalan G9",Shah Alam,Selangor,40160,2025-02-22
33379,Hannah,binti Razak,Female,015-3674925,2003-02-19,hannah33379@gmail.com,Silver,"No. 216, Jalan C14",Shah Alam,Selangor,40160,2025-02-22
33380,Daniel,Tan,Male,014-6352390,1992-09-06,daniel33380@gmail.com,Silver,"No. 245, Jalan A15",Klang,Selangor,41050,2025-02-22
33381,Chloe,Lim,Female,019-4867069,1985-08-18,chloe33381@gmail.com,Gold,"No. 86, Jalan F13",Bangi,Selangor,43650,2025-02-22
33382,Yong Sheng,Ng,Male,013-5688537,1989-07-05,yong33382@gmail.com,Silver,"No. 142, Jalan G7",Selayang,Selangor,68100,2025-02-22
33383,Aiman,bin Hamid,Male,010-3046147,1983-07-18,aiman33383@gmail.com,Bronze,"No. 226, Jalan B15",Selayang,Selangor,68000,2025-02-22
33384,Rachel,Goh,Female,012-4536319,2000-06-05,rachel33384@gmail.com,Bronze,"No. 125, Jalan A1",Setapak,Federal Territory of Kuala Lumpur,53000,2025-02-22
33385,Jun Hao,Yeoh,Male,010-7377302,1971-11-05,jun33385@gmail.com,Silver,"No. 152, Jalan A19",Setapak,Federal Territory of Kuala Lumpur,53200,2025-02-22
33386,Nurul Huda,binti Ismail,Female,011-5798174,1980-07-02,nurul33386@gmail.com,Bronze,"No. 191, Jalan D15",Setapak,Federal Territory of Kuala Lumpur,53100,2025-02-22
33387,Hannah,binti Rahman,Female,012-4184075,2000-05-24,hannah33387@gmail.com,Bronze,"No. 30, Jalan G5",Wangsa Maju,Federal Territory of Kuala Lumpur,53100,2025-02-22
33388,Grace,Cheah,Female,010-8244347,1974-02-21,grace33388@gmail.com,Gold,"No. 140, Jalan F14",Klang,Selangor,41000,2025-02-22
33389,Kai Xin,Chua,Female,019-8779140,1988-07-14,kai33389@gmail.com,Silver,"No. 123, Jalan C6",Ampang,Selangor,55100,2025-02-22
33390,Michelle,Chan,Female,019-5641761,1976-01-20,michelle33390@gmail.com,Bronze,"No. 168, Jalan D6",Gombak,Selangor,53100,2025-02-22
33391,Zheng Yang,Foo,Male,011-9853642,1991-12-26,zheng33391@gmail.com,Bronze,"No. 292, Jalan E8",Seremban,Negeri Sembilan,70400,2025-02-22
33392,Zulkifli,bin Hassan,Male,013-3598879,1996-04-27,zulkifli33392@gmail.com,Silver,"No. 287, Jalan G9",Seremban,Negeri Sembilan,70100,2025-02-22
33393,Michelle,Lim,Female,017-8300126,1969-09-01,michelle33393@gmail.com,Bronze,"No. 32, Jalan E8",Kuantan,Pahang,25300,2025-02-22
33394,Hannah,binti Rahman,Female,010-9197974,1973-10-14,hannah33394@gmail.com,Bronze,"No. 57, Jalan C9",Kuantan,Pahang,25250,2025-02-22
33395,Xin Yi,Sim,Female,014-5869243,1982-09-02,xin33395@gmail.com,Bronze,"No. 68, Jalan E7",Kajang,Selangor,43200,2025-02-22
33396,Yasmin,binti Razak,Female,015-3300913,1966-05-01,yasmin33396@gmail.com,Bronze,"No. 52, Jalan B13",Petaling Jaya,Selangor,47810,2025-02-22
33397,Sze Min,Chin,Female,010-5767002,1981-07-10,sze33397@gmail.com,Bronze,"No. 72, Jalan D14",Bukit Jalil,Federal Territory of Kuala Lumpur,57000,2025-02-22
33398,Siti,binti Ahmad,Female,018-1075893,1993-01-08,siti33398@gmail.com,Bronze,"No. 230, Jalan E2",Setapak,Federal Territory of Kuala Lumpur,53200,2025-02-22
33399,Vanessa,Chua,Female,012-8624204,1980-01-29,vanessa33399@gmail.com,Bronze,"No. 223, Jalan F2",Kajang,Selangor,43000,2025-02-22
33400,Kok Wai,Yeoh,Male,018-9106139,1991-10-21,kok33400@gmail.com,Bronze,"No. 262, Jalan C8",Kuala Lumpur,Federal Territory of Kuala Lumpur,59200,2025-02-23
33401,Suhaila,binti Rahman,Female,010-7926801,1996-03-19,suhaila33401@gmail.com,Bronze,"No. 178, Jalan C13",Kuala Lumpur,Federal Territory of Kuala Lumpur,59000,2025-02-23
33402,Adam,bin Razak,Male,015-7050041,1986-08-14,adam33402@gmail.com,Bronze,"No. 282, Jalan B17",Petaling Jaya,Selangor,47800,2025-02-23
33403,Hafiz,bin Zainal,Male,015-6205545,2002-05-25,hafiz33403@gmail.com,Silver,"No. 113, Jalan E7",George Town,Pulau Pinang,10100,2025-02-23
33404,Nurul Huda,binti Abdullah,Female,019-6799586,1972-11-15,nurul33404@gmail.com,Bronze,"No. 116, Jalan D15",Sungai Buloh,Selangor,47820,2025-02-23
33405,Danial,bin Zainal,Male,014-2222797,1982-08-08,danial33405@gmail.com,Bronze,"No. 137, Jalan E17",Puchong,Selangor,47110,2025-02-23
33406,Amirul,bin Abdullah,Male,014-6742893,1978-03-23,amirul33406@gmail.com,Bronze,"No. 58, Jalan E15",Puchong,Selangor,47110,2025-02-23
33407,Arjun,a/l Subramaniam,Male,011-8518573,1995-06-01,arjun33407@gmail.com,Bronze,"No. 121, Jalan B3",Selayang,Selangor,68100,2025-02-23
33408,Irfan,bin Ahmad,Male,019-5908977,1976-04-22,irfan33408@gmail.com,Bronze,"No. 34, Jalan C18",Setapak,Federal Territory of Kuala Lumpur,53000,2025-02-23
33409,Shalini,a/p Krishnan,Female,017-7808298,1991-08-09,shalini33409@gmail.com,Gold,"No. 96, Jalan E5",Wangsa Maju,Federal Territory of Kuala Lumpur,53200,2025-02-23
33410,Irfan,bin Zainal,Male,011-5697005,2005-01-09,irfan33410@gmail.com,Gold,"No. 227, Jalan D19",Ampang,Selangor,68000,2025-02-23
33411,Suresh,a/l Krishnan,Male,015-2824467,1978-12-12,suresh33411@gmail.com,Gold,"No. 229, Jalan C18",Kuala Lumpur,Federal Territory of Kuala Lumpur,59000,2025-02-23
33412,Hafiz,bin Ahmad,Male,014-6540721,1982-11-18,hafiz33412@gmail.com,Silver,"No. 86, Jalan D2",Gombak,Selangor,53100,2025-02-23
33413,Siti,binti Razak,Female,012-7642113,1983-04-13,siti33413@gmail.com,Bronze,"No. 105, Jalan G20",Seremban,Negeri Sembilan,70400,2025-02-23
33414,Ling Ling,Chin,Female,011-5951740,1972-10-28,ling33414@gmail.com,Bronze,"No. 257, Jalan D9",Johor Bahru,Johor,80000,2025-02-23
33415,Pei Shan,Loh,Female,018-7988841,1994-01-05,pei33415@gmail.com,Silver,"No. 137, Jalan F10",Seremban,Negeri Sembilan,70400,2025-02-23
33416,Balqis,binti Ismail,Female,010-2053316,2003-12-18,balqis33416@gmail.com,Bronze,"No. 180, Jalan F17",Puchong,Selangor,47110,2025-02-23
33417,Irfan,bin Razak,Male,018-6930785,1980-12-14,irfan33417@gmail.com,Bronze,"No. 181, Jalan B7",Seremban,Negeri Sembilan,70400,2025-02-23
33418,Nadia,binti Hamid,Female,010-5796817,1995-03-09,nadia33418@gmail.com,Bronze,"No. 220, Jalan C15",Temerloh,Pahang,28000,2025-02-23
33419,Yee Ling,Chin,Female,014-5455065,2004-09-23,yee33419@gmail.com,Bronze,"No. 206, Jalan B13",Bukit Jalil,Federal Territory of Kuala Lumpur,57100,2025-02-23
33420,Fatimah,binti Abdullah,Female,011-7986145,2001-02-03,fatimah33420@gmail.com,Silver,"No. 81, Jalan G14",Sungai Buloh,Selangor,47000,2025-02-24
33421,Aina,binti Razak,Female,019-9259503,1978-12-19,aina33421@gmail.com,Bronze,"No. 231, Jalan C12",Johor Bahru,Johor,80000,2025-02-24
33422,Rachel,Ong,Female,015-1454202,1998-12-06,rachel33422@gmail.com,Bronze,"No. 253, Jalan G18",George Town,Pulau Pinang,10100,2025-02-24
33423,Farah,binti Yusof,Female,017-5423765,1984-02-21,farah33423@gmail.com,Bronze,"No. 102, Jalan F15",Melaka,Melaka,75050,2025-02-24
33424,Wei Jie,Cheah,Male,013-2588253,1972-08-04,wei33424@gmail.com,Bronze,"No. 70, Jalan B4",Puchong,Selangor,47190,2025-02-24
33425,Fatimah,binti Razak,Female,017-7599274,1984-11-20,fatimah33425@gmail.com,Bronze,"No. 6, Jalan C1",Shah Alam,Selangor,40170,2025-02-24
33426,Shalini,a/p Ramasamy,Female,014-8636961,1989-08-24,shalini33426@gmail.com,Bronze,"No. 14, Jalan C12",Sungai Buloh,Selangor,47000,2025-02-24
33427,Vanessa,Ong,Female,010-6922636,1979-03-14,vanessa33427@gmail.com,Bronze,"No. 164, Jalan A4",Shah Alam,Selangor,40150,2025-02-24
33428,Balqis,binti Hassan,Female,012-2787136,1965-09-28,balqis33428@gmail.com,Silver,"No. 69, Jalan D12",Klang,Selangor,41150,2025-02-24
33429,Ling Ling,Sim,Female,019-7899038,1994-11-27,ling33429@gmail.com,Bronze,"No. 125, Jalan A15",Bangi,Selangor,43600,2025-02-24
33430,Rajesh,a/l Maniam,Male,019-8085946,1982-12-05,rajesh33430@gmail.com,Silver,"No. 295, Jalan E4",Setapak,Federal Territory of Kuala Lumpur,53300,2025-02-24
33431,Izzati,binti Ahmad,Female,013-5116678,1994-12-22,izzati33431@gmail.com,Bronze,"No. 270, Jalan G13",Setapak,Federal Territory of Kuala Lumpur,53100,2025-02-24
33432,Anjali,a/p Maniam,Female,011-2871508,1965-03-28,anjali33432@gmail.com,Bronze,"No. 70, Jalan F17",Wangsa Maju,Federal Territory of Kuala Lumpur,53100,2025-02-24
33433,Vikram,a/l Rajan,Male,014-3938020,1999-03-20,vikram33433@gmail.com,Silver,"No. 166, Jalan D6",Setapak,Federal Territory of Kuala Lumpur,53200,2025-02-24
33434,Prakash,a/l Maniam,Male,011-4174591,1965-01-07,prakash33434@gmail.com,Bronze,"No. 227, Jalan D16",Kuantan,Pahang,25100,2025-02-24
33435,Amelia,binti Ahmad,Female,019-6651817,1989-05-07,amelia33435@gmail.com,Bronze,"No. 43, Jalan C15",Kuantan,Pahang,26060,2025-02-24
33436,Rohani,binti Abdullah,Female,014-5102869,2005-06-03,rohani33436@gmail.com,Bronze,"No. 57, Jalan D7",Bukit Jalil,Federal Territory of Kuala Lumpur,57100,2025-02-24
33437,Deepa,a/p Subramaniam,Female,014-8536815,2000-07-22,deepa33437@gmail.com,Bronze,"No. 28, Jalan E11",Kajang,Selangor,43200,2025-02-24
33438,Anisa,binti Hassan,Female,011-5950807,2004-08-24,anisa33438@gmail.com,Bronze,"No. 228, Jalan B7",Puchong,Selangor,47150,2025-02-25
33439,Kavitha,a/p Rajan,Female,011-4691165,1984-02-02,kavitha33439@gmail.com,Silver,"No. 280, Jalan B10",Petaling Jaya,Selangor,46300,2025-02-25
33440,Meena,a/p Subramaniam,Female,018-7345437,1964-02-25,meena33440@gmail.com,Gold,"No. 209, Jalan F14",Petaling Jaya,Selangor,47400,2025-02-25
33441,Adam,bin Osman,Male,016-3545324,1969-07-01,adam33441@gmail.com,Bronze,"No. 64, Jalan B17",George Town,Pulau Pinang,10250,2025-02-25
33442,Adam,bin Rahman,Male,019-3160552,1988-08-28,adam33442@gmail.com,Bronze,"No. 71, Jalan A17",George Town,Pulau Pinang,10100,2025-02-25
33443,Prakash,a/l Rajan,Male,016-4376807,1968-01-04,prakash33443@gmail.com,Bronze,"No. 195, Jalan G5",Melaka,Melaka,75350,2025-02-25
33444,Adam,bin Yusof,Male,010-6798817,1980-12-19,adam33444@gmail.com,Bronze,"No. 287, Jalan E9",Melaka,Melaka,75050,2025-02-25
33445,Izzati,binti Razak,Female,019-1152376,1995-11-05,izzati33445@gmail.com,Bronze,"No. 96, Jalan F4",Shah Alam,Selangor,40150,2025-02-25
33446,Nurin,binti Rahman,Female,013-6290762,2002-02-19,nurin33446@gmail.com,Platinum,"No. 183, Jalan B13",Petaling Jaya,Selangor,46200,2025-02-25
33447,Emily,Ng,Female,017-7971855,1976-12-18,emily33447@gmail.com,Bronze,"No. 241, Jalan B1",Gombak,Selangor,68100,2025-02-25
33448,Zheng Yang,Chin,Male,012-1296506,1989-11-20,zheng33448@gmail.com,Silver,"No. 284, Jalan D9",Sungai Buloh,Selangor,47810,2025-02-25
33449,Izzati,binti Yusof,Female,016-3795336,2001-11-22,izzati33449@gmail.com,Silver,"No. 172, Jalan A17",Kuala Lumpur,Federal Territory of Kuala Lumpur,59200,2025-02-25
33450,Sharmila,a/p Ramasamy,Female,015-8674735,2001-06-04,sharmila33450@gmail.com,Bronze,"No. 238, Jalan F7",Gombak,Selangor,53100,2025-02-25
33451,Aiman,bin Ahmad,Male,018-1372632,1997-06-22,aiman33451@gmail.com,Bronze,"No. 235, Jalan C19",Seremban,Negeri Sembilan,70400,2025-02-25
33452,Suhaila,binti Hassan,Female,012-7801973,1966-07-06,suhaila33452@gmail.com,Silver,"No. 176, Jalan G10",Subang Jaya,Selangor,47600,2025-02-25
33453,Kok Wai,Loh,Male,011-2846759,1976-07-23,kok33453@gmail.com,Bronze,"No. 133, Jalan F15",Bukit Jalil,Federal Territory of Kuala Lumpur,58200,2025-02-25
33454,Nur Aina,binti Zainal,Female,018-9860084,1990-01-15,nur33454@gmail.com,Bronze,"No. 282, Jalan G17",Kuala Lumpur,Federal Territory of Kuala Lumpur,55100,2025-02-26
33455,Siti,binti Ismail,Female,012-1468698,1975-03-03,siti33455@gmail.com,Bronze,"No. 159, Jalan B12",Petaling Jaya,Selangor,47810,2025-02-26
33456,Amelia,binti Hamid,Female,011-1494817,1965-02-27,amelia33456@gmail.com,Silver,"No. 172, Jalan C1",Kuala Lumpur,Federal Territory of Kuala Lumpur,57000,2025-02-26
33457,Emily,Ng,Female,013-7447480,1999-05-22,emily33457@gmail.com,Bronze,"No. 16, Jalan B6",Petaling Jaya,Selangor,46200,2025-02-26
33458,Rohani,binti Zainal,Female,014-6993134,1970-10-09,rohani33458@gmail.com,Silver,"No. 136, Jalan B4",Johor Bahru,Johor,80300,2025-02-26
33459,Rohani,binti Zainal,Female,015-1641949,1999-06-28,rohani33459@gmail.com,Silver,"No. 57, Jalan G18",Ipoh,Perak,30300,2025-02-26
33460,Firdaus,bin Hassan,Male,014-2229298,1994-07-18,firdaus33460@gmail.com,Bronze,"No. 277, Jalan E7",Klang,Selangor,41150,2025-02-26
33461,Faizal,bin Hamid,Male,013-7436351,1971-08-08,faizal33461@gmail.com,Bronze,"No. 127, Jalan D14",Puchong,Selangor,47130,2025-02-26
33462,Amirul,bin Hassan,Male,019-1741038,1981-04-18,amirul33462@gmail.com,Silver,"No. 40, Jalan E2",Shah Alam,Selangor,40160,2025-02-26
33463,Hannah,binti Razak,Female,011-7115418,1972-01-25,hannah33463@gmail.com,Platinum,"No. 151, Jalan E11",Kajang,Selangor,43200,2025-02-26
33464,Siti,binti Zainal,Female,013-4760660,2004-01-02,siti33464@gmail.com,Silver,"No. 203, Jalan A14",Setapak,Federal Territory of Kuala Lumpur,53100,2025-02-26
33465,Xin Yi,Tan,Female,010-3969756,1976-06-01,xin33465@gmail.com,Gold,"No. 113, Jalan E7",Setapak,Federal Territory of Kuala Lumpur,53300,2025-02-26
33466,Ravi,a/l Muniandy,Male,014-2372448,1978-01-21,ravi33466@gmail.com,Bronze,"No. 260, Jalan D15",Wangsa Maju,Federal Territory of Kuala Lumpur,53200,2025-02-26
33467,Irfan,bin Osman,Male,011-2121768,1983-02-06,irfan33467@gmail.com,Bronze,"No. 297, Jalan E10",Seremban,Negeri Sembilan,70200,2025-02-26
33468,Rachel,Khoo,Female,014-5557190,1992-04-05,rachel33468@gmail.com,Bronze,"No. 98, Jalan G9",Subang Jaya,Selangor,47620,2025-02-26
33469,Nabila,binti Hassan,Female,012-3778392,1983-05-27,nabila33469@gmail.com,Bronze,"No. 278, Jalan C14",Gombak,Selangor,68100,2025-02-26
33470,Amirul,bin Zainal,Male,012-9872532,1964-09-07,amirul33470@gmail.com,Bronze,"No. 215, Jalan G2",Bukit Jalil,Federal Territory of Kuala Lumpur,58200,2025-02-26
33471,Zhi Wei,Ong,Male,013-8609138,1975-05-13,zhi33471@gmail.com,Bronze,"No. 131, Jalan F12",Kuala Lumpur,Federal Territory of Kuala Lumpur,59000,2025-02-27
33472,Kai Xin,Wong,Female,019-5529752,1998-03-06,kai33472@gmail.com,Gold,"No. 79, Jalan C20",Sungai Buloh,Selangor,47810,2025-02-27
33473,Jia Yi,Chin,Female,013-9212058,1993-05-10,jia33473@gmail.com,Silver,"No. 73, Jalan F8",Petaling Jaya,Selangor,46100,2025-02-27
33474,Zarina,binti Razak,Female,015-5721559,2003-05-19,zarina33474@gmail.com,Platinum,"No. 238, Jalan D18",George Town,Pulau Pinang,10100,2025-02-27
33475,Zarina,binti Ahmad,Female,010-8808512,2005-05-24,zarina33475@gmail.com,Bronze,"No. 205, Jalan B20",Johor Bahru,Johor,80000,2025-02-27
33476,Rohani,binti Abdullah,Female,011-8597557,1999-07-03,rohani33476@gmail.com,Bronze,"No. 297, Jalan D7",Kuantan,Pahang,25150,2025-02-27
33477,Amelia,binti Zainal,Female,019-9828813,1979-03-07,amelia33477@gmail.com,Bronze,"No. 218, Jalan D5",Bukit Jalil,Federal Territory of Kuala Lumpur,57000,2025-02-27
33478,Wei Hong,Ng,Male,018-5263030,1978-10-29,wei33478@gmail.com,Bronze,"No. 44, Jalan E17",George Town,Pulau Pinang,10350,2025-02-27
33479,Yasmin,binti Rahman,Female,016-3231858,1984-11-27,yasmin33479@gmail.com,Bronze,"No. 287, Jalan G10",Shah Alam,Selangor,40000,2025-02-27
33480,Rohani,binti Yusof,Female,010-6722518,1973-04-12,rohani33480@gmail.com,Bronze,"No. 147, Jalan F17",Selayang,Selangor,68000,2025-02-27
33481,Thivya,a/p Subramaniam,Female,010-5890984,2005-03-24,thivya33481@gmail.com,Bronze,"No. 54, Jalan F9",Klang,Selangor,41100,2025-02-27
33482,Aiman,bin Rahman,Male,016-6395814,1968-01-09,aiman33482@gmail.com,Platinum,"No. 249, Jalan E14",Klang,Selangor,41000,2025-02-27
33483,Prakash,a/l Maniam,Male,015-6941912,1967-05-06,prakash33483@gmail.com,Bronze,"No. 157, Jalan B10",Sungai Buloh,Selangor,47000,2025-02-27
33484,Kavitha,a/p Subramaniam,Female,019-6800619,1978-12-29,kavitha33484@gmail.com,Gold,"No. 271, Jalan A8",Petaling Jaya,Selangor,46200,2025-02-27
33485,Rohani,binti Hamid,Female,015-8962491,1984-11-06,rohani33485@gmail.com,Bronze,"No. 166, Jalan C11",Puchong,Selangor,47120,2025-02-27
33486,Jasmine,Khoo,Female,014-3576791,1978-01-14,jasmine33486@gmail.com,Silver,"No. 33, Jalan A6",Puchong,Selangor,47110,2025-02-27
33487,Nurul Huda,binti Osman,Female,011-3191370,1986-04-05,nurul33487@gmail.com,Platinum,"No. 124, Jalan E7",Kajang,Selangor,43000,2025-02-27
33488,Anjali,a/p Maniam,Female,010-7232449,1964-09-02,anjali33488@gmail.com,Bronze,"No. 254, Jalan G5",Puchong,Selangor,47120,2025-02-27
33489,Rajesh,a/l Rajan,Male,017-9136578,1967-09-02,rajesh33489@gmail.com,Silver,"No. 103, Jalan B8",Selayang,Selangor,68000,2025-02-27
33490,Michelle,Yeoh,Female,017-5788292,1993-09-11,michelle33490@gmail.com,Bronze,"No. 38, Jalan A6",Rawang,Selangor,48000,2025-02-27
33491,Farah,binti Hassan,Female,010-1651000,1983-11-17,farah33491@gmail.com,Silver,"No. 256, Jalan A20",Gombak,Selangor,53100,2025-02-27
33492,Shalini,a/p Subramaniam,Female,011-9601723,1984-11-25,shalini33492@gmail.com,Bronze,"No. 101, Jalan F13",Kuantan,Pahang,25100,2025-02-27
33493,Shu Fen,Chin,Female,016-8745911,2002-01-02,shu33493@gmail.com,Silver,"No. 275, Jalan D14",Subang Jaya,Selangor,47500,2025-02-27
33494,Rohani,binti Ismail,Female,011-1630635,2003-10-03,rohani33494@gmail.com,Silver,"No. 62, Jalan G3",Kajang,Selangor,43100,2025-02-27
33495,Haziq,bin Ahmad,Male,012-8321415,1992-08-13,haziq33495@gmail.com,Bronze,"No. 194, Jalan B16",Shah Alam,Selangor,40170,2025-02-27
33496,Wan Ying,Chong,Female,014-3876423,1980-01-17,wan33496@gmail.com,Silver,"No. 221, Jalan E15",Bukit Jalil,Federal Territory of Kuala Lumpur,58200,2025-02-27
33497,Adam,bin Hamid,Male,019-4584814,1998-08-28,adam33497@gmail.com,Bronze,"No. 137, Jalan C1",Bukit Jalil,Federal Territory of Kuala Lumpur,57100,2025-02-28
33498,Siti,binti Rahman,Female,014-9285337,1985-07-16,siti33498@gmail.com,Bronze,"No. 146, Jalan A2",Kepong,Federal Territory of Kuala Lumpur,52100,2025-02-28
33499,Jia Yi,Ong,Female,011-8742806,2004-11-05,jia33499@gmail.com,Bronze,"No. 189, Jalan G14",Kuala Lumpur,Federal Territory of Kuala Lumpur,50480,2025-02-28
33500,Yasmin,binti Razak,Female,010-1347623,1992-12-24,yasmin33500@gmail.com,Silver,"No. 78, Jalan G14",Kuala Lumpur,Federal Territory of Kuala Lumpur,50000,2025-02-28
33501,Faizal,bin Hamid,Male,013-8138028,1974-08-23,faizal33501@gmail.com,Bronze,"No. 45, Jalan A11",Setapak,Federal Territory of Kuala Lumpur,53300,2025-02-28
33502,Nabila,binti Rahman,Female,012-1050825,1972-11-30,nabila33502@gmail.com,Bronze,"No. 90, Jalan D15",Petaling Jaya,Selangor,46100,2025-02-28
33503,Wei Jie,Wong,Male,013-4606035,1974-09-30,wei33503@gmail.com,Bronze,"No. 196, Jalan D15",Petaling Jaya,Selangor,47400,2025-02-28
33504,Nurin,binti Osman,Female,017-7450457,1981-06-08,nurin33504@gmail.com,Silver,"No. 27, Jalan F8",Seremban,Negeri Sembilan,70450,2025-02-28
33505,Adam,bin Hamid,Male,010-3850990,2005-01-16,adam33505@gmail.com,Bronze,"No. 252, Jalan B7",Kulai,Johor,81000,2025-02-28
33506,Siti,binti Zainal,Female,016-3995822,1964-04-16,siti33506@gmail.com,Bronze,"No. 193, Jalan F5",Butterworth,Pulau Pinang,12200,2025-02-28
33507,Alia,binti Rahman,Female,019-6862568,1979-12-24,alia33507@gmail.com,Silver,"No. 146, Jalan G11",George Town,Pulau Pinang,10450,2025-02-28
33508,Jia Yi,Liew,Female,010-3240918,1974-01-24,jia33508@gmail.com,Bronze,"No. 19, Jalan A13",George Town,Pulau Pinang,10000,2025-02-28
33509,Faizal,bin Yusof,Male,017-5877262,1988-05-25,faizal33509@gmail.com,Bronze,"No. 87, Jalan E18",Shah Alam,Selangor,40460,2025-02-28
33510,Aisyah,binti Ahmad,Female,017-5741371,2003-10-06,aisyah33510@gmail.com,Silver,"No. 232, Jalan F19",Shah Alam,Selangor,40000,2025-02-28
33511,Anjali,a/p Muniandy,Female,012-3050894,1986-01-22,anjali33511@gmail.com,Silver,"No. 195, Jalan B18",Subang Jaya,Selangor,47500,2025-02-28
33512,Kumar,a/l Muniandy,Male,017-8809422,1999-07-20,kumar33512@gmail.com,Bronze,"No. 79, Jalan C18",Kuala Lumpur,Federal Territory of Kuala Lumpur,58000,2025-02-28
33513,Nurul Huda,binti Ismail,Female,011-2173642,1987-08-25,nurul33513@gmail.com,Silver,"No. 149, Jalan F1",Rawang,Selangor,48020,2025-02-28
33514,Pei Shan,Lee,Female,013-8912575,2000-07-19,pei33514@gmail.com,Bronze,"No. 112, Jalan G20",Subang Jaya,Selangor,47600,2025-02-28
33515,Irfan,bin Zainal,Male,014-3253928,1996-10-12,irfan33515@gmail.com,Silver,"No. 15, Jalan G20",Bukit Jalil,Federal Territory of Kuala Lumpur,57000,2025-02-28
33516,Sze Min,Chua,Female,015-3995003,1980-09-13,sze33516@gmail.com,Silver,"No. 209, Jalan B6",Bukit Jalil,Federal Territory of Kuala Lumpur,57000,2025-03-01
33517,Firdaus,bin Ismail,Male,012-7195507,1990-09-13,firdaus33517@gmail.com,Bronze,"No. 242, Jalan D17",Gombak,Selangor,68100,2025-03-01
33518,Balqis,binti Ahmad,Female,015-3726920,2004-10-18,balqis33518@gmail.com,Silver,"No. 36, Jalan G4",Sungai Buloh,Selangor,47000,2025-03-01
33519,Rachel,Chin,Female,018-4170143,1991-06-20,rachel33519@gmail.com,Gold,"No. 139, Jalan A6",Petaling Jaya,Selangor,47300,2025-03-01
33520,Ling Ling,Khoo,Female,014-4941397,1985-03-17,ling33520@gmail.com,Silver,"No. 45, Jalan A8",George Town,Pulau Pinang,10350,2025-03-01
33521,Nabila,binti Yusof,Female,013-4213504,1975-05-09,nabila33521@gmail.com,Bronze,"No. 82, Jalan B16",Shah Alam,Selangor,40200,2025-03-01
33522,Pei Shan,Loh,Female,017-2757991,1995-06-03,pei33522@gmail.com,Silver,"No. 78, Jalan A12",Shah Alam,Selangor,40000,2025-03-01
33523,Nurul Huda,binti Razak,Female,014-9957098,1988-08-02,nurul33523@gmail.com,Bronze,"No. 185, Jalan A19",Shah Alam,Selangor,40460,2025-03-01
33524,Zheng Yang,Chin,Male,016-9936689,1994-10-13,zheng33524@gmail.com,Bronze,"No. 172, Jalan C8",Subang Jaya,Selangor,47610,2025-03-01
33525,Zheng Yang,Teoh,Male,019-3190768,1984-06-30,zheng33525@gmail.com,Silver,"No. 234, Jalan D20",Shah Alam,Selangor,40170,2025-03-01
33526,Suresh,a/l Ramasamy,Male,013-2647749,1980-03-14,suresh33526@gmail.com,Bronze,"No. 80, Jalan C3",Klang,Selangor,41200,2025-03-01
33527,Hui Min,Chin,Female,016-8396683,1983-11-13,hui33527@gmail.com,Bronze,"No. 284, Jalan F17",Klang,Selangor,41250,2025-03-01
33528,Wei Jie,Yap,Male,013-5508821,1964-12-20,wei33528@gmail.com,Bronze,"No. 103, Jalan C10",Sungai Buloh,Selangor,47810,2025-03-01
33529,Kevin,Lim,Male,015-3429108,1987-01-07,kevin33529@gmail.com,Bronze,"No. 44, Jalan C5",Selayang,Selangor,68100,2025-03-01
33530,Amelia,binti Rahman,Female,013-8732524,1977-12-29,amelia33530@gmail.com,Silver,"No. 26, Jalan F8",Selayang,Selangor,68000,2025-03-01
33531,Zheng Yang,Teoh,Male,013-4563135,1970-08-30,zheng33531@gmail.com,Silver,"No. 221, Jalan E5",Kuala Lumpur,Federal Territory of Kuala Lumpur,50450,2025-03-01
33532,Irfan,bin Ismail,Male,016-1654652,1993-02-25,irfan33532@gmail.com,Gold,"No. 103, Jalan B12",Setapak,Federal Territory of Kuala Lumpur,53200,2025-03-01
33533,Nabila,binti Yusof,Female,010-2253646,1990-01-27,nabila33533@gmail.com,Gold,"No. 218, Jalan A18",Selayang,Selangor,68000,2025-03-01
33534,Nurin,binti Osman,Female,010-9936319,1976-06-24,nurin33534@gmail.com,Bronze,"No. 288, Jalan D4",Gombak,Selangor,53000,2025-03-01
33535,Suhaila,binti Zainal,Female,014-7398573,1996-09-26,suhaila33535@gmail.com,Bronze,"No. 92, Jalan C4",Kuantan,Pahang,26060,2025-03-01
33536,Michelle,Chong,Female,017-1825955,1969-01-02,michelle33536@gmail.com,Gold,"No. 12, Jalan C15",Subang Jaya,Selangor,47600,2025-03-01
33537,Chong Wei,Ng,Male,016-6125755,1967-05-16,chong33537@gmail.com,Silver,"No. 196, Jalan D9",Bukit Jalil,Federal Territory of Kuala Lumpur,57000,2025-03-01
33538,Grace,Chan,Female,013-4108231,1970-12-22,grace33538@gmail.com,Platinum,"No. 34, Jalan F10",Bukit Jalil,Federal Territory of Kuala Lumpur,58200,2025-03-01
33539,Lakshmi,a/p Rajan,Female,013-1516843,1987-03-16,lakshmi33539@gmail.com,Bronze,"No. 35, Jalan E7",Kuala Lumpur,Federal Territory of Kuala Lumpur,56000,2025-03-02
33540,Divya,a/p Rajan,Female,013-7389170,1977-03-03,divya33540@gmail.com,Bronze,"No. 22, Jalan G17",Petaling Jaya,Selangor,47800,2025-03-02
33541,Nur Aina,binti Hamid,Female,015-5668606,2002-08-16,nur33541@gmail.com,Bronze,"No. 166, Jalan A14",Petaling Jaya,Selangor,46300,2025-03-02
33542,Firdaus,bin Hassan,Male,010-9476960,1987-07-02,firdaus33542@gmail.com,Bronze,"No. 219, Jalan G15",George Town,Pulau Pinang,10100,2025-03-02
33543,Vikram,a/l Rajan,Male,019-2155857,1973-01-27,vikram33543@gmail.com,Silver,"No. 293, Jalan C11",Setapak,Federal Territory of Kuala Lumpur,53000,2025-03-02
33544,Lakshmi,a/p Muniandy,Female,013-9157926,1972-03-22,lakshmi33544@gmail.com,Silver,"No. 279, Jalan E1",Shah Alam,Selangor,40100,2025-03-02
33545,Zarina,binti Hassan,Female,017-3776035,1989-05-24,zarina33545@gmail.com,Bronze,"No. 206, Jalan A16",Klang,Selangor,41050,2025-03-02
33546,Thivya,a/p Krishnan,Female,019-3186955,1994-04-20,thivya33546@gmail.com,Bronze,"No. 18, Jalan B7",Subang Jaya,Selangor,47650,2025-03-02
33547,Anjali,a/p Ramasamy,Female,016-3359174,1981-12-07,anjali33547@gmail.com,Silver,"No. 181, Jalan A20",Petaling Jaya,Selangor,47800,2025-03-02
33548,Hannah,binti Hamid,Female,011-7345362,1977-02-10,hannah33548@gmail.com,Bronze,"No. 137, Jalan F2",Puchong,Selangor,47140,2025-03-02
33549,Adam,bin Razak,Male,010-4644333,1965-07-16,adam33549@gmail.com,Gold,"No. 234, Jalan B13",Cyberjaya,Selangor,63000,2025-03-02
33550,Irfan,bin Hamid,Male,015-2229133,1964-10-23,irfan33550@gmail.com,Bronze,"No. 75, Jalan G7",Puchong,Selangor,47170,2025-03-02
33551,Alia,binti Hamid,Female,011-1116914,2001-11-03,alia33551@gmail.com,Gold,"No. 130, Jalan E1",Puchong,Selangor,47160,2025-03-02
33552,Fatimah,binti Osman,Female,018-4586763,1982-08-02,fatimah33552@gmail.com,Silver,"No. 126, Jalan A13",Puchong,Selangor,47130,2025-03-02
33553,Pei Shan,Liew,Female,019-2792234,1978-01-12,pei33553@gmail.com,Gold,"No. 267, Jalan F15",Puchong,Selangor,47140,2025-03-02
33554,Rohani,binti Zainal,Female,013-6913351,1984-10-22,rohani33554@gmail.com,Bronze,"No. 274, Jalan A1",Setapak,Federal Territory of Kuala Lumpur,53000,2025-03-02
33555,Fatimah,binti Yusof,Female,015-7874491,1975-12-18,fatimah33555@gmail.com,Bronze,"No. 180, Jalan E13",Setapak,Federal Territory of Kuala Lumpur,53100,2025-03-02
33556,Nabila,binti Zainal,Female,016-1874438,1986-03-30,nabila33556@gmail.com,Bronze,"No. 153, Jalan E10",Gombak,Selangor,53000,2025-03-02
33557,Michelle,Chin,Female,017-2618753,2001-04-12,michelle33557@gmail.com,Silver,"No. 103, Jalan A12",Gombak,Selangor,53000,2025-03-02
33558,Mei Ling,Liew,Female,016-3091264,1984-03-21,mei33558@gmail.com,Silver,"No. 223, Jalan A11",Kuantan,Pahang,25250,2025-03-02
33559,Anjali,a/p Krishnan,Female,012-6763169,1988-08-03,anjali33559@gmail.com,Silver,"No. 108, Jalan A3",Subang Jaya,Selangor,47620,2025-03-02
33560,Chong Wei,Foo,Male,017-8982213,1966-10-17,chong33560@gmail.com,Silver,"No. 290, Jalan C2",Subang Jaya,Selangor,47610,2025-03-02
33561,Kai Xin,Lim,Female,018-3672324,2002-06-09,kai33561@gmail.com,Bronze,"No. 35, Jalan D17",Subang Jaya,Selangor,47500,2025-03-02
33562,Zhi Wei,Cheah,Male,015-7516443,1971-08-03,zhi33562@gmail.com,Silver,"No. 130, Jalan G20",Bukit Jalil,Federal Territory of Kuala Lumpur,57100,2025-03-02
33563,Nabila,binti Razak,Female,011-8807902,1979-04-06,nabila33563@gmail.com,Platinum,"No. 12, Jalan A2",Bukit Jalil,Federal Territory of Kuala Lumpur,58200,2025-03-02
33564,Yong Sheng,Chan,Male,017-4112172,1995-11-05,yong33564@gmail.com,Bronze,"No. 72, Jalan A13",Bukit Jalil,Federal Territory of Kuala Lumpur,57000,2025-03-02
33565,Siti,binti Ismail,Female,013-1614781,1979-05-27,siti33565@gmail.com,Bronze,"No. 211, Jalan A14",Kuala Lumpur,Federal Territory of Kuala Lumpur,50480,2025-03-03
33566,Fatimah,binti Hamid,Female,012-2706936,1983-04-08,fatimah33566@gmail.com,Silver,"No. 158, Jalan A14",Petaling Jaya,Selangor,46300,2025-03-03
33567,Amirul,bin Hamid,Male,018-3290256,1992-11-10,amirul33567@gmail.com,Silver,"No. 159, Jalan E3",Petaling Jaya,Selangor,46050,2025-03-03
33568,Jasmine,Lim,Female,010-9154555,1988-03-31,jasmine33568@gmail.com,Platinum,"No. 247, Jalan D2",George Town,Pulau Pinang,10100,2025-03-03
33569,Faizal,bin Hassan,Male,012-7426213,1988-01-24,faizal33569@gmail.com,Bronze,"No. 186, Jalan D7",George Town,Pulau Pinang,10000,2025-03-03
33570,Prakash,a/l Rajan,Male,012-9845714,1998-10-09,prakash33570@gmail.com,Silver,"No. 245, Jalan E7",Sungai Buloh,Selangor,47000,2025-03-03
33571,Zarina,binti Osman,Female,014-8951910,1990-04-20,zarina33571@gmail.com,Gold,"No. 172, Jalan C19",Kajang,Selangor,43000,2025-03-03
33572,Emily,Cheah,Female,017-7602602,1994-08-31,emily33572@gmail.com,Bronze,"No. 78, Jalan C7",Bukit Jalil,Federal Territory of Kuala Lumpur,58200,2025-03-03
33573,Aiman,bin Abdullah,Male,011-6135501,1970-11-03,aiman33573@gmail.com,Gold,"No. 250, Jalan A5",Kuala Lumpur,Federal Territory of Kuala Lumpur,50480,2025-03-03
33574,Emily,Lee,Female,017-1571604,1988-02-26,emily33574@gmail.com,Silver,"No. 45, Jalan G3",Ampang,Selangor,55100,2025-03-03
33575,Jian Ming,Yeoh,Male,014-7300233,1978-12-12,jian33575@gmail.com,Bronze,"No. 280, Jalan B4",Seremban,Negeri Sembilan,70400,2025-03-03
33576,Nur Aina,binti Hassan,Female,010-8153474,2004-09-27,nur33576@gmail.com,Bronze,"No. 16, Jalan G12",Seremban,Negeri Sembilan,70300,2025-03-03
33577,Hafiz,bin Rahman,Male,011-7821942,1992-11-10,hafiz33577@gmail.com,Bronze,"No. 270, Jalan G7",Seremban,Negeri Sembilan,70200,2025-03-03
33578,Alia,binti Hassan,Female,016-6638173,1982-12-22,alia33578@gmail.com,Gold,"No. 270, Jalan B4",Subang Jaya,Selangor,47610,2025-03-03
33579,Ravi,a/l Maniam,Male,011-8430616,1989-10-04,ravi33579@gmail.com,Silver,"No. 145, Jalan G10",Bukit Jalil,Federal Territory of Kuala Lumpur,58200,2025-03-03
33580,Kevin,Khoo,Male,012-3141500,1988-06-02,kevin33580@gmail.com,Silver,"No. 237, Jalan A9",Petaling Jaya,Selangor,46100,2025-03-04
33581,Thivya,a/p Krishnan,Female,017-3064196,1996-08-09,thivya33581@gmail.com,Bronze,"No. 98, Jalan D5",Petaling Jaya,Selangor,47400,2025-03-04
33582,Syafiq,bin Rahman,Male,012-2540997,1984-09-09,syafiq33582@gmail.com,Silver,"No. 190, Jalan E3",Petaling Jaya,Selangor,47810,2025-03-04
33583,Aina,binti Hassan,Female,015-6020137,1995-01-08,aina33583@gmail.com,Silver,"No. 150, Jalan F13",Petaling Jaya,Selangor,47800,2025-03-04
33584,Aina,binti Hassan,Female,011-2705390,1975-07-04,aina33584@gmail.com,Bronze,"No. 95, Jalan C1",Kulai,Johor,81030,2025-03-04
33585,Syafiq,bin Osman,Male,017-8495311,1997-06-14,syafiq33585@gmail.com,Platinum,"No. 16, Jalan G20",Johor Bahru,Johor,81100,2025-03-04
33586,Shalini,a/p Maniam,Female,017-6649467,2002-11-27,shalini33586@gmail.com,Bronze,"No. 111, Jalan B15",George Town,Pulau Pinang,10200,2025-03-04
33587,Emily,Wong,Female,018-2199375,1972-07-28,emily33587@gmail.com,Bronze,"No. 273, Jalan B1",Puchong,Selangor,47120,2025-03-04
33588,Aina,binti Razak,Female,017-1188673,1971-07-06,aina33588@gmail.com,Bronze,"No. 21, Jalan G17",Setapak,Federal Territory of Kuala Lumpur,53300,2025-03-04
33589,Fatimah,binti Rahman,Female,015-5663798,1977-08-18,fatimah33589@gmail.com,Bronze,"No. 224, Jalan E20",Setapak,Federal Territory of Kuala Lumpur,53000,2025-03-04
33590,Suresh,a/l Muniandy,Male,018-1155414,2004-06-07,suresh33590@gmail.com,Bronze,"No. 181, Jalan B1",Nilai,Negeri Sembilan,71760,2025-03-04
33591,Hui Min,Yeoh,Female,014-9925628,1992-12-28,hui33591@gmail.com,Bronze,"No. 130, Jalan F13",Nilai,Negeri Sembilan,71800,2025-03-04
33592,Haziq,bin Abdullah,Male,011-8100926,2001-07-19,haziq33592@gmail.com,Platinum,"No. 127, Jalan D18",Subang Jaya,Selangor,47620,2025-03-04
33593,Siti,binti Rahman,Female,011-4247391,1973-03-11,siti33593@gmail.com,Silver,"No. 127, Jalan B18",Bukit Jalil,Federal Territory of Kuala Lumpur,57100,2025-03-04
33594,Alia,binti Razak,Female,011-7571955,1971-04-23,alia33594@gmail.com,Gold,"No. 168, Jalan A17",Wangsa Maju,Federal Territory of Kuala Lumpur,53300,2025-03-05
33595,Hafiz,bin Razak,Male,013-6802738,1974-07-18,hafiz33595@gmail.com,Bronze,"No. 244, Jalan C2",Kuala Lumpur,Federal Territory of Kuala Lumpur,58000,2025-03-05
33596,Syafiq,bin Hassan,Male,014-1760445,1977-09-07,syafiq33596@gmail.com,Bronze,"No. 43, Jalan C6",Kuala Lumpur,Federal Territory of Kuala Lumpur,50480,2025-03-05
33597,Firdaus,bin Hamid,Male,014-2275286,1982-02-03,firdaus33597@gmail.com,Silver,"No. 169, Jalan A14",Petaling Jaya,Selangor,46100,2025-03-05
33598,Jun Hao,Chan,Male,017-1890525,1989-11-22,jun33598@gmail.com,Bronze,"No. 223, Jalan A17",Petaling Jaya,Selangor,47800,2025-03-05
33599,Aisyah,binti Razak,Female,010-7121545,2002-07-09,aisyah33599@gmail.com,Silver,"No. 243, Jalan F15",Petaling Jaya,Selangor,47800,2025-03-05
33600,Balqis,binti Zainal,Female,019-4781025,2003-01-05,balqis33600@gmail.com,Gold,"No. 10, Jalan F2",Melaka,Melaka,75100,2025-03-05
33601,Firdaus,bin Razak,Male,016-7226869,1966-06-02,firdaus33601@gmail.com,Bronze,"No. 183, Jalan E16",George Town,Pulau Pinang,10450,2025-03-05
33602,Balqis,binti Hamid,Female,010-1148842,1971-05-23,balqis33602@gmail.com,Bronze,"No. 220, Jalan D5",Gombak,Selangor,53000,2025-03-05
33603,Jian Ming,Khoo,Male,016-2932458,1997-11-09,jian33603@gmail.com,Silver,"No. 43, Jalan F11",Melaka,Melaka,75350,2025-03-05
33604,Wan Ying,Teoh,Female,017-3124704,1965-03-19,wan33604@gmail.com,Gold,"No. 78, Jalan C3",Klang,Selangor,41150,2025-03-05
33605,Danial,bin Rahman,Male,014-6728211,1975-10-04,danial33605@gmail.com,Silver,"No. 18, Jalan G10",Puchong,Selangor,47100,2025-03-05
33606,Alia,binti Razak,Female,015-4097296,1964-05-05,alia33606@gmail.com,Silver,"No. 224, Jalan F9",Puchong,Selangor,47170,2025-03-05
33607,Hannah,binti Hassan,Female,017-5153202,1985-01-25,hannah33607@gmail.com,Bronze,"No. 157, Jalan C2",Wangsa Maju,Federal Territory of Kuala Lumpur,53300,2025-03-05
33608,Wei Hong,Yeoh,Male,011-2122309,2001-07-22,wei33608@gmail.com,Bronze,"No. 93, Jalan B18",Ipoh,Perak,30100,2025-03-05
33609,Kevin,Chua,Male,012-6045518,1993-12-04,kevin33609@gmail.com,Gold,"No. 270, Jalan B6",Kuala Lumpur,Federal Territory of Kuala Lumpur,59000,2025-03-05
33610,Kumar,a/l Maniam,Male,017-1205872,1975-01-16,kumar33610@gmail.com,Silver,"No. 13, Jalan C5",Kuantan,Pahang,25000,2025-03-05
33611,Balqis,binti Abdullah,Female,016-4547751,1988-08-09,balqis33611@gmail.com,Gold,"No. 82, Jalan D10",Bukit Jalil,Federal Territory of Kuala Lumpur,57000,2025-03-05
33612,Izzati,binti Osman,Female,011-4236267,1977-07-15,izzati33612@gmail.com,Silver,"No. 112, Jalan F14",Shah Alam,Selangor,40150,2025-03-05
33613,Arjun,a/l Krishnan,Male,014-9238410,1975-09-18,arjun33613@gmail.com,Bronze,"No. 49, Jalan G1",Bukit Jalil,Federal Territory of Kuala Lumpur,57000,2025-03-05
33614,Aiman,bin Ahmad,Male,010-6289263,1965-02-09,aiman33614@gmail.com,Bronze,"No. 223, Jalan E8",Bukit Jalil,Federal Territory of Kuala Lumpur,57100,2025-03-06
33615,Irfan,bin Hassan,Male,018-3874599,1987-11-18,irfan33615@gmail.com,Gold,"No. 295, Jalan C16",Subang Jaya,Selangor,47610,2025-03-06
33616,Prakash,a/l Maniam,Male,010-6978902,1994-08-17,prakash33616@gmail.com,Silver,"No. 280, Jalan D13",Petaling Jaya,Selangor,46100,2025-03-06
33617,Faizal,bin Hamid,Male,013-9808100,1968-07-08,faizal33617@gmail.com,Bronze,"No. 124, Jalan G11",Subang Jaya,Selangor,47650,2025-03-06
33618,Vanessa,Loh,Female,011-9343123,1972-01-01,vanessa33618@gmail.com,Bronze,"No. 75, Jalan C9",Kulai,Johor,81030,2025-03-06
33619,Kok Wai,Yap,Male,012-6940706,1991-03-19,kok33619@gmail.com,Silver,"No. 100, Jalan D11",Johor Bahru,Johor,81100,2025-03-06
33620,Anjali,a/p Muniandy,Female,010-4773239,1993-03-30,anjali33620@gmail.com,Gold,"No. 129, Jalan F14",Johor Bahru,Johor,80300,2025-03-06
33621,Kavitha,a/p Ramasamy,Female,015-4194779,2005-02-01,kavitha33621@gmail.com,Gold,"No. 293, Jalan D6",George Town,Pulau Pinang,10100,2025-03-06
33622,Shalini,a/p Muniandy,Female,018-5098365,1984-09-29,shalini33622@gmail.com,Bronze,"No. 20, Jalan D4",Melaka,Melaka,75050,2025-03-06
33623,Shu Fen,Chong,Female,018-8579334,1984-12-13,shu33623@gmail.com,Bronze,"No. 132, Jalan B12",Shah Alam,Selangor,40170,2025-03-06
33624,Kok Wai,Wong,Male,019-2884168,1978-11-13,kok33624@gmail.com,Silver,"No. 87, Jalan F7",Shah Alam,Selangor,40400,2025-03-06
33625,Aisyah,binti Rahman,Female,014-6335242,1989-03-24,aisyah33625@gmail.com,Bronze,"No. 81, Jalan C14",Sungai Buloh,Selangor,47810,2025-03-06
33626,Suhaila,binti Yusof,Female,019-5551232,1980-06-25,suhaila33626@gmail.com,Silver,"No. 157, Jalan E17",Petaling Jaya,Selangor,46300,2025-03-06
33627,Hafiz,bin Zainal,Male,015-6275581,1982-10-04,hafiz33627@gmail.com,Silver,"No. 89, Jalan G10",Puchong,Selangor,47180,2025-03-06
33628,Nadia,binti Yusof,Female,010-6278150,1964-12-27,nadia33628@gmail.com,Gold,"No. 196, Jalan C15",Seremban,Negeri Sembilan,70400,2025-03-06
33629,Amirul,bin Osman,Male,018-5558081,1970-09-24,amirul33629@gmail.com,Gold,"No. 227, Jalan E20",Wangsa Maju,Federal Territory of Kuala Lumpur,53200,2025-03-06
33630,Haziq,bin Zainal,Male,017-7582991,1968-06-12,haziq33630@gmail.com,Bronze,"No. 293, Jalan A19",Setapak,Federal Territory of Kuala Lumpur,53100,2025-03-06
33631,Suhaila,binti Ismail,Female,012-4377130,1996-11-09,suhaila33631@gmail.com,Bronze,"No. 285, Jalan G16",Wangsa Maju,Federal Territory of Kuala Lumpur,53300,2025-03-06
33632,Zhi Wei,Chong,Male,011-4288519,1964-11-22,zhi33632@gmail.com,Silver,"No. 136, Jalan B11",Kuala Lumpur,Federal Territory of Kuala Lumpur,58000,2025-03-07
33633,Chong Wei,Liew,Male,012-1032284,1994-06-11,chong33633@gmail.com,Bronze,"No. 180, Jalan E1",Kepong,Federal Territory of Kuala Lumpur,52000,2025-03-07
33634,Haziq,bin Ismail,Male,015-4815930,1968-11-04,haziq33634@gmail.com,Silver,"No. 232, Jalan C20",Puchong,Selangor,47140,2025-03-07
33635,Siti,binti Ismail,Female,018-7429941,1964-10-15,siti33635@gmail.com,Bronze,"No. 226, Jalan A10",Johor Bahru,Johor,80300,2025-03-07
33636,Nurul Huda,binti Osman,Female,010-7624272,1966-06-28,nurul33636@gmail.com,Bronze,"No. 61, Jalan A16",Puchong,Selangor,47120,2025-03-07
33637,Chloe,Khoo,Female,012-7701436,1974-09-11,chloe33637@gmail.com,Silver,"No. 166, Jalan D9",Johor Bahru,Johor,81300,2025-03-07
33638,Nurin,binti Hamid,Female,016-8741629,2001-08-13,nurin33638@gmail.com,Platinum,"No. 242, Jalan E4",Shah Alam,Selangor,40100,2025-03-07
33639,Anisa,binti Ismail,Female,010-2196526,1995-04-11,anisa33639@gmail.com,Bronze,"No. 14, Jalan F15",Shah Alam,Selangor,40150,2025-03-07
33640,Grace,Chong,Female,018-8296656,2007-02-28,grace33640@gmail.com,Bronze,"No. 106, Jalan D13",Sungai Buloh,Selangor,47820,2025-03-07
33641,Kavitha,a/p Krishnan,Female,019-2262168,1973-10-04,kavitha33641@gmail.com,Bronze,"No. 39, Jalan E6",Klang,Selangor,41300,2025-03-07
33642,Li Wen,Lim,Female,011-7985679,1979-11-27,li33642@gmail.com,Silver,"No. 83, Jalan B11",Sungai Buloh,Selangor,47810,2025-03-07
33643,Hannah,binti Hassan,Female,012-1925123,1986-04-29,hannah33643@gmail.com,Bronze,"No. 117, Jalan A3",Setapak,Federal Territory of Kuala Lumpur,53300,2025-03-07
33644,Shu Fen,Ong,Female,017-2359618,2004-09-24,shu33644@gmail.com,Silver,"No. 79, Jalan G10",Setapak,Federal Territory of Kuala Lumpur,53000,2025-03-07
33645,Yee Ling,Yeoh,Female,016-3925266,1992-07-06,yee33645@gmail.com,Bronze,"No. 76, Jalan D13",Setapak,Federal Territory of Kuala Lumpur,53100,2025-03-07
33646,Aiman,bin Yusof,Male,017-4683160,1995-12-01,aiman33646@gmail.com,Bronze,"No. 85, Jalan C20",Wangsa Maju,Federal Territory of Kuala Lumpur,53300,2025-03-07
33647,Alia,binti Abdullah,Female,019-1377090,1970-02-17,alia33647@gmail.com,Bronze,"No. 130, Jalan A4",Wangsa Maju,Federal Territory of Kuala Lumpur,53300,2025-03-07
33648,Anisa,binti Razak,Female,014-9472159,1988-07-11,anisa33648@gmail.com,Silver,"No. 222, Jalan D2",Gombak,Selangor,53000,2025-03-07
33649,Zarina,binti Yusof,Female,011-2880987,1992-04-08,zarina33649@gmail.com,Bronze,"No. 117, Jalan F17",Seremban,Negeri Sembilan,70100,2025-03-07
33650,Grace,Goh,Female,019-4650840,1973-08-07,grace33650@gmail.com,Silver,"No. 211, Jalan F6",Wangsa Maju,Federal Territory of Kuala Lumpur,53300,2025-03-07
33651,Alia,binti Yusof,Female,013-4239342,1969-08-07,alia33651@gmail.com,Bronze,"No. 9, Jalan A10",Bukit Jalil,Federal Territory of Kuala Lumpur,58200,2025-03-07
33652,Jia Yi,Liew,Female,017-9106561,1984-09-20,jia33652@gmail.com,Bronze,"No. 236, Jalan F2",Kuala Lumpur,Federal Territory of Kuala Lumpur,58000,2025-03-08
33653,Nur Aina,binti Abdullah,Female,015-7427416,1988-01-14,nur33653@gmail.com,Bronze,"No. 74, Jalan A18",Kuala Lumpur,Federal Territory of Kuala Lumpur,50000,2025-03-08
33654,Vanessa,Loh,Female,019-7626358,1983-04-25,vanessa33654@gmail.com,Silver,"No. 37, Jalan F3",Sungai Buloh,Selangor,47820,2025-03-08
33655,Shalini,a/p Subramaniam,Female,011-6907900,1984-07-13,shalini33655@gmail.com,Bronze,"No. 14, Jalan B4",Petaling Jaya,Selangor,47400,2025-03-08
33656,Nurul Huda,binti Ismail,Female,016-6001101,1994-06-13,nurul33656@gmail.com,Bronze,"No. 120, Jalan E5",Petaling Jaya,Selangor,47800,2025-03-08
33657,Chong Wei,Lee,Male,016-9410867,1968-06-15,chong33657@gmail.com,Bronze,"No. 272, Jalan G17",Petaling Jaya,Selangor,47300,2025-03-08
33658,Daniel,Foo,Male,019-3824513,1995-01-29,daniel33658@gmail.com,Bronze,"No. 211, Jalan E16",Petaling Jaya,Selangor,47810,2025-03-08
33659,Nurin,binti Rahman,Female,019-1489472,2005-06-20,nurin33659@gmail.com,Silver,"No. 70, Jalan E9",Sungai Buloh,Selangor,47000,2025-03-08
33660,Yasmin,binti Zainal,Female,014-5808498,1974-08-25,yasmin33660@gmail.com,Silver,"No. 294, Jalan E6",Johor Bahru,Johor,80350,2025-03-08
33661,Syafiq,bin Yusof,Male,017-9162203,1980-09-18,syafiq33661@gmail.com,Silver,"No. 286, Jalan B17",Johor Bahru,Johor,81100,2025-03-08
33662,Nurin,binti Razak,Female,014-3040891,1974-05-15,nurin33662@gmail.com,Gold,"No. 156, Jalan A9",Ipoh,Perak,30020,2025-03-08
33663,Alia,binti Yusof,Female,015-3600106,1995-04-05,alia33663@gmail.com,Bronze,"No. 169, Jalan A2",George Town,Pulau Pinang,10150,2025-03-08
33664,Ravi,a/l Ramasamy,Male,016-4003910,1994-05-15,ravi33664@gmail.com,Silver,"No. 62, Jalan A4",Shah Alam,Selangor,40150,2025-03-08
33665,Chloe,Wong,Female,016-7038436,1996-09-13,chloe33665@gmail.com,Silver,"No. 211, Jalan F8",Shah Alam,Selangor,40150,2025-03-08
33666,Farah,binti Ismail,Female,012-4823324,1976-05-17,farah33666@gmail.com,Bronze,"No. 63, Jalan D4",Klang,Selangor,41000,2025-03-08
33667,Rachel,Goh,Female,017-8597288,1966-01-23,rachel33667@gmail.com,Bronze,"No. 157, Jalan B11",Kajang,Selangor,43100,2025-03-08
33668,Daniel,Tan,Male,019-4796748,1976-01-08,daniel33668@gmail.com,Silver,"No. 187, Jalan A16",Setapak,Federal Territory of Kuala Lumpur,53200,2025-03-08
33669,Lakshmi,a/p Krishnan,Female,019-5966470,2003-05-27,lakshmi33669@gmail.com,Silver,"No. 268, Jalan E1",Wangsa Maju,Federal Territory of Kuala Lumpur,53100,2025-03-08
33670,Lakshmi,a/p Krishnan,Female,017-1299006,1988-03-27,lakshmi33670@gmail.com,Bronze,"No. 80, Jalan D16",Wangsa Maju,Federal Territory of Kuala Lumpur,53200,2025-03-08
33671,Hui Min,Yeoh,Female,011-8250319,1988-08-03,hui33671@gmail.com,Bronze,"No. 292, Jalan B15",Ipoh,Perak,30010,2025-03-08
33672,Anisa,binti Abdullah,Female,012-9322837,2003-09-24,anisa33672@gmail.com,Silver,"No. 55, Jalan E13",Taiping,Perak,34700,2025-03-08
33673,Hannah,binti Hassan,Female,015-1417254,1965-06-03,hannah33673@gmail.com,Silver,"No. 186, Jalan E17",Klang,Selangor,41300,2025-03-08
33674,Emily,Lee,Female,011-2452220,2005-06-06,emily33674@gmail.com,Bronze,"No. 51, Jalan A7",Kuala Lumpur,Federal Territory of Kuala Lumpur,59000,2025-03-09
33675,Zheng Yang,Ng,Male,012-3216153,1984-02-01,zheng33675@gmail.com,Silver,"No. 157, Jalan E20",Kuala Lumpur,Federal Territory of Kuala Lumpur,56000,2025-03-09
33676,Sze Min,Sim,Female,011-7376094,1975-10-27,sze33676@gmail.com,Bronze,"No. 88, Jalan C7",Kuala Lumpur,Federal Territory of Kuala Lumpur,50000,2025-03-09
33677,Syafiq,bin Hassan,Male,012-9517046,1973-10-01,syafiq33677@gmail.com,Silver,"No. 176, Jalan G11",Kuala Lumpur,Federal Territory of Kuala Lumpur,50000,2025-03-09
33678,Amirul,bin Hamid,Male,017-3757100,1989-08-31,amirul33678@gmail.com,Bronze,"No. 42, Jalan E4",Petaling Jaya,Selangor,46050,2025-03-09
33679,Anjali,a/p Krishnan,Female,010-7575274,2004-10-19,anjali33679@gmail.com,Bronze,"No. 146, Jalan A12",Petaling Jaya,Selangor,46200,2025-03-09
33680,Amirul,bin Osman,Male,011-8461822,1976-01-06,amirul33680@gmail.com,Gold,"No. 273, Jalan B13",Johor Bahru,Johor,81200,2025-03-09
33681,Nur Aina,binti Ismail,Female,019-1801784,1996-07-19,nur33681@gmail.com,Bronze,"No. 286, Jalan C14",Johor Bahru,Johor,81200,2025-03-09
33682,Amelia,binti Ahmad,Female,013-9345471,1993-12-13,amelia33682@gmail.com,Silver,"No. 186, Jalan E19",Klang,Selangor,41000,2025-03-09
33683,Faizal,bin Ismail,Male,017-2094947,2006-11-06,faizal33683@gmail.com,Bronze,"No. 11, Jalan D9",Johor Bahru,Johor,80000,2025-03-09
33684,Hafiz,bin Razak,Male,015-2827030,1969-09-24,hafiz33684@gmail.com,Bronze,"No. 87, Jalan F11",Klang,Selangor,41250,2025-03-09
33685,Wei Jie,Loh,Male,011-2617586,1999-07-04,wei33685@gmail.com,Silver,"No. 120, Jalan D13",Klang,Selangor,41300,2025-03-09
33686,Aisyah,binti Hassan,Female,011-6224055,1987-01-22,aisyah33686@gmail.com,Gold,"No. 9, Jalan A20",Cyberjaya,Selangor,63100,2025-03-09
33687,Thivya,a/p Ramasamy,Female,016-5071960,1999-05-25,thivya33687@gmail.com,Bronze,"No. 146, Jalan A5",Selayang,Selangor,68000,2025-03-09
33688,Amirul,bin Ismail,Male,019-9027419,2003-07-19,amirul33688@gmail.com,Silver,"No. 289, Jalan F15",Selayang,Selangor,68000,2025-03-09
33689,Michelle,Loh,Female,010-8354869,1974-06-06,michelle33689@gmail.com,Silver,"No. 299, Jalan C10",Wangsa Maju,Federal Territory of Kuala Lumpur,53300,2025-03-09
33690,Sze Min,Wong,Female,012-4395944,1982-05-24,sze33690@gmail.com,Gold,"No. 227, Jalan A3",Wangsa Maju,Federal Territory of Kuala Lumpur,53100,2025-03-09
33691,Aiman,bin Yusof,Male,019-5058134,1975-05-27,aiman33691@gmail.com,Bronze,"No. 51, Jalan B13",Wangsa Maju,Federal Territory of Kuala Lumpur,53300,2025-03-09
33692,Anjali,a/p Subramaniam,Female,017-2005110,1980-03-29,anjali33692@gmail.com,Platinum,"No. 240, Jalan G18",Gombak,Selangor,68100,2025-03-09
33693,Aina,binti Abdullah,Female,011-9410385,1974-08-22,aina33693@gmail.com,Gold,"No. 186, Jalan F3",Seremban,Negeri Sembilan,70300,2025-03-09
33694,Nabila,binti Yusof,Female,010-5503697,1977-07-10,nabila33694@gmail.com,Bronze,"No. 274, Jalan C16",Kuantan,Pahang,25050,2025-03-09
33695,Faizal,bin Hassan,Male,011-7941838,1999-07-27,faizal33695@gmail.com,Bronze,"No. 123, Jalan F1",Kuantan,Pahang,25250,2025-03-09
33696,Siti,binti Ahmad,Female,016-7160426,1996-05-08,siti33696@gmail.com,Bronze,"No. 43, Jalan E15",Subang Jaya,Selangor,47630,2025-03-09
33697,Syafiq,bin Osman,Male,013-5159760,1998-07-04,syafiq33697@gmail.com,Silver,"No. 30, Jalan E5",Bukit Jalil,Federal Territory of Kuala Lumpur,57000,2025-03-09
33698,Balqis,binti Ismail,Female,017-7823595,1993-03-25,balqis33698@gmail.com,Platinum,"No. 147, Jalan F4",Bukit Jalil,Federal Territory of Kuala Lumpur,58200,2025-03-09
33699,Hui Min,Tan,Female,018-9544093,1986-10-07,hui33699@gmail.com,Bronze,"No. 1, Jalan A19",Setapak,Federal Territory of Kuala Lumpur,53000,2025-03-10
33700,Kumar,a/l Maniam,Male,013-4094561,2000-04-18,kumar33700@gmail.com,Platinum,"No. 165, Jalan B7",Kuala Lumpur,Federal Territory of Kuala Lumpur,59000,2025-03-10
33701,Jun Hao,Lim,Male,019-2479860,1977-09-05,jun33701@gmail.com,Silver,"No. 184, Jalan A19",Kuala Lumpur,Federal Territory of Kuala Lumpur,56000,2025-03-10
33702,Chloe,Wong,Female,015-7761366,1985-11-15,chloe33702@gmail.com,Gold,"No. 159, Jalan F12",Petaling Jaya,Selangor,46200,2025-03-10
33703,Xin Yi,Wong,Female,013-4027497,1975-04-17,xin33703@gmail.com,Bronze,"No. 115, Jalan F9",Petaling Jaya,Selangor,46050,2025-03-10
33704,Balqis,binti Osman,Female,010-2114877,2006-10-21,balqis33704@gmail.com,Bronze,"No. 114, Jalan G19",Shah Alam,Selangor,40170,2025-03-10
33705,Daniel,Lim,Male,012-4254126,1964-04-24,daniel33705@gmail.com,Bronze,"No. 141, Jalan F2",Sungai Buloh,Selangor,47810,2025-03-10
33706,Jasmine,Chin,Female,014-1880491,1968-10-17,jasmine33706@gmail.com,Gold,"No. 242, Jalan F11",Wangsa Maju,Federal Territory of Kuala Lumpur,53100,2025-03-10
33707,Danial,bin Yusof,Male,011-9133847,2005-01-18,danial33707@gmail.com,Platinum,"No. 269, Jalan E16",Gombak,Selangor,53000,2025-03-10
33708,Haziq,bin Hassan,Male,016-2058930,2000-09-01,haziq33708@gmail.com,Silver,"No. 128, Jalan A12",Seremban,Negeri Sembilan,70400,2025-03-10
33709,Aiman,bin Ismail,Male,011-5785460,1973-11-25,aiman33709@gmail.com,Bronze,"No. 229, Jalan G12",Selayang,Selangor,68100,2025-03-10
33710,Yong Sheng,Tan,Male,012-4604422,1966-07-11,yong33710@gmail.com,Bronze,"No. 132, Jalan D15",Subang Jaya,Selangor,47650,2025-03-10
33711,Yasmin,binti Osman,Female,013-5291074,1987-04-19,yasmin33711@gmail.com,Bronze,"No. 284, Jalan G11",Kuala Lumpur,Federal Territory of Kuala Lumpur,55200,2025-03-11
33712,Rachel,Foo,Female,013-2259437,2006-10-24,rachel33712@gmail.com,Bronze,"No. 57, Jalan D11",Kuala Lumpur,Federal Territory of Kuala Lumpur,56000,2025-03-11
33713,Amirul,bin Osman,Male,016-4682187,1977-02-20,amirul33713@gmail.com,Bronze,"No. 251, Jalan C1",Kuala Lumpur,Federal Territory of Kuala Lumpur,56000,2025-03-11
33714,Wei Hong,Lim,Male,016-2957709,1999-09-14,wei33714@gmail.com,Bronze,"No. 142, Jalan C9",Kuala Lumpur,Federal Territory of Kuala Lumpur,59200,2025-03-11
33715,Haziq,bin Ahmad,Male,016-3961694,2000-12-16,haziq33715@gmail.com,Bronze,"No. 292, Jalan B8",Kuala Lumpur,Federal Territory of Kuala Lumpur,57000,2025-03-11
33716,Suhaila,binti Rahman,Female,019-7842104,1985-09-20,suhaila33716@gmail.com,Silver,"No. 160, Jalan A17",Subang Jaya,Selangor,47650,2025-03-11
33717,Alia,binti Abdullah,Female,019-8693177,1970-10-12,alia33717@gmail.com,Silver,"No. 68, Jalan G20",Johor Bahru,Johor,80300,2025-03-11
33718,Chloe,Lim,Female,013-1950224,2000-07-05,chloe33718@gmail.com,Bronze,"No. 85, Jalan G4",Johor Bahru,Johor,81100,2025-03-11
33719,Thivya,a/p Muniandy,Female,018-2216457,1980-02-24,thivya33719@gmail.com,Platinum,"No. 157, Jalan A11",George Town,Pulau Pinang,10450,2025-03-11
33720,Meena,a/p Maniam,Female,010-8378386,1975-03-13,meena33720@gmail.com,Bronze,"No. 115, Jalan C19",Shah Alam,Selangor,40100,2025-03-11
33721,Syafiq,bin Hamid,Male,018-2430369,1986-11-15,syafiq33721@gmail.com,Bronze,"No. 121, Jalan C16",Alor Gajah,Melaka,78100,2025-03-11
33722,Nurin,binti Osman,Female,012-7584929,2006-04-25,nurin33722@gmail.com,Silver,"No. 111, Jalan B14",Melaka,Melaka,75000,2025-03-11
33723,Anisa,binti Ahmad,Female,012-7890198,1992-01-05,anisa33723@gmail.com,Silver,"No. 112, Jalan G3",Shah Alam,Selangor,40150,2025-03-11
33724,Arjun,a/l Maniam,Male,014-9561281,2005-04-23,arjun33724@gmail.com,Silver,"No. 20, Jalan D5",Sungai Buloh,Selangor,47810,2025-03-11
33725,Kavitha,a/p Maniam,Female,018-3643861,1967-03-23,kavitha33725@gmail.com,Bronze,"No. 149, Jalan E6",Klang,Selangor,41150,2025-03-11
33726,Emily,Chan,Female,010-5447992,1996-06-30,emily33726@gmail.com,Bronze,"No. 91, Jalan G10",Puchong,Selangor,47130,2025-03-11
33727,Shu Fen,Teoh,Female,017-5839260,1971-01-22,shu33727@gmail.com,Bronze,"No. 106, Jalan G9",Puchong,Selangor,47190,2025-03-11
33728,Rachel,Khoo,Female,014-9809428,1969-09-10,rachel33728@gmail.com,Bronze,"No. 35, Jalan D8",Setapak,Federal Territory of Kuala Lumpur,53200,2025-03-11
33729,Prakash,a/l Ramasamy,Male,011-9276537,1974-05-20,prakash33729@gmail.com,Silver,"No. 190, Jalan D1",Setapak,Federal Territory of Kuala Lumpur,53100,2025-03-11
33730,Kevin,Yeoh,Male,010-7651442,1980-09-27,kevin33730@gmail.com,Silver,"No. 221, Jalan C1",Setapak,Federal Territory of Kuala Lumpur,53000,2025-03-11
33731,Michelle,Goh,Female,012-1233025,1993-06-26,michelle33731@gmail.com,Silver,"No. 287, Jalan F13",Setapak,Federal Territory of Kuala Lumpur,53000,2025-03-11
33732,Alia,binti Hamid,Female,011-1335122,1996-05-14,alia33732@gmail.com,Bronze,"No. 40, Jalan E13",Kuala Lumpur,Federal Territory of Kuala Lumpur,56000,2025-03-11
33733,Aisyah,binti Hamid,Female,010-6348440,1999-06-07,aisyah33733@gmail.com,Silver,"No. 139, Jalan G5",Subang Jaya,Selangor,47620,2025-03-11
33734,Sharmila,a/p Subramaniam,Female,015-7507976,1987-02-26,sharmila33734@gmail.com,Silver,"No. 128, Jalan D11",Subang Jaya,Selangor,47620,2025-03-11
33735,Alia,binti Hassan,Female,019-9960409,1991-08-26,alia33735@gmail.com,Silver,"No. 206, Jalan A19",Bukit Jalil,Federal Territory of Kuala Lumpur,57100,2025-03-11
33736,Irfan,bin Razak,Male,010-3990314,1970-05-28,irfan33736@gmail.com,Bronze,"No. 116, Jalan C20",Petaling Jaya,Selangor,46000,2025-03-12
33737,Vanessa,Foo,Female,019-4262442,1987-10-04,vanessa33737@gmail.com,Silver,"No. 141, Jalan F11",Kulai,Johor,81000,2025-03-12
33738,Mei Ling,Cheah,Female,012-4048950,2007-02-20,mei33738@gmail.com,Bronze,"No. 230, Jalan C15",Johor Bahru,Johor,80200,2025-03-12
33739,Aiman,bin Osman,Male,012-2606876,1994-01-26,aiman33739@gmail.com,Gold,"No. 257, Jalan C15",George Town,Pulau Pinang,10300,2025-03-12
33740,Michelle,Chan,Female,015-5923048,1997-11-30,michelle33740@gmail.com,Bronze,"No. 251, Jalan B17",George Town,Pulau Pinang,10350,2025-03-12
33741,Zheng Yang,Lim,Male,012-2151472,1972-12-16,zheng33741@gmail.com,Silver,"No. 182, Jalan D1",Melaka,Melaka,75250,2025-03-12
33742,Jian Ming,Chan,Male,011-8003762,1973-03-08,jian33742@gmail.com,Silver,"No. 263, Jalan G12",Melaka,Melaka,75100,2025-03-12
33743,Haziq,bin Zainal,Male,012-8123171,1989-03-26,haziq33743@gmail.com,Bronze,"No. 220, Jalan G15",Shah Alam,Selangor,40170,2025-03-12
33744,Kok Wai,Chua,Male,016-4806151,2004-01-08,kok33744@gmail.com,Bronze,"No. 262, Jalan E1",Klang,Selangor,41050,2025-03-12
33745,Izzati,binti Hamid,Female,013-4875904,1977-11-17,izzati33745@gmail.com,Silver,"No. 297, Jalan B13",Selayang,Selangor,68000,2025-03-12
33746,Ling Ling,Chin,Female,017-8024047,1996-08-16,ling33746@gmail.com,Platinum,"No. 85, Jalan F15",Selayang,Selangor,68000,2025-03-12
33747,Alia,binti Osman,Female,017-6720647,1981-06-24,alia33747@gmail.com,Bronze,"No. 124, Jalan E1",Subang Jaya,Selangor,47600,2025-03-12
33748,Firdaus,bin Zainal,Male,014-3759371,2005-04-16,firdaus33748@gmail.com,Bronze,"No. 161, Jalan G20",Wangsa Maju,Federal Territory of Kuala Lumpur,53300,2025-03-12
33749,Irfan,bin Zainal,Male,011-3446872,1998-07-13,irfan33749@gmail.com,Silver,"No. 299, Jalan C13",Kuantan,Pahang,26060,2025-03-12
33750,Alia,binti Osman,Female,013-9877932,1989-11-04,alia33750@gmail.com,Bronze,"No. 100, Jalan F1",Kuantan,Pahang,25050,2025-03-12
33751,Thivya,a/p Maniam,Female,014-1696837,1971-01-10,thivya33751@gmail.com,Bronze,"No. 254, Jalan B8",Kepong,Federal Territory of Kuala Lumpur,51200,2025-03-13
33752,Priya,a/p Maniam,Female,018-5480234,1984-04-06,priya33752@gmail.com,Silver,"No. 135, Jalan E8",Petaling Jaya,Selangor,46050,2025-03-13
33753,Izzati,binti Hamid,Female,019-4796630,1983-02-20,izzati33753@gmail.com,Bronze,"No. 64, Jalan B3",Petaling Jaya,Selangor,47800,2025-03-13
33754,Nabila,binti Abdullah,Female,017-6550004,1999-07-09,nabila33754@gmail.com,Gold,"No. 295, Jalan D16",Petaling Jaya,Selangor,46100,2025-03-13
33755,Nur Aina,binti Hamid,Female,017-8746287,1975-09-21,nur33755@gmail.com,Bronze,"No. 54, Jalan C1",Gombak,Selangor,53100,2025-03-13
33756,Danial,bin Ismail,Male,013-5689055,1977-06-21,danial33756@gmail.com,Bronze,"No. 221, Jalan E15",Klang,Selangor,41050,2025-03-13
33757,Haziq,bin Yusof,Male,015-7437618,1993-08-15,haziq33757@gmail.com,Bronze,"No. 163, Jalan A17",Puchong,Selangor,47110,2025-03-13
33758,Aiman,bin Osman,Male,012-1103138,1979-04-08,aiman33758@gmail.com,Bronze,"No. 212, Jalan G14",Selayang,Selangor,68000,2025-03-13
33759,Faizal,bin Ismail,Male,017-4022768,2002-08-20,faizal33759@gmail.com,Bronze,"No. 245, Jalan B4",Selayang,Selangor,68000,2025-03-13
33760,Shalini,a/p Muniandy,Female,016-6599180,1971-04-17,shalini33760@gmail.com,Silver,"No. 47, Jalan D2",Setapak,Federal Territory of Kuala Lumpur,53200,2025-03-13
33761,Meena,a/p Subramaniam,Female,015-6246291,1987-12-21,meena33761@gmail.com,Silver,"No. 57, Jalan A4",Wangsa Maju,Federal Territory of Kuala Lumpur,53100,2025-03-13
33762,Nur Aina,binti Abdullah,Female,014-5295910,2002-06-24,nur33762@gmail.com,Silver,"No. 261, Jalan E5",Gombak,Selangor,53000,2025-03-13
33763,Xin Yi,Tan,Female,014-9846190,1988-04-12,xin33763@gmail.com,Gold,"No. 3, Jalan A13",Ipoh,Perak,30000,2025-03-13
33764,Izzati,binti Hassan,Female,014-6773913,1972-05-09,izzati33764@gmail.com,Silver,"No. 76, Jalan D12",Kuala Lumpur,Federal Territory of Kuala Lumpur,55200,2025-03-13
33765,Irfan,bin Osman,Male,016-4969484,1978-01-24,irfan33765@gmail.com,Gold,"No. 210, Jalan B5",Taiping,Perak,34000,2025-03-13
33766,Rajesh,a/l Rajan,Male,013-2233927,1967-09-28,rajesh33766@gmail.com,Bronze,"No. 10, Jalan A8",Subang Jaya,Selangor,47600,2025-03-13
33767,Hannah,binti Abdullah,Female,015-5307000,1989-03-23,hannah33767@gmail.com,Gold,"No. 234, Jalan C16",Wangsa Maju,Federal Territory of Kuala Lumpur,53100,2025-03-13
33768,Rohani,binti Rahman,Female,013-4380433,2003-08-03,rohani33768@gmail.com,Silver,"No. 97, Jalan A20",Kuala Lumpur,Federal Territory of Kuala Lumpur,50480,2025-03-14
33769,Aisyah,binti Yusof,Female,013-8649357,2002-08-13,aisyah33769@gmail.com,Bronze,"No. 259, Jalan E3",Kuala Lumpur,Federal Territory of Kuala Lumpur,59000,2025-03-14
33770,Fatimah,binti Ismail,Female,011-5944153,1981-06-19,fatimah33770@gmail.com,Silver,"No. 130, Jalan G4",Shah Alam,Selangor,40450,2025-03-14
33771,Yong Sheng,Lim,Male,010-1229672,1980-05-01,yong33771@gmail.com,Bronze,"No. 180, Jalan B17",Sungai Buloh,Selangor,47000,2025-03-14
33772,Nadia,binti Razak,Female,010-7709612,1986-10-18,nadia33772@gmail.com,Bronze,"No. 144, Jalan D2",Sungai Buloh,Selangor,47820,2025-03-14
33773,Lakshmi,a/p Rajan,Female,017-2293500,1979-11-16,lakshmi33773@gmail.com,Bronze,"No. 219, Jalan C4",Petaling Jaya,Selangor,46300,2025-03-14
33774,Yee Ling,Lim,Female,018-3134448,1978-12-30,yee33774@gmail.com,Silver,"No. 235, Jalan A1",Johor Bahru,Johor,81200,2025-03-14
33775,Amirul,bin Ismail,Male,016-7391055,1975-08-29,amirul33775@gmail.com,Gold,"No. 60, Jalan A20",Shah Alam,Selangor,40160,2025-03-14
33776,Daniel,Khoo,Male,015-2179826,1983-01-15,daniel33776@gmail.com,Bronze,"No. 9, Jalan G10",Sungai Buloh,Selangor,47810,2025-03-14
33777,Nadia,binti Yusof,Female,011-3524868,2004-12-27,nadia33777@gmail.com,Silver,"No. 282, Jalan D16",Klang,Selangor,41200,2025-03-14
33778,Zulkifli,bin Hassan,Male,013-4543952,1966-01-28,zulkifli33778@gmail.com,Gold,"No. 61, Jalan C14",Puchong,Selangor,47120,2025-03-14
33779,Anisa,binti Osman,Female,015-5190623,1995-10-19,anisa33779@gmail.com,Silver,"No. 67, Jalan F1",Kuantan,Pahang,26060,2025-03-14
33780,Zhi Wei,Cheah,Male,018-4468434,1995-12-28,zhi33780@gmail.com,Gold,"No. 275, Jalan B4",Setapak,Federal Territory of Kuala Lumpur,53300,2025-03-14
33781,Wei Hong,Sim,Male,018-6800755,1996-01-14,wei33781@gmail.com,Silver,"No. 291, Jalan A17",Wangsa Maju,Federal Territory of Kuala Lumpur,53100,2025-03-14
33782,Arjun,a/l Rajan,Male,012-1127423,1968-04-09,arjun33782@gmail.com,Bronze,"No. 40, Jalan A4",Selayang,Selangor,68000,2025-03-14
33783,Nadia,binti Abdullah,Female,010-8788399,1978-09-26,nadia33783@gmail.com,Bronze,"No. 22, Jalan E1",Wangsa Maju,Federal Territory of Kuala Lumpur,53200,2025-03-14
33784,Zulkifli,bin Osman,Male,010-8557404,1970-05-25,zulkifli33784@gmail.com,Bronze,"No. 46, Jalan D19",Gombak,Selangor,53000,2025-03-14
33785,Hannah,binti Ismail,Female,015-7208379,1966-04-17,hannah33785@gmail.com,Gold,"No. 29, Jalan G8",Subang Jaya,Selangor,47610,2025-03-14
33786,Kavitha,a/p Subramaniam,Female,017-1052026,1973-09-19,kavitha33786@gmail.com,Bronze,"No. 140, Jalan D5",Subang Jaya,Selangor,47650,2025-03-14
33787,Anisa,binti Rahman,Female,015-8310647,1984-09-08,anisa33787@gmail.com,Bronze,"No. 126, Jalan B6",Bukit Jalil,Federal Territory of Kuala Lumpur,57100,2025-03-14
33788,Suhaila,binti Ismail,Female,018-2307653,1973-07-27,suhaila33788@gmail.com,Bronze,"No. 257, Jalan C20",Kuala Lumpur,Federal Territory of Kuala Lumpur,56000,2025-03-15
33789,Emily,Ong,Female,013-8228093,1964-08-23,emily33789@gmail.com,Bronze,"No. 182, Jalan F8",Kuala Lumpur,Federal Territory of Kuala Lumpur,56000,2025-03-15
33790,Aisyah,binti Abdullah,Female,018-4199442,1987-08-01,aisyah33790@gmail.com,Silver,"No. 27, Jalan A8",Kuala Lumpur,Federal Territory of Kuala Lumpur,58000,2025-03-15
33791,Jun Hao,Sim,Male,011-5617278,1979-08-01,jun33791@gmail.com,Silver,"No. 174, Jalan C12",Kuala Lumpur,Federal Territory of Kuala Lumpur,58000,2025-03-15
33792,Anisa,binti Abdullah,Female,018-1211620,1972-07-20,anisa33792@gmail.com,Silver,"No. 242, Jalan F12",Kuala Lumpur,Federal Territory of Kuala Lumpur,59000,2025-03-15
33793,Xin Yi,Khoo,Female,012-2275545,1979-11-10,xin33793@gmail.com,Platinum,"No. 145, Jalan C13",Petaling Jaya,Selangor,47800,2025-03-15
33794,Ling Ling,Yap,Female,015-9119312,1993-08-20,ling33794@gmail.com,Bronze,"No. 3, Jalan C10",Petaling Jaya,Selangor,46200,2025-03-15
33795,Firdaus,bin Yusof,Male,012-7503718,1979-12-12,firdaus33795@gmail.com,Bronze,"No. 55, Jalan F15",Johor Bahru,Johor,81300,2025-03-15
33796,Jasmine,Goh,Female,015-7786500,1980-01-09,jasmine33796@gmail.com,Gold,"No. 284, Jalan C14",Johor Bahru,Johor,80100,2025-03-15
33797,Adam,bin Abdullah,Male,015-8274278,1985-09-29,adam33797@gmail.com,Silver,"No. 150, Jalan A5",Bukit Jalil,Federal Territory of Kuala Lumpur,57100,2025-03-15
33798,Suhaila,binti Zainal,Female,014-4431750,2002-04-16,suhaila33798@gmail.com,Bronze,"No. 66, Jalan F16",George Town,Pulau Pinang,10450,2025-03-15
33799,Firdaus,bin Hamid,Male,014-2192384,1986-02-01,firdaus33799@gmail.com,Platinum,"No. 42, Jalan A13",Shah Alam,Selangor,40000,2025-03-15
33800,Amirul,bin Osman,Male,013-5003754,2000-08-02,amirul33800@gmail.com,Silver,"No. 134, Jalan B3",Shah Alam,Selangor,40150,2025-03-15
33801,Ganesh,a/l Krishnan,Male,017-5453001,1988-11-05,ganesh33801@gmail.com,Bronze,"No. 25, Jalan G7",Klang,Selangor,41300,2025-03-15
33802,Yasmin,binti Ismail,Female,016-8278404,2006-01-16,yasmin33802@gmail.com,Silver,"No. 164, Jalan F6",Klang,Selangor,41000,2025-03-15
33803,Zulkifli,bin Hamid,Male,011-8166254,1965-01-06,zulkifli33803@gmail.com,Bronze,"No. 242, Jalan G17",Klang,Selangor,41300,2025-03-15
33804,Siti,binti Ismail,Female,010-9463117,1972-12-09,siti33804@gmail.com,Bronze,"No. 99, Jalan B19",Klang,Selangor,41250,2025-03-15
33805,Priya,a/p Muniandy,Female,015-1535000,1971-12-02,priya33805@gmail.com,Bronze,"No. 12, Jalan A1",Cyberjaya,Selangor,63100,2025-03-15
33806,Anisa,binti Rahman,Female,014-2478247,1975-02-06,anisa33806@gmail.com,Silver,"No. 290, Jalan B14",Puchong,Selangor,47120,2025-03-15
33807,Zarina,binti Zainal,Female,018-6500883,2001-05-24,zarina33807@gmail.com,Bronze,"No. 249, Jalan B7",Kajang,Selangor,43200,2025-03-15
33808,Hui Min,Chin,Female,013-5126945,1992-06-03,hui33808@gmail.com,Gold,"No. 12, Jalan G15",Selayang,Selangor,68100,2025-03-15
33809,Amelia,binti Abdullah,Female,017-8836278,2000-05-20,amelia33809@gmail.com,Silver,"No. 21, Jalan A4",Setapak,Federal Territory of Kuala Lumpur,53100,2025-03-15
33810,Kavitha,a/p Subramaniam,Female,014-3396768,1976-08-30,kavitha33810@gmail.com,Bronze,"No. 105, Jalan A9",Kuala Lumpur,Federal Territory of Kuala Lumpur,55200,2025-03-15
33811,Yasmin,binti Rahman,Female,017-6403847,1972-02-13,yasmin33811@gmail.com,Bronze,"No. 39, Jalan G10",Wangsa Maju,Federal Territory of Kuala Lumpur,53100,2025-03-15
33812,Alia,binti Osman,Female,014-7786510,1993-11-27,alia33812@gmail.com,Bronze,"No. 6, Jalan A4",Wangsa Maju,Federal Territory of Kuala Lumpur,53200,2025-03-15
33813,Meena,a/p Rajan,Female,014-5476867,1982-12-13,meena33813@gmail.com,Bronze,"No. 223, Jalan F4",Ampang,Selangor,68000,2025-03-15
33814,Zulkifli,bin Razak,Male,017-9954842,2005-11-09,zulkifli33814@gmail.com,Bronze,"No. 189, Jalan D19",Puchong,Selangor,47160,2025-03-15
33815,Vikram,a/l Krishnan,Male,015-9392943,2001-01-22,vikram33815@gmail.com,Silver,"No. 199, Jalan F10",Gombak,Selangor,68100,2025-03-15
33816,Pei Shan,Ng,Female,017-3488786,1975-04-03,pei33816@gmail.com,Bronze,"No. 149, Jalan E2",Ipoh,Perak,30200,2025-03-15
33817,Divya,a/p Muniandy,Female,019-2139272,1995-01-10,divya33817@gmail.com,Silver,"No. 209, Jalan B15",Selayang,Selangor,68100,2025-03-15
33818,Firdaus,bin Zainal,Male,019-1692264,1985-04-06,firdaus33818@gmail.com,Silver,"No. 78, Jalan C14",Nilai,Negeri Sembilan,71760,2025-03-15
33819,Farah,binti Yusof,Female,010-5320076,2001-04-04,farah33819@gmail.com,Silver,"No. 65, Jalan A11",Seremban,Negeri Sembilan,70300,2025-03-15
33820,Shu Fen,Lee,Female,015-9297912,1971-10-10,shu33820@gmail.com,Gold,"No. 73, Jalan A19",Kuala Lumpur,Federal Territory of Kuala Lumpur,56000,2025-03-16
33821,Kai Xin,Khoo,Female,011-4549106,1985-10-08,kai33821@gmail.com,Bronze,"No. 268, Jalan D14",Kuala Lumpur,Federal Territory of Kuala Lumpur,58000,2025-03-16
33822,Wan Ying,Liew,Female,019-4580135,1974-05-03,wan33822@gmail.com,Bronze,"No. 15, Jalan C15",Kuala Lumpur,Federal Territory of Kuala Lumpur,59000,2025-03-16
33823,Syafiq,bin Zainal,Male,011-2292806,1985-05-30,syafiq33823@gmail.com,Silver,"No. 212, Jalan E16",Kuala Lumpur,Federal Territory of Kuala Lumpur,55200,2025-03-16
33824,Syafiq,bin Razak,Male,010-8200748,1965-10-17,syafiq33824@gmail.com,Silver,"No. 195, Jalan B6",Klang,Selangor,41200,2025-03-16
33825,Balqis,binti Ismail,Female,011-2967947,2003-08-01,balqis33825@gmail.com,Bronze,"No. 2, Jalan G9",Petaling Jaya,Selangor,47800,2025-03-16
33826,Syafiq,bin Hassan,Male,012-3649122,1987-12-29,syafiq33826@gmail.com,Bronze,"No. 296, Jalan B12",Johor Bahru,Johor,80100,2025-03-16
33827,Suresh,a/l Rajan,Male,017-9929513,2006-03-07,suresh33827@gmail.com,Platinum,"No. 15, Jalan E17",Johor Bahru,Johor,81100,2025-03-16
33828,Amirul,bin Yusof,Male,010-4285170,1999-03-03,amirul33828@gmail.com,Silver,"No. 102, Jalan F7",Johor Bahru,Johor,80300,2025-03-16
33829,Priya,a/p Maniam,Female,014-8037009,1994-08-14,priya33829@gmail.com,Silver,"No. 52, Jalan C17",Gombak,Selangor,53100,2025-03-16
33830,Izzati,binti Razak,Female,011-4833873,1986-03-15,izzati33830@gmail.com,Bronze,"No. 300, Jalan E13",George Town,Pulau Pinang,10400,2025-03-16
33831,Vikram,a/l Krishnan,Male,011-1789589,1972-04-15,vikram33831@gmail.com,Gold,"No. 192, Jalan F8",Melaka,Melaka,75300,2025-03-16
33832,Priya,a/p Rajan,Female,015-7066640,1967-05-05,priya33832@gmail.com,Bronze,"No. 209, Jalan C2",Alor Gajah,Melaka,78000,2025-03-16
33833,Irfan,bin Osman,Male,019-3595444,1996-05-12,irfan33833@gmail.com,Bronze,"No. 60, Jalan E7",Puchong,Selangor,47190,2025-03-16
33834,Wei Jie,Foo,Male,011-5888581,1991-02-22,wei33834@gmail.com,Gold,"No. 240, Jalan B4",Kajang,Selangor,43200,2025-03-16
33835,Syafiq,bin Yusof,Male,013-8867167,1975-08-01,syafiq33835@gmail.com,Bronze,"No. 107, Jalan F16",George Town,Pulau Pinang,10100,2025-03-16
33836,Aina,binti Hamid,Female,015-5690935,1972-12-22,aina33836@gmail.com,Bronze,"No. 265, Jalan D7",Selayang,Selangor,68100,2025-03-16
33837,Yasmin,binti Yusof,Female,011-8630740,1975-10-25,yasmin33837@gmail.com,Gold,"No. 86, Jalan D4",Setapak,Federal Territory of Kuala Lumpur,53000,2025-03-16
33838,Adam,bin Zainal,Male,011-6395926,1977-06-16,adam33838@gmail.com,Bronze,"No. 142, Jalan E8",Bukit Jalil,Federal Territory of Kuala Lumpur,57000,2025-03-16
33839,Rachel,Yap,Female,017-3242855,1966-10-14,rachel33839@gmail.com,Bronze,"No. 7, Jalan C16",Subang Jaya,Selangor,47620,2025-03-16
33840,Chong Wei,Chua,Male,018-7322298,1991-01-06,chong33840@gmail.com,Silver,"No. 157, Jalan C8",Subang Jaya,Selangor,47600,2025-03-16
33841,Sharmila,a/p Rajan,Female,010-5037963,1970-10-27,sharmila33841@gmail.com,Bronze,"No. 145, Jalan D13",Seremban,Negeri Sembilan,70200,2025-03-16
33842,Farah,binti Hassan,Female,018-3853839,2000-02-03,farah33842@gmail.com,Bronze,"No. 23, Jalan E9",Selayang,Selangor,68000,2025-03-16
33843,Rajesh,a/l Subramaniam,Male,013-2351945,1992-11-05,rajesh33843@gmail.com,Gold,"No. 146, Jalan F8",Kuantan,Pahang,25150,2025-03-16
33844,Amirul,bin Razak,Male,017-8519611,2005-12-06,amirul33844@gmail.com,Silver,"No. 218, Jalan B8",Subang Jaya,Selangor,47620,2025-03-16
33845,Chloe,Chan,Female,013-6223129,1974-03-14,chloe33845@gmail.com,Gold,"No. 77, Jalan C3",Subang Jaya,Selangor,47620,2025-03-16
33846,Danial,bin Razak,Male,014-1419693,1982-02-01,danial33846@gmail.com,Bronze,"No. 91, Jalan B19",Subang Jaya,Selangor,47650,2025-03-16
33847,Fatimah,binti Rahman,Female,019-3389865,1975-07-25,fatimah33847@gmail.com,Silver,"No. 247, Jalan E8",Subang Jaya,Selangor,47610,2025-03-16
33848,Kok Wai,Wong,Male,014-3151262,1972-08-04,kok33848@gmail.com,Bronze,"No. 274, Jalan B17",Kuala Lumpur,Federal Territory of Kuala Lumpur,58000,2025-03-17
33849,Aina,binti Rahman,Female,018-7176331,1981-06-03,aina33849@gmail.com,Silver,"No. 75, Jalan E8",Kuala Lumpur,Federal Territory of Kuala Lumpur,55200,2025-03-17
33850,Nur Aina,binti Ismail,Female,017-9981527,1974-10-13,nur33850@gmail.com,Silver,"No. 28, Jalan C10",Sungai Buloh,Selangor,47810,2025-03-17
33851,Xin Yi,Chua,Female,014-9800293,1971-12-31,xin33851@gmail.com,Bronze,"No. 59, Jalan B11",Sungai Buloh,Selangor,47000,2025-03-17
33852,Kok Wai,Sim,Male,014-9992998,1974-10-30,kok33852@gmail.com,Bronze,"No. 120, Jalan D19",Johor Bahru,Johor,80000,2025-03-17
33853,Kevin,Ong,Male,014-5982336,1985-07-09,kevin33853@gmail.com,Bronze,"No. 243, Jalan D7",George Town,Pulau Pinang,10450,2025-03-17
33854,Rohani,binti Ismail,Female,012-8684570,1987-11-09,rohani33854@gmail.com,Bronze,"No. 231, Jalan C7",Shah Alam,Selangor,40300,2025-03-17
33855,Pei Shan,Goh,Female,019-9777284,1985-04-07,pei33855@gmail.com,Bronze,"No. 164, Jalan F14",Sungai Buloh,Selangor,47000,2025-03-17
33856,Fatimah,binti Hamid,Female,018-7803255,1977-08-01,fatimah33856@gmail.com,Bronze,"No. 276, Jalan C16",Selayang,Selangor,68000,2025-03-17
33857,Aina,binti Ahmad,Female,017-2308992,1969-03-03,aina33857@gmail.com,Bronze,"No. 170, Jalan D17",Selayang,Selangor,68100,2025-03-17
33858,Nurul Huda,binti Hassan,Female,017-5960947,2000-11-13,nurul33858@gmail.com,Silver,"No. 236, Jalan E1",Setapak,Federal Territory of Kuala Lumpur,53000,2025-03-17
33859,Firdaus,bin Yusof,Male,014-9880223,1968-01-01,firdaus33859@gmail.com,Silver,"No. 282, Jalan G11",Wangsa Maju,Federal Territory of Kuala Lumpur,53300,2025-03-17
33860,Chong Wei,Foo,Male,019-9063753,1997-05-19,chong33860@gmail.com,Bronze,"No. 82, Jalan F18",Gombak,Selangor,68100,2025-03-17
33861,Fatimah,binti Hassan,Female,011-9340473,1965-01-17,fatimah33861@gmail.com,Silver,"No. 230, Jalan F19",Bukit Jalil,Federal Territory of Kuala Lumpur,57100,2025-03-17
33862,Zheng Yang,Chin,Male,014-9584725,1989-11-30,zheng33862@gmail.com,Bronze,"No. 58, Jalan E10",Subang Jaya,Selangor,47500,2025-03-18
33863,Firdaus,bin Ismail,Male,013-1743058,1967-08-17,firdaus33863@gmail.com,Gold,"No. 102, Jalan F13",Kuala Lumpur,Federal Territory of Kuala Lumpur,59000,2025-03-18
33864,Lakshmi,a/p Ramasamy,Female,010-5616521,1996-01-17,lakshmi33864@gmail.com,Silver,"No. 185, Jalan F8",Kuala Lumpur,Federal Territory of Kuala Lumpur,55200,2025-03-18
33865,Haziq,bin Abdullah,Male,016-9351435,1981-05-13,haziq33865@gmail.com,Silver,"No. 137, Jalan B7",Sungai Buloh,Selangor,47820,2025-03-18
33866,Sharmila,a/p Ramasamy,Female,010-4252746,1972-08-11,sharmila33866@gmail.com,Silver,"No. 252, Jalan C11",Kulai,Johor,81030,2025-03-18
33867,Shu Fen,Chin,Female,016-2193231,1982-07-07,shu33867@gmail.com,Bronze,"No. 7, Jalan E1",Selayang,Selangor,68100,2025-03-18
33868,Syafiq,bin Razak,Male,017-9287544,1986-07-30,syafiq33868@gmail.com,Gold,"No. 270, Jalan G19",Shah Alam,Selangor,40100,2025-03-18
33869,Chloe,Goh,Female,015-5451574,1974-08-21,chloe33869@gmail.com,Bronze,"No. 69, Jalan A6",Ipoh,Perak,31400,2025-03-18
33870,Anisa,binti Hamid,Female,013-9336838,1966-05-25,anisa33870@gmail.com,Gold,"No. 46, Jalan G16",Subang Jaya,Selangor,47650,2025-03-18
33871,Anjali,a/p Krishnan,Female,019-8184034,1974-05-19,anjali33871@gmail.com,Silver,"No. 206, Jalan D18",Petaling Jaya,Selangor,47301,2025-03-18
33872,Nabila,binti Abdullah,Female,014-3344079,1964-03-04,nabila33872@gmail.com,Bronze,"No. 5, Jalan A13",Subang Jaya,Selangor,47650,2025-03-18
33873,Fatimah,binti Abdullah,Female,015-9744467,1970-11-04,fatimah33873@gmail.com,Bronze,"No. 48, Jalan G15",Wangsa Maju,Federal Territory of Kuala Lumpur,53100,2025-03-19
33874,Firdaus,bin Yusof,Male,013-7438370,2002-02-06,firdaus33874@gmail.com,Silver,"No. 155, Jalan C20",Kuala Lumpur,Federal Territory of Kuala Lumpur,55200,2025-03-19
33875,Farah,binti Zainal,Female,016-1884746,2000-05-08,farah33875@gmail.com,Bronze,"No. 135, Jalan C10",Kuala Lumpur,Federal Territory of Kuala Lumpur,50000,2025-03-19
33876,Divya,a/p Muniandy,Female,013-1620736,1965-01-16,divya33876@gmail.com,Bronze,"No. 158, Jalan F6",Bukit Jalil,Federal Territory of Kuala Lumpur,58200,2025-03-19
33877,Siti,binti Zainal,Female,013-7077415,1968-01-20,siti33877@gmail.com,Gold,"No. 47, Jalan E10",Petaling Jaya,Selangor,47400,2025-03-19
33878,Aisyah,binti Ahmad,Female,016-9341219,1998-03-28,aisyah33878@gmail.com,Bronze,"No. 185, Jalan E15",Petaling Jaya,Selangor,46050,2025-03-19
33879,Alia,binti Zainal,Female,014-2650882,1968-10-20,alia33879@gmail.com,Bronze,"No. 29, Jalan G11",Klang,Selangor,42100,2025-03-19
33880,Nur Aina,binti Hamid,Female,014-9099772,1993-05-25,nur33880@gmail.com,Platinum,"No. 132, Jalan E6",Shah Alam,Selangor,40150,2025-03-19
33881,Nabila,binti Zainal,Female,015-9708555,1979-07-04,nabila33881@gmail.com,Gold,"No. 23, Jalan F4",Johor Bahru,Johor,81200,2025-03-19
33882,Li Wen,Teoh,Female,018-2078234,1996-10-27,li33882@gmail.com,Bronze,"No. 256, Jalan C13",Johor Bahru,Johor,80200,2025-03-19
33883,Aisyah,binti Abdullah,Female,014-1746860,1995-10-11,aisyah33883@gmail.com,Bronze,"No. 275, Jalan C9",Johor Bahru,Johor,81300,2025-03-19
33884,Syafiq,bin Yusof,Male,017-8200853,1998-09-20,syafiq33884@gmail.com,Silver,"No. 266, Jalan E9",George Town,Pulau Pinang,10350,2025-03-19
33885,Syafiq,bin Rahman,Male,016-3950383,1998-12-20,syafiq33885@gmail.com,Gold,"No. 35, Jalan A15",Melaka,Melaka,75200,2025-03-19
33886,Xin Yi,Yap,Female,013-6124712,1965-07-14,xin33886@gmail.com,Bronze,"No. 43, Jalan F6",Sungai Buloh,Selangor,47810,2025-03-19
33887,Firdaus,bin Abdullah,Male,018-3345300,1992-08-27,firdaus33887@gmail.com,Silver,"No. 296, Jalan B3",Klang,Selangor,41100,2025-03-19
33888,Ling Ling,Tan,Female,014-1563023,2000-05-06,ling33888@gmail.com,Silver,"No. 125, Jalan C9",Klang,Selangor,41000,2025-03-19
33889,Rohani,binti Ahmad,Female,019-8641741,1994-08-10,rohani33889@gmail.com,Silver,"No. 191, Jalan F7",Sungai Buloh,Selangor,47810,2025-03-19
33890,Hannah,binti Yusof,Female,019-1948128,1967-12-11,hannah33890@gmail.com,Silver,"No. 217, Jalan F13",Selayang,Selangor,68000,2025-03-19
33891,Faizal,bin Ahmad,Male,010-4216049,1980-03-08,faizal33891@gmail.com,Silver,"No. 286, Jalan D4",Puchong,Selangor,47170,2025-03-19
33892,Shalini,a/p Ramasamy,Female,015-4375130,1999-03-04,shalini33892@gmail.com,Bronze,"No. 164, Jalan D17",Setapak,Federal Territory of Kuala Lumpur,53200,2025-03-19
33893,Suhaila,binti Abdullah,Female,012-6395266,2005-07-01,suhaila33893@gmail.com,Gold,"No. 32, Jalan C15",Kuala Lumpur,Federal Territory of Kuala Lumpur,59200,2025-03-19
33894,Vanessa,Liew,Female,017-6811448,1995-02-18,vanessa33894@gmail.com,Bronze,"No. 93, Jalan A5",Wangsa Maju,Federal Territory of Kuala Lumpur,53200,2025-03-19
33895,Zulkifli,bin Ismail,Male,014-4051222,1976-02-22,zulkifli33895@gmail.com,Bronze,"No. 11, Jalan E11",Gombak,Selangor,53100,2025-03-19
33896,Zheng Yang,Yap,Male,018-5801263,1995-04-08,zheng33896@gmail.com,Silver,"No. 270, Jalan G7",Ipoh,Perak,30350,2025-03-19
33897,Jia Yi,Chong,Female,014-2729436,2000-10-01,jia33897@gmail.com,Bronze,"No. 70, Jalan G13",Klang,Selangor,41000,2025-03-19
33898,Haziq,bin Abdullah,Male,019-3928652,1998-11-26,haziq33898@gmail.com,Gold,"No. 107, Jalan G20",Kuantan,Pahang,25200,2025-03-19
33899,Alia,binti Osman,Female,019-3274776,1973-04-05,alia33899@gmail.com,Gold,"No. 111, Jalan F7",Bukit Jalil,Federal Territory of Kuala Lumpur,57000,2025-03-19
33900,Shalini,a/p Subramaniam,Female,017-4079465,1996-05-27,shalini33900@gmail.com,Bronze,"No. 156, Jalan C13",Kepong,Federal Territory of Kuala Lumpur,52000,2025-03-20
33901,Izzati,binti Hamid,Female,018-6854659,1976-12-24,izzati33901@gmail.com,Silver,"No. 180, Jalan C13",Selayang,Selangor,68000,2025-03-20
33902,Nurin,binti Razak,Female,017-1035176,1981-11-30,nurin33902@gmail.com,Platinum,"No. 250, Jalan A13",Sungai Buloh,Selangor,47820,2025-03-20
33903,Nadia,binti Hassan,Female,013-8687454,1965-12-11,nadia33903@gmail.com,Bronze,"No. 171, Jalan C16",Sungai Buloh,Selangor,47820,2025-03-20
33904,Ravi,a/l Rajan,Male,012-6376222,1973-01-04,ravi33904@gmail.com,Silver,"No. 216, Jalan G4",Sungai Buloh,Selangor,47810,2025-03-20
33905,Anjali,a/p Subramaniam,Female,017-2392159,1978-09-23,anjali33905@gmail.com,Bronze,"No. 63, Jalan E2",Kulai,Johor,81000,2025-03-20
33906,Firdaus,bin Abdullah,Male,016-1371748,1997-10-19,firdaus33906@gmail.com,Bronze,"No. 267, Jalan G16",Johor Bahru,Johor,80300,2025-03-20
33907,Syafiq,bin Hassan,Male,013-2307729,1987-03-19,syafiq33907@gmail.com,Silver,"No. 227, Jalan D14",George Town,Pulau Pinang,10150,2025-03-20
33908,Nabila,binti Hassan,Female,013-1716846,2005-05-02,nabila33908@gmail.com,Bronze,"No. 9, Jalan G12",George Town,Pulau Pinang,10300,2025-03-20
33909,Emily,Chan,Female,014-9089142,1997-01-09,emily33909@gmail.com,Bronze,"No. 171, Jalan G9",Melaka,Melaka,75350,2025-03-20
33910,Ling Ling,Foo,Female,018-8711491,1995-04-14,ling33910@gmail.com,Bronze,"No. 282, Jalan B17",Sungai Buloh,Selangor,47810,2025-03-20
33911,Suresh,a/l Muniandy,Male,017-7357383,2001-05-05,suresh33911@gmail.com,Platinum,"No. 4, Jalan C17",Gombak,Selangor,53100,2025-03-20
33912,Thivya,a/p Krishnan,Female,012-4277737,2001-02-22,thivya33912@gmail.com,Bronze,"No. 133, Jalan B20",Subang Jaya,Selangor,47610,2025-03-20
33913,Faizal,bin Osman,Male,010-5672852,2001-02-22,faizal33913@gmail.com,Bronze,"No. 26, Jalan C10",Puchong,Selangor,47120,2025-03-20
33914,Lakshmi,a/p Ramasamy,Female,011-2611424,1969-09-28,lakshmi33914@gmail.com,Silver,"No. 243, Jalan G4",Kuantan,Pahang,25150,2025-03-20
33915,Balqis,binti Hamid,Female,011-3919642,2004-04-21,balqis33915@gmail.com,Bronze,"No. 242, Jalan F11",Kuantan,Pahang,26060,2025-03-20
33916,Aina,binti Zainal,Female,011-9498869,1996-07-07,aina33916@gmail.com,Bronze,"No. 247, Jalan C14",Selayang,Selangor,68000,2025-03-20
33917,Faizal,bin Rahman,Male,013-1984928,1973-05-25,faizal33917@gmail.com,Bronze,"No. 114, Jalan C10",Bukit Jalil,Federal Territory of Kuala Lumpur,57100,2025-03-20
33918,Aisyah,binti Zainal,Female,011-6570301,1985-08-28,aisyah33918@gmail.com,Bronze,"No. 31, Jalan E7",Bukit Jalil,Federal Territory of Kuala Lumpur,57000,2025-03-20
33919,Chloe,Tan,Female,017-6128720,1991-08-24,chloe33919@gmail.com,Bronze,"No. 247, Jalan D13",Petaling Jaya,Selangor,47300,2025-03-21
33920,Aisyah,binti Rahman,Female,012-7490762,1976-03-30,aisyah33920@gmail.com,Gold,"No. 4, Jalan B19",George Town,Pulau Pinang,10250,2025-03-21
33921,Wei Jie,Tan,Male,017-2750712,1990-07-03,wei33921@gmail.com,Silver,"No. 206, Jalan E6",Butterworth,Pulau Pinang,12200,2025-03-21
33922,Irfan,bin Ismail,Male,019-9096720,1978-07-09,irfan33922@gmail.com,Silver,"No. 297, Jalan G14",Selayang,Selangor,68000,2025-03-21
33923,Aiman,bin Yusof,Male,013-8501428,1984-04-17,aiman33923@gmail.com,Bronze,"No. 27, Jalan F12",Sungai Buloh,Selangor,47000,2025-03-21
33924,Kavitha,a/p Subramaniam,Female,011-3434711,1978-11-29,kavitha33924@gmail.com,Bronze,"No. 67, Jalan F17",Puchong,Selangor,47190,2025-03-21
33925,Zulkifli,bin Razak,Male,015-8015888,1992-03-07,zulkifli33925@gmail.com,Silver,"No. 146, Jalan C15",Selayang,Selangor,68100,2025-03-21
33926,Emily,Wong,Female,018-9541301,1972-08-28,emily33926@gmail.com,Silver,"No. 111, Jalan D11",Gombak,Selangor,53100,2025-03-21
33927,Zheng Yang,Chin,Male,015-9438591,1987-11-25,zheng33927@gmail.com,Gold,"No. 26, Jalan C18",Subang Jaya,Selangor,47500,2025-03-21
33928,Pei Shan,Chua,Female,014-6055089,1966-07-03,pei33928@gmail.com,Bronze,"No. 282, Jalan G11",Bukit Jalil,Federal Territory of Kuala Lumpur,58200,2025-03-21
33929,Pei Shan,Foo,Female,013-7990354,1971-03-15,pei33929@gmail.com,Platinum,"No. 187, Jalan E4",Bukit Jalil,Federal Territory of Kuala Lumpur,57000,2025-03-22
33930,Yong Sheng,Lim,Male,017-6653148,1999-09-14,yong33930@gmail.com,Bronze,"No. 30, Jalan D18",Petaling Jaya,Selangor,46300,2025-03-22
33931,Nurin,binti Yusof,Female,019-1558242,1977-07-19,nurin33931@gmail.com,Bronze,"No. 229, Jalan C7",Gombak,Selangor,53100,2025-03-22
33932,Aina,binti Ismail,Female,010-5485106,1997-11-30,aina33932@gmail.com,Bronze,"No. 273, Jalan B8",Johor Bahru,Johor,81300,2025-03-22
33933,Yasmin,binti Abdullah,Female,015-9011879,2003-06-19,yasmin33933@gmail.com,Bronze,"No. 234, Jalan B17",Johor Bahru,Johor,80000,2025-03-22
33934,Faizal,bin Ismail,Male,016-4362782,2002-03-19,faizal33934@gmail.com,Silver,"No. 129, Jalan G11",Selayang,Selangor,68100,2025-03-22
33935,Farah,binti Rahman,Female,013-5230564,1975-08-02,farah33935@gmail.com,Gold,"No. 166, Jalan C8",Sungai Buloh,Selangor,47820,2025-03-22
33936,Jia Yi,Ng,Female,016-9373663,1995-03-23,jia33936@gmail.com,Gold,"No. 215, Jalan C14",Puchong,Selangor,47120,2025-03-22
33937,Hafiz,bin Rahman,Male,017-6979209,1977-09-25,hafiz33937@gmail.com,Bronze,"No. 293, Jalan D13",Shah Alam,Selangor,40000,2025-03-22
33938,Kok Wai,Chua,Male,010-1733180,1974-12-25,kok33938@gmail.com,Silver,"No. 167, Jalan E14",Setapak,Federal Territory of Kuala Lumpur,53100,2025-03-22
33939,Kavitha,a/p Maniam,Female,016-7105040,2007-01-04,kavitha33939@gmail.com,Bronze,"No. 82, Jalan C10",Setapak,Federal Territory of Kuala Lumpur,53100,2025-03-22
33940,Firdaus,bin Hamid,Male,012-4975778,1995-02-24,firdaus33940@gmail.com,Bronze,"No. 117, Jalan F6",Wangsa Maju,Federal Territory of Kuala Lumpur,53200,2025-03-22
33941,Aisyah,binti Razak,Female,018-7008879,2004-10-17,aisyah33941@gmail.com,Bronze,"No. 258, Jalan G17",Ipoh,Perak,31400,2025-03-22
33942,Aisyah,binti Rahman,Female,012-7694513,1973-05-23,aisyah33942@gmail.com,Bronze,"No. 252, Jalan G4",Seremban,Negeri Sembilan,70000,2025-03-22
33943,Nurin,binti Abdullah,Female,018-2667279,1976-08-21,nurin33943@gmail.com,Bronze,"No. 138, Jalan A11",Kuantan,Pahang,25150,2025-03-22
33944,Nurin,binti Rahman,Female,012-7317169,1991-06-21,nurin33944@gmail.com,Bronze,"No. 60, Jalan C14",Kuantan,Pahang,25300,2025-03-22
33945,Siti,binti Razak,Female,018-1689867,1982-02-06,siti33945@gmail.com,Bronze,"No. 183, Jalan C8",Kajang,Selangor,43300,2025-03-22
33946,Siti,binti Osman,Female,017-8541364,1975-09-27,siti33946@gmail.com,Bronze,"No. 284, Jalan A3",Kuala Lumpur,Federal Territory of Kuala Lumpur,50450,2025-03-23
33947,Yee Ling,Chan,Female,017-3562964,1996-09-28,yee33947@gmail.com,Bronze,"No. 277, Jalan F12",Puchong,Selangor,47120,2025-03-23
33948,Kumar,a/l Maniam,Male,013-5494900,1996-08-10,kumar33948@gmail.com,Gold,"No. 112, Jalan G19",Petaling Jaya,Selangor,47800,2025-03-23
33949,Suhaila,binti Abdullah,Female,012-3950325,1976-04-10,suhaila33949@gmail.com,Bronze,"No. 91, Jalan C17",George Town,Pulau Pinang,10450,2025-03-23
33950,Siti,binti Ahmad,Female,016-2943382,2005-02-27,siti33950@gmail.com,Platinum,"No. 199, Jalan D11",George Town,Pulau Pinang,10100,2025-03-23
33951,Kok Wai,Goh,Male,011-2012214,1988-09-02,kok33951@gmail.com,Bronze,"No. 163, Jalan D9",Butterworth,Pulau Pinang,12000,2025-03-23
33952,Kavitha,a/p Rajan,Female,012-9684387,1998-01-23,kavitha33952@gmail.com,Bronze,"No. 182, Jalan G11",Kuala Lumpur,Federal Territory of Kuala Lumpur,58000,2025-03-23
33953,Yong Sheng,Lee,Male,013-6477992,1986-11-18,yong33953@gmail.com,Silver,"No. 95, Jalan C8",Rawang,Selangor,48020,2025-03-23
33954,Haziq,bin Ismail,Male,011-5561228,1998-04-29,haziq33954@gmail.com,Bronze,"No. 122, Jalan A14",Setapak,Federal Territory of Kuala Lumpur,53100,2025-03-23
33955,Nabila,binti Osman,Female,019-8632487,1980-09-09,nabila33955@gmail.com,Silver,"No. 43, Jalan G14",Gombak,Selangor,68100,2025-03-23
33956,Suhaila,binti Zainal,Female,016-5614044,1992-05-14,suhaila33956@gmail.com,Silver,"No. 143, Jalan C3",Ipoh,Perak,30100,2025-03-23
33957,Grace,Cheah,Female,011-1458666,2006-11-08,grace33957@gmail.com,Bronze,"No. 138, Jalan G11",Temerloh,Pahang,28400,2025-03-23
33958,Kai Xin,Liew,Female,019-7828806,1978-11-01,kai33958@gmail.com,Silver,"No. 169, Jalan F16",Subang Jaya,Selangor,47500,2025-03-23
33959,Aina,binti Rahman,Female,010-1593206,1995-12-17,aina33959@gmail.com,Bronze,"No. 124, Jalan F19",Setapak,Federal Territory of Kuala Lumpur,53300,2025-03-23
33960,Meena,a/p Krishnan,Female,012-8908649,1983-01-22,meena33960@gmail.com,Bronze,"No. 83, Jalan E10",Bukit Jalil,Federal Territory of Kuala Lumpur,57100,2025-03-23
33961,Chong Wei,Chin,Male,017-4100960,1980-06-09,chong33961@gmail.com,Bronze,"No. 39, Jalan B13",Bukit Jalil,Federal Territory of Kuala Lumpur,57000,2025-03-23
33962,Irfan,bin Zainal,Male,018-4581928,1971-10-17,irfan33962@gmail.com,Silver,"No. 268, Jalan B14",Sungai Buloh,Selangor,47000,2025-03-24
33963,Kumar,a/l Maniam,Male,014-8450822,1975-02-25,kumar33963@gmail.com,Bronze,"No. 298, Jalan E19",Shah Alam,Selangor,40400,2025-03-24
33964,Zheng Yang,Sim,Male,014-5159367,2003-03-25,zheng33964@gmail.com,Gold,"No. 181, Jalan B13",Kulai,Johor,81000,2025-03-24
33965,Haziq,bin Ahmad,Male,015-5550256,1995-02-27,haziq33965@gmail.com,Bronze,"No. 297, Jalan B6",Johor Bahru,Johor,80200,2025-03-24
33966,Amelia,binti Ismail,Female,019-4971316,1977-12-25,amelia33966@gmail.com,Silver,"No. 194, Jalan C18",Melaka,Melaka,75200,2025-03-24
33967,Balqis,binti Abdullah,Female,019-8727941,1998-09-22,balqis33967@gmail.com,Silver,"No. 53, Jalan D4",Rawang,Selangor,48020,2025-03-24
33968,Hafiz,bin Yusof,Male,013-3610844,1975-08-04,hafiz33968@gmail.com,Gold,"No. 75, Jalan A14",Kuantan,Pahang,25250,2025-03-24
33969,Izzati,binti Ahmad,Female,017-3550958,1997-10-26,izzati33969@gmail.com,Silver,"No. 166, Jalan G7",Kuala Lumpur,Federal Territory of Kuala Lumpur,56000,2025-03-25
33970,Pei Shan,Liew,Female,014-9650811,1999-08-01,pei33970@gmail.com,Silver,"No. 295, Jalan D18",Klang,Selangor,41300,2025-03-25
33971,Thivya,a/p Maniam,Female,018-1611913,1974-02-21,thivya33971@gmail.com,Silver,"No. 253, Jalan C16",Petaling Jaya,Selangor,46050,2025-03-25
33972,Zarina,binti Razak,Female,016-7732776,2003-04-24,zarina33972@gmail.com,Bronze,"No. 139, Jalan E11",Petaling Jaya,Selangor,46050,2025-03-25
33973,Haziq,bin Abdullah,Male,014-1479172,1992-12-07,haziq33973@gmail.com,Bronze,"No. 124, Jalan A3",Kulai,Johor,81000,2025-03-25
33974,Aiman,bin Ismail,Male,016-1595314,1997-09-21,aiman33974@gmail.com,Bronze,"No. 282, Jalan B16",Johor Bahru,Johor,81300,2025-03-25
33975,Faizal,bin Osman,Male,019-9790451,1985-04-20,faizal33975@gmail.com,Platinum,"No. 227, Jalan F8",Kuala Lumpur,Federal Territory of Kuala Lumpur,55100,2025-03-25
33976,Shu Fen,Chin,Female,011-5694471,1965-09-25,shu33976@gmail.com,Bronze,"No. 128, Jalan B5",George Town,Pulau Pinang,10350,2025-03-25
33977,Aisyah,binti Hassan,Female,017-4549574,1999-08-10,aisyah33977@gmail.com,Bronze,"No. 171, Jalan C19",George Town,Pulau Pinang,10400,2025-03-25
33978,Wei Hong,Ng,Male,019-3945687,2006-07-20,wei33978@gmail.com,Bronze,"No. 169, Jalan E15",George Town,Pulau Pinang,10450,2025-03-25
33979,Aisyah,binti Ahmad,Female,011-4813416,1993-05-08,aisyah33979@gmail.com,Silver,"No. 34, Jalan E19",Puchong,Selangor,47160,2025-03-25
33980,Shalini,a/p Ramasamy,Female,010-7429465,1965-07-20,shalini33980@gmail.com,Bronze,"No. 115, Jalan B11",Shah Alam,Selangor,40100,2025-03-25
33981,Siti,binti Zainal,Female,012-8589333,1978-10-26,siti33981@gmail.com,Silver,"No. 113, Jalan B3",Wangsa Maju,Federal Territory of Kuala Lumpur,53300,2025-03-25
33982,Jia Yi,Cheah,Female,019-2089625,1997-05-26,jia33982@gmail.com,Bronze,"No. 173, Jalan D8",Gombak,Selangor,53000,2025-03-25
33983,Aisyah,binti Razak,Female,016-1475300,1989-09-05,aisyah33983@gmail.com,Bronze,"No. 20, Jalan A13",Shah Alam,Selangor,40160,2025-03-25
33984,Chloe,Tan,Female,012-3668312,1979-10-14,chloe33984@gmail.com,Bronze,"No. 52, Jalan E15",Seremban,Negeri Sembilan,70000,2025-03-25
33985,Nadia,binti Ismail,Female,011-9974754,2003-11-04,nadia33985@gmail.com,Bronze,"No. 259, Jalan A14",Bukit Jalil,Federal Territory of Kuala Lumpur,57100,2025-03-25
33986,Emily,Yap,Female,012-4657870,1973-06-02,emily33986@gmail.com,Silver,"No. 68, Jalan F8",Bukit Jalil,Federal Territory of Kuala Lumpur,57000,2025-03-25
33987,Xin Yi,Teoh,Female,011-4061929,1964-06-06,xin33987@gmail.com,Silver,"No. 74, Jalan B12",Kuala Lumpur,Federal Territory of Kuala Lumpur,59200,2025-03-26
33988,Li Wen,Loh,Female,014-8604142,1983-03-26,li33988@gmail.com,Bronze,"No. 252, Jalan A10",Kuala Lumpur,Federal Territory of Kuala Lumpur,59200,2025-03-26
33989,Rohani,binti Razak,Female,012-1113362,1987-06-25,rohani33989@gmail.com,Platinum,"No. 41, Jalan B14",Wangsa Maju,Federal Territory of Kuala Lumpur,53200,2025-03-26
33990,Nabila,binti Zainal,Female,011-4648501,1994-06-16,nabila33990@gmail.com,Silver,"No. 104, Jalan C20",Sungai Buloh,Selangor,47820,2025-03-26
33991,Kumar,a/l Maniam,Male,017-5834921,1983-07-24,kumar33991@gmail.com,Bronze,"No. 56, Jalan G12",Kulai,Johor,81000,2025-03-26
33992,Chloe,Lee,Female,012-2331429,1993-09-15,chloe33992@gmail.com,Bronze,"No. 280, Jalan C17",Kuala Lumpur,Federal Territory of Kuala Lumpur,58000,2025-03-26
33993,Yasmin,binti Zainal,Female,014-3941997,1986-04-24,yasmin33993@gmail.com,Bronze,"No. 159, Jalan D10",Seremban,Negeri Sembilan,70400,2025-03-26
33994,Chong Wei,Chong,Male,015-3685206,1996-10-13,chong33994@gmail.com,Bronze,"No. 225, Jalan E10",Shah Alam,Selangor,40160,2025-03-26
33995,Priya,a/p Rajan,Female,015-5030451,1990-12-17,priya33995@gmail.com,Gold,"No. 211, Jalan B13",Shah Alam,Selangor,40400,2025-03-26
33996,Irfan,bin Osman,Male,012-4601654,1996-09-13,irfan33996@gmail.com,Bronze,"No. 259, Jalan F12",Subang Jaya,Selangor,47650,2025-03-26
33997,Nur Aina,binti Ahmad,Female,015-7203136,1991-12-12,nur33997@gmail.com,Gold,"No. 231, Jalan C14",Wangsa Maju,Federal Territory of Kuala Lumpur,53200,2025-03-26
33998,Adam,bin Hamid,Male,019-1963247,1979-02-28,adam33998@gmail.com,Silver,"No. 98, Jalan F17",Setapak,Federal Territory of Kuala Lumpur,53100,2025-03-26
33999,Vanessa,Sim,Female,016-5345733,1966-05-31,vanessa33999@gmail.com,Bronze,"No. 207, Jalan F19",Setapak,Federal Territory of Kuala Lumpur,53300,2025-03-26
34000,Kavitha,a/p Rajan,Female,019-4946604,1974-01-11,kavitha34000@gmail.com,Silver,"No. 182, Jalan B3",Wangsa Maju,Federal Territory of Kuala Lumpur,53100,2025-03-26
34001,Farah,binti Zainal,Female,014-1661179,1976-10-21,farah34001@gmail.com,Bronze,"No. 111, Jalan C15",Gombak,Selangor,68100,2025-03-26
34002,Anjali,a/p Krishnan,Female,019-2997094,1966-05-23,anjali34002@gmail.com,Bronze,"No. 286, Jalan B15",Ipoh,Perak,30000,2025-03-26
34003,Amelia,binti Hamid,Female,013-5361232,2006-10-04,amelia34003@gmail.com,Bronze,"No. 286, Jalan B18",Subang Jaya,Selangor,47600,2025-03-26
34004,Aiman,bin Abdullah,Male,015-3962588,1971-07-08,aiman34004@gmail.com,Silver,"No. 267, Jalan E10",Sungai Buloh,Selangor,47820,2025-03-27
34005,Rajesh,a/l Rajan,Male,010-8314213,1976-09-03,rajesh34005@gmail.com,Bronze,"No. 121, Jalan B19",Johor Bahru,Johor,80300,2025-03-27
34006,Arjun,a/l Maniam,Male,019-4817153,1970-10-28,arjun34006@gmail.com,Bronze,"No. 271, Jalan F12",Bukit Jalil,Federal Territory of Kuala Lumpur,57000,2025-03-27
34007,Vanessa,Foo,Female,019-2173292,1980-11-11,vanessa34007@gmail.com,Bronze,"No. 121, Jalan D1",Melaka,Melaka,75050,2025-03-27
34008,Aisyah,binti Yusof,Female,011-2508819,1988-06-08,aisyah34008@gmail.com,Bronze,"No. 300, Jalan E13",Shah Alam,Selangor,40460,2025-03-27
34009,Ling Ling,Ng,Female,012-9528212,1975-07-22,ling34009@gmail.com,Bronze,"No. 11, Jalan A13",Shah Alam,Selangor,40100,2025-03-27
34010,Xin Yi,Foo,Female,015-4938359,2007-02-25,xin34010@gmail.com,Bronze,"No. 268, Jalan D13",Shah Alam,Selangor,40460,2025-03-27
34011,Aisyah,binti Razak,Female,019-5560692,1972-02-29,aisyah34011@gmail.com,Platinum,"No. 6, Jalan C7",Cyberjaya,Selangor,63100,2025-03-27
34012,Wan Ying,Sim,Female,012-4144586,1996-05-08,wan34012@gmail.com,Silver,"No. 217, Jalan G11",George Town,Pulau Pinang,10100,2025-03-27
34013,Fatimah,binti Yusof,Female,015-4232564,1984-05-07,fatimah34013@gmail.com,Bronze,"No. 18, Jalan A8",Wangsa Maju,Federal Territory of Kuala Lumpur,53200,2025-03-27
34014,Kai Xin,Wong,Female,012-5302644,2003-08-22,kai34014@gmail.com,Bronze,"No. 230, Jalan E13",Selayang,Selangor,68100,2025-03-27
34015,Xin Yi,Chan,Female,017-5733237,1978-09-11,xin34015@gmail.com,Silver,"No. 194, Jalan D18",Klang,Selangor,41250,2025-03-27
34016,Hafiz,bin Hassan,Male,017-6335231,2001-09-30,hafiz34016@gmail.com,Bronze,"No. 21, Jalan A15",Gombak,Selangor,53100,2025-03-27
34017,Anisa,binti Zainal,Female,016-6500240,1999-05-02,anisa34017@gmail.com,Gold,"No. 211, Jalan C11",Gombak,Selangor,68100,2025-03-27
34018,Michelle,Chin,Female,019-7639201,2000-11-17,michelle34018@gmail.com,Silver,"No. 154, Jalan A17",Kuala Lumpur,Federal Territory of Kuala Lumpur,59000,2025-03-28
34019,Shu Fen,Wong,Female,013-9077522,1997-12-14,shu34019@gmail.com,Bronze,"No. 112, Jalan A3",Bukit Jalil,Federal Territory of Kuala Lumpur,58200,2025-03-28
34020,Ganesh,a/l Rajan,Male,017-7213920,1981-09-22,ganesh34020@gmail.com,Gold,"No. 54, Jalan D17",Kepong,Federal Territory of Kuala Lumpur,52100,2025-03-28
34021,Sharmila,a/p Krishnan,Female,019-9693588,1996-02-20,sharmila34021@gmail.com,Bronze,"No. 191, Jalan A11",Johor Bahru,Johor,80000,2025-03-28
34022,Wei Hong,Lee,Male,014-1254739,1981-03-14,wei34022@gmail.com,Silver,"No. 101, Jalan C18",Johor Bahru,Johor,80000,2025-03-28
34023,Priya,a/p Krishnan,Female,011-7166212,1970-11-14,priya34023@gmail.com,Bronze,"No. 20, Jalan G8",Shah Alam,Selangor,40200,2025-03-28
34024,Syafiq,bin Hamid,Male,017-4299684,1972-06-25,syafiq34024@gmail.com,Silver,"No. 190, Jalan G16",Sungai Buloh,Selangor,47000,2025-03-28
34025,Rohani,binti Hassan,Female,017-2283215,2000-06-19,rohani34025@gmail.com,Bronze,"No. 96, Jalan C20",Sungai Buloh,Selangor,47810,2025-03-28
34026,Rohani,binti Ismail,Female,013-3806689,1976-03-13,rohani34026@gmail.com,Silver,"No. 263, Jalan E20",Klang,Selangor,41050,2025-03-28
34027,Rachel,Cheah,Female,011-1845054,1991-03-07,rachel34027@gmail.com,Bronze,"No. 270, Jalan C11",Kajang,Selangor,43000,2025-03-28
34028,Kevin,Sim,Male,014-2950679,1974-07-24,kevin34028@gmail.com,Silver,"No. 231, Jalan C8",Setapak,Federal Territory of Kuala Lumpur,53100,2025-03-28
34029,Irfan,bin Abdullah,Male,011-1608101,2001-05-21,irfan34029@gmail.com,Gold,"No. 148, Jalan C12",Rawang,Selangor,48000,2025-03-28
34030,Izzati,binti Hassan,Female,016-4222598,1966-02-20,izzati34030@gmail.com,Silver,"No. 224, Jalan B20",Gombak,Selangor,53000,2025-03-28
34031,Suhaila,binti Ismail,Female,016-9251032,1972-02-07,suhaila34031@gmail.com,Bronze,"No. 231, Jalan A18",Ipoh,Perak,30200,2025-03-28
34032,Zarina,binti Hamid,Female,019-8617762,1998-08-31,zarina34032@gmail.com,Silver,"No. 53, Jalan B20",Selayang,Selangor,68000,2025-03-28
34033,Wei Hong,Goh,Male,014-1959867,2002-01-01,wei34033@gmail.com,Bronze,"No. 253, Jalan F13",Seremban,Negeri Sembilan,70450,2025-03-28
34034,Zulkifli,bin Ahmad,Male,015-9493060,1979-02-02,zulkifli34034@gmail.com,Bronze,"No. 300, Jalan C17",Kuantan,Pahang,25250,2025-03-28
34035,Michelle,Sim,Female,013-4889610,1981-03-25,michelle34035@gmail.com,Bronze,"No. 47, Jalan D5",Subang Jaya,Selangor,47630,2025-03-28
34036,Daniel,Goh,Male,013-7387013,2004-04-27,daniel34036@gmail.com,Gold,"No. 24, Jalan A7",Kuala Lumpur,Federal Territory of Kuala Lumpur,59000,2025-03-29
34037,Anjali,a/p Maniam,Female,010-6389816,2003-02-18,anjali34037@gmail.com,Silver,"No. 215, Jalan C6",Setapak,Federal Territory of Kuala Lumpur,53100,2025-03-29
34038,Irfan,bin Abdullah,Male,017-3651109,1977-01-14,irfan34038@gmail.com,Bronze,"No. 15, Jalan E13",Petaling Jaya,Selangor,47810,2025-03-29
34039,Jian Ming,Cheah,Male,018-8582815,1965-11-14,jian34039@gmail.com,Bronze,"No. 116, Jalan E4",Sungai Buloh,Selangor,47000,2025-03-29
34040,Hannah,binti Ismail,Female,010-2085249,1991-10-06,hannah34040@gmail.com,Silver,"No. 33, Jalan B2",Petaling Jaya,Selangor,46050,2025-03-29
34041,Chong Wei,Yap,Male,019-3928802,1984-07-17,chong34041@gmail.com,Bronze,"No. 146, Jalan A9",Kulai,Johor,81030,2025-03-29
34042,Kok Wai,Wong,Male,014-5887665,2005-12-27,kok34042@gmail.com,Bronze,"No. 104, Jalan E3",Seremban,Negeri Sembilan,70200,2025-03-29
34043,Syafiq,bin Zainal,Male,013-3350441,1998-09-20,syafiq34043@gmail.com,Bronze,"No. 138, Jalan G14",Klang,Selangor,41100,2025-03-29
34044,Jia Yi,Lim,Female,010-1614488,2006-08-25,jia34044@gmail.com,Bronze,"No. 32, Jalan E9",Klang,Selangor,41200,2025-03-29
34045,Amirul,bin Rahman,Male,016-1646445,2003-07-18,amirul34045@gmail.com,Bronze,"No. 295, Jalan A13",Klang,Selangor,41300,2025-03-29
34046,Vikram,a/l Maniam,Male,018-5277821,2004-06-26,vikram34046@gmail.com,Bronze,"No. 280, Jalan D15",Gombak,Selangor,53000,2025-03-29
34047,Amirul,bin Hassan,Male,014-4575563,1975-01-10,amirul34047@gmail.com,Gold,"No. 108, Jalan A12",Selayang,Selangor,68000,2025-03-29
34048,Hannah,binti Abdullah,Female,017-4228832,2006-04-15,hannah34048@gmail.com,Bronze,"No. 246, Jalan C14",Petaling Jaya,Selangor,47301,2025-03-29
34049,Hafiz,bin Ismail,Male,017-1818550,1978-12-20,hafiz34049@gmail.com,Silver,"No. 128, Jalan G16",Shah Alam,Selangor,40400,2025-03-29
34050,Wei Hong,Chan,Male,010-7516583,1991-06-15,wei34050@gmail.com,Gold,"No. 104, Jalan B7",Ipoh,Perak,30000,2025-03-29
34051,Michelle,Foo,Female,019-4705508,2005-04-16,michelle34051@gmail.com,Bronze,"No. 9, Jalan E5",Subang Jaya,Selangor,47500,2025-03-29
34052,Irfan,bin Ismail,Male,011-4890933,1970-11-15,irfan34052@gmail.com,Silver,"No. 239, Jalan E20",Kuala Lumpur,Federal Territory of Kuala Lumpur,55200,2025-03-29
34053,Nurin,binti Ismail,Female,018-1443120,2002-10-03,nurin34053@gmail.com,Bronze,"No. 246, Jalan A18",Bukit Jalil,Federal Territory of Kuala Lumpur,58200,2025-03-29
34054,Zhi Wei,Chin,Male,019-4002523,1972-08-10,zhi34054@gmail.com,Bronze,"No. 193, Jalan G2",Kuala Lumpur,Federal Territory of Kuala Lumpur,55200,2025-03-30
34055,Zulkifli,bin Yusof,Male,013-5260302,1999-02-20,zulkifli34055@gmail.com,Bronze,"No. 219, Jalan A5",Kuala Lumpur,Federal Territory of Kuala Lumpur,58000,2025-03-30
34056,Yee Ling,Chan,Female,018-4554431,2000-02-09,yee34056@gmail.com,Bronze,"No. 148, Jalan F1",Kuala Lumpur,Federal Territory of Kuala Lumpur,59000,2025-03-30
34057,Balqis,binti Hassan,Female,018-4470640,1982-09-26,balqis34057@gmail.com,Bronze,"No. 89, Jalan B8",Setapak,Federal Territory of Kuala Lumpur,53100,2025-03-30
34058,Yasmin,binti Osman,Female,019-8502176,1981-10-12,yasmin34058@gmail.com,Bronze,"No. 236, Jalan F3",Kuala Lumpur,Federal Territory of Kuala Lumpur,56000,2025-03-30
34059,Nurin,binti Hassan,Female,010-1461526,1975-09-29,nurin34059@gmail.com,Bronze,"No. 185, Jalan C2",Petaling Jaya,Selangor,47810,2025-03-30
34060,Firdaus,bin Hassan,Male,017-9930262,1972-04-25,firdaus34060@gmail.com,Silver,"No. 276, Jalan E15",Johor Bahru,Johor,80350,2025-03-30
34061,Wei Jie,Foo,Male,011-4046452,1982-06-18,wei34061@gmail.com,Platinum,"No. 97, Jalan C4",Johor Bahru,Johor,81200,2025-03-30
34062,Jun Hao,Khoo,Male,014-8207985,2006-02-09,jun34062@gmail.com,Bronze,"No. 66, Jalan B11",Melaka,Melaka,75250,2025-03-30
34063,Amirul,bin Abdullah,Male,012-4159369,1974-09-16,amirul34063@gmail.com,Bronze,"No. 218, Jalan D11",Sungai Buloh,Selangor,47810,2025-03-30
34064,Jun Hao,Chan,Male,013-4401060,1988-04-26,jun34064@gmail.com,Silver,"No. 118, Jalan A9",Klang,Selangor,41200,2025-03-30
34065,Suhaila,binti Abdullah,Female,011-6857362,1969-12-23,suhaila34065@gmail.com,Bronze,"No. 33, Jalan D16",Puchong,Selangor,47130,2025-03-30
34066,Vanessa,Yeoh,Female,012-7364878,1986-02-24,vanessa34066@gmail.com,Bronze,"No. 100, Jalan B9",Cyberjaya,Selangor,63000,2025-03-30
34067,Anisa,binti Yusof,Female,013-3393151,1968-05-21,anisa34067@gmail.com,Silver,"No. 209, Jalan C20",Puchong,Selangor,47170,2025-03-30
34068,Prakash,a/l Krishnan,Male,010-3169213,1979-09-10,prakash34068@gmail.com,Bronze,"No. 93, Jalan B10",Puchong,Selangor,47100,2025-03-30
34069,Ganesh,a/l Subramaniam,Male,015-4094005,1980-02-28,ganesh34069@gmail.com,Gold,"No. 123, Jalan C5",Kajang,Selangor,43100,2025-03-30
34070,Ling Ling,Sim,Female,014-5083654,1981-02-23,ling34070@gmail.com,Bronze,"No. 71, Jalan C6",Selayang,Selangor,68000,2025-03-30
34071,Haziq,bin Hassan,Male,013-3016486,1975-04-23,haziq34071@gmail.com,Bronze,"No. 65, Jalan G12",Setapak,Federal Territory of Kuala Lumpur,53100,2025-03-30
34072,Balqis,binti Osman,Female,013-4129546,1986-09-24,balqis34072@gmail.com,Gold,"No. 283, Jalan F13",Setapak,Federal Territory of Kuala Lumpur,53000,2025-03-30
34073,Jia Yi,Ong,Female,013-3514116,1982-06-13,jia34073@gmail.com,Silver,"No. 17, Jalan C4",Wangsa Maju,Federal Territory of Kuala Lumpur,53200,2025-03-30
34074,Kok Wai,Chin,Male,014-9961948,2005-12-26,kok34074@gmail.com,Bronze,"No. 270, Jalan B8",Ipoh,Perak,30350,2025-03-30
34075,Vikram,a/l Rajan,Male,018-8600719,1970-03-14,vikram34075@gmail.com,Platinum,"No. 186, Jalan E8",Seremban,Negeri Sembilan,70200,2025-03-30
34076,Nabila,binti Yusof,Female,013-5896515,1964-08-25,nabila34076@gmail.com,Silver,"No. 130, Jalan C10",Setapak,Federal Territory of Kuala Lumpur,53000,2025-03-30
34077,Mei Ling,Liew,Female,018-3680531,2000-04-03,mei34077@gmail.com,Bronze,"No. 67, Jalan C10",Kuantan,Pahang,25200,2025-03-30
34078,Balqis,binti Osman,Female,012-9697197,1966-05-15,balqis34078@gmail.com,Silver,"No. 269, Jalan D10",Subang Jaya,Selangor,47600,2025-03-30
34079,Divya,a/p Subramaniam,Female,019-3472075,1980-01-09,divya34079@gmail.com,Bronze,"No. 110, Jalan A10",Bukit Jalil,Federal Territory of Kuala Lumpur,57000,2025-03-30
34080,Hafiz,bin Ahmad,Male,019-1063894,1976-08-31,hafiz34080@gmail.com,Bronze,"No. 21, Jalan B1",Bukit Jalil,Federal Territory of Kuala Lumpur,58200,2025-03-30
34081,Shalini,a/p Muniandy,Female,012-4901089,2006-12-03,shalini34081@gmail.com,Bronze,"No. 125, Jalan D12",Petaling Jaya,Selangor,46100,2025-03-31
34082,Zarina,binti Zainal,Female,018-6125504,1995-10-11,zarina34082@gmail.com,Silver,"No. 49, Jalan F2",Petaling Jaya,Selangor,46300,2025-03-31
34083,Danial,bin Zainal,Male,019-1070261,2001-01-06,danial34083@gmail.com,Bronze,"No. 235, Jalan A8",George Town,Pulau Pinang,10300,2025-03-31
34084,Yong Sheng,Foo,Male,013-1971078,2004-08-11,yong34084@gmail.com,Gold,"No. 283, Jalan F19",George Town,Pulau Pinang,10100,2025-03-31
34085,Rachel,Tan,Female,014-7754835,1998-04-19,rachel34085@gmail.com,Platinum,"No. 128, Jalan D13",George Town,Pulau Pinang,10400,2025-03-31
34086,Thivya,a/p Krishnan,Female,010-1484514,1976-10-25,thivya34086@gmail.com,Silver,"No. 95, Jalan A10",Shah Alam,Selangor,40170,2025-03-31
34087,Aina,binti Yusof,Female,016-5057943,1977-11-13,aina34087@gmail.com,Bronze,"No. 65, Jalan B19",Shah Alam,Selangor,40300,2025-03-31
34088,Zulkifli,bin Abdullah,Male,011-9908800,1984-10-24,zulkifli34088@gmail.com,Bronze,"No. 124, Jalan B10",Shah Alam,Selangor,40150,2025-03-31
34089,Nabila,binti Razak,Female,013-5724466,1979-08-21,nabila34089@gmail.com,Bronze,"No. 169, Jalan F20",Kuala Lumpur,Federal Territory of Kuala Lumpur,50450,2025-03-31
34090,Zhi Wei,Loh,Male,011-7369670,1973-05-07,zhi34090@gmail.com,Bronze,"No. 226, Jalan D11",Klang,Selangor,41050,2025-03-31
34091,Sze Min,Yeoh,Female,012-6628059,2002-02-23,sze34091@gmail.com,Bronze,"No. 116, Jalan F1",Subang Jaya,Selangor,47650,2025-03-31
34092,Nur Aina,binti Zainal,Female,011-3690899,1979-07-31,nur34092@gmail.com,Bronze,"No. 135, Jalan G18",Ipoh,Perak,30000,2025-03-31
34093,Vanessa,Chan,Female,013-9723824,2001-12-09,vanessa34093@gmail.com,Bronze,"No. 166, Jalan B17",Bukit Jalil,Federal Territory of Kuala Lumpur,57100,2025-03-31
34094,Aisyah,binti Hamid,Female,019-1911735,1999-01-10,aisyah34094@gmail.com,Bronze,"No. 49, Jalan G5",Selayang,Selangor,68000,2025-03-31
34095,Kumar,a/l Maniam,Male,014-1831260,1985-10-29,kumar34095@gmail.com,Bronze,"No. 97, Jalan C3",Bukit Jalil,Federal Territory of Kuala Lumpur,57000,2025-03-31
34096,Zhi Wei,Chua,Male,013-6480414,1985-06-15,zhi34096@gmail.com,Silver,"No. 120, Jalan D14",Bukit Jalil,Federal Territory of Kuala Lumpur,57000,2025-03-31
34097,Danial,bin Hassan,Male,017-7017543,1987-05-27,danial34097@gmail.com,Bronze,"No. 165, Jalan B7",Petaling Jaya,Selangor,46100,2025-04-01
34098,Izzati,binti Rahman,Female,016-4229998,1969-07-28,izzati34098@gmail.com,Bronze,"No. 78, Jalan C18",Gombak,Selangor,53100,2025-04-01
34099,Rohani,binti Hassan,Female,014-4308665,2003-03-23,rohani34099@gmail.com,Bronze,"No. 300, Jalan C10",Johor Bahru,Johor,80350,2025-04-01
34100,Arjun,a/l Maniam,Male,019-2173029,1970-05-08,arjun34100@gmail.com,Silver,"No. 45, Jalan D12",Butterworth,Pulau Pinang,12000,2025-04-01
34101,Amelia,binti Ahmad,Female,013-7154638,1997-02-04,amelia34101@gmail.com,Bronze,"No. 264, Jalan F1",Melaka,Melaka,75300,2025-04-01
34102,Adam,bin Zainal,Male,015-6215021,2003-07-12,adam34102@gmail.com,Bronze,"No. 72, Jalan G14",Puchong,Selangor,47130,2025-04-01
34103,Izzati,binti Ismail,Female,017-1868636,1965-12-03,izzati34103@gmail.com,Bronze,"No. 42, Jalan C16",Sungai Buloh,Selangor,47820,2025-04-01
34104,Firdaus,bin Zainal,Male,013-1424115,2003-07-29,firdaus34104@gmail.com,Silver,"No. 33, Jalan G11",George Town,Pulau Pinang,10050,2025-04-01
34105,Daniel,Chan,Male,010-4141862,1989-05-13,daniel34105@gmail.com,Bronze,"No. 283, Jalan C19",Subang Jaya,Selangor,47630,2025-04-01
34106,Anisa,binti Razak,Female,013-6831350,1977-09-13,anisa34106@gmail.com,Bronze,"No. 287, Jalan G3",Bukit Jalil,Federal Territory of Kuala Lumpur,58200,2025-04-01
34107,Xin Yi,Loh,Female,018-8420083,1984-09-15,xin34107@gmail.com,Bronze,"No. 84, Jalan B3",Bukit Jalil,Federal Territory of Kuala Lumpur,57100,2025-04-01
34108,Adam,bin Razak,Male,019-7315986,1970-01-10,adam34108@gmail.com,Bronze,"No. 181, Jalan D14",Bukit Jalil,Federal Territory of Kuala Lumpur,57000,2025-04-01
34109,Pei Shan,Chong,Female,012-5734935,2001-12-26,pei34109@gmail.com,Bronze,"No. 105, Jalan B10",Kuala Lumpur,Federal Territory of Kuala Lumpur,59000,2025-04-02
34110,Izzati,binti Yusof,Female,011-6193539,1968-02-06,izzati34110@gmail.com,Bronze,"No. 80, Jalan C6",Petaling Jaya,Selangor,47400,2025-04-02
34111,Daniel,Teoh,Male,014-2884736,1970-06-14,daniel34111@gmail.com,Gold,"No. 194, Jalan G19",Petaling Jaya,Selangor,46100,2025-04-02
34112,Grace,Chua,Female,015-4488670,1974-06-11,grace34112@gmail.com,Bronze,"No. 63, Jalan F9",Petaling Jaya,Selangor,46000,2025-04-02
34113,Izzati,binti Ismail,Female,011-2321955,1987-08-02,izzati34113@gmail.com,Bronze,"No. 146, Jalan F13",Johor Bahru,Johor,81100,2025-04-02
34114,Thivya,a/p Subramaniam,Female,012-6357964,1972-02-16,thivya34114@gmail.com,Bronze,"No. 54, Jalan F5",Johor Bahru,Johor,80200,2025-04-02
34115,Balqis,binti Ahmad,Female,014-5127536,1988-02-04,balqis34115@gmail.com,Bronze,"No. 190, Jalan G10",Shah Alam,Selangor,40170,2025-04-02
34116,Grace,Khoo,Female,012-1080986,1993-05-08,grace34116@gmail.com,Gold,"No. 1, Jalan G17",Subang Jaya,Selangor,47650,2025-04-02
34117,Alia,binti Zainal,Female,013-6588329,1993-11-17,alia34117@gmail.com,Bronze,"No. 216, Jalan B1",Puchong,Selangor,47170,2025-04-02
34118,Syafiq,bin Osman,Male,017-3841493,1969-09-29,syafiq34118@gmail.com,Gold,"No. 241, Jalan D19",Puchong,Selangor,47140,2025-04-02
34119,Irfan,bin Osman,Male,016-3650359,1969-12-23,irfan34119@gmail.com,Gold,"No. 268, Jalan C13",Puchong,Selangor,47180,2025-04-02
34120,Faizal,bin Ahmad,Male,014-4766657,1992-03-11,faizal34120@gmail.com,Platinum,"No. 3, Jalan A6",Kepong,Federal Territory of Kuala Lumpur,52100,2025-04-02
34121,Faizal,bin Hassan,Male,015-1604111,1984-11-01,faizal34121@gmail.com,Bronze,"No. 3, Jalan A12",Setapak,Federal Territory of Kuala Lumpur,53300,2025-04-02
34122,Yee Ling,Yap,Female,016-7600888,1984-12-28,yee34122@gmail.com,Bronze,"No. 259, Jalan B20",Wangsa Maju,Federal Territory of Kuala Lumpur,53300,2025-04-02
34123,Pei Shan,Chin,Female,011-8688318,1966-03-11,pei34123@gmail.com,Bronze,"No. 27, Jalan B12",Johor Bahru,Johor,80100,2025-04-02
34124,Fatimah,binti Abdullah,Female,018-9227371,1974-06-17,fatimah34124@gmail.com,Bronze,"No. 273, Jalan D17",Ipoh,Perak,30200,2025-04-02
34125,Michelle,Loh,Female,010-7125406,2000-07-27,michelle34125@gmail.com,Silver,"No. 27, Jalan F1",Selayang,Selangor,68100,2025-04-02
34126,Jian Ming,Cheah,Male,016-7090723,1991-04-13,jian34126@gmail.com,Bronze,"No. 160, Jalan A6",Temerloh,Pahang,28000,2025-04-02
34127,Emily,Tan,Female,013-5233508,1985-12-26,emily34127@gmail.com,Bronze,"No. 78, Jalan F7",Wangsa Maju,Federal Territory of Kuala Lumpur,53300,2025-04-03
34128,Danial,bin Rahman,Male,015-6457550,1967-06-11,danial34128@gmail.com,Bronze,"No. 270, Jalan B1",Kuala Lumpur,Federal Territory of Kuala Lumpur,58000,2025-04-03
34129,Mei Ling,Goh,Female,016-2812313,1983-03-02,mei34129@gmail.com,Silver,"No. 159, Jalan B19",Melaka,Melaka,75350,2025-04-03
34130,Fatimah,binti Osman,Female,012-8089331,1990-12-01,fatimah34130@gmail.com,Bronze,"No. 169, Jalan F14",Sungai Buloh,Selangor,47000,2025-04-03
34131,Hui Min,Tan,Female,019-4996560,1981-06-08,hui34131@gmail.com,Bronze,"No. 185, Jalan F19",Shah Alam,Selangor,40400,2025-04-03
34132,Zheng Yang,Foo,Male,016-7298525,1965-12-25,zheng34132@gmail.com,Bronze,"No. 280, Jalan E3",Sungai Buloh,Selangor,47820,2025-04-03
34133,Zarina,binti Razak,Female,010-2596996,1965-07-16,zarina34133@gmail.com,Bronze,"No. 84, Jalan C7",Sungai Buloh,Selangor,47810,2025-04-03
34134,Amelia,binti Yusof,Female,016-9525591,1977-03-21,amelia34134@gmail.com,Silver,"No. 226, Jalan F4",Puchong,Selangor,47170,2025-04-03
34135,Shu Fen,Yeoh,Female,013-3935988,1999-10-14,shu34135@gmail.com,Gold,"No. 35, Jalan C11",Setapak,Federal Territory of Kuala Lumpur,53000,2025-04-03
34136,Hannah,binti Yusof,Female,019-4259420,1969-08-26,hannah34136@gmail.com,Bronze,"No. 90, Jalan D17",Wangsa Maju,Federal Territory of Kuala Lumpur,53300,2025-04-03
34137,Firdaus,bin Ahmad,Male,012-6119561,1993-11-30,firdaus34137@gmail.com,Gold,"No. 29, Jalan E18",Puchong,Selangor,47120,2025-04-03
34138,Shu Fen,Khoo,Female,012-2645740,1975-06-18,shu34138@gmail.com,Bronze,"No. 40, Jalan A3",Klang,Selangor,41000,2025-04-03
34139,Hannah,binti Ismail,Female,016-8250456,1971-02-22,hannah34139@gmail.com,Bronze,"No. 273, Jalan C14",Seremban,Negeri Sembilan,70200,2025-04-03
34140,Wan Ying,Chong,Female,017-9120205,1995-03-25,wan34140@gmail.com,Silver,"No. 155, Jalan C11",Wangsa Maju,Federal Territory of Kuala Lumpur,53300,2025-04-03
34141,Yee Ling,Lim,Female,017-7029522,1983-09-23,yee34141@gmail.com,Bronze,"No. 290, Jalan C5",Subang Jaya,Selangor,47650,2025-04-03
34142,Xin Yi,Sim,Female,014-1135619,1990-05-02,xin34142@gmail.com,Silver,"No. 33, Jalan F6",Subang Jaya,Selangor,47500,2025-04-03
34143,Nurin,binti Ahmad,Female,015-6922383,1992-10-05,nurin34143@gmail.com,Silver,"No. 69, Jalan A17",Kuala Lumpur,Federal Territory of Kuala Lumpur,59000,2025-04-04
34144,Anisa,binti Hassan,Female,018-9622757,1990-06-09,anisa34144@gmail.com,Silver,"No. 96, Jalan A6",Petaling Jaya,Selangor,46000,2025-04-04
34145,Danial,bin Yusof,Male,012-8815070,1970-10-30,danial34145@gmail.com,Silver,"No. 187, Jalan D1",Kulai,Johor,81030,2025-04-04
34146,Balqis,binti Hassan,Female,011-6702781,2006-01-13,balqis34146@gmail.com,Bronze,"No. 227, Jalan B4",George Town,Pulau Pinang,10000,2025-04-04
34147,Daniel,Foo,Male,013-4653389,2006-02-28,daniel34147@gmail.com,Silver,"No. 228, Jalan B16",George Town,Pulau Pinang,10050,2025-04-04
34148,Aisyah,binti Osman,Female,013-3278673,1983-12-31,aisyah34148@gmail.com,Gold,"No. 33, Jalan G12",Kuantan,Pahang,25200,2025-04-04
34149,Li Wen,Khoo,Female,016-9454322,1998-10-12,li34149@gmail.com,Bronze,"No. 75, Jalan F11",Shah Alam,Selangor,40400,2025-04-04
34150,Wan Ying,Liew,Female,013-5811336,2001-04-21,wan34150@gmail.com,Bronze,"No. 186, Jalan C10",Klang,Selangor,41250,2025-04-04
34151,Hafiz,bin Abdullah,Male,014-7734641,1981-01-28,hafiz34151@gmail.com,Silver,"No. 205, Jalan F18",Setapak,Federal Territory of Kuala Lumpur,53200,2025-04-04
34152,Haziq,bin Osman,Male,017-5086118,1979-10-04,haziq34152@gmail.com,Silver,"No. 82, Jalan G7",Selayang,Selangor,68100,2025-04-04
34153,Pei Shan,Chua,Female,013-3793406,1980-06-09,pei34153@gmail.com,Bronze,"No. 131, Jalan E2",Selayang,Selangor,68100,2025-04-04
34154,Nabila,binti Osman,Female,013-3735542,1965-09-24,nabila34154@gmail.com,Bronze,"No. 283, Jalan D18",Setapak,Federal Territory of Kuala Lumpur,53000,2025-04-04
34155,Danial,bin Yusof,Male,016-1907533,1974-03-11,danial34155@gmail.com,Bronze,"No. 251, Jalan D20",Setapak,Federal Territory of Kuala Lumpur,53300,2025-04-04
34156,Deepa,a/p Muniandy,Female,013-8559484,1969-07-02,deepa34156@gmail.com,Gold,"No. 192, Jalan B5",Gombak,Selangor,53000,2025-04-04
34157,Firdaus,bin Razak,Male,018-8451993,1967-07-09,firdaus34157@gmail.com,Silver,"No. 271, Jalan G17",Gombak,Selangor,53100,2025-04-04
34158,Daniel,Teoh,Male,011-5784236,1966-11-08,daniel34158@gmail.com,Silver,"No. 284, Jalan C16",Gombak,Selangor,53100,2025-04-04
34159,Nadia,binti Hassan,Female,011-5480832,1988-01-30,nadia34159@gmail.com,Silver,"No. 97, Jalan C3",Wangsa Maju,Federal Territory of Kuala Lumpur,53100,2025-04-04
34160,Fatimah,binti Razak,Female,015-8288287,1994-11-25,fatimah34160@gmail.com,Bronze,"No. 279, Jalan C9",Ipoh,Perak,30100,2025-04-04
34161,Grace,Wong,Female,014-5640146,1988-10-07,grace34161@gmail.com,Platinum,"No. 279, Jalan F11",Subang Jaya,Selangor,47630,2025-04-04
34162,Suhaila,binti Hamid,Female,016-2210315,1977-05-22,suhaila34162@gmail.com,Bronze,"No. 264, Jalan B9",Kajang,Selangor,43200,2025-04-04
34163,Anjali,a/p Muniandy,Female,018-1106987,1977-12-24,anjali34163@gmail.com,Bronze,"No. 243, Jalan A6",Setapak,Federal Territory of Kuala Lumpur,53100,2025-04-04
34164,Rohani,binti Hamid,Female,011-7839454,1995-01-10,rohani34164@gmail.com,Gold,"No. 296, Jalan A4",Kuala Lumpur,Federal Territory of Kuala Lumpur,57000,2025-04-05
34165,Nurin,binti Abdullah,Female,018-4456902,1986-11-28,nurin34165@gmail.com,Silver,"No. 91, Jalan F19",Petaling Jaya,Selangor,47400,2025-04-05
34166,Izzati,binti Abdullah,Female,017-4372818,1966-10-27,izzati34166@gmail.com,Silver,"No. 146, Jalan D19",Sungai Buloh,Selangor,47820,2025-04-05
34167,Prakash,a/l Rajan,Male,019-9600425,1969-02-18,prakash34167@gmail.com,Bronze,"No. 74, Jalan E10",Petaling Jaya,Selangor,46000,2025-04-05
34168,Nurin,binti Yusof,Female,015-4638082,1996-05-19,nurin34168@gmail.com,Bronze,"No. 62, Jalan E20",Melaka,Melaka,75250,2025-04-05
34169,Adam,bin Ismail,Male,016-5434030,2001-04-30,adam34169@gmail.com,Silver,"No. 166, Jalan E17",Melaka,Melaka,75300,2025-04-05
34170,Izzati,binti Ismail,Female,016-3896236,1998-06-02,izzati34170@gmail.com,Bronze,"No. 99, Jalan D7",Melaka,Melaka,75350,2025-04-05
34171,Jasmine,Chong,Female,016-9928380,1978-07-16,jasmine34171@gmail.com,Silver,"No. 124, Jalan D3",Puchong,Selangor,47190,2025-04-05
34172,Kok Wai,Lim,Male,012-8748094,1983-06-23,kok34172@gmail.com,Silver,"No. 60, Jalan G2",Setapak,Federal Territory of Kuala Lumpur,53100,2025-04-05
34173,Anisa,binti Hamid,Female,015-5121976,1981-06-27,anisa34173@gmail.com,Bronze,"No. 68, Jalan D18",Wangsa Maju,Federal Territory of Kuala Lumpur,53100,2025-04-05
34174,Nurin,binti Hassan,Female,010-3679239,1978-01-19,nurin34174@gmail.com,Bronze,"No. 261, Jalan E15",Wangsa Maju,Federal Territory of Kuala Lumpur,53200,2025-04-05
34175,Fatimah,binti Ahmad,Female,015-3882977,1970-05-26,fatimah34175@gmail.com,Silver,"No. 224, Jalan G19",Gombak,Selangor,53100,2025-04-05
34176,Zulkifli,bin Abdullah,Male,015-5125815,1998-12-30,zulkifli34176@gmail.com,Bronze,"No. 188, Jalan E5",Ipoh,Perak,30100,2025-04-05
34177,Anisa,binti Rahman,Female,013-3135431,1990-03-05,anisa34177@gmail.com,Silver,"No. 98, Jalan E2",Nilai,Negeri Sembilan,71760,2025-04-05
34178,Priya,a/p Ramasamy,Female,014-5115052,2004-03-16,priya34178@gmail.com,Bronze,"No. 60, Jalan C10",Cyberjaya,Selangor,63100,2025-04-05
34179,Thivya,a/p Subramaniam,Female,014-6811276,2002-12-18,thivya34179@gmail.com,Gold,"No. 244, Jalan G7",Subang Jaya,Selangor,47620,2025-04-05
34180,Prakash,a/l Ramasamy,Male,014-8748325,1968-02-12,prakash34180@gmail.com,Gold,"No. 139, Jalan B11",Kuala Lumpur,Federal Territory of Kuala Lumpur,50450,2025-04-05
34181,Nadia,binti Osman,Female,012-4254018,2005-05-07,nadia34181@gmail.com,Bronze,"No. 184, Jalan G19",Kajang,Selangor,43000,2025-04-05
34182,Nur Aina,binti Hamid,Female,018-1255563,1983-02-15,nur34182@gmail.com,Gold,"No. 66, Jalan E19",Wangsa Maju,Federal Territory of Kuala Lumpur,53300,2025-04-06
34183,Li Wen,Foo,Female,015-1997639,1970-10-11,li34183@gmail.com,Bronze,"No. 52, Jalan C11",Kuala Lumpur,Federal Territory of Kuala Lumpur,59200,2025-04-06
34184,Nadia,binti Hassan,Female,018-2020012,2003-03-29,nadia34184@gmail.com,Bronze,"No. 290, Jalan C15",Sungai Buloh,Selangor,47820,2025-04-06
34185,Anisa,binti Ismail,Female,013-9308568,1985-03-28,anisa34185@gmail.com,Gold,"No. 177, Jalan C10",Johor Bahru,Johor,80000,2025-04-06
34186,Yasmin,binti Hamid,Female,013-3579665,1991-05-26,yasmin34186@gmail.com,Bronze,"No. 118, Jalan D1",Johor Bahru,Johor,81200,2025-04-06
34187,Alia,binti Rahman,Female,016-1927608,1985-07-29,alia34187@gmail.com,Bronze,"No. 254, Jalan D8",Kulai,Johor,81030,2025-04-06
34188,Irfan,bin Ahmad,Male,014-8684079,1976-10-16,irfan34188@gmail.com,Platinum,"No. 51, Jalan C2",Gombak,Selangor,53100,2025-04-06
34189,Aiman,bin Zainal,Male,012-9346173,1967-07-27,aiman34189@gmail.com,Gold,"No. 249, Jalan C2",Klang,Selangor,41200,2025-04-06
34190,Rohani,binti Hamid,Female,015-9170184,1982-02-11,rohani34190@gmail.com,Gold,"No. 245, Jalan E5",Klang,Selangor,41200,2025-04-06
34191,Ganesh,a/l Maniam,Male,010-2561833,1972-06-01,ganesh34191@gmail.com,Bronze,"No. 293, Jalan F2",Klang,Selangor,41050,2025-04-06
34192,Lakshmi,a/p Muniandy,Female,010-6995753,1978-08-14,lakshmi34192@gmail.com,Platinum,"No. 163, Jalan G1",Puchong,Selangor,47150,2025-04-06
34193,Irfan,bin Rahman,Male,013-3116379,1972-03-11,irfan34193@gmail.com,Silver,"No. 270, Jalan B14",Selayang,Selangor,68000,2025-04-06
34194,Vikram,a/l Krishnan,Male,013-7853819,1995-03-20,vikram34194@gmail.com,Gold,"No. 244, Jalan A14",Sungai Buloh,Selangor,47820,2025-04-06
34195,Syafiq,bin Abdullah,Male,016-7586227,2000-07-10,syafiq34195@gmail.com,Bronze,"No. 274, Jalan B9",Gombak,Selangor,53000,2025-04-06
34196,Michelle,Teoh,Female,014-5262277,1997-06-02,michelle34196@gmail.com,Bronze,"No. 224, Jalan B11",Kuantan,Pahang,25200,2025-04-06
34197,Aina,binti Abdullah,Female,014-7370775,1969-10-26,aina34197@gmail.com,Bronze,"No. 292, Jalan A5",Selayang,Selangor,68000,2025-04-06
34198,Hannah,binti Rahman,Female,019-2767582,1970-02-17,hannah34198@gmail.com,Silver,"No. 50, Jalan E15",Subang Jaya,Selangor,47500,2025-04-06
34199,Meena,a/p Rajan,Female,011-1291830,1999-07-06,meena34199@gmail.com,Gold,"No. 95, Jalan B15",Kajang,Selangor,43100,2025-04-06
34200,Rohani,binti Abdullah,Female,019-7962654,1996-01-21,rohani34200@gmail.com,Silver,"No. 62, Jalan E10",Kepong,Federal Territory of Kuala Lumpur,52000,2025-04-07
34201,Chloe,Lee,Female,010-2764527,1986-03-14,chloe34201@gmail.com,Gold,"No. 80, Jalan D10",Bangi,Selangor,43600,2025-04-07
34202,Haziq,bin Ahmad,Male,015-1739427,1983-08-03,haziq34202@gmail.com,Gold,"No. 246, Jalan G19",Selayang,Selangor,68100,2025-04-07
34203,Zarina,binti Ahmad,Female,016-7720392,1965-08-01,zarina34203@gmail.com,Bronze,"No. 149, Jalan B2",Wangsa Maju,Federal Territory of Kuala Lumpur,53100,2025-04-07
34204,Daniel,Teoh,Male,012-9809698,2005-02-27,daniel34204@gmail.com,Bronze,"No. 61, Jalan F4",Bukit Jalil,Federal Territory of Kuala Lumpur,58200,2025-04-07
34205,Suhaila,binti Ahmad,Female,016-7437967,1984-06-23,suhaila34205@gmail.com,Bronze,"No. 285, Jalan E18",Gombak,Selangor,53000,2025-04-07
34206,Fatimah,binti Hassan,Female,011-3250741,1999-01-25,fatimah34206@gmail.com,Bronze,"No. 300, Jalan D20",Gombak,Selangor,68100,2025-04-07
34207,Meena,a/p Maniam,Female,014-5159315,1982-03-04,meena34207@gmail.com,Bronze,"No. 79, Jalan G4",Cyberjaya,Selangor,63100,2025-04-07
34208,Farah,binti Hamid,Female,011-8720233,1977-03-04,farah34208@gmail.com,Silver,"No. 224, Jalan G11",Kuala Lumpur,Federal Territory of Kuala Lumpur,58000,2025-04-08
34209,Xin Yi,Ong,Female,016-5703154,2002-02-06,xin34209@gmail.com,Bronze,"No. 291, Jalan B6",Kuala Lumpur,Federal Territory of Kuala Lumpur,50000,2025-04-08
34210,Aiman,bin Abdullah,Male,016-8319042,2004-12-18,aiman34210@gmail.com,Bronze,"No. 269, Jalan D4",Klang,Selangor,41000,2025-04-08
34211,Meena,a/p Muniandy,Female,014-6726366,1972-03-25,meena34211@gmail.com,Silver,"No. 275, Jalan G9",Sungai Buloh,Selangor,47820,2025-04-08
34212,Nurin,binti Hamid,Female,015-2338476,1996-03-03,nurin34212@gmail.com,Bronze,"No. 25, Jalan F5",Melaka,Melaka,75000,2025-04-08
34213,Kavitha,a/p Krishnan,Female,011-2599764,1978-08-22,kavitha34213@gmail.com,Bronze,"No. 49, Jalan G14",Sungai Buloh,Selangor,47820,2025-04-08
34214,Suresh,a/l Rajan,Male,017-9715846,2005-10-24,suresh34214@gmail.com,Bronze,"No. 264, Jalan A11",Puchong,Selangor,47160,2025-04-08
34215,Hui Min,Yeoh,Female,013-9829799,2003-09-01,hui34215@gmail.com,Bronze,"No. 260, Jalan C15",Rawang,Selangor,48010,2025-04-08
34216,Mei Ling,Loh,Female,010-8125694,1973-03-25,mei34216@gmail.com,Bronze,"No. 20, Jalan A7",Ampang,Selangor,68000,2025-04-08
34217,Deepa,a/p Rajan,Female,010-9516045,1999-10-18,deepa34217@gmail.com,Silver,"No. 116, Jalan B18",Nilai,Negeri Sembilan,71800,2025-04-08
34218,Kevin,Chin,Male,011-3160630,1980-10-28,kevin34218@gmail.com,Silver,"No. 299, Jalan E16",Kuantan,Pahang,25150,2025-04-08
34219,Rohani,binti Hassan,Female,012-2899686,1999-01-31,rohani34219@gmail.com,Bronze,"No. 211, Jalan D8",Klang,Selangor,41150,2025-04-08
34220,Yasmin,binti Hamid,Female,012-8828587,1969-06-12,yasmin34220@gmail.com,Gold,"No. 70, Jalan C11",Bukit Jalil,Federal Territory of Kuala Lumpur,58200,2025-04-08
34221,Nabila,binti Abdullah,Female,011-3297274,1968-05-24,nabila34221@gmail.com,Silver,"No. 34, Jalan G10",Kuala Lumpur,Federal Territory of Kuala Lumpur,55200,2025-04-09
34222,Syafiq,bin Zainal,Male,019-7085436,1980-01-05,syafiq34222@gmail.com,Silver,"No. 193, Jalan G1",George Town,Pulau Pinang,10350,2025-04-09
34223,Rohani,binti Rahman,Female,011-2766810,1996-05-05,rohani34223@gmail.com,Bronze,"No. 127, Jalan A18",Melaka,Melaka,75000,2025-04-09
34224,Chong Wei,Liew,Male,011-2491575,1987-02-22,chong34224@gmail.com,Bronze,"No. 200, Jalan A7",Alor Gajah,Melaka,78000,2025-04-09
34225,Yong Sheng,Lee,Male,012-6793792,1994-05-31,yong34225@gmail.com,Gold,"No. 135, Jalan F3",Shah Alam,Selangor,40150,2025-04-09
34226,Irfan,bin Razak,Male,013-6852186,1977-02-26,irfan34226@gmail.com,Bronze,"No. 36, Jalan G17",Shah Alam,Selangor,40300,2025-04-09
34227,Nadia,binti Zainal,Female,010-7010817,1972-04-25,nadia34227@gmail.com,Bronze,"No. 237, Jalan A9",Klang,Selangor,41150,2025-04-09
34228,Yong Sheng,Liew,Male,011-5402072,2002-11-12,yong34228@gmail.com,Bronze,"No. 22, Jalan B13",Klang,Selangor,41300,2025-04-09
34229,Wei Hong,Chua,Male,017-8278746,1983-12-10,wei34229@gmail.com,Silver,"No. 85, Jalan B14",Subang Jaya,Selangor,47610,2025-04-09
34230,Nadia,binti Abdullah,Female,013-1104413,1977-09-03,nadia34230@gmail.com,Bronze,"No. 156, Jalan G18",Kajang,Selangor,43200,2025-04-09
34231,Lakshmi,a/p Krishnan,Female,017-6576203,1984-01-31,lakshmi34231@gmail.com,Bronze,"No. 211, Jalan E4",Puchong,Selangor,47180,2025-04-09
34232,Chloe,Lim,Female,018-1347726,1993-08-09,chloe34232@gmail.com,Silver,"No. 138, Jalan B15",Cyberjaya,Selangor,63100,2025-04-09
34233,Haziq,bin Ismail,Male,013-2419967,1968-02-20,haziq34233@gmail.com,Bronze,"No. 237, Jalan D17",Bangi,Selangor,43650,2025-04-09
34234,Kai Xin,Khoo,Female,017-1459941,1964-07-04,kai34234@gmail.com,Bronze,"No. 266, Jalan E15",Puchong,Selangor,47160,2025-04-09
34235,Nur Aina,binti Ahmad,Female,017-8102730,1969-01-27,nur34235@gmail.com,Silver,"No. 262, Jalan B13",Kepong,Federal Territory of Kuala Lumpur,51200,2025-04-09
34236,Nabila,binti Hamid,Female,015-8932819,1980-09-09,nabila34236@gmail.com,Platinum,"No. 139, Jalan D18",Wangsa Maju,Federal Territory of Kuala Lumpur,53100,2025-04-09
34237,Syafiq,bin Abdullah,Male,013-2877739,1994-08-28,syafiq34237@gmail.com,Bronze,"No. 46, Jalan B8",Gombak,Selangor,53000,2025-04-09
34238,Siti,binti Rahman,Female,019-5458038,1969-12-20,siti34238@gmail.com,Bronze,"No. 112, Jalan A14",Kuantan,Pahang,25000,2025-04-09
34239,Aisyah,binti Hamid,Female,019-8474363,1981-12-07,aisyah34239@gmail.com,Silver,"No. 241, Jalan G12",Bukit Jalil,Federal Territory of Kuala Lumpur,57000,2025-04-09
34240,Anisa,binti Ismail,Female,011-9318427,1999-06-19,anisa34240@gmail.com,Gold,"No. 258, Jalan D10",Kuala Lumpur,Federal Territory of Kuala Lumpur,58000,2025-04-10
34241,Lakshmi,a/p Krishnan,Female,016-5194554,1990-07-02,lakshmi34241@gmail.com,Bronze,"No. 288, Jalan C8",Kuala Lumpur,Federal Territory of Kuala Lumpur,55200,2025-04-10
34242,Alia,binti Razak,Female,015-9745752,2005-07-05,alia34242@gmail.com,Bronze,"No. 89, Jalan E18",Petaling Jaya,Selangor,46000,2025-04-10
34243,Firdaus,bin Hamid,Male,016-6891952,1992-01-30,firdaus34243@gmail.com,Silver,"No. 111, Jalan F17",Sungai Buloh,Selangor,47810,2025-04-10
34244,Ling Ling,Khoo,Female,015-7995818,2001-04-22,ling34244@gmail.com,Silver,"No. 254, Jalan G12",Wangsa Maju,Federal Territory of Kuala Lumpur,53300,2025-04-10
34245,Kai Xin,Chan,Female,011-6224711,1977-11-14,kai34245@gmail.com,Bronze,"No. 92, Jalan E14",Petaling Jaya,Selangor,47301,2025-04-10
34246,Nurul Huda,binti Yusof,Female,017-4197216,1968-11-08,nurul34246@gmail.com,Silver,"No. 266, Jalan D13",Bukit Jalil,Federal Territory of Kuala Lumpur,57100,2025-04-10
34247,Thivya,a/p Ramasamy,Female,019-4230382,2006-05-08,thivya34247@gmail.com,Gold,"No. 143, Jalan E18",Kulai,Johor,81030,2025-04-10
34248,Xin Yi,Tan,Female,012-1753241,1986-07-18,xin34248@gmail.com,Bronze,"No. 165, Jalan B7",George Town,Pulau Pinang,10300,2025-04-10
34249,Suhaila,binti Yusof,Female,017-1930153,1976-10-25,suhaila34249@gmail.com,Bronze,"No. 44, Jalan C11",Alor Gajah,Melaka,78100,2025-04-10
34250,Kevin,Wong,Male,010-9112002,1983-08-07,kevin34250@gmail.com,Gold,"No. 184, Jalan D10",Shah Alam,Selangor,40100,2025-04-10
34251,Nurul Huda,binti Osman,Female,014-8004102,1986-11-27,nurul34251@gmail.com,Bronze,"No. 254, Jalan B8",Klang,Selangor,41000,2025-04-10
34252,Zheng Yang,Ong,Male,016-8564718,1980-09-17,zheng34252@gmail.com,Bronze,"No. 255, Jalan C17",Puchong,Selangor,47160,2025-04-10
34253,Michelle,Lee,Female,017-3342956,1966-12-28,michelle34253@gmail.com,Silver,"No. 202, Jalan A15",Puchong,Selangor,47160,2025-04-10
34254,Jia Yi,Loh,Female,013-6743660,2000-08-06,jia34254@gmail.com,Silver,"No. 141, Jalan F15",Puchong,Selangor,47110,2025-04-10
34255,Zhi Wei,Teoh,Male,018-8040874,1982-05-01,zhi34255@gmail.com,Silver,"No. 84, Jalan D12",Puchong,Selangor,47190,2025-04-10
34256,Nadia,binti Hamid,Female,014-1821954,1986-12-28,nadia34256@gmail.com,Silver,"No. 167, Jalan B15",Subang Jaya,Selangor,47650,2025-04-10
34257,Ling Ling,Liew,Female,016-4093439,1966-04-03,ling34257@gmail.com,Bronze,"No. 236, Jalan A15",Selayang,Selangor,68100,2025-04-10
34258,Farah,binti Ismail,Female,011-6467131,1982-09-20,farah34258@gmail.com,Bronze,"No. 213, Jalan C20",Selayang,Selangor,68100,2025-04-10
34259,Zhi Wei,Chin,Male,018-8949564,1968-03-09,zhi34259@gmail.com,Bronze,"No. 119, Jalan C3",Selayang,Selangor,68000,2025-04-10
34260,Zulkifli,bin Osman,Male,016-3728404,1978-11-15,zulkifli34260@gmail.com,Bronze,"No. 35, Jalan B10",Ipoh,Perak,30100,2025-04-10
34261,Hannah,binti Osman,Female,012-1264783,1972-04-30,hannah34261@gmail.com,Silver,"No. 58, Jalan A9",Temerloh,Pahang,28400,2025-04-10
34262,Pei Shan,Liew,Female,011-5505007,1988-07-04,pei34262@gmail.com,Bronze,"No. 244, Jalan D11",Kuantan,Pahang,25050,2025-04-10
34263,Jia Yi,Chan,Female,011-9126150,1998-03-22,jia34263@gmail.com,Gold,"No. 188, Jalan B5",Bukit Jalil,Federal Territory of Kuala Lumpur,57000,2025-04-10
34264,Amelia,binti Yusof,Female,013-4698996,1965-12-26,amelia34264@gmail.com,Bronze,"No. 108, Jalan F12",Kuantan,Pahang,25050,2025-04-11
34265,Kavitha,a/p Ramasamy,Female,015-7998596,1973-12-29,kavitha34265@gmail.com,Gold,"No. 59, Jalan B8",Petaling Jaya,Selangor,47301,2025-04-11
34266,Kumar,a/l Krishnan,Male,011-4451476,1968-10-11,kumar34266@gmail.com,Bronze,"No. 179, Jalan E14",Sungai Buloh,Selangor,47820,2025-04-11
34267,Aisyah,binti Osman,Female,016-1290109,1984-06-29,aisyah34267@gmail.com,Silver,"No. 283, Jalan D19",Petaling Jaya,Selangor,47300,2025-04-11
34268,Kevin,Liew,Male,011-9503908,1995-09-21,kevin34268@gmail.com,Bronze,"No. 166, Jalan B10",Johor Bahru,Johor,80000,2025-04-11
34269,Nurin,binti Yusof,Female,019-7218847,1973-08-24,nurin34269@gmail.com,Bronze,"No. 197, Jalan E15",George Town,Pulau Pinang,10250,2025-04-11
34270,Kok Wai,Khoo,Male,017-1028573,2002-09-12,kok34270@gmail.com,Bronze,"No. 62, Jalan G14",Petaling Jaya,Selangor,46050,2025-04-11
34271,Irfan,bin Ahmad,Male,010-7239851,1971-04-17,irfan34271@gmail.com,Silver,"No. 92, Jalan G10",Melaka,Melaka,75100,2025-04-11
34272,Nadia,binti Ahmad,Female,010-6093138,1979-09-24,nadia34272@gmail.com,Bronze,"No. 219, Jalan D10",Shah Alam,Selangor,40300,2025-04-11
34273,Divya,a/p Ramasamy,Female,017-3912978,1997-07-08,divya34273@gmail.com,Bronze,"No. 73, Jalan D13",Klang,Selangor,42100,2025-04-11
34274,Balqis,binti Abdullah,Female,010-7136360,1992-08-13,balqis34274@gmail.com,Silver,"No. 126, Jalan B5",Kajang,Selangor,43300,2025-04-11
34275,Nurin,binti Hassan,Female,012-3827793,1991-02-04,nurin34275@gmail.com,Bronze,"No. 32, Jalan A18",Wangsa Maju,Federal Territory of Kuala Lumpur,53200,2025-04-11
34276,Suhaila,binti Razak,Female,017-9361392,1988-03-15,suhaila34276@gmail.com,Gold,"No. 16, Jalan F17",Wangsa Maju,Federal Territory of Kuala Lumpur,53300,2025-04-11
34277,Nabila,binti Hamid,Female,012-2681946,2000-11-08,nabila34277@gmail.com,Bronze,"No. 229, Jalan F13",Wangsa Maju,Federal Territory of Kuala Lumpur,53200,2025-04-11
34278,Sze Min,Chua,Female,019-5370998,1988-10-29,sze34278@gmail.com,Silver,"No. 129, Jalan D9",Seremban,Negeri Sembilan,70400,2025-04-11
34279,Hafiz,bin Hamid,Male,011-7727746,1987-09-02,hafiz34279@gmail.com,Gold,"No. 210, Jalan F17",Seremban,Negeri Sembilan,70100,2025-04-11
34280,Nadia,binti Osman,Female,012-5580569,1997-09-29,nadia34280@gmail.com,Silver,"No. 6, Jalan B19",Kuantan,Pahang,25150,2025-04-11
34281,Deepa,a/p Krishnan,Female,019-6370574,2001-12-12,deepa34281@gmail.com,Bronze,"No. 35, Jalan B15",Kuantan,Pahang,25300,2025-04-11
34282,Fatimah,binti Ahmad,Female,012-1391207,1970-11-07,fatimah34282@gmail.com,Silver,"No. 82, Jalan G7",Bukit Jalil,Federal Territory of Kuala Lumpur,58200,2025-04-11
34283,Suresh,a/l Rajan,Male,019-5889423,2002-08-01,suresh34283@gmail.com,Bronze,"No. 279, Jalan A14",Kuala Lumpur,Federal Territory of Kuala Lumpur,50450,2025-04-12
34284,Kok Wai,Chin,Male,011-8436155,1977-10-20,kok34284@gmail.com,Bronze,"No. 262, Jalan G11",Petaling Jaya,Selangor,46200,2025-04-12
34285,Daniel,Chua,Male,018-1500533,2001-03-10,daniel34285@gmail.com,Bronze,"No. 223, Jalan C2",Johor Bahru,Johor,80100,2025-04-12
34286,Zulkifli,bin Hamid,Male,018-6203529,1978-08-12,zulkifli34286@gmail.com,Bronze,"No. 230, Jalan F10",Kuala Lumpur,Federal Territory of Kuala Lumpur,59000,2025-04-12
34287,Ling Ling,Chua,Female,010-8584872,1974-12-31,ling34287@gmail.com,Bronze,"No. 72, Jalan D16",Alor Gajah,Melaka,78100,2025-04-12
34288,Yasmin,binti Hassan,Female,010-9857906,2004-04-18,yasmin34288@gmail.com,Gold,"No. 100, Jalan A18",Shah Alam,Selangor,40000,2025-04-12
34289,Danial,bin Ismail,Male,017-5938513,1966-12-16,danial34289@gmail.com,Bronze,"No. 84, Jalan G11",Sungai Buloh,Selangor,47810,2025-04-12
34290,Amelia,binti Hassan,Female,011-1303064,1985-02-25,amelia34290@gmail.com,Silver,"No. 282, Jalan C11",Sungai Buloh,Selangor,47000,2025-04-12
34291,Vanessa,Chin,Female,012-2905652,2002-08-21,vanessa34291@gmail.com,Silver,"No. 221, Jalan G19",Klang,Selangor,41000,2025-04-12
34292,Amelia,binti Abdullah,Female,015-5381517,1978-05-16,amelia34292@gmail.com,Platinum,"No. 220, Jalan G14",Puchong,Selangor,47190,2025-04-12
34293,Nabila,binti Ismail,Female,019-4752748,1982-03-17,nabila34293@gmail.com,Silver,"No. 232, Jalan B19",Selayang,Selangor,68100,2025-04-12
34294,Aisyah,binti Hamid,Female,017-9229615,1999-03-28,aisyah34294@gmail.com,Bronze,"No. 156, Jalan D13",Setapak,Federal Territory of Kuala Lumpur,53300,2025-04-12
34295,Sze Min,Lim,Female,018-6408205,1964-02-18,sze34295@gmail.com,Silver,"No. 186, Jalan F6",Nilai,Negeri Sembilan,71760,2025-04-12
34296,Xin Yi,Chin,Female,012-6321729,1980-03-14,xin34296@gmail.com,Gold,"No. 46, Jalan B15",Shah Alam,Selangor,40300,2025-04-12
34297,Hui Min,Chong,Female,018-6340724,1981-05-26,hui34297@gmail.com,Bronze,"No. 6, Jalan A6",Seremban,Negeri Sembilan,70200,2025-04-12
34298,Zheng Yang,Khoo,Male,011-9829132,1970-10-05,zheng34298@gmail.com,Silver,"No. 63, Jalan G15",Seremban,Negeri Sembilan,70000,2025-04-12
34299,Aiman,bin Razak,Male,015-7915261,1982-04-19,aiman34299@gmail.com,Bronze,"No. 175, Jalan B12",Kuantan,Pahang,25050,2025-04-12
34300,Nadia,binti Ahmad,Female,013-7126683,2003-10-29,nadia34300@gmail.com,Silver,"No. 183, Jalan F19",Temerloh,Pahang,28400,2025-04-12
34301,Thivya,a/p Rajan,Female,015-2758488,1968-10-12,thivya34301@gmail.com,Gold,"No. 96, Jalan A11",Subang Jaya,Selangor,47620,2025-04-12
34302,Sharmila,a/p Subramaniam,Female,019-2424544,1982-05-16,sharmila34302@gmail.com,Silver,"No. 196, Jalan D14",Subang Jaya,Selangor,47500,2025-04-12
34303,Irfan,bin Zainal,Male,013-1202895,1986-11-15,irfan34303@gmail.com,Bronze,"No. 295, Jalan B1",Subang Jaya,Selangor,47500,2025-04-12
34304,Li Wen,Tan,Female,018-7093832,1978-03-27,li34304@gmail.com,Bronze,"No. 230, Jalan E18",Bukit Jalil,Federal Territory of Kuala Lumpur,58200,2025-04-12
34305,Ling Ling,Ong,Female,013-1696225,1986-07-02,ling34305@gmail.com,Bronze,"No. 289, Jalan G3",Kuala Lumpur,Federal Territory of Kuala Lumpur,56000,2025-04-13
34306,Zulkifli,bin Yusof,Male,014-3021992,2004-09-03,zulkifli34306@gmail.com,Bronze,"No. 94, Jalan C20",Bukit Jalil,Federal Territory of Kuala Lumpur,58200,2025-04-13
34307,Deepa,a/p Muniandy,Female,016-9533334,1993-12-14,deepa34307@gmail.com,Gold,"No. 273, Jalan G13",Kuala Lumpur,Federal Territory of Kuala Lumpur,50480,2025-04-13
34308,Anjali,a/p Muniandy,Female,015-7830079,1985-09-17,anjali34308@gmail.com,Bronze,"No. 53, Jalan B20",Petaling Jaya,Selangor,46300,2025-04-13
34309,Amirul,bin Rahman,Male,018-4162923,2001-02-06,amirul34309@gmail.com,Bronze,"No. 78, Jalan G6",Petaling Jaya,Selangor,46300,2025-04-13
34310,Ganesh,a/l Muniandy,Male,012-5071947,1981-06-21,ganesh34310@gmail.com,Bronze,"No. 229, Jalan A15",Petaling Jaya,Selangor,47400,2025-04-13
34311,Zheng Yang,Wong,Male,018-8791725,1994-09-22,zheng34311@gmail.com,Silver,"No. 73, Jalan B14",Petaling Jaya,Selangor,46200,2025-04-13
34312,Balqis,binti Yusof,Female,015-9434984,2003-03-07,balqis34312@gmail.com,Bronze,"No. 141, Jalan B4",Seremban,Negeri Sembilan,70100,2025-04-13
34313,Grace,Cheah,Female,018-5053733,1988-03-31,grace34313@gmail.com,Gold,"No. 277, Jalan A6",George Town,Pulau Pinang,10200,2025-04-13
34314,Rohani,binti Hamid,Female,018-7344469,1967-11-30,rohani34314@gmail.com,Bronze,"No. 102, Jalan F20",Butterworth,Pulau Pinang,12100,2025-04-13
34315,Farah,binti Abdullah,Female,011-9340147,2000-01-19,farah34315@gmail.com,Silver,"No. 151, Jalan F6",Sungai Buloh,Selangor,47820,2025-04-13
34316,Syafiq,bin Ismail,Male,016-1272659,1977-04-13,syafiq34316@gmail.com,Bronze,"No. 55, Jalan E8",Setapak,Federal Territory of Kuala Lumpur,53100,2025-04-13
34317,Ravi,a/l Maniam,Male,012-4393721,1979-07-19,ravi34317@gmail.com,Silver,"No. 230, Jalan A20",Kepong,Federal Territory of Kuala Lumpur,52000,2025-04-13
34318,Zulkifli,bin Ismail,Male,011-9036002,1980-02-27,zulkifli34318@gmail.com,Bronze,"No. 123, Jalan G18",Wangsa Maju,Federal Territory of Kuala Lumpur,53100,2025-04-13
34319,Alia,binti Yusof,Female,019-8838201,1982-11-22,alia34319@gmail.com,Bronze,"No. 30, Jalan A2",Shah Alam,Selangor,40150,2025-04-13
34320,Irfan,bin Yusof,Male,015-3356292,1988-01-28,irfan34320@gmail.com,Gold,"No. 120, Jalan D5",Ipoh,Perak,30100,2025-04-13
34321,Nadia,binti Osman,Female,018-7126903,1967-01-21,nadia34321@gmail.com,Silver,"No. 184, Jalan D15",Nilai,Negeri Sembilan,71800,2025-04-13
34322,Mei Ling,Goh,Female,012-2785230,2006-04-07,mei34322@gmail.com,Platinum,"No. 110, Jalan G8",Kuantan,Pahang,25300,2025-04-13
34323,Prakash,a/l Rajan,Male,019-6257794,1970-12-17,prakash34323@gmail.com,Bronze,"No. 300, Jalan E14",Gombak,Selangor,68100,2025-04-13
34324,Nurin,binti Hamid,Female,017-6871245,2003-10-24,nurin34324@gmail.com,Bronze,"No. 137, Jalan G8",Kuantan,Pahang,25050,2025-04-13
34325,Chong Wei,Lee,Male,014-4930809,2000-07-26,chong34325@gmail.com,Bronze,"No. 256, Jalan B8",George Town,Pulau Pinang,10200,2025-04-13
34326,Aina,binti Ismail,Female,019-7485301,1996-06-11,aina34326@gmail.com,Silver,"No. 137, Jalan B5",Johor Bahru,Johor,80350,2025-04-13
34327,Ganesh,a/l Subramaniam,Male,011-1888983,1974-10-13,ganesh34327@gmail.com,Gold,"No. 92, Jalan E17",Subang Jaya,Selangor,47600,2025-04-13
34328,Nurul Huda,binti Yusof,Female,016-9168971,1991-04-02,nurul34328@gmail.com,Silver,"No. 239, Jalan F2",Bukit Jalil,Federal Territory of Kuala Lumpur,57000,2025-04-13
34329,Syafiq,bin Abdullah,Male,015-7346540,1992-12-10,syafiq34329@gmail.com,Bronze,"No. 94, Jalan F14",Bukit Jalil,Federal Territory of Kuala Lumpur,57100,2025-04-13
34330,Aina,binti Razak,Female,010-4085753,1993-04-28,aina34330@gmail.com,Bronze,"No. 211, Jalan C15",Kuala Lumpur,Federal Territory of Kuala Lumpur,50450,2025-04-14
34331,Ravi,a/l Rajan,Male,011-1914785,1992-01-25,ravi34331@gmail.com,Platinum,"No. 130, Jalan D9",Kuala Lumpur,Federal Territory of Kuala Lumpur,58000,2025-04-14
34332,Emily,Chong,Female,017-7162775,1987-05-15,emily34332@gmail.com,Bronze,"No. 243, Jalan B19",Shah Alam,Selangor,40000,2025-04-14
34333,Haziq,bin Rahman,Male,015-1120802,2005-05-03,haziq34333@gmail.com,Platinum,"No. 186, Jalan A7",Petaling Jaya,Selangor,47800,2025-04-14
34334,Rohani,binti Abdullah,Female,015-8005183,1986-09-04,rohani34334@gmail.com,Silver,"No. 33, Jalan F2",Petaling Jaya,Selangor,47810,2025-04-14
34335,Kai Xin,Liew,Female,017-6855958,1979-09-05,kai34335@gmail.com,Gold,"No. 247, Jalan A9",Johor Bahru,Johor,81300,2025-04-14
34336,Divya,a/p Ramasamy,Female,015-4992574,1985-04-17,divya34336@gmail.com,Silver,"No. 237, Jalan F6",Klang,Selangor,41200,2025-04-14
34337,Siti,binti Hassan,Female,015-9009311,1974-06-16,siti34337@gmail.com,Bronze,"No. 274, Jalan B1",Butterworth,Pulau Pinang,12200,2025-04-14
34338,Ling Ling,Chong,Female,019-8070360,1996-09-18,ling34338@gmail.com,Bronze,"No. 59, Jalan B15",Shah Alam,Selangor,40160,2025-04-14
34339,Thivya,a/p Muniandy,Female,014-4602149,1986-12-25,thivya34339@gmail.com,Bronze,"No. 79, Jalan C11",Kuala Lumpur,Federal Territory of Kuala Lumpur,56000,2025-04-14
34340,Nadia,binti Rahman,Female,018-9758493,2000-02-01,nadia34340@gmail.com,Bronze,"No. 175, Jalan C6",Wangsa Maju,Federal Territory of Kuala Lumpur,53300,2025-04-14
34341,Chloe,Yeoh,Female,016-4828543,1994-01-11,chloe34341@gmail.com,Bronze,"No. 38, Jalan A13",Gombak,Selangor,68100,2025-04-14
34342,Hui Min,Yap,Female,014-3547398,1999-10-07,hui34342@gmail.com,Bronze,"No. 263, Jalan E9",Ipoh,Perak,31400,2025-04-14
34343,Faizal,bin Ismail,Male,018-6291346,1971-01-15,faizal34343@gmail.com,Gold,"No. 170, Jalan A18",Seremban,Negeri Sembilan,70200,2025-04-14
34344,Priya,a/p Maniam,Female,019-6029914,2005-08-15,priya34344@gmail.com,Bronze,"No. 38, Jalan G9",Kuantan,Pahang,25250,2025-04-14
34345,Aiman,bin Razak,Male,016-9914166,2002-12-20,aiman34345@gmail.com,Bronze,"No. 28, Jalan A6",Subang Jaya,Selangor,47630,2025-04-14
34346,Fatimah,binti Osman,Female,016-3538417,1980-12-14,fatimah34346@gmail.com,Bronze,"No. 29, Jalan C17",Bukit Jalil,Federal Territory of Kuala Lumpur,57100,2025-04-14
34347,Fatimah,binti Abdullah,Female,014-5486086,1994-01-16,fatimah34347@gmail.com,Silver,"No. 245, Jalan A17",Kajang,Selangor,43300,2025-04-14
34348,Vanessa,Lee,Female,016-8994852,1993-01-04,vanessa34348@gmail.com,Platinum,"No. 187, Jalan B5",Kuala Lumpur,Federal Territory of Kuala Lumpur,59000,2025-04-15
34349,Nur Aina,binti Zainal,Female,013-8075074,1973-06-15,nur34349@gmail.com,Gold,"No. 195, Jalan G15",Kuala Lumpur,Federal Territory of Kuala Lumpur,59200,2025-04-15
34350,Anjali,a/p Subramaniam,Female,019-2299675,1997-02-15,anjali34350@gmail.com,Silver,"No. 68, Jalan G12",Petaling Jaya,Selangor,46100,2025-04-15
34351,Amirul,bin Razak,Male,017-1711345,2003-07-20,amirul34351@gmail.com,Bronze,"No. 270, Jalan B10",Setapak,Federal Territory of Kuala Lumpur,53000,2025-04-15
34352,Grace,Wong,Female,012-8550526,2000-05-31,grace34352@gmail.com,Silver,"No. 277, Jalan C18",Petaling Jaya,Selangor,47301,2025-04-15
34353,Hui Min,Loh,Female,013-5103591,1998-01-02,hui34353@gmail.com,Bronze,"No. 122, Jalan F15",Johor Bahru,Johor,81100,2025-04-15
34354,Danial,bin Osman,Male,018-9964825,1991-04-28,danial34354@gmail.com,Bronze,"No. 40, Jalan F5",Johor Bahru,Johor,81100,2025-04-15
34355,Deepa,a/p Rajan,Female,010-3262082,1992-11-28,deepa34355@gmail.com,Bronze,"No. 256, Jalan G17",Johor Bahru,Johor,81200,2025-04-15
34356,Daniel,Cheah,Male,016-9740931,1999-10-14,daniel34356@gmail.com,Bronze,"No. 275, Jalan C5",George Town,Pulau Pinang,10250,2025-04-15
34357,Emily,Chan,Female,013-5942737,1973-03-25,emily34357@gmail.com,Bronze,"No. 278, Jalan A16",Puchong,Selangor,47150,2025-04-15
34358,Kai Xin,Ng,Female,011-5052340,1975-04-09,kai34358@gmail.com,Bronze,"No. 160, Jalan A19",Selayang,Selangor,68100,2025-04-15
34359,Jia Yi,Chan,Female,012-2183572,1993-05-12,jia34359@gmail.com,Silver,"No. 78, Jalan E2",Kuala Lumpur,Federal Territory of Kuala Lumpur,55200,2025-04-15
34360,Fatimah,binti Osman,Female,014-3889590,2006-06-18,fatimah34360@gmail.com,Silver,"No. 162, Jalan A4",Klang,Selangor,41000,2025-04-15
34361,Nurul Huda,binti Ismail,Female,019-6858043,1994-11-22,nurul34361@gmail.com,Bronze,"No. 24, Jalan D3",Seremban,Negeri Sembilan,70000,2025-04-15
34362,Shu Fen,Loh,Female,017-9490666,1974-11-09,shu34362@gmail.com,Bronze,"No. 264, Jalan B17",Seremban,Negeri Sembilan,70450,2025-04-15
34363,Priya,a/p Maniam,Female,014-9553110,1993-05-23,priya34363@gmail.com,Bronze,"No. 265, Jalan E4",Puchong,Selangor,47150,2025-04-15
34364,Haziq,bin Ismail,Male,015-7013299,1970-04-27,haziq34364@gmail.com,Silver,"No. 145, Jalan F14",Kepong,Federal Territory of Kuala Lumpur,51200,2025-04-16
34365,Jia Yi,Lim,Female,012-2803714,2005-10-27,jia34365@gmail.com,Bronze,"No. 58, Jalan F16",Petaling Jaya,Selangor,47800,2025-04-16
34366,Grace,Ng,Female,010-1789047,2002-03-25,grace34366@gmail.com,Bronze,"No. 80, Jalan G16",Wangsa Maju,Federal Territory of Kuala Lumpur,53100,2025-04-16
34367,Kai Xin,Loh,Female,014-4805038,1992-10-03,kai34367@gmail.com,Silver,"No. 276, Jalan A13",Shah Alam,Selangor,40300,2025-04-16
34368,Vikram,a/l Ramasamy,Male,010-5632842,1976-07-23,vikram34368@gmail.com,Bronze,"No. 197, Jalan G6",Kulai,Johor,81000,2025-04-16
34369,Mei Ling,Yap,Female,011-3067301,1985-03-28,mei34369@gmail.com,Bronze,"No. 180, Jalan B9",George Town,Pulau Pinang,10400,2025-04-16
34370,Hui Min,Cheah,Female,018-5603255,1980-06-28,hui34370@gmail.com,Bronze,"No. 115, Jalan D10",Ipoh,Perak,30020,2025-04-16
34371,Nurin,binti Yusof,Female,019-3667160,1989-08-27,nurin34371@gmail.com,Bronze,"No. 173, Jalan D19",Shah Alam,Selangor,40160,2025-04-16
34372,Aina,binti Rahman,Female,011-7678985,1980-04-17,aina34372@gmail.com,Bronze,"No. 102, Jalan B16",Shah Alam,Selangor,40200,2025-04-16
34373,Anisa,binti Razak,Female,018-8298943,2000-05-26,anisa34373@gmail.com,Bronze,"No. 115, Jalan E17",Selayang,Selangor,68100,2025-04-16
34374,Anisa,binti Rahman,Female,015-4904377,1974-04-12,anisa34374@gmail.com,Bronze,"No. 43, Jalan A20",Setapak,Federal Territory of Kuala Lumpur,53000,2025-04-16
34375,Irfan,bin Abdullah,Male,010-4705208,1969-07-29,irfan34375@gmail.com,Bronze,"No. 265, Jalan B13",Setapak,Federal Territory of Kuala Lumpur,53100,2025-04-16
34376,Meena,a/p Maniam,Female,019-7870413,1969-07-08,meena34376@gmail.com,Silver,"No. 216, Jalan F17",Wangsa Maju,Federal Territory of Kuala Lumpur,53100,2025-04-16
34377,Chong Wei,Lee,Male,018-4408821,1987-02-28,chong34377@gmail.com,Bronze,"No. 53, Jalan D3",Wangsa Maju,Federal Territory of Kuala Lumpur,53200,2025-04-16
34378,Nadia,binti Ismail,Female,015-5545266,1985-06-08,nadia34378@gmail.com,Bronze,"No. 64, Jalan C14",Rawang,Selangor,48000,2025-04-16
34379,Balqis,binti Ismail,Female,013-7498270,1969-11-02,balqis34379@gmail.com,Bronze,"No. 27, Jalan F17",Seremban,Negeri Sembilan,70450,2025-04-16
34380,Kevin,Goh,Male,013-4357087,1997-10-28,kevin34380@gmail.com,Silver,"No. 115, Jalan E1",Seremban,Negeri Sembilan,70200,2025-04-16
34381,Prakash,a/l Subramaniam,Male,011-1387296,2003-03-18,prakash34381@gmail.com,Bronze,"No. 17, Jalan G1",Kuantan,Pahang,25000,2025-04-16
34382,Nurin,binti Ismail,Female,015-5973981,1969-10-01,nurin34382@gmail.com,Silver,"No. 96, Jalan E13",Kuantan,Pahang,25150,2025-04-16
34383,Aisyah,binti Hamid,Female,016-7501034,1969-01-19,aisyah34383@gmail.com,Bronze,"No. 14, Jalan B4",Bukit Jalil,Federal Territory of Kuala Lumpur,57100,2025-04-16
34384,Vanessa,Khoo,Female,017-7281125,1980-03-02,vanessa34384@gmail.com,Bronze,"No. 167, Jalan E11",Wangsa Maju,Federal Territory of Kuala Lumpur,53100,2025-04-16
34385,Zarina,binti Yusof,Female,011-3789600,1999-11-29,zarina34385@gmail.com,Silver,"No. 273, Jalan F2",Kepong,Federal Territory of Kuala Lumpur,51200,2025-04-17
34386,Suhaila,binti Zainal,Female,016-5413772,1965-06-08,suhaila34386@gmail.com,Bronze,"No. 292, Jalan C14",Kuala Lumpur,Federal Territory of Kuala Lumpur,50480,2025-04-17
34387,Yee Ling,Liew,Female,017-8110789,1990-06-12,yee34387@gmail.com,Gold,"No. 179, Jalan A19",Setapak,Federal Territory of Kuala Lumpur,53300,2025-04-17
34388,Priya,a/p Ramasamy,Female,013-4629933,1989-10-16,priya34388@gmail.com,Bronze,"No. 60, Jalan G12",Petaling Jaya,Selangor,47301,2025-04-17
34389,Aisyah,binti Rahman,Female,019-5370046,2002-07-27,aisyah34389@gmail.com,Silver,"No. 199, Jalan E6",Melaka,Melaka,75250,2025-04-17
34390,Haziq,bin Rahman,Male,013-8175896,1971-06-16,haziq34390@gmail.com,Bronze,"No. 90, Jalan E4",Johor Bahru,Johor,81300,2025-04-17
34391,Michelle,Chua,Female,010-7810213,1974-08-05,michelle34391@gmail.com,Bronze,"No. 85, Jalan C4",Seremban,Negeri Sembilan,70500,2025-04-17
34392,Hafiz,bin Abdullah,Male,010-5588733,1993-01-24,hafiz34392@gmail.com,Gold,"No. 163, Jalan B4",Shah Alam,Selangor,40460,2025-04-17
34393,Anisa,binti Yusof,Female,013-2701197,1976-10-13,anisa34393@gmail.com,Silver,"No. 194, Jalan D18",Sungai Buloh,Selangor,47810,2025-04-17
34394,Firdaus,bin Osman,Male,015-6439844,1993-07-14,firdaus34394@gmail.com,Bronze,"No. 242, Jalan G13",Puchong,Selangor,47110,2025-04-17
34395,Anjali,a/p Maniam,Female,014-3320457,1986-01-22,anjali34395@gmail.com,Bronze,"No. 200, Jalan E14",Gombak,Selangor,68100,2025-04-17
34396,Aisyah,binti Osman,Female,015-9516163,1975-01-14,aisyah34396@gmail.com,Bronze,"No. 253, Jalan B10",Setapak,Federal Territory of Kuala Lumpur,53300,2025-04-17
34397,Suresh,a/l Ramasamy,Male,017-3407322,1988-04-29,suresh34397@gmail.com,Gold,"No. 102, Jalan E1",Wangsa Maju,Federal Territory of Kuala Lumpur,53100,2025-04-17
34398,Rachel,Chin,Female,018-2074187,2006-12-19,rachel34398@gmail.com,Silver,"No. 40, Jalan C3",Gombak,Selangor,53100,2025-04-17
34399,Yee Ling,Tan,Female,018-4796100,1969-03-23,yee34399@gmail.com,Bronze,"No. 54, Jalan G17",Gombak,Selangor,53000,2025-04-17
34400,Aina,binti Zainal,Female,019-4243340,1973-11-19,aina34400@gmail.com,Bronze,"No. 288, Jalan G18",Johor Bahru,Johor,81100,2025-04-17
34401,Sze Min,Yap,Female,017-5097138,2004-08-02,sze34401@gmail.com,Bronze,"No. 211, Jalan G9",Seremban,Negeri Sembilan,70400,2025-04-17
34402,Kai Xin,Khoo,Female,012-5498249,1972-09-23,kai34402@gmail.com,Gold,"No. 236, Jalan F13",Kuantan,Pahang,25300,2025-04-17
34403,Hui Min,Teoh,Female,019-1511573,1984-06-17,hui34403@gmail.com,Bronze,"No. 127, Jalan A19",Kuantan,Pahang,26060,2025-04-17
34404,Jia Yi,Ng,Female,019-8406707,1967-08-11,jia34404@gmail.com,Silver,"No. 242, Jalan D9",Kuala Lumpur,Federal Territory of Kuala Lumpur,58000,2025-04-18
34405,Mei Ling,Chong,Female,016-9757940,1999-07-27,mei34405@gmail.com,Bronze,"No. 171, Jalan B1",Petaling Jaya,Selangor,47300,2025-04-18
34406,Pei Shan,Chong,Female,011-7627543,1967-10-12,pei34406@gmail.com,Silver,"No. 287, Jalan C13",Ipoh,Perak,30010,2025-04-18
34407,Amirul,bin Ahmad,Male,019-2222120,1972-08-13,amirul34407@gmail.com,Gold,"No. 183, Jalan C12",Johor Bahru,Johor,80100,2025-04-18
34408,Li Wen,Ng,Female,015-2274798,1983-10-30,li34408@gmail.com,Bronze,"No. 43, Jalan E9",George Town,Pulau Pinang,10400,2025-04-18
34409,Zarina,binti Osman,Female,011-4838494,1998-03-12,zarina34409@gmail.com,Bronze,"No. 52, Jalan B2",Puchong,Selangor,47190,2025-04-18
34410,Aiman,bin Ahmad,Male,013-2444740,1990-08-27,aiman34410@gmail.com,Silver,"No. 72, Jalan D9",Setapak,Federal Territory of Kuala Lumpur,53100,2025-04-18
34411,Danial,bin Ahmad,Male,018-1426111,1973-05-08,danial34411@gmail.com,Silver,"No. 216, Jalan B18",Wangsa Maju,Federal Territory of Kuala Lumpur,53300,2025-04-18
34412,Zarina,binti Ismail,Female,014-5650104,1981-05-14,zarina34412@gmail.com,Bronze,"No. 238, Jalan G11",Gombak,Selangor,53100,2025-04-18
34413,Hui Min,Wong,Female,017-7730263,1965-05-12,hui34413@gmail.com,Gold,"No. 181, Jalan E7",Gombak,Selangor,53000,2025-04-18
34414,Hannah,binti Ismail,Female,017-6145857,1994-09-15,hannah34414@gmail.com,Bronze,"No. 249, Jalan B7",Gombak,Selangor,53000,2025-04-18
34415,Deepa,a/p Muniandy,Female,015-2350142,1972-08-20,deepa34415@gmail.com,Silver,"No. 152, Jalan A17",Petaling Jaya,Selangor,46100,2025-04-18
34416,Rachel,Teoh,Female,013-4853182,2004-04-25,rachel34416@gmail.com,Silver,"No. 217, Jalan A3",Subang Jaya,Selangor,47600,2025-04-18
34417,Wan Ying,Sim,Female,018-6166817,1991-03-23,wan34417@gmail.com,Bronze,"No. 17, Jalan B3",Bukit Jalil,Federal Territory of Kuala Lumpur,57000,2025-04-18
34418,Rachel,Foo,Female,018-1795669,1984-07-23,rachel34418@gmail.com,Gold,"No. 234, Jalan F10",Bukit Jalil,Federal Territory of Kuala Lumpur,57100,2025-04-18
34419,Fatimah,binti Hamid,Female,012-9993537,1978-04-17,fatimah34419@gmail.com,Bronze,"No. 232, Jalan D20",Bukit Jalil,Federal Territory of Kuala Lumpur,57000,2025-04-18
34420,Faizal,bin Yusof,Male,010-5675229,1981-12-27,faizal34420@gmail.com,Bronze,"No. 119, Jalan F7",Bukit Jalil,Federal Territory of Kuala Lumpur,57100,2025-04-18
34421,Wei Jie,Yeoh,Male,016-5394664,2003-03-07,wei34421@gmail.com,Bronze,"No. 288, Jalan G5",Bukit Jalil,Federal Territory of Kuala Lumpur,57000,2025-04-18
34422,Daniel,Khoo,Male,015-8442381,1980-12-24,daniel34422@gmail.com,Silver,"No. 106, Jalan D2",Kuala Lumpur,Federal Territory of Kuala Lumpur,50000,2025-04-19
34423,Alia,binti Rahman,Female,010-3113777,1989-10-14,alia34423@gmail.com,Bronze,"No. 9, Jalan A20",Sungai Buloh,Selangor,47810,2025-04-19
34424,Meena,a/p Muniandy,Female,013-4479850,1968-05-21,meena34424@gmail.com,Bronze,"No. 280, Jalan A13",Sungai Buloh,Selangor,47000,2025-04-19
34425,Ling Ling,Goh,Female,014-4345296,1968-02-15,ling34425@gmail.com,Gold,"No. 205, Jalan E18",Selayang,Selangor,68000,2025-04-19
34426,Sze Min,Sim,Female,018-9093271,2005-10-07,sze34426@gmail.com,Bronze,"No. 94, Jalan B20",Petaling Jaya,Selangor,46200,2025-04-19
34427,Haziq,bin Abdullah,Male,012-7347069,1980-05-26,haziq34427@gmail.com,Bronze,"No. 108, Jalan G1",Puchong,Selangor,47190,2025-04-19
34428,Rachel,Chin,Female,012-6956628,1981-10-18,rachel34428@gmail.com,Bronze,"No. 128, Jalan F8",Selayang,Selangor,68100,2025-04-19
34429,Mei Ling,Ng,Female,012-8070846,1994-11-08,mei34429@gmail.com,Silver,"No. 70, Jalan A10",Kulai,Johor,81000,2025-04-19
34430,Wan Ying,Ng,Female,015-3444005,2006-09-26,wan34430@gmail.com,Silver,"No. 28, Jalan F11",Johor Bahru,Johor,80100,2025-04-19
34431,Michelle,Liew,Female,016-3199990,1974-10-03,michelle34431@gmail.com,Silver,"No. 125, Jalan D2",Petaling Jaya,Selangor,47800,2025-04-19
34432,Adam,bin Rahman,Male,015-7290009,1986-10-01,adam34432@gmail.com,Silver,"No. 211, Jalan C12",George Town,Pulau Pinang,10450,2025-04-19
34433,Ganesh,a/l Subramaniam,Male,012-3215892,1999-11-18,ganesh34433@gmail.com,Silver,"No. 221, Jalan C13",Puchong,Selangor,47180,2025-04-19
34434,Nabila,binti Abdullah,Female,012-5706692,1985-09-17,nabila34434@gmail.com,Platinum,"No. 101, Jalan B10",Butterworth,Pulau Pinang,12100,2025-04-19
34435,Adam,bin Razak,Male,015-2216682,1989-08-07,adam34435@gmail.com,Silver,"No. 247, Jalan D14",Melaka,Melaka,75350,2025-04-19
34436,Yong Sheng,Tan,Male,016-2798521,1992-08-23,yong34436@gmail.com,Bronze,"No. 24, Jalan D14",Melaka,Melaka,75300,2025-04-19
34437,Nadia,binti Ismail,Female,015-2239076,1970-12-03,nadia34437@gmail.com,Silver,"No. 155, Jalan B5",Shah Alam,Selangor,40170,2025-04-19
34438,Prakash,a/l Muniandy,Male,010-2525938,1990-05-10,prakash34438@gmail.com,Bronze,"No. 48, Jalan G6",Shah Alam,Selangor,40300,2025-04-19
34439,Faizal,bin Zainal,Male,014-2343636,1989-07-05,faizal34439@gmail.com,Gold,"No. 48, Jalan B18",Petaling Jaya,Selangor,46200,2025-04-19
34440,Rohani,binti Yusof,Female,013-5398548,1985-03-23,rohani34440@gmail.com,Bronze,"No. 199, Jalan B4",Klang,Selangor,41250,2025-04-19
34441,Chong Wei,Yeoh,Male,017-3790302,1986-05-03,chong34441@gmail.com,Bronze,"No. 31, Jalan A7",Puchong,Selangor,47180,2025-04-19
34442,Nurin,binti Hamid,Female,018-5500880,1995-02-12,nurin34442@gmail.com,Bronze,"No. 91, Jalan E17",Setapak,Federal Territory of Kuala Lumpur,53100,2025-04-19
34443,Zhi Wei,Liew,Male,017-1410397,2005-12-18,zhi34443@gmail.com,Silver,"No. 40, Jalan C6",Wangsa Maju,Federal Territory of Kuala Lumpur,53200,2025-04-19
34444,Wan Ying,Chin,Female,012-5613856,1992-05-28,wan34444@gmail.com,Silver,"No. 158, Jalan G10",Gombak,Selangor,53000,2025-04-19
34445,Kavitha,a/p Subramaniam,Female,010-8760844,2003-03-23,kavitha34445@gmail.com,Bronze,"No. 157, Jalan A1",Seremban,Negeri Sembilan,70300,2025-04-19
34446,Izzati,binti Razak,Female,010-1578259,2000-06-05,izzati34446@gmail.com,Bronze,"No. 226, Jalan A6",Petaling Jaya,Selangor,46100,2025-04-19
34447,Yasmin,binti Rahman,Female,018-6388658,1985-06-25,yasmin34447@gmail.com,Bronze,"No. 9, Jalan G9",Kuantan,Pahang,25100,2025-04-19
34448,Grace,Lim,Female,018-5935242,1967-09-29,grace34448@gmail.com,Bronze,"No. 154, Jalan D15",Kajang,Selangor,43000,2025-04-19
34449,Zhi Wei,Yap,Male,017-2837388,1994-02-14,zhi34449@gmail.com,Bronze,"No. 207, Jalan E7",Kajang,Selangor,43300,2025-04-19
34450,Balqis,binti Hamid,Female,016-1197960,2005-12-28,balqis34450@gmail.com,Platinum,"No. 201, Jalan A5",Bukit Jalil,Federal Territory of Kuala Lumpur,57000,2025-04-19
34451,Amirul,bin Osman,Male,013-1497499,1998-10-13,amirul34451@gmail.com,Bronze,"No. 283, Jalan C2",Kuala Lumpur,Federal Territory of Kuala Lumpur,50000,2025-04-20
34452,Grace,Cheah,Female,019-7543738,1972-04-28,grace34452@gmail.com,Bronze,"No. 113, Jalan E1",Kuala Lumpur,Federal Territory of Kuala Lumpur,59000,2025-04-20
34453,Ravi,a/l Muniandy,Male,014-2306222,1971-04-08,ravi34453@gmail.com,Bronze,"No. 164, Jalan C20",Kuala Lumpur,Federal Territory of Kuala Lumpur,50450,2025-04-20
34454,Alia,binti Hamid,Female,010-2426747,1970-11-23,alia34454@gmail.com,Silver,"No. 214, Jalan C5",Ipoh,Perak,30100,2025-04-20
34455,Hannah,binti Hamid,Female,017-7572797,2000-06-27,hannah34455@gmail.com,Bronze,"No. 288, Jalan F1",Sungai Buloh,Selangor,47000,2025-04-20
34456,Jun Hao,Teoh,Male,019-8613124,1965-05-22,jun34456@gmail.com,Gold,"No. 178, Jalan A12",Sungai Buloh,Selangor,47820,2025-04-20
34457,Aiman,bin Abdullah,Male,016-2547291,1979-07-01,aiman34457@gmail.com,Platinum,"No. 149, Jalan C3",George Town,Pulau Pinang,10300,2025-04-20
34458,Hafiz,bin Zainal,Male,019-5720204,1968-04-25,hafiz34458@gmail.com,Bronze,"No. 27, Jalan G16",George Town,Pulau Pinang,10150,2025-04-20
34459,Amelia,binti Ismail,Female,010-7094855,1997-06-21,amelia34459@gmail.com,Bronze,"No. 291, Jalan G20",Melaka,Melaka,75350,2025-04-20
34460,Izzati,binti Ismail,Female,014-2253607,1977-05-22,izzati34460@gmail.com,Silver,"No. 147, Jalan C14",Sungai Buloh,Selangor,47000,2025-04-20
34461,Faizal,bin Abdullah,Male,010-3992532,1991-03-09,faizal34461@gmail.com,Bronze,"No. 76, Jalan A8",Shah Alam,Selangor,40400,2025-04-20
34462,Balqis,binti Hamid,Female,017-3991792,1966-10-29,balqis34462@gmail.com,Bronze,"No. 155, Jalan G4",Puchong,Selangor,47140,2025-04-20
34463,Faizal,bin Abdullah,Male,019-1378886,1996-02-13,faizal34463@gmail.com,Bronze,"No. 246, Jalan D17",Cyberjaya,Selangor,63100,2025-04-20
34464,Ling Ling,Liew,Female,016-7627163,1992-09-20,ling34464@gmail.com,Bronze,"No. 276, Jalan D11",Selayang,Selangor,68100,2025-04-20
34465,Aina,binti Rahman,Female,012-3246219,2005-03-18,aina34465@gmail.com,Gold,"No. 8, Jalan G20",Kepong,Federal Territory of Kuala Lumpur,52100,2025-04-20
34466,Farah,binti Hassan,Female,010-5313651,1983-03-28,farah34466@gmail.com,Bronze,"No. 65, Jalan G17",Wangsa Maju,Federal Territory of Kuala Lumpur,53200,2025-04-20
34467,Vanessa,Chua,Female,018-9149460,1979-05-13,vanessa34467@gmail.com,Bronze,"No. 257, Jalan C3",Gombak,Selangor,53100,2025-04-20
34468,Aina,binti Abdullah,Female,019-5803825,1999-10-10,aina34468@gmail.com,Bronze,"No. 56, Jalan E19",Gombak,Selangor,68100,2025-04-20
34469,Danial,bin Razak,Male,013-3585021,1997-04-12,danial34469@gmail.com,Silver,"No. 107, Jalan E13",Ipoh,Perak,30010,2025-04-20
34470,Li Wen,Teoh,Female,018-4340147,2007-02-10,li34470@gmail.com,Bronze,"No. 118, Jalan C7",Kuantan,Pahang,25050,2025-04-20
34471,Zulkifli,bin Abdullah,Male,017-5846232,2005-03-23,zulkifli34471@gmail.com,Bronze,"No. 206, Jalan D5",Kuantan,Pahang,25300,2025-04-20
34472,Suhaila,binti Osman,Female,012-4668433,1999-07-27,suhaila34472@gmail.com,Bronze,"No. 14, Jalan B12",Wangsa Maju,Federal Territory of Kuala Lumpur,53100,2025-04-20
34473,Priya,a/p Maniam,Female,014-5292913,1997-03-04,priya34473@gmail.com,Bronze,"No. 33, Jalan G4",Cyberjaya,Selangor,63100,2025-04-20
34474,Rachel,Loh,Female,015-6691490,1982-04-19,rachel34474@gmail.com,Silver,"No. 35, Jalan B15",Cyberjaya,Selangor,63000,2025-04-20
34475,Daniel,Lee,Male,015-3318614,1984-06-01,daniel34475@gmail.com,Silver,"No. 210, Jalan E17",Bukit Jalil,Federal Territory of Kuala Lumpur,57000,2025-04-20
34476,Michelle,Cheah,Female,019-8762331,1999-01-07,michelle34476@gmail.com,Bronze,"No. 40, Jalan G7",Bukit Jalil,Federal Territory of Kuala Lumpur,58200,2025-04-21
34477,Jasmine,Tan,Female,012-7197456,1994-05-04,jasmine34477@gmail.com,Bronze,"No. 149, Jalan G14",Petaling Jaya,Selangor,47810,2025-04-21
34478,Daniel,Goh,Male,012-4543405,2006-08-09,daniel34478@gmail.com,Bronze,"No. 295, Jalan E13",Petaling Jaya,Selangor,47800,2025-04-21
34479,Hannah,binti Zainal,Female,013-1637858,1998-01-30,hannah34479@gmail.com,Bronze,"No. 219, Jalan A1",Sungai Buloh,Selangor,47820,2025-04-21
34480,Haziq,bin Hamid,Male,014-2769753,1997-11-19,haziq34480@gmail.com,Gold,"No. 187, Jalan E5",Johor Bahru,Johor,80200,2025-04-21
34481,Prakash,a/l Ramasamy,Male,019-1436578,1985-05-27,prakash34481@gmail.com,Gold,"No. 228, Jalan B11",Melaka,Melaka,75250,2025-04-21
34482,Adam,bin Ahmad,Male,013-5925085,2003-08-17,adam34482@gmail.com,Silver,"No. 27, Jalan F12",Subang Jaya,Selangor,47650,2025-04-21
34483,Fatimah,binti Abdullah,Female,013-6769548,2007-04-18,fatimah34483@gmail.com,Silver,"No. 165, Jalan F20",Sungai Buloh,Selangor,47810,2025-04-21
34484,Hafiz,bin Hassan,Male,016-3169578,1995-01-23,hafiz34484@gmail.com,Bronze,"No. 102, Jalan A13",Sungai Buloh,Selangor,47820,2025-04-21
34485,Firdaus,bin Abdullah,Male,011-3227064,1977-06-19,firdaus34485@gmail.com,Bronze,"No. 87, Jalan D19",Puchong,Selangor,47160,2025-04-21
34486,Balqis,binti Razak,Female,014-2526020,2003-05-25,balqis34486@gmail.com,Silver,"No. 111, Jalan F7",Selayang,Selangor,68100,2025-04-21
34487,Li Wen,Teoh,Female,013-3076829,1984-06-01,li34487@gmail.com,Bronze,"No. 31, Jalan G17",Wangsa Maju,Federal Territory of Kuala Lumpur,53200,2025-04-21
34488,Siti,binti Ismail,Female,014-4819709,1979-08-18,siti34488@gmail.com,Gold,"No. 133, Jalan D2",Kepong,Federal Territory of Kuala Lumpur,52100,2025-04-21
34489,Haziq,bin Osman,Male,018-4977030,1992-03-31,haziq34489@gmail.com,Bronze,"No. 224, Jalan A19",Ipoh,Perak,31400,2025-04-21
34490,Nur Aina,binti Zainal,Female,019-2044869,1969-04-05,nur34490@gmail.com,Silver,"No. 41, Jalan D18",Seremban,Negeri Sembilan,70000,2025-04-21
34491,Nurin,binti Rahman,Female,018-7661837,2000-08-16,nurin34491@gmail.com,Bronze,"No. 216, Jalan G6",Kuantan,Pahang,25200,2025-04-21
34492,Yasmin,binti Hamid,Female,014-6722082,1995-11-12,yasmin34492@gmail.com,Bronze,"No. 69, Jalan D5",Subang Jaya,Selangor,47630,2025-04-21
34493,Anisa,binti Hassan,Female,018-5248609,1998-06-12,anisa34493@gmail.com,Gold,"No. 74, Jalan E13",Bukit Jalil,Federal Territory of Kuala Lumpur,57000,2025-04-21
34494,Anisa,binti Ismail,Female,014-1982887,1965-03-26,anisa34494@gmail.com,Bronze,"No. 14, Jalan E18",Kuala Lumpur,Federal Territory of Kuala Lumpur,59000,2025-04-22
34495,Prakash,a/l Muniandy,Male,018-5749443,2005-11-27,prakash34495@gmail.com,Bronze,"No. 117, Jalan D3",Kepong,Federal Territory of Kuala Lumpur,51200,2025-04-22
34496,Jian Ming,Cheah,Male,015-5978699,2000-05-08,jian34496@gmail.com,Bronze,"No. 80, Jalan B17",Johor Bahru,Johor,80100,2025-04-22
34497,Adam,bin Rahman,Male,019-5329190,1996-03-24,adam34497@gmail.com,Silver,"No. 155, Jalan F20",George Town,Pulau Pinang,10100,2025-04-22
34498,Alia,binti Ahmad,Female,014-6121385,1984-08-15,alia34498@gmail.com,Silver,"No. 220, Jalan G9",George Town,Pulau Pinang,10100,2025-04-22
34499,Zarina,binti Zainal,Female,016-2381236,1972-08-31,zarina34499@gmail.com,Bronze,"No. 279, Jalan F12",Setapak,Federal Territory of Kuala Lumpur,53000,2025-04-22
34500,Grace,Ong,Female,018-1742982,1977-07-03,grace34500@gmail.com,Gold,"No. 80, Jalan G4",Gombak,Selangor,68100,2025-04-22
34501,Aisyah,binti Osman,Female,014-2196757,1979-12-11,aisyah34501@gmail.com,Bronze,"No. 250, Jalan B4",Puchong,Selangor,47190,2025-04-22
34502,Lakshmi,a/p Ramasamy,Female,014-8581018,1994-08-21,lakshmi34502@gmail.com,Bronze,"No. 282, Jalan D15",Seremban,Negeri Sembilan,70000,2025-04-22
34503,Ganesh,a/l Krishnan,Male,015-7584479,1980-04-17,ganesh34503@gmail.com,Silver,"No. 135, Jalan E18",Kajang,Selangor,43100,2025-04-22
34504,Yong Sheng,Chan,Male,015-2715687,1965-07-07,yong34504@gmail.com,Bronze,"No. 33, Jalan F1",Kuala Lumpur,Federal Territory of Kuala Lumpur,50450,2025-04-22
34505,Kavitha,a/p Subramaniam,Female,013-3636241,1985-03-17,kavitha34505@gmail.com,Bronze,"No. 177, Jalan C10",Bukit Jalil,Federal Territory of Kuala Lumpur,57100,2025-04-23
34506,Yasmin,binti Osman,Female,017-2840641,1967-10-15,yasmin34506@gmail.com,Platinum,"No. 110, Jalan F8",Setapak,Federal Territory of Kuala Lumpur,53300,2025-04-23
34507,Li Wen,Chan,Female,011-4843441,1965-09-29,li34507@gmail.com,Gold,"No. 46, Jalan C7",Petaling Jaya,Selangor,46050,2025-04-23
34508,Aiman,bin Zainal,Male,016-2736463,1973-11-06,aiman34508@gmail.com,Bronze,"No. 163, Jalan C18",Johor Bahru,Johor,81300,2025-04-23
34509,Anisa,binti Ismail,Female,011-3318263,2001-08-21,anisa34509@gmail.com,Silver,"No. 145, Jalan E7",Johor Bahru,Johor,80100,2025-04-23
34510,Anjali,a/p Muniandy,Female,019-8725378,1990-07-07,anjali34510@gmail.com,Silver,"No. 30, Jalan A11",George Town,Pulau Pinang,10050,2025-04-23
34511,Rachel,Yap,Female,014-6132455,1989-01-17,rachel34511@gmail.com,Bronze,"No. 15, Jalan B17",Melaka,Melaka,75300,2025-04-23
34512,Kevin,Foo,Male,017-9028871,1981-11-21,kevin34512@gmail.com,Bronze,"No. 283, Jalan D18",Puchong,Selangor,47130,2025-04-23
34513,Jian Ming,Goh,Male,017-1075214,1979-11-29,jian34513@gmail.com,Gold,"No. 51, Jalan C7",Shah Alam,Selangor,40450,2025-04-23
34514,Nurul Huda,binti Zainal,Female,012-2775203,1968-12-10,nurul34514@gmail.com,Silver,"No. 257, Jalan F11",Shah Alam,Selangor,40160,2025-04-23
34515,Chong Wei,Ng,Male,013-5699326,1999-01-04,chong34515@gmail.com,Silver,"No. 113, Jalan F12",Klang,Selangor,41150,2025-04-23
34516,Sze Min,Wong,Female,016-2553799,1981-11-29,sze34516@gmail.com,Platinum,"No. 52, Jalan A9",Puchong,Selangor,47110,2025-04-23
34517,Wei Jie,Goh,Male,014-3486598,1964-06-14,wei34517@gmail.com,Bronze,"No. 51, Jalan C13",Puchong,Selangor,47170,2025-04-23
34518,Aisyah,binti Razak,Female,013-5471735,1978-08-03,aisyah34518@gmail.com,Silver,"No. 228, Jalan D17",Puchong,Selangor,47190,2025-04-23
34519,Faizal,bin Osman,Male,015-5052265,1982-05-07,faizal34519@gmail.com,Bronze,"No. 277, Jalan B19",Kajang,Selangor,43000,2025-04-23
34520,Nurul Huda,binti Zainal,Female,014-6603656,1974-03-01,nurul34520@gmail.com,Gold,"No. 233, Jalan C6",Klang,Selangor,41050,2025-04-23
34521,Deepa,a/p Krishnan,Female,013-9902564,1991-02-17,deepa34521@gmail.com,Gold,"No. 11, Jalan A4",Selayang,Selangor,68100,2025-04-23
34522,Fatimah,binti Abdullah,Female,010-9997338,1993-02-03,fatimah34522@gmail.com,Silver,"No. 219, Jalan E1",Setapak,Federal Territory of Kuala Lumpur,53300,2025-04-23
34523,Mei Ling,Khoo,Female,014-2709129,2005-04-14,mei34523@gmail.com,Bronze,"No. 216, Jalan G17",Seremban,Negeri Sembilan,70500,2025-04-23
34524,Haziq,bin Hassan,Male,011-8282369,1997-09-21,haziq34524@gmail.com,Bronze,"No. 135, Jalan E5",Seremban,Negeri Sembilan,70100,2025-04-23
34525,Chloe,Lee,Female,016-3040851,1995-07-28,chloe34525@gmail.com,Bronze,"No. 58, Jalan A7",Seremban,Negeri Sembilan,70000,2025-04-23
34526,Shu Fen,Teoh,Female,014-4285291,1994-07-09,shu34526@gmail.com,Bronze,"No. 235, Jalan C4",Kuala Lumpur,Federal Territory of Kuala Lumpur,59000,2025-04-24
34527,Nabila,binti Osman,Female,011-5733887,1994-01-01,nabila34527@gmail.com,Bronze,"No. 212, Jalan G19",Petaling Jaya,Selangor,47400,2025-04-24
34528,Kevin,Yeoh,Male,010-8203894,1980-06-13,kevin34528@gmail.com,Silver,"No. 71, Jalan G1",Petaling Jaya,Selangor,47400,2025-04-24
34529,Li Wen,Chua,Female,013-5491174,1972-10-29,li34529@gmail.com,Platinum,"No. 298, Jalan C3",Petaling Jaya,Selangor,46050,2025-04-24
34530,Nur Aina,binti Osman,Female,013-5603039,1996-10-14,nur34530@gmail.com,Bronze,"No. 73, Jalan F9",Johor Bahru,Johor,80000,2025-04-24
34531,Shalini,a/p Subramaniam,Female,011-6990769,1967-06-12,shalini34531@gmail.com,Platinum,"No. 178, Jalan C11",Kulai,Johor,81030,2025-04-24
34532,Wei Jie,Foo,Male,012-3466752,1996-08-24,wei34532@gmail.com,Bronze,"No. 16, Jalan D2",Johor Bahru,Johor,81200,2025-04-24
34533,Aina,binti Razak,Female,011-4433990,1987-06-24,aina34533@gmail.com,Silver,"No. 82, Jalan C8",Melaka,Melaka,75300,2025-04-24
34534,Anisa,binti Hamid,Female,013-5906336,1977-08-04,anisa34534@gmail.com,Bronze,"No. 65, Jalan D19",Selayang,Selangor,68100,2025-04-24
34535,Aiman,bin Ismail,Male,016-7847598,1973-07-26,aiman34535@gmail.com,Bronze,"No. 72, Jalan D1",Shah Alam,Selangor,40100,2025-04-24
34536,Alia,binti Abdullah,Female,016-4198793,1994-06-19,alia34536@gmail.com,Bronze,"No. 93, Jalan E11",Gombak,Selangor,53000,2025-04-24
34537,Kumar,a/l Maniam,Male,013-6293426,1978-04-22,kumar34537@gmail.com,Bronze,"No. 93, Jalan C15",Puchong,Selangor,47190,2025-04-24
34538,Kevin,Yap,Male,016-6256118,1970-03-06,kevin34538@gmail.com,Silver,"No. 57, Jalan E1",Bangi,Selangor,43650,2025-04-24
34539,Anjali,a/p Ramasamy,Female,012-6342965,1992-10-20,anjali34539@gmail.com,Platinum,"No. 10, Jalan G4",Selayang,Selangor,68000,2025-04-24
34540,Jasmine,Sim,Female,011-3438973,1988-08-12,jasmine34540@gmail.com,Silver,"No. 52, Jalan E11",Selayang,Selangor,68000,2025-04-24
34541,Firdaus,bin Osman,Male,010-9236421,1984-04-16,firdaus34541@gmail.com,Gold,"No. 181, Jalan C9",Ipoh,Perak,30020,2025-04-24
34542,Prakash,a/l Subramaniam,Male,018-8762189,2002-09-28,prakash34542@gmail.com,Silver,"No. 113, Jalan B9",Seremban,Negeri Sembilan,70500,2025-04-24
34543,Jun Hao,Yap,Male,013-4615181,2001-09-02,jun34543@gmail.com,Silver,"No. 74, Jalan B13",Kuantan,Pahang,25050,2025-04-24
34544,Kok Wai,Lim,Male,016-9272791,1982-10-17,kok34544@gmail.com,Bronze,"No. 101, Jalan A17",Kuantan,Pahang,25200,2025-04-24
34545,Nabila,binti Ismail,Female,019-2037652,1979-02-27,nabila34545@gmail.com,Bronze,"No. 31, Jalan G16",Gombak,Selangor,53000,2025-04-24
34546,Irfan,bin Yusof,Male,010-9022718,1984-02-04,irfan34546@gmail.com,Bronze,"No. 89, Jalan D13",Temerloh,Pahang,28000,2025-04-24
34547,Nurin,binti Hassan,Female,014-1719926,1970-04-16,nurin34547@gmail.com,Bronze,"No. 10, Jalan C14",Subang Jaya,Selangor,47620,2025-04-24
34548,Hui Min,Liew,Female,013-9491987,2003-03-18,hui34548@gmail.com,Bronze,"No. 63, Jalan E10",Bukit Jalil,Federal Territory of Kuala Lumpur,57000,2025-04-24
34549,Faizal,bin Hassan,Male,017-9803067,1999-02-21,faizal34549@gmail.com,Bronze,"No. 207, Jalan E19",Kajang,Selangor,43300,2025-04-24
34550,Shu Fen,Tan,Female,010-9414914,1979-10-23,shu34550@gmail.com,Bronze,"No. 71, Jalan B12",Kuala Lumpur,Federal Territory of Kuala Lumpur,50480,2025-04-25
34551,Shu Fen,Yeoh,Female,017-4786858,1985-01-01,shu34551@gmail.com,Silver,"No. 180, Jalan G20",Kuala Lumpur,Federal Territory of Kuala Lumpur,59200,2025-04-25
34552,Danial,bin Razak,Male,013-5113469,1983-11-04,danial34552@gmail.com,Bronze,"No. 245, Jalan B17",Setapak,Federal Territory of Kuala Lumpur,53100,2025-04-25
34553,Prakash,a/l Maniam,Male,011-1104423,1964-04-07,prakash34553@gmail.com,Gold,"No. 51, Jalan G10",Kuala Lumpur,Federal Territory of Kuala Lumpur,56000,2025-04-25
34554,Deepa,a/p Subramaniam,Female,015-7306237,1980-12-27,deepa34554@gmail.com,Bronze,"No. 192, Jalan A10",George Town,Pulau Pinang,10300,2025-04-25
34555,Hafiz,bin Yusof,Male,011-8534159,1981-08-22,hafiz34555@gmail.com,Bronze,"No. 185, Jalan D9",Klang,Selangor,41000,2025-04-25
34556,Zarina,binti Zainal,Female,018-6331811,1999-11-26,zarina34556@gmail.com,Bronze,"No. 277, Jalan A9",Shah Alam,Selangor,40150,2025-04-25
34557,Firdaus,bin Abdullah,Male,013-7346343,2005-10-20,firdaus34557@gmail.com,Bronze,"No. 5, Jalan F4",Sungai Buloh,Selangor,47810,2025-04-25
34558,Danial,bin Ismail,Male,012-2184878,2002-02-14,danial34558@gmail.com,Silver,"No. 126, Jalan B3",Bangi,Selangor,43650,2025-04-25
34559,Kok Wai,Ng,Male,012-6752763,1975-07-03,kok34559@gmail.com,Bronze,"No. 15, Jalan B13",Puchong,Selangor,47110,2025-04-25
34560,Jian Ming,Chan,Male,019-5934574,1965-12-19,jian34560@gmail.com,Silver,"No. 115, Jalan D16",Puchong,Selangor,47170,2025-04-25
34561,Prakash,a/l Rajan,Male,013-1362733,1984-08-07,prakash34561@gmail.com,Bronze,"No. 252, Jalan G19",Puchong,Selangor,47130,2025-04-25
34562,Siti,binti Osman,Female,010-3166244,1991-04-24,siti34562@gmail.com,Silver,"No. 48, Jalan G12",Selayang,Selangor,68000,2025-04-25
34563,Danial,bin Osman,Male,015-6871415,1974-07-23,danial34563@gmail.com,Silver,"No. 56, Jalan A18",Setapak,Federal Territory of Kuala Lumpur,53000,2025-04-25
34564,Rachel,Teoh,Female,014-1203289,1980-06-20,rachel34564@gmail.com,Bronze,"No. 66, Jalan E8",Kuala Lumpur,Federal Territory of Kuala Lumpur,55100,2025-04-25
34565,Chong Wei,Lim,Male,015-4296875,1982-01-14,chong34565@gmail.com,Silver,"No. 57, Jalan F12",Wangsa Maju,Federal Territory of Kuala Lumpur,53200,2025-04-25
34566,Zarina,binti Hamid,Female,011-9082387,1968-03-29,zarina34566@gmail.com,Silver,"No. 257, Jalan A6",Wangsa Maju,Federal Territory of Kuala Lumpur,53200,2025-04-25
34567,Kavitha,a/p Rajan,Female,019-8474153,1978-08-16,kavitha34567@gmail.com,Silver,"No. 268, Jalan F18",Gombak,Selangor,53000,2025-04-25
34568,Nabila,binti Rahman,Female,017-7227816,1984-08-09,nabila34568@gmail.com,Gold,"No. 255, Jalan B1",Ipoh,Perak,30000,2025-04-25
34569,Kevin,Loh,Male,019-4782542,1980-07-13,kevin34569@gmail.com,Bronze,"No. 287, Jalan E13",Kajang,Selangor,43200,2025-04-25
34570,Izzati,binti Ismail,Female,012-9055402,1988-01-18,izzati34570@gmail.com,Bronze,"No. 293, Jalan A14",Subang Jaya,Selangor,47620,2025-04-25
34571,Aiman,bin Razak,Male,010-7715520,1992-08-15,aiman34571@gmail.com,Silver,"No. 287, Jalan A2",Bukit Jalil,Federal Territory of Kuala Lumpur,57000,2025-04-25
34572,Nurul Huda,binti Abdullah,Female,019-1831566,2002-10-09,nurul34572@gmail.com,Silver,"No. 102, Jalan A6",Bukit Jalil,Federal Territory of Kuala Lumpur,57100,2025-04-25
34573,Nur Aina,binti Abdullah,Female,010-3883574,1971-01-21,nur34573@gmail.com,Bronze,"No. 218, Jalan D15",Kuala Lumpur,Federal Territory of Kuala Lumpur,55100,2025-04-26
34574,Rachel,Chan,Female,011-8756219,1989-07-26,rachel34574@gmail.com,Bronze,"No. 95, Jalan A16",Wangsa Maju,Federal Territory of Kuala Lumpur,53200,2025-04-26
34575,Nurul Huda,binti Ahmad,Female,011-5299651,1970-09-27,nurul34575@gmail.com,Gold,"No. 121, Jalan F1",Puchong,Selangor,47180,2025-04-26
34576,Wan Ying,Lim,Female,018-6660243,2007-02-07,wan34576@gmail.com,Bronze,"No. 11, Jalan G11",Petaling Jaya,Selangor,46300,2025-04-26
34577,Farah,binti Ahmad,Female,011-7965900,2003-09-14,farah34577@gmail.com,Gold,"No. 164, Jalan G11",Petaling Jaya,Selangor,47400,2025-04-26
34578,Nurul Huda,binti Yusof,Female,016-9211305,1976-01-16,nurul34578@gmail.com,Bronze,"No. 283, Jalan A20",Petaling Jaya,Selangor,46100,2025-04-26
34579,Syafiq,bin Abdullah,Male,014-4488059,1981-08-05,syafiq34579@gmail.com,Platinum,"No. 265, Jalan G9",Sungai Buloh,Selangor,47810,2025-04-26
34580,Nabila,binti Zainal,Female,013-5317174,1989-11-02,nabila34580@gmail.com,Bronze,"No. 173, Jalan G7",Shah Alam,Selangor,40000,2025-04-26
34581,Chong Wei,Cheah,Male,013-8733982,1982-03-12,chong34581@gmail.com,Bronze,"No. 252, Jalan A13",Melaka,Melaka,75200,2025-04-26
34582,Arjun,a/l Muniandy,Male,010-4002194,1976-08-22,arjun34582@gmail.com,Silver,"No. 153, Jalan D16",Melaka,Melaka,75350,2025-04-26
34583,Anjali,a/p Subramaniam,Female,013-7015804,1966-12-31,anjali34583@gmail.com,Silver,"No. 121, Jalan E13",Shah Alam,Selangor,40300,2025-04-26
34584,Fatimah,binti Osman,Female,019-1155931,1964-01-21,fatimah34584@gmail.com,Bronze,"No. 110, Jalan C20",Klang,Selangor,42100,2025-04-26
34585,Farah,binti Rahman,Female,019-7467979,1996-09-27,farah34585@gmail.com,Bronze,"No. 94, Jalan A17",Klang,Selangor,41000,2025-04-26
34586,Vikram,a/l Subramaniam,Male,014-7437054,1973-09-24,vikram34586@gmail.com,Gold,"No. 2, Jalan F7",Sungai Buloh,Selangor,47810,2025-04-26
34587,Kavitha,a/p Krishnan,Female,017-2714775,2000-08-21,kavitha34587@gmail.com,Silver,"No. 188, Jalan G14",Puchong,Selangor,47190,2025-04-26
34588,Rachel,Wong,Female,019-6002768,2006-03-24,rachel34588@gmail.com,Bronze,"No. 47, Jalan A7",Setapak,Federal Territory of Kuala Lumpur,53300,2025-04-26
34589,Chloe,Ong,Female,015-7662869,1986-11-23,chloe34589@gmail.com,Silver,"No. 115, Jalan C20",Kepong,Federal Territory of Kuala Lumpur,52000,2025-04-26
34590,Chloe,Chan,Female,018-2248917,1986-12-24,chloe34590@gmail.com,Bronze,"No. 257, Jalan F1",Kepong,Federal Territory of Kuala Lumpur,51200,2025-04-26
34591,Jia Yi,Lim,Female,018-7319092,1996-04-29,jia34591@gmail.com,Silver,"No. 123, Jalan A15",Selayang,Selangor,68000,2025-04-26
34592,Nur Aina,binti Osman,Female,013-7700924,1972-08-31,nur34592@gmail.com,Bronze,"No. 5, Jalan C16",Seremban,Negeri Sembilan,70300,2025-04-26
34593,Siti,binti Razak,Female,010-5681814,1994-08-02,siti34593@gmail.com,Gold,"No. 118, Jalan C3",Temerloh,Pahang,28000,2025-04-26
34594,Wei Hong,Chan,Male,017-2222919,1994-05-24,wei34594@gmail.com,Gold,"No. 37, Jalan A12",Kuantan,Pahang,25200,2025-04-26
34595,Nadia,binti Razak,Female,013-8456633,2001-04-09,nadia34595@gmail.com,Bronze,"No. 172, Jalan B20",Bukit Jalil,Federal Territory of Kuala Lumpur,57000,2025-04-26
34596,Farah,binti Ahmad,Female,016-4300551,1997-11-04,farah34596@gmail.com,Bronze,"No. 13, Jalan B15",Bukit Jalil,Federal Territory of Kuala Lumpur,58200,2025-04-26
34597,Chloe,Tan,Female,010-1383229,1999-07-12,chloe34597@gmail.com,Silver,"No. 29, Jalan C15",Kuala Lumpur,Federal Territory of Kuala Lumpur,50450,2025-04-27
34598,Li Wen,Cheah,Female,012-8950977,1988-11-02,li34598@gmail.com,Bronze,"No. 45, Jalan A1",Kuala Lumpur,Federal Territory of Kuala Lumpur,50000,2025-04-27
34599,Yong Sheng,Foo,Male,017-9889880,2006-11-23,yong34599@gmail.com,Silver,"No. 55, Jalan F1",Petaling Jaya,Selangor,46000,2025-04-27
34600,Aisyah,binti Ahmad,Female,012-2130162,1978-03-02,aisyah34600@gmail.com,Silver,"No. 269, Jalan A7",Kuantan,Pahang,25250,2025-04-27
34601,Wan Ying,Foo,Female,010-8029463,1996-03-15,wan34601@gmail.com,Platinum,"No. 36, Jalan A1",Johor Bahru,Johor,80300,2025-04-27
34602,Balqis,binti Hamid,Female,010-3713607,2001-04-29,balqis34602@gmail.com,Bronze,"No. 95, Jalan C13",Sungai Buloh,Selangor,47000,2025-04-27
34603,Nadia,binti Osman,Female,017-1703897,1989-03-09,nadia34603@gmail.com,Bronze,"No. 135, Jalan F7",Klang,Selangor,41050,2025-04-27
34604,Kai Xin,Cheah,Female,013-4346618,1970-01-13,kai34604@gmail.com,Bronze,"No. 205, Jalan G16",Puchong,Selangor,47110,2025-04-27
34605,Jun Hao,Lee,Male,017-5626789,1980-02-17,jun34605@gmail.com,Bronze,"No. 176, Jalan E11",Puchong,Selangor,47100,2025-04-27
34606,Jasmine,Chong,Female,017-2848555,1996-02-06,jasmine34606@gmail.com,Bronze,"No. 70, Jalan D3",Sungai Buloh,Selangor,47810,2025-04-27
34607,Jun Hao,Lee,Male,016-7032539,1986-08-03,jun34607@gmail.com,Gold,"No. 42, Jalan G2",Wangsa Maju,Federal Territory of Kuala Lumpur,53100,2025-04-27
34608,Xin Yi,Goh,Female,010-4297277,2005-01-08,xin34608@gmail.com,Platinum,"No. 294, Jalan A15",Wangsa Maju,Federal Territory of Kuala Lumpur,53100,2025-04-27
34609,Hannah,binti Rahman,Female,017-3277114,1998-09-29,hannah34609@gmail.com,Bronze,"No. 221, Jalan E10",Ipoh,Perak,30100,2025-04-27
34610,Wan Ying,Chong,Female,010-8973065,2000-08-11,wan34610@gmail.com,Bronze,"No. 198, Jalan B2",Taiping,Perak,34600,2025-04-27
34611,Li Wen,Wong,Female,014-1619041,2006-07-02,li34611@gmail.com,Gold,"No. 179, Jalan F13",Ipoh,Perak,30100,2025-04-27
34612,Suhaila,binti Razak,Female,016-2759737,1968-08-07,suhaila34612@gmail.com,Silver,"No. 227, Jalan C14",Kuantan,Pahang,25250,2025-04-27
34613,Jasmine,Teoh,Female,015-1154431,1970-07-11,jasmine34613@gmail.com,Silver,"No. 296, Jalan B8",Kuantan,Pahang,25200,2025-04-27
34614,Emily,Yap,Female,017-9418188,1979-03-19,emily34614@gmail.com,Silver,"No. 299, Jalan A10",Kuantan,Pahang,26060,2025-04-27
34615,Yasmin,binti Ismail,Female,015-3596441,1972-05-08,yasmin34615@gmail.com,Gold,"No. 164, Jalan G10",Bukit Jalil,Federal Territory of Kuala Lumpur,57000,2025-04-27
34616,Adam,bin Hamid,Male,017-9069269,1982-02-13,adam34616@gmail.com,Silver,"No. 72, Jalan B14",Bukit Jalil,Federal Territory of Kuala Lumpur,58200,2025-04-27
34617,Hannah,binti Ahmad,Female,015-3930337,2001-01-07,hannah34617@gmail.com,Silver,"No. 255, Jalan A16",Kuala Lumpur,Federal Territory of Kuala Lumpur,55200,2025-04-28
34618,Faizal,bin Zainal,Male,010-6252333,1982-04-18,faizal34618@gmail.com,Gold,"No. 252, Jalan F8",Sungai Buloh,Selangor,47000,2025-04-28
34619,Li Wen,Yeoh,Female,010-1383214,1998-07-31,li34619@gmail.com,Bronze,"No. 280, Jalan C14",Petaling Jaya,Selangor,47400,2025-04-28
34620,Jian Ming,Foo,Male,015-2346342,1964-08-02,jian34620@gmail.com,Bronze,"No. 15, Jalan B6",Petaling Jaya,Selangor,47810,2025-04-28
34621,Thivya,a/p Rajan,Female,010-3319761,1980-01-26,thivya34621@gmail.com,Bronze,"No. 58, Jalan B14",Petaling Jaya,Selangor,47810,2025-04-28
34622,Haziq,bin Ismail,Male,016-8597974,1977-01-18,haziq34622@gmail.com,Silver,"No. 221, Jalan G2",Johor Bahru,Johor,80350,2025-04-28
34623,Syafiq,bin Rahman,Male,010-6468700,1982-05-23,syafiq34623@gmail.com,Silver,"No. 149, Jalan B6",Shah Alam,Selangor,40400,2025-04-28
34624,Nurul Huda,binti Osman,Female,010-3529827,1967-03-22,nurul34624@gmail.com,Silver,"No. 25, Jalan C12",Shah Alam,Selangor,40300,2025-04-28
34625,Arjun,a/l Maniam,Male,018-2651142,1976-01-26,arjun34625@gmail.com,Bronze,"No. 196, Jalan D19",Klang,Selangor,42100,2025-04-28
34626,Chong Wei,Ng,Male,019-2984811,1977-07-18,chong34626@gmail.com,Platinum,"No. 12, Jalan C6",Puchong,Selangor,47190,2025-04-28
34627,Jasmine,Yeoh,Female,018-3677682,1970-02-14,jasmine34627@gmail.com,Bronze,"No. 106, Jalan G17",Kuantan,Pahang,25000,2025-04-28
34628,Syafiq,bin Abdullah,Male,013-7584627,1977-10-25,syafiq34628@gmail.com,Silver,"No. 88, Jalan B6",Subang Jaya,Selangor,47600,2025-04-28
34629,Chong Wei,Loh,Male,015-1287522,1972-06-01,chong34629@gmail.com,Silver,"No. 106, Jalan F3",Kuala Lumpur,Federal Territory of Kuala Lumpur,56000,2025-04-29
34630,Nurul Huda,binti Hamid,Female,018-5438625,1988-06-13,nurul34630@gmail.com,Platinum,"No. 289, Jalan D12",Bukit Jalil,Federal Territory of Kuala Lumpur,57000,2025-04-29
34631,Hannah,binti Razak,Female,013-5227166,1976-02-02,hannah34631@gmail.com,Bronze,"No. 226, Jalan B20",Johor Bahru,Johor,81100,2025-04-29
34632,Kok Wai,Chin,Male,014-6204151,1979-04-08,kok34632@gmail.com,Silver,"No. 240, Jalan F4",Johor Bahru,Johor,80000,2025-04-29
34633,Farah,binti Rahman,Female,019-8297663,1967-07-17,farah34633@gmail.com,Gold,"No. 40, Jalan C15",Melaka,Melaka,75250,2025-04-29
34634,Nur Aina,binti Hassan,Female,017-6422862,1984-08-01,nur34634@gmail.com,Bronze,"No. 180, Jalan B11",Shah Alam,Selangor,40400,2025-04-29
34635,Jia Yi,Chong,Female,010-9538060,2001-09-02,jia34635@gmail.com,Gold,"No. 280, Jalan C2",Sungai Buloh,Selangor,47820,2025-04-29
34636,Rohani,binti Ahmad,Female,016-3604535,2005-03-02,rohani34636@gmail.com,Bronze,"No. 208, Jalan G16",Puchong,Selangor,47140,2025-04-29
34637,Wei Hong,Yeoh,Male,012-6152898,1998-03-17,wei34637@gmail.com,Gold,"No. 142, Jalan D11",Shah Alam,Selangor,40000,2025-04-29
34638,Kok Wai,Lim,Male,012-2755990,1996-05-12,kok34638@gmail.com,Silver,"No. 149, Jalan F14",Shah Alam,Selangor,40460,2025-04-29
34639,Nur Aina,binti Hassan,Female,016-4371802,1992-12-24,nur34639@gmail.com,Silver,"No. 221, Jalan B8",Petaling Jaya,Selangor,47301,2025-04-29
34640,Izzati,binti Yusof,Female,011-3454996,1978-09-05,izzati34640@gmail.com,Bronze,"No. 257, Jalan E5",Sungai Buloh,Selangor,47000,2025-04-29
34641,Wei Jie,Chua,Male,019-5206982,1979-06-17,wei34641@gmail.com,Bronze,"No. 119, Jalan G16",Selayang,Selangor,68000,2025-04-29
34642,Nur Aina,binti Hamid,Female,019-2544538,2003-11-02,nur34642@gmail.com,Bronze,"No. 9, Jalan G18",Gombak,Selangor,53100,2025-04-29
34643,Hannah,binti Hassan,Female,018-9829846,1969-04-30,hannah34643@gmail.com,Gold,"No. 215, Jalan D5",Ipoh,Perak,30200,2025-04-29
34644,Amelia,binti Zainal,Female,015-4976375,1988-12-01,amelia34644@gmail.com,Bronze,"No. 100, Jalan D17",Subang Jaya,Selangor,47500,2025-04-29
34645,Jia Yi,Chua,Female,017-3161723,1979-11-08,jia34645@gmail.com,Bronze,"No. 28, Jalan F20",Bukit Jalil,Federal Territory of Kuala Lumpur,58200,2025-04-29
34646,Alia,binti Razak,Female,016-4477673,1966-04-22,alia34646@gmail.com,Bronze,"No. 115, Jalan E15",Bukit Jalil,Federal Territory of Kuala Lumpur,57100,2025-04-29
34647,Haziq,bin Osman,Male,016-2653913,1996-01-18,haziq34647@gmail.com,Platinum,"No. 11, Jalan F15",Kuala Lumpur,Federal Territory of Kuala Lumpur,50480,2025-04-30
34648,Michelle,Cheah,Female,012-8236267,2003-02-22,michelle34648@gmail.com,Silver,"No. 62, Jalan G4",Johor Bahru,Johor,80200,2025-04-30
34649,Arjun,a/l Maniam,Male,010-5009956,1992-06-12,arjun34649@gmail.com,Bronze,"No. 98, Jalan A14",George Town,Pulau Pinang,10050,2025-04-30
34650,Jun Hao,Lee,Male,018-8751434,1987-02-17,jun34650@gmail.com,Bronze,"No. 38, Jalan A13",Johor Bahru,Johor,80200,2025-04-30
34651,Hafiz,bin Hamid,Male,013-1882861,1976-05-18,hafiz34651@gmail.com,Bronze,"No. 120, Jalan G8",Shah Alam,Selangor,40300,2025-04-30
34652,Thivya,a/p Subramaniam,Female,019-4370160,1988-12-07,thivya34652@gmail.com,Bronze,"No. 120, Jalan D1",Selayang,Selangor,68000,2025-04-30
34653,Anjali,a/p Subramaniam,Female,010-5650010,1978-01-03,anjali34653@gmail.com,Bronze,"No. 65, Jalan B17",Shah Alam,Selangor,40300,2025-04-30
34654,Jun Hao,Chua,Male,016-9158464,2004-03-06,jun34654@gmail.com,Bronze,"No. 153, Jalan G4",Petaling Jaya,Selangor,46300,2025-04-30
34655,Vikram,a/l Maniam,Male,019-7994509,2003-05-20,vikram34655@gmail.com,Gold,"No. 115, Jalan B14",Wangsa Maju,Federal Territory of Kuala Lumpur,53300,2025-04-30
34656,Yee Ling,Chua,Female,019-1257568,1980-09-30,yee34656@gmail.com,Bronze,"No. 291, Jalan F10",Subang Jaya,Selangor,47600,2025-04-30
34657,Aiman,bin Hamid,Male,015-3348281,1989-12-31,aiman34657@gmail.com,Bronze,"No. 63, Jalan F18",Puchong,Selangor,47150,2025-04-30
34658,Firdaus,bin Razak,Male,011-9380312,1981-09-10,firdaus34658@gmail.com,Gold,"No. 82, Jalan A3",Seremban,Negeri Sembilan,70200,2025-04-30
34659,Firdaus,bin Abdullah,Male,014-4936887,1976-01-17,firdaus34659@gmail.com,Gold,"No. 59, Jalan B14",Subang Jaya,Selangor,47610,2025-04-30
34660,Rohani,binti Ahmad,Female,019-5670953,2002-08-25,rohani34660@gmail.com,Gold,"No. 93, Jalan D7",Subang Jaya,Selangor,47620,2025-04-30
34661,Vikram,a/l Krishnan,Male,016-2104972,1973-02-19,vikram34661@gmail.com,Bronze,"No. 97, Jalan E20",Setapak,Federal Territory of Kuala Lumpur,53100,2025-04-30
34662,Jasmine,Wong,Female,011-2437214,1974-12-03,jasmine34662@gmail.com,Bronze,"No. 265, Jalan D3",Bukit Jalil,Federal Territory of Kuala Lumpur,58200,2025-04-30
34663,Sharmila,a/p Krishnan,Female,018-4081201,1990-10-28,sharmila34663@gmail.com,Bronze,"No. 59, Jalan B12",Kuala Lumpur,Federal Territory of Kuala Lumpur,58000,2025-05-01
34664,Meena,a/p Ramasamy,Female,011-1566620,2002-05-23,meena34664@gmail.com,Silver,"No. 216, Jalan G17",Kuala Lumpur,Federal Territory of Kuala Lumpur,58000,2025-05-01
34665,Xin Yi,Chong,Female,015-5159605,1965-09-19,xin34665@gmail.com,Gold,"No. 127, Jalan C3",Kuala Lumpur,Federal Territory of Kuala Lumpur,55100,2025-05-01
34666,Haziq,bin Hassan,Male,019-2253508,1971-07-30,haziq34666@gmail.com,Bronze,"No. 84, Jalan A10",Wangsa Maju,Federal Territory of Kuala Lumpur,53100,2025-05-01
34667,Amelia,binti Hamid,Female,018-4218361,1994-08-04,amelia34667@gmail.com,Silver,"No. 237, Jalan F6",Sungai Buloh,Selangor,47820,2025-05-01
34668,Zheng Yang,Foo,Male,012-1681007,1973-03-19,zheng34668@gmail.com,Platinum,"No. 270, Jalan D19",Petaling Jaya,Selangor,46000,2025-05-01
34669,Nabila,binti Ismail,Female,019-2879480,1994-04-11,nabila34669@gmail.com,Silver,"No. 68, Jalan F6",Johor Bahru,Johor,80100,2025-05-01
34670,Balqis,binti Razak,Female,010-1914756,1978-11-03,balqis34670@gmail.com,Platinum,"No. 87, Jalan B1",George Town,Pulau Pinang,10200,2025-05-01
34671,Yasmin,binti Ahmad,Female,010-7857783,1981-08-21,yasmin34671@gmail.com,Silver,"No. 220, Jalan D18",Kuantan,Pahang,25000,2025-05-01
34672,Thivya,a/p Muniandy,Female,010-9720025,1989-01-30,thivya34672@gmail.com,Platinum,"No. 140, Jalan C11",Melaka,Melaka,75350,2025-05-01
34673,Faizal,bin Osman,Male,019-4346676,1986-12-24,faizal34673@gmail.com,Bronze,"No. 269, Jalan G4",Shah Alam,Selangor,40300,2025-05-01
34674,Li Wen,Teoh,Female,015-4784800,2003-11-26,li34674@gmail.com,Bronze,"No. 136, Jalan D5",Shah Alam,Selangor,40100,2025-05-01
34675,Alia,binti Rahman,Female,012-3874525,1974-02-01,alia34675@gmail.com,Bronze,"No. 288, Jalan B6",Shah Alam,Selangor,40170,2025-05-01
34676,Hafiz,bin Ismail,Male,013-8085064,1971-06-17,hafiz34676@gmail.com,Gold,"No. 62, Jalan A17",Shah Alam,Selangor,40400,2025-05-01
34677,Haziq,bin Ismail,Male,012-8437969,1982-05-28,haziq34677@gmail.com,Bronze,"No. 76, Jalan C1",Puchong,Selangor,47100,2025-05-01
34678,Chong Wei,Wong,Male,014-8830533,2002-01-20,chong34678@gmail.com,Bronze,"No. 277, Jalan D20",Puchong,Selangor,47150,2025-05-01
34679,Arjun,a/l Subramaniam,Male,018-5894474,2006-01-16,arjun34679@gmail.com,Bronze,"No. 76, Jalan G10",Puchong,Selangor,47140,2025-05-01
34680,Anisa,binti Ahmad,Female,011-2941392,1983-07-25,anisa34680@gmail.com,Bronze,"No. 203, Jalan A7",Puchong,Selangor,47150,2025-05-01
34681,Rohani,binti Zainal,Female,019-4587406,1971-09-28,rohani34681@gmail.com,Silver,"No. 39, Jalan A16",Setapak,Federal Territory of Kuala Lumpur,53300,2025-05-01
34682,Shalini,a/p Ramasamy,Female,016-6898033,1975-02-22,shalini34682@gmail.com,Bronze,"No. 254, Jalan B19",Gombak,Selangor,53100,2025-05-01
34683,Anisa,binti Osman,Female,015-2466331,2005-04-08,anisa34683@gmail.com,Platinum,"No. 20, Jalan F10",Shah Alam,Selangor,40400,2025-05-01
34684,Arjun,a/l Subramaniam,Male,010-5353138,1970-11-13,arjun34684@gmail.com,Platinum,"No. 134, Jalan E18",Ipoh,Perak,30020,2025-05-01
34685,Izzati,binti Ahmad,Female,013-7368212,1995-06-04,izzati34685@gmail.com,Bronze,"No. 107, Jalan G18",Temerloh,Pahang,28400,2025-05-01
34686,Thivya,a/p Muniandy,Female,012-6765440,1987-12-14,thivya34686@gmail.com,Bronze,"No. 275, Jalan G16",Klang,Selangor,42100,2025-05-01
34687,Firdaus,bin Abdullah,Male,019-2981001,1987-11-19,firdaus34687@gmail.com,Platinum,"No. 175, Jalan E19",Shah Alam,Selangor,40460,2025-05-01
34688,Kavitha,a/p Ramasamy,Female,015-4574067,1984-01-27,kavitha34688@gmail.com,Silver,"No. 226, Jalan B20",Bukit Jalil,Federal Territory of Kuala Lumpur,58200,2025-05-01
34689,Yong Sheng,Chin,Male,015-7741818,1979-08-04,yong34689@gmail.com,Platinum,"No. 233, Jalan A20",Setapak,Federal Territory of Kuala Lumpur,53100,2025-05-01
34690,Anisa,binti Osman,Female,019-7347937,2006-03-14,anisa34690@gmail.com,Silver,"No. 240, Jalan E2",Setapak,Federal Territory of Kuala Lumpur,53000,2025-05-01
34691,Chong Wei,Chan,Male,019-4805211,1971-12-05,chong34691@gmail.com,Bronze,"No. 239, Jalan G8",Kajang,Selangor,43000,2025-05-01
34692,Pei Shan,Cheah,Female,019-5808107,1976-02-07,pei34692@gmail.com,Silver,"No. 267, Jalan A14",Bukit Jalil,Federal Territory of Kuala Lumpur,57100,2025-05-01
34693,Aina,binti Hamid,Female,019-5481889,1981-02-17,aina34693@gmail.com,Bronze,"No. 198, Jalan B6",Kajang,Selangor,43000,2025-05-01
34694,Syafiq,bin Rahman,Male,018-8872342,1969-05-29,syafiq34694@gmail.com,Silver,"No. 220, Jalan F18",Kuala Lumpur,Federal Territory of Kuala Lumpur,57000,2025-05-02
34695,Farah,binti Yusof,Female,019-1829513,1989-08-13,farah34695@gmail.com,Bronze,"No. 105, Jalan F4",Petaling Jaya,Selangor,46100,2025-05-02
34696,Meena,a/p Subramaniam,Female,012-9887011,2002-08-28,meena34696@gmail.com,Gold,"No. 291, Jalan D10",Petaling Jaya,Selangor,47301,2025-05-02
34697,Deepa,a/p Ramasamy,Female,014-1741241,2002-12-27,deepa34697@gmail.com,Silver,"No. 120, Jalan F6",Johor Bahru,Johor,80100,2025-05-02
34698,Sharmila,a/p Krishnan,Female,017-8164844,1969-10-06,sharmila34698@gmail.com,Gold,"No. 254, Jalan F18",Johor Bahru,Johor,80000,2025-05-02
34699,Daniel,Liew,Male,017-2346512,1989-10-30,daniel34699@gmail.com,Silver,"No. 288, Jalan A1",Johor Bahru,Johor,80300,2025-05-02
34700,Priya,a/p Krishnan,Female,019-1563302,1990-08-26,priya34700@gmail.com,Bronze,"No. 229, Jalan B1",George Town,Pulau Pinang,10350,2025-05-02
34701,Siti,binti Razak,Female,018-1366180,1986-09-06,siti34701@gmail.com,Gold,"No. 160, Jalan G6",George Town,Pulau Pinang,10200,2025-05-02
34702,Mei Ling,Yeoh,Female,014-9610090,1971-02-22,mei34702@gmail.com,Bronze,"No. 82, Jalan D7",George Town,Pulau Pinang,10350,2025-05-02
34703,Meena,a/p Maniam,Female,016-8104547,1972-05-29,meena34703@gmail.com,Bronze,"No. 278, Jalan A13",George Town,Pulau Pinang,10350,2025-05-02
34704,Zarina,binti Yusof,Female,019-8792637,1998-05-30,zarina34704@gmail.com,Bronze,"No. 16, Jalan E14",Melaka,Melaka,75350,2025-05-02
34705,Kavitha,a/p Subramaniam,Female,017-7202752,1996-01-15,kavitha34705@gmail.com,Silver,"No. 230, Jalan F14",Melaka,Melaka,75050,2025-05-02
34706,Thivya,a/p Krishnan,Female,010-3641620,1982-04-25,thivya34706@gmail.com,Gold,"No. 165, Jalan E9",Shah Alam,Selangor,40460,2025-05-02
34707,Emily,Loh,Female,011-7670543,1969-08-18,emily34707@gmail.com,Platinum,"No. 5, Jalan F2",Shah Alam,Selangor,40150,2025-05-02
34708,Aisyah,binti Zainal,Female,012-3646181,1995-07-11,aisyah34708@gmail.com,Gold,"No. 122, Jalan G20",Klang,Selangor,41000,2025-05-02
34709,Danial,bin Hamid,Male,016-2769073,1977-06-24,danial34709@gmail.com,Bronze,"No. 19, Jalan E15",Setapak,Federal Territory of Kuala Lumpur,53200,2025-05-02
34710,Nadia,binti Zainal,Female,019-3555131,2000-12-04,nadia34710@gmail.com,Bronze,"No. 163, Jalan F5",Kuala Lumpur,Federal Territory of Kuala Lumpur,59000,2025-05-02
34711,Daniel,Ng,Male,016-9351792,2005-10-17,daniel34711@gmail.com,Bronze,"No. 219, Jalan F9",Wangsa Maju,Federal Territory of Kuala Lumpur,53300,2025-05-02
34712,Wei Jie,Liew,Male,017-5401985,1989-01-22,wei34712@gmail.com,Silver,"No. 166, Jalan D8",Wangsa Maju,Federal Territory of Kuala Lumpur,53100,2025-05-02
34713,Rachel,Lee,Female,015-1352313,1988-08-09,rachel34713@gmail.com,Gold,"No. 291, Jalan B11",Gombak,Selangor,53100,2025-05-02
34714,Emily,Wong,Female,013-6919922,1981-02-23,emily34714@gmail.com,Bronze,"No. 203, Jalan D14",Ipoh,Perak,30250,2025-05-02
34715,Zarina,binti Hassan,Female,013-3703656,1999-04-16,zarina34715@gmail.com,Bronze,"No. 6, Jalan A9",Seremban,Negeri Sembilan,70500,2025-05-02
34716,Nadia,binti Ismail,Female,014-9843629,1981-09-08,nadia34716@gmail.com,Bronze,"No. 55, Jalan A6",Shah Alam,Selangor,40100,2025-05-02
34717,Alia,binti Osman,Female,018-5506512,1984-01-01,alia34717@gmail.com,Silver,"No. 207, Jalan B12",Kuantan,Pahang,25000,2025-05-02
34718,Farah,binti Hamid,Female,010-2863416,1997-01-29,farah34718@gmail.com,Bronze,"No. 162, Jalan B14",Wangsa Maju,Federal Territory of Kuala Lumpur,53300,2025-05-02
34719,Nurin,binti Abdullah,Female,018-4664148,1983-11-20,nurin34719@gmail.com,Bronze,"No. 291, Jalan G3",Bukit Jalil,Federal Territory of Kuala Lumpur,58200,2025-05-02
34720,Amelia,binti Rahman,Female,010-8582589,2006-06-01,amelia34720@gmail.com,Silver,"No. 286, Jalan D4",Kuala Lumpur,Federal Territory of Kuala Lumpur,50450,2025-05-03
34721,Balqis,binti Ismail,Female,011-8697312,1971-03-28,balqis34721@gmail.com,Bronze,"No. 269, Jalan G8",Kuala Lumpur,Federal Territory of Kuala Lumpur,50480,2025-05-03
34722,Aiman,bin Ahmad,Male,017-1261840,1978-11-01,aiman34722@gmail.com,Platinum,"No. 167, Jalan C19",Setapak,Federal Territory of Kuala Lumpur,53300,2025-05-03
34723,Zulkifli,bin Osman,Male,015-4439712,1970-09-27,zulkifli34723@gmail.com,Bronze,"No. 88, Jalan D11",Kepong,Federal Territory of Kuala Lumpur,52000,2025-05-03
34724,Fatimah,binti Ahmad,Female,017-3171355,1980-07-06,fatimah34724@gmail.com,Bronze,"No. 151, Jalan G5",Kuala Lumpur,Federal Territory of Kuala Lumpur,59200,2025-05-03
34725,Ravi,a/l Rajan,Male,013-7296316,1994-02-23,ravi34725@gmail.com,Bronze,"No. 275, Jalan C3",Sungai Buloh,Selangor,47820,2025-05-03
34726,Rajesh,a/l Maniam,Male,013-1534724,1995-04-01,rajesh34726@gmail.com,Platinum,"No. 132, Jalan C16",Petaling Jaya,Selangor,46000,2025-05-03
34727,Rohani,binti Yusof,Female,011-6662735,2002-10-04,rohani34727@gmail.com,Silver,"No. 132, Jalan D1",Petaling Jaya,Selangor,46200,2025-05-03
34728,Izzati,binti Ahmad,Female,012-3524484,1972-06-30,izzati34728@gmail.com,Bronze,"No. 185, Jalan G19",George Town,Pulau Pinang,10400,2025-05-03
34729,Siti,binti Yusof,Female,015-1034571,1999-10-12,siti34729@gmail.com,Bronze,"No. 137, Jalan D15",George Town,Pulau Pinang,10200,2025-05-03
34730,Wei Jie,Ng,Male,015-7908725,1966-05-30,wei34730@gmail.com,Bronze,"No. 139, Jalan A10",Melaka,Melaka,75150,2025-05-03
34731,Kok Wai,Tan,Male,011-5016223,1970-08-27,kok34731@gmail.com,Bronze,"No. 107, Jalan B8",Melaka,Melaka,75150,2025-05-03
34732,Aisyah,binti Ismail,Female,018-5298676,1965-02-05,aisyah34732@gmail.com,Bronze,"No. 267, Jalan F11",Melaka,Melaka,75350,2025-05-03
34733,Emily,Wong,Female,016-5325131,1985-10-15,emily34733@gmail.com,Silver,"No. 20, Jalan C20",Subang Jaya,Selangor,47620,2025-05-03
34734,Suresh,a/l Maniam,Male,010-5512699,1991-01-23,suresh34734@gmail.com,Silver,"No. 63, Jalan F19",Shah Alam,Selangor,40150,2025-05-03
34735,Aiman,bin Hassan,Male,016-8132025,1998-10-12,aiman34735@gmail.com,Gold,"No. 83, Jalan G3",Shah Alam,Selangor,40150,2025-05-03
34736,Vanessa,Sim,Female,017-6413008,1986-04-08,vanessa34736@gmail.com,Bronze,"No. 73, Jalan F13",Puchong,Selangor,47130,2025-05-03
34737,Jia Yi,Chan,Female,013-5343878,2001-01-31,jia34737@gmail.com,Bronze,"No. 134, Jalan B4",Puchong,Selangor,47150,2025-05-03
34738,Aina,binti Rahman,Female,010-3755757,1969-01-06,aina34738@gmail.com,Bronze,"No. 152, Jalan C19",Selayang,Selangor,68000,2025-05-03
34739,Danial,bin Yusof,Male,013-5594918,1988-09-13,danial34739@gmail.com,Bronze,"No. 108, Jalan A8",Selayang,Selangor,68100,2025-05-03
34740,Jun Hao,Ng,Male,013-1669489,1997-02-22,jun34740@gmail.com,Bronze,"No. 242, Jalan C18",Sungai Buloh,Selangor,47000,2025-05-03
34741,Suhaila,binti Abdullah,Female,019-4553698,1991-03-16,suhaila34741@gmail.com,Bronze,"No. 20, Jalan E17",Setapak,Federal Territory of Kuala Lumpur,53000,2025-05-03
34742,Nurin,binti Ahmad,Female,014-2266477,1987-10-03,nurin34742@gmail.com,Silver,"No. 44, Jalan E7",Setapak,Federal Territory of Kuala Lumpur,53200,2025-05-03
34743,Sze Min,Loh,Female,010-1101698,2003-09-02,sze34743@gmail.com,Bronze,"No. 94, Jalan G6",Wangsa Maju,Federal Territory of Kuala Lumpur,53200,2025-05-03
34744,Jun Hao,Yeoh,Male,014-2309263,1982-12-23,jun34744@gmail.com,Bronze,"No. 173, Jalan G20",Gombak,Selangor,53100,2025-05-03
34745,Sharmila,a/p Subramaniam,Female,014-9856040,2000-01-04,sharmila34745@gmail.com,Silver,"No. 288, Jalan C6",Gombak,Selangor,53100,2025-05-03
34746,Thivya,a/p Krishnan,Female,016-6523973,1981-08-11,thivya34746@gmail.com,Bronze,"No. 24, Jalan D6",Ipoh,Perak,31350,2025-05-03
34747,Siti,binti Yusof,Female,013-9912567,1993-03-21,siti34747@gmail.com,Bronze,"No. 299, Jalan A20",Nilai,Negeri Sembilan,71800,2025-05-03
34748,Faizal,bin Osman,Male,019-7902247,1964-09-10,faizal34748@gmail.com,Gold,"No. 171, Jalan A11",Seremban,Negeri Sembilan,70450,2025-05-03
34749,Nur Aina,binti Hassan,Female,014-1311915,1979-11-22,nur34749@gmail.com,Silver,"No. 102, Jalan E7",Kuantan,Pahang,25100,2025-05-03
34750,Rachel,Ong,Female,018-8550881,2005-11-20,rachel34750@gmail.com,Bronze,"No. 137, Jalan F14",Subang Jaya,Selangor,47600,2025-05-03
34751,Nabila,binti Hamid,Female,013-6564571,2001-10-14,nabila34751@gmail.com,Bronze,"No. 277, Jalan E18",Subang Jaya,Selangor,47630,2025-05-03
34752,Anjali,a/p Maniam,Female,015-4003231,1991-06-13,anjali34752@gmail.com,Silver,"No. 99, Jalan D10",Setapak,Federal Territory of Kuala Lumpur,53000,2025-05-03
34753,Syafiq,bin Hamid,Male,012-5610255,1990-08-31,syafiq34753@gmail.com,Bronze,"No. 216, Jalan G6",Bukit Jalil,Federal Territory of Kuala Lumpur,58200,2025-05-03
34754,Daniel,Yap,Male,014-5113444,1973-10-09,daniel34754@gmail.com,Bronze,"No. 227, Jalan C15",Bukit Jalil,Federal Territory of Kuala Lumpur,57100,2025-05-03
34755,Deepa,a/p Ramasamy,Female,018-6838148,1984-12-16,deepa34755@gmail.com,Bronze,"No. 156, Jalan F19",Kuala Lumpur,Federal Territory of Kuala Lumpur,59200,2025-05-04
34756,Haziq,bin Zainal,Male,018-1657505,1990-02-15,haziq34756@gmail.com,Bronze,"No. 17, Jalan G9",Kuala Lumpur,Federal Territory of Kuala Lumpur,56000,2025-05-04
34757,Haziq,bin Rahman,Male,010-5047807,1988-07-21,haziq34757@gmail.com,Bronze,"No. 100, Jalan D11",Sungai Buloh,Selangor,47000,2025-05-04
34758,Amelia,binti Ahmad,Female,013-7403345,1985-07-31,amelia34758@gmail.com,Gold,"No. 24, Jalan G15",Sungai Buloh,Selangor,47810,2025-05-04
34759,Divya,a/p Maniam,Female,011-6409002,2000-07-03,divya34759@gmail.com,Silver,"No. 199, Jalan B7",Puchong,Selangor,47150,2025-05-04
34760,Syafiq,bin Yusof,Male,014-6654117,1977-02-11,syafiq34760@gmail.com,Silver,"No. 147, Jalan A2",Shah Alam,Selangor,40300,2025-05-04
34761,Sze Min,Khoo,Female,016-6175374,1987-06-13,sze34761@gmail.com,Bronze,"No. 38, Jalan D5",Klang,Selangor,41300,2025-05-04
34762,Aisyah,binti Yusof,Female,018-1677208,1977-05-09,aisyah34762@gmail.com,Bronze,"No. 14, Jalan F5",Sungai Buloh,Selangor,47000,2025-05-04
34763,Sze Min,Khoo,Female,013-1295349,1987-05-30,sze34763@gmail.com,Bronze,"No. 131, Jalan D4",Sungai Buloh,Selangor,47820,2025-05-04
34764,Amirul,bin Abdullah,Male,012-4955839,1990-05-23,amirul34764@gmail.com,Bronze,"No. 262, Jalan E7",Gombak,Selangor,53100,2025-05-04
34765,Danial,bin Ismail,Male,019-3711124,1997-12-10,danial34765@gmail.com,Bronze,"No. 37, Jalan E8",Klang,Selangor,42100,2025-05-04
34766,Li Wen,Sim,Female,010-9550370,2006-05-26,li34766@gmail.com,Bronze,"No. 37, Jalan G3",Melaka,Melaka,75200,2025-05-04
34767,Nur Aina,binti Ismail,Female,019-4720560,1988-11-04,nur34767@gmail.com,Platinum,"No. 103, Jalan B15",Setapak,Federal Territory of Kuala Lumpur,53000,2025-05-04
34768,Nur Aina,binti Rahman,Female,011-9843185,1987-04-25,nur34768@gmail.com,Bronze,"No. 194, Jalan A4",Shah Alam,Selangor,40170,2025-05-04
34769,Divya,a/p Krishnan,Female,011-7867602,1981-03-24,divya34769@gmail.com,Bronze,"No. 93, Jalan B12",Kuala Lumpur,Federal Territory of Kuala Lumpur,50480,2025-05-04
34770,Faizal,bin Ismail,Male,011-2470710,1980-05-31,faizal34770@gmail.com,Bronze,"No. 191, Jalan G2",Petaling Jaya,Selangor,47400,2025-05-05
34771,Aina,binti Ismail,Female,014-3915732,1973-05-14,aina34771@gmail.com,Bronze,"No. 297, Jalan D11",George Town,Pulau Pinang,10150,2025-05-05
34772,Xin Yi,Loh,Female,014-8417662,1990-03-14,xin34772@gmail.com,Gold,"No. 206, Jalan B15",Gombak,Selangor,53100,2025-05-05
34773,Nadia,binti Hassan,Female,011-8701791,1996-02-11,nadia34773@gmail.com,Platinum,"No. 119, Jalan E1",Shah Alam,Selangor,40400,2025-05-05
34774,Jun Hao,Loh,Male,015-5294295,2004-05-18,jun34774@gmail.com,Silver,"No. 12, Jalan D11",Shah Alam,Selangor,40160,2025-05-05
34775,Ravi,a/l Subramaniam,Male,016-3278877,1996-06-21,ravi34775@gmail.com,Bronze,"No. 216, Jalan G16",Setapak,Federal Territory of Kuala Lumpur,53100,2025-05-05
34776,Hafiz,bin Ismail,Male,010-3626516,1965-01-16,hafiz34776@gmail.com,Gold,"No. 132, Jalan A16",Nilai,Negeri Sembilan,71760,2025-05-05
34777,Zulkifli,bin Ismail,Male,017-9285343,2006-05-09,zulkifli34777@gmail.com,Bronze,"No. 4, Jalan G10",Seremban,Negeri Sembilan,70500,2025-05-05
34778,Syafiq,bin Hassan,Male,013-9796306,2003-03-31,syafiq34778@gmail.com,Silver,"No. 94, Jalan D6",Bukit Jalil,Federal Territory of Kuala Lumpur,58200,2025-05-06
34779,Suhaila,binti Rahman,Female,011-8482705,1972-05-10,suhaila34779@gmail.com,Silver,"No. 279, Jalan G20",Johor Bahru,Johor,80200,2025-05-06
34780,Wan Ying,Chong,Female,017-3169984,1991-07-26,wan34780@gmail.com,Silver,"No. 257, Jalan A3",Setapak,Federal Territory of Kuala Lumpur,53000,2025-05-06
34781,Zarina,binti Abdullah,Female,010-9253357,1993-08-11,zarina34781@gmail.com,Silver,"No. 171, Jalan D19",Johor Bahru,Johor,81100,2025-05-06
34782,Nabila,binti Ahmad,Female,012-2052727,1994-04-14,nabila34782@gmail.com,Bronze,"No. 48, Jalan B20",Ipoh,Perak,30020,2025-05-06
34783,Farah,binti Ismail,Female,010-9156173,1968-06-22,farah34783@gmail.com,Silver,"No. 259, Jalan A5",Shah Alam,Selangor,40300,2025-05-06
34784,Chloe,Khoo,Female,018-8827328,1985-12-01,chloe34784@gmail.com,Silver,"No. 39, Jalan C16",Shah Alam,Selangor,40170,2025-05-06
34785,Michelle,Yap,Female,010-9423798,1980-05-29,michelle34785@gmail.com,Bronze,"No. 30, Jalan C17",Shah Alam,Selangor,40150,2025-05-06
34786,Aiman,bin Yusof,Male,018-8758706,1968-05-28,aiman34786@gmail.com,Bronze,"No. 63, Jalan D13",Klang,Selangor,41050,2025-05-06
34787,Aiman,bin Hassan,Male,013-3347636,1974-07-18,aiman34787@gmail.com,Bronze,"No. 160, Jalan F14",Klang,Selangor,41050,2025-05-06
34788,Aina,binti Ismail,Female,018-8307623,1972-01-24,aina34788@gmail.com,Gold,"No. 56, Jalan C17",Puchong,Selangor,47190,2025-05-06
34789,Priya,a/p Ramasamy,Female,019-4016154,1967-07-17,priya34789@gmail.com,Bronze,"No. 12, Jalan A20",Puchong,Selangor,47160,2025-05-06
34790,Suhaila,binti Ismail,Female,017-2355973,1972-08-24,suhaila34790@gmail.com,Bronze,"No. 83, Jalan A19",Setapak,Federal Territory of Kuala Lumpur,53100,2025-05-06
34791,Firdaus,bin Abdullah,Male,019-6652708,1986-03-07,firdaus34791@gmail.com,Silver,"No. 180, Jalan A20",Setapak,Federal Territory of Kuala Lumpur,53300,2025-05-06
34792,Nur Aina,binti Ahmad,Female,012-8186607,1973-07-21,nur34792@gmail.com,Silver,"No. 124, Jalan B6",Wangsa Maju,Federal Territory of Kuala Lumpur,53100,2025-05-06
34793,Pei Shan,Sim,Female,011-2563773,1994-08-31,pei34793@gmail.com,Bronze,"No. 48, Jalan D2",Ipoh,Perak,30000,2025-05-06
34794,Danial,bin Hamid,Male,011-9127349,1971-02-27,danial34794@gmail.com,Bronze,"No. 56, Jalan B1",Seremban,Negeri Sembilan,70200,2025-05-06
34795,Nurul Huda,binti Ismail,Female,018-9713561,1970-07-16,nurul34795@gmail.com,Platinum,"No. 22, Jalan C3",Seremban,Negeri Sembilan,70450,2025-05-06
34796,Kevin,Teoh,Male,010-8102712,1986-07-24,kevin34796@gmail.com,Bronze,"No. 267, Jalan C12",Subang Jaya,Selangor,47620,2025-05-06
34797,Hafiz,bin Zainal,Male,012-9327531,1968-08-14,hafiz34797@gmail.com,Silver,"No. 172, Jalan D15",Petaling Jaya,Selangor,46300,2025-05-07
34798,Anisa,binti Razak,Female,010-4493752,1986-03-05,anisa34798@gmail.com,Bronze,"No. 7, Jalan E5",Butterworth,Pulau Pinang,12100,2025-05-07
34799,Adam,bin Hamid,Male,014-4470077,1968-07-16,adam34799@gmail.com,Silver,"No. 117, Jalan C1",Selayang,Selangor,68000,2025-05-07
34800,Yasmin,binti Hassan,Female,015-3967217,1976-05-13,yasmin34800@gmail.com,Bronze,"No. 48, Jalan F4",Melaka,Melaka,75150,2025-05-07
34801,Kevin,Goh,Male,010-9064835,2002-09-15,kevin34801@gmail.com,Silver,"No. 229, Jalan F15",Shah Alam,Selangor,40200,2025-05-07
34802,Rohani,binti Ismail,Female,010-7616977,1986-04-30,rohani34802@gmail.com,Silver,"No. 80, Jalan D4",Shah Alam,Selangor,40300,2025-05-07
34803,Aiman,bin Ismail,Male,011-1051772,1992-03-24,aiman34803@gmail.com,Bronze,"No. 198, Jalan E14",Selayang,Selangor,68100,2025-05-07
34804,Rohani,binti Hamid,Female,018-8945867,1984-10-31,rohani34804@gmail.com,Bronze,"No. 58, Jalan A5",Shah Alam,Selangor,40160,2025-05-07
34805,Yong Sheng,Liew,Male,019-2737596,1981-12-13,yong34805@gmail.com,Bronze,"No. 148, Jalan G19",Rawang,Selangor,48020,2025-05-07
34806,Shalini,a/p Ramasamy,Female,019-6125316,1994-01-02,shalini34806@gmail.com,Gold,"No. 13, Jalan C10",Wangsa Maju,Federal Territory of Kuala Lumpur,53300,2025-05-07
34807,Vikram,a/l Maniam,Male,019-6857279,1969-06-18,vikram34807@gmail.com,Gold,"No. 19, Jalan D17",Wangsa Maju,Federal Territory of Kuala Lumpur,53100,2025-05-07
34808,Farah,binti Ahmad,Female,019-8522647,2001-08-01,farah34808@gmail.com,Silver,"No. 79, Jalan E13",Nilai,Negeri Sembilan,71760,2025-05-07
34809,Rohani,binti Hamid,Female,017-5932313,2003-11-28,rohani34809@gmail.com,Silver,"No. 173, Jalan E6",Kuantan,Pahang,25300,2025-05-07
34810,Syafiq,bin Zainal,Male,014-3871923,1992-07-14,syafiq34810@gmail.com,Bronze,"No. 265, Jalan G13",Kuala Lumpur,Federal Territory of Kuala Lumpur,50480,2025-05-08
34811,Anjali,a/p Muniandy,Female,016-4476347,1991-02-18,anjali34811@gmail.com,Bronze,"No. 108, Jalan E6",Petaling Jaya,Selangor,46100,2025-05-08
34812,Siti,binti Ahmad,Female,013-5822208,2002-03-04,siti34812@gmail.com,Bronze,"No. 28, Jalan E13",Kuala Lumpur,Federal Territory of Kuala Lumpur,55200,2025-05-08
34813,Rohani,binti Ahmad,Female,011-8465047,1997-01-12,rohani34813@gmail.com,Bronze,"No. 249, Jalan C4",George Town,Pulau Pinang,10450,2025-05-08
34814,Jun Hao,Sim,Male,011-9865240,1982-10-17,jun34814@gmail.com,Gold,"No. 192, Jalan G16",George Town,Pulau Pinang,10000,2025-05-08
34815,Suresh,a/l Maniam,Male,013-4576425,1992-01-29,suresh34815@gmail.com,Silver,"No. 42, Jalan D9",Shah Alam,Selangor,40150,2025-05-08
34816,Adam,bin Zainal,Male,016-7054929,1985-09-28,adam34816@gmail.com,Gold,"No. 85, Jalan A12",Shah Alam,Selangor,40000,2025-05-08
34817,Jun Hao,Loh,Male,017-1101905,2000-11-16,jun34817@gmail.com,Bronze,"No. 56, Jalan F14",Shah Alam,Selangor,40150,2025-05-08
34818,Nurin,binti Rahman,Female,019-3803268,1986-03-06,nurin34818@gmail.com,Silver,"No. 47, Jalan E11",Klang,Selangor,41150,2025-05-08
34819,Michelle,Yap,Female,019-7691368,2000-09-12,michelle34819@gmail.com,Bronze,"No. 206, Jalan E2",Klang,Selangor,41200,2025-05-08
34820,Meena,a/p Ramasamy,Female,011-7288900,1965-12-23,meena34820@gmail.com,Bronze,"No. 41, Jalan B7",Klang,Selangor,41250,2025-05-08
34821,Sze Min,Cheah,Female,018-3520638,1988-06-07,sze34821@gmail.com,Gold,"No. 57, Jalan A8",Puchong,Selangor,47130,2025-05-08
34822,Aiman,bin Yusof,Male,010-8131282,1979-03-20,aiman34822@gmail.com,Bronze,"No. 23, Jalan D19",Shah Alam,Selangor,40300,2025-05-08
34823,Jasmine,Chin,Female,011-2110509,1982-10-04,jasmine34823@gmail.com,Silver,"No. 42, Jalan B8",Selayang,Selangor,68000,2025-05-08
34824,Jun Hao,Cheah,Male,018-4143792,1984-05-19,jun34824@gmail.com,Silver,"No. 243, Jalan E10",Setapak,Federal Territory of Kuala Lumpur,53300,2025-05-08
34825,Syafiq,bin Rahman,Male,018-5553901,1984-06-15,syafiq34825@gmail.com,Bronze,"No. 282, Jalan C17",Seremban,Negeri Sembilan,70400,2025-05-08
34826,Nurul Huda,binti Hassan,Female,011-2743382,2003-03-23,nurul34826@gmail.com,Bronze,"No. 221, Jalan E3",Melaka,Melaka,75000,2025-05-08
34827,Wei Jie,Teoh,Male,017-7462067,1993-12-08,wei34827@gmail.com,Bronze,"No. 297, Jalan G19",Kuantan,Pahang,26060,2025-05-08
34828,Suhaila,binti Zainal,Female,019-3468272,1996-03-26,suhaila34828@gmail.com,Bronze,"No. 112, Jalan A9",Petaling Jaya,Selangor,47400,2025-05-08
34829,Wei Hong,Yeoh,Male,015-9512385,1985-06-10,wei34829@gmail.com,Bronze,"No. 190, Jalan D8",Subang Jaya,Selangor,47620,2025-05-08
34830,Suresh,a/l Muniandy,Male,012-2152707,2001-01-27,suresh34830@gmail.com,Silver,"No. 127, Jalan E20",Subang Jaya,Selangor,47630,2025-05-08
34831,Sharmila,a/p Muniandy,Female,011-7369982,1968-07-10,sharmila34831@gmail.com,Silver,"No. 247, Jalan E8",Subang Jaya,Selangor,47620,2025-05-08
34832,Aisyah,binti Rahman,Female,011-2623146,1986-02-03,aisyah34832@gmail.com,Platinum,"No. 216, Jalan D10",Bukit Jalil,Federal Territory of Kuala Lumpur,57100,2025-05-08
34833,Yasmin,binti Rahman,Female,015-4546971,1989-09-27,yasmin34833@gmail.com,Bronze,"No. 40, Jalan E5",Kuala Lumpur,Federal Territory of Kuala Lumpur,57000,2025-05-09
34834,Balqis,binti Hassan,Female,017-3908827,1972-01-03,balqis34834@gmail.com,Bronze,"No. 168, Jalan G7",Petaling Jaya,Selangor,47301,2025-05-09
34835,Adam,bin Hassan,Male,018-6765394,1980-04-16,adam34835@gmail.com,Silver,"No. 84, Jalan B4",Johor Bahru,Johor,80100,2025-05-09
34836,Rohani,binti Yusof,Female,010-6830707,2002-01-28,rohani34836@gmail.com,Gold,"No. 255, Jalan B13",Melaka,Melaka,75050,2025-05-09
34837,Hui Min,Foo,Female,019-2039079,1980-08-10,hui34837@gmail.com,Gold,"No. 263, Jalan A3",Shah Alam,Selangor,40000,2025-05-09
34838,Alia,binti Rahman,Female,011-5304830,1991-03-29,alia34838@gmail.com,Silver,"No. 297, Jalan C5",Sungai Buloh,Selangor,47820,2025-05-09
34839,Izzati,binti Ismail,Female,015-3584885,1996-07-03,izzati34839@gmail.com,Silver,"No. 262, Jalan D4",Gombak,Selangor,53100,2025-05-09
34840,Syafiq,bin Hassan,Male,011-6000365,1993-02-07,syafiq34840@gmail.com,Bronze,"No. 12, Jalan B4",Sungai Buloh,Selangor,47810,2025-05-09
34841,Vanessa,Foo,Female,018-3460883,1978-08-03,vanessa34841@gmail.com,Bronze,"No. 194, Jalan C16",Gombak,Selangor,68100,2025-05-09
34842,Nadia,binti Yusof,Female,011-9962541,1998-01-14,nadia34842@gmail.com,Bronze,"No. 36, Jalan C12",Gombak,Selangor,53100,2025-05-09
34843,Irfan,bin Osman,Male,015-9027852,1994-11-24,irfan34843@gmail.com,Silver,"No. 227, Jalan G3",Gombak,Selangor,53100,2025-05-09
34844,Michelle,Yeoh,Female,018-1931842,1987-12-18,michelle34844@gmail.com,Platinum,"No. 166, Jalan C1",Seremban,Negeri Sembilan,70450,2025-05-09
34845,Jia Yi,Tan,Female,014-4442663,2004-01-22,jia34845@gmail.com,Bronze,"No. 46, Jalan D15",Seremban,Negeri Sembilan,70100,2025-05-09
34846,Yasmin,binti Zainal,Female,017-7567043,1968-01-14,yasmin34846@gmail.com,Bronze,"No. 14, Jalan C20",Seremban,Negeri Sembilan,70400,2025-05-09
34847,Fatimah,binti Abdullah,Female,018-7523302,1993-12-25,fatimah34847@gmail.com,Silver,"No. 3, Jalan A12",Kuantan,Pahang,25300,2025-05-09
34848,Balqis,binti Ismail,Female,012-2355275,1991-05-31,balqis34848@gmail.com,Bronze,"No. 198, Jalan C18",Subang Jaya,Selangor,47630,2025-05-09
34849,Aisyah,binti Zainal,Female,011-6910533,1975-09-07,aisyah34849@gmail.com,Bronze,"No. 98, Jalan A11",Kepong,Federal Territory of Kuala Lumpur,52100,2025-05-10
34850,Fatimah,binti Abdullah,Female,013-8914229,1988-07-19,fatimah34850@gmail.com,Gold,"No. 227, Jalan E19",Kuala Lumpur,Federal Territory of Kuala Lumpur,50450,2025-05-10
34851,Zarina,binti Hassan,Female,013-2786221,1988-04-06,zarina34851@gmail.com,Bronze,"No. 188, Jalan D12",Kuala Lumpur,Federal Territory of Kuala Lumpur,50480,2025-05-10
34852,Rajesh,a/l Krishnan,Male,012-6090640,2002-09-13,rajesh34852@gmail.com,Bronze,"No. 123, Jalan D7",Kuala Lumpur,Federal Territory of Kuala Lumpur,58000,2025-05-10
34853,Anjali,a/p Ramasamy,Female,018-7747294,1997-05-16,anjali34853@gmail.com,Silver,"No. 88, Jalan E3",Kuala Lumpur,Federal Territory of Kuala Lumpur,58000,2025-05-10
34854,Anjali,a/p Rajan,Female,017-6147912,1974-11-09,anjali34854@gmail.com,Bronze,"No. 121, Jalan D10",Kuala Lumpur,Federal Territory of Kuala Lumpur,59000,2025-05-10
34855,Chong Wei,Goh,Male,016-4383228,1976-04-17,chong34855@gmail.com,Gold,"No. 149, Jalan A17",Petaling Jaya,Selangor,46200,2025-05-10
34856,Thivya,a/p Subramaniam,Female,010-7190831,1980-02-29,thivya34856@gmail.com,Bronze,"No. 86, Jalan C8",Sungai Buloh,Selangor,47820,2025-05-10
34857,Nadia,binti Zainal,Female,015-6402527,1994-12-14,nadia34857@gmail.com,Bronze,"No. 202, Jalan F11",Petaling Jaya,Selangor,47301,2025-05-10
34858,Yasmin,binti Rahman,Female,011-5007644,1982-11-05,yasmin34858@gmail.com,Bronze,"No. 7, Jalan G9",Petaling Jaya,Selangor,46100,2025-05-10
34859,Yasmin,binti Yusof,Female,013-9518257,1974-09-13,yasmin34859@gmail.com,Bronze,"No. 236, Jalan D18",Petaling Jaya,Selangor,47300,2025-05-10
34860,Jia Yi,Tan,Female,012-4864651,1981-09-05,jia34860@gmail.com,Silver,"No. 185, Jalan F11",Setapak,Federal Territory of Kuala Lumpur,53200,2025-05-10
34861,Shu Fen,Chin,Female,018-1758963,1995-10-20,shu34861@gmail.com,Silver,"No. 29, Jalan F9",Johor Bahru,Johor,81200,2025-05-10
34862,Amelia,binti Abdullah,Female,017-4403464,1990-01-28,amelia34862@gmail.com,Gold,"No. 131, Jalan G4",Shah Alam,Selangor,40160,2025-05-10
34863,Pei Shan,Khoo,Female,014-8917776,1965-01-06,pei34863@gmail.com,Gold,"No. 145, Jalan C12",Sungai Buloh,Selangor,47000,2025-05-10
34864,Deepa,a/p Maniam,Female,019-2739446,1986-09-17,deepa34864@gmail.com,Silver,"No. 219, Jalan D13",Cyberjaya,Selangor,63100,2025-05-10
34865,Meena,a/p Krishnan,Female,019-1265778,1994-09-09,meena34865@gmail.com,Bronze,"No. 70, Jalan C14",Selayang,Selangor,68000,2025-05-10
34866,Alia,binti Yusof,Female,011-7508074,1973-09-21,alia34866@gmail.com,Bronze,"No. 209, Jalan A5",Selayang,Selangor,68100,2025-05-10
34867,Grace,Ong,Female,015-6807841,1982-07-11,grace34867@gmail.com,Platinum,"No. 203, Jalan E11",Setapak,Federal Territory of Kuala Lumpur,53300,2025-05-10
34868,Shu Fen,Foo,Female,010-6703087,1983-07-14,shu34868@gmail.com,Bronze,"No. 260, Jalan A18",Setapak,Federal Territory of Kuala Lumpur,53000,2025-05-10
34869,Izzati,binti Abdullah,Female,015-9592753,1988-07-02,izzati34869@gmail.com,Silver,"No. 167, Jalan C6",Setapak,Federal Territory of Kuala Lumpur,53200,2025-05-10
34870,Jun Hao,Sim,Male,018-3838809,1998-05-08,jun34870@gmail.com,Bronze,"No. 30, Jalan D12",Wangsa Maju,Federal Territory of Kuala Lumpur,53200,2025-05-10
34871,Anisa,binti Razak,Female,018-9607884,1968-11-15,anisa34871@gmail.com,Bronze,"No. 185, Jalan D1",Gombak,Selangor,53000,2025-05-10
34872,Danial,bin Ahmad,Male,017-5676311,1982-10-07,danial34872@gmail.com,Silver,"No. 94, Jalan G17",Ampang,Selangor,68000,2025-05-10
34873,Wei Jie,Yeoh,Male,010-3144940,2007-04-13,wei34873@gmail.com,Bronze,"No. 275, Jalan B13",Seremban,Negeri Sembilan,70300,2025-05-10
34874,Siti,binti Hamid,Female,014-4611317,1993-09-11,siti34874@gmail.com,Bronze,"No. 177, Jalan G8",Selayang,Selangor,68000,2025-05-10
34875,Aisyah,binti Hamid,Female,018-4666980,1985-03-09,aisyah34875@gmail.com,Bronze,"No. 170, Jalan A2",Klang,Selangor,42100,2025-05-10
34876,Anisa,binti Rahman,Female,014-4701244,1985-10-05,anisa34876@gmail.com,Bronze,"No. 99, Jalan F5",Subang Jaya,Selangor,47630,2025-05-10
34877,Danial,bin Hassan,Male,011-6161142,1967-01-06,danial34877@gmail.com,Bronze,"No. 167, Jalan D18",Subang Jaya,Selangor,47600,2025-05-10
34878,Vanessa,Cheah,Female,010-9268455,1982-11-06,vanessa34878@gmail.com,Bronze,"No. 8, Jalan C14",Selayang,Selangor,68100,2025-05-10
34879,Pei Shan,Lee,Female,015-5113241,1965-08-14,pei34879@gmail.com,Bronze,"No. 274, Jalan C9",Subang Jaya,Selangor,47500,2025-05-10
34880,Danial,bin Zainal,Male,019-1812475,1985-06-13,danial34880@gmail.com,Platinum,"No. 181, Jalan A18",Selayang,Selangor,68100,2025-05-10
34881,Kavitha,a/p Ramasamy,Female,010-9863790,2005-12-28,kavitha34881@gmail.com,Silver,"No. 23, Jalan C2",Bukit Jalil,Federal Territory of Kuala Lumpur,57100,2025-05-10
34882,Divya,a/p Krishnan,Female,015-5016483,1970-12-19,divya34882@gmail.com,Silver,"No. 300, Jalan G4",Kuala Lumpur,Federal Territory of Kuala Lumpur,50480,2025-05-11
34883,Wan Ying,Liew,Female,012-6667981,1964-01-06,wan34883@gmail.com,Silver,"No. 168, Jalan F2",Setapak,Federal Territory of Kuala Lumpur,53000,2025-05-11
34884,Xin Yi,Chin,Female,015-7575319,1984-07-21,xin34884@gmail.com,Bronze,"No. 300, Jalan B10",Petaling Jaya,Selangor,46000,2025-05-11
34885,Nurin,binti Ahmad,Female,016-6000800,2007-03-17,nurin34885@gmail.com,Platinum,"No. 200, Jalan G2",Petaling Jaya,Selangor,47400,2025-05-11
34886,Amelia,binti Abdullah,Female,011-6007219,1984-12-29,amelia34886@gmail.com,Bronze,"No. 42, Jalan C4",Johor Bahru,Johor,81200,2025-05-11
34887,Siti,binti Osman,Female,013-3975007,2006-11-22,siti34887@gmail.com,Gold,"No. 87, Jalan G1",George Town,Pulau Pinang,10100,2025-05-11
34888,Jasmine,Chin,Female,015-5834744,1965-05-16,jasmine34888@gmail.com,Bronze,"No. 34, Jalan C16",George Town,Pulau Pinang,10300,2025-05-11
34889,Izzati,binti Hamid,Female,017-6756453,1976-05-24,izzati34889@gmail.com,Bronze,"No. 31, Jalan G10",Klang,Selangor,41200,2025-05-11
34890,Aisyah,binti Rahman,Female,014-9652307,1996-08-27,aisyah34890@gmail.com,Bronze,"No. 230, Jalan F12",Klang,Selangor,41250,2025-05-11
34891,Vanessa,Goh,Female,017-2642542,1965-01-04,vanessa34891@gmail.com,Silver,"No. 189, Jalan F4",Klang,Selangor,41200,2025-05-11
34892,Alia,binti Hassan,Female,010-6784927,1989-07-17,alia34892@gmail.com,Silver,"No. 186, Jalan B3",Puchong,Selangor,47120,2025-05-11
34893,Ling Ling,Goh,Female,014-6495343,1985-09-07,ling34893@gmail.com,Bronze,"No. 123, Jalan B18",Puchong,Selangor,47100,2025-05-11
34894,Suhaila,binti Osman,Female,017-6583291,2007-01-19,suhaila34894@gmail.com,Bronze,"No. 240, Jalan F5",Selayang,Selangor,68000,2025-05-11
34895,Anjali,a/p Krishnan,Female,015-9764773,1993-11-28,anjali34895@gmail.com,Silver,"No. 131, Jalan G18",Rawang,Selangor,48020,2025-05-11
34896,Suresh,a/l Krishnan,Male,019-8292798,1964-12-31,suresh34896@gmail.com,Bronze,"No. 120, Jalan E1",Setapak,Federal Territory of Kuala Lumpur,53200,2025-05-11
34897,Nur Aina,binti Hassan,Female,016-5418561,1988-12-19,nur34897@gmail.com,Silver,"No. 220, Jalan A16",Setapak,Federal Territory of Kuala Lumpur,53100,2025-05-11
34898,Yong Sheng,Chua,Male,016-6351190,1980-02-18,yong34898@gmail.com,Silver,"No. 65, Jalan G5",Setapak,Federal Territory of Kuala Lumpur,53200,2025-05-11
34899,Aina,binti Rahman,Female,019-5131699,1970-07-06,aina34899@gmail.com,Bronze,"No. 240, Jalan D15",Wangsa Maju,Federal Territory of Kuala Lumpur,53300,2025-05-11
34900,Danial,bin Yusof,Male,017-4066765,1983-06-03,danial34900@gmail.com,Gold,"No. 184, Jalan D11",Gombak,Selangor,53100,2025-05-11
34901,Kevin,Chan,Male,012-3738154,1969-10-30,kevin34901@gmail.com,Bronze,"No. 246, Jalan F2",Cyberjaya,Selangor,63000,2025-05-11
34902,Aisyah,binti Yusof,Female,012-2519246,1973-04-21,aisyah34902@gmail.com,Silver,"No. 174, Jalan A17",Kuala Lumpur,Federal Territory of Kuala Lumpur,57000,2025-05-12
34903,Aiman,bin Yusof,Male,016-7586450,1969-12-16,aiman34903@gmail.com,Bronze,"No. 113, Jalan C1",Kuala Lumpur,Federal Territory of Kuala Lumpur,55200,2025-05-12
34904,Nurul Huda,binti Hamid,Female,019-3759014,1983-08-11,nurul34904@gmail.com,Bronze,"No. 69, Jalan C14",Petaling Jaya,Selangor,47810,2025-05-12
34905,Jian Ming,Teoh,Male,015-2679974,2004-07-29,jian34905@gmail.com,Gold,"No. 147, Jalan G5",Petaling Jaya,Selangor,47800,2025-05-12
34906,Nur Aina,binti Ahmad,Female,010-1564516,1991-07-24,nur34906@gmail.com,Bronze,"No. 70, Jalan B17",Johor Bahru,Johor,80000,2025-05-12
34907,Jun Hao,Yeoh,Male,014-5470848,1980-11-22,jun34907@gmail.com,Bronze,"No. 6, Jalan D12",Melaka,Melaka,75100,2025-05-12
34908,Danial,bin Hassan,Male,011-3852638,1974-08-16,danial34908@gmail.com,Bronze,"No. 271, Jalan B16",Shah Alam,Selangor,40400,2025-05-12
34909,Adam,bin Yusof,Male,011-2460479,1982-01-18,adam34909@gmail.com,Bronze,"No. 65, Jalan C20",Sungai Buloh,Selangor,47000,2025-05-12
34910,Yee Ling,Lee,Female,010-6340546,1980-08-29,yee34910@gmail.com,Silver,"No. 205, Jalan G2",Puchong,Selangor,47130,2025-05-12
34911,Kumar,a/l Rajan,Male,018-2176970,1990-10-09,kumar34911@gmail.com,Bronze,"No. 73, Jalan A8",Puchong,Selangor,47130,2025-05-12
34912,Suresh,a/l Muniandy,Male,011-4156621,1992-12-13,suresh34912@gmail.com,Silver,"No. 230, Jalan C13",Puchong,Selangor,47170,2025-05-12
34913,Nurul Huda,binti Hassan,Female,011-3438722,1971-09-07,nurul34913@gmail.com,Bronze,"No. 5, Jalan E20",Seremban,Negeri Sembilan,70100,2025-05-12
34914,Nadia,binti Osman,Female,019-5470285,1993-04-06,nadia34914@gmail.com,Platinum,"No. 289, Jalan A2",Seremban,Negeri Sembilan,70300,2025-05-12
34915,Kevin,Tan,Male,018-7159559,1993-05-22,kevin34915@gmail.com,Silver,"No. 137, Jalan C18",Kuala Lumpur,Federal Territory of Kuala Lumpur,50000,2025-05-13
34916,Li Wen,Yap,Female,017-1871878,1998-05-14,li34916@gmail.com,Silver,"No. 105, Jalan A13",Kuala Lumpur,Federal Territory of Kuala Lumpur,55100,2025-05-13
34917,Rohani,binti Ismail,Female,018-7357137,1982-11-23,rohani34917@gmail.com,Bronze,"No. 20, Jalan F2",Kuala Lumpur,Federal Territory of Kuala Lumpur,57000,2025-05-13
34918,Chloe,Goh,Female,016-8453522,1975-11-23,chloe34918@gmail.com,Bronze,"No. 98, Jalan E8",Petaling Jaya,Selangor,47300,2025-05-13
34919,Mei Ling,Wong,Female,011-1527305,1981-06-29,mei34919@gmail.com,Silver,"No. 168, Jalan A8",Alor Gajah,Melaka,78000,2025-05-13
34920,Nurin,binti Abdullah,Female,013-9954905,2005-12-21,nurin34920@gmail.com,Silver,"No. 184, Jalan G4",Subang Jaya,Selangor,47620,2025-05-13
34921,Anisa,binti Ismail,Female,013-3746598,1986-12-17,anisa34921@gmail.com,Bronze,"No. 146, Jalan G3",Shah Alam,Selangor,40000,2025-05-13
34922,Farah,binti Yusof,Female,012-2282315,1986-08-18,farah34922@gmail.com,Silver,"No. 91, Jalan F15",Shah Alam,Selangor,40200,2025-05-13
34923,Aiman,bin Hassan,Male,017-3227318,2004-09-28,aiman34923@gmail.com,Bronze,"No. 283, Jalan A18",Klang,Selangor,41300,2025-05-13
34924,Irfan,bin Zainal,Male,019-9008956,1992-06-27,irfan34924@gmail.com,Bronze,"No. 137, Jalan D3",Kajang,Selangor,43000,2025-05-13
34925,Wan Ying,Chong,Female,017-8159682,2002-11-10,wan34925@gmail.com,Bronze,"No. 146, Jalan B1",Kepong,Federal Territory of Kuala Lumpur,51200,2025-05-13
34926,Nurul Huda,binti Hassan,Female,017-5153576,1971-08-24,nurul34926@gmail.com,Silver,"No. 281, Jalan B3",Kuantan,Pahang,25250,2025-05-13
34927,Zheng Yang,Chan,Male,012-7431592,1993-12-20,zheng34927@gmail.com,Bronze,"No. 88, Jalan E6",Subang Jaya,Selangor,47610,2025-05-13
34928,Haziq,bin Abdullah,Male,016-4901690,1993-02-24,haziq34928@gmail.com,Bronze,"No. 235, Jalan C12",Kuala Lumpur,Federal Territory of Kuala Lumpur,57000,2025-05-14
34929,Faizal,bin Yusof,Male,017-6132180,1992-09-13,faizal34929@gmail.com,Bronze,"No. 184, Jalan D16",Kuala Lumpur,Federal Territory of Kuala Lumpur,56000,2025-05-14
34930,Syafiq,bin Ahmad,Male,016-8770245,1999-08-27,syafiq34930@gmail.com,Gold,"No. 157, Jalan G6",Petaling Jaya,Selangor,47300,2025-05-14
34931,Zulkifli,bin Ismail,Male,016-7077592,1990-08-14,zulkifli34931@gmail.com,Bronze,"No. 20, Jalan B8",Puchong,Selangor,47110,2025-05-14
34932,Sze Min,Yeoh,Female,019-6668328,1987-07-17,sze34932@gmail.com,Bronze,"No. 113, Jalan B18",Johor Bahru,Johor,80100,2025-05-14
34933,Li Wen,Khoo,Female,010-6849548,1968-10-07,li34933@gmail.com,Bronze,"No. 88, Jalan G9",George Town,Pulau Pinang,10300,2025-05-14
34934,Nadia,binti Razak,Female,015-5574214,1975-11-16,nadia34934@gmail.com,Bronze,"No. 136, Jalan F17",Shah Alam,Selangor,40200,2025-05-14
34935,Kavitha,a/p Krishnan,Female,012-8374207,2004-07-31,kavitha34935@gmail.com,Silver,"No. 161, Jalan D19",Shah Alam,Selangor,40160,2025-05-14
34936,Kevin,Chua,Male,019-1744907,1993-10-25,kevin34936@gmail.com,Silver,"No. 20, Jalan G12",Sungai Buloh,Selangor,47820,2025-05-14
34937,Meena,a/p Ramasamy,Female,017-2778703,1981-05-30,meena34937@gmail.com,Bronze,"No. 258, Jalan G14",Klang,Selangor,41050,2025-05-14
34938,Shu Fen,Lim,Female,016-8246105,1979-01-07,shu34938@gmail.com,Bronze,"No. 145, Jalan E17",Klang,Selangor,41000,2025-05-14
34939,Nurin,binti Rahman,Female,015-3111030,1982-11-28,nurin34939@gmail.com,Bronze,"No. 114, Jalan G2",Sungai Buloh,Selangor,47810,2025-05-14
34940,Aiman,bin Osman,Male,015-8362803,1995-06-06,aiman34940@gmail.com,Silver,"No. 127, Jalan C3",Rawang,Selangor,48000,2025-05-14
34941,Wan Ying,Chua,Female,012-7169941,1974-08-13,wan34941@gmail.com,Silver,"No. 89, Jalan C10",Setapak,Federal Territory of Kuala Lumpur,53100,2025-05-14
34942,Aisyah,binti Yusof,Female,019-8180077,1989-12-15,aisyah34942@gmail.com,Bronze,"No. 141, Jalan C2",Setapak,Federal Territory of Kuala Lumpur,53100,2025-05-14
34943,Nur Aina,binti Hassan,Female,018-1037368,1980-04-26,nur34943@gmail.com,Silver,"No. 138, Jalan A19",Gombak,Selangor,53100,2025-05-14
34944,Yasmin,binti Ismail,Female,014-1349794,1991-06-01,yasmin34944@gmail.com,Bronze,"No. 38, Jalan E19",Bukit Jalil,Federal Territory of Kuala Lumpur,57000,2025-05-14
34945,Pei Shan,Ng,Female,019-8498742,1984-07-21,pei34945@gmail.com,Gold,"No. 58, Jalan E2",Kajang,Selangor,43300,2025-05-14
34946,Wei Jie,Lee,Male,011-5531543,1977-06-28,wei34946@gmail.com,Silver,"No. 67, Jalan D11",Kuala Lumpur,Federal Territory of Kuala Lumpur,50480,2025-05-15
34947,Nurul Huda,binti Hassan,Female,018-9372262,1969-06-07,nurul34947@gmail.com,Bronze,"No. 41, Jalan D3",Petaling Jaya,Selangor,46000,2025-05-15
34948,Hafiz,bin Zainal,Male,011-7718074,1997-10-18,hafiz34948@gmail.com,Silver,"No. 11, Jalan C11",Johor Bahru,Johor,80100,2025-05-15
34949,Daniel,Chin,Male,015-7519278,1974-01-27,daniel34949@gmail.com,Platinum,"No. 22, Jalan F7",George Town,Pulau Pinang,10000,2025-05-15
34950,Priya,a/p Rajan,Female,010-9122265,1991-08-19,priya34950@gmail.com,Silver,"No. 77, Jalan F12",Melaka,Melaka,75350,2025-05-15
34951,Rohani,binti Osman,Female,010-8644295,1995-02-23,rohani34951@gmail.com,Bronze,"No. 174, Jalan D11",Shah Alam,Selangor,40460,2025-05-15
34952,Amelia,binti Ismail,Female,017-8657057,1999-06-10,amelia34952@gmail.com,Silver,"No. 222, Jalan E11",Puchong,Selangor,47100,2025-05-15
34953,Izzati,binti Ahmad,Female,016-6863927,2006-05-27,izzati34953@gmail.com,Silver,"No. 283, Jalan G6",Puchong,Selangor,47190,2025-05-15
34954,Daniel,Sim,Male,019-9977708,1968-05-05,daniel34954@gmail.com,Bronze,"No. 226, Jalan A18",Wangsa Maju,Federal Territory of Kuala Lumpur,53300,2025-05-15
34955,Grace,Sim,Female,010-7820537,1985-10-29,grace34955@gmail.com,Bronze,"No. 222, Jalan A4",Selayang,Selangor,68100,2025-05-15
34956,Nurul Huda,binti Zainal,Female,016-8809988,1972-02-19,nurul34956@gmail.com,Bronze,"No. 55, Jalan E2",Subang Jaya,Selangor,47600,2025-05-15
34957,Faizal,bin Abdullah,Male,014-7479554,2000-09-12,faizal34957@gmail.com,Bronze,"No. 85, Jalan G18",Kajang,Selangor,43000,2025-05-15
34958,Suhaila,binti Hassan,Female,018-2642554,1974-12-27,suhaila34958@gmail.com,Bronze,"No. 292, Jalan A3",Bukit Jalil,Federal Territory of Kuala Lumpur,58200,2025-05-15
34959,Syafiq,bin Rahman,Male,017-9125059,1988-02-15,syafiq34959@gmail.com,Bronze,"No. 219, Jalan F9",Sungai Buloh,Selangor,47000,2025-05-16
34960,Vikram,a/l Subramaniam,Male,017-4103721,2003-11-10,vikram34960@gmail.com,Bronze,"No. 216, Jalan D9",Petaling Jaya,Selangor,47810,2025-05-16
34961,Emily,Ong,Female,015-6017773,1977-03-07,emily34961@gmail.com,Gold,"No. 229, Jalan F6",Gombak,Selangor,53100,2025-05-16
34962,Balqis,binti Zainal,Female,011-6979022,1971-06-28,balqis34962@gmail.com,Bronze,"No. 272, Jalan A16",Johor Bahru,Johor,80000,2025-05-16
34963,Zarina,binti Hassan,Female,011-1382066,1974-09-19,zarina34963@gmail.com,Bronze,"No. 43, Jalan B11",Shah Alam,Selangor,40150,2025-05-16
34964,Rohani,binti Yusof,Female,012-5869771,2001-12-13,rohani34964@gmail.com,Bronze,"No. 239, Jalan A15",Sungai Buloh,Selangor,47810,2025-05-16
34965,Kevin,Khoo,Male,015-1016871,1966-09-24,kevin34965@gmail.com,Bronze,"No. 96, Jalan D2",Sungai Buloh,Selangor,47810,2025-05-16
34966,Haziq,bin Ahmad,Male,018-5037683,1970-11-11,haziq34966@gmail.com,Gold,"No. 152, Jalan D9",Puchong,Selangor,47130,2025-05-16
34967,Nurin,binti Ahmad,Female,017-6590557,2001-08-26,nurin34967@gmail.com,Platinum,"No. 26, Jalan F12",Setapak,Federal Territory of Kuala Lumpur,53000,2025-05-16
34968,Hafiz,bin Razak,Male,018-7699365,1973-08-15,hafiz34968@gmail.com,Platinum,"No. 221, Jalan E6",Kepong,Federal Territory of Kuala Lumpur,52100,2025-05-16
34969,Yee Ling,Teoh,Female,015-6735310,1994-03-04,yee34969@gmail.com,Bronze,"No. 275, Jalan B16",Setapak,Federal Territory of Kuala Lumpur,53200,2025-05-16
34970,Divya,a/p Rajan,Female,019-3653328,2000-01-26,divya34970@gmail.com,Bronze,"No. 153, Jalan A19",Wangsa Maju,Federal Territory of Kuala Lumpur,53100,2025-05-16
34971,Fatimah,binti Rahman,Female,016-4937828,1988-01-09,fatimah34971@gmail.com,Bronze,"No. 90, Jalan B4",Wangsa Maju,Federal Territory of Kuala Lumpur,53300,2025-05-16
34972,Jia Yi,Tan,Female,014-3269508,2005-05-29,jia34972@gmail.com,Bronze,"No. 5, Jalan F11",Setapak,Federal Territory of Kuala Lumpur,53100,2025-05-16
34973,Vanessa,Chong,Female,011-6490623,1981-11-28,vanessa34973@gmail.com,Silver,"No. 127, Jalan G4",Seremban,Negeri Sembilan,70100,2025-05-16
34974,Ling Ling,Loh,Female,017-5364162,1994-12-24,ling34974@gmail.com,Gold,"No. 276, Jalan A20",Seremban,Negeri Sembilan,70100,2025-05-16
34975,Kavitha,a/p Rajan,Female,011-4314600,1978-01-12,kavitha34975@gmail.com,Gold,"No. 267, Jalan A7",Kuantan,Pahang,25000,2025-05-16
34976,Hafiz,bin Zainal,Male,013-4992266,1973-10-20,hafiz34976@gmail.com,Gold,"No. 279, Jalan C7",Kuantan,Pahang,25300,2025-05-16
34977,Nur Aina,binti Rahman,Female,014-3401728,1977-01-06,nur34977@gmail.com,Bronze,"No. 252, Jalan D3",Kuantan,Pahang,25050,2025-05-16
34978,Aisyah,binti Razak,Female,010-8333774,1989-07-13,aisyah34978@gmail.com,Bronze,"No. 260, Jalan F1",George Town,Pulau Pinang,10100,2025-05-16
34979,Thivya,a/p Rajan,Female,011-7955019,1998-01-02,thivya34979@gmail.com,Bronze,"No. 82, Jalan G19",Subang Jaya,Selangor,47600,2025-05-16
34980,Kavitha,a/p Krishnan,Female,017-8385910,1995-07-24,kavitha34980@gmail.com,Bronze,"No. 210, Jalan C14",Subang Jaya,Selangor,47500,2025-05-16
34981,Siti,binti Abdullah,Female,018-6908140,1964-03-29,siti34981@gmail.com,Bronze,"No. 144, Jalan D6",Subang Jaya,Selangor,47620,2025-05-16
34982,Anisa,binti Osman,Female,012-8619760,1968-01-12,anisa34982@gmail.com,Bronze,"No. 239, Jalan C2",Kuala Lumpur,Federal Territory of Kuala Lumpur,58000,2025-05-17
34983,Li Wen,Khoo,Female,017-5754452,1996-08-13,li34983@gmail.com,Bronze,"No. 155, Jalan A20",Kuala Lumpur,Federal Territory of Kuala Lumpur,58000,2025-05-17
34984,Ling Ling,Lee,Female,012-7048040,1994-04-30,ling34984@gmail.com,Silver,"No. 293, Jalan B7",Shah Alam,Selangor,40160,2025-05-17
34985,Chloe,Ng,Female,017-6973154,1974-11-07,chloe34985@gmail.com,Bronze,"No. 60, Jalan E5",Puchong,Selangor,47160,2025-05-17
34986,Wei Jie,Chong,Male,012-5441948,2003-07-18,wei34986@gmail.com,Bronze,"No. 21, Jalan B8",Petaling Jaya,Selangor,46300,2025-05-17
34987,Wei Hong,Tan,Male,013-9386691,2004-01-25,wei34987@gmail.com,Silver,"No. 257, Jalan B8",Petaling Jaya,Selangor,47400,2025-05-17
34988,Balqis,binti Abdullah,Female,017-4744560,2003-01-18,balqis34988@gmail.com,Silver,"No. 139, Jalan E8",Johor Bahru,Johor,80100,2025-05-17
34989,Mei Ling,Chan,Female,010-1956747,1975-01-06,mei34989@gmail.com,Silver,"No. 218, Jalan D2",Johor Bahru,Johor,80350,2025-05-17
34990,Nurin,binti Hassan,Female,011-2463967,1965-12-03,nurin34990@gmail.com,Bronze,"No. 106, Jalan D14",Shah Alam,Selangor,40160,2025-05-17
34991,Fatimah,binti Razak,Female,018-8251875,1995-12-09,fatimah34991@gmail.com,Bronze,"No. 126, Jalan B16",Shah Alam,Selangor,40400,2025-05-17
34992,Nur Aina,binti Razak,Female,010-4310130,1988-07-16,nur34992@gmail.com,Gold,"No. 163, Jalan B8",Bukit Jalil,Federal Territory of Kuala Lumpur,57000,2025-05-17
34993,Shu Fen,Loh,Female,011-5232288,1979-06-24,shu34993@gmail.com,Silver,"No. 154, Jalan D10",Nilai,Negeri Sembilan,71800,2025-05-17
34994,Deepa,a/p Muniandy,Female,013-2241288,1992-02-24,deepa34994@gmail.com,Bronze,"No. 45, Jalan D9",Puchong,Selangor,47100,2025-05-17
34995,Danial,bin Yusof,Male,013-9261035,1986-07-17,danial34995@gmail.com,Gold,"No. 63, Jalan D10",Seremban,Negeri Sembilan,70000,2025-05-17
34996,Firdaus,bin Rahman,Male,016-4882461,2003-03-22,firdaus34996@gmail.com,Bronze,"No. 286, Jalan D9",Subang Jaya,Selangor,47600,2025-05-17
34997,Michelle,Khoo,Female,015-7741247,1981-12-06,michelle34997@gmail.com,Silver,"No. 257, Jalan B16",Subang Jaya,Selangor,47600,2025-05-17
34998,Nur Aina,binti Razak,Female,010-1841805,1983-10-29,nur34998@gmail.com,Silver,"No. 206, Jalan G4",Kajang,Selangor,43000,2025-05-17
34999,Amirul,bin Abdullah,Male,018-8412693,2002-02-06,amirul34999@gmail.com,Bronze,"No. 88, Jalan G17",Petaling Jaya,Selangor,46100,2025-05-17
35000,Vikram,a/l Rajan,Male,019-2443629,2004-06-20,vikram35000@gmail.com,Bronze,"No. 144, Jalan F7",Subang Jaya,Selangor,47500,2025-05-17
35001,Nadia,binti Abdullah,Female,016-4620791,1964-05-08,nadia35001@gmail.com,Silver,"No. 242, Jalan B8",Subang Jaya,Selangor,47650,2025-05-17
35002,Fatimah,binti Yusof,Female,010-4818356,1973-09-30,fatimah35002@gmail.com,Gold,"No. 236, Jalan G4",Bukit Jalil,Federal Territory of Kuala Lumpur,57000,2025-05-17
35003,Rachel,Loh,Female,018-1797915,2003-08-19,rachel35003@gmail.com,Silver,"No. 180, Jalan F3",Bukit Jalil,Federal Territory of Kuala Lumpur,58200,2025-05-17
35004,Nur Aina,binti Osman,Female,016-2749656,1992-01-31,nur35004@gmail.com,Bronze,"No. 258, Jalan D6",Kuala Lumpur,Federal Territory of Kuala Lumpur,57000,2025-05-18
35005,Nurin,binti Hassan,Female,015-9710585,1998-03-18,nurin35005@gmail.com,Silver,"No. 192, Jalan E10",Sungai Buloh,Selangor,47810,2025-05-18
35006,Fatimah,binti Razak,Female,018-8158039,1969-04-01,fatimah35006@gmail.com,Bronze,"No. 210, Jalan G3",Petaling Jaya,Selangor,46050,2025-05-18
35007,Daniel,Chan,Male,016-3471171,1991-01-23,daniel35007@gmail.com,Bronze,"No. 290, Jalan D1",Petaling Jaya,Selangor,47400,2025-05-18
35008,Firdaus,bin Rahman,Male,013-5285543,1983-03-06,firdaus35008@gmail.com,Bronze,"No. 37, Jalan D14",Shah Alam,Selangor,40400,2025-05-18
35009,Haziq,bin Rahman,Male,018-6442358,1972-12-14,haziq35009@gmail.com,Bronze,"No. 22, Jalan D13",Shah Alam,Selangor,40170,2025-05-18
35010,Danial,bin Yusof,Male,014-1252390,1994-01-16,danial35010@gmail.com,Bronze,"No. 163, Jalan C8",Sungai Buloh,Selangor,47810,2025-05-18
35011,Danial,bin Ismail,Male,011-2262319,1993-07-24,danial35011@gmail.com,Bronze,"No. 15, Jalan E10",Sungai Buloh,Selangor,47000,2025-05-18
35012,Firdaus,bin Razak,Male,012-9382619,1990-02-06,firdaus35012@gmail.com,Gold,"No. 137, Jalan G9",Puchong,Selangor,47160,2025-05-18
35013,Anisa,binti Hassan,Female,017-9130428,1979-12-24,anisa35013@gmail.com,Gold,"No. 169, Jalan A4",Sungai Buloh,Selangor,47810,2025-05-18
35014,Aina,binti Ahmad,Female,010-7487095,1975-10-30,aina35014@gmail.com,Bronze,"No. 152, Jalan D2",Setapak,Federal Territory of Kuala Lumpur,53300,2025-05-18
35015,Firdaus,bin Rahman,Male,014-9491959,2004-11-16,firdaus35015@gmail.com,Silver,"No. 235, Jalan F19",Wangsa Maju,Federal Territory of Kuala Lumpur,53100,2025-05-18
35016,Priya,a/p Krishnan,Female,018-5274668,1965-02-26,priya35016@gmail.com,Bronze,"No. 136, Jalan A3",Kuala Lumpur,Federal Territory of Kuala Lumpur,50480,2025-05-18
35017,Aisyah,binti Ahmad,Female,019-3829724,1982-02-19,aisyah35017@gmail.com,Bronze,"No. 236, Jalan D19",Seremban,Negeri Sembilan,70450,2025-05-18
35018,Hafiz,bin Razak,Male,016-2327782,1967-10-02,hafiz35018@gmail.com,Bronze,"No. 259, Jalan B3",Kuantan,Pahang,25050,2025-05-18
35019,Sharmila,a/p Maniam,Female,011-8625526,1979-12-09,sharmila35019@gmail.com,Bronze,"No. 277, Jalan D2",Temerloh,Pahang,28000,2025-05-18
35020,Hui Min,Chua,Female,016-4733736,1975-07-10,hui35020@gmail.com,Silver,"No. 38, Jalan B11",Cyberjaya,Selangor,63100,2025-05-18
35021,Mei Ling,Khoo,Female,017-8449077,1985-12-10,mei35021@gmail.com,Silver,"No. 271, Jalan G15",Cyberjaya,Selangor,63100,2025-05-18
35022,Nabila,binti Osman,Female,016-8756513,1992-01-13,nabila35022@gmail.com,Bronze,"No. 147, Jalan D10",Bukit Jalil,Federal Territory of Kuala Lumpur,57100,2025-05-18
35023,Kumar,a/l Maniam,Male,010-9824468,1979-12-13,kumar35023@gmail.com,Bronze,"No. 192, Jalan A10",Kuala Lumpur,Federal Territory of Kuala Lumpur,58000,2025-05-19
35024,Aiman,bin Osman,Male,014-1497332,1981-10-27,aiman35024@gmail.com,Bronze,"No. 286, Jalan F12",Petaling Jaya,Selangor,46300,2025-05-19
35025,Jun Hao,Liew,Male,010-3484020,1988-10-03,jun35025@gmail.com,Bronze,"No. 66, Jalan A4",Petaling Jaya,Selangor,47810,2025-05-19
35026,Aiman,bin Ismail,Male,016-9474636,1992-06-13,aiman35026@gmail.com,Bronze,"No. 147, Jalan B1",Petaling Jaya,Selangor,47810,2025-05-19
35027,Zhi Wei,Chua,Male,016-8600062,1964-09-21,zhi35027@gmail.com,Gold,"No. 196, Jalan E2",Petaling Jaya,Selangor,47400,2025-05-19
35028,Balqis,binti Ismail,Female,012-8335451,2002-01-06,balqis35028@gmail.com,Bronze,"No. 178, Jalan A2",Klang,Selangor,42100,2025-05-19
35029,Zulkifli,bin Ahmad,Male,017-2534223,1978-02-09,zulkifli35029@gmail.com,Bronze,"No. 198, Jalan A6",Shah Alam,Selangor,40400,2025-05-19
35030,Wan Ying,Sim,Female,012-3682153,1982-06-11,wan35030@gmail.com,Bronze,"No. 204, Jalan E11",Klang,Selangor,41000,2025-05-19
35031,Syafiq,bin Abdullah,Male,016-7468188,1987-07-05,syafiq35031@gmail.com,Bronze,"No. 133, Jalan C12",Puchong,Selangor,47140,2025-05-19
35032,Rachel,Ong,Female,018-8760091,1983-12-26,rachel35032@gmail.com,Silver,"No. 176, Jalan C19",Setapak,Federal Territory of Kuala Lumpur,53200,2025-05-19
35033,Suhaila,binti Osman,Female,010-6664933,1965-08-17,suhaila35033@gmail.com,Bronze,"No. 216, Jalan B7",Wangsa Maju,Federal Territory of Kuala Lumpur,53100,2025-05-19
35034,Nadia,binti Osman,Female,014-6565099,2001-02-15,nadia35034@gmail.com,Bronze,"No. 44, Jalan B7",Ipoh,Perak,30000,2025-05-19
35035,Xin Yi,Foo,Female,019-2087002,1970-08-13,xin35035@gmail.com,Gold,"No. 67, Jalan B14",Kajang,Selangor,43000,2025-05-19
35036,Emily,Teoh,Female,015-9375883,1984-08-17,emily35036@gmail.com,Bronze,"No. 36, Jalan D17",Kuala Lumpur,Federal Territory of Kuala Lumpur,58000,2025-05-20
35037,Kai Xin,Loh,Female,011-4793171,1968-11-07,kai35037@gmail.com,Bronze,"No. 220, Jalan F6",Petaling Jaya,Selangor,46200,2025-05-20
35038,Shu Fen,Ng,Female,014-4547542,1992-03-02,shu35038@gmail.com,Silver,"No. 98, Jalan D18",Petaling Jaya,Selangor,47301,2025-05-20
35039,Balqis,binti Hassan,Female,017-4708666,2003-10-14,balqis35039@gmail.com,Bronze,"No. 41, Jalan G20",Sungai Buloh,Selangor,47810,2025-05-20
35040,Nurul Huda,binti Ahmad,Female,019-3165709,2005-01-08,nurul35040@gmail.com,Bronze,"No. 133, Jalan D18",Johor Bahru,Johor,81300,2025-05-20
35041,Fatimah,binti Zainal,Female,010-7438851,1977-11-02,fatimah35041@gmail.com,Bronze,"No. 261, Jalan F8",Gombak,Selangor,53000,2025-05-20
35042,Priya,a/p Ramasamy,Female,010-1057037,1976-04-21,priya35042@gmail.com,Silver,"No. 122, Jalan B19",Melaka,Melaka,75300,2025-05-20
35043,Alia,binti Osman,Female,019-8026497,1966-11-04,alia35043@gmail.com,Gold,"No. 14, Jalan C3",Shah Alam,Selangor,40300,2025-05-20
35044,Kumar,a/l Rajan,Male,014-8378856,1985-04-04,kumar35044@gmail.com,Silver,"No. 282, Jalan G6",Ipoh,Perak,30250,2025-05-20
35045,Pei Shan,Chua,Female,012-4318637,1987-10-11,pei35045@gmail.com,Bronze,"No. 248, Jalan E5",Seremban,Negeri Sembilan,70000,2025-05-20
35046,Zarina,binti Abdullah,Female,013-9846239,1994-09-23,zarina35046@gmail.com,Bronze,"No. 59, Jalan B7",Ipoh,Perak,31350,2025-05-20
35047,Kavitha,a/p Rajan,Female,015-1433750,2003-01-08,kavitha35047@gmail.com,Silver,"No. 186, Jalan F2",Kuantan,Pahang,25050,2025-05-20
35048,Zulkifli,bin Rahman,Male,019-3433606,2006-06-06,zulkifli35048@gmail.com,Bronze,"No. 235, Jalan G16",Petaling Jaya,Selangor,46300,2025-05-20
35049,Yasmin,binti Ahmad,Female,015-6908550,1972-11-22,yasmin35049@gmail.com,Bronze,"No. 125, Jalan E15",Bukit Jalil,Federal Territory of Kuala Lumpur,57000,2025-05-20
35050,Arjun,a/l Subramaniam,Male,012-8938387,1983-06-27,arjun35050@gmail.com,Bronze,"No. 61, Jalan D10",Setapak,Federal Territory of Kuala Lumpur,53000,2025-05-20
35051,Aisyah,binti Razak,Female,012-8860186,1995-09-29,aisyah35051@gmail.com,Bronze,"No. 257, Jalan F16",Kuala Lumpur,Federal Territory of Kuala Lumpur,59200,2025-05-21
35052,Hafiz,bin Rahman,Male,015-9340719,1990-07-09,hafiz35052@gmail.com,Bronze,"No. 176, Jalan C19",Kuala Lumpur,Federal Territory of Kuala Lumpur,56000,2025-05-21
35053,Kai Xin,Liew,Female,011-4821105,1978-02-07,kai35053@gmail.com,Bronze,"No. 171, Jalan E2",Petaling Jaya,Selangor,46300,2025-05-21
35054,Wan Ying,Khoo,Female,017-1497550,1981-10-08,wan35054@gmail.com,Silver,"No. 292, Jalan C6",Petaling Jaya,Selangor,47400,2025-05-21
35055,Danial,bin Ismail,Male,015-9999466,2006-07-27,danial35055@gmail.com,Bronze,"No. 230, Jalan A8",Petaling Jaya,Selangor,47810,2025-05-21
35056,Sze Min,Khoo,Female,017-1986679,1995-12-07,sze35056@gmail.com,Silver,"No. 241, Jalan A19",Puchong,Selangor,47180,2025-05-21
35057,Jasmine,Chin,Female,010-3075694,1965-07-10,jasmine35057@gmail.com,Bronze,"No. 29, Jalan F20",George Town,Pulau Pinang,10100,2025-05-21
35058,Sze Min,Chua,Female,019-8214298,1988-04-06,sze35058@gmail.com,Silver,"No. 231, Jalan B13",Shah Alam,Selangor,40100,2025-05-21
35059,Suhaila,binti Ismail,Female,017-5619543,1973-03-10,suhaila35059@gmail.com,Bronze,"No. 255, Jalan E13",George Town,Pulau Pinang,10400,2025-05-21
35060,Prakash,a/l Muniandy,Male,019-2203373,1984-05-27,prakash35060@gmail.com,Bronze,"No. 137, Jalan G4",Melaka,Melaka,75250,2025-05-21
35061,Nabila,binti Razak,Female,015-8849043,1994-08-18,nabila35061@gmail.com,Bronze,"No. 122, Jalan F12",Shah Alam,Selangor,40450,2025-05-21
35062,Izzati,binti Ahmad,Female,014-9733621,1983-04-18,izzati35062@gmail.com,Gold,"No. 8, Jalan C3",Kuala Lumpur,Federal Territory of Kuala Lumpur,50480,2025-05-21
35063,Ganesh,a/l Muniandy,Male,014-8470394,1973-10-11,ganesh35063@gmail.com,Bronze,"No. 98, Jalan D16",Klang,Selangor,41150,2025-05-21
35064,Prakash,a/l Ramasamy,Male,017-1952204,1980-07-02,prakash35064@gmail.com,Bronze,"No. 284, Jalan G14",Klang,Selangor,41300,2025-05-21
35065,Li Wen,Lee,Female,015-1801734,1995-08-08,li35065@gmail.com,Bronze,"No. 277, Jalan G11",Puchong,Selangor,47170,2025-05-21
35066,Yee Ling,Yap,Female,016-6121944,2003-07-11,yee35066@gmail.com,Bronze,"No. 170, Jalan A8",Selayang,Selangor,68100,2025-05-21
35067,Irfan,bin Zainal,Male,010-2252525,1985-03-16,irfan35067@gmail.com,Bronze,"No. 127, Jalan A12",Puchong,Selangor,47180,2025-05-21
35068,Pei Shan,Chong,Female,011-1503237,1977-12-12,pei35068@gmail.com,Bronze,"No. 283, Jalan C16",Puchong,Selangor,47110,2025-05-21
35069,Adam,bin Abdullah,Male,014-5041952,1998-07-09,adam35069@gmail.com,Bronze,"No. 159, Jalan E1",Setapak,Federal Territory of Kuala Lumpur,53200,2025-05-21
35070,Balqis,binti Ahmad,Female,014-4419343,1979-06-22,balqis35070@gmail.com,Silver,"No. 150, Jalan B12",Wangsa Maju,Federal Territory of Kuala Lumpur,53300,2025-05-21
35071,Zulkifli,bin Zainal,Male,015-8022793,2001-04-27,zulkifli35071@gmail.com,Bronze,"No. 179, Jalan A12",Cyberjaya,Selangor,63100,2025-05-21
35072,Yong Sheng,Loh,Male,019-3242840,1964-09-15,yong35072@gmail.com,Bronze,"No. 57, Jalan D13",Bukit Jalil,Federal Territory of Kuala Lumpur,57000,2025-05-21
35073,Izzati,binti Rahman,Female,016-9780117,1989-10-06,izzati35073@gmail.com,Bronze,"No. 79, Jalan C13",Kuala Lumpur,Federal Territory of Kuala Lumpur,50000,2025-05-22
35074,Zheng Yang,Cheah,Male,019-1230539,2002-11-30,zheng35074@gmail.com,Bronze,"No. 124, Jalan G4",Kuala Lumpur,Federal Territory of Kuala Lumpur,55100,2025-05-22
35075,Zarina,binti Razak,Female,014-9754656,2000-06-22,zarina35075@gmail.com,Bronze,"No. 229, Jalan F13",Kuala Lumpur,Federal Territory of Kuala Lumpur,56000,2025-05-22
35076,Xin Yi,Lim,Female,010-1144441,1991-01-10,xin35076@gmail.com,Gold,"No. 104, Jalan G2",Setapak,Federal Territory of Kuala Lumpur,53200,2025-05-22
35077,Zulkifli,bin Yusof,Male,012-9505474,1983-04-01,zulkifli35077@gmail.com,Bronze,"No. 246, Jalan A11",Petaling Jaya,Selangor,46050,2025-05-22
35078,Hannah,binti Hassan,Female,011-4546792,1993-12-29,hannah35078@gmail.com,Silver,"No. 267, Jalan F16",Johor Bahru,Johor,80200,2025-05-22
35079,Suhaila,binti Razak,Female,012-3707394,1984-09-13,suhaila35079@gmail.com,Silver,"No. 2, Jalan D11",Melaka,Melaka,75150,2025-05-22
35080,Nurin,binti Osman,Female,012-1963131,1968-06-05,nurin35080@gmail.com,Gold,"No. 140, Jalan F11",Shah Alam,Selangor,40200,2025-05-22
35081,Arjun,a/l Ramasamy,Male,012-1590176,1973-03-08,arjun35081@gmail.com,Bronze,"No. 280, Jalan G14",Puchong,Selangor,47160,2025-05-22
35082,Irfan,bin Osman,Male,017-8860661,2006-02-09,irfan35082@gmail.com,Silver,"No. 107, Jalan G1",Kepong,Federal Territory of Kuala Lumpur,51200,2025-05-22
35083,Aiman,bin Abdullah,Male,016-4134640,2005-04-25,aiman35083@gmail.com,Silver,"No. 128, Jalan D15",Bukit Jalil,Federal Territory of Kuala Lumpur,57000,2025-05-22
35084,Meena,a/p Subramaniam,Female,017-6608892,1970-03-02,meena35084@gmail.com,Silver,"No. 140, Jalan B20",Kuantan,Pahang,25200,2025-05-22
35085,Rohani,binti Razak,Female,011-9078000,1969-07-26,rohani35085@gmail.com,Silver,"No. 39, Jalan D2",Cyberjaya,Selangor,63000,2025-05-22
35086,Emily,Yap,Female,019-6466321,1995-12-28,emily35086@gmail.com,Silver,"No. 273, Jalan C11",Subang Jaya,Selangor,47610,2025-05-22
35087,Nur Aina,binti Razak,Female,016-5992310,1966-08-25,nur35087@gmail.com,Bronze,"No. 107, Jalan D7",George Town,Pulau Pinang,10400,2025-05-22
35088,Alia,binti Hamid,Female,013-7380986,1976-04-03,alia35088@gmail.com,Silver,"No. 85, Jalan E2",Kuala Lumpur,Federal Territory of Kuala Lumpur,58000,2025-05-23
35089,Daniel,Lim,Male,019-3492331,2000-11-11,daniel35089@gmail.com,Bronze,"No. 92, Jalan D10",Shah Alam,Selangor,40450,2025-05-23
35090,Irfan,bin Ismail,Male,016-8575978,1992-02-16,irfan35090@gmail.com,Silver,"No. 271, Jalan C12",Kuala Lumpur,Federal Territory of Kuala Lumpur,55100,2025-05-23
35091,Faizal,bin Yusof,Male,010-3990493,1993-06-05,faizal35091@gmail.com,Silver,"No. 97, Jalan F10",Sungai Buloh,Selangor,47820,2025-05-23
35092,Rohani,binti Hassan,Female,012-8375905,1978-10-13,rohani35092@gmail.com,Gold,"No. 50, Jalan A8",Petaling Jaya,Selangor,46000,2025-05-23
35093,Alia,binti Hassan,Female,012-5245110,1986-09-09,alia35093@gmail.com,Silver,"No. 91, Jalan D10",Subang Jaya,Selangor,47630,2025-05-23
35094,Nurul Huda,binti Zainal,Female,018-1908595,1982-05-24,nurul35094@gmail.com,Bronze,"No. 200, Jalan E13",Ipoh,Perak,31350,2025-05-23
35095,Fatimah,binti Ismail,Female,016-1422279,1990-05-27,fatimah35095@gmail.com,Silver,"No. 293, Jalan E11",Kulai,Johor,81030,2025-05-23
35096,Firdaus,bin Razak,Male,012-3187984,1969-05-29,firdaus35096@gmail.com,Gold,"No. 223, Jalan A2",George Town,Pulau Pinang,10450,2025-05-23
35097,Zhi Wei,Ng,Male,013-7507888,1982-02-01,zhi35097@gmail.com,Silver,"No. 213, Jalan G14",Sungai Buloh,Selangor,47820,2025-05-23
35098,Alia,binti Razak,Female,010-3731722,1986-01-09,alia35098@gmail.com,Silver,"No. 241, Jalan C12",Selayang,Selangor,68100,2025-05-23
35099,Zarina,binti Abdullah,Female,019-5922208,1972-06-10,zarina35099@gmail.com,Silver,"No. 277, Jalan B15",Selayang,Selangor,68000,2025-05-23
35100,Alia,binti Hassan,Female,012-6293937,2004-06-03,alia35100@gmail.com,Silver,"No. 243, Jalan F3",Setapak,Federal Territory of Kuala Lumpur,53200,2025-05-23
35101,Izzati,binti Hassan,Female,011-7085361,2002-01-25,izzati35101@gmail.com,Gold,"No. 218, Jalan D4",Setapak,Federal Territory of Kuala Lumpur,53100,2025-05-23
35102,Rachel,Chua,Female,013-6290734,1998-06-17,rachel35102@gmail.com,Silver,"No. 272, Jalan A16",Ampang,Selangor,55100,2025-05-23
35103,Xin Yi,Loh,Female,017-6657848,1974-11-09,xin35103@gmail.com,Bronze,"No. 286, Jalan A7",Gombak,Selangor,53100,2025-05-23
35104,Irfan,bin Abdullah,Male,011-1798166,1966-12-03,irfan35104@gmail.com,Bronze,"No. 142, Jalan B4",Seremban,Negeri Sembilan,70400,2025-05-23
35105,Hui Min,Lee,Female,010-3751895,1980-10-08,hui35105@gmail.com,Platinum,"No. 99, Jalan B18",Petaling Jaya,Selangor,47300,2025-05-23
35106,Vanessa,Yap,Female,016-8601652,1990-07-08,vanessa35106@gmail.com,Silver,"No. 162, Jalan C3",Bukit Jalil,Federal Territory of Kuala Lumpur,57100,2025-05-23
35107,Yong Sheng,Lee,Male,012-3269033,1996-04-29,yong35107@gmail.com,Bronze,"No. 263, Jalan A9",Kepong,Federal Territory of Kuala Lumpur,51200,2025-05-24
35108,Thivya,a/p Subramaniam,Female,019-3427532,1964-03-24,thivya35108@gmail.com,Bronze,"No. 73, Jalan D10",Kuala Lumpur,Federal Territory of Kuala Lumpur,55100,2025-05-24
35109,Irfan,bin Osman,Male,010-3546976,1989-09-14,irfan35109@gmail.com,Bronze,"No. 111, Jalan B18",Kuala Lumpur,Federal Territory of Kuala Lumpur,56000,2025-05-24
35110,Jasmine,Yeoh,Female,013-1884852,1989-05-29,jasmine35110@gmail.com,Silver,"No. 129, Jalan F8",Bukit Jalil,Federal Territory of Kuala Lumpur,57100,2025-05-24
35111,Nurul Huda,binti Razak,Female,012-6966590,1985-11-07,nurul35111@gmail.com,Bronze,"No. 263, Jalan C10",Sungai Buloh,Selangor,47820,2025-05-24
35112,Syafiq,bin Abdullah,Male,011-4313845,1995-05-15,syafiq35112@gmail.com,Silver,"No. 76, Jalan F3",Petaling Jaya,Selangor,46100,2025-05-24
35113,Yasmin,binti Hamid,Female,017-1368382,1988-05-25,yasmin35113@gmail.com,Bronze,"No. 211, Jalan C16",Johor Bahru,Johor,81100,2025-05-24
35114,Kavitha,a/p Ramasamy,Female,012-7391172,1998-09-05,kavitha35114@gmail.com,Silver,"No. 226, Jalan E18",George Town,Pulau Pinang,10000,2025-05-24
35115,Anisa,binti Rahman,Female,017-5888285,1999-05-07,anisa35115@gmail.com,Bronze,"No. 221, Jalan G6",George Town,Pulau Pinang,10400,2025-05-24
35116,Hafiz,bin Hassan,Male,018-7831681,1966-01-25,hafiz35116@gmail.com,Bronze,"No. 75, Jalan G17",George Town,Pulau Pinang,10050,2025-05-24
35117,Rohani,binti Rahman,Female,012-6254977,1994-02-10,rohani35117@gmail.com,Gold,"No. 153, Jalan G16",Melaka,Melaka,75000,2025-05-24
35118,Syafiq,bin Razak,Male,017-9406077,1999-02-07,syafiq35118@gmail.com,Platinum,"No. 139, Jalan G16",Wangsa Maju,Federal Territory of Kuala Lumpur,53300,2025-05-24
35119,Nadia,binti Razak,Female,016-8006165,2005-03-28,nadia35119@gmail.com,Bronze,"No. 122, Jalan A1",Shah Alam,Selangor,40200,2025-05-24
35120,Anisa,binti Ismail,Female,014-5858226,1999-06-03,anisa35120@gmail.com,Silver,"No. 187, Jalan E14",Sungai Buloh,Selangor,47820,2025-05-24
35121,Syafiq,bin Zainal,Male,010-9645071,1977-09-14,syafiq35121@gmail.com,Gold,"No. 228, Jalan F2",Sungai Buloh,Selangor,47820,2025-05-24
35122,Xin Yi,Ong,Female,016-4099855,1989-07-27,xin35122@gmail.com,Bronze,"No. 289, Jalan F15",Klang,Selangor,41000,2025-05-24
35123,Chong Wei,Ong,Male,012-1450499,1984-04-30,chong35123@gmail.com,Silver,"No. 58, Jalan F2",Bangi,Selangor,43600,2025-05-24
35124,Aisyah,binti Hamid,Female,019-2652002,1967-04-18,aisyah35124@gmail.com,Bronze,"No. 216, Jalan G19",Puchong,Selangor,47100,2025-05-24
35125,Rohani,binti Ahmad,Female,016-5894014,2005-12-17,rohani35125@gmail.com,Platinum,"No. 164, Jalan G13",Selayang,Selangor,68100,2025-05-24
35126,Farah,binti Hamid,Female,010-9385515,1968-01-31,farah35126@gmail.com,Gold,"No. 28, Jalan E6",Setapak,Federal Territory of Kuala Lumpur,53200,2025-05-24
35127,Yee Ling,Lim,Female,012-7862756,1998-04-25,yee35127@gmail.com,Silver,"No. 251, Jalan D19",Setapak,Federal Territory of Kuala Lumpur,53100,2025-05-24
35128,Faizal,bin Zainal,Male,011-2212331,2006-01-02,faizal35128@gmail.com,Platinum,"No. 204, Jalan B7",Taiping,Perak,34600,2025-05-24
35129,Nur Aina,binti Abdullah,Female,013-1187633,1985-07-04,nur35129@gmail.com,Bronze,"No. 3, Jalan F4",Kuantan,Pahang,26060,2025-05-24
35130,Aiman,bin Hassan,Male,015-9873445,1966-08-12,aiman35130@gmail.com,Bronze,"No. 300, Jalan E1",Kuantan,Pahang,25150,2025-05-24
35131,Nurul Huda,binti Zainal,Female,015-3574103,1981-11-21,nurul35131@gmail.com,Bronze,"No. 248, Jalan F11",Kajang,Selangor,43100,2025-05-24
35132,Jasmine,Sim,Female,015-4426995,1983-11-30,jasmine35132@gmail.com,Silver,"No. 59, Jalan A6",Bukit Jalil,Federal Territory of Kuala Lumpur,58200,2025-05-24
35133,Fatimah,binti Abdullah,Female,014-4601971,1975-01-15,fatimah35133@gmail.com,Bronze,"No. 91, Jalan F19",Kuala Lumpur,Federal Territory of Kuala Lumpur,55100,2025-05-25
35134,Balqis,binti Hamid,Female,011-5372334,2006-03-25,balqis35134@gmail.com,Bronze,"No. 52, Jalan D15",Wangsa Maju,Federal Territory of Kuala Lumpur,53100,2025-05-25
35135,Michelle,Loh,Female,018-3050381,2003-06-02,michelle35135@gmail.com,Bronze,"No. 60, Jalan F14",Kuala Lumpur,Federal Territory of Kuala Lumpur,50000,2025-05-25
35136,Syafiq,bin Rahman,Male,011-6981125,1977-07-29,syafiq35136@gmail.com,Silver,"No. 43, Jalan C11",Kuala Lumpur,Federal Territory of Kuala Lumpur,56000,2025-05-25
35137,Zarina,binti Ahmad,Female,017-6394568,1978-08-09,zarina35137@gmail.com,Platinum,"No. 99, Jalan D19",Subang Jaya,Selangor,47630,2025-05-25
35138,Hafiz,bin Zainal,Male,018-1134806,1964-10-19,hafiz35138@gmail.com,Silver,"No. 22, Jalan A14",Johor Bahru,Johor,81200,2025-05-25
35139,Amirul,bin Ahmad,Male,010-5597878,1970-09-20,amirul35139@gmail.com,Silver,"No. 74, Jalan F14",George Town,Pulau Pinang,10400,2025-05-25
35140,Mei Ling,Chin,Female,016-5442043,1990-03-08,mei35140@gmail.com,Bronze,"No. 68, Jalan B16",George Town,Pulau Pinang,10100,2025-05-25
35141,Syafiq,bin Abdullah,Male,012-4398780,1983-03-19,syafiq35141@gmail.com,Silver,"No. 161, Jalan A13",Wangsa Maju,Federal Territory of Kuala Lumpur,53100,2025-05-25
35142,Aisyah,binti Abdullah,Female,017-1824353,1987-10-16,aisyah35142@gmail.com,Silver,"No. 182, Jalan B9",George Town,Pulau Pinang,10450,2025-05-25
35143,Jun Hao,Goh,Male,014-4820677,1988-10-07,jun35143@gmail.com,Bronze,"No. 286, Jalan E13",Gombak,Selangor,53100,2025-05-25
35144,Alia,binti Yusof,Female,019-3674716,1998-02-19,alia35144@gmail.com,Silver,"No. 247, Jalan D8",Alor Gajah,Melaka,78100,2025-05-25
35145,Hui Min,Liew,Female,017-6158910,2000-01-31,hui35145@gmail.com,Bronze,"No. 11, Jalan F1",Melaka,Melaka,75050,2025-05-25
35146,Nadia,binti Abdullah,Female,012-3797031,1986-04-02,nadia35146@gmail.com,Bronze,"No. 249, Jalan C5",Alor Gajah,Melaka,78100,2025-05-25
35147,Rajesh,a/l Subramaniam,Male,014-1881915,1975-02-04,rajesh35147@gmail.com,Silver,"No. 179, Jalan F9",Selayang,Selangor,68000,2025-05-25
35148,Hui Min,Liew,Female,015-1430469,1996-09-16,hui35148@gmail.com,Silver,"No. 165, Jalan G15",Shah Alam,Selangor,40400,2025-05-25
35149,Firdaus,bin Osman,Male,015-5534488,1984-08-23,firdaus35149@gmail.com,Bronze,"No. 202, Jalan D2",Klang,Selangor,41200,2025-05-25
35150,Balqis,binti Hassan,Female,018-6750845,1975-11-06,balqis35150@gmail.com,Bronze,"No. 285, Jalan A6",Klang,Selangor,42100,2025-05-25
35151,Haziq,bin Hamid,Male,018-2683652,1973-01-06,haziq35151@gmail.com,Silver,"No. 244, Jalan A14",Cyberjaya,Selangor,63100,2025-05-25
35152,Kumar,a/l Maniam,Male,011-3281771,1965-01-28,kumar35152@gmail.com,Bronze,"No. 230, Jalan E2",Setapak,Federal Territory of Kuala Lumpur,53200,2025-05-25
35153,Amelia,binti Zainal,Female,019-8714958,1973-08-10,amelia35153@gmail.com,Silver,"No. 258, Jalan A20",Wangsa Maju,Federal Territory of Kuala Lumpur,53300,2025-05-25
35154,Meena,a/p Maniam,Female,011-1509548,1988-06-04,meena35154@gmail.com,Bronze,"No. 288, Jalan C18",Ipoh,Perak,30200,2025-05-25
35155,Jia Yi,Chin,Female,014-8834356,1976-08-13,jia35155@gmail.com,Gold,"No. 58, Jalan F14",Ipoh,Perak,30250,2025-05-25
35156,Sharmila,a/p Maniam,Female,011-9674386,1996-05-24,sharmila35156@gmail.com,Silver,"No. 75, Jalan E9",Seremban,Negeri Sembilan,70200,2025-05-25
35157,Aiman,bin Hassan,Male,012-8503094,1990-05-06,aiman35157@gmail.com,Bronze,"No. 11, Jalan D14",Nilai,Negeri Sembilan,71800,2025-05-25
35158,Kavitha,a/p Subramaniam,Female,017-6588522,1995-10-17,kavitha35158@gmail.com,Silver,"No. 162, Jalan G11",Petaling Jaya,Selangor,46000,2025-05-25
35159,Adam,bin Osman,Male,016-3994479,2006-06-22,adam35159@gmail.com,Silver,"No. 204, Jalan F12",Kuantan,Pahang,25050,2025-05-25
35160,Kai Xin,Lim,Female,011-1372425,1995-06-12,kai35160@gmail.com,Bronze,"No. 134, Jalan F4",Kuantan,Pahang,25050,2025-05-25
35161,Nurin,binti Abdullah,Female,013-9275963,1972-10-09,nurin35161@gmail.com,Bronze,"No. 120, Jalan A7",Kajang,Selangor,43300,2025-05-25
35162,Yee Ling,Lim,Female,011-5703489,1993-10-19,yee35162@gmail.com,Silver,"No. 292, Jalan C1",Subang Jaya,Selangor,47650,2025-05-25
35163,Jian Ming,Chua,Male,019-6778994,2005-05-21,jian35163@gmail.com,Bronze,"No. 113, Jalan B16",Kajang,Selangor,43100,2025-05-25
35164,Divya,a/p Subramaniam,Female,011-9262976,1986-03-05,divya35164@gmail.com,Bronze,"No. 148, Jalan B14",Cyberjaya,Selangor,63000,2025-05-25
35165,Yong Sheng,Chua,Male,014-5724759,1968-10-19,yong35165@gmail.com,Bronze,"No. 79, Jalan D5",Bukit Jalil,Federal Territory of Kuala Lumpur,57000,2025-05-25
35166,Fatimah,binti Yusof,Female,014-7330131,1971-08-02,fatimah35166@gmail.com,Gold,"No. 251, Jalan B5",Bukit Jalil,Federal Territory of Kuala Lumpur,58200,2025-05-25
35167,Faizal,bin Abdullah,Male,013-2605874,1981-05-27,faizal35167@gmail.com,Bronze,"No. 223, Jalan G8",Petaling Jaya,Selangor,47400,2025-05-26
35168,Adam,bin Abdullah,Male,016-7747700,2000-01-14,adam35168@gmail.com,Bronze,"No. 28, Jalan D11",Petaling Jaya,Selangor,46000,2025-05-26
35169,Anisa,binti Hassan,Female,010-8065678,1983-08-31,anisa35169@gmail.com,Bronze,"No. 188, Jalan E18",Petaling Jaya,Selangor,47810,2025-05-26
35170,Suhaila,binti Hamid,Female,014-4001682,1965-11-14,suhaila35170@gmail.com,Silver,"No. 100, Jalan B1",Petaling Jaya,Selangor,46300,2025-05-26
35171,Jian Ming,Loh,Male,013-4805202,2006-02-18,jian35171@gmail.com,Silver,"No. 150, Jalan C2",George Town,Pulau Pinang,10000,2025-05-26
35172,Nur Aina,binti Razak,Female,015-8814837,1964-06-07,nur35172@gmail.com,Bronze,"No. 30, Jalan D4",George Town,Pulau Pinang,10300,2025-05-26
35173,Rachel,Cheah,Female,010-3419711,1990-11-13,rachel35173@gmail.com,Bronze,"No. 225, Jalan E15",Melaka,Melaka,75150,2025-05-26
35174,Wei Jie,Ong,Male,013-6918699,1983-07-02,wei35174@gmail.com,Bronze,"No. 10, Jalan G12",Sungai Buloh,Selangor,47810,2025-05-26
35175,Aina,binti Rahman,Female,015-2935366,1983-11-17,aina35175@gmail.com,Gold,"No. 18, Jalan D18",Sungai Buloh,Selangor,47000,2025-05-26
35176,Nur Aina,binti Abdullah,Female,010-5783159,1993-05-25,nur35176@gmail.com,Gold,"No. 202, Jalan D14",Selayang,Selangor,68000,2025-05-26
35177,Aiman,bin Ismail,Male,011-8465167,1973-10-02,aiman35177@gmail.com,Silver,"No. 161, Jalan C1",Wangsa Maju,Federal Territory of Kuala Lumpur,53100,2025-05-26
35178,Thivya,a/p Muniandy,Female,012-5009053,2002-10-26,thivya35178@gmail.com,Bronze,"No. 121, Jalan F19",Wangsa Maju,Federal Territory of Kuala Lumpur,53100,2025-05-26
35179,Nurin,binti Osman,Female,014-8965432,1975-12-10,nurin35179@gmail.com,Bronze,"No. 265, Jalan F9",Puchong,Selangor,47110,2025-05-26
35180,Ganesh,a/l Maniam,Male,016-4286368,1990-02-11,ganesh35180@gmail.com,Silver,"No. 238, Jalan E6",Seremban,Negeri Sembilan,70500,2025-05-26
35181,Syafiq,bin Ismail,Male,018-6877584,1971-12-06,syafiq35181@gmail.com,Silver,"No. 104, Jalan E8",Ipoh,Perak,30100,2025-05-26
35182,Ling Ling,Tan,Female,018-3986933,2002-03-15,ling35182@gmail.com,Bronze,"No. 112, Jalan G19",Kuantan,Pahang,25050,2025-05-26
35183,Jia Yi,Ng,Female,013-8940506,1973-06-28,jia35183@gmail.com,Bronze,"No. 90, Jalan B10",Kajang,Selangor,43000,2025-05-26
35184,Danial,bin Rahman,Male,013-9820375,1988-01-20,danial35184@gmail.com,Silver,"No. 277, Jalan E5",Subang Jaya,Selangor,47500,2025-05-26
35185,Deepa,a/p Rajan,Female,017-6854268,1977-10-26,deepa35185@gmail.com,Silver,"No. 130, Jalan C17",Klang,Selangor,41050,2025-05-26
35186,Nur Aina,binti Hamid,Female,013-5670481,1966-02-25,nur35186@gmail.com,Bronze,"No. 267, Jalan E13",Bukit Jalil,Federal Territory of Kuala Lumpur,57000,2025-05-26
35187,Xin Yi,Loh,Female,018-9779689,1983-12-22,xin35187@gmail.com,Silver,"No. 219, Jalan G14",Kuala Lumpur,Federal Territory of Kuala Lumpur,55100,2025-05-27
35188,Hafiz,bin Zainal,Male,017-2583069,1999-08-08,hafiz35188@gmail.com,Bronze,"No. 167, Jalan D10",Kuala Lumpur,Federal Territory of Kuala Lumpur,57000,2025-05-27
35189,Grace,Yap,Female,011-8249254,1991-12-11,grace35189@gmail.com,Gold,"No. 54, Jalan C1",Kuala Lumpur,Federal Territory of Kuala Lumpur,50480,2025-05-27
35190,Nurul Huda,binti Abdullah,Female,012-1363886,1969-04-04,nurul35190@gmail.com,Silver,"No. 106, Jalan B19",Petaling Jaya,Selangor,46300,2025-05-27
35191,Wei Hong,Liew,Male,013-4304095,1999-12-01,wei35191@gmail.com,Bronze,"No. 161, Jalan A4",Petaling Jaya,Selangor,46200,2025-05-27
35192,Alia,binti Razak,Female,019-2496698,1968-09-24,alia35192@gmail.com,Bronze,"No. 5, Jalan D19",Subang Jaya,Selangor,47620,2025-05-27
35193,Irfan,bin Osman,Male,017-2449640,1991-11-23,irfan35193@gmail.com,Bronze,"No. 300, Jalan E5",Puchong,Selangor,47120,2025-05-27
35194,Chong Wei,Foo,Male,010-9510207,1986-11-17,chong35194@gmail.com,Silver,"No. 139, Jalan C3",Wangsa Maju,Federal Territory of Kuala Lumpur,53100,2025-05-27
35195,Kevin,Liew,Male,011-2930926,1978-10-04,kevin35195@gmail.com,Bronze,"No. 234, Jalan D6",Wangsa Maju,Federal Territory of Kuala Lumpur,53200,2025-05-27
35196,Hannah,binti Abdullah,Female,016-4366871,1984-04-09,hannah35196@gmail.com,Silver,"No. 278, Jalan C12",Seremban,Negeri Sembilan,70450,2025-05-27
35197,Nadia,binti Hamid,Female,017-5890283,1967-12-18,nadia35197@gmail.com,Silver,"No. 148, Jalan E14",Wangsa Maju,Federal Territory of Kuala Lumpur,53100,2025-05-27
35198,Hui Min,Lim,Female,010-6474363,1985-05-30,hui35198@gmail.com,Bronze,"No. 161, Jalan G13",Nilai,Negeri Sembilan,71800,2025-05-27
35199,Nabila,binti Ahmad,Female,019-7871714,1999-08-24,nabila35199@gmail.com,Bronze,"No. 286, Jalan A2",Temerloh,Pahang,28000,2025-05-27
35200,Wei Jie,Cheah,Male,018-8360711,1991-03-24,wei35200@gmail.com,Bronze,"No. 299, Jalan G5",Kuantan,Pahang,25150,2025-05-27
35201,Haziq,bin Hassan,Male,019-9127830,1989-03-15,haziq35201@gmail.com,Bronze,"No. 183, Jalan C20",Cyberjaya,Selangor,63100,2025-05-27
35202,Nur Aina,binti Hamid,Female,014-4248138,1997-05-24,nur35202@gmail.com,Gold,"No. 39, Jalan F1",Bukit Jalil,Federal Territory of Kuala Lumpur,57100,2025-05-27
35203,Zheng Yang,Chong,Male,017-3622586,1977-07-01,zheng35203@gmail.com,Bronze,"No. 16, Jalan E8",Bukit Jalil,Federal Territory of Kuala Lumpur,57100,2025-05-27
35204,Faizal,bin Osman,Male,012-4924613,1986-10-13,faizal35204@gmail.com,Gold,"No. 300, Jalan B12",Bukit Jalil,Federal Territory of Kuala Lumpur,57000,2025-05-27
35205,Amirul,bin Osman,Male,018-2714650,2005-10-06,amirul35205@gmail.com,Bronze,"No. 212, Jalan F12",Bukit Jalil,Federal Territory of Kuala Lumpur,58200,2025-05-27
35206,Ravi,a/l Subramaniam,Male,011-9372213,1983-10-19,ravi35206@gmail.com,Bronze,"No. 281, Jalan B7",Kuala Lumpur,Federal Territory of Kuala Lumpur,50450,2025-05-28
35207,Thivya,a/p Krishnan,Female,015-8274702,1996-03-04,thivya35207@gmail.com,Bronze,"No. 72, Jalan G13",Kuala Lumpur,Federal Territory of Kuala Lumpur,55100,2025-05-28
35208,Balqis,binti Ahmad,Female,010-6162025,1972-05-05,balqis35208@gmail.com,Bronze,"No. 232, Jalan C19",Petaling Jaya,Selangor,47301,2025-05-28
35209,Aina,binti Zainal,Female,014-9603873,1964-07-06,aina35209@gmail.com,Bronze,"No. 25, Jalan C2",Petaling Jaya,Selangor,46000,2025-05-28
35210,Anjali,a/p Krishnan,Female,018-4179254,1985-12-15,anjali35210@gmail.com,Gold,"No. 43, Jalan G12",Subang Jaya,Selangor,47620,2025-05-28
35211,Divya,a/p Krishnan,Female,015-2260750,1982-05-15,divya35211@gmail.com,Gold,"No. 154, Jalan C17",Klang,Selangor,41000,2025-05-28
35212,Amelia,binti Yusof,Female,014-5337044,1968-12-08,amelia35212@gmail.com,Gold,"No. 209, Jalan D19",Kulai,Johor,81000,2025-05-28
35213,Farah,binti Ismail,Female,018-8878014,1983-06-18,farah35213@gmail.com,Silver,"No. 218, Jalan C8",Kulai,Johor,81000,2025-05-28
35214,Firdaus,bin Rahman,Male,013-6553929,1982-11-22,firdaus35214@gmail.com,Silver,"No. 28, Jalan A4",George Town,Pulau Pinang,10250,2025-05-28
35215,Lakshmi,a/p Maniam,Female,015-8799027,1984-11-12,lakshmi35215@gmail.com,Silver,"No. 8, Jalan D12",Puchong,Selangor,47160,2025-05-28
35216,Yasmin,binti Razak,Female,018-9074437,2001-01-06,yasmin35216@gmail.com,Bronze,"No. 230, Jalan C17",Klang,Selangor,41300,2025-05-28
35217,Nadia,binti Rahman,Female,018-9880112,2006-01-29,nadia35217@gmail.com,Bronze,"No. 81, Jalan E11",Shah Alam,Selangor,40150,2025-05-28
35218,Nur Aina,binti Rahman,Female,010-6383341,1972-12-09,nur35218@gmail.com,Bronze,"No. 5, Jalan A15",Klang,Selangor,41300,2025-05-28
35219,Hui Min,Wong,Female,012-5386301,1997-11-20,hui35219@gmail.com,Bronze,"No. 238, Jalan D3",Subang Jaya,Selangor,47500,2025-05-28
35220,Anjali,a/p Krishnan,Female,015-1253964,1991-02-06,anjali35220@gmail.com,Bronze,"No. 89, Jalan D5",Shah Alam,Selangor,40200,2025-05-28
35221,Yasmin,binti Yusof,Female,011-3848541,1987-09-11,yasmin35221@gmail.com,Silver,"No. 136, Jalan G1",Kuantan,Pahang,25050,2025-05-28
35222,Haziq,bin Rahman,Male,015-2280648,1996-04-27,haziq35222@gmail.com,Bronze,"No. 252, Jalan G8",Puchong,Selangor,47150,2025-05-28
35223,Wei Jie,Goh,Male,018-2882167,1987-10-08,wei35223@gmail.com,Bronze,"No. 204, Jalan C8",Kepong,Federal Territory of Kuala Lumpur,52100,2025-05-29
35224,Zhi Wei,Chin,Male,014-3027693,1991-06-19,zhi35224@gmail.com,Bronze,"No. 187, Jalan A16",Puchong,Selangor,47190,2025-05-29
35225,Chloe,Chua,Female,016-8167470,1981-04-11,chloe35225@gmail.com,Platinum,"No. 148, Jalan G16",Petaling Jaya,Selangor,47810,2025-05-29
35226,Syafiq,bin Yusof,Male,013-5729806,1976-01-02,syafiq35226@gmail.com,Silver,"No. 15, Jalan E13",Petaling Jaya,Selangor,47300,2025-05-29
35227,Faizal,bin Hamid,Male,018-5475107,1996-11-05,faizal35227@gmail.com,Bronze,"No. 244, Jalan G7",Sungai Buloh,Selangor,47820,2025-05-29
35228,Jun Hao,Ong,Male,015-3444870,1983-04-25,jun35228@gmail.com,Silver,"No. 36, Jalan D18",Johor Bahru,Johor,81100,2025-05-29
35229,Emily,Foo,Female,013-8880307,1999-08-05,emily35229@gmail.com,Bronze,"No. 284, Jalan F4",Klang,Selangor,42100,2025-05-29
35230,Syafiq,bin Rahman,Male,010-1308222,1988-12-27,syafiq35230@gmail.com,Silver,"No. 50, Jalan C4",Butterworth,Pulau Pinang,13700,2025-05-29
35231,Pei Shan,Lim,Female,014-4998240,1984-12-17,pei35231@gmail.com,Bronze,"No. 19, Jalan D11",Sungai Buloh,Selangor,47820,2025-05-29
35232,Nadia,binti Razak,Female,015-8301601,1985-08-18,nadia35232@gmail.com,Bronze,"No. 243, Jalan A18",Klang,Selangor,42100,2025-05-29
35233,Rajesh,a/l Ramasamy,Male,016-1346660,1977-02-24,rajesh35233@gmail.com,Bronze,"No. 263, Jalan A10",Selayang,Selangor,68000,2025-05-29
35234,Jia Yi,Goh,Female,012-4838946,1973-03-21,jia35234@gmail.com,Bronze,"No. 132, Jalan C17",Wangsa Maju,Federal Territory of Kuala Lumpur,53300,2025-05-29
35235,Pei Shan,Ong,Female,012-5864186,1985-01-19,pei35235@gmail.com,Gold,"No. 194, Jalan A1",Ipoh,Perak,30100,2025-05-29
35236,Rachel,Tan,Female,010-7727202,1990-08-21,rachel35236@gmail.com,Bronze,"No. 157, Jalan B8",Seremban,Negeri Sembilan,70100,2025-05-29
35237,Vanessa,Yeoh,Female,019-3168471,2001-12-22,vanessa35237@gmail.com,Bronze,"No. 67, Jalan F9",Subang Jaya,Selangor,47650,2025-05-29
35238,Kevin,Ong,Male,010-8950890,2000-05-12,kevin35238@gmail.com,Bronze,"No. 261, Jalan C5",Subang Jaya,Selangor,47500,2025-05-29
35239,Zulkifli,bin Osman,Male,015-7612106,1995-09-10,zulkifli35239@gmail.com,Silver,"No. 210, Jalan G5",Kuala Lumpur,Federal Territory of Kuala Lumpur,55100,2025-05-30
35240,Syafiq,bin Hassan,Male,013-7262979,1972-03-16,syafiq35240@gmail.com,Silver,"No. 207, Jalan F3",Kuala Lumpur,Federal Territory of Kuala Lumpur,55200,2025-05-30
35241,Rajesh,a/l Krishnan,Male,017-8051056,1968-10-22,rajesh35241@gmail.com,Silver,"No. 1, Jalan B9",Kuala Lumpur,Federal Territory of Kuala Lumpur,59000,2025-05-30
35242,Amirul,bin Zainal,Male,010-6734402,2002-09-28,amirul35242@gmail.com,Bronze,"No. 216, Jalan C14",Johor Bahru,Johor,80000,2025-05-30
35243,Alia,binti Ahmad,Female,015-9879251,1987-03-30,alia35243@gmail.com,Bronze,"No. 104, Jalan E20",Shah Alam,Selangor,40460,2025-05-30
35244,Zheng Yang,Lim,Male,012-9197522,1984-02-18,zheng35244@gmail.com,Bronze,"No. 119, Jalan A6",Cyberjaya,Selangor,63000,2025-05-30
35245,Nurul Huda,binti Hamid,Female,011-3759342,1996-09-06,nurul35245@gmail.com,Bronze,"No. 2, Jalan C1",Puchong,Selangor,47150,2025-05-30
35246,Fatimah,binti Hamid,Female,015-5920101,1995-12-25,fatimah35246@gmail.com,Bronze,"No. 279, Jalan B4",Puchong,Selangor,47100,2025-05-30
35247,Izzati,binti Razak,Female,015-3241630,1966-06-25,izzati35247@gmail.com,Gold,"No. 295, Jalan E19",Ipoh,Perak,30250,2025-05-30
35248,Amirul,bin Ahmad,Male,015-9209007,1967-11-30,amirul35248@gmail.com,Silver,"No. 283, Jalan C11",George Town,Pulau Pinang,10050,2025-05-30
35249,Zarina,binti Razak,Female,014-3399806,1967-09-12,zarina35249@gmail.com,Bronze,"No. 189, Jalan E11",Subang Jaya,Selangor,47500,2025-05-30
35250,Michelle,Chin,Female,016-8833410,2003-02-04,michelle35250@gmail.com,Bronze,"No. 131, Jalan D7",Subang Jaya,Selangor,47620,2025-05-30
35251,Ling Ling,Lim,Female,010-7398227,1987-08-06,ling35251@gmail.com,Silver,"No. 21, Jalan A18",Bukit Jalil,Federal Territory of Kuala Lumpur,57100,2025-05-30
35252,Chong Wei,Chan,Male,010-4764280,1971-12-19,chong35252@gmail.com,Bronze,"No. 158, Jalan B5",Kuala Lumpur,Federal Territory of Kuala Lumpur,59000,2025-05-31
35253,Grace,Yeoh,Female,010-7717256,1971-06-14,grace35253@gmail.com,Bronze,"No. 50, Jalan C16",Wangsa Maju,Federal Territory of Kuala Lumpur,53300,2025-05-31
35254,Hannah,binti Ismail,Female,010-2860024,1983-07-14,hannah35254@gmail.com,Silver,"No. 23, Jalan D6",Kuala Lumpur,Federal Territory of Kuala Lumpur,55100,2025-05-31
35255,Nabila,binti Razak,Female,012-4811809,1997-09-30,nabila35255@gmail.com,Silver,"No. 231, Jalan G19",Kuala Lumpur,Federal Territory of Kuala Lumpur,50450,2025-05-31
35256,Nabila,binti Yusof,Female,015-3499808,2003-09-20,nabila35256@gmail.com,Bronze,"No. 213, Jalan E4",Kuala Lumpur,Federal Territory of Kuala Lumpur,59000,2025-05-31
35257,Chloe,Foo,Female,013-6990034,1981-02-21,chloe35257@gmail.com,Silver,"No. 39, Jalan F12",Petaling Jaya,Selangor,46200,2025-05-31
35258,Lakshmi,a/p Rajan,Female,014-8153035,2006-08-24,lakshmi35258@gmail.com,Bronze,"No. 87, Jalan G5",Petaling Jaya,Selangor,47800,2025-05-31
35259,Balqis,binti Zainal,Female,014-3395351,1972-12-14,balqis35259@gmail.com,Bronze,"No. 216, Jalan E7",Petaling Jaya,Selangor,47810,2025-05-31
35260,Nurul Huda,binti Rahman,Female,018-6933518,1977-04-25,nurul35260@gmail.com,Silver,"No. 39, Jalan B14",Johor Bahru,Johor,80350,2025-05-31
35261,Irfan,bin Zainal,Male,016-9948193,1968-09-26,irfan35261@gmail.com,Silver,"No. 265, Jalan F1",Johor Bahru,Johor,80300,2025-05-31
35262,Mei Ling,Khoo,Female,015-8726574,1967-10-30,mei35262@gmail.com,Silver,"No. 155, Jalan E19",Kuantan,Pahang,25100,2025-05-31
35263,Wei Jie,Lim,Male,011-2218315,1985-06-20,wei35263@gmail.com,Gold,"No. 244, Jalan F1",Kuala Lumpur,Federal Territory of Kuala Lumpur,55100,2025-05-31
35264,Izzati,binti Ahmad,Female,016-7552773,1989-04-02,izzati35264@gmail.com,Bronze,"No. 127, Jalan F10",Melaka,Melaka,75300,2025-05-31
35265,Sharmila,a/p Subramaniam,Female,012-1838960,1984-04-20,sharmila35265@gmail.com,Silver,"No. 129, Jalan E8",Klang,Selangor,41300,2025-05-31
35266,Kumar,a/l Subramaniam,Male,013-8624351,1984-05-11,kumar35266@gmail.com,Silver,"No. 233, Jalan F15",Klang,Selangor,41050,2025-05-31
35267,Divya,a/p Rajan,Female,017-3441910,1983-09-29,divya35267@gmail.com,Bronze,"No. 63, Jalan B11",Kuala Lumpur,Federal Territory of Kuala Lumpur,57000,2025-05-31
35268,Syafiq,bin Abdullah,Male,014-6956741,1981-01-17,syafiq35268@gmail.com,Bronze,"No. 33, Jalan C18",Kajang,Selangor,43100,2025-05-31
35269,Meena,a/p Ramasamy,Female,015-7304898,1989-05-16,meena35269@gmail.com,Silver,"No. 132, Jalan A5",Puchong,Selangor,47190,2025-05-31
35270,Firdaus,bin Zainal,Male,016-3391093,1964-01-23,firdaus35270@gmail.com,Gold,"No. 35, Jalan E1",Puchong,Selangor,47120,2025-05-31
35271,Hafiz,bin Abdullah,Male,016-3291817,1987-07-24,hafiz35271@gmail.com,Platinum,"No. 12, Jalan B18",Selayang,Selangor,68000,2025-05-31
35272,Aina,binti Ahmad,Female,015-9682500,1993-06-19,aina35272@gmail.com,Bronze,"No. 88, Jalan E13",Setapak,Federal Territory of Kuala Lumpur,53300,2025-05-31
35273,Kavitha,a/p Rajan,Female,013-4024391,1981-06-27,kavitha35273@gmail.com,Bronze,"No. 90, Jalan G8",Kepong,Federal Territory of Kuala Lumpur,51200,2025-05-31
35274,Suhaila,binti Zainal,Female,016-6535296,1972-01-30,suhaila35274@gmail.com,Bronze,"No. 288, Jalan C15",Gombak,Selangor,68100,2025-05-31
35275,Alia,binti Osman,Female,013-7591953,1984-12-13,alia35275@gmail.com,Bronze,"No. 94, Jalan D9",Ipoh,Perak,30250,2025-05-31
35276,Jia Yi,Yeoh,Female,019-4334448,1993-06-19,jia35276@gmail.com,Bronze,"No. 212, Jalan B13",Seremban,Negeri Sembilan,70000,2025-05-31
35277,Rachel,Tan,Female,012-9546686,1989-01-22,rachel35277@gmail.com,Gold,"No. 221, Jalan E8",Temerloh,Pahang,28000,2025-05-31
35278,Haziq,bin Hassan,Male,016-4073317,1974-01-05,haziq35278@gmail.com,Bronze,"No. 178, Jalan G9",Cyberjaya,Selangor,63000,2025-05-31
35279,Firdaus,bin Ahmad,Male,015-4890788,1991-09-25,firdaus35279@gmail.com,Bronze,"No. 182, Jalan A16",Subang Jaya,Selangor,47620,2025-05-31
35280,Irfan,bin Ismail,Male,014-8606928,1978-09-26,irfan35280@gmail.com,Silver,"No. 271, Jalan C8",Bukit Jalil,Federal Territory of Kuala Lumpur,57000,2025-06-01
35281,Faizal,bin Rahman,Male,014-6051086,1998-04-27,faizal35281@gmail.com,Bronze,"No. 84, Jalan D12",Kuala Lumpur,Federal Territory of Kuala Lumpur,50000,2025-06-01
35282,Haziq,bin Ismail,Male,013-5853953,1983-08-04,haziq35282@gmail.com,Bronze,"No. 20, Jalan G12",Kepong,Federal Territory of Kuala Lumpur,51200,2025-06-01
35283,Hafiz,bin Rahman,Male,016-6125758,1990-05-15,hafiz35283@gmail.com,Bronze,"No. 172, Jalan A2",Kuala Lumpur,Federal Territory of Kuala Lumpur,59000,2025-06-01
35284,Hafiz,bin Ismail,Male,011-2023558,1988-09-26,hafiz35284@gmail.com,Silver,"No. 232, Jalan F17",Kuala Lumpur,Federal Territory of Kuala Lumpur,50000,2025-06-01
35285,Nurin,binti Hamid,Female,012-5850025,1980-09-13,nurin35285@gmail.com,Bronze,"No. 28, Jalan A16",Petaling Jaya,Selangor,46100,2025-06-01
35286,Hafiz,bin Razak,Male,012-7846966,1965-06-10,hafiz35286@gmail.com,Bronze,"No. 5, Jalan B19",Petaling Jaya,Selangor,46000,2025-06-01
35287,Izzati,binti Ahmad,Female,019-1715756,1986-12-20,izzati35287@gmail.com,Bronze,"No. 111, Jalan A2",Johor Bahru,Johor,80000,2025-06-01
35288,Anisa,binti Abdullah,Female,014-4070537,1991-04-11,anisa35288@gmail.com,Silver,"No. 24, Jalan A18",Johor Bahru,Johor,80300,2025-06-01
35289,Hannah,binti Abdullah,Female,014-1981054,1965-12-14,hannah35289@gmail.com,Bronze,"No. 11, Jalan F7",George Town,Pulau Pinang,10400,2025-06-01
35290,Chloe,Lee,Female,015-7002096,2000-03-14,chloe35290@gmail.com,Platinum,"No. 85, Jalan G11",George Town,Pulau Pinang,10400,2025-06-01
35291,Hui Min,Foo,Female,016-8488732,2005-08-03,hui35291@gmail.com,Silver,"No. 49, Jalan B11",Seremban,Negeri Sembilan,70400,2025-06-01
35292,Zarina,binti Rahman,Female,017-9696941,2001-06-28,zarina35292@gmail.com,Silver,"No. 113, Jalan F19",Melaka,Melaka,75350,2025-06-01
35293,Kok Wai,Lim,Male,019-9208850,1984-02-20,kok35293@gmail.com,Silver,"No. 139, Jalan E11",Shah Alam,Selangor,40300,2025-06-01
35294,Irfan,bin Rahman,Male,013-5420951,1986-12-13,irfan35294@gmail.com,Platinum,"No. 249, Jalan B12",Shah Alam,Selangor,40200,2025-06-01
35295,Hannah,binti Abdullah,Female,011-8459498,1995-06-30,hannah35295@gmail.com,Silver,"No. 170, Jalan D3",Shah Alam,Selangor,40200,2025-06-01
35296,Haziq,bin Osman,Male,019-2158410,1966-05-01,haziq35296@gmail.com,Gold,"No. 242, Jalan C7",Selayang,Selangor,68000,2025-06-01
35297,Anisa,binti Yusof,Female,019-3220324,1992-12-31,anisa35297@gmail.com,Silver,"No. 106, Jalan F6",Sungai Buloh,Selangor,47820,2025-06-01
35298,Michelle,Yeoh,Female,017-7285530,1992-06-03,michelle35298@gmail.com,Bronze,"No. 285, Jalan C16",Puchong,Selangor,47120,2025-06-01
35299,Hannah,binti Hassan,Female,012-3819570,1997-04-16,hannah35299@gmail.com,Silver,"No. 85, Jalan D11",Setapak,Federal Territory of Kuala Lumpur,53000,2025-06-01
35300,Amirul,bin Hassan,Male,015-3256670,2004-10-30,amirul35300@gmail.com,Silver,"No. 247, Jalan B19",Bukit Jalil,Federal Territory of Kuala Lumpur,57000,2025-06-01
35301,Wei Hong,Sim,Male,010-6709061,1966-09-13,wei35301@gmail.com,Silver,"No. 271, Jalan F13",Setapak,Federal Territory of Kuala Lumpur,53300,2025-06-01
35302,Kevin,Ong,Male,019-6157192,1976-07-06,kevin35302@gmail.com,Bronze,"No. 10, Jalan C4",Setapak,Federal Territory of Kuala Lumpur,53200,2025-06-01
35303,Yasmin,binti Zainal,Female,017-9544585,1983-02-06,yasmin35303@gmail.com,Gold,"No. 38, Jalan F1",Wangsa Maju,Federal Territory of Kuala Lumpur,53100,2025-06-01
35304,Fatimah,binti Ahmad,Female,014-1236646,1999-11-30,fatimah35304@gmail.com,Bronze,"No. 254, Jalan A14",Wangsa Maju,Federal Territory of Kuala Lumpur,53200,2025-06-01
35305,Ling Ling,Chin,Female,015-3811649,2000-02-22,ling35305@gmail.com,Platinum,"No. 151, Jalan D10",Ampang,Selangor,55100,2025-06-01
35306,Izzati,binti Ismail,Female,010-7907286,2006-09-05,izzati35306@gmail.com,Silver,"No. 263, Jalan B3",Gombak,Selangor,53000,2025-06-01
35307,Shu Fen,Ong,Female,014-9700012,2001-11-18,shu35307@gmail.com,Bronze,"No. 148, Jalan G17",Wangsa Maju,Federal Territory of Kuala Lumpur,53300,2025-06-01
35308,Zulkifli,bin Rahman,Male,017-9098664,1985-04-07,zulkifli35308@gmail.com,Gold,"No. 113, Jalan F10",Seremban,Negeri Sembilan,70200,2025-06-01
35309,Yee Ling,Khoo,Female,013-6127078,2001-02-22,yee35309@gmail.com,Platinum,"No. 267, Jalan G19",Seremban,Negeri Sembilan,70500,2025-06-01
35310,Hannah,binti Hamid,Female,017-6033778,2001-04-02,hannah35310@gmail.com,Bronze,"No. 172, Jalan G5",Kuantan,Pahang,25100,2025-06-01
35311,Sharmila,a/p Krishnan,Female,019-4050538,1985-07-14,sharmila35311@gmail.com,Silver,"No. 33, Jalan B16",Gombak,Selangor,53000,2025-06-01
35312,Deepa,a/p Rajan,Female,018-8288429,1986-12-07,deepa35312@gmail.com,Bronze,"No. 14, Jalan E2",Gombak,Selangor,53100,2025-06-01
35313,Vanessa,Cheah,Female,018-3747613,1975-01-07,vanessa35313@gmail.com,Bronze,"No. 9, Jalan B19",Kuala Lumpur,Federal Territory of Kuala Lumpur,59200,2025-06-02
35314,Nabila,binti Hassan,Female,010-6622470,1996-12-21,nabila35314@gmail.com,Bronze,"No. 26, Jalan C6",Subang Jaya,Selangor,47610,2025-06-02
35315,Jasmine,Tan,Female,014-1078994,2007-04-22,jasmine35315@gmail.com,Gold,"No. 246, Jalan E17",Kulai,Johor,81000,2025-06-02
35316,Jian Ming,Foo,Male,012-6742769,1965-12-27,jian35316@gmail.com,Platinum,"No. 7, Jalan G8",Johor Bahru,Johor,80000,2025-06-02
35317,Mei Ling,Teoh,Female,013-8961745,1998-03-27,mei35317@gmail.com,Gold,"No. 6, Jalan F16",George Town,Pulau Pinang,10450,2025-06-02
35318,Fatimah,binti Zainal,Female,015-8989448,1979-08-24,fatimah35318@gmail.com,Silver,"No. 91, Jalan A13",Gombak,Selangor,53000,2025-06-02
35319,Siti,binti Hassan,Female,013-5754946,1985-08-12,siti35319@gmail.com,Gold,"No. 70, Jalan A3",Shah Alam,Selangor,40460,2025-06-02
35320,Syafiq,bin Rahman,Male,014-7665532,1974-05-12,syafiq35320@gmail.com,Bronze,"No. 228, Jalan C19",Shah Alam,Selangor,40400,2025-06-02
35321,Chong Wei,Wong,Male,012-5288144,1988-05-09,chong35321@gmail.com,Bronze,"No. 266, Jalan B10",Klang,Selangor,41100,2025-06-02
35322,Farah,binti Ismail,Female,010-3696966,1986-07-31,farah35322@gmail.com,Bronze,"No. 46, Jalan D5",Puchong,Selangor,47130,2025-06-02
35323,Izzati,binti Hassan,Female,018-7376728,1965-10-12,izzati35323@gmail.com,Silver,"No. 221, Jalan B19",Sungai Buloh,Selangor,47810,2025-06-02
35324,Zarina,binti Zainal,Female,015-1422710,1994-08-15,zarina35324@gmail.com,Bronze,"No. 3, Jalan G3",Wangsa Maju,Federal Territory of Kuala Lumpur,53200,2025-06-02
35325,Anisa,binti Osman,Female,012-9996783,1966-01-08,anisa35325@gmail.com,Silver,"No. 106, Jalan D12",Setapak,Federal Territory of Kuala Lumpur,53300,2025-06-02
35326,Anjali,a/p Rajan,Female,014-5441452,1968-03-07,anjali35326@gmail.com,Bronze,"No. 277, Jalan A13",Wangsa Maju,Federal Territory of Kuala Lumpur,53200,2025-06-02
35327,Zheng Yang,Chan,Male,018-8917014,1989-11-30,zheng35327@gmail.com,Bronze,"No. 249, Jalan B6",Wangsa Maju,Federal Territory of Kuala Lumpur,53300,2025-06-02
35328,Zhi Wei,Yap,Male,017-3545538,1973-02-14,zhi35328@gmail.com,Bronze,"No. 269, Jalan E7",Gombak,Selangor,68100,2025-06-02
35329,Nurul Huda,binti Yusof,Female,019-4124254,1979-05-05,nurul35329@gmail.com,Silver,"No. 135, Jalan F1",Ipoh,Perak,30250,2025-06-02
35330,Aiman,bin Rahman,Male,012-1588767,1970-10-27,aiman35330@gmail.com,Silver,"No. 135, Jalan C10",Subang Jaya,Selangor,47650,2025-06-02
35331,Irfan,bin Abdullah,Male,018-3401165,1995-07-10,irfan35331@gmail.com,Bronze,"No. 200, Jalan A9",Subang Jaya,Selangor,47650,2025-06-02
35332,Sharmila,a/p Krishnan,Female,017-2141005,2000-09-30,sharmila35332@gmail.com,Bronze,"No. 220, Jalan B5",Kepong,Federal Territory of Kuala Lumpur,52000,2025-06-03
35333,Anisa,binti Rahman,Female,011-9376632,2001-04-23,anisa35333@gmail.com,Silver,"No. 192, Jalan E16",Bukit Jalil,Federal Territory of Kuala Lumpur,58200,2025-06-03
35334,Nadia,binti Yusof,Female,012-8729767,1974-02-14,nadia35334@gmail.com,Bronze,"No. 287, Jalan C9",Johor Bahru,Johor,81300,2025-06-03
35335,Anjali,a/p Krishnan,Female,011-2131141,1975-02-25,anjali35335@gmail.com,Bronze,"No. 298, Jalan B12",Seremban,Negeri Sembilan,70300,2025-06-03
35336,Jun Hao,Chong,Male,016-8175579,1965-12-22,jun35336@gmail.com,Bronze,"No. 253, Jalan E16",George Town,Pulau Pinang,10300,2025-06-03
35337,Haziq,bin Razak,Male,014-3162005,1974-10-07,haziq35337@gmail.com,Bronze,"No. 278, Jalan G4",Sungai Buloh,Selangor,47820,2025-06-03
35338,Grace,Ong,Female,016-1711242,2004-10-13,grace35338@gmail.com,Bronze,"No. 273, Jalan F11",Sungai Buloh,Selangor,47810,2025-06-03
35339,Amirul,bin Hassan,Male,014-2382685,2004-09-10,amirul35339@gmail.com,Bronze,"No. 248, Jalan B11",Sungai Buloh,Selangor,47810,2025-06-03
35340,Siti,binti Abdullah,Female,014-7882794,1971-06-26,siti35340@gmail.com,Platinum,"No. 299, Jalan B13",Sungai Buloh,Selangor,47810,2025-06-03
35341,Amirul,bin Osman,Male,012-6042332,1970-04-17,amirul35341@gmail.com,Silver,"No. 163, Jalan B1",Puchong,Selangor,47110,2025-06-03
35342,Suhaila,binti Hassan,Female,013-2119852,1994-09-08,suhaila35342@gmail.com,Bronze,"No. 55, Jalan C11",Selayang,Selangor,68000,2025-06-03
35343,Lakshmi,a/p Muniandy,Female,015-1844372,2005-06-24,lakshmi35343@gmail.com,Bronze,"No. 235, Jalan C20",Setapak,Federal Territory of Kuala Lumpur,53200,2025-06-03
35344,Xin Yi,Yap,Female,017-8069474,1973-12-10,xin35344@gmail.com,Silver,"No. 251, Jalan B11",Setapak,Federal Territory of Kuala Lumpur,53100,2025-06-03
35345,Daniel,Lee,Male,013-9757941,1989-06-14,daniel35345@gmail.com,Bronze,"No. 175, Jalan C9",Setapak,Federal Territory of Kuala Lumpur,53100,2025-06-03
35346,Anisa,binti Zainal,Female,010-5202733,1966-06-05,anisa35346@gmail.com,Silver,"No. 177, Jalan D15",Gombak,Selangor,68100,2025-06-03
35347,Michelle,Tan,Female,012-4550815,1993-04-18,michelle35347@gmail.com,Silver,"No. 226, Jalan F2",Bukit Jalil,Federal Territory of Kuala Lumpur,57000,2025-06-03
35348,Hafiz,bin Zainal,Male,019-9704133,2001-07-08,hafiz35348@gmail.com,Bronze,"No. 110, Jalan D12",Kajang,Selangor,43200,2025-06-03
35349,Amelia,binti Hassan,Female,012-9185574,1972-07-03,amelia35349@gmail.com,Bronze,"No. 65, Jalan D10",Wangsa Maju,Federal Territory of Kuala Lumpur,53100,2025-06-04
35350,Nurin,binti Rahman,Female,011-8820996,1964-09-23,nurin35350@gmail.com,Bronze,"No. 3, Jalan C13",Wangsa Maju,Federal Territory of Kuala Lumpur,53300,2025-06-04
35351,Wei Jie,Goh,Male,013-4581479,2005-06-19,wei35351@gmail.com,Silver,"No. 294, Jalan E19",Bukit Jalil,Federal Territory of Kuala Lumpur,57000,2025-06-04
35352,Shu Fen,Goh,Female,018-7559843,1991-12-02,shu35352@gmail.com,Bronze,"No. 159, Jalan D15",Petaling Jaya,Selangor,47810,2025-06-04
35353,Faizal,bin Osman,Male,011-2150497,2002-06-28,faizal35353@gmail.com,Gold,"No. 221, Jalan G6",Petaling Jaya,Selangor,47400,2025-06-04
35354,Alia,binti Hamid,Female,011-2512490,1984-12-18,alia35354@gmail.com,Silver,"No. 94, Jalan E8",Sungai Buloh,Selangor,47820,2025-06-04
35355,Amirul,bin Hassan,Male,011-8805511,1974-11-06,amirul35355@gmail.com,Bronze,"No. 56, Jalan E17",Petaling Jaya,Selangor,47300,2025-06-04
35356,Jian Ming,Yap,Male,013-6608095,1983-09-13,jian35356@gmail.com,Silver,"No. 99, Jalan A8",Johor Bahru,Johor,80200,2025-06-04
35357,Vanessa,Chong,Female,010-9075230,1984-10-03,vanessa35357@gmail.com,Bronze,"No. 233, Jalan G18",George Town,Pulau Pinang,10050,2025-06-04
35358,Divya,a/p Muniandy,Female,013-7976970,1972-06-27,divya35358@gmail.com,Silver,"No. 159, Jalan B9",George Town,Pulau Pinang,10200,2025-06-04
35359,Anisa,binti Rahman,Female,014-4138415,1967-07-11,anisa35359@gmail.com,Platinum,"No. 128, Jalan G14",Klang,Selangor,41000,2025-06-04
35360,Anjali,a/p Ramasamy,Female,011-9526133,1993-12-04,anjali35360@gmail.com,Silver,"No. 278, Jalan B8",Puchong,Selangor,47110,2025-06-04
35361,Izzati,binti Ahmad,Female,018-3225752,2003-03-08,izzati35361@gmail.com,Bronze,"No. 294, Jalan F9",Selayang,Selangor,68000,2025-06-04
35362,Zhi Wei,Chua,Male,015-7391760,1987-03-25,zhi35362@gmail.com,Silver,"No. 55, Jalan C6",Setapak,Federal Territory of Kuala Lumpur,53100,2025-06-04
35363,Lakshmi,a/p Subramaniam,Female,012-3520634,2004-10-13,lakshmi35363@gmail.com,Silver,"No. 220, Jalan F13",Setapak,Federal Territory of Kuala Lumpur,53200,2025-06-04
35364,Suhaila,binti Abdullah,Female,013-6932865,1991-05-20,suhaila35364@gmail.com,Bronze,"No. 127, Jalan F8",Klang,Selangor,41000,2025-06-04
35365,Ravi,a/l Muniandy,Male,019-2348487,1994-09-01,ravi35365@gmail.com,Bronze,"No. 149, Jalan E3",Seremban,Negeri Sembilan,70000,2025-06-04
35366,Aisyah,binti Osman,Female,013-6451242,2000-02-08,aisyah35366@gmail.com,Gold,"No. 170, Jalan A16",Kuantan,Pahang,25150,2025-06-04
35367,Deepa,a/p Muniandy,Female,019-3218888,1983-07-21,deepa35367@gmail.com,Bronze,"No. 83, Jalan D17",Subang Jaya,Selangor,47620,2025-06-04
35368,Wei Hong,Goh,Male,019-7077605,1978-10-31,wei35368@gmail.com,Bronze,"No. 261, Jalan C8",Kajang,Selangor,43100,2025-06-04
35369,Nur Aina,binti Razak,Female,013-6197282,1992-03-22,nur35369@gmail.com,Bronze,"No. 274, Jalan C7",Bukit Jalil,Federal Territory of Kuala Lumpur,58200,2025-06-04
35370,Shu Fen,Lee,Female,012-8697578,1964-04-03,shu35370@gmail.com,Bronze,"No. 225, Jalan B8",Kuala Lumpur,Federal Territory of Kuala Lumpur,55100,2025-06-05
35371,Rohani,binti Ismail,Female,014-8801442,1996-06-24,rohani35371@gmail.com,Bronze,"No. 219, Jalan E12",Johor Bahru,Johor,80000,2025-06-05
35372,Amirul,bin Ahmad,Male,011-3815342,2000-05-01,amirul35372@gmail.com,Silver,"No. 276, Jalan A15",George Town,Pulau Pinang,10150,2025-06-05
35373,Farah,binti Hamid,Female,017-2860723,1964-01-13,farah35373@gmail.com,Bronze,"No. 128, Jalan D18",Wangsa Maju,Federal Territory of Kuala Lumpur,53100,2025-06-05
35374,Yasmin,binti Ismail,Female,017-9499700,1973-02-25,yasmin35374@gmail.com,Gold,"No. 290, Jalan F11",Gombak,Selangor,68100,2025-06-05
35375,Firdaus,bin Ismail,Male,015-8196517,2003-02-01,firdaus35375@gmail.com,Bronze,"No. 105, Jalan E20",Klang,Selangor,41150,2025-06-05
35376,Thivya,a/p Ramasamy,Female,017-3549499,1981-07-22,thivya35376@gmail.com,Silver,"No. 100, Jalan G14",Kajang,Selangor,43100,2025-06-05
35377,Shalini,a/p Maniam,Female,016-8962948,2007-06-03,shalini35377@gmail.com,Bronze,"No. 87, Jalan D9",Puchong,Selangor,47190,2025-06-05
35378,Shu Fen,Ong,Female,010-2633072,1979-08-31,shu35378@gmail.com,Bronze,"No. 92, Jalan C8",Puchong,Selangor,47110,2025-06-05
35379,Thivya,a/p Ramasamy,Female,015-4812653,1992-02-14,thivya35379@gmail.com,Bronze,"No. 214, Jalan A12",Gombak,Selangor,68100,2025-06-05
35380,Nurin,binti Razak,Female,010-4750410,1998-02-07,nurin35380@gmail.com,Silver,"No. 10, Jalan B19",Ipoh,Perak,30020,2025-06-05
35381,Prakash,a/l Rajan,Male,015-6052176,1991-07-12,prakash35381@gmail.com,Bronze,"No. 85, Jalan G13",Bukit Jalil,Federal Territory of Kuala Lumpur,58200,2025-06-05
35382,Aisyah,binti Ahmad,Female,011-8280510,1992-06-18,aisyah35382@gmail.com,Bronze,"No. 62, Jalan G14",Bukit Jalil,Federal Territory of Kuala Lumpur,58200,2025-06-05
35383,Zhi Wei,Lim,Male,011-9303634,1979-07-17,zhi35383@gmail.com,Silver,"No. 34, Jalan A9",Kuala Lumpur,Federal Territory of Kuala Lumpur,55200,2025-06-06
35384,Zheng Yang,Wong,Male,019-7986630,1978-06-22,zheng35384@gmail.com,Bronze,"No. 137, Jalan F15",Kuala Lumpur,Federal Territory of Kuala Lumpur,59000,2025-06-06
35385,Wan Ying,Lim,Female,018-5476013,1984-11-12,wan35385@gmail.com,Bronze,"No. 81, Jalan D16",Setapak,Federal Territory of Kuala Lumpur,53200,2025-06-06
35386,Nurin,binti Razak,Female,019-5858950,1998-08-01,nurin35386@gmail.com,Bronze,"No. 206, Jalan F1",Kuala Lumpur,Federal Territory of Kuala Lumpur,55100,2025-06-06
35387,Chloe,Chin,Female,019-1954445,2005-03-20,chloe35387@gmail.com,Bronze,"No. 288, Jalan A5",Petaling Jaya,Selangor,46200,2025-06-06
35388,Zhi Wei,Ong,Male,010-2835573,1972-10-03,zhi35388@gmail.com,Bronze,"No. 149, Jalan F11",Petaling Jaya,Selangor,47301,2025-06-06
35389,Yong Sheng,Lee,Male,013-4360086,1995-03-30,yong35389@gmail.com,Bronze,"No. 119, Jalan B13",Subang Jaya,Selangor,47630,2025-06-06
35390,Nabila,binti Ahmad,Female,014-8674896,1969-05-10,nabila35390@gmail.com,Bronze,"No. 267, Jalan E19",Johor Bahru,Johor,80200,2025-06-06
35391,Arjun,a/l Muniandy,Male,018-2447873,1971-01-07,arjun35391@gmail.com,Silver,"No. 181, Jalan D1",Johor Bahru,Johor,80100,2025-06-06
35392,Hafiz,bin Zainal,Male,018-6450611,1967-01-11,hafiz35392@gmail.com,Bronze,"No. 235, Jalan B6",Kulai,Johor,81030,2025-06-06
35393,Lakshmi,a/p Krishnan,Female,016-9452862,1982-04-12,lakshmi35393@gmail.com,Silver,"No. 94, Jalan E17",Johor Bahru,Johor,81200,2025-06-06
35394,Adam,bin Rahman,Male,013-9570369,1994-04-21,adam35394@gmail.com,Bronze,"No. 170, Jalan G17",Johor Bahru,Johor,80000,2025-06-06
35395,Ravi,a/l Krishnan,Male,010-3007553,1991-08-25,ravi35395@gmail.com,Bronze,"No. 10, Jalan D6",Johor Bahru,Johor,81100,2025-06-06
35396,Danial,bin Hassan,Male,014-7130636,1969-12-03,danial35396@gmail.com,Bronze,"No. 76, Jalan D8",Johor Bahru,Johor,81300,2025-06-06
35397,Xin Yi,Lim,Female,014-8076267,2002-02-14,xin35397@gmail.com,Silver,"No. 90, Jalan G11",Melaka,Melaka,75050,2025-06-06
35398,Yong Sheng,Yeoh,Male,019-4101956,1995-02-25,yong35398@gmail.com,Bronze,"No. 249, Jalan D2",Klang,Selangor,41100,2025-06-06
35399,Fatimah,binti Abdullah,Female,012-2181179,1973-10-08,fatimah35399@gmail.com,Silver,"No. 16, Jalan B10",Klang,Selangor,41150,2025-06-06
35400,Sze Min,Liew,Female,012-9663262,1986-12-09,sze35400@gmail.com,Bronze,"No. 98, Jalan F3",Kuantan,Pahang,25200,2025-06-06
35401,Thivya,a/p Muniandy,Female,011-6534589,1972-04-22,thivya35401@gmail.com,Silver,"No. 22, Jalan E19",Bukit Jalil,Federal Territory of Kuala Lumpur,57000,2025-06-06
35402,Hafiz,bin Rahman,Male,018-8242468,1979-08-03,hafiz35402@gmail.com,Bronze,"No. 206, Jalan G10",Kuala Lumpur,Federal Territory of Kuala Lumpur,56000,2025-06-07
35403,Kevin,Cheah,Male,013-4270133,1969-08-23,kevin35403@gmail.com,Bronze,"No. 148, Jalan B10",Kuala Lumpur,Federal Territory of Kuala Lumpur,57000,2025-06-07
35404,Fatimah,binti Rahman,Female,018-9700531,1984-02-23,fatimah35404@gmail.com,Bronze,"No. 269, Jalan A4",Petaling Jaya,Selangor,47301,2025-06-07
35405,Zhi Wei,Goh,Male,013-3242355,1976-09-02,zhi35405@gmail.com,Gold,"No. 83, Jalan A4",Melaka,Melaka,75050,2025-06-07
35406,Kai Xin,Tan,Female,018-6456766,1968-04-01,kai35406@gmail.com,Bronze,"No. 234, Jalan C11",Klang,Selangor,41250,2025-06-07
35407,Ling Ling,Chan,Female,013-7838086,1982-05-26,ling35407@gmail.com,Bronze,"No. 228, Jalan F19",Melaka,Melaka,75000,2025-06-07
35408,Amelia,binti Zainal,Female,014-8331468,2004-06-30,amelia35408@gmail.com,Silver,"No. 214, Jalan F14",Puchong,Selangor,47120,2025-06-07
35409,Suhaila,binti Osman,Female,016-9701048,1990-02-27,suhaila35409@gmail.com,Silver,"No. 207, Jalan C3",Sungai Buloh,Selangor,47810,2025-06-07
35410,Aisyah,binti Hassan,Female,011-1118285,1967-12-16,aisyah35410@gmail.com,Bronze,"No. 45, Jalan A7",Klang,Selangor,41250,2025-06-07
35411,Aiman,bin Ismail,Male,017-2836827,1978-09-07,aiman35411@gmail.com,Bronze,"No. 219, Jalan C7",Klang,Selangor,41150,2025-06-07
35412,Farah,binti Hamid,Female,015-9082945,1967-11-11,farah35412@gmail.com,Silver,"No. 250, Jalan E6",Setapak,Federal Territory of Kuala Lumpur,53100,2025-06-07
35413,Grace,Ong,Female,015-7143834,1970-03-29,grace35413@gmail.com,Bronze,"No. 153, Jalan D19",Setapak,Federal Territory of Kuala Lumpur,53100,2025-06-07
35414,Nadia,binti Rahman,Female,018-8288743,1979-05-20,nadia35414@gmail.com,Bronze,"No. 280, Jalan G18",Bukit Jalil,Federal Territory of Kuala Lumpur,57100,2025-06-07
35415,Michelle,Chan,Female,016-3460816,2001-11-29,michelle35415@gmail.com,Platinum,"No. 9, Jalan A19",Kuala Lumpur,Federal Territory of Kuala Lumpur,59200,2025-06-07
35416,Anjali,a/p Ramasamy,Female,019-2096370,1975-06-10,anjali35416@gmail.com,Silver,"No. 66, Jalan C7",Gombak,Selangor,68100,2025-06-07
35417,Jian Ming,Ng,Male,018-5008481,1976-02-06,jian35417@gmail.com,Gold,"No. 146, Jalan F1",Ipoh,Perak,30100,2025-06-07
35418,Anisa,binti Osman,Female,015-1333516,1964-08-07,anisa35418@gmail.com,Platinum,"No. 266, Jalan C7",Kuantan,Pahang,25100,2025-06-07
35419,Suhaila,binti Abdullah,Female,017-2582104,1974-06-30,suhaila35419@gmail.com,Bronze,"No. 169, Jalan B16",Subang Jaya,Selangor,47600,2025-06-07
35420,Balqis,binti Osman,Female,018-1179523,1978-01-25,balqis35420@gmail.com,Bronze,"No. 213, Jalan B17",Subang Jaya,Selangor,47650,2025-06-07
35421,Siti,binti Ahmad,Female,018-5962813,2007-03-27,siti35421@gmail.com,Bronze,"No. 62, Jalan B7",Bukit Jalil,Federal Territory of Kuala Lumpur,57000,2025-06-07
35422,Hannah,binti Abdullah,Female,017-8848818,1991-03-10,hannah35422@gmail.com,Platinum,"No. 36, Jalan C13",Bukit Jalil,Federal Territory of Kuala Lumpur,58200,2025-06-07
35423,Izzati,binti Yusof,Female,013-8548783,1995-05-19,izzati35423@gmail.com,Bronze,"No. 237, Jalan G2",Kepong,Federal Territory of Kuala Lumpur,52100,2025-06-08
35424,Syafiq,bin Abdullah,Male,018-5869978,1990-03-02,syafiq35424@gmail.com,Bronze,"No. 132, Jalan F20",Kuala Lumpur,Federal Territory of Kuala Lumpur,50450,2025-06-08
35425,Izzati,binti Hassan,Female,017-2223392,2006-01-08,izzati35425@gmail.com,Silver,"No. 25, Jalan G13",Kepong,Federal Territory of Kuala Lumpur,52100,2025-06-08
35426,Aisyah,binti Ismail,Female,017-1989533,1996-09-15,aisyah35426@gmail.com,Bronze,"No. 79, Jalan E2",Kuala Lumpur,Federal Territory of Kuala Lumpur,59000,2025-06-08
35427,Amelia,binti Osman,Female,013-1548453,1969-04-12,amelia35427@gmail.com,Bronze,"No. 13, Jalan D16",Johor Bahru,Johor,80200,2025-06-08
35428,Amelia,binti Razak,Female,013-3758321,1992-07-12,amelia35428@gmail.com,Silver,"No. 113, Jalan F15",Kulai,Johor,81030,2025-06-08
35429,Hafiz,bin Rahman,Male,010-4268462,1986-09-15,hafiz35429@gmail.com,Bronze,"No. 24, Jalan E4",George Town,Pulau Pinang,10100,2025-06-08
35430,Nur Aina,binti Yusof,Female,015-5196245,1973-04-23,nur35430@gmail.com,Platinum,"No. 102, Jalan A19",George Town,Pulau Pinang,10300,2025-06-08
35431,Aiman,bin Abdullah,Male,013-2483618,1977-03-23,aiman35431@gmail.com,Bronze,"No. 7, Jalan C19",George Town,Pulau Pinang,10450,2025-06-08
35432,Nurul Huda,binti Ahmad,Female,017-4441893,1996-11-01,nurul35432@gmail.com,Silver,"No. 17, Jalan G18",Melaka,Melaka,75300,2025-06-08
35433,Vanessa,Lee,Female,013-9379191,2004-03-06,vanessa35433@gmail.com,Silver,"No. 227, Jalan E1",Melaka,Melaka,75300,2025-06-08
35434,Grace,Loh,Female,015-9666180,1984-03-30,grace35434@gmail.com,Silver,"No. 264, Jalan G4",Shah Alam,Selangor,40450,2025-06-08
35435,Rohani,binti Razak,Female,011-3394254,1978-02-06,rohani35435@gmail.com,Silver,"No. 170, Jalan B10",Klang,Selangor,41300,2025-06-08
35436,Hafiz,bin Rahman,Male,012-7867429,1994-08-14,hafiz35436@gmail.com,Silver,"No. 275, Jalan A17",Cyberjaya,Selangor,63000,2025-06-08
35437,Firdaus,bin Rahman,Male,017-5771874,1965-06-08,firdaus35437@gmail.com,Bronze,"No. 207, Jalan G16",Sungai Buloh,Selangor,47000,2025-06-08
35438,Fatimah,binti Ismail,Female,014-1986196,2003-06-24,fatimah35438@gmail.com,Bronze,"No. 259, Jalan A12",Johor Bahru,Johor,80200,2025-06-08
35439,Vikram,a/l Maniam,Male,018-1756835,2000-10-01,vikram35439@gmail.com,Bronze,"No. 141, Jalan B5",Petaling Jaya,Selangor,47400,2025-06-08
35440,Yasmin,binti Rahman,Female,011-3984911,1966-03-18,yasmin35440@gmail.com,Silver,"No. 184, Jalan G7",Temerloh,Pahang,28400,2025-06-08
35441,Aiman,bin Hassan,Male,011-6847089,2005-12-21,aiman35441@gmail.com,Gold,"No. 178, Jalan B16",Kuantan,Pahang,25000,2025-06-08
35442,Irfan,bin Abdullah,Male,019-2528372,1972-01-14,irfan35442@gmail.com,Bronze,"No. 199, Jalan C2",Subang Jaya,Selangor,47610,2025-06-08
35443,Arjun,a/l Rajan,Male,018-9657924,1968-02-19,arjun35443@gmail.com,Platinum,"No. 129, Jalan A3",Kuala Lumpur,Federal Territory of Kuala Lumpur,50450,2025-06-09
35444,Chong Wei,Teoh,Male,016-2909003,2005-03-31,chong35444@gmail.com,Bronze,"No. 51, Jalan G19",Shah Alam,Selangor,40460,2025-06-09
35445,Chloe,Chua,Female,016-9643386,1985-05-17,chloe35445@gmail.com,Platinum,"No. 22, Jalan C5",Petaling Jaya,Selangor,47400,2025-06-09
35446,Hafiz,bin Rahman,Male,011-3677922,1998-02-21,hafiz35446@gmail.com,Silver,"No. 93, Jalan F2",Johor Bahru,Johor,80200,2025-06-09
35447,Balqis,binti Rahman,Female,018-3281978,2007-04-07,balqis35447@gmail.com,Silver,"No. 149, Jalan A20",George Town,Pulau Pinang,10150,2025-06-09
35448,Jia Yi,Khoo,Female,010-9989229,1967-08-02,jia35448@gmail.com,Silver,"No. 215, Jalan A6",George Town,Pulau Pinang,10300,2025-06-09
35449,Anjali,a/p Krishnan,Female,017-2898958,1980-09-23,anjali35449@gmail.com,Silver,"No. 131, Jalan A11",Melaka,Melaka,75100,2025-06-09
35450,Wei Jie,Ong,Male,018-7208812,2006-03-25,wei35450@gmail.com,Bronze,"No. 44, Jalan C9",Gombak,Selangor,68100,2025-06-09
35451,Arjun,a/l Maniam,Male,014-2272842,1995-03-25,arjun35451@gmail.com,Bronze,"No. 243, Jalan D10",Shah Alam,Selangor,40200,2025-06-09
35452,Amelia,binti Hassan,Female,013-8069037,1970-12-09,amelia35452@gmail.com,Silver,"No. 51, Jalan E13",Selayang,Selangor,68100,2025-06-09
35453,Suresh,a/l Muniandy,Male,014-5101475,1965-03-01,suresh35453@gmail.com,Bronze,"No. 258, Jalan D13",Gombak,Selangor,53100,2025-06-09
35454,Deepa,a/p Krishnan,Female,015-5720606,1964-03-05,deepa35454@gmail.com,Bronze,"No. 88, Jalan A18",Seremban,Negeri Sembilan,70300,2025-06-09
35455,Ganesh,a/l Subramaniam,Male,011-4654579,1977-05-06,ganesh35455@gmail.com,Bronze,"No. 99, Jalan F16",Gombak,Selangor,53000,2025-06-09
35456,Priya,a/p Rajan,Female,016-4194643,1990-08-06,priya35456@gmail.com,Gold,"No. 131, Jalan B20",Kuantan,Pahang,25050,2025-06-09
35457,Ravi,a/l Ramasamy,Male,017-6379162,2006-01-28,ravi35457@gmail.com,Bronze,"No. 283, Jalan E14",Gombak,Selangor,53100,2025-06-09
35458,Mei Ling,Chong,Female,010-1536895,1997-08-29,mei35458@gmail.com,Bronze,"No. 281, Jalan E6",Bukit Jalil,Federal Territory of Kuala Lumpur,58200,2025-06-09
35459,Aiman,bin Rahman,Male,019-9689657,1965-03-27,aiman35459@gmail.com,Bronze,"No. 237, Jalan E7",Setapak,Federal Territory of Kuala Lumpur,53100,2025-06-10
35460,Syafiq,bin Razak,Male,014-6210589,1999-08-16,syafiq35460@gmail.com,Bronze,"No. 201, Jalan D14",Kuala Lumpur,Federal Territory of Kuala Lumpur,50480,2025-06-10
35461,Kevin,Chong,Male,015-3625355,1980-05-15,kevin35461@gmail.com,Gold,"No. 7, Jalan D11",Klang,Selangor,42100,2025-06-10
35462,Kok Wai,Goh,Male,014-5898879,1997-08-13,kok35462@gmail.com,Bronze,"No. 221, Jalan A3",Petaling Jaya,Selangor,47300,2025-06-10
35463,Wei Hong,Lim,Male,015-3350461,1997-07-06,wei35463@gmail.com,Silver,"No. 151, Jalan B14",Kulai,Johor,81030,2025-06-10
35464,Fatimah,binti Yusof,Female,019-4160973,2005-05-01,fatimah35464@gmail.com,Bronze,"No. 3, Jalan G12",George Town,Pulau Pinang,10050,2025-06-10
35465,Rohani,binti Hassan,Female,018-5686793,2006-02-25,rohani35465@gmail.com,Bronze,"No. 69, Jalan F7",Shah Alam,Selangor,40200,2025-06-10
35466,Nabila,binti Razak,Female,017-4464876,1966-11-04,nabila35466@gmail.com,Platinum,"No. 223, Jalan G10",Sungai Buloh,Selangor,47000,2025-06-10
35467,Adam,bin Hassan,Male,015-5083487,2004-04-23,adam35467@gmail.com,Bronze,"No. 104, Jalan D12",Klang,Selangor,41300,2025-06-10
35468,Wei Jie,Wong,Male,014-1581132,1965-04-06,wei35468@gmail.com,Platinum,"No. 32, Jalan A14",Puchong,Selangor,47160,2025-06-10
35469,Faizal,bin Zainal,Male,016-7135808,1984-11-18,faizal35469@gmail.com,Silver,"No. 153, Jalan E18",Klang,Selangor,41100,2025-06-10
35470,Thivya,a/p Ramasamy,Female,011-5977265,1987-11-01,thivya35470@gmail.com,Silver,"No. 197, Jalan D14",Sungai Buloh,Selangor,47810,2025-06-10
35471,Nadia,binti Abdullah,Female,016-3509928,1985-07-26,nadia35471@gmail.com,Gold,"No. 43, Jalan B13",Setapak,Federal Territory of Kuala Lumpur,53300,2025-06-10
35472,Emily,Yeoh,Female,012-6238231,1965-03-06,emily35472@gmail.com,Gold,"No. 245, Jalan D10",Kuantan,Pahang,26060,2025-06-10
35473,Zarina,binti Rahman,Female,013-6520620,1991-07-06,zarina35473@gmail.com,Bronze,"No. 151, Jalan A4",Subang Jaya,Selangor,47600,2025-06-10
35474,Ravi,a/l Muniandy,Male,010-1028393,1989-01-09,ravi35474@gmail.com,Bronze,"No. 184, Jalan A1",Setapak,Federal Territory of Kuala Lumpur,53100,2025-06-10
35475,Nabila,binti Abdullah,Female,014-3521541,1996-02-12,nabila35475@gmail.com,Bronze,"No. 165, Jalan B12",Kepong,Federal Territory of Kuala Lumpur,52100,2025-06-11
35476,Priya,a/p Maniam,Female,018-1814816,1980-11-06,priya35476@gmail.com,Bronze,"No. 171, Jalan G4",Kuala Lumpur,Federal Territory of Kuala Lumpur,50450,2025-06-11
35477,Sharmila,a/p Rajan,Female,018-8125586,1997-06-21,sharmila35477@gmail.com,Bronze,"No. 185, Jalan E18",Kuala Lumpur,Federal Territory of Kuala Lumpur,59200,2025-06-11
35478,Pei Shan,Ng,Female,019-3117406,2002-01-08,pei35478@gmail.com,Bronze,"No. 19, Jalan B16",Petaling Jaya,Selangor,46050,2025-06-11
35479,Nabila,binti Osman,Female,010-9809890,1984-09-25,nabila35479@gmail.com,Bronze,"No. 23, Jalan D13",Sungai Buloh,Selangor,47810,2025-06-11
35480,Nabila,binti Ismail,Female,019-1349371,1999-10-21,nabila35480@gmail.com,Bronze,"No. 232, Jalan G16",Johor Bahru,Johor,80000,2025-06-11
35481,Yee Ling,Khoo,Female,014-1193629,1978-10-13,yee35481@gmail.com,Bronze,"No. 65, Jalan B18",Johor Bahru,Johor,80300,2025-06-11
35482,Li Wen,Liew,Female,011-3033959,1965-09-03,li35482@gmail.com,Bronze,"No. 98, Jalan G7",George Town,Pulau Pinang,10000,2025-06-11
35483,Wan Ying,Khoo,Female,011-8124004,1971-12-17,wan35483@gmail.com,Silver,"No. 24, Jalan E17",Klang,Selangor,41250,2025-06-11
35484,Yee Ling,Ong,Female,019-6554988,2000-05-22,yee35484@gmail.com,Bronze,"No. 21, Jalan G13",Bangi,Selangor,43600,2025-06-11
35485,Fatimah,binti Yusof,Female,016-6271770,1966-12-14,fatimah35485@gmail.com,Silver,"No. 10, Jalan A13",Puchong,Selangor,47120,2025-06-11
35486,Nurin,binti Ahmad,Female,011-9885601,2002-11-28,nurin35486@gmail.com,Bronze,"No. 12, Jalan C9",Kepong,Federal Territory of Kuala Lumpur,52100,2025-06-11
35487,Hannah,binti Ahmad,Female,019-1162068,1977-05-22,hannah35487@gmail.com,Bronze,"No. 9, Jalan A7",Setapak,Federal Territory of Kuala Lumpur,53200,2025-06-11
35488,Jun Hao,Foo,Male,013-5517166,1985-09-20,jun35488@gmail.com,Silver,"No. 26, Jalan C1",Setapak,Federal Territory of Kuala Lumpur,53100,2025-06-11
35489,Zulkifli,bin Razak,Male,010-9619551,1979-11-12,zulkifli35489@gmail.com,Gold,"No. 82, Jalan F10",Wangsa Maju,Federal Territory of Kuala Lumpur,53100,2025-06-11
35490,Firdaus,bin Ismail,Male,017-9848765,1992-06-27,firdaus35490@gmail.com,Bronze,"No. 247, Jalan E20",Gombak,Selangor,68100,2025-06-11
35491,Divya,a/p Ramasamy,Female,014-9640122,1997-11-16,divya35491@gmail.com,Silver,"No. 208, Jalan E3",Kuantan,Pahang,25300,2025-06-11
35492,Xin Yi,Lim,Female,018-5437813,1976-02-28,xin35492@gmail.com,Bronze,"No. 217, Jalan G9",Shah Alam,Selangor,40170,2025-06-11
35493,Zheng Yang,Yeoh,Male,011-6412297,1985-02-19,zheng35493@gmail.com,Platinum,"No. 129, Jalan G16",Kajang,Selangor,43100,2025-06-11
35494,Zulkifli,bin Hassan,Male,013-1497047,2001-04-26,zulkifli35494@gmail.com,Bronze,"No. 184, Jalan C13",Kuala Lumpur,Federal Territory of Kuala Lumpur,58000,2025-06-12
35495,Faizal,bin Zainal,Male,013-3541610,1976-03-18,faizal35495@gmail.com,Silver,"No. 142, Jalan B4",Kuala Lumpur,Federal Territory of Kuala Lumpur,50000,2025-06-12
35496,Haziq,bin Zainal,Male,018-5906797,1968-03-06,haziq35496@gmail.com,Bronze,"No. 150, Jalan D8",Kuala Lumpur,Federal Territory of Kuala Lumpur,58000,2025-06-12
35497,Divya,a/p Rajan,Female,010-6971360,1975-04-13,divya35497@gmail.com,Bronze,"No. 156, Jalan C17",Kuala Lumpur,Federal Territory of Kuala Lumpur,55200,2025-06-12
35498,Danial,bin Rahman,Male,011-6138085,1981-02-12,danial35498@gmail.com,Gold,"No. 45, Jalan D8",Sungai Buloh,Selangor,47820,2025-06-12
35499,Anjali,a/p Krishnan,Female,012-9892394,1989-01-18,anjali35499@gmail.com,Bronze,"No. 120, Jalan B8",Petaling Jaya,Selangor,46200,2025-06-12
35500,Ling Ling,Lim,Female,015-9932532,1984-02-21,ling35500@gmail.com,Bronze,"No. 118, Jalan D14",Melaka,Melaka,75000,2025-06-12
35501,Farah,binti Rahman,Female,013-1870518,1998-12-07,farah35501@gmail.com,Silver,"No. 162, Jalan E10",Sungai Buloh,Selangor,47820,2025-06-12
35502,Mei Ling,Chin,Female,012-1387384,1986-12-03,mei35502@gmail.com,Gold,"No. 44, Jalan F7",Shah Alam,Selangor,40150,2025-06-12
35503,Suhaila,binti Rahman,Female,013-9783349,1982-05-11,suhaila35503@gmail.com,Bronze,"No. 14, Jalan A17",Shah Alam,Selangor,40450,2025-06-12
35504,Haziq,bin Hassan,Male,015-1281243,2000-04-21,haziq35504@gmail.com,Gold,"No. 74, Jalan F19",Klang,Selangor,41150,2025-06-12
35505,Izzati,binti Hassan,Female,011-8763327,2003-09-25,izzati35505@gmail.com,Bronze,"No. 279, Jalan G3",Puchong,Selangor,47120,2025-06-12
35506,Suhaila,binti Osman,Female,015-6095703,1967-10-04,suhaila35506@gmail.com,Bronze,"No. 120, Jalan F6",Puchong,Selangor,47110,2025-06-12
35507,Divya,a/p Krishnan,Female,014-9809798,2000-07-14,divya35507@gmail.com,Bronze,"No. 140, Jalan E16",Selayang,Selangor,68000,2025-06-12
35508,Syafiq,bin Ismail,Male,012-6557242,1997-06-21,syafiq35508@gmail.com,Bronze,"No. 92, Jalan A9",Selayang,Selangor,68100,2025-06-12
35509,Nurin,binti Rahman,Female,015-2309268,1993-05-18,nurin35509@gmail.com,Bronze,"No. 201, Jalan C6",Rawang,Selangor,48020,2025-06-12
35510,Daniel,Foo,Male,017-5010527,1999-12-19,daniel35510@gmail.com,Gold,"No. 176, Jalan G7",Setapak,Federal Territory of Kuala Lumpur,53300,2025-06-12
35511,Hafiz,bin Hamid,Male,017-4078889,2000-06-13,hafiz35511@gmail.com,Silver,"No. 101, Jalan D14",Kepong,Federal Territory of Kuala Lumpur,52100,2025-06-12
35512,Amelia,binti Ahmad,Female,015-9586946,1976-01-19,amelia35512@gmail.com,Bronze,"No. 81, Jalan D2",Setapak,Federal Territory of Kuala Lumpur,53100,2025-06-12
35513,Yee Ling,Khoo,Female,017-4737140,1996-10-24,yee35513@gmail.com,Gold,"No. 114, Jalan E5",Wangsa Maju,Federal Territory of Kuala Lumpur,53300,2025-06-12
35514,Yong Sheng,Liew,Male,013-5633182,1977-07-26,yong35514@gmail.com,Bronze,"No. 139, Jalan D20",Kepong,Federal Territory of Kuala Lumpur,51200,2025-06-12
35515,Nur Aina,binti Ismail,Female,014-3412802,2006-09-01,nur35515@gmail.com,Bronze,"No. 188, Jalan D11",Wangsa Maju,Federal Territory of Kuala Lumpur,53200,2025-06-12
35516,Deepa,a/p Rajan,Female,019-7351727,1965-02-15,deepa35516@gmail.com,Silver,"No. 190, Jalan A13",Gombak,Selangor,53100,2025-06-12
35517,Shalini,a/p Rajan,Female,010-7270290,1983-01-01,shalini35517@gmail.com,Bronze,"No. 35, Jalan F14",Ipoh,Perak,30300,2025-06-12
35518,Amelia,binti Ismail,Female,019-5496452,1999-05-19,amelia35518@gmail.com,Bronze,"No. 271, Jalan B18",Ipoh,Perak,30020,2025-06-12
35519,Nurul Huda,binti Yusof,Female,010-2883544,1970-12-21,nurul35519@gmail.com,Bronze,"No. 112, Jalan C20",Kuantan,Pahang,25050,2025-06-12
35520,Meena,a/p Krishnan,Female,013-1975926,1994-07-20,meena35520@gmail.com,Bronze,"No. 16, Jalan F9",Kuantan,Pahang,25200,2025-06-12
35521,Faizal,bin Abdullah,Male,017-5485836,1964-06-12,faizal35521@gmail.com,Bronze,"No. 287, Jalan A15",Subang Jaya,Selangor,47600,2025-06-12
35522,Vanessa,Ng,Female,018-9399385,1973-09-08,vanessa35522@gmail.com,Bronze,"No. 288, Jalan D15",Subang Jaya,Selangor,47500,2025-06-12
35523,Aiman,bin Zainal,Male,011-7898188,2000-06-09,aiman35523@gmail.com,Bronze,"No. 115, Jalan E3",Subang Jaya,Selangor,47650,2025-06-12
35524,Rohani,binti Ahmad,Female,014-8968621,1996-08-17,rohani35524@gmail.com,Silver,"No. 171, Jalan D3",Bukit Jalil,Federal Territory of Kuala Lumpur,57000,2025-06-12
35525,Meena,a/p Maniam,Female,013-6062580,1978-06-06,meena35525@gmail.com,Gold,"No. 165, Jalan C19",Gombak,Selangor,53100,2025-06-13
35526,Rohani,binti Ahmad,Female,013-6055329,1983-07-23,rohani35526@gmail.com,Gold,"No. 116, Jalan G1",Petaling Jaya,Selangor,46000,2025-06-13
35527,Haziq,bin Hamid,Male,016-7108188,1983-06-18,haziq35527@gmail.com,Silver,"No. 84, Jalan A14",Petaling Jaya,Selangor,46300,2025-06-13
35528,Jun Hao,Sim,Male,014-6115748,1996-04-18,jun35528@gmail.com,Bronze,"No. 104, Jalan F6",Johor Bahru,Johor,81300,2025-06-13
35529,Wan Ying,Tan,Female,013-9341157,1970-05-18,wan35529@gmail.com,Bronze,"No. 5, Jalan F9",Johor Bahru,Johor,80300,2025-06-13
35530,Nurin,binti Ismail,Female,019-3198824,1971-06-15,nurin35530@gmail.com,Bronze,"No. 9, Jalan D3",Sungai Buloh,Selangor,47820,2025-06-13
35531,Michelle,Chan,Female,012-3190870,1996-08-14,michelle35531@gmail.com,Bronze,"No. 267, Jalan C9",Subang Jaya,Selangor,47610,2025-06-13
35532,Rohani,binti Hamid,Female,018-1734477,1973-01-14,rohani35532@gmail.com,Silver,"No. 222, Jalan D2",Shah Alam,Selangor,40160,2025-06-13
35533,Mei Ling,Ong,Female,017-3357713,1964-06-25,mei35533@gmail.com,Bronze,"No. 140, Jalan F3",Puchong,Selangor,47100,2025-06-13
35534,Faizal,bin Rahman,Male,010-2608070,1987-07-26,faizal35534@gmail.com,Bronze,"No. 189, Jalan E15",Selayang,Selangor,68100,2025-06-13
35535,Mei Ling,Chua,Female,017-5525640,1966-10-19,mei35535@gmail.com,Bronze,"No. 163, Jalan E18",Selayang,Selangor,68100,2025-06-13
35536,Xin Yi,Chin,Female,015-2471993,1993-01-12,xin35536@gmail.com,Bronze,"No. 276, Jalan B19",Setapak,Federal Territory of Kuala Lumpur,53000,2025-06-13
35537,Hannah,binti Hamid,Female,016-1281645,1965-04-17,hannah35537@gmail.com,Silver,"No. 138, Jalan F13",Ipoh,Perak,30350,2025-06-13
35538,Aisyah,binti Hassan,Female,010-2174900,2000-08-23,aisyah35538@gmail.com,Silver,"No. 38, Jalan D14",Taiping,Perak,34000,2025-06-13
35539,Zhi Wei,Chin,Male,015-5113169,1983-02-12,zhi35539@gmail.com,Silver,"No. 59, Jalan A18",Ipoh,Perak,30010,2025-06-13
35540,Aisyah,binti Osman,Female,013-1693944,1966-06-17,aisyah35540@gmail.com,Bronze,"No. 133, Jalan A6",Ipoh,Perak,30010,2025-06-13
35541,Aiman,bin Razak,Male,015-6740507,1981-09-29,aiman35541@gmail.com,Bronze,"No. 267, Jalan C12",Seremban,Negeri Sembilan,70000,2025-06-13
35542,Fatimah,binti Ahmad,Female,010-4141505,1967-09-26,fatimah35542@gmail.com,Gold,"No. 115, Jalan E12",Kuantan,Pahang,25200,2025-06-13
35543,Nurin,binti Hassan,Female,011-5091526,1981-04-09,nurin35543@gmail.com,Bronze,"No. 1, Jalan A2",Temerloh,Pahang,28000,2025-06-13
35544,Alia,binti Ismail,Female,013-1667109,1970-08-29,alia35544@gmail.com,Silver,"No. 105, Jalan C10",Kuantan,Pahang,25100,2025-06-13
35545,Lakshmi,a/p Ramasamy,Female,018-5300939,1993-01-23,lakshmi35545@gmail.com,Gold,"No. 119, Jalan G1",Kuantan,Pahang,25300,2025-06-13
35546,Amelia,binti Yusof,Female,017-3377033,1964-01-25,amelia35546@gmail.com,Bronze,"No. 12, Jalan F6",Shah Alam,Selangor,40100,2025-06-13
35547,Kumar,a/l Subramaniam,Male,015-2649208,1981-08-17,kumar35547@gmail.com,Bronze,"No. 242, Jalan C10",Subang Jaya,Selangor,47610,2025-06-13
35548,Rachel,Chong,Female,012-3120436,2004-10-12,rachel35548@gmail.com,Silver,"No. 173, Jalan A14",Kajang,Selangor,43000,2025-06-13
35549,Rohani,binti Ahmad,Female,019-5457378,2001-03-04,rohani35549@gmail.com,Bronze,"No. 188, Jalan B9",Bukit Jalil,Federal Territory of Kuala Lumpur,58200,2025-06-13
35550,Hafiz,bin Yusof,Male,010-5177209,1964-07-04,hafiz35550@gmail.com,Bronze,"No. 236, Jalan F7",Bukit Jalil,Federal Territory of Kuala Lumpur,58200,2025-06-13
35551,Rohani,binti Zainal,Female,014-3871169,2000-09-18,rohani35551@gmail.com,Bronze,"No. 55, Jalan E6",Bukit Jalil,Federal Territory of Kuala Lumpur,58200,2025-06-13
35552,Jasmine,Goh,Female,010-9639769,1982-08-14,jasmine35552@gmail.com,Bronze,"No. 61, Jalan F7",Kepong,Federal Territory of Kuala Lumpur,51200,2025-06-14
35553,Adam,bin Rahman,Male,010-7050238,1994-11-18,adam35553@gmail.com,Bronze,"No. 212, Jalan B18",Wangsa Maju,Federal Territory of Kuala Lumpur,53300,2025-06-14
35554,Balqis,binti Razak,Female,015-4459478,1981-06-14,balqis35554@gmail.com,Bronze,"No. 143, Jalan C9",Kuala Lumpur,Federal Territory of Kuala Lumpur,55100,2025-06-14
35555,Daniel,Cheah,Male,014-6150308,2004-01-28,daniel35555@gmail.com,Silver,"No. 93, Jalan B18",Bukit Jalil,Federal Territory of Kuala Lumpur,57000,2025-06-14
35556,Nurin,binti Osman,Female,017-8475704,1979-10-07,nurin35556@gmail.com,Gold,"No. 237, Jalan F18",Subang Jaya,Selangor,47610,2025-06-14
35557,Arjun,a/l Muniandy,Male,018-4537718,1990-04-27,arjun35557@gmail.com,Silver,"No. 129, Jalan B7",Petaling Jaya,Selangor,47810,2025-06-14
35558,Amirul,bin Hamid,Male,012-5575978,1968-07-13,amirul35558@gmail.com,Bronze,"No. 116, Jalan C1",Petaling Jaya,Selangor,46200,2025-06-14
35559,Li Wen,Teoh,Female,018-2877793,1999-02-13,li35559@gmail.com,Silver,"No. 19, Jalan A3",Petaling Jaya,Selangor,46000,2025-06-14
35560,Lakshmi,a/p Ramasamy,Female,013-5981279,1978-05-25,lakshmi35560@gmail.com,Bronze,"No. 188, Jalan D11",Petaling Jaya,Selangor,47400,2025-06-14
35561,Kok Wai,Goh,Male,016-8737946,1975-09-19,kok35561@gmail.com,Gold,"No. 165, Jalan D8",Sungai Buloh,Selangor,47000,2025-06-14
35562,Jasmine,Wong,Female,019-4518810,1994-03-19,jasmine35562@gmail.com,Bronze,"No. 43, Jalan F18",Johor Bahru,Johor,81100,2025-06-14
35563,Nurul Huda,binti Abdullah,Female,018-8742048,1982-07-01,nurul35563@gmail.com,Silver,"No. 285, Jalan G10",Johor Bahru,Johor,81200,2025-06-14
35564,Haziq,bin Rahman,Male,011-7214953,2001-11-06,haziq35564@gmail.com,Platinum,"No. 40, Jalan E14",Subang Jaya,Selangor,47620,2025-06-14
35565,Siti,binti Ahmad,Female,010-2620444,1982-02-17,siti35565@gmail.com,Bronze,"No. 72, Jalan G16",Klang,Selangor,41200,2025-06-14
35566,Kai Xin,Khoo,Female,019-8098132,1994-09-02,kai35566@gmail.com,Silver,"No. 15, Jalan G2",Klang,Selangor,41050,2025-06-14
35567,Jun Hao,Khoo,Male,016-1865259,1994-02-23,jun35567@gmail.com,Bronze,"No. 271, Jalan A2",Selayang,Selangor,68100,2025-06-14
35568,Hafiz,bin Rahman,Male,012-9089773,1993-04-24,hafiz35568@gmail.com,Bronze,"No. 170, Jalan G20",Selayang,Selangor,68100,2025-06-14
35569,Syafiq,bin Ahmad,Male,010-2863524,1979-04-30,syafiq35569@gmail.com,Silver,"No. 90, Jalan A7",Setapak,Federal Territory of Kuala Lumpur,53000,2025-06-14
35570,Yee Ling,Goh,Female,015-8458257,1969-06-23,yee35570@gmail.com,Platinum,"No. 229, Jalan C17",Petaling Jaya,Selangor,46200,2025-06-14
35571,Amirul,bin Abdullah,Male,013-3844594,2001-10-09,amirul35571@gmail.com,Silver,"No. 95, Jalan D16",Ampang,Selangor,68000,2025-06-14
35572,Aina,binti Rahman,Female,010-1538664,1968-01-16,aina35572@gmail.com,Silver,"No. 34, Jalan E18",Seremban,Negeri Sembilan,70100,2025-06-14
35573,Nur Aina,binti Hamid,Female,011-9224814,1989-03-25,nur35573@gmail.com,Bronze,"No. 221, Jalan E8",Kuala Lumpur,Federal Territory of Kuala Lumpur,50000,2025-06-14
35574,Irfan,bin Abdullah,Male,013-8174604,2000-04-05,irfan35574@gmail.com,Bronze,"No. 6, Jalan C5",Bukit Jalil,Federal Territory of Kuala Lumpur,57000,2025-06-14
35575,Suresh,a/l Subramaniam,Male,018-8496067,2007-03-25,suresh35575@gmail.com,Silver,"No. 142, Jalan A10",Wangsa Maju,Federal Territory of Kuala Lumpur,53200,2025-06-14
35576,Danial,bin Rahman,Male,010-6060282,2002-06-02,danial35576@gmail.com,Silver,"No. 267, Jalan E7",Petaling Jaya,Selangor,47300,2025-06-15
35577,Fatimah,binti Yusof,Female,013-5399092,1980-02-04,fatimah35577@gmail.com,Gold,"No. 59, Jalan F17",Petaling Jaya,Selangor,47400,2025-06-15
35578,Syafiq,bin Hamid,Male,014-3972042,1989-07-16,syafiq35578@gmail.com,Bronze,"No. 54, Jalan A12",Gombak,Selangor,53100,2025-06-15
35579,Siti,binti Rahman,Female,016-2404961,1991-03-31,siti35579@gmail.com,Bronze,"No. 106, Jalan G17",Sungai Buloh,Selangor,47000,2025-06-15
35580,Hafiz,bin Hassan,Male,015-5600979,1980-02-09,hafiz35580@gmail.com,Bronze,"No. 231, Jalan D18",Johor Bahru,Johor,81100,2025-06-15
35581,Kavitha,a/p Ramasamy,Female,019-1500213,1967-12-12,kavitha35581@gmail.com,Bronze,"No. 190, Jalan B12",Melaka,Melaka,75350,2025-06-15
35582,Michelle,Cheah,Female,019-1319803,1980-12-16,michelle35582@gmail.com,Bronze,"No. 265, Jalan E16",Sungai Buloh,Selangor,47820,2025-06-15
35583,Danial,bin Zainal,Male,013-7363461,1968-03-29,danial35583@gmail.com,Bronze,"No. 3, Jalan F19",Sungai Buloh,Selangor,47820,2025-06-15
35584,Nur Aina,binti Rahman,Female,014-2254289,2004-03-04,nur35584@gmail.com,Bronze,"No. 64, Jalan A2",Sungai Buloh,Selangor,47820,2025-06-15
35585,Hafiz,bin Hamid,Male,019-3470609,1976-12-09,hafiz35585@gmail.com,Bronze,"No. 41, Jalan A11",Klang,Selangor,41300,2025-06-15
35586,Shalini,a/p Ramasamy,Female,019-6310114,1973-02-16,shalini35586@gmail.com,Bronze,"No. 28, Jalan F9",Kajang,Selangor,43000,2025-06-15
35587,Hafiz,bin Zainal,Male,011-5625290,2005-09-29,hafiz35587@gmail.com,Silver,"No. 270, Jalan D17",Sungai Buloh,Selangor,47810,2025-06-15
35588,Danial,bin Hassan,Male,014-3382647,2001-01-04,danial35588@gmail.com,Bronze,"No. 158, Jalan F20",Setapak,Federal Territory of Kuala Lumpur,53100,2025-06-15
35589,Danial,bin Razak,Male,015-2115909,1999-08-15,danial35589@gmail.com,Silver,"No. 127, Jalan C11",Wangsa Maju,Federal Territory of Kuala Lumpur,53100,2025-06-15
35590,Nurul Huda,binti Zainal,Female,018-1293470,1980-05-09,nurul35590@gmail.com,Bronze,"No. 112, Jalan D12",Subang Jaya,Selangor,47610,2025-06-15
35591,Aisyah,binti Ismail,Female,017-7944632,1995-02-05,aisyah35591@gmail.com,Platinum,"No. 84, Jalan D18",Gombak,Selangor,53000,2025-06-15
35592,Amelia,binti Ahmad,Female,019-2569357,1997-08-03,amelia35592@gmail.com,Bronze,"No. 26, Jalan C7",Taiping,Perak,34600,2025-06-15
35593,Chloe,Chong,Female,016-2654968,1982-06-08,chloe35593@gmail.com,Platinum,"No. 284, Jalan A16",Temerloh,Pahang,28000,2025-06-15
35594,Hannah,binti Yusof,Female,012-1215053,1982-03-18,hannah35594@gmail.com,Gold,"No. 258, Jalan G17",Kuantan,Pahang,25000,2025-06-15
35595,Irfan,bin Yusof,Male,010-4132042,1989-01-06,irfan35595@gmail.com,Gold,"No. 89, Jalan D4",Bukit Jalil,Federal Territory of Kuala Lumpur,57000,2025-06-15
35596,Nurin,binti Zainal,Female,014-3369126,1966-12-15,nurin35596@gmail.com,Bronze,"No. 228, Jalan D11",Kuala Lumpur,Federal Territory of Kuala Lumpur,58000,2025-06-16
35597,Faizal,bin Yusof,Male,017-2360572,1980-10-27,faizal35597@gmail.com,Bronze,"No. 202, Jalan E12",Kuala Lumpur,Federal Territory of Kuala Lumpur,50480,2025-06-16
35598,Faizal,bin Abdullah,Male,013-4540378,1986-12-21,faizal35598@gmail.com,Bronze,"No. 172, Jalan F2",Kuala Lumpur,Federal Territory of Kuala Lumpur,50000,2025-06-16
35599,Suhaila,binti Rahman,Female,010-3332553,1996-01-09,suhaila35599@gmail.com,Bronze,"No. 178, Jalan A7",Johor Bahru,Johor,81200,2025-06-16
35600,Jasmine,Chan,Female,019-2638310,1981-12-04,jasmine35600@gmail.com,Bronze,"No. 275, Jalan G15",Kulai,Johor,81030,2025-06-16
35601,Grace,Foo,Female,018-5083061,1988-06-11,grace35601@gmail.com,Bronze,"No. 130, Jalan D6",George Town,Pulau Pinang,10100,2025-06-16
35602,Zulkifli,bin Hamid,Male,018-1981921,2006-10-07,zulkifli35602@gmail.com,Bronze,"No. 176, Jalan C13",Butterworth,Pulau Pinang,12100,2025-06-16
35603,Aina,binti Osman,Female,017-1769820,1992-03-16,aina35603@gmail.com,Bronze,"No. 43, Jalan F9",Sungai Buloh,Selangor,47000,2025-06-16
35604,Nadia,binti Osman,Female,011-2560307,1965-05-24,nadia35604@gmail.com,Gold,"No. 18, Jalan G13",Klang,Selangor,41000,2025-06-16
35605,Nurin,binti Rahman,Female,017-1015864,2003-11-01,nurin35605@gmail.com,Bronze,"No. 185, Jalan C15",Selayang,Selangor,68000,2025-06-16
35606,Nadia,binti Ismail,Female,016-1641730,2002-01-22,nadia35606@gmail.com,Bronze,"No. 284, Jalan A11",Selayang,Selangor,68000,2025-06-16
35607,Anjali,a/p Krishnan,Female,018-8625459,2000-08-06,anjali35607@gmail.com,Bronze,"No. 43, Jalan E14",Selayang,Selangor,68000,2025-06-16
35608,Ravi,a/l Rajan,Male,013-1961843,1965-07-10,ravi35608@gmail.com,Bronze,"No. 62, Jalan D20",Setapak,Federal Territory of Kuala Lumpur,53300,2025-06-16
35609,Suhaila,binti Hamid,Female,010-4419291,1987-04-26,suhaila35609@gmail.com,Bronze,"No. 233, Jalan C16",Setapak,Federal Territory of Kuala Lumpur,53300,2025-06-16
35610,Syafiq,bin Zainal,Male,019-4859418,1971-06-28,syafiq35610@gmail.com,Bronze,"No. 25, Jalan G5",Gombak,Selangor,53000,2025-06-16
35611,Aina,binti Razak,Female,018-1163442,1986-09-09,aina35611@gmail.com,Silver,"No. 96, Jalan E8",Ipoh,Perak,30010,2025-06-16
35612,Farah,binti Ahmad,Female,017-9285475,1993-09-13,farah35612@gmail.com,Bronze,"No. 249, Jalan C2",Seremban,Negeri Sembilan,70200,2025-06-16
35613,Siti,binti Hassan,Female,013-2587842,1986-07-09,siti35613@gmail.com,Silver,"No. 65, Jalan G13",Setapak,Federal Territory of Kuala Lumpur,53100,2025-06-16
35614,Aiman,bin Zainal,Male,016-6537278,2004-08-30,aiman35614@gmail.com,Bronze,"No. 203, Jalan D16",Petaling Jaya,Selangor,47300,2025-06-17
35615,Syafiq,bin Abdullah,Male,012-2397350,2003-06-10,syafiq35615@gmail.com,Bronze,"No. 223, Jalan B12",Shah Alam,Selangor,40450,2025-06-17
35616,Li Wen,Teoh,Female,014-2509736,1979-08-23,li35616@gmail.com,Bronze,"No. 133, Jalan B19",Melaka,Melaka,75250,2025-06-17
35617,Arjun,a/l Ramasamy,Male,019-4935593,1999-03-28,arjun35617@gmail.com,Bronze,"No. 284, Jalan B3",Klang,Selangor,41300,2025-06-17
35618,Syafiq,bin Rahman,Male,016-5999828,1985-11-28,syafiq35618@gmail.com,Gold,"No. 40, Jalan E1",Puchong,Selangor,47190,2025-06-17
35619,Sze Min,Chua,Female,019-3845420,2001-12-20,sze35619@gmail.com,Silver,"No. 173, Jalan C17",Puchong,Selangor,47150,2025-06-17
35620,Deepa,a/p Rajan,Female,017-9650409,2003-12-26,deepa35620@gmail.com,Bronze,"No. 289, Jalan A17",Wangsa Maju,Federal Territory of Kuala Lumpur,53200,2025-06-17
35621,Izzati,binti Abdullah,Female,019-2290166,1970-10-24,izzati35621@gmail.com,Bronze,"No. 4, Jalan C13",Setapak,Federal Territory of Kuala Lumpur,53100,2025-06-17
35622,Amelia,binti Yusof,Female,013-3665375,1973-09-23,amelia35622@gmail.com,Bronze,"No. 218, Jalan E3",Seremban,Negeri Sembilan,70000,2025-06-17
35623,Aina,binti Zainal,Female,012-3091824,2005-06-22,aina35623@gmail.com,Bronze,"No. 295, Jalan C17",Kuantan,Pahang,25300,2025-06-17
35624,Nur Aina,binti Ahmad,Female,015-3471154,1968-12-30,nur35624@gmail.com,Bronze,"No. 226, Jalan D1",Setapak,Federal Territory of Kuala Lumpur,53000,2025-06-17
35625,Firdaus,bin Hassan,Male,016-8121918,1978-07-05,firdaus35625@gmail.com,Silver,"No. 99, Jalan D20",Bukit Jalil,Federal Territory of Kuala Lumpur,57100,2025-06-17
35626,Zulkifli,bin Hamid,Male,016-8870244,2000-02-13,zulkifli35626@gmail.com,Bronze,"No. 230, Jalan G9",Kuala Lumpur,Federal Territory of Kuala Lumpur,59200,2025-06-18
35627,Nurin,binti Hassan,Female,017-9018961,1971-04-13,nurin35627@gmail.com,Silver,"No. 157, Jalan D17",Petaling Jaya,Selangor,47301,2025-06-18
35628,Haziq,bin Rahman,Male,016-2824342,1980-11-25,haziq35628@gmail.com,Silver,"No. 175, Jalan G9",Selayang,Selangor,68100,2025-06-18
35629,Wei Jie,Lim,Male,014-4544851,2005-02-20,wei35629@gmail.com,Gold,"No. 255, Jalan C17",Johor Bahru,Johor,80350,2025-06-18
35630,Aisyah,binti Abdullah,Female,018-9608438,1979-12-10,aisyah35630@gmail.com,Bronze,"No. 38, Jalan G20",Johor Bahru,Johor,80200,2025-06-18
35631,Shu Fen,Chua,Female,011-1305633,1967-12-08,shu35631@gmail.com,Gold,"No. 272, Jalan B11",George Town,Pulau Pinang,10050,2025-06-18
35632,Hannah,binti Razak,Female,018-2812543,1973-12-23,hannah35632@gmail.com,Silver,"No. 101, Jalan G10",Petaling Jaya,Selangor,46000,2025-06-18
35633,Nabila,binti Razak,Female,017-5693092,1980-07-01,nabila35633@gmail.com,Silver,"No. 264, Jalan E7",Klang,Selangor,41300,2025-06-18
35634,Haziq,bin Yusof,Male,011-7632182,1993-05-27,haziq35634@gmail.com,Silver,"No. 177, Jalan D3",Puchong,Selangor,47170,2025-06-18
35635,Vanessa,Lim,Female,015-8108640,1981-06-20,vanessa35635@gmail.com,Bronze,"No. 207, Jalan D16",Puchong,Selangor,47100,2025-06-18
35636,Michelle,Lee,Female,011-7962913,1970-08-05,michelle35636@gmail.com,Bronze,"No. 244, Jalan E14",Wangsa Maju,Federal Territory of Kuala Lumpur,53300,2025-06-18
35637,Aiman,bin Hamid,Male,012-5323611,1970-12-25,aiman35637@gmail.com,Gold,"No. 149, Jalan E2",Seremban,Negeri Sembilan,70300,2025-06-18
35638,Shalini,a/p Subramaniam,Female,013-6371836,2002-10-15,shalini35638@gmail.com,Gold,"No. 296, Jalan E6",Seremban,Negeri Sembilan,70400,2025-06-18
35639,Jian Ming,Goh,Male,016-7690090,1985-03-29,jian35639@gmail.com,Silver,"No. 82, Jalan C17",Bukit Jalil,Federal Territory of Kuala Lumpur,58200,2025-06-18
35640,Nur Aina,binti Hamid,Female,017-4500276,1995-10-22,nur35640@gmail.com,Bronze,"No. 113, Jalan C20",Subang Jaya,Selangor,47500,2025-06-18
35641,Ganesh,a/l Ramasamy,Male,018-9799291,1993-08-15,ganesh35641@gmail.com,Gold,"No. 13, Jalan C6",Subang Jaya,Selangor,47600,2025-06-18
35642,Zheng Yang,Sim,Male,016-6097436,1981-01-15,zheng35642@gmail.com,Bronze,"No. 153, Jalan A10",Bukit Jalil,Federal Territory of Kuala Lumpur,58200,2025-06-18
35643,Syafiq,bin Hassan,Male,010-8542411,1985-04-07,syafiq35643@gmail.com,Bronze,"No. 163, Jalan G18",Kuala Lumpur,Federal Territory of Kuala Lumpur,50450,2025-06-19
35644,Alia,binti Hassan,Female,018-9489479,1980-09-07,alia35644@gmail.com,Silver,"No. 68, Jalan D12",Kuala Lumpur,Federal Territory of Kuala Lumpur,56000,2025-06-19
35645,Amelia,binti Rahman,Female,012-9350247,1977-10-05,amelia35645@gmail.com,Gold,"No. 270, Jalan E15",Kuala Lumpur,Federal Territory of Kuala Lumpur,59000,2025-06-19
35646,Nurul Huda,binti Hamid,Female,012-1047100,1971-09-01,nurul35646@gmail.com,Gold,"No. 200, Jalan A8",Kuala Lumpur,Federal Territory of Kuala Lumpur,59000,2025-06-19
35647,Aina,binti Hassan,Female,019-7781947,1989-08-26,aina35647@gmail.com,Bronze,"No. 244, Jalan G5",Sungai Buloh,Selangor,47000,2025-06-19
35648,Suhaila,binti Hamid,Female,016-1998599,1995-01-15,suhaila35648@gmail.com,Bronze,"No. 191, Jalan C19",Johor Bahru,Johor,80200,2025-06-19
35649,Yong Sheng,Chua,Male,015-7252347,2001-06-14,yong35649@gmail.com,Gold,"No. 276, Jalan E5",George Town,Pulau Pinang,10050,2025-06-19
35650,Nur Aina,binti Ahmad,Female,016-7566065,1967-04-17,nur35650@gmail.com,Bronze,"No. 106, Jalan F19",Butterworth,Pulau Pinang,12100,2025-06-19
35651,Haziq,bin Yusof,Male,018-8010920,1999-02-27,haziq35651@gmail.com,Bronze,"No. 63, Jalan B9",Shah Alam,Selangor,40200,2025-06-19
35652,Chloe,Wong,Female,012-2334703,1986-05-26,chloe35652@gmail.com,Bronze,"No. 141, Jalan G19",Selayang,Selangor,68000,2025-06-19
35653,Zarina,binti Ahmad,Female,012-4456892,2001-03-08,zarina35653@gmail.com,Bronze,"No. 241, Jalan E7",Kepong,Federal Territory of Kuala Lumpur,51200,2025-06-19
35654,Jun Hao,Khoo,Male,010-2332653,1987-09-10,jun35654@gmail.com,Silver,"No. 183, Jalan D4",Gombak,Selangor,53100,2025-06-19
35655,Syafiq,bin Razak,Male,014-8249012,1967-06-05,syafiq35655@gmail.com,Bronze,"No. 264, Jalan B4",Ipoh,Perak,30350,2025-06-19
35656,Zulkifli,bin Ahmad,Male,018-5845133,2005-09-25,zulkifli35656@gmail.com,Bronze,"No. 104, Jalan D16",Nilai,Negeri Sembilan,71760,2025-06-19
35657,Alia,binti Ismail,Female,018-7095781,1995-08-14,alia35657@gmail.com,Silver,"No. 258, Jalan C12",Seremban,Negeri Sembilan,70500,2025-06-19
35658,Suhaila,binti Osman,Female,019-3777150,2004-01-27,suhaila35658@gmail.com,Silver,"No. 152, Jalan E17",Kuantan,Pahang,25050,2025-06-19
35659,Kok Wai,Chua,Male,011-9001468,1964-07-14,kok35659@gmail.com,Silver,"No. 294, Jalan A17",Bukit Jalil,Federal Territory of Kuala Lumpur,58200,2025-06-19
35660,Jian Ming,Teoh,Male,016-8335855,1976-05-16,jian35660@gmail.com,Bronze,"No. 85, Jalan G19",Bukit Jalil,Federal Territory of Kuala Lumpur,57000,2025-06-20
35661,Vanessa,Foo,Female,019-2208388,1970-01-30,vanessa35661@gmail.com,Silver,"No. 70, Jalan F4",Sungai Buloh,Selangor,47820,2025-06-20
35662,Rachel,Chong,Female,016-1284275,1995-02-12,rachel35662@gmail.com,Silver,"No. 165, Jalan C18",Sungai Buloh,Selangor,47810,2025-06-20
35663,Jasmine,Chong,Female,016-8031653,1985-01-06,jasmine35663@gmail.com,Silver,"No. 110, Jalan A8",Selayang,Selangor,68000,2025-06-20
35664,Vikram,a/l Rajan,Male,010-6702761,1970-01-28,vikram35664@gmail.com,Silver,"No. 280, Jalan C10",Petaling Jaya,Selangor,47810,2025-06-20
35665,Siti,binti Hassan,Female,013-2557529,1996-01-11,siti35665@gmail.com,Silver,"No. 186, Jalan F7",Johor Bahru,Johor,80200,2025-06-20
35666,Aina,binti Osman,Female,015-4608104,1998-07-05,aina35666@gmail.com,Gold,"No. 292, Jalan C18",Johor Bahru,Johor,80300,2025-06-20
35667,Nadia,binti Zainal,Female,015-2047175,1974-09-07,nadia35667@gmail.com,Bronze,"No. 294, Jalan G1",Johor Bahru,Johor,81200,2025-06-20
35668,Kevin,Lee,Male,013-7606723,1997-04-26,kevin35668@gmail.com,Bronze,"No. 183, Jalan B1",Johor Bahru,Johor,81200,2025-06-20
35669,Zulkifli,bin Hassan,Male,013-8164904,1999-03-05,zulkifli35669@gmail.com,Bronze,"No. 236, Jalan D7",Butterworth,Pulau Pinang,12000,2025-06-20
35670,Nurin,binti Hamid,Female,015-2795277,1964-10-10,nurin35670@gmail.com,Bronze,"No. 273, Jalan E20",Gombak,Selangor,53000,2025-06-20
35671,Aina,binti Razak,Female,013-4544677,1985-04-24,aina35671@gmail.com,Silver,"No. 297, Jalan D1",Shah Alam,Selangor,40170,2025-06-20
35672,Aiman,bin Ismail,Male,013-1692237,1982-03-17,aiman35672@gmail.com,Bronze,"No. 247, Jalan D18",Shah Alam,Selangor,40100,2025-06-20
35673,Jia Yi,Ng,Female,011-9528467,1996-12-05,jia35673@gmail.com,Bronze,"No. 113, Jalan F14",Puchong,Selangor,47190,2025-06-20
35674,Yasmin,binti Ismail,Female,016-6193806,1965-07-22,yasmin35674@gmail.com,Silver,"No. 257, Jalan E10",Puchong,Selangor,47120,2025-06-20
35675,Syafiq,bin Ahmad,Male,019-9979465,1985-12-16,syafiq35675@gmail.com,Bronze,"No. 189, Jalan B20",Wangsa Maju,Federal Territory of Kuala Lumpur,53100,2025-06-20
35676,Ganesh,a/l Maniam,Male,017-6012128,2005-04-23,ganesh35676@gmail.com,Bronze,"No. 170, Jalan D2",Gombak,Selangor,68100,2025-06-20
35677,Wei Hong,Cheah,Male,011-8615781,2004-02-01,wei35677@gmail.com,Silver,"No. 173, Jalan E9",Seremban,Negeri Sembilan,70400,2025-06-20
35678,Grace,Sim,Female,016-2139994,2005-05-17,grace35678@gmail.com,Gold,"No. 199, Jalan E15",Kuantan,Pahang,26060,2025-06-20
35679,Amelia,binti Hassan,Female,014-9354198,1998-09-11,amelia35679@gmail.com,Silver,"No. 272, Jalan A16",Subang Jaya,Selangor,47610,2025-06-20
35680,Rachel,Chong,Female,015-6554864,1975-02-14,rachel35680@gmail.com,Bronze,"No. 76, Jalan F15",Subang Jaya,Selangor,47610,2025-06-20
35681,Hafiz,bin Ismail,Male,012-5988890,1967-12-21,hafiz35681@gmail.com,Silver,"No. 134, Jalan B1",Klang,Selangor,41100,2025-06-20
35682,Danial,bin Hassan,Male,015-3709713,1999-12-29,danial35682@gmail.com,Bronze,"No. 95, Jalan D15",Kuala Lumpur,Federal Territory of Kuala Lumpur,59000,2025-06-21
35683,Anjali,a/p Ramasamy,Female,019-4487465,1970-06-15,anjali35683@gmail.com,Bronze,"No. 170, Jalan D17",Kuala Lumpur,Federal Territory of Kuala Lumpur,55200,2025-06-21
35684,Nur Aina,binti Rahman,Female,019-3814116,1975-06-23,nur35684@gmail.com,Bronze,"No. 286, Jalan D14",Kuala Lumpur,Federal Territory of Kuala Lumpur,55200,2025-06-21
35685,Nur Aina,binti Osman,Female,015-1053264,1966-04-05,nur35685@gmail.com,Bronze,"No. 217, Jalan F19",Kuantan,Pahang,25000,2025-06-21
35686,Zarina,binti Rahman,Female,019-7886230,1967-10-19,zarina35686@gmail.com,Platinum,"No. 59, Jalan A5",Petaling Jaya,Selangor,47810,2025-06-21
35687,Wei Hong,Teoh,Male,014-2923857,1965-02-09,wei35687@gmail.com,Silver,"No. 230, Jalan F19",Petaling Jaya,Selangor,47400,2025-06-21
35688,Alia,binti Hamid,Female,011-6869228,2007-03-25,alia35688@gmail.com,Gold,"No. 45, Jalan F1",Sungai Buloh,Selangor,47820,2025-06-21
35689,Arjun,a/l Muniandy,Male,015-6257588,1978-07-04,arjun35689@gmail.com,Gold,"No. 115, Jalan A9",Subang Jaya,Selangor,47650,2025-06-21
35690,Farah,binti Zainal,Female,015-3536729,1967-01-28,farah35690@gmail.com,Bronze,"No. 16, Jalan C13",Subang Jaya,Selangor,47620,2025-06-21
35691,Sharmila,a/p Ramasamy,Female,018-6424546,1976-04-19,sharmila35691@gmail.com,Bronze,"No. 98, Jalan E5",Petaling Jaya,Selangor,46300,2025-06-21
35692,Arjun,a/l Maniam,Male,018-3346553,1991-09-09,arjun35692@gmail.com,Bronze,"No. 233, Jalan A18",Johor Bahru,Johor,80300,2025-06-21
35693,Adam,bin Ahmad,Male,014-9387864,1971-03-14,adam35693@gmail.com,Gold,"No. 88, Jalan E17",Johor Bahru,Johor,80100,2025-06-21
35694,Pei Shan,Chua,Female,010-8879815,2000-05-02,pei35694@gmail.com,Silver,"No. 261, Jalan F9",George Town,Pulau Pinang,10150,2025-06-21
35695,Prakash,a/l Muniandy,Male,017-8239434,1982-08-10,prakash35695@gmail.com,Bronze,"No. 32, Jalan G10",George Town,Pulau Pinang,10200,2025-06-21
35696,Nadia,binti Hassan,Female,013-5015925,1984-03-11,nadia35696@gmail.com,Bronze,"No. 83, Jalan B1",George Town,Pulau Pinang,10250,2025-06-21
35697,Firdaus,bin Hamid,Male,016-4484136,1964-05-24,firdaus35697@gmail.com,Bronze,"No. 247, Jalan C4",George Town,Pulau Pinang,10100,2025-06-21
35698,Shalini,a/p Maniam,Female,015-8956581,1976-09-10,shalini35698@gmail.com,Bronze,"No. 160, Jalan B7",Melaka,Melaka,75150,2025-06-21
35699,Ganesh,a/l Maniam,Male,014-3207705,1974-10-01,ganesh35699@gmail.com,Silver,"No. 151, Jalan A19",Melaka,Melaka,75150,2025-06-21
35700,Danial,bin Abdullah,Male,013-4242618,1970-10-26,danial35700@gmail.com,Silver,"No. 295, Jalan B18",Melaka,Melaka,75050,2025-06-21
35701,Hafiz,bin Rahman,Male,015-4898722,1990-08-29,hafiz35701@gmail.com,Silver,"No. 106, Jalan F16",Sungai Buloh,Selangor,47000,2025-06-21
35702,Anisa,binti Ismail,Female,011-1023410,1980-02-23,anisa35702@gmail.com,Bronze,"No. 122, Jalan E18",Melaka,Melaka,75100,2025-06-21
35703,Yasmin,binti Ismail,Female,018-5224903,1978-03-09,yasmin35703@gmail.com,Bronze,"No. 156, Jalan C4",Bukit Jalil,Federal Territory of Kuala Lumpur,57000,2025-06-21
35704,Grace,Foo,Female,011-6371199,1989-04-08,grace35704@gmail.com,Bronze,"No. 1, Jalan G5",Wangsa Maju,Federal Territory of Kuala Lumpur,53100,2025-06-21
35705,Rachel,Liew,Female,016-9713324,2007-04-11,rachel35705@gmail.com,Bronze,"No. 48, Jalan D10",Shah Alam,Selangor,40400,2025-06-21
35706,Zulkifli,bin Rahman,Male,012-1542953,1997-09-28,zulkifli35706@gmail.com,Bronze,"No. 196, Jalan E20",Gombak,Selangor,53000,2025-06-21
35707,Kok Wai,Sim,Male,012-6180252,1971-08-23,kok35707@gmail.com,Platinum,"No. 213, Jalan F15",Shah Alam,Selangor,40000,2025-06-21
35708,Farah,binti Hassan,Female,014-9307008,1980-05-09,farah35708@gmail.com,Bronze,"No. 179, Jalan D9",Wangsa Maju,Federal Territory of Kuala Lumpur,53100,2025-06-21
35709,Divya,a/p Maniam,Female,016-4317682,1975-04-24,divya35709@gmail.com,Bronze,"No. 120, Jalan B12",Selayang,Selangor,68000,2025-06-21
35710,Nurul Huda,binti Yusof,Female,015-5852222,1965-05-06,nurul35710@gmail.com,Bronze,"No. 182, Jalan D5",Seremban,Negeri Sembilan,70400,2025-06-21
35711,Siti,binti Osman,Female,010-3397321,1987-09-23,siti35711@gmail.com,Bronze,"No. 200, Jalan D1",Seremban,Negeri Sembilan,70400,2025-06-21
35712,Grace,Teoh,Female,013-1017884,1999-08-18,grace35712@gmail.com,Bronze,"No. 145, Jalan F9",Kuantan,Pahang,25250,2025-06-21
35713,Nur Aina,binti Rahman,Female,019-3834688,2001-02-28,nur35713@gmail.com,Bronze,"No. 127, Jalan G3",Kuantan,Pahang,25250,2025-06-21
35714,Nurin,binti Razak,Female,019-1128912,1993-01-09,nurin35714@gmail.com,Bronze,"No. 162, Jalan C20",Kajang,Selangor,43200,2025-06-21
35715,Lakshmi,a/p Rajan,Female,012-5958464,1980-11-26,lakshmi35715@gmail.com,Silver,"No. 182, Jalan F10",Cyberjaya,Selangor,63100,2025-06-21
35716,Sharmila,a/p Subramaniam,Female,018-5026859,1986-06-14,sharmila35716@gmail.com,Bronze,"No. 204, Jalan C19",Subang Jaya,Selangor,47650,2025-06-21
35717,Jian Ming,Yap,Male,016-2430410,1988-01-25,jian35717@gmail.com,Bronze,"No. 177, Jalan C3",Kuala Lumpur,Federal Territory of Kuala Lumpur,58000,2025-06-22
35718,Balqis,binti Hassan,Female,010-9467377,1984-08-13,balqis35718@gmail.com,Bronze,"No. 91, Jalan B18",Kuala Lumpur,Federal Territory of Kuala Lumpur,50000,2025-06-22
35719,Ling Ling,Ng,Female,013-1488204,1965-11-09,ling35719@gmail.com,Bronze,"No. 297, Jalan D5",Shah Alam,Selangor,40000,2025-06-22
35720,Sze Min,Tan,Female,016-3138383,1983-09-21,sze35720@gmail.com,Bronze,"No. 175, Jalan D6",Kulai,Johor,81030,2025-06-22
35721,Irfan,bin Ahmad,Male,011-5944771,1972-02-16,irfan35721@gmail.com,Bronze,"No. 106, Jalan F5",Johor Bahru,Johor,80100,2025-06-22
35722,Aisyah,binti Abdullah,Female,010-2420159,1973-01-27,aisyah35722@gmail.com,Bronze,"No. 34, Jalan C4",Klang,Selangor,41050,2025-06-22
35723,Haziq,bin Ahmad,Male,015-2704162,1984-03-16,haziq35723@gmail.com,Silver,"No. 15, Jalan E11",Shah Alam,Selangor,40300,2025-06-22
35724,Hafiz,bin Ismail,Male,012-9043572,1995-09-06,hafiz35724@gmail.com,Bronze,"No. 53, Jalan A6",Shah Alam,Selangor,40160,2025-06-22
35725,Zarina,binti Ahmad,Female,014-4417964,1986-04-25,zarina35725@gmail.com,Bronze,"No. 186, Jalan E20",Sungai Buloh,Selangor,47810,2025-06-22
35726,Deepa,a/p Rajan,Female,015-6958438,1995-11-23,deepa35726@gmail.com,Gold,"No. 84, Jalan F12",Sungai Buloh,Selangor,47810,2025-06-22
35727,Adam,bin Zainal,Male,012-1212289,1969-02-24,adam35727@gmail.com,Bronze,"No. 50, Jalan G14",Klang,Selangor,41000,2025-06-22
35728,Jian Ming,Chan,Male,013-6263955,1974-03-10,jian35728@gmail.com,Silver,"No. 133, Jalan B14",Puchong,Selangor,47190,2025-06-22
35729,Rohani,binti Razak,Female,018-5437094,2007-02-22,rohani35729@gmail.com,Bronze,"No. 31, Jalan G9",Rawang,Selangor,48000,2025-06-22
35730,Danial,bin Hassan,Male,012-2207731,2001-01-23,danial35730@gmail.com,Bronze,"No. 14, Jalan C7",Selayang,Selangor,68000,2025-06-22
35731,Kevin,Chin,Male,016-1137973,1975-11-23,kevin35731@gmail.com,Bronze,"No. 178, Jalan D5",Sungai Buloh,Selangor,47820,2025-06-22
35732,Kavitha,a/p Subramaniam,Female,015-5703024,1980-02-26,kavitha35732@gmail.com,Bronze,"No. 185, Jalan D1",Kuala Lumpur,Federal Territory of Kuala Lumpur,55100,2025-06-22
35733,Yasmin,binti Rahman,Female,010-6966561,1971-06-11,yasmin35733@gmail.com,Bronze,"No. 151, Jalan B20",Wangsa Maju,Federal Territory of Kuala Lumpur,53100,2025-06-22
35734,Suresh,a/l Muniandy,Male,018-9909740,2000-09-08,suresh35734@gmail.com,Bronze,"No. 240, Jalan D8",Setapak,Federal Territory of Kuala Lumpur,53300,2025-06-22
35735,Yee Ling,Ng,Female,018-1444744,1974-11-28,yee35735@gmail.com,Bronze,"No. 197, Jalan B16",Wangsa Maju,Federal Territory of Kuala Lumpur,53300,2025-06-22
35736,Nurin,binti Osman,Female,019-6017181,1964-12-17,nurin35736@gmail.com,Bronze,"No. 34, Jalan A2",Wangsa Maju,Federal Territory of Kuala Lumpur,53100,2025-06-22
35737,Nadia,binti Ismail,Female,016-3957918,2005-04-21,nadia35737@gmail.com,Bronze,"No. 298, Jalan E13",Ipoh,Perak,30000,2025-06-22
35738,Alia,binti Ahmad,Female,013-7686341,1990-10-22,alia35738@gmail.com,Bronze,"No. 152, Jalan G14",Seremban,Negeri Sembilan,70450,2025-06-22
35739,Nabila,binti Hassan,Female,018-5368437,1990-11-29,nabila35739@gmail.com,Silver,"No. 127, Jalan B9",Kuantan,Pahang,25150,2025-06-22
35740,Aisyah,binti Zainal,Female,010-4291232,2005-09-17,aisyah35740@gmail.com,Silver,"No. 140, Jalan C8",Kuantan,Pahang,25050,2025-06-22
35741,Nurul Huda,binti Zainal,Female,010-2630836,1989-05-10,nurul35741@gmail.com,Gold,"No. 215, Jalan D3",Subang Jaya,Selangor,47600,2025-06-22
35742,Pei Shan,Lee,Female,018-9737302,1967-02-26,pei35742@gmail.com,Bronze,"No. 116, Jalan G20",Kajang,Selangor,43200,2025-06-22
35743,Wan Ying,Cheah,Female,014-8476024,1977-02-25,wan35743@gmail.com,Silver,"No. 128, Jalan F14",Bukit Jalil,Federal Territory of Kuala Lumpur,57100,2025-06-22
35744,Irfan,bin Yusof,Male,010-5872538,1994-12-12,irfan35744@gmail.com,Bronze,"No. 238, Jalan G10",Wangsa Maju,Federal Territory of Kuala Lumpur,53100,2025-06-22
35745,Nabila,binti Ahmad,Female,014-7173274,2007-04-11,nabila35745@gmail.com,Bronze,"No. 25, Jalan A20",Bukit Jalil,Federal Territory of Kuala Lumpur,58200,2025-06-22
35746,Vikram,a/l Ramasamy,Male,018-7616372,2001-10-15,vikram35746@gmail.com,Bronze,"No. 244, Jalan D1",Kajang,Selangor,43200,2025-06-22
35747,Hafiz,bin Abdullah,Male,018-9997638,1995-08-12,hafiz35747@gmail.com,Bronze,"No. 209, Jalan A18",Kuala Lumpur,Federal Territory of Kuala Lumpur,50000,2025-06-23
35748,Zarina,binti Abdullah,Female,011-2026870,1985-02-22,zarina35748@gmail.com,Bronze,"No. 22, Jalan D16",Sungai Buloh,Selangor,47000,2025-06-23
35749,Nurin,binti Osman,Female,012-1128768,1980-03-18,nurin35749@gmail.com,Bronze,"No. 172, Jalan B2",Shah Alam,Selangor,40170,2025-06-23
35750,Yasmin,binti Rahman,Female,013-8464906,1987-06-22,yasmin35750@gmail.com,Bronze,"No. 100, Jalan D20",Petaling Jaya,Selangor,46200,2025-06-23
35751,Amelia,binti Ahmad,Female,010-7643752,1964-12-19,amelia35751@gmail.com,Bronze,"No. 66, Jalan G13",Shah Alam,Selangor,40400,2025-06-23
35752,Divya,a/p Ramasamy,Female,014-6464213,2001-11-20,divya35752@gmail.com,Bronze,"No. 231, Jalan E7",Shah Alam,Selangor,40450,2025-06-23
35753,Daniel,Teoh,Male,015-8898828,1983-05-14,daniel35753@gmail.com,Gold,"No. 16, Jalan F17",Gombak,Selangor,53000,2025-06-23
35754,Siti,binti Osman,Female,018-3757519,1985-06-21,siti35754@gmail.com,Bronze,"No. 96, Jalan F6",Ipoh,Perak,31350,2025-06-23
35755,Jun Hao,Teoh,Male,015-8201959,1970-01-18,jun35755@gmail.com,Silver,"No. 91, Jalan C6",Taiping,Perak,34600,2025-06-23
35756,Aina,binti Razak,Female,018-7375385,1989-03-21,aina35756@gmail.com,Bronze,"No. 158, Jalan A16",Ipoh,Perak,30200,2025-06-23
35757,Kai Xin,Lim,Female,017-1870800,1992-05-09,kai35757@gmail.com,Bronze,"No. 179, Jalan B18",Kuantan,Pahang,25050,2025-06-23
35758,Danial,bin Rahman,Male,010-2803193,1964-12-13,danial35758@gmail.com,Bronze,"No. 121, Jalan C15",Kajang,Selangor,43000,2025-06-23
35759,Chloe,Loh,Female,017-1673579,1979-08-01,chloe35759@gmail.com,Bronze,"No. 70, Jalan D7",Johor Bahru,Johor,80100,2025-06-24
35760,Sharmila,a/p Muniandy,Female,015-4946214,1993-08-26,sharmila35760@gmail.com,Bronze,"No. 161, Jalan F5",Gombak,Selangor,53100,2025-06-24
35761,Zheng Yang,Liew,Male,018-8995464,1976-08-21,zheng35761@gmail.com,Bronze,"No. 190, Jalan A10",Johor Bahru,Johor,81200,2025-06-24
35762,Nurul Huda,binti Ismail,Female,011-6954410,2000-02-07,nurul35762@gmail.com,Silver,"No. 5, Jalan C14",Sungai Buloh,Selangor,47000,2025-06-24
35763,Nadia,binti Yusof,Female,010-3069374,2004-04-05,nadia35763@gmail.com,Bronze,"No. 45, Jalan B19",Klang,Selangor,42100,2025-06-24
35764,Wei Jie,Lee,Male,010-6192426,1969-05-09,wei35764@gmail.com,Bronze,"No. 241, Jalan F8",Bukit Jalil,Federal Territory of Kuala Lumpur,58200,2025-06-24
35765,Nurul Huda,binti Abdullah,Female,013-9770361,1971-02-24,nurul35765@gmail.com,Bronze,"No. 132, Jalan C17",Melaka,Melaka,75100,2025-06-24
35766,Izzati,binti Ismail,Female,012-2348160,1972-01-15,izzati35766@gmail.com,Platinum,"No. 145, Jalan G10",Nilai,Negeri Sembilan,71800,2025-06-24
35767,Ravi,a/l Ramasamy,Male,015-6258561,1975-09-24,ravi35767@gmail.com,Bronze,"No. 116, Jalan E16",Kuantan,Pahang,25000,2025-06-24
35768,Lakshmi,a/p Ramasamy,Female,017-8756557,2003-01-04,lakshmi35768@gmail.com,Bronze,"No. 118, Jalan F7",Kuantan,Pahang,25300,2025-06-24
35769,Balqis,binti Osman,Female,015-1283700,1979-04-21,balqis35769@gmail.com,Bronze,"No. 48, Jalan A19",Bukit Jalil,Federal Territory of Kuala Lumpur,58200,2025-06-24
35770,Fatimah,binti Rahman,Female,014-4694660,1982-06-17,fatimah35770@gmail.com,Bronze,"No. 284, Jalan B6",Kulai,Johor,81000,2025-06-25
35771,Aiman,bin Abdullah,Male,013-3690302,1991-11-17,aiman35771@gmail.com,Silver,"No. 144, Jalan B4",George Town,Pulau Pinang,10150,2025-06-25
35772,Kumar,a/l Muniandy,Male,016-7347303,1983-10-21,kumar35772@gmail.com,Silver,"No. 220, Jalan E8",Melaka,Melaka,75050,2025-06-25
35773,Suhaila,binti Hassan,Female,015-5904277,1991-06-15,suhaila35773@gmail.com,Gold,"No. 69, Jalan A5",Melaka,Melaka,75050,2025-06-25
35774,Suresh,a/l Krishnan,Male,017-2564275,1981-08-14,suresh35774@gmail.com,Gold,"No. 182, Jalan E15",Subang Jaya,Selangor,47630,2025-06-25
35775,Deepa,a/p Muniandy,Female,011-4028209,1995-05-28,deepa35775@gmail.com,Bronze,"No. 209, Jalan B10",Wangsa Maju,Federal Territory of Kuala Lumpur,53100,2025-06-25
35776,Jia Yi,Chong,Female,011-6489802,1970-04-28,jia35776@gmail.com,Bronze,"No. 147, Jalan B8",Kepong,Federal Territory of Kuala Lumpur,51200,2025-06-25
35777,Haziq,bin Yusof,Male,016-6932680,1993-05-25,haziq35777@gmail.com,Bronze,"No. 97, Jalan C16",Wangsa Maju,Federal Territory of Kuala Lumpur,53200,2025-06-25
35778,Aisyah,binti Yusof,Female,013-6993689,1971-10-10,aisyah35778@gmail.com,Bronze,"No. 155, Jalan C20",Gombak,Selangor,68100,2025-06-25
35779,Siti,binti Rahman,Female,014-3079119,1972-11-14,siti35779@gmail.com,Bronze,"No. 140, Jalan F12",Rawang,Selangor,48010,2025-06-25
35780,Danial,bin Yusof,Male,015-2791729,1968-06-17,danial35780@gmail.com,Bronze,"No. 279, Jalan E1",Ampang,Selangor,55100,2025-06-25
35781,Grace,Lim,Female,012-2605650,1975-10-04,grace35781@gmail.com,Silver,"No. 158, Jalan F17",Gombak,Selangor,68100,2025-06-25
35782,Aina,binti Abdullah,Female,010-8884553,1967-12-09,aina35782@gmail.com,Bronze,"No. 130, Jalan E11",Seremban,Negeri Sembilan,70200,2025-06-25
35783,Nur Aina,binti Abdullah,Female,012-9378437,1964-11-05,nur35783@gmail.com,Silver,"No. 4, Jalan G4",Seremban,Negeri Sembilan,70500,2025-06-25
35784,Kai Xin,Cheah,Female,019-7123690,1984-09-12,kai35784@gmail.com,Bronze,"No. 84, Jalan D3",Kuantan,Pahang,25100,2025-06-25
35785,Anjali,a/p Krishnan,Female,014-8998540,1975-01-07,anjali35785@gmail.com,Silver,"No. 267, Jalan D13",Kajang,Selangor,43200,2025-06-25
35786,Rachel,Loh,Female,013-8662699,1966-05-08,rachel35786@gmail.com,Silver,"No. 20, Jalan F6",Bukit Jalil,Federal Territory of Kuala Lumpur,57100,2025-06-25
35787,Priya,a/p Maniam,Female,019-7463547,1967-12-03,priya35787@gmail.com,Silver,"No. 58, Jalan A18",Wangsa Maju,Federal Territory of Kuala Lumpur,53300,2025-06-25
35788,Irfan,bin Abdullah,Male,010-5764192,1996-02-05,irfan35788@gmail.com,Gold,"No. 91, Jalan F8",Wangsa Maju,Federal Territory of Kuala Lumpur,53200,2025-06-26
35789,Hafiz,bin Abdullah,Male,014-3693071,1992-12-26,hafiz35789@gmail.com,Silver,"No. 71, Jalan A1",Setapak,Federal Territory of Kuala Lumpur,53300,2025-06-26
35790,Firdaus,bin Abdullah,Male,016-8239560,1992-09-05,firdaus35790@gmail.com,Bronze,"No. 91, Jalan G11",Petaling Jaya,Selangor,46200,2025-06-26
35791,Yee Ling,Chan,Female,012-4628246,2003-02-23,yee35791@gmail.com,Platinum,"No. 170, Jalan G17",Johor Bahru,Johor,80100,2025-06-26
35792,Kok Wai,Ng,Male,013-5008509,1988-09-19,kok35792@gmail.com,Gold,"No. 54, Jalan G13",Johor Bahru,Johor,80200,2025-06-26
35793,Hafiz,bin Hamid,Male,017-1627520,1970-01-02,hafiz35793@gmail.com,Bronze,"No. 215, Jalan D16",George Town,Pulau Pinang,10350,2025-06-26
35794,Kai Xin,Khoo,Female,016-7452957,1999-04-04,kai35794@gmail.com,Silver,"No. 268, Jalan C6",Shah Alam,Selangor,40150,2025-06-26
35795,Priya,a/p Krishnan,Female,018-2201231,2002-06-11,priya35795@gmail.com,Silver,"No. 14, Jalan B4",Shah Alam,Selangor,40300,2025-06-26
35796,Michelle,Loh,Female,011-5885087,1980-11-09,michelle35796@gmail.com,Bronze,"No. 28, Jalan G19",Shah Alam,Selangor,40200,2025-06-26
35797,Suhaila,binti Rahman,Female,010-7623427,1996-07-26,suhaila35797@gmail.com,Silver,"No. 279, Jalan A13",Klang,Selangor,41250,2025-06-26
35798,Anisa,binti Hamid,Female,014-5382225,1967-06-12,anisa35798@gmail.com,Bronze,"No. 114, Jalan C20",Puchong,Selangor,47110,2025-06-26
35799,Anisa,binti Hamid,Female,013-9820933,1987-02-12,anisa35799@gmail.com,Bronze,"No. 41, Jalan A12",Ipoh,Perak,31400,2025-06-26
35800,Zulkifli,bin Hassan,Male,016-2952739,2003-06-20,zulkifli35800@gmail.com,Bronze,"No. 130, Jalan G8",Temerloh,Pahang,28000,2025-06-26
35801,Shu Fen,Ong,Female,014-9128365,1996-01-10,shu35801@gmail.com,Silver,"No. 120, Jalan G19",Subang Jaya,Selangor,47500,2025-06-26
35802,Aiman,bin Zainal,Male,016-9898133,1983-04-12,aiman35802@gmail.com,Platinum,"No. 83, Jalan G1",Klang,Selangor,41250,2025-06-26
35803,Emily,Goh,Female,010-4476359,1990-12-07,emily35803@gmail.com,Bronze,"No. 110, Jalan E15",Kuala Lumpur,Federal Territory of Kuala Lumpur,50480,2025-06-27
35804,Rohani,binti Hamid,Female,013-7111946,1985-09-06,rohani35804@gmail.com,Silver,"No. 67, Jalan E2",Puchong,Selangor,47140,2025-06-27
35805,Ravi,a/l Maniam,Male,019-8272472,1999-08-18,ravi35805@gmail.com,Bronze,"No. 31, Jalan F5",Klang,Selangor,41200,2025-06-27
35806,Suhaila,binti Osman,Female,016-8738851,2003-10-08,suhaila35806@gmail.com,Bronze,"No. 193, Jalan E13",George Town,Pulau Pinang,10250,2025-06-27
35807,Nabila,binti Rahman,Female,016-1221740,1995-02-19,nabila35807@gmail.com,Bronze,"No. 163, Jalan B14",Shah Alam,Selangor,40150,2025-06-27
35808,Rohani,binti Yusof,Female,019-5218038,1988-05-03,rohani35808@gmail.com,Bronze,"No. 80, Jalan B10",Shah Alam,Selangor,40300,2025-06-27
35809,Nurin,binti Abdullah,Female,019-4540913,1999-11-11,nurin35809@gmail.com,Bronze,"No. 207, Jalan C11",Puchong,Selangor,47120,2025-06-27
35810,Anisa,binti Hassan,Female,016-6014936,2004-05-08,anisa35810@gmail.com,Bronze,"No. 266, Jalan C14",Puchong,Selangor,47190,2025-06-27
35811,Yong Sheng,Yap,Male,011-2076707,1985-05-16,yong35811@gmail.com,Gold,"No. 174, Jalan E9",Puchong,Selangor,47180,2025-06-27
35812,Kavitha,a/p Muniandy,Female,014-7681264,1995-03-17,kavitha35812@gmail.com,Bronze,"No. 285, Jalan E16",Puchong,Selangor,47140,2025-06-27
35813,Jun Hao,Lee,Male,010-7050753,1995-12-19,jun35813@gmail.com,Bronze,"No. 233, Jalan D3",Gombak,Selangor,53000,2025-06-27
35814,Syafiq,bin Hamid,Male,015-5480890,2000-04-06,syafiq35814@gmail.com,Bronze,"No. 167, Jalan C12",Setapak,Federal Territory of Kuala Lumpur,53100,2025-06-27
35815,Rohani,binti Razak,Female,012-6329397,1976-11-05,rohani35815@gmail.com,Bronze,"No. 171, Jalan B4",Wangsa Maju,Federal Territory of Kuala Lumpur,53200,2025-06-27
35816,Yee Ling,Tan,Female,014-4399013,1989-03-27,yee35816@gmail.com,Bronze,"No. 44, Jalan B18",Seremban,Negeri Sembilan,70500,2025-06-27
35817,Hafiz,bin Ahmad,Male,017-7797722,1983-02-15,hafiz35817@gmail.com,Gold,"No. 72, Jalan G10",Gombak,Selangor,53000,2025-06-27
35818,Zulkifli,bin Rahman,Male,015-8299436,1971-04-26,zulkifli35818@gmail.com,Silver,"No. 243, Jalan B17",Sungai Buloh,Selangor,47810,2025-06-28
35819,Aiman,bin Yusof,Male,015-2414370,2003-09-25,aiman35819@gmail.com,Bronze,"No. 47, Jalan A19",Sungai Buloh,Selangor,47000,2025-06-28
35820,Wei Jie,Chan,Male,017-9401915,2001-04-28,wei35820@gmail.com,Bronze,"No. 127, Jalan F7",Petaling Jaya,Selangor,47301,2025-06-28
35821,Grace,Lee,Female,015-9749705,1974-01-01,grace35821@gmail.com,Bronze,"No. 263, Jalan A6",Johor Bahru,Johor,80350,2025-06-28
35822,Amelia,binti Zainal,Female,014-6254328,1982-06-30,amelia35822@gmail.com,Gold,"No. 105, Jalan A18",Johor Bahru,Johor,81200,2025-06-28
35823,Firdaus,bin Ahmad,Male,014-3725779,1978-07-10,firdaus35823@gmail.com,Bronze,"No. 208, Jalan B8",Johor Bahru,Johor,80000,2025-06-28
35824,Amelia,binti Yusof,Female,014-9063347,1984-06-27,amelia35824@gmail.com,Platinum,"No. 204, Jalan E19",Johor Bahru,Johor,81200,2025-06-28
35825,Vanessa,Foo,Female,019-3325775,1966-11-07,vanessa35825@gmail.com,Bronze,"No. 187, Jalan G7",Bukit Jalil,Federal Territory of Kuala Lumpur,58200,2025-06-28
35826,Amirul,bin Rahman,Male,016-4355899,2005-10-13,amirul35826@gmail.com,Bronze,"No. 286, Jalan E17",Johor Bahru,Johor,81200,2025-06-28
35827,Mei Ling,Lim,Female,012-5005434,2000-03-01,mei35827@gmail.com,Bronze,"No. 109, Jalan C5",George Town,Pulau Pinang,10300,2025-06-28
35828,Chong Wei,Yeoh,Male,019-1092723,1971-06-16,chong35828@gmail.com,Bronze,"No. 14, Jalan E15",Shah Alam,Selangor,40460,2025-06-28
35829,Zhi Wei,Ong,Male,011-8285176,1990-07-12,zhi35829@gmail.com,Gold,"No. 236, Jalan G5",Puchong,Selangor,47170,2025-06-28
35830,Priya,a/p Ramasamy,Female,010-2068504,1969-09-01,priya35830@gmail.com,Platinum,"No. 42, Jalan G5",Bangi,Selangor,43600,2025-06-28
35831,Adam,bin Zainal,Male,014-2278363,1971-06-10,adam35831@gmail.com,Gold,"No. 45, Jalan B9",Selayang,Selangor,68000,2025-06-28
35832,Wei Jie,Ng,Male,016-1632692,1998-03-22,wei35832@gmail.com,Bronze,"No. 208, Jalan E13",Selayang,Selangor,68100,2025-06-28
35833,Balqis,binti Abdullah,Female,014-3090252,1969-06-13,balqis35833@gmail.com,Gold,"No. 246, Jalan F14",Wangsa Maju,Federal Territory of Kuala Lumpur,53300,2025-06-28
35834,Suhaila,binti Osman,Female,012-1147847,2000-01-20,suhaila35834@gmail.com,Bronze,"No. 19, Jalan A16",Wangsa Maju,Federal Territory of Kuala Lumpur,53300,2025-06-28
35835,Zarina,binti Ahmad,Female,011-5609843,1968-09-17,zarina35835@gmail.com,Gold,"No. 3, Jalan G8",Wangsa Maju,Federal Territory of Kuala Lumpur,53300,2025-06-28
35836,Jian Ming,Lim,Male,019-3370284,1967-09-25,jian35836@gmail.com,Bronze,"No. 188, Jalan C18",Ampang,Selangor,68000,2025-06-28
35837,Michelle,Chin,Female,016-4563326,1980-12-28,michelle35837@gmail.com,Silver,"No. 175, Jalan D8",Ipoh,Perak,30020,2025-06-28
35838,Kok Wai,Lee,Male,014-9102911,1977-01-07,kok35838@gmail.com,Bronze,"No. 157, Jalan F5",Ipoh,Perak,31350,2025-06-28
35839,Nurul Huda,binti Abdullah,Female,012-6507902,2006-09-14,nurul35839@gmail.com,Bronze,"No. 119, Jalan D6",Seremban,Negeri Sembilan,70450,2025-06-28
35840,Suhaila,binti Hassan,Female,019-5887311,1996-11-11,suhaila35840@gmail.com,Silver,"No. 251, Jalan A18",Kuantan,Pahang,25300,2025-06-28
35841,Daniel,Wong,Male,019-2097738,1988-09-05,daniel35841@gmail.com,Bronze,"No. 117, Jalan F17",Kuantan,Pahang,25000,2025-06-28
35842,Rohani,binti Yusof,Female,010-8089764,1984-08-09,rohani35842@gmail.com,Silver,"No. 160, Jalan C10",Subang Jaya,Selangor,47600,2025-06-28
35843,Amirul,bin Razak,Male,014-3152278,1989-04-21,amirul35843@gmail.com,Bronze,"No. 279, Jalan C4",Cyberjaya,Selangor,63100,2025-06-28
35844,Chloe,Wong,Female,012-1655017,1989-07-01,chloe35844@gmail.com,Bronze,"No. 50, Jalan D11",Cyberjaya,Selangor,63100,2025-06-28
35845,Firdaus,bin Zainal,Male,013-4002374,1973-01-04,firdaus35845@gmail.com,Gold,"No. 95, Jalan C17",Cyberjaya,Selangor,63100,2025-06-28
35846,Hafiz,bin Ismail,Male,012-9985096,1978-06-29,hafiz35846@gmail.com,Silver,"No. 137, Jalan G17",Kajang,Selangor,43000,2025-06-28
35847,Jun Hao,Khoo,Male,019-4905764,2004-07-10,jun35847@gmail.com,Bronze,"No. 213, Jalan G6",Kuala Lumpur,Federal Territory of Kuala Lumpur,57000,2025-06-29
35848,Anisa,binti Yusof,Female,016-2675004,1978-09-25,anisa35848@gmail.com,Bronze,"No. 165, Jalan F5",Kuala Lumpur,Federal Territory of Kuala Lumpur,59000,2025-06-29
35849,Meena,a/p Maniam,Female,015-8634034,1989-05-01,meena35849@gmail.com,Silver,"No. 200, Jalan C19",Kuala Lumpur,Federal Territory of Kuala Lumpur,50000,2025-06-29
35850,Nur Aina,binti Rahman,Female,012-4116328,1965-11-06,nur35850@gmail.com,Bronze,"No. 255, Jalan B15",Petaling Jaya,Selangor,47301,2025-06-29
35851,Kok Wai,Tan,Male,019-4109725,2007-06-27,kok35851@gmail.com,Gold,"No. 133, Jalan A19",Johor Bahru,Johor,80350,2025-06-29
35852,Pei Shan,Chua,Female,019-7884456,1993-12-24,pei35852@gmail.com,Bronze,"No. 163, Jalan C13",Johor Bahru,Johor,80200,2025-06-29
35853,Divya,a/p Rajan,Female,014-1610525,1999-12-27,divya35853@gmail.com,Bronze,"No. 83, Jalan G4",Johor Bahru,Johor,80350,2025-06-29
35854,Kavitha,a/p Maniam,Female,013-6418505,1995-05-05,kavitha35854@gmail.com,Platinum,"No. 300, Jalan C13",Johor Bahru,Johor,81100,2025-06-29
35855,Rachel,Yap,Female,014-9561890,1974-04-21,rachel35855@gmail.com,Bronze,"No. 140, Jalan D15",Johor Bahru,Johor,80200,2025-06-29
35856,Hui Min,Liew,Female,010-9245820,2004-03-19,hui35856@gmail.com,Bronze,"No. 244, Jalan D15",Seremban,Negeri Sembilan,70450,2025-06-29
35857,Jasmine,Tan,Female,018-3678625,1976-11-17,jasmine35857@gmail.com,Silver,"No. 248, Jalan C13",Shah Alam,Selangor,40450,2025-06-29
35858,Syafiq,bin Ismail,Male,018-1634198,1983-05-28,syafiq35858@gmail.com,Bronze,"No. 219, Jalan B6",Shah Alam,Selangor,40170,2025-06-29
35859,Hui Min,Sim,Female,011-5100604,1982-07-12,hui35859@gmail.com,Bronze,"No. 293, Jalan C7",Klang,Selangor,41300,2025-06-29
35860,Priya,a/p Krishnan,Female,010-7494476,2002-03-01,priya35860@gmail.com,Bronze,"No. 257, Jalan F12",Setapak,Federal Territory of Kuala Lumpur,53000,2025-06-29
35861,Farah,binti Rahman,Female,018-3445398,1995-03-30,farah35861@gmail.com,Bronze,"No. 295, Jalan A11",Setapak,Federal Territory of Kuala Lumpur,53200,2025-06-29
35862,Nadia,binti Yusof,Female,019-7415794,1972-04-24,nadia35862@gmail.com,Silver,"No. 263, Jalan G9",Wangsa Maju,Federal Territory of Kuala Lumpur,53100,2025-06-29
35863,Yasmin,binti Zainal,Female,013-6849185,1995-02-08,yasmin35863@gmail.com,Bronze,"No. 97, Jalan C1",Wangsa Maju,Federal Territory of Kuala Lumpur,53300,2025-06-29
35864,Chong Wei,Chong,Male,018-6869045,1987-05-13,chong35864@gmail.com,Bronze,"No. 127, Jalan E13",Ampang,Selangor,68000,2025-06-29
35865,Amirul,bin Abdullah,Male,016-1905227,1981-09-11,amirul35865@gmail.com,Bronze,"No. 174, Jalan G2",Seremban,Negeri Sembilan,70500,2025-06-29
35866,Yasmin,binti Abdullah,Female,019-4957082,1971-02-23,yasmin35866@gmail.com,Silver,"No. 93, Jalan A13",Seremban,Negeri Sembilan,70500,2025-06-29
35867,Daniel,Chin,Male,014-7633495,1987-03-18,daniel35867@gmail.com,Bronze,"No. 237, Jalan D6",Seremban,Negeri Sembilan,70100,2025-06-29
35868,Adam,bin Yusof,Male,018-1668419,1986-12-24,adam35868@gmail.com,Bronze,"No. 148, Jalan D11",Subang Jaya,Selangor,47610,2025-06-29
35869,Balqis,binti Ismail,Female,017-7721977,2004-02-23,balqis35869@gmail.com,Bronze,"No. 189, Jalan F3",Subang Jaya,Selangor,47500,2025-06-29
35870,Zulkifli,bin Ismail,Male,016-4215583,1991-05-07,zulkifli35870@gmail.com,Silver,"No. 131, Jalan B20",Kuala Lumpur,Federal Territory of Kuala Lumpur,58000,2025-06-30
35871,Balqis,binti Hassan,Female,015-5480817,1973-03-19,balqis35871@gmail.com,Silver,"No. 37, Jalan G11",Bukit Jalil,Federal Territory of Kuala Lumpur,58200,2025-06-30
35872,Adam,bin Yusof,Male,016-6357148,1973-11-14,adam35872@gmail.com,Bronze,"No. 38, Jalan F17",Kuala Lumpur,Federal Territory of Kuala Lumpur,55100,2025-06-30
35873,Rohani,binti Abdullah,Female,018-3978380,1991-01-07,rohani35873@gmail.com,Platinum,"No. 140, Jalan G18",Petaling Jaya,Selangor,47300,2025-06-30
35874,Amelia,binti Hassan,Female,018-9272332,1975-04-26,amelia35874@gmail.com,Bronze,"No. 51, Jalan D11",Petaling Jaya,Selangor,46200,2025-06-30
35875,Izzati,binti Yusof,Female,017-5969143,1983-01-06,izzati35875@gmail.com,Silver,"No. 202, Jalan D18",Butterworth,Pulau Pinang,12000,2025-06-30
35876,Kevin,Lee,Male,013-6902037,1967-03-01,kevin35876@gmail.com,Silver,"No. 191, Jalan C11",George Town,Pulau Pinang,10300,2025-06-30
35877,Chong Wei,Lim,Male,011-3962433,1968-12-29,chong35877@gmail.com,Bronze,"No. 3, Jalan D17",Shah Alam,Selangor,40200,2025-06-30
35878,Priya,a/p Muniandy,Female,010-6453811,1989-10-19,priya35878@gmail.com,Bronze,"No. 185, Jalan B20",Shah Alam,Selangor,40450,2025-06-30
35879,Faizal,bin Osman,Male,011-4880770,1979-11-09,faizal35879@gmail.com,Bronze,"No. 76, Jalan G3",Sungai Buloh,Selangor,47820,2025-06-30
35880,Syafiq,bin Hassan,Male,011-4416591,2005-07-12,syafiq35880@gmail.com,Bronze,"No. 70, Jalan B9",Selayang,Selangor,68000,2025-06-30
35881,Mei Ling,Tan,Female,018-7335870,1997-09-23,mei35881@gmail.com,Gold,"No. 213, Jalan D11",Kuala Lumpur,Federal Territory of Kuala Lumpur,57000,2025-06-30
35882,Shu Fen,Lim,Female,017-8198739,1981-12-17,shu35882@gmail.com,Bronze,"No. 75, Jalan G9",Setapak,Federal Territory of Kuala Lumpur,53300,2025-06-30
35883,Kavitha,a/p Subramaniam,Female,019-6546106,1983-10-16,kavitha35883@gmail.com,Bronze,"No. 107, Jalan C5",Wangsa Maju,Federal Territory of Kuala Lumpur,53300,2025-06-30
35884,Deepa,a/p Ramasamy,Female,016-1948441,1984-12-09,deepa35884@gmail.com,Bronze,"No. 29, Jalan E14",Gombak,Selangor,53000,2025-06-30
35885,Balqis,binti Hassan,Female,019-5396292,1964-09-25,balqis35885@gmail.com,Silver,"No. 272, Jalan G7",Ipoh,Perak,31350,2025-06-30
35886,Hafiz,bin Ahmad,Male,015-5525352,1965-03-30,hafiz35886@gmail.com,Bronze,"No. 95, Jalan F8",Kuantan,Pahang,25250,2025-06-30
35887,Mei Ling,Chan,Female,015-2412444,1983-08-16,mei35887@gmail.com,Bronze,"No. 219, Jalan B20",Seremban,Negeri Sembilan,70300,2025-06-30
35888,Haziq,bin Rahman,Male,010-2286321,1995-04-11,haziq35888@gmail.com,Bronze,"No. 111, Jalan A17",Seremban,Negeri Sembilan,70300,2025-06-30
35889,Anisa,binti Abdullah,Female,019-5400557,1977-01-10,anisa35889@gmail.com,Silver,"No. 3, Jalan E10",Bukit Jalil,Federal Territory of Kuala Lumpur,57100,2025-06-30
35890,Aisyah,binti Yusof,Female,018-7612035,1982-09-08,aisyah35890@gmail.com,Bronze,"No. 125, Jalan D10",Wangsa Maju,Federal Territory of Kuala Lumpur,53200,2025-07-01
35891,Ling Ling,Tan,Female,019-5490135,1983-08-19,ling35891@gmail.com,Platinum,"No. 37, Jalan E17",Kulai,Johor,81000,2025-07-01
35892,Yasmin,binti Hamid,Female,012-2199947,1999-07-13,yasmin35892@gmail.com,Bronze,"No. 187, Jalan A6",Klang,Selangor,41150,2025-07-01
35893,Aina,binti Zainal,Female,018-4547093,1971-04-01,aina35893@gmail.com,Bronze,"No. 203, Jalan F2",Johor Bahru,Johor,81200,2025-07-01
35894,Balqis,binti Yusof,Female,016-2053710,1972-09-09,balqis35894@gmail.com,Bronze,"No. 76, Jalan E14",Petaling Jaya,Selangor,46000,2025-07-01
35895,Anisa,binti Abdullah,Female,016-9513183,2003-09-14,anisa35895@gmail.com,Gold,"No. 228, Jalan E5",George Town,Pulau Pinang,10100,2025-07-01
35896,Jia Yi,Lee,Female,019-3770471,1983-02-24,jia35896@gmail.com,Silver,"No. 37, Jalan D7",Melaka,Melaka,75050,2025-07-01
35897,Yee Ling,Foo,Female,010-4567496,2004-04-04,yee35897@gmail.com,Bronze,"No. 290, Jalan G15",Shah Alam,Selangor,40300,2025-07-01
35898,Shu Fen,Loh,Female,012-8760423,1970-09-13,shu35898@gmail.com,Bronze,"No. 233, Jalan A3",Sungai Buloh,Selangor,47000,2025-07-01
35899,Syafiq,bin Rahman,Male,017-3125625,1978-05-24,syafiq35899@gmail.com,Gold,"No. 105, Jalan E9",Johor Bahru,Johor,81300,2025-07-01
35900,Zheng Yang,Ong,Male,013-9228059,1997-04-17,zheng35900@gmail.com,Silver,"No. 93, Jalan D19",Klang,Selangor,41300,2025-07-01
35901,Kok Wai,Liew,Male,012-9820770,1988-01-24,kok35901@gmail.com,Silver,"No. 92, Jalan B18",Puchong,Selangor,47110,2025-07-01
35902,Haziq,bin Rahman,Male,017-3462937,2000-01-01,haziq35902@gmail.com,Bronze,"No. 2, Jalan F1",George Town,Pulau Pinang,10100,2025-07-01
35903,Suhaila,binti Razak,Female,015-7061964,1996-04-29,suhaila35903@gmail.com,Bronze,"No. 189, Jalan A10",Selayang,Selangor,68100,2025-07-01
35904,Vikram,a/l Rajan,Male,014-3492554,1995-08-23,vikram35904@gmail.com,Bronze,"No. 172, Jalan G2",Gombak,Selangor,68100,2025-07-01
35905,Nurin,binti Hassan,Female,019-8383566,1964-01-03,nurin35905@gmail.com,Silver,"No. 148, Jalan A20",Gombak,Selangor,68100,2025-07-01
35906,Izzati,binti Ismail,Female,012-5147785,1997-06-02,izzati35906@gmail.com,Silver,"No. 223, Jalan F14",Ipoh,Perak,30300,2025-07-01
35907,Aina,binti Zainal,Female,017-4968883,1975-05-23,aina35907@gmail.com,Silver,"No. 2, Jalan A9",Kuantan,Pahang,25000,2025-07-01
35908,Farah,binti Osman,Female,017-2857124,1987-06-15,farah35908@gmail.com,Bronze,"No. 144, Jalan B19",Subang Jaya,Selangor,47610,2025-07-01
35909,Adam,bin Razak,Male,017-1113349,1993-02-01,adam35909@gmail.com,Bronze,"No. 168, Jalan D2",Kuala Lumpur,Federal Territory of Kuala Lumpur,55200,2025-07-02
35910,Syafiq,bin Rahman,Male,015-4440783,1974-08-28,syafiq35910@gmail.com,Silver,"No. 78, Jalan C3",Sungai Buloh,Selangor,47820,2025-07-02
35911,Mei Ling,Teoh,Female,018-7643762,2004-09-11,mei35911@gmail.com,Bronze,"No. 215, Jalan A18",Petaling Jaya,Selangor,46300,2025-07-02
35912,Izzati,binti Rahman,Female,010-6810334,1985-12-06,izzati35912@gmail.com,Bronze,"No. 247, Jalan B11",Kulai,Johor,81000,2025-07-02
35913,Nadia,binti Razak,Female,015-5045134,1966-12-04,nadia35913@gmail.com,Bronze,"No. 132, Jalan B2",Johor Bahru,Johor,81100,2025-07-02
35914,Nadia,binti Osman,Female,018-2937589,1996-05-12,nadia35914@gmail.com,Bronze,"No. 48, Jalan F7",Ipoh,Perak,30000,2025-07-02
35915,Farah,binti Ismail,Female,017-9864759,1993-02-18,farah35915@gmail.com,Silver,"No. 191, Jalan F8",Melaka,Melaka,75050,2025-07-02
35916,Firdaus,bin Hassan,Male,015-6227687,2002-05-22,firdaus35916@gmail.com,Bronze,"No. 29, Jalan F20",Shah Alam,Selangor,40300,2025-07-02
35917,Haziq,bin Ismail,Male,019-1445949,1982-02-03,haziq35917@gmail.com,Silver,"No. 23, Jalan F19",Subang Jaya,Selangor,47630,2025-07-02
35918,Zhi Wei,Foo,Male,013-8651487,1969-03-22,zhi35918@gmail.com,Silver,"No. 165, Jalan D1",Shah Alam,Selangor,40450,2025-07-02
35919,Sze Min,Chin,Female,019-7864611,2004-01-08,sze35919@gmail.com,Silver,"No. 171, Jalan D5",Sungai Buloh,Selangor,47000,2025-07-02
35920,Adam,bin Hamid,Male,014-3362099,1976-02-19,adam35920@gmail.com,Silver,"No. 113, Jalan A18",Petaling Jaya,Selangor,46200,2025-07-02
35921,Amelia,binti Yusof,Female,019-5596869,1975-03-13,amelia35921@gmail.com,Bronze,"No. 204, Jalan D10",Puchong,Selangor,47170,2025-07-02
35922,Ravi,a/l Subramaniam,Male,013-6390369,1973-11-16,ravi35922@gmail.com,Bronze,"No. 299, Jalan D11",Selayang,Selangor,68000,2025-07-02
35923,Fatimah,binti Hassan,Female,012-2255394,1998-02-11,fatimah35923@gmail.com,Bronze,"No. 244, Jalan C1",Setapak,Federal Territory of Kuala Lumpur,53000,2025-07-02
35924,Kevin,Cheah,Male,015-4763690,1979-01-14,kevin35924@gmail.com,Bronze,"No. 26, Jalan F2",Wangsa Maju,Federal Territory of Kuala Lumpur,53200,2025-07-02
35925,Mei Ling,Chong,Female,016-8695274,2007-01-21,mei35925@gmail.com,Silver,"No. 38, Jalan E20",Kuantan,Pahang,25000,2025-07-02
35926,Lakshmi,a/p Krishnan,Female,016-2115414,1964-01-12,lakshmi35926@gmail.com,Bronze,"No. 195, Jalan C15",Ipoh,Perak,31400,2025-07-02
35927,Amelia,binti Abdullah,Female,015-6040693,1984-12-11,amelia35927@gmail.com,Bronze,"No. 24, Jalan F6",Kuantan,Pahang,25200,2025-07-02
35928,Sharmila,a/p Rajan,Female,015-6259825,1986-10-05,sharmila35928@gmail.com,Bronze,"No. 142, Jalan C4",Kuala Lumpur,Federal Territory of Kuala Lumpur,50000,2025-07-03
35929,Shu Fen,Tan,Female,010-4305950,1987-12-22,shu35929@gmail.com,Gold,"No. 19, Jalan F17",Kuala Lumpur,Federal Territory of Kuala Lumpur,58000,2025-07-03
35930,Suhaila,binti Yusof,Female,011-3281054,1992-07-23,suhaila35930@gmail.com,Silver,"No. 71, Jalan E20",Johor Bahru,Johor,80300,2025-07-03
35931,Zarina,binti Rahman,Female,017-8289503,1968-01-03,zarina35931@gmail.com,Gold,"No. 105, Jalan F3",Johor Bahru,Johor,81300,2025-07-03
35932,Hafiz,bin Abdullah,Male,010-2482470,1977-10-10,hafiz35932@gmail.com,Bronze,"No. 152, Jalan E15",Puchong,Selangor,47130,2025-07-03
35933,Nadia,binti Zainal,Female,014-7977988,1996-09-07,nadia35933@gmail.com,Bronze,"No. 91, Jalan F9",Shah Alam,Selangor,40200,2025-07-03
35934,Firdaus,bin Ismail,Male,019-9325348,1980-05-26,firdaus35934@gmail.com,Silver,"No. 140, Jalan E10",Sungai Buloh,Selangor,47820,2025-07-03
35935,Nurin,binti Ahmad,Female,010-2887471,1999-10-27,nurin35935@gmail.com,Bronze,"No. 197, Jalan G6",Puchong,Selangor,47100,2025-07-03
35936,Jian Ming,Chin,Male,014-5556940,1966-01-20,jian35936@gmail.com,Bronze,"No. 100, Jalan F12",Puchong,Selangor,47100,2025-07-03
35937,Prakash,a/l Muniandy,Male,015-7167810,1974-08-19,prakash35937@gmail.com,Gold,"No. 233, Jalan B9",Puchong,Selangor,47140,2025-07-03
35938,Fatimah,binti Razak,Female,014-3268936,1997-09-12,fatimah35938@gmail.com,Bronze,"No. 75, Jalan G14",Selayang,Selangor,68000,2025-07-03
35939,Izzati,binti Ismail,Female,019-8136835,1976-03-06,izzati35939@gmail.com,Bronze,"No. 238, Jalan G20",Rawang,Selangor,48020,2025-07-03
35940,Nabila,binti Abdullah,Female,011-3731281,1987-07-14,nabila35940@gmail.com,Bronze,"No. 130, Jalan F8",Kajang,Selangor,43200,2025-07-03
35941,Kavitha,a/p Subramaniam,Female,018-9658543,1985-09-01,kavitha35941@gmail.com,Bronze,"No. 83, Jalan B18",Setapak,Federal Territory of Kuala Lumpur,53300,2025-07-04
35942,Aisyah,binti Hamid,Female,011-5383959,2001-01-22,aisyah35942@gmail.com,Bronze,"No. 135, Jalan B4",Kuala Lumpur,Federal Territory of Kuala Lumpur,50450,2025-07-04
35943,Farah,binti Hassan,Female,018-6959193,1991-07-17,farah35943@gmail.com,Bronze,"No. 100, Jalan A18",Kuala Lumpur,Federal Territory of Kuala Lumpur,57000,2025-07-04
35944,Jun Hao,Tan,Male,011-1810081,1979-11-01,jun35944@gmail.com,Bronze,"No. 56, Jalan G2",Petaling Jaya,Selangor,47400,2025-07-04
35945,Hannah,binti Zainal,Female,018-2378653,1984-06-19,hannah35945@gmail.com,Bronze,"No. 91, Jalan G12",Petaling Jaya,Selangor,47810,2025-07-04
35946,Prakash,a/l Muniandy,Male,016-8338228,1969-10-22,prakash35946@gmail.com,Gold,"No. 289, Jalan A7",Johor Bahru,Johor,80300,2025-07-04
35947,Jian Ming,Ng,Male,014-5328375,1983-10-11,jian35947@gmail.com,Bronze,"No. 157, Jalan B8",Johor Bahru,Johor,80200,2025-07-04
35948,Ling Ling,Chan,Female,010-5670802,2002-11-23,ling35948@gmail.com,Silver,"No. 212, Jalan D7",Melaka,Melaka,75100,2025-07-04
35949,Wei Jie,Cheah,Male,017-4877945,2006-07-18,wei35949@gmail.com,Bronze,"No. 214, Jalan F18",Shah Alam,Selangor,40450,2025-07-04
35950,Aiman,bin Yusof,Male,017-3883761,1979-07-03,aiman35950@gmail.com,Silver,"No. 86, Jalan F8",Shah Alam,Selangor,40300,2025-07-04
35951,Prakash,a/l Krishnan,Male,015-2957366,2004-10-09,prakash35951@gmail.com,Bronze,"No. 106, Jalan F8",Kajang,Selangor,43100,2025-07-04
35952,Wei Hong,Chua,Male,011-3127010,1990-06-03,wei35952@gmail.com,Silver,"No. 220, Jalan F9",Puchong,Selangor,47190,2025-07-04
35953,Nurin,binti Ismail,Female,018-9842143,1966-01-08,nurin35953@gmail.com,Gold,"No. 191, Jalan B15",Wangsa Maju,Federal Territory of Kuala Lumpur,53200,2025-07-04
35954,Rajesh,a/l Rajan,Male,012-6081595,1966-01-06,rajesh35954@gmail.com,Bronze,"No. 248, Jalan F15",Wangsa Maju,Federal Territory of Kuala Lumpur,53100,2025-07-04
35955,Syafiq,bin Osman,Male,018-6226416,1974-04-15,syafiq35955@gmail.com,Bronze,"No. 192, Jalan F6",Klang,Selangor,41250,2025-07-04
35956,Hafiz,bin Hassan,Male,018-9608396,1995-05-26,hafiz35956@gmail.com,Bronze,"No. 135, Jalan D11",Ipoh,Perak,31350,2025-07-04
35957,Faizal,bin Ahmad,Male,011-2484508,2004-11-26,faizal35957@gmail.com,Bronze,"No. 81, Jalan C15",Klang,Selangor,41000,2025-07-04
35958,Balqis,binti Ahmad,Female,017-6178289,1971-08-14,balqis35958@gmail.com,Gold,"No. 167, Jalan B4",Seremban,Negeri Sembilan,70000,2025-07-04
35959,Danial,bin Ismail,Male,014-7713385,1970-01-06,danial35959@gmail.com,Bronze,"No. 297, Jalan E18",Kuantan,Pahang,25300,2025-07-04
35960,Wei Jie,Cheah,Male,013-6808071,1964-07-31,wei35960@gmail.com,Silver,"No. 281, Jalan C20",Subang Jaya,Selangor,47500,2025-07-04
35961,Aiman,bin Ahmad,Male,019-1543713,1990-03-29,aiman35961@gmail.com,Silver,"No. 120, Jalan G19",Klang,Selangor,41050,2025-07-04
35962,Nurin,binti Abdullah,Female,010-5000327,1990-09-09,nurin35962@gmail.com,Gold,"No. 244, Jalan C8",Kajang,Selangor,43100,2025-07-04
35963,Siti,binti Ismail,Female,019-7235246,2005-11-07,siti35963@gmail.com,Bronze,"No. 227, Jalan E11",Kajang,Selangor,43000,2025-07-04
35964,Wan Ying,Wong,Female,018-4318999,1970-07-15,wan35964@gmail.com,Bronze,"No. 161, Jalan B6",Bukit Jalil,Federal Territory of Kuala Lumpur,58200,2025-07-04
35965,Wei Jie,Cheah,Male,012-2841186,1983-07-03,wei35965@gmail.com,Bronze,"No. 204, Jalan B3",Kuala Lumpur,Federal Territory of Kuala Lumpur,59000,2025-07-05
35966,Mei Ling,Chong,Female,016-6218175,1972-09-02,mei35966@gmail.com,Gold,"No. 88, Jalan F8",Kepong,Federal Territory of Kuala Lumpur,52000,2025-07-05
35967,Michelle,Sim,Female,016-4443998,1988-03-24,michelle35967@gmail.com,Silver,"No. 77, Jalan G14",Kuala Lumpur,Federal Territory of Kuala Lumpur,50450,2025-07-05
35968,Irfan,bin Yusof,Male,016-8378156,2004-10-28,irfan35968@gmail.com,Gold,"No. 205, Jalan C3",Sungai Buloh,Selangor,47810,2025-07-05
35969,Rajesh,a/l Rajan,Male,013-9317206,1987-12-30,rajesh35969@gmail.com,Platinum,"No. 279, Jalan D10",Johor Bahru,Johor,80300,2025-07-05
35970,Jun Hao,Ong,Male,015-7673433,1994-08-22,jun35970@gmail.com,Bronze,"No. 272, Jalan G6",Johor Bahru,Johor,80200,2025-07-05
35971,Izzati,binti Zainal,Female,015-5750466,1980-10-18,izzati35971@gmail.com,Bronze,"No. 216, Jalan B16",Johor Bahru,Johor,81300,2025-07-05
35972,Sze Min,Goh,Female,016-6260749,1990-03-17,sze35972@gmail.com,Gold,"No. 18, Jalan C19",Butterworth,Pulau Pinang,12000,2025-07-05
35973,Adam,bin Zainal,Male,019-4489966,1989-02-13,adam35973@gmail.com,Bronze,"No. 26, Jalan F5",George Town,Pulau Pinang,10350,2025-07-05
35974,Divya,a/p Maniam,Female,014-8283894,2005-01-29,divya35974@gmail.com,Bronze,"No. 40, Jalan B13",George Town,Pulau Pinang,10250,2025-07-05
35975,Nur Aina,binti Zainal,Female,010-6882253,1986-04-21,nur35975@gmail.com,Bronze,"No. 110, Jalan A18",George Town,Pulau Pinang,10000,2025-07-05
35976,Sharmila,a/p Krishnan,Female,016-9274609,2006-06-29,sharmila35976@gmail.com,Silver,"No. 18, Jalan F9",Shah Alam,Selangor,40000,2025-07-05
35977,Shu Fen,Chong,Female,019-1950507,1966-11-21,shu35977@gmail.com,Silver,"No. 27, Jalan D9",Klang,Selangor,41250,2025-07-05
35978,Suresh,a/l Rajan,Male,010-4064446,1997-01-10,suresh35978@gmail.com,Bronze,"No. 250, Jalan F15",Klang,Selangor,41250,2025-07-05
35979,Michelle,Sim,Female,019-2557092,2004-08-07,michelle35979@gmail.com,Gold,"No. 21, Jalan E9",Puchong,Selangor,47110,2025-07-05
35980,Prakash,a/l Muniandy,Male,014-9877757,1974-01-25,prakash35980@gmail.com,Bronze,"No. 93, Jalan E20",Puchong,Selangor,47130,2025-07-05
35981,Rohani,binti Rahman,Female,018-1179465,1994-11-26,rohani35981@gmail.com,Silver,"No. 193, Jalan E8",Puchong,Selangor,47100,2025-07-05
35982,Anisa,binti Osman,Female,018-6619604,1967-05-24,anisa35982@gmail.com,Silver,"No. 235, Jalan G1",Selayang,Selangor,68000,2025-07-05
35983,Aina,binti Hassan,Female,011-2255950,2006-03-01,aina35983@gmail.com,Bronze,"No. 135, Jalan D3",Sungai Buloh,Selangor,47000,2025-07-05
35984,Irfan,bin Yusof,Male,011-3277766,1991-09-13,irfan35984@gmail.com,Bronze,"No. 248, Jalan D9",Rawang,Selangor,48010,2025-07-05
35985,Anisa,binti Ahmad,Female,011-1838683,2002-05-16,anisa35985@gmail.com,Bronze,"No. 181, Jalan A10",Ipoh,Perak,30250,2025-07-05
35986,Pei Shan,Ng,Female,010-9935781,1997-10-09,pei35986@gmail.com,Silver,"No. 179, Jalan G9",Ipoh,Perak,31350,2025-07-05
35987,Faizal,bin Ahmad,Male,011-1433168,1966-03-03,faizal35987@gmail.com,Bronze,"No. 121, Jalan E20",Seremban,Negeri Sembilan,70400,2025-07-05
35988,Priya,a/p Ramasamy,Female,014-1922738,2000-10-02,priya35988@gmail.com,Silver,"No. 193, Jalan F19",Seremban,Negeri Sembilan,70200,2025-07-05
35989,Jun Hao,Teoh,Male,019-3999386,2004-12-22,jun35989@gmail.com,Bronze,"No. 74, Jalan G14",Seremban,Negeri Sembilan,70450,2025-07-05
35990,Nadia,binti Razak,Female,010-6321382,2004-07-01,nadia35990@gmail.com,Bronze,"No. 276, Jalan E6",Kuantan,Pahang,25250,2025-07-05
35991,Ling Ling,Tan,Female,016-4408022,1970-01-14,ling35991@gmail.com,Gold,"No. 221, Jalan D4",Selayang,Selangor,68100,2025-07-05
35992,Hafiz,bin Ahmad,Male,013-4090698,1970-07-06,hafiz35992@gmail.com,Gold,"No. 121, Jalan A10",Subang Jaya,Selangor,47600,2025-07-05
35993,Aisyah,binti Osman,Female,019-9470516,1992-06-22,aisyah35993@gmail.com,Bronze,"No. 5, Jalan F17",Kuala Lumpur,Federal Territory of Kuala Lumpur,50000,2025-07-05
35994,Nabila,binti Zainal,Female,014-2232989,1976-04-06,nabila35994@gmail.com,Bronze,"No. 165, Jalan D1",Bukit Jalil,Federal Territory of Kuala Lumpur,58200,2025-07-05
35995,Balqis,binti Osman,Female,014-7055822,1992-02-12,balqis35995@gmail.com,Gold,"No. 95, Jalan A4",Kuala Lumpur,Federal Territory of Kuala Lumpur,50000,2025-07-06
35996,Chong Wei,Lee,Male,017-1011755,1986-10-05,chong35996@gmail.com,Platinum,"No. 287, Jalan A1",Petaling Jaya,Selangor,47810,2025-07-06
35997,Aina,binti Yusof,Female,018-9579374,1979-05-19,aina35997@gmail.com,Bronze,"No. 257, Jalan G1",Petaling Jaya,Selangor,46300,2025-07-06
35998,Rajesh,a/l Rajan,Male,014-1772243,1992-03-23,rajesh35998@gmail.com,Bronze,"No. 272, Jalan F14",Petaling Jaya,Selangor,47400,2025-07-06
35999,Izzati,binti Hassan,Female,013-8246127,1998-08-02,izzati35999@gmail.com,Bronze,"No. 181, Jalan G16",Kulai,Johor,81000,2025-07-06
36000,Mei Ling,Tan,Female,013-7140473,2000-06-04,mei36000@gmail.com,Bronze,"No. 110, Jalan B9",George Town,Pulau Pinang,10050,2025-07-06
36001,Nurin,binti Abdullah,Female,018-6827947,1987-02-05,nurin36001@gmail.com,Bronze,"No. 232, Jalan G9",George Town,Pulau Pinang,10000,2025-07-06
36002,Hannah,binti Hamid,Female,013-9962779,1998-03-25,hannah36002@gmail.com,Bronze,"No. 298, Jalan F20",George Town,Pulau Pinang,10350,2025-07-06
36003,Hannah,binti Zainal,Female,013-8876122,1965-05-10,hannah36003@gmail.com,Gold,"No. 94, Jalan B11",Melaka,Melaka,75000,2025-07-06
36004,Daniel,Cheah,Male,011-8785907,1984-05-04,daniel36004@gmail.com,Bronze,"No. 138, Jalan F6",Shah Alam,Selangor,40160,2025-07-06
36005,Hui Min,Yap,Female,014-9846875,1981-11-13,hui36005@gmail.com,Bronze,"No. 148, Jalan F7",Shah Alam,Selangor,40170,2025-07-06
36006,Zulkifli,bin Zainal,Male,014-5275166,1965-12-17,zulkifli36006@gmail.com,Bronze,"No. 242, Jalan F11",George Town,Pulau Pinang,10250,2025-07-06
36007,Yee Ling,Ong,Female,017-8076907,1988-08-29,yee36007@gmail.com,Platinum,"No. 183, Jalan A3",Kajang,Selangor,43200,2025-07-06
36008,Aina,binti Ismail,Female,013-4548021,1983-06-01,aina36008@gmail.com,Silver,"No. 168, Jalan C19",Puchong,Selangor,47110,2025-07-06
36009,Chloe,Wong,Female,016-2001892,1990-07-21,chloe36009@gmail.com,Bronze,"No. 12, Jalan C3",Puchong,Selangor,47190,2025-07-06
36010,Suhaila,binti Ismail,Female,010-2979945,1988-07-07,suhaila36010@gmail.com,Silver,"No. 218, Jalan E8",Puchong,Selangor,47120,2025-07-06
36011,Daniel,Wong,Male,010-8718692,2003-03-22,daniel36011@gmail.com,Bronze,"No. 81, Jalan A14",Puchong,Selangor,47100,2025-07-06
36012,Priya,a/p Maniam,Female,014-4873091,1968-12-20,priya36012@gmail.com,Bronze,"No. 236, Jalan C18",Wangsa Maju,Federal Territory of Kuala Lumpur,53100,2025-07-06
36013,Thivya,a/p Krishnan,Female,019-1073915,1964-09-25,thivya36013@gmail.com,Bronze,"No. 233, Jalan F8",Setapak,Federal Territory of Kuala Lumpur,53000,2025-07-06
36014,Firdaus,bin Ahmad,Male,011-4200265,1964-07-07,firdaus36014@gmail.com,Silver,"No. 30, Jalan B3",Taiping,Perak,34700,2025-07-06
36015,Irfan,bin Zainal,Male,014-9341359,1966-06-08,irfan36015@gmail.com,Gold,"No. 284, Jalan F20",Ipoh,Perak,30200,2025-07-06
36016,Wan Ying,Chong,Female,012-2496568,2005-10-25,wan36016@gmail.com,Bronze,"No. 261, Jalan G11",Seremban,Negeri Sembilan,70000,2025-07-06
36017,Hannah,binti Yusof,Female,011-4684639,1973-03-03,hannah36017@gmail.com,Silver,"No. 68, Jalan F5",Nilai,Negeri Sembilan,71800,2025-07-06
36018,Balqis,binti Rahman,Female,013-8206172,1989-11-12,balqis36018@gmail.com,Bronze,"No. 42, Jalan B14",Subang Jaya,Selangor,47600,2025-07-06
36019,Irfan,bin Rahman,Male,012-9241150,1990-05-30,irfan36019@gmail.com,Bronze,"No. 36, Jalan D5",Cyberjaya,Selangor,63000,2025-07-06
36020,Pei Shan,Ng,Female,017-2045784,1983-01-01,pei36020@gmail.com,Gold,"No. 266, Jalan E20",Bukit Jalil,Federal Territory of Kuala Lumpur,57100,2025-07-06
36021,Pei Shan,Lim,Female,013-2613970,1967-10-06,pei36021@gmail.com,Gold,"No. 172, Jalan B5",Kajang,Selangor,43300,2025-07-06
36022,Yong Sheng,Chong,Male,012-1545735,2006-04-24,yong36022@gmail.com,Bronze,"No. 115, Jalan A8",Sungai Buloh,Selangor,47810,2025-07-07
36023,Syafiq,bin Ahmad,Male,019-1952205,1970-11-05,syafiq36023@gmail.com,Bronze,"No. 24, Jalan F7",Petaling Jaya,Selangor,46050,2025-07-07
36024,Irfan,bin Hamid,Male,011-8318733,1979-01-01,irfan36024@gmail.com,Bronze,"No. 287, Jalan E13",Petaling Jaya,Selangor,47810,2025-07-07
36025,Faizal,bin Rahman,Male,012-2095082,1976-12-30,faizal36025@gmail.com,Bronze,"No. 63, Jalan G5",Seremban,Negeri Sembilan,70200,2025-07-07
36026,Michelle,Cheah,Female,010-7914013,1987-08-18,michelle36026@gmail.com,Bronze,"No. 38, Jalan B16",Johor Bahru,Johor,81200,2025-07-07
36027,Aiman,bin Razak,Male,012-3089708,1976-11-13,aiman36027@gmail.com,Bronze,"No. 177, Jalan A2",Butterworth,Pulau Pinang,12100,2025-07-07
36028,Siti,binti Hamid,Female,016-3199651,1969-02-03,siti36028@gmail.com,Silver,"No. 253, Jalan G17",Shah Alam,Selangor,40300,2025-07-07
36029,Rachel,Chin,Female,011-9373656,1972-03-15,rachel36029@gmail.com,Bronze,"No. 163, Jalan A6",Shah Alam,Selangor,40300,2025-07-07
36030,Anisa,binti Zainal,Female,012-9489401,1973-02-18,anisa36030@gmail.com,Bronze,"No. 58, Jalan G11",Puchong,Selangor,47140,2025-07-07
36031,Firdaus,bin Zainal,Male,019-5431512,1991-09-05,firdaus36031@gmail.com,Silver,"No. 131, Jalan A10",Klang,Selangor,41200,2025-07-07
36032,Amirul,bin Zainal,Male,011-9024048,1970-08-17,amirul36032@gmail.com,Bronze,"No. 13, Jalan B4",Puchong,Selangor,47190,2025-07-07
36033,Danial,bin Razak,Male,016-1538587,1965-10-01,danial36033@gmail.com,Gold,"No. 71, Jalan A12",Puchong,Selangor,47170,2025-07-07
36034,Alia,binti Rahman,Female,015-5212414,1977-06-04,alia36034@gmail.com,Bronze,"No. 223, Jalan D19",Puchong,Selangor,47120,2025-07-07
36035,Syafiq,bin Zainal,Male,010-9415614,1978-03-27,syafiq36035@gmail.com,Bronze,"No. 27, Jalan F18",Selayang,Selangor,68000,2025-07-07
36036,Aiman,bin Razak,Male,012-1886125,1983-07-01,aiman36036@gmail.com,Bronze,"No. 251, Jalan A10",Gombak,Selangor,53100,2025-07-07
36037,Meena,a/p Subramaniam,Female,015-3589450,1977-05-04,meena36037@gmail.com,Bronze,"No. 254, Jalan A1",Ipoh,Perak,30350,2025-07-07
36038,Chong Wei,Yap,Male,013-4171369,2000-10-11,chong36038@gmail.com,Bronze,"No. 206, Jalan E7",Seremban,Negeri Sembilan,70200,2025-07-07
36039,Aiman,bin Osman,Male,019-3864744,1973-08-12,aiman36039@gmail.com,Silver,"No. 118, Jalan B20",George Town,Pulau Pinang,10400,2025-07-07
36040,Firdaus,bin Ahmad,Male,012-4127560,1991-12-03,firdaus36040@gmail.com,Bronze,"No. 11, Jalan C19",Bukit Jalil,Federal Territory of Kuala Lumpur,57100,2025-07-07
36041,Zheng Yang,Ong,Male,019-7680651,1976-09-02,zheng36041@gmail.com,Gold,"No. 131, Jalan E7",Bukit Jalil,Federal Territory of Kuala Lumpur,58200,2025-07-07
36042,Siti,binti Ahmad,Female,013-9651102,1979-12-25,siti36042@gmail.com,Bronze,"No. 274, Jalan D5",Bukit Jalil,Federal Territory of Kuala Lumpur,57100,2025-07-07
36043,Suhaila,binti Hassan,Female,018-6938990,1986-11-22,suhaila36043@gmail.com,Bronze,"No. 117, Jalan C7",Kuala Lumpur,Federal Territory of Kuala Lumpur,59000,2025-07-08
36044,Zhi Wei,Chua,Male,018-2816874,1981-10-20,zhi36044@gmail.com,Silver,"No. 142, Jalan B7",Kuala Lumpur,Federal Territory of Kuala Lumpur,59200,2025-07-08
36045,Suhaila,binti Abdullah,Female,015-1782670,1981-06-08,suhaila36045@gmail.com,Bronze,"No. 150, Jalan B9",Sungai Buloh,Selangor,47000,2025-07-08
36046,Siti,binti Razak,Female,011-4764432,1986-05-14,siti36046@gmail.com,Silver,"No. 184, Jalan A13",Setapak,Federal Territory of Kuala Lumpur,53100,2025-07-08
36047,Nur Aina,binti Ismail,Female,015-6885962,1997-08-02,nur36047@gmail.com,Bronze,"No. 20, Jalan E7",Shah Alam,Selangor,40170,2025-07-08
36048,Hannah,binti Osman,Female,015-7725573,1967-03-11,hannah36048@gmail.com,Bronze,"No. 41, Jalan G19",Petaling Jaya,Selangor,47800,2025-07-08
36049,Prakash,a/l Rajan,Male,015-2333276,1988-06-04,prakash36049@gmail.com,Bronze,"No. 245, Jalan B12",Johor Bahru,Johor,80000,2025-07-08
36050,Hafiz,bin Ismail,Male,018-6851238,1997-02-24,hafiz36050@gmail.com,Bronze,"No. 87, Jalan B12",Johor Bahru,Johor,80300,2025-07-08
36051,Rohani,binti Ismail,Female,014-8172789,2002-09-05,rohani36051@gmail.com,Platinum,"No. 94, Jalan A6",Sungai Buloh,Selangor,47810,2025-07-08
36052,Fatimah,binti Hassan,Female,017-7565227,1985-10-14,fatimah36052@gmail.com,Bronze,"No. 210, Jalan F16",Klang,Selangor,41250,2025-07-08
36053,Jasmine,Chan,Female,019-5055579,2005-03-30,jasmine36053@gmail.com,Silver,"No. 286, Jalan G17",Kajang,Selangor,43200,2025-07-08
36054,Nabila,binti Zainal,Female,019-9803660,2007-05-26,nabila36054@gmail.com,Silver,"No. 196, Jalan E19",Wangsa Maju,Federal Territory of Kuala Lumpur,53300,2025-07-08
36055,Irfan,bin Rahman,Male,018-9637388,1990-10-10,irfan36055@gmail.com,Bronze,"No. 75, Jalan D5",Subang Jaya,Selangor,47630,2025-07-08
36056,Fatimah,binti Zainal,Female,010-3361138,1982-06-02,fatimah36056@gmail.com,Gold,"No. 261, Jalan D16",Selayang,Selangor,68000,2025-07-08
36057,Zheng Yang,Liew,Male,010-8145106,1985-01-05,zheng36057@gmail.com,Bronze,"No. 100, Jalan D7",Seremban,Negeri Sembilan,70000,2025-07-08
36058,Daniel,Lee,Male,016-9662865,1987-01-24,daniel36058@gmail.com,Bronze,"No. 182, Jalan G6",Kuantan,Pahang,26060,2025-07-08
36059,Hafiz,bin Zainal,Male,014-8233268,1994-04-20,hafiz36059@gmail.com,Gold,"No. 239, Jalan E18",Cyberjaya,Selangor,63000,2025-07-08
36060,Nabila,binti Zainal,Female,013-3235026,1970-04-01,nabila36060@gmail.com,Bronze,"No. 14, Jalan C13",Kajang,Selangor,43200,2025-07-08
36061,Nurul Huda,binti Osman,Female,014-6055976,1986-07-10,nurul36061@gmail.com,Bronze,"No. 236, Jalan F12",Petaling Jaya,Selangor,47400,2025-07-09
36062,Thivya,a/p Subramaniam,Female,015-9087909,2003-11-25,thivya36062@gmail.com,Bronze,"No. 170, Jalan C15",Petaling Jaya,Selangor,46100,2025-07-09
36063,Anjali,a/p Krishnan,Female,012-5798279,1971-01-19,anjali36063@gmail.com,Bronze,"No. 12, Jalan C4",Petaling Jaya,Selangor,47810,2025-07-09
36064,Irfan,bin Zainal,Male,010-3513634,1993-06-05,irfan36064@gmail.com,Bronze,"No. 60, Jalan C20",Johor Bahru,Johor,81100,2025-07-09
36065,Jia Yi,Teoh,Female,012-7059385,1966-01-10,jia36065@gmail.com,Silver,"No. 223, Jalan G19",Johor Bahru,Johor,80200,2025-07-09
36066,Kevin,Ong,Male,018-6331096,2001-04-11,kevin36066@gmail.com,Bronze,"No. 28, Jalan A7",Shah Alam,Selangor,40400,2025-07-09
36067,Zulkifli,bin Hassan,Male,015-3123096,1972-09-23,zulkifli36067@gmail.com,Bronze,"No. 283, Jalan A7",Puchong,Selangor,47190,2025-07-09
36068,Chloe,Sim,Female,019-6698362,1997-01-16,chloe36068@gmail.com,Platinum,"No. 246, Jalan A11",Setapak,Federal Territory of Kuala Lumpur,53100,2025-07-09
36069,Siti,binti Hassan,Female,017-7856571,1987-02-15,siti36069@gmail.com,Bronze,"No. 296, Jalan C11",Gombak,Selangor,53000,2025-07-09
36070,Aisyah,binti Hamid,Female,015-7397155,1995-03-06,aisyah36070@gmail.com,Silver,"No. 242, Jalan F1",Ipoh,Perak,30010,2025-07-09
36071,Prakash,a/l Muniandy,Male,010-2734488,1968-10-24,prakash36071@gmail.com,Bronze,"No. 89, Jalan E16",Setapak,Federal Territory of Kuala Lumpur,53100,2025-07-09
36072,Irfan,bin Rahman,Male,011-4870766,1985-05-16,irfan36072@gmail.com,Gold,"No. 151, Jalan F6",Subang Jaya,Selangor,47610,2025-07-09
36073,Zheng Yang,Teoh,Male,019-3997895,2002-09-04,zheng36073@gmail.com,Gold,"No. 45, Jalan F2",Bukit Jalil,Federal Territory of Kuala Lumpur,57100,2025-07-09
36074,Fatimah,binti Ismail,Female,011-3724232,1999-10-26,fatimah36074@gmail.com,Bronze,"No. 97, Jalan F13",Bukit Jalil,Federal Territory of Kuala Lumpur,58200,2025-07-09
36075,Vikram,a/l Ramasamy,Male,019-7435223,1977-07-04,vikram36075@gmail.com,Bronze,"No. 172, Jalan D16",Petaling Jaya,Selangor,46000,2025-07-10
36076,Danial,bin Ismail,Male,017-6519172,1995-05-26,danial36076@gmail.com,Silver,"No. 273, Jalan C4",Petaling Jaya,Selangor,47800,2025-07-10
36077,Siti,binti Razak,Female,011-6168862,1982-11-11,siti36077@gmail.com,Silver,"No. 277, Jalan E5",Kulai,Johor,81030,2025-07-10
36078,Rachel,Lee,Female,014-9276455,1996-10-04,rachel36078@gmail.com,Bronze,"No. 257, Jalan G12",Alor Gajah,Melaka,78000,2025-07-10
36079,Zhi Wei,Cheah,Male,018-9195844,1973-10-15,zhi36079@gmail.com,Bronze,"No. 31, Jalan A9",Puchong,Selangor,47100,2025-07-10
36080,Kok Wai,Sim,Male,019-2703078,1988-10-29,kok36080@gmail.com,Bronze,"No. 32, Jalan B19",Subang Jaya,Selangor,47600,2025-07-10
36081,Fatimah,binti Rahman,Female,013-9132142,1969-08-20,fatimah36081@gmail.com,Silver,"No. 123, Jalan D19",Shah Alam,Selangor,40170,2025-07-10
36082,Ling Ling,Liew,Female,010-9048682,1995-03-03,ling36082@gmail.com,Bronze,"No. 44, Jalan C5",Selayang,Selangor,68100,2025-07-10
36083,Firdaus,bin Razak,Male,014-2711750,2004-02-27,firdaus36083@gmail.com,Gold,"No. 107, Jalan E2",Selayang,Selangor,68100,2025-07-10
36084,Rachel,Ong,Female,011-7926619,2005-12-19,rachel36084@gmail.com,Bronze,"No. 176, Jalan G8",Bukit Jalil,Federal Territory of Kuala Lumpur,58200,2025-07-10
36085,Daniel,Ng,Male,011-9808419,2002-01-18,daniel36085@gmail.com,Platinum,"No. 40, Jalan D5",Ipoh,Perak,30000,2025-07-10
36086,Syafiq,bin Hamid,Male,011-2273442,1997-02-23,syafiq36086@gmail.com,Silver,"No. 12, Jalan C2",Kuantan,Pahang,25000,2025-07-10
36087,Yasmin,binti Rahman,Female,018-7880097,2004-09-20,yasmin36087@gmail.com,Bronze,"No. 113, Jalan B3",Kuantan,Pahang,25100,2025-07-10
36088,Zheng Yang,Yeoh,Male,011-7125067,1981-02-28,zheng36088@gmail.com,Platinum,"No. 297, Jalan D8",Cyberjaya,Selangor,63000,2025-07-10
36089,Pei Shan,Loh,Female,013-9127787,2004-03-05,pei36089@gmail.com,Silver,"No. 155, Jalan D17",Bukit Jalil,Federal Territory of Kuala Lumpur,57100,2025-07-10
36090,Zarina,binti Hassan,Female,011-1854745,1968-06-11,zarina36090@gmail.com,Silver,"No. 221, Jalan E16",Bukit Jalil,Federal Territory of Kuala Lumpur,57100,2025-07-10
36091,Rohani,binti Abdullah,Female,017-7013189,1970-07-21,rohani36091@gmail.com,Platinum,"No. 95, Jalan G15",Kepong,Federal Territory of Kuala Lumpur,51200,2025-07-11
36092,Zheng Yang,Yap,Male,013-5129392,1974-02-25,zheng36092@gmail.com,Bronze,"No. 144, Jalan E3",Kuala Lumpur,Federal Territory of Kuala Lumpur,55100,2025-07-11
36093,Kai Xin,Sim,Female,015-4323537,1987-05-24,kai36093@gmail.com,Gold,"No. 51, Jalan F17",Petaling Jaya,Selangor,46100,2025-07-11
36094,Alia,binti Hamid,Female,015-8913135,1998-07-02,alia36094@gmail.com,Bronze,"No. 170, Jalan E3",Petaling Jaya,Selangor,47300,2025-07-11
36095,Suresh,a/l Maniam,Male,012-8502018,1993-09-05,suresh36095@gmail.com,Bronze,"No. 90, Jalan F17",Johor Bahru,Johor,81200,2025-07-11
36096,Zarina,binti Abdullah,Female,010-1930678,1991-01-07,zarina36096@gmail.com,Bronze,"No. 202, Jalan E6",George Town,Pulau Pinang,10400,2025-07-11
36097,Nur Aina,binti Osman,Female,018-6587739,1994-01-05,nur36097@gmail.com,Bronze,"No. 58, Jalan F6",Klang,Selangor,41050,2025-07-11
36098,Shalini,a/p Rajan,Female,016-2235503,1971-04-26,shalini36098@gmail.com,Bronze,"No. 145, Jalan D11",Selayang,Selangor,68100,2025-07-11
36099,Adam,bin Ismail,Male,012-5361110,1990-09-01,adam36099@gmail.com,Gold,"No. 163, Jalan A4",Selayang,Selangor,68000,2025-07-11
36100,Faizal,bin Osman,Male,018-3899348,2004-03-16,faizal36100@gmail.com,Bronze,"No. 2, Jalan A8",Gombak,Selangor,53000,2025-07-11
36101,Nurin,binti Hassan,Female,016-7730574,1993-02-16,nurin36101@gmail.com,Bronze,"No. 185, Jalan C5",Selayang,Selangor,68100,2025-07-11
36102,Sze Min,Teoh,Female,015-4490990,1967-04-25,sze36102@gmail.com,Bronze,"No. 56, Jalan F3",Ipoh,Perak,31350,2025-07-11
36103,Syafiq,bin Hassan,Male,016-4284132,2003-07-31,syafiq36103@gmail.com,Bronze,"No. 192, Jalan B11",Ipoh,Perak,31350,2025-07-11
36104,Jun Hao,Yeoh,Male,013-2177786,2002-05-21,jun36104@gmail.com,Silver,"No. 185, Jalan E13",Kuantan,Pahang,25200,2025-07-11
36105,Amelia,binti Yusof,Female,015-1828039,1993-03-29,amelia36105@gmail.com,Gold,"No. 211, Jalan C20",Kajang,Selangor,43000,2025-07-11
36106,Kai Xin,Loh,Female,019-1495901,1970-03-18,kai36106@gmail.com,Bronze,"No. 91, Jalan B18",Gombak,Selangor,53000,2025-07-11
36107,Balqis,binti Hamid,Female,018-1305623,2001-06-02,balqis36107@gmail.com,Silver,"No. 102, Jalan B13",Bukit Jalil,Federal Territory of Kuala Lumpur,57000,2025-07-11
36108,Chloe,Liew,Female,019-2460945,1969-08-11,chloe36108@gmail.com,Bronze,"No. 155, Jalan D9",Kuala Lumpur,Federal Territory of Kuala Lumpur,59200,2025-07-12
36109,Irfan,bin Ismail,Male,013-5131812,1988-02-07,irfan36109@gmail.com,Bronze,"No. 231, Jalan B7",Kuala Lumpur,Federal Territory of Kuala Lumpur,58000,2025-07-12
36110,Aina,binti Rahman,Female,013-2650920,1985-05-14,aina36110@gmail.com,Bronze,"No. 175, Jalan D20",Kuala Lumpur,Federal Territory of Kuala Lumpur,58000,2025-07-12
36111,Jia Yi,Wong,Female,010-3688711,2005-11-18,jia36111@gmail.com,Bronze,"No. 85, Jalan G5",Kuala Lumpur,Federal Territory of Kuala Lumpur,55200,2025-07-12
36112,Amirul,bin Abdullah,Male,011-3896868,1993-06-26,amirul36112@gmail.com,Bronze,"No. 182, Jalan C15",Wangsa Maju,Federal Territory of Kuala Lumpur,53100,2025-07-12
36113,Suresh,a/l Krishnan,Male,011-7684944,1969-03-17,suresh36113@gmail.com,Silver,"No. 213, Jalan F10",Kepong,Federal Territory of Kuala Lumpur,52000,2025-07-12
36114,Siti,binti Hamid,Female,015-5456756,1979-01-09,siti36114@gmail.com,Bronze,"No. 207, Jalan C9",Petaling Jaya,Selangor,46050,2025-07-12
36115,Balqis,binti Zainal,Female,017-4262892,1993-05-13,balqis36115@gmail.com,Bronze,"No. 2, Jalan D16",Kuala Lumpur,Federal Territory of Kuala Lumpur,55100,2025-07-12
36116,Balqis,binti Ahmad,Female,018-1354831,1970-01-28,balqis36116@gmail.com,Silver,"No. 65, Jalan E1",Petaling Jaya,Selangor,47810,2025-07-12
36117,Siti,binti Abdullah,Female,015-5835759,2001-05-20,siti36117@gmail.com,Bronze,"No. 246, Jalan B2",Petaling Jaya,Selangor,46200,2025-07-12
36118,Amelia,binti Razak,Female,016-1876197,1994-09-03,amelia36118@gmail.com,Bronze,"No. 201, Jalan E7",Johor Bahru,Johor,81100,2025-07-12
36119,Anisa,binti Rahman,Female,016-1100988,1999-08-25,anisa36119@gmail.com,Bronze,"No. 37, Jalan G11",Johor Bahru,Johor,81300,2025-07-12
36120,Wan Ying,Chan,Female,018-1776178,1966-10-04,wan36120@gmail.com,Bronze,"No. 247, Jalan D10",Johor Bahru,Johor,80350,2025-07-12
36121,Vanessa,Ong,Female,017-2608984,1992-10-20,vanessa36121@gmail.com,Bronze,"No. 283, Jalan F2",Johor Bahru,Johor,81200,2025-07-12
36122,Nur Aina,binti Zainal,Female,010-6868683,2005-04-16,nur36122@gmail.com,Gold,"No. 136, Jalan B1",George Town,Pulau Pinang,10200,2025-07-12
36123,Thivya,a/p Krishnan,Female,019-5631816,1980-06-28,thivya36123@gmail.com,Silver,"No. 186, Jalan E11",Melaka,Melaka,75300,2025-07-12
36124,Vikram,a/l Subramaniam,Male,018-8665308,1993-07-10,vikram36124@gmail.com,Bronze,"No. 63, Jalan A11",Selayang,Selangor,68000,2025-07-12
36125,Priya,a/p Muniandy,Female,016-6731793,1978-12-25,priya36125@gmail.com,Bronze,"No. 188, Jalan C10",Shah Alam,Selangor,40160,2025-07-12
36126,Zhi Wei,Wong,Male,018-7292977,1981-04-30,zhi36126@gmail.com,Silver,"No. 48, Jalan B8",Shah Alam,Selangor,40400,2025-07-12
36127,Yee Ling,Cheah,Female,012-1749416,2001-08-30,yee36127@gmail.com,Bronze,"No. 136, Jalan E12",Klang,Selangor,41100,2025-07-12
36128,Aisyah,binti Osman,Female,019-4031672,1994-11-11,aisyah36128@gmail.com,Bronze,"No. 221, Jalan D14",Klang,Selangor,41150,2025-07-12
36129,Hannah,binti Ismail,Female,015-1563999,1981-12-04,hannah36129@gmail.com,Bronze,"No. 4, Jalan G11",Klang,Selangor,42100,2025-07-12
36130,Faizal,bin Hassan,Male,011-7273501,1972-02-08,faizal36130@gmail.com,Gold,"No. 276, Jalan G1",Puchong,Selangor,47140,2025-07-12
36131,Izzati,binti Ismail,Female,017-2376540,1973-05-17,izzati36131@gmail.com,Silver,"No. 50, Jalan E13",Puchong,Selangor,47180,2025-07-12
36132,Wan Ying,Chua,Female,010-7103435,1968-07-07,wan36132@gmail.com,Bronze,"No. 147, Jalan E14",Selayang,Selangor,68100,2025-07-12
36133,Vikram,a/l Muniandy,Male,016-3637370,1978-08-14,vikram36133@gmail.com,Bronze,"No. 267, Jalan D11",Selayang,Selangor,68000,2025-07-12
36134,Adam,bin Rahman,Male,018-7778148,2004-07-12,adam36134@gmail.com,Silver,"No. 227, Jalan B2",Subang Jaya,Selangor,47650,2025-07-12
36135,Adam,bin Zainal,Male,010-6349119,1994-05-28,adam36135@gmail.com,Silver,"No. 173, Jalan E9",Setapak,Federal Territory of Kuala Lumpur,53300,2025-07-12
36136,Syafiq,bin Ismail,Male,019-8450680,1972-04-28,syafiq36136@gmail.com,Silver,"No. 94, Jalan E14",Wangsa Maju,Federal Territory of Kuala Lumpur,53100,2025-07-12
36137,Farah,binti Abdullah,Female,014-9328499,1973-02-06,farah36137@gmail.com,Bronze,"No. 221, Jalan C5",Kepong,Federal Territory of Kuala Lumpur,52000,2025-07-12
36138,Fatimah,binti Razak,Female,015-2953158,1995-09-23,fatimah36138@gmail.com,Bronze,"No. 281, Jalan E16",Ipoh,Perak,30100,2025-07-12
36139,Hafiz,bin Hamid,Male,010-9804195,1973-05-26,hafiz36139@gmail.com,Gold,"No. 79, Jalan E7",Kuantan,Pahang,25000,2025-07-12
36140,Jun Hao,Liew,Male,010-1704739,1998-01-20,jun36140@gmail.com,Silver,"No. 225, Jalan G17",Setapak,Federal Territory of Kuala Lumpur,53300,2025-07-12
36141,Li Wen,Tan,Female,012-9509295,1989-10-15,li36141@gmail.com,Bronze,"No. 81, Jalan A18",Kajang,Selangor,43300,2025-07-12
36142,Irfan,bin Osman,Male,014-3445358,1987-02-06,irfan36142@gmail.com,Bronze,"No. 164, Jalan A4",Cyberjaya,Selangor,63000,2025-07-12
36143,Arjun,a/l Rajan,Male,010-5966555,1983-10-31,arjun36143@gmail.com,Gold,"No. 191, Jalan F10",Kuala Lumpur,Federal Territory of Kuala Lumpur,59200,2025-07-12
36144,Anisa,binti Razak,Female,018-2426000,1986-10-24,anisa36144@gmail.com,Silver,"No. 37, Jalan A18",Bukit Jalil,Federal Territory of Kuala Lumpur,57000,2025-07-12
36145,Hafiz,bin Hassan,Male,018-8438516,1972-01-21,hafiz36145@gmail.com,Silver,"No. 122, Jalan C5",Kuala Lumpur,Federal Territory of Kuala Lumpur,50450,2025-07-13
36146,Firdaus,bin Yusof,Male,015-1378874,1971-02-16,firdaus36146@gmail.com,Bronze,"No. 36, Jalan D11",Petaling Jaya,Selangor,46000,2025-07-13
36147,Shalini,a/p Maniam,Female,017-4401919,1981-11-06,shalini36147@gmail.com,Platinum,"No. 254, Jalan G2",Petaling Jaya,Selangor,47800,2025-07-13
36148,Xin Yi,Yeoh,Female,013-4368051,1980-12-05,xin36148@gmail.com,Silver,"No. 24, Jalan B5",Sungai Buloh,Selangor,47810,2025-07-13
36149,Haziq,bin Rahman,Male,015-5669356,1975-12-16,haziq36149@gmail.com,Bronze,"No. 172, Jalan C15",Petaling Jaya,Selangor,46200,2025-07-13
36150,Aisyah,binti Rahman,Female,012-8182517,1968-11-18,aisyah36150@gmail.com,Gold,"No. 247, Jalan C19",Petaling Jaya,Selangor,47400,2025-07-13
36151,Yong Sheng,Loh,Male,011-4131652,2006-07-28,yong36151@gmail.com,Bronze,"No. 262, Jalan F13",Johor Bahru,Johor,80300,2025-07-13
36152,Firdaus,bin Rahman,Male,010-8324796,1996-11-08,firdaus36152@gmail.com,Bronze,"No. 93, Jalan G10",Melaka,Melaka,75000,2025-07-13
36153,Aisyah,binti Zainal,Female,018-5615339,1990-03-21,aisyah36153@gmail.com,Bronze,"No. 57, Jalan D4",Melaka,Melaka,75150,2025-07-13
36154,Amelia,binti Ahmad,Female,012-6033934,2000-10-06,amelia36154@gmail.com,Bronze,"No. 246, Jalan A9",Melaka,Melaka,75000,2025-07-13
36155,Ravi,a/l Subramaniam,Male,010-4124988,1974-12-26,ravi36155@gmail.com,Bronze,"No. 63, Jalan A6",Shah Alam,Selangor,40150,2025-07-13
36156,Alia,binti Hassan,Female,014-2043737,1997-11-19,alia36156@gmail.com,Silver,"No. 82, Jalan C14",Shah Alam,Selangor,40300,2025-07-13
36157,Thivya,a/p Subramaniam,Female,019-8759619,1992-09-21,thivya36157@gmail.com,Bronze,"No. 20, Jalan B19",Wangsa Maju,Federal Territory of Kuala Lumpur,53100,2025-07-13
36158,Adam,bin Hamid,Male,013-4028839,1975-12-25,adam36158@gmail.com,Gold,"No. 183, Jalan D15",Klang,Selangor,41300,2025-07-13
36159,Grace,Chan,Female,018-9150266,1968-07-19,grace36159@gmail.com,Bronze,"No. 32, Jalan A10",Kuala Lumpur,Federal Territory of Kuala Lumpur,50480,2025-07-13
36160,Thivya,a/p Muniandy,Female,017-3134569,2006-03-28,thivya36160@gmail.com,Bronze,"No. 56, Jalan C16",Setapak,Federal Territory of Kuala Lumpur,53300,2025-07-13
36161,Deepa,a/p Subramaniam,Female,019-4355464,1965-12-18,deepa36161@gmail.com,Bronze,"No. 68, Jalan F9",Kepong,Federal Territory of Kuala Lumpur,52100,2025-07-13
36162,Zhi Wei,Sim,Male,016-6162252,1976-07-17,zhi36162@gmail.com,Bronze,"No. 111, Jalan G18",Gombak,Selangor,53100,2025-07-13
36163,Syafiq,bin Ismail,Male,018-2830657,1979-09-11,syafiq36163@gmail.com,Platinum,"No. 33, Jalan A11",Ipoh,Perak,30100,2025-07-13
36164,Izzati,binti Osman,Female,015-1296478,1994-04-24,izzati36164@gmail.com,Gold,"No. 231, Jalan A2",Kuantan,Pahang,25000,2025-07-13
36165,Shu Fen,Sim,Female,017-4335265,1975-07-29,shu36165@gmail.com,Silver,"No. 71, Jalan G8",Cyberjaya,Selangor,63000,2025-07-13
36166,Wei Jie,Lee,Male,017-3268699,1970-06-21,wei36166@gmail.com,Silver,"No. 104, Jalan E7",Kajang,Selangor,43200,2025-07-13
36167,Izzati,binti Ismail,Female,019-4078446,1985-11-01,izzati36167@gmail.com,Bronze,"No. 281, Jalan F19",Bukit Jalil,Federal Territory of Kuala Lumpur,57000,2025-07-13
36168,Faizal,bin Osman,Male,011-8004498,1986-06-15,faizal36168@gmail.com,Bronze,"No. 257, Jalan G9",Bukit Jalil,Federal Territory of Kuala Lumpur,57000,2025-07-13
36169,Shalini,a/p Ramasamy,Female,011-9730703,1973-08-15,shalini36169@gmail.com,Silver,"No. 250, Jalan D19",Kuala Lumpur,Federal Territory of Kuala Lumpur,59000,2025-07-14
36170,Hafiz,bin Rahman,Male,013-5447788,1989-01-20,hafiz36170@gmail.com,Bronze,"No. 300, Jalan C4",Kuala Lumpur,Federal Territory of Kuala Lumpur,55200,2025-07-14
36171,Firdaus,bin Razak,Male,011-4847074,1986-11-30,firdaus36171@gmail.com,Bronze,"No. 70, Jalan C7",Kuala Lumpur,Federal Territory of Kuala Lumpur,56000,2025-07-14
36172,Balqis,binti Osman,Female,018-3576947,1979-03-29,balqis36172@gmail.com,Bronze,"No. 107, Jalan C6",Bukit Jalil,Federal Territory of Kuala Lumpur,57100,2025-07-14
36173,Balqis,binti Osman,Female,019-9405050,1986-12-02,balqis36173@gmail.com,Platinum,"No. 35, Jalan G17",Petaling Jaya,Selangor,46000,2025-07-14
36174,Yee Ling,Liew,Female,015-8864214,1976-10-12,yee36174@gmail.com,Bronze,"No. 292, Jalan F14",Sungai Buloh,Selangor,47820,2025-07-14
36175,Nadia,binti Ahmad,Female,017-7098597,1973-08-31,nadia36175@gmail.com,Bronze,"No. 263, Jalan B8",Petaling Jaya,Selangor,46050,2025-07-14
36176,Zheng Yang,Goh,Male,018-6399483,1976-04-13,zheng36176@gmail.com,Silver,"No. 299, Jalan E3",Johor Bahru,Johor,80200,2025-07-14
36177,Anisa,binti Razak,Female,011-5853067,1983-08-03,anisa36177@gmail.com,Bronze,"No. 127, Jalan E11",George Town,Pulau Pinang,10300,2025-07-14
36178,Jia Yi,Chua,Female,015-4839887,1972-08-11,jia36178@gmail.com,Silver,"No. 87, Jalan E19",George Town,Pulau Pinang,10150,2025-07-14
36179,Vikram,a/l Subramaniam,Male,012-1064880,1992-01-14,vikram36179@gmail.com,Silver,"No. 36, Jalan C12",George Town,Pulau Pinang,10350,2025-07-14
36180,Jun Hao,Yap,Male,011-6803145,1964-04-14,jun36180@gmail.com,Gold,"No. 247, Jalan B17",George Town,Pulau Pinang,10450,2025-07-14
36181,Jun Hao,Khoo,Male,015-3034137,1978-05-15,jun36181@gmail.com,Bronze,"No. 157, Jalan D15",Shah Alam,Selangor,40450,2025-07-14
36182,Rachel,Yeoh,Female,017-2913383,1968-08-23,rachel36182@gmail.com,Bronze,"No. 60, Jalan F11",Klang,Selangor,41100,2025-07-14
36183,Rohani,binti Yusof,Female,014-2587501,2006-12-05,rohani36183@gmail.com,Bronze,"No. 61, Jalan F6",Bangi,Selangor,43650,2025-07-14
36184,Li Wen,Khoo,Female,014-9487092,1980-09-05,li36184@gmail.com,Bronze,"No. 132, Jalan G20",Setapak,Federal Territory of Kuala Lumpur,53300,2025-07-14
36185,Meena,a/p Ramasamy,Female,015-4275349,1996-11-09,meena36185@gmail.com,Bronze,"No. 262, Jalan A3",Gombak,Selangor,53100,2025-07-14
36186,Siti,binti Abdullah,Female,013-6663051,1983-09-02,siti36186@gmail.com,Silver,"No. 80, Jalan A5",Kuala Lumpur,Federal Territory of Kuala Lumpur,58000,2025-07-15
36187,Shu Fen,Foo,Female,017-1062712,1987-09-08,shu36187@gmail.com,Bronze,"No. 279, Jalan F19",Kuala Lumpur,Federal Territory of Kuala Lumpur,50450,2025-07-15
36188,Amelia,binti Hamid,Female,014-5298994,2001-09-30,amelia36188@gmail.com,Silver,"No. 179, Jalan D6",Kuala Lumpur,Federal Territory of Kuala Lumpur,55200,2025-07-15
36189,Lakshmi,a/p Muniandy,Female,018-4469412,1972-09-01,lakshmi36189@gmail.com,Bronze,"No. 139, Jalan B7",Kuala Lumpur,Federal Territory of Kuala Lumpur,50000,2025-07-15
36190,Irfan,bin Rahman,Male,012-4366287,1964-07-18,irfan36190@gmail.com,Bronze,"No. 216, Jalan G1",Petaling Jaya,Selangor,47810,2025-07-15
36191,Nurul Huda,binti Ahmad,Female,016-9639401,2006-09-28,nurul36191@gmail.com,Bronze,"No. 244, Jalan E12",Sungai Buloh,Selangor,47810,2025-07-15
36192,Zarina,binti Ahmad,Female,010-1114631,2003-06-19,zarina36192@gmail.com,Silver,"No. 248, Jalan F1",Melaka,Melaka,75200,2025-07-15
36193,Nurul Huda,binti Ismail,Female,013-6731384,1997-06-06,nurul36193@gmail.com,Silver,"No. 5, Jalan A4",Puchong,Selangor,47110,2025-07-15
36194,Kevin,Sim,Male,011-8671339,2002-10-22,kevin36194@gmail.com,Bronze,"No. 227, Jalan E12",Kepong,Federal Territory of Kuala Lumpur,52000,2025-07-15
36195,Aiman,bin Razak,Male,017-4944040,2002-01-18,aiman36195@gmail.com,Bronze,"No. 218, Jalan B16",Ampang,Selangor,68000,2025-07-15
36196,Pei Shan,Liew,Female,014-1727381,1984-03-02,pei36196@gmail.com,Bronze,"No. 136, Jalan E9",Taiping,Perak,34600,2025-07-15
36197,Amirul,bin Yusof,Male,012-4220152,1993-01-16,amirul36197@gmail.com,Bronze,"No. 269, Jalan B14",Ipoh,Perak,30000,2025-07-15
36198,Hannah,binti Osman,Female,012-3259266,1995-07-01,hannah36198@gmail.com,Bronze,"No. 255, Jalan G1",Bukit Jalil,Federal Territory of Kuala Lumpur,58200,2025-07-15
36199,Siti,binti Razak,Female,018-4119234,2005-04-29,siti36199@gmail.com,Silver,"No. 181, Jalan E6",Bukit Jalil,Federal Territory of Kuala Lumpur,57100,2025-07-15
36200,Wan Ying,Lee,Female,016-8715373,2002-09-05,wan36200@gmail.com,Bronze,"No. 81, Jalan B11",Bukit Jalil,Federal Territory of Kuala Lumpur,57100,2025-07-15
36201,Kavitha,a/p Maniam,Female,011-2864135,2000-01-16,kavitha36201@gmail.com,Bronze,"No. 27, Jalan C5",Setapak,Federal Territory of Kuala Lumpur,53000,2025-07-16
36202,Nur Aina,binti Ahmad,Female,018-8529038,1967-09-08,nur36202@gmail.com,Silver,"No. 10, Jalan G15",Kuala Lumpur,Federal Territory of Kuala Lumpur,58000,2025-07-16
36203,Firdaus,bin Ismail,Male,014-5478427,1993-09-29,firdaus36203@gmail.com,Gold,"No. 150, Jalan E8",Kuala Lumpur,Federal Territory of Kuala Lumpur,57000,2025-07-16
36204,Prakash,a/l Ramasamy,Male,012-7876177,1995-03-19,prakash36204@gmail.com,Gold,"No. 248, Jalan B14",Johor Bahru,Johor,80350,2025-07-16
36205,Danial,bin Abdullah,Male,013-4818344,1995-03-10,danial36205@gmail.com,Bronze,"No. 41, Jalan B16",Johor Bahru,Johor,81300,2025-07-16
36206,Izzati,binti Osman,Female,015-9872428,1975-05-22,izzati36206@gmail.com,Silver,"No. 70, Jalan E19",Johor Bahru,Johor,80100,2025-07-16
36207,Yasmin,binti Hassan,Female,015-2964967,1990-08-28,yasmin36207@gmail.com,Bronze,"No. 71, Jalan A10",Melaka,Melaka,75250,2025-07-16
36208,Zulkifli,bin Ismail,Male,015-8958096,1999-04-17,zulkifli36208@gmail.com,Bronze,"No. 63, Jalan G3",Sungai Buloh,Selangor,47000,2025-07-16
36209,Zulkifli,bin Rahman,Male,018-4268185,1981-01-10,zulkifli36209@gmail.com,Bronze,"No. 281, Jalan A3",Gombak,Selangor,53000,2025-07-16
36210,Amirul,bin Abdullah,Male,012-4550808,1974-05-12,amirul36210@gmail.com,Gold,"No. 208, Jalan D4",Petaling Jaya,Selangor,46200,2025-07-16
36211,Hui Min,Tan,Female,013-8462786,1980-10-28,hui36211@gmail.com,Bronze,"No. 157, Jalan G10",Puchong,Selangor,47150,2025-07-16
36212,Haziq,bin Ismail,Male,017-2021006,1972-07-16,haziq36212@gmail.com,Silver,"No. 146, Jalan A4",Setapak,Federal Territory of Kuala Lumpur,53000,2025-07-16
36213,Chong Wei,Goh,Male,014-4362340,1973-06-29,chong36213@gmail.com,Bronze,"No. 134, Jalan B2",Ipoh,Perak,31400,2025-07-16
36214,Suhaila,binti Zainal,Female,014-2604552,2005-10-07,suhaila36214@gmail.com,Bronze,"No. 159, Jalan A12",Seremban,Negeri Sembilan,70300,2025-07-16
36215,Farah,binti Abdullah,Female,018-8746364,1985-01-04,farah36215@gmail.com,Bronze,"No. 22, Jalan B20",Temerloh,Pahang,28000,2025-07-16
36216,Yasmin,binti Yusof,Female,011-4028263,2000-06-22,yasmin36216@gmail.com,Silver,"No. 292, Jalan C9",Subang Jaya,Selangor,47630,2025-07-16
36217,Ling Ling,Khoo,Female,016-1847811,1979-01-04,ling36217@gmail.com,Bronze,"No. 71, Jalan E12",Subang Jaya,Selangor,47650,2025-07-16
36218,Aiman,bin Razak,Male,013-5716617,1969-06-15,aiman36218@gmail.com,Silver,"No. 256, Jalan C4",Subang Jaya,Selangor,47650,2025-07-16
36219,Hui Min,Teoh,Female,017-8431378,1966-08-27,hui36219@gmail.com,Gold,"No. 248, Jalan F16",Cyberjaya,Selangor,63000,2025-07-16
36220,Li Wen,Teoh,Female,019-3179913,1968-04-29,li36220@gmail.com,Bronze,"No. 54, Jalan C5",Petaling Jaya,Selangor,47300,2025-07-17
36221,Mei Ling,Foo,Female,018-9629025,2006-04-25,mei36221@gmail.com,Silver,"No. 238, Jalan C8",Petaling Jaya,Selangor,47300,2025-07-17
36222,Shu Fen,Lee,Female,019-6284760,1992-02-06,shu36222@gmail.com,Bronze,"No. 81, Jalan D6",Petaling Jaya,Selangor,47400,2025-07-17
36223,Yee Ling,Liew,Female,019-8092463,2001-03-06,yee36223@gmail.com,Bronze,"No. 141, Jalan B17",Johor Bahru,Johor,81100,2025-07-17
36224,Chloe,Ong,Female,010-5534853,1979-06-23,chloe36224@gmail.com,Silver,"No. 218, Jalan B19",Johor Bahru,Johor,80300,2025-07-17
36225,Amelia,binti Ahmad,Female,015-3151514,2006-04-21,amelia36225@gmail.com,Silver,"No. 289, Jalan A7",Johor Bahru,Johor,81100,2025-07-17
36226,Ravi,a/l Muniandy,Male,010-7230945,1968-05-17,ravi36226@gmail.com,Gold,"No. 145, Jalan A7",Johor Bahru,Johor,80350,2025-07-17
36227,Adam,bin Yusof,Male,019-4230835,1975-12-22,adam36227@gmail.com,Bronze,"No. 14, Jalan G18",Johor Bahru,Johor,81200,2025-07-17
36228,Zhi Wei,Chin,Male,013-7257936,1983-10-23,zhi36228@gmail.com,Bronze,"No. 250, Jalan B15",Melaka,Melaka,75300,2025-07-17
36229,Rachel,Loh,Female,015-2101418,1999-07-03,rachel36229@gmail.com,Gold,"No. 39, Jalan B1",Shah Alam,Selangor,40160,2025-07-17
36230,Suresh,a/l Muniandy,Male,011-3239382,1969-11-01,suresh36230@gmail.com,Silver,"No. 233, Jalan G13",Shah Alam,Selangor,40200,2025-07-17
36231,Adam,bin Razak,Male,015-9163497,1990-08-28,adam36231@gmail.com,Bronze,"No. 215, Jalan A8",Shah Alam,Selangor,40300,2025-07-17
36232,Haziq,bin Osman,Male,010-5249954,1995-12-30,haziq36232@gmail.com,Platinum,"No. 267, Jalan F17",Shah Alam,Selangor,40160,2025-07-17
36233,Mei Ling,Yeoh,Female,013-2038994,1970-03-11,mei36233@gmail.com,Bronze,"No. 142, Jalan B1",Klang,Selangor,41200,2025-07-17
36234,Daniel,Foo,Male,019-8439129,1967-06-01,daniel36234@gmail.com,Silver,"No. 185, Jalan D18",Klang,Selangor,41200,2025-07-17
36235,Daniel,Chan,Male,013-3937492,1996-11-29,daniel36235@gmail.com,Silver,"No. 82, Jalan A17",Puchong,Selangor,47120,2025-07-17
36236,Aisyah,binti Abdullah,Female,010-6442338,1979-04-04,aisyah36236@gmail.com,Silver,"No. 174, Jalan C1",Sungai Buloh,Selangor,47820,2025-07-17
36237,Balqis,binti Osman,Female,015-5943115,2003-03-23,balqis36237@gmail.com,Platinum,"No. 255, Jalan E19",Selayang,Selangor,68100,2025-07-17
36238,Hafiz,bin Hamid,Male,016-8648057,1977-02-15,hafiz36238@gmail.com,Bronze,"No. 266, Jalan F15",Rawang,Selangor,48000,2025-07-17
36239,Alia,binti Osman,Female,018-6592801,2005-10-25,alia36239@gmail.com,Gold,"No. 3, Jalan D10",Kepong,Federal Territory of Kuala Lumpur,52000,2025-07-17
36240,Syafiq,bin Abdullah,Male,017-7296945,1967-06-25,syafiq36240@gmail.com,Bronze,"No. 35, Jalan A16",Kepong,Federal Territory of Kuala Lumpur,52000,2025-07-17
36241,Jian Ming,Lee,Male,013-4023495,1970-04-22,jian36241@gmail.com,Bronze,"No. 249, Jalan B3",Puchong,Selangor,47150,2025-07-17
36242,Arjun,a/l Rajan,Male,017-3057568,1971-05-31,arjun36242@gmail.com,Silver,"No. 139, Jalan F19",Kuantan,Pahang,25300,2025-07-17
36243,Danial,bin Yusof,Male,018-1056366,1994-04-30,danial36243@gmail.com,Bronze,"No. 245, Jalan B15",Selayang,Selangor,68000,2025-07-17
36244,Hafiz,bin Osman,Male,011-8609481,1980-08-11,hafiz36244@gmail.com,Gold,"No. 109, Jalan C6",Kuala Lumpur,Federal Territory of Kuala Lumpur,56000,2025-07-17
36245,Amelia,binti Razak,Female,012-3035268,1981-03-16,amelia36245@gmail.com,Gold,"No. 157, Jalan A2",Kepong,Federal Territory of Kuala Lumpur,51200,2025-07-18
36246,Izzati,binti Ismail,Female,019-7485209,2004-06-18,izzati36246@gmail.com,Gold,"No. 168, Jalan G14",Kuala Lumpur,Federal Territory of Kuala Lumpur,50450,2025-07-18
36247,Rohani,binti Hamid,Female,018-3820739,2000-02-13,rohani36247@gmail.com,Gold,"No. 152, Jalan F5",Kuala Lumpur,Federal Territory of Kuala Lumpur,59200,2025-07-18
36248,Wei Jie,Goh,Male,017-3672585,1967-02-25,wei36248@gmail.com,Bronze,"No. 89, Jalan E11",Petaling Jaya,Selangor,47400,2025-07-18
36249,Kai Xin,Chin,Female,019-2612823,2001-03-31,kai36249@gmail.com,Bronze,"No. 259, Jalan G19",Johor Bahru,Johor,80300,2025-07-18
36250,Rohani,binti Rahman,Female,016-6425492,1976-03-14,rohani36250@gmail.com,Silver,"No. 122, Jalan F5",Wangsa Maju,Federal Territory of Kuala Lumpur,53200,2025-07-18
36251,Anisa,binti Razak,Female,015-8517144,1973-04-08,anisa36251@gmail.com,Silver,"No. 34, Jalan B5",Melaka,Melaka,75200,2025-07-18
36252,Syafiq,bin Ismail,Male,010-8323169,1999-10-10,syafiq36252@gmail.com,Silver,"No. 167, Jalan A15",George Town,Pulau Pinang,10050,2025-07-18
36253,Farah,binti Abdullah,Female,012-1458597,1997-04-23,farah36253@gmail.com,Bronze,"No. 216, Jalan G7",Butterworth,Pulau Pinang,12000,2025-07-18
36254,Zheng Yang,Sim,Male,018-6784765,1989-10-14,zheng36254@gmail.com,Silver,"No. 100, Jalan F10",Subang Jaya,Selangor,47650,2025-07-18
36255,Danial,bin Rahman,Male,012-6226021,1964-07-12,danial36255@gmail.com,Bronze,"No. 140, Jalan D2",Shah Alam,Selangor,40200,2025-07-18
36256,Zarina,binti Ahmad,Female,011-1027662,1969-03-04,zarina36256@gmail.com,Silver,"No. 204, Jalan E17",Selayang,Selangor,68000,2025-07-18
36257,Chloe,Ong,Female,014-6363650,2001-06-25,chloe36257@gmail.com,Silver,"No. 76, Jalan G13",Rawang,Selangor,48000,2025-07-18
36258,Kai Xin,Goh,Female,016-8589169,1966-02-22,kai36258@gmail.com,Gold,"No. 255, Jalan C12",Shah Alam,Selangor,40400,2025-07-18
36259,Vanessa,Chin,Female,017-5767577,1971-01-04,vanessa36259@gmail.com,Silver,"No. 34, Jalan E5",Gombak,Selangor,53100,2025-07-18
36260,Prakash,a/l Subramaniam,Male,017-4525815,1973-04-02,prakash36260@gmail.com,Bronze,"No. 99, Jalan G6",Ipoh,Perak,31350,2025-07-18
36261,Hafiz,bin Zainal,Male,010-1388980,1966-09-17,hafiz36261@gmail.com,Silver,"No. 104, Jalan D12",Ipoh,Perak,30020,2025-07-18
36262,Aina,binti Razak,Female,017-8424528,2004-12-24,aina36262@gmail.com,Silver,"No. 32, Jalan B14",Bukit Jalil,Federal Territory of Kuala Lumpur,58200,2025-07-18
36263,Jun Hao,Yeoh,Male,017-7824997,1987-12-24,jun36263@gmail.com,Bronze,"No. 5, Jalan F5",Kuantan,Pahang,26060,2025-07-18
36264,Priya,a/p Maniam,Female,011-8378168,1975-10-22,priya36264@gmail.com,Bronze,"No. 67, Jalan E16",Subang Jaya,Selangor,47500,2025-07-18
36265,Shalini,a/p Krishnan,Female,018-2295235,1990-08-28,shalini36265@gmail.com,Bronze,"No. 207, Jalan D10",Bukit Jalil,Federal Territory of Kuala Lumpur,58200,2025-07-18
36266,Siti,binti Ahmad,Female,010-5292878,1993-09-25,siti36266@gmail.com,Bronze,"No. 98, Jalan A17",Bukit Jalil,Federal Territory of Kuala Lumpur,57000,2025-07-18
36267,Wei Jie,Cheah,Male,017-9197238,1965-03-08,wei36267@gmail.com,Gold,"No. 173, Jalan F20",Petaling Jaya,Selangor,46200,2025-07-19
36268,Yong Sheng,Teoh,Male,018-9038072,1978-12-15,yong36268@gmail.com,Bronze,"No. 76, Jalan D3",Sungai Buloh,Selangor,47810,2025-07-19
36269,Arjun,a/l Subramaniam,Male,011-4865549,1982-09-08,arjun36269@gmail.com,Gold,"No. 85, Jalan F1",Johor Bahru,Johor,80300,2025-07-19
36270,Ling Ling,Chong,Female,016-2625746,1972-12-01,ling36270@gmail.com,Gold,"No. 195, Jalan B11",Johor Bahru,Johor,81100,2025-07-19
36271,Haziq,bin Hamid,Male,013-6675124,1978-03-28,haziq36271@gmail.com,Gold,"No. 192, Jalan C1",Johor Bahru,Johor,81200,2025-07-19
36272,Jasmine,Tan,Female,014-6499678,1983-03-08,jasmine36272@gmail.com,Silver,"No. 248, Jalan G6",Johor Bahru,Johor,81300,2025-07-19
36273,Zarina,binti Hamid,Female,017-7380954,1996-09-04,zarina36273@gmail.com,Bronze,"No. 22, Jalan C10",George Town,Pulau Pinang,10100,2025-07-19
36274,Chong Wei,Foo,Male,014-8033866,1966-09-26,chong36274@gmail.com,Bronze,"No. 18, Jalan A9",Melaka,Melaka,75000,2025-07-19
36275,Haziq,bin Abdullah,Male,019-6061373,1976-02-01,haziq36275@gmail.com,Bronze,"No. 210, Jalan F15",Sungai Buloh,Selangor,47000,2025-07-19
36276,Farah,binti Ismail,Female,014-1257491,2003-03-30,farah36276@gmail.com,Bronze,"No. 63, Jalan F13",Klang,Selangor,41150,2025-07-19
36277,Danial,bin Yusof,Male,019-9191346,1988-11-24,danial36277@gmail.com,Bronze,"No. 160, Jalan F18",Klang,Selangor,41100,2025-07-19
36278,Nurul Huda,binti Yusof,Female,016-5793232,1983-05-29,nurul36278@gmail.com,Bronze,"No. 275, Jalan D16",Puchong,Selangor,47160,2025-07-19
36279,Hafiz,bin Osman,Male,018-5217154,1995-09-28,hafiz36279@gmail.com,Silver,"No. 93, Jalan G1",Bangi,Selangor,43600,2025-07-19
36280,Amirul,bin Zainal,Male,018-4938755,1990-06-04,amirul36280@gmail.com,Bronze,"No. 129, Jalan C11",Puchong,Selangor,47140,2025-07-19
36281,Wei Hong,Teoh,Male,012-6064342,1968-03-30,wei36281@gmail.com,Bronze,"No. 280, Jalan B11",Bukit Jalil,Federal Territory of Kuala Lumpur,58200,2025-07-19
36282,Aina,binti Hamid,Female,016-7170806,1968-01-10,aina36282@gmail.com,Bronze,"No. 168, Jalan D11",Setapak,Federal Territory of Kuala Lumpur,53200,2025-07-19
36283,Aina,binti Abdullah,Female,011-2383892,2003-05-30,aina36283@gmail.com,Bronze,"No. 211, Jalan F20",Kuala Lumpur,Federal Territory of Kuala Lumpur,55200,2025-07-19
36284,Hannah,binti Ahmad,Female,010-8296682,1986-11-09,hannah36284@gmail.com,Bronze,"No. 47, Jalan A14",Ipoh,Perak,30250,2025-07-19
36285,Firdaus,bin Ahmad,Male,011-9153928,1981-08-18,firdaus36285@gmail.com,Silver,"No. 183, Jalan F2",Ipoh,Perak,30200,2025-07-19
36286,Rachel,Ong,Female,014-7551190,1983-04-27,rachel36286@gmail.com,Silver,"No. 61, Jalan B14",Klang,Selangor,41250,2025-07-19
36287,Sze Min,Wong,Female,011-4531842,1977-09-13,sze36287@gmail.com,Silver,"No. 154, Jalan D10",Seremban,Negeri Sembilan,70100,2025-07-19
36288,Fatimah,binti Osman,Female,013-8923744,1973-12-14,fatimah36288@gmail.com,Bronze,"No. 105, Jalan G1",Seremban,Negeri Sembilan,70500,2025-07-19
36289,Zulkifli,bin Ahmad,Male,017-2780159,1983-11-07,zulkifli36289@gmail.com,Silver,"No. 39, Jalan B6",George Town,Pulau Pinang,10450,2025-07-19
36290,Sharmila,a/p Muniandy,Female,012-7337362,2005-09-06,sharmila36290@gmail.com,Bronze,"No. 9, Jalan G5",Kuantan,Pahang,25250,2025-07-19
36291,Haziq,bin Ahmad,Male,013-4737688,1978-02-18,haziq36291@gmail.com,Bronze,"No. 101, Jalan F5",Subang Jaya,Selangor,47630,2025-07-19
36292,Jia Yi,Loh,Female,011-7196427,1976-03-27,jia36292@gmail.com,Bronze,"No. 77, Jalan C16",Subang Jaya,Selangor,47600,2025-07-19
36293,Fatimah,binti Rahman,Female,016-2932545,1992-12-30,fatimah36293@gmail.com,Bronze,"No. 144, Jalan A10",Bukit Jalil,Federal Territory of Kuala Lumpur,57100,2025-07-19
36294,Divya,a/p Rajan,Female,015-2046775,1989-02-13,divya36294@gmail.com,Bronze,"No. 107, Jalan A17",Bukit Jalil,Federal Territory of Kuala Lumpur,57000,2025-07-19
36295,Kai Xin,Goh,Female,014-8887549,1993-04-09,kai36295@gmail.com,Gold,"No. 118, Jalan F20",Kuala Lumpur,Federal Territory of Kuala Lumpur,58000,2025-07-20
36296,Aiman,bin Hamid,Male,011-2416401,1970-04-27,aiman36296@gmail.com,Bronze,"No. 233, Jalan D2",Sungai Buloh,Selangor,47000,2025-07-20
36297,Kavitha,a/p Rajan,Female,012-2387178,1988-03-06,kavitha36297@gmail.com,Silver,"No. 206, Jalan G1",Petaling Jaya,Selangor,47400,2025-07-20
36298,Irfan,bin Rahman,Male,019-1413830,2007-02-10,irfan36298@gmail.com,Silver,"No. 117, Jalan C3",Melaka,Melaka,75300,2025-07-20
36299,Mei Ling,Goh,Female,018-5442531,1979-08-15,mei36299@gmail.com,Bronze,"No. 287, Jalan C2",Kuantan,Pahang,25050,2025-07-20
36300,Hui Min,Ng,Female,019-3473177,1974-06-26,hui36300@gmail.com,Silver,"No. 124, Jalan G5",George Town,Pulau Pinang,10100,2025-07-20
36301,Ravi,a/l Krishnan,Male,017-6805137,2005-12-13,ravi36301@gmail.com,Bronze,"No. 162, Jalan C17",Shah Alam,Selangor,40100,2025-07-20
36302,Kevin,Khoo,Male,019-5536860,1976-07-23,kevin36302@gmail.com,Bronze,"No. 276, Jalan B16",Shah Alam,Selangor,40100,2025-07-20
36303,Fatimah,binti Zainal,Female,012-9898393,1992-07-24,fatimah36303@gmail.com,Bronze,"No. 284, Jalan B15",Shah Alam,Selangor,40170,2025-07-20
36304,Li Wen,Chong,Female,016-9272400,1999-10-24,li36304@gmail.com,Platinum,"No. 265, Jalan A19",Petaling Jaya,Selangor,47400,2025-07-20
36305,Pei Shan,Goh,Female,018-5406045,1993-05-18,pei36305@gmail.com,Silver,"No. 112, Jalan A1",Rawang,Selangor,48010,2025-07-20
36306,Yasmin,binti Zainal,Female,018-6128892,1993-08-22,yasmin36306@gmail.com,Bronze,"No. 98, Jalan C12",Sungai Buloh,Selangor,47810,2025-07-20
36307,Aina,binti Ahmad,Female,012-6105931,1965-10-04,aina36307@gmail.com,Bronze,"No. 179, Jalan F16",Selayang,Selangor,68100,2025-07-20
36308,Sze Min,Yap,Female,010-9546717,1980-03-10,sze36308@gmail.com,Silver,"No. 248, Jalan B15",Setapak,Federal Territory of Kuala Lumpur,53000,2025-07-20
36309,Wan Ying,Yeoh,Female,017-3361982,1989-09-25,wan36309@gmail.com,Bronze,"No. 133, Jalan C5",Ipoh,Perak,30000,2025-07-20
36310,Jian Ming,Chan,Male,014-4705068,2002-07-28,jian36310@gmail.com,Bronze,"No. 192, Jalan D18",Taiping,Perak,34700,2025-07-20
36311,Zulkifli,bin Osman,Male,015-7731756,1981-02-12,zulkifli36311@gmail.com,Bronze,"No. 189, Jalan F19",Seremban,Negeri Sembilan,70300,2025-07-20
36312,Zulkifli,bin Razak,Male,013-7817729,1997-06-11,zulkifli36312@gmail.com,Silver,"No. 90, Jalan B9",Kuantan,Pahang,25050,2025-07-20
36313,Zulkifli,bin Rahman,Male,014-7557514,1979-01-08,zulkifli36313@gmail.com,Bronze,"No. 43, Jalan A11",Bukit Jalil,Federal Territory of Kuala Lumpur,57100,2025-07-20
36314,Kavitha,a/p Rajan,Female,018-2353286,2004-06-04,kavitha36314@gmail.com,Bronze,"No. 280, Jalan B4",Kuala Lumpur,Federal Territory of Kuala Lumpur,59200,2025-07-21
36315,Aiman,bin Rahman,Male,016-4633716,1985-03-21,aiman36315@gmail.com,Silver,"No. 169, Jalan G18",Kuala Lumpur,Federal Territory of Kuala Lumpur,59200,2025-07-21
36316,Wan Ying,Chong,Female,014-5316354,1997-12-23,wan36316@gmail.com,Silver,"No. 161, Jalan G13",Puchong,Selangor,47160,2025-07-21
36317,Chloe,Chan,Female,013-8774506,2006-02-07,chloe36317@gmail.com,Bronze,"No. 128, Jalan F6",Gombak,Selangor,53100,2025-07-21
36318,Firdaus,bin Hassan,Male,010-8504177,1984-05-23,firdaus36318@gmail.com,Gold,"No. 58, Jalan G6",Petaling Jaya,Selangor,47800,2025-07-21
36319,Nabila,binti Razak,Female,012-9894800,2003-05-03,nabila36319@gmail.com,Bronze,"No. 47, Jalan D8",Petaling Jaya,Selangor,47800,2025-07-21
36320,Syafiq,bin Ahmad,Male,013-6360913,1970-07-01,syafiq36320@gmail.com,Silver,"No. 237, Jalan E16",Sungai Buloh,Selangor,47000,2025-07-21
36321,Firdaus,bin Hamid,Male,015-8818475,1967-09-04,firdaus36321@gmail.com,Gold,"No. 258, Jalan G15",Ipoh,Perak,31350,2025-07-21
36322,Aisyah,binti Zainal,Female,018-8732482,1967-08-07,aisyah36322@gmail.com,Bronze,"No. 217, Jalan B3",Sungai Buloh,Selangor,47810,2025-07-21
36323,Alia,binti Osman,Female,017-4845236,1967-04-05,alia36323@gmail.com,Bronze,"No. 111, Jalan F5",Klang,Selangor,41250,2025-07-21
36324,Haziq,bin Rahman,Male,016-6323386,1976-01-11,haziq36324@gmail.com,Bronze,"No. 125, Jalan G19",Sungai Buloh,Selangor,47810,2025-07-21
36325,Wei Hong,Chin,Male,018-1480147,1965-12-25,wei36325@gmail.com,Bronze,"No. 220, Jalan G8",Seremban,Negeri Sembilan,70100,2025-07-21
36326,Li Wen,Loh,Female,011-6296424,2003-05-21,li36326@gmail.com,Gold,"No. 203, Jalan C15",Kuantan,Pahang,25300,2025-07-21
36327,Irfan,bin Rahman,Male,019-6986116,1970-05-06,irfan36327@gmail.com,Bronze,"No. 100, Jalan E7",Kuantan,Pahang,26060,2025-07-21
36328,Nurin,binti Abdullah,Female,016-1836161,1977-08-03,nurin36328@gmail.com,Bronze,"No. 242, Jalan C14",Subang Jaya,Selangor,47620,2025-07-21
36329,Aiman,bin Osman,Male,015-6179864,1993-11-11,aiman36329@gmail.com,Silver,"No. 262, Jalan D7",Bukit Jalil,Federal Territory of Kuala Lumpur,57100,2025-07-21
36330,Amelia,binti Yusof,Female,014-8411324,1972-04-28,amelia36330@gmail.com,Bronze,"No. 183, Jalan G17",Kuala Lumpur,Federal Territory of Kuala Lumpur,59000,2025-07-22
36331,Nurul Huda,binti Hamid,Female,017-6350815,1972-09-06,nurul36331@gmail.com,Silver,"No. 38, Jalan E1",Kuala Lumpur,Federal Territory of Kuala Lumpur,50480,2025-07-22
36332,Nabila,binti Zainal,Female,016-7014092,1977-03-15,nabila36332@gmail.com,Bronze,"No. 292, Jalan B5",Setapak,Federal Territory of Kuala Lumpur,53200,2025-07-22
36333,Aina,binti Abdullah,Female,013-2775434,1971-12-14,aina36333@gmail.com,Bronze,"No. 174, Jalan C20",Petaling Jaya,Selangor,46100,2025-07-22
36334,Jia Yi,Ng,Female,019-7534710,2000-10-13,jia36334@gmail.com,Bronze,"No. 290, Jalan G7",Petaling Jaya,Selangor,47300,2025-07-22
36335,Syafiq,bin Razak,Male,015-2804831,1972-03-20,syafiq36335@gmail.com,Bronze,"No. 252, Jalan E18",Johor Bahru,Johor,80300,2025-07-22
36336,Kumar,a/l Maniam,Male,015-9008722,1987-08-24,kumar36336@gmail.com,Silver,"No. 105, Jalan G12",Melaka,Melaka,75200,2025-07-22
36337,Jian Ming,Chong,Male,014-3108903,1990-05-13,jian36337@gmail.com,Bronze,"No. 195, Jalan F12",Shah Alam,Selangor,40400,2025-07-22
36338,Aisyah,binti Razak,Female,013-3577984,1996-08-31,aisyah36338@gmail.com,Silver,"No. 181, Jalan B13",Puchong,Selangor,47100,2025-07-22
36339,Rohani,binti Razak,Female,014-5826092,1981-02-28,rohani36339@gmail.com,Platinum,"No. 235, Jalan C7",Puchong,Selangor,47160,2025-07-22
36340,Zhi Wei,Lee,Male,017-9386945,1994-03-03,zhi36340@gmail.com,Platinum,"No. 84, Jalan C4",Selayang,Selangor,68000,2025-07-22
36341,Aiman,bin Hassan,Male,019-4264975,1967-02-19,aiman36341@gmail.com,Gold,"No. 24, Jalan G14",Setapak,Federal Territory of Kuala Lumpur,53200,2025-07-22
36342,Nabila,binti Zainal,Female,019-2270571,1980-11-14,nabila36342@gmail.com,Bronze,"No. 174, Jalan A14",Ampang,Selangor,55100,2025-07-22
36343,Faizal,bin Osman,Male,018-3727498,1978-01-07,faizal36343@gmail.com,Bronze,"No. 125, Jalan E1",Gombak,Selangor,68100,2025-07-22
36344,Jian Ming,Chong,Male,018-6874842,1977-09-30,jian36344@gmail.com,Bronze,"No. 81, Jalan B15",Kuantan,Pahang,25000,2025-07-22
36345,Kok Wai,Sim,Male,014-6749065,1997-07-04,kok36345@gmail.com,Bronze,"No. 26, Jalan C13",Bukit Jalil,Federal Territory of Kuala Lumpur,57100,2025-07-22
36346,Ravi,a/l Ramasamy,Male,017-8400974,1977-02-23,ravi36346@gmail.com,Bronze,"No. 72, Jalan F15",Kuala Lumpur,Federal Territory of Kuala Lumpur,50480,2025-07-23
36347,Wei Hong,Chan,Male,014-6575679,1978-07-12,wei36347@gmail.com,Bronze,"No. 4, Jalan D18",Petaling Jaya,Selangor,46000,2025-07-23
36348,Xin Yi,Chua,Female,019-8534497,1993-05-21,xin36348@gmail.com,Silver,"No. 165, Jalan F9",Sungai Buloh,Selangor,47810,2025-07-23
36349,Adam,bin Ahmad,Male,017-1098808,1996-09-04,adam36349@gmail.com,Bronze,"No. 238, Jalan F2",Petaling Jaya,Selangor,47800,2025-07-23
36350,Yasmin,binti Hassan,Female,013-1731891,1971-05-08,yasmin36350@gmail.com,Bronze,"No. 290, Jalan A19",Johor Bahru,Johor,80200,2025-07-23
36351,Pei Shan,Teoh,Female,010-1036892,2001-03-22,pei36351@gmail.com,Bronze,"No. 61, Jalan C17",Sungai Buloh,Selangor,47000,2025-07-23
36352,Zheng Yang,Ng,Male,014-9532706,1993-11-01,zheng36352@gmail.com,Silver,"No. 130, Jalan C7",Klang,Selangor,41200,2025-07-23
36353,Yasmin,binti Abdullah,Female,014-3821902,1994-03-19,yasmin36353@gmail.com,Bronze,"No. 9, Jalan A14",Sungai Buloh,Selangor,47810,2025-07-23
36354,Hui Min,Sim,Female,017-6044222,2005-05-06,hui36354@gmail.com,Gold,"No. 262, Jalan G11",Kajang,Selangor,43000,2025-07-23
36355,Jun Hao,Teoh,Male,011-6376346,1998-01-08,jun36355@gmail.com,Silver,"No. 281, Jalan F4",Wangsa Maju,Federal Territory of Kuala Lumpur,53300,2025-07-23
36356,Izzati,binti Ahmad,Female,011-3640256,2004-10-18,izzati36356@gmail.com,Bronze,"No. 141, Jalan D18",Wangsa Maju,Federal Territory of Kuala Lumpur,53200,2025-07-23
36357,Haziq,bin Zainal,Male,013-1771900,1969-09-21,haziq36357@gmail.com,Bronze,"No. 153, Jalan G14",Johor Bahru,Johor,80000,2025-07-23
36358,Anisa,binti Ismail,Female,011-6416849,1968-06-06,anisa36358@gmail.com,Bronze,"No. 174, Jalan E17",Johor Bahru,Johor,81300,2025-07-23
36359,Siti,binti Zainal,Female,018-3730726,1973-03-17,siti36359@gmail.com,Bronze,"No. 238, Jalan F2",Wangsa Maju,Federal Territory of Kuala Lumpur,53200,2025-07-23
36360,Yasmin,binti Hassan,Female,014-9616563,1980-02-29,yasmin36360@gmail.com,Platinum,"No. 213, Jalan C14",Petaling Jaya,Selangor,46000,2025-07-23
36361,Wan Ying,Teoh,Female,013-5650514,1975-05-13,wan36361@gmail.com,Silver,"No. 53, Jalan D1",Temerloh,Pahang,28000,2025-07-23
36362,Thivya,a/p Muniandy,Female,017-7340186,1983-04-02,thivya36362@gmail.com,Silver,"No. 272, Jalan C10",Petaling Jaya,Selangor,46050,2025-07-24
36363,Pei Shan,Tan,Female,015-4522260,1984-10-26,pei36363@gmail.com,Bronze,"No. 291, Jalan B15",Petaling Jaya,Selangor,46100,2025-07-24
36364,Adam,bin Razak,Male,015-5661167,2004-01-22,adam36364@gmail.com,Bronze,"No. 117, Jalan C11",Melaka,Melaka,75250,2025-07-24
36365,Michelle,Liew,Female,017-6338925,1991-04-15,michelle36365@gmail.com,Bronze,"No. 204, Jalan B7",Shah Alam,Selangor,40460,2025-07-24
36366,Nadia,binti Yusof,Female,019-8651054,1975-07-17,nadia36366@gmail.com,Gold,"No. 119, Jalan E4",Shah Alam,Selangor,40450,2025-07-24
36367,Divya,a/p Ramasamy,Female,014-5649511,1994-05-25,divya36367@gmail.com,Silver,"No. 256, Jalan A16",Sungai Buloh,Selangor,47820,2025-07-24
36368,Balqis,binti Abdullah,Female,012-3654452,1964-06-30,balqis36368@gmail.com,Silver,"No. 39, Jalan D7",Selayang,Selangor,68000,2025-07-24
36369,Zarina,binti Abdullah,Female,012-2014233,1973-09-11,zarina36369@gmail.com,Silver,"No. 197, Jalan B17",Selayang,Selangor,68100,2025-07-24
36370,Ling Ling,Lim,Female,013-7280638,1967-08-28,ling36370@gmail.com,Bronze,"No. 218, Jalan B8",Setapak,Federal Territory of Kuala Lumpur,53100,2025-07-24
36371,Izzati,binti Razak,Female,014-4692776,1967-02-18,izzati36371@gmail.com,Bronze,"No. 185, Jalan B15",Kepong,Federal Territory of Kuala Lumpur,52100,2025-07-24
36372,Kavitha,a/p Muniandy,Female,010-1032301,2006-09-10,kavitha36372@gmail.com,Bronze,"No. 222, Jalan A2",Wangsa Maju,Federal Territory of Kuala Lumpur,53300,2025-07-24
36373,Anjali,a/p Rajan,Female,015-3967591,2005-06-16,anjali36373@gmail.com,Bronze,"No. 151, Jalan B2",Kuala Lumpur,Federal Territory of Kuala Lumpur,50000,2025-07-25
36374,Izzati,binti Zainal,Female,014-2311758,2007-03-11,izzati36374@gmail.com,Bronze,"No. 215, Jalan B7",Kuala Lumpur,Federal Territory of Kuala Lumpur,57000,2025-07-25
36375,Nur Aina,binti Hamid,Female,012-7482233,1977-02-21,nur36375@gmail.com,Silver,"No. 243, Jalan G18",Petaling Jaya,Selangor,47301,2025-07-25
36376,Nurin,binti Rahman,Female,012-4062604,1964-08-03,nurin36376@gmail.com,Silver,"No. 112, Jalan E13",Petaling Jaya,Selangor,47400,2025-07-25
36377,Nurin,binti Ahmad,Female,015-7040152,1998-09-29,nurin36377@gmail.com,Silver,"No. 249, Jalan G5",Johor Bahru,Johor,80350,2025-07-25
36378,Jia Yi,Goh,Female,011-7266852,1987-04-20,jia36378@gmail.com,Bronze,"No. 46, Jalan C4",Johor Bahru,Johor,80200,2025-07-25
36379,Hannah,binti Osman,Female,011-7003329,1973-04-14,hannah36379@gmail.com,Bronze,"No. 91, Jalan C15",Puchong,Selangor,47100,2025-07-25
36380,Pei Shan,Lee,Female,016-2298710,1979-12-30,pei36380@gmail.com,Bronze,"No. 279, Jalan A4",Johor Bahru,Johor,81300,2025-07-25
36381,Yasmin,binti Rahman,Female,015-2860507,1991-07-03,yasmin36381@gmail.com,Bronze,"No. 69, Jalan C2",Butterworth,Pulau Pinang,13700,2025-07-25
36382,Aina,binti Hassan,Female,011-5264006,1975-04-02,aina36382@gmail.com,Bronze,"No. 216, Jalan E17",Shah Alam,Selangor,40100,2025-07-25
36383,Amirul,bin Hamid,Male,013-1093707,1975-05-01,amirul36383@gmail.com,Bronze,"No. 155, Jalan D10",Shah Alam,Selangor,40460,2025-07-25
36384,Balqis,binti Osman,Female,012-7383994,2003-11-13,balqis36384@gmail.com,Bronze,"No. 88, Jalan D2",Sungai Buloh,Selangor,47820,2025-07-25
36385,Daniel,Teoh,Male,013-1581290,2002-07-16,daniel36385@gmail.com,Bronze,"No. 39, Jalan C9",Sungai Buloh,Selangor,47000,2025-07-25
36386,Firdaus,bin Ismail,Male,017-8367487,1985-02-03,firdaus36386@gmail.com,Silver,"No. 56, Jalan F1",Bukit Jalil,Federal Territory of Kuala Lumpur,58200,2025-07-25
36387,Zulkifli,bin Ismail,Male,017-7996185,1995-09-09,zulkifli36387@gmail.com,Bronze,"No. 27, Jalan A2",Kepong,Federal Territory of Kuala Lumpur,52000,2025-07-25
36388,Shu Fen,Tan,Female,016-9713433,2001-08-13,shu36388@gmail.com,Bronze,"No. 48, Jalan B7",Rawang,Selangor,48000,2025-07-25
36389,Irfan,bin Ahmad,Male,019-1801890,2002-11-01,irfan36389@gmail.com,Gold,"No. 275, Jalan E12",Seremban,Negeri Sembilan,70000,2025-07-25
36390,Aina,binti Hassan,Female,014-6559807,1996-02-25,aina36390@gmail.com,Silver,"No. 125, Jalan D10",Seremban,Negeri Sembilan,70300,2025-07-25
36391,Zheng Yang,Cheah,Male,012-3707994,1980-01-18,zheng36391@gmail.com,Bronze,"No. 164, Jalan F12",Temerloh,Pahang,28000,2025-07-25
36392,Prakash,a/l Subramaniam,Male,014-6090416,2003-11-09,prakash36392@gmail.com,Bronze,"No. 49, Jalan F7",Kuantan,Pahang,25300,2025-07-25
36393,Haziq,bin Ismail,Male,011-3616754,1985-04-26,haziq36393@gmail.com,Platinum,"No. 40, Jalan E18",Kuantan,Pahang,25250,2025-07-25
36394,Nadia,binti Abdullah,Female,011-4935988,1986-11-27,nadia36394@gmail.com,Bronze,"No. 250, Jalan F11",Subang Jaya,Selangor,47620,2025-07-25
36395,Kavitha,a/p Muniandy,Female,010-7958969,2007-04-17,kavitha36395@gmail.com,Bronze,"No. 213, Jalan D8",Bukit Jalil,Federal Territory of Kuala Lumpur,57000,2025-07-25
36396,Ling Ling,Loh,Female,011-5088248,1986-07-18,ling36396@gmail.com,Bronze,"No. 129, Jalan D16",Melaka,Melaka,75150,2025-07-25
36397,Jian Ming,Sim,Male,016-1983596,1966-06-04,jian36397@gmail.com,Bronze,"No. 191, Jalan G11",Kepong,Federal Territory of Kuala Lumpur,52100,2025-07-26
36398,Izzati,binti Yusof,Female,010-1788702,1988-10-29,izzati36398@gmail.com,Bronze,"No. 295, Jalan D3",Setapak,Federal Territory of Kuala Lumpur,53100,2025-07-26
36399,Nabila,binti Hassan,Female,014-2028796,1987-04-01,nabila36399@gmail.com,Gold,"No. 107, Jalan D7",Kuala Lumpur,Federal Territory of Kuala Lumpur,50000,2025-07-26
36400,Fatimah,binti Abdullah,Female,014-3112666,1977-04-23,fatimah36400@gmail.com,Bronze,"No. 259, Jalan B4",Kuala Lumpur,Federal Territory of Kuala Lumpur,55100,2025-07-26
36401,Thivya,a/p Maniam,Female,017-6218660,2007-04-20,thivya36401@gmail.com,Silver,"No. 291, Jalan F20",Kuala Lumpur,Federal Territory of Kuala Lumpur,55100,2025-07-26
36402,Alia,binti Abdullah,Female,015-5635010,1989-06-26,alia36402@gmail.com,Bronze,"No. 238, Jalan D2",Kuantan,Pahang,25100,2025-07-26
36403,Pei Shan,Khoo,Female,018-5671061,1980-08-16,pei36403@gmail.com,Gold,"No. 95, Jalan D8",Selayang,Selangor,68100,2025-07-26
36404,Yee Ling,Chua,Female,013-5852775,1972-12-14,yee36404@gmail.com,Silver,"No. 208, Jalan A16",Petaling Jaya,Selangor,47810,2025-07-26
36405,Izzati,binti Zainal,Female,014-4337099,1972-06-09,izzati36405@gmail.com,Bronze,"No. 83, Jalan A17",Johor Bahru,Johor,80300,2025-07-26
36406,Li Wen,Chin,Female,010-7068903,1964-09-02,li36406@gmail.com,Silver,"No. 263, Jalan G4",Johor Bahru,Johor,81300,2025-07-26
36407,Adam,bin Hassan,Male,018-6118950,1999-03-17,adam36407@gmail.com,Platinum,"No. 17, Jalan E14",Johor Bahru,Johor,81300,2025-07-26
36408,Izzati,binti Hassan,Female,013-6544706,1965-08-17,izzati36408@gmail.com,Silver,"No. 254, Jalan A11",Seremban,Negeri Sembilan,70100,2025-07-26
36409,Syafiq,bin Ahmad,Male,011-6963699,1972-01-10,syafiq36409@gmail.com,Bronze,"No. 199, Jalan F8",Klang,Selangor,41050,2025-07-26
36410,Sze Min,Yeoh,Female,019-8026614,1994-01-16,sze36410@gmail.com,Gold,"No. 300, Jalan D16",George Town,Pulau Pinang,10250,2025-07-26
36411,Jun Hao,Liew,Male,013-9843831,1966-09-29,jun36411@gmail.com,Bronze,"No. 232, Jalan B15",Klang,Selangor,41300,2025-07-26
36412,Pei Shan,Chong,Female,010-4161259,1994-02-22,pei36412@gmail.com,Bronze,"No. 175, Jalan F7",Shah Alam,Selangor,40150,2025-07-26
36413,Rohani,binti Hassan,Female,013-9503486,1992-02-25,rohani36413@gmail.com,Platinum,"No. 20, Jalan G19",Klang,Selangor,42100,2025-07-26
36414,Hafiz,bin Hassan,Male,016-8224207,1997-10-07,hafiz36414@gmail.com,Gold,"No. 41, Jalan G15",Sungai Buloh,Selangor,47820,2025-07-26
36415,Hui Min,Lim,Female,018-4057178,1984-09-22,hui36415@gmail.com,Silver,"No. 234, Jalan E7",Cyberjaya,Selangor,63100,2025-07-26
36416,Amelia,binti Ismail,Female,011-6171928,1967-10-01,amelia36416@gmail.com,Gold,"No. 220, Jalan D13",Puchong,Selangor,47120,2025-07-26
36417,Shalini,a/p Ramasamy,Female,018-2625336,2000-01-27,shalini36417@gmail.com,Silver,"No. 9, Jalan C13",Bangi,Selangor,43600,2025-07-26
36418,Lakshmi,a/p Ramasamy,Female,019-7692224,1973-10-01,lakshmi36418@gmail.com,Bronze,"No. 256, Jalan E1",Puchong,Selangor,47160,2025-07-26
36419,Adam,bin Abdullah,Male,010-8477429,1966-03-14,adam36419@gmail.com,Bronze,"No. 185, Jalan B14",Puchong,Selangor,47130,2025-07-26
36420,Prakash,a/l Rajan,Male,018-9779551,1969-04-30,prakash36420@gmail.com,Bronze,"No. 157, Jalan F2",Bangi,Selangor,43600,2025-07-26
36421,Amirul,bin Ismail,Male,012-3582235,1999-05-16,amirul36421@gmail.com,Bronze,"No. 26, Jalan C17",Puchong,Selangor,47180,2025-07-26
36422,Danial,bin Abdullah,Male,012-9466029,1999-06-04,danial36422@gmail.com,Bronze,"No. 275, Jalan E16",Selayang,Selangor,68000,2025-07-26
36423,Faizal,bin Hassan,Male,018-1528450,1979-01-11,faizal36423@gmail.com,Bronze,"No. 48, Jalan B16",Setapak,Federal Territory of Kuala Lumpur,53200,2025-07-26
36424,Chong Wei,Chin,Male,017-7876991,1993-01-14,chong36424@gmail.com,Bronze,"No. 100, Jalan C3",Setapak,Federal Territory of Kuala Lumpur,53200,2025-07-26
36425,Priya,a/p Rajan,Female,010-8892030,1977-01-15,priya36425@gmail.com,Silver,"No. 76, Jalan A11",Wangsa Maju,Federal Territory of Kuala Lumpur,53200,2025-07-26
36426,Nur Aina,binti Hassan,Female,012-1274725,1971-08-08,nur36426@gmail.com,Bronze,"No. 55, Jalan B7",Kepong,Federal Territory of Kuala Lumpur,52000,2025-07-26
36427,Adam,bin Abdullah,Male,018-6462756,2001-06-30,adam36427@gmail.com,Bronze,"No. 111, Jalan F12",Wangsa Maju,Federal Territory of Kuala Lumpur,53200,2025-07-26
36428,Zheng Yang,Liew,Male,015-8147538,1967-09-23,zheng36428@gmail.com,Silver,"No. 14, Jalan D5",Gombak,Selangor,53100,2025-07-26
36429,Danial,bin Yusof,Male,019-3351388,1989-04-20,danial36429@gmail.com,Bronze,"No. 291, Jalan E8",Ipoh,Perak,31400,2025-07-26
36430,Zarina,binti Ahmad,Female,014-4134302,1970-06-15,zarina36430@gmail.com,Bronze,"No. 279, Jalan E19",Ipoh,Perak,30020,2025-07-26
36431,Irfan,bin Hassan,Male,012-3534537,1988-05-13,irfan36431@gmail.com,Silver,"No. 258, Jalan C14",Kuantan,Pahang,25150,2025-07-26
36432,Yong Sheng,Chong,Male,015-6313070,1986-08-28,yong36432@gmail.com,Bronze,"No. 273, Jalan A6",Puchong,Selangor,47190,2025-07-26
36433,Nadia,binti Rahman,Female,012-7712558,1985-04-26,nadia36433@gmail.com,Bronze,"No. 44, Jalan B19",Subang Jaya,Selangor,47610,2025-07-26
36434,Rachel,Teoh,Female,016-8368814,1967-01-18,rachel36434@gmail.com,Silver,"No. 214, Jalan G2",Petaling Jaya,Selangor,46050,2025-07-27
36435,Adam,bin Hassan,Male,017-1131145,1983-04-14,adam36435@gmail.com,Gold,"No. 276, Jalan C5",Subang Jaya,Selangor,47650,2025-07-27
36436,Fatimah,binti Ismail,Female,018-1128532,1982-07-07,fatimah36436@gmail.com,Gold,"No. 21, Jalan C11",Bukit Jalil,Federal Territory of Kuala Lumpur,58200,2025-07-27
36437,Grace,Khoo,Female,015-4414877,1965-12-04,grace36437@gmail.com,Bronze,"No. 228, Jalan C14",Melaka,Melaka,75350,2025-07-27
36438,Zhi Wei,Ong,Male,010-3548239,1979-09-23,zhi36438@gmail.com,Bronze,"No. 136, Jalan B7",Shah Alam,Selangor,40160,2025-07-27
36439,Suresh,a/l Krishnan,Male,015-4885970,1995-07-12,suresh36439@gmail.com,Bronze,"No. 45, Jalan G17",Sungai Buloh,Selangor,47810,2025-07-27
36440,Haziq,bin Osman,Male,018-6286018,1985-02-16,haziq36440@gmail.com,Bronze,"No. 127, Jalan C14",Puchong,Selangor,47140,2025-07-27
36441,Zhi Wei,Chin,Male,013-7312441,1994-12-31,zhi36441@gmail.com,Bronze,"No. 76, Jalan F19",Subang Jaya,Selangor,47610,2025-07-27
36442,Lakshmi,a/p Subramaniam,Female,012-1333851,1988-03-10,lakshmi36442@gmail.com,Bronze,"No. 294, Jalan B18",Puchong,Selangor,47180,2025-07-27
36443,Balqis,binti Rahman,Female,015-7571215,2000-05-13,balqis36443@gmail.com,Bronze,"No. 296, Jalan D8",Puchong,Selangor,47160,2025-07-27
36444,Vanessa,Yap,Female,013-1431586,1979-09-29,vanessa36444@gmail.com,Gold,"No. 52, Jalan B15",Puchong,Selangor,47170,2025-07-27
36445,Divya,a/p Krishnan,Female,019-6713279,1999-08-21,divya36445@gmail.com,Bronze,"No. 229, Jalan G3",Puchong,Selangor,47170,2025-07-27
36446,Suhaila,binti Abdullah,Female,011-7712378,1975-09-01,suhaila36446@gmail.com,Platinum,"No. 177, Jalan G6",Puchong,Selangor,47140,2025-07-27
36447,Adam,bin Rahman,Male,014-5404862,1989-11-08,adam36447@gmail.com,Bronze,"No. 277, Jalan E1",Klang,Selangor,41150,2025-07-27
36448,Adam,bin Zainal,Male,018-6657620,1979-03-09,adam36448@gmail.com,Bronze,"No. 55, Jalan C5",Gombak,Selangor,53100,2025-07-27
36449,Hafiz,bin Yusof,Male,015-7929408,1974-06-17,hafiz36449@gmail.com,Silver,"No. 284, Jalan E16",Kuala Lumpur,Federal Territory of Kuala Lumpur,57000,2025-07-27
36450,Grace,Chan,Female,010-2625030,1988-11-15,grace36450@gmail.com,Platinum,"No. 273, Jalan F19",Gombak,Selangor,53000,2025-07-27
36451,Shalini,a/p Subramaniam,Female,014-6185320,1970-09-29,shalini36451@gmail.com,Bronze,"No. 48, Jalan C5",Gombak,Selangor,68100,2025-07-27
36452,Danial,bin Hamid,Male,013-7321763,1983-01-10,danial36452@gmail.com,Silver,"No. 67, Jalan F10",Gombak,Selangor,53100,2025-07-27
36453,Faizal,bin Abdullah,Male,013-9960685,1974-11-07,faizal36453@gmail.com,Bronze,"No. 107, Jalan G19",Gombak,Selangor,53100,2025-07-27
36454,Chong Wei,Sim,Male,019-3246938,1985-07-03,chong36454@gmail.com,Silver,"No. 225, Jalan D3",Nilai,Negeri Sembilan,71760,2025-07-27
36455,Jasmine,Teoh,Female,019-7735095,1969-09-16,jasmine36455@gmail.com,Bronze,"No. 124, Jalan B7",Seremban,Negeri Sembilan,70000,2025-07-27
36456,Prakash,a/l Krishnan,Male,013-7247832,2002-07-15,prakash36456@gmail.com,Bronze,"No. 127, Jalan G1",Setapak,Federal Territory of Kuala Lumpur,53200,2025-07-27
36457,Suhaila,binti Ismail,Female,013-5933649,1970-01-11,suhaila36457@gmail.com,Bronze,"No. 274, Jalan B9",Seremban,Negeri Sembilan,70100,2025-07-27
36458,Nabila,binti Ismail,Female,018-7341579,1980-10-22,nabila36458@gmail.com,Bronze,"No. 209, Jalan G1",Subang Jaya,Selangor,47620,2025-07-27
36459,Adam,bin Ismail,Male,010-9040476,1989-01-07,adam36459@gmail.com,Silver,"No. 136, Jalan G3",Subang Jaya,Selangor,47650,2025-07-27
36460,Divya,a/p Subramaniam,Female,013-8408228,1970-07-07,divya36460@gmail.com,Bronze,"No. 238, Jalan E18",Kajang,Selangor,43100,2025-07-27
36461,Haziq,bin Yusof,Male,010-2161686,1994-10-12,haziq36461@gmail.com,Bronze,"No. 236, Jalan A6",Bukit Jalil,Federal Territory of Kuala Lumpur,57100,2025-07-27
36462,Shu Fen,Chong,Female,012-1477912,1970-12-03,shu36462@gmail.com,Silver,"No. 69, Jalan D16",Kuala Lumpur,Federal Territory of Kuala Lumpur,56000,2025-07-28
36463,Zulkifli,bin Zainal,Male,016-8809965,1972-05-26,zulkifli36463@gmail.com,Bronze,"No. 80, Jalan F3",Petaling Jaya,Selangor,47810,2025-07-28
36464,Amelia,binti Razak,Female,012-3155217,1966-09-16,amelia36464@gmail.com,Bronze,"No. 2, Jalan B12",Melaka,Melaka,75000,2025-07-28
36465,Suhaila,binti Rahman,Female,019-3903397,1988-04-19,suhaila36465@gmail.com,Bronze,"No. 267, Jalan B2",Klang,Selangor,41100,2025-07-28
36466,Haziq,bin Rahman,Male,014-8004398,2000-06-27,haziq36466@gmail.com,Bronze,"No. 210, Jalan D13",Puchong,Selangor,47120,2025-07-28
36467,Rohani,binti Ismail,Female,010-7749224,1989-12-26,rohani36467@gmail.com,Platinum,"No. 93, Jalan G2",Kuantan,Pahang,25250,2025-07-28
36468,Anjali,a/p Krishnan,Female,012-7979431,1967-05-20,anjali36468@gmail.com,Silver,"No. 277, Jalan B9",Kuala Lumpur,Federal Territory of Kuala Lumpur,55200,2025-07-29
36469,Fatimah,binti Osman,Female,015-7043755,2001-12-12,fatimah36469@gmail.com,Bronze,"No. 261, Jalan F17",Kuala Lumpur,Federal Territory of Kuala Lumpur,56000,2025-07-29
36470,Rohani,binti Ahmad,Female,012-7506146,1982-07-02,rohani36470@gmail.com,Silver,"No. 272, Jalan C15",Kuala Lumpur,Federal Territory of Kuala Lumpur,50450,2025-07-29
36471,Daniel,Yeoh,Male,014-3670426,2001-12-29,daniel36471@gmail.com,Silver,"No. 68, Jalan A10",Kuala Lumpur,Federal Territory of Kuala Lumpur,56000,2025-07-29
36472,Aina,binti Hassan,Female,013-9838724,1978-10-29,aina36472@gmail.com,Silver,"No. 201, Jalan F19",Kuala Lumpur,Federal Territory of Kuala Lumpur,59000,2025-07-29
36473,Kumar,a/l Muniandy,Male,015-9036249,1987-08-11,kumar36473@gmail.com,Bronze,"No. 134, Jalan E11",Johor Bahru,Johor,81100,2025-07-29
36474,Hannah,binti Ismail,Female,017-6494363,1966-07-19,hannah36474@gmail.com,Bronze,"No. 235, Jalan G9",Melaka,Melaka,75000,2025-07-29
36475,Aina,binti Rahman,Female,019-4251028,1993-03-09,aina36475@gmail.com,Gold,"No. 150, Jalan D4",Sungai Buloh,Selangor,47820,2025-07-29
36476,Zulkifli,bin Hamid,Male,010-1855187,1980-01-04,zulkifli36476@gmail.com,Bronze,"No. 29, Jalan E3",Gombak,Selangor,53000,2025-07-29
36477,Wei Hong,Chin,Male,011-1477745,1974-02-10,wei36477@gmail.com,Bronze,"No. 267, Jalan E6",Puchong,Selangor,47180,2025-07-29
36478,Daniel,Liew,Male,011-6211582,2006-07-12,daniel36478@gmail.com,Gold,"No. 19, Jalan A5",Puchong,Selangor,47110,2025-07-29
36479,Hannah,binti Zainal,Female,016-9146065,2003-12-24,hannah36479@gmail.com,Bronze,"No. 163, Jalan E14",Bangi,Selangor,43650,2025-07-29
36480,Nadia,binti Zainal,Female,012-1569820,2007-05-11,nadia36480@gmail.com,Bronze,"No. 290, Jalan A20",Setapak,Federal Territory of Kuala Lumpur,53000,2025-07-29
36481,Nur Aina,binti Razak,Female,019-2091510,2003-01-29,nur36481@gmail.com,Gold,"No. 215, Jalan A12",Ipoh,Perak,31400,2025-07-29
36482,Balqis,binti Osman,Female,013-4859392,1976-08-08,balqis36482@gmail.com,Silver,"No. 290, Jalan C11",Seremban,Negeri Sembilan,70400,2025-07-29
36483,Nurul Huda,binti Osman,Female,015-1862360,1976-08-01,nurul36483@gmail.com,Bronze,"No. 99, Jalan A6",Bukit Jalil,Federal Territory of Kuala Lumpur,57100,2025-07-29
36484,Vikram,a/l Subramaniam,Male,014-3602847,1967-09-01,vikram36484@gmail.com,Bronze,"No. 13, Jalan B12",Kuala Lumpur,Federal Territory of Kuala Lumpur,59200,2025-07-30
36485,Hafiz,bin Razak,Male,013-7176237,1992-02-19,hafiz36485@gmail.com,Bronze,"No. 106, Jalan B19",Kuala Lumpur,Federal Territory of Kuala Lumpur,59200,2025-07-30
36486,Zarina,binti Razak,Female,015-8729595,1991-06-30,zarina36486@gmail.com,Bronze,"No. 174, Jalan A3",Petaling Jaya,Selangor,47300,2025-07-30
36487,Yasmin,binti Abdullah,Female,016-4856500,1993-07-07,yasmin36487@gmail.com,Bronze,"No. 78, Jalan D3",Puchong,Selangor,47160,2025-07-30
36488,Adam,bin Zainal,Male,017-6514923,1999-07-15,adam36488@gmail.com,Gold,"No. 197, Jalan E8",Alor Gajah,Melaka,78100,2025-07-30
36489,Balqis,binti Osman,Female,014-9462657,2004-11-28,balqis36489@gmail.com,Gold,"No. 261, Jalan A14",Melaka,Melaka,75200,2025-07-30
36490,Zulkifli,bin Zainal,Male,012-3698669,1968-05-17,zulkifli36490@gmail.com,Silver,"No. 31, Jalan G14",Shah Alam,Selangor,40200,2025-07-30
36491,Zhi Wei,Sim,Male,018-2701044,1996-11-22,zhi36491@gmail.com,Gold,"No. 81, Jalan C15",Shah Alam,Selangor,40160,2025-07-30
36492,Firdaus,bin Ismail,Male,011-7850139,1997-09-27,firdaus36492@gmail.com,Silver,"No. 115, Jalan B12",Klang,Selangor,41100,2025-07-30
36493,Jun Hao,Liew,Male,014-8916326,1967-03-24,jun36493@gmail.com,Silver,"No. 164, Jalan B10",Shah Alam,Selangor,40100,2025-07-30
36494,Haziq,bin Osman,Male,016-7629751,2002-08-13,haziq36494@gmail.com,Gold,"No. 147, Jalan D19",Rawang,Selangor,48020,2025-07-30
36495,Priya,a/p Maniam,Female,013-2914753,1969-08-05,priya36495@gmail.com,Bronze,"No. 196, Jalan G9",Taiping,Perak,34700,2025-07-30
36496,Jia Yi,Chua,Female,018-1808523,1986-01-10,jia36496@gmail.com,Silver,"No. 115, Jalan E2",Seremban,Negeri Sembilan,70000,2025-07-30
36497,Chloe,Tan,Female,019-6339037,2000-07-09,chloe36497@gmail.com,Bronze,"No. 103, Jalan G3",Cyberjaya,Selangor,63000,2025-07-30
36498,Daniel,Chan,Male,012-5131057,1995-04-17,daniel36498@gmail.com,Silver,"No. 217, Jalan B4",Setapak,Federal Territory of Kuala Lumpur,53000,2025-07-30
36499,Irfan,bin Osman,Male,010-7275581,2001-07-15,irfan36499@gmail.com,Bronze,"No. 85, Jalan F3",Kuala Lumpur,Federal Territory of Kuala Lumpur,50000,2025-07-31
36500,Balqis,binti Razak,Female,019-2760658,1978-01-15,balqis36500@gmail.com,Gold,"No. 178, Jalan A5",Kepong,Federal Territory of Kuala Lumpur,52000,2025-07-31
36501,Aiman,bin Zainal,Male,013-3371897,1966-03-17,aiman36501@gmail.com,Gold,"No. 90, Jalan G10",Kuala Lumpur,Federal Territory of Kuala Lumpur,50480,2025-07-31
36502,Pei Shan,Yap,Female,016-6712690,1988-01-01,pei36502@gmail.com,Bronze,"No. 122, Jalan A2",Kuala Lumpur,Federal Territory of Kuala Lumpur,55100,2025-07-31
36503,Deepa,a/p Muniandy,Female,014-1058303,2004-01-01,deepa36503@gmail.com,Bronze,"No. 140, Jalan E5",Petaling Jaya,Selangor,47800,2025-07-31
36504,Priya,a/p Subramaniam,Female,019-3400687,1982-07-04,priya36504@gmail.com,Gold,"No. 24, Jalan A16",Petaling Jaya,Selangor,47800,2025-07-31
36505,Pei Shan,Loh,Female,016-3473495,1991-05-07,pei36505@gmail.com,Gold,"No. 40, Jalan E10",Petaling Jaya,Selangor,47301,2025-07-31
36506,Alia,binti Ahmad,Female,017-1495771,2002-09-15,alia36506@gmail.com,Silver,"No. 192, Jalan E8",Johor Bahru,Johor,80200,2025-07-31
36507,Haziq,bin Osman,Male,015-9662466,1972-01-28,haziq36507@gmail.com,Platinum,"No. 3, Jalan G13",George Town,Pulau Pinang,10150,2025-07-31
36508,Anjali,a/p Maniam,Female,013-3073001,1965-05-19,anjali36508@gmail.com,Gold,"No. 39, Jalan A1",Melaka,Melaka,75200,2025-07-31
36509,Fatimah,binti Yusof,Female,018-9555121,1981-11-03,fatimah36509@gmail.com,Silver,"No. 169, Jalan G10",Shah Alam,Selangor,40150,2025-07-31
36510,Hannah,binti Ismail,Female,018-8881881,1988-04-05,hannah36510@gmail.com,Silver,"No. 185, Jalan A11",Shah Alam,Selangor,40000,2025-07-31
36511,Thivya,a/p Rajan,Female,013-8383750,2000-06-15,thivya36511@gmail.com,Bronze,"No. 8, Jalan B5",Sungai Buloh,Selangor,47810,2025-07-31
36512,Jasmine,Wong,Female,012-5518696,1991-11-27,jasmine36512@gmail.com,Bronze,"No. 58, Jalan C1",Sungai Buloh,Selangor,47810,2025-07-31
36513,Haziq,bin Hamid,Male,017-3054480,1980-10-24,haziq36513@gmail.com,Bronze,"No. 201, Jalan E15",Puchong,Selangor,47170,2025-07-31
36514,Izzati,binti Razak,Female,018-1323688,1994-03-10,izzati36514@gmail.com,Bronze,"No. 112, Jalan B17",Puchong,Selangor,47180,2025-07-31
36515,Rohani,binti Ismail,Female,011-6143937,1964-06-02,rohani36515@gmail.com,Bronze,"No. 195, Jalan E11",Puchong,Selangor,47100,2025-07-31
36516,Nadia,binti Hassan,Female,012-1839855,2001-11-09,nadia36516@gmail.com,Silver,"No. 234, Jalan D15",Bukit Jalil,Federal Territory of Kuala Lumpur,58200,2025-07-31
36517,Nadia,binti Hassan,Female,019-1684129,1989-01-06,nadia36517@gmail.com,Silver,"No. 152, Jalan E9",Gombak,Selangor,53000,2025-07-31
36518,Wei Hong,Cheah,Male,015-9266041,1979-12-22,wei36518@gmail.com,Gold,"No. 268, Jalan A9",Bukit Jalil,Federal Territory of Kuala Lumpur,57100,2025-07-31
36519,Hafiz,bin Rahman,Male,017-3608168,1979-03-14,hafiz36519@gmail.com,Bronze,"No. 226, Jalan D13",Kuantan,Pahang,25050,2025-07-31
36520,Hui Min,Liew,Female,013-7212979,1972-11-18,hui36520@gmail.com,Bronze,"No. 219, Jalan A5",Kuala Lumpur,Federal Territory of Kuala Lumpur,50450,2025-08-01
36521,Siti,binti Hassan,Female,014-9238178,1995-08-20,siti36521@gmail.com,Silver,"No. 267, Jalan G5",Kuala Lumpur,Federal Territory of Kuala Lumpur,55100,2025-08-01
36522,Jasmine,Yeoh,Female,015-8138673,1989-11-19,jasmine36522@gmail.com,Platinum,"No. 85, Jalan E12",Johor Bahru,Johor,80200,2025-08-01
36523,Nurul Huda,binti Zainal,Female,018-4433192,1967-02-15,nurul36523@gmail.com,Silver,"No. 206, Jalan C18",George Town,Pulau Pinang,10350,2025-08-01
36524,Adam,bin Osman,Male,014-7367175,1975-11-03,adam36524@gmail.com,Bronze,"No. 200, Jalan E11",Melaka,Melaka,75250,2025-08-01
36525,Kavitha,a/p Rajan,Female,012-8799813,1970-01-01,kavitha36525@gmail.com,Silver,"No. 30, Jalan A5",Klang,Selangor,41200,2025-08-01
36526,Siti,binti Razak,Female,018-1429130,2002-02-22,siti36526@gmail.com,Bronze,"No. 262, Jalan G14",Cyberjaya,Selangor,63000,2025-08-01
36527,Ravi,a/l Muniandy,Male,018-6251264,2007-06-26,ravi36527@gmail.com,Silver,"No. 267, Jalan G10",Sungai Buloh,Selangor,47820,2025-08-01
36528,Wan Ying,Yeoh,Female,015-8136680,1986-03-10,wan36528@gmail.com,Bronze,"No. 199, Jalan B17",Selayang,Selangor,68000,2025-08-01
36529,Nurul Huda,binti Rahman,Female,018-4495860,1978-05-30,nurul36529@gmail.com,Gold,"No. 220, Jalan B2",Selayang,Selangor,68100,2025-08-01
36530,Aisyah,binti Abdullah,Female,013-4993693,1988-08-18,aisyah36530@gmail.com,Bronze,"No. 126, Jalan F4",Selayang,Selangor,68100,2025-08-01
36531,Kai Xin,Liew,Female,019-6042376,1981-09-12,kai36531@gmail.com,Silver,"No. 83, Jalan C14",Selayang,Selangor,68000,2025-08-01
36532,Firdaus,bin Rahman,Male,011-5523819,1971-07-29,firdaus36532@gmail.com,Bronze,"No. 33, Jalan C4",Setapak,Federal Territory of Kuala Lumpur,53100,2025-08-01
36533,Hui Min,Goh,Female,019-8674668,1979-06-18,hui36533@gmail.com,Bronze,"No. 69, Jalan A11",Wangsa Maju,Federal Territory of Kuala Lumpur,53300,2025-08-01
36534,Firdaus,bin Ahmad,Male,015-7660167,1989-02-07,firdaus36534@gmail.com,Silver,"No. 248, Jalan G13",Kuala Lumpur,Federal Territory of Kuala Lumpur,55100,2025-08-01
36535,Izzati,binti Hamid,Female,012-7333607,1972-09-01,izzati36535@gmail.com,Silver,"No. 217, Jalan D4",Wangsa Maju,Federal Territory of Kuala Lumpur,53100,2025-08-01
36536,Zulkifli,bin Ahmad,Male,014-7245217,1993-11-03,zulkifli36536@gmail.com,Gold,"No. 160, Jalan D1",Seremban,Negeri Sembilan,70500,2025-08-01
36537,Zulkifli,bin Yusof,Male,013-2693060,1971-05-08,zulkifli36537@gmail.com,Platinum,"No. 109, Jalan F15",Seremban,Negeri Sembilan,70000,2025-08-01
36538,Alia,binti Razak,Female,013-5517636,1994-02-28,alia36538@gmail.com,Silver,"No. 161, Jalan F4",Seremban,Negeri Sembilan,70300,2025-08-01
36539,Aina,binti Hassan,Female,013-4028195,1974-02-19,aina36539@gmail.com,Silver,"No. 243, Jalan G2",Subang Jaya,Selangor,47500,2025-08-01
36540,Chong Wei,Lim,Male,011-5491744,2000-01-14,chong36540@gmail.com,Platinum,"No. 78, Jalan B5",Subang Jaya,Selangor,47500,2025-08-01
36541,Aisyah,binti Osman,Female,012-6405591,1998-05-27,aisyah36541@gmail.com,Bronze,"No. 117, Jalan F15",Bukit Jalil,Federal Territory of Kuala Lumpur,58200,2025-08-01
36542,Deepa,a/p Subramaniam,Female,014-8499947,1995-10-27,deepa36542@gmail.com,Silver,"No. 242, Jalan F8",Setapak,Federal Territory of Kuala Lumpur,53000,2025-08-01
36543,Mei Ling,Chong,Female,014-8901810,1985-01-15,mei36543@gmail.com,Silver,"No. 117, Jalan F2",Kuala Lumpur,Federal Territory of Kuala Lumpur,55100,2025-08-02
36544,Hafiz,bin Ismail,Male,015-7506033,1982-02-04,hafiz36544@gmail.com,Bronze,"No. 108, Jalan D4",Kuala Lumpur,Federal Territory of Kuala Lumpur,59200,2025-08-02
36545,Irfan,bin Yusof,Male,015-9943537,2002-04-18,irfan36545@gmail.com,Bronze,"No. 257, Jalan A6",Sungai Buloh,Selangor,47810,2025-08-02
36546,Aina,binti Razak,Female,017-4751408,2006-12-19,aina36546@gmail.com,Silver,"No. 157, Jalan C13",Johor Bahru,Johor,81200,2025-08-02
36547,Haziq,bin Ahmad,Male,010-1506445,1981-04-05,haziq36547@gmail.com,Bronze,"No. 81, Jalan C6",Melaka,Melaka,75150,2025-08-02
36548,Jasmine,Tan,Female,019-4771309,1965-02-05,jasmine36548@gmail.com,Silver,"No. 225, Jalan G13",Shah Alam,Selangor,40300,2025-08-02
36549,Hannah,binti Abdullah,Female,016-2290751,2002-11-01,hannah36549@gmail.com,Bronze,"No. 128, Jalan G3",Shah Alam,Selangor,40300,2025-08-02
36550,Ganesh,a/l Muniandy,Male,015-3538110,1991-09-12,ganesh36550@gmail.com,Bronze,"No. 197, Jalan B8",Shah Alam,Selangor,40170,2025-08-02
36551,Alia,binti Razak,Female,014-7089300,1983-03-14,alia36551@gmail.com,Bronze,"No. 16, Jalan D17",Shah Alam,Selangor,40200,2025-08-02
36552,Kok Wai,Sim,Male,011-8966023,1975-07-15,kok36552@gmail.com,Platinum,"No. 292, Jalan F19",Puchong,Selangor,47140,2025-08-02
36553,Vanessa,Lee,Female,015-6828102,1986-03-14,vanessa36553@gmail.com,Bronze,"No. 7, Jalan G19",Puchong,Selangor,47130,2025-08-02
36554,Priya,a/p Ramasamy,Female,011-1615352,2002-04-15,priya36554@gmail.com,Silver,"No. 26, Jalan E10",Selayang,Selangor,68100,2025-08-02
36555,Kai Xin,Sim,Female,018-3077312,1970-04-12,kai36555@gmail.com,Bronze,"No. 227, Jalan D10",Bukit Jalil,Federal Territory of Kuala Lumpur,57100,2025-08-02
36556,Rajesh,a/l Muniandy,Male,019-9896695,2001-03-02,rajesh36556@gmail.com,Gold,"No. 171, Jalan B3",Setapak,Federal Territory of Kuala Lumpur,53100,2025-08-02
36557,Izzati,binti Ismail,Female,017-5258001,1991-09-15,izzati36557@gmail.com,Bronze,"No. 147, Jalan C16",Wangsa Maju,Federal Territory of Kuala Lumpur,53200,2025-08-02
36558,Kumar,a/l Ramasamy,Male,016-5680888,2004-05-27,kumar36558@gmail.com,Bronze,"No. 186, Jalan B4",Wangsa Maju,Federal Territory of Kuala Lumpur,53100,2025-08-02
36559,Yasmin,binti Rahman,Female,011-8747818,1983-04-05,yasmin36559@gmail.com,Bronze,"No. 279, Jalan G8",Kepong,Federal Territory of Kuala Lumpur,52100,2025-08-02
36560,Faizal,bin Abdullah,Male,012-7654704,2001-01-06,faizal36560@gmail.com,Platinum,"No. 189, Jalan A10",Wangsa Maju,Federal Territory of Kuala Lumpur,53200,2025-08-02
36561,Michelle,Liew,Female,010-6179351,1974-09-18,michelle36561@gmail.com,Gold,"No. 81, Jalan G7",Gombak,Selangor,53100,2025-08-02
36562,Thivya,a/p Subramaniam,Female,018-4138929,1967-06-16,thivya36562@gmail.com,Bronze,"No. 279, Jalan G8",Rawang,Selangor,48000,2025-08-02
36563,Mei Ling,Lee,Female,012-9704176,1972-03-10,mei36563@gmail.com,Bronze,"No. 128, Jalan F17",Seremban,Negeri Sembilan,70450,2025-08-02
36564,Suhaila,binti Hamid,Female,015-9705673,1964-08-23,suhaila36564@gmail.com,Gold,"No. 182, Jalan C10",Nilai,Negeri Sembilan,71760,2025-08-02
36565,Irfan,bin Rahman,Male,019-3752408,1976-11-17,irfan36565@gmail.com,Silver,"No. 109, Jalan E2",Kuantan,Pahang,25100,2025-08-02
36566,Alia,binti Rahman,Female,010-8048678,2004-08-21,alia36566@gmail.com,Bronze,"No. 261, Jalan C14",Bukit Jalil,Federal Territory of Kuala Lumpur,58200,2025-08-02
36567,Lakshmi,a/p Krishnan,Female,010-8401565,1982-09-14,lakshmi36567@gmail.com,Bronze,"No. 207, Jalan D4",Kajang,Selangor,43200,2025-08-02
36568,Li Wen,Ng,Female,018-4307958,2000-01-07,li36568@gmail.com,Bronze,"No. 126, Jalan B3",Kuala Lumpur,Federal Territory of Kuala Lumpur,57000,2025-08-03
36569,Irfan,bin Abdullah,Male,010-2522580,1972-07-04,irfan36569@gmail.com,Bronze,"No. 287, Jalan A3",Kuala Lumpur,Federal Territory of Kuala Lumpur,55200,2025-08-03
36570,Suhaila,binti Hassan,Female,019-3576013,1978-06-10,suhaila36570@gmail.com,Silver,"No. 182, Jalan E14",Kepong,Federal Territory of Kuala Lumpur,52000,2025-08-03
36571,Aiman,bin Hassan,Male,019-6164634,1985-10-06,aiman36571@gmail.com,Bronze,"No. 95, Jalan F12",Kuala Lumpur,Federal Territory of Kuala Lumpur,57000,2025-08-03
36572,Nabila,binti Rahman,Female,016-5889107,2005-07-19,nabila36572@gmail.com,Gold,"No. 66, Jalan F15",Kulai,Johor,81000,2025-08-03
36573,Siti,binti Abdullah,Female,014-8842962,1986-10-27,siti36573@gmail.com,Bronze,"No. 23, Jalan C3",Shah Alam,Selangor,40400,2025-08-03
36574,Nurin,binti Rahman,Female,018-9487534,2002-05-31,nurin36574@gmail.com,Bronze,"No. 138, Jalan A18",Shah Alam,Selangor,40170,2025-08-03
36575,Jian Ming,Ng,Male,013-7219363,1981-02-02,jian36575@gmail.com,Bronze,"No. 62, Jalan E20",Sungai Buloh,Selangor,47000,2025-08-03
36576,Jasmine,Yap,Female,015-6927555,1983-06-10,jasmine36576@gmail.com,Bronze,"No. 265, Jalan G19",Puchong,Selangor,47140,2025-08-03
36577,Zhi Wei,Cheah,Male,011-2719166,1985-07-19,zhi36577@gmail.com,Gold,"No. 146, Jalan F18",Setapak,Federal Territory of Kuala Lumpur,53200,2025-08-03
36578,Daniel,Chin,Male,012-1938167,1997-07-02,daniel36578@gmail.com,Bronze,"No. 70, Jalan D11",Wangsa Maju,Federal Territory of Kuala Lumpur,53100,2025-08-03
36579,Shu Fen,Sim,Female,015-2648054,1964-12-31,shu36579@gmail.com,Silver,"No. 6, Jalan C18",Seremban,Negeri Sembilan,70450,2025-08-03
36580,Zarina,binti Hassan,Female,014-3808483,1984-11-15,zarina36580@gmail.com,Platinum,"No. 69, Jalan A20",Nilai,Negeri Sembilan,71800,2025-08-03
36581,Jian Ming,Teoh,Male,010-2729905,1972-11-28,jian36581@gmail.com,Bronze,"No. 227, Jalan E13",Seremban,Negeri Sembilan,70000,2025-08-03
36582,Kok Wai,Chin,Male,018-6285859,1985-04-30,kok36582@gmail.com,Silver,"No. 37, Jalan C2",Bukit Jalil,Federal Territory of Kuala Lumpur,58200,2025-08-03
36583,Sze Min,Teoh,Female,015-3518755,1978-06-10,sze36583@gmail.com,Gold,"No. 30, Jalan C10",Kuala Lumpur,Federal Territory of Kuala Lumpur,58000,2025-08-04
36584,Amelia,binti Rahman,Female,015-7076607,1972-08-28,amelia36584@gmail.com,Bronze,"No. 102, Jalan G18",Kepong,Federal Territory of Kuala Lumpur,52000,2025-08-04
36585,Priya,a/p Maniam,Female,010-3890141,1983-05-19,priya36585@gmail.com,Silver,"No. 28, Jalan E5",Wangsa Maju,Federal Territory of Kuala Lumpur,53300,2025-08-04
36586,Xin Yi,Liew,Female,011-6766401,2004-12-10,xin36586@gmail.com,Silver,"No. 259, Jalan D7",Puchong,Selangor,47120,2025-08-04
36587,Yasmin,binti Hamid,Female,016-6900163,2000-05-14,yasmin36587@gmail.com,Bronze,"No. 97, Jalan G13",Petaling Jaya,Selangor,47400,2025-08-04
36588,Suhaila,binti Osman,Female,016-6992379,1964-12-13,suhaila36588@gmail.com,Platinum,"No. 279, Jalan G19",Puchong,Selangor,47160,2025-08-04
36589,Kok Wai,Ong,Male,017-3480222,1996-03-06,kok36589@gmail.com,Gold,"No. 264, Jalan C9",Shah Alam,Selangor,40460,2025-08-04
36590,Thivya,a/p Rajan,Female,017-1729102,1992-03-12,thivya36590@gmail.com,Bronze,"No. 114, Jalan B9",Shah Alam,Selangor,40400,2025-08-04
36591,Syafiq,bin Ahmad,Male,019-8004991,1995-03-10,syafiq36591@gmail.com,Silver,"No. 64, Jalan D2",Kajang,Selangor,43000,2025-08-04
36592,Nur Aina,binti Ahmad,Female,017-2029086,2003-10-31,nur36592@gmail.com,Bronze,"No. 234, Jalan G1",Puchong,Selangor,47180,2025-08-04
36593,Hafiz,bin Rahman,Male,012-5411103,1971-05-18,hafiz36593@gmail.com,Silver,"No. 27, Jalan B3",Puchong,Selangor,47170,2025-08-04
36594,Pei Shan,Teoh,Female,012-2707250,1986-04-04,pei36594@gmail.com,Silver,"No. 43, Jalan C12",Puchong,Selangor,47140,2025-08-04
36595,Hannah,binti Hassan,Female,013-6374137,1996-04-07,hannah36595@gmail.com,Silver,"No. 47, Jalan A4",Setapak,Federal Territory of Kuala Lumpur,53100,2025-08-04
36596,Hannah,binti Ahmad,Female,013-8480037,1991-03-11,hannah36596@gmail.com,Bronze,"No. 55, Jalan C2",Seremban,Negeri Sembilan,70500,2025-08-04
36597,Aina,binti Abdullah,Female,011-1097820,1983-12-14,aina36597@gmail.com,Gold,"No. 24, Jalan G13",Subang Jaya,Selangor,47630,2025-08-04
36598,Zhi Wei,Liew,Male,017-7030805,1981-05-02,zhi36598@gmail.com,Silver,"No. 266, Jalan B2",Subang Jaya,Selangor,47600,2025-08-04
36599,Sharmila,a/p Rajan,Female,015-5769709,1999-03-15,sharmila36599@gmail.com,Silver,"No. 135, Jalan F18",Petaling Jaya,Selangor,46000,2025-08-04
36600,Zulkifli,bin Ismail,Male,010-9825582,1984-05-04,zulkifli36600@gmail.com,Bronze,"No. 289, Jalan C8",Subang Jaya,Selangor,47650,2025-08-04
36601,Wei Hong,Wong,Male,016-2020647,1976-05-12,wei36601@gmail.com,Silver,"No. 117, Jalan B1",Bukit Jalil,Federal Territory of Kuala Lumpur,57100,2025-08-04
36602,Nadia,binti Hassan,Female,018-9113597,2004-06-12,nadia36602@gmail.com,Bronze,"No. 254, Jalan E7",Bukit Jalil,Federal Territory of Kuala Lumpur,58200,2025-08-04
36603,Nadia,binti Ahmad,Female,019-3862739,2000-01-15,nadia36603@gmail.com,Bronze,"No. 19, Jalan D6",Kuala Lumpur,Federal Territory of Kuala Lumpur,56000,2025-08-05
36604,Fatimah,binti Osman,Female,019-1390580,2004-08-26,fatimah36604@gmail.com,Silver,"No. 49, Jalan C18",Kepong,Federal Territory of Kuala Lumpur,52100,2025-08-05
36605,Syafiq,bin Ismail,Male,014-7196937,1998-06-15,syafiq36605@gmail.com,Gold,"No. 275, Jalan E1",Melaka,Melaka,75050,2025-08-05
36606,Adam,bin Ismail,Male,011-6485127,1981-02-13,adam36606@gmail.com,Bronze,"No. 84, Jalan G2",Kuala Lumpur,Federal Territory of Kuala Lumpur,55200,2025-08-05
36607,Nurin,binti Hassan,Female,018-5826745,2002-11-25,nurin36607@gmail.com,Silver,"No. 149, Jalan F14",Kuala Lumpur,Federal Territory of Kuala Lumpur,55100,2025-08-05
36608,Irfan,bin Hamid,Male,017-9566004,1982-05-02,irfan36608@gmail.com,Silver,"No. 5, Jalan B14",Petaling Jaya,Selangor,46050,2025-08-05
36609,Amelia,binti Razak,Female,010-2229606,1989-04-06,amelia36609@gmail.com,Bronze,"No. 194, Jalan E11",Sungai Buloh,Selangor,47000,2025-08-05
36610,Anjali,a/p Subramaniam,Female,017-4651613,1969-08-06,anjali36610@gmail.com,Silver,"No. 185, Jalan E6",Johor Bahru,Johor,80300,2025-08-05
36611,Aina,binti Zainal,Female,016-5868891,1980-08-20,aina36611@gmail.com,Silver,"No. 214, Jalan D15",Ipoh,Perak,30250,2025-08-05
36612,Anisa,binti Yusof,Female,010-7863201,1972-04-03,anisa36612@gmail.com,Silver,"No. 126, Jalan B6",George Town,Pulau Pinang,10000,2025-08-05
36613,Nur Aina,binti Ahmad,Female,013-7441526,2002-01-08,nur36613@gmail.com,Bronze,"No. 113, Jalan G2",George Town,Pulau Pinang,10300,2025-08-05
36614,Firdaus,bin Ismail,Male,016-1177063,1998-08-13,firdaus36614@gmail.com,Silver,"No. 288, Jalan C15",Kuala Lumpur,Federal Territory of Kuala Lumpur,50000,2025-08-05
36615,Yasmin,binti Ismail,Female,013-2090761,2003-04-07,yasmin36615@gmail.com,Bronze,"No. 267, Jalan G18",Klang,Selangor,41200,2025-08-05
36616,Izzati,binti Abdullah,Female,012-1764298,2001-10-14,izzati36616@gmail.com,Gold,"No. 182, Jalan A5",Klang,Selangor,41050,2025-08-05
36617,Amirul,bin Hamid,Male,014-1546436,1978-03-22,amirul36617@gmail.com,Platinum,"No. 99, Jalan C2",Bangi,Selangor,43650,2025-08-05
36618,Nadia,binti Rahman,Female,019-4847786,1977-09-23,nadia36618@gmail.com,Gold,"No. 56, Jalan C4",Puchong,Selangor,47180,2025-08-05
36619,Wan Ying,Teoh,Female,015-3004146,1991-10-20,wan36619@gmail.com,Bronze,"No. 294, Jalan G8",Selayang,Selangor,68000,2025-08-05
36620,Li Wen,Tan,Female,014-8766235,1992-10-08,li36620@gmail.com,Silver,"No. 42, Jalan C20",Setapak,Federal Territory of Kuala Lumpur,53300,2025-08-05
36621,Hannah,binti Ismail,Female,012-4429929,1992-06-29,hannah36621@gmail.com,Bronze,"No. 215, Jalan F2",Wangsa Maju,Federal Territory of Kuala Lumpur,53300,2025-08-05
36622,Amirul,bin Abdullah,Male,014-5967286,1968-04-17,amirul36622@gmail.com,Bronze,"No. 117, Jalan D18",Wangsa Maju,Federal Territory of Kuala Lumpur,53300,2025-08-05
36623,Nurul Huda,binti Yusof,Female,018-3288967,1967-09-21,nurul36623@gmail.com,Silver,"No. 100, Jalan C4",Ipoh,Perak,30010,2025-08-05
36624,Divya,a/p Maniam,Female,017-3511322,1965-11-12,divya36624@gmail.com,Gold,"No. 276, Jalan A11",Seremban,Negeri Sembilan,70200,2025-08-05
36625,Nabila,binti Ismail,Female,014-6265549,1977-04-18,nabila36625@gmail.com,Silver,"No. 107, Jalan E10",Seremban,Negeri Sembilan,70500,2025-08-05
36626,Nadia,binti Yusof,Female,016-5914402,1965-06-18,nadia36626@gmail.com,Gold,"No. 287, Jalan F19",Seremban,Negeri Sembilan,70000,2025-08-05
36627,Aisyah,binti Zainal,Female,016-2547445,1988-04-23,aisyah36627@gmail.com,Silver,"No. 236, Jalan D18",Kuantan,Pahang,25050,2025-08-05
36628,Wei Jie,Sim,Male,012-5433419,1994-08-06,wei36628@gmail.com,Bronze,"No. 295, Jalan C18",Wangsa Maju,Federal Territory of Kuala Lumpur,53100,2025-08-06
36629,Farah,binti Rahman,Female,015-8227290,1995-12-21,farah36629@gmail.com,Bronze,"No. 279, Jalan D7",Sungai Buloh,Selangor,47820,2025-08-06
36630,Rachel,Tan,Female,012-7324554,1965-03-06,rachel36630@gmail.com,Silver,"No. 209, Jalan B11",Johor Bahru,Johor,80300,2025-08-06
36631,Amelia,binti Ismail,Female,019-4882467,2005-11-29,amelia36631@gmail.com,Bronze,"No. 277, Jalan F12",Seremban,Negeri Sembilan,70400,2025-08-06
36632,Yee Ling,Sim,Female,019-8289747,1989-03-16,yee36632@gmail.com,Bronze,"No. 151, Jalan A1",Melaka,Melaka,75150,2025-08-06
36633,Farah,binti Ismail,Female,012-8394739,1989-01-25,farah36633@gmail.com,Bronze,"No. 137, Jalan A16",George Town,Pulau Pinang,10450,2025-08-06
36634,Jian Ming,Wong,Male,011-3055788,1997-08-20,jian36634@gmail.com,Bronze,"No. 296, Jalan D17",Melaka,Melaka,75150,2025-08-06
36635,Zulkifli,bin Hamid,Male,015-3037261,1990-09-13,zulkifli36635@gmail.com,Bronze,"No. 80, Jalan F3",Melaka,Melaka,75250,2025-08-06
36636,Balqis,binti Yusof,Female,016-6678869,2000-06-02,balqis36636@gmail.com,Bronze,"No. 13, Jalan G5",Melaka,Melaka,75100,2025-08-06
36637,Hafiz,bin Zainal,Male,013-5144961,1975-11-17,hafiz36637@gmail.com,Gold,"No. 160, Jalan F1",Shah Alam,Selangor,40150,2025-08-06
36638,Xin Yi,Liew,Female,012-1437252,1999-11-11,xin36638@gmail.com,Silver,"No. 113, Jalan E10",Klang,Selangor,41000,2025-08-06
36639,Meena,a/p Subramaniam,Female,019-3838752,1989-03-28,meena36639@gmail.com,Platinum,"No. 142, Jalan G14",Klang,Selangor,41100,2025-08-06
36640,Zarina,binti Yusof,Female,013-3353443,1980-06-21,zarina36640@gmail.com,Gold,"No. 59, Jalan A2",Puchong,Selangor,47120,2025-08-06
36641,Zhi Wei,Foo,Male,017-1703358,1990-08-17,zhi36641@gmail.com,Bronze,"No. 83, Jalan D9",Selayang,Selangor,68100,2025-08-06
36642,Aiman,bin Osman,Male,019-4777517,1977-12-22,aiman36642@gmail.com,Bronze,"No. 211, Jalan D19",Rawang,Selangor,48000,2025-08-06
36643,Suhaila,binti Hamid,Female,014-9692868,2002-01-05,suhaila36643@gmail.com,Bronze,"No. 240, Jalan B5",Subang Jaya,Selangor,47610,2025-08-06
36644,Rohani,binti Rahman,Female,010-2041237,1976-10-30,rohani36644@gmail.com,Gold,"No. 4, Jalan C9",Sungai Buloh,Selangor,47810,2025-08-06
36645,Shu Fen,Chong,Female,010-8907318,2001-03-10,shu36645@gmail.com,Bronze,"No. 123, Jalan B17",Ipoh,Perak,30020,2025-08-06
36646,Suresh,a/l Muniandy,Male,017-4420637,2005-10-09,suresh36646@gmail.com,Gold,"No. 171, Jalan B7",Ipoh,Perak,30000,2025-08-06
36647,Yong Sheng,Lee,Male,012-8366467,1967-07-02,yong36647@gmail.com,Silver,"No. 300, Jalan D17",Subang Jaya,Selangor,47500,2025-08-06
36648,Aina,binti Yusof,Female,016-2968178,1969-12-15,aina36648@gmail.com,Bronze,"No. 124, Jalan C4",Kuala Lumpur,Federal Territory of Kuala Lumpur,50450,2025-08-07
36649,Irfan,bin Rahman,Male,016-8967848,2005-08-08,irfan36649@gmail.com,Gold,"No. 108, Jalan D8",Selayang,Selangor,68100,2025-08-07
36650,Yong Sheng,Teoh,Male,019-6956570,1984-04-02,yong36650@gmail.com,Bronze,"No. 199, Jalan G6",Johor Bahru,Johor,81100,2025-08-07
36651,Ling Ling,Loh,Female,012-6478322,1977-03-09,ling36651@gmail.com,Bronze,"No. 161, Jalan F1",Johor Bahru,Johor,81200,2025-08-07
36652,Nadia,binti Ahmad,Female,015-4924907,1998-12-11,nadia36652@gmail.com,Silver,"No. 133, Jalan E18",Johor Bahru,Johor,80300,2025-08-07
36653,Zheng Yang,Chua,Male,011-5348170,2002-12-27,zheng36653@gmail.com,Silver,"No. 28, Jalan A9",George Town,Pulau Pinang,10150,2025-08-07
36654,Li Wen,Chua,Female,010-6266960,1979-03-30,li36654@gmail.com,Silver,"No. 59, Jalan B5",Puchong,Selangor,47120,2025-08-07
36655,Balqis,binti Zainal,Female,019-8813432,1984-10-16,balqis36655@gmail.com,Bronze,"No. 156, Jalan B4",Puchong,Selangor,47170,2025-08-07
36656,Faizal,bin Ismail,Male,013-3808835,1969-10-16,faizal36656@gmail.com,Bronze,"No. 161, Jalan D7",Wangsa Maju,Federal Territory of Kuala Lumpur,53200,2025-08-07
36657,Nadia,binti Ismail,Female,013-9050627,1966-06-15,nadia36657@gmail.com,Gold,"No. 87, Jalan D12",Taiping,Perak,34600,2025-08-07
36658,Sharmila,a/p Krishnan,Female,015-7878715,1967-06-20,sharmila36658@gmail.com,Gold,"No. 203, Jalan F18",Temerloh,Pahang,28000,2025-08-07
36659,Jun Hao,Loh,Male,016-7396802,1987-06-24,jun36659@gmail.com,Bronze,"No. 22, Jalan E16",Kajang,Selangor,43300,2025-08-07
36660,Nadia,binti Osman,Female,017-1273418,1965-12-06,nadia36660@gmail.com,Bronze,"No. 231, Jalan F1",Cyberjaya,Selangor,63100,2025-08-07
36661,Kai Xin,Tan,Female,018-5376304,2001-11-01,kai36661@gmail.com,Silver,"No. 288, Jalan D17",Subang Jaya,Selangor,47610,2025-08-07
36662,Rachel,Lim,Female,014-6592173,1997-01-16,rachel36662@gmail.com,Platinum,"No. 211, Jalan G7",Kuala Lumpur,Federal Territory of Kuala Lumpur,50450,2025-08-08
36663,Faizal,bin Razak,Male,015-9209537,1985-03-10,faizal36663@gmail.com,Bronze,"No. 58, Jalan B6",Kuala Lumpur,Federal Territory of Kuala Lumpur,58000,2025-08-08
36664,Shalini,a/p Subramaniam,Female,015-5672670,1981-04-29,shalini36664@gmail.com,Silver,"No. 218, Jalan A20",Petaling Jaya,Selangor,47810,2025-08-08
36665,Priya,a/p Muniandy,Female,012-4022402,1981-08-21,priya36665@gmail.com,Silver,"No. 115, Jalan B16",Petaling Jaya,Selangor,46100,2025-08-08
36666,Divya,a/p Ramasamy,Female,012-9275892,1999-12-30,divya36666@gmail.com,Bronze,"No. 30, Jalan A9",Petaling Jaya,Selangor,47810,2025-08-08
36667,Anisa,binti Ismail,Female,010-9462993,1982-07-11,anisa36667@gmail.com,Bronze,"No. 125, Jalan G19",Johor Bahru,Johor,80200,2025-08-08
36668,Aina,binti Hamid,Female,018-2836457,1985-05-12,aina36668@gmail.com,Silver,"No. 84, Jalan B17",Wangsa Maju,Federal Territory of Kuala Lumpur,53200,2025-08-08
36669,Yong Sheng,Wong,Male,016-1454173,1990-07-16,yong36669@gmail.com,Silver,"No. 256, Jalan F13",Kulai,Johor,81030,2025-08-08
36670,Izzati,binti Zainal,Female,014-9787428,1979-11-28,izzati36670@gmail.com,Bronze,"No. 163, Jalan A18",Gombak,Selangor,68100,2025-08-08
36671,Chong Wei,Chong,Male,010-9898673,1999-11-10,chong36671@gmail.com,Silver,"No. 70, Jalan A17",Seremban,Negeri Sembilan,70000,2025-08-08
36672,Danial,bin Ismail,Male,011-7955529,1994-01-24,danial36672@gmail.com,Silver,"No. 296, Jalan C10",Selayang,Selangor,68000,2025-08-08
36673,Nurin,binti Ahmad,Female,016-9435064,1977-11-26,nurin36673@gmail.com,Silver,"No. 79, Jalan D4",Melaka,Melaka,75100,2025-08-08
36674,Aiman,bin Zainal,Male,014-5164535,2007-01-01,aiman36674@gmail.com,Silver,"No. 81, Jalan G12",Shah Alam,Selangor,40000,2025-08-08
36675,Wei Hong,Foo,Male,019-7711594,2006-12-14,wei36675@gmail.com,Bronze,"No. 9, Jalan F20",Shah Alam,Selangor,40450,2025-08-08
36676,Firdaus,bin Ismail,Male,017-8106414,2003-03-05,firdaus36676@gmail.com,Bronze,"No. 196, Jalan A3",Klang,Selangor,41150,2025-08-08
36677,Wei Hong,Sim,Male,019-4593206,2001-05-22,wei36677@gmail.com,Silver,"No. 297, Jalan F2",Klang,Selangor,41000,2025-08-08
36678,Chong Wei,Lee,Male,016-5289577,1983-10-06,chong36678@gmail.com,Bronze,"No. 285, Jalan D15",Puchong,Selangor,47110,2025-08-08
36679,Emily,Wong,Female,013-1198392,1999-07-25,emily36679@gmail.com,Gold,"No. 93, Jalan G2",Bangi,Selangor,43600,2025-08-08
36680,Yee Ling,Khoo,Female,010-1158664,2004-08-04,yee36680@gmail.com,Silver,"No. 215, Jalan A15",Setapak,Federal Territory of Kuala Lumpur,53000,2025-08-08
36681,Farah,binti Ahmad,Female,015-6295544,1996-04-24,farah36681@gmail.com,Platinum,"No. 187, Jalan A5",Setapak,Federal Territory of Kuala Lumpur,53100,2025-08-08
36682,Suresh,a/l Rajan,Male,012-4925799,1978-08-13,suresh36682@gmail.com,Silver,"No. 280, Jalan F15",Kepong,Federal Territory of Kuala Lumpur,51200,2025-08-08
36683,Sze Min,Khoo,Female,015-5830102,1996-03-15,sze36683@gmail.com,Bronze,"No. 85, Jalan G3",Wangsa Maju,Federal Territory of Kuala Lumpur,53100,2025-08-08
36684,Deepa,a/p Rajan,Female,010-1881758,1964-01-28,deepa36684@gmail.com,Bronze,"No. 289, Jalan A6",Ipoh,Perak,30020,2025-08-08
36685,Siti,binti Razak,Female,013-5263802,2005-01-12,siti36685@gmail.com,Silver,"No. 238, Jalan E18",Kuantan,Pahang,25000,2025-08-08
36686,Jun Hao,Khoo,Male,011-6323735,1966-05-25,jun36686@gmail.com,Bronze,"No. 271, Jalan E19",Subang Jaya,Selangor,47500,2025-08-08
36687,Nabila,binti Ismail,Female,015-5633949,2006-08-25,nabila36687@gmail.com,Bronze,"No. 24, Jalan G16",Subang Jaya,Selangor,47600,2025-08-08
36688,Zhi Wei,Cheah,Male,014-2139017,1975-06-08,zhi36688@gmail.com,Bronze,"No. 121, Jalan C18",Bukit Jalil,Federal Territory of Kuala Lumpur,57000,2025-08-08
36689,Syafiq,bin Zainal,Male,010-9469598,2003-12-06,syafiq36689@gmail.com,Gold,"No. 241, Jalan G1",Kuala Lumpur,Federal Territory of Kuala Lumpur,55100,2025-08-09
36690,Kai Xin,Lim,Female,019-1695918,1998-09-23,kai36690@gmail.com,Silver,"No. 292, Jalan C10",Wangsa Maju,Federal Territory of Kuala Lumpur,53200,2025-08-09
36691,Nurul Huda,binti Osman,Female,012-6807392,1971-11-13,nurul36691@gmail.com,Bronze,"No. 242, Jalan G13",Petaling Jaya,Selangor,46100,2025-08-09
36692,Syafiq,bin Zainal,Male,018-6800095,1999-01-02,syafiq36692@gmail.com,Bronze,"No. 247, Jalan E16",Petaling Jaya,Selangor,46000,2025-08-09
36693,Aisyah,binti Ahmad,Female,011-4957356,1996-04-14,aisyah36693@gmail.com,Gold,"No. 216, Jalan E2",Petaling Jaya,Selangor,47300,2025-08-09
36694,Vanessa,Tan,Female,016-3195832,1997-08-26,vanessa36694@gmail.com,Silver,"No. 292, Jalan F7",Petaling Jaya,Selangor,46050,2025-08-09
36695,Kok Wai,Yap,Male,012-4699428,1969-10-22,kok36695@gmail.com,Bronze,"No. 134, Jalan D1",Shah Alam,Selangor,40400,2025-08-09
36696,Hannah,binti Razak,Female,012-7637082,1998-05-04,hannah36696@gmail.com,Bronze,"No. 246, Jalan B19",George Town,Pulau Pinang,10150,2025-08-09
36697,Zulkifli,bin Ismail,Male,018-2346017,2006-06-30,zulkifli36697@gmail.com,Bronze,"No. 280, Jalan D2",Sungai Buloh,Selangor,47000,2025-08-09
36698,Hannah,binti Ismail,Female,018-3994932,1999-07-29,hannah36698@gmail.com,Silver,"No. 296, Jalan F6",Sungai Buloh,Selangor,47810,2025-08-09
36699,Jia Yi,Teoh,Female,012-2818734,2005-05-24,jia36699@gmail.com,Gold,"No. 171, Jalan B17",Shah Alam,Selangor,40450,2025-08-09
36700,Ling Ling,Lee,Female,014-8435008,1970-02-07,ling36700@gmail.com,Bronze,"No. 279, Jalan E7",Klang,Selangor,41100,2025-08-09
36701,Zhi Wei,Khoo,Male,011-9957843,1980-06-05,zhi36701@gmail.com,Silver,"No. 186, Jalan C17",Selayang,Selangor,68100,2025-08-09
36702,Mei Ling,Chong,Female,014-4979504,1970-07-09,mei36702@gmail.com,Bronze,"No. 150, Jalan D2",Selayang,Selangor,68100,2025-08-09
36703,Ganesh,a/l Subramaniam,Male,012-2119066,1998-01-12,ganesh36703@gmail.com,Gold,"No. 219, Jalan F15",Setapak,Federal Territory of Kuala Lumpur,53100,2025-08-09
36704,Anisa,binti Yusof,Female,013-7321129,1977-11-09,anisa36704@gmail.com,Bronze,"No. 147, Jalan C17",Wangsa Maju,Federal Territory of Kuala Lumpur,53200,2025-08-09
36705,Daniel,Wong,Male,016-4897282,1965-03-12,daniel36705@gmail.com,Silver,"No. 298, Jalan C15",Wangsa Maju,Federal Territory of Kuala Lumpur,53300,2025-08-09
36706,Nadia,binti Yusof,Female,017-6417986,1979-04-09,nadia36706@gmail.com,Gold,"No. 88, Jalan F6",Ipoh,Perak,30350,2025-08-09
36707,Syafiq,bin Osman,Male,015-7978439,1984-06-04,syafiq36707@gmail.com,Silver,"No. 194, Jalan B11",George Town,Pulau Pinang,10000,2025-08-09
36708,Wei Hong,Ng,Male,012-1410825,1986-07-26,wei36708@gmail.com,Bronze,"No. 208, Jalan C6",Kuantan,Pahang,25300,2025-08-09
36709,Farah,binti Ahmad,Female,018-6090355,2004-09-16,farah36709@gmail.com,Bronze,"No. 205, Jalan B6",Kuantan,Pahang,25150,2025-08-09
36710,Suhaila,binti Ahmad,Female,010-8174415,1967-01-30,suhaila36710@gmail.com,Bronze,"No. 156, Jalan D20",Bukit Jalil,Federal Territory of Kuala Lumpur,58200,2025-08-09
36711,Kumar,a/l Muniandy,Male,015-4256022,1999-12-03,kumar36711@gmail.com,Bronze,"No. 37, Jalan C17",Bukit Jalil,Federal Territory of Kuala Lumpur,57100,2025-08-09
36712,Suhaila,binti Zainal,Female,019-2668450,1991-06-03,suhaila36712@gmail.com,Gold,"No. 41, Jalan A20",Bukit Jalil,Federal Territory of Kuala Lumpur,57100,2025-08-09
36713,Chloe,Yap,Female,013-1260380,2005-05-10,chloe36713@gmail.com,Bronze,"No. 153, Jalan B15",Petaling Jaya,Selangor,47301,2025-08-10
36714,Adam,bin Hamid,Male,016-8816035,1974-10-12,adam36714@gmail.com,Bronze,"No. 43, Jalan E11",Petaling Jaya,Selangor,46050,2025-08-10
36715,Rachel,Ong,Female,019-6758971,1985-03-07,rachel36715@gmail.com,Bronze,"No. 76, Jalan A20",Johor Bahru,Johor,80350,2025-08-10
36716,Irfan,bin Ismail,Male,011-5838984,1999-01-22,irfan36716@gmail.com,Bronze,"No. 110, Jalan G12",Johor Bahru,Johor,80000,2025-08-10
36717,Anjali,a/p Maniam,Female,013-8351651,1966-10-31,anjali36717@gmail.com,Silver,"No. 89, Jalan A19",Butterworth,Pulau Pinang,12100,2025-08-10
36718,Suhaila,binti Yusof,Female,014-1346337,1993-07-26,suhaila36718@gmail.com,Bronze,"No. 180, Jalan G4",Klang,Selangor,41000,2025-08-10
36719,Michelle,Sim,Female,015-7505639,1989-06-30,michelle36719@gmail.com,Bronze,"No. 122, Jalan E3",Selayang,Selangor,68000,2025-08-10
36720,Nur Aina,binti Yusof,Female,019-1292728,1968-03-24,nur36720@gmail.com,Bronze,"No. 235, Jalan E2",Sungai Buloh,Selangor,47000,2025-08-10
36721,Ganesh,a/l Rajan,Male,018-6376061,1967-11-22,ganesh36721@gmail.com,Bronze,"No. 138, Jalan G6",Rawang,Selangor,48000,2025-08-10
36722,Amirul,bin Hassan,Male,017-6276730,1985-07-26,amirul36722@gmail.com,Silver,"No. 13, Jalan F14",Setapak,Federal Territory of Kuala Lumpur,53100,2025-08-10
36723,Jia Yi,Yap,Female,016-2530209,1981-12-23,jia36723@gmail.com,Bronze,"No. 134, Jalan G10",Setapak,Federal Territory of Kuala Lumpur,53100,2025-08-10
36724,Yasmin,binti Yusof,Female,014-2587696,2002-04-08,yasmin36724@gmail.com,Bronze,"No. 137, Jalan B19",Setapak,Federal Territory of Kuala Lumpur,53300,2025-08-10
36725,Nabila,binti Rahman,Female,019-3943897,1991-11-25,nabila36725@gmail.com,Gold,"No. 272, Jalan A7",Setapak,Federal Territory of Kuala Lumpur,53300,2025-08-10
36726,Farah,binti Zainal,Female,015-4659657,1964-04-20,farah36726@gmail.com,Bronze,"No. 165, Jalan C17",Wangsa Maju,Federal Territory of Kuala Lumpur,53100,2025-08-10
36727,Grace,Wong,Female,010-9361710,1967-09-21,grace36727@gmail.com,Gold,"No. 140, Jalan E2",Gombak,Selangor,53100,2025-08-10
36728,Jia Yi,Ng,Female,017-7282985,1988-06-26,jia36728@gmail.com,Silver,"No. 280, Jalan D4",Gombak,Selangor,68100,2025-08-10
36729,Prakash,a/l Ramasamy,Male,012-2247240,1987-07-09,prakash36729@gmail.com,Bronze,"No. 244, Jalan E17",Bukit Jalil,Federal Territory of Kuala Lumpur,58200,2025-08-10
36730,Suresh,a/l Muniandy,Male,014-4187536,1985-10-05,suresh36730@gmail.com,Bronze,"No. 31, Jalan B16",Bukit Jalil,Federal Territory of Kuala Lumpur,58200,2025-08-10
36731,Fatimah,binti Razak,Female,013-7364592,1981-07-11,fatimah36731@gmail.com,Silver,"No. 129, Jalan A12",Kepong,Federal Territory of Kuala Lumpur,51200,2025-08-11
36732,Aina,binti Ismail,Female,016-2704641,1980-12-19,aina36732@gmail.com,Bronze,"No. 98, Jalan B9",Kuala Lumpur,Federal Territory of Kuala Lumpur,50000,2025-08-11
36733,Pei Shan,Chua,Female,014-2168182,1993-11-04,pei36733@gmail.com,Bronze,"No. 188, Jalan A4",Kuala Lumpur,Federal Territory of Kuala Lumpur,59000,2025-08-11
36734,Nadia,binti Hamid,Female,010-8792419,1985-06-19,nadia36734@gmail.com,Bronze,"No. 76, Jalan D12",Butterworth,Pulau Pinang,13700,2025-08-11
36735,Adam,bin Abdullah,Male,019-5292606,1990-10-31,adam36735@gmail.com,Bronze,"No. 40, Jalan D4",Sungai Buloh,Selangor,47820,2025-08-11
36736,Amirul,bin Ismail,Male,019-7614690,2001-07-17,amirul36736@gmail.com,Bronze,"No. 259, Jalan F3",Shah Alam,Selangor,40450,2025-08-11
36737,Kavitha,a/p Rajan,Female,016-9326735,1970-11-03,kavitha36737@gmail.com,Silver,"No. 22, Jalan E16",Shah Alam,Selangor,40150,2025-08-11
36738,Li Wen,Ong,Female,017-8844331,1966-05-17,li36738@gmail.com,Silver,"No. 151, Jalan E11",Klang,Selangor,41150,2025-08-11
36739,Kai Xin,Wong,Female,011-1225324,1971-05-27,kai36739@gmail.com,Silver,"No. 101, Jalan C5",Klang,Selangor,41100,2025-08-11
36740,Balqis,binti Razak,Female,018-9903406,1996-11-19,balqis36740@gmail.com,Bronze,"No. 121, Jalan C16",Puchong,Selangor,47170,2025-08-11
36741,Sharmila,a/p Rajan,Female,017-7364736,1994-04-28,sharmila36741@gmail.com,Silver,"No. 279, Jalan F17",Puchong,Selangor,47140,2025-08-11
36742,Meena,a/p Subramaniam,Female,019-2805510,2007-01-27,meena36742@gmail.com,Bronze,"No. 278, Jalan A17",Selayang,Selangor,68000,2025-08-11
36743,Syafiq,bin Hassan,Male,016-4499831,1996-09-06,syafiq36743@gmail.com,Bronze,"No. 29, Jalan A10",Setapak,Federal Territory of Kuala Lumpur,53100,2025-08-11
36744,Fatimah,binti Osman,Female,010-8038088,1976-03-29,fatimah36744@gmail.com,Gold,"No. 30, Jalan F5",Wangsa Maju,Federal Territory of Kuala Lumpur,53200,2025-08-11
36745,Hui Min,Yap,Female,011-2983134,1997-03-01,hui36745@gmail.com,Bronze,"No. 39, Jalan G3",Gombak,Selangor,53000,2025-08-11
36746,Alia,binti Zainal,Female,010-8701645,1992-04-23,alia36746@gmail.com,Bronze,"No. 214, Jalan G3",Kepong,Federal Territory of Kuala Lumpur,52000,2025-08-12
36747,Suresh,a/l Ramasamy,Male,017-3503747,1996-07-03,suresh36747@gmail.com,Bronze,"No. 117, Jalan G6",Kuala Lumpur,Federal Territory of Kuala Lumpur,55100,2025-08-12
36748,Aisyah,binti Hassan,Female,017-8649746,1982-10-04,aisyah36748@gmail.com,Silver,"No. 284, Jalan G2",Petaling Jaya,Selangor,46300,2025-08-12
36749,Wei Jie,Lee,Male,014-2582623,1977-07-27,wei36749@gmail.com,Gold,"No. 92, Jalan G5",Petaling Jaya,Selangor,46300,2025-08-12
36750,Zarina,binti Zainal,Female,017-2083553,1999-01-12,zarina36750@gmail.com,Bronze,"No. 187, Jalan C15",Petaling Jaya,Selangor,47300,2025-08-12
36751,Wei Hong,Teoh,Male,010-2465273,1969-08-13,wei36751@gmail.com,Platinum,"No. 132, Jalan G1",Johor Bahru,Johor,81100,2025-08-12
36752,Kai Xin,Loh,Female,017-4829118,1973-06-29,kai36752@gmail.com,Silver,"No. 274, Jalan E2",Kulai,Johor,81030,2025-08-12
36753,Farah,binti Osman,Female,018-4721796,1968-08-19,farah36753@gmail.com,Platinum,"No. 225, Jalan C16",Kulai,Johor,81000,2025-08-12
36754,Faizal,bin Zainal,Male,017-1341636,1981-11-24,faizal36754@gmail.com,Gold,"No. 273, Jalan A18",Johor Bahru,Johor,81200,2025-08-12
36755,Haziq,bin Abdullah,Male,017-4854954,1966-04-10,haziq36755@gmail.com,Silver,"No. 142, Jalan F17",George Town,Pulau Pinang,10250,2025-08-12
36756,Haziq,bin Ahmad,Male,016-7512311,1989-12-26,haziq36756@gmail.com,Gold,"No. 271, Jalan F9",Melaka,Melaka,75200,2025-08-12
36757,Arjun,a/l Subramaniam,Male,012-5140487,2007-07-24,arjun36757@gmail.com,Bronze,"No. 243, Jalan F10",Melaka,Melaka,75050,2025-08-12
36758,Faizal,bin Hamid,Male,011-6438534,1990-12-10,faizal36758@gmail.com,Bronze,"No. 78, Jalan C14",Shah Alam,Selangor,40450,2025-08-12
36759,Jasmine,Chong,Female,014-6106833,2001-02-19,jasmine36759@gmail.com,Silver,"No. 150, Jalan B15",Shah Alam,Selangor,40450,2025-08-12
36760,Balqis,binti Hamid,Female,013-1937952,1990-11-02,balqis36760@gmail.com,Silver,"No. 172, Jalan F6",Bangi,Selangor,43600,2025-08-12
36761,Sharmila,a/p Subramaniam,Female,019-6891159,1967-06-14,sharmila36761@gmail.com,Bronze,"No. 214, Jalan D1",Subang Jaya,Selangor,47630,2025-08-12
36762,Yong Sheng,Cheah,Male,019-6381399,2003-05-08,yong36762@gmail.com,Silver,"No. 100, Jalan G12",Setapak,Federal Territory of Kuala Lumpur,53100,2025-08-12
36763,Priya,a/p Krishnan,Female,019-3614268,1967-04-18,priya36763@gmail.com,Bronze,"No. 8, Jalan G11",Setapak,Federal Territory of Kuala Lumpur,53100,2025-08-12
36764,Aiman,bin Hamid,Male,010-6306341,1977-11-13,aiman36764@gmail.com,Gold,"No. 77, Jalan C2",Setapak,Federal Territory of Kuala Lumpur,53300,2025-08-12
36765,Sharmila,a/p Rajan,Female,015-9964316,1966-01-09,sharmila36765@gmail.com,Silver,"No. 39, Jalan F8",Puchong,Selangor,47140,2025-08-12
36766,Shalini,a/p Maniam,Female,013-4547791,1988-10-27,shalini36766@gmail.com,Bronze,"No. 126, Jalan A17",Kuala Lumpur,Federal Territory of Kuala Lumpur,58000,2025-08-13
36767,Aiman,bin Rahman,Male,017-9796090,1971-10-06,aiman36767@gmail.com,Bronze,"No. 43, Jalan E6",Kuala Lumpur,Federal Territory of Kuala Lumpur,57000,2025-08-13
36768,Xin Yi,Cheah,Female,019-2010272,1999-03-19,xin36768@gmail.com,Silver,"No. 17, Jalan C17",Petaling Jaya,Selangor,47300,2025-08-13
36769,Amelia,binti Hamid,Female,014-9852271,1988-01-22,amelia36769@gmail.com,Bronze,"No. 217, Jalan A8",Gombak,Selangor,68100,2025-08-13
36770,Shu Fen,Ng,Female,014-5863736,1971-03-31,shu36770@gmail.com,Silver,"No. 16, Jalan E6",Petaling Jaya,Selangor,47301,2025-08-13
36771,Amelia,binti Osman,Female,014-2563084,1996-12-22,amelia36771@gmail.com,Silver,"No. 169, Jalan B5",Johor Bahru,Johor,80100,2025-08-13
36772,Aina,binti Ahmad,Female,018-4807220,1991-09-15,aina36772@gmail.com,Bronze,"No. 41, Jalan B12",Johor Bahru,Johor,80350,2025-08-13
36773,Divya,a/p Ramasamy,Female,013-2290413,2007-01-26,divya36773@gmail.com,Silver,"No. 49, Jalan B19",Sungai Buloh,Selangor,47810,2025-08-13
36774,Kai Xin,Liew,Female,015-5185126,1986-12-10,kai36774@gmail.com,Bronze,"No. 159, Jalan G5",Klang,Selangor,41250,2025-08-13
36775,Suhaila,binti Abdullah,Female,012-9253712,1989-10-31,suhaila36775@gmail.com,Bronze,"No. 215, Jalan C20",Kepong,Federal Territory of Kuala Lumpur,52000,2025-08-13
36776,Priya,a/p Maniam,Female,012-6317909,1968-08-06,priya36776@gmail.com,Bronze,"No. 22, Jalan C3",Kepong,Federal Territory of Kuala Lumpur,51200,2025-08-13
36777,Anisa,binti Ismail,Female,015-5131998,1993-12-28,anisa36777@gmail.com,Silver,"No. 159, Jalan E5",Bukit Jalil,Federal Territory of Kuala Lumpur,57100,2025-08-13
36778,Haziq,bin Ismail,Male,010-8758398,1970-05-04,haziq36778@gmail.com,Bronze,"No. 79, Jalan E5",Seremban,Negeri Sembilan,70000,2025-08-13
36779,Wei Hong,Chong,Male,012-8144599,1995-08-17,wei36779@gmail.com,Bronze,"No. 81, Jalan E6",Kepong,Federal Territory of Kuala Lumpur,51200,2025-08-14
36780,Rachel,Yap,Female,011-4481457,1994-12-01,rachel36780@gmail.com,Gold,"No. 183, Jalan F8",Kuala Lumpur,Federal Territory of Kuala Lumpur,59000,2025-08-14
36781,Hafiz,bin Yusof,Male,011-5182880,1980-05-28,hafiz36781@gmail.com,Silver,"No. 123, Jalan A11",Kuala Lumpur,Federal Territory of Kuala Lumpur,56000,2025-08-14
36782,Amirul,bin Abdullah,Male,010-7281654,1993-12-16,amirul36782@gmail.com,Gold,"No. 65, Jalan A13",Johor Bahru,Johor,80000,2025-08-14
36783,Farah,binti Osman,Female,013-2107822,1998-10-26,farah36783@gmail.com,Bronze,"No. 212, Jalan C17",Bukit Jalil,Federal Territory of Kuala Lumpur,57100,2025-08-14
36784,Li Wen,Lim,Female,017-8692705,2002-02-13,li36784@gmail.com,Silver,"No. 10, Jalan C13",Kuala Lumpur,Federal Territory of Kuala Lumpur,58000,2025-08-14
36785,Jun Hao,Chan,Male,019-5813073,1970-10-16,jun36785@gmail.com,Silver,"No. 83, Jalan B18",Gombak,Selangor,53000,2025-08-14
36786,Hannah,binti Osman,Female,013-1052403,1993-10-08,hannah36786@gmail.com,Gold,"No. 50, Jalan B11",Petaling Jaya,Selangor,46200,2025-08-14
36787,Haziq,bin Rahman,Male,010-7911222,1994-05-03,haziq36787@gmail.com,Bronze,"No. 167, Jalan F14",Seremban,Negeri Sembilan,70450,2025-08-14
36788,Hannah,binti Razak,Female,019-7322351,1982-05-05,hannah36788@gmail.com,Bronze,"No. 136, Jalan E9",Melaka,Melaka,75100,2025-08-14
36789,Daniel,Wong,Male,013-4655607,1994-10-14,daniel36789@gmail.com,Gold,"No. 280, Jalan C17",Melaka,Melaka,75350,2025-08-14
36790,Jasmine,Chong,Female,014-4300312,2004-06-11,jasmine36790@gmail.com,Platinum,"No. 126, Jalan E11",Selayang,Selangor,68000,2025-08-14
36791,Jasmine,Chua,Female,018-2083823,1971-02-24,jasmine36791@gmail.com,Bronze,"No. 115, Jalan E11",Klang,Selangor,41300,2025-08-14
36792,Siti,binti Yusof,Female,010-7157034,2006-09-18,siti36792@gmail.com,Bronze,"No. 276, Jalan C7",Selayang,Selangor,68000,2025-08-14
36793,Mei Ling,Chong,Female,019-6721145,2003-07-25,mei36793@gmail.com,Gold,"No. 260, Jalan D11",Wangsa Maju,Federal Territory of Kuala Lumpur,53100,2025-08-14
36794,Anjali,a/p Subramaniam,Female,016-8361191,1999-06-26,anjali36794@gmail.com,Gold,"No. 273, Jalan G15",Ipoh,Perak,30100,2025-08-14
36795,Daniel,Chin,Male,016-4046117,1987-11-23,daniel36795@gmail.com,Bronze,"No. 3, Jalan G17",Ipoh,Perak,31350,2025-08-14
36796,Xin Yi,Chin,Female,011-1886437,1981-12-26,xin36796@gmail.com,Gold,"No. 292, Jalan F6",Kuantan,Pahang,26060,2025-08-14
36797,Amirul,bin Abdullah,Male,010-5724225,1968-12-02,amirul36797@gmail.com,Silver,"No. 3, Jalan B17",Kuala Lumpur,Federal Territory of Kuala Lumpur,50480,2025-08-14
36798,Anjali,a/p Rajan,Female,015-8799871,1985-08-05,anjali36798@gmail.com,Gold,"No. 17, Jalan A20",Wangsa Maju,Federal Territory of Kuala Lumpur,53100,2025-08-15
36799,Jia Yi,Liew,Female,010-3283504,1977-05-08,jia36799@gmail.com,Bronze,"No. 256, Jalan C1",Kuala Lumpur,Federal Territory of Kuala Lumpur,58000,2025-08-15
36800,Firdaus,bin Abdullah,Male,016-3807651,2005-03-12,firdaus36800@gmail.com,Silver,"No. 266, Jalan C18",Sungai Buloh,Selangor,47820,2025-08-15
36801,Anjali,a/p Rajan,Female,016-1428731,1992-06-09,anjali36801@gmail.com,Silver,"No. 202, Jalan C19",Petaling Jaya,Selangor,47400,2025-08-15
36802,Kumar,a/l Maniam,Male,019-9022899,1994-11-05,kumar36802@gmail.com,Gold,"No. 269, Jalan F18",Johor Bahru,Johor,80350,2025-08-15
36803,Danial,bin Ismail,Male,015-2661283,1999-08-23,danial36803@gmail.com,Gold,"No. 133, Jalan A6",Gombak,Selangor,53100,2025-08-15
36804,Divya,a/p Maniam,Female,017-8704553,1979-02-09,divya36804@gmail.com,Platinum,"No. 1, Jalan G11",George Town,Pulau Pinang,10000,2025-08-15
36805,Farah,binti Ismail,Female,010-7757955,1991-07-14,farah36805@gmail.com,Bronze,"No. 131, Jalan F15",Melaka,Melaka,75200,2025-08-15
36806,Nur Aina,binti Yusof,Female,011-7050516,1982-10-11,nur36806@gmail.com,Silver,"No. 124, Jalan D18",Melaka,Melaka,75200,2025-08-15
36807,Zheng Yang,Ng,Male,011-7229049,1985-07-20,zheng36807@gmail.com,Bronze,"No. 72, Jalan A10",Sungai Buloh,Selangor,47000,2025-08-15
36808,Farah,binti Ahmad,Female,018-9349194,1978-08-05,farah36808@gmail.com,Bronze,"No. 271, Jalan C19",Shah Alam,Selangor,40400,2025-08-15
36809,Sharmila,a/p Subramaniam,Female,013-3319095,1968-06-07,sharmila36809@gmail.com,Bronze,"No. 270, Jalan F16",Shah Alam,Selangor,40160,2025-08-15
36810,Xin Yi,Teoh,Female,013-9689667,1974-04-05,xin36810@gmail.com,Silver,"No. 149, Jalan F11",Klang,Selangor,41000,2025-08-15
36811,Grace,Chua,Female,016-7395074,2005-02-11,grace36811@gmail.com,Silver,"No. 135, Jalan B9",Cyberjaya,Selangor,63100,2025-08-15
36812,Suhaila,binti Razak,Female,017-4783203,1997-12-07,suhaila36812@gmail.com,Bronze,"No. 7, Jalan D4",Selayang,Selangor,68100,2025-08-15
36813,Zarina,binti Ismail,Female,011-8950446,1987-04-16,zarina36813@gmail.com,Gold,"No. 88, Jalan C16",Kepong,Federal Territory of Kuala Lumpur,52000,2025-08-15
36814,Mei Ling,Yap,Female,010-4834528,1998-12-30,mei36814@gmail.com,Bronze,"No. 221, Jalan B8",Setapak,Federal Territory of Kuala Lumpur,53300,2025-08-15
36815,Lakshmi,a/p Rajan,Female,016-5397744,1976-01-07,lakshmi36815@gmail.com,Bronze,"No. 267, Jalan G6",Setapak,Federal Territory of Kuala Lumpur,53300,2025-08-15
36816,Aisyah,binti Ismail,Female,015-4442629,1965-08-10,aisyah36816@gmail.com,Bronze,"No. 288, Jalan C15",Wangsa Maju,Federal Territory of Kuala Lumpur,53300,2025-08-15
36817,Jia Yi,Liew,Female,011-7239771,1965-07-16,jia36817@gmail.com,Bronze,"No. 164, Jalan E2",Wangsa Maju,Federal Territory of Kuala Lumpur,53100,2025-08-15
36818,Suhaila,binti Hamid,Female,019-3888956,2007-01-11,suhaila36818@gmail.com,Silver,"No. 48, Jalan C20",Gombak,Selangor,68100,2025-08-15
36819,Divya,a/p Maniam,Female,011-1134832,1968-03-08,divya36819@gmail.com,Silver,"No. 224, Jalan D4",Kuantan,Pahang,26060,2025-08-15
36820,Wei Hong,Lee,Male,013-9910118,2004-10-25,wei36820@gmail.com,Silver,"No. 78, Jalan D20",Kuala Lumpur,Federal Territory of Kuala Lumpur,50480,2025-08-15
36821,Aiman,bin Rahman,Male,014-1789067,1992-12-15,aiman36821@gmail.com,Silver,"No. 246, Jalan D4",Bukit Jalil,Federal Territory of Kuala Lumpur,58200,2025-08-16
36822,Amelia,binti Zainal,Female,014-1127597,1977-09-19,amelia36822@gmail.com,Bronze,"No. 213, Jalan F18",Kepong,Federal Territory of Kuala Lumpur,51200,2025-08-16
36823,Suhaila,binti Rahman,Female,013-3137708,1982-07-28,suhaila36823@gmail.com,Silver,"No. 98, Jalan A1",Petaling Jaya,Selangor,46300,2025-08-16
36824,Thivya,a/p Maniam,Female,016-2348762,1965-03-16,thivya36824@gmail.com,Silver,"No. 106, Jalan E1",Sungai Buloh,Selangor,47820,2025-08-16
36825,Syafiq,bin Rahman,Male,017-3576600,1980-03-18,syafiq36825@gmail.com,Bronze,"No. 193, Jalan G6",Ipoh,Perak,30300,2025-08-16
36826,Adam,bin Razak,Male,015-4066193,1965-02-09,adam36826@gmail.com,Bronze,"No. 142, Jalan E19",Sungai Buloh,Selangor,47820,2025-08-16
36827,Anisa,binti Osman,Female,014-8486923,1978-11-14,anisa36827@gmail.com,Bronze,"No. 250, Jalan A12",Johor Bahru,Johor,80200,2025-08-16
36828,Zarina,binti Yusof,Female,012-8976351,1977-09-22,zarina36828@gmail.com,Bronze,"No. 82, Jalan B13",Johor Bahru,Johor,80200,2025-08-16
36829,Hannah,binti Rahman,Female,011-2157432,1966-10-19,hannah36829@gmail.com,Bronze,"No. 72, Jalan A8",Johor Bahru,Johor,81200,2025-08-16
36830,Arjun,a/l Subramaniam,Male,016-5524523,1983-11-15,arjun36830@gmail.com,Silver,"No. 212, Jalan G1",Johor Bahru,Johor,80200,2025-08-16
36831,Hafiz,bin Razak,Male,010-2956506,1966-09-08,hafiz36831@gmail.com,Bronze,"No. 180, Jalan A18",George Town,Pulau Pinang,10400,2025-08-16
36832,Grace,Sim,Female,013-3459548,1984-09-27,grace36832@gmail.com,Gold,"No. 105, Jalan C12",Shah Alam,Selangor,40400,2025-08-16
36833,Aisyah,binti Ismail,Female,011-2898721,1983-08-04,aisyah36833@gmail.com,Bronze,"No. 5, Jalan F15",Sungai Buloh,Selangor,47810,2025-08-16
36834,Lakshmi,a/p Subramaniam,Female,018-6812525,1973-08-17,lakshmi36834@gmail.com,Bronze,"No. 176, Jalan A13",Selayang,Selangor,68100,2025-08-16
36835,Rohani,binti Osman,Female,015-3507176,2007-05-22,rohani36835@gmail.com,Silver,"No. 115, Jalan A4",Wangsa Maju,Federal Territory of Kuala Lumpur,53100,2025-08-16
36836,Izzati,binti Osman,Female,019-9549041,1998-12-03,izzati36836@gmail.com,Platinum,"No. 191, Jalan G19",Wangsa Maju,Federal Territory of Kuala Lumpur,53100,2025-08-16
36837,Thivya,a/p Krishnan,Female,017-3183724,1980-10-15,thivya36837@gmail.com,Silver,"No. 288, Jalan G7",Seremban,Negeri Sembilan,70500,2025-08-16
36838,Thivya,a/p Muniandy,Female,011-1254470,1987-08-23,thivya36838@gmail.com,Silver,"No. 70, Jalan B1",Gombak,Selangor,53100,2025-08-16
36839,Siti,binti Rahman,Female,017-1948042,2003-05-19,siti36839@gmail.com,Gold,"No. 139, Jalan E5",Kuantan,Pahang,25250,2025-08-16
36840,Ravi,a/l Maniam,Male,016-4226006,1964-01-20,ravi36840@gmail.com,Bronze,"No. 213, Jalan E14",Subang Jaya,Selangor,47630,2025-08-16
36841,Rohani,binti Yusof,Female,019-2883926,2002-06-05,rohani36841@gmail.com,Bronze,"No. 212, Jalan G6",Bukit Jalil,Federal Territory of Kuala Lumpur,57100,2025-08-16
36842,Kok Wai,Goh,Male,014-8953217,1986-05-27,kok36842@gmail.com,Platinum,"No. 54, Jalan A6",Wangsa Maju,Federal Territory of Kuala Lumpur,53200,2025-08-17
36843,Haziq,bin Zainal,Male,018-7996102,1970-06-06,haziq36843@gmail.com,Bronze,"No. 121, Jalan E17",Kuala Lumpur,Federal Territory of Kuala Lumpur,50000,2025-08-17
36844,Nurul Huda,binti Zainal,Female,012-1720501,1996-01-25,nurul36844@gmail.com,Bronze,"No. 32, Jalan B7",Johor Bahru,Johor,81200,2025-08-17
36845,Anisa,binti Zainal,Female,012-8290749,1970-03-12,anisa36845@gmail.com,Bronze,"No. 293, Jalan G18",Shah Alam,Selangor,40150,2025-08-17
36846,Nurul Huda,binti Abdullah,Female,013-8187400,1987-08-18,nurul36846@gmail.com,Gold,"No. 43, Jalan D1",Petaling Jaya,Selangor,47300,2025-08-17
36847,Pei Shan,Chan,Female,014-2812756,2003-01-20,pei36847@gmail.com,Silver,"No. 146, Jalan E4",Johor Bahru,Johor,80000,2025-08-17
36848,Nabila,binti Hassan,Female,011-5221871,1980-04-17,nabila36848@gmail.com,Silver,"No. 176, Jalan F14",Butterworth,Pulau Pinang,12100,2025-08-17
36849,Yasmin,binti Ismail,Female,015-9976720,2004-10-04,yasmin36849@gmail.com,Bronze,"No. 116, Jalan B16",Melaka,Melaka,75200,2025-08-17
36850,Balqis,binti Osman,Female,012-2666645,1999-03-16,balqis36850@gmail.com,Gold,"No. 2, Jalan A10",Petaling Jaya,Selangor,46050,2025-08-17
36851,Nur Aina,binti Ahmad,Female,013-8871717,1965-02-26,nur36851@gmail.com,Bronze,"No. 246, Jalan C15",Sungai Buloh,Selangor,47820,2025-08-17
36852,Hannah,binti Ahmad,Female,011-6992543,1999-01-16,hannah36852@gmail.com,Silver,"No. 52, Jalan A3",Puchong,Selangor,47140,2025-08-17
36853,Aisyah,binti Ahmad,Female,013-8525394,2002-02-06,aisyah36853@gmail.com,Gold,"No. 282, Jalan G16",Puchong,Selangor,47170,2025-08-17
36854,Ganesh,a/l Subramaniam,Male,018-5088530,1974-05-04,ganesh36854@gmail.com,Silver,"No. 79, Jalan E3",Klang,Selangor,41300,2025-08-17
36855,Li Wen,Teoh,Female,014-6705737,1973-07-12,li36855@gmail.com,Bronze,"No. 270, Jalan A15",Setapak,Federal Territory of Kuala Lumpur,53000,2025-08-17
36856,Aisyah,binti Rahman,Female,013-3350668,1993-02-26,aisyah36856@gmail.com,Bronze,"No. 11, Jalan D14",Setapak,Federal Territory of Kuala Lumpur,53200,2025-08-17
36857,Aiman,bin Hassan,Male,015-8969607,1978-10-03,aiman36857@gmail.com,Bronze,"No. 86, Jalan C11",Kepong,Federal Territory of Kuala Lumpur,51200,2025-08-17
36858,Jia Yi,Chan,Female,012-5757077,1998-04-12,jia36858@gmail.com,Gold,"No. 57, Jalan F14",Kepong,Federal Territory of Kuala Lumpur,51200,2025-08-17
36859,Rajesh,a/l Maniam,Male,016-3647960,1989-08-03,rajesh36859@gmail.com,Bronze,"No. 145, Jalan D1",Kepong,Federal Territory of Kuala Lumpur,52100,2025-08-17
36860,Haziq,bin Osman,Male,012-9287121,1999-10-26,haziq36860@gmail.com,Bronze,"No. 3, Jalan D20",Gombak,Selangor,53000,2025-08-17
36861,Zulkifli,bin Yusof,Male,012-6914306,1979-05-15,zulkifli36861@gmail.com,Silver,"No. 106, Jalan A6",Ipoh,Perak,30000,2025-08-17
36862,Syafiq,bin Yusof,Male,017-3988556,2003-12-27,syafiq36862@gmail.com,Bronze,"No. 58, Jalan B6",Kuantan,Pahang,25050,2025-08-17
36863,Shu Fen,Yap,Female,014-6149139,2000-11-05,shu36863@gmail.com,Bronze,"No. 120, Jalan C4",Kuantan,Pahang,25050,2025-08-17
36864,Chloe,Chua,Female,013-9932979,1998-07-03,chloe36864@gmail.com,Gold,"No. 132, Jalan F14",Subang Jaya,Selangor,47610,2025-08-17
36865,Shalini,a/p Subramaniam,Female,015-7085935,1984-05-04,shalini36865@gmail.com,Bronze,"No. 40, Jalan D17",Bukit Jalil,Federal Territory of Kuala Lumpur,58200,2025-08-17
36866,Adam,bin Abdullah,Male,015-1344548,1978-07-17,adam36866@gmail.com,Gold,"No. 110, Jalan D5",Bukit Jalil,Federal Territory of Kuala Lumpur,57000,2025-08-17
36867,Vanessa,Wong,Female,019-9475737,2006-10-09,vanessa36867@gmail.com,Bronze,"No. 224, Jalan G6",Kuala Lumpur,Federal Territory of Kuala Lumpur,59200,2025-08-17
36868,Mei Ling,Lim,Female,015-9029597,1969-05-09,mei36868@gmail.com,Platinum,"No. 296, Jalan G20",Bukit Jalil,Federal Territory of Kuala Lumpur,58200,2025-08-18
36869,Yee Ling,Sim,Female,018-3853389,1980-06-29,yee36869@gmail.com,Bronze,"No. 19, Jalan F17",Kuala Lumpur,Federal Territory of Kuala Lumpur,57000,2025-08-18
36870,Vanessa,Goh,Female,011-9977929,1973-11-25,vanessa36870@gmail.com,Silver,"No. 9, Jalan B8",Subang Jaya,Selangor,47630,2025-08-18
36871,Vanessa,Liew,Female,010-8742231,1980-04-26,vanessa36871@gmail.com,Bronze,"No. 42, Jalan E6",Petaling Jaya,Selangor,46100,2025-08-18
36872,Jian Ming,Khoo,Male,017-5619443,1997-02-25,jian36872@gmail.com,Bronze,"No. 237, Jalan F19",Johor Bahru,Johor,80350,2025-08-18
36873,Kok Wai,Ng,Male,010-8960621,1992-03-30,kok36873@gmail.com,Gold,"No. 208, Jalan B5",Kulai,Johor,81000,2025-08-18
36874,Danial,bin Ahmad,Male,019-6365248,1965-12-20,danial36874@gmail.com,Platinum,"No. 64, Jalan D19",George Town,Pulau Pinang,10250,2025-08-18
36875,Amirul,bin Zainal,Male,013-6808198,1979-01-17,amirul36875@gmail.com,Silver,"No. 298, Jalan F6",George Town,Pulau Pinang,10350,2025-08-18
36876,Aiman,bin Osman,Male,016-7356302,2000-10-07,aiman36876@gmail.com,Bronze,"No. 3, Jalan C14",Melaka,Melaka,75150,2025-08-18
36877,Aina,binti Hassan,Female,011-4691033,2006-09-23,aina36877@gmail.com,Gold,"No. 179, Jalan E11",Selayang,Selangor,68100,2025-08-18
36878,Anisa,binti Ahmad,Female,019-8167492,1967-08-20,anisa36878@gmail.com,Bronze,"No. 231, Jalan B14",Sungai Buloh,Selangor,47820,2025-08-18
36879,Zhi Wei,Ng,Male,013-4967761,1995-01-17,zhi36879@gmail.com,Bronze,"No. 133, Jalan E12",Shah Alam,Selangor,40450,2025-08-18
36880,Wei Jie,Yeoh,Male,012-3637929,1965-11-19,wei36880@gmail.com,Bronze,"No. 51, Jalan E13",Selayang,Selangor,68000,2025-08-18
36881,Wei Hong,Goh,Male,017-2786927,1989-12-10,wei36881@gmail.com,Bronze,"No. 158, Jalan B13",Wangsa Maju,Federal Territory of Kuala Lumpur,53200,2025-08-18
36882,Thivya,a/p Maniam,Female,015-6047772,2007-03-30,thivya36882@gmail.com,Bronze,"No. 267, Jalan D11",Wangsa Maju,Federal Territory of Kuala Lumpur,53200,2025-08-18
36883,Ganesh,a/l Muniandy,Male,015-7735405,1983-07-17,ganesh36883@gmail.com,Bronze,"No. 257, Jalan E7",Kuantan,Pahang,25200,2025-08-18
36884,Deepa,a/p Rajan,Female,012-9320167,2001-02-16,deepa36884@gmail.com,Platinum,"No. 88, Jalan F11",Subang Jaya,Selangor,47500,2025-08-18
36885,Irfan,bin Abdullah,Male,019-2917793,1970-12-17,irfan36885@gmail.com,Gold,"No. 203, Jalan G3",Kajang,Selangor,43000,2025-08-18
36886,Danial,bin Razak,Male,015-6659221,1979-05-06,danial36886@gmail.com,Silver,"No. 220, Jalan D13",Kepong,Federal Territory of Kuala Lumpur,52100,2025-08-19
36887,Rachel,Cheah,Female,011-2950555,1995-11-11,rachel36887@gmail.com,Silver,"No. 169, Jalan D18",Kepong,Federal Territory of Kuala Lumpur,51200,2025-08-19
36888,Syafiq,bin Razak,Male,014-6341394,1989-11-06,syafiq36888@gmail.com,Gold,"No. 105, Jalan G5",Gombak,Selangor,53000,2025-08-19
36889,Aina,binti Zainal,Female,017-1120985,1974-12-24,aina36889@gmail.com,Bronze,"No. 44, Jalan D4",Kuantan,Pahang,26060,2025-08-19
36890,Vanessa,Chin,Female,018-6676847,1980-01-27,vanessa36890@gmail.com,Silver,"No. 55, Jalan D4",Melaka,Melaka,75200,2025-08-19
36891,Wan Ying,Chin,Female,017-8764361,1967-01-02,wan36891@gmail.com,Bronze,"No. 245, Jalan G7",Shah Alam,Selangor,40170,2025-08-19
36892,Amirul,bin Yusof,Male,012-4509896,1986-07-10,amirul36892@gmail.com,Bronze,"No. 281, Jalan A1",Shah Alam,Selangor,40460,2025-08-19
36893,Zulkifli,bin Ismail,Male,017-8344975,1997-07-27,zulkifli36893@gmail.com,Platinum,"No. 56, Jalan A10",Sungai Buloh,Selangor,47000,2025-08-19
36894,Haziq,bin Razak,Male,011-1308635,1969-03-14,haziq36894@gmail.com,Silver,"No. 273, Jalan D7",Sungai Buloh,Selangor,47000,2025-08-19
36895,Yasmin,binti Rahman,Female,012-5074165,1978-01-06,yasmin36895@gmail.com,Bronze,"No. 279, Jalan F11",Klang,Selangor,41150,2025-08-19
36896,Syafiq,bin Rahman,Male,016-3030743,2004-04-12,syafiq36896@gmail.com,Bronze,"No. 18, Jalan E14",Cyberjaya,Selangor,63100,2025-08-19
36897,Hui Min,Cheah,Female,018-8420213,1978-06-04,hui36897@gmail.com,Silver,"No. 184, Jalan D9",Bangi,Selangor,43600,2025-08-19
36898,Jasmine,Chong,Female,011-6522082,1971-07-22,jasmine36898@gmail.com,Gold,"No. 150, Jalan E9",Puchong,Selangor,47170,2025-08-19
36899,Izzati,binti Ismail,Female,011-6995362,1973-09-24,izzati36899@gmail.com,Gold,"No. 148, Jalan C6",Shah Alam,Selangor,40150,2025-08-19
36900,Wei Jie,Chin,Male,013-3301346,1964-09-20,wei36900@gmail.com,Bronze,"No. 25, Jalan C15",Setapak,Federal Territory of Kuala Lumpur,53000,2025-08-19
36901,Izzati,binti Zainal,Female,019-8577544,1971-08-27,izzati36901@gmail.com,Bronze,"No. 113, Jalan D16",Wangsa Maju,Federal Territory of Kuala Lumpur,53200,2025-08-19
36902,Aina,binti Rahman,Female,016-2809576,2004-10-09,aina36902@gmail.com,Bronze,"No. 161, Jalan A9",Gombak,Selangor,53100,2025-08-19
36903,Haziq,bin Ahmad,Male,018-7931162,1980-03-10,haziq36903@gmail.com,Gold,"No. 126, Jalan B20",Ipoh,Perak,30010,2025-08-19
36904,Firdaus,bin Hassan,Male,019-4473001,1994-02-26,firdaus36904@gmail.com,Silver,"No. 232, Jalan A20",Shah Alam,Selangor,40400,2025-08-19
36905,Jian Ming,Loh,Male,013-3311646,1989-10-20,jian36905@gmail.com,Gold,"No. 282, Jalan G10",Seremban,Negeri Sembilan,70400,2025-08-19
36906,Nurin,binti Ismail,Female,013-9949598,2005-11-25,nurin36906@gmail.com,Silver,"No. 33, Jalan A17",Temerloh,Pahang,28400,2025-08-19
36907,Emily,Foo,Female,011-6763760,1995-11-26,emily36907@gmail.com,Bronze,"No. 31, Jalan B19",Subang Jaya,Selangor,47600,2025-08-19
36908,Nabila,binti Hamid,Female,019-3588888,1996-01-03,nabila36908@gmail.com,Silver,"No. 277, Jalan A20",Bukit Jalil,Federal Territory of Kuala Lumpur,58200,2025-08-19
36909,Hafiz,bin Razak,Male,010-1384685,1980-05-19,hafiz36909@gmail.com,Bronze,"No. 284, Jalan E19",Bukit Jalil,Federal Territory of Kuala Lumpur,57100,2025-08-19
36910,Kai Xin,Loh,Female,013-2150025,1999-12-14,kai36910@gmail.com,Silver,"No. 110, Jalan A11",Kuala Lumpur,Federal Territory of Kuala Lumpur,50480,2025-08-20
36911,Emily,Chua,Female,016-1724210,1994-02-22,emily36911@gmail.com,Bronze,"No. 259, Jalan A14",Kuala Lumpur,Federal Territory of Kuala Lumpur,58000,2025-08-20
36912,Kai Xin,Tan,Female,011-6929877,1966-12-10,kai36912@gmail.com,Platinum,"No. 278, Jalan F11",Kepong,Federal Territory of Kuala Lumpur,52100,2025-08-20
36913,Jasmine,Liew,Female,011-5699107,1967-10-07,jasmine36913@gmail.com,Gold,"No. 42, Jalan C14",Petaling Jaya,Selangor,47400,2025-08-20
36914,Kai Xin,Cheah,Female,017-8926531,2005-02-19,kai36914@gmail.com,Bronze,"No. 177, Jalan A1",Melaka,Melaka,75250,2025-08-20
36915,Nurul Huda,binti Ismail,Female,015-1419736,1971-08-13,nurul36915@gmail.com,Gold,"No. 157, Jalan A12",Sungai Buloh,Selangor,47000,2025-08-20
36916,Amirul,bin Hamid,Male,014-9555930,1964-01-11,amirul36916@gmail.com,Bronze,"No. 112, Jalan G11",Puchong,Selangor,47160,2025-08-20
36917,Yong Sheng,Tan,Male,016-6479313,1993-09-06,yong36917@gmail.com,Bronze,"No. 264, Jalan C6",Puchong,Selangor,47120,2025-08-20
36918,Nurin,binti Hassan,Female,014-2486671,1998-12-10,nurin36918@gmail.com,Bronze,"No. 130, Jalan G3",Rawang,Selangor,48020,2025-08-20
36919,Ganesh,a/l Maniam,Male,014-3921596,1995-05-24,ganesh36919@gmail.com,Silver,"No. 250, Jalan C2",Wangsa Maju,Federal Territory of Kuala Lumpur,53100,2025-08-20
36920,Thivya,a/p Subramaniam,Female,019-2865703,2007-07-08,thivya36920@gmail.com,Platinum,"No. 288, Jalan G7",Wangsa Maju,Federal Territory of Kuala Lumpur,53200,2025-08-20
36921,Emily,Goh,Female,019-4637935,1973-03-16,emily36921@gmail.com,Silver,"No. 182, Jalan F18",Ipoh,Perak,30010,2025-08-20
36922,Jasmine,Foo,Female,012-3623640,1993-01-30,jasmine36922@gmail.com,Bronze,"No. 28, Jalan E10",Ipoh,Perak,30100,2025-08-20
36923,Zhi Wei,Ng,Male,016-8088369,1999-01-23,zhi36923@gmail.com,Gold,"No. 63, Jalan C9",Ipoh,Perak,31400,2025-08-20
36924,Fatimah,binti Hamid,Female,018-8461467,1990-07-26,fatimah36924@gmail.com,Silver,"No. 123, Jalan F11",Seremban,Negeri Sembilan,70000,2025-08-20
36925,Aiman,bin Hamid,Male,015-4599907,1976-05-29,aiman36925@gmail.com,Silver,"No. 244, Jalan E4",Subang Jaya,Selangor,47500,2025-08-20
36926,Adam,bin Zainal,Male,017-5442403,1970-09-13,adam36926@gmail.com,Platinum,"No. 272, Jalan E13",Kuala Lumpur,Federal Territory of Kuala Lumpur,59000,2025-08-21
36927,Ling Ling,Ng,Female,012-2548570,1980-03-14,ling36927@gmail.com,Bronze,"No. 285, Jalan D14",Petaling Jaya,Selangor,47800,2025-08-21
36928,Faizal,bin Ahmad,Male,013-8560063,1976-12-26,faizal36928@gmail.com,Bronze,"No. 5, Jalan A12",Johor Bahru,Johor,80100,2025-08-21
36929,Shu Fen,Chan,Female,012-1582248,1994-04-01,shu36929@gmail.com,Bronze,"No. 46, Jalan A12",Johor Bahru,Johor,81100,2025-08-21
36930,Deepa,a/p Krishnan,Female,016-6485125,1968-11-02,deepa36930@gmail.com,Bronze,"No. 138, Jalan B2",Kuantan,Pahang,25300,2025-08-21
36931,Yong Sheng,Chin,Male,018-4421633,1984-06-30,yong36931@gmail.com,Gold,"No. 145, Jalan B2",Sungai Buloh,Selangor,47810,2025-08-21
36932,Amelia,binti Hamid,Female,012-6014015,1980-05-24,amelia36932@gmail.com,Bronze,"No. 239, Jalan E6",Shah Alam,Selangor,40450,2025-08-21
36933,Li Wen,Yeoh,Female,018-1650041,1995-07-09,li36933@gmail.com,Platinum,"No. 189, Jalan F12",Klang,Selangor,41100,2025-08-21
36934,Jian Ming,Chin,Male,012-7736000,2002-04-22,jian36934@gmail.com,Bronze,"No. 240, Jalan B10",Rawang,Selangor,48010,2025-08-21
36935,Thivya,a/p Subramaniam,Female,012-6124622,1984-03-16,thivya36935@gmail.com,Bronze,"No. 101, Jalan D6",Klang,Selangor,41150,2025-08-21
36936,Aisyah,binti Hamid,Female,017-1021368,1975-04-02,aisyah36936@gmail.com,Bronze,"No. 174, Jalan B17",Wangsa Maju,Federal Territory of Kuala Lumpur,53100,2025-08-21
36937,Grace,Khoo,Female,011-1819828,1988-05-13,grace36937@gmail.com,Bronze,"No. 144, Jalan E20",Gombak,Selangor,68100,2025-08-21
36938,Syafiq,bin Hassan,Male,011-5882319,1997-02-07,syafiq36938@gmail.com,Bronze,"No. 79, Jalan D2",Ipoh,Perak,30350,2025-08-21
36939,Anisa,binti Rahman,Female,011-8922109,2005-08-04,anisa36939@gmail.com,Bronze,"No. 177, Jalan G5",Kuantan,Pahang,25050,2025-08-21
36940,Wei Hong,Sim,Male,012-9438868,1967-08-30,wei36940@gmail.com,Platinum,"No. 113, Jalan F11",Kajang,Selangor,43000,2025-08-21
36941,Hafiz,bin Hamid,Male,013-2941284,1970-10-02,hafiz36941@gmail.com,Bronze,"No. 286, Jalan B9",Subang Jaya,Selangor,47650,2025-08-21
36942,Ganesh,a/l Muniandy,Male,010-4916109,1988-11-07,ganesh36942@gmail.com,Silver,"No. 118, Jalan E18",Shah Alam,Selangor,40160,2025-08-21
36943,Ganesh,a/l Krishnan,Male,019-6978091,2004-03-06,ganesh36943@gmail.com,Silver,"No. 245, Jalan G20",Kuala Lumpur,Federal Territory of Kuala Lumpur,50480,2025-08-22
36944,Yong Sheng,Loh,Male,010-3414917,1997-06-27,yong36944@gmail.com,Bronze,"No. 135, Jalan F15",Kuala Lumpur,Federal Territory of Kuala Lumpur,50480,2025-08-22
36945,Kavitha,a/p Rajan,Female,014-6802514,1988-09-23,kavitha36945@gmail.com,Bronze,"No. 138, Jalan F10",Kuala Lumpur,Federal Territory of Kuala Lumpur,59200,2025-08-22
36946,Faizal,bin Yusof,Male,013-2379019,1993-02-05,faizal36946@gmail.com,Bronze,"No. 299, Jalan F16",Kuala Lumpur,Federal Territory of Kuala Lumpur,58000,2025-08-22
36947,Wei Jie,Chong,Male,012-8618258,1987-06-24,wei36947@gmail.com,Gold,"No. 244, Jalan G18",Sungai Buloh,Selangor,47810,2025-08-22
36948,Zheng Yang,Ong,Male,013-6617736,1972-07-21,zheng36948@gmail.com,Bronze,"No. 55, Jalan G14",Petaling Jaya,Selangor,47810,2025-08-22
36949,Adam,bin Zainal,Male,010-9350923,1989-12-31,adam36949@gmail.com,Silver,"No. 257, Jalan A13",Petaling Jaya,Selangor,46100,2025-08-22
36950,Nabila,binti Ahmad,Female,019-3458619,1970-10-30,nabila36950@gmail.com,Silver,"No. 179, Jalan D4",Sungai Buloh,Selangor,47000,2025-08-22
36951,Divya,a/p Rajan,Female,018-3388489,1981-04-16,divya36951@gmail.com,Bronze,"No. 61, Jalan G7",Melaka,Melaka,75300,2025-08-22
36952,Kevin,Chan,Male,012-3947469,1988-01-12,kevin36952@gmail.com,Bronze,"No. 116, Jalan E11",Shah Alam,Selangor,40000,2025-08-22
36953,Siti,binti Hamid,Female,018-3033752,1991-01-06,siti36953@gmail.com,Gold,"No. 162, Jalan F13",Klang,Selangor,41300,2025-08-22
36954,Fatimah,binti Zainal,Female,016-9960352,1989-09-25,fatimah36954@gmail.com,Bronze,"No. 217, Jalan D14",Klang,Selangor,41150,2025-08-22
36955,Aiman,bin Hamid,Male,015-9164927,2004-07-21,aiman36955@gmail.com,Silver,"No. 171, Jalan D9",Shah Alam,Selangor,40160,2025-08-22
36956,Shalini,a/p Krishnan,Female,013-2720957,1972-04-05,shalini36956@gmail.com,Bronze,"No. 208, Jalan B2",Wangsa Maju,Federal Territory of Kuala Lumpur,53200,2025-08-22
36957,Divya,a/p Subramaniam,Female,011-7728606,1970-07-30,divya36957@gmail.com,Bronze,"No. 282, Jalan A4",Cyberjaya,Selangor,63000,2025-08-22
36958,Sze Min,Lee,Female,015-4404944,1974-01-09,sze36958@gmail.com,Bronze,"No. 266, Jalan E11",Puchong,Selangor,47140,2025-08-22
36959,Izzati,binti Zainal,Female,014-3375078,1973-09-01,izzati36959@gmail.com,Bronze,"No. 180, Jalan G9",Puchong,Selangor,47130,2025-08-22
36960,Adam,bin Razak,Male,014-8803382,1987-08-12,adam36960@gmail.com,Bronze,"No. 216, Jalan D7",Sungai Buloh,Selangor,47000,2025-08-22
36961,Nur Aina,binti Ismail,Female,012-8803484,1982-05-02,nur36961@gmail.com,Bronze,"No. 11, Jalan E10",Setapak,Federal Territory of Kuala Lumpur,53100,2025-08-22
36962,Danial,bin Ismail,Male,015-9444557,1993-02-24,danial36962@gmail.com,Silver,"No. 64, Jalan E9",Setapak,Federal Territory of Kuala Lumpur,53200,2025-08-22
36963,Adam,bin Razak,Male,011-3932101,1997-02-10,adam36963@gmail.com,Gold,"No. 83, Jalan G7",Wangsa Maju,Federal Territory of Kuala Lumpur,53100,2025-08-22
36964,Yasmin,binti Hassan,Female,019-3335546,1994-05-13,yasmin36964@gmail.com,Bronze,"No. 6, Jalan F7",Wangsa Maju,Federal Territory of Kuala Lumpur,53200,2025-08-22
36965,Prakash,a/l Maniam,Male,010-2974816,1980-02-18,prakash36965@gmail.com,Gold,"No. 187, Jalan D19",Bukit Jalil,Federal Territory of Kuala Lumpur,58200,2025-08-22
36966,Amelia,binti Rahman,Female,011-6538593,1971-01-01,amelia36966@gmail.com,Bronze,"No. 132, Jalan G1",Kepong,Federal Territory of Kuala Lumpur,51200,2025-08-22
36967,Amelia,binti Ismail,Female,015-3717775,1999-03-16,amelia36967@gmail.com,Silver,"No. 14, Jalan C13",Gombak,Selangor,68100,2025-08-22
36968,Firdaus,bin Razak,Male,010-9560876,1972-11-06,firdaus36968@gmail.com,Bronze,"No. 183, Jalan G3",Gombak,Selangor,53100,2025-08-22
36969,Zarina,binti Razak,Female,015-5390946,1993-05-25,zarina36969@gmail.com,Bronze,"No. 147, Jalan G15",Ipoh,Perak,31350,2025-08-22
36970,Nur Aina,binti Abdullah,Female,011-6683141,1996-09-20,nur36970@gmail.com,Bronze,"No. 264, Jalan B17",Kuantan,Pahang,25150,2025-08-22
36971,Irfan,bin Ahmad,Male,010-9833333,1981-08-14,irfan36971@gmail.com,Bronze,"No. 19, Jalan G4",Kuantan,Pahang,25250,2025-08-22
36972,Hafiz,bin Zainal,Male,018-2591429,1995-07-16,hafiz36972@gmail.com,Silver,"No. 122, Jalan G11",Kuantan,Pahang,25250,2025-08-22
36973,Emily,Yap,Female,018-1357793,1983-06-07,emily36973@gmail.com,Bronze,"No. 287, Jalan A3",Bukit Jalil,Federal Territory of Kuala Lumpur,58200,2025-08-22
36974,Balqis,binti Hamid,Female,017-8325489,2007-05-07,balqis36974@gmail.com,Bronze,"No. 103, Jalan G18",Kuala Lumpur,Federal Territory of Kuala Lumpur,50480,2025-08-23
36975,Anjali,a/p Rajan,Female,018-7487994,1988-07-09,anjali36975@gmail.com,Platinum,"No. 174, Jalan A4",Petaling Jaya,Selangor,47400,2025-08-23
36976,Farah,binti Ismail,Female,018-9487928,2000-07-04,farah36976@gmail.com,Gold,"No. 7, Jalan E1",Johor Bahru,Johor,80000,2025-08-23
36977,Zulkifli,bin Osman,Male,017-2549352,1990-05-03,zulkifli36977@gmail.com,Bronze,"No. 169, Jalan E17",Kulai,Johor,81000,2025-08-23
36978,Li Wen,Sim,Female,014-6580432,1989-01-28,li36978@gmail.com,Bronze,"No. 243, Jalan A15",Wangsa Maju,Federal Territory of Kuala Lumpur,53200,2025-08-23
36979,Jun Hao,Ng,Male,010-6357493,1997-07-05,jun36979@gmail.com,Bronze,"No. 130, Jalan E5",George Town,Pulau Pinang,10000,2025-08-23
36980,Emily,Loh,Female,019-1449686,2001-04-18,emily36980@gmail.com,Gold,"No. 225, Jalan B7",George Town,Pulau Pinang,10000,2025-08-23
36981,Haziq,bin Osman,Male,012-9153199,1973-01-09,haziq36981@gmail.com,Bronze,"No. 274, Jalan D5",Melaka,Melaka,75100,2025-08-23
36982,Pei Shan,Chua,Female,019-6282905,1992-11-23,pei36982@gmail.com,Silver,"No. 292, Jalan C18",Shah Alam,Selangor,40100,2025-08-23
36983,Adam,bin Zainal,Male,011-5513878,2000-04-05,adam36983@gmail.com,Bronze,"No. 240, Jalan G17",Klang,Selangor,41150,2025-08-23
36984,Kevin,Teoh,Male,015-8403859,1984-06-22,kevin36984@gmail.com,Bronze,"No. 178, Jalan E2",Selayang,Selangor,68100,2025-08-23
36985,Nur Aina,binti Hamid,Female,014-3462999,1988-05-17,nur36985@gmail.com,Silver,"No. 46, Jalan A7",Setapak,Federal Territory of Kuala Lumpur,53000,2025-08-23
36986,Nurin,binti Abdullah,Female,015-2248797,1991-04-13,nurin36986@gmail.com,Bronze,"No. 34, Jalan F14",Setapak,Federal Territory of Kuala Lumpur,53000,2025-08-23
36987,Shu Fen,Lee,Female,011-3738059,2002-10-22,shu36987@gmail.com,Bronze,"No. 70, Jalan B5",Wangsa Maju,Federal Territory of Kuala Lumpur,53100,2025-08-23
36988,Zulkifli,bin Abdullah,Male,019-6193072,1978-03-20,zulkifli36988@gmail.com,Silver,"No. 217, Jalan B10",Subang Jaya,Selangor,47600,2025-08-23
36989,Haziq,bin Razak,Male,013-6656900,1993-03-22,haziq36989@gmail.com,Gold,"No. 44, Jalan D20",Subang Jaya,Selangor,47630,2025-08-23
36990,Ganesh,a/l Maniam,Male,015-3123331,1997-01-22,ganesh36990@gmail.com,Silver,"No. 78, Jalan C15",Puchong,Selangor,47110,2025-08-23
36991,Yee Ling,Lee,Female,019-5619011,1986-07-25,yee36991@gmail.com,Platinum,"No. 295, Jalan D1",Kuala Lumpur,Federal Territory of Kuala Lumpur,59000,2025-08-23
36992,Kevin,Yap,Male,013-2001703,1983-10-26,kevin36992@gmail.com,Bronze,"No. 163, Jalan B18",Kuala Lumpur,Federal Territory of Kuala Lumpur,50480,2025-08-24
36993,Shu Fen,Ong,Female,012-8942022,1971-08-04,shu36993@gmail.com,Gold,"No. 153, Jalan E19",Kuala Lumpur,Federal Territory of Kuala Lumpur,50000,2025-08-24
36994,Irfan,bin Rahman,Male,010-2068891,1974-08-13,irfan36994@gmail.com,Bronze,"No. 238, Jalan G17",Petaling Jaya,Selangor,47810,2025-08-24
36995,Aiman,bin Hassan,Male,015-7750930,1972-10-13,aiman36995@gmail.com,Bronze,"No. 128, Jalan C1",Johor Bahru,Johor,80000,2025-08-24
36996,Wei Jie,Lim,Male,010-6685664,1981-08-03,wei36996@gmail.com,Bronze,"No. 82, Jalan G12",Johor Bahru,Johor,80000,2025-08-24
36997,Divya,a/p Maniam,Female,014-7447652,1971-01-31,divya36997@gmail.com,Silver,"No. 62, Jalan A11",Johor Bahru,Johor,80100,2025-08-24
36998,Prakash,a/l Subramaniam,Male,013-2638271,1989-07-26,prakash36998@gmail.com,Gold,"No. 58, Jalan B7",George Town,Pulau Pinang,10150,2025-08-24
36999,Hafiz,bin Zainal,Male,017-8047059,1976-03-01,hafiz36999@gmail.com,Bronze,"No. 292, Jalan F13",Butterworth,Pulau Pinang,12200,2025-08-24
37000,Faizal,bin Rahman,Male,017-9491760,1993-06-08,faizal37000@gmail.com,Silver,"No. 67, Jalan E18",Melaka,Melaka,75150,2025-08-24
37001,Yasmin,binti Abdullah,Female,012-3453829,1969-01-11,yasmin37001@gmail.com,Bronze,"No. 282, Jalan A10",Sungai Buloh,Selangor,47000,2025-08-24
37002,Sharmila,a/p Ramasamy,Female,013-9061886,1991-09-11,sharmila37002@gmail.com,Gold,"No. 66, Jalan B10",Shah Alam,Selangor,40150,2025-08-24
37003,Hui Min,Tan,Female,019-7856215,1991-03-23,hui37003@gmail.com,Bronze,"No. 274, Jalan A9",Klang,Selangor,41050,2025-08-24
37004,Aiman,bin Hamid,Male,011-3898882,1978-10-17,aiman37004@gmail.com,Bronze,"No. 298, Jalan G17",Klang,Selangor,41200,2025-08-24
37005,Zulkifli,bin Rahman,Male,018-8501925,2003-03-05,zulkifli37005@gmail.com,Gold,"No. 152, Jalan F5",Puchong,Selangor,47130,2025-08-24
37006,Pei Shan,Yeoh,Female,019-7402941,1998-08-05,pei37006@gmail.com,Platinum,"No. 147, Jalan G7",Kuala Lumpur,Federal Territory of Kuala Lumpur,56000,2025-08-24
37007,Chong Wei,Ng,Male,012-1881552,1981-06-03,chong37007@gmail.com,Platinum,"No. 49, Jalan C20",Selayang,Selangor,68100,2025-08-24
37008,Rohani,binti Osman,Female,013-6602317,1976-02-01,rohani37008@gmail.com,Bronze,"No. 273, Jalan E1",Gombak,Selangor,53100,2025-08-24
37009,Adam,bin Hamid,Male,012-1558883,1978-03-05,adam37009@gmail.com,Gold,"No. 36, Jalan G18",Seremban,Negeri Sembilan,70000,2025-08-24
37010,Anjali,a/p Ramasamy,Female,018-1667197,1995-07-11,anjali37010@gmail.com,Bronze,"No. 286, Jalan G3",Puchong,Selangor,47180,2025-08-24
37011,Zarina,binti Yusof,Female,014-7790904,1978-03-11,zarina37011@gmail.com,Bronze,"No. 213, Jalan F12",Seremban,Negeri Sembilan,70000,2025-08-24
37012,Anjali,a/p Rajan,Female,017-2598429,1976-08-15,anjali37012@gmail.com,Bronze,"No. 243, Jalan F3",Cyberjaya,Selangor,63100,2025-08-24
37013,Wei Hong,Chan,Male,010-3651322,1989-10-07,wei37013@gmail.com,Silver,"No. 96, Jalan B15",Kepong,Federal Territory of Kuala Lumpur,52100,2025-08-25
37014,Siti,binti Yusof,Female,018-3513942,1994-08-31,siti37014@gmail.com,Silver,"No. 145, Jalan C2",Sungai Buloh,Selangor,47820,2025-08-25
37015,Rachel,Teoh,Female,018-2304353,1979-12-29,rachel37015@gmail.com,Silver,"No. 274, Jalan G6",Petaling Jaya,Selangor,46300,2025-08-25
37016,Anisa,binti Razak,Female,013-5931745,1984-05-11,anisa37016@gmail.com,Gold,"No. 212, Jalan F4",Puchong,Selangor,47150,2025-08-25
37017,Shalini,a/p Subramaniam,Female,013-2534832,2005-10-20,shalini37017@gmail.com,Bronze,"No. 299, Jalan G4",Johor Bahru,Johor,80350,2025-08-25
37018,Danial,bin Hamid,Male,014-7152676,2002-12-11,danial37018@gmail.com,Platinum,"No. 199, Jalan B11",Melaka,Melaka,75050,2025-08-25
37019,Hafiz,bin Rahman,Male,013-9044177,2003-04-28,hafiz37019@gmail.com,Bronze,"No. 279, Jalan A12",Wangsa Maju,Federal Territory of Kuala Lumpur,53200,2025-08-25
37020,Michelle,Chua,Female,017-8561027,1989-06-05,michelle37020@gmail.com,Gold,"No. 191, Jalan B11",Puchong,Selangor,47120,2025-08-25
37021,Anisa,binti Hamid,Female,013-6887684,1983-09-11,anisa37021@gmail.com,Bronze,"No. 231, Jalan B6",Sungai Buloh,Selangor,47820,2025-08-25
37022,Balqis,binti Ahmad,Female,010-7261196,1966-12-12,balqis37022@gmail.com,Bronze,"No. 214, Jalan D15",Selayang,Selangor,68000,2025-08-25
37023,Shu Fen,Yeoh,Female,018-8528938,1988-09-01,shu37023@gmail.com,Bronze,"No. 51, Jalan F14",Kepong,Federal Territory of Kuala Lumpur,52000,2025-08-25
37024,Aiman,bin Yusof,Male,010-2033606,1970-09-29,aiman37024@gmail.com,Bronze,"No. 248, Jalan B3",Ampang,Selangor,68000,2025-08-25
37025,Pei Shan,Chong,Female,017-4447450,2005-03-15,pei37025@gmail.com,Bronze,"No. 71, Jalan A20",Klang,Selangor,41100,2025-08-25
37026,Adam,bin Hamid,Male,016-2671089,1986-12-31,adam37026@gmail.com,Bronze,"No. 163, Jalan E6",Kuantan,Pahang,25150,2025-08-25
37027,Nabila,binti Yusof,Female,014-4806820,1995-11-14,nabila37027@gmail.com,Silver,"No. 217, Jalan C20",Cyberjaya,Selangor,63000,2025-08-25
37028,Aina,binti Razak,Female,012-9507024,1969-03-25,aina37028@gmail.com,Bronze,"No. 285, Jalan F3",Subang Jaya,Selangor,47630,2025-08-25
37029,Zarina,binti Hamid,Female,019-6677054,2002-04-02,zarina37029@gmail.com,Bronze,"No. 258, Jalan A7",Kuala Lumpur,Federal Territory of Kuala Lumpur,56000,2025-08-26
37030,Firdaus,bin Ismail,Male,018-6874023,1982-05-18,firdaus37030@gmail.com,Bronze,"No. 141, Jalan F3",Kuala Lumpur,Federal Territory of Kuala Lumpur,59200,2025-08-26
37031,Ganesh,a/l Rajan,Male,014-7405630,1998-07-30,ganesh37031@gmail.com,Bronze,"No. 3, Jalan C4",Kuala Lumpur,Federal Territory of Kuala Lumpur,50480,2025-08-26
37032,Nurul Huda,binti Ahmad,Female,019-7350210,1996-03-18,nurul37032@gmail.com,Silver,"No. 169, Jalan C5",Petaling Jaya,Selangor,47400,2025-08-26
37033,Haziq,bin Yusof,Male,017-5733554,1983-03-08,haziq37033@gmail.com,Silver,"No. 103, Jalan D10",Petaling Jaya,Selangor,47800,2025-08-26
37034,Hannah,binti Hassan,Female,017-9513602,1990-05-20,hannah37034@gmail.com,Bronze,"No. 1, Jalan C2",Wangsa Maju,Federal Territory of Kuala Lumpur,53100,2025-08-26
37035,Sze Min,Yeoh,Female,015-8174428,1985-08-19,sze37035@gmail.com,Bronze,"No. 142, Jalan A13",Melaka,Melaka,75250,2025-08-26
37036,Aisyah,binti Hassan,Female,014-5443313,1991-10-07,aisyah37036@gmail.com,Bronze,"No. 41, Jalan C9",Ipoh,Perak,30000,2025-08-26
37037,Haziq,bin Ahmad,Male,017-9117071,1973-02-05,haziq37037@gmail.com,Bronze,"No. 74, Jalan A8",Subang Jaya,Selangor,47600,2025-08-26
37038,Amelia,binti Abdullah,Female,014-1151887,1967-10-27,amelia37038@gmail.com,Bronze,"No. 74, Jalan B6",Kajang,Selangor,43200,2025-08-26
37039,Syafiq,bin Rahman,Male,015-9140075,1994-07-23,syafiq37039@gmail.com,Bronze,"No. 119, Jalan D7",Subang Jaya,Selangor,47630,2025-08-26
37040,Hannah,binti Hassan,Female,014-6152260,2001-08-09,hannah37040@gmail.com,Silver,"No. 10, Jalan A7",Kajang,Selangor,43000,2025-08-26
37041,Chloe,Liew,Female,017-6571788,1964-08-08,chloe37041@gmail.com,Silver,"No. 282, Jalan G12",Bukit Jalil,Federal Territory of Kuala Lumpur,57000,2025-08-26
37042,Shalini,a/p Krishnan,Female,015-4837554,1997-04-17,shalini37042@gmail.com,Bronze,"No. 52, Jalan G1",Kuala Lumpur,Federal Territory of Kuala Lumpur,56000,2025-08-27
37043,Ling Ling,Yeoh,Female,019-7436966,1965-07-04,ling37043@gmail.com,Silver,"No. 156, Jalan E6",Kuala Lumpur,Federal Territory of Kuala Lumpur,56000,2025-08-27
37044,Hannah,binti Yusof,Female,012-4627961,1973-09-26,hannah37044@gmail.com,Bronze,"No. 34, Jalan C20",Kuala Lumpur,Federal Territory of Kuala Lumpur,56000,2025-08-27
37045,Jia Yi,Ng,Female,015-2722687,2007-04-28,jia37045@gmail.com,Bronze,"No. 268, Jalan A1",Sungai Buloh,Selangor,47000,2025-08-27
37046,Shalini,a/p Rajan,Female,015-4810620,1972-12-20,shalini37046@gmail.com,Silver,"No. 73, Jalan B20",Kulai,Johor,81000,2025-08-27
37047,Amelia,binti Hassan,Female,015-9561935,1994-08-02,amelia37047@gmail.com,Bronze,"No. 219, Jalan A5",Johor Bahru,Johor,80100,2025-08-27
37048,Priya,a/p Rajan,Female,018-2214049,2007-03-22,priya37048@gmail.com,Silver,"No. 140, Jalan E1",Johor Bahru,Johor,81300,2025-08-27
37049,Sze Min,Chua,Female,015-6098406,1994-02-24,sze37049@gmail.com,Platinum,"No. 79, Jalan E13",Johor Bahru,Johor,80100,2025-08-27
37050,Nur Aina,binti Razak,Female,016-2989378,1968-08-14,nur37050@gmail.com,Bronze,"No. 154, Jalan C3",George Town,Pulau Pinang,10450,2025-08-27
37051,Wei Jie,Foo,Male,010-3486049,1988-08-20,wei37051@gmail.com,Bronze,"No. 60, Jalan D9",Melaka,Melaka,75250,2025-08-27
37052,Shalini,a/p Ramasamy,Female,011-4423878,1981-04-26,shalini37052@gmail.com,Bronze,"No. 67, Jalan F1",Setapak,Federal Territory of Kuala Lumpur,53100,2025-08-27
37053,Farah,binti Abdullah,Female,010-2166154,1973-08-08,farah37053@gmail.com,Silver,"No. 182, Jalan G10",Melaka,Melaka,75150,2025-08-27
37054,Farah,binti Yusof,Female,018-1824162,1967-09-25,farah37054@gmail.com,Bronze,"No. 137, Jalan D3",Sungai Buloh,Selangor,47000,2025-08-27
37055,Li Wen,Yap,Female,017-8709000,1979-03-19,li37055@gmail.com,Gold,"No. 54, Jalan C17",Subang Jaya,Selangor,47500,2025-08-27
37056,Yasmin,binti Rahman,Female,010-5375767,1986-01-26,yasmin37056@gmail.com,Bronze,"No. 101, Jalan B14",Klang,Selangor,41300,2025-08-27
37057,Zarina,binti Razak,Female,011-5181179,1970-10-02,zarina37057@gmail.com,Silver,"No. 138, Jalan G17",Sungai Buloh,Selangor,47000,2025-08-27
37058,Jian Ming,Lim,Male,016-2122205,1965-09-11,jian37058@gmail.com,Bronze,"No. 132, Jalan C18",Wangsa Maju,Federal Territory of Kuala Lumpur,53200,2025-08-27
37059,Kevin,Foo,Male,012-7451581,1988-05-27,kevin37059@gmail.com,Bronze,"No. 240, Jalan E14",Gombak,Selangor,53000,2025-08-27
37060,Kok Wai,Lee,Male,015-6145530,1978-12-24,kok37060@gmail.com,Bronze,"No. 105, Jalan B10",Puchong,Selangor,47140,2025-08-27
37061,Chloe,Foo,Female,011-2856557,1966-10-30,chloe37061@gmail.com,Bronze,"No. 67, Jalan F1",Seremban,Negeri Sembilan,70100,2025-08-27
37062,Priya,a/p Rajan,Female,011-2895784,1970-10-29,priya37062@gmail.com,Bronze,"No. 270, Jalan F16",Klang,Selangor,41100,2025-08-27
37063,Rachel,Yap,Female,014-3581450,1964-01-17,rachel37063@gmail.com,Bronze,"No. 21, Jalan G6",Bukit Jalil,Federal Territory of Kuala Lumpur,58200,2025-08-27
37064,Shu Fen,Liew,Female,012-1934297,1983-02-11,shu37064@gmail.com,Bronze,"No. 88, Jalan A13",Sungai Buloh,Selangor,47820,2025-08-28
37065,Aiman,bin Ahmad,Male,013-1016476,1964-08-07,aiman37065@gmail.com,Bronze,"No. 277, Jalan G5",Subang Jaya,Selangor,47620,2025-08-28
37066,Rohani,binti Razak,Female,016-6506752,1983-10-25,rohani37066@gmail.com,Bronze,"No. 15, Jalan D8",Petaling Jaya,Selangor,46300,2025-08-28
37067,Xin Yi,Wong,Female,018-4355138,1971-10-22,xin37067@gmail.com,Bronze,"No. 24, Jalan G11",Bukit Jalil,Federal Territory of Kuala Lumpur,58200,2025-08-28
37068,Nabila,binti Ahmad,Female,010-7702736,1973-04-23,nabila37068@gmail.com,Bronze,"No. 89, Jalan C9",Johor Bahru,Johor,81300,2025-08-28
37069,Rohani,binti Hamid,Female,013-3636035,1975-12-05,rohani37069@gmail.com,Silver,"No. 266, Jalan C7",Shah Alam,Selangor,40000,2025-08-28
37070,Zarina,binti Hassan,Female,011-9046622,1964-10-16,zarina37070@gmail.com,Silver,"No. 114, Jalan E11",Puchong,Selangor,47190,2025-08-28
37071,Balqis,binti Yusof,Female,017-9297693,1991-01-23,balqis37071@gmail.com,Silver,"No. 71, Jalan F8",Seremban,Negeri Sembilan,70450,2025-08-28
37072,Amelia,binti Razak,Female,018-8872191,1990-11-19,amelia37072@gmail.com,Bronze,"No. 118, Jalan F1",Kuantan,Pahang,26060,2025-08-28
37073,Amelia,binti Razak,Female,015-7058091,2006-03-12,amelia37073@gmail.com,Bronze,"No. 82, Jalan F19",Shah Alam,Selangor,40150,2025-08-28
37074,Nabila,binti Zainal,Female,016-9188926,1967-07-22,nabila37074@gmail.com,Silver,"No. 264, Jalan G10",Subang Jaya,Selangor,47600,2025-08-28
37075,Wei Jie,Loh,Male,015-5688551,1983-06-22,wei37075@gmail.com,Gold,"No. 27, Jalan A20",Petaling Jaya,Selangor,47800,2025-08-28
37076,Aina,binti Hamid,Female,015-1044348,1994-04-11,aina37076@gmail.com,Bronze,"No. 1, Jalan A4",Kuala Lumpur,Federal Territory of Kuala Lumpur,56000,2025-08-29
37077,Zulkifli,bin Osman,Male,010-4174073,2000-10-06,zulkifli37077@gmail.com,Gold,"No. 46, Jalan A14",Kepong,Federal Territory of Kuala Lumpur,51200,2025-08-29
37078,Aina,binti Abdullah,Female,012-4361930,1993-12-14,aina37078@gmail.com,Bronze,"No. 93, Jalan G12",Kepong,Federal Territory of Kuala Lumpur,52000,2025-08-29
37079,Aisyah,binti Hamid,Female,013-2013922,2006-01-25,aisyah37079@gmail.com,Bronze,"No. 160, Jalan G14",Kuala Lumpur,Federal Territory of Kuala Lumpur,50000,2025-08-29
37080,Jian Ming,Loh,Male,019-9160136,2000-04-26,jian37080@gmail.com,Bronze,"No. 206, Jalan A9",Petaling Jaya,Selangor,47810,2025-08-29
37081,Farah,binti Abdullah,Female,016-9706394,1984-01-01,farah37081@gmail.com,Silver,"No. 118, Jalan A9",Melaka,Melaka,75250,2025-08-29
37082,Priya,a/p Rajan,Female,019-2218306,2004-12-14,priya37082@gmail.com,Gold,"No. 24, Jalan E2",Sungai Buloh,Selangor,47000,2025-08-29
37083,Firdaus,bin Razak,Male,016-5659434,1997-11-23,firdaus37083@gmail.com,Silver,"No. 210, Jalan C20",Sungai Buloh,Selangor,47810,2025-08-29
37084,Haziq,bin Hassan,Male,010-7663903,1974-10-13,haziq37084@gmail.com,Bronze,"No. 98, Jalan B16",Kajang,Selangor,43200,2025-08-29
37085,Kumar,a/l Krishnan,Male,010-4537004,2003-10-27,kumar37085@gmail.com,Bronze,"No. 178, Jalan E2",Puchong,Selangor,47180,2025-08-29
37086,Izzati,binti Yusof,Female,018-5056533,1987-10-09,izzati37086@gmail.com,Bronze,"No. 108, Jalan F16",Johor Bahru,Johor,80350,2025-08-29
37087,Rachel,Goh,Female,019-6848194,1966-01-24,rachel37087@gmail.com,Gold,"No. 122, Jalan B4",Puchong,Selangor,47180,2025-08-29
37088,Siti,binti Abdullah,Female,019-4997872,1968-11-14,siti37088@gmail.com,Bronze,"No. 254, Jalan A2",Puchong,Selangor,47120,2025-08-29
37089,Shu Fen,Teoh,Female,013-9216542,2003-02-19,shu37089@gmail.com,Bronze,"No. 275, Jalan A2",Selayang,Selangor,68000,2025-08-29
37090,Nurin,binti Razak,Female,014-5179957,1992-03-14,nurin37090@gmail.com,Silver,"No. 196, Jalan A17",Setapak,Federal Territory of Kuala Lumpur,53000,2025-08-29
37091,Mei Ling,Ong,Female,019-8523944,1988-08-30,mei37091@gmail.com,Silver,"No. 276, Jalan A15",Ampang,Selangor,68000,2025-08-29
37092,Priya,a/p Muniandy,Female,019-2564545,2006-09-08,priya37092@gmail.com,Bronze,"No. 230, Jalan B18",Gombak,Selangor,53100,2025-08-29
37093,Aiman,bin Razak,Male,017-9243285,1975-11-14,aiman37093@gmail.com,Silver,"No. 213, Jalan B4",Ipoh,Perak,30000,2025-08-29
37094,Rohani,binti Abdullah,Female,013-5897750,1981-07-18,rohani37094@gmail.com,Silver,"No. 104, Jalan C7",Subang Jaya,Selangor,47600,2025-08-29
37095,Zarina,binti Rahman,Female,015-8332802,1984-12-21,zarina37095@gmail.com,Silver,"No. 53, Jalan C9",Kuantan,Pahang,25200,2025-08-29
37096,Pei Shan,Teoh,Female,019-7513012,1983-04-11,pei37096@gmail.com,Silver,"No. 245, Jalan G3",Kuantan,Pahang,25200,2025-08-29
37097,Sze Min,Khoo,Female,017-8355666,1964-09-28,sze37097@gmail.com,Silver,"No. 81, Jalan G9",Bukit Jalil,Federal Territory of Kuala Lumpur,58200,2025-08-29
37098,Haziq,bin Yusof,Male,013-7278353,2006-07-04,haziq37098@gmail.com,Silver,"No. 172, Jalan A18",Subang Jaya,Selangor,47500,2025-08-29
37099,Emily,Loh,Female,019-7209098,1994-11-21,emily37099@gmail.com,Silver,"No. 210, Jalan A6",Subang Jaya,Selangor,47630,2025-08-29
37100,Shu Fen,Foo,Female,011-7101851,2004-08-06,shu37100@gmail.com,Silver,"No. 40, Jalan E18",Bukit Jalil,Federal Territory of Kuala Lumpur,57000,2025-08-29
37101,Fatimah,binti Ahmad,Female,010-4711168,1981-10-01,fatimah37101@gmail.com,Bronze,"No. 110, Jalan G10",Bukit Jalil,Federal Territory of Kuala Lumpur,57100,2025-08-29
37102,Nur Aina,binti Abdullah,Female,010-5375963,1972-08-10,nur37102@gmail.com,Gold,"No. 234, Jalan F10",Kuala Lumpur,Federal Territory of Kuala Lumpur,50000,2025-08-30
37103,Farah,binti Hamid,Female,014-6097638,2000-07-13,farah37103@gmail.com,Silver,"No. 141, Jalan G10",Kuala Lumpur,Federal Territory of Kuala Lumpur,50450,2025-08-30
37104,Jun Hao,Lim,Male,011-2670195,1986-10-30,jun37104@gmail.com,Gold,"No. 270, Jalan G19",Kuala Lumpur,Federal Territory of Kuala Lumpur,55200,2025-08-30
37105,Kumar,a/l Krishnan,Male,015-1963716,1964-09-27,kumar37105@gmail.com,Bronze,"No. 213, Jalan D4",Petaling Jaya,Selangor,46300,2025-08-30
37106,Daniel,Tan,Male,019-8155237,1994-12-12,daniel37106@gmail.com,Gold,"No. 209, Jalan A1",Klang,Selangor,41300,2025-08-30
37107,Jasmine,Chua,Female,013-1508817,1966-05-20,jasmine37107@gmail.com,Bronze,"No. 249, Jalan A7",Shah Alam,Selangor,40200,2025-08-30
37108,Zarina,binti Hamid,Female,011-4097496,1976-11-16,zarina37108@gmail.com,Bronze,"No. 229, Jalan F19",Petaling Jaya,Selangor,46200,2025-08-30
37109,Wei Hong,Chua,Male,014-5181526,1971-11-20,wei37109@gmail.com,Bronze,"No. 213, Jalan F16",Bukit Jalil,Federal Territory of Kuala Lumpur,57000,2025-08-30
37110,Ling Ling,Tan,Female,015-4965877,2006-05-21,ling37110@gmail.com,Silver,"No. 134, Jalan G15",Petaling Jaya,Selangor,46000,2025-08-30
37111,Nabila,binti Zainal,Female,017-8477713,1999-10-31,nabila37111@gmail.com,Silver,"No. 19, Jalan E7",Johor Bahru,Johor,80350,2025-08-30
37112,Zhi Wei,Chua,Male,015-9192271,1991-09-22,zhi37112@gmail.com,Gold,"No. 168, Jalan D6",Johor Bahru,Johor,80000,2025-08-30
37113,Siti,binti Ismail,Female,016-2996534,1977-04-20,siti37113@gmail.com,Bronze,"No. 257, Jalan E20",Wangsa Maju,Federal Territory of Kuala Lumpur,53100,2025-08-30
37114,Nurin,binti Ahmad,Female,011-8598090,1986-04-14,nurin37114@gmail.com,Bronze,"No. 151, Jalan A16",George Town,Pulau Pinang,10000,2025-08-30
37115,Wei Hong,Chan,Male,014-6621885,1994-04-14,wei37115@gmail.com,Bronze,"No. 90, Jalan D19",Shah Alam,Selangor,40460,2025-08-30
37116,Kumar,a/l Rajan,Male,014-8118658,2004-02-21,kumar37116@gmail.com,Bronze,"No. 102, Jalan C12",Puchong,Selangor,47140,2025-08-30
37117,Zheng Yang,Chong,Male,010-5500963,1999-11-16,zheng37117@gmail.com,Bronze,"No. 228, Jalan C17",Puchong,Selangor,47150,2025-08-30
37118,Priya,a/p Krishnan,Female,011-5946311,1995-07-07,priya37118@gmail.com,Bronze,"No. 215, Jalan D17",Puchong,Selangor,47160,2025-08-30
37119,Nurul Huda,binti Ismail,Female,012-8946824,2000-01-06,nurul37119@gmail.com,Bronze,"No. 282, Jalan G2",Kajang,Selangor,43100,2025-08-30
37120,Irfan,bin Hamid,Male,013-7724170,1992-05-21,irfan37120@gmail.com,Bronze,"No. 218, Jalan F4",Setapak,Federal Territory of Kuala Lumpur,53200,2025-08-30
37121,Zulkifli,bin Hassan,Male,015-1097584,1976-07-06,zulkifli37121@gmail.com,Silver,"No. 92, Jalan D2",Kepong,Federal Territory of Kuala Lumpur,51200,2025-08-30
37122,Yong Sheng,Chin,Male,012-2052149,1984-12-05,yong37122@gmail.com,Bronze,"No. 3, Jalan C3",Setapak,Federal Territory of Kuala Lumpur,53000,2025-08-30
37123,Chloe,Yap,Female,015-5408679,1976-09-30,chloe37123@gmail.com,Silver,"No. 115, Jalan B15",Setapak,Federal Territory of Kuala Lumpur,53300,2025-08-30
37124,Amirul,bin Hamid,Male,016-5849824,1998-12-16,amirul37124@gmail.com,Bronze,"No. 89, Jalan D10",Wangsa Maju,Federal Territory of Kuala Lumpur,53100,2025-08-30
37125,Emily,Ng,Female,014-7606743,1979-03-10,emily37125@gmail.com,Gold,"No. 129, Jalan F8",Kuantan,Pahang,25000,2025-08-30
37126,Izzati,binti Hassan,Female,011-6303829,1977-06-09,izzati37126@gmail.com,Bronze,"No. 186, Jalan G10",Gombak,Selangor,53100,2025-08-30
37127,Firdaus,bin Hamid,Male,016-1817373,1991-02-18,firdaus37127@gmail.com,Bronze,"No. 244, Jalan C7",Gombak,Selangor,68100,2025-08-30
37128,Deepa,a/p Ramasamy,Female,018-1827995,2006-02-09,deepa37128@gmail.com,Gold,"No. 136, Jalan F15",Gombak,Selangor,53000,2025-08-30
37129,Alia,binti Osman,Female,015-8784927,2004-05-19,alia37129@gmail.com,Gold,"No. 259, Jalan A17",Gombak,Selangor,68100,2025-08-30
37130,Amelia,binti Zainal,Female,016-7288658,1982-01-01,amelia37130@gmail.com,Silver,"No. 116, Jalan E19",Ipoh,Perak,30200,2025-08-30
37131,Aina,binti Ismail,Female,012-3847078,1984-07-31,aina37131@gmail.com,Silver,"No. 104, Jalan D14",Kuantan,Pahang,25000,2025-08-30
37132,Aiman,bin Ahmad,Male,017-6821553,1985-05-02,aiman37132@gmail.com,Bronze,"No. 255, Jalan C13",Subang Jaya,Selangor,47650,2025-08-30
37133,Mei Ling,Chin,Female,017-6909161,2001-09-07,mei37133@gmail.com,Bronze,"No. 115, Jalan A2",Subang Jaya,Selangor,47610,2025-08-30
37134,Aina,binti Hamid,Female,016-7088341,1989-04-08,aina37134@gmail.com,Bronze,"No. 200, Jalan E19",Bukit Jalil,Federal Territory of Kuala Lumpur,57100,2025-08-30
37135,Nurin,binti Osman,Female,016-1780387,1984-04-01,nurin37135@gmail.com,Bronze,"No. 34, Jalan C13",Kepong,Federal Territory of Kuala Lumpur,52000,2025-08-31
37136,Amirul,bin Ahmad,Male,015-8632035,2003-08-26,amirul37136@gmail.com,Silver,"No. 15, Jalan G10",Petaling Jaya,Selangor,47810,2025-08-31
37137,Izzati,binti Osman,Female,015-6698119,1971-02-01,izzati37137@gmail.com,Platinum,"No. 130, Jalan A16",Petaling Jaya,Selangor,46100,2025-08-31
37138,Irfan,bin Ismail,Male,016-8752069,1993-12-02,irfan37138@gmail.com,Silver,"No. 152, Jalan C18",Johor Bahru,Johor,80000,2025-08-31
37139,Adam,bin Osman,Male,019-2291793,1966-03-19,adam37139@gmail.com,Bronze,"No. 266, Jalan B6",Johor Bahru,Johor,81100,2025-08-31
37140,Farah,binti Abdullah,Female,011-5952930,1980-06-16,farah37140@gmail.com,Bronze,"No. 280, Jalan F19",Melaka,Melaka,75250,2025-08-31
37141,Siti,binti Zainal,Female,016-4999918,1995-09-28,siti37141@gmail.com,Bronze,"No. 46, Jalan E3",George Town,Pulau Pinang,10250,2025-08-31
37142,Lakshmi,a/p Muniandy,Female,017-9903613,1992-09-19,lakshmi37142@gmail.com,Silver,"No. 124, Jalan G6",George Town,Pulau Pinang,10000,2025-08-31
37143,Shu Fen,Chan,Female,019-4278971,2000-05-06,shu37143@gmail.com,Bronze,"No. 69, Jalan A6",George Town,Pulau Pinang,10300,2025-08-31
37144,Kevin,Lim,Male,017-8476367,2004-11-27,kevin37144@gmail.com,Bronze,"No. 3, Jalan F17",Melaka,Melaka,75050,2025-08-31
37145,Jun Hao,Chin,Male,015-3175095,2005-09-24,jun37145@gmail.com,Bronze,"No. 37, Jalan F13",Melaka,Melaka,75350,2025-08-31
37146,Suhaila,binti Ahmad,Female,014-5548722,1995-12-18,suhaila37146@gmail.com,Bronze,"No. 54, Jalan D20",Melaka,Melaka,75250,2025-08-31
37147,Irfan,bin Osman,Male,011-8178937,1981-07-11,irfan37147@gmail.com,Bronze,"No. 103, Jalan C20",Shah Alam,Selangor,40150,2025-08-31
37148,Suhaila,binti Ahmad,Female,012-3782188,1996-05-26,suhaila37148@gmail.com,Gold,"No. 166, Jalan E10",Selayang,Selangor,68100,2025-08-31
37149,Firdaus,bin Yusof,Male,016-7187332,1972-05-25,firdaus37149@gmail.com,Silver,"No. 298, Jalan A17",Setapak,Federal Territory of Kuala Lumpur,53000,2025-08-31
37150,Rohani,binti Yusof,Female,018-7816890,1971-08-08,rohani37150@gmail.com,Platinum,"No. 94, Jalan A9",Wangsa Maju,Federal Territory of Kuala Lumpur,53200,2025-08-31
37151,Alia,binti Ahmad,Female,018-3352361,1990-12-23,alia37151@gmail.com,Silver,"No. 55, Jalan E18",Gombak,Selangor,53000,2025-08-31
37152,Balqis,binti Zainal,Female,014-8685117,1976-04-17,balqis37152@gmail.com,Bronze,"No. 267, Jalan E14",Seremban,Negeri Sembilan,70000,2025-08-31
37153,Emily,Chan,Female,013-3256537,1966-01-04,emily37153@gmail.com,Bronze,"No. 99, Jalan B2",Temerloh,Pahang,28000,2025-08-31
37154,Amirul,bin Hamid,Male,019-7231387,1994-06-29,amirul37154@gmail.com,Silver,"No. 263, Jalan F12",Kuantan,Pahang,25200,2025-08-31
37155,Firdaus,bin Hamid,Male,012-8665114,2003-02-15,firdaus37155@gmail.com,Silver,"No. 216, Jalan G13",Cyberjaya,Selangor,63100,2025-08-31
37156,Yasmin,binti Rahman,Female,012-3713346,1981-10-30,yasmin37156@gmail.com,Bronze,"No. 296, Jalan A19",Bukit Jalil,Federal Territory of Kuala Lumpur,58200,2025-08-31
37157,Alia,binti Ahmad,Female,018-6827487,1979-05-07,alia37157@gmail.com,Silver,"No. 145, Jalan G12",Kajang,Selangor,43000,2025-08-31
37158,Izzati,binti Hamid,Female,017-3558793,1985-05-29,izzati37158@gmail.com,Bronze,"No. 277, Jalan C9",Petaling Jaya,Selangor,46300,2025-09-01
37159,Xin Yi,Khoo,Female,015-4530567,1994-10-08,xin37159@gmail.com,Bronze,"No. 26, Jalan A6",Petaling Jaya,Selangor,46200,2025-09-01
37160,Zulkifli,bin Yusof,Male,013-7543897,1990-12-15,zulkifli37160@gmail.com,Silver,"No. 202, Jalan G20",Petaling Jaya,Selangor,46100,2025-09-01
37161,Kevin,Yap,Male,018-9342284,1980-03-31,kevin37161@gmail.com,Bronze,"No. 187, Jalan D4",Petaling Jaya,Selangor,46300,2025-09-01
37162,Grace,Wong,Female,015-8326305,1996-04-30,grace37162@gmail.com,Bronze,"No. 106, Jalan D3",Johor Bahru,Johor,80000,2025-09-01
37163,Prakash,a/l Muniandy,Male,010-7637543,2002-11-12,prakash37163@gmail.com,Silver,"No. 257, Jalan F14",Melaka,Melaka,75250,2025-09-01
37164,Adam,bin Ismail,Male,012-3173649,1979-11-02,adam37164@gmail.com,Platinum,"No. 179, Jalan G8",Shah Alam,Selangor,40300,2025-09-01
37165,Siti,binti Yusof,Female,019-3919539,2003-01-12,siti37165@gmail.com,Silver,"No. 206, Jalan D16",Shah Alam,Selangor,40160,2025-09-01
37166,Amelia,binti Hamid,Female,013-5137323,1971-08-16,amelia37166@gmail.com,Bronze,"No. 168, Jalan B5",Shah Alam,Selangor,40460,2025-09-01
37167,Kevin,Tan,Male,019-2766055,1976-09-22,kevin37167@gmail.com,Silver,"No. 144, Jalan F20",Wangsa Maju,Federal Territory of Kuala Lumpur,53100,2025-09-01
37168,Yasmin,binti Zainal,Female,017-2239286,2007-09-01,yasmin37168@gmail.com,Gold,"No. 246, Jalan D10",Ampang,Selangor,55100,2025-09-01
37169,Vanessa,Chong,Female,015-2226897,1987-01-05,vanessa37169@gmail.com,Bronze,"No. 215, Jalan G2",Seremban,Negeri Sembilan,70450,2025-09-01
37170,Anisa,binti Hamid,Female,016-2281994,1979-09-18,anisa37170@gmail.com,Silver,"No. 81, Jalan D12",Subang Jaya,Selangor,47500,2025-09-01
37171,Farah,binti Ahmad,Female,016-6125296,1983-08-19,farah37171@gmail.com,Gold,"No. 107, Jalan D5",Subang Jaya,Selangor,47600,2025-09-01
37172,Zheng Yang,Loh,Male,019-7613014,1977-05-02,zheng37172@gmail.com,Bronze,"No. 195, Jalan B3",Puchong,Selangor,47160,2025-09-02
37173,Aina,binti Zainal,Female,010-1047861,2002-10-03,aina37173@gmail.com,Gold,"No. 21, Jalan B7",Selayang,Selangor,68000,2025-09-02
37174,Jasmine,Khoo,Female,010-9854541,1967-03-19,jasmine37174@gmail.com,Silver,"No. 158, Jalan B8",George Town,Pulau Pinang,10150,2025-09-02
37175,Zulkifli,bin Hassan,Male,018-1517506,1977-11-08,zulkifli37175@gmail.com,Platinum,"No. 85, Jalan G14",Gombak,Selangor,68100,2025-09-02
37176,Chong Wei,Goh,Male,013-3077317,1983-03-23,chong37176@gmail.com,Bronze,"No. 269, Jalan A12",Sungai Buloh,Selangor,47000,2025-09-02
37177,Irfan,bin Hassan,Male,018-7604451,1987-06-13,irfan37177@gmail.com,Bronze,"No. 93, Jalan B2",Klang,Selangor,42100,2025-09-02
37178,Zarina,binti Hassan,Female,014-9687889,2003-10-02,zarina37178@gmail.com,Gold,"No. 262, Jalan B7",Puchong,Selangor,47190,2025-09-02
37179,Thivya,a/p Maniam,Female,013-2586049,1982-07-11,thivya37179@gmail.com,Platinum,"No. 28, Jalan C14",Selayang,Selangor,68100,2025-09-02
37180,Anisa,binti Hassan,Female,013-3287510,1979-10-15,anisa37180@gmail.com,Bronze,"No. 227, Jalan G6",Kajang,Selangor,43100,2025-09-02
37181,Farah,binti Abdullah,Female,013-7985766,2005-04-16,farah37181@gmail.com,Bronze,"No. 36, Jalan A13",Puchong,Selangor,47190,2025-09-02
37182,Sze Min,Ong,Female,013-6892877,1996-08-12,sze37182@gmail.com,Bronze,"No. 26, Jalan G19",Setapak,Federal Territory of Kuala Lumpur,53200,2025-09-02
37183,Hafiz,bin Rahman,Male,010-7030954,1988-12-20,hafiz37183@gmail.com,Gold,"No. 54, Jalan E13",Gombak,Selangor,53000,2025-09-02
37184,Izzati,binti Osman,Female,011-1856854,1981-10-10,izzati37184@gmail.com,Gold,"No. 228, Jalan B8",Ipoh,Perak,30010,2025-09-02
37185,Faizal,bin Abdullah,Male,012-6024703,1972-01-30,faizal37185@gmail.com,Bronze,"No. 30, Jalan D15",Seremban,Negeri Sembilan,70450,2025-09-02
37186,Li Wen,Yeoh,Female,010-3011625,1980-09-21,li37186@gmail.com,Gold,"No. 42, Jalan A1",George Town,Pulau Pinang,10450,2025-09-02
37187,Irfan,bin Razak,Male,018-3932045,1968-09-16,irfan37187@gmail.com,Silver,"No. 60, Jalan G11",Kuala Lumpur,Federal Territory of Kuala Lumpur,56000,2025-09-03
37188,Suresh,a/l Rajan,Male,017-6818795,1995-11-03,suresh37188@gmail.com,Bronze,"No. 265, Jalan F4",Petaling Jaya,Selangor,47800,2025-09-03
37189,Nur Aina,binti Hassan,Female,015-5132259,1975-09-07,nur37189@gmail.com,Bronze,"No. 66, Jalan C2",Sungai Buloh,Selangor,47820,2025-09-03
37190,Alia,binti Abdullah,Female,018-3399578,1992-06-24,alia37190@gmail.com,Gold,"No. 145, Jalan A6",Johor Bahru,Johor,80200,2025-09-03
37191,Rohani,binti Hamid,Female,015-1405615,1985-05-12,rohani37191@gmail.com,Platinum,"No. 63, Jalan G2",Johor Bahru,Johor,80350,2025-09-03
37192,Izzati,binti Abdullah,Female,018-9155912,1997-08-21,izzati37192@gmail.com,Silver,"No. 117, Jalan D11",George Town,Pulau Pinang,10350,2025-09-03
37193,Zulkifli,bin Hamid,Male,012-4160288,1991-10-06,zulkifli37193@gmail.com,Bronze,"No. 51, Jalan F18",Klang,Selangor,42100,2025-09-03
37194,Rachel,Chin,Female,018-3732807,1982-07-18,rachel37194@gmail.com,Bronze,"No. 140, Jalan F7",Seremban,Negeri Sembilan,70450,2025-09-03
37195,Suhaila,binti Hassan,Female,018-2735570,1969-07-21,suhaila37195@gmail.com,Bronze,"No. 156, Jalan D8",Petaling Jaya,Selangor,47800,2025-09-03
37196,Priya,a/p Krishnan,Female,019-8347888,1982-01-21,priya37196@gmail.com,Silver,"No. 26, Jalan D18",Sungai Buloh,Selangor,47810,2025-09-03
37197,Ravi,a/l Ramasamy,Male,010-5823239,1988-07-26,ravi37197@gmail.com,Gold,"No. 192, Jalan A12",Wangsa Maju,Federal Territory of Kuala Lumpur,53100,2025-09-03
37198,Meena,a/p Rajan,Female,011-4443839,1978-01-17,meena37198@gmail.com,Silver,"No. 231, Jalan B7",Kuala Lumpur,Federal Territory of Kuala Lumpur,57000,2025-09-03
37199,Daniel,Cheah,Male,015-4502551,1982-06-23,daniel37199@gmail.com,Bronze,"No. 61, Jalan G1",Seremban,Negeri Sembilan,70300,2025-09-03
37200,Deepa,a/p Subramaniam,Female,014-9758191,1980-05-18,deepa37200@gmail.com,Silver,"No. 105, Jalan B5",Seremban,Negeri Sembilan,70400,2025-09-03
37201,Yee Ling,Chan,Female,011-6696685,1972-03-19,yee37201@gmail.com,Bronze,"No. 207, Jalan G7",Kuantan,Pahang,25000,2025-09-03
37202,Zulkifli,bin Zainal,Male,015-2142563,2002-11-16,zulkifli37202@gmail.com,Bronze,"No. 94, Jalan E16",Kuantan,Pahang,25150,2025-09-03
37203,Jia Yi,Tan,Female,019-5709488,1988-08-05,jia37203@gmail.com,Silver,"No. 233, Jalan F10",Cyberjaya,Selangor,63000,2025-09-03
37204,Chloe,Goh,Female,010-8391998,1987-01-31,chloe37204@gmail.com,Silver,"No. 266, Jalan A1",Bukit Jalil,Federal Territory of Kuala Lumpur,58200,2025-09-03
37205,Wei Hong,Wong,Male,015-5360510,1989-05-19,wei37205@gmail.com,Silver,"No. 254, Jalan F18",Kepong,Federal Territory of Kuala Lumpur,51200,2025-09-04
37206,Daniel,Ng,Male,010-6374674,1999-01-23,daniel37206@gmail.com,Silver,"No. 169, Jalan B18",Kepong,Federal Territory of Kuala Lumpur,52100,2025-09-04
37207,Faizal,bin Razak,Male,012-2298226,1969-02-15,faizal37207@gmail.com,Platinum,"No. 158, Jalan F11",Kuala Lumpur,Federal Territory of Kuala Lumpur,50480,2025-09-04
37208,Hafiz,bin Rahman,Male,018-9498662,1987-08-14,hafiz37208@gmail.com,Silver,"No. 118, Jalan C9",Petaling Jaya,Selangor,46000,2025-09-04
37209,Nabila,binti Yusof,Female,013-3206517,1974-03-06,nabila37209@gmail.com,Bronze,"No. 194, Jalan E11",Petaling Jaya,Selangor,47301,2025-09-04
37210,Firdaus,bin Zainal,Male,019-3948405,1993-12-06,firdaus37210@gmail.com,Bronze,"No. 181, Jalan E19",Petaling Jaya,Selangor,46050,2025-09-04
37211,Jun Hao,Cheah,Male,017-2244691,1990-07-17,jun37211@gmail.com,Bronze,"No. 85, Jalan E14",Sungai Buloh,Selangor,47000,2025-09-04
37212,Meena,a/p Krishnan,Female,011-8133259,2006-06-16,meena37212@gmail.com,Gold,"No. 203, Jalan C8",Petaling Jaya,Selangor,46300,2025-09-04
37213,Pei Shan,Lim,Female,014-8538797,1969-05-29,pei37213@gmail.com,Gold,"No. 28, Jalan C3",Johor Bahru,Johor,80100,2025-09-04
37214,Thivya,a/p Muniandy,Female,013-8857928,1990-01-30,thivya37214@gmail.com,Bronze,"No. 131, Jalan B14",Johor Bahru,Johor,80000,2025-09-04
37215,Adam,bin Yusof,Male,019-2873199,1984-06-08,adam37215@gmail.com,Bronze,"No. 220, Jalan G19",Melaka,Melaka,75100,2025-09-04
37216,Ling Ling,Cheah,Female,018-2681455,2005-07-02,ling37216@gmail.com,Bronze,"No. 3, Jalan B18",Melaka,Melaka,75100,2025-09-04
37217,Lakshmi,a/p Subramaniam,Female,014-8369533,2000-08-21,lakshmi37217@gmail.com,Bronze,"No. 33, Jalan C19",Sungai Buloh,Selangor,47810,2025-09-04
37218,Hafiz,bin Abdullah,Male,011-6404155,2004-02-05,hafiz37218@gmail.com,Bronze,"No. 164, Jalan B19",Shah Alam,Selangor,40100,2025-09-04
37219,Hannah,binti Zainal,Female,011-8168073,1978-12-18,hannah37219@gmail.com,Silver,"No. 170, Jalan D4",Petaling Jaya,Selangor,46050,2025-09-04
37220,Danial,bin Yusof,Male,013-6606793,1971-07-19,danial37220@gmail.com,Bronze,"No. 134, Jalan F20",Rawang,Selangor,48020,2025-09-04
37221,Nur Aina,binti Hassan,Female,013-6126245,1988-04-09,nur37221@gmail.com,Bronze,"No. 194, Jalan D15",Kepong,Federal Territory of Kuala Lumpur,52000,2025-09-04
37222,Zulkifli,bin Rahman,Male,012-1790937,1976-07-09,zulkifli37222@gmail.com,Silver,"No. 82, Jalan B17",Setapak,Federal Territory of Kuala Lumpur,53000,2025-09-04
37223,Nur Aina,binti Abdullah,Female,014-7146590,1983-04-05,nur37223@gmail.com,Bronze,"No. 1, Jalan G18",Kepong,Federal Territory of Kuala Lumpur,52000,2025-09-04
37224,Nurin,binti Zainal,Female,014-7553837,1978-03-23,nurin37224@gmail.com,Silver,"No. 76, Jalan A11",Petaling Jaya,Selangor,46050,2025-09-04
37225,Michelle,Yap,Female,015-5823587,1997-12-11,michelle37225@gmail.com,Platinum,"No. 156, Jalan D19",Seremban,Negeri Sembilan,70000,2025-09-04
37226,Amelia,binti Yusof,Female,010-7825858,2006-09-13,amelia37226@gmail.com,Silver,"No. 248, Jalan E7",Seremban,Negeri Sembilan,70450,2025-09-04
37227,Shalini,a/p Rajan,Female,018-9612731,1969-12-19,shalini37227@gmail.com,Platinum,"No. 85, Jalan G10",Bukit Jalil,Federal Territory of Kuala Lumpur,58200,2025-09-04
37228,Alia,binti Hamid,Female,015-2779692,1991-09-22,alia37228@gmail.com,Bronze,"No. 84, Jalan F8",Kuala Lumpur,Federal Territory of Kuala Lumpur,58000,2025-09-05
37229,Prakash,a/l Maniam,Male,019-4799562,1965-07-07,prakash37229@gmail.com,Silver,"No. 42, Jalan C2",Kuala Lumpur,Federal Territory of Kuala Lumpur,55100,2025-09-05
37230,Faizal,bin Zainal,Male,015-3208182,1994-06-19,faizal37230@gmail.com,Silver,"No. 76, Jalan G19",Kuala Lumpur,Federal Territory of Kuala Lumpur,59200,2025-09-05
37231,Aiman,bin Abdullah,Male,019-1328918,1970-10-28,aiman37231@gmail.com,Bronze,"No. 38, Jalan E3",Puchong,Selangor,47150,2025-09-05
37232,Daniel,Ong,Male,019-6333851,1993-04-30,daniel37232@gmail.com,Bronze,"No. 156, Jalan C1",Sungai Buloh,Selangor,47820,2025-09-05
37233,Hui Min,Chua,Female,013-2505597,1969-03-25,hui37233@gmail.com,Bronze,"No. 96, Jalan E1",Johor Bahru,Johor,80200,2025-09-05
37234,Irfan,bin Hamid,Male,014-9901272,1983-05-12,irfan37234@gmail.com,Gold,"No. 270, Jalan E19",Gombak,Selangor,53000,2025-09-05
37235,Faizal,bin Hassan,Male,015-2872348,2004-07-12,faizal37235@gmail.com,Bronze,"No. 115, Jalan G17",Butterworth,Pulau Pinang,12200,2025-09-05
37236,Irfan,bin Hamid,Male,014-8886593,2004-10-15,irfan37236@gmail.com,Gold,"No. 155, Jalan C12",Johor Bahru,Johor,80000,2025-09-05
37237,Ling Ling,Yap,Female,017-2531578,1973-02-22,ling37237@gmail.com,Gold,"No. 288, Jalan E17",Shah Alam,Selangor,40150,2025-09-05
37238,Priya,a/p Ramasamy,Female,019-2586215,2006-12-11,priya37238@gmail.com,Bronze,"No. 222, Jalan E8",Shah Alam,Selangor,40170,2025-09-05
37239,Chong Wei,Khoo,Male,013-5605631,2005-07-30,chong37239@gmail.com,Gold,"No. 85, Jalan D13",Shah Alam,Selangor,40300,2025-09-05
37240,Syafiq,bin Zainal,Male,018-8602875,1980-08-09,syafiq37240@gmail.com,Platinum,"No. 238, Jalan D9",Klang,Selangor,41200,2025-09-05
37241,Siti,binti Osman,Female,013-6767334,1984-05-23,siti37241@gmail.com,Bronze,"No. 58, Jalan G2",Kajang,Selangor,43300,2025-09-05
37242,Aiman,bin Osman,Male,018-3339551,1966-12-03,aiman37242@gmail.com,Bronze,"No. 119, Jalan B2",Puchong,Selangor,47150,2025-09-05
37243,Alia,binti Abdullah,Female,018-4638401,1974-02-08,alia37243@gmail.com,Silver,"No. 290, Jalan G10",Kepong,Federal Territory of Kuala Lumpur,52100,2025-09-05
37244,Lakshmi,a/p Subramaniam,Female,012-7646414,1964-07-01,lakshmi37244@gmail.com,Bronze,"No. 219, Jalan A11",Setapak,Federal Territory of Kuala Lumpur,53200,2025-09-05
37245,Izzati,binti Yusof,Female,017-6926136,1998-02-15,izzati37245@gmail.com,Bronze,"No. 198, Jalan G9",Bukit Jalil,Federal Territory of Kuala Lumpur,58200,2025-09-05
37246,Xin Yi,Lee,Female,012-4239179,1969-11-04,xin37246@gmail.com,Silver,"No. 26, Jalan E10",Taiping,Perak,34600,2025-09-05
37247,Zulkifli,bin Hamid,Male,011-4216313,1992-11-21,zulkifli37247@gmail.com,Bronze,"No. 76, Jalan E2",Seremban,Negeri Sembilan,70300,2025-09-05
37248,Ganesh,a/l Maniam,Male,014-1479480,1975-07-04,ganesh37248@gmail.com,Silver,"No. 75, Jalan D8",Seremban,Negeri Sembilan,70100,2025-09-05
37249,Xin Yi,Ng,Female,019-7877247,1973-12-10,xin37249@gmail.com,Silver,"No. 85, Jalan E13",Seremban,Negeri Sembilan,70300,2025-09-05
37250,Kok Wai,Chong,Male,016-5006954,1995-12-12,kok37250@gmail.com,Silver,"No. 87, Jalan E9",Kuantan,Pahang,25100,2025-09-05
37251,Hannah,binti Ahmad,Female,013-3308349,1966-06-04,hannah37251@gmail.com,Silver,"No. 123, Jalan E7",Kuantan,Pahang,25200,2025-09-05
37252,Firdaus,bin Abdullah,Male,015-9037590,1996-01-13,firdaus37252@gmail.com,Gold,"No. 21, Jalan E1",Subang Jaya,Selangor,47620,2025-09-05
37253,Nadia,binti Osman,Female,012-1629874,2003-01-12,nadia37253@gmail.com,Silver,"No. 136, Jalan E10",Bukit Jalil,Federal Territory of Kuala Lumpur,57000,2025-09-05
37254,Alia,binti Ismail,Female,012-9516700,1974-09-17,alia37254@gmail.com,Bronze,"No. 197, Jalan G8",Seremban,Negeri Sembilan,70400,2025-09-06
37255,Amirul,bin Hamid,Male,014-8338526,2005-01-19,amirul37255@gmail.com,Silver,"No. 21, Jalan D2",Kuala Lumpur,Federal Territory of Kuala Lumpur,58000,2025-09-06
37256,Amirul,bin Abdullah,Male,014-6408287,1981-11-14,amirul37256@gmail.com,Silver,"No. 181, Jalan F5",Kepong,Federal Territory of Kuala Lumpur,51200,2025-09-06
37257,Faizal,bin Hamid,Male,014-1330036,1964-11-24,faizal37257@gmail.com,Bronze,"No. 144, Jalan B11",Gombak,Selangor,53000,2025-09-06
37258,Deepa,a/p Subramaniam,Female,015-2706347,1988-06-08,deepa37258@gmail.com,Silver,"No. 93, Jalan A2",Petaling Jaya,Selangor,47300,2025-09-06
37259,Vanessa,Wong,Female,014-8493421,1999-09-29,vanessa37259@gmail.com,Silver,"No. 84, Jalan G13",Sungai Buloh,Selangor,47820,2025-09-06
37260,Nabila,binti Yusof,Female,017-1277966,1999-06-18,nabila37260@gmail.com,Gold,"No. 161, Jalan D19",Shah Alam,Selangor,40400,2025-09-06
37261,Rajesh,a/l Maniam,Male,019-6572054,2007-03-28,rajesh37261@gmail.com,Gold,"No. 123, Jalan G7",George Town,Pulau Pinang,10100,2025-09-06
37262,Aiman,bin Ismail,Male,015-2179335,1988-07-25,aiman37262@gmail.com,Silver,"No. 51, Jalan C1",George Town,Pulau Pinang,10350,2025-09-06
37263,Hui Min,Loh,Female,019-6513616,1979-10-13,hui37263@gmail.com,Bronze,"No. 244, Jalan D10",George Town,Pulau Pinang,10300,2025-09-06
37264,Anisa,binti Abdullah,Female,015-1581407,1996-03-01,anisa37264@gmail.com,Gold,"No. 269, Jalan G10",Melaka,Melaka,75000,2025-09-06
37265,Nurul Huda,binti Ahmad,Female,014-7681647,1972-10-28,nurul37265@gmail.com,Silver,"No. 161, Jalan B5",Klang,Selangor,41150,2025-09-06
37266,Yee Ling,Teoh,Female,013-4246899,1976-11-12,yee37266@gmail.com,Silver,"No. 300, Jalan F6",Klang,Selangor,41200,2025-09-06
37267,Nurin,binti Rahman,Female,016-4845962,1981-02-10,nurin37267@gmail.com,Gold,"No. 238, Jalan G7",Puchong,Selangor,47140,2025-09-06
37268,Shalini,a/p Ramasamy,Female,017-7901769,1989-11-11,shalini37268@gmail.com,Silver,"No. 83, Jalan C2",Puchong,Selangor,47170,2025-09-06
37269,Divya,a/p Krishnan,Female,015-6155396,1986-09-01,divya37269@gmail.com,Silver,"No. 96, Jalan D17",Rawang,Selangor,48020,2025-09-06
37270,Chong Wei,Yeoh,Male,013-4413868,1994-10-01,chong37270@gmail.com,Silver,"No. 158, Jalan A7",Wangsa Maju,Federal Territory of Kuala Lumpur,53100,2025-09-06
37271,Nur Aina,binti Abdullah,Female,018-6140877,1975-11-08,nur37271@gmail.com,Silver,"No. 163, Jalan A16",Wangsa Maju,Federal Territory of Kuala Lumpur,53200,2025-09-06
37272,Adam,bin Ahmad,Male,018-2997308,1998-09-20,adam37272@gmail.com,Bronze,"No. 242, Jalan F13",Gombak,Selangor,68100,2025-09-06
37273,Suhaila,binti Osman,Female,016-5647242,1983-10-27,suhaila37273@gmail.com,Bronze,"No. 235, Jalan B10",Gombak,Selangor,68100,2025-09-06
37274,Anisa,binti Rahman,Female,011-4667104,1993-08-16,anisa37274@gmail.com,Bronze,"No. 255, Jalan B20",Seremban,Negeri Sembilan,70450,2025-09-06
37275,Yasmin,binti Zainal,Female,018-9217136,1997-12-28,yasmin37275@gmail.com,Bronze,"No. 235, Jalan F2",Klang,Selangor,41300,2025-09-06
37276,Deepa,a/p Rajan,Female,018-6514848,1966-12-11,deepa37276@gmail.com,Bronze,"No. 179, Jalan C4",Kuantan,Pahang,25150,2025-09-06
37277,Faizal,bin Ahmad,Male,015-8857599,1978-01-01,faizal37277@gmail.com,Silver,"No. 91, Jalan D8",Subang Jaya,Selangor,47500,2025-09-06
37278,Thivya,a/p Maniam,Female,016-1752502,1972-08-05,thivya37278@gmail.com,Bronze,"No. 270, Jalan F3",Kuala Lumpur,Federal Territory of Kuala Lumpur,55100,2025-09-07
37279,Michelle,Foo,Female,016-8144601,1988-12-11,michelle37279@gmail.com,Silver,"No. 255, Jalan G14",Petaling Jaya,Selangor,47300,2025-09-07
37280,Ganesh,a/l Krishnan,Male,014-3349351,1965-04-24,ganesh37280@gmail.com,Platinum,"No. 145, Jalan G16",Sungai Buloh,Selangor,47820,2025-09-07
37281,Jun Hao,Chan,Male,016-9159811,1969-02-16,jun37281@gmail.com,Silver,"No. 39, Jalan C19",Sungai Buloh,Selangor,47820,2025-09-07
37282,Nurul Huda,binti Razak,Female,016-2709328,1986-04-01,nurul37282@gmail.com,Silver,"No. 169, Jalan A8",Sungai Buloh,Selangor,47820,2025-09-07
37283,Rachel,Liew,Female,010-2803388,1994-03-19,rachel37283@gmail.com,Bronze,"No. 176, Jalan F3",Johor Bahru,Johor,80350,2025-09-07
37284,Li Wen,Chan,Female,015-6405993,1987-08-31,li37284@gmail.com,Gold,"No. 9, Jalan A20",Johor Bahru,Johor,81100,2025-09-07
37285,Haziq,bin Abdullah,Male,015-9036349,1994-05-24,haziq37285@gmail.com,Bronze,"No. 187, Jalan F7",Melaka,Melaka,75000,2025-09-07
37286,Syafiq,bin Hassan,Male,010-5241221,1966-09-15,syafiq37286@gmail.com,Bronze,"No. 26, Jalan F16",Shah Alam,Selangor,40460,2025-09-07
37287,Siti,binti Zainal,Female,018-2093484,1982-12-15,siti37287@gmail.com,Gold,"No. 67, Jalan A14",Shah Alam,Selangor,40100,2025-09-07
37288,Zarina,binti Hassan,Female,018-6883688,1985-11-17,zarina37288@gmail.com,Silver,"No. 129, Jalan A10",Sungai Buloh,Selangor,47000,2025-09-07
37289,Wan Ying,Wong,Female,015-7312165,1998-06-03,wan37289@gmail.com,Silver,"No. 194, Jalan F7",Klang,Selangor,42100,2025-09-07
37290,Yong Sheng,Chong,Male,017-9605117,1990-06-02,yong37290@gmail.com,Bronze,"No. 272, Jalan F19",Sungai Buloh,Selangor,47810,2025-09-07
37291,Siti,binti Hassan,Female,014-4235372,1969-12-07,siti37291@gmail.com,Bronze,"No. 7, Jalan G16",Setapak,Federal Territory of Kuala Lumpur,53200,2025-09-07
37292,Nadia,binti Razak,Female,010-7647250,1994-11-24,nadia37292@gmail.com,Bronze,"No. 32, Jalan D14",Setapak,Federal Territory of Kuala Lumpur,53100,2025-09-07
37293,Nurin,binti Ahmad,Female,018-4454093,2001-01-10,nurin37293@gmail.com,Platinum,"No. 164, Jalan D16",Setapak,Federal Territory of Kuala Lumpur,53300,2025-09-07
37294,Irfan,bin Ahmad,Male,018-1995997,1971-01-09,irfan37294@gmail.com,Bronze,"No. 256, Jalan G5",Setapak,Federal Territory of Kuala Lumpur,53100,2025-09-07
37295,Balqis,binti Zainal,Female,012-7551653,1985-05-07,balqis37295@gmail.com,Silver,"No. 264, Jalan A6",Melaka,Melaka,75050,2025-09-07
37296,Suhaila,binti Hamid,Female,017-3161518,1995-02-24,suhaila37296@gmail.com,Bronze,"No. 146, Jalan G18",Kuantan,Pahang,25100,2025-09-07
37297,Aiman,bin Osman,Male,010-5610859,1982-04-03,aiman37297@gmail.com,Bronze,"No. 2, Jalan G17",Subang Jaya,Selangor,47650,2025-09-07
37298,Hannah,binti Ismail,Female,018-9286360,1967-09-10,hannah37298@gmail.com,Bronze,"No. 2, Jalan A7",Kajang,Selangor,43000,2025-09-07
37299,Hui Min,Wong,Female,012-3344235,1966-11-26,hui37299@gmail.com,Platinum,"No. 76, Jalan F20",Seremban,Negeri Sembilan,70000,2025-09-08
37300,Adam,bin Ahmad,Male,019-4617759,1996-02-10,adam37300@gmail.com,Bronze,"No. 265, Jalan C1",Petaling Jaya,Selangor,46300,2025-09-08
37301,Divya,a/p Subramaniam,Female,019-1729945,1999-04-10,divya37301@gmail.com,Bronze,"No. 232, Jalan F20",George Town,Pulau Pinang,10000,2025-09-08
37302,Nur Aina,binti Razak,Female,017-2204051,1994-12-07,nur37302@gmail.com,Bronze,"No. 35, Jalan A10",Melaka,Melaka,75000,2025-09-08
37303,Faizal,bin Zainal,Male,016-9497034,1982-08-19,faizal37303@gmail.com,Bronze,"No. 6, Jalan A11",Sungai Buloh,Selangor,47810,2025-09-08
37304,Nur Aina,binti Abdullah,Female,013-8620709,1990-06-02,nur37304@gmail.com,Bronze,"No. 129, Jalan C20",Kajang,Selangor,43000,2025-09-08
37305,Aiman,bin Razak,Male,012-8417033,1964-05-08,aiman37305@gmail.com,Bronze,"No. 43, Jalan E20",Wangsa Maju,Federal Territory of Kuala Lumpur,53200,2025-09-08
37306,Amirul,bin Rahman,Male,013-4417335,1973-10-16,amirul37306@gmail.com,Gold,"No. 220, Jalan A15",Seremban,Negeri Sembilan,70100,2025-09-08
37307,Hafiz,bin Yusof,Male,010-1167700,1977-04-13,hafiz37307@gmail.com,Bronze,"No. 212, Jalan B5",Wangsa Maju,Federal Territory of Kuala Lumpur,53200,2025-09-08
37308,Grace,Liew,Female,016-3240901,1966-01-07,grace37308@gmail.com,Gold,"No. 86, Jalan D8",Kajang,Selangor,43100,2025-09-08
37309,Siti,binti Ahmad,Female,010-2910767,1978-02-06,siti37309@gmail.com,Bronze,"No. 150, Jalan E6",Kuala Lumpur,Federal Territory of Kuala Lumpur,50000,2025-09-09
37310,Yong Sheng,Chin,Male,016-2845836,1967-01-11,yong37310@gmail.com,Gold,"No. 2, Jalan A8",Petaling Jaya,Selangor,46000,2025-09-09
37311,Suhaila,binti Zainal,Female,013-9907857,1993-09-15,suhaila37311@gmail.com,Silver,"No. 51, Jalan G13",Sungai Buloh,Selangor,47000,2025-09-09
37312,Zarina,binti Ahmad,Female,018-1304559,2005-01-15,zarina37312@gmail.com,Gold,"No. 270, Jalan F9",Gombak,Selangor,53000,2025-09-09
37313,Wei Hong,Ong,Male,017-9674737,1981-11-07,wei37313@gmail.com,Bronze,"No. 164, Jalan A18",Johor Bahru,Johor,81300,2025-09-09
37314,Zhi Wei,Chin,Male,014-1101827,1977-11-18,zhi37314@gmail.com,Bronze,"No. 62, Jalan G4",Seremban,Negeri Sembilan,70200,2025-09-09
37315,Amelia,binti Abdullah,Female,011-4057734,2007-02-02,amelia37315@gmail.com,Bronze,"No. 25, Jalan A19",Shah Alam,Selangor,40100,2025-09-09
37316,Yong Sheng,Chong,Male,012-1820994,1984-09-21,yong37316@gmail.com,Gold,"No. 24, Jalan G13",Shah Alam,Selangor,40400,2025-09-09
37317,Hannah,binti Hassan,Female,015-2172542,1979-09-12,hannah37317@gmail.com,Silver,"No. 245, Jalan A3",Klang,Selangor,41150,2025-09-09
37318,Deepa,a/p Ramasamy,Female,011-3474708,1972-06-20,deepa37318@gmail.com,Bronze,"No. 215, Jalan C14",Selayang,Selangor,68000,2025-09-09
37319,Syafiq,bin Zainal,Male,013-7419711,1979-11-17,syafiq37319@gmail.com,Gold,"No. 134, Jalan D4",Klang,Selangor,41050,2025-09-09
37320,Pei Shan,Liew,Female,013-3227649,1999-02-28,pei37320@gmail.com,Bronze,"No. 176, Jalan F2",Bangi,Selangor,43600,2025-09-09
37321,Anisa,binti Osman,Female,014-1986096,1972-11-08,anisa37321@gmail.com,Silver,"No. 181, Jalan B5",Kuala Lumpur,Federal Territory of Kuala Lumpur,58000,2025-09-09
37322,Nurul Huda,binti Zainal,Female,010-7718294,1989-09-11,nurul37322@gmail.com,Gold,"No. 78, Jalan A7",Seremban,Negeri Sembilan,70200,2025-09-09
37323,Jun Hao,Liew,Male,014-3209196,2004-01-03,jun37323@gmail.com,Bronze,"No. 199, Jalan B7",Kuantan,Pahang,25150,2025-09-09
37324,Suhaila,binti Zainal,Female,018-5891725,1987-12-16,suhaila37324@gmail.com,Bronze,"No. 174, Jalan C11",Bukit Jalil,Federal Territory of Kuala Lumpur,58200,2025-09-09
37325,Adam,bin Ahmad,Male,018-6193331,1980-09-28,adam37325@gmail.com,Bronze,"No. 266, Jalan B18",Bukit Jalil,Federal Territory of Kuala Lumpur,57100,2025-09-09
37326,Nurul Huda,binti Hassan,Female,010-2155366,1996-03-25,nurul37326@gmail.com,Silver,"No. 234, Jalan A4",Kuala Lumpur,Federal Territory of Kuala Lumpur,50000,2025-09-10
37327,Suhaila,binti Ahmad,Female,017-9370069,1976-05-17,suhaila37327@gmail.com,Silver,"No. 117, Jalan B6",Kuala Lumpur,Federal Territory of Kuala Lumpur,59200,2025-09-10
37328,Zhi Wei,Loh,Male,018-2593184,1980-09-24,zhi37328@gmail.com,Platinum,"No. 256, Jalan D4",Kuala Lumpur,Federal Territory of Kuala Lumpur,50450,2025-09-10
37329,Shalini,a/p Ramasamy,Female,015-2862947,1991-05-04,shalini37329@gmail.com,Bronze,"No. 213, Jalan B13",Kuala Lumpur,Federal Territory of Kuala Lumpur,55200,2025-09-10
37330,Adam,bin Osman,Male,014-2699897,1980-07-05,adam37330@gmail.com,Bronze,"No. 247, Jalan A14",Setapak,Federal Territory of Kuala Lumpur,53000,2025-09-10
37331,Wei Hong,Cheah,Male,011-8464458,1983-05-13,wei37331@gmail.com,Silver,"No. 53, Jalan G2",Petaling Jaya,Selangor,47400,2025-09-10
37332,Suhaila,binti Ismail,Female,018-7424119,1982-04-20,suhaila37332@gmail.com,Gold,"No. 61, Jalan D17",Johor Bahru,Johor,81300,2025-09-10
37333,Firdaus,bin Ismail,Male,016-8035674,1982-02-27,firdaus37333@gmail.com,Bronze,"No. 141, Jalan F13",Johor Bahru,Johor,81300,2025-09-10
37334,Li Wen,Foo,Female,014-3653986,1981-10-14,li37334@gmail.com,Bronze,"No. 250, Jalan B19",Johor Bahru,Johor,80100,2025-09-10
37335,Nurul Huda,binti Hassan,Female,013-5719419,1977-09-01,nurul37335@gmail.com,Bronze,"No. 32, Jalan G13",Ipoh,Perak,31350,2025-09-10
37336,Wan Ying,Chin,Female,018-9862202,1995-06-03,wan37336@gmail.com,Gold,"No. 265, Jalan C7",Butterworth,Pulau Pinang,12100,2025-09-10
37337,Syafiq,bin Abdullah,Male,017-5960306,1991-02-01,syafiq37337@gmail.com,Silver,"No. 134, Jalan F8",George Town,Pulau Pinang,10050,2025-09-10
37338,Jia Yi,Wong,Female,010-8703816,1974-03-21,jia37338@gmail.com,Bronze,"No. 79, Jalan A15",George Town,Pulau Pinang,10200,2025-09-10
37339,Hafiz,bin Abdullah,Male,012-1426203,1998-09-13,hafiz37339@gmail.com,Gold,"No. 208, Jalan D18",Melaka,Melaka,75100,2025-09-10
37340,Jian Ming,Khoo,Male,011-7300411,1966-11-14,jian37340@gmail.com,Bronze,"No. 258, Jalan G3",Gombak,Selangor,68100,2025-09-10
37341,Emily,Khoo,Female,015-9315344,1987-02-04,emily37341@gmail.com,Silver,"No. 54, Jalan G15",Subang Jaya,Selangor,47630,2025-09-10
37342,Kevin,Tan,Male,016-9534068,2001-09-10,kevin37342@gmail.com,Bronze,"No. 264, Jalan B19",Klang,Selangor,41250,2025-09-10
37343,Shu Fen,Foo,Female,017-7121195,1992-05-16,shu37343@gmail.com,Silver,"No. 78, Jalan F8",Selayang,Selangor,68000,2025-09-10
37344,Amirul,bin Zainal,Male,013-4148505,2007-04-23,amirul37344@gmail.com,Platinum,"No. 262, Jalan E3",Setapak,Federal Territory of Kuala Lumpur,53200,2025-09-10
37345,Danial,bin Hamid,Male,019-1205940,1984-04-14,danial37345@gmail.com,Bronze,"No. 191, Jalan C16",Kepong,Federal Territory of Kuala Lumpur,52000,2025-09-10
37346,Suresh,a/l Ramasamy,Male,014-5252371,2007-05-09,suresh37346@gmail.com,Bronze,"No. 168, Jalan G17",Wangsa Maju,Federal Territory of Kuala Lumpur,53200,2025-09-10
37347,Prakash,a/l Muniandy,Male,018-5771295,1968-12-24,prakash37347@gmail.com,Silver,"No. 11, Jalan D4",Gombak,Selangor,53000,2025-09-10
37348,Haziq,bin Ahmad,Male,012-5660777,1994-05-15,haziq37348@gmail.com,Silver,"No. 251, Jalan G4",Selayang,Selangor,68100,2025-09-10
37349,Syafiq,bin Rahman,Male,012-5056705,1967-09-07,syafiq37349@gmail.com,Silver,"No. 157, Jalan E10",Kuantan,Pahang,25300,2025-09-10
37350,Kumar,a/l Subramaniam,Male,015-7369583,1989-01-03,kumar37350@gmail.com,Silver,"No. 162, Jalan C18",Subang Jaya,Selangor,47610,2025-09-10
37351,Xin Yi,Goh,Female,013-1616314,1965-07-10,xin37351@gmail.com,Bronze,"No. 38, Jalan C13",Kuala Lumpur,Federal Territory of Kuala Lumpur,57000,2025-09-10
37352,Jasmine,Yap,Female,012-8423628,1971-06-24,jasmine37352@gmail.com,Bronze,"No. 182, Jalan D19",Kuala Lumpur,Federal Territory of Kuala Lumpur,57000,2025-09-11
37353,Shalini,a/p Muniandy,Female,018-4511517,1992-05-17,shalini37353@gmail.com,Bronze,"No. 84, Jalan F13",Petaling Jaya,Selangor,47400,2025-09-11
37354,Aiman,bin Ahmad,Male,016-4313022,1970-03-15,aiman37354@gmail.com,Bronze,"No. 175, Jalan F17",Puchong,Selangor,47190,2025-09-11
37355,Amelia,binti Osman,Female,019-8535478,2003-11-16,amelia37355@gmail.com,Bronze,"No. 34, Jalan D14",Melaka,Melaka,75000,2025-09-11
37356,Syafiq,bin Razak,Male,018-5182117,1968-11-13,syafiq37356@gmail.com,Bronze,"No. 2, Jalan B17",Klang,Selangor,41000,2025-09-11
37357,Adam,bin Ahmad,Male,012-6896604,1983-07-01,adam37357@gmail.com,Silver,"No. 278, Jalan D4",Cyberjaya,Selangor,63100,2025-09-11
37358,Farah,binti Ismail,Female,018-3829337,2002-12-09,farah37358@gmail.com,Bronze,"No. 93, Jalan B20",Selayang,Selangor,68000,2025-09-11
37359,Hui Min,Yap,Female,013-6779778,1981-03-20,hui37359@gmail.com,Bronze,"No. 74, Jalan D2",Setapak,Federal Territory of Kuala Lumpur,53200,2025-09-11
37360,Thivya,a/p Subramaniam,Female,015-8915443,1977-09-16,thivya37360@gmail.com,Gold,"No. 258, Jalan E12",Kepong,Federal Territory of Kuala Lumpur,51200,2025-09-11
37361,Adam,bin Osman,Male,018-9968430,1968-07-22,adam37361@gmail.com,Silver,"No. 170, Jalan B9",Setapak,Federal Territory of Kuala Lumpur,53000,2025-09-11
37362,Hui Min,Loh,Female,011-1106549,1980-08-06,hui37362@gmail.com,Bronze,"No. 51, Jalan C2",Wangsa Maju,Federal Territory of Kuala Lumpur,53100,2025-09-11
37363,Aiman,bin Hamid,Male,015-1335638,1992-04-18,aiman37363@gmail.com,Bronze,"No. 234, Jalan E12",Klang,Selangor,41050,2025-09-11
37364,Faizal,bin Hassan,Male,011-2076221,1991-08-25,faizal37364@gmail.com,Silver,"No. 189, Jalan D17",Kuala Lumpur,Federal Territory of Kuala Lumpur,58000,2025-09-11
37365,Amelia,binti Rahman,Female,010-2970001,1968-10-08,amelia37365@gmail.com,Bronze,"No. 114, Jalan C16",Gombak,Selangor,68100,2025-09-11
37366,Michelle,Teoh,Female,018-2657065,1990-12-24,michelle37366@gmail.com,Silver,"No. 268, Jalan A3",Ampang,Selangor,68000,2025-09-11
37367,Siti,binti Ismail,Female,019-1515878,1978-02-09,siti37367@gmail.com,Silver,"No. 111, Jalan A13",Gombak,Selangor,53000,2025-09-11
37368,Shalini,a/p Subramaniam,Female,015-7842343,2006-09-18,shalini37368@gmail.com,Bronze,"No. 63, Jalan B5",Ipoh,Perak,30300,2025-09-11
37369,Chloe,Loh,Female,012-1005795,1980-04-07,chloe37369@gmail.com,Bronze,"No. 86, Jalan A16",Ipoh,Perak,30250,2025-09-11
37370,Xin Yi,Chong,Female,014-8622818,1980-04-01,xin37370@gmail.com,Bronze,"No. 117, Jalan C15",Klang,Selangor,41050,2025-09-11
37371,Aisyah,binti Razak,Female,019-7172346,1967-01-03,aisyah37371@gmail.com,Silver,"No. 80, Jalan G16",Kuantan,Pahang,25150,2025-09-11
37372,Rajesh,a/l Maniam,Male,011-5359279,1999-08-18,rajesh37372@gmail.com,Bronze,"No. 169, Jalan C2",Subang Jaya,Selangor,47620,2025-09-11
37373,Li Wen,Chua,Female,012-3963366,1984-08-15,li37373@gmail.com,Silver,"No. 201, Jalan A6",Kuala Lumpur,Federal Territory of Kuala Lumpur,58000,2025-09-12
37374,Sze Min,Yap,Female,012-4970237,1994-09-15,sze37374@gmail.com,Gold,"No. 24, Jalan D20",Petaling Jaya,Selangor,46200,2025-09-12
37375,Farah,binti Razak,Female,014-1691255,1976-12-06,farah37375@gmail.com,Bronze,"No. 42, Jalan B7",Petaling Jaya,Selangor,46200,2025-09-12
37376,Lakshmi,a/p Ramasamy,Female,016-9456970,1999-02-11,lakshmi37376@gmail.com,Platinum,"No. 212, Jalan F18",Petaling Jaya,Selangor,47400,2025-09-12
37377,Alia,binti Hamid,Female,011-9025545,1982-06-10,alia37377@gmail.com,Bronze,"No. 294, Jalan F11",Petaling Jaya,Selangor,46100,2025-09-12
37378,Nur Aina,binti Ismail,Female,014-8533094,2006-06-19,nur37378@gmail.com,Bronze,"No. 281, Jalan C13",Petaling Jaya,Selangor,47400,2025-09-12
37379,Li Wen,Cheah,Female,017-4251380,1991-02-09,li37379@gmail.com,Bronze,"No. 189, Jalan B20",Sungai Buloh,Selangor,47820,2025-09-12
37380,Kai Xin,Lee,Female,017-4227233,1992-05-11,kai37380@gmail.com,Gold,"No. 272, Jalan D13",Melaka,Melaka,75250,2025-09-12
37381,Hui Min,Loh,Female,010-8513830,1982-07-24,hui37381@gmail.com,Silver,"No. 193, Jalan F1",Melaka,Melaka,75350,2025-09-12
37382,Anjali,a/p Rajan,Female,011-4314301,1997-09-08,anjali37382@gmail.com,Bronze,"No. 147, Jalan E1",Puchong,Selangor,47110,2025-09-12
37383,Balqis,binti Ismail,Female,016-3587775,1977-06-28,balqis37383@gmail.com,Bronze,"No. 120, Jalan B14",Klang,Selangor,41050,2025-09-12
37384,Divya,a/p Muniandy,Female,016-3917278,1983-08-03,divya37384@gmail.com,Silver,"No. 102, Jalan D15",Setapak,Federal Territory of Kuala Lumpur,53300,2025-09-12
37385,Aina,binti Rahman,Female,018-2178283,1969-10-03,aina37385@gmail.com,Bronze,"No. 60, Jalan E20",Wangsa Maju,Federal Territory of Kuala Lumpur,53200,2025-09-12
37386,Priya,a/p Maniam,Female,018-2683249,1994-07-16,priya37386@gmail.com,Bronze,"No. 259, Jalan B7",Ipoh,Perak,30100,2025-09-12
37387,Nadia,binti Zainal,Female,018-1838362,1980-09-19,nadia37387@gmail.com,Bronze,"No. 275, Jalan E13",Ipoh,Perak,30100,2025-09-12
37388,Danial,bin Ahmad,Male,017-2455293,1987-01-26,danial37388@gmail.com,Bronze,"No. 231, Jalan F6",Subang Jaya,Selangor,47650,2025-09-12
37389,Shalini,a/p Rajan,Female,018-4875212,1983-04-20,shalini37389@gmail.com,Gold,"No. 1, Jalan G14",Bukit Jalil,Federal Territory of Kuala Lumpur,58200,2025-09-12
37390,Chloe,Goh,Female,017-3631873,1994-02-09,chloe37390@gmail.com,Silver,"No. 18, Jalan D6",Kuala Lumpur,Federal Territory of Kuala Lumpur,58000,2025-09-13
37391,Jia Yi,Sim,Female,016-4545919,1994-10-22,jia37391@gmail.com,Bronze,"No. 30, Jalan E7",Kuala Lumpur,Federal Territory of Kuala Lumpur,59000,2025-09-13
37392,Alia,binti Hassan,Female,010-3746558,1966-11-17,alia37392@gmail.com,Gold,"No. 26, Jalan B10",Kuala Lumpur,Federal Territory of Kuala Lumpur,58000,2025-09-13
37393,Nadia,binti Abdullah,Female,017-4453615,1990-02-23,nadia37393@gmail.com,Gold,"No. 212, Jalan A19",Petaling Jaya,Selangor,47301,2025-09-13
37394,Nurin,binti Ahmad,Female,016-2758365,2000-10-20,nurin37394@gmail.com,Bronze,"No. 193, Jalan D15",Sungai Buloh,Selangor,47810,2025-09-13
37395,Shu Fen,Yap,Female,013-9738486,1965-08-11,shu37395@gmail.com,Gold,"No. 2, Jalan E6",Subang Jaya,Selangor,47610,2025-09-13
37396,Aisyah,binti Rahman,Female,019-1432951,1992-11-18,aisyah37396@gmail.com,Gold,"No. 32, Jalan G8",Selayang,Selangor,68100,2025-09-13
37397,Siti,binti Razak,Female,013-1641805,1992-07-31,siti37397@gmail.com,Bronze,"No. 221, Jalan B13",Johor Bahru,Johor,81300,2025-09-13
37398,Hannah,binti Yusof,Female,011-2680836,1988-12-23,hannah37398@gmail.com,Platinum,"No. 55, Jalan A6",Johor Bahru,Johor,81200,2025-09-13
37399,Aina,binti Hassan,Female,019-4396909,1979-12-27,aina37399@gmail.com,Bronze,"No. 98, Jalan A2",Seremban,Negeri Sembilan,70400,2025-09-13
37400,Amelia,binti Razak,Female,016-9039286,1972-09-15,amelia37400@gmail.com,Gold,"No. 216, Jalan B8",George Town,Pulau Pinang,10400,2025-09-13
37401,Amirul,bin Razak,Male,014-2929758,1996-11-05,amirul37401@gmail.com,Bronze,"No. 248, Jalan E8",Melaka,Melaka,75100,2025-09-13
37402,Balqis,binti Rahman,Female,014-6478471,1993-02-09,balqis37402@gmail.com,Silver,"No. 41, Jalan F9",Shah Alam,Selangor,40000,2025-09-13
37403,Fatimah,binti Osman,Female,019-3994260,2001-05-12,fatimah37403@gmail.com,Gold,"No. 72, Jalan G11",Klang,Selangor,41100,2025-09-13
37404,Chloe,Chan,Female,014-3201642,1967-07-04,chloe37404@gmail.com,Bronze,"No. 222, Jalan E7",Shah Alam,Selangor,40200,2025-09-13
37405,Nurin,binti Ahmad,Female,013-3561992,1979-05-27,nurin37405@gmail.com,Bronze,"No. 135, Jalan F6",Bangi,Selangor,43600,2025-09-13
37406,Vanessa,Teoh,Female,010-5606675,2003-04-12,vanessa37406@gmail.com,Gold,"No. 71, Jalan F3",Puchong,Selangor,47130,2025-09-13
37407,Kumar,a/l Maniam,Male,018-8693399,1970-07-13,kumar37407@gmail.com,Silver,"No. 225, Jalan A12",Kajang,Selangor,43200,2025-09-13
37408,Adam,bin Zainal,Male,014-6765606,1994-06-27,adam37408@gmail.com,Bronze,"No. 106, Jalan D17",Selayang,Selangor,68100,2025-09-13
37409,Farah,binti Zainal,Female,012-7115686,1977-12-25,farah37409@gmail.com,Silver,"No. 40, Jalan C18",Gombak,Selangor,68100,2025-09-13
37410,Emily,Yap,Female,016-6500292,1979-11-08,emily37410@gmail.com,Gold,"No. 170, Jalan A5",Seremban,Negeri Sembilan,70300,2025-09-13
37411,Aisyah,binti Ismail,Female,013-8632187,1977-06-07,aisyah37411@gmail.com,Bronze,"No. 99, Jalan D7",Kuantan,Pahang,26060,2025-09-13
37412,Aisyah,binti Hassan,Female,017-1946355,1972-12-27,aisyah37412@gmail.com,Gold,"No. 243, Jalan D3",Kuantan,Pahang,25050,2025-09-13
37413,Mei Ling,Lee,Female,013-7964005,1997-09-28,mei37413@gmail.com,Bronze,"No. 165, Jalan B7",Kuantan,Pahang,25000,2025-09-13
37414,Mei Ling,Goh,Female,011-1947248,1980-01-09,mei37414@gmail.com,Bronze,"No. 291, Jalan D2",Subang Jaya,Selangor,47500,2025-09-13
37415,Faizal,bin Hamid,Male,017-6043485,1991-01-16,faizal37415@gmail.com,Bronze,"No. 200, Jalan A8",Bukit Jalil,Federal Territory of Kuala Lumpur,58200,2025-09-13
37416,Vikram,a/l Rajan,Male,014-3114201,1991-06-26,vikram37416@gmail.com,Platinum,"No. 105, Jalan A5",Wangsa Maju,Federal Territory of Kuala Lumpur,53100,2025-09-14
37417,Farah,binti Yusof,Female,014-1549917,1968-11-15,farah37417@gmail.com,Silver,"No. 155, Jalan F14",Kepong,Federal Territory of Kuala Lumpur,52100,2025-09-14
37418,Fatimah,binti Razak,Female,019-3227451,1966-11-14,fatimah37418@gmail.com,Bronze,"No. 274, Jalan D1",Kuala Lumpur,Federal Territory of Kuala Lumpur,55200,2025-09-14
37419,Yasmin,binti Hamid,Female,012-7285227,1992-10-20,yasmin37419@gmail.com,Bronze,"No. 273, Jalan F2",Petaling Jaya,Selangor,47300,2025-09-14
37420,Zarina,binti Ismail,Female,016-6138041,1986-02-25,zarina37420@gmail.com,Bronze,"No. 189, Jalan B19",Melaka,Melaka,75100,2025-09-14
37421,Aiman,bin Razak,Male,015-1909037,1981-02-26,aiman37421@gmail.com,Silver,"No. 120, Jalan E11",Melaka,Melaka,75200,2025-09-14
37422,Aisyah,binti Osman,Female,019-3201001,1991-09-10,aisyah37422@gmail.com,Silver,"No. 182, Jalan E10",Klang,Selangor,41050,2025-09-14
37423,Syafiq,bin Abdullah,Male,013-3180530,1992-12-27,syafiq37423@gmail.com,Silver,"No. 299, Jalan G13",Klang,Selangor,42100,2025-09-14
37424,Aina,binti Rahman,Female,019-7752124,1970-12-16,aina37424@gmail.com,Bronze,"No. 292, Jalan E11",Puchong,Selangor,47140,2025-09-14
37425,Zheng Yang,Teoh,Male,016-5694883,1977-05-29,zheng37425@gmail.com,Platinum,"No. 291, Jalan F17",Selayang,Selangor,68100,2025-09-14
37426,Alia,binti Yusof,Female,014-2392921,1985-10-16,alia37426@gmail.com,Bronze,"No. 248, Jalan A14",Selayang,Selangor,68100,2025-09-14
37427,Nabila,binti Ismail,Female,019-3780463,2002-11-13,nabila37427@gmail.com,Bronze,"No. 185, Jalan A13",Taiping,Perak,34700,2025-09-14
37428,Zulkifli,bin Ismail,Male,012-8770396,1968-08-06,zulkifli37428@gmail.com,Platinum,"No. 258, Jalan E11",Temerloh,Pahang,28000,2025-09-14
37429,Adam,bin Abdullah,Male,012-8554068,1987-11-29,adam37429@gmail.com,Silver,"No. 194, Jalan C12",Selayang,Selangor,68000,2025-09-14
37430,Faizal,bin Yusof,Male,012-9856647,1991-02-05,faizal37430@gmail.com,Platinum,"No. 91, Jalan F10",Bukit Jalil,Federal Territory of Kuala Lumpur,57100,2025-09-14
37431,Nur Aina,binti Zainal,Female,011-6040698,1994-01-07,nur37431@gmail.com,Bronze,"No. 65, Jalan C18",Bukit Jalil,Federal Territory of Kuala Lumpur,57000,2025-09-14
37432,Hui Min,Tan,Female,013-7742092,1992-04-17,hui37432@gmail.com,Bronze,"No. 148, Jalan F3",Kuala Lumpur,Federal Territory of Kuala Lumpur,57000,2025-09-15
37433,Chong Wei,Khoo,Male,014-7174158,1998-07-09,chong37433@gmail.com,Silver,"No. 152, Jalan B2",Sungai Buloh,Selangor,47810,2025-09-15
37434,Shalini,a/p Ramasamy,Female,015-9987545,2001-11-25,shalini37434@gmail.com,Platinum,"No. 17, Jalan A3",Petaling Jaya,Selangor,47300,2025-09-15
37435,Chong Wei,Lim,Male,017-7979686,1988-08-29,chong37435@gmail.com,Silver,"No. 232, Jalan A17",George Town,Pulau Pinang,10050,2025-09-15
37436,Nadia,binti Hassan,Female,017-7855892,1968-12-08,nadia37436@gmail.com,Bronze,"No. 264, Jalan G17",Melaka,Melaka,75300,2025-09-15
37437,Faizal,bin Yusof,Male,014-1414150,2001-08-08,faizal37437@gmail.com,Bronze,"No. 145, Jalan C18",Wangsa Maju,Federal Territory of Kuala Lumpur,53100,2025-09-15
37438,Zulkifli,bin Razak,Male,015-7704382,1969-01-27,zulkifli37438@gmail.com,Bronze,"No. 102, Jalan B7",Seremban,Negeri Sembilan,70200,2025-09-15
37439,Michelle,Khoo,Female,012-4642349,1993-05-07,michelle37439@gmail.com,Gold,"No. 79, Jalan F4",Subang Jaya,Selangor,47610,2025-09-15
37440,Divya,a/p Krishnan,Female,018-5207581,1979-01-03,divya37440@gmail.com,Silver,"No. 247, Jalan C14",Petaling Jaya,Selangor,47800,2025-09-15
37441,Izzati,binti Abdullah,Female,014-4762368,1986-03-29,izzati37441@gmail.com,Bronze,"No. 298, Jalan A4",Kuala Lumpur,Federal Territory of Kuala Lumpur,58000,2025-09-16
37442,Irfan,bin Razak,Male,013-4918808,1990-06-13,irfan37442@gmail.com,Silver,"No. 281, Jalan E5",Shah Alam,Selangor,40200,2025-09-16
37443,Divya,a/p Subramaniam,Female,013-2712964,2006-02-04,divya37443@gmail.com,Gold,"No. 40, Jalan A6",Klang,Selangor,41100,2025-09-16
37444,Hafiz,bin Hamid,Male,016-3024313,1999-01-02,hafiz37444@gmail.com,Platinum,"No. 146, Jalan F6",Klang,Selangor,41250,2025-09-16
37445,Fatimah,binti Yusof,Female,014-9025470,2004-04-02,fatimah37445@gmail.com,Bronze,"No. 169, Jalan D12",Selayang,Selangor,68100,2025-09-16
37446,Danial,bin Hassan,Male,015-2594532,1981-04-29,danial37446@gmail.com,Silver,"No. 173, Jalan C17",Setapak,Federal Territory of Kuala Lumpur,53000,2025-09-16
37447,Irfan,bin Hassan,Male,013-1846718,2000-03-11,irfan37447@gmail.com,Bronze,"No. 23, Jalan D7",Wangsa Maju,Federal Territory of Kuala Lumpur,53200,2025-09-16
37448,Grace,Yap,Female,012-1133465,1972-12-28,grace37448@gmail.com,Silver,"No. 52, Jalan F16",Kepong,Federal Territory of Kuala Lumpur,52100,2025-09-16
37449,Haziq,bin Ismail,Male,015-5234745,1986-02-14,haziq37449@gmail.com,Bronze,"No. 62, Jalan B17",Ipoh,Perak,30250,2025-09-16
37450,Yee Ling,Tan,Female,016-5883095,1979-04-06,yee37450@gmail.com,Bronze,"No. 155, Jalan F12",Ipoh,Perak,31400,2025-09-16
37451,Anjali,a/p Maniam,Female,014-8900027,1966-04-20,anjali37451@gmail.com,Bronze,"No. 191, Jalan E12",Klang,Selangor,42100,2025-09-16
37452,Lakshmi,a/p Muniandy,Female,016-1565904,1965-05-31,lakshmi37452@gmail.com,Bronze,"No. 181, Jalan A16",Cyberjaya,Selangor,63100,2025-09-16
37453,Firdaus,bin Abdullah,Male,011-7525053,1967-11-17,firdaus37453@gmail.com,Bronze,"No. 87, Jalan F5",Selayang,Selangor,68100,2025-09-16
37454,Hannah,binti Ismail,Female,017-8693389,1998-08-15,hannah37454@gmail.com,Silver,"No. 13, Jalan C17",Bukit Jalil,Federal Territory of Kuala Lumpur,57100,2025-09-16
37455,Zarina,binti Osman,Female,010-5798227,1990-10-25,zarina37455@gmail.com,Gold,"No. 31, Jalan F3",Wangsa Maju,Federal Territory of Kuala Lumpur,53300,2025-09-16
37456,Adam,bin Ismail,Male,015-7297423,1988-08-14,adam37456@gmail.com,Bronze,"No. 217, Jalan D9",Petaling Jaya,Selangor,46300,2025-09-17
37457,Farah,binti Ahmad,Female,012-9835337,1991-07-27,farah37457@gmail.com,Bronze,"No. 140, Jalan E5",Petaling Jaya,Selangor,46200,2025-09-17
37458,Alia,binti Zainal,Female,011-5755400,2003-09-07,alia37458@gmail.com,Bronze,"No. 28, Jalan C8",Petaling Jaya,Selangor,46200,2025-09-17
37459,Shu Fen,Loh,Female,010-8292102,1966-10-16,shu37459@gmail.com,Bronze,"No. 172, Jalan G18",George Town,Pulau Pinang,10400,2025-09-17
37460,Alia,binti Ahmad,Female,019-2095780,1990-10-17,alia37460@gmail.com,Bronze,"No. 139, Jalan D17",Melaka,Melaka,75100,2025-09-17
37461,Irfan,bin Rahman,Male,016-2095192,1991-08-26,irfan37461@gmail.com,Bronze,"No. 35, Jalan B5",Melaka,Melaka,75000,2025-09-17
37462,Lakshmi,a/p Muniandy,Female,018-8657654,2006-12-18,lakshmi37462@gmail.com,Gold,"No. 250, Jalan F18",Sungai Buloh,Selangor,47000,2025-09-17
37463,Jian Ming,Foo,Male,012-4236959,2004-06-09,jian37463@gmail.com,Bronze,"No. 295, Jalan E12",Selayang,Selangor,68000,2025-09-17
37464,Adam,bin Osman,Male,015-3373815,1986-11-11,adam37464@gmail.com,Bronze,"No. 122, Jalan A7",Puchong,Selangor,47180,2025-09-17
37465,Prakash,a/l Rajan,Male,018-9693814,1976-03-20,prakash37465@gmail.com,Silver,"No. 189, Jalan A8",Puchong,Selangor,47110,2025-09-17
37466,Syafiq,bin Yusof,Male,011-4269106,1999-10-13,syafiq37466@gmail.com,Bronze,"No. 69, Jalan E14",Puchong,Selangor,47150,2025-09-17
37467,Farah,binti Hamid,Female,013-3606501,1965-04-27,farah37467@gmail.com,Bronze,"No. 251, Jalan C6",Cyberjaya,Selangor,63000,2025-09-17
37468,Arjun,a/l Ramasamy,Male,016-2320506,1980-03-20,arjun37468@gmail.com,Bronze,"No. 174, Jalan G4",Selayang,Selangor,68000,2025-09-17
37469,Nurul Huda,binti Zainal,Female,015-9098819,1965-03-04,nurul37469@gmail.com,Gold,"No. 244, Jalan A14",Setapak,Federal Territory of Kuala Lumpur,53100,2025-09-17
37470,Priya,a/p Subramaniam,Female,010-1211130,1975-03-26,priya37470@gmail.com,Bronze,"No. 93, Jalan E7",Setapak,Federal Territory of Kuala Lumpur,53000,2025-09-17
37471,Ling Ling,Teoh,Female,014-2081997,1969-09-18,ling37471@gmail.com,Bronze,"No. 166, Jalan D20",Wangsa Maju,Federal Territory of Kuala Lumpur,53100,2025-09-17
37472,Sze Min,Yeoh,Female,013-1667179,1969-02-20,sze37472@gmail.com,Bronze,"No. 76, Jalan G2",Ampang,Selangor,68000,2025-09-17
37473,Faizal,bin Hassan,Male,012-6870949,1977-08-21,faizal37473@gmail.com,Bronze,"No. 113, Jalan A17",Ipoh,Perak,30300,2025-09-17
37474,Faizal,bin Rahman,Male,014-6523692,1969-12-22,faizal37474@gmail.com,Gold,"No. 274, Jalan A10",Ipoh,Perak,30000,2025-09-17
37475,Jun Hao,Liew,Male,015-4286162,1975-10-26,jun37475@gmail.com,Silver,"No. 1, Jalan C5",Setapak,Federal Territory of Kuala Lumpur,53300,2025-09-17
37476,Balqis,binti Hassan,Female,015-3748425,2007-01-23,balqis37476@gmail.com,Bronze,"No. 209, Jalan E13",Kuantan,Pahang,25000,2025-09-17
37477,Deepa,a/p Rajan,Female,011-6985081,1972-11-27,deepa37477@gmail.com,Platinum,"No. 99, Jalan E2",Subang Jaya,Selangor,47610,2025-09-17
37478,Alia,binti Razak,Female,011-3867869,2007-01-01,alia37478@gmail.com,Gold,"No. 300, Jalan G18",Kajang,Selangor,43100,2025-09-17
37479,Kavitha,a/p Muniandy,Female,017-3667048,1965-06-08,kavitha37479@gmail.com,Bronze,"No. 51, Jalan E13",Sungai Buloh,Selangor,47000,2025-09-18
37480,Wan Ying,Loh,Female,012-5665299,1997-03-20,wan37480@gmail.com,Bronze,"No. 41, Jalan D19",Johor Bahru,Johor,80100,2025-09-18
37481,Kevin,Cheah,Male,012-5650594,2007-01-06,kevin37481@gmail.com,Silver,"No. 192, Jalan G17",Bukit Jalil,Federal Territory of Kuala Lumpur,57000,2025-09-18
37482,Firdaus,bin Ahmad,Male,013-7994527,1997-01-06,firdaus37482@gmail.com,Platinum,"No. 194, Jalan E12",Melaka,Melaka,75000,2025-09-18
37483,Ling Ling,Wong,Female,018-7390012,1976-03-20,ling37483@gmail.com,Bronze,"No. 179, Jalan E1",Puchong,Selangor,47130,2025-09-18
37484,Nurin,binti Razak,Female,019-9035593,1997-07-08,nurin37484@gmail.com,Bronze,"No. 182, Jalan A17",Shah Alam,Selangor,40450,2025-09-18
37485,Nurin,binti Ahmad,Female,010-4278436,1992-09-26,nurin37485@gmail.com,Silver,"No. 236, Jalan G16",Shah Alam,Selangor,40450,2025-09-18
37486,Hannah,binti Hamid,Female,018-3172848,1968-06-26,hannah37486@gmail.com,Bronze,"No. 101, Jalan E2",Shah Alam,Selangor,40200,2025-09-18
37487,Alia,binti Razak,Female,010-8200783,1968-10-08,alia37487@gmail.com,Gold,"No. 75, Jalan C10",Cyberjaya,Selangor,63100,2025-09-18
37488,Kavitha,a/p Subramaniam,Female,011-5102427,1985-01-28,kavitha37488@gmail.com,Gold,"No. 298, Jalan G12",Puchong,Selangor,47180,2025-09-18
37489,Kok Wai,Chong,Male,014-2092079,1985-02-23,kok37489@gmail.com,Bronze,"No. 249, Jalan F11",Setapak,Federal Territory of Kuala Lumpur,53200,2025-09-18
37490,Balqis,binti Osman,Female,015-2972368,1970-01-28,balqis37490@gmail.com,Silver,"No. 83, Jalan F17",Bukit Jalil,Federal Territory of Kuala Lumpur,57100,2025-09-18
37491,Emily,Chin,Female,014-1987329,1997-02-03,emily37491@gmail.com,Bronze,"No. 200, Jalan C9",Seremban,Negeri Sembilan,70100,2025-09-18
37492,Grace,Liew,Female,017-7507784,1996-04-09,grace37492@gmail.com,Bronze,"No. 267, Jalan D8",Kuala Lumpur,Federal Territory of Kuala Lumpur,56000,2025-09-18
37493,Hannah,binti Osman,Female,013-5228877,1993-05-27,hannah37493@gmail.com,Bronze,"No. 120, Jalan E4",Bukit Jalil,Federal Territory of Kuala Lumpur,58200,2025-09-18
37494,Nurin,binti Yusof,Female,011-5445786,1966-07-15,nurin37494@gmail.com,Bronze,"No. 252, Jalan B13",Bukit Jalil,Federal Territory of Kuala Lumpur,57100,2025-09-18
37495,Amelia,binti Osman,Female,019-5012123,1992-04-22,amelia37495@gmail.com,Silver,"No. 170, Jalan G10",Kuala Lumpur,Federal Territory of Kuala Lumpur,50000,2025-09-19
37496,Yasmin,binti Hassan,Female,012-4697440,1991-09-18,yasmin37496@gmail.com,Bronze,"No. 246, Jalan B3",Kuala Lumpur,Federal Territory of Kuala Lumpur,50480,2025-09-19
37497,Chloe,Khoo,Female,013-3260505,1972-09-10,chloe37497@gmail.com,Platinum,"No. 84, Jalan E18",Selayang,Selangor,68100,2025-09-19
37498,Nabila,binti Ahmad,Female,018-1521717,1988-05-30,nabila37498@gmail.com,Bronze,"No. 253, Jalan E19",Ipoh,Perak,30100,2025-09-19
37499,Jian Ming,Yeoh,Male,019-3094076,2006-02-06,jian37499@gmail.com,Platinum,"No. 248, Jalan F16",George Town,Pulau Pinang,10450,2025-09-19
37500,Shalini,a/p Ramasamy,Female,012-2073534,1975-02-27,shalini37500@gmail.com,Silver,"No. 27, Jalan A12",Puchong,Selangor,47160,2025-09-19
37501,Zheng Yang,Teoh,Male,016-7517225,1979-12-01,zheng37501@gmail.com,Bronze,"No. 246, Jalan B16",Melaka,Melaka,75000,2025-09-19
37502,Li Wen,Yap,Female,010-9947179,1988-02-27,li37502@gmail.com,Bronze,"No. 206, Jalan G5",Shah Alam,Selangor,40400,2025-09-19
37503,Nurin,binti Ahmad,Female,017-9334507,1979-07-28,nurin37503@gmail.com,Silver,"No. 231, Jalan A16",Kajang,Selangor,43300,2025-09-19
37504,Faizal,bin Abdullah,Male,017-9398259,1969-06-02,faizal37504@gmail.com,Silver,"No. 71, Jalan B3",Puchong,Selangor,47110,2025-09-19
37505,Amirul,bin Osman,Male,016-5405168,1979-08-12,amirul37505@gmail.com,Bronze,"No. 146, Jalan G19",Subang Jaya,Selangor,47500,2025-09-19
37506,Grace,Ong,Female,010-5481503,2000-06-04,grace37506@gmail.com,Bronze,"No. 65, Jalan C15",Rawang,Selangor,48000,2025-09-19
37507,Aina,binti Abdullah,Female,011-9966785,1994-11-12,aina37507@gmail.com,Silver,"No. 92, Jalan G11",Kuantan,Pahang,25050,2025-09-19
37508,Aina,binti Yusof,Female,011-8197105,1993-04-24,aina37508@gmail.com,Bronze,"No. 206, Jalan A12",Setapak,Federal Territory of Kuala Lumpur,53200,2025-09-19
37509,Izzati,binti Ahmad,Female,016-6147655,1987-03-17,izzati37509@gmail.com,Gold,"No. 64, Jalan C18",Wangsa Maju,Federal Territory of Kuala Lumpur,53200,2025-09-19
37510,Yee Ling,Lee,Female,017-4221555,1968-09-11,yee37510@gmail.com,Bronze,"No. 289, Jalan G13",Puchong,Selangor,47160,2025-09-19
37511,Hafiz,bin Razak,Male,010-4642282,1997-01-21,hafiz37511@gmail.com,Gold,"No. 133, Jalan F4",Subang Jaya,Selangor,47630,2025-09-19
37512,Nurul Huda,binti Hassan,Female,011-3100177,1982-07-31,nurul37512@gmail.com,Platinum,"No. 182, Jalan A13",Bukit Jalil,Federal Territory of Kuala Lumpur,57000,2025-09-19
37513,Prakash,a/l Muniandy,Male,011-6408340,1970-04-16,prakash37513@gmail.com,Silver,"No. 290, Jalan F14",Kuala Lumpur,Federal Territory of Kuala Lumpur,50450,2025-09-20
37514,Balqis,binti Ismail,Female,015-1887432,1969-12-31,balqis37514@gmail.com,Silver,"No. 202, Jalan F16",Petaling Jaya,Selangor,46300,2025-09-20
37515,Fatimah,binti Hassan,Female,017-4413417,1983-08-25,fatimah37515@gmail.com,Bronze,"No. 91, Jalan G13",Johor Bahru,Johor,80100,2025-09-20
37516,Siti,binti Ahmad,Female,013-2784825,1996-10-10,siti37516@gmail.com,Gold,"No. 278, Jalan B9",Petaling Jaya,Selangor,46300,2025-09-20
37517,Xin Yi,Teoh,Female,011-1106408,1978-07-17,xin37517@gmail.com,Gold,"No. 181, Jalan F18",Sungai Buloh,Selangor,47820,2025-09-20
37518,Zheng Yang,Goh,Male,013-4266248,1967-09-16,zheng37518@gmail.com,Bronze,"No. 198, Jalan G5",Kuantan,Pahang,25050,2025-09-20
37519,Emily,Loh,Female,015-6079655,1987-05-05,emily37519@gmail.com,Bronze,"No. 191, Jalan A11",Johor Bahru,Johor,81200,2025-09-20
37520,Xin Yi,Lee,Female,019-4397357,2001-04-02,xin37520@gmail.com,Bronze,"No. 3, Jalan D14",Johor Bahru,Johor,80350,2025-09-20
37521,Arjun,a/l Krishnan,Male,014-4035891,1990-05-19,arjun37521@gmail.com,Bronze,"No. 143, Jalan F12",Johor Bahru,Johor,80300,2025-09-20
37522,Amirul,bin Yusof,Male,016-1226592,1968-06-24,amirul37522@gmail.com,Bronze,"No. 37, Jalan G7",Johor Bahru,Johor,81300,2025-09-20
37523,Zhi Wei,Tan,Male,012-4633241,1992-06-01,zhi37523@gmail.com,Silver,"No. 30, Jalan F15",Seremban,Negeri Sembilan,70300,2025-09-20
37524,Hui Min,Liew,Female,017-4085549,1977-12-15,hui37524@gmail.com,Bronze,"No. 137, Jalan C5",Puchong,Selangor,47160,2025-09-20
37525,Kevin,Goh,Male,017-9368851,1967-05-30,kevin37525@gmail.com,Bronze,"No. 188, Jalan C6",George Town,Pulau Pinang,10450,2025-09-20
37526,Meena,a/p Muniandy,Female,015-1335912,1972-04-22,meena37526@gmail.com,Silver,"No. 213, Jalan F2",Shah Alam,Selangor,40460,2025-09-20
37527,Mei Ling,Ong,Female,012-3790243,2001-09-18,mei37527@gmail.com,Bronze,"No. 254, Jalan E11",Melaka,Melaka,75150,2025-09-20
37528,Chloe,Ong,Female,019-7284737,1989-04-23,chloe37528@gmail.com,Platinum,"No. 96, Jalan A18",Petaling Jaya,Selangor,47300,2025-09-20
37529,Haziq,bin Hamid,Male,016-2505211,1987-06-29,haziq37529@gmail.com,Silver,"No. 33, Jalan A9",Shah Alam,Selangor,40150,2025-09-20
37530,Nabila,binti Yusof,Female,016-8849553,1972-07-13,nabila37530@gmail.com,Bronze,"No. 141, Jalan A19",Shah Alam,Selangor,40160,2025-09-20
37531,Aiman,bin Razak,Male,012-5677532,1976-01-30,aiman37531@gmail.com,Silver,"No. 131, Jalan A7",Shah Alam,Selangor,40450,2025-09-20
37532,Jian Ming,Goh,Male,014-9254431,1985-03-20,jian37532@gmail.com,Silver,"No. 112, Jalan C9",Klang,Selangor,41050,2025-09-20
37533,Jian Ming,Wong,Male,010-4601359,1971-02-17,jian37533@gmail.com,Bronze,"No. 201, Jalan C9",Petaling Jaya,Selangor,46200,2025-09-20
37534,Ling Ling,Lee,Female,017-1842289,1992-11-06,ling37534@gmail.com,Gold,"No. 198, Jalan C2",Puchong,Selangor,47170,2025-09-20
37535,Ling Ling,Chong,Female,015-4372149,1976-10-11,ling37535@gmail.com,Silver,"No. 239, Jalan F1",Klang,Selangor,41250,2025-09-20
37536,Meena,a/p Maniam,Female,014-1755988,1994-03-19,meena37536@gmail.com,Bronze,"No. 64, Jalan A9",Setapak,Federal Territory of Kuala Lumpur,53200,2025-09-20
37537,Sze Min,Lee,Female,012-2911305,1990-11-23,sze37537@gmail.com,Bronze,"No. 180, Jalan G1",Kepong,Federal Territory of Kuala Lumpur,52100,2025-09-20
37538,Aisyah,binti Ahmad,Female,013-9664362,1966-05-09,aisyah37538@gmail.com,Silver,"No. 65, Jalan C6",Wangsa Maju,Federal Territory of Kuala Lumpur,53300,2025-09-20
37539,Haziq,bin Zainal,Male,015-7954036,1964-10-19,haziq37539@gmail.com,Bronze,"No. 171, Jalan A9",Wangsa Maju,Federal Territory of Kuala Lumpur,53300,2025-09-20
37540,Balqis,binti Razak,Female,019-6765836,1999-04-16,balqis37540@gmail.com,Bronze,"No. 148, Jalan B18",Seremban,Negeri Sembilan,70100,2025-09-20
37541,Nadia,binti Yusof,Female,015-5095291,1981-12-25,nadia37541@gmail.com,Bronze,"No. 53, Jalan A4",Subang Jaya,Selangor,47600,2025-09-20
37542,Wei Jie,Chan,Male,018-6373460,1967-06-01,wei37542@gmail.com,Bronze,"No. 181, Jalan E10",Subang Jaya,Selangor,47650,2025-09-20
37543,Li Wen,Ong,Female,015-8163245,1975-06-29,li37543@gmail.com,Silver,"No. 12, Jalan E13",Kuala Lumpur,Federal Territory of Kuala Lumpur,56000,2025-09-21
37544,Aina,binti Hassan,Female,017-5170532,1971-10-14,aina37544@gmail.com,Silver,"No. 260, Jalan C11",Kepong,Federal Territory of Kuala Lumpur,52100,2025-09-21
37545,Hafiz,bin Ismail,Male,016-8797576,1989-06-10,hafiz37545@gmail.com,Platinum,"No. 260, Jalan A15",Kuala Lumpur,Federal Territory of Kuala Lumpur,56000,2025-09-21
37546,Aisyah,binti Yusof,Female,017-5585970,1995-05-25,aisyah37546@gmail.com,Bronze,"No. 271, Jalan F1",Petaling Jaya,Selangor,46200,2025-09-21
37547,Nurin,binti Razak,Female,011-8022621,2001-07-15,nurin37547@gmail.com,Bronze,"No. 138, Jalan G3",Petaling Jaya,Selangor,46300,2025-09-21
37548,Xin Yi,Khoo,Female,013-5902714,1982-04-19,xin37548@gmail.com,Silver,"No. 39, Jalan E16",Ipoh,Perak,31400,2025-09-21
37549,Faizal,bin Yusof,Male,013-6353608,2006-12-07,faizal37549@gmail.com,Bronze,"No. 200, Jalan B8",George Town,Pulau Pinang,10300,2025-09-21
37550,Firdaus,bin Zainal,Male,010-8844795,1972-10-08,firdaus37550@gmail.com,Bronze,"No. 123, Jalan A13",Melaka,Melaka,75050,2025-09-21
37551,Amelia,binti Rahman,Female,018-2517130,1974-09-13,amelia37551@gmail.com,Platinum,"No. 6, Jalan A16",Melaka,Melaka,75100,2025-09-21
37552,Priya,a/p Subramaniam,Female,019-5609080,1993-10-14,priya37552@gmail.com,Bronze,"No. 116, Jalan E19",Puchong,Selangor,47140,2025-09-21
37553,Balqis,binti Osman,Female,019-7696701,2001-11-09,balqis37553@gmail.com,Silver,"No. 188, Jalan E9",Petaling Jaya,Selangor,46100,2025-09-21
37554,Syafiq,bin Osman,Male,011-5225939,1997-04-19,syafiq37554@gmail.com,Gold,"No. 63, Jalan C5",Bukit Jalil,Federal Territory of Kuala Lumpur,57100,2025-09-21
37555,Suhaila,binti Hassan,Female,015-8044408,1991-12-14,suhaila37555@gmail.com,Silver,"No. 124, Jalan A14",Kepong,Federal Territory of Kuala Lumpur,52100,2025-09-21
37556,Divya,a/p Muniandy,Female,011-9475835,1985-12-23,divya37556@gmail.com,Bronze,"No. 298, Jalan A4",Ampang,Selangor,68000,2025-09-21
37557,Adam,bin Rahman,Male,017-9476055,1989-09-13,adam37557@gmail.com,Bronze,"No. 57, Jalan F11",Ipoh,Perak,30020,2025-09-21
37558,Izzati,binti Hassan,Female,011-8883173,1979-07-09,izzati37558@gmail.com,Silver,"No. 260, Jalan G19",Ipoh,Perak,30100,2025-09-21
37559,Kumar,a/l Maniam,Male,016-9921305,1997-08-19,kumar37559@gmail.com,Bronze,"No. 91, Jalan B11",Seremban,Negeri Sembilan,70200,2025-09-21
37560,Nurin,binti Osman,Female,015-6800897,1984-10-17,nurin37560@gmail.com,Silver,"No. 36, Jalan A8",Seremban,Negeri Sembilan,70400,2025-09-21
37561,Aiman,bin Razak,Male,013-2205358,1965-10-16,aiman37561@gmail.com,Bronze,"No. 262, Jalan G13",Kuantan,Pahang,25050,2025-09-21
37562,Siti,binti Osman,Female,014-1322401,1965-03-18,siti37562@gmail.com,Platinum,"No. 68, Jalan D10",Bukit Jalil,Federal Territory of Kuala Lumpur,57000,2025-09-21
37563,Michelle,Cheah,Female,010-3303351,1970-04-09,michelle37563@gmail.com,Silver,"No. 200, Jalan A10",Bukit Jalil,Federal Territory of Kuala Lumpur,57100,2025-09-21
37564,Balqis,binti Razak,Female,010-8726194,1982-06-01,balqis37564@gmail.com,Silver,"No. 187, Jalan E18",Kuala Lumpur,Federal Territory of Kuala Lumpur,55200,2025-09-22
37565,Jian Ming,Chong,Male,016-4914299,1980-07-06,jian37565@gmail.com,Gold,"No. 54, Jalan B14",Kuala Lumpur,Federal Territory of Kuala Lumpur,55100,2025-09-22
37566,Izzati,binti Hamid,Female,015-4192451,1965-12-03,izzati37566@gmail.com,Bronze,"No. 64, Jalan C13",Gombak,Selangor,68100,2025-09-22
37567,Emily,Chin,Female,011-8302814,1971-04-20,emily37567@gmail.com,Bronze,"No. 178, Jalan D7",Sungai Buloh,Selangor,47000,2025-09-22
37568,Amelia,binti Osman,Female,010-1457345,1969-07-15,amelia37568@gmail.com,Gold,"No. 97, Jalan C15",Johor Bahru,Johor,80300,2025-09-22
37569,Nadia,binti Ismail,Female,016-4953983,1996-04-13,nadia37569@gmail.com,Bronze,"No. 294, Jalan D7",George Town,Pulau Pinang,10200,2025-09-22
37570,Alia,binti Razak,Female,012-6117511,1998-08-17,alia37570@gmail.com,Bronze,"No. 60, Jalan A8",Shah Alam,Selangor,40000,2025-09-22
37571,Nadia,binti Hamid,Female,018-1908891,1980-03-20,nadia37571@gmail.com,Bronze,"No. 210, Jalan G8",Klang,Selangor,41150,2025-09-22
37572,Haziq,bin Hamid,Male,012-3146582,1976-03-05,haziq37572@gmail.com,Silver,"No. 209, Jalan F6",Shah Alam,Selangor,40160,2025-09-22
37573,Anisa,binti Ismail,Female,016-9302013,1976-09-02,anisa37573@gmail.com,Silver,"No. 227, Jalan G6",Puchong,Selangor,47160,2025-09-22
37574,Shalini,a/p Ramasamy,Female,019-5055239,1966-12-28,shalini37574@gmail.com,Bronze,"No. 270, Jalan C2",Selayang,Selangor,68000,2025-09-22
37575,Aiman,bin Ismail,Male,019-3070959,2002-08-17,aiman37575@gmail.com,Silver,"No. 139, Jalan A4",Selayang,Selangor,68100,2025-09-22
37576,Aina,binti Hassan,Female,017-7419683,1966-12-21,aina37576@gmail.com,Bronze,"No. 203, Jalan B13",Setapak,Federal Territory of Kuala Lumpur,53100,2025-09-22
37577,Yee Ling,Ong,Female,011-1170391,1989-11-11,yee37577@gmail.com,Bronze,"No. 5, Jalan F18",Seremban,Negeri Sembilan,70200,2025-09-22
37578,Izzati,binti Razak,Female,011-8229642,2006-04-20,izzati37578@gmail.com,Bronze,"No. 43, Jalan D8",Subang Jaya,Selangor,47650,2025-09-22
37579,Zhi Wei,Ong,Male,012-4258199,1997-05-02,zhi37579@gmail.com,Silver,"No. 286, Jalan E17",Kuala Lumpur,Federal Territory of Kuala Lumpur,59000,2025-09-23
37580,Syafiq,bin Abdullah,Male,014-7861401,1988-12-12,syafiq37580@gmail.com,Bronze,"No. 283, Jalan D9",Kuala Lumpur,Federal Territory of Kuala Lumpur,56000,2025-09-23
37581,Nabila,binti Rahman,Female,011-8780385,2005-09-23,nabila37581@gmail.com,Bronze,"No. 254, Jalan B2",Sungai Buloh,Selangor,47810,2025-09-23
37582,Zulkifli,bin Zainal,Male,014-3276807,2005-08-07,zulkifli37582@gmail.com,Silver,"No. 99, Jalan D20",Wangsa Maju,Federal Territory of Kuala Lumpur,53300,2025-09-23
37583,Danial,bin Ahmad,Male,014-2980722,1990-01-08,danial37583@gmail.com,Platinum,"No. 115, Jalan G20",George Town,Pulau Pinang,10050,2025-09-23
37584,Izzati,binti Ismail,Female,019-3718527,1969-01-04,izzati37584@gmail.com,Bronze,"No. 291, Jalan A15",Kajang,Selangor,43300,2025-09-23
37585,Adam,bin Hassan,Male,019-8656021,1973-09-01,adam37585@gmail.com,Bronze,"No. 127, Jalan A3",Puchong,Selangor,47190,2025-09-23
37586,Alia,binti Zainal,Female,015-8296347,1999-12-21,alia37586@gmail.com,Platinum,"No. 194, Jalan A7",Setapak,Federal Territory of Kuala Lumpur,53100,2025-09-23
37587,Siti,binti Ahmad,Female,015-8500085,1974-07-07,siti37587@gmail.com,Bronze,"No. 118, Jalan A3",Wangsa Maju,Federal Territory of Kuala Lumpur,53100,2025-09-23
37588,Faizal,bin Hamid,Male,015-4320746,1979-12-02,faizal37588@gmail.com,Silver,"No. 139, Jalan A20",Gombak,Selangor,53100,2025-09-23
37589,Grace,Goh,Female,012-1910659,1995-05-12,grace37589@gmail.com,Gold,"No. 136, Jalan A11",Kuantan,Pahang,25100,2025-09-23
37590,Aina,binti Hamid,Female,011-3286680,1990-02-20,aina37590@gmail.com,Bronze,"No. 101, Jalan F11",Wangsa Maju,Federal Territory of Kuala Lumpur,53100,2025-09-24
37591,Anisa,binti Zainal,Female,019-6001707,1971-06-11,anisa37591@gmail.com,Bronze,"No. 226, Jalan D18",Wangsa Maju,Federal Territory of Kuala Lumpur,53300,2025-09-24
37592,Balqis,binti Hamid,Female,017-5164489,1970-01-05,balqis37592@gmail.com,Silver,"No. 3, Jalan B5",Setapak,Federal Territory of Kuala Lumpur,53200,2025-09-24
37593,Emily,Liew,Female,011-4435716,1976-07-05,emily37593@gmail.com,Silver,"No. 287, Jalan G3",Johor Bahru,Johor,81100,2025-09-24
37594,Irfan,bin Ahmad,Male,019-7055613,1985-08-26,irfan37594@gmail.com,Bronze,"No. 198, Jalan C7",George Town,Pulau Pinang,10100,2025-09-24
37595,Syafiq,bin Abdullah,Male,014-2980035,1989-01-07,syafiq37595@gmail.com,Bronze,"No. 225, Jalan B15",George Town,Pulau Pinang,10400,2025-09-24
37596,Rohani,binti Abdullah,Female,011-1146153,2006-08-27,rohani37596@gmail.com,Bronze,"No. 120, Jalan A5",Melaka,Melaka,75350,2025-09-24
37597,Lakshmi,a/p Subramaniam,Female,012-3076394,1975-02-09,lakshmi37597@gmail.com,Bronze,"No. 294, Jalan A19",Sungai Buloh,Selangor,47820,2025-09-24
37598,Hafiz,bin Hassan,Male,010-5890558,1971-05-19,hafiz37598@gmail.com,Silver,"No. 231, Jalan F8",Klang,Selangor,41050,2025-09-24
37599,Zulkifli,bin Yusof,Male,013-7879973,1998-07-28,zulkifli37599@gmail.com,Bronze,"No. 47, Jalan D14",Puchong,Selangor,47110,2025-09-24
37600,Hafiz,bin Abdullah,Male,010-6949534,2000-01-09,hafiz37600@gmail.com,Gold,"No. 18, Jalan D6",Selayang,Selangor,68000,2025-09-24
37601,Nabila,binti Zainal,Female,010-7539939,1987-08-08,nabila37601@gmail.com,Gold,"No. 119, Jalan G19",Setapak,Federal Territory of Kuala Lumpur,53100,2025-09-24
37602,Kavitha,a/p Muniandy,Female,011-4846411,1982-03-05,kavitha37602@gmail.com,Gold,"No. 171, Jalan F20",Setapak,Federal Territory of Kuala Lumpur,53300,2025-09-24
37603,Zarina,binti Hassan,Female,010-6346969,1975-04-13,zarina37603@gmail.com,Gold,"No. 76, Jalan F4",Setapak,Federal Territory of Kuala Lumpur,53100,2025-09-24
37604,Lakshmi,a/p Subramaniam,Female,015-1175477,1970-06-08,lakshmi37604@gmail.com,Bronze,"No. 121, Jalan D8",Selayang,Selangor,68100,2025-09-24
37605,Amirul,bin Zainal,Male,019-1728349,1966-12-02,amirul37605@gmail.com,Gold,"No. 127, Jalan B9",Seremban,Negeri Sembilan,70300,2025-09-24
37606,Wan Ying,Tan,Female,012-2282273,1966-04-26,wan37606@gmail.com,Bronze,"No. 28, Jalan A7",Subang Jaya,Selangor,47630,2025-09-24
37607,Adam,bin Ismail,Male,016-1922114,1974-05-19,adam37607@gmail.com,Silver,"No. 298, Jalan D1",Petaling Jaya,Selangor,47800,2025-09-24
37608,Nurul Huda,binti Hassan,Female,017-6977795,1996-07-19,nurul37608@gmail.com,Silver,"No. 291, Jalan C3",Petaling Jaya,Selangor,47800,2025-09-25
37609,Zarina,binti Yusof,Female,016-1796611,1972-04-11,zarina37609@gmail.com,Bronze,"No. 202, Jalan C1",Petaling Jaya,Selangor,46300,2025-09-25
37610,Ling Ling,Cheah,Female,019-5076532,1964-01-15,ling37610@gmail.com,Gold,"No. 58, Jalan C20",Johor Bahru,Johor,80350,2025-09-25
37611,Arjun,a/l Krishnan,Male,010-7993808,1996-05-04,arjun37611@gmail.com,Bronze,"No. 41, Jalan A7",Johor Bahru,Johor,81100,2025-09-25
37612,Syafiq,bin Rahman,Male,016-1026255,1999-12-21,syafiq37612@gmail.com,Silver,"No. 57, Jalan F13",Klang,Selangor,41150,2025-09-25
37613,Zarina,binti Abdullah,Female,018-3470206,1978-05-12,zarina37613@gmail.com,Silver,"No. 210, Jalan D17",George Town,Pulau Pinang,10350,2025-09-25
37614,Fatimah,binti Yusof,Female,019-7462177,2003-03-20,fatimah37614@gmail.com,Bronze,"No. 87, Jalan F3",Alor Gajah,Melaka,78000,2025-09-25
37615,Priya,a/p Ramasamy,Female,018-8617707,1980-11-03,priya37615@gmail.com,Bronze,"No. 287, Jalan D13",Melaka,Melaka,75300,2025-09-25
37616,Kavitha,a/p Krishnan,Female,010-6760762,1997-12-05,kavitha37616@gmail.com,Bronze,"No. 261, Jalan D14",Klang,Selangor,42100,2025-09-25
37617,Zulkifli,bin Abdullah,Male,018-2106716,1965-01-25,zulkifli37617@gmail.com,Silver,"No. 259, Jalan G17",Puchong,Selangor,47160,2025-09-25
37618,Zarina,binti Hassan,Female,010-2104301,1977-07-27,zarina37618@gmail.com,Gold,"No. 99, Jalan G2",Puchong,Selangor,47120,2025-09-25
37619,Amirul,bin Hamid,Male,014-5159504,1980-06-16,amirul37619@gmail.com,Bronze,"No. 2, Jalan G15",Wangsa Maju,Federal Territory of Kuala Lumpur,53100,2025-09-25
37620,Amelia,binti Hassan,Female,012-8249514,1972-05-02,amelia37620@gmail.com,Bronze,"No. 26, Jalan G3",Rawang,Selangor,48020,2025-09-25
37621,Irfan,bin Zainal,Male,013-4131797,1998-06-16,irfan37621@gmail.com,Bronze,"No. 227, Jalan B15",Seremban,Negeri Sembilan,70300,2025-09-25
37622,Sze Min,Chong,Female,014-4585785,1998-08-14,sze37622@gmail.com,Silver,"No. 110, Jalan A17",Seremban,Negeri Sembilan,70000,2025-09-25
37623,Kai Xin,Loh,Female,018-9554023,2003-11-12,kai37623@gmail.com,Bronze,"No. 157, Jalan F17",Kuantan,Pahang,25100,2025-09-25
37624,Siti,binti Hamid,Female,017-9636871,1994-01-15,siti37624@gmail.com,Bronze,"No. 109, Jalan F9",Kuantan,Pahang,25200,2025-09-25
37625,Amirul,bin Hassan,Male,014-2639756,1967-06-25,amirul37625@gmail.com,Bronze,"No. 93, Jalan F9",Kajang,Selangor,43000,2025-09-25
37626,Nurin,binti Osman,Female,012-1279275,1970-03-21,nurin37626@gmail.com,Platinum,"No. 254, Jalan E17",Kepong,Federal Territory of Kuala Lumpur,52100,2025-09-26
37627,Alia,binti Hamid,Female,010-7226730,1993-11-02,alia37627@gmail.com,Silver,"No. 65, Jalan D12",Kuala Lumpur,Federal Territory of Kuala Lumpur,56000,2025-09-26
37628,Faizal,bin Rahman,Male,014-1666940,1981-05-05,faizal37628@gmail.com,Silver,"No. 180, Jalan F2",Petaling Jaya,Selangor,46100,2025-09-26
37629,Hannah,binti Zainal,Female,017-2162222,1999-11-15,hannah37629@gmail.com,Bronze,"No. 46, Jalan B5",Petaling Jaya,Selangor,46100,2025-09-26
37630,Syafiq,bin Hamid,Male,011-6098319,1991-10-17,syafiq37630@gmail.com,Bronze,"No. 212, Jalan E5",Petaling Jaya,Selangor,46200,2025-09-26
37631,Danial,bin Zainal,Male,013-9499029,2007-01-17,danial37631@gmail.com,Bronze,"No. 151, Jalan D16",Johor Bahru,Johor,81100,2025-09-26
37632,Nurul Huda,binti Razak,Female,017-4917842,1998-12-06,nurul37632@gmail.com,Bronze,"No. 261, Jalan B1",George Town,Pulau Pinang,10350,2025-09-26
37633,Alia,binti Osman,Female,012-1332895,1968-06-03,alia37633@gmail.com,Silver,"No. 248, Jalan A8",Alor Gajah,Melaka,78100,2025-09-26
37634,Kumar,a/l Maniam,Male,015-8202635,1978-07-21,kumar37634@gmail.com,Bronze,"No. 167, Jalan G20",Melaka,Melaka,75050,2025-09-26
37635,Aina,binti Ismail,Female,017-5971250,1995-08-28,aina37635@gmail.com,Silver,"No. 174, Jalan E7",Klang,Selangor,41050,2025-09-26
37636,Meena,a/p Ramasamy,Female,014-5431104,2004-07-30,meena37636@gmail.com,Silver,"No. 97, Jalan G4",Shah Alam,Selangor,40000,2025-09-26
37637,Michelle,Yap,Female,014-1125190,1987-02-01,michelle37637@gmail.com,Bronze,"No. 253, Jalan G10",Klang,Selangor,41100,2025-09-26
37638,Hafiz,bin Rahman,Male,018-3849098,1977-11-28,hafiz37638@gmail.com,Bronze,"No. 75, Jalan D10",Petaling Jaya,Selangor,47301,2025-09-26
37639,Danial,bin Ahmad,Male,017-3872637,1997-11-15,danial37639@gmail.com,Bronze,"No. 99, Jalan D2",Selayang,Selangor,68000,2025-09-26
37640,Shalini,a/p Ramasamy,Female,018-6710685,1974-06-23,shalini37640@gmail.com,Bronze,"No. 108, Jalan B1",Gombak,Selangor,53000,2025-09-26
37641,Balqis,binti Abdullah,Female,015-7627904,1971-04-13,balqis37641@gmail.com,Silver,"No. 89, Jalan B18",Seremban,Negeri Sembilan,70200,2025-09-26
37642,Hannah,binti Razak,Female,015-8518986,2004-02-25,hannah37642@gmail.com,Platinum,"No. 287, Jalan F13",Nilai,Negeri Sembilan,71800,2025-09-26
37643,Wan Ying,Loh,Female,016-9182537,1985-07-17,wan37643@gmail.com,Bronze,"No. 202, Jalan F4",Shah Alam,Selangor,40450,2025-09-26
37644,Suhaila,binti Ismail,Female,011-4452686,1995-10-20,suhaila37644@gmail.com,Silver,"No. 44, Jalan G15",Bukit Jalil,Federal Territory of Kuala Lumpur,58200,2025-09-26
37645,Aiman,bin Yusof,Male,014-5382182,1976-12-03,aiman37645@gmail.com,Platinum,"No. 63, Jalan F14",Setapak,Federal Territory of Kuala Lumpur,53000,2025-09-27
37646,Aiman,bin Razak,Male,015-6149959,2006-06-05,aiman37646@gmail.com,Silver,"No. 161, Jalan C11",Shah Alam,Selangor,40450,2025-09-27
37647,Grace,Chong,Female,019-5304026,1967-01-08,grace37647@gmail.com,Bronze,"No. 58, Jalan B2",Johor Bahru,Johor,80100,2025-09-27
37648,Jia Yi,Liew,Female,017-2617490,1985-02-28,jia37648@gmail.com,Bronze,"No. 104, Jalan A6",Sungai Buloh,Selangor,47820,2025-09-27
37649,Thivya,a/p Rajan,Female,015-3320272,1996-04-12,thivya37649@gmail.com,Silver,"No. 297, Jalan F14",Shah Alam,Selangor,40170,2025-09-27
37650,Rohani,binti Ismail,Female,017-5601568,1992-12-30,rohani37650@gmail.com,Silver,"No. 146, Jalan C11",Sungai Buloh,Selangor,47000,2025-09-27
37651,Nurul Huda,binti Ismail,Female,018-2783457,1997-06-28,nurul37651@gmail.com,Silver,"No. 271, Jalan D14",Klang,Selangor,41150,2025-09-27
37652,Amirul,bin Razak,Male,013-3707847,2004-05-03,amirul37652@gmail.com,Bronze,"No. 180, Jalan F8",Klang,Selangor,41200,2025-09-27
37653,Yasmin,binti Abdullah,Female,015-8755725,1987-06-08,yasmin37653@gmail.com,Bronze,"No. 252, Jalan F10",Puchong,Selangor,47160,2025-09-27
37654,Firdaus,bin Razak,Male,013-6862966,1981-07-14,firdaus37654@gmail.com,Silver,"No. 219, Jalan G13",Puchong,Selangor,47120,2025-09-27
37655,Yee Ling,Ng,Female,019-4970776,1998-06-13,yee37655@gmail.com,Bronze,"No. 230, Jalan A15",Sungai Buloh,Selangor,47810,2025-09-27
37656,Amirul,bin Hassan,Male,019-8908308,2005-09-09,amirul37656@gmail.com,Bronze,"No. 118, Jalan A8",Klang,Selangor,41150,2025-09-27
37657,Wan Ying,Chong,Female,011-7420049,1993-04-18,wan37657@gmail.com,Bronze,"No. 9, Jalan E12",Setapak,Federal Territory of Kuala Lumpur,53100,2025-09-27
37658,Hafiz,bin Ahmad,Male,010-1375325,2003-08-29,hafiz37658@gmail.com,Bronze,"No. 233, Jalan G11",Gombak,Selangor,53000,2025-09-27
37659,Li Wen,Chua,Female,011-4260191,1978-09-18,li37659@gmail.com,Gold,"No. 184, Jalan E3",Gombak,Selangor,53000,2025-09-27
37660,Balqis,binti Rahman,Female,017-4412180,1972-07-26,balqis37660@gmail.com,Silver,"No. 23, Jalan A10",Ipoh,Perak,31350,2025-09-27
37661,Yasmin,binti Osman,Female,011-9037291,1990-04-20,yasmin37661@gmail.com,Gold,"No. 3, Jalan D17",Kuantan,Pahang,25200,2025-09-27
37662,Ling Ling,Foo,Female,015-2976016,1984-09-22,ling37662@gmail.com,Bronze,"No. 246, Jalan B15",Kuantan,Pahang,25200,2025-09-27
37663,Amirul,bin Hassan,Male,012-3994723,1979-11-19,amirul37663@gmail.com,Bronze,"No. 142, Jalan G13",Kuantan,Pahang,25250,2025-09-27
37664,Wei Jie,Ong,Male,013-1222242,1995-08-30,wei37664@gmail.com,Gold,"No. 150, Jalan B10",Kajang,Selangor,43100,2025-09-27
37665,Zarina,binti Hassan,Female,011-3694358,1993-12-04,zarina37665@gmail.com,Bronze,"No. 67, Jalan A11",Bukit Jalil,Federal Territory of Kuala Lumpur,58200,2025-09-27
37666,Siti,binti Hamid,Female,012-6191821,2001-04-25,siti37666@gmail.com,Bronze,"No. 163, Jalan G1",Setapak,Federal Territory of Kuala Lumpur,53000,2025-09-28
37667,Fatimah,binti Abdullah,Female,013-3336401,2005-07-21,fatimah37667@gmail.com,Bronze,"No. 127, Jalan G1",Petaling Jaya,Selangor,46050,2025-09-28
37668,Syafiq,bin Hamid,Male,013-2119694,1991-09-28,syafiq37668@gmail.com,Gold,"No. 260, Jalan A15",Petaling Jaya,Selangor,46300,2025-09-28
37669,Suhaila,binti Razak,Female,014-5607501,1983-08-03,suhaila37669@gmail.com,Silver,"No. 200, Jalan C13",George Town,Pulau Pinang,10450,2025-09-28
37670,Amirul,bin Yusof,Male,018-3273518,1984-09-18,amirul37670@gmail.com,Silver,"No. 221, Jalan B3",Bukit Jalil,Federal Territory of Kuala Lumpur,58200,2025-09-28
37671,Hafiz,bin Hamid,Male,018-4298248,1988-05-04,hafiz37671@gmail.com,Bronze,"No. 67, Jalan A4",Puchong,Selangor,47100,2025-09-28
37672,Amirul,bin Abdullah,Male,017-5895492,2007-02-15,amirul37672@gmail.com,Silver,"No. 76, Jalan A9",Shah Alam,Selangor,40170,2025-09-28
37673,Lakshmi,a/p Maniam,Female,012-2668847,2001-06-10,lakshmi37673@gmail.com,Bronze,"No. 283, Jalan F8",Sungai Buloh,Selangor,47820,2025-09-28
37674,Rajesh,a/l Subramaniam,Male,016-9638287,1971-08-05,rajesh37674@gmail.com,Silver,"No. 158, Jalan E17",Klang,Selangor,41300,2025-09-28
37675,Zhi Wei,Yeoh,Male,017-2595955,1985-10-23,zhi37675@gmail.com,Bronze,"No. 35, Jalan A2",Gombak,Selangor,68100,2025-09-28
37676,Kai Xin,Tan,Female,012-9451291,1983-07-07,kai37676@gmail.com,Bronze,"No. 274, Jalan E20",Shah Alam,Selangor,40170,2025-09-28
37677,Adam,bin Osman,Male,015-6663301,1975-01-26,adam37677@gmail.com,Bronze,"No. 127, Jalan E13",Setapak,Federal Territory of Kuala Lumpur,53100,2025-09-28
37678,Izzati,binti Ahmad,Female,012-7879575,1986-02-22,izzati37678@gmail.com,Silver,"No. 286, Jalan D8",Setapak,Federal Territory of Kuala Lumpur,53000,2025-09-28
37679,Hannah,binti Rahman,Female,010-6326904,1969-01-03,hannah37679@gmail.com,Bronze,"No. 240, Jalan A17",Setapak,Federal Territory of Kuala Lumpur,53000,2025-09-28
37680,Hafiz,bin Razak,Male,010-4688969,1979-05-07,hafiz37680@gmail.com,Silver,"No. 10, Jalan B4",Wangsa Maju,Federal Territory of Kuala Lumpur,53100,2025-09-28
37681,Wan Ying,Liew,Female,012-2352771,1964-02-21,wan37681@gmail.com,Bronze,"No. 15, Jalan B14",Wangsa Maju,Federal Territory of Kuala Lumpur,53200,2025-09-28
37682,Mei Ling,Lee,Female,017-4755218,1976-07-17,mei37682@gmail.com,Gold,"No. 147, Jalan C4",Kuantan,Pahang,25250,2025-09-28
37683,Zulkifli,bin Yusof,Male,012-1177262,1990-11-05,zulkifli37683@gmail.com,Bronze,"No. 287, Jalan D19",Cyberjaya,Selangor,63100,2025-09-28
37684,Nurin,binti Hassan,Female,013-9469281,1978-01-11,nurin37684@gmail.com,Bronze,"No. 122, Jalan E6",Setapak,Federal Territory of Kuala Lumpur,53100,2025-09-28
37685,Kevin,Ng,Male,014-7003293,1990-01-18,kevin37685@gmail.com,Silver,"No. 290, Jalan E10",Kuala Lumpur,Federal Territory of Kuala Lumpur,59200,2025-09-29
37686,Farah,binti Hamid,Female,018-2732591,1998-12-10,farah37686@gmail.com,Silver,"No. 172, Jalan D10",Kepong,Federal Territory of Kuala Lumpur,52000,2025-09-29
37687,Sharmila,a/p Muniandy,Female,016-4920123,2007-05-27,sharmila37687@gmail.com,Bronze,"No. 122, Jalan B20",Melaka,Melaka,75250,2025-09-29
37688,Danial,bin Yusof,Male,012-8404308,1966-10-04,danial37688@gmail.com,Silver,"No. 258, Jalan B16",Melaka,Melaka,75150,2025-09-29
37689,Irfan,bin Hamid,Male,016-2447721,1993-12-15,irfan37689@gmail.com,Gold,"No. 22, Jalan G10",Klang,Selangor,41100,2025-09-29
37690,Yong Sheng,Khoo,Male,010-4676484,1983-05-22,yong37690@gmail.com,Bronze,"No. 130, Jalan G1",Petaling Jaya,Selangor,47300,2025-09-29
37691,Irfan,bin Ahmad,Male,017-4694964,2003-06-28,irfan37691@gmail.com,Bronze,"No. 184, Jalan G14",Kuala Lumpur,Federal Territory of Kuala Lumpur,59200,2025-09-29
37692,Shu Fen,Teoh,Female,017-6224111,1975-03-10,shu37692@gmail.com,Silver,"No. 79, Jalan D16",Wangsa Maju,Federal Territory of Kuala Lumpur,53300,2025-09-29
37693,Zhi Wei,Teoh,Male,019-3703685,1975-06-18,zhi37693@gmail.com,Bronze,"No. 107, Jalan A14",Ipoh,Perak,30100,2025-09-29
37694,Deepa,a/p Rajan,Female,010-5739224,1989-06-23,deepa37694@gmail.com,Silver,"No. 117, Jalan B15",Seremban,Negeri Sembilan,70400,2025-09-29
37695,Vikram,a/l Subramaniam,Male,017-5443232,1995-01-22,vikram37695@gmail.com,Silver,"No. 19, Jalan D7",Seremban,Negeri Sembilan,70400,2025-09-29
37696,Firdaus,bin Zainal,Male,013-1308337,1967-03-11,firdaus37696@gmail.com,Bronze,"No. 204, Jalan C12",Seremban,Negeri Sembilan,70450,2025-09-29
37697,Hafiz,bin Rahman,Male,013-2269032,1982-02-17,hafiz37697@gmail.com,Silver,"No. 57, Jalan G10",Gombak,Selangor,68100,2025-09-29
37698,Amelia,binti Abdullah,Female,019-6737091,2001-02-26,amelia37698@gmail.com,Bronze,"No. 129, Jalan G20",Bukit Jalil,Federal Territory of Kuala Lumpur,57000,2025-09-29
37699,Kavitha,a/p Maniam,Female,011-3275969,1988-01-26,kavitha37699@gmail.com,Bronze,"No. 133, Jalan B14",Bukit Jalil,Federal Territory of Kuala Lumpur,57100,2025-09-29
37700,Irfan,bin Hassan,Male,016-8554527,1988-06-19,irfan37700@gmail.com,Bronze,"No. 12, Jalan A15",Bukit Jalil,Federal Territory of Kuala Lumpur,57100,2025-09-30
37701,Kok Wai,Ng,Male,014-7306679,1984-06-13,kok37701@gmail.com,Bronze,"No. 194, Jalan B12",Petaling Jaya,Selangor,46000,2025-09-30
37702,Thivya,a/p Subramaniam,Female,011-1423451,1985-05-09,thivya37702@gmail.com,Bronze,"No. 286, Jalan D5",Sungai Buloh,Selangor,47000,2025-09-30
37703,Nabila,binti Osman,Female,012-9238167,1978-05-24,nabila37703@gmail.com,Bronze,"No. 238, Jalan B19",Klang,Selangor,41250,2025-09-30
37704,Nurin,binti Razak,Female,011-5842892,1982-04-27,nurin37704@gmail.com,Gold,"No. 2, Jalan F16",Bangi,Selangor,43650,2025-09-30
37705,Nurin,binti Hamid,Female,016-2786993,1991-09-28,nurin37705@gmail.com,Bronze,"No. 74, Jalan E1",Setapak,Federal Territory of Kuala Lumpur,53200,2025-09-30
37706,Alia,binti Osman,Female,014-2013538,1997-08-02,alia37706@gmail.com,Bronze,"No. 54, Jalan B12",Kepong,Federal Territory of Kuala Lumpur,52000,2025-09-30
37707,Grace,Khoo,Female,017-4672015,1973-03-09,grace37707@gmail.com,Bronze,"No. 144, Jalan E9",Klang,Selangor,42100,2025-09-30
37708,Hannah,binti Zainal,Female,016-4733530,1973-07-29,hannah37708@gmail.com,Silver,"No. 299, Jalan G13",Gombak,Selangor,53100,2025-09-30
37709,Kavitha,a/p Rajan,Female,010-9928225,1999-01-08,kavitha37709@gmail.com,Silver,"No. 144, Jalan A5",Subang Jaya,Selangor,47600,2025-09-30
37710,Rohani,binti Zainal,Female,014-9588143,1969-10-07,rohani37710@gmail.com,Silver,"No. 257, Jalan F12",Shah Alam,Selangor,40000,2025-09-30
37711,Ganesh,a/l Ramasamy,Male,019-1017817,1996-09-12,ganesh37711@gmail.com,Platinum,"No. 15, Jalan F14",Bukit Jalil,Federal Territory of Kuala Lumpur,57100,2025-09-30
37712,Nurin,binti Hassan,Female,010-3223540,1989-05-12,nurin37712@gmail.com,Bronze,"No. 92, Jalan D9",Klang,Selangor,41150,2025-10-01
37713,Pei Shan,Liew,Female,014-8245160,1980-02-02,pei37713@gmail.com,Bronze,"No. 228, Jalan G17",Melaka,Melaka,75350,2025-10-01
37714,Ganesh,a/l Subramaniam,Male,016-1658181,2001-08-20,ganesh37714@gmail.com,Gold,"No. 26, Jalan C2",Shah Alam,Selangor,40300,2025-10-01
37715,Chloe,Teoh,Female,018-5538337,1976-06-07,chloe37715@gmail.com,Bronze,"No. 151, Jalan E18",Klang,Selangor,41250,2025-10-01
37716,Nabila,binti Rahman,Female,014-6386003,2005-01-11,nabila37716@gmail.com,Bronze,"No. 144, Jalan D18",Klang,Selangor,42100,2025-10-01
37717,Chloe,Cheah,Female,016-6023172,1998-08-06,chloe37717@gmail.com,Bronze,"No. 132, Jalan E10",Kuala Lumpur,Federal Territory of Kuala Lumpur,59200,2025-10-01
37718,Ling Ling,Liew,Female,012-4806624,1987-11-30,ling37718@gmail.com,Bronze,"No. 8, Jalan F3",Wangsa Maju,Federal Territory of Kuala Lumpur,53100,2025-10-01
37719,Wei Hong,Tan,Male,014-2785531,1994-07-14,wei37719@gmail.com,Bronze,"No. 170, Jalan A19",Gombak,Selangor,68100,2025-10-01
37720,Anisa,binti Zainal,Female,019-9218719,1981-03-11,anisa37720@gmail.com,Bronze,"No. 152, Jalan A10",Gombak,Selangor,53000,2025-10-01
37721,Nurin,binti Hamid,Female,014-1232040,1974-10-27,nurin37721@gmail.com,Platinum,"No. 160, Jalan A10",Kuala Lumpur,Federal Territory of Kuala Lumpur,55100,2025-10-02
37722,Rachel,Chua,Female,015-1576808,2000-01-14,rachel37722@gmail.com,Bronze,"No. 276, Jalan G9",Kuala Lumpur,Federal Territory of Kuala Lumpur,50000,2025-10-02
37723,Yasmin,binti Osman,Female,010-6747460,1992-04-21,yasmin37723@gmail.com,Silver,"No. 138, Jalan C14",Kepong,Federal Territory of Kuala Lumpur,52100,2025-10-02
37724,Nur Aina,binti Razak,Female,014-9357931,2002-09-20,nur37724@gmail.com,Silver,"No. 298, Jalan E3",Kepong,Federal Territory of Kuala Lumpur,51200,2025-10-02
37725,Chloe,Chong,Female,017-8972236,1996-06-24,chloe37725@gmail.com,Bronze,"No. 200, Jalan C17",Sungai Buloh,Selangor,47820,2025-10-02
37726,Fatimah,binti Hassan,Female,018-4259221,1967-04-02,fatimah37726@gmail.com,Bronze,"No. 192, Jalan G17",Johor Bahru,Johor,81200,2025-10-02
37727,Ling Ling,Tan,Female,012-6406875,1985-05-08,ling37727@gmail.com,Bronze,"No. 207, Jalan G15",George Town,Pulau Pinang,10000,2025-10-02
37728,Jia Yi,Teoh,Female,017-5717388,1980-10-27,jia37728@gmail.com,Bronze,"No. 39, Jalan G18",Melaka,Melaka,75000,2025-10-02
37729,Hafiz,bin Osman,Male,012-2732464,1996-11-28,hafiz37729@gmail.com,Platinum,"No. 1, Jalan E6",Melaka,Melaka,75200,2025-10-02
37730,Nabila,binti Razak,Female,015-2195138,1988-03-04,nabila37730@gmail.com,Bronze,"No. 273, Jalan F19",Sungai Buloh,Selangor,47820,2025-10-02
37731,Amelia,binti Abdullah,Female,018-7758250,1996-06-24,amelia37731@gmail.com,Silver,"No. 8, Jalan D3",Klang,Selangor,41250,2025-10-02
37732,Anisa,binti Abdullah,Female,013-5052482,1993-06-16,anisa37732@gmail.com,Bronze,"No. 26, Jalan A19",Klang,Selangor,41250,2025-10-02
37733,Amelia,binti Rahman,Female,015-1476884,1981-06-21,amelia37733@gmail.com,Bronze,"No. 92, Jalan C3",Puchong,Selangor,47120,2025-10-02
37734,Nabila,binti Osman,Female,014-8013254,1982-03-26,nabila37734@gmail.com,Bronze,"No. 61, Jalan F11",Bukit Jalil,Federal Territory of Kuala Lumpur,58200,2025-10-02
37735,Aiman,bin Ismail,Male,018-4815541,1985-06-21,aiman37735@gmail.com,Bronze,"No. 249, Jalan A7",Puchong,Selangor,47190,2025-10-02
37736,Yee Ling,Ong,Female,016-9381467,1965-08-06,yee37736@gmail.com,Gold,"No. 133, Jalan E15",Seremban,Negeri Sembilan,70500,2025-10-02
37737,Priya,a/p Muniandy,Female,010-6225655,1974-11-30,priya37737@gmail.com,Bronze,"No. 127, Jalan B1",Seremban,Negeri Sembilan,70200,2025-10-02
37738,Emily,Chua,Female,019-8398829,1964-04-23,emily37738@gmail.com,Bronze,"No. 46, Jalan B18",Puchong,Selangor,47120,2025-10-02
37739,Zhi Wei,Sim,Male,010-7332599,1990-01-08,zhi37739@gmail.com,Silver,"No. 268, Jalan D4",Bukit Jalil,Federal Territory of Kuala Lumpur,58200,2025-10-02
37740,Firdaus,bin Ahmad,Male,013-8237130,1972-05-08,firdaus37740@gmail.com,Silver,"No. 277, Jalan E2",Bukit Jalil,Federal Territory of Kuala Lumpur,57100,2025-10-02
37741,Sharmila,a/p Subramaniam,Female,012-1087507,1978-02-13,sharmila37741@gmail.com,Silver,"No. 151, Jalan A11",Kuala Lumpur,Federal Territory of Kuala Lumpur,50000,2025-10-03
37742,Rajesh,a/l Subramaniam,Male,012-7162916,1985-03-14,rajesh37742@gmail.com,Bronze,"No. 61, Jalan E2",Kuala Lumpur,Federal Territory of Kuala Lumpur,50480,2025-10-03
37743,Hafiz,bin Ismail,Male,010-9232211,1968-12-12,hafiz37743@gmail.com,Bronze,"No. 200, Jalan B13",Petaling Jaya,Selangor,47301,2025-10-03
37744,Hafiz,bin Rahman,Male,011-2791290,1981-10-04,hafiz37744@gmail.com,Gold,"No. 118, Jalan C4",Johor Bahru,Johor,80350,2025-10-03
37745,Priya,a/p Ramasamy,Female,011-5069264,1966-12-22,priya37745@gmail.com,Silver,"No. 298, Jalan D15",Kulai,Johor,81030,2025-10-03
37746,Haziq,bin Zainal,Male,014-7593973,1970-06-29,haziq37746@gmail.com,Silver,"No. 170, Jalan E18",Johor Bahru,Johor,80200,2025-10-03
37747,Jun Hao,Yeoh,Male,015-8414104,1964-10-03,jun37747@gmail.com,Bronze,"No. 290, Jalan E13",Johor Bahru,Johor,81200,2025-10-03
37748,Yasmin,binti Osman,Female,014-5458676,1976-04-23,yasmin37748@gmail.com,Bronze,"No. 142, Jalan C14",Subang Jaya,Selangor,47620,2025-10-03
37749,Nadia,binti Rahman,Female,015-8975653,2006-05-15,nadia37749@gmail.com,Bronze,"No. 174, Jalan E18",Shah Alam,Selangor,40160,2025-10-03
37750,Shu Fen,Ong,Female,013-1944129,1977-10-04,shu37750@gmail.com,Silver,"No. 289, Jalan G9",Shah Alam,Selangor,40460,2025-10-03
37751,Suhaila,binti Osman,Female,016-1195135,1975-01-17,suhaila37751@gmail.com,Bronze,"No. 223, Jalan C1",Cyberjaya,Selangor,63100,2025-10-03
37752,Amirul,bin Hassan,Male,012-1802856,1993-04-21,amirul37752@gmail.com,Bronze,"No. 251, Jalan F9",Puchong,Selangor,47180,2025-10-03
37753,Lakshmi,a/p Subramaniam,Female,010-4331694,1978-04-23,lakshmi37753@gmail.com,Bronze,"No. 93, Jalan F15",Bangi,Selangor,43650,2025-10-03
37754,Jasmine,Yap,Female,019-7934773,1984-04-30,jasmine37754@gmail.com,Bronze,"No. 24, Jalan C1",Setapak,Federal Territory of Kuala Lumpur,53100,2025-10-03
37755,Mei Ling,Yeoh,Female,010-5874698,2006-05-18,mei37755@gmail.com,Bronze,"No. 183, Jalan B15",Setapak,Federal Territory of Kuala Lumpur,53000,2025-10-03
37756,Arjun,a/l Muniandy,Male,010-5691340,1977-05-17,arjun37756@gmail.com,Bronze,"No. 181, Jalan B7",Kuala Lumpur,Federal Territory of Kuala Lumpur,50000,2025-10-03
37757,Izzati,binti Zainal,Female,014-6157483,1982-11-14,izzati37757@gmail.com,Silver,"No. 81, Jalan C13",Wangsa Maju,Federal Territory of Kuala Lumpur,53100,2025-10-03
37758,Adam,bin Zainal,Male,018-6613480,1986-03-03,adam37758@gmail.com,Bronze,"No. 103, Jalan C11",Gombak,Selangor,68100,2025-10-03
37759,Rohani,binti Rahman,Female,012-5674477,1976-03-25,rohani37759@gmail.com,Bronze,"No. 204, Jalan D17",Rawang,Selangor,48010,2025-10-03
37760,Prakash,a/l Rajan,Male,010-3873740,1994-12-11,prakash37760@gmail.com,Bronze,"No. 149, Jalan D11",Ipoh,Perak,30010,2025-10-03
37761,Suhaila,binti Osman,Female,010-1326888,1985-07-26,suhaila37761@gmail.com,Bronze,"No. 50, Jalan E18",Seremban,Negeri Sembilan,70300,2025-10-03
37762,Yasmin,binti Abdullah,Female,013-9240203,2001-07-14,yasmin37762@gmail.com,Silver,"No. 93, Jalan B1",Kuantan,Pahang,25150,2025-10-03
37763,Nurul Huda,binti Hamid,Female,015-2117724,1976-09-29,nurul37763@gmail.com,Gold,"No. 288, Jalan C12",Kuantan,Pahang,25000,2025-10-03
37764,Wei Jie,Liew,Male,014-3500307,1969-03-29,wei37764@gmail.com,Silver,"No. 295, Jalan G7",Subang Jaya,Selangor,47650,2025-10-03
37765,Zheng Yang,Liew,Male,019-7028218,1977-09-05,zheng37765@gmail.com,Silver,"No. 81, Jalan A9",Subang Jaya,Selangor,47620,2025-10-03
37766,Balqis,binti Ismail,Female,014-2734352,1964-05-18,balqis37766@gmail.com,Silver,"No. 124, Jalan F11",Selayang,Selangor,68000,2025-10-03
37767,Anisa,binti Zainal,Female,012-2891913,2001-07-11,anisa37767@gmail.com,Platinum,"No. 128, Jalan D18",Puchong,Selangor,47130,2025-10-03
37768,Faizal,bin Hamid,Male,014-6035429,1966-08-01,faizal37768@gmail.com,Gold,"No. 61, Jalan G10",Klang,Selangor,41250,2025-10-03
37769,Aiman,bin Rahman,Male,018-9170138,1995-02-03,aiman37769@gmail.com,Bronze,"No. 149, Jalan C14",Kajang,Selangor,43100,2025-10-03
37770,Hui Min,Lee,Female,011-3877478,2006-08-12,hui37770@gmail.com,Bronze,"No. 118, Jalan B18",Bukit Jalil,Federal Territory of Kuala Lumpur,57000,2025-10-03
37771,Jun Hao,Chin,Male,010-7218689,2002-09-15,jun37771@gmail.com,Bronze,"No. 97, Jalan F13",Kuantan,Pahang,25100,2025-10-04
37772,Danial,bin Osman,Male,015-4027274,1979-07-17,danial37772@gmail.com,Bronze,"No. 11, Jalan F12",Kuala Lumpur,Federal Territory of Kuala Lumpur,59200,2025-10-04
37773,Wan Ying,Chua,Female,010-5503439,1997-05-18,wan37773@gmail.com,Silver,"No. 135, Jalan B15",Setapak,Federal Territory of Kuala Lumpur,53200,2025-10-04
37774,Nadia,binti Hamid,Female,016-4110649,1970-04-28,nadia37774@gmail.com,Silver,"No. 108, Jalan B7",Kuala Lumpur,Federal Territory of Kuala Lumpur,59200,2025-10-04
37775,Vanessa,Tan,Female,012-6856731,2003-11-21,vanessa37775@gmail.com,Bronze,"No. 165, Jalan E9",Kuala Lumpur,Federal Territory of Kuala Lumpur,57000,2025-10-04
37776,Aiman,bin Yusof,Male,011-8531945,1965-07-24,aiman37776@gmail.com,Gold,"No. 263, Jalan B17",Petaling Jaya,Selangor,47400,2025-10-04
37777,Sharmila,a/p Rajan,Female,015-2823018,2002-08-16,sharmila37777@gmail.com,Silver,"No. 256, Jalan D4",Puchong,Selangor,47140,2025-10-04
37778,Anjali,a/p Krishnan,Female,013-8826704,2002-08-10,anjali37778@gmail.com,Bronze,"No. 138, Jalan C16",Petaling Jaya,Selangor,47300,2025-10-04
37779,Jun Hao,Teoh,Male,012-8151152,1972-10-22,jun37779@gmail.com,Silver,"No. 84, Jalan E19",Petaling Jaya,Selangor,47301,2025-10-04
37780,Nadia,binti Rahman,Female,012-3493966,1986-07-17,nadia37780@gmail.com,Silver,"No. 39, Jalan F6",Johor Bahru,Johor,81300,2025-10-04
37781,Amelia,binti Osman,Female,015-3318159,1997-06-03,amelia37781@gmail.com,Silver,"No. 202, Jalan D18",Johor Bahru,Johor,80300,2025-10-04
37782,Vikram,a/l Ramasamy,Male,013-1663678,1984-01-05,vikram37782@gmail.com,Bronze,"No. 28, Jalan A2",Shah Alam,Selangor,40100,2025-10-04
37783,Amirul,bin Zainal,Male,015-9925196,1976-10-19,amirul37783@gmail.com,Silver,"No. 131, Jalan G6",Puchong,Selangor,47180,2025-10-04
37784,Wei Hong,Goh,Male,019-7401036,1994-05-18,wei37784@gmail.com,Bronze,"No. 151, Jalan G10",Shah Alam,Selangor,40300,2025-10-04
37785,Hannah,binti Ahmad,Female,015-3978193,1972-12-12,hannah37785@gmail.com,Bronze,"No. 19, Jalan A14",Shah Alam,Selangor,40450,2025-10-04
37786,Kevin,Yap,Male,019-4504233,1972-04-11,kevin37786@gmail.com,Silver,"No. 67, Jalan G10",Klang,Selangor,41150,2025-10-04
37787,Arjun,a/l Ramasamy,Male,018-9851931,1980-02-15,arjun37787@gmail.com,Bronze,"No. 110, Jalan A13",Puchong,Selangor,47140,2025-10-04
37788,Firdaus,bin Ahmad,Male,015-6275451,1983-05-22,firdaus37788@gmail.com,Bronze,"No. 140, Jalan C7",Petaling Jaya,Selangor,46000,2025-10-04
37789,Farah,binti Razak,Female,012-3887428,1986-05-01,farah37789@gmail.com,Bronze,"No. 220, Jalan F11",Setapak,Federal Territory of Kuala Lumpur,53300,2025-10-04
37790,Vikram,a/l Rajan,Male,015-6730126,1989-08-28,vikram37790@gmail.com,Silver,"No. 200, Jalan C8",Setapak,Federal Territory of Kuala Lumpur,53300,2025-10-04
37791,Alia,binti Osman,Female,019-6926425,1988-03-29,alia37791@gmail.com,Gold,"No. 26, Jalan F12",Kepong,Federal Territory of Kuala Lumpur,52100,2025-10-04
37792,Zarina,binti Yusof,Female,018-3439185,1993-10-19,zarina37792@gmail.com,Bronze,"No. 177, Jalan D20",Gombak,Selangor,53100,2025-10-04
37793,Anisa,binti Hassan,Female,015-8256229,1994-08-02,anisa37793@gmail.com,Bronze,"No. 3, Jalan F5",Ipoh,Perak,30000,2025-10-04
37794,Yee Ling,Lim,Female,010-5816012,1968-03-11,yee37794@gmail.com,Platinum,"No. 234, Jalan D3",Seremban,Negeri Sembilan,70200,2025-10-04
37795,Nadia,binti Razak,Female,017-9454433,1982-02-16,nadia37795@gmail.com,Platinum,"No. 71, Jalan F5",Seremban,Negeri Sembilan,70500,2025-10-04
37796,Yong Sheng,Khoo,Male,011-5737022,2006-02-19,yong37796@gmail.com,Silver,"No. 150, Jalan C18",Subang Jaya,Selangor,47630,2025-10-04
37797,Nadia,binti Abdullah,Female,013-7668338,2001-02-14,nadia37797@gmail.com,Bronze,"No. 99, Jalan G20",Cyberjaya,Selangor,63100,2025-10-04
37798,Firdaus,bin Ismail,Male,017-9545600,1995-05-14,firdaus37798@gmail.com,Silver,"No. 120, Jalan C18",Setapak,Federal Territory of Kuala Lumpur,53300,2025-10-04
37799,Zheng Yang,Cheah,Male,017-9631084,1964-02-12,zheng37799@gmail.com,Silver,"No. 45, Jalan G10",Bukit Jalil,Federal Territory of Kuala Lumpur,57000,2025-10-04
37800,Balqis,binti Rahman,Female,016-2658125,1981-05-15,balqis37800@gmail.com,Silver,"No. 95, Jalan E9",George Town,Pulau Pinang,10250,2025-10-05
37801,Adam,bin Zainal,Male,015-7259543,2006-02-14,adam37801@gmail.com,Silver,"No. 269, Jalan D17",Kuantan,Pahang,26060,2025-10-05
37802,Hafiz,bin Yusof,Male,019-7557112,1972-03-05,hafiz37802@gmail.com,Silver,"No. 160, Jalan B12",Petaling Jaya,Selangor,47300,2025-10-05
37803,Nabila,binti Osman,Female,017-1176603,2000-12-24,nabila37803@gmail.com,Bronze,"No. 176, Jalan E6",Petaling Jaya,Selangor,47301,2025-10-05
37804,Vikram,a/l Rajan,Male,012-5316749,1972-09-25,vikram37804@gmail.com,Gold,"No. 202, Jalan B9",Petaling Jaya,Selangor,47301,2025-10-05
37805,Fatimah,binti Hassan,Female,014-6859225,1974-06-20,fatimah37805@gmail.com,Silver,"No. 196, Jalan G11",Johor Bahru,Johor,81100,2025-10-05
37806,Aina,binti Ismail,Female,018-7715851,1987-08-31,aina37806@gmail.com,Silver,"No. 3, Jalan B16",Johor Bahru,Johor,81300,2025-10-05
37807,Meena,a/p Subramaniam,Female,019-9550652,1999-08-06,meena37807@gmail.com,Bronze,"No. 76, Jalan E20",Johor Bahru,Johor,81300,2025-10-05
37808,Alia,binti Rahman,Female,017-8530033,2004-03-27,alia37808@gmail.com,Bronze,"No. 188, Jalan A7",Johor Bahru,Johor,80200,2025-10-05
37809,Yasmin,binti Ahmad,Female,019-5349823,1997-09-07,yasmin37809@gmail.com,Silver,"No. 172, Jalan D9",Johor Bahru,Johor,81300,2025-10-05
37810,Aisyah,binti Zainal,Female,011-8878917,2006-08-31,aisyah37810@gmail.com,Bronze,"No. 78, Jalan A3",George Town,Pulau Pinang,10300,2025-10-05
37811,Firdaus,bin Yusof,Male,016-5423419,1992-02-26,firdaus37811@gmail.com,Bronze,"No. 34, Jalan B4",Shah Alam,Selangor,40150,2025-10-05
37812,Aina,binti Zainal,Female,014-3377198,1977-05-26,aina37812@gmail.com,Gold,"No. 42, Jalan F20",Sungai Buloh,Selangor,47810,2025-10-05
37813,Zarina,binti Ismail,Female,017-8519724,1976-12-23,zarina37813@gmail.com,Silver,"No. 194, Jalan G13",Sungai Buloh,Selangor,47000,2025-10-05
37814,Priya,a/p Ramasamy,Female,011-5404565,1989-07-18,priya37814@gmail.com,Gold,"No. 238, Jalan C9",Subang Jaya,Selangor,47630,2025-10-05
37815,Pei Shan,Khoo,Female,011-7540658,1988-06-02,pei37815@gmail.com,Bronze,"No. 81, Jalan A20",Puchong,Selangor,47110,2025-10-05
37816,Irfan,bin Ahmad,Male,015-3070399,1981-03-29,irfan37816@gmail.com,Bronze,"No. 159, Jalan D4",Puchong,Selangor,47110,2025-10-05
37817,Thivya,a/p Subramaniam,Female,011-8061044,1978-09-27,thivya37817@gmail.com,Platinum,"No. 223, Jalan F13",Kuantan,Pahang,25050,2025-10-05
37818,Arjun,a/l Maniam,Male,014-8211975,2003-07-24,arjun37818@gmail.com,Silver,"No. 198, Jalan G16",Selayang,Selangor,68000,2025-10-05
37819,Arjun,a/l Krishnan,Male,015-8904374,2002-07-29,arjun37819@gmail.com,Gold,"No. 157, Jalan B18",Wangsa Maju,Federal Territory of Kuala Lumpur,53100,2025-10-05
37820,Danial,bin Yusof,Male,019-3437541,2002-05-13,danial37820@gmail.com,Bronze,"No. 85, Jalan A14",Wangsa Maju,Federal Territory of Kuala Lumpur,53200,2025-10-05
37821,Firdaus,bin Hamid,Male,016-3943231,1974-05-07,firdaus37821@gmail.com,Bronze,"No. 229, Jalan F6",Gombak,Selangor,68100,2025-10-05
37822,Zheng Yang,Loh,Male,019-5367344,1983-10-16,zheng37822@gmail.com,Bronze,"No. 119, Jalan F16",Johor Bahru,Johor,80300,2025-10-05
37823,Firdaus,bin Rahman,Male,016-2633000,1998-09-03,firdaus37823@gmail.com,Silver,"No. 227, Jalan C19",Klang,Selangor,41150,2025-10-05
37824,Kumar,a/l Maniam,Male,010-9604466,1999-09-15,kumar37824@gmail.com,Bronze,"No. 218, Jalan D12",Subang Jaya,Selangor,47600,2025-10-05
37825,Shu Fen,Chong,Female,012-5585306,1999-07-24,shu37825@gmail.com,Bronze,"No. 152, Jalan G1",Subang Jaya,Selangor,47620,2025-10-05
37826,Xin Yi,Teoh,Female,017-7782616,1995-09-23,xin37826@gmail.com,Bronze,"No. 116, Jalan F16",Petaling Jaya,Selangor,47300,2025-10-06
37827,Zarina,binti Zainal,Female,012-6398874,1996-03-02,zarina37827@gmail.com,Bronze,"No. 15, Jalan C8",Ipoh,Perak,30020,2025-10-06
37828,Divya,a/p Rajan,Female,013-3955641,1983-01-13,divya37828@gmail.com,Silver,"No. 50, Jalan D17",Johor Bahru,Johor,81300,2025-10-06
37829,Hafiz,bin Zainal,Male,012-3066926,1977-02-26,hafiz37829@gmail.com,Silver,"No. 37, Jalan D7",Johor Bahru,Johor,80200,2025-10-06
37830,Farah,binti Ismail,Female,019-3951402,1990-03-31,farah37830@gmail.com,Bronze,"No. 182, Jalan B7",George Town,Pulau Pinang,10300,2025-10-06
37831,Suresh,a/l Subramaniam,Male,015-2133244,1970-03-16,suresh37831@gmail.com,Silver,"No. 90, Jalan A2",Seremban,Negeri Sembilan,70500,2025-10-06
37832,Deepa,a/p Krishnan,Female,017-9303543,1987-09-26,deepa37832@gmail.com,Bronze,"No. 3, Jalan G5",Melaka,Melaka,75000,2025-10-06
37833,Danial,bin Hassan,Male,011-4469261,2000-12-13,danial37833@gmail.com,Bronze,"No. 42, Jalan E10",Klang,Selangor,41050,2025-10-06
37834,Danial,bin Zainal,Male,016-3454662,1990-01-29,danial37834@gmail.com,Bronze,"No. 284, Jalan G13",Gombak,Selangor,53000,2025-10-06
37835,Ravi,a/l Muniandy,Male,015-4680133,2006-10-21,ravi37835@gmail.com,Platinum,"No. 90, Jalan G19",Gombak,Selangor,68100,2025-10-06
37836,Daniel,Tan,Male,019-1754046,1986-03-26,daniel37836@gmail.com,Silver,"No. 251, Jalan F14",Sungai Buloh,Selangor,47000,2025-10-06
37837,Hafiz,bin Hassan,Male,016-6262731,1965-04-02,hafiz37837@gmail.com,Silver,"No. 33, Jalan E19",Selayang,Selangor,68100,2025-10-06
37838,Kevin,Yeoh,Male,016-6571866,2001-06-06,kevin37838@gmail.com,Platinum,"No. 121, Jalan E15",Setapak,Federal Territory of Kuala Lumpur,53200,2025-10-06
37839,Amirul,bin Hamid,Male,010-3936785,1970-01-24,amirul37839@gmail.com,Silver,"No. 235, Jalan F18",Setapak,Federal Territory of Kuala Lumpur,53200,2025-10-06
37840,Zarina,binti Hassan,Female,019-6898635,1969-03-15,zarina37840@gmail.com,Bronze,"No. 20, Jalan F15",Petaling Jaya,Selangor,46300,2025-10-06
37841,Adam,bin Hamid,Male,010-6388321,1968-09-27,adam37841@gmail.com,Bronze,"No. 89, Jalan D1",Gombak,Selangor,68100,2025-10-06
37842,Yasmin,binti Abdullah,Female,015-5685319,1993-06-20,yasmin37842@gmail.com,Bronze,"No. 216, Jalan E9",Subang Jaya,Selangor,47650,2025-10-06
37843,Amirul,bin Rahman,Male,016-8044655,1991-03-24,amirul37843@gmail.com,Gold,"No. 168, Jalan B16",Kuala Lumpur,Federal Territory of Kuala Lumpur,50000,2025-10-07
37844,Divya,a/p Rajan,Female,015-5709863,1996-01-19,divya37844@gmail.com,Bronze,"No. 151, Jalan A4",Petaling Jaya,Selangor,46050,2025-10-07
37845,Zarina,binti Hamid,Female,019-4142638,1996-01-24,zarina37845@gmail.com,Silver,"No. 32, Jalan F8",Puchong,Selangor,47150,2025-10-07
37846,Kok Wai,Khoo,Male,018-7160534,1965-03-30,kok37846@gmail.com,Gold,"No. 5, Jalan E14",Shah Alam,Selangor,40400,2025-10-07
37847,Kok Wai,Foo,Male,017-9103645,1999-01-28,kok37847@gmail.com,Bronze,"No. 101, Jalan B19",Puchong,Selangor,47120,2025-10-07
37848,Rohani,binti Hamid,Female,017-5953029,1971-02-13,rohani37848@gmail.com,Bronze,"No. 46, Jalan F7",Rawang,Selangor,48010,2025-10-07
37849,Deepa,a/p Maniam,Female,011-3602835,1981-05-27,deepa37849@gmail.com,Silver,"No. 242, Jalan D16",Setapak,Federal Territory of Kuala Lumpur,53200,2025-10-07
37850,Rohani,binti Zainal,Female,019-5128642,1986-08-02,rohani37850@gmail.com,Bronze,"No. 99, Jalan B15",Wangsa Maju,Federal Territory of Kuala Lumpur,53300,2025-10-07
37851,Daniel,Lee,Male,011-3328309,1983-09-18,daniel37851@gmail.com,Gold,"No. 60, Jalan B11",Setapak,Federal Territory of Kuala Lumpur,53200,2025-10-07
37852,Rachel,Lee,Female,013-8257306,1982-09-06,rachel37852@gmail.com,Bronze,"No. 279, Jalan D1",Wangsa Maju,Federal Territory of Kuala Lumpur,53300,2025-10-07
37853,Nur Aina,binti Yusof,Female,013-9328503,1984-06-05,nur37853@gmail.com,Bronze,"No. 67, Jalan A10",Taiping,Perak,34000,2025-10-07
37854,Balqis,binti Osman,Female,016-6688381,1987-06-08,balqis37854@gmail.com,Bronze,"No. 33, Jalan B5",Kuantan,Pahang,25000,2025-10-07
37855,Priya,a/p Ramasamy,Female,010-4574473,1984-12-30,priya37855@gmail.com,Bronze,"No. 88, Jalan F1",Selayang,Selangor,68100,2025-10-07
37856,Zheng Yang,Liew,Male,014-7126968,1988-08-09,zheng37856@gmail.com,Gold,"No. 237, Jalan F17",Bukit Jalil,Federal Territory of Kuala Lumpur,57000,2025-10-07
37857,Nadia,binti Osman,Female,010-6801015,1970-06-20,nadia37857@gmail.com,Bronze,"No. 194, Jalan G18",Bukit Jalil,Federal Territory of Kuala Lumpur,58200,2025-10-07
37858,Prakash,a/l Rajan,Male,014-5889350,1991-04-03,prakash37858@gmail.com,Bronze,"No. 229, Jalan G8",Johor Bahru,Johor,81200,2025-10-08
37859,Li Wen,Lim,Female,017-3047524,1984-05-25,li37859@gmail.com,Bronze,"No. 40, Jalan B15",Melaka,Melaka,75100,2025-10-08
37860,Emily,Lee,Female,019-4881050,1976-05-07,emily37860@gmail.com,Bronze,"No. 266, Jalan A20",Klang,Selangor,41250,2025-10-08
37861,Balqis,binti Osman,Female,017-4609841,1969-12-27,balqis37861@gmail.com,Silver,"No. 148, Jalan C19",Sungai Buloh,Selangor,47000,2025-10-08
37862,Anjali,a/p Maniam,Female,019-3351714,1996-07-07,anjali37862@gmail.com,Bronze,"No. 116, Jalan B15",Shah Alam,Selangor,40170,2025-10-08
37863,Nurul Huda,binti Ismail,Female,016-3960710,2003-05-11,nurul37863@gmail.com,Bronze,"No. 58, Jalan F18",Petaling Jaya,Selangor,47800,2025-10-08
37864,Zulkifli,bin Hassan,Male,016-2017863,1989-12-25,zulkifli37864@gmail.com,Bronze,"No. 93, Jalan B10",Klang,Selangor,42100,2025-10-08
37865,Zulkifli,bin Zainal,Male,010-9203035,1980-05-09,zulkifli37865@gmail.com,Bronze,"No. 280, Jalan E17",Wangsa Maju,Federal Territory of Kuala Lumpur,53100,2025-10-08
37866,Danial,bin Hassan,Male,019-8406897,1976-07-02,danial37866@gmail.com,Silver,"No. 159, Jalan F20",Rawang,Selangor,48010,2025-10-08
37867,Zhi Wei,Yeoh,Male,010-8380370,1969-08-01,zhi37867@gmail.com,Gold,"No. 245, Jalan B11",Seremban,Negeri Sembilan,70000,2025-10-08
37868,Danial,bin Ismail,Male,015-1916300,1977-09-21,danial37868@gmail.com,Bronze,"No. 210, Jalan G1",Seremban,Negeri Sembilan,70300,2025-10-08
37869,Zarina,binti Yusof,Female,012-4866329,1971-04-20,zarina37869@gmail.com,Silver,"No. 116, Jalan B13",Seremban,Negeri Sembilan,70300,2025-10-08
37870,Izzati,binti Osman,Female,019-7452745,1992-11-24,izzati37870@gmail.com,Bronze,"No. 286, Jalan D6",Kuala Lumpur,Federal Territory of Kuala Lumpur,56000,2025-10-09
37871,Pei Shan,Loh,Female,010-3798269,1998-02-12,pei37871@gmail.com,Bronze,"No. 11, Jalan G3",Kuala Lumpur,Federal Territory of Kuala Lumpur,55100,2025-10-09
37872,Yee Ling,Ng,Female,019-3242158,1981-05-11,yee37872@gmail.com,Gold,"No. 12, Jalan F1",Kepong,Federal Territory of Kuala Lumpur,51200,2025-10-09
37873,Hafiz,bin Yusof,Male,013-8852384,1999-06-09,hafiz37873@gmail.com,Silver,"No. 174, Jalan G3",Petaling Jaya,Selangor,47810,2025-10-09
37874,Aiman,bin Osman,Male,017-6191012,2001-01-19,aiman37874@gmail.com,Silver,"No. 196, Jalan A12",Johor Bahru,Johor,81200,2025-10-09
37875,Sze Min,Yeoh,Female,017-1439523,1994-11-30,sze37875@gmail.com,Bronze,"No. 158, Jalan A12",Shah Alam,Selangor,40170,2025-10-09
37876,Siti,binti Rahman,Female,011-1177854,1987-11-26,siti37876@gmail.com,Bronze,"No. 240, Jalan D10",Puchong,Selangor,47140,2025-10-09
37877,Danial,bin Yusof,Male,017-6789049,1986-12-21,danial37877@gmail.com,Bronze,"No. 60, Jalan B7",Setapak,Federal Territory of Kuala Lumpur,53200,2025-10-09
37878,Firdaus,bin Ismail,Male,016-4617652,1970-07-30,firdaus37878@gmail.com,Silver,"No. 201, Jalan G12",Gombak,Selangor,53100,2025-10-09
37879,Alia,binti Ismail,Female,017-7631571,1978-03-25,alia37879@gmail.com,Silver,"No. 122, Jalan D13",Ipoh,Perak,30010,2025-10-09
37880,Zarina,binti Abdullah,Female,010-2135282,1985-07-06,zarina37880@gmail.com,Platinum,"No. 70, Jalan D9",Subang Jaya,Selangor,47500,2025-10-09
37881,Hannah,binti Hassan,Female,019-5953362,2006-07-11,hannah37881@gmail.com,Bronze,"No. 140, Jalan E10",Cyberjaya,Selangor,63100,2025-10-09
37882,Aina,binti Abdullah,Female,011-6794348,1977-12-19,aina37882@gmail.com,Bronze,"No. 29, Jalan B1",Kajang,Selangor,43000,2025-10-09
37883,Nur Aina,binti Osman,Female,015-3517443,1989-05-30,nur37883@gmail.com,Platinum,"No. 76, Jalan C6",Kuala Lumpur,Federal Territory of Kuala Lumpur,56000,2025-10-10
37884,Meena,a/p Krishnan,Female,013-3238378,2003-10-10,meena37884@gmail.com,Bronze,"No. 225, Jalan F6",Kuala Lumpur,Federal Territory of Kuala Lumpur,55200,2025-10-10
37885,Amelia,binti Hassan,Female,013-5677093,1981-08-30,amelia37885@gmail.com,Bronze,"No. 161, Jalan F15",Sungai Buloh,Selangor,47810,2025-10-10
37886,Michelle,Lee,Female,010-1792729,1976-04-05,michelle37886@gmail.com,Bronze,"No. 235, Jalan B20",Sungai Buloh,Selangor,47810,2025-10-10
37887,Aiman,bin Hamid,Male,012-3028854,1999-11-14,aiman37887@gmail.com,Silver,"No. 241, Jalan A19",Petaling Jaya,Selangor,46050,2025-10-10
37888,Rohani,binti Ismail,Female,013-1371276,1998-01-22,rohani37888@gmail.com,Platinum,"No. 124, Jalan D6",Shah Alam,Selangor,40460,2025-10-10
37889,Michelle,Chin,Female,018-6844005,1992-03-19,michelle37889@gmail.com,Bronze,"No. 221, Jalan B11",Shah Alam,Selangor,40000,2025-10-10
37890,Aiman,bin Yusof,Male,015-4300369,1964-11-20,aiman37890@gmail.com,Silver,"No. 198, Jalan A12",Klang,Selangor,41100,2025-10-10
37891,Farah,binti Osman,Female,011-3079828,1995-05-24,farah37891@gmail.com,Gold,"No. 54, Jalan G15",Klang,Selangor,41300,2025-10-10
37892,Shu Fen,Foo,Female,010-8977787,1987-12-06,shu37892@gmail.com,Gold,"No. 32, Jalan F10",Sungai Buloh,Selangor,47810,2025-10-10
37893,Wan Ying,Wong,Female,015-6165904,2001-05-13,wan37893@gmail.com,Gold,"No. 163, Jalan B14",Bukit Jalil,Federal Territory of Kuala Lumpur,57100,2025-10-10
37894,Siti,binti Ahmad,Female,013-1890450,1980-11-15,siti37894@gmail.com,Bronze,"No. 218, Jalan A16",Setapak,Federal Territory of Kuala Lumpur,53300,2025-10-10
37895,Haziq,bin Ismail,Male,019-4252649,1993-07-13,haziq37895@gmail.com,Platinum,"No. 73, Jalan A5",Wangsa Maju,Federal Territory of Kuala Lumpur,53200,2025-10-10
37896,Danial,bin Zainal,Male,013-6038343,1977-03-23,danial37896@gmail.com,Bronze,"No. 143, Jalan A17",Kepong,Federal Territory of Kuala Lumpur,52100,2025-10-10
37897,Suresh,a/l Muniandy,Male,011-1763798,1994-12-24,suresh37897@gmail.com,Bronze,"No. 59, Jalan B16",Rawang,Selangor,48010,2025-10-10
37898,Suhaila,binti Hamid,Female,014-6428293,1998-05-26,suhaila37898@gmail.com,Gold,"No. 225, Jalan A9",Ipoh,Perak,30000,2025-10-10
37899,Irfan,bin Yusof,Male,010-2163677,1992-11-29,irfan37899@gmail.com,Bronze,"No. 151, Jalan E11",Puchong,Selangor,47150,2025-10-10
37900,Amirul,bin Ismail,Male,013-7555403,1989-02-04,amirul37900@gmail.com,Bronze,"No. 105, Jalan F4",Ipoh,Perak,30200,2025-10-10
37901,Nabila,binti Osman,Female,019-1597632,1994-11-29,nabila37901@gmail.com,Bronze,"No. 229, Jalan G5",Kuantan,Pahang,25300,2025-10-10
37902,Hafiz,bin Hassan,Male,017-9651030,1969-07-09,hafiz37902@gmail.com,Silver,"No. 35, Jalan D8",Subang Jaya,Selangor,47600,2025-10-10
37903,Adam,bin Rahman,Male,013-7365173,1968-12-19,adam37903@gmail.com,Bronze,"No. 243, Jalan E6",Bukit Jalil,Federal Territory of Kuala Lumpur,57100,2025-10-10
37904,Hui Min,Ng,Female,014-3459690,1994-05-03,hui37904@gmail.com,Silver,"No. 151, Jalan A9",Bukit Jalil,Federal Territory of Kuala Lumpur,57000,2025-10-10
37905,Siti,binti Yusof,Female,010-6726693,1989-07-24,siti37905@gmail.com,Gold,"No. 292, Jalan E11",Kuala Lumpur,Federal Territory of Kuala Lumpur,50480,2025-10-11
37906,Divya,a/p Krishnan,Female,018-6512971,1966-02-16,divya37906@gmail.com,Bronze,"No. 170, Jalan E10",Kuala Lumpur,Federal Territory of Kuala Lumpur,56000,2025-10-11
37907,Amirul,bin Razak,Male,015-6631486,1967-11-19,amirul37907@gmail.com,Silver,"No. 29, Jalan A18",Petaling Jaya,Selangor,46300,2025-10-11
37908,Ling Ling,Lee,Female,019-9670273,2003-08-14,ling37908@gmail.com,Bronze,"No. 116, Jalan A6",Petaling Jaya,Selangor,46000,2025-10-11
37909,Aina,binti Hamid,Female,018-2222239,1973-07-17,aina37909@gmail.com,Silver,"No. 158, Jalan E19",Petaling Jaya,Selangor,46050,2025-10-11
37910,Xin Yi,Teoh,Female,018-2909529,1990-06-06,xin37910@gmail.com,Bronze,"No. 198, Jalan A9",Johor Bahru,Johor,80000,2025-10-11
37911,Pei Shan,Foo,Female,015-7721854,1989-05-05,pei37911@gmail.com,Silver,"No. 298, Jalan B9",Johor Bahru,Johor,80300,2025-10-11
37912,Firdaus,bin Yusof,Male,017-8727222,1995-07-13,firdaus37912@gmail.com,Bronze,"No. 230, Jalan G13",Johor Bahru,Johor,80350,2025-10-11
37913,Nadia,binti Yusof,Female,017-7219819,2007-03-05,nadia37913@gmail.com,Bronze,"No. 192, Jalan E16",George Town,Pulau Pinang,10100,2025-10-11
37914,Hafiz,bin Rahman,Male,019-5904608,1985-09-12,hafiz37914@gmail.com,Silver,"No. 204, Jalan F2",Shah Alam,Selangor,40450,2025-10-11
37915,Nabila,binti Yusof,Female,013-5250328,1997-07-23,nabila37915@gmail.com,Bronze,"No. 48, Jalan C3",Shah Alam,Selangor,40160,2025-10-11
37916,Kai Xin,Lim,Female,019-5697722,1993-12-29,kai37916@gmail.com,Bronze,"No. 7, Jalan G7",Shah Alam,Selangor,40100,2025-10-11
37917,Rachel,Sim,Female,015-7749744,1967-05-21,rachel37917@gmail.com,Silver,"No. 91, Jalan F20",Petaling Jaya,Selangor,46050,2025-10-11
37918,Nurul Huda,binti Ahmad,Female,012-2022733,1987-06-16,nurul37918@gmail.com,Silver,"No. 131, Jalan D5",Petaling Jaya,Selangor,47810,2025-10-11
37919,Farah,binti Abdullah,Female,017-6922521,1996-09-12,farah37919@gmail.com,Bronze,"No. 116, Jalan A12",Puchong,Selangor,47170,2025-10-11
37920,Chong Wei,Chua,Male,013-5778510,1994-04-19,chong37920@gmail.com,Bronze,"No. 220, Jalan E2",Puchong,Selangor,47170,2025-10-11
37921,Zhi Wei,Chan,Male,013-8693681,2002-03-02,zhi37921@gmail.com,Silver,"No. 177, Jalan C2",Puchong,Selangor,47130,2025-10-11
37922,Yasmin,binti Zainal,Female,014-2499114,2001-11-14,yasmin37922@gmail.com,Silver,"No. 96, Jalan E18",Puchong,Selangor,47160,2025-10-11
37923,Kavitha,a/p Maniam,Female,018-1581302,2006-08-11,kavitha37923@gmail.com,Silver,"No. 256, Jalan G1",Sungai Buloh,Selangor,47820,2025-10-11
37924,Fatimah,binti Rahman,Female,010-2987890,1964-03-18,fatimah37924@gmail.com,Bronze,"No. 251, Jalan G8",Kuala Lumpur,Federal Territory of Kuala Lumpur,50480,2025-10-11
37925,Suresh,a/l Ramasamy,Male,010-8743449,1994-12-05,suresh37925@gmail.com,Bronze,"No. 162, Jalan A20",Wangsa Maju,Federal Territory of Kuala Lumpur,53100,2025-10-11
37926,Daniel,Wong,Male,016-5372347,1967-12-25,daniel37926@gmail.com,Platinum,"No. 141, Jalan D14",Seremban,Negeri Sembilan,70100,2025-10-11
37927,Wei Hong,Tan,Male,017-7833432,1980-06-22,wei37927@gmail.com,Bronze,"No. 275, Jalan C8",Seremban,Negeri Sembilan,70100,2025-10-11
37928,Nadia,binti Rahman,Female,015-3814348,1969-03-13,nadia37928@gmail.com,Silver,"No. 56, Jalan D1",Kuantan,Pahang,25250,2025-10-11
37929,Hafiz,bin Ismail,Male,010-8366961,1974-09-30,hafiz37929@gmail.com,Bronze,"No. 229, Jalan F7",Wangsa Maju,Federal Territory of Kuala Lumpur,53300,2025-10-11
37930,Shu Fen,Wong,Female,019-3087027,1976-10-30,shu37930@gmail.com,Bronze,"No. 142, Jalan G15",Subang Jaya,Selangor,47610,2025-10-11
37931,Irfan,bin Ahmad,Male,018-7592630,2004-05-15,irfan37931@gmail.com,Gold,"No. 12, Jalan F16",Subang Jaya,Selangor,47620,2025-10-11
37932,Faizal,bin Hassan,Male,011-2870946,1973-11-19,faizal37932@gmail.com,Bronze,"No. 60, Jalan G8",Kepong,Federal Territory of Kuala Lumpur,52100,2025-10-12
37933,Prakash,a/l Rajan,Male,014-4196446,1996-11-27,prakash37933@gmail.com,Gold,"No. 18, Jalan C12",Kuala Lumpur,Federal Territory of Kuala Lumpur,59000,2025-10-12
37934,Syafiq,bin Zainal,Male,011-4358301,1977-11-22,syafiq37934@gmail.com,Platinum,"No. 70, Jalan C1",Sungai Buloh,Selangor,47000,2025-10-12
37935,Adam,bin Hassan,Male,019-5213042,1984-10-30,adam37935@gmail.com,Bronze,"No. 214, Jalan D6",Puchong,Selangor,47100,2025-10-12
37936,Xin Yi,Chua,Female,019-5453081,1979-09-12,xin37936@gmail.com,Bronze,"No. 236, Jalan F13",Petaling Jaya,Selangor,46300,2025-10-12
37937,Nadia,binti Abdullah,Female,010-6764605,1980-04-19,nadia37937@gmail.com,Bronze,"No. 27, Jalan C7",Kuala Lumpur,Federal Territory of Kuala Lumpur,50480,2025-10-12
37938,Zheng Yang,Khoo,Male,016-8090193,1978-09-09,zheng37938@gmail.com,Platinum,"No. 68, Jalan E18",Sungai Buloh,Selangor,47810,2025-10-12
37939,Zulkifli,bin Hamid,Male,010-2401235,1966-06-17,zulkifli37939@gmail.com,Bronze,"No. 111, Jalan F20",Johor Bahru,Johor,80300,2025-10-12
37940,Yasmin,binti Yusof,Female,011-6614663,2004-07-17,yasmin37940@gmail.com,Bronze,"No. 164, Jalan E17",Melaka,Melaka,75300,2025-10-12
37941,Divya,a/p Rajan,Female,018-1764120,1977-12-01,divya37941@gmail.com,Bronze,"No. 279, Jalan F4",Melaka,Melaka,75250,2025-10-12
37942,Jun Hao,Cheah,Male,016-4762238,1998-07-14,jun37942@gmail.com,Bronze,"No. 98, Jalan A6",Sungai Buloh,Selangor,47820,2025-10-12
37943,Nabila,binti Yusof,Female,017-5449226,1972-09-26,nabila37943@gmail.com,Gold,"No. 110, Jalan G17",Klang,Selangor,41200,2025-10-12
37944,Daniel,Wong,Male,018-8796237,1977-04-30,daniel37944@gmail.com,Bronze,"No. 2, Jalan E3",Puchong,Selangor,47130,2025-10-12
37945,Amirul,bin Razak,Male,013-1779307,1991-02-15,amirul37945@gmail.com,Bronze,"No. 127, Jalan B4",Kepong,Federal Territory of Kuala Lumpur,51200,2025-10-12
37946,Chong Wei,Tan,Male,017-2056787,1969-12-04,chong37946@gmail.com,Bronze,"No. 17, Jalan E11",Wangsa Maju,Federal Territory of Kuala Lumpur,53100,2025-10-12
37947,Hui Min,Tan,Female,014-6045910,1984-06-09,hui37947@gmail.com,Bronze,"No. 190, Jalan C1",Wangsa Maju,Federal Territory of Kuala Lumpur,53100,2025-10-12
37948,Chong Wei,Sim,Male,017-6448330,1977-03-26,chong37948@gmail.com,Bronze,"No. 244, Jalan D10",Taiping,Perak,34000,2025-10-12
37949,Jia Yi,Tan,Female,012-8041865,1973-11-11,jia37949@gmail.com,Bronze,"No. 155, Jalan F12",Gombak,Selangor,68100,2025-10-12
37950,Yee Ling,Tan,Female,017-6853996,1974-06-08,yee37950@gmail.com,Bronze,"No. 241, Jalan G19",Kuantan,Pahang,25250,2025-10-12
37951,Rohani,binti Hamid,Female,017-7741915,1996-01-14,rohani37951@gmail.com,Bronze,"No. 119, Jalan E2",Subang Jaya,Selangor,47500,2025-10-12
37952,Jasmine,Lim,Female,019-5050526,1987-04-11,jasmine37952@gmail.com,Silver,"No. 76, Jalan D3",Selayang,Selangor,68000,2025-10-12
37953,Yasmin,binti Razak,Female,011-8244897,1965-11-26,yasmin37953@gmail.com,Gold,"No. 190, Jalan E5",Subang Jaya,Selangor,47620,2025-10-12
37954,Zarina,binti Abdullah,Female,016-8565738,1987-01-26,zarina37954@gmail.com,Silver,"No. 181, Jalan A10",Cyberjaya,Selangor,63000,2025-10-12
37955,Nurul Huda,binti Zainal,Female,015-1302019,1977-06-14,nurul37955@gmail.com,Bronze,"No. 205, Jalan E19",Wangsa Maju,Federal Territory of Kuala Lumpur,53300,2025-10-12
37956,Yasmin,binti Osman,Female,019-4571777,1992-07-30,yasmin37956@gmail.com,Bronze,"No. 100, Jalan A13",Kuala Lumpur,Federal Territory of Kuala Lumpur,50450,2025-10-13
37957,Amelia,binti Rahman,Female,018-6636677,1986-10-01,amelia37957@gmail.com,Bronze,"No. 242, Jalan F7",Kepong,Federal Territory of Kuala Lumpur,52100,2025-10-13
37958,Izzati,binti Hamid,Female,010-2191063,1996-07-27,izzati37958@gmail.com,Bronze,"No. 205, Jalan B3",Kepong,Federal Territory of Kuala Lumpur,52100,2025-10-13
37959,Zulkifli,bin Rahman,Male,011-9226056,1990-06-25,zulkifli37959@gmail.com,Bronze,"No. 2, Jalan B10",Petaling Jaya,Selangor,46050,2025-10-13
37960,Nur Aina,binti Rahman,Female,015-1203034,1991-07-13,nur37960@gmail.com,Silver,"No. 2, Jalan A8",Johor Bahru,Johor,80000,2025-10-13
37961,Wei Jie,Yap,Male,018-4077374,2003-04-22,wei37961@gmail.com,Bronze,"No. 232, Jalan F5",George Town,Pulau Pinang,10350,2025-10-13
37962,Nabila,binti Abdullah,Female,017-8623692,2005-02-12,nabila37962@gmail.com,Bronze,"No. 211, Jalan A7",George Town,Pulau Pinang,10100,2025-10-13
37963,Amirul,bin Rahman,Male,012-8150347,1981-08-05,amirul37963@gmail.com,Bronze,"No. 152, Jalan B17",Puchong,Selangor,47140,2025-10-13
37964,Zulkifli,bin Yusof,Male,013-1888069,2000-01-14,zulkifli37964@gmail.com,Bronze,"No. 74, Jalan B18",Gombak,Selangor,68100,2025-10-13
37965,Yasmin,binti Hamid,Female,017-3374741,1982-11-09,yasmin37965@gmail.com,Bronze,"No. 8, Jalan D4",Cyberjaya,Selangor,63000,2025-10-13
37966,Hannah,binti Ismail,Female,013-2267799,1978-12-28,hannah37966@gmail.com,Bronze,"No. 196, Jalan D6",Puchong,Selangor,47170,2025-10-13
37967,Emily,Goh,Female,017-7321519,1964-09-12,emily37967@gmail.com,Platinum,"No. 284, Jalan F13",Puchong,Selangor,47140,2025-10-13
37968,Aina,binti Zainal,Female,019-5196284,1984-07-06,aina37968@gmail.com,Bronze,"No. 23, Jalan F1",Setapak,Federal Territory of Kuala Lumpur,53000,2025-10-13
37969,Syafiq,bin Osman,Male,016-9988912,1995-05-22,syafiq37969@gmail.com,Silver,"No. 73, Jalan F15",Ipoh,Perak,31350,2025-10-13
37970,Meena,a/p Ramasamy,Female,016-3379684,1984-05-06,meena37970@gmail.com,Silver,"No. 133, Jalan F15",Kuantan,Pahang,25250,2025-10-13
37971,Nadia,binti Rahman,Female,018-5340085,1981-04-21,nadia37971@gmail.com,Silver,"No. 249, Jalan F14",Klang,Selangor,41250,2025-10-13
37972,Jun Hao,Teoh,Male,012-5351082,2007-04-24,jun37972@gmail.com,Silver,"No. 185, Jalan B8",Cyberjaya,Selangor,63000,2025-10-13
37973,Amirul,bin Rahman,Male,019-2351516,2006-03-17,amirul37973@gmail.com,Bronze,"No. 21, Jalan C3",Bukit Jalil,Federal Territory of Kuala Lumpur,57000,2025-10-13
37974,Nurul Huda,binti Osman,Female,016-2511307,1992-03-02,nurul37974@gmail.com,Bronze,"No. 237, Jalan G19",Bukit Jalil,Federal Territory of Kuala Lumpur,58200,2025-10-14
37975,Zulkifli,bin Ismail,Male,019-4636118,1985-01-12,zulkifli37975@gmail.com,Silver,"No. 165, Jalan F9",Wangsa Maju,Federal Territory of Kuala Lumpur,53300,2025-10-14
37976,Fatimah,binti Zainal,Female,015-9380661,1995-07-07,fatimah37976@gmail.com,Silver,"No. 189, Jalan D15",Petaling Jaya,Selangor,46300,2025-10-14
37977,Michelle,Tan,Female,018-1555721,1992-11-21,michelle37977@gmail.com,Bronze,"No. 157, Jalan B13",Gombak,Selangor,53100,2025-10-14
37978,Kavitha,a/p Maniam,Female,015-1686075,1965-07-10,kavitha37978@gmail.com,Bronze,"No. 32, Jalan C3",Johor Bahru,Johor,80200,2025-10-14
37979,Aiman,bin Hassan,Male,012-6708505,1971-01-11,aiman37979@gmail.com,Bronze,"No. 168, Jalan A17",George Town,Pulau Pinang,10150,2025-10-14
37980,Izzati,binti Zainal,Female,014-1890980,1977-06-10,izzati37980@gmail.com,Bronze,"No. 71, Jalan B18",George Town,Pulau Pinang,10100,2025-10-14
37981,Jasmine,Foo,Female,017-3973241,1966-04-30,jasmine37981@gmail.com,Silver,"No. 234, Jalan E7",Melaka,Melaka,75350,2025-10-14
37982,Danial,bin Osman,Male,017-8522830,1974-02-04,danial37982@gmail.com,Silver,"No. 191, Jalan A13",Ipoh,Perak,30250,2025-10-14
37983,Ling Ling,Khoo,Female,011-5210643,1988-12-23,ling37983@gmail.com,Bronze,"No. 259, Jalan A1",Sungai Buloh,Selangor,47000,2025-10-14
37984,Lakshmi,a/p Krishnan,Female,013-9530512,2003-02-17,lakshmi37984@gmail.com,Silver,"No. 109, Jalan G11",Shah Alam,Selangor,40000,2025-10-14
37985,Zulkifli,bin Hamid,Male,018-6863401,1966-07-26,zulkifli37985@gmail.com,Bronze,"No. 278, Jalan B18",Kuala Lumpur,Federal Territory of Kuala Lumpur,55200,2025-10-14
37986,Hafiz,bin Rahman,Male,013-1360092,1988-09-16,hafiz37986@gmail.com,Bronze,"No. 45, Jalan D1",Wangsa Maju,Federal Territory of Kuala Lumpur,53300,2025-10-14
37987,Chong Wei,Cheah,Male,012-4835076,1975-02-13,chong37987@gmail.com,Gold,"No. 189, Jalan F15",Seremban,Negeri Sembilan,70100,2025-10-14
37988,Hui Min,Chan,Female,017-2645686,1975-03-28,hui37988@gmail.com,Bronze,"No. 3, Jalan D2",Subang Jaya,Selangor,47600,2025-10-14
37989,Wei Jie,Loh,Male,018-9016755,1995-04-21,wei37989@gmail.com,Silver,"No. 260, Jalan E13",Bukit Jalil,Federal Territory of Kuala Lumpur,57000,2025-10-14
37990,Kai Xin,Teoh,Female,014-5140275,1982-11-30,kai37990@gmail.com,Bronze,"No. 255, Jalan E12",Kuala Lumpur,Federal Territory of Kuala Lumpur,59000,2025-10-15
37991,Shu Fen,Sim,Female,015-8151064,1984-02-26,shu37991@gmail.com,Bronze,"No. 175, Jalan E14",Kuala Lumpur,Federal Territory of Kuala Lumpur,58000,2025-10-15
37992,Xin Yi,Chua,Female,019-9703227,1992-01-05,xin37992@gmail.com,Silver,"No. 3, Jalan G9",Johor Bahru,Johor,80100,2025-10-15
37993,Emily,Chin,Female,018-1713187,1992-01-31,emily37993@gmail.com,Bronze,"No. 130, Jalan D2",Johor Bahru,Johor,80100,2025-10-15
37994,Siti,binti Ismail,Female,016-8210284,2007-09-12,siti37994@gmail.com,Bronze,"No. 190, Jalan A3",Johor Bahru,Johor,80200,2025-10-15
37995,Suresh,a/l Subramaniam,Male,013-8513544,1972-08-26,suresh37995@gmail.com,Silver,"No. 240, Jalan A9",George Town,Pulau Pinang,10100,2025-10-15
37996,Nurul Huda,binti Hassan,Female,013-3599578,1980-08-02,nurul37996@gmail.com,Bronze,"No. 214, Jalan B14",Shah Alam,Selangor,40460,2025-10-15
37997,Amirul,bin Rahman,Male,015-1044485,1999-05-23,amirul37997@gmail.com,Bronze,"No. 108, Jalan D14",Shah Alam,Selangor,40170,2025-10-15
37998,Zarina,binti Rahman,Female,014-8946662,1966-09-27,zarina37998@gmail.com,Silver,"No. 150, Jalan A13",Bangi,Selangor,43650,2025-10-15
37999,Kumar,a/l Muniandy,Male,011-2724317,1968-02-29,kumar37999@gmail.com,Silver,"No. 121, Jalan B16",Setapak,Federal Territory of Kuala Lumpur,53200,2025-10-15
38000,Anisa,binti Rahman,Female,016-6110489,1981-10-15,anisa38000@gmail.com,Bronze,"No. 4, Jalan G5",Wangsa Maju,Federal Territory of Kuala Lumpur,53300,2025-10-15
38001,Nadia,binti Ahmad,Female,012-7363175,1966-12-11,nadia38001@gmail.com,Gold,"No. 263, Jalan A13",Gombak,Selangor,53100,2025-10-15
38002,Rajesh,a/l Subramaniam,Male,016-8769734,1995-01-05,rajesh38002@gmail.com,Bronze,"No. 1, Jalan F18",Taiping,Perak,34000,2025-10-15
38003,Nurin,binti Hamid,Female,010-2893927,2006-09-25,nurin38003@gmail.com,Bronze,"No. 126, Jalan A19",Nilai,Negeri Sembilan,71760,2025-10-15
38004,Hannah,binti Ahmad,Female,016-6629043,1973-06-26,hannah38004@gmail.com,Bronze,"No. 266, Jalan A11",Nilai,Negeri Sembilan,71800,2025-10-15
38005,Kavitha,a/p Rajan,Female,018-2800303,1975-11-29,kavitha38005@gmail.com,Bronze,"No. 181, Jalan F17",Seremban,Negeri Sembilan,70100,2025-10-15
38006,Balqis,binti Rahman,Female,018-4812357,1991-05-09,balqis38006@gmail.com,Bronze,"No. 75, Jalan G20",Seremban,Negeri Sembilan,70300,2025-10-15
38007,Aina,binti Yusof,Female,017-4064254,2004-10-02,aina38007@gmail.com,Bronze,"No. 32, Jalan E12",Shah Alam,Selangor,40000,2025-10-15
38008,Yee Ling,Yap,Female,013-1060078,1996-05-19,yee38008@gmail.com,Bronze,"No. 278, Jalan A10",Subang Jaya,Selangor,47600,2025-10-15
38009,Faizal,bin Yusof,Male,012-1717267,1971-02-12,faizal38009@gmail.com,Bronze,"No. 133, Jalan G14",Petaling Jaya,Selangor,46000,2025-10-16
38010,Anjali,a/p Ramasamy,Female,018-9672683,1966-01-13,anjali38010@gmail.com,Silver,"No. 151, Jalan B11",Puchong,Selangor,47180,2025-10-16
38011,Aina,binti Yusof,Female,012-3680957,2000-02-03,aina38011@gmail.com,Bronze,"No. 169, Jalan A19",Johor Bahru,Johor,81100,2025-10-16
38012,Danial,bin Hamid,Male,015-2531366,1978-02-08,danial38012@gmail.com,Bronze,"No. 61, Jalan C6",Johor Bahru,Johor,80200,2025-10-16
38013,Balqis,binti Abdullah,Female,014-1959485,1972-12-19,balqis38013@gmail.com,Bronze,"No. 288, Jalan A2",Selayang,Selangor,68000,2025-10-16
38014,Firdaus,bin Ismail,Male,010-3929285,1970-03-05,firdaus38014@gmail.com,Bronze,"No. 72, Jalan E11",Shah Alam,Selangor,40400,2025-10-16
38015,Chloe,Chin,Female,014-9061965,2007-08-29,chloe38015@gmail.com,Silver,"No. 229, Jalan D11",Klang,Selangor,41050,2025-10-16
38016,Nurin,binti Hamid,Female,014-5338536,1965-11-13,nurin38016@gmail.com,Bronze,"No. 136, Jalan E9",Selayang,Selangor,68000,2025-10-16
38017,Divya,a/p Rajan,Female,012-4446809,1981-11-08,divya38017@gmail.com,Bronze,"No. 98, Jalan B4",Selayang,Selangor,68000,2025-10-16
38018,Rajesh,a/l Subramaniam,Male,019-8472411,1997-10-28,rajesh38018@gmail.com,Bronze,"No. 226, Jalan C7",Setapak,Federal Territory of Kuala Lumpur,53200,2025-10-16
38019,Aina,binti Yusof,Female,018-3911227,1991-10-27,aina38019@gmail.com,Gold,"No. 283, Jalan G18",Setapak,Federal Territory of Kuala Lumpur,53000,2025-10-16
38020,Nurul Huda,binti Hamid,Female,018-6473314,2004-12-26,nurul38020@gmail.com,Bronze,"No. 172, Jalan D20",Wangsa Maju,Federal Territory of Kuala Lumpur,53200,2025-10-16
38021,Amirul,bin Hamid,Male,019-6869248,1997-03-12,amirul38021@gmail.com,Bronze,"No. 37, Jalan G5",Wangsa Maju,Federal Territory of Kuala Lumpur,53200,2025-10-16
38022,Nurin,binti Rahman,Female,010-8961625,1995-11-06,nurin38022@gmail.com,Silver,"No. 178, Jalan C15",Wangsa Maju,Federal Territory of Kuala Lumpur,53300,2025-10-16
38023,Zhi Wei,Liew,Male,018-9870985,1986-04-05,zhi38023@gmail.com,Silver,"No. 138, Jalan C11",Seremban,Negeri Sembilan,70300,2025-10-16
38024,Haziq,bin Yusof,Male,012-2561986,1984-11-14,haziq38024@gmail.com,Bronze,"No. 108, Jalan B17",Seremban,Negeri Sembilan,70300,2025-10-16
38025,Izzati,binti Yusof,Female,017-8084685,1969-06-20,izzati38025@gmail.com,Silver,"No. 84, Jalan B11",Kuantan,Pahang,26060,2025-10-16
38026,Sharmila,a/p Maniam,Female,019-4826067,2001-06-12,sharmila38026@gmail.com,Bronze,"No. 276, Jalan C16",Kajang,Selangor,43200,2025-10-16
38027,Haziq,bin Abdullah,Male,012-8809099,2001-03-24,haziq38027@gmail.com,Bronze,"No. 60, Jalan D3",Wangsa Maju,Federal Territory of Kuala Lumpur,53100,2025-10-16
38028,Suhaila,binti Razak,Female,011-8732560,1973-08-03,suhaila38028@gmail.com,Gold,"No. 76, Jalan C14",Kajang,Selangor,43200,2025-10-16
38029,Fatimah,binti Zainal,Female,012-1613346,1993-10-29,fatimah38029@gmail.com,Silver,"No. 275, Jalan A3",Gombak,Selangor,53100,2025-10-16
38030,Rajesh,a/l Maniam,Male,013-1585633,1967-02-15,rajesh38030@gmail.com,Bronze,"No. 189, Jalan D7",Kajang,Selangor,43000,2025-10-16
38031,Pei Shan,Lim,Female,011-8622457,1984-12-23,pei38031@gmail.com,Silver,"No. 139, Jalan A3",Bukit Jalil,Federal Territory of Kuala Lumpur,57100,2025-10-16
38032,Nurul Huda,binti Yusof,Female,017-7874636,1992-12-28,nurul38032@gmail.com,Platinum,"No. 79, Jalan C10",Kuala Lumpur,Federal Territory of Kuala Lumpur,50480,2025-10-17
38033,Divya,a/p Subramaniam,Female,013-3127669,1965-09-01,divya38033@gmail.com,Silver,"No. 27, Jalan D10",Setapak,Federal Territory of Kuala Lumpur,53200,2025-10-17
38034,Amirul,bin Abdullah,Male,014-7877471,1968-07-08,amirul38034@gmail.com,Silver,"No. 185, Jalan D2",Petaling Jaya,Selangor,46000,2025-10-17
38035,Zhi Wei,Khoo,Male,017-3438470,1999-10-03,zhi38035@gmail.com,Bronze,"No. 217, Jalan D8",Petaling Jaya,Selangor,47301,2025-10-17
38036,Vikram,a/l Subramaniam,Male,015-8597409,1976-01-10,vikram38036@gmail.com,Bronze,"No. 15, Jalan D5",Petaling Jaya,Selangor,47400,2025-10-17
38037,Hannah,binti Ahmad,Female,019-6228235,1990-09-21,hannah38037@gmail.com,Bronze,"No. 223, Jalan E6",Petaling Jaya,Selangor,46100,2025-10-17
38038,Kok Wai,Ong,Male,017-5224103,1983-11-29,kok38038@gmail.com,Bronze,"No. 146, Jalan A9",Johor Bahru,Johor,80350,2025-10-17
38039,Amirul,bin Razak,Male,016-8183954,1978-10-27,amirul38039@gmail.com,Gold,"No. 183, Jalan E4",Subang Jaya,Selangor,47500,2025-10-17
38040,Aina,binti Hassan,Female,017-8355279,2003-12-21,aina38040@gmail.com,Bronze,"No. 117, Jalan D1",George Town,Pulau Pinang,10200,2025-10-17
38041,Alia,binti Hassan,Female,018-2810433,1981-01-26,alia38041@gmail.com,Bronze,"No. 129, Jalan B13",Shah Alam,Selangor,40200,2025-10-17
38042,Anjali,a/p Krishnan,Female,015-6585233,1974-02-08,anjali38042@gmail.com,Gold,"No. 25, Jalan B7",Klang,Selangor,41100,2025-10-17
38043,Faizal,bin Zainal,Male,016-9640036,1987-08-30,faizal38043@gmail.com,Bronze,"No. 55, Jalan B15",Sungai Buloh,Selangor,47820,2025-10-17
38044,Anisa,binti Rahman,Female,015-8018500,1968-09-02,anisa38044@gmail.com,Bronze,"No. 265, Jalan B3",Johor Bahru,Johor,80000,2025-10-17
38045,Sze Min,Tan,Female,011-4274635,1976-12-09,sze38045@gmail.com,Silver,"No. 75, Jalan A18",Gombak,Selangor,53000,2025-10-17
38046,Aina,binti Hassan,Female,017-3861904,1983-10-23,aina38046@gmail.com,Bronze,"No. 157, Jalan B8",Gombak,Selangor,68100,2025-10-17
38047,Firdaus,bin Yusof,Male,019-2046122,1970-05-16,firdaus38047@gmail.com,Bronze,"No. 214, Jalan F17",Selayang,Selangor,68100,2025-10-17
38048,Hafiz,bin Abdullah,Male,017-1699309,1993-09-03,hafiz38048@gmail.com,Silver,"No. 6, Jalan E12",Setapak,Federal Territory of Kuala Lumpur,53000,2025-10-17
38049,Jia Yi,Chan,Female,017-9375125,1965-03-13,jia38049@gmail.com,Bronze,"No. 3, Jalan C6",Seremban,Negeri Sembilan,70100,2025-10-17
38050,Siti,binti Rahman,Female,018-9039722,1973-01-30,siti38050@gmail.com,Bronze,"No. 275, Jalan B13",Seremban,Negeri Sembilan,70450,2025-10-17
38051,Kavitha,a/p Muniandy,Female,010-6908524,1977-08-18,kavitha38051@gmail.com,Platinum,"No. 243, Jalan B5",Subang Jaya,Selangor,47620,2025-10-17
38052,Sze Min,Teoh,Female,016-3181429,1973-12-05,sze38052@gmail.com,Silver,"No. 19, Jalan G16",Subang Jaya,Selangor,47650,2025-10-17
38053,Hui Min,Lee,Female,012-2658140,1971-03-09,hui38053@gmail.com,Gold,"No. 42, Jalan E16",Bukit Jalil,Federal Territory of Kuala Lumpur,57100,2025-10-17
38054,Balqis,binti Ismail,Female,016-4857172,1976-10-06,balqis38054@gmail.com,Bronze,"No. 146, Jalan G9",Kuala Lumpur,Federal Territory of Kuala Lumpur,59000,2025-10-18
38055,Daniel,Liew,Male,015-4628589,1973-05-19,daniel38055@gmail.com,Silver,"No. 212, Jalan E17",Kuala Lumpur,Federal Territory of Kuala Lumpur,50450,2025-10-18
38056,Meena,a/p Ramasamy,Female,013-2812296,1975-09-08,meena38056@gmail.com,Silver,"No. 140, Jalan G3",Petaling Jaya,Selangor,47810,2025-10-18
38057,Danial,bin Abdullah,Male,018-8433655,1990-05-14,danial38057@gmail.com,Bronze,"No. 88, Jalan B7",Johor Bahru,Johor,80100,2025-10-18
38058,Shalini,a/p Subramaniam,Female,014-4331633,1991-12-24,shalini38058@gmail.com,Bronze,"No. 8, Jalan D4",Johor Bahru,Johor,81300,2025-10-18
38059,Nadia,binti Zainal,Female,015-4365952,1997-03-10,nadia38059@gmail.com,Silver,"No. 179, Jalan G3",Johor Bahru,Johor,81100,2025-10-18
38060,Ganesh,a/l Krishnan,Male,010-7640445,1972-01-12,ganesh38060@gmail.com,Platinum,"No. 105, Jalan A20",George Town,Pulau Pinang,10250,2025-10-18
38061,Farah,binti Ahmad,Female,015-4568354,1985-03-03,farah38061@gmail.com,Bronze,"No. 295, Jalan E4",George Town,Pulau Pinang,10200,2025-10-18
38062,Rohani,binti Abdullah,Female,014-1009397,1983-09-22,rohani38062@gmail.com,Bronze,"No. 262, Jalan D1",George Town,Pulau Pinang,10200,2025-10-18
38063,Zulkifli,bin Hassan,Male,011-2369690,1977-09-10,zulkifli38063@gmail.com,Silver,"No. 54, Jalan F6",Shah Alam,Selangor,40100,2025-10-18
38064,Mei Ling,Lim,Female,011-1316389,1983-02-17,mei38064@gmail.com,Silver,"No. 16, Jalan F2",Shah Alam,Selangor,40100,2025-10-18
38065,Danial,bin Ahmad,Male,010-9098105,1992-12-09,danial38065@gmail.com,Gold,"No. 185, Jalan G13",Shah Alam,Selangor,40400,2025-10-18
38066,Farah,binti Razak,Female,019-8164756,1982-07-05,farah38066@gmail.com,Silver,"No. 290, Jalan G6",Shah Alam,Selangor,40450,2025-10-18
38067,Amelia,binti Zainal,Female,010-1577993,1977-11-13,amelia38067@gmail.com,Bronze,"No. 142, Jalan F12",Klang,Selangor,41100,2025-10-18
38068,Firdaus,bin Hassan,Male,015-1988729,1986-07-29,firdaus38068@gmail.com,Gold,"No. 89, Jalan C16",Puchong,Selangor,47120,2025-10-18
38069,Nur Aina,binti Razak,Female,011-3228743,2006-03-23,nur38069@gmail.com,Bronze,"No. 34, Jalan D15",Puchong,Selangor,47100,2025-10-18
38070,Faizal,bin Yusof,Male,017-6478821,1983-04-12,faizal38070@gmail.com,Silver,"No. 255, Jalan D18",Kajang,Selangor,43100,2025-10-18
38071,Xin Yi,Yap,Female,017-8063471,1975-12-25,xin38071@gmail.com,Bronze,"No. 61, Jalan B14",Klang,Selangor,41000,2025-10-18
38072,Arjun,a/l Maniam,Male,016-4567294,2003-10-12,arjun38072@gmail.com,Bronze,"No. 74, Jalan E4",Selayang,Selangor,68100,2025-10-18
38073,Amelia,binti Razak,Female,018-1006397,1972-05-04,amelia38073@gmail.com,Bronze,"No. 172, Jalan E15",Setapak,Federal Territory of Kuala Lumpur,53100,2025-10-18
38074,Balqis,binti Yusof,Female,014-6781885,1996-09-02,balqis38074@gmail.com,Bronze,"No. 277, Jalan C14",Setapak,Federal Territory of Kuala Lumpur,53300,2025-10-18
38075,Emily,Ng,Female,011-9233754,1990-02-05,emily38075@gmail.com,Bronze,"No. 45, Jalan D15",Kepong,Federal Territory of Kuala Lumpur,52100,2025-10-18
38076,Nadia,binti Yusof,Female,016-6235077,1977-07-17,nadia38076@gmail.com,Bronze,"No. 73, Jalan C6",Ampang,Selangor,55100,2025-10-18
38077,Daniel,Chin,Male,012-8497474,1965-09-02,daniel38077@gmail.com,Silver,"No. 25, Jalan G10",Ipoh,Perak,30250,2025-10-18
38078,Nur Aina,binti Ahmad,Female,013-7419271,1990-04-25,nur38078@gmail.com,Bronze,"No. 92, Jalan F15",Seremban,Negeri Sembilan,70200,2025-10-18
38079,Kumar,a/l Krishnan,Male,010-1247736,2001-02-10,kumar38079@gmail.com,Bronze,"No. 26, Jalan D14",Kuantan,Pahang,26060,2025-10-18
38080,Michelle,Chin,Female,013-7601452,1973-02-26,michelle38080@gmail.com,Silver,"No. 72, Jalan B14",Subang Jaya,Selangor,47630,2025-10-18
38081,Zarina,binti Ismail,Female,015-2298047,1976-07-17,zarina38081@gmail.com,Bronze,"No. 105, Jalan D5",Bukit Jalil,Federal Territory of Kuala Lumpur,58200,2025-10-18
38082,Rohani,binti Osman,Female,012-6791405,1975-08-14,rohani38082@gmail.com,Gold,"No. 260, Jalan G9",Kuala Lumpur,Federal Territory of Kuala Lumpur,55200,2025-10-19
38083,Adam,bin Osman,Male,010-7366652,1972-06-30,adam38083@gmail.com,Bronze,"No. 247, Jalan A9",Kuala Lumpur,Federal Territory of Kuala Lumpur,50000,2025-10-19
38084,Lakshmi,a/p Ramasamy,Female,015-5713328,1981-04-06,lakshmi38084@gmail.com,Gold,"No. 144, Jalan B1",Kepong,Federal Territory of Kuala Lumpur,51200,2025-10-19
38085,Amelia,binti Razak,Female,016-1847473,1994-10-06,amelia38085@gmail.com,Silver,"No. 118, Jalan A2",Bukit Jalil,Federal Territory of Kuala Lumpur,58200,2025-10-19
38086,Farah,binti Ahmad,Female,018-6499244,1994-11-27,farah38086@gmail.com,Silver,"No. 269, Jalan D15",Petaling Jaya,Selangor,46100,2025-10-19
38087,Nurul Huda,binti Hassan,Female,017-3558513,2004-10-02,nurul38087@gmail.com,Bronze,"No. 33, Jalan C14",Kulai,Johor,81030,2025-10-19
38088,Thivya,a/p Rajan,Female,010-8997595,1990-11-02,thivya38088@gmail.com,Bronze,"No. 176, Jalan A20",George Town,Pulau Pinang,10250,2025-10-19
38089,Haziq,bin Zainal,Male,019-9261509,1988-09-05,haziq38089@gmail.com,Silver,"No. 240, Jalan C15",George Town,Pulau Pinang,10450,2025-10-19
38090,Chloe,Liew,Female,016-8845826,2004-02-22,chloe38090@gmail.com,Silver,"No. 59, Jalan G1",George Town,Pulau Pinang,10400,2025-10-19
38091,Shalini,a/p Krishnan,Female,012-8580384,1990-11-01,shalini38091@gmail.com,Silver,"No. 62, Jalan A16",Melaka,Melaka,75200,2025-10-19
38092,Wan Ying,Goh,Female,017-7657488,1983-01-18,wan38092@gmail.com,Silver,"No. 229, Jalan D8",Sungai Buloh,Selangor,47810,2025-10-19
38093,Amirul,bin Hamid,Male,011-2910951,2006-03-15,amirul38093@gmail.com,Bronze,"No. 279, Jalan A16",Gombak,Selangor,53000,2025-10-19
38094,Rajesh,a/l Subramaniam,Male,013-6685331,1977-11-15,rajesh38094@gmail.com,Bronze,"No. 110, Jalan A3",Gombak,Selangor,53100,2025-10-19
38095,Michelle,Foo,Female,016-8206588,1997-10-03,michelle38095@gmail.com,Bronze,"No. 201, Jalan F10",Gombak,Selangor,53100,2025-10-19
38096,Priya,a/p Ramasamy,Female,018-7194756,2000-02-01,priya38096@gmail.com,Bronze,"No. 247, Jalan G13",Kuantan,Pahang,25050,2025-10-19
38097,Siti,binti Abdullah,Female,019-6628195,2002-06-01,siti38097@gmail.com,Bronze,"No. 82, Jalan D4",Bukit Jalil,Federal Territory of Kuala Lumpur,58200,2025-10-19
38098,Ravi,a/l Muniandy,Male,017-6851407,1984-01-01,ravi38098@gmail.com,Gold,"No. 157, Jalan B3",Bukit Jalil,Federal Territory of Kuala Lumpur,57100,2025-10-19
38099,Zulkifli,bin Osman,Male,015-2095543,1976-03-23,zulkifli38099@gmail.com,Bronze,"No. 189, Jalan A18",Kuala Lumpur,Federal Territory of Kuala Lumpur,50000,2025-10-20
38100,Yasmin,binti Razak,Female,010-7563134,1967-03-31,yasmin38100@gmail.com,Bronze,"No. 257, Jalan B12",Kuala Lumpur,Federal Territory of Kuala Lumpur,59000,2025-10-20
38101,Grace,Chan,Female,017-1685378,2006-05-21,grace38101@gmail.com,Silver,"No. 136, Jalan C19",Petaling Jaya,Selangor,46050,2025-10-20
38102,Anjali,a/p Muniandy,Female,015-8340026,1988-02-28,anjali38102@gmail.com,Silver,"No. 182, Jalan A11",Petaling Jaya,Selangor,47810,2025-10-20
38103,Balqis,binti Hamid,Female,019-2811660,1980-11-29,balqis38103@gmail.com,Bronze,"No. 281, Jalan G15",George Town,Pulau Pinang,10450,2025-10-20
38104,Hui Min,Chua,Female,016-4303944,1964-06-22,hui38104@gmail.com,Gold,"No. 288, Jalan D18",George Town,Pulau Pinang,10050,2025-10-20
38105,Nur Aina,binti Yusof,Female,018-8867161,1989-06-17,nur38105@gmail.com,Silver,"No. 144, Jalan G4",Sungai Buloh,Selangor,47810,2025-10-20
38106,Yee Ling,Chong,Female,011-7294406,1985-01-10,yee38106@gmail.com,Silver,"No. 156, Jalan E8",Klang,Selangor,42100,2025-10-20
38107,Fatimah,binti Abdullah,Female,017-3784553,1964-04-07,fatimah38107@gmail.com,Gold,"No. 257, Jalan G10",Shah Alam,Selangor,40450,2025-10-20
38108,Aiman,bin Rahman,Male,012-1731305,1992-10-14,aiman38108@gmail.com,Bronze,"No. 45, Jalan D3",Kepong,Federal Territory of Kuala Lumpur,52000,2025-10-20
38109,Izzati,binti Yusof,Female,011-3985898,1998-12-12,izzati38109@gmail.com,Bronze,"No. 11, Jalan F8",Bukit Jalil,Federal Territory of Kuala Lumpur,57000,2025-10-20
38110,Farah,binti Hassan,Female,017-2953303,1979-11-04,farah38110@gmail.com,Silver,"No. 82, Jalan F9",Puchong,Selangor,47130,2025-10-20
38111,Irfan,bin Hassan,Male,012-5970832,2004-12-25,irfan38111@gmail.com,Bronze,"No. 61, Jalan C10",Subang Jaya,Selangor,47500,2025-10-20
38112,Farah,binti Osman,Female,017-4134345,1981-12-09,farah38112@gmail.com,Bronze,"No. 56, Jalan C11",Bukit Jalil,Federal Territory of Kuala Lumpur,57100,2025-10-20
38113,Vikram,a/l Rajan,Male,013-3399834,1996-07-27,vikram38113@gmail.com,Bronze,"No. 116, Jalan A17",Kuala Lumpur,Federal Territory of Kuala Lumpur,58000,2025-10-21
38114,Aiman,bin Hassan,Male,016-3991363,1969-08-12,aiman38114@gmail.com,Silver,"No. 211, Jalan D18",Kuala Lumpur,Federal Territory of Kuala Lumpur,59200,2025-10-21
38115,Nadia,binti Hassan,Female,015-5078410,1977-07-22,nadia38115@gmail.com,Bronze,"No. 65, Jalan F6",Petaling Jaya,Selangor,47400,2025-10-21
38116,Jian Ming,Yap,Male,015-8046344,1989-12-28,jian38116@gmail.com,Bronze,"No. 145, Jalan F4",Petaling Jaya,Selangor,47400,2025-10-21
38117,Irfan,bin Ahmad,Male,015-2008032,1994-07-04,irfan38117@gmail.com,Bronze,"No. 237, Jalan E4",George Town,Pulau Pinang,10450,2025-10-21
38118,Sze Min,Goh,Female,013-4098784,1999-11-28,sze38118@gmail.com,Bronze,"No. 87, Jalan E17",Shah Alam,Selangor,40300,2025-10-21
38119,Vikram,a/l Muniandy,Male,012-7224159,1993-06-01,vikram38119@gmail.com,Bronze,"No. 59, Jalan F14",Shah Alam,Selangor,40450,2025-10-21
38120,Pei Shan,Ng,Female,014-2498397,1987-07-08,pei38120@gmail.com,Silver,"No. 48, Jalan D6",Selayang,Selangor,68000,2025-10-21
38121,Siti,binti Yusof,Female,016-2302691,1998-11-22,siti38121@gmail.com,Bronze,"No. 160, Jalan E12",Setapak,Federal Territory of Kuala Lumpur,53100,2025-10-21
38122,Li Wen,Ong,Female,016-1113214,1975-12-30,li38122@gmail.com,Bronze,"No. 125, Jalan F18",Wangsa Maju,Federal Territory of Kuala Lumpur,53100,2025-10-21
38123,Aiman,bin Ahmad,Male,019-8646266,1997-05-25,aiman38123@gmail.com,Bronze,"No. 185, Jalan A13",Kuantan,Pahang,25250,2025-10-21
38124,Priya,a/p Maniam,Female,012-9959207,1990-07-11,priya38124@gmail.com,Bronze,"No. 192, Jalan G9",Subang Jaya,Selangor,47650,2025-10-21
38125,Anisa,binti Ismail,Female,011-4609066,1978-09-05,anisa38125@gmail.com,Silver,"No. 140, Jalan B4",Kuala Lumpur,Federal Territory of Kuala Lumpur,55200,2025-10-22
38126,Jasmine,Ong,Female,011-5807166,1966-02-18,jasmine38126@gmail.com,Bronze,"No. 95, Jalan E4",Kuala Lumpur,Federal Territory of Kuala Lumpur,56000,2025-10-22
38127,Aina,binti Hassan,Female,011-8439369,2005-04-27,aina38127@gmail.com,Bronze,"No. 21, Jalan F3",Petaling Jaya,Selangor,47810,2025-10-22
38128,Faizal,bin Hamid,Male,018-7146351,1977-02-08,faizal38128@gmail.com,Silver,"No. 131, Jalan G3",George Town,Pulau Pinang,10300,2025-10-22
38129,Danial,bin Ismail,Male,016-2834460,1969-06-22,danial38129@gmail.com,Bronze,"No. 253, Jalan A8",George Town,Pulau Pinang,10300,2025-10-22
38130,Adam,bin Razak,Male,010-5322879,1999-04-09,adam38130@gmail.com,Silver,"No. 77, Jalan F2",George Town,Pulau Pinang,10300,2025-10-22
38131,Aiman,bin Razak,Male,018-8543781,1989-10-03,aiman38131@gmail.com,Bronze,"No. 184, Jalan B16",Kuantan,Pahang,25300,2025-10-22
38132,Siti,binti Yusof,Female,019-9631319,1971-09-25,siti38132@gmail.com,Silver,"No. 24, Jalan E18",Klang,Selangor,41050,2025-10-22
38133,Kai Xin,Chan,Female,010-7781941,2002-07-31,kai38133@gmail.com,Silver,"No. 193, Jalan A13",Klang,Selangor,41000,2025-10-22
38134,Zhi Wei,Khoo,Male,018-9937022,1981-06-26,zhi38134@gmail.com,Platinum,"No. 4, Jalan D15",Puchong,Selangor,47150,2025-10-22
38135,Yasmin,binti Hamid,Female,018-5807230,2006-10-11,yasmin38135@gmail.com,Bronze,"No. 109, Jalan C8",Puchong,Selangor,47170,2025-10-22
38136,Anisa,binti Hassan,Female,016-5987291,1982-08-01,anisa38136@gmail.com,Bronze,"No. 237, Jalan C15",Selayang,Selangor,68000,2025-10-22
38137,Hafiz,bin Ahmad,Male,018-4730314,2006-02-24,hafiz38137@gmail.com,Silver,"No. 250, Jalan C9",Selayang,Selangor,68000,2025-10-22
38138,Jasmine,Wong,Female,016-5421863,1992-05-21,jasmine38138@gmail.com,Platinum,"No. 22, Jalan E6",Wangsa Maju,Federal Territory of Kuala Lumpur,53300,2025-10-22
38139,Aisyah,binti Yusof,Female,018-3970752,2004-12-17,aisyah38139@gmail.com,Bronze,"No. 268, Jalan B10",Ipoh,Perak,30300,2025-10-22
38140,Daniel,Loh,Male,018-4984786,1982-07-04,daniel38140@gmail.com,Bronze,"No. 1, Jalan C17",Ipoh,Perak,31350,2025-10-22
38141,Meena,a/p Krishnan,Female,013-5588046,1998-01-05,meena38141@gmail.com,Gold,"No. 88, Jalan E20",Kuantan,Pahang,25300,2025-10-22
38142,Amirul,bin Yusof,Male,013-5676636,2000-06-27,amirul38142@gmail.com,Gold,"No. 48, Jalan D1",Kajang,Selangor,43200,2025-10-22
38143,Hannah,binti Hassan,Female,019-5651964,1992-07-03,hannah38143@gmail.com,Silver,"No. 210, Jalan B3",Kuala Lumpur,Federal Territory of Kuala Lumpur,58000,2025-10-23
38144,Shu Fen,Ng,Female,013-8183000,1989-10-12,shu38144@gmail.com,Bronze,"No. 178, Jalan C16",Kuala Lumpur,Federal Territory of Kuala Lumpur,57000,2025-10-23
38145,Daniel,Wong,Male,013-5470542,1976-02-21,daniel38145@gmail.com,Silver,"No. 126, Jalan C12",Kuala Lumpur,Federal Territory of Kuala Lumpur,57000,2025-10-23
38146,Haziq,bin Yusof,Male,016-7505497,1986-02-14,haziq38146@gmail.com,Bronze,"No. 260, Jalan F18",Petaling Jaya,Selangor,46000,2025-10-23
38147,Shalini,a/p Muniandy,Female,011-3959157,1994-07-27,shalini38147@gmail.com,Bronze,"No. 135, Jalan F12",Johor Bahru,Johor,80200,2025-10-23
38148,Alia,binti Osman,Female,012-9404703,1980-09-02,alia38148@gmail.com,Bronze,"No. 109, Jalan E15",Kulai,Johor,81000,2025-10-23
38149,Izzati,binti Ismail,Female,011-2868148,1986-04-27,izzati38149@gmail.com,Silver,"No. 292, Jalan A9",Melaka,Melaka,75350,2025-10-23
38150,Farah,binti Rahman,Female,017-4793165,2007-07-12,farah38150@gmail.com,Bronze,"No. 102, Jalan C12",Selayang,Selangor,68100,2025-10-23
38151,Zulkifli,bin Ahmad,Male,013-6528599,1987-05-11,zulkifli38151@gmail.com,Bronze,"No. 274, Jalan C16",Sungai Buloh,Selangor,47820,2025-10-23
38152,Nur Aina,binti Rahman,Female,019-6914587,1977-09-28,nur38152@gmail.com,Silver,"No. 286, Jalan E11",Klang,Selangor,41250,2025-10-23
38153,Anisa,binti Ahmad,Female,019-5679339,2001-04-16,anisa38153@gmail.com,Bronze,"No. 55, Jalan B14",Selayang,Selangor,68100,2025-10-23
38154,Arjun,a/l Ramasamy,Male,016-5378521,1995-08-11,arjun38154@gmail.com,Silver,"No. 257, Jalan B15",Klang,Selangor,41000,2025-10-23
38155,Rohani,binti Hassan,Female,015-1622142,1969-08-27,rohani38155@gmail.com,Bronze,"No. 76, Jalan B20",Bukit Jalil,Federal Territory of Kuala Lumpur,57000,2025-10-23
38156,Wei Jie,Chin,Male,018-1207005,1977-08-24,wei38156@gmail.com,Gold,"No. 19, Jalan F1",Kepong,Federal Territory of Kuala Lumpur,52100,2025-10-23
38157,Shu Fen,Yeoh,Female,017-9790208,2001-01-09,shu38157@gmail.com,Platinum,"No. 298, Jalan F16",Ipoh,Perak,30300,2025-10-23
38158,Nabila,binti Ahmad,Female,011-6583257,1979-11-26,nabila38158@gmail.com,Bronze,"No. 225, Jalan G10",Seremban,Negeri Sembilan,70200,2025-10-23
38159,Amirul,bin Osman,Male,015-7241738,2006-12-08,amirul38159@gmail.com,Gold,"No. 246, Jalan E12",Seremban,Negeri Sembilan,70300,2025-10-23
38160,Rohani,binti Hassan,Female,011-5227046,1972-04-28,rohani38160@gmail.com,Silver,"No. 230, Jalan B7",Seremban,Negeri Sembilan,70100,2025-10-23
38161,Aisyah,binti Ismail,Female,017-6440076,1998-12-15,aisyah38161@gmail.com,Silver,"No. 202, Jalan C2",Temerloh,Pahang,28400,2025-10-23
38162,Yong Sheng,Chua,Male,016-2262158,1965-06-29,yong38162@gmail.com,Bronze,"No. 81, Jalan E14",Subang Jaya,Selangor,47620,2025-10-23
38163,Amirul,bin Ismail,Male,019-9523807,1973-07-18,amirul38163@gmail.com,Bronze,"No. 189, Jalan F2",Kuala Lumpur,Federal Territory of Kuala Lumpur,59200,2025-10-24
38164,Rachel,Liew,Female,018-4253198,1972-03-21,rachel38164@gmail.com,Bronze,"No. 267, Jalan G20",Kepong,Federal Territory of Kuala Lumpur,52100,2025-10-24
38165,Faizal,bin Zainal,Male,012-9100900,1989-06-26,faizal38165@gmail.com,Silver,"No. 272, Jalan D14",Petaling Jaya,Selangor,47800,2025-10-24
38166,Alia,binti Zainal,Female,012-8507273,2007-05-27,alia38166@gmail.com,Gold,"No. 144, Jalan C1",Petaling Jaya,Selangor,46050,2025-10-24
38167,Meena,a/p Muniandy,Female,016-1269388,1988-07-25,meena38167@gmail.com,Gold,"No. 223, Jalan D6",Petaling Jaya,Selangor,47300,2025-10-24
38168,Zarina,binti Hamid,Female,019-6533354,1973-01-12,zarina38168@gmail.com,Bronze,"No. 62, Jalan D16",Petaling Jaya,Selangor,46050,2025-10-24
38169,Yee Ling,Yeoh,Female,010-9048678,1979-01-31,yee38169@gmail.com,Silver,"No. 175, Jalan C14",Johor Bahru,Johor,80300,2025-10-24
38170,Aisyah,binti Hassan,Female,018-4966404,1965-06-09,aisyah38170@gmail.com,Bronze,"No. 254, Jalan G19",Johor Bahru,Johor,81200,2025-10-24
38171,Irfan,bin Abdullah,Male,018-7169563,1967-10-02,irfan38171@gmail.com,Gold,"No. 196, Jalan A4",Johor Bahru,Johor,80300,2025-10-24
38172,Jian Ming,Chan,Male,013-3205414,1994-06-28,jian38172@gmail.com,Bronze,"No. 153, Jalan B6",Sungai Buloh,Selangor,47810,2025-10-24
38173,Zhi Wei,Loh,Male,017-6465837,1987-06-12,zhi38173@gmail.com,Platinum,"No. 240, Jalan G13",Klang,Selangor,41100,2025-10-24
38174,Hannah,binti Yusof,Female,016-2678629,2002-06-26,hannah38174@gmail.com,Gold,"No. 46, Jalan G20",Sungai Buloh,Selangor,47000,2025-10-24
38175,Deepa,a/p Muniandy,Female,018-7912379,1973-12-06,deepa38175@gmail.com,Silver,"No. 67, Jalan C13",Melaka,Melaka,75200,2025-10-24
38176,Syafiq,bin Osman,Male,010-4675468,2006-06-19,syafiq38176@gmail.com,Silver,"No. 46, Jalan G5",Kuantan,Pahang,25200,2025-10-24
38177,Izzati,binti Yusof,Female,011-3991539,1969-09-07,izzati38177@gmail.com,Bronze,"No. 130, Jalan D14",Subang Jaya,Selangor,47500,2025-10-24
38178,Nadia,binti Yusof,Female,019-5976289,1987-11-05,nadia38178@gmail.com,Silver,"No. 31, Jalan E13",Bukit Jalil,Federal Territory of Kuala Lumpur,58200,2025-10-25
38179,Vanessa,Liew,Female,011-3490053,1977-06-26,vanessa38179@gmail.com,Silver,"No. 145, Jalan E5",Kuala Lumpur,Federal Territory of Kuala Lumpur,55200,2025-10-25
38180,Hui Min,Chua,Female,018-4374255,1972-01-09,hui38180@gmail.com,Silver,"No. 119, Jalan B9",Kepong,Federal Territory of Kuala Lumpur,51200,2025-10-25
38181,Zheng Yang,Ng,Male,014-4557419,1995-07-09,zheng38181@gmail.com,Bronze,"No. 211, Jalan D16",Kuala Lumpur,Federal Territory of Kuala Lumpur,55100,2025-10-25
38182,Thivya,a/p Maniam,Female,019-2440724,2006-12-05,thivya38182@gmail.com,Bronze,"No. 272, Jalan C11",Selayang,Selangor,68000,2025-10-25
38183,Syafiq,bin Rahman,Male,018-8235335,1973-07-16,syafiq38183@gmail.com,Gold,"No. 149, Jalan G1",Johor Bahru,Johor,80300,2025-10-25
38184,Sze Min,Liew,Female,018-5930047,1995-11-04,sze38184@gmail.com,Platinum,"No. 156, Jalan E8",Johor Bahru,Johor,81300,2025-10-25
38185,Yee Ling,Cheah,Female,011-4335262,1985-09-28,yee38185@gmail.com,Bronze,"No. 222, Jalan E19",Johor Bahru,Johor,81100,2025-10-25
38186,Rohani,binti Zainal,Female,019-5790540,2003-01-11,rohani38186@gmail.com,Bronze,"No. 278, Jalan A7",George Town,Pulau Pinang,10350,2025-10-25
38187,Farah,binti Osman,Female,015-1168859,1974-09-05,farah38187@gmail.com,Silver,"No. 23, Jalan C11",George Town,Pulau Pinang,10350,2025-10-25
38188,Adam,bin Hassan,Male,019-4388206,2006-05-07,adam38188@gmail.com,Platinum,"No. 124, Jalan A7",George Town,Pulau Pinang,10200,2025-10-25
38189,Chong Wei,Goh,Male,019-5410085,1983-11-13,chong38189@gmail.com,Silver,"No. 39, Jalan E15",Melaka,Melaka,75350,2025-10-25
38190,Yong Sheng,Khoo,Male,010-9453691,2004-03-28,yong38190@gmail.com,Bronze,"No. 89, Jalan F12",Selayang,Selangor,68000,2025-10-25
38191,Arjun,a/l Maniam,Male,013-5298358,1973-09-26,arjun38191@gmail.com,Bronze,"No. 75, Jalan G10",Setapak,Federal Territory of Kuala Lumpur,53100,2025-10-25
38192,Nabila,binti Hamid,Female,012-1139527,1984-02-02,nabila38192@gmail.com,Bronze,"No. 70, Jalan D10",Setapak,Federal Territory of Kuala Lumpur,53100,2025-10-25
38193,Kai Xin,Yeoh,Female,014-7213622,1975-03-30,kai38193@gmail.com,Gold,"No. 294, Jalan D17",Wangsa Maju,Federal Territory of Kuala Lumpur,53100,2025-10-25
38194,Ravi,a/l Krishnan,Male,012-9110213,1978-12-17,ravi38194@gmail.com,Bronze,"No. 242, Jalan A9",Gombak,Selangor,53000,2025-10-25
38195,Vanessa,Loh,Female,014-8091021,1965-12-18,vanessa38195@gmail.com,Gold,"No. 184, Jalan C10",Ipoh,Perak,30010,2025-10-25
38196,Daniel,Teoh,Male,012-6248198,1986-05-28,daniel38196@gmail.com,Bronze,"No. 152, Jalan A8",Kuantan,Pahang,25300,2025-10-25
38197,Shu Fen,Ng,Female,019-2493525,1984-01-12,shu38197@gmail.com,Silver,"No. 38, Jalan D10",Cyberjaya,Selangor,63000,2025-10-25
38198,Irfan,bin Zainal,Male,018-9720686,1999-01-16,irfan38198@gmail.com,Gold,"No. 164, Jalan A18",Subang Jaya,Selangor,47630,2025-10-25
38199,Rohani,binti Osman,Female,011-2446071,2007-03-20,rohani38199@gmail.com,Silver,"No. 279, Jalan B2",Subang Jaya,Selangor,47620,2025-10-25
38200,Shalini,a/p Rajan,Female,010-8127893,1996-07-30,shalini38200@gmail.com,Bronze,"No. 282, Jalan B10",Kepong,Federal Territory of Kuala Lumpur,51200,2025-10-26
38201,Firdaus,bin Ismail,Male,018-9794511,1986-07-08,firdaus38201@gmail.com,Platinum,"No. 285, Jalan G19",Petaling Jaya,Selangor,47301,2025-10-26
38202,Grace,Chong,Female,019-8365087,1981-03-01,grace38202@gmail.com,Platinum,"No. 146, Jalan G20",Petaling Jaya,Selangor,47400,2025-10-26
38203,Michelle,Ng,Female,011-2342793,1982-11-19,michelle38203@gmail.com,Silver,"No. 184, Jalan F7",Petaling Jaya,Selangor,47810,2025-10-26
38204,Vanessa,Ong,Female,017-7921884,2004-06-17,vanessa38204@gmail.com,Silver,"No. 20, Jalan G15",Petaling Jaya,Selangor,47300,2025-10-26
38205,Irfan,bin Rahman,Male,014-9594498,1965-02-25,irfan38205@gmail.com,Bronze,"No. 90, Jalan E10",Sungai Buloh,Selangor,47810,2025-10-26
38206,Kok Wai,Teoh,Male,015-9337471,1997-12-10,kok38206@gmail.com,Bronze,"No. 248, Jalan A10",Sungai Buloh,Selangor,47820,2025-10-26
38207,Danial,bin Rahman,Male,016-4218828,2006-07-02,danial38207@gmail.com,Bronze,"No. 40, Jalan D7",George Town,Pulau Pinang,10450,2025-10-26
38208,Farah,binti Yusof,Female,010-2357938,1985-01-26,farah38208@gmail.com,Silver,"No. 16, Jalan A6",Johor Bahru,Johor,80200,2025-10-26
38209,Xin Yi,Loh,Female,016-3585022,1975-04-16,xin38209@gmail.com,Gold,"No. 235, Jalan C12",Johor Bahru,Johor,81200,2025-10-26
38210,Izzati,binti Hamid,Female,011-3237774,1984-07-30,izzati38210@gmail.com,Bronze,"No. 92, Jalan C13",George Town,Pulau Pinang,10000,2025-10-26
38211,Wei Jie,Cheah,Male,016-8437217,2001-02-22,wei38211@gmail.com,Bronze,"No. 199, Jalan E3",Melaka,Melaka,75000,2025-10-26
38212,Mei Ling,Ong,Female,016-1461641,1990-07-07,mei38212@gmail.com,Bronze,"No. 105, Jalan C19",Shah Alam,Selangor,40460,2025-10-26
38213,Vikram,a/l Maniam,Male,018-7172159,2007-01-26,vikram38213@gmail.com,Bronze,"No. 120, Jalan F20",Sungai Buloh,Selangor,47810,2025-10-26
38214,Zulkifli,bin Osman,Male,014-8081068,1971-03-24,zulkifli38214@gmail.com,Bronze,"No. 3, Jalan A4",Puchong,Selangor,47190,2025-10-26
38215,Yasmin,binti Hamid,Female,016-3949337,1984-03-21,yasmin38215@gmail.com,Bronze,"No. 13, Jalan G7",Setapak,Federal Territory of Kuala Lumpur,53100,2025-10-26
38216,Sharmila,a/p Subramaniam,Female,015-9701248,1975-12-11,sharmila38216@gmail.com,Silver,"No. 119, Jalan G19",Wangsa Maju,Federal Territory of Kuala Lumpur,53200,2025-10-26
38217,Adam,bin Hassan,Male,017-7420055,1973-08-27,adam38217@gmail.com,Bronze,"No. 19, Jalan E8",Gombak,Selangor,68100,2025-10-26
38218,Sze Min,Chin,Female,016-7324728,2003-08-05,sze38218@gmail.com,Bronze,"No. 71, Jalan A13",Ipoh,Perak,30020,2025-10-26
38219,Haziq,bin Ismail,Male,015-3854343,1987-02-23,haziq38219@gmail.com,Silver,"No. 51, Jalan E7",Kuantan,Pahang,25000,2025-10-26
38220,Wei Jie,Chua,Male,012-7615339,1970-11-06,wei38220@gmail.com,Silver,"No. 117, Jalan F2",Bukit Jalil,Federal Territory of Kuala Lumpur,57000,2025-10-26
38221,Divya,a/p Muniandy,Female,016-9533663,1991-08-16,divya38221@gmail.com,Bronze,"No. 206, Jalan D19",Kajang,Selangor,43200,2025-10-26
38222,Anisa,binti Abdullah,Female,019-1368061,1966-06-19,anisa38222@gmail.com,Bronze,"No. 66, Jalan D16",Bukit Jalil,Federal Territory of Kuala Lumpur,57000,2025-10-26
38223,Zulkifli,bin Razak,Male,011-5490324,2006-10-22,zulkifli38223@gmail.com,Silver,"No. 127, Jalan D13",Setapak,Federal Territory of Kuala Lumpur,53200,2025-10-27
38224,Jasmine,Chan,Female,014-3447604,1966-08-01,jasmine38224@gmail.com,Bronze,"No. 260, Jalan F12",Kuala Lumpur,Federal Territory of Kuala Lumpur,55100,2025-10-27
38225,Faizal,bin Hassan,Male,011-7289917,1985-11-27,faizal38225@gmail.com,Bronze,"No. 164, Jalan A1",Kuala Lumpur,Federal Territory of Kuala Lumpur,57000,2025-10-27
38226,Kok Wai,Chua,Male,018-2794949,1966-01-30,kok38226@gmail.com,Bronze,"No. 84, Jalan D20",Petaling Jaya,Selangor,47800,2025-10-27
38227,Aiman,bin Rahman,Male,011-7579408,1988-05-19,aiman38227@gmail.com,Gold,"No. 64, Jalan C16",Johor Bahru,Johor,81100,2025-10-27
38228,Alia,binti Hamid,Female,013-8683255,1966-05-17,alia38228@gmail.com,Bronze,"No. 106, Jalan C9",Johor Bahru,Johor,81100,2025-10-27
38229,Amelia,binti Hassan,Female,015-2282728,1990-10-11,amelia38229@gmail.com,Bronze,"No. 207, Jalan C1",Johor Bahru,Johor,80000,2025-10-27
38230,Danial,bin Razak,Male,016-8825638,1977-05-25,danial38230@gmail.com,Bronze,"No. 190, Jalan A12",Johor Bahru,Johor,80200,2025-10-27
38231,Zarina,binti Ismail,Female,016-2913272,1998-04-11,zarina38231@gmail.com,Bronze,"No. 21, Jalan G14",George Town,Pulau Pinang,10450,2025-10-27
38232,Faizal,bin Osman,Male,015-9664343,1989-12-28,faizal38232@gmail.com,Bronze,"No. 87, Jalan G7",Puchong,Selangor,47140,2025-10-27
38233,Firdaus,bin Hamid,Male,014-4334985,1968-11-29,firdaus38233@gmail.com,Bronze,"No. 24, Jalan E15",Selayang,Selangor,68100,2025-10-27
38234,Siti,binti Zainal,Female,014-8945686,1997-06-10,siti38234@gmail.com,Bronze,"No. 142, Jalan G8",Rawang,Selangor,48020,2025-10-27
38235,Jian Ming,Cheah,Male,018-3588162,1972-08-31,jian38235@gmail.com,Bronze,"No. 232, Jalan B12",Bukit Jalil,Federal Territory of Kuala Lumpur,57000,2025-10-27
38236,Firdaus,bin Hassan,Male,013-8639351,1968-01-28,firdaus38236@gmail.com,Bronze,"No. 241, Jalan D6",Wangsa Maju,Federal Territory of Kuala Lumpur,53300,2025-10-27
38237,Divya,a/p Maniam,Female,013-5817801,1968-10-09,divya38237@gmail.com,Gold,"No. 269, Jalan C11",Melaka,Melaka,75050,2025-10-27
38238,Rohani,binti Ismail,Female,014-2528687,1979-12-05,rohani38238@gmail.com,Bronze,"No. 63, Jalan E6",Bukit Jalil,Federal Territory of Kuala Lumpur,57000,2025-10-27
38239,Faizal,bin Hamid,Male,010-9760676,1968-08-10,faizal38239@gmail.com,Silver,"No. 233, Jalan B6",Kuala Lumpur,Federal Territory of Kuala Lumpur,59200,2025-10-28
38240,Rohani,binti Ahmad,Female,010-3263808,1993-05-29,rohani38240@gmail.com,Bronze,"No. 256, Jalan E3",Kuala Lumpur,Federal Territory of Kuala Lumpur,57000,2025-10-28
38241,Prakash,a/l Ramasamy,Male,012-1610128,1969-03-25,prakash38241@gmail.com,Bronze,"No. 236, Jalan D17",Johor Bahru,Johor,80350,2025-10-28
38242,Nadia,binti Osman,Female,017-6258224,1990-01-30,nadia38242@gmail.com,Bronze,"No. 216, Jalan A3",Johor Bahru,Johor,80200,2025-10-28
38243,Prakash,a/l Rajan,Male,018-3598251,1967-09-10,prakash38243@gmail.com,Platinum,"No. 104, Jalan F14",Selayang,Selangor,68100,2025-10-28
38244,Jian Ming,Liew,Male,012-1684844,1967-08-04,jian38244@gmail.com,Bronze,"No. 62, Jalan D9",Shah Alam,Selangor,40460,2025-10-28
38245,Haziq,bin Ismail,Male,014-2338010,1985-09-11,haziq38245@gmail.com,Gold,"No. 156, Jalan G18",Sungai Buloh,Selangor,47820,2025-10-28
38246,Alia,binti Hassan,Female,016-8234956,2001-12-24,alia38246@gmail.com,Bronze,"No. 222, Jalan B13",Ipoh,Perak,30010,2025-10-28
38247,Nurul Huda,binti Hamid,Female,018-1150059,1997-06-11,nurul38247@gmail.com,Bronze,"No. 103, Jalan B8",Seremban,Negeri Sembilan,70300,2025-10-28
38248,Ling Ling,Chua,Female,014-6850876,1994-03-11,ling38248@gmail.com,Bronze,"No. 139, Jalan C7",Seremban,Negeri Sembilan,70450,2025-10-28
38249,Amelia,binti Osman,Female,012-6785506,1969-11-25,amelia38249@gmail.com,Silver,"No. 177, Jalan F11",Wangsa Maju,Federal Territory of Kuala Lumpur,53300,2025-10-29
38250,Rajesh,a/l Maniam,Male,019-6361761,1985-06-24,rajesh38250@gmail.com,Bronze,"No. 263, Jalan F14",Kepong,Federal Territory of Kuala Lumpur,51200,2025-10-29
38251,Aiman,bin Hassan,Male,019-3617696,2002-02-05,aiman38251@gmail.com,Bronze,"No. 80, Jalan C18",Kuala Lumpur,Federal Territory of Kuala Lumpur,56000,2025-10-29
38252,Pei Shan,Chan,Female,018-5806137,1974-03-09,pei38252@gmail.com,Bronze,"No. 282, Jalan B9",Johor Bahru,Johor,80300,2025-10-29
38253,Haziq,bin Ahmad,Male,013-8287331,1992-12-30,haziq38253@gmail.com,Silver,"No. 268, Jalan A11",Ipoh,Perak,30020,2025-10-29
38254,Arjun,a/l Ramasamy,Male,013-6542697,1990-11-14,arjun38254@gmail.com,Bronze,"No. 73, Jalan F1",George Town,Pulau Pinang,10050,2025-10-29
38255,Faizal,bin Yusof,Male,018-1552831,1988-05-23,faizal38255@gmail.com,Silver,"No. 54, Jalan G16",Shah Alam,Selangor,40100,2025-10-29
38256,Izzati,binti Yusof,Female,014-8384261,1987-04-26,izzati38256@gmail.com,Silver,"No. 290, Jalan G4",Klang,Selangor,41300,2025-10-29
38257,Kai Xin,Chan,Female,011-3833108,2007-02-26,kai38257@gmail.com,Bronze,"No. 83, Jalan C19",Shah Alam,Selangor,40400,2025-10-29
38258,Nadia,binti Yusof,Female,010-7592922,1999-08-25,nadia38258@gmail.com,Silver,"No. 241, Jalan D11",Selayang,Selangor,68000,2025-10-29
38259,Zarina,binti Hamid,Female,014-2094169,1986-11-18,zarina38259@gmail.com,Gold,"No. 183, Jalan D20",Puchong,Selangor,47110,2025-10-29
38260,Wei Jie,Tan,Male,019-6404175,1975-09-08,wei38260@gmail.com,Bronze,"No. 30, Jalan D8",Setapak,Federal Territory of Kuala Lumpur,53300,2025-10-29
38261,Anisa,binti Razak,Female,010-2483619,1989-10-28,anisa38261@gmail.com,Platinum,"No. 53, Jalan G13",Setapak,Federal Territory of Kuala Lumpur,53300,2025-10-29
38262,Amelia,binti Rahman,Female,019-2038052,1975-02-19,amelia38262@gmail.com,Silver,"No. 40, Jalan F7",Subang Jaya,Selangor,47500,2025-10-29
38263,Firdaus,bin Ismail,Male,019-9570959,2001-07-18,firdaus38263@gmail.com,Platinum,"No. 125, Jalan A11",Subang Jaya,Selangor,47610,2025-10-29
38264,Firdaus,bin Osman,Male,018-5436483,1996-09-02,firdaus38264@gmail.com,Bronze,"No. 15, Jalan D15",Melaka,Melaka,75200,2025-10-29
38265,Siti,binti Ismail,Female,019-2999369,1981-12-18,siti38265@gmail.com,Gold,"No. 97, Jalan G5",Bukit Jalil,Federal Territory of Kuala Lumpur,57000,2025-10-29
38266,Faizal,bin Zainal,Male,019-2143008,2000-06-16,faizal38266@gmail.com,Bronze,"No. 215, Jalan A14",Kuala Lumpur,Federal Territory of Kuala Lumpur,55200,2025-10-30
38267,Firdaus,bin Hassan,Male,016-5041197,1971-03-18,firdaus38267@gmail.com,Silver,"No. 191, Jalan C13",Petaling Jaya,Selangor,47300,2025-10-30
38268,Siti,binti Yusof,Female,015-7365135,2000-12-25,siti38268@gmail.com,Gold,"No. 32, Jalan D19",Sungai Buloh,Selangor,47820,2025-10-30
38269,Jun Hao,Ong,Male,014-4857181,1988-07-28,jun38269@gmail.com,Bronze,"No. 237, Jalan E19",Sungai Buloh,Selangor,47000,2025-10-30
38270,Nur Aina,binti Abdullah,Female,011-2032317,2002-12-29,nur38270@gmail.com,Gold,"No. 159, Jalan D13",Klang,Selangor,42100,2025-10-30
38271,Hafiz,bin Zainal,Male,010-1974999,2007-09-22,hafiz38271@gmail.com,Silver,"No. 266, Jalan D18",Johor Bahru,Johor,81200,2025-10-30
38272,Nabila,binti Hassan,Female,011-8733905,2002-02-08,nabila38272@gmail.com,Bronze,"No. 104, Jalan F13",Shah Alam,Selangor,40200,2025-10-30
38273,Nurul Huda,binti Rahman,Female,019-5771230,2007-09-04,nurul38273@gmail.com,Bronze,"No. 112, Jalan A18",Klang,Selangor,41300,2025-10-30
38274,Fatimah,binti Osman,Female,017-2162788,1973-03-26,fatimah38274@gmail.com,Gold,"No. 120, Jalan A17",Puchong,Selangor,47150,2025-10-30
38275,Rajesh,a/l Rajan,Male,017-6722568,1965-07-22,rajesh38275@gmail.com,Platinum,"No. 16, Jalan F11",Puchong,Selangor,47140,2025-10-30
38276,Siti,binti Ahmad,Female,012-1838739,1997-02-13,siti38276@gmail.com,Bronze,"No. 206, Jalan C13",Selayang,Selangor,68100,2025-10-30
38277,Alia,binti Yusof,Female,010-2078596,1990-11-17,alia38277@gmail.com,Bronze,"No. 88, Jalan A8",Puchong,Selangor,47190,2025-10-30
38278,Haziq,bin Yusof,Male,013-9090933,1964-04-11,haziq38278@gmail.com,Bronze,"No. 16, Jalan C18",Sungai Buloh,Selangor,47000,2025-10-31
38279,Amirul,bin Ismail,Male,015-1904677,1985-07-02,amirul38279@gmail.com,Bronze,"No. 96, Jalan A6",George Town,Pulau Pinang,10450,2025-10-31
38280,Jun Hao,Cheah,Male,010-6001545,1969-12-18,jun38280@gmail.com,Gold,"No. 186, Jalan G15",Alor Gajah,Melaka,78000,2025-10-31
38281,Nabila,binti Osman,Female,012-9204466,2001-09-30,nabila38281@gmail.com,Bronze,"No. 112, Jalan C14",Shah Alam,Selangor,40400,2025-10-31
38282,Aiman,bin Abdullah,Male,019-9826788,1985-08-04,aiman38282@gmail.com,Bronze,"No. 68, Jalan G7",Gombak,Selangor,53000,2025-10-31
38283,Daniel,Teoh,Male,014-6354859,1985-06-03,daniel38283@gmail.com,Bronze,"No. 56, Jalan E3",Seremban,Negeri Sembilan,70300,2025-10-31
38284,Syafiq,bin Osman,Male,010-6402159,1997-06-10,syafiq38284@gmail.com,Bronze,"No. 109, Jalan A12",Seremban,Negeri Sembilan,70300,2025-10-31
38285,Ganesh,a/l Krishnan,Male,017-1657326,1992-05-17,ganesh38285@gmail.com,Bronze,"No. 71, Jalan E20",Nilai,Negeri Sembilan,71760,2025-10-31
38286,Meena,a/p Subramaniam,Female,013-8990699,1973-05-15,meena38286@gmail.com,Gold,"No. 34, Jalan F4",Seremban,Negeri Sembilan,70000,2025-10-31
38287,Deepa,a/p Ramasamy,Female,012-7220639,1976-02-04,deepa38287@gmail.com,Silver,"No. 66, Jalan F6",Kuantan,Pahang,25050,2025-10-31
38288,Yasmin,binti Abdullah,Female,019-1053654,1996-05-04,yasmin38288@gmail.com,Silver,"No. 23, Jalan G3",Bukit Jalil,Federal Territory of Kuala Lumpur,58200,2025-10-31
38289,Grace,Yap,Female,013-2516189,1988-09-06,grace38289@gmail.com,Bronze,"No. 147, Jalan D11",Bukit Jalil,Federal Territory of Kuala Lumpur,57000,2025-10-31
38290,Grace,Loh,Female,014-9373076,1980-06-10,grace38290@gmail.com,Bronze,"No. 239, Jalan B11",Seremban,Negeri Sembilan,70300,2025-11-01
38291,Hafiz,bin Hassan,Male,019-5263705,1987-04-13,hafiz38291@gmail.com,Bronze,"No. 101, Jalan F1",Kuala Lumpur,Federal Territory of Kuala Lumpur,50450,2025-11-01
38292,Syafiq,bin Yusof,Male,012-1668256,1968-01-18,syafiq38292@gmail.com,Bronze,"No. 280, Jalan B17",Kuala Lumpur,Federal Territory of Kuala Lumpur,58000,2025-11-01
38293,Adam,bin Yusof,Male,011-7725395,1972-06-09,adam38293@gmail.com,Silver,"No. 135, Jalan F5",Sungai Buloh,Selangor,47000,2025-11-01
38294,Siti,binti Abdullah,Female,016-5214422,2005-03-07,siti38294@gmail.com,Bronze,"No. 221, Jalan E17",Petaling Jaya,Selangor,46100,2025-11-01
38295,Ganesh,a/l Krishnan,Male,017-2898625,1997-01-09,ganesh38295@gmail.com,Bronze,"No. 125, Jalan G11",Selayang,Selangor,68000,2025-11-01
38296,Fatimah,binti Razak,Female,018-3443504,1997-12-30,fatimah38296@gmail.com,Silver,"No. 253, Jalan E17",Kulai,Johor,81030,2025-11-01
38297,Alia,binti Osman,Female,010-9154023,1974-02-24,alia38297@gmail.com,Bronze,"No. 227, Jalan D5",Johor Bahru,Johor,80100,2025-11-01
38298,Lakshmi,a/p Maniam,Female,013-6946040,1996-02-09,lakshmi38298@gmail.com,Bronze,"No. 29, Jalan G7",George Town,Pulau Pinang,10050,2025-11-01
38299,Balqis,binti Abdullah,Female,010-7816051,1971-04-18,balqis38299@gmail.com,Bronze,"No. 125, Jalan D13",George Town,Pulau Pinang,10050,2025-11-01
38300,Vanessa,Chong,Female,012-7363389,1985-03-07,vanessa38300@gmail.com,Bronze,"No. 98, Jalan F10",Johor Bahru,Johor,80200,2025-11-01
38301,Daniel,Wong,Male,012-1481400,2003-09-14,daniel38301@gmail.com,Platinum,"No. 219, Jalan B15",Melaka,Melaka,75350,2025-11-01
38302,Wei Hong,Tan,Male,011-6044183,2002-09-16,wei38302@gmail.com,Bronze,"No. 181, Jalan C10",Shah Alam,Selangor,40000,2025-11-01
38303,Farah,binti Yusof,Female,015-6748541,1973-06-29,farah38303@gmail.com,Bronze,"No. 8, Jalan D12",Sungai Buloh,Selangor,47000,2025-11-01
38304,Amirul,bin Razak,Male,015-9784942,1978-04-10,amirul38304@gmail.com,Silver,"No. 292, Jalan B5",Gombak,Selangor,53100,2025-11-01
38305,Li Wen,Wong,Female,019-9235115,1981-12-09,li38305@gmail.com,Bronze,"No. 103, Jalan E8",Puchong,Selangor,47100,2025-11-01
38306,Firdaus,bin Osman,Male,015-1876498,1975-11-02,firdaus38306@gmail.com,Bronze,"No. 179, Jalan A19",Selayang,Selangor,68000,2025-11-01
38307,Deepa,a/p Muniandy,Female,012-3565288,1967-12-06,deepa38307@gmail.com,Gold,"No. 268, Jalan D16",Setapak,Federal Territory of Kuala Lumpur,53000,2025-11-01
38308,Hui Min,Foo,Female,010-7149598,1982-07-07,hui38308@gmail.com,Bronze,"No. 246, Jalan A20",Bukit Jalil,Federal Territory of Kuala Lumpur,57000,2025-11-01
38309,Deepa,a/p Muniandy,Female,016-2662330,2004-05-12,deepa38309@gmail.com,Bronze,"No. 210, Jalan D5",Klang,Selangor,42100,2025-11-01
38310,Irfan,bin Ismail,Male,010-1414664,1993-10-27,irfan38310@gmail.com,Bronze,"No. 6, Jalan B9",Kepong,Federal Territory of Kuala Lumpur,52000,2025-11-01
38311,Rohani,binti Hassan,Female,014-8148750,1976-05-11,rohani38311@gmail.com,Silver,"No. 246, Jalan G14",Ipoh,Perak,31350,2025-11-01
38312,Zulkifli,bin Hamid,Male,017-4934778,1968-01-13,zulkifli38312@gmail.com,Bronze,"No. 152, Jalan E8",Seremban,Negeri Sembilan,70100,2025-11-01
38313,Zulkifli,bin Razak,Male,014-4527535,1968-04-21,zulkifli38313@gmail.com,Silver,"No. 299, Jalan E13",Nilai,Negeri Sembilan,71800,2025-11-01
38314,Hafiz,bin Abdullah,Male,016-3196134,1969-12-01,hafiz38314@gmail.com,Bronze,"No. 213, Jalan C7",Kuantan,Pahang,25300,2025-11-01
38315,Yong Sheng,Loh,Male,012-9012884,1995-11-28,yong38315@gmail.com,Silver,"No. 58, Jalan E4",Kuantan,Pahang,25250,2025-11-01
38316,Aiman,bin Ismail,Male,017-8124969,1975-04-28,aiman38316@gmail.com,Platinum,"No. 15, Jalan A8",Subang Jaya,Selangor,47600,2025-11-01
38317,Amelia,binti Razak,Female,019-9432125,2002-09-24,amelia38317@gmail.com,Bronze,"No. 118, Jalan B15",Kajang,Selangor,43200,2025-11-01
38318,Prakash,a/l Muniandy,Male,019-3882759,1998-03-13,prakash38318@gmail.com,Bronze,"No. 187, Jalan D15",Kuala Lumpur,Federal Territory of Kuala Lumpur,50450,2025-11-02
38319,Rachel,Tan,Female,010-3026768,2001-03-16,rachel38319@gmail.com,Silver,"No. 268, Jalan C11",Wangsa Maju,Federal Territory of Kuala Lumpur,53100,2025-11-02
38320,Syafiq,bin Osman,Male,010-3229893,2000-04-17,syafiq38320@gmail.com,Bronze,"No. 115, Jalan A3",Sungai Buloh,Selangor,47820,2025-11-02
38321,Vanessa,Chin,Female,016-3862287,1988-12-14,vanessa38321@gmail.com,Platinum,"No. 43, Jalan A8",Butterworth,Pulau Pinang,12200,2025-11-02
38322,Syafiq,bin Hamid,Male,011-1386504,1971-04-22,syafiq38322@gmail.com,Bronze,"No. 278, Jalan C15",Melaka,Melaka,75150,2025-11-02
38323,Irfan,bin Hamid,Male,010-9735393,2005-06-13,irfan38323@gmail.com,Bronze,"No. 165, Jalan F4",Klang,Selangor,41150,2025-11-02
38324,Pei Shan,Yeoh,Female,017-3220983,1966-07-19,pei38324@gmail.com,Gold,"No. 38, Jalan D5",Puchong,Selangor,47130,2025-11-02
38325,Jasmine,Tan,Female,011-3654427,2004-09-17,jasmine38325@gmail.com,Silver,"No. 250, Jalan D6",Puchong,Selangor,47130,2025-11-02
38326,Amelia,binti Rahman,Female,018-1926660,1986-06-14,amelia38326@gmail.com,Silver,"No. 77, Jalan G1",Puchong,Selangor,47160,2025-11-02
38327,Suhaila,binti Ahmad,Female,011-7555693,2004-03-02,suhaila38327@gmail.com,Gold,"No. 61, Jalan F16",Setapak,Federal Territory of Kuala Lumpur,53300,2025-11-02
38328,Jia Yi,Sim,Female,015-7883331,1983-05-02,jia38328@gmail.com,Silver,"No. 204, Jalan A7",Subang Jaya,Selangor,47600,2025-11-02
38329,Alia,binti Osman,Female,018-2182801,1973-07-10,alia38329@gmail.com,Bronze,"No. 43, Jalan A20",Subang Jaya,Selangor,47500,2025-11-02
38330,Siti,binti Hassan,Female,013-7626254,1971-12-27,siti38330@gmail.com,Bronze,"No. 91, Jalan F18",Bukit Jalil,Federal Territory of Kuala Lumpur,57000,2025-11-02
38331,Shalini,a/p Subramaniam,Female,018-8499544,1971-06-30,shalini38331@gmail.com,Bronze,"No. 41, Jalan F10",Kajang,Selangor,43300,2025-11-02
38332,Nadia,binti Rahman,Female,014-1150320,1982-11-27,nadia38332@gmail.com,Bronze,"No. 125, Jalan G3",Kuala Lumpur,Federal Territory of Kuala Lumpur,55100,2025-11-03
38333,Zheng Yang,Ng,Male,016-3634572,1995-05-13,zheng38333@gmail.com,Silver,"No. 52, Jalan F8",Kepong,Federal Territory of Kuala Lumpur,52000,2025-11-03
38334,Shalini,a/p Krishnan,Female,012-9764398,2007-03-19,shalini38334@gmail.com,Bronze,"No. 201, Jalan F16",Shah Alam,Selangor,40100,2025-11-03
38335,Farah,binti Abdullah,Female,014-3978684,1986-06-09,farah38335@gmail.com,Silver,"No. 16, Jalan G8",George Town,Pulau Pinang,10050,2025-11-03
38336,Shu Fen,Liew,Female,017-6140089,1968-02-09,shu38336@gmail.com,Silver,"No. 63, Jalan E7",Butterworth,Pulau Pinang,12100,2025-11-03
38337,Vanessa,Foo,Female,016-1802454,1988-09-30,vanessa38337@gmail.com,Bronze,"No. 3, Jalan E10",Melaka,Melaka,75000,2025-11-03
38338,Haziq,bin Ismail,Male,014-7372666,1985-04-07,haziq38338@gmail.com,Silver,"No. 34, Jalan F3",Shah Alam,Selangor,40460,2025-11-03
38339,Sze Min,Chan,Female,019-7185959,1973-12-17,sze38339@gmail.com,Gold,"No. 274, Jalan B4",Sungai Buloh,Selangor,47000,2025-11-03
38340,Shu Fen,Yeoh,Female,010-9165528,1979-04-13,shu38340@gmail.com,Silver,"No. 49, Jalan B2",Shah Alam,Selangor,40170,2025-11-03
38341,Hui Min,Ng,Female,016-6253695,1971-05-07,hui38341@gmail.com,Bronze,"No. 135, Jalan G9",Bukit Jalil,Federal Territory of Kuala Lumpur,57000,2025-11-03
38342,Hui Min,Wong,Female,012-3022429,1974-02-11,hui38342@gmail.com,Bronze,"No. 76, Jalan B7",Wangsa Maju,Federal Territory of Kuala Lumpur,53200,2025-11-03
38343,Li Wen,Sim,Female,012-3505675,1970-01-01,li38343@gmail.com,Bronze,"No. 101, Jalan E1",Ampang,Selangor,55100,2025-11-03
38344,Divya,a/p Maniam,Female,010-4860033,2001-05-12,divya38344@gmail.com,Bronze,"No. 286, Jalan E18",Seremban,Negeri Sembilan,70450,2025-11-03
38345,Nadia,binti Rahman,Female,016-2151126,2005-06-20,nadia38345@gmail.com,Bronze,"No. 169, Jalan D13",Kuantan,Pahang,25150,2025-11-03
38346,Chloe,Ong,Female,010-8789398,1984-01-11,chloe38346@gmail.com,Bronze,"No. 229, Jalan C9",Temerloh,Pahang,28400,2025-11-03
38347,Yong Sheng,Chin,Male,014-3803565,1971-11-05,yong38347@gmail.com,Bronze,"No. 66, Jalan G15",Klang,Selangor,41050,2025-11-03
38348,Nabila,binti Razak,Female,013-1280969,1985-02-20,nabila38348@gmail.com,Gold,"No. 9, Jalan G4",Kuala Lumpur,Federal Territory of Kuala Lumpur,55100,2025-11-04
38349,Danial,bin Razak,Male,016-9795548,1999-08-31,danial38349@gmail.com,Bronze,"No. 110, Jalan A10",Kuala Lumpur,Federal Territory of Kuala Lumpur,56000,2025-11-04
38350,Lakshmi,a/p Ramasamy,Female,012-7078524,1970-12-11,lakshmi38350@gmail.com,Silver,"No. 145, Jalan D17",Petaling Jaya,Selangor,47800,2025-11-04
38351,Aiman,bin Abdullah,Male,015-6285979,1990-03-13,aiman38351@gmail.com,Silver,"No. 183, Jalan A18",Petaling Jaya,Selangor,46100,2025-11-04
38352,Faizal,bin Hamid,Male,013-2581971,1964-05-05,faizal38352@gmail.com,Silver,"No. 46, Jalan B7",Johor Bahru,Johor,80100,2025-11-04
38353,Danial,bin Osman,Male,014-4345383,1980-10-05,danial38353@gmail.com,Silver,"No. 22, Jalan A10",Johor Bahru,Johor,81300,2025-11-04
38354,Irfan,bin Hamid,Male,014-2842211,1982-02-22,irfan38354@gmail.com,Silver,"No. 157, Jalan B20",Petaling Jaya,Selangor,47301,2025-11-04
38355,Balqis,binti Abdullah,Female,014-5122031,1981-11-20,balqis38355@gmail.com,Silver,"No. 259, Jalan G14",Sungai Buloh,Selangor,47000,2025-11-04
38356,Syafiq,bin Ahmad,Male,013-3860582,1985-04-23,syafiq38356@gmail.com,Bronze,"No. 9, Jalan G5",Shah Alam,Selangor,40100,2025-11-04
38357,Emily,Lee,Female,014-7211753,1983-12-06,emily38357@gmail.com,Bronze,"No. 46, Jalan F14",Bukit Jalil,Federal Territory of Kuala Lumpur,58200,2025-11-04
38358,Nadia,binti Abdullah,Female,012-9989752,2001-01-27,nadia38358@gmail.com,Silver,"No. 265, Jalan D9",Puchong,Selangor,47160,2025-11-04
38359,Yasmin,binti Ahmad,Female,016-1963349,1985-08-03,yasmin38359@gmail.com,Bronze,"No. 141, Jalan D14",Sungai Buloh,Selangor,47820,2025-11-04
38360,Haziq,bin Yusof,Male,019-5685375,1981-01-24,haziq38360@gmail.com,Bronze,"No. 112, Jalan E5",Selayang,Selangor,68000,2025-11-04
38361,Fatimah,binti Osman,Female,013-8155344,2002-08-01,fatimah38361@gmail.com,Gold,"No. 121, Jalan F9",Kepong,Federal Territory of Kuala Lumpur,51200,2025-11-04
38362,Suhaila,binti Yusof,Female,018-6812193,1975-06-20,suhaila38362@gmail.com,Bronze,"No. 57, Jalan F14",Setapak,Federal Territory of Kuala Lumpur,53200,2025-11-04
38363,Aisyah,binti Ismail,Female,018-1951948,1971-07-11,aisyah38363@gmail.com,Bronze,"No. 136, Jalan A10",Wangsa Maju,Federal Territory of Kuala Lumpur,53200,2025-11-04
38364,Divya,a/p Maniam,Female,016-5051708,1987-03-16,divya38364@gmail.com,Gold,"No. 174, Jalan A12",Subang Jaya,Selangor,47630,2025-11-04
38365,Irfan,bin Yusof,Male,016-6133172,2005-04-22,irfan38365@gmail.com,Bronze,"No. 43, Jalan A6",Wangsa Maju,Federal Territory of Kuala Lumpur,53300,2025-11-04
38366,Nadia,binti Zainal,Female,017-7247291,1979-11-23,nadia38366@gmail.com,Platinum,"No. 205, Jalan A15",Bukit Jalil,Federal Territory of Kuala Lumpur,57000,2025-11-04
38367,Vikram,a/l Ramasamy,Male,018-9686936,1997-01-24,vikram38367@gmail.com,Bronze,"No. 281, Jalan C20",Bukit Jalil,Federal Territory of Kuala Lumpur,58200,2025-11-04
38368,Daniel,Goh,Male,015-8323350,1973-06-09,daniel38368@gmail.com,Bronze,"No. 159, Jalan G1",Kepong,Federal Territory of Kuala Lumpur,52100,2025-11-05
38369,Zulkifli,bin Razak,Male,015-4649164,1998-02-21,zulkifli38369@gmail.com,Bronze,"No. 270, Jalan F7",Bukit Jalil,Federal Territory of Kuala Lumpur,58200,2025-11-05
38370,Vanessa,Foo,Female,017-2387349,1979-12-24,vanessa38370@gmail.com,Bronze,"No. 55, Jalan G6",Kepong,Federal Territory of Kuala Lumpur,52000,2025-11-05
38371,Nurul Huda,binti Razak,Female,015-2517063,1975-02-06,nurul38371@gmail.com,Silver,"No. 196, Jalan A9",Petaling Jaya,Selangor,47400,2025-11-05
38372,Amelia,binti Ahmad,Female,015-2868681,1998-03-11,amelia38372@gmail.com,Silver,"No. 96, Jalan B14",Petaling Jaya,Selangor,46300,2025-11-05
38373,Izzati,binti Ahmad,Female,018-7969991,1981-12-25,izzati38373@gmail.com,Bronze,"No. 37, Jalan F14",Petaling Jaya,Selangor,46200,2025-11-05
38374,Ganesh,a/l Rajan,Male,016-4247547,1974-10-26,ganesh38374@gmail.com,Bronze,"No. 140, Jalan E14",Petaling Jaya,Selangor,46050,2025-11-05
38375,Fatimah,binti Ahmad,Female,011-1735563,1965-12-10,fatimah38375@gmail.com,Silver,"No. 28, Jalan B15",Johor Bahru,Johor,81100,2025-11-05
38376,Kumar,a/l Muniandy,Male,011-8917145,1983-05-14,kumar38376@gmail.com,Silver,"No. 82, Jalan G14",Johor Bahru,Johor,80350,2025-11-05
38377,Amelia,binti Hamid,Female,011-5283514,1988-03-01,amelia38377@gmail.com,Silver,"No. 98, Jalan F8",George Town,Pulau Pinang,10050,2025-11-05
38378,Faizal,bin Ahmad,Male,012-1959556,1998-05-22,faizal38378@gmail.com,Bronze,"No. 253, Jalan B5",Ipoh,Perak,30250,2025-11-05
38379,Kevin,Loh,Male,018-1999899,1984-06-23,kevin38379@gmail.com,Bronze,"No. 128, Jalan F17",Klang,Selangor,41000,2025-11-05
38380,Yasmin,binti Hamid,Female,015-9338721,1969-10-18,yasmin38380@gmail.com,Silver,"No. 34, Jalan B4",Puchong,Selangor,47160,2025-11-05
38381,Jia Yi,Chong,Female,018-8304616,1971-12-12,jia38381@gmail.com,Bronze,"No. 159, Jalan F15",Selayang,Selangor,68000,2025-11-05
38382,Zheng Yang,Foo,Male,015-6364180,1997-03-08,zheng38382@gmail.com,Bronze,"No. 182, Jalan G4",Wangsa Maju,Federal Territory of Kuala Lumpur,53300,2025-11-05
38383,Hui Min,Ong,Female,014-8095451,1998-05-01,hui38383@gmail.com,Gold,"No. 295, Jalan G7",Bukit Jalil,Federal Territory of Kuala Lumpur,57100,2025-11-05
38384,Pei Shan,Loh,Female,016-8054246,1964-12-05,pei38384@gmail.com,Bronze,"No. 188, Jalan D5",Subang Jaya,Selangor,47600,2025-11-05
38385,Alia,binti Abdullah,Female,010-2092079,2004-10-20,alia38385@gmail.com,Bronze,"No. 42, Jalan F16",Subang Jaya,Selangor,47500,2025-11-05
38386,Mei Ling,Yeoh,Female,010-7208049,1989-01-31,mei38386@gmail.com,Silver,"No. 131, Jalan G2",Petaling Jaya,Selangor,47301,2025-11-05
38387,Sze Min,Chua,Female,018-7312670,1988-03-19,sze38387@gmail.com,Bronze,"No. 284, Jalan C8",Wangsa Maju,Federal Territory of Kuala Lumpur,53100,2025-11-05
38388,Hannah,binti Razak,Female,018-1992204,1973-07-02,hannah38388@gmail.com,Bronze,"No. 160, Jalan E14",Kepong,Federal Territory of Kuala Lumpur,51200,2025-11-06
38389,Izzati,binti Ismail,Female,015-7851766,1968-12-30,izzati38389@gmail.com,Bronze,"No. 211, Jalan E14",Kuala Lumpur,Federal Territory of Kuala Lumpur,50480,2025-11-06
38390,Zarina,binti Hamid,Female,018-8971657,1977-09-24,zarina38390@gmail.com,Silver,"No. 144, Jalan D2",George Town,Pulau Pinang,10100,2025-11-06
38391,Zheng Yang,Ong,Male,016-6967053,1970-07-25,zheng38391@gmail.com,Bronze,"No. 75, Jalan D14",Subang Jaya,Selangor,47630,2025-11-06
38392,Zulkifli,bin Abdullah,Male,010-7348839,1986-09-07,zulkifli38392@gmail.com,Silver,"No. 63, Jalan F16",Shah Alam,Selangor,40200,2025-11-06
38393,Yee Ling,Teoh,Female,018-7703993,1981-07-03,yee38393@gmail.com,Gold,"No. 139, Jalan A9",Selayang,Selangor,68000,2025-11-06
38394,Fatimah,binti Rahman,Female,011-5257749,1987-01-09,fatimah38394@gmail.com,Bronze,"No. 256, Jalan D15",Setapak,Federal Territory of Kuala Lumpur,53200,2025-11-06
38395,Chloe,Wong,Female,019-9778579,1964-02-23,chloe38395@gmail.com,Bronze,"No. 100, Jalan A11",Setapak,Federal Territory of Kuala Lumpur,53100,2025-11-06
38396,Yasmin,binti Ahmad,Female,015-5945921,1970-10-19,yasmin38396@gmail.com,Bronze,"No. 111, Jalan A4",Johor Bahru,Johor,80100,2025-11-06
38397,Vanessa,Foo,Female,014-6154310,1983-07-10,vanessa38397@gmail.com,Bronze,"No. 79, Jalan B12",Wangsa Maju,Federal Territory of Kuala Lumpur,53200,2025-11-06
38398,Zulkifli,bin Ismail,Male,014-9701497,1967-03-01,zulkifli38398@gmail.com,Bronze,"No. 12, Jalan B11",Rawang,Selangor,48020,2025-11-06
38399,Nur Aina,binti Ahmad,Female,015-3714909,1991-09-21,nur38399@gmail.com,Bronze,"No. 232, Jalan D4",Kuantan,Pahang,26060,2025-11-06
38400,Hannah,binti Hassan,Female,012-8724226,1982-09-18,hannah38400@gmail.com,Bronze,"No. 51, Jalan A7",Bukit Jalil,Federal Territory of Kuala Lumpur,57000,2025-11-06
38401,Jun Hao,Tan,Male,013-4793767,1967-04-29,jun38401@gmail.com,Gold,"No. 194, Jalan C8",Bukit Jalil,Federal Territory of Kuala Lumpur,57000,2025-11-06
38402,Yasmin,binti Razak,Female,018-9477771,1972-09-13,yasmin38402@gmail.com,Bronze,"No. 74, Jalan E1",Kuala Lumpur,Federal Territory of Kuala Lumpur,58000,2025-11-07
38403,Kevin,Lim,Male,015-9746640,1972-01-18,kevin38403@gmail.com,Bronze,"No. 70, Jalan B17",Petaling Jaya,Selangor,46300,2025-11-07
38404,Zarina,binti Hassan,Female,013-4326863,1983-09-28,zarina38404@gmail.com,Bronze,"No. 170, Jalan A9",Kulai,Johor,81000,2025-11-07
38405,Amelia,binti Ismail,Female,016-8249513,1976-01-12,amelia38405@gmail.com,Bronze,"No. 216, Jalan C14",George Town,Pulau Pinang,10200,2025-11-07
38406,Zheng Yang,Goh,Male,010-2635246,1984-01-03,zheng38406@gmail.com,Bronze,"No. 171, Jalan G4",Shah Alam,Selangor,40300,2025-11-07
38407,Farah,binti Zainal,Female,019-1926205,1992-09-06,farah38407@gmail.com,Silver,"No. 162, Jalan E10",Alor Gajah,Melaka,78000,2025-11-07
38408,Aiman,bin Abdullah,Male,015-9753500,1964-02-28,aiman38408@gmail.com,Silver,"No. 220, Jalan G20",Melaka,Melaka,75050,2025-11-07
38409,Hafiz,bin Zainal,Male,019-7418165,2002-08-19,hafiz38409@gmail.com,Bronze,"No. 78, Jalan F14",Shah Alam,Selangor,40460,2025-11-07
38410,Aiman,bin Razak,Male,014-6367197,1998-01-30,aiman38410@gmail.com,Bronze,"No. 159, Jalan F13",Klang,Selangor,41200,2025-11-07
38411,Jia Yi,Yap,Female,015-4262046,1975-02-23,jia38411@gmail.com,Silver,"No. 58, Jalan F8",Klang,Selangor,41250,2025-11-07
38412,Yee Ling,Liew,Female,014-1494375,1985-09-30,yee38412@gmail.com,Silver,"No. 82, Jalan G17",Wangsa Maju,Federal Territory of Kuala Lumpur,53300,2025-11-07
38413,Li Wen,Loh,Female,010-6391622,1998-05-23,li38413@gmail.com,Silver,"No. 245, Jalan D1",Gombak,Selangor,68100,2025-11-07
38414,Farah,binti Ahmad,Female,010-5207560,2002-09-30,farah38414@gmail.com,Bronze,"No. 70, Jalan A19",Seremban,Negeri Sembilan,70200,2025-11-07
38415,Siti,binti Yusof,Female,012-1796617,1969-03-15,siti38415@gmail.com,Silver,"No. 259, Jalan G14",Subang Jaya,Selangor,47610,2025-11-07
38416,Amirul,bin Zainal,Male,017-8727158,1989-05-05,amirul38416@gmail.com,Bronze,"No. 4, Jalan E10",Bukit Jalil,Federal Territory of Kuala Lumpur,57000,2025-11-07
38417,Zarina,binti Rahman,Female,017-5417946,2007-03-18,zarina38417@gmail.com,Gold,"No. 188, Jalan B6",Bukit Jalil,Federal Territory of Kuala Lumpur,57000,2025-11-07
38418,Suhaila,binti Ismail,Female,012-6740557,1970-11-22,suhaila38418@gmail.com,Bronze,"No. 78, Jalan C10",Kepong,Federal Territory of Kuala Lumpur,52000,2025-11-08
38419,Mei Ling,Ng,Female,015-3484561,1979-10-12,mei38419@gmail.com,Bronze,"No. 280, Jalan A16",Kuala Lumpur,Federal Territory of Kuala Lumpur,55100,2025-11-08
38420,Nurin,binti Ismail,Female,018-5062664,1986-04-23,nurin38420@gmail.com,Bronze,"No. 158, Jalan F9",Petaling Jaya,Selangor,47810,2025-11-08
38421,Yasmin,binti Yusof,Female,011-8615263,1996-10-13,yasmin38421@gmail.com,Silver,"No. 223, Jalan C18",Gombak,Selangor,53000,2025-11-08
38422,Kok Wai,Lee,Male,012-5578891,1973-06-01,kok38422@gmail.com,Silver,"No. 297, Jalan G5",Petaling Jaya,Selangor,47810,2025-11-08
38423,Nurul Huda,binti Ismail,Female,017-8809324,1994-04-17,nurul38423@gmail.com,Bronze,"No. 131, Jalan A3",Sungai Buloh,Selangor,47820,2025-11-08
38424,Nur Aina,binti Razak,Female,018-2358111,1985-10-13,nur38424@gmail.com,Bronze,"No. 164, Jalan C18",Johor Bahru,Johor,80350,2025-11-08
38425,Siti,binti Ahmad,Female,013-2230710,1975-03-21,siti38425@gmail.com,Bronze,"No. 44, Jalan A1",Johor Bahru,Johor,80000,2025-11-08
38426,Emily,Chua,Female,011-4609929,1997-12-03,emily38426@gmail.com,Bronze,"No. 271, Jalan G18",Bukit Jalil,Federal Territory of Kuala Lumpur,57000,2025-11-08
38427,Kai Xin,Foo,Female,012-2575470,1981-01-21,kai38427@gmail.com,Gold,"No. 287, Jalan B17",Gombak,Selangor,53100,2025-11-08
38428,Jian Ming,Ong,Male,016-2635927,2001-05-27,jian38428@gmail.com,Bronze,"No. 215, Jalan D1",George Town,Pulau Pinang,10050,2025-11-08
38429,Yong Sheng,Loh,Male,010-2183729,1985-10-25,yong38429@gmail.com,Silver,"No. 264, Jalan D3",George Town,Pulau Pinang,10100,2025-11-08
38430,Nabila,binti Razak,Female,013-3011234,1971-12-20,nabila38430@gmail.com,Silver,"No. 2, Jalan C18",Sungai Buloh,Selangor,47820,2025-11-08
38431,Nurin,binti Abdullah,Female,015-5968010,1997-08-22,nurin38431@gmail.com,Bronze,"No. 299, Jalan B3",Selayang,Selangor,68000,2025-11-08
38432,Aisyah,binti Hamid,Female,013-9774335,1997-11-28,aisyah38432@gmail.com,Gold,"No. 35, Jalan A2",Klang,Selangor,41050,2025-11-08
38433,Hannah,binti Osman,Female,010-3121441,1973-01-27,hannah38433@gmail.com,Silver,"No. 225, Jalan D16",Kajang,Selangor,43100,2025-11-08
38434,Faizal,bin Razak,Male,014-3467047,1998-06-26,faizal38434@gmail.com,Bronze,"No. 15, Jalan E9",Melaka,Melaka,75350,2025-11-08
38435,Amelia,binti Razak,Female,011-3777643,1977-04-19,amelia38435@gmail.com,Bronze,"No. 296, Jalan F17",Selayang,Selangor,68000,2025-11-08
38436,Yasmin,binti Yusof,Female,018-5776258,2001-01-30,yasmin38436@gmail.com,Bronze,"No. 159, Jalan D16",Kuala Lumpur,Federal Territory of Kuala Lumpur,58000,2025-11-08
38437,Sze Min,Chong,Female,011-4650296,1976-01-07,sze38437@gmail.com,Bronze,"No. 216, Jalan G14",Gombak,Selangor,53000,2025-11-08
38438,Kai Xin,Yap,Female,016-1307310,1980-07-11,kai38438@gmail.com,Silver,"No. 271, Jalan D1",Gombak,Selangor,53000,2025-11-08
38439,Alia,binti Ismail,Female,016-6842609,1989-08-25,alia38439@gmail.com,Bronze,"No. 9, Jalan B19",Gombak,Selangor,53000,2025-11-08
38440,Hui Min,Lim,Female,012-7146192,1993-05-30,hui38440@gmail.com,Silver,"No. 72, Jalan G20",Ipoh,Perak,30200,2025-11-08
38441,Nur Aina,binti Ahmad,Female,014-7060910,1996-01-05,nur38441@gmail.com,Bronze,"No. 173, Jalan C19",Subang Jaya,Selangor,47600,2025-11-08
38442,Aiman,bin Yusof,Male,011-5471664,2006-06-01,aiman38442@gmail.com,Platinum,"No. 278, Jalan F3",Bukit Jalil,Federal Territory of Kuala Lumpur,57100,2025-11-08
38443,Thivya,a/p Rajan,Female,013-9668764,1966-12-22,thivya38443@gmail.com,Bronze,"No. 276, Jalan A5",Kajang,Selangor,43000,2025-11-08
38444,Pei Shan,Tan,Female,018-8343467,2005-06-08,pei38444@gmail.com,Bronze,"No. 201, Jalan E1",Wangsa Maju,Federal Territory of Kuala Lumpur,53200,2025-11-08
38445,Hannah,binti Hassan,Female,013-1160154,1975-03-22,hannah38445@gmail.com,Bronze,"No. 220, Jalan A12",Kuala Lumpur,Federal Territory of Kuala Lumpur,57000,2025-11-09
38446,Kumar,a/l Maniam,Male,011-3801160,1974-10-18,kumar38446@gmail.com,Bronze,"No. 30, Jalan A4",Wangsa Maju,Federal Territory of Kuala Lumpur,53300,2025-11-09
38447,Zarina,binti Ahmad,Female,013-4509412,2006-10-31,zarina38447@gmail.com,Bronze,"No. 262, Jalan A8",Setapak,Federal Territory of Kuala Lumpur,53300,2025-11-09
38448,Hui Min,Chan,Female,015-8959965,1967-07-15,hui38448@gmail.com,Gold,"No. 2, Jalan C7",Sungai Buloh,Selangor,47810,2025-11-09
38449,Yong Sheng,Lim,Male,010-4186658,1984-02-21,yong38449@gmail.com,Gold,"No. 103, Jalan B17",Johor Bahru,Johor,81100,2025-11-09
38450,Faizal,bin Hassan,Male,011-8154172,1972-11-24,faizal38450@gmail.com,Gold,"No. 12, Jalan G1",Butterworth,Pulau Pinang,13700,2025-11-09
38451,Daniel,Chua,Male,012-2222880,1990-05-26,daniel38451@gmail.com,Bronze,"No. 93, Jalan C20",Melaka,Melaka,75250,2025-11-09
38452,Hui Min,Lee,Female,011-7482064,1983-12-08,hui38452@gmail.com,Bronze,"No. 76, Jalan B15",Melaka,Melaka,75200,2025-11-09
38453,Danial,bin Osman,Male,010-4072382,1973-07-08,danial38453@gmail.com,Silver,"No. 131, Jalan F20",Melaka,Melaka,75300,2025-11-09
38454,Xin Yi,Lee,Female,011-5267746,1977-11-11,xin38454@gmail.com,Gold,"No. 235, Jalan D14",Subang Jaya,Selangor,47500,2025-11-09
38455,Sze Min,Goh,Female,010-2054869,1988-06-01,sze38455@gmail.com,Bronze,"No. 241, Jalan A3",Shah Alam,Selangor,40450,2025-11-09
38456,Amirul,bin Ismail,Male,013-1503459,2004-04-03,amirul38456@gmail.com,Bronze,"No. 96, Jalan B14",Klang,Selangor,41100,2025-11-09
38457,Balqis,binti Zainal,Female,016-9801326,1966-08-14,balqis38457@gmail.com,Bronze,"No. 45, Jalan B7",Shah Alam,Selangor,40450,2025-11-09
38458,Haziq,bin Hamid,Male,011-6875757,1986-04-25,haziq38458@gmail.com,Bronze,"No. 218, Jalan G2",Klang,Selangor,41200,2025-11-09
38459,Hafiz,bin Abdullah,Male,016-2947843,2005-10-11,hafiz38459@gmail.com,Bronze,"No. 230, Jalan E13",Puchong,Selangor,47150,2025-11-09
38460,Haziq,bin Yusof,Male,010-5378801,1973-11-04,haziq38460@gmail.com,Bronze,"No. 201, Jalan E7",Selayang,Selangor,68000,2025-11-09
38461,Pei Shan,Chan,Female,014-2874405,1971-08-21,pei38461@gmail.com,Silver,"No. 184, Jalan E20",Kepong,Federal Territory of Kuala Lumpur,52000,2025-11-09
38462,Daniel,Liew,Male,019-6064276,2005-09-14,daniel38462@gmail.com,Bronze,"No. 136, Jalan D8",Wangsa Maju,Federal Territory of Kuala Lumpur,53300,2025-11-09
38463,Jia Yi,Goh,Female,016-8622002,1977-11-18,jia38463@gmail.com,Bronze,"No. 282, Jalan D13",Wangsa Maju,Federal Territory of Kuala Lumpur,53300,2025-11-09
38464,Haziq,bin Zainal,Male,017-9571436,1976-07-03,haziq38464@gmail.com,Bronze,"No. 167, Jalan E1",Wangsa Maju,Federal Territory of Kuala Lumpur,53200,2025-11-09
38465,Yee Ling,Teoh,Female,014-1434367,1964-11-07,yee38465@gmail.com,Bronze,"No. 75, Jalan E19",Seremban,Negeri Sembilan,70100,2025-11-09
38466,Kai Xin,Chin,Female,015-7456005,1978-02-18,kai38466@gmail.com,Bronze,"No. 107, Jalan F2",Temerloh,Pahang,28400,2025-11-09
38467,Zhi Wei,Lim,Male,017-7275546,2001-04-10,zhi38467@gmail.com,Gold,"No. 70, Jalan B19",Kuantan,Pahang,25100,2025-11-09
38468,Izzati,binti Ahmad,Female,011-9966475,1980-12-11,izzati38468@gmail.com,Bronze,"No. 255, Jalan G7",Kuala Lumpur,Federal Territory of Kuala Lumpur,55100,2025-11-10
38469,Haziq,bin Rahman,Male,015-8003297,1997-06-05,haziq38469@gmail.com,Silver,"No. 103, Jalan C18",Kuala Lumpur,Federal Territory of Kuala Lumpur,50480,2025-11-10
38470,Zarina,binti Ahmad,Female,012-7853944,2006-05-03,zarina38470@gmail.com,Bronze,"No. 219, Jalan D15",Kuala Lumpur,Federal Territory of Kuala Lumpur,59200,2025-11-10
38471,Kevin,Ong,Male,015-1091898,1967-04-27,kevin38471@gmail.com,Gold,"No. 145, Jalan E19",Kuala Lumpur,Federal Territory of Kuala Lumpur,50450,2025-11-10
38472,Aina,binti Zainal,Female,015-3678463,1972-11-21,aina38472@gmail.com,Silver,"No. 237, Jalan G20",Johor Bahru,Johor,80100,2025-11-10
38473,Daniel,Chin,Male,018-2899587,1970-07-09,daniel38473@gmail.com,Bronze,"No. 46, Jalan A19",Melaka,Melaka,75300,2025-11-10
38474,Divya,a/p Rajan,Female,019-7051520,1991-05-10,divya38474@gmail.com,Silver,"No. 74, Jalan E10",Melaka,Melaka,75250,2025-11-10
38475,Daniel,Liew,Male,018-6683220,1976-09-18,daniel38475@gmail.com,Bronze,"No. 286, Jalan E9",Shah Alam,Selangor,40460,2025-11-10
38476,Deepa,a/p Ramasamy,Female,010-5297401,1972-03-08,deepa38476@gmail.com,Bronze,"No. 89, Jalan D3",Shah Alam,Selangor,40300,2025-11-10
38477,Alia,binti Zainal,Female,011-2794275,1972-09-10,alia38477@gmail.com,Bronze,"No. 80, Jalan A1",Klang,Selangor,41100,2025-11-10
38478,Sze Min,Teoh,Female,018-2167118,1974-06-02,sze38478@gmail.com,Gold,"No. 72, Jalan C14",Puchong,Selangor,47150,2025-11-10
38479,Zulkifli,bin Ahmad,Male,012-8902558,1999-11-28,zulkifli38479@gmail.com,Gold,"No. 13, Jalan F13",Setapak,Federal Territory of Kuala Lumpur,53000,2025-11-10
38480,Nabila,binti Ismail,Female,012-6909740,1991-10-09,nabila38480@gmail.com,Bronze,"No. 258, Jalan G5",Setapak,Federal Territory of Kuala Lumpur,53200,2025-11-10
38481,Chloe,Sim,Female,011-1540166,1964-09-08,chloe38481@gmail.com,Gold,"No. 188, Jalan E6",Setapak,Federal Territory of Kuala Lumpur,53200,2025-11-10
38482,Irfan,bin Ismail,Male,014-9621171,2001-07-29,irfan38482@gmail.com,Bronze,"No. 164, Jalan B1",Setapak,Federal Territory of Kuala Lumpur,53000,2025-11-10
38483,Adam,bin Osman,Male,017-6707793,1970-05-01,adam38483@gmail.com,Bronze,"No. 169, Jalan C3",Gombak,Selangor,53100,2025-11-10
38484,Rohani,binti Rahman,Female,017-7934891,1992-10-12,rohani38484@gmail.com,Silver,"No. 205, Jalan B5",Nilai,Negeri Sembilan,71760,2025-11-10
38485,Zheng Yang,Yap,Male,014-6181871,1968-01-02,zheng38485@gmail.com,Bronze,"No. 142, Jalan E13",Seremban,Negeri Sembilan,70500,2025-11-10
38486,Nur Aina,binti Zainal,Female,011-1369999,1997-04-12,nur38486@gmail.com,Silver,"No. 203, Jalan D3",Johor Bahru,Johor,81100,2025-11-10
38487,Aisyah,binti Hamid,Female,011-3563562,1970-01-12,aisyah38487@gmail.com,Bronze,"No. 249, Jalan E3",Subang Jaya,Selangor,47600,2025-11-10
38488,Yee Ling,Lim,Female,019-9218206,2001-01-18,yee38488@gmail.com,Bronze,"No. 269, Jalan F1",Kuala Lumpur,Federal Territory of Kuala Lumpur,58000,2025-11-11
38489,Kai Xin,Liew,Female,014-3633357,1983-01-28,kai38489@gmail.com,Bronze,"No. 273, Jalan B3",Kuala Lumpur,Federal Territory of Kuala Lumpur,56000,2025-11-11
38490,Suhaila,binti Razak,Female,012-9314709,1978-12-29,suhaila38490@gmail.com,Bronze,"No. 233, Jalan F9",Petaling Jaya,Selangor,47300,2025-11-11
38491,Chong Wei,Teoh,Male,010-9846478,1995-09-29,chong38491@gmail.com,Bronze,"No. 112, Jalan D13",Johor Bahru,Johor,80000,2025-11-11
38492,Chong Wei,Goh,Male,010-3118121,1983-09-16,chong38492@gmail.com,Gold,"No. 167, Jalan F5",Selayang,Selangor,68000,2025-11-11
38493,Alia,binti Zainal,Female,015-7149613,1990-05-09,alia38493@gmail.com,Bronze,"No. 121, Jalan D5",Johor Bahru,Johor,81100,2025-11-11
38494,Farah,binti Razak,Female,019-2067216,1981-02-21,farah38494@gmail.com,Bronze,"No. 27, Jalan G2",Setapak,Federal Territory of Kuala Lumpur,53300,2025-11-11
38495,Irfan,bin Ahmad,Male,015-7738455,1994-05-11,irfan38495@gmail.com,Gold,"No. 15, Jalan C18",Shah Alam,Selangor,40460,2025-11-11
38496,Balqis,binti Razak,Female,017-1096637,1993-08-08,balqis38496@gmail.com,Gold,"No. 145, Jalan B17",Klang,Selangor,41200,2025-11-11
38497,Aiman,bin Hamid,Male,018-7569740,1994-06-27,aiman38497@gmail.com,Bronze,"No. 213, Jalan D3",Puchong,Selangor,47170,2025-11-11
38498,Adam,bin Ahmad,Male,012-2601506,1995-07-01,adam38498@gmail.com,Gold,"No. 155, Jalan F7",Selayang,Selangor,68100,2025-11-11
38499,Jun Hao,Teoh,Male,014-3445561,1992-04-28,jun38499@gmail.com,Bronze,"No. 59, Jalan F2",Selayang,Selangor,68000,2025-11-11
38500,Fatimah,binti Rahman,Female,017-1151417,1997-01-12,fatimah38500@gmail.com,Gold,"No. 109, Jalan D4",Kuala Lumpur,Federal Territory of Kuala Lumpur,59200,2025-11-11
38501,Jian Ming,Yap,Male,014-7819828,2005-12-30,jian38501@gmail.com,Bronze,"No. 181, Jalan B14",Gombak,Selangor,68100,2025-11-11
38502,Arjun,a/l Krishnan,Male,016-7849328,2005-05-05,arjun38502@gmail.com,Silver,"No. 244, Jalan B6",Seremban,Negeri Sembilan,70450,2025-11-11
38503,Grace,Wong,Female,017-5004861,1972-06-02,grace38503@gmail.com,Bronze,"No. 282, Jalan C6",Kuantan,Pahang,25050,2025-11-11
38504,Aisyah,binti Hamid,Female,010-1068248,1994-05-03,aisyah38504@gmail.com,Platinum,"No. 35, Jalan E2",Subang Jaya,Selangor,47620,2025-11-11
38505,Ganesh,a/l Maniam,Male,013-1816571,1965-05-03,ganesh38505@gmail.com,Silver,"No. 162, Jalan E10",Petaling Jaya,Selangor,46200,2025-11-12
38506,Balqis,binti Hassan,Female,016-4583990,1982-11-14,balqis38506@gmail.com,Silver,"No. 39, Jalan C1",Klang,Selangor,41300,2025-11-12
38507,Vikram,a/l Muniandy,Male,014-3786474,1996-03-09,vikram38507@gmail.com,Silver,"No. 39, Jalan D1",Kuala Lumpur,Federal Territory of Kuala Lumpur,58000,2025-11-12
38508,Nurul Huda,binti Zainal,Female,017-8811708,1973-08-30,nurul38508@gmail.com,Bronze,"No. 49, Jalan D5",Melaka,Melaka,75300,2025-11-12
38509,Jian Ming,Teoh,Male,015-3267496,2006-05-20,jian38509@gmail.com,Silver,"No. 249, Jalan F17",Kuantan,Pahang,25300,2025-11-12
38510,Hannah,binti Osman,Female,018-6421499,1969-06-30,hannah38510@gmail.com,Platinum,"No. 183, Jalan C1",Sungai Buloh,Selangor,47000,2025-11-12
38511,Jia Yi,Loh,Female,012-2826807,1996-01-31,jia38511@gmail.com,Bronze,"No. 294, Jalan C20",Puchong,Selangor,47110,2025-11-12
38512,Priya,a/p Muniandy,Female,013-4916199,1987-02-19,priya38512@gmail.com,Silver,"No. 260, Jalan B2",Selayang,Selangor,68100,2025-11-12
38513,Mei Ling,Chin,Female,016-4433747,1985-10-19,mei38513@gmail.com,Silver,"No. 78, Jalan A8",Kuala Lumpur,Federal Territory of Kuala Lumpur,50000,2025-11-12
38514,Alia,binti Abdullah,Female,014-2390946,1991-04-17,alia38514@gmail.com,Bronze,"No. 112, Jalan C3",Nilai,Negeri Sembilan,71800,2025-11-12
38515,Suresh,a/l Ramasamy,Male,016-4586532,1974-02-06,suresh38515@gmail.com,Bronze,"No. 104, Jalan C8",Seremban,Negeri Sembilan,70450,2025-11-12
38516,Rohani,binti Zainal,Female,012-7494787,2002-12-31,rohani38516@gmail.com,Bronze,"No. 57, Jalan C15",Shah Alam,Selangor,40170,2025-11-12
38517,Firdaus,bin Yusof,Male,013-1164181,1989-04-14,firdaus38517@gmail.com,Silver,"No. 160, Jalan C1",Kuantan,Pahang,25150,2025-11-12
38518,Zhi Wei,Chong,Male,017-9798499,1967-09-22,zhi38518@gmail.com,Bronze,"No. 153, Jalan G9",Kuantan,Pahang,25000,2025-11-12
38519,Zulkifli,bin Osman,Male,016-8667367,1982-09-24,zulkifli38519@gmail.com,Gold,"No. 149, Jalan F6",Cyberjaya,Selangor,63100,2025-11-12
38520,Kumar,a/l Rajan,Male,012-7104819,2003-01-15,kumar38520@gmail.com,Bronze,"No. 184, Jalan G3",Kuala Lumpur,Federal Territory of Kuala Lumpur,57000,2025-11-13
38521,Aisyah,binti Osman,Female,011-1376122,1999-06-08,aisyah38521@gmail.com,Silver,"No. 112, Jalan E10",Johor Bahru,Johor,81200,2025-11-13
38522,Wei Hong,Yeoh,Male,015-3994905,1990-03-10,wei38522@gmail.com,Bronze,"No. 57, Jalan B10",Johor Bahru,Johor,81100,2025-11-13
38523,Nurin,binti Ahmad,Female,016-7101987,2004-09-29,nurin38523@gmail.com,Bronze,"No. 222, Jalan A2",Johor Bahru,Johor,81200,2025-11-13
38524,Siti,binti Hamid,Female,018-1801817,2003-05-23,siti38524@gmail.com,Bronze,"No. 27, Jalan A15",George Town,Pulau Pinang,10400,2025-11-13
38525,Divya,a/p Maniam,Female,017-1688124,1968-09-29,divya38525@gmail.com,Bronze,"No. 91, Jalan G13",Shah Alam,Selangor,40450,2025-11-13
38526,Zheng Yang,Tan,Male,018-7280893,2007-04-20,zheng38526@gmail.com,Bronze,"No. 270, Jalan B15",Sungai Buloh,Selangor,47810,2025-11-13
38527,Prakash,a/l Krishnan,Male,010-1409436,1977-01-25,prakash38527@gmail.com,Bronze,"No. 129, Jalan E7",Puchong,Selangor,47130,2025-11-13
38528,Siti,binti Abdullah,Female,018-3122077,1986-06-19,siti38528@gmail.com,Bronze,"No. 212, Jalan C9",Puchong,Selangor,47180,2025-11-13
38529,Hafiz,bin Zainal,Male,016-5833724,1998-11-04,hafiz38529@gmail.com,Platinum,"No. 243, Jalan C6",Kuala Lumpur,Federal Territory of Kuala Lumpur,56000,2025-11-14
38530,Balqis,binti Yusof,Female,011-7916463,1977-08-19,balqis38530@gmail.com,Gold,"No. 135, Jalan G7",Klang,Selangor,41200,2025-11-14
38531,Fatimah,binti Rahman,Female,016-6914693,1974-05-19,fatimah38531@gmail.com,Bronze,"No. 45, Jalan C18",Petaling Jaya,Selangor,47800,2025-11-14
38532,Suhaila,binti Osman,Female,018-6828993,1993-06-08,suhaila38532@gmail.com,Bronze,"No. 263, Jalan D11",Johor Bahru,Johor,81200,2025-11-14
38533,Michelle,Ong,Female,017-2141783,1981-12-15,michelle38533@gmail.com,Bronze,"No. 140, Jalan G20",Butterworth,Pulau Pinang,13700,2025-11-14
38534,Deepa,a/p Krishnan,Female,018-2516889,1967-12-08,deepa38534@gmail.com,Bronze,"No. 225, Jalan D11",Melaka,Melaka,75050,2025-11-14
38535,Wei Hong,Chua,Male,018-5841168,2006-09-06,wei38535@gmail.com,Bronze,"No. 186, Jalan G14",Shah Alam,Selangor,40200,2025-11-14
38536,Adam,bin Rahman,Male,019-5373367,1983-11-12,adam38536@gmail.com,Bronze,"No. 236, Jalan D10",Klang,Selangor,41150,2025-11-14
38537,Meena,a/p Ramasamy,Female,019-8307902,1965-07-21,meena38537@gmail.com,Bronze,"No. 27, Jalan B17",Puchong,Selangor,47120,2025-11-14
38538,Siti,binti Rahman,Female,017-2026687,1986-08-17,siti38538@gmail.com,Bronze,"No. 165, Jalan E19",Selayang,Selangor,68000,2025-11-14
38539,Yee Ling,Cheah,Female,011-5927493,1997-12-17,yee38539@gmail.com,Bronze,"No. 253, Jalan E20",Setapak,Federal Territory of Kuala Lumpur,53100,2025-11-14
38540,Adam,bin Rahman,Male,012-4446575,1969-12-23,adam38540@gmail.com,Silver,"No. 178, Jalan A18",Gombak,Selangor,53100,2025-11-14
38541,Syafiq,bin Zainal,Male,018-1745907,1969-11-20,syafiq38541@gmail.com,Gold,"No. 262, Jalan A11",Ipoh,Perak,31400,2025-11-14
38542,Zarina,binti Hamid,Female,010-8327736,1993-03-21,zarina38542@gmail.com,Bronze,"No. 16, Jalan D11",Seremban,Negeri Sembilan,70000,2025-11-14
38543,Zulkifli,bin Rahman,Male,017-3130527,1968-09-14,zulkifli38543@gmail.com,Bronze,"No. 56, Jalan D8",Seremban,Negeri Sembilan,70000,2025-11-14
38544,Wei Jie,Lee,Male,016-5840029,1965-05-18,wei38544@gmail.com,Silver,"No. 291, Jalan B1",Subang Jaya,Selangor,47650,2025-11-14
38545,Nur Aina,binti Ahmad,Female,017-2246959,1971-04-07,nur38545@gmail.com,Bronze,"No. 300, Jalan C11",Subang Jaya,Selangor,47600,2025-11-14
38546,Ravi,a/l Muniandy,Male,016-1699966,1965-01-20,ravi38546@gmail.com,Silver,"No. 214, Jalan A8",Kuala Lumpur,Federal Territory of Kuala Lumpur,59200,2025-11-15
38547,Suresh,a/l Maniam,Male,014-1135704,1972-02-19,suresh38547@gmail.com,Bronze,"No. 184, Jalan F1",Kuala Lumpur,Federal Territory of Kuala Lumpur,59200,2025-11-15
38548,Faizal,bin Rahman,Male,015-3939251,1975-09-26,faizal38548@gmail.com,Silver,"No. 193, Jalan D18",Kuala Lumpur,Federal Territory of Kuala Lumpur,56000,2025-11-15
38549,Aina,binti Hamid,Female,017-2289727,1977-08-17,aina38549@gmail.com,Gold,"No. 242, Jalan C17",Petaling Jaya,Selangor,47300,2025-11-15
38550,Ling Ling,Chua,Female,019-8978190,1984-02-10,ling38550@gmail.com,Silver,"No. 269, Jalan G11",Johor Bahru,Johor,81100,2025-11-15
38551,Yasmin,binti Hamid,Female,012-6990155,1986-02-10,yasmin38551@gmail.com,Bronze,"No. 227, Jalan A15",Selayang,Selangor,68100,2025-11-15
38552,Nabila,binti Ahmad,Female,018-2782926,1999-10-01,nabila38552@gmail.com,Bronze,"No. 274, Jalan C15",Johor Bahru,Johor,81100,2025-11-15
38553,Zarina,binti Zainal,Female,016-8411165,1971-07-18,zarina38553@gmail.com,Gold,"No. 20, Jalan G1",Sungai Buloh,Selangor,47810,2025-11-15
38554,Zulkifli,bin Osman,Male,016-7334161,2000-10-13,zulkifli38554@gmail.com,Gold,"No. 46, Jalan B16",Puchong,Selangor,47160,2025-11-15
38555,Anjali,a/p Maniam,Female,018-1471184,1967-07-26,anjali38555@gmail.com,Silver,"No. 232, Jalan B11",Rawang,Selangor,48000,2025-11-15
38556,Izzati,binti Hamid,Female,017-8345084,1975-05-30,izzati38556@gmail.com,Gold,"No. 276, Jalan D7",Setapak,Federal Territory of Kuala Lumpur,53000,2025-11-15
38557,Fatimah,binti Rahman,Female,013-4246546,2001-05-27,fatimah38557@gmail.com,Bronze,"No. 199, Jalan F11",Setapak,Federal Territory of Kuala Lumpur,53000,2025-11-15
38558,Jasmine,Chua,Female,011-8739541,1994-02-20,jasmine38558@gmail.com,Bronze,"No. 190, Jalan F7",Wangsa Maju,Federal Territory of Kuala Lumpur,53100,2025-11-15
38559,Rohani,binti Abdullah,Female,014-6236960,1988-01-19,rohani38559@gmail.com,Silver,"No. 168, Jalan D7",Johor Bahru,Johor,81100,2025-11-15
38560,Haziq,bin Osman,Male,013-2876722,1977-04-01,haziq38560@gmail.com,Bronze,"No. 16, Jalan C15",Seremban,Negeri Sembilan,70200,2025-11-15
38561,Zulkifli,bin Zainal,Male,018-5300906,1995-02-24,zulkifli38561@gmail.com,Bronze,"No. 168, Jalan G9",Subang Jaya,Selangor,47650,2025-11-15
38562,Aiman,bin Abdullah,Male,016-8678381,1999-07-19,aiman38562@gmail.com,Platinum,"No. 100, Jalan F19",Subang Jaya,Selangor,47610,2025-11-15
38563,Hui Min,Chua,Female,014-2620995,1979-11-08,hui38563@gmail.com,Gold,"No. 17, Jalan E1",Kuala Lumpur,Federal Territory of Kuala Lumpur,55100,2025-11-16
38564,Jia Yi,Khoo,Female,018-8950027,1990-01-15,jia38564@gmail.com,Bronze,"No. 195, Jalan G18",Shah Alam,Selangor,40100,2025-11-16
38565,Yasmin,binti Hamid,Female,012-7020508,2005-08-12,yasmin38565@gmail.com,Silver,"No. 39, Jalan E12",Johor Bahru,Johor,81300,2025-11-16
38566,Alia,binti Zainal,Female,010-4606309,2004-01-27,alia38566@gmail.com,Bronze,"No. 280, Jalan G16",Johor Bahru,Johor,80350,2025-11-16
38567,Faizal,bin Zainal,Male,015-5771082,1972-04-06,faizal38567@gmail.com,Gold,"No. 80, Jalan G16",George Town,Pulau Pinang,10300,2025-11-16
38568,Nadia,binti Ismail,Female,014-7101082,1970-09-26,nadia38568@gmail.com,Gold,"No. 206, Jalan B7",Shah Alam,Selangor,40150,2025-11-16
38569,Alia,binti Hassan,Female,014-7358790,2006-12-20,alia38569@gmail.com,Bronze,"No. 196, Jalan A20",Shah Alam,Selangor,40160,2025-11-16
38570,Wei Hong,Cheah,Male,017-5204272,2005-06-15,wei38570@gmail.com,Silver,"No. 261, Jalan C8",Klang,Selangor,41250,2025-11-16
38571,Nabila,binti Osman,Female,018-4361815,1987-07-01,nabila38571@gmail.com,Bronze,"No. 198, Jalan F19",Setapak,Federal Territory of Kuala Lumpur,53300,2025-11-16
38572,Ling Ling,Khoo,Female,012-9123523,1995-02-19,ling38572@gmail.com,Platinum,"No. 217, Jalan F4",Sungai Buloh,Selangor,47000,2025-11-16
38573,Haziq,bin Hassan,Male,014-3461514,1978-06-30,haziq38573@gmail.com,Silver,"No. 189, Jalan E4",Puchong,Selangor,47190,2025-11-16
38574,Shu Fen,Cheah,Female,010-4187259,2005-05-05,shu38574@gmail.com,Platinum,"No. 9, Jalan E16",Puchong,Selangor,47160,2025-11-16
38575,Nurul Huda,binti Hassan,Female,018-4248256,1978-08-11,nurul38575@gmail.com,Bronze,"No. 242, Jalan D15",Setapak,Federal Territory of Kuala Lumpur,53000,2025-11-16
38576,Nadia,binti Zainal,Female,010-9061198,1966-10-19,nadia38576@gmail.com,Bronze,"No. 201, Jalan E9",Kuala Lumpur,Federal Territory of Kuala Lumpur,59000,2025-11-16
38577,Xin Yi,Ong,Female,018-6993404,1971-09-11,xin38577@gmail.com,Bronze,"No. 270, Jalan G16",Gombak,Selangor,53100,2025-11-16
38578,Hafiz,bin Osman,Male,013-4866386,2002-12-17,hafiz38578@gmail.com,Bronze,"No. 191, Jalan D13",Seremban,Negeri Sembilan,70300,2025-11-16
38579,Adam,bin Hamid,Male,010-3699607,1967-10-19,adam38579@gmail.com,Silver,"No. 165, Jalan B16",Setapak,Federal Territory of Kuala Lumpur,53100,2025-11-16
38580,Irfan,bin Razak,Male,016-7426953,1974-05-27,irfan38580@gmail.com,Gold,"No. 184, Jalan D2",Cyberjaya,Selangor,63100,2025-11-16
38581,Yasmin,binti Ahmad,Female,017-2427005,1992-06-18,yasmin38581@gmail.com,Bronze,"No. 296, Jalan F5",Bukit Jalil,Federal Territory of Kuala Lumpur,58200,2025-11-16
38582,Fatimah,binti Zainal,Female,015-6284086,1964-07-18,fatimah38582@gmail.com,Bronze,"No. 89, Jalan E13",Bukit Jalil,Federal Territory of Kuala Lumpur,57100,2025-11-16
38583,Wei Jie,Ong,Male,017-5693386,1991-04-15,wei38583@gmail.com,Gold,"No. 185, Jalan E19",Kepong,Federal Territory of Kuala Lumpur,51200,2025-11-17
38584,Emily,Lim,Female,012-4888680,1973-08-05,emily38584@gmail.com,Bronze,"No. 226, Jalan B2",Petaling Jaya,Selangor,47810,2025-11-17
38585,Nadia,binti Hassan,Female,012-9280583,1964-02-26,nadia38585@gmail.com,Bronze,"No. 56, Jalan F5",Petaling Jaya,Selangor,46050,2025-11-17
38586,Zarina,binti Rahman,Female,012-7142053,1993-10-16,zarina38586@gmail.com,Gold,"No. 200, Jalan F14",Johor Bahru,Johor,80300,2025-11-17
38587,Adam,bin Yusof,Male,014-7852662,1986-01-10,adam38587@gmail.com,Silver,"No. 137, Jalan C1",Johor Bahru,Johor,80100,2025-11-17
38588,Nurin,binti Razak,Female,011-5549590,1998-08-04,nurin38588@gmail.com,Bronze,"No. 18, Jalan C17",Johor Bahru,Johor,81300,2025-11-17
38589,Suhaila,binti Ahmad,Female,019-6544806,1987-12-23,suhaila38589@gmail.com,Silver,"No. 111, Jalan G8",Shah Alam,Selangor,40160,2025-11-17
38590,Shalini,a/p Ramasamy,Female,017-1269989,2001-09-07,shalini38590@gmail.com,Bronze,"No. 263, Jalan D6",Klang,Selangor,41300,2025-11-17
38591,Chong Wei,Khoo,Male,016-4629610,1990-06-03,chong38591@gmail.com,Bronze,"No. 51, Jalan G20",Klang,Selangor,41000,2025-11-17
38592,Danial,bin Yusof,Male,016-3738183,1982-04-17,danial38592@gmail.com,Gold,"No. 135, Jalan A9",Klang,Selangor,41300,2025-11-17
38593,Siti,binti Yusof,Female,018-9532858,1965-10-07,siti38593@gmail.com,Platinum,"No. 13, Jalan E16",Wangsa Maju,Federal Territory of Kuala Lumpur,53300,2025-11-17
38594,Vanessa,Chua,Female,013-2798020,1974-02-12,vanessa38594@gmail.com,Bronze,"No. 277, Jalan B7",Gombak,Selangor,53000,2025-11-17
38595,Nabila,binti Zainal,Female,013-7667800,1977-12-18,nabila38595@gmail.com,Bronze,"No. 39, Jalan E7",Ipoh,Perak,30350,2025-11-17
38596,Zulkifli,bin Razak,Male,013-1456706,1970-08-31,zulkifli38596@gmail.com,Bronze,"No. 161, Jalan A10",Subang Jaya,Selangor,47500,2025-11-17
38597,Jian Ming,Liew,Male,010-6159075,1979-11-17,jian38597@gmail.com,Silver,"No. 231, Jalan E2",Kuala Lumpur,Federal Territory of Kuala Lumpur,50000,2025-11-18
38598,Sze Min,Lim,Female,014-8309174,2004-05-18,sze38598@gmail.com,Silver,"No. 289, Jalan A1",Petaling Jaya,Selangor,47810,2025-11-18
38599,Hafiz,bin Zainal,Male,015-3489990,1999-12-04,hafiz38599@gmail.com,Silver,"No. 105, Jalan B19",Ipoh,Perak,30350,2025-11-18
38600,Siti,binti Razak,Female,017-5735078,1996-07-29,siti38600@gmail.com,Bronze,"No. 232, Jalan C11",George Town,Pulau Pinang,10000,2025-11-18
38601,Siti,binti Abdullah,Female,010-9622169,1984-03-09,siti38601@gmail.com,Silver,"No. 70, Jalan A15",Melaka,Melaka,75100,2025-11-18
38602,Rohani,binti Rahman,Female,014-7678688,1983-11-20,rohani38602@gmail.com,Bronze,"No. 237, Jalan B14",Bukit Jalil,Federal Territory of Kuala Lumpur,58200,2025-11-18
38603,Syafiq,bin Ahmad,Male,013-3365524,1976-12-14,syafiq38603@gmail.com,Platinum,"No. 242, Jalan C3",Wangsa Maju,Federal Territory of Kuala Lumpur,53200,2025-11-18
38604,Zhi Wei,Lee,Male,013-8448980,1975-04-16,zhi38604@gmail.com,Bronze,"No. 282, Jalan B3",Wangsa Maju,Federal Territory of Kuala Lumpur,53200,2025-11-18
38605,Suhaila,binti Ismail,Female,014-4147286,1985-04-25,suhaila38605@gmail.com,Bronze,"No. 106, Jalan D14",Gombak,Selangor,68100,2025-11-18
38606,Farah,binti Hassan,Female,010-7836462,2007-01-06,farah38606@gmail.com,Bronze,"No. 29, Jalan E19",Setapak,Federal Territory of Kuala Lumpur,53200,2025-11-18
38607,Nurin,binti Ahmad,Female,017-1322629,1975-07-30,nurin38607@gmail.com,Bronze,"No. 10, Jalan C1",Kajang,Selangor,43300,2025-11-18
38608,Jian Ming,Chong,Male,013-2252012,1970-02-26,jian38608@gmail.com,Bronze,"No. 73, Jalan F7",Selayang,Selangor,68000,2025-11-18
38609,Kavitha,a/p Ramasamy,Female,011-2190156,2000-01-12,kavitha38609@gmail.com,Silver,"No. 48, Jalan C12",Bukit Jalil,Federal Territory of Kuala Lumpur,58200,2025-11-18
38610,Wei Jie,Chan,Male,015-1966831,1986-06-13,wei38610@gmail.com,Bronze,"No. 291, Jalan F9",Johor Bahru,Johor,81100,2025-11-19
38611,Grace,Chua,Female,013-6278215,1965-02-26,grace38611@gmail.com,Bronze,"No. 146, Jalan C2",Kepong,Federal Territory of Kuala Lumpur,51200,2025-11-19
38612,Rachel,Wong,Female,016-1511451,1986-07-22,rachel38612@gmail.com,Bronze,"No. 164, Jalan E9",Kuala Lumpur,Federal Territory of Kuala Lumpur,50480,2025-11-19
38613,Rohani,binti Razak,Female,017-1629738,1967-05-10,rohani38613@gmail.com,Gold,"No. 110, Jalan C4",Petaling Jaya,Selangor,46050,2025-11-19
38614,Thivya,a/p Subramaniam,Female,014-9107427,1985-07-04,thivya38614@gmail.com,Silver,"No. 25, Jalan A15",Johor Bahru,Johor,80100,2025-11-19
38615,Rachel,Chin,Female,014-5882757,1967-03-05,rachel38615@gmail.com,Bronze,"No. 86, Jalan D7",Johor Bahru,Johor,81200,2025-11-19
38616,Nadia,binti Zainal,Female,017-8428123,1973-10-04,nadia38616@gmail.com,Silver,"No. 207, Jalan E15",Shah Alam,Selangor,40450,2025-11-19
38617,Nur Aina,binti Rahman,Female,012-1865208,1989-06-06,nur38617@gmail.com,Silver,"No. 160, Jalan D2",Klang,Selangor,41100,2025-11-19
38618,Hafiz,bin Ismail,Male,010-8018861,1986-07-05,hafiz38618@gmail.com,Bronze,"No. 14, Jalan E18",Klang,Selangor,41050,2025-11-19
38619,Fatimah,binti Ismail,Female,019-2687575,1995-03-08,fatimah38619@gmail.com,Bronze,"No. 168, Jalan G9",Kajang,Selangor,43100,2025-11-19
38620,Siti,binti Osman,Female,013-6401565,1965-04-26,siti38620@gmail.com,Silver,"No. 167, Jalan A10",Selayang,Selangor,68100,2025-11-19
38621,Wei Jie,Foo,Male,014-6163018,1988-02-03,wei38621@gmail.com,Gold,"No. 14, Jalan G3",Setapak,Federal Territory of Kuala Lumpur,53100,2025-11-19
38622,Zarina,binti Razak,Female,015-5088394,1993-12-01,zarina38622@gmail.com,Gold,"No. 182, Jalan E12",Wangsa Maju,Federal Territory of Kuala Lumpur,53300,2025-11-19
38623,Zarina,binti Yusof,Female,017-9702178,2004-05-06,zarina38623@gmail.com,Gold,"No. 128, Jalan D4",Gombak,Selangor,68100,2025-11-19
38624,Alia,binti Rahman,Female,013-6263799,2004-07-16,alia38624@gmail.com,Bronze,"No. 153, Jalan G15",Ipoh,Perak,31400,2025-11-19
38625,Nurul Huda,binti Razak,Female,017-2025900,1981-07-16,nurul38625@gmail.com,Bronze,"No. 13, Jalan G7",Kuantan,Pahang,25150,2025-11-19
38626,Meena,a/p Subramaniam,Female,012-3404100,1968-06-11,meena38626@gmail.com,Silver,"No. 278, Jalan E13",Kuala Lumpur,Federal Territory of Kuala Lumpur,50480,2025-11-20
38627,Izzati,binti Hamid,Female,010-5329909,1979-02-17,izzati38627@gmail.com,Gold,"No. 267, Jalan D13",Kuala Lumpur,Federal Territory of Kuala Lumpur,50450,2025-11-20
38628,Hui Min,Yap,Female,010-4570108,1964-10-10,hui38628@gmail.com,Gold,"No. 266, Jalan D8",Petaling Jaya,Selangor,47300,2025-11-20
38629,Kai Xin,Liew,Female,019-9118591,1996-03-24,kai38629@gmail.com,Bronze,"No. 105, Jalan F19",Johor Bahru,Johor,81200,2025-11-20
38630,Thivya,a/p Muniandy,Female,012-2916906,1996-10-05,thivya38630@gmail.com,Bronze,"No. 105, Jalan C11",George Town,Pulau Pinang,10200,2025-11-20
38631,Nadia,binti Abdullah,Female,014-2424668,1965-05-02,nadia38631@gmail.com,Bronze,"No. 187, Jalan D18",George Town,Pulau Pinang,10100,2025-11-20
38632,Farah,binti Rahman,Female,015-4493819,1977-06-07,farah38632@gmail.com,Silver,"No. 240, Jalan B17",Sungai Buloh,Selangor,47000,2025-11-20
38633,Michelle,Ng,Female,019-6291676,1983-03-03,michelle38633@gmail.com,Bronze,"No. 269, Jalan A2",Sungai Buloh,Selangor,47810,2025-11-20
38634,Aisyah,binti Abdullah,Female,018-7619204,1982-08-30,aisyah38634@gmail.com,Silver,"No. 166, Jalan F16",Klang,Selangor,41100,2025-11-20
38635,Amirul,bin Ahmad,Male,018-8333359,1965-12-23,amirul38635@gmail.com,Silver,"No. 111, Jalan A8",Klang,Selangor,41000,2025-11-20
38636,Balqis,binti Hassan,Female,011-7777036,1980-11-19,balqis38636@gmail.com,Bronze,"No. 274, Jalan A17",Sungai Buloh,Selangor,47820,2025-11-20
38637,Zarina,binti Zainal,Female,012-9640472,1995-08-30,zarina38637@gmail.com,Silver,"No. 239, Jalan C20",Subang Jaya,Selangor,47620,2025-11-20
38638,Nurin,binti Ismail,Female,014-1429494,1975-02-20,nurin38638@gmail.com,Silver,"No. 63, Jalan C2",Kajang,Selangor,43000,2025-11-20
38639,Nabila,binti Hamid,Female,014-4170173,1976-12-04,nabila38639@gmail.com,Bronze,"No. 265, Jalan A20",Selayang,Selangor,68000,2025-11-20
38640,Suresh,a/l Krishnan,Male,019-6751471,1986-08-07,suresh38640@gmail.com,Bronze,"No. 129, Jalan D17",Gombak,Selangor,53100,2025-11-20
38641,Kok Wai,Khoo,Male,013-1248050,1976-06-12,kok38641@gmail.com,Bronze,"No. 207, Jalan D18",Kuantan,Pahang,25100,2025-11-20
38642,Grace,Teoh,Female,010-1268860,1996-12-04,grace38642@gmail.com,Gold,"No. 101, Jalan E9",Selayang,Selangor,68100,2025-11-20
38643,Hafiz,bin Ismail,Male,014-9078981,1983-01-29,hafiz38643@gmail.com,Bronze,"No. 282, Jalan C17",Subang Jaya,Selangor,47610,2025-11-20
38644,Grace,Lee,Female,016-2681367,1994-06-24,grace38644@gmail.com,Bronze,"No. 180, Jalan C12",Kuala Lumpur,Federal Territory of Kuala Lumpur,55100,2025-11-21
38645,Rohani,binti Razak,Female,014-6033411,1984-08-24,rohani38645@gmail.com,Bronze,"No. 24, Jalan F6",Wangsa Maju,Federal Territory of Kuala Lumpur,53300,2025-11-21
38646,Michelle,Yap,Female,018-3567992,1990-11-07,michelle38646@gmail.com,Bronze,"No. 231, Jalan D4",George Town,Pulau Pinang,10100,2025-11-21
38647,Rajesh,a/l Krishnan,Male,018-1428390,1984-12-13,rajesh38647@gmail.com,Bronze,"No. 188, Jalan B10",Shah Alam,Selangor,40000,2025-11-21
38648,Jia Yi,Lim,Female,010-9269842,2002-10-24,jia38648@gmail.com,Bronze,"No. 124, Jalan A8",Shah Alam,Selangor,40170,2025-11-21
38649,Irfan,bin Osman,Male,019-7504082,1998-12-04,irfan38649@gmail.com,Silver,"No. 9, Jalan A2",Klang,Selangor,41300,2025-11-21
38650,Ganesh,a/l Subramaniam,Male,016-4747201,1995-04-24,ganesh38650@gmail.com,Silver,"No. 146, Jalan D18",Subang Jaya,Selangor,47620,2025-11-21
38651,Anisa,binti Ahmad,Female,015-8908902,1982-10-14,anisa38651@gmail.com,Bronze,"No. 170, Jalan E18",Selayang,Selangor,68100,2025-11-21
38652,Nur Aina,binti Abdullah,Female,016-5654214,2001-03-05,nur38652@gmail.com,Bronze,"No. 19, Jalan B6",Puchong,Selangor,47100,2025-11-21
38653,Wei Hong,Yeoh,Male,011-7438610,1974-03-05,wei38653@gmail.com,Bronze,"No. 234, Jalan C7",Kajang,Selangor,43200,2025-11-21
38654,Grace,Chan,Female,010-9272191,1970-03-07,grace38654@gmail.com,Bronze,"No. 170, Jalan F4",Rawang,Selangor,48010,2025-11-21
38655,Kumar,a/l Krishnan,Male,015-6374659,1989-10-19,kumar38655@gmail.com,Silver,"No. 248, Jalan A5",Selayang,Selangor,68100,2025-11-21
38656,Aina,binti Hassan,Female,010-1739345,2007-10-12,aina38656@gmail.com,Silver,"No. 170, Jalan B15",Setapak,Federal Territory of Kuala Lumpur,53100,2025-11-21
38657,Jian Ming,Ong,Male,015-9598678,1975-08-23,jian38657@gmail.com,Bronze,"No. 140, Jalan A8",Wangsa Maju,Federal Territory of Kuala Lumpur,53300,2025-11-21
38658,Grace,Teoh,Female,018-4757103,1984-06-14,grace38658@gmail.com,Silver,"No. 32, Jalan D5",Kepong,Federal Territory of Kuala Lumpur,52000,2025-11-21
38659,Aiman,bin Zainal,Male,013-7178049,1973-12-06,aiman38659@gmail.com,Gold,"No. 107, Jalan B18",Wangsa Maju,Federal Territory of Kuala Lumpur,53300,2025-11-21
38660,Xin Yi,Chan,Female,016-3165526,2000-01-28,xin38660@gmail.com,Silver,"No. 255, Jalan D4",Gombak,Selangor,68100,2025-11-21
38661,Hannah,binti Abdullah,Female,010-6745524,1985-07-14,hannah38661@gmail.com,Silver,"No. 49, Jalan E19",Ipoh,Perak,31350,2025-11-21
38662,Michelle,Chua,Female,017-6647427,1995-03-25,michelle38662@gmail.com,Bronze,"No. 295, Jalan D19",Taiping,Perak,34000,2025-11-21
38663,Yee Ling,Wong,Female,014-6792768,1987-10-09,yee38663@gmail.com,Bronze,"No. 62, Jalan E4",Petaling Jaya,Selangor,47810,2025-11-21
38664,Syafiq,bin Hassan,Male,019-9688422,1983-05-06,syafiq38664@gmail.com,Silver,"No. 300, Jalan A20",Setapak,Federal Territory of Kuala Lumpur,53100,2025-11-21
38665,Thivya,a/p Maniam,Female,019-2315109,1988-08-21,thivya38665@gmail.com,Bronze,"No. 122, Jalan D5",Subang Jaya,Selangor,47610,2025-11-21
38666,Chong Wei,Chua,Male,013-5494409,1979-05-15,chong38666@gmail.com,Bronze,"No. 168, Jalan D2",Subang Jaya,Selangor,47600,2025-11-21
38667,Faizal,bin Zainal,Male,013-7083059,1965-06-27,faizal38667@gmail.com,Gold,"No. 136, Jalan E17",Subang Jaya,Selangor,47500,2025-11-21
38668,Sharmila,a/p Krishnan,Female,017-3377068,1996-04-28,sharmila38668@gmail.com,Bronze,"No. 135, Jalan G15",Bukit Jalil,Federal Territory of Kuala Lumpur,57100,2025-11-21
38669,Li Wen,Cheah,Female,016-1441808,2004-04-04,li38669@gmail.com,Gold,"No. 43, Jalan G7",Bukit Jalil,Federal Territory of Kuala Lumpur,58200,2025-11-21
38670,Kok Wai,Yap,Male,016-9543553,1989-06-27,kok38670@gmail.com,Platinum,"No. 247, Jalan B7",Kepong,Federal Territory of Kuala Lumpur,52100,2025-11-22
38671,Izzati,binti Rahman,Female,011-5053515,1987-07-18,izzati38671@gmail.com,Silver,"No. 94, Jalan E11",Setapak,Federal Territory of Kuala Lumpur,53300,2025-11-22
38672,Shalini,a/p Krishnan,Female,010-8007929,1998-03-29,shalini38672@gmail.com,Bronze,"No. 129, Jalan B19",Kuala Lumpur,Federal Territory of Kuala Lumpur,55100,2025-11-22
38673,Anisa,binti Razak,Female,012-3772160,1980-10-24,anisa38673@gmail.com,Bronze,"No. 274, Jalan E13",Petaling Jaya,Selangor,47810,2025-11-22
38674,Jia Yi,Loh,Female,010-5727523,1970-10-06,jia38674@gmail.com,Bronze,"No. 176, Jalan A6",Petaling Jaya,Selangor,46100,2025-11-22
38675,Fatimah,binti Rahman,Female,019-8149140,1990-08-29,fatimah38675@gmail.com,Bronze,"No. 226, Jalan D15",Petaling Jaya,Selangor,46050,2025-11-22
38676,Fatimah,binti Hamid,Female,016-8992274,1974-03-16,fatimah38676@gmail.com,Bronze,"No. 230, Jalan C16",Johor Bahru,Johor,81200,2025-11-22
38677,Vanessa,Lim,Female,013-7032510,1997-03-08,vanessa38677@gmail.com,Bronze,"No. 222, Jalan A1",George Town,Pulau Pinang,10000,2025-11-22
38678,Danial,bin Ahmad,Male,018-7045533,1964-03-01,danial38678@gmail.com,Bronze,"No. 139, Jalan C2",Melaka,Melaka,75250,2025-11-22
38679,Suresh,a/l Maniam,Male,014-8748587,1978-03-08,suresh38679@gmail.com,Bronze,"No. 137, Jalan B10",Melaka,Melaka,75350,2025-11-22
38680,Amelia,binti Hamid,Female,019-2400928,1988-09-30,amelia38680@gmail.com,Bronze,"No. 37, Jalan B16",Shah Alam,Selangor,40400,2025-11-22
38681,Siti,binti Yusof,Female,015-8816537,1993-03-30,siti38681@gmail.com,Gold,"No. 204, Jalan E13",Klang,Selangor,41250,2025-11-22
38682,Aisyah,binti Abdullah,Female,016-7406082,1993-12-23,aisyah38682@gmail.com,Bronze,"No. 192, Jalan G5",Klang,Selangor,41300,2025-11-22
38683,Daniel,Foo,Male,012-8907460,1968-10-10,daniel38683@gmail.com,Silver,"No. 284, Jalan A14",Selayang,Selangor,68000,2025-11-22
38684,Kavitha,a/p Subramaniam,Female,018-7059618,2004-12-01,kavitha38684@gmail.com,Bronze,"No. 287, Jalan C12",Setapak,Federal Territory of Kuala Lumpur,53300,2025-11-22
38685,Danial,bin Ahmad,Male,013-3385147,1972-12-07,danial38685@gmail.com,Bronze,"No. 95, Jalan A7",Setapak,Federal Territory of Kuala Lumpur,53000,2025-11-22
38686,Nabila,binti Osman,Female,016-2309748,1999-04-06,nabila38686@gmail.com,Gold,"No. 293, Jalan B11",Wangsa Maju,Federal Territory of Kuala Lumpur,53100,2025-11-22
38687,Arjun,a/l Maniam,Male,018-2747790,1982-10-18,arjun38687@gmail.com,Bronze,"No. 235, Jalan D8",Ipoh,Perak,30010,2025-11-22
38688,Suhaila,binti Yusof,Female,010-6279099,1981-01-02,suhaila38688@gmail.com,Bronze,"No. 142, Jalan C4",Taiping,Perak,34700,2025-11-22
38689,Aina,binti Hamid,Female,018-6092146,2002-11-26,aina38689@gmail.com,Bronze,"No. 229, Jalan C16",Seremban,Negeri Sembilan,70300,2025-11-22
38690,Nurin,binti Ismail,Female,010-9026552,1972-05-08,nurin38690@gmail.com,Bronze,"No. 300, Jalan E13",Kuantan,Pahang,25150,2025-11-22
38691,Divya,a/p Rajan,Female,015-4161277,2006-06-27,divya38691@gmail.com,Bronze,"No. 95, Jalan F17",Kuantan,Pahang,25050,2025-11-22
38692,Anisa,binti Hassan,Female,019-4501636,1996-06-15,anisa38692@gmail.com,Gold,"No. 250, Jalan D8",Subang Jaya,Selangor,47600,2025-11-22
38693,Faizal,bin Hamid,Male,019-3921052,1970-05-20,faizal38693@gmail.com,Silver,"No. 130, Jalan A2",Subang Jaya,Selangor,47630,2025-11-22
38694,Adam,bin Abdullah,Male,018-5860003,1990-03-04,adam38694@gmail.com,Gold,"No. 142, Jalan F18",Bukit Jalil,Federal Territory of Kuala Lumpur,57100,2025-11-22
38695,Sze Min,Liew,Female,019-9099798,1995-07-20,sze38695@gmail.com,Bronze,"No. 225, Jalan E19",Kuala Lumpur,Federal Territory of Kuala Lumpur,56000,2025-11-22
38696,Kok Wai,Teoh,Male,018-8209974,1967-08-08,kok38696@gmail.com,Bronze,"No. 82, Jalan G15",Kuala Lumpur,Federal Territory of Kuala Lumpur,55200,2025-11-23
38697,Zheng Yang,Liew,Male,016-8248458,1966-05-07,zheng38697@gmail.com,Silver,"No. 277, Jalan A4",Kuala Lumpur,Federal Territory of Kuala Lumpur,59000,2025-11-23
38698,Deepa,a/p Rajan,Female,014-4079554,1984-07-21,deepa38698@gmail.com,Bronze,"No. 140, Jalan A4",Bukit Jalil,Federal Territory of Kuala Lumpur,58200,2025-11-23
38699,Michelle,Lim,Female,014-9673382,2006-01-30,michelle38699@gmail.com,Bronze,"No. 207, Jalan E14",Petaling Jaya,Selangor,46200,2025-11-23
38700,Amirul,bin Razak,Male,012-3134534,1979-07-02,amirul38700@gmail.com,Bronze,"No. 129, Jalan E7",Sungai Buloh,Selangor,47810,2025-11-23
38701,Firdaus,bin Abdullah,Male,010-4867649,1970-03-10,firdaus38701@gmail.com,Bronze,"No. 30, Jalan F5",Ipoh,Perak,30000,2025-11-23
38702,Aina,binti Rahman,Female,013-6620886,1982-05-26,aina38702@gmail.com,Silver,"No. 133, Jalan B1",Petaling Jaya,Selangor,47400,2025-11-23
38703,Hafiz,bin Razak,Male,019-8520477,1972-06-22,hafiz38703@gmail.com,Bronze,"No. 143, Jalan F17",Melaka,Melaka,75250,2025-11-23
38704,Amelia,binti Hassan,Female,019-4193681,1977-07-22,amelia38704@gmail.com,Bronze,"No. 61, Jalan G16",Sungai Buloh,Selangor,47000,2025-11-23
38705,Divya,a/p Krishnan,Female,015-2267559,1965-10-02,divya38705@gmail.com,Bronze,"No. 78, Jalan A10",Puchong,Selangor,47140,2025-11-23
38706,Irfan,bin Ismail,Male,015-5071023,1986-08-17,irfan38706@gmail.com,Silver,"No. 33, Jalan D2",Subang Jaya,Selangor,47650,2025-11-23
38707,Jasmine,Chan,Female,011-1052745,1991-05-18,jasmine38707@gmail.com,Silver,"No. 194, Jalan A2",Puchong,Selangor,47180,2025-11-23
38708,Balqis,binti Zainal,Female,017-5817469,2004-12-26,balqis38708@gmail.com,Bronze,"No. 194, Jalan B3",Puchong,Selangor,47140,2025-11-23
38709,Arjun,a/l Krishnan,Male,014-2495120,1994-11-21,arjun38709@gmail.com,Bronze,"No. 206, Jalan F3",Gombak,Selangor,53100,2025-11-23
38710,Kok Wai,Ong,Male,013-7952613,1973-03-04,kok38710@gmail.com,Silver,"No. 62, Jalan D15",Setapak,Federal Territory of Kuala Lumpur,53300,2025-11-23
38711,Shu Fen,Chua,Female,018-8954290,1983-04-19,shu38711@gmail.com,Gold,"No. 145, Jalan A7",Kuala Lumpur,Federal Territory of Kuala Lumpur,50480,2025-11-23
38712,Ganesh,a/l Krishnan,Male,012-4127278,1970-04-09,ganesh38712@gmail.com,Gold,"No. 192, Jalan G6",Setapak,Federal Territory of Kuala Lumpur,53100,2025-11-23
38713,Ling Ling,Foo,Female,016-1090487,1991-06-25,ling38713@gmail.com,Silver,"No. 60, Jalan E12",Setapak,Federal Territory of Kuala Lumpur,53100,2025-11-23
38714,Alia,binti Osman,Female,013-9403472,1988-08-30,alia38714@gmail.com,Silver,"No. 191, Jalan A20",Wangsa Maju,Federal Territory of Kuala Lumpur,53100,2025-11-23
38715,Wan Ying,Teoh,Female,018-7681324,1985-10-20,wan38715@gmail.com,Silver,"No. 266, Jalan C1",Rawang,Selangor,48000,2025-11-23
38716,Firdaus,bin Yusof,Male,016-9286707,1997-03-11,firdaus38716@gmail.com,Silver,"No. 234, Jalan G20",Ipoh,Perak,31350,2025-11-23
38717,Aisyah,binti Yusof,Female,013-4281020,1989-06-20,aisyah38717@gmail.com,Bronze,"No. 161, Jalan D10",Seremban,Negeri Sembilan,70500,2025-11-23
38718,Yasmin,binti Rahman,Female,019-5473393,1981-08-07,yasmin38718@gmail.com,Silver,"No. 157, Jalan A10",Seremban,Negeri Sembilan,70000,2025-11-23
38719,Aina,binti Yusof,Female,018-4146699,1987-03-30,aina38719@gmail.com,Gold,"No. 184, Jalan C3",Gombak,Selangor,68100,2025-11-23
38720,Izzati,binti Razak,Female,016-3808357,2000-03-09,izzati38720@gmail.com,Bronze,"No. 49, Jalan E2",Subang Jaya,Selangor,47610,2025-11-23
38721,Nabila,binti Hassan,Female,018-8136373,2002-10-23,nabila38721@gmail.com,Bronze,"No. 225, Jalan D16",Kuala Lumpur,Federal Territory of Kuala Lumpur,56000,2025-11-24
38722,Ganesh,a/l Ramasamy,Male,016-6815908,1995-02-06,ganesh38722@gmail.com,Bronze,"No. 70, Jalan F10",Petaling Jaya,Selangor,46000,2025-11-24
38723,Anisa,binti Hamid,Female,016-2168811,1988-10-22,anisa38723@gmail.com,Silver,"No. 103, Jalan B8",Sungai Buloh,Selangor,47000,2025-11-24
38724,Xin Yi,Cheah,Female,012-1101998,2002-12-13,xin38724@gmail.com,Silver,"No. 276, Jalan F15",Sungai Buloh,Selangor,47810,2025-11-24
38725,Li Wen,Tan,Female,018-6348048,1997-07-24,li38725@gmail.com,Silver,"No. 273, Jalan F7",Petaling Jaya,Selangor,46300,2025-11-24
38726,Arjun,a/l Krishnan,Male,015-9424814,1979-04-23,arjun38726@gmail.com,Bronze,"No. 174, Jalan D12",Johor Bahru,Johor,80200,2025-11-24
38727,Yong Sheng,Chin,Male,010-3557049,2002-01-03,yong38727@gmail.com,Gold,"No. 283, Jalan B8",George Town,Pulau Pinang,10050,2025-11-24
38728,Yasmin,binti Yusof,Female,016-6346921,1982-03-30,yasmin38728@gmail.com,Gold,"No. 155, Jalan E14",Sungai Buloh,Selangor,47820,2025-11-24
38729,Chong Wei,Chan,Male,017-8025782,1994-06-04,chong38729@gmail.com,Bronze,"No. 108, Jalan B15",Gombak,Selangor,68100,2025-11-24
38730,Daniel,Loh,Male,017-6495766,1996-09-13,daniel38730@gmail.com,Bronze,"No. 82, Jalan C20",Gombak,Selangor,68100,2025-11-24
38731,Syafiq,bin Abdullah,Male,019-3738063,1981-03-10,syafiq38731@gmail.com,Bronze,"No. 248, Jalan G10",Ipoh,Perak,30000,2025-11-24
38732,Jia Yi,Yap,Female,013-3753481,1968-07-18,jia38732@gmail.com,Bronze,"No. 232, Jalan B19",Selayang,Selangor,68000,2025-11-24
38733,Ling Ling,Teoh,Female,012-6291131,1997-03-24,ling38733@gmail.com,Silver,"No. 286, Jalan G19",Subang Jaya,Selangor,47600,2025-11-24
38734,Haziq,bin Ahmad,Male,016-7767413,2005-10-17,haziq38734@gmail.com,Bronze,"No. 54, Jalan C20",Subang Jaya,Selangor,47610,2025-11-24
38735,Chong Wei,Liew,Male,018-3545701,2006-08-16,chong38735@gmail.com,Bronze,"No. 164, Jalan A7",Subang Jaya,Selangor,47630,2025-11-24
38736,Daniel,Goh,Male,011-6062698,1967-12-05,daniel38736@gmail.com,Platinum,"No. 300, Jalan F8",Bukit Jalil,Federal Territory of Kuala Lumpur,58200,2025-11-24
38737,Wei Jie,Foo,Male,014-5653387,1969-04-23,wei38737@gmail.com,Bronze,"No. 209, Jalan B1",Kepong,Federal Territory of Kuala Lumpur,52000,2025-11-25
38738,Chong Wei,Ong,Male,011-6649459,1976-09-17,chong38738@gmail.com,Silver,"No. 42, Jalan G17",Kuala Lumpur,Federal Territory of Kuala Lumpur,57000,2025-11-25
38739,Haziq,bin Rahman,Male,016-9186235,1967-05-14,haziq38739@gmail.com,Silver,"No. 296, Jalan G19",Petaling Jaya,Selangor,47400,2025-11-25
38740,Nur Aina,binti Zainal,Female,018-5229658,1994-11-10,nur38740@gmail.com,Bronze,"No. 81, Jalan C16",George Town,Pulau Pinang,10250,2025-11-25
38741,Adam,bin Yusof,Male,016-3293110,1991-08-19,adam38741@gmail.com,Bronze,"No. 64, Jalan A9",Shah Alam,Selangor,40200,2025-11-25
38742,Wan Ying,Lim,Female,014-2963578,1990-02-23,wan38742@gmail.com,Gold,"No. 152, Jalan G9",Sungai Buloh,Selangor,47810,2025-11-25
38743,Irfan,bin Ahmad,Male,018-9777002,1968-07-29,irfan38743@gmail.com,Platinum,"No. 193, Jalan B3",Wangsa Maju,Federal Territory of Kuala Lumpur,53100,2025-11-25
38744,Kok Wai,Yeoh,Male,012-4507004,2001-08-04,kok38744@gmail.com,Bronze,"No. 177, Jalan F14",Setapak,Federal Territory of Kuala Lumpur,53300,2025-11-25
38745,Ling Ling,Foo,Female,013-2775017,1973-08-10,ling38745@gmail.com,Bronze,"No. 190, Jalan F4",Gombak,Selangor,68100,2025-11-25
38746,Kai Xin,Teoh,Female,010-7869019,1983-09-04,kai38746@gmail.com,Bronze,"No. 129, Jalan A10",Ipoh,Perak,30000,2025-11-25
38747,Haziq,bin Abdullah,Male,019-4762065,1989-03-24,haziq38747@gmail.com,Silver,"No. 29, Jalan D19",Temerloh,Pahang,28400,2025-11-25
38748,Yasmin,binti Hamid,Female,011-6543345,1993-11-29,yasmin38748@gmail.com,Bronze,"No. 244, Jalan D7",Temerloh,Pahang,28400,2025-11-25
38749,Yasmin,binti Hassan,Female,017-5838906,1996-01-28,yasmin38749@gmail.com,Bronze,"No. 225, Jalan B15",Puchong,Selangor,47180,2025-11-25
38750,Alia,binti Osman,Female,011-3534823,1990-12-07,alia38750@gmail.com,Bronze,"No. 47, Jalan C17",Subang Jaya,Selangor,47500,2025-11-25
38751,Suresh,a/l Rajan,Male,011-9329026,1992-10-05,suresh38751@gmail.com,Bronze,"No. 138, Jalan D11",Bukit Jalil,Federal Territory of Kuala Lumpur,57000,2025-11-25
38752,Aiman,bin Razak,Male,011-5091803,1992-10-15,aiman38752@gmail.com,Platinum,"No. 219, Jalan C14",Bukit Jalil,Federal Territory of Kuala Lumpur,57000,2025-11-25
38753,Jia Yi,Chong,Female,018-6667414,1983-11-08,jia38753@gmail.com,Gold,"No. 135, Jalan A16",Petaling Jaya,Selangor,47301,2025-11-26
38754,Kevin,Wong,Male,010-4912093,1965-02-13,kevin38754@gmail.com,Silver,"No. 147, Jalan G15",Sungai Buloh,Selangor,47810,2025-11-26
38755,Siti,binti Hassan,Female,012-8376166,1993-01-03,siti38755@gmail.com,Gold,"No. 133, Jalan B3",Johor Bahru,Johor,80100,2025-11-26
38756,Yasmin,binti Osman,Female,010-5232118,1979-10-24,yasmin38756@gmail.com,Bronze,"No. 293, Jalan D8",George Town,Pulau Pinang,10150,2025-11-26
38757,Chloe,Chua,Female,011-9587725,1978-09-16,chloe38757@gmail.com,Bronze,"No. 82, Jalan A14",George Town,Pulau Pinang,10450,2025-11-26
38758,Ganesh,a/l Krishnan,Male,012-9910487,1999-04-16,ganesh38758@gmail.com,Bronze,"No. 291, Jalan E15",Melaka,Melaka,75200,2025-11-26
38759,Siti,binti Osman,Female,013-9256741,1967-11-10,siti38759@gmail.com,Gold,"No. 38, Jalan C9",Shah Alam,Selangor,40000,2025-11-26
38760,Nur Aina,binti Osman,Female,015-6909751,1989-04-21,nur38760@gmail.com,Gold,"No. 115, Jalan D15",Shah Alam,Selangor,40160,2025-11-26
38761,Aisyah,binti Abdullah,Female,011-2915071,1988-02-05,aisyah38761@gmail.com,Bronze,"No. 246, Jalan E16",Petaling Jaya,Selangor,47810,2025-11-26
38762,Haziq,bin Ismail,Male,012-3148730,1980-05-28,haziq38762@gmail.com,Gold,"No. 128, Jalan E11",Klang,Selangor,41300,2025-11-26
38763,Chloe,Chua,Female,011-7313993,1966-05-18,chloe38763@gmail.com,Silver,"No. 291, Jalan E4",Bangi,Selangor,43600,2025-11-26
38764,Prakash,a/l Ramasamy,Male,010-2840228,2003-03-31,prakash38764@gmail.com,Bronze,"No. 72, Jalan C5",Gombak,Selangor,53000,2025-11-26
38765,Wan Ying,Sim,Female,018-2187502,1987-06-14,wan38765@gmail.com,Silver,"No. 99, Jalan G17",Cyberjaya,Selangor,63000,2025-11-26
38766,Nur Aina,binti Osman,Female,017-5606901,1969-10-27,nur38766@gmail.com,Bronze,"No. 39, Jalan F16",Kepong,Federal Territory of Kuala Lumpur,52000,2025-11-26
38767,Suhaila,binti Yusof,Female,017-7865434,1969-09-11,suhaila38767@gmail.com,Bronze,"No. 134, Jalan E11",Setapak,Federal Territory of Kuala Lumpur,53000,2025-11-26
38768,Nadia,binti Hamid,Female,017-4378992,2001-06-05,nadia38768@gmail.com,Bronze,"No. 2, Jalan G14",Gombak,Selangor,53000,2025-11-26
38769,Amirul,bin Zainal,Male,010-8199076,1972-12-06,amirul38769@gmail.com,Bronze,"No. 10, Jalan A17",Seremban,Negeri Sembilan,70100,2025-11-26
38770,Rachel,Sim,Female,011-3170572,1970-12-18,rachel38770@gmail.com,Bronze,"No. 40, Jalan E10",Subang Jaya,Selangor,47500,2025-11-26
38771,Izzati,binti Zainal,Female,014-2968215,1964-04-21,izzati38771@gmail.com,Bronze,"No. 156, Jalan E16",Kajang,Selangor,43300,2025-11-26
38772,Jia Yi,Lim,Female,013-4051741,1980-12-22,jia38772@gmail.com,Bronze,"No. 236, Jalan D18",Kuala Lumpur,Federal Territory of Kuala Lumpur,57000,2025-11-26
38773,Aisyah,binti Abdullah,Female,019-9602398,2001-04-06,aisyah38773@gmail.com,Bronze,"No. 205, Jalan E11",Kepong,Federal Territory of Kuala Lumpur,52100,2025-11-27
38774,Yee Ling,Tan,Female,012-7449046,1991-11-22,yee38774@gmail.com,Gold,"No. 297, Jalan A4",Sungai Buloh,Selangor,47820,2025-11-27
38775,Siti,binti Razak,Female,010-6584152,1984-08-31,siti38775@gmail.com,Bronze,"No. 257, Jalan F4",Gombak,Selangor,53100,2025-11-27
38776,Amelia,binti Zainal,Female,017-7566103,1977-01-03,amelia38776@gmail.com,Bronze,"No. 54, Jalan F7",Sungai Buloh,Selangor,47000,2025-11-27
38777,Li Wen,Ong,Female,014-5756198,1975-07-16,li38777@gmail.com,Bronze,"No. 121, Jalan G9",Petaling Jaya,Selangor,47300,2025-11-27
38778,Hannah,binti Osman,Female,014-9464646,1998-09-15,hannah38778@gmail.com,Silver,"No. 110, Jalan A15",Johor Bahru,Johor,80350,2025-11-27
38779,Xin Yi,Loh,Female,016-2065718,1995-07-06,xin38779@gmail.com,Platinum,"No. 286, Jalan B13",Johor Bahru,Johor,80100,2025-11-27
38780,Jia Yi,Liew,Female,014-9864625,1964-08-28,jia38780@gmail.com,Bronze,"No. 272, Jalan C12",George Town,Pulau Pinang,10350,2025-11-27
38781,Suhaila,binti Osman,Female,012-6085496,1982-02-03,suhaila38781@gmail.com,Bronze,"No. 146, Jalan A11",Subang Jaya,Selangor,47630,2025-11-27
38782,Arjun,a/l Ramasamy,Male,011-4352655,2001-05-06,arjun38782@gmail.com,Bronze,"No. 119, Jalan B7",Shah Alam,Selangor,40450,2025-11-27
38783,Aina,binti Yusof,Female,019-6972696,1987-07-30,aina38783@gmail.com,Bronze,"No. 66, Jalan A13",Sungai Buloh,Selangor,47000,2025-11-27
38784,Rachel,Yap,Female,016-8108834,1977-08-26,rachel38784@gmail.com,Bronze,"No. 70, Jalan C12",Klang,Selangor,41150,2025-11-27
38785,Hafiz,bin Hassan,Male,010-8094384,2006-04-25,hafiz38785@gmail.com,Bronze,"No. 117, Jalan D6",Puchong,Selangor,47160,2025-11-27
38786,Lakshmi,a/p Subramaniam,Female,018-2516742,1977-02-11,lakshmi38786@gmail.com,Bronze,"No. 150, Jalan F4",Puchong,Selangor,47190,2025-11-27
38787,Nurin,binti Abdullah,Female,019-6645393,1975-10-26,nurin38787@gmail.com,Bronze,"No. 276, Jalan E17",Puchong,Selangor,47170,2025-11-27
38788,Adam,bin Zainal,Male,014-3173040,1998-06-15,adam38788@gmail.com,Bronze,"No. 113, Jalan A8",Wangsa Maju,Federal Territory of Kuala Lumpur,53300,2025-11-27
38789,Amirul,bin Razak,Male,016-4099098,1989-12-25,amirul38789@gmail.com,Bronze,"No. 16, Jalan E17",Taiping,Perak,34700,2025-11-27
38790,Chong Wei,Chong,Male,013-7309276,1992-05-09,chong38790@gmail.com,Gold,"No. 295, Jalan F1",Nilai,Negeri Sembilan,71760,2025-11-27
38791,Farah,binti Ahmad,Female,010-1608217,1981-01-13,farah38791@gmail.com,Bronze,"No. 69, Jalan C18",Subang Jaya,Selangor,47600,2025-11-27
38792,Balqis,binti Razak,Female,019-7485411,1992-08-30,balqis38792@gmail.com,Bronze,"No. 217, Jalan B13",Subang Jaya,Selangor,47500,2025-11-27
38793,Arjun,a/l Muniandy,Male,014-4771918,1997-08-28,arjun38793@gmail.com,Bronze,"No. 175, Jalan G6",Subang Jaya,Selangor,47620,2025-11-27
38794,Amirul,bin Zainal,Male,015-6435472,1995-09-25,amirul38794@gmail.com,Bronze,"No. 160, Jalan B2",Bukit Jalil,Federal Territory of Kuala Lumpur,57000,2025-11-27
38795,Siti,binti Rahman,Female,018-6651652,2007-01-11,siti38795@gmail.com,Bronze,"No. 260, Jalan E2",Wangsa Maju,Federal Territory of Kuala Lumpur,53300,2025-11-27
38796,Yasmin,binti Osman,Female,017-1636838,1981-12-24,yasmin38796@gmail.com,Platinum,"No. 139, Jalan E9",Bukit Jalil,Federal Territory of Kuala Lumpur,58200,2025-11-27
38797,Xin Yi,Loh,Female,016-8433479,1964-02-06,xin38797@gmail.com,Silver,"No. 14, Jalan E8",Kuala Lumpur,Federal Territory of Kuala Lumpur,55100,2025-11-28
38798,Zhi Wei,Foo,Male,019-9327261,2000-11-16,zhi38798@gmail.com,Gold,"No. 9, Jalan E8",Kuala Lumpur,Federal Territory of Kuala Lumpur,56000,2025-11-28
38799,Faizal,bin Hassan,Male,010-5932210,1998-07-09,faizal38799@gmail.com,Silver,"No. 220, Jalan C1",Sungai Buloh,Selangor,47000,2025-11-28
38800,Nabila,binti Abdullah,Female,016-1565656,1984-11-09,nabila38800@gmail.com,Platinum,"No. 282, Jalan B2",George Town,Pulau Pinang,10400,2025-11-28
38801,Rohani,binti Hamid,Female,010-8146370,2000-05-11,rohani38801@gmail.com,Silver,"No. 123, Jalan E2",Petaling Jaya,Selangor,46300,2025-11-28
38802,Aisyah,binti Razak,Female,019-5049444,1973-08-31,aisyah38802@gmail.com,Silver,"No. 157, Jalan A1",Johor Bahru,Johor,80000,2025-11-28
38803,Fatimah,binti Ahmad,Female,017-2524843,1992-03-12,fatimah38803@gmail.com,Gold,"No. 89, Jalan B17",Melaka,Melaka,75300,2025-11-28
38804,Danial,bin Ismail,Male,018-4339481,1974-10-08,danial38804@gmail.com,Bronze,"No. 257, Jalan F15",Sungai Buloh,Selangor,47820,2025-11-28
38805,Irfan,bin Osman,Male,017-3352319,1976-09-03,irfan38805@gmail.com,Silver,"No. 9, Jalan F15",Shah Alam,Selangor,40170,2025-11-28
38806,Yong Sheng,Chin,Male,014-5550078,1973-10-31,yong38806@gmail.com,Bronze,"No. 86, Jalan E4",Shah Alam,Selangor,40160,2025-11-28
38807,Amirul,bin Yusof,Male,012-2319291,1979-03-06,amirul38807@gmail.com,Silver,"No. 45, Jalan G16",Shah Alam,Selangor,40100,2025-11-28
38808,Chloe,Liew,Female,014-9304493,2004-08-15,chloe38808@gmail.com,Bronze,"No. 179, Jalan D13",Sungai Buloh,Selangor,47820,2025-11-28
38809,Yasmin,binti Hassan,Female,017-1033300,1997-10-16,yasmin38809@gmail.com,Bronze,"No. 249, Jalan D1",Selayang,Selangor,68100,2025-11-28
38810,Nur Aina,binti Hamid,Female,011-1662568,2002-03-23,nur38810@gmail.com,Silver,"No. 54, Jalan D19",Petaling Jaya,Selangor,47800,2025-11-28
38811,Yee Ling,Liew,Female,015-2020536,1972-06-08,yee38811@gmail.com,Bronze,"No. 44, Jalan A17",Sungai Buloh,Selangor,47820,2025-11-28
38812,Amelia,binti Osman,Female,019-1946903,1987-01-27,amelia38812@gmail.com,Silver,"No. 163, Jalan B9",Gombak,Selangor,53000,2025-11-28
38813,Hafiz,bin Osman,Male,014-7160405,1988-09-13,hafiz38813@gmail.com,Platinum,"No. 79, Jalan G18",Shah Alam,Selangor,40160,2025-11-28
38814,Hui Min,Chin,Female,016-2396785,1974-05-25,hui38814@gmail.com,Bronze,"No. 46, Jalan B2",Kajang,Selangor,43000,2025-11-28
38815,Siti,binti Razak,Female,015-5035354,1973-11-14,siti38815@gmail.com,Bronze,"No. 168, Jalan G11",Puchong,Selangor,47130,2025-11-28
38816,Rohani,binti Hamid,Female,012-7091047,1990-05-26,rohani38816@gmail.com,Bronze,"No. 285, Jalan E4",Setapak,Federal Territory of Kuala Lumpur,53300,2025-11-28
38817,Kavitha,a/p Maniam,Female,012-1979958,1982-06-01,kavitha38817@gmail.com,Bronze,"No. 73, Jalan A8",Setapak,Federal Territory of Kuala Lumpur,53200,2025-11-28
38818,Michelle,Cheah,Female,016-9796316,1998-08-30,michelle38818@gmail.com,Gold,"No. 13, Jalan F13",Setapak,Federal Territory of Kuala Lumpur,53300,2025-11-28
38819,Pei Shan,Lim,Female,013-8099237,1977-04-06,pei38819@gmail.com,Bronze,"No. 154, Jalan C3",Gombak,Selangor,53100,2025-11-28
38820,Firdaus,bin Rahman,Male,011-3551367,1965-11-08,firdaus38820@gmail.com,Silver,"No. 267, Jalan A15",Gombak,Selangor,53000,2025-11-28
38821,Pei Shan,Ng,Female,013-8067382,2001-08-25,pei38821@gmail.com,Bronze,"No. 119, Jalan C18",Gombak,Selangor,68100,2025-11-28
38822,Nabila,binti Hamid,Female,011-9922010,1969-11-18,nabila38822@gmail.com,Bronze,"No. 255, Jalan G8",Kuantan,Pahang,25050,2025-11-28
38823,Wei Jie,Chua,Male,011-8973087,1980-12-13,wei38823@gmail.com,Bronze,"No. 232, Jalan A3",Subang Jaya,Selangor,47630,2025-11-28
38824,Wei Jie,Chong,Male,017-5223527,1982-05-02,wei38824@gmail.com,Platinum,"No. 237, Jalan B6",Subang Jaya,Selangor,47650,2025-11-28
38825,Anjali,a/p Rajan,Female,015-6774995,1966-08-29,anjali38825@gmail.com,Bronze,"No. 47, Jalan B5",Bukit Jalil,Federal Territory of Kuala Lumpur,57000,2025-11-28
38826,Irfan,bin Ahmad,Male,013-2235803,1976-04-09,irfan38826@gmail.com,Bronze,"No. 257, Jalan A19",Bukit Jalil,Federal Territory of Kuala Lumpur,57000,2025-11-28
38827,Irfan,bin Hassan,Male,017-9437431,1981-07-05,irfan38827@gmail.com,Bronze,"No. 53, Jalan E16",Bukit Jalil,Federal Territory of Kuala Lumpur,57000,2025-11-28
38828,Zarina,binti Osman,Female,010-1741774,1990-06-11,zarina38828@gmail.com,Gold,"No. 71, Jalan E12",Wangsa Maju,Federal Territory of Kuala Lumpur,53100,2025-11-29
38829,Rohani,binti Hassan,Female,019-9100739,1971-07-24,rohani38829@gmail.com,Bronze,"No. 5, Jalan A9",Kuala Lumpur,Federal Territory of Kuala Lumpur,59200,2025-11-29
38830,Yee Ling,Cheah,Female,016-6386319,1965-08-25,yee38830@gmail.com,Bronze,"No. 257, Jalan A2",Petaling Jaya,Selangor,46200,2025-11-29
38831,Nurin,binti Razak,Female,011-6410127,1983-03-25,nurin38831@gmail.com,Gold,"No. 136, Jalan A18",Petaling Jaya,Selangor,46050,2025-11-29
38832,Hannah,binti Hamid,Female,019-9025768,1967-09-20,hannah38832@gmail.com,Bronze,"No. 111, Jalan G3",George Town,Pulau Pinang,10450,2025-11-29
38833,Wei Jie,Liew,Male,010-9476487,1968-12-28,wei38833@gmail.com,Gold,"No. 119, Jalan A15",Shah Alam,Selangor,40460,2025-11-29
38834,Irfan,bin Abdullah,Male,017-1757547,2002-09-30,irfan38834@gmail.com,Bronze,"No. 87, Jalan F9",Klang,Selangor,41200,2025-11-29
38835,Irfan,bin Osman,Male,019-9400970,1967-01-09,irfan38835@gmail.com,Silver,"No. 104, Jalan F12",Puchong,Selangor,47150,2025-11-29
38836,Fatimah,binti Hassan,Female,017-1932822,1964-06-30,fatimah38836@gmail.com,Bronze,"No. 256, Jalan F18",Selayang,Selangor,68000,2025-11-29
38837,Irfan,bin Hamid,Male,011-2536481,1965-02-19,irfan38837@gmail.com,Bronze,"No. 75, Jalan F20",Wangsa Maju,Federal Territory of Kuala Lumpur,53200,2025-11-29
38838,Lakshmi,a/p Maniam,Female,016-9286786,1977-07-17,lakshmi38838@gmail.com,Bronze,"No. 200, Jalan D16",Gombak,Selangor,53000,2025-11-29
38839,Balqis,binti Hamid,Female,012-6416972,2000-09-01,balqis38839@gmail.com,Bronze,"No. 64, Jalan B9",Ipoh,Perak,31400,2025-11-29
38840,Wei Jie,Foo,Male,018-6062236,2005-07-08,wei38840@gmail.com,Silver,"No. 19, Jalan A20",Ipoh,Perak,30250,2025-11-29
38841,Rohani,binti Ahmad,Female,012-3790525,1985-05-31,rohani38841@gmail.com,Bronze,"No. 185, Jalan F4",Selayang,Selangor,68100,2025-11-29
38842,Haziq,bin Ismail,Male,017-3176348,1986-05-10,haziq38842@gmail.com,Gold,"No. 67, Jalan B18",Seremban,Negeri Sembilan,70300,2025-11-29
38843,Suhaila,binti Ismail,Female,013-4588275,1966-12-06,suhaila38843@gmail.com,Silver,"No. 85, Jalan F12",Kuantan,Pahang,25100,2025-11-29
38844,Irfan,bin Osman,Male,017-4694020,1978-03-18,irfan38844@gmail.com,Silver,"No. 17, Jalan C12",Temerloh,Pahang,28400,2025-11-29
38845,Irfan,bin Yusof,Male,012-5038117,1977-11-30,irfan38845@gmail.com,Bronze,"No. 234, Jalan D20",Temerloh,Pahang,28400,2025-11-29
38846,Faizal,bin Rahman,Male,017-7970395,1981-09-22,faizal38846@gmail.com,Bronze,"No. 189, Jalan A12",Subang Jaya,Selangor,47600,2025-11-29
38847,Jun Hao,Cheah,Male,019-7600427,1972-12-12,jun38847@gmail.com,Bronze,"No. 27, Jalan D13",Bukit Jalil,Federal Territory of Kuala Lumpur,57000,2025-11-29
38848,Syafiq,bin Zainal,Male,015-3088943,1977-08-14,syafiq38848@gmail.com,Gold,"No. 109, Jalan G18",Bukit Jalil,Federal Territory of Kuala Lumpur,57000,2025-11-30
38849,Amelia,binti Osman,Female,016-5748062,2001-11-24,amelia38849@gmail.com,Silver,"No. 265, Jalan B18",Melaka,Melaka,75100,2025-11-30
38850,Syafiq,bin Ismail,Male,015-7456347,1987-01-14,syafiq38850@gmail.com,Gold,"No. 121, Jalan G1",Johor Bahru,Johor,81300,2025-11-30
38851,Farah,binti Hamid,Female,011-1747461,1986-08-16,farah38851@gmail.com,Bronze,"No. 184, Jalan E4",Selayang,Selangor,68000,2025-11-30
38852,Kai Xin,Ng,Female,012-3912623,1985-09-26,kai38852@gmail.com,Silver,"No. 289, Jalan E3",Shah Alam,Selangor,40450,2025-11-30
38853,Nurin,binti Rahman,Female,012-7946770,1991-10-01,nurin38853@gmail.com,Silver,"No. 114, Jalan A20",Klang,Selangor,41150,2025-11-30
38854,Kumar,a/l Ramasamy,Male,014-7379147,1979-10-18,kumar38854@gmail.com,Silver,"No. 211, Jalan C5",Klang,Selangor,41100,2025-11-30
38855,Nabila,binti Abdullah,Female,011-8629382,2006-10-09,nabila38855@gmail.com,Gold,"No. 135, Jalan E6",Klang,Selangor,41300,2025-11-30
38856,Nur Aina,binti Hassan,Female,016-9762452,2004-07-09,nur38856@gmail.com,Bronze,"No. 170, Jalan E15",Klang,Selangor,41000,2025-11-30
38857,Irfan,bin Osman,Male,011-8140603,1997-04-06,irfan38857@gmail.com,Bronze,"No. 164, Jalan G11",Puchong,Selangor,47180,2025-11-30
38858,Kavitha,a/p Krishnan,Female,015-5456855,1981-08-17,kavitha38858@gmail.com,Gold,"No. 94, Jalan E8",Puchong,Selangor,47180,2025-11-30
38859,Zheng Yang,Ong,Male,011-7682650,1996-04-04,zheng38859@gmail.com,Bronze,"No. 74, Jalan E17",Puchong,Selangor,47160,2025-11-30
38860,Wei Hong,Goh,Male,019-3493052,1996-11-03,wei38860@gmail.com,Bronze,"No. 239, Jalan C6",Setapak,Federal Territory of Kuala Lumpur,53300,2025-11-30
38861,Balqis,binti Ismail,Female,015-2782073,1998-07-27,balqis38861@gmail.com,Bronze,"No. 58, Jalan E14",Wangsa Maju,Federal Territory of Kuala Lumpur,53300,2025-11-30
38862,Wan Ying,Chong,Female,017-5641557,1997-04-16,wan38862@gmail.com,Bronze,"No. 102, Jalan A14",Wangsa Maju,Federal Territory of Kuala Lumpur,53300,2025-11-30
38863,Zulkifli,bin Zainal,Male,010-7702206,1975-11-04,zulkifli38863@gmail.com,Bronze,"No. 174, Jalan G10",Gombak,Selangor,68100,2025-11-30
38864,Danial,bin Hamid,Male,015-2071773,1980-09-06,danial38864@gmail.com,Bronze,"No. 263, Jalan D5",Seremban,Negeri Sembilan,70500,2025-11-30
38865,Balqis,binti Hamid,Female,019-2494154,1991-04-03,balqis38865@gmail.com,Bronze,"No. 254, Jalan B3",George Town,Pulau Pinang,10450,2025-11-30
38866,Yasmin,binti Hamid,Female,014-5141019,1990-05-06,yasmin38866@gmail.com,Silver,"No. 241, Jalan B7",Setapak,Federal Territory of Kuala Lumpur,53300,2025-11-30
38867,Ravi,a/l Maniam,Male,010-6022054,1987-11-14,ravi38867@gmail.com,Silver,"No. 230, Jalan G20",Bukit Jalil,Federal Territory of Kuala Lumpur,57100,2025-11-30
38868,Wei Jie,Chong,Male,019-6649492,2000-01-03,wei38868@gmail.com,Bronze,"No. 289, Jalan A15",Kuala Lumpur,Federal Territory of Kuala Lumpur,55200,2025-12-01
38869,Zulkifli,bin Yusof,Male,012-7723807,1984-09-07,zulkifli38869@gmail.com,Silver,"No. 161, Jalan F7",Petaling Jaya,Selangor,47800,2025-12-01
38870,Daniel,Loh,Male,017-7038492,2001-05-17,daniel38870@gmail.com,Bronze,"No. 174, Jalan C18",Sungai Buloh,Selangor,47000,2025-12-01
38871,Aiman,bin Yusof,Male,013-7252640,1978-07-31,aiman38871@gmail.com,Silver,"No. 67, Jalan D2",Subang Jaya,Selangor,47620,2025-12-01
38872,Deepa,a/p Subramaniam,Female,019-6363903,1969-05-03,deepa38872@gmail.com,Bronze,"No. 258, Jalan F16",Petaling Jaya,Selangor,46300,2025-12-01
38873,Nurul Huda,binti Ismail,Female,012-9293941,1994-12-09,nurul38873@gmail.com,Silver,"No. 163, Jalan F20",Puchong,Selangor,47140,2025-12-01
38874,Zheng Yang,Goh,Male,019-2864307,1971-09-02,zheng38874@gmail.com,Silver,"No. 289, Jalan E13",Puchong,Selangor,47120,2025-12-01
38875,Balqis,binti Razak,Female,012-8223907,1967-06-30,balqis38875@gmail.com,Bronze,"No. 29, Jalan B17",Setapak,Federal Territory of Kuala Lumpur,53000,2025-12-01
38876,Izzati,binti Rahman,Female,013-3220459,1966-07-30,izzati38876@gmail.com,Silver,"No. 215, Jalan C10",Kuala Lumpur,Federal Territory of Kuala Lumpur,50480,2025-12-01
38877,Sharmila,a/p Rajan,Female,010-3171256,1980-04-09,sharmila38877@gmail.com,Platinum,"No. 222, Jalan F20",Wangsa Maju,Federal Territory of Kuala Lumpur,53200,2025-12-01
38878,Amirul,bin Hassan,Male,016-4776887,1993-01-25,amirul38878@gmail.com,Silver,"No. 220, Jalan C11",Setapak,Federal Territory of Kuala Lumpur,53000,2025-12-01
38879,Sze Min,Khoo,Female,013-2344941,1975-06-09,sze38879@gmail.com,Bronze,"No. 30, Jalan A6",Wangsa Maju,Federal Territory of Kuala Lumpur,53200,2025-12-01
38880,Nurin,binti Ismail,Female,014-9793865,1991-09-25,nurin38880@gmail.com,Bronze,"No. 257, Jalan B5",Ipoh,Perak,30100,2025-12-01
38881,Balqis,binti Rahman,Female,010-7755003,1973-10-26,balqis38881@gmail.com,Bronze,"No. 195, Jalan B3",Seremban,Negeri Sembilan,70500,2025-12-01
38882,Kok Wai,Ng,Male,012-9864087,1994-07-28,kok38882@gmail.com,Gold,"No. 12, Jalan D14",Seremban,Negeri Sembilan,70450,2025-12-01
38883,Jun Hao,Wong,Male,011-5071681,1998-12-12,jun38883@gmail.com,Bronze,"No. 204, Jalan D1",Kepong,Federal Territory of Kuala Lumpur,52100,2025-12-02
38884,Danial,bin Osman,Male,015-4531644,1977-11-06,danial38884@gmail.com,Silver,"No. 47, Jalan F2",Kuala Lumpur,Federal Territory of Kuala Lumpur,59000,2025-12-02
38885,Zarina,binti Zainal,Female,011-6316318,1999-08-05,zarina38885@gmail.com,Bronze,"No. 258, Jalan A4",Kuala Lumpur,Federal Territory of Kuala Lumpur,50480,2025-12-02
38886,Kavitha,a/p Ramasamy,Female,019-4253137,1994-06-12,kavitha38886@gmail.com,Gold,"No. 30, Jalan F15",Kuala Lumpur,Federal Territory of Kuala Lumpur,55100,2025-12-02
38887,Aina,binti Yusof,Female,017-7587271,1969-11-18,aina38887@gmail.com,Gold,"No. 293, Jalan A3",Kuala Lumpur,Federal Territory of Kuala Lumpur,57000,2025-12-02
38888,Farah,binti Yusof,Female,010-9754346,2007-04-29,farah38888@gmail.com,Bronze,"No. 120, Jalan G16",Sungai Buloh,Selangor,47000,2025-12-02
38889,Aiman,bin Osman,Male,019-8991209,2007-03-25,aiman38889@gmail.com,Platinum,"No. 183, Jalan F10",Sungai Buloh,Selangor,47810,2025-12-02
38890,Aiman,bin Ismail,Male,015-2135152,2003-09-03,aiman38890@gmail.com,Gold,"No. 75, Jalan E15",Johor Bahru,Johor,81300,2025-12-02
38891,Izzati,binti Razak,Female,018-2407094,1983-05-01,izzati38891@gmail.com,Bronze,"No. 35, Jalan A13",George Town,Pulau Pinang,10400,2025-12-02
38892,Aina,binti Zainal,Female,019-4248578,2006-04-18,aina38892@gmail.com,Bronze,"No. 81, Jalan F17",Shah Alam,Selangor,40100,2025-12-02
38893,Lakshmi,a/p Rajan,Female,015-6832577,2004-03-29,lakshmi38893@gmail.com,Bronze,"No. 74, Jalan C6",Shah Alam,Selangor,40100,2025-12-02
38894,Chong Wei,Yeoh,Male,013-3603253,1968-12-18,chong38894@gmail.com,Bronze,"No. 278, Jalan B8",Klang,Selangor,41150,2025-12-02
38895,Hafiz,bin Rahman,Male,010-8515234,1974-07-30,hafiz38895@gmail.com,Silver,"No. 226, Jalan B11",Setapak,Federal Territory of Kuala Lumpur,53300,2025-12-02
38896,Thivya,a/p Ramasamy,Female,019-1279893,2002-05-03,thivya38896@gmail.com,Bronze,"No. 119, Jalan G12",Kepong,Federal Territory of Kuala Lumpur,51200,2025-12-02
38897,Aisyah,binti Abdullah,Female,013-3028918,1974-10-10,aisyah38897@gmail.com,Bronze,"No. 175, Jalan C15",Wangsa Maju,Federal Territory of Kuala Lumpur,53300,2025-12-02
38898,Rachel,Loh,Female,019-9866097,1990-01-31,rachel38898@gmail.com,Bronze,"No. 252, Jalan B6",Ipoh,Perak,30300,2025-12-02
38899,Rachel,Goh,Female,011-7472055,1981-06-27,rachel38899@gmail.com,Silver,"No. 196, Jalan E4",Seremban,Negeri Sembilan,70500,2025-12-02
38900,Grace,Foo,Female,011-7961488,1977-09-21,grace38900@gmail.com,Platinum,"No. 210, Jalan F7",Temerloh,Pahang,28000,2025-12-02
38901,Rajesh,a/l Ramasamy,Male,014-7681127,1979-12-21,rajesh38901@gmail.com,Silver,"No. 32, Jalan C17",Subang Jaya,Selangor,47610,2025-12-02
38902,Hannah,binti Ismail,Female,018-1782776,1990-06-02,hannah38902@gmail.com,Silver,"No. 69, Jalan B20",Bukit Jalil,Federal Territory of Kuala Lumpur,58200,2025-12-02
38903,Kai Xin,Sim,Female,014-7610837,1989-01-12,kai38903@gmail.com,Silver,"No. 35, Jalan F17",Bukit Jalil,Federal Territory of Kuala Lumpur,58200,2025-12-02
38904,Kavitha,a/p Ramasamy,Female,016-3069095,1997-11-22,kavitha38904@gmail.com,Bronze,"No. 222, Jalan B5",Petaling Jaya,Selangor,47800,2025-12-03
38905,Zheng Yang,Yap,Male,018-2210815,2001-03-01,zheng38905@gmail.com,Bronze,"No. 56, Jalan E9",Kuala Lumpur,Federal Territory of Kuala Lumpur,55200,2025-12-03
38906,Zulkifli,bin Rahman,Male,016-2248887,1966-12-27,zulkifli38906@gmail.com,Bronze,"No. 4, Jalan B5",Petaling Jaya,Selangor,47800,2025-12-03
38907,Nurin,binti Ismail,Female,012-4955562,2001-05-24,nurin38907@gmail.com,Bronze,"No. 6, Jalan E18",Sungai Buloh,Selangor,47810,2025-12-03
38908,Priya,a/p Subramaniam,Female,012-8889342,1974-05-18,priya38908@gmail.com,Bronze,"No. 120, Jalan C5",Puchong,Selangor,47100,2025-12-03
38909,Yee Ling,Goh,Female,011-9666267,1994-08-25,yee38909@gmail.com,Bronze,"No. 284, Jalan B20",Selayang,Selangor,68100,2025-12-03
38910,Yasmin,binti Ismail,Female,017-3752260,1977-04-17,yasmin38910@gmail.com,Bronze,"No. 222, Jalan C2",Wangsa Maju,Federal Territory of Kuala Lumpur,53300,2025-12-03
38911,Mei Ling,Chin,Female,018-6526781,1977-02-07,mei38911@gmail.com,Bronze,"No. 187, Jalan B5",Gombak,Selangor,68100,2025-12-03
38912,Aiman,bin Ahmad,Male,015-6254289,2003-10-04,aiman38912@gmail.com,Bronze,"No. 97, Jalan E11",Gombak,Selangor,53000,2025-12-03
38913,Nurin,binti Hassan,Female,015-7154815,2007-04-09,nurin38913@gmail.com,Gold,"No. 101, Jalan E17",Gombak,Selangor,68100,2025-12-03
38914,Nadia,binti Hamid,Female,012-6152041,1991-12-13,nadia38914@gmail.com,Bronze,"No. 152, Jalan F16",Ampang,Selangor,68000,2025-12-03
38915,Jian Ming,Chin,Male,013-8034304,1997-08-20,jian38915@gmail.com,Bronze,"No. 279, Jalan F12",Ipoh,Perak,31350,2025-12-03
38916,Wei Hong,Sim,Male,017-8741954,2001-08-29,wei38916@gmail.com,Gold,"No. 251, Jalan A20",Seremban,Negeri Sembilan,70200,2025-12-03
38917,Rohani,binti Rahman,Female,017-9518635,1998-10-20,rohani38917@gmail.com,Bronze,"No. 202, Jalan D6",Kuantan,Pahang,25150,2025-12-03
38918,Farah,binti Ahmad,Female,019-3562206,1995-01-14,farah38918@gmail.com,Silver,"No. 104, Jalan C17",Kuantan,Pahang,25250,2025-12-03
38919,Izzati,binti Hamid,Female,017-1225095,2004-04-05,izzati38919@gmail.com,Silver,"No. 239, Jalan E5",Kuala Lumpur,Federal Territory of Kuala Lumpur,50480,2025-12-04
38920,Balqis,binti Ahmad,Female,014-2911052,1982-11-16,balqis38920@gmail.com,Bronze,"No. 85, Jalan C13",Kuala Lumpur,Federal Territory of Kuala Lumpur,56000,2025-12-04
38921,Jia Yi,Chong,Female,014-8189123,1981-11-15,jia38921@gmail.com,Bronze,"No. 100, Jalan E12",Kuala Lumpur,Federal Territory of Kuala Lumpur,55100,2025-12-04
38922,Anjali,a/p Muniandy,Female,012-2527114,2005-11-18,anjali38922@gmail.com,Bronze,"No. 183, Jalan A8",Gombak,Selangor,53100,2025-12-04
38923,Michelle,Tan,Female,011-4963553,1988-11-28,michelle38923@gmail.com,Silver,"No. 168, Jalan D3",Petaling Jaya,Selangor,47301,2025-12-04
38924,Suhaila,binti Hamid,Female,010-8213783,1992-07-10,suhaila38924@gmail.com,Bronze,"No. 53, Jalan F12",Johor Bahru,Johor,81100,2025-12-04
38925,Alia,binti Hassan,Female,015-5861971,1992-06-29,alia38925@gmail.com,Bronze,"No. 252, Jalan G17",Seremban,Negeri Sembilan,70000,2025-12-04
38926,Alia,binti Hassan,Female,019-5870026,2003-01-05,alia38926@gmail.com,Bronze,"No. 8, Jalan B6",Shah Alam,Selangor,40170,2025-12-04
38927,Alia,binti Osman,Female,016-4397736,2006-04-30,alia38927@gmail.com,Silver,"No. 6, Jalan D11",Sungai Buloh,Selangor,47810,2025-12-04
38928,Suhaila,binti Razak,Female,018-9011743,1996-10-29,suhaila38928@gmail.com,Bronze,"No. 140, Jalan A9",Puchong,Selangor,47120,2025-12-04
38929,Haziq,bin Razak,Male,018-6795040,1987-07-24,haziq38929@gmail.com,Bronze,"No. 109, Jalan B16",Cyberjaya,Selangor,63100,2025-12-04
38930,Yee Ling,Chan,Female,014-8581349,1997-06-13,yee38930@gmail.com,Bronze,"No. 111, Jalan G9",Selayang,Selangor,68000,2025-12-04
38931,Faizal,bin Razak,Male,016-5710493,1983-10-21,faizal38931@gmail.com,Bronze,"No. 219, Jalan A19",Wangsa Maju,Federal Territory of Kuala Lumpur,53200,2025-12-04
38932,Kok Wai,Lee,Male,014-6823380,1986-02-03,kok38932@gmail.com,Bronze,"No. 265, Jalan B12",Wangsa Maju,Federal Territory of Kuala Lumpur,53200,2025-12-04
38933,Sharmila,a/p Muniandy,Female,013-9570535,1980-07-20,sharmila38933@gmail.com,Gold,"No. 260, Jalan A7",Ipoh,Perak,30300,2025-12-04
38934,Faizal,bin Ahmad,Male,011-2160202,1965-07-31,faizal38934@gmail.com,Platinum,"No. 108, Jalan D2",Seremban,Negeri Sembilan,70100,2025-12-04
38935,Meena,a/p Rajan,Female,019-4616878,2004-09-07,meena38935@gmail.com,Bronze,"No. 180, Jalan A20",Seremban,Negeri Sembilan,70400,2025-12-04
38936,Irfan,bin Osman,Male,010-8811316,2006-08-15,irfan38936@gmail.com,Bronze,"No. 253, Jalan D5",Temerloh,Pahang,28000,2025-12-04
38937,Aisyah,binti Ahmad,Female,016-7425038,1985-03-25,aisyah38937@gmail.com,Silver,"No. 47, Jalan C20",Kuantan,Pahang,25000,2025-12-04
38938,Suhaila,binti Ahmad,Female,018-9717702,1966-09-25,suhaila38938@gmail.com,Gold,"No. 185, Jalan C16",Kuantan,Pahang,25050,2025-12-04
38939,Sze Min,Sim,Female,012-5893447,1983-10-08,sze38939@gmail.com,Silver,"No. 164, Jalan E17",Subang Jaya,Selangor,47620,2025-12-04
38940,Yasmin,binti Ahmad,Female,010-2115709,1968-01-27,yasmin38940@gmail.com,Bronze,"No. 245, Jalan E9",Seremban,Negeri Sembilan,70500,2025-12-04
38941,Nurin,binti Razak,Female,015-5839147,1970-06-30,nurin38941@gmail.com,Silver,"No. 20, Jalan C10",Kuala Lumpur,Federal Territory of Kuala Lumpur,56000,2025-12-05
38942,Jasmine,Chua,Female,014-5458340,1971-03-25,jasmine38942@gmail.com,Bronze,"No. 66, Jalan C5",Kuala Lumpur,Federal Territory of Kuala Lumpur,50450,2025-12-05
38943,Ravi,a/l Muniandy,Male,016-9993141,2000-03-01,ravi38943@gmail.com,Bronze,"No. 56, Jalan D1",Petaling Jaya,Selangor,47301,2025-12-05
38944,Sharmila,a/p Muniandy,Female,015-6236686,1989-01-10,sharmila38944@gmail.com,Gold,"No. 200, Jalan F11",Petaling Jaya,Selangor,46000,2025-12-05
38945,Arjun,a/l Rajan,Male,018-4574232,1975-03-31,arjun38945@gmail.com,Bronze,"No. 108, Jalan B17",Puchong,Selangor,47180,2025-12-05
38946,Zarina,binti Abdullah,Female,016-2242149,2005-08-20,zarina38946@gmail.com,Bronze,"No. 143, Jalan E2",Johor Bahru,Johor,80350,2025-12-05
38947,Nur Aina,binti Hamid,Female,010-7407115,2005-06-17,nur38947@gmail.com,Silver,"No. 246, Jalan C9",Johor Bahru,Johor,81100,2025-12-05
38948,Nadia,binti Ahmad,Female,018-4721124,1989-10-07,nadia38948@gmail.com,Silver,"No. 105, Jalan B18",Johor Bahru,Johor,80350,2025-12-05
38949,Shalini,a/p Subramaniam,Female,010-8940267,1991-09-21,shalini38949@gmail.com,Bronze,"No. 104, Jalan F7",Johor Bahru,Johor,81300,2025-12-05
38950,Lakshmi,a/p Ramasamy,Female,013-4490188,1973-01-30,lakshmi38950@gmail.com,Platinum,"No. 189, Jalan A7",Sungai Buloh,Selangor,47820,2025-12-05
38951,Priya,a/p Krishnan,Female,013-3417176,1977-12-24,priya38951@gmail.com,Bronze,"No. 107, Jalan D2",Puchong,Selangor,47130,2025-12-05
38952,Hafiz,bin Zainal,Male,019-8060503,1978-06-07,hafiz38952@gmail.com,Bronze,"No. 225, Jalan G8",Bangi,Selangor,43600,2025-12-05
38953,Nadia,binti Osman,Female,012-5830936,1998-07-29,nadia38953@gmail.com,Bronze,"No. 267, Jalan E17",Wangsa Maju,Federal Territory of Kuala Lumpur,53200,2025-12-05
38954,Fatimah,binti Ismail,Female,015-2548100,1986-11-09,fatimah38954@gmail.com,Bronze,"No. 228, Jalan A8",Seremban,Negeri Sembilan,70400,2025-12-05
38955,Balqis,binti Hassan,Female,016-4105467,1978-08-12,balqis38955@gmail.com,Bronze,"No. 236, Jalan G20",Seremban,Negeri Sembilan,70400,2025-12-05
38956,Fatimah,binti Hamid,Female,013-7051694,1998-05-27,fatimah38956@gmail.com,Bronze,"No. 215, Jalan E2",Subang Jaya,Selangor,47630,2025-12-05
38957,Kavitha,a/p Subramaniam,Female,012-7560461,1972-08-07,kavitha38957@gmail.com,Bronze,"No. 211, Jalan E10",Subang Jaya,Selangor,47650,2025-12-05
38958,Nurul Huda,binti Yusof,Female,010-7237091,1967-08-17,nurul38958@gmail.com,Silver,"No. 271, Jalan B4",Bukit Jalil,Federal Territory of Kuala Lumpur,57100,2025-12-05
38959,Rachel,Chan,Female,012-4959124,1968-04-03,rachel38959@gmail.com,Silver,"No. 188, Jalan B5",Kuala Lumpur,Federal Territory of Kuala Lumpur,56000,2025-12-06
38960,Alia,binti Hamid,Female,012-6991027,2006-12-09,alia38960@gmail.com,Bronze,"No. 92, Jalan A17",Wangsa Maju,Federal Territory of Kuala Lumpur,53200,2025-12-06
38961,Nabila,binti Ismail,Female,015-5180382,1971-05-22,nabila38961@gmail.com,Bronze,"No. 296, Jalan C2",Petaling Jaya,Selangor,46100,2025-12-06
38962,Michelle,Yeoh,Female,019-2598031,1972-03-03,michelle38962@gmail.com,Bronze,"No. 231, Jalan F9",Petaling Jaya,Selangor,47800,2025-12-06
38963,Danial,bin Ismail,Male,011-9594241,1988-09-06,danial38963@gmail.com,Gold,"No. 271, Jalan E8",Johor Bahru,Johor,80100,2025-12-06
38964,Shalini,a/p Muniandy,Female,011-8292712,1964-07-31,shalini38964@gmail.com,Silver,"No. 164, Jalan E3",George Town,Pulau Pinang,10150,2025-12-06
38965,Nurin,binti Hamid,Female,018-4064159,1981-08-10,nurin38965@gmail.com,Bronze,"No. 296, Jalan D10",Puchong,Selangor,47130,2025-12-06
38966,Aiman,bin Ahmad,Male,014-4888260,1983-08-30,aiman38966@gmail.com,Silver,"No. 140, Jalan E10",Kajang,Selangor,43200,2025-12-06
38967,Yasmin,binti Rahman,Female,017-6526206,1971-04-24,yasmin38967@gmail.com,Bronze,"No. 203, Jalan C13",Petaling Jaya,Selangor,47810,2025-12-06
38968,Siti,binti Ismail,Female,015-2540198,1981-02-07,siti38968@gmail.com,Bronze,"No. 153, Jalan B10",Shah Alam,Selangor,40170,2025-12-06
38969,Siti,binti Razak,Female,013-3927296,1969-12-30,siti38969@gmail.com,Gold,"No. 68, Jalan C8",Selayang,Selangor,68000,2025-12-06
38970,Michelle,Sim,Female,015-9058892,1987-01-31,michelle38970@gmail.com,Bronze,"No. 95, Jalan C2",Petaling Jaya,Selangor,47810,2025-12-06
38971,Farah,binti Ismail,Female,013-8257821,1989-03-15,farah38971@gmail.com,Gold,"No. 70, Jalan A12",Setapak,Federal Territory of Kuala Lumpur,53300,2025-12-06
38972,Haziq,bin Osman,Male,019-5420128,1995-08-21,haziq38972@gmail.com,Bronze,"No. 127, Jalan F17",Wangsa Maju,Federal Territory of Kuala Lumpur,53200,2025-12-06
38973,Jia Yi,Chua,Female,012-4765052,1980-08-15,jia38973@gmail.com,Bronze,"No. 191, Jalan C7",Ampang,Selangor,55100,2025-12-06
38974,Thivya,a/p Muniandy,Female,015-7165829,1999-01-23,thivya38974@gmail.com,Bronze,"No. 221, Jalan A8",Ipoh,Perak,30010,2025-12-06
38975,Zheng Yang,Chin,Male,014-3394354,1976-04-12,zheng38975@gmail.com,Gold,"No. 165, Jalan A15",Temerloh,Pahang,28400,2025-12-06
38976,Zarina,binti Hassan,Female,019-1662417,1976-05-19,zarina38976@gmail.com,Silver,"No. 239, Jalan F19",Bukit Jalil,Federal Territory of Kuala Lumpur,57000,2025-12-06
38977,Shu Fen,Goh,Female,011-8019826,1992-02-27,shu38977@gmail.com,Bronze,"No. 258, Jalan B11",Shah Alam,Selangor,40000,2025-12-06
38978,Hafiz,bin Rahman,Male,016-7313838,1992-10-08,hafiz38978@gmail.com,Bronze,"No. 223, Jalan F17",Klang,Selangor,41250,2025-12-07
38979,Ling Ling,Ong,Female,010-2504464,1997-06-10,ling38979@gmail.com,Bronze,"No. 243, Jalan G13",Petaling Jaya,Selangor,47300,2025-12-07
38980,Haziq,bin Ismail,Male,010-6860822,1999-05-26,haziq38980@gmail.com,Bronze,"No. 134, Jalan E4",Klang,Selangor,41050,2025-12-07
38981,Rohani,binti Hamid,Female,017-4290559,1983-10-24,rohani38981@gmail.com,Platinum,"No. 118, Jalan A14",George Town,Pulau Pinang,10000,2025-12-07
38982,Emily,Chin,Female,010-2888092,1999-10-11,emily38982@gmail.com,Bronze,"No. 34, Jalan B6",Puchong,Selangor,47190,2025-12-07
38983,Priya,a/p Rajan,Female,016-8412262,1970-03-25,priya38983@gmail.com,Bronze,"No. 126, Jalan G10",George Town,Pulau Pinang,10250,2025-12-07
38984,Kevin,Loh,Male,017-5926000,1977-04-22,kevin38984@gmail.com,Silver,"No. 245, Jalan C9",George Town,Pulau Pinang,10400,2025-12-07
38985,Yasmin,binti Osman,Female,012-8580821,1970-12-01,yasmin38985@gmail.com,Silver,"No. 293, Jalan F1",George Town,Pulau Pinang,10400,2025-12-07
38986,Anisa,binti Razak,Female,019-8732835,1994-09-02,anisa38986@gmail.com,Silver,"No. 18, Jalan C18",Melaka,Melaka,75200,2025-12-07
38987,Nadia,binti Zainal,Female,012-7633683,1978-11-21,nadia38987@gmail.com,Gold,"No. 246, Jalan A19",Melaka,Melaka,75250,2025-12-07
38988,Nabila,binti Razak,Female,015-2477538,1993-04-25,nabila38988@gmail.com,Silver,"No. 239, Jalan G16",Shah Alam,Selangor,40100,2025-12-07
38989,Prakash,a/l Rajan,Male,010-8214940,2007-07-18,prakash38989@gmail.com,Gold,"No. 170, Jalan D1",Shah Alam,Selangor,40100,2025-12-07
38990,Aisyah,binti Hamid,Female,016-2009432,1997-03-28,aisyah38990@gmail.com,Gold,"No. 169, Jalan F12",Gombak,Selangor,53000,2025-12-07
38991,Yong Sheng,Loh,Male,017-6822052,2004-11-15,yong38991@gmail.com,Bronze,"No. 176, Jalan A6",Sungai Buloh,Selangor,47820,2025-12-07
38992,Adam,bin Ismail,Male,013-6655899,2005-07-21,adam38992@gmail.com,Silver,"No. 196, Jalan G19",Shah Alam,Selangor,40150,2025-12-07
38993,Yong Sheng,Sim,Male,018-5181761,2003-04-22,yong38993@gmail.com,Bronze,"No. 141, Jalan G16",Puchong,Selangor,47190,2025-12-07
38994,Izzati,binti Hassan,Female,012-4964083,2005-09-18,izzati38994@gmail.com,Bronze,"No. 220, Jalan G8",Klang,Selangor,41100,2025-12-07
38995,Zarina,binti Osman,Female,014-1295646,1993-05-20,zarina38995@gmail.com,Bronze,"No. 141, Jalan F10",Puchong,Selangor,47110,2025-12-07
38996,Faizal,bin Osman,Male,010-8484445,1984-10-23,faizal38996@gmail.com,Gold,"No. 75, Jalan F2",Bukit Jalil,Federal Territory of Kuala Lumpur,57100,2025-12-07
38997,Suhaila,binti Ismail,Female,011-4910964,1996-09-21,suhaila38997@gmail.com,Bronze,"No. 258, Jalan A15",Setapak,Federal Territory of Kuala Lumpur,53200,2025-12-07
38998,Nurin,binti Abdullah,Female,017-1949233,1987-07-10,nurin38998@gmail.com,Bronze,"No. 226, Jalan G4",Wangsa Maju,Federal Territory of Kuala Lumpur,53300,2025-12-07
38999,Fatimah,binti Abdullah,Female,015-1282305,1994-08-06,fatimah38999@gmail.com,Gold,"No. 164, Jalan A10",Seremban,Negeri Sembilan,70400,2025-12-07
39000,Nurin,binti Hassan,Female,012-8749959,1974-06-09,nurin39000@gmail.com,Silver,"No. 71, Jalan F15",Seremban,Negeri Sembilan,70400,2025-12-07
39001,Nurin,binti Hassan,Female,013-9834643,1994-06-07,nurin39001@gmail.com,Gold,"No. 68, Jalan G15",Kuantan,Pahang,25100,2025-12-07
39002,Kumar,a/l Krishnan,Male,013-6906708,1971-09-16,kumar39002@gmail.com,Platinum,"No. 271, Jalan A8",Kajang,Selangor,43100,2025-12-07
39003,Nurul Huda,binti Ahmad,Female,018-3582729,1991-08-07,nurul39003@gmail.com,Bronze,"No. 10, Jalan C20",Subang Jaya,Selangor,47620,2025-12-07
39004,Firdaus,bin Hamid,Male,010-8122099,2003-09-26,firdaus39004@gmail.com,Gold,"No. 201, Jalan B3",Bukit Jalil,Federal Territory of Kuala Lumpur,58200,2025-12-07
39005,Deepa,a/p Muniandy,Female,015-8015368,1985-04-02,deepa39005@gmail.com,Bronze,"No. 16, Jalan E5",Kepong,Federal Territory of Kuala Lumpur,52100,2025-12-08
39006,Amelia,binti Yusof,Female,017-2623404,2004-09-22,amelia39006@gmail.com,Silver,"No. 63, Jalan G17",Kuala Lumpur,Federal Territory of Kuala Lumpur,59000,2025-12-08
39007,Shu Fen,Chan,Female,012-4579279,2005-04-01,shu39007@gmail.com,Bronze,"No. 290, Jalan D5",Kuala Lumpur,Federal Territory of Kuala Lumpur,55100,2025-12-08
39008,Suhaila,binti Ahmad,Female,015-7245542,2003-07-21,suhaila39008@gmail.com,Bronze,"No. 196, Jalan D20",Sungai Buloh,Selangor,47820,2025-12-08
39009,Zulkifli,bin Ismail,Male,010-4051624,2001-05-27,zulkifli39009@gmail.com,Bronze,"No. 18, Jalan D1",Shah Alam,Selangor,40150,2025-12-08
39010,Aiman,bin Hamid,Male,010-8272703,2002-06-29,aiman39010@gmail.com,Silver,"No. 71, Jalan B7",Klang,Selangor,41300,2025-12-08
39011,Michelle,Lim,Female,018-4700827,2006-06-16,michelle39011@gmail.com,Bronze,"No. 34, Jalan E6",Puchong,Selangor,47180,2025-12-08
39012,Kok Wai,Foo,Male,012-6001158,1974-05-06,kok39012@gmail.com,Silver,"No. 211, Jalan A1",Selayang,Selangor,68000,2025-12-08
39013,Deepa,a/p Ramasamy,Female,015-5254350,1995-09-06,deepa39013@gmail.com,Bronze,"No. 79, Jalan G6",Bukit Jalil,Federal Territory of Kuala Lumpur,58200,2025-12-08
39014,Adam,bin Yusof,Male,013-2528784,2007-10-27,adam39014@gmail.com,Bronze,"No. 126, Jalan F19",Wangsa Maju,Federal Territory of Kuala Lumpur,53300,2025-12-08
39015,Balqis,binti Zainal,Female,010-9533675,1973-05-08,balqis39015@gmail.com,Bronze,"No. 259, Jalan A11",Ipoh,Perak,30250,2025-12-08
39016,Zarina,binti Zainal,Female,012-9045531,1968-10-25,zarina39016@gmail.com,Silver,"No. 25, Jalan F4",Seremban,Negeri Sembilan,70300,2025-12-08
39017,Fatimah,binti Yusof,Female,016-9860437,1980-06-10,fatimah39017@gmail.com,Bronze,"No. 94, Jalan B8",Seremban,Negeri Sembilan,70500,2025-12-08
39018,Zulkifli,bin Ahmad,Male,019-3604806,1978-03-29,zulkifli39018@gmail.com,Silver,"No. 211, Jalan F13",Shah Alam,Selangor,40160,2025-12-08
39019,Sze Min,Ong,Female,010-3352613,1998-03-15,sze39019@gmail.com,Bronze,"No. 296, Jalan D20",Kuantan,Pahang,25300,2025-12-08
39020,Nurin,binti Ismail,Female,018-9809215,1968-10-13,nurin39020@gmail.com,Silver,"No. 13, Jalan E7",Kuala Lumpur,Federal Territory of Kuala Lumpur,50480,2025-12-09
39021,Faizal,bin Hamid,Male,013-9536666,1980-03-18,faizal39021@gmail.com,Silver,"No. 250, Jalan G5",Petaling Jaya,Selangor,46200,2025-12-09
39022,Anisa,binti Ismail,Female,015-1014187,2003-12-04,anisa39022@gmail.com,Bronze,"No. 156, Jalan G4",Shah Alam,Selangor,40150,2025-12-09
39023,Li Wen,Chua,Female,010-1654110,1979-08-01,li39023@gmail.com,Bronze,"No. 185, Jalan E15",Petaling Jaya,Selangor,46000,2025-12-09
39024,Anjali,a/p Krishnan,Female,015-8289399,1971-03-27,anjali39024@gmail.com,Bronze,"No. 46, Jalan E17",Bukit Jalil,Federal Territory of Kuala Lumpur,58200,2025-12-09
39025,Nadia,binti Ahmad,Female,011-7426458,2001-04-14,nadia39025@gmail.com,Silver,"No. 239, Jalan D11",Selayang,Selangor,68100,2025-12-09
39026,Alia,binti Rahman,Female,010-6695582,1989-09-09,alia39026@gmail.com,Silver,"No. 298, Jalan C18",Wangsa Maju,Federal Territory of Kuala Lumpur,53200,2025-12-09
39027,Jia Yi,Cheah,Female,014-9342225,1999-11-06,jia39027@gmail.com,Bronze,"No. 115, Jalan D3",Klang,Selangor,41250,2025-12-09
39028,Grace,Tan,Female,010-5805159,1999-01-05,grace39028@gmail.com,Silver,"No. 99, Jalan A1",Ipoh,Perak,30350,2025-12-09
39029,Jia Yi,Yap,Female,011-4809942,1973-12-19,jia39029@gmail.com,Bronze,"No. 243, Jalan D3",Ipoh,Perak,30300,2025-12-09
39030,Prakash,a/l Muniandy,Male,017-8553352,1975-06-05,prakash39030@gmail.com,Silver,"No. 242, Jalan E2",Seremban,Negeri Sembilan,70000,2025-12-09
39031,Rajesh,a/l Maniam,Male,011-3740213,1969-04-03,rajesh39031@gmail.com,Bronze,"No. 46, Jalan B15",Kuala Lumpur,Federal Territory of Kuala Lumpur,59000,2025-12-10
39032,Xin Yi,Loh,Female,018-8669874,2006-06-29,xin39032@gmail.com,Bronze,"No. 23, Jalan E11",Petaling Jaya,Selangor,47800,2025-12-10
39033,Rajesh,a/l Krishnan,Male,015-4249806,1996-11-02,rajesh39033@gmail.com,Gold,"No. 277, Jalan F17",Johor Bahru,Johor,80100,2025-12-10
39034,Rohani,binti Osman,Female,016-3494596,1995-07-07,rohani39034@gmail.com,Bronze,"No. 285, Jalan A8",Johor Bahru,Johor,80100,2025-12-10
39035,Alia,binti Rahman,Female,013-8331032,1984-11-13,alia39035@gmail.com,Gold,"No. 148, Jalan A9",Johor Bahru,Johor,80300,2025-12-10
39036,Sze Min,Foo,Female,010-5747097,1998-09-29,sze39036@gmail.com,Bronze,"No. 61, Jalan G15",George Town,Pulau Pinang,10100,2025-12-10
39037,Jia Yi,Yap,Female,010-3636049,1979-11-01,jia39037@gmail.com,Platinum,"No. 245, Jalan D6",Shah Alam,Selangor,40150,2025-12-10
39038,Amirul,bin Ahmad,Male,013-4346488,1976-07-01,amirul39038@gmail.com,Bronze,"No. 25, Jalan F1",Cyberjaya,Selangor,63000,2025-12-10
39039,Amelia,binti Yusof,Female,019-6594763,1986-06-18,amelia39039@gmail.com,Gold,"No. 97, Jalan A17",Ipoh,Perak,31400,2025-12-10
39040,Vanessa,Yeoh,Female,016-5592365,1999-11-12,vanessa39040@gmail.com,Bronze,"No. 24, Jalan C3",Seremban,Negeri Sembilan,70000,2025-12-10
39041,Aisyah,binti Ismail,Female,013-5270638,1976-05-06,aisyah39041@gmail.com,Bronze,"No. 214, Jalan C16",Seremban,Negeri Sembilan,70500,2025-12-10
39042,Rohani,binti Abdullah,Female,015-1276623,2004-01-28,rohani39042@gmail.com,Bronze,"No. 90, Jalan A6",Kuantan,Pahang,25150,2025-12-10
39043,Rachel,Sim,Female,019-1300595,1981-11-23,rachel39043@gmail.com,Silver,"No. 33, Jalan D2",Kuantan,Pahang,25150,2025-12-10
39044,Nadia,binti Ismail,Female,012-3509808,1964-03-18,nadia39044@gmail.com,Silver,"No. 145, Jalan A19",Subang Jaya,Selangor,47500,2025-12-10
39045,Jian Ming,Yeoh,Male,012-3660246,1982-05-18,jian39045@gmail.com,Silver,"No. 223, Jalan F19",Setapak,Federal Territory of Kuala Lumpur,53100,2025-12-10
39046,Anisa,binti Rahman,Female,018-3988480,1967-07-21,anisa39046@gmail.com,Gold,"No. 100, Jalan D14",Bukit Jalil,Federal Territory of Kuala Lumpur,57000,2025-12-11
39047,Faizal,bin Yusof,Male,018-8666053,1964-11-22,faizal39047@gmail.com,Silver,"No. 171, Jalan B9",Kuala Lumpur,Federal Territory of Kuala Lumpur,58000,2025-12-11
39048,Balqis,binti Ahmad,Female,018-1093346,1988-02-13,balqis39048@gmail.com,Bronze,"No. 4, Jalan B6",Kepong,Federal Territory of Kuala Lumpur,51200,2025-12-11
39049,Meena,a/p Muniandy,Female,019-6361695,1989-01-08,meena39049@gmail.com,Platinum,"No. 281, Jalan E10",Kepong,Federal Territory of Kuala Lumpur,52000,2025-12-11
39050,Jun Hao,Sim,Male,016-6213687,1969-12-11,jun39050@gmail.com,Gold,"No. 188, Jalan D17",Sungai Buloh,Selangor,47820,2025-12-11
39051,Siti,binti Hamid,Female,016-3876315,1971-12-29,siti39051@gmail.com,Bronze,"No. 68, Jalan F12",Petaling Jaya,Selangor,46300,2025-12-11
39052,Balqis,binti Hassan,Female,017-6926025,1976-04-09,balqis39052@gmail.com,Bronze,"No. 280, Jalan E2",Johor Bahru,Johor,81200,2025-12-11
39053,Amirul,bin Zainal,Male,012-5908816,1973-01-13,amirul39053@gmail.com,Platinum,"No. 185, Jalan G11",Johor Bahru,Johor,81200,2025-12-11
39054,Nadia,binti Osman,Female,010-4117316,1991-06-13,nadia39054@gmail.com,Silver,"No. 230, Jalan G18",Johor Bahru,Johor,81100,2025-12-11
39055,Haziq,bin Hassan,Male,012-4930113,1997-07-04,haziq39055@gmail.com,Bronze,"No. 31, Jalan G11",Butterworth,Pulau Pinang,12100,2025-12-11
39056,Fatimah,binti Ahmad,Female,010-3938765,1966-05-09,fatimah39056@gmail.com,Bronze,"No. 246, Jalan B20",Shah Alam,Selangor,40170,2025-12-11
39057,Thivya,a/p Maniam,Female,010-4156966,1981-11-19,thivya39057@gmail.com,Bronze,"No. 76, Jalan F16",Puchong,Selangor,47140,2025-12-11
39058,Shu Fen,Ng,Female,015-3812302,2005-02-01,shu39058@gmail.com,Bronze,"No. 245, Jalan E18",Kuala Lumpur,Federal Territory of Kuala Lumpur,50000,2025-12-11
39059,Nurin,binti Ahmad,Female,012-5119568,1973-02-08,nurin39059@gmail.com,Bronze,"No. 88, Jalan F17",Wangsa Maju,Federal Territory of Kuala Lumpur,53300,2025-12-11
39060,Aisyah,binti Abdullah,Female,014-9317327,1988-06-16,aisyah39060@gmail.com,Silver,"No. 235, Jalan C16",Ipoh,Perak,30300,2025-12-11
39061,Nurul Huda,binti Abdullah,Female,016-7773104,1987-09-16,nurul39061@gmail.com,Bronze,"No. 79, Jalan G20",Ipoh,Perak,30020,2025-12-11
39062,Kavitha,a/p Subramaniam,Female,011-9670101,1987-02-27,kavitha39062@gmail.com,Bronze,"No. 207, Jalan G15",Wangsa Maju,Federal Territory of Kuala Lumpur,53200,2025-12-11
39063,Amirul,bin Yusof,Male,016-3843837,1974-03-20,amirul39063@gmail.com,Gold,"No. 39, Jalan A6",Temerloh,Pahang,28000,2025-12-11
39064,Jian Ming,Ong,Male,018-9580255,1968-01-15,jian39064@gmail.com,Bronze,"No. 95, Jalan E7",Setapak,Federal Territory of Kuala Lumpur,53200,2025-12-12
39065,Jia Yi,Chin,Female,013-2442706,1985-09-11,jia39065@gmail.com,Silver,"No. 203, Jalan E8",Kuala Lumpur,Federal Territory of Kuala Lumpur,50000,2025-12-12
39066,Yong Sheng,Teoh,Male,017-3430255,1999-04-04,yong39066@gmail.com,Bronze,"No. 280, Jalan F15",Kuala Lumpur,Federal Territory of Kuala Lumpur,59200,2025-12-12
39067,Anisa,binti Razak,Female,015-3044448,1980-01-11,anisa39067@gmail.com,Silver,"No. 178, Jalan D5",Kuala Lumpur,Federal Territory of Kuala Lumpur,50000,2025-12-12
39068,Amelia,binti Zainal,Female,019-9876683,1967-05-08,amelia39068@gmail.com,Bronze,"No. 45, Jalan G13",Johor Bahru,Johor,80200,2025-12-12
39069,Haziq,bin Hassan,Male,017-4353122,1984-01-30,haziq39069@gmail.com,Gold,"No. 198, Jalan F15",Johor Bahru,Johor,81100,2025-12-12
39070,Kok Wai,Yeoh,Male,012-5957129,1965-05-25,kok39070@gmail.com,Bronze,"No. 112, Jalan B9",Kulai,Johor,81000,2025-12-12
39071,Izzati,binti Zainal,Female,014-7552440,1980-09-06,izzati39071@gmail.com,Bronze,"No. 47, Jalan B7",George Town,Pulau Pinang,10250,2025-12-12
39072,Izzati,binti Hassan,Female,017-2940447,2004-12-25,izzati39072@gmail.com,Silver,"No. 74, Jalan E14",George Town,Pulau Pinang,10350,2025-12-12
39073,Aina,binti Ahmad,Female,014-4419075,2003-05-02,aina39073@gmail.com,Silver,"No. 96, Jalan D20",Shah Alam,Selangor,40000,2025-12-12
39074,Aiman,bin Abdullah,Male,019-1129986,2000-08-27,aiman39074@gmail.com,Bronze,"No. 110, Jalan F18",Klang,Selangor,41150,2025-12-12
39075,Michelle,Cheah,Female,014-1920819,1969-04-04,michelle39075@gmail.com,Bronze,"No. 199, Jalan D3",Klang,Selangor,41250,2025-12-12
39076,Suhaila,binti Hamid,Female,018-3256462,1997-07-09,suhaila39076@gmail.com,Silver,"No. 39, Jalan B2",Puchong,Selangor,47180,2025-12-12
39077,Lakshmi,a/p Muniandy,Female,015-3570159,1987-07-10,lakshmi39077@gmail.com,Bronze,"No. 131, Jalan F12",Melaka,Melaka,75250,2025-12-12
39078,Fatimah,binti Hassan,Female,010-5322228,1976-07-22,fatimah39078@gmail.com,Bronze,"No. 80, Jalan B12",Setapak,Federal Territory of Kuala Lumpur,53200,2025-12-12
39079,Jia Yi,Teoh,Female,010-2755347,1973-09-09,jia39079@gmail.com,Bronze,"No. 22, Jalan A12",Setapak,Federal Territory of Kuala Lumpur,53200,2025-12-12
39080,Nadia,binti Ahmad,Female,014-2442992,1976-02-17,nadia39080@gmail.com,Bronze,"No. 264, Jalan D15",Gombak,Selangor,53100,2025-12-12
39081,Rohani,binti Hamid,Female,016-4270887,1999-05-13,rohani39081@gmail.com,Silver,"No. 284, Jalan E14",Seremban,Negeri Sembilan,70100,2025-12-12
39082,Alia,binti Zainal,Female,012-3141457,1975-10-01,alia39082@gmail.com,Bronze,"No. 268, Jalan G16",Kuantan,Pahang,25200,2025-12-12
39083,Farah,binti Zainal,Female,017-4837164,1992-02-11,farah39083@gmail.com,Silver,"No. 196, Jalan D13",Temerloh,Pahang,28000,2025-12-12
39084,Shalini,a/p Muniandy,Female,012-1268009,1980-10-14,shalini39084@gmail.com,Silver,"No. 86, Jalan D7",Cyberjaya,Selangor,63100,2025-12-12
39085,Li Wen,Teoh,Female,016-2742718,1979-01-28,li39085@gmail.com,Bronze,"No. 36, Jalan D13",Subang Jaya,Selangor,47620,2025-12-12
39086,Divya,a/p Krishnan,Female,013-9168863,1987-04-10,divya39086@gmail.com,Silver,"No. 192, Jalan E19",Kuala Lumpur,Federal Territory of Kuala Lumpur,50000,2025-12-13
39087,Arjun,a/l Ramasamy,Male,014-7072329,1989-04-08,arjun39087@gmail.com,Bronze,"No. 238, Jalan D5",Bukit Jalil,Federal Territory of Kuala Lumpur,57100,2025-12-13
39088,Nur Aina,binti Hamid,Female,017-6651022,1998-03-09,nur39088@gmail.com,Gold,"No. 246, Jalan E5",Kuala Lumpur,Federal Territory of Kuala Lumpur,59200,2025-12-13
39089,Divya,a/p Rajan,Female,014-5979216,1968-07-08,divya39089@gmail.com,Bronze,"No. 168, Jalan F15",Kuala Lumpur,Federal Territory of Kuala Lumpur,58000,2025-12-13
39090,Izzati,binti Zainal,Female,012-8916241,1999-06-21,izzati39090@gmail.com,Bronze,"No. 280, Jalan F13",Petaling Jaya,Selangor,47300,2025-12-13
39091,Danial,bin Razak,Male,015-8750116,1974-09-27,danial39091@gmail.com,Platinum,"No. 217, Jalan C18",Petaling Jaya,Selangor,47300,2025-12-13
39092,Jian Ming,Chong,Male,013-1842658,1997-06-17,jian39092@gmail.com,Silver,"No. 239, Jalan A20",Johor Bahru,Johor,80350,2025-12-13
39093,Divya,a/p Ramasamy,Female,010-4585078,1973-05-14,divya39093@gmail.com,Bronze,"No. 100, Jalan D19",Johor Bahru,Johor,81100,2025-12-13
39094,Aina,binti Ahmad,Female,019-8918543,1964-08-26,aina39094@gmail.com,Gold,"No. 40, Jalan E11",Alor Gajah,Melaka,78100,2025-12-13
39095,Yong Sheng,Ong,Male,016-9541327,1988-08-10,yong39095@gmail.com,Silver,"No. 150, Jalan A17",Petaling Jaya,Selangor,46000,2025-12-13
39096,Siti,binti Abdullah,Female,011-3651906,1982-09-09,siti39096@gmail.com,Bronze,"No. 247, Jalan D19",Shah Alam,Selangor,40200,2025-12-13
39097,Firdaus,bin Abdullah,Male,017-1942068,1972-04-24,firdaus39097@gmail.com,Bronze,"No. 14, Jalan G12",Subang Jaya,Selangor,47600,2025-12-13
39098,Suhaila,binti Hamid,Female,011-3698992,2002-11-14,suhaila39098@gmail.com,Silver,"No. 87, Jalan B19",Shah Alam,Selangor,40300,2025-12-13
39099,Kumar,a/l Ramasamy,Male,012-6746061,1992-05-09,kumar39099@gmail.com,Bronze,"No. 125, Jalan F13",Puchong,Selangor,47150,2025-12-13
39100,Zhi Wei,Lim,Male,017-7576068,1979-01-17,zhi39100@gmail.com,Bronze,"No. 253, Jalan D10",Klang,Selangor,41000,2025-12-13
39101,Prakash,a/l Subramaniam,Male,015-7376069,2002-01-19,prakash39101@gmail.com,Gold,"No. 114, Jalan B6",Puchong,Selangor,47190,2025-12-13
39102,Ganesh,a/l Subramaniam,Male,015-7219857,1986-08-31,ganesh39102@gmail.com,Bronze,"No. 62, Jalan G10",Cyberjaya,Selangor,63000,2025-12-13
39103,Aina,binti Ismail,Female,012-1205127,1985-11-24,aina39103@gmail.com,Gold,"No. 176, Jalan F9",Puchong,Selangor,47120,2025-12-13
39104,Faizal,bin Zainal,Male,017-5246032,1999-11-10,faizal39104@gmail.com,Silver,"No. 290, Jalan B4",Puchong,Selangor,47120,2025-12-13
39105,Prakash,a/l Maniam,Male,018-1599464,2004-08-18,prakash39105@gmail.com,Gold,"No. 228, Jalan A4",Selayang,Selangor,68000,2025-12-13
39106,Izzati,binti Ismail,Female,016-5634944,1984-02-12,izzati39106@gmail.com,Bronze,"No. 93, Jalan B2",Kuala Lumpur,Federal Territory of Kuala Lumpur,55200,2025-12-13
39107,Farah,binti Rahman,Female,016-6620238,1992-05-11,farah39107@gmail.com,Gold,"No. 172, Jalan E1",Kepong,Federal Territory of Kuala Lumpur,52100,2025-12-13
39108,Kavitha,a/p Maniam,Female,015-9048554,1986-06-16,kavitha39108@gmail.com,Bronze,"No. 153, Jalan D9",Wangsa Maju,Federal Territory of Kuala Lumpur,53200,2025-12-13
39109,Meena,a/p Maniam,Female,014-8524805,1976-10-19,meena39109@gmail.com,Bronze,"No. 40, Jalan B10",Wangsa Maju,Federal Territory of Kuala Lumpur,53200,2025-12-13
39110,Nurul Huda,binti Hassan,Female,011-7199555,1990-06-26,nurul39110@gmail.com,Silver,"No. 144, Jalan E13",Gombak,Selangor,53000,2025-12-13
39111,Faizal,bin Abdullah,Male,019-9224013,1971-04-09,faizal39111@gmail.com,Bronze,"No. 13, Jalan F2",Ipoh,Perak,30100,2025-12-13
39112,Jasmine,Chong,Female,016-1491662,1992-01-31,jasmine39112@gmail.com,Gold,"No. 292, Jalan C14",Subang Jaya,Selangor,47620,2025-12-13
39113,Anjali,a/p Subramaniam,Female,016-8317164,2002-05-30,anjali39113@gmail.com,Bronze,"No. 13, Jalan F19",Kajang,Selangor,43200,2025-12-13
39114,Meena,a/p Krishnan,Female,013-9730549,1979-06-18,meena39114@gmail.com,Bronze,"No. 262, Jalan D8",Bukit Jalil,Federal Territory of Kuala Lumpur,57100,2025-12-13
39115,Balqis,binti Ahmad,Female,011-9743359,1997-06-26,balqis39115@gmail.com,Bronze,"No. 41, Jalan F4",Bukit Jalil,Federal Territory of Kuala Lumpur,57100,2025-12-13
39116,Prakash,a/l Subramaniam,Male,011-8932670,1985-09-25,prakash39116@gmail.com,Silver,"No. 38, Jalan C3",Petaling Jaya,Selangor,47300,2025-12-14
39117,Emily,Khoo,Female,018-4168000,2000-02-10,emily39117@gmail.com,Bronze,"No. 284, Jalan D2",Petaling Jaya,Selangor,47400,2025-12-14
39118,Aiman,bin Yusof,Male,010-8399613,2001-10-12,aiman39118@gmail.com,Bronze,"No. 250, Jalan B19",Petaling Jaya,Selangor,47810,2025-12-14
39119,Divya,a/p Rajan,Female,018-5211168,2005-04-25,divya39119@gmail.com,Gold,"No. 213, Jalan C6",Gombak,Selangor,53100,2025-12-14
39120,Haziq,bin Abdullah,Male,016-9646802,1985-06-15,haziq39120@gmail.com,Bronze,"No. 152, Jalan D19",Johor Bahru,Johor,81200,2025-12-14
39121,Zarina,binti Hamid,Female,015-4074063,1971-09-23,zarina39121@gmail.com,Bronze,"No. 100, Jalan B3",George Town,Pulau Pinang,10000,2025-12-14
39122,Shalini,a/p Krishnan,Female,012-9366155,1975-02-15,shalini39122@gmail.com,Silver,"No. 173, Jalan D5",George Town,Pulau Pinang,10200,2025-12-14
39123,Ganesh,a/l Ramasamy,Male,010-8429919,1982-10-03,ganesh39123@gmail.com,Gold,"No. 101, Jalan G5",George Town,Pulau Pinang,10400,2025-12-14
39124,Balqis,binti Hassan,Female,011-3372954,1970-03-28,balqis39124@gmail.com,Bronze,"No. 162, Jalan G2",George Town,Pulau Pinang,10000,2025-12-14
39125,Grace,Cheah,Female,018-5599024,1993-08-11,grace39125@gmail.com,Silver,"No. 91, Jalan B4",Shah Alam,Selangor,40160,2025-12-14
39126,Nurul Huda,binti Ismail,Female,015-9193431,1967-01-08,nurul39126@gmail.com,Bronze,"No. 63, Jalan C5",Shah Alam,Selangor,40200,2025-12-14
39127,Irfan,bin Abdullah,Male,018-1202767,1968-05-17,irfan39127@gmail.com,Bronze,"No. 236, Jalan G3",Shah Alam,Selangor,40450,2025-12-14
39128,Aiman,bin Yusof,Male,012-4514524,1980-09-01,aiman39128@gmail.com,Bronze,"No. 19, Jalan E7",Shah Alam,Selangor,40460,2025-12-14
39129,Kavitha,a/p Krishnan,Female,016-1321826,1992-10-21,kavitha39129@gmail.com,Silver,"No. 235, Jalan F10",Petaling Jaya,Selangor,47301,2025-12-14
39130,Emily,Foo,Female,015-8712156,2002-06-16,emily39130@gmail.com,Bronze,"No. 44, Jalan D2",Klang,Selangor,41150,2025-12-14
39131,Nur Aina,binti Ahmad,Female,015-7987466,2007-06-01,nur39131@gmail.com,Bronze,"No. 242, Jalan E7",Kuala Lumpur,Federal Territory of Kuala Lumpur,55200,2025-12-14
39132,Anjali,a/p Krishnan,Female,013-4879883,1985-05-23,anjali39132@gmail.com,Silver,"No. 261, Jalan C13",Kajang,Selangor,43300,2025-12-14
39133,Danial,bin Ismail,Male,011-7259197,2004-05-31,danial39133@gmail.com,Gold,"No. 125, Jalan F12",Puchong,Selangor,47180,2025-12-14
39134,Haziq,bin Rahman,Male,012-1123268,1965-05-31,haziq39134@gmail.com,Silver,"No. 168, Jalan A14",Selayang,Selangor,68000,2025-12-14
39135,Vikram,a/l Ramasamy,Male,011-3452067,1969-12-13,vikram39135@gmail.com,Bronze,"No. 281, Jalan B10",Selayang,Selangor,68000,2025-12-14
39136,Mei Ling,Foo,Female,018-1675306,1968-07-15,mei39136@gmail.com,Bronze,"No. 226, Jalan G15",Seremban,Negeri Sembilan,70300,2025-12-14
39137,Aisyah,binti Rahman,Female,012-8530941,1981-07-11,aisyah39137@gmail.com,Bronze,"No. 274, Jalan G18",Ipoh,Perak,30000,2025-12-14
39138,Wei Hong,Cheah,Male,011-3787165,1994-08-05,wei39138@gmail.com,Gold,"No. 188, Jalan B5",Kuantan,Pahang,25000,2025-12-14
39139,Fatimah,binti Hassan,Female,014-9872749,1994-09-11,fatimah39139@gmail.com,Silver,"No. 240, Jalan C20",Kuantan,Pahang,25200,2025-12-14
39140,Ling Ling,Teoh,Female,016-4300547,1993-12-06,ling39140@gmail.com,Silver,"No. 226, Jalan B16",Kuantan,Pahang,25250,2025-12-14
39141,Prakash,a/l Krishnan,Male,012-9839415,1979-03-27,prakash39141@gmail.com,Bronze,"No. 154, Jalan D12",Subang Jaya,Selangor,47630,2025-12-14
39142,Siti,binti Zainal,Female,010-2414468,1973-07-05,siti39142@gmail.com,Silver,"No. 211, Jalan C13",Subang Jaya,Selangor,47620,2025-12-14
39143,Suhaila,binti Hamid,Female,011-1549609,1970-11-16,suhaila39143@gmail.com,Bronze,"No. 208, Jalan D2",Bukit Jalil,Federal Territory of Kuala Lumpur,57000,2025-12-14
39144,Yong Sheng,Teoh,Male,016-9441631,1999-07-30,yong39144@gmail.com,Bronze,"No. 42, Jalan A11",Petaling Jaya,Selangor,47301,2025-12-15
39145,Nurul Huda,binti Hamid,Female,019-5377151,2000-04-18,nurul39145@gmail.com,Bronze,"No. 113, Jalan D13",Petaling Jaya,Selangor,47400,2025-12-15
39146,Farah,binti Yusof,Female,010-2210786,1981-10-03,farah39146@gmail.com,Bronze,"No. 202, Jalan A7",Johor Bahru,Johor,80300,2025-12-15
39147,Nurul Huda,binti Ahmad,Female,016-3854168,1978-01-16,nurul39147@gmail.com,Bronze,"No. 58, Jalan G15",George Town,Pulau Pinang,10450,2025-12-15
39148,Nurin,binti Razak,Female,017-6031159,2003-01-13,nurin39148@gmail.com,Silver,"No. 208, Jalan G16",George Town,Pulau Pinang,10200,2025-12-15
39149,Pei Shan,Khoo,Female,017-9466919,1981-08-02,pei39149@gmail.com,Bronze,"No. 247, Jalan A1",Selayang,Selangor,68100,2025-12-15
39150,Anjali,a/p Krishnan,Female,019-7284190,2004-08-19,anjali39150@gmail.com,Bronze,"No. 125, Jalan C8",Sungai Buloh,Selangor,47810,2025-12-15
39151,Balqis,binti Razak,Female,013-9229730,1997-09-17,balqis39151@gmail.com,Bronze,"No. 198, Jalan G2",Shah Alam,Selangor,40100,2025-12-15
39152,Zarina,binti Yusof,Female,015-9930430,2001-05-01,zarina39152@gmail.com,Platinum,"No. 232, Jalan B17",Klang,Selangor,41100,2025-12-15
39153,Vikram,a/l Muniandy,Male,012-1448951,2007-11-23,vikram39153@gmail.com,Silver,"No. 21, Jalan B15",Selayang,Selangor,68000,2025-12-15
39154,Priya,a/p Muniandy,Female,013-7932025,1965-10-12,priya39154@gmail.com,Bronze,"No. 167, Jalan A10",Setapak,Federal Territory of Kuala Lumpur,53200,2025-12-15
39155,Nurin,binti Razak,Female,019-2652160,1968-02-11,nurin39155@gmail.com,Bronze,"No. 240, Jalan A19",Setapak,Federal Territory of Kuala Lumpur,53000,2025-12-15
39156,Syafiq,bin Abdullah,Male,013-1541537,1983-12-23,syafiq39156@gmail.com,Bronze,"No. 63, Jalan E1",Gombak,Selangor,53100,2025-12-15
39157,Kok Wai,Sim,Male,012-9534823,1999-02-24,kok39157@gmail.com,Silver,"No. 188, Jalan D19",Seremban,Negeri Sembilan,70000,2025-12-15
39158,Jia Yi,Yap,Female,019-5537619,1993-02-07,jia39158@gmail.com,Silver,"No. 14, Jalan B20",Kuantan,Pahang,25050,2025-12-15
39159,Nadia,binti Hamid,Female,013-9102414,1974-05-04,nadia39159@gmail.com,Bronze,"No. 169, Jalan B17",Kuantan,Pahang,25050,2025-12-15
39160,Deepa,a/p Maniam,Female,016-7131516,2003-08-26,deepa39160@gmail.com,Bronze,"No. 289, Jalan C15",Kuala Lumpur,Federal Territory of Kuala Lumpur,58000,2025-12-16
39161,Rohani,binti Zainal,Female,015-1911839,1973-02-01,rohani39161@gmail.com,Platinum,"No. 44, Jalan B11",Kuala Lumpur,Federal Territory of Kuala Lumpur,55100,2025-12-16
39162,Wei Hong,Foo,Male,013-2198485,1973-04-03,wei39162@gmail.com,Silver,"No. 198, Jalan F17",Petaling Jaya,Selangor,46100,2025-12-16
39163,Hafiz,bin Rahman,Male,010-4431093,1980-04-20,hafiz39163@gmail.com,Bronze,"No. 134, Jalan B17",George Town,Pulau Pinang,10200,2025-12-16
39164,Izzati,binti Yusof,Female,011-7970401,1975-12-17,izzati39164@gmail.com,Silver,"No. 15, Jalan F12",George Town,Pulau Pinang,10400,2025-12-16
39165,Hafiz,bin Hamid,Male,012-1185384,1983-07-04,hafiz39165@gmail.com,Bronze,"No. 177, Jalan D4",Shah Alam,Selangor,40400,2025-12-16
39166,Balqis,binti Rahman,Female,014-1352803,1970-02-27,balqis39166@gmail.com,Silver,"No. 286, Jalan G19",Shah Alam,Selangor,40150,2025-12-16
39167,Deepa,a/p Maniam,Female,016-4082893,1974-06-26,deepa39167@gmail.com,Gold,"No. 58, Jalan B8",Shah Alam,Selangor,40160,2025-12-16
39168,Nadia,binti Hassan,Female,017-9615819,2000-10-03,nadia39168@gmail.com,Silver,"No. 87, Jalan B3",Shah Alam,Selangor,40450,2025-12-16
39169,Emily,Tan,Female,014-5647814,1968-01-02,emily39169@gmail.com,Bronze,"No. 190, Jalan D6",Klang,Selangor,41250,2025-12-16
39170,Zarina,binti Zainal,Female,010-4549217,2000-04-07,zarina39170@gmail.com,Bronze,"No. 106, Jalan C17",Puchong,Selangor,47150,2025-12-16
39171,Jun Hao,Lee,Male,013-9533259,1979-11-17,jun39171@gmail.com,Bronze,"No. 4, Jalan E7",Puchong,Selangor,47110,2025-12-16
39172,Jia Yi,Lim,Female,019-4340619,1995-02-07,jia39172@gmail.com,Bronze,"No. 284, Jalan G3",Kepong,Federal Territory of Kuala Lumpur,52100,2025-12-16
39173,Yong Sheng,Yeoh,Male,016-2311233,1992-11-05,yong39173@gmail.com,Silver,"No. 6, Jalan F4",Wangsa Maju,Federal Territory of Kuala Lumpur,53200,2025-12-16
39174,Vikram,a/l Muniandy,Male,014-6283838,1993-12-20,vikram39174@gmail.com,Bronze,"No. 33, Jalan E18",Rawang,Selangor,48000,2025-12-16
39175,Rohani,binti Razak,Female,013-8862755,1997-07-18,rohani39175@gmail.com,Silver,"No. 174, Jalan C20",Kuantan,Pahang,25150,2025-12-16
