sal_pay_ID,st_ID,pay_period,base_amount,bonus_amount,deduction_amount,payment_date
13954,1,2024-01,7206.31,0.00,792.69,2024-01-25
13955,3,2024-01,2603.74,0.00,286.41,2024-01-25
13956,4,2024-01,2264.04,0.00,249.04,2024-01-25
13957,5,2024-01,3265.68,0.00,359.22,2024-01-25
13958,6,2024-01,2620.57,0.00,288.26,2024-01-25
13959,8,2024-01,2341.41,0.00,257.56,2024-01-25
13960,10,2024-01,2560.58,0.00,281.66,2024-01-25
13961,11,2024-01,4453.28,0.00,489.86,2024-01-25
13962,12,2024-01,3211.38,0.00,353.25,2024-01-25
13963,13,2024-01,4738.93,0.00,521.28,2024-01-25
13964,14,2024-01,4458.12,0.00,490.39,2024-01-25
13965,15,2024-01,2740.61,0.00,301.47,2024-01-25
13966,16,2024-01,3214.08,0.00,353.55,2024-01-25
13967,17,2024-01,2310.11,0.00,254.11,2024-01-25
13968,18,2024-01,2648.59,0.00,291.34,2024-01-25
13969,19,2024-01,2649.39,0.00,291.43,2024-01-25
13970,20,2024-01,2421.26,0.00,266.34,2024-01-25
13971,22,2024-01,2556.79,0.00,281.25,2024-01-25
13972,24,2024-01,7174.59,0.00,789.20,2024-01-25
13973,25,2024-01,4788.35,0.00,526.72,2024-01-25
13974,26,2024-01,2912.49,0.00,320.37,2024-01-25
13975,28,2024-01,4740.82,0.00,521.49,2024-01-25
13976,29,2024-01,2370.17,0.00,260.72,2024-01-25
13977,30,2024-01,3020.25,0.00,332.23,2024-01-25
13978,31,2024-01,2427.65,0.00,267.04,2024-01-25
13979,32,2024-01,2561.78,0.00,281.80,2024-01-25
13980,33,2024-01,3014.87,0.00,331.64,2024-01-25
13981,35,2024-01,2809.92,0.00,309.09,2024-01-25
13982,36,2024-01,2753.90,0.00,302.93,2024-01-25
13983,37,2024-01,3105.46,0.00,341.60,2024-01-25
13984,38,2024-01,4749.28,0.00,522.42,2024-01-25
13985,39,2024-01,2657.03,0.00,292.27,2024-01-25
13986,41,2024-01,2783.27,0.00,306.16,2024-01-25
13987,43,2024-01,2603.69,0.00,286.41,2024-01-25
13988,44,2024-01,2771.53,0.00,304.87,2024-01-25
13989,45,2024-01,2248.78,0.00,247.37,2024-01-25
13990,46,2024-01,2682.83,0.00,295.11,2024-01-25
13991,48,2024-01,2538.06,0.00,279.19,2024-01-25
13992,49,2024-01,7613.05,0.00,837.44,2024-01-25
13993,50,2024-01,2909.74,0.00,320.07,2024-01-25
13994,51,2024-01,2375.13,0.00,261.26,2024-01-25
13995,52,2024-01,2639.98,0.00,290.40,2024-01-25
13996,53,2024-01,2807.39,0.00,308.81,2024-01-25
13997,55,2024-01,2347.11,0.00,258.18,2024-01-25
13998,56,2024-01,4230.23,0.00,465.33,2024-01-25
13999,57,2024-01,2467.32,0.00,271.41,2024-01-25
14000,59,2024-01,2737.67,0.00,301.14,2024-01-25
14001,60,2024-01,3001.09,0.00,330.12,2024-01-25
14002,61,2024-01,4368.28,0.00,480.51,2024-01-25
14003,62,2024-01,3098.35,0.00,340.82,2024-01-25
14004,63,2024-01,2387.50,0.00,262.62,2024-01-25
14005,64,2024-01,2478.55,0.00,272.64,2024-01-25
14006,66,2024-01,2337.17,0.00,257.09,2024-01-25
14007,68,2024-01,6971.62,0.00,766.88,2024-01-25
14008,69,2024-01,4299.12,0.00,472.90,2024-01-25
14009,70,2024-01,2509.26,0.00,276.02,2024-01-25
14010,71,2024-01,2608.86,0.00,286.97,2024-01-25
14011,72,2024-01,4180.36,0.00,459.84,2024-01-25
14012,73,2024-01,2992.25,0.00,329.15,2024-01-25
14013,75,2024-01,2273.42,0.00,250.08,2024-01-25
14014,77,2024-01,3044.55,0.00,334.90,2024-01-25
14015,78,2024-01,2755.06,0.00,303.06,2024-01-25
14016,80,2024-01,2440.48,0.00,268.45,2024-01-25
14017,81,2024-01,2685.99,0.00,295.46,2024-01-25
14018,82,2024-01,2753.40,0.00,302.87,2024-01-25
14019,83,2024-01,2604.81,0.00,286.53,2024-01-25
14020,84,2024-01,6765.29,0.00,744.18,2024-01-25
14021,86,2024-01,2649.00,0.00,291.39,2024-01-25
14022,87,2024-01,2699.25,0.00,296.92,2024-01-25
14023,88,2024-01,4458.09,0.00,490.39,2024-01-25
14024,89,2024-01,2459.14,0.00,270.51,2024-01-25
14025,90,2024-01,2310.33,0.00,254.14,2024-01-25
14026,91,2024-01,4860.94,0.00,534.70,2024-01-25
14027,92,2024-01,2224.81,0.00,244.73,2024-01-25
14028,93,2024-01,2693.52,0.00,296.29,2024-01-25
14029,94,2024-01,3023.19,0.00,332.55,2024-01-25
14030,95,2024-01,2486.51,0.00,273.52,2024-01-25
14031,96,2024-01,2412.06,0.00,265.33,2024-01-25
14032,97,2024-01,6933.90,0.00,762.73,2024-01-25
14033,98,2024-01,2501.95,0.00,275.21,2024-01-25
14034,99,2024-01,3105.26,0.00,341.58,2024-01-25
14035,100,2024-01,2630.94,0.00,289.40,2024-01-25
14036,101,2024-01,4492.73,0.00,494.20,2024-01-25
14037,103,2024-01,2825.91,0.00,310.85,2024-01-25
14038,104,2024-01,4468.33,0.00,491.52,2024-01-25
14039,105,2024-01,2418.77,0.00,266.06,2024-01-25
14040,106,2024-01,3040.58,0.00,334.46,2024-01-25
14041,107,2024-01,2685.35,0.00,295.39,2024-01-25
14042,108,2024-01,2468.82,0.00,271.57,2024-01-25
14043,110,2024-01,2452.21,0.00,269.74,2024-01-25
14044,111,2024-01,2297.62,0.00,252.74,2024-01-25
14045,112,2024-01,2647.91,0.00,291.27,2024-01-25
14046,113,2024-01,2516.12,0.00,276.77,2024-01-25
14047,114,2024-01,2240.37,0.00,246.44,2024-01-25
14048,115,2024-01,7522.10,0.00,827.43,2024-01-25
14049,116,2024-01,2414.64,0.00,265.61,2024-01-25
14050,117,2024-01,2374.28,0.00,261.17,2024-01-25
14051,118,2024-01,2403.74,0.00,264.41,2024-01-25
14052,119,2024-01,2274.18,0.00,250.16,2024-01-25
14053,120,2024-01,4630.10,0.00,509.31,2024-01-25
14054,121,2024-01,4733.36,0.00,520.67,2024-01-25
14055,122,2024-01,2320.79,0.00,255.29,2024-01-25
14056,123,2024-01,2892.60,0.00,318.19,2024-01-25
14057,124,2024-01,2436.26,0.00,267.99,2024-01-25
14058,125,2024-01,3335.06,0.00,366.86,2024-01-25
14059,126,2024-01,3265.78,0.00,359.24,2024-01-25
14060,127,2024-01,3338.14,0.00,367.20,2024-01-25
14061,128,2024-01,2529.69,0.00,278.27,2024-01-25
14062,129,2024-01,2509.59,0.00,276.05,2024-01-25
14063,130,2024-01,2311.86,0.00,254.30,2024-01-25
14064,131,2024-01,2408.54,0.00,264.94,2024-01-25
14065,132,2024-01,7153.24,0.00,786.86,2024-01-25
14066,133,2024-01,2398.01,0.00,263.78,2024-01-25
14067,135,2024-01,3201.96,0.00,352.22,2024-01-25
14068,136,2024-01,2820.36,0.00,310.24,2024-01-25
14069,137,2024-01,2318.38,0.00,255.02,2024-01-25
14070,138,2024-01,2881.24,0.00,316.94,2024-01-25
14071,139,2024-01,2276.18,0.00,250.38,2024-01-25
14072,140,2024-01,2440.90,0.00,268.50,2024-01-25
14073,141,2024-01,4584.92,0.00,504.34,2024-01-25
14074,142,2024-01,2267.41,0.00,249.42,2024-01-25
14075,144,2024-01,4940.82,0.00,543.49,2024-01-25
14076,145,2024-01,2792.73,0.00,307.20,2024-01-25
14077,146,2024-01,2722.54,0.00,299.48,2024-01-25
14078,147,2024-01,2517.11,0.00,276.88,2024-01-25
14079,148,2024-01,2526.98,0.00,277.97,2024-01-25
14080,149,2024-01,7339.06,0.00,807.30,2024-01-25
14081,150,2024-01,2553.02,0.00,280.83,2024-01-25
14082,151,2024-01,2595.83,0.00,285.54,2024-01-25
14083,152,2024-01,2444.38,0.00,268.88,2024-01-25
14084,153,2024-01,2836.42,0.00,312.01,2024-01-25
14085,154,2024-01,2979.60,0.00,327.76,2024-01-25
14086,157,2024-01,2761.94,0.00,303.81,2024-01-25
14087,158,2024-01,4207.01,0.00,462.77,2024-01-25
14088,159,2024-01,2243.51,0.00,246.79,2024-01-25
14089,160,2024-01,2324.39,0.00,255.68,2024-01-25
14090,161,2024-01,7368.46,0.00,810.53,2024-01-25
14091,162,2024-01,2680.27,0.00,294.83,2024-01-25
14092,163,2024-01,3228.39,0.00,355.12,2024-01-25
14093,164,2024-01,4821.45,0.00,530.36,2024-01-25
14094,165,2024-01,2835.15,0.00,311.87,2024-01-25
14095,166,2024-01,2304.93,0.00,253.54,2024-01-25
14096,167,2024-01,2553.40,0.00,280.87,2024-01-25
14097,168,2024-01,2681.49,0.00,294.96,2024-01-25
14098,169,2024-01,2435.43,0.00,267.90,2024-01-25
14099,170,2024-01,2750.70,0.00,302.58,2024-01-25
14100,172,2024-01,4688.56,0.00,515.74,2024-01-25
14101,173,2024-01,2451.30,0.00,269.64,2024-01-25
14102,174,2024-01,2681.00,0.00,294.91,2024-01-25
14103,175,2024-01,2261.99,0.00,248.82,2024-01-25
14104,176,2024-01,2659.17,0.00,292.51,2024-01-25
14105,177,2024-01,7591.13,0.00,835.02,2024-01-25
14106,179,2024-01,2453.06,0.00,269.84,2024-01-25
14107,180,2024-01,3011.89,0.00,331.31,2024-01-25
14108,181,2024-01,4727.44,0.00,520.02,2024-01-25
14109,182,2024-01,3278.06,0.00,360.59,2024-01-25
14110,184,2024-01,2866.85,0.00,315.35,2024-01-25
14111,185,2024-01,2704.85,0.00,297.53,2024-01-25
14112,187,2024-01,2688.53,0.00,295.74,2024-01-25
14113,188,2024-01,4516.02,0.00,496.76,2024-01-25
14114,189,2024-01,2224.83,0.00,244.73,2024-01-25
14115,190,2024-01,2246.40,0.00,247.10,2024-01-25
14116,191,2024-01,6954.30,0.00,764.97,2024-01-25
14117,192,2024-01,2370.39,0.00,260.74,2024-01-25
14118,193,2024-01,2249.15,0.00,247.41,2024-01-25
14119,194,2024-01,2247.17,0.00,247.19,2024-01-25
14120,195,2024-01,3097.36,0.00,340.71,2024-01-25
14121,196,2024-01,4326.15,0.00,475.88,2024-01-25
14122,197,2024-01,2307.93,0.00,253.87,2024-01-25
14123,198,2024-01,2975.94,0.00,327.35,2024-01-25
14124,199,2024-01,2217.87,0.00,243.97,2024-01-25
14125,200,2024-01,2612.77,0.00,287.40,2024-01-25
14126,201,2024-01,2545.20,0.00,279.97,2024-01-25
14127,202,2024-01,2525.27,0.00,277.78,2024-01-25
14128,203,2024-01,2417.49,0.00,265.92,2024-01-25
14129,204,2024-01,2236.03,0.00,245.96,2024-01-25
14130,205,2024-01,2727.96,0.00,300.08,2024-01-25
14131,206,2024-01,2300.71,0.00,253.08,2024-01-25
14132,207,2024-01,2347.44,0.00,258.22,2024-01-25
14133,208,2024-01,2961.44,0.00,325.76,2024-01-25
14134,209,2024-01,2564.76,0.00,282.12,2024-01-25
14135,210,2024-01,2646.52,0.00,291.12,2024-01-25
14136,211,2024-01,2657.31,0.00,292.30,2024-01-25
14137,212,2024-01,2301.35,0.00,253.15,2024-01-25
14138,213,2024-01,2417.67,0.00,265.94,2024-01-25
14139,214,2024-01,3120.84,0.00,343.29,2024-01-25
14140,215,2024-01,2725.78,0.00,299.84,2024-01-25
14141,216,2024-01,2527.17,0.00,277.99,2024-01-25
14142,217,2024-01,2245.69,0.00,247.03,2024-01-25
14143,218,2024-01,2540.17,0.00,279.42,2024-01-25
14144,219,2024-01,2624.33,0.00,288.68,2024-01-25
14145,220,2024-01,2304.64,0.00,253.51,2024-01-25
14146,221,2024-01,2444.53,0.00,268.90,2024-01-25
14147,222,2024-01,2610.91,0.00,287.20,2024-01-25
14148,223,2024-01,2558.84,0.00,281.47,2024-01-25
14149,224,2024-01,2601.26,0.00,286.14,2024-01-25
14150,225,2024-01,2301.78,0.00,253.20,2024-01-25
14151,226,2024-01,2534.62,0.00,278.81,2024-01-25
14152,227,2024-01,2295.80,0.00,252.54,2024-01-25
14153,228,2024-01,2387.37,0.00,262.61,2024-01-25
14154,229,2024-01,2611.73,0.00,287.29,2024-01-25
14155,230,2024-01,2696.57,0.00,296.62,2024-01-25
14156,231,2024-01,2357.36,0.00,259.31,2024-01-25
14157,232,2024-01,2200.40,0.00,242.04,2024-01-25
14158,233,2024-01,2696.66,0.00,296.63,2024-01-25
14159,234,2024-01,2680.14,0.00,294.82,2024-01-25
14160,235,2024-01,2641.17,0.00,290.53,2024-01-25
14161,236,2024-01,4797.77,0.00,527.75,2024-01-25
14162,237,2024-01,4515.49,0.00,496.70,2024-01-25
14163,238,2024-01,2597.19,0.00,285.69,2024-01-25
14164,239,2024-01,2871.15,0.00,315.83,2024-01-25
14165,240,2024-01,2434.09,0.00,267.75,2024-01-25
14166,241,2024-01,3114.04,0.00,342.54,2024-01-25
14167,242,2024-01,2419.84,0.00,266.18,2024-01-25
14168,243,2024-01,2767.70,0.00,304.45,2024-01-25
14169,244,2024-01,2761.49,0.00,303.76,2024-01-25
14170,245,2024-01,7159.27,0.00,787.52,2024-01-25
14171,246,2024-01,2617.68,0.00,287.94,2024-01-25
14172,247,2024-01,2694.29,0.00,296.37,2024-01-25
14173,248,2024-01,2777.19,0.00,305.49,2024-01-25
14174,249,2024-01,2367.68,0.00,260.44,2024-01-25
14175,250,2024-01,2256.72,0.00,248.24,2024-01-25
14176,251,2024-01,2372.85,0.00,261.01,2024-01-25
14177,252,2024-01,3296.38,0.00,362.60,2024-01-25
14178,1,2024-02,7192.81,0.00,791.21,2024-02-25
14179,3,2024-02,2594.73,0.00,285.42,2024-02-25
14180,4,2024-02,2262.47,0.00,248.87,2024-02-25
14181,5,2024-02,3283.46,0.00,361.18,2024-02-25
14182,6,2024-02,2625.79,0.00,288.84,2024-02-25
14183,8,2024-02,2346.03,0.00,258.06,2024-02-25
14184,10,2024-02,2544.37,0.00,279.88,2024-02-25
14185,11,2024-02,4443.22,0.00,488.75,2024-02-25
14186,12,2024-02,3219.90,0.00,354.19,2024-02-25
14187,13,2024-02,4757.56,0.00,523.33,2024-02-25
14188,14,2024-02,4475.63,0.00,492.32,2024-02-25
14189,15,2024-02,2737.72,0.00,301.15,2024-02-25
14190,16,2024-02,3200.76,0.00,352.08,2024-02-25
14191,17,2024-02,2312.57,0.00,254.38,2024-02-25
14192,18,2024-02,2646.36,0.00,291.10,2024-02-25
14193,19,2024-02,2665.57,0.00,293.21,2024-02-25
14194,20,2024-02,2423.74,0.00,266.61,2024-02-25
14195,22,2024-02,2547.85,0.00,280.26,2024-02-25
14196,24,2024-02,7178.26,0.00,789.61,2024-02-25
14197,25,2024-02,4762.31,0.00,523.85,2024-02-25
14198,26,2024-02,2922.01,0.00,321.42,2024-02-25
14199,28,2024-02,4746.41,0.00,522.11,2024-02-25
14200,29,2024-02,2379.69,0.00,261.77,2024-02-25
14201,30,2024-02,3016.85,0.00,331.85,2024-02-25
14202,31,2024-02,2406.16,0.00,264.68,2024-02-25
14203,32,2024-02,2564.45,0.00,282.09,2024-02-25
14204,33,2024-02,3008.05,0.00,330.89,2024-02-25
14205,35,2024-02,2816.07,0.00,309.77,2024-02-25
14206,36,2024-02,2733.17,0.00,300.65,2024-02-25
14207,37,2024-02,3100.87,0.00,341.10,2024-02-25
14208,38,2024-02,4757.26,0.00,523.30,2024-02-25
14209,39,2024-02,2653.03,0.00,291.83,2024-02-25
14210,41,2024-02,2778.75,0.00,305.66,2024-02-25
14211,43,2024-02,2604.66,0.00,286.51,2024-02-25
14212,44,2024-02,2768.46,0.00,304.53,2024-02-25
14213,45,2024-02,2254.32,0.00,247.98,2024-02-25
14214,46,2024-02,2681.44,0.00,294.96,2024-02-25
14215,48,2024-02,2535.47,0.00,278.90,2024-02-25
14216,49,2024-02,7608.99,0.00,836.99,2024-02-25
14217,50,2024-02,2903.51,0.00,319.39,2024-02-25
14218,51,2024-02,2356.76,0.00,259.24,2024-02-25
14219,52,2024-02,2643.87,0.00,290.83,2024-02-25
14220,53,2024-02,2790.38,0.00,306.94,2024-02-25
14221,55,2024-02,2363.46,0.00,259.98,2024-02-25
14222,56,2024-02,4212.24,0.00,463.35,2024-02-25
14223,57,2024-02,2469.87,0.00,271.69,2024-02-25
14224,59,2024-02,2735.52,0.00,300.91,2024-02-25
14225,60,2024-02,2981.37,0.00,327.95,2024-02-25
14226,61,2024-02,4381.38,0.00,481.95,2024-02-25
14227,62,2024-02,3097.47,0.00,340.72,2024-02-25
14228,63,2024-02,2395.13,0.00,263.46,2024-02-25
14229,64,2024-02,2482.72,0.00,273.10,2024-02-25
14230,66,2024-02,2326.08,0.00,255.87,2024-02-25
14231,68,2024-02,7018.87,0.00,772.08,2024-02-25
14232,69,2024-02,4295.97,0.00,472.56,2024-02-25
14233,70,2024-02,2505.98,0.00,275.66,2024-02-25
14234,71,2024-02,2611.64,0.00,287.28,2024-02-25
14235,72,2024-02,4192.78,0.00,461.21,2024-02-25
14236,73,2024-02,2984.13,0.00,328.25,2024-02-25
14237,75,2024-02,2276.05,0.00,250.37,2024-02-25
14238,77,2024-02,3050.30,0.00,335.53,2024-02-25
14239,78,2024-02,2739.11,0.00,301.30,2024-02-25
14240,80,2024-02,2432.42,0.00,267.57,2024-02-25
14241,81,2024-02,2684.53,0.00,295.30,2024-02-25
14242,82,2024-02,2746.68,0.00,302.13,2024-02-25
14243,83,2024-02,2617.67,0.00,287.94,2024-02-25
14244,84,2024-02,6772.30,0.00,744.95,2024-02-25
14245,86,2024-02,2643.76,0.00,290.81,2024-02-25
14246,87,2024-02,2690.29,0.00,295.93,2024-02-25
14247,88,2024-02,4476.07,0.00,492.37,2024-02-25
14248,89,2024-02,2464.29,0.00,271.07,2024-02-25
14249,90,2024-02,2324.72,0.00,255.72,2024-02-25
14250,91,2024-02,4830.96,0.00,531.41,2024-02-25
14251,92,2024-02,2231.12,0.00,245.42,2024-02-25
14252,93,2024-02,2678.58,0.00,294.64,2024-02-25
14253,94,2024-02,3005.49,0.00,330.60,2024-02-25
14254,95,2024-02,2481.19,0.00,272.93,2024-02-25
14255,96,2024-02,2406.71,0.00,264.74,2024-02-25
14256,97,2024-02,6934.87,0.00,762.84,2024-02-25
14257,98,2024-02,2525.14,0.00,277.77,2024-02-25
14258,99,2024-02,3103.50,0.00,341.38,2024-02-25
14259,100,2024-02,2632.10,0.00,289.53,2024-02-25
14260,101,2024-02,4484.04,0.00,493.24,2024-02-25
14261,103,2024-02,2811.20,0.00,309.23,2024-02-25
14262,104,2024-02,4439.37,0.00,488.33,2024-02-25
14263,105,2024-02,2403.72,0.00,264.41,2024-02-25
14264,106,2024-02,3021.54,0.00,332.37,2024-02-25
14265,107,2024-02,2676.69,0.00,294.44,2024-02-25
14266,108,2024-02,2448.56,0.00,269.34,2024-02-25
14267,110,2024-02,2464.89,0.00,271.14,2024-02-25
14268,111,2024-02,2292.74,0.00,252.20,2024-02-25
14269,112,2024-02,2651.03,0.00,291.61,2024-02-25
14270,113,2024-02,2528.51,0.00,278.14,2024-02-25
14271,114,2024-02,2244.32,0.00,246.88,2024-02-25
14272,115,2024-02,7496.64,0.00,824.63,2024-02-25
14273,116,2024-02,2402.13,0.00,264.23,2024-02-25
14274,117,2024-02,2378.24,0.00,261.61,2024-02-25
14275,118,2024-02,2393.52,0.00,263.29,2024-02-25
14276,119,2024-02,2271.77,0.00,249.89,2024-02-25
14277,120,2024-02,4603.53,0.00,506.39,2024-02-25
14278,121,2024-02,4728.84,0.00,520.17,2024-02-25
14279,122,2024-02,2313.18,0.00,254.45,2024-02-25
14280,123,2024-02,2875.05,0.00,316.26,2024-02-25
14281,124,2024-02,2440.30,0.00,268.43,2024-02-25
14282,125,2024-02,3322.32,0.00,365.46,2024-02-25
14283,126,2024-02,3245.56,0.00,357.01,2024-02-25
14284,127,2024-02,3335.36,0.00,366.89,2024-02-25
14285,128,2024-02,2538.88,0.00,279.28,2024-02-25
14286,129,2024-02,2527.99,0.00,278.08,2024-02-25
14287,130,2024-02,2313.46,0.00,254.48,2024-02-25
14288,131,2024-02,2417.59,0.00,265.93,2024-02-25
14289,132,2024-02,7157.14,0.00,787.29,2024-02-25
14290,133,2024-02,2380.28,0.00,261.83,2024-02-25
14291,135,2024-02,3209.47,0.00,353.04,2024-02-25
14292,136,2024-02,2831.89,0.00,311.51,2024-02-25
14293,137,2024-02,2319.02,0.00,255.09,2024-02-25
14294,138,2024-02,2893.30,0.00,318.26,2024-02-25
14295,139,2024-02,2259.79,0.00,248.58,2024-02-25
14296,140,2024-02,2446.43,0.00,269.11,2024-02-25
14297,141,2024-02,4599.19,0.00,505.91,2024-02-25
14298,142,2024-02,2278.92,0.00,250.68,2024-02-25
14299,144,2024-02,4963.56,0.00,545.99,2024-02-25
14300,145,2024-02,2804.71,0.00,308.52,2024-02-25
14301,146,2024-02,2718.88,0.00,299.08,2024-02-25
14302,147,2024-02,2531.75,0.00,278.49,2024-02-25
14303,148,2024-02,2525.48,0.00,277.80,2024-02-25
14304,149,2024-02,7337.29,0.00,807.10,2024-02-25
14305,150,2024-02,2545.29,0.00,279.98,2024-02-25
14306,151,2024-02,2595.93,0.00,285.55,2024-02-25
14307,152,2024-02,2423.95,0.00,266.63,2024-02-25
14308,153,2024-02,2837.48,0.00,312.12,2024-02-25
14309,154,2024-02,2998.14,0.00,329.80,2024-02-25
14310,157,2024-02,2769.24,0.00,304.62,2024-02-25
14311,158,2024-02,4235.44,0.00,465.90,2024-02-25
14312,159,2024-02,2239.22,0.00,246.31,2024-02-25
14313,160,2024-02,2320.30,0.00,255.23,2024-02-25
14314,161,2024-02,7327.17,0.00,805.99,2024-02-25
14315,162,2024-02,2685.83,0.00,295.44,2024-02-25
14316,163,2024-02,3214.77,0.00,353.62,2024-02-25
14317,164,2024-02,4792.34,0.00,527.16,2024-02-25
14318,165,2024-02,2848.66,0.00,313.35,2024-02-25
14319,166,2024-02,2305.60,0.00,253.62,2024-02-25
14320,167,2024-02,2533.49,0.00,278.68,2024-02-25
14321,168,2024-02,2687.44,0.00,295.62,2024-02-25
14322,169,2024-02,2418.69,0.00,266.06,2024-02-25
14323,170,2024-02,2770.53,0.00,304.76,2024-02-25
14324,172,2024-02,4695.08,0.00,516.46,2024-02-25
14325,173,2024-02,2455.42,0.00,270.10,2024-02-25
14326,174,2024-02,2667.44,0.00,293.42,2024-02-25
14327,175,2024-02,2255.70,0.00,248.13,2024-02-25
14328,176,2024-02,2658.62,0.00,292.45,2024-02-25
14329,177,2024-02,7538.49,0.00,829.23,2024-02-25
14330,179,2024-02,2465.22,0.00,271.17,2024-02-25
14331,180,2024-02,3025.39,0.00,332.79,2024-02-25
14332,181,2024-02,4746.50,0.00,522.12,2024-02-25
14333,182,2024-02,3298.15,0.00,362.80,2024-02-25
14334,184,2024-02,2853.74,0.00,313.91,2024-02-25
14335,185,2024-02,2704.58,0.00,297.50,2024-02-25
14336,187,2024-02,2682.04,0.00,295.02,2024-02-25
14337,188,2024-02,4524.68,0.00,497.71,2024-02-25
14338,189,2024-02,2224.90,0.00,244.74,2024-02-25
14339,190,2024-02,2243.63,0.00,246.80,2024-02-25
14340,191,2024-02,7000.82,0.00,770.09,2024-02-25
14341,192,2024-02,2388.22,0.00,262.70,2024-02-25
14342,193,2024-02,2241.59,0.00,246.57,2024-02-25
14343,194,2024-02,2249.24,0.00,247.42,2024-02-25
14344,195,2024-02,3108.48,0.00,341.93,2024-02-25
14345,196,2024-02,4318.36,0.00,475.02,2024-02-25
14346,197,2024-02,2315.94,0.00,254.75,2024-02-25
14347,198,2024-02,2984.22,0.00,328.26,2024-02-25
14348,199,2024-02,2219.72,0.00,244.17,2024-02-25
14349,200,2024-02,2624.50,0.00,288.69,2024-02-25
14350,201,2024-02,2555.81,0.00,281.14,2024-02-25
14351,202,2024-02,2523.67,0.00,277.60,2024-02-25
14352,203,2024-02,2410.53,0.00,265.16,2024-02-25
14353,204,2024-02,2228.18,0.00,245.10,2024-02-25
14354,205,2024-02,2740.00,0.00,301.40,2024-02-25
14355,206,2024-02,2304.62,0.00,253.51,2024-02-25
14356,207,2024-02,2360.65,0.00,259.67,2024-02-25
14357,208,2024-02,2935.87,0.00,322.95,2024-02-25
14358,209,2024-02,2559.05,0.00,281.50,2024-02-25
14359,210,2024-02,2634.60,0.00,289.81,2024-02-25
14360,211,2024-02,2669.15,0.00,293.61,2024-02-25
14361,212,2024-02,2294.51,0.00,252.40,2024-02-25
14362,213,2024-02,2425.76,0.00,266.83,2024-02-25
14363,214,2024-02,3113.90,0.00,342.53,2024-02-25
14364,215,2024-02,2709.13,0.00,298.00,2024-02-25
14365,216,2024-02,2519.12,0.00,277.10,2024-02-25
14366,217,2024-02,2242.03,0.00,246.62,2024-02-25
14367,218,2024-02,2550.16,0.00,280.52,2024-02-25
14368,219,2024-02,2625.03,0.00,288.75,2024-02-25
14369,220,2024-02,2318.09,0.00,254.99,2024-02-25
14370,221,2024-02,2426.88,0.00,266.96,2024-02-25
14371,222,2024-02,2627.16,0.00,288.99,2024-02-25
14372,223,2024-02,2576.67,0.00,283.43,2024-02-25
14373,224,2024-02,2595.17,0.00,285.47,2024-02-25
14374,225,2024-02,2295.60,0.00,252.52,2024-02-25
14375,226,2024-02,2545.59,0.00,280.01,2024-02-25
14376,227,2024-02,2284.73,0.00,251.32,2024-02-25
14377,228,2024-02,2384.23,0.00,262.27,2024-02-25
14378,229,2024-02,2609.26,0.00,287.02,2024-02-25
14379,230,2024-02,2714.46,0.00,298.59,2024-02-25
14380,231,2024-02,2338.94,0.00,257.28,2024-02-25
14381,232,2024-02,2199.92,0.00,241.99,2024-02-25
14382,233,2024-02,2690.86,0.00,295.99,2024-02-25
14383,234,2024-02,2682.76,0.00,295.10,2024-02-25
14384,235,2024-02,2646.35,0.00,291.10,2024-02-25
14385,236,2024-02,4781.74,0.00,525.99,2024-02-25
14386,237,2024-02,4520.71,0.00,497.28,2024-02-25
14387,238,2024-02,2579.00,0.00,283.69,2024-02-25
14388,239,2024-02,2870.82,0.00,315.79,2024-02-25
14389,240,2024-02,2427.77,0.00,267.05,2024-02-25
14390,241,2024-02,3125.16,0.00,343.77,2024-02-25
14391,242,2024-02,2423.00,0.00,266.53,2024-02-25
14392,243,2024-02,2781.75,0.00,305.99,2024-02-25
14393,244,2024-02,2762.38,0.00,303.86,2024-02-25
14394,245,2024-02,7187.51,0.00,790.63,2024-02-25
14395,246,2024-02,2614.80,0.00,287.63,2024-02-25
14396,247,2024-02,2676.27,0.00,294.39,2024-02-25
14397,248,2024-02,2769.71,0.00,304.67,2024-02-25
14398,249,2024-02,2386.81,0.00,262.55,2024-02-25
14399,250,2024-02,2268.80,0.00,249.57,2024-02-25
14400,251,2024-02,2368.89,0.00,260.58,2024-02-25
14401,252,2024-02,3292.59,0.00,362.18,2024-02-25
14402,1,2024-03,7204.88,0.00,792.54,2024-03-25
14403,3,2024-03,2610.75,0.00,287.18,2024-03-25
14404,4,2024-03,2264.22,0.00,249.06,2024-03-25
14405,5,2024-03,3269.46,0.00,359.64,2024-03-25
14406,6,2024-03,2625.19,0.00,288.77,2024-03-25
14407,8,2024-03,2341.50,0.00,257.56,2024-03-25
14408,10,2024-03,2543.82,0.00,279.82,2024-03-25
14409,11,2024-03,4441.05,0.00,488.52,2024-03-25
14410,12,2024-03,3194.10,0.00,351.35,2024-03-25
14411,13,2024-03,4749.08,0.00,522.40,2024-03-25
14412,14,2024-03,4446.73,0.00,489.14,2024-03-25
14413,15,2024-03,2753.27,0.00,302.86,2024-03-25
14414,16,2024-03,3220.48,0.00,354.25,2024-03-25
14415,17,2024-03,2310.81,0.00,254.19,2024-03-25
14416,18,2024-03,2659.94,0.00,292.59,2024-03-25
14417,19,2024-03,2659.32,0.00,292.53,2024-03-25
14418,20,2024-03,2429.84,0.00,267.28,2024-03-25
14419,22,2024-03,2562.50,0.00,281.88,2024-03-25
14420,24,2024-03,7142.31,0.00,785.65,2024-03-25
14421,25,2024-03,4759.07,0.00,523.50,2024-03-25
14422,26,2024-03,2922.75,0.00,321.50,2024-03-25
14423,28,2024-03,4765.35,0.00,524.19,2024-03-25
14424,29,2024-03,2361.18,0.00,259.73,2024-03-25
14425,30,2024-03,3024.92,0.00,332.74,2024-03-25
14426,31,2024-03,2425.14,0.00,266.77,2024-03-25
14427,32,2024-03,2563.97,0.00,282.04,2024-03-25
14428,33,2024-03,2999.46,0.00,329.94,2024-03-25
14429,35,2024-03,2795.91,0.00,307.55,2024-03-25
14430,36,2024-03,2746.94,0.00,302.16,2024-03-25
14431,37,2024-03,3116.65,0.00,342.83,2024-03-25
14432,38,2024-03,4732.55,0.00,520.58,2024-03-25
14433,39,2024-03,2670.38,0.00,293.74,2024-03-25
14434,41,2024-03,2773.85,0.00,305.12,2024-03-25
14435,43,2024-03,2604.32,0.00,286.48,2024-03-25
14436,44,2024-03,2776.28,0.00,305.39,2024-03-25
14437,45,2024-03,2245.97,0.00,247.06,2024-03-25
14438,46,2024-03,2684.93,0.00,295.34,2024-03-25
14439,48,2024-03,2529.70,0.00,278.27,2024-03-25
14440,49,2024-03,7641.78,0.00,840.60,2024-03-25
14441,50,2024-03,2903.74,0.00,319.41,2024-03-25
14442,51,2024-03,2376.33,0.00,261.40,2024-03-25
14443,52,2024-03,2643.16,0.00,290.75,2024-03-25
14444,53,2024-03,2814.23,0.00,309.57,2024-03-25
14445,55,2024-03,2360.54,0.00,259.66,2024-03-25
14446,56,2024-03,4239.22,0.00,466.31,2024-03-25
14447,57,2024-03,2455.13,0.00,270.06,2024-03-25
14448,59,2024-03,2743.75,0.00,301.81,2024-03-25
14449,60,2024-03,2994.80,0.00,329.43,2024-03-25
14450,61,2024-03,4362.62,0.00,479.89,2024-03-25
14451,62,2024-03,3098.45,0.00,340.83,2024-03-25
14452,63,2024-03,2390.39,0.00,262.94,2024-03-25
14453,64,2024-03,2471.51,0.00,271.87,2024-03-25
14454,66,2024-03,2338.24,0.00,257.21,2024-03-25
14455,68,2024-03,6975.98,0.00,767.36,2024-03-25
14456,69,2024-03,4305.58,0.00,473.61,2024-03-25
14457,70,2024-03,2527.41,0.00,278.02,2024-03-25
14458,71,2024-03,2596.54,0.00,285.62,2024-03-25
14459,72,2024-03,4207.36,0.00,462.81,2024-03-25
14460,73,2024-03,2985.94,0.00,328.45,2024-03-25
14461,75,2024-03,2284.23,0.00,251.27,2024-03-25
14462,77,2024-03,3030.81,0.00,333.39,2024-03-25
14463,78,2024-03,2740.19,0.00,301.42,2024-03-25
14464,80,2024-03,2432.57,0.00,267.58,2024-03-25
14465,81,2024-03,2682.73,0.00,295.10,2024-03-25
14466,82,2024-03,2734.30,0.00,300.77,2024-03-25
14467,83,2024-03,2618.64,0.00,288.05,2024-03-25
14468,84,2024-03,6804.45,0.00,748.49,2024-03-25
14469,86,2024-03,2632.38,0.00,289.56,2024-03-25
14470,87,2024-03,2684.48,0.00,295.29,2024-03-25
14471,88,2024-03,4486.74,0.00,493.54,2024-03-25
14472,89,2024-03,2462.62,0.00,270.89,2024-03-25
14473,90,2024-03,2313.36,0.00,254.47,2024-03-25
14474,91,2024-03,4859.34,0.00,534.53,2024-03-25
14475,92,2024-03,2230.16,0.00,245.32,2024-03-25
14476,93,2024-03,2697.90,0.00,296.77,2024-03-25
14477,94,2024-03,2996.81,0.00,329.65,2024-03-25
14478,95,2024-03,2488.28,0.00,273.71,2024-03-25
14479,96,2024-03,2415.96,0.00,265.76,2024-03-25
14480,97,2024-03,6938.27,0.00,763.21,2024-03-25
14481,98,2024-03,2501.06,0.00,275.12,2024-03-25
14482,99,2024-03,3114.29,0.00,342.57,2024-03-25
14483,100,2024-03,2618.60,0.00,288.05,2024-03-25
14484,101,2024-03,4492.37,0.00,494.16,2024-03-25
14485,103,2024-03,2824.61,0.00,310.71,2024-03-25
14486,104,2024-03,4439.02,0.00,488.29,2024-03-25
14487,105,2024-03,2410.55,0.00,265.16,2024-03-25
14488,106,2024-03,3029.39,0.00,333.23,2024-03-25
14489,107,2024-03,2677.52,0.00,294.53,2024-03-25
14490,108,2024-03,2450.75,0.00,269.58,2024-03-25
14491,110,2024-03,2454.69,0.00,270.02,2024-03-25
14492,111,2024-03,2296.91,0.00,252.66,2024-03-25
14493,112,2024-03,2642.02,0.00,290.62,2024-03-25
14494,113,2024-03,2530.16,0.00,278.32,2024-03-25
14495,114,2024-03,2257.01,0.00,248.27,2024-03-25
14496,115,2024-03,7499.10,0.00,824.90,2024-03-25
14497,116,2024-03,2400.47,0.00,264.05,2024-03-25
14498,117,2024-03,2365.33,0.00,260.19,2024-03-25
14499,118,2024-03,2403.86,0.00,264.42,2024-03-25
14500,119,2024-03,2263.20,0.00,248.95,2024-03-25
14501,120,2024-03,4605.72,0.00,506.63,2024-03-25
14502,121,2024-03,4724.98,0.00,519.75,2024-03-25
14503,122,2024-03,2322.32,0.00,255.46,2024-03-25
14504,123,2024-03,2887.31,0.00,317.60,2024-03-25
14505,124,2024-03,2447.73,0.00,269.25,2024-03-25
14506,125,2024-03,3345.85,0.00,368.04,2024-03-25
14507,126,2024-03,3251.16,0.00,357.63,2024-03-25
14508,127,2024-03,3354.21,0.00,368.96,2024-03-25
14509,128,2024-03,2540.06,0.00,279.41,2024-03-25
14510,129,2024-03,2516.27,0.00,276.79,2024-03-25
14511,130,2024-03,2323.80,0.00,255.62,2024-03-25
14512,131,2024-03,2406.35,0.00,264.70,2024-03-25
14513,132,2024-03,7151.91,0.00,786.71,2024-03-25
14514,133,2024-03,2394.15,0.00,263.36,2024-03-25
14515,135,2024-03,3216.65,0.00,353.83,2024-03-25
14516,136,2024-03,2817.90,0.00,309.97,2024-03-25
14517,137,2024-03,2321.97,0.00,255.42,2024-03-25
14518,138,2024-03,2893.44,0.00,318.28,2024-03-25
14519,139,2024-03,2275.46,0.00,250.30,2024-03-25
14520,140,2024-03,2440.79,0.00,268.49,2024-03-25
14521,141,2024-03,4620.57,0.00,508.26,2024-03-25
14522,142,2024-03,2286.80,0.00,251.55,2024-03-25
14523,144,2024-03,4958.45,0.00,545.43,2024-03-25
14524,145,2024-03,2808.58,0.00,308.94,2024-03-25
14525,146,2024-03,2698.06,0.00,296.79,2024-03-25
14526,147,2024-03,2531.20,0.00,278.43,2024-03-25
14527,148,2024-03,2517.53,0.00,276.93,2024-03-25
14528,149,2024-03,7312.39,0.00,804.36,2024-03-25
14529,150,2024-03,2538.30,0.00,279.21,2024-03-25
14530,151,2024-03,2608.94,0.00,286.98,2024-03-25
14531,152,2024-03,2434.32,0.00,267.78,2024-03-25
14532,153,2024-03,2841.65,0.00,312.58,2024-03-25
14533,154,2024-03,3003.18,0.00,330.35,2024-03-25
14534,157,2024-03,2768.20,0.00,304.50,2024-03-25
14535,158,2024-03,4236.79,0.00,466.05,2024-03-25
14536,159,2024-03,2251.29,0.00,247.64,2024-03-25
14537,160,2024-03,2324.75,0.00,255.72,2024-03-25
14538,161,2024-03,7357.62,0.00,809.34,2024-03-25
14539,162,2024-03,2665.42,0.00,293.20,2024-03-25
14540,163,2024-03,3236.58,0.00,356.02,2024-03-25
14541,164,2024-03,4807.97,0.00,528.88,2024-03-25
14542,165,2024-03,2833.64,0.00,311.70,2024-03-25
14543,166,2024-03,2309.66,0.00,254.06,2024-03-25
14544,167,2024-03,2548.52,0.00,280.34,2024-03-25
14545,168,2024-03,2684.00,0.00,295.24,2024-03-25
14546,169,2024-03,2416.59,0.00,265.82,2024-03-25
14547,170,2024-03,2768.53,0.00,304.54,2024-03-25
14548,172,2024-03,4710.86,0.00,518.19,2024-03-25
14549,173,2024-03,2456.60,0.00,270.23,2024-03-25
14550,174,2024-03,2670.98,0.00,293.81,2024-03-25
14551,175,2024-03,2266.07,0.00,249.27,2024-03-25
14552,176,2024-03,2639.05,0.00,290.30,2024-03-25
14553,177,2024-03,7594.46,0.00,835.39,2024-03-25
14554,179,2024-03,2458.72,0.00,270.46,2024-03-25
14555,180,2024-03,3005.34,0.00,330.59,2024-03-25
14556,181,2024-03,4704.42,0.00,517.49,2024-03-25
14557,182,2024-03,3278.24,0.00,360.61,2024-03-25
14558,184,2024-03,2870.93,0.00,315.80,2024-03-25
14559,185,2024-03,2692.22,0.00,296.14,2024-03-25
14560,187,2024-03,2673.05,0.00,294.04,2024-03-25
14561,188,2024-03,4512.96,0.00,496.43,2024-03-25
14562,189,2024-03,2207.49,0.00,242.82,2024-03-25
14563,190,2024-03,2240.75,0.00,246.48,2024-03-25
14564,191,2024-03,6963.33,0.00,765.97,2024-03-25
14565,192,2024-03,2374.42,0.00,261.19,2024-03-25
14566,193,2024-03,2245.33,0.00,246.99,2024-03-25
14567,194,2024-03,2247.03,0.00,247.17,2024-03-25
14568,195,2024-03,3081.92,0.00,339.01,2024-03-25
14569,196,2024-03,4345.69,0.00,478.03,2024-03-25
14570,197,2024-03,2323.28,0.00,255.56,2024-03-25
14571,198,2024-03,2999.53,0.00,329.95,2024-03-25
14572,199,2024-03,2233.96,0.00,245.74,2024-03-25
14573,200,2024-03,2631.28,0.00,289.44,2024-03-25
14574,201,2024-03,2550.03,0.00,280.50,2024-03-25
14575,202,2024-03,2517.32,0.00,276.91,2024-03-25
14576,203,2024-03,2398.58,0.00,263.84,2024-03-25
14577,204,2024-03,2230.08,0.00,245.31,2024-03-25
14578,205,2024-03,2726.56,0.00,299.92,2024-03-25
14579,206,2024-03,2305.61,0.00,253.62,2024-03-25
14580,207,2024-03,2351.80,0.00,258.70,2024-03-25
14581,208,2024-03,2955.42,0.00,325.10,2024-03-25
14582,209,2024-03,2581.16,0.00,283.93,2024-03-25
14583,210,2024-03,2643.10,0.00,290.74,2024-03-25
14584,211,2024-03,2671.95,0.00,293.91,2024-03-25
14585,212,2024-03,2296.11,0.00,252.57,2024-03-25
14586,213,2024-03,2418.61,0.00,266.05,2024-03-25
14587,214,2024-03,3136.78,0.00,345.05,2024-03-25
14588,215,2024-03,2718.32,0.00,299.02,2024-03-25
14589,216,2024-03,2506.92,0.00,275.76,2024-03-25
14590,217,2024-03,2245.06,0.00,246.96,2024-03-25
14591,218,2024-03,2547.60,0.00,280.24,2024-03-25
14592,219,2024-03,2618.57,0.00,288.04,2024-03-25
14593,220,2024-03,2317.78,0.00,254.96,2024-03-25
14594,221,2024-03,2442.22,0.00,268.64,2024-03-25
14595,222,2024-03,2603.24,0.00,286.36,2024-03-25
14596,223,2024-03,2574.69,0.00,283.22,2024-03-25
14597,224,2024-03,2591.26,0.00,285.04,2024-03-25
14598,225,2024-03,2309.69,0.00,254.07,2024-03-25
14599,226,2024-03,2533.29,0.00,278.66,2024-03-25
14600,227,2024-03,2290.78,0.00,251.99,2024-03-25
14601,228,2024-03,2376.67,0.00,261.43,2024-03-25
14602,229,2024-03,2602.33,0.00,286.26,2024-03-25
14603,230,2024-03,2703.22,0.00,297.35,2024-03-25
14604,231,2024-03,2349.00,0.00,258.39,2024-03-25
14605,232,2024-03,2199.10,0.00,241.90,2024-03-25
14606,233,2024-03,2703.78,0.00,297.42,2024-03-25
14607,234,2024-03,2693.05,0.00,296.24,2024-03-25
14608,235,2024-03,2648.16,0.00,291.30,2024-03-25
14609,236,2024-03,4803.59,0.00,528.39,2024-03-25
14610,237,2024-03,4492.75,0.00,494.20,2024-03-25
14611,238,2024-03,2584.36,0.00,284.28,2024-03-25
14612,239,2024-03,2879.48,0.00,316.74,2024-03-25
14613,240,2024-03,2440.08,0.00,268.41,2024-03-25
14614,241,2024-03,3112.41,0.00,342.37,2024-03-25
14615,242,2024-03,2428.77,0.00,267.16,2024-03-25
14616,243,2024-03,2775.70,0.00,305.33,2024-03-25
14617,244,2024-03,2769.19,0.00,304.61,2024-03-25
14618,245,2024-03,7160.64,0.00,787.67,2024-03-25
14619,246,2024-03,2633.72,0.00,289.71,2024-03-25
14620,247,2024-03,2695.59,0.00,296.51,2024-03-25
14621,248,2024-03,2775.45,0.00,305.30,2024-03-25
14622,249,2024-03,2379.12,0.00,261.70,2024-03-25
14623,250,2024-03,2256.94,0.00,248.26,2024-03-25
14624,251,2024-03,2388.91,0.00,262.78,2024-03-25
14625,252,2024-03,3288.70,0.00,361.76,2024-03-25
14626,260,2024-03,2294.04,0.00,252.34,2024-03-25
14627,264,2024-03,2496.53,0.00,274.62,2024-03-25
14628,1,2024-04,7163.37,2507.18,787.97,2024-04-25
14629,3,2024-04,2608.53,912.99,286.94,2024-04-25
14630,4,2024-04,2274.34,796.02,250.18,2024-04-25
14631,5,2024-04,3266.70,1143.34,359.34,2024-04-25
14632,6,2024-04,2632.04,921.21,289.52,2024-04-25
14633,8,2024-04,2351.16,822.91,258.63,2024-04-25
14634,10,2024-04,2554.60,894.11,281.01,2024-04-25
14635,11,2024-04,4470.38,1564.63,491.74,2024-04-25
14636,12,2024-04,3206.24,1122.18,352.69,2024-04-25
14637,13,2024-04,4728.19,1654.87,520.10,2024-04-25
14638,14,2024-04,4476.27,1566.69,492.39,2024-04-25
14639,15,2024-04,2746.40,961.24,302.10,2024-04-25
14640,16,2024-04,3227.78,1129.72,355.06,2024-04-25
14641,17,2024-04,2299.36,804.78,252.93,2024-04-25
14642,18,2024-04,2643.66,925.28,290.80,2024-04-25
14643,19,2024-04,2652.61,928.41,291.79,2024-04-25
14644,20,2024-04,2431.42,851.00,267.46,2024-04-25
14645,22,2024-04,2550.82,892.79,280.59,2024-04-25
14646,24,2024-04,7184.27,2514.49,790.27,2024-04-25
14647,25,2024-04,4788.00,1675.80,526.68,2024-04-25
14648,26,2024-04,2909.88,1018.46,320.09,2024-04-25
14649,28,2024-04,4758.68,1665.54,523.45,2024-04-25
14650,29,2024-04,2380.37,833.13,261.84,2024-04-25
14651,30,2024-04,3032.17,1061.26,333.54,2024-04-25
14652,31,2024-04,2422.48,847.87,266.47,2024-04-25
14653,32,2024-04,2565.44,897.90,282.20,2024-04-25
14654,33,2024-04,3023.71,1058.30,332.61,2024-04-25
14655,35,2024-04,2813.45,984.71,309.48,2024-04-25
14656,36,2024-04,2750.87,962.80,302.60,2024-04-25
14657,37,2024-04,3110.22,1088.58,342.12,2024-04-25
14658,38,2024-04,4750.38,1662.63,522.54,2024-04-25
14659,39,2024-04,2655.49,929.42,292.10,2024-04-25
14660,41,2024-04,2787.03,975.46,306.57,2024-04-25
14661,43,2024-04,2617.37,916.08,287.91,2024-04-25
14662,44,2024-04,2759.17,965.71,303.51,2024-04-25
14663,45,2024-04,2237.96,783.29,246.18,2024-04-25
14664,46,2024-04,2666.80,933.38,293.35,2024-04-25
14665,48,2024-04,2535.24,887.33,278.88,2024-04-25
14666,49,2024-04,7607.09,2662.48,836.78,2024-04-25
14667,50,2024-04,2930.97,1025.84,322.41,2024-04-25
14668,51,2024-04,2373.92,830.87,261.13,2024-04-25
14669,52,2024-04,2650.64,927.72,291.57,2024-04-25
14670,53,2024-04,2795.31,978.36,307.48,2024-04-25
14671,55,2024-04,2347.51,821.63,258.23,2024-04-25
14672,56,2024-04,4213.53,1474.74,463.49,2024-04-25
14673,57,2024-04,2466.67,863.33,271.33,2024-04-25
14674,59,2024-04,2748.70,962.04,302.36,2024-04-25
14675,60,2024-04,2981.64,1043.57,327.98,2024-04-25
14676,61,2024-04,4389.74,1536.41,482.87,2024-04-25
14677,62,2024-04,3098.68,1084.54,340.85,2024-04-25
14678,63,2024-04,2405.82,842.04,264.64,2024-04-25
14679,64,2024-04,2488.05,870.82,273.69,2024-04-25
14680,66,2024-04,2318.52,811.48,255.04,2024-04-25
14681,68,2024-04,6973.02,2440.56,767.03,2024-04-25
14682,69,2024-04,4285.92,1500.07,471.45,2024-04-25
14683,70,2024-04,2524.07,883.42,277.65,2024-04-25
14684,71,2024-04,2611.92,914.17,287.31,2024-04-25
14685,72,2024-04,4213.68,1474.79,463.50,2024-04-25
14686,73,2024-04,2979.14,1042.70,327.71,2024-04-25
14687,75,2024-04,2287.94,800.78,251.67,2024-04-25
14688,77,2024-04,3043.53,1065.24,334.79,2024-04-25
14689,78,2024-04,2741.66,959.58,301.58,2024-04-25
14690,80,2024-04,2444.87,855.70,268.94,2024-04-25
14691,81,2024-04,2678.49,937.47,294.63,2024-04-25
14692,82,2024-04,2733.98,956.89,300.74,2024-04-25
14693,83,2024-04,2606.22,912.18,286.68,2024-04-25
14694,84,2024-04,6814.65,2385.13,749.61,2024-04-25
14695,86,2024-04,2631.16,920.91,289.43,2024-04-25
14696,87,2024-04,2698.17,944.36,296.80,2024-04-25
14697,88,2024-04,4455.68,1559.49,490.12,2024-04-25
14698,89,2024-04,2471.25,864.94,271.84,2024-04-25
14699,90,2024-04,2309.57,808.35,254.05,2024-04-25
14700,91,2024-04,4850.57,1697.70,533.56,2024-04-25
14701,92,2024-04,2237.99,783.30,246.18,2024-04-25
14702,93,2024-04,2701.99,945.70,297.22,2024-04-25
14703,94,2024-04,3023.33,1058.17,332.57,2024-04-25
14704,95,2024-04,2480.60,868.21,272.87,2024-04-25
14705,96,2024-04,2419.52,846.83,266.15,2024-04-25
14706,97,2024-04,6945.02,2430.76,763.95,2024-04-25
14707,98,2024-04,2502.73,875.96,275.30,2024-04-25
14708,99,2024-04,3098.03,1084.31,340.78,2024-04-25
14709,100,2024-04,2634.90,922.21,289.84,2024-04-25
14710,101,2024-04,4479.70,1567.89,492.77,2024-04-25
14711,103,2024-04,2807.88,982.76,308.87,2024-04-25
14712,104,2024-04,4459.11,1560.69,490.50,2024-04-25
14713,105,2024-04,2416.07,845.62,265.77,2024-04-25
14714,106,2024-04,3022.09,1057.73,332.43,2024-04-25
14715,107,2024-04,2664.21,932.47,293.06,2024-04-25
14716,108,2024-04,2463.87,862.35,271.03,2024-04-25
14717,110,2024-04,2447.61,856.66,269.24,2024-04-25
14718,111,2024-04,2311.34,808.97,254.25,2024-04-25
14719,112,2024-04,2635.74,922.51,289.93,2024-04-25
14720,113,2024-04,2518.41,881.44,277.03,2024-04-25
14721,114,2024-04,2258.62,790.52,248.45,2024-04-25
14722,115,2024-04,7537.13,2638.00,829.08,2024-04-25
14723,116,2024-04,2420.94,847.33,266.30,2024-04-25
14724,117,2024-04,2379.07,832.67,261.70,2024-04-25
14725,118,2024-04,2401.90,840.66,264.21,2024-04-25
14726,119,2024-04,2268.73,794.06,249.56,2024-04-25
14727,120,2024-04,4625.61,1618.96,508.82,2024-04-25
14728,121,2024-04,4726.65,1654.33,519.93,2024-04-25
14729,122,2024-04,2331.49,816.02,256.46,2024-04-25
14730,123,2024-04,2881.61,1008.56,316.98,2024-04-25
14731,124,2024-04,2452.49,858.37,269.77,2024-04-25
14732,125,2024-04,3340.07,1169.02,367.41,2024-04-25
14733,126,2024-04,3246.35,1136.22,357.10,2024-04-25
14734,127,2024-04,3329.84,1165.44,366.28,2024-04-25
14735,128,2024-04,2546.47,891.26,280.11,2024-04-25
14736,129,2024-04,2529.46,885.31,278.24,2024-04-25
14737,130,2024-04,2321.26,812.44,255.34,2024-04-25
14738,131,2024-04,2415.54,845.44,265.71,2024-04-25
14739,132,2024-04,7146.05,2501.12,786.07,2024-04-25
14740,133,2024-04,2396.06,838.62,263.57,2024-04-25
14741,135,2024-04,3203.19,1121.12,352.35,2024-04-25
14742,136,2024-04,2838.49,993.47,312.23,2024-04-25
14743,137,2024-04,2318.07,811.32,254.99,2024-04-25
14744,138,2024-04,2893.37,1012.68,318.27,2024-04-25
14745,139,2024-04,2262.80,791.98,248.91,2024-04-25
14746,140,2024-04,2450.54,857.69,269.56,2024-04-25
14747,141,2024-04,4597.89,1609.26,505.77,2024-04-25
14748,142,2024-04,2271.80,795.13,249.90,2024-04-25
14749,144,2024-04,4964.98,1737.74,546.15,2024-04-25
14750,145,2024-04,2808.33,982.92,308.92,2024-04-25
14751,146,2024-04,2699.80,944.93,296.98,2024-04-25
14752,147,2024-04,2520.57,882.20,277.26,2024-04-25
14753,148,2024-04,2517.87,881.25,276.97,2024-04-25
14754,149,2024-04,7308.41,2557.94,803.93,2024-04-25
14755,150,2024-04,2555.56,894.45,281.11,2024-04-25
14756,151,2024-04,2617.64,916.17,287.94,2024-04-25
14757,152,2024-04,2435.85,852.55,267.94,2024-04-25
14758,153,2024-04,2847.32,996.56,313.21,2024-04-25
14759,154,2024-04,2982.53,1043.89,328.08,2024-04-25
14760,157,2024-04,2758.15,965.35,303.40,2024-04-25
14761,158,2024-04,4202.15,1470.75,462.24,2024-04-25
14762,159,2024-04,2246.03,786.11,247.06,2024-04-25
14763,160,2024-04,2318.04,811.31,254.98,2024-04-25
14764,161,2024-04,7326.30,2564.20,805.89,2024-04-25
14765,162,2024-04,2663.14,932.10,292.95,2024-04-25
14766,163,2024-04,3217.25,1126.04,353.90,2024-04-25
14767,164,2024-04,4820.79,1687.28,530.29,2024-04-25
14768,165,2024-04,2855.97,999.59,314.16,2024-04-25
14769,166,2024-04,2309.59,808.36,254.05,2024-04-25
14770,167,2024-04,2548.44,891.95,280.33,2024-04-25
14771,168,2024-04,2688.68,941.04,295.75,2024-04-25
14772,169,2024-04,2436.37,852.73,268.00,2024-04-25
14773,170,2024-04,2774.04,970.91,305.14,2024-04-25
14774,172,2024-04,4699.85,1644.95,516.98,2024-04-25
14775,173,2024-04,2453.42,858.70,269.88,2024-04-25
14776,174,2024-04,2664.96,932.74,293.15,2024-04-25
14777,175,2024-04,2257.57,790.15,248.33,2024-04-25
14778,176,2024-04,2643.61,925.26,290.80,2024-04-25
14779,177,2024-04,7568.60,2649.01,832.55,2024-04-25
14780,179,2024-04,2447.09,856.48,269.18,2024-04-25
14781,180,2024-04,3030.36,1060.63,333.34,2024-04-25
14782,181,2024-04,4713.22,1649.63,518.45,2024-04-25
14783,182,2024-04,3299.32,1154.76,362.93,2024-04-25
14784,184,2024-04,2854.68,999.14,314.01,2024-04-25
14785,185,2024-04,2702.50,945.87,297.27,2024-04-25
14786,187,2024-04,2683.05,939.07,295.14,2024-04-25
14787,188,2024-04,4522.03,1582.71,497.42,2024-04-25
14788,189,2024-04,2221.18,777.41,244.33,2024-04-25
14789,190,2024-04,2247.52,786.63,247.23,2024-04-25
14790,191,2024-04,6954.23,2433.98,764.97,2024-04-25
14791,192,2024-04,2378.02,832.31,261.58,2024-04-25
14792,193,2024-04,2236.35,782.72,246.00,2024-04-25
14793,194,2024-04,2251.71,788.10,247.69,2024-04-25
14794,195,2024-04,3102.83,1085.99,341.31,2024-04-25
14795,196,2024-04,4339.22,1518.73,477.31,2024-04-25
14796,197,2024-04,2310.83,808.79,254.19,2024-04-25
14797,198,2024-04,2993.76,1047.82,329.31,2024-04-25
14798,199,2024-04,2224.63,778.62,244.71,2024-04-25
14799,200,2024-04,2627.32,919.56,289.01,2024-04-25
14800,201,2024-04,2555.13,894.30,281.06,2024-04-25
14801,202,2024-04,2536.98,887.94,279.07,2024-04-25
14802,203,2024-04,2410.40,843.64,265.14,2024-04-25
14803,204,2024-04,2231.09,780.88,245.42,2024-04-25
14804,205,2024-04,2736.71,957.85,301.04,2024-04-25
14805,206,2024-04,2297.89,804.26,252.77,2024-04-25
14806,207,2024-04,2355.02,824.26,259.05,2024-04-25
14807,208,2024-04,2956.98,1034.94,325.27,2024-04-25
14808,209,2024-04,2577.25,902.04,283.50,2024-04-25
14809,210,2024-04,2631.48,921.02,289.46,2024-04-25
14810,211,2024-04,2653.51,928.73,291.89,2024-04-25
14811,212,2024-04,2300.84,805.29,253.09,2024-04-25
14812,213,2024-04,2425.29,848.85,266.78,2024-04-25
14813,214,2024-04,3131.86,1096.15,344.50,2024-04-25
14814,215,2024-04,2723.70,953.29,299.61,2024-04-25
14815,216,2024-04,2510.42,878.65,276.15,2024-04-25
14816,217,2024-04,2243.83,785.34,246.82,2024-04-25
14817,218,2024-04,2537.64,888.17,279.14,2024-04-25
14818,219,2024-04,2623.72,918.30,288.61,2024-04-25
14819,220,2024-04,2317.70,811.19,254.95,2024-04-25
14820,221,2024-04,2434.49,852.07,267.79,2024-04-25
14821,222,2024-04,2617.20,916.02,287.89,2024-04-25
14822,223,2024-04,2558.32,895.41,281.42,2024-04-25
14823,224,2024-04,2608.60,913.01,286.95,2024-04-25
14824,225,2024-04,2297.66,804.18,252.74,2024-04-25
14825,226,2024-04,2544.10,890.43,279.85,2024-04-25
14826,227,2024-04,2292.63,802.42,252.19,2024-04-25
14827,228,2024-04,2386.71,835.35,262.54,2024-04-25
14828,229,2024-04,2616.23,915.68,287.79,2024-04-25
14829,230,2024-04,2698.08,944.33,296.79,2024-04-25
14830,231,2024-04,2341.02,819.36,257.51,2024-04-25
14831,232,2024-04,2196.53,768.79,241.62,2024-04-25
14832,233,2024-04,2694.54,943.09,296.40,2024-04-25
14833,234,2024-04,2688.18,940.86,295.70,2024-04-25
14834,235,2024-04,2632.77,921.47,289.60,2024-04-25
14835,236,2024-04,4810.10,1683.54,529.11,2024-04-25
14836,237,2024-04,4503.58,1576.25,495.39,2024-04-25
14837,238,2024-04,2593.09,907.58,285.24,2024-04-25
14838,239,2024-04,2865.06,1002.77,315.16,2024-04-25
14839,240,2024-04,2420.63,847.22,266.27,2024-04-25
14840,241,2024-04,3105.28,1086.85,341.58,2024-04-25
14841,242,2024-04,2428.25,849.89,267.11,2024-04-25
14842,243,2024-04,2774.04,970.91,305.14,2024-04-25
14843,244,2024-04,2754.81,964.18,303.03,2024-04-25
14844,245,2024-04,7198.86,2519.60,791.87,2024-04-25
14845,246,2024-04,2615.34,915.37,287.69,2024-04-25
14846,247,2024-04,2672.02,935.21,293.92,2024-04-25
14847,248,2024-04,2788.20,975.87,306.70,2024-04-25
14848,249,2024-04,2373.67,830.78,261.10,2024-04-25
14849,250,2024-04,2267.83,793.74,249.46,2024-04-25
14850,251,2024-04,2388.34,835.92,262.72,2024-04-25
14851,252,2024-04,3287.85,1150.75,361.66,2024-04-25
14852,253,2024-04,2597.37,909.08,285.71,2024-04-25
14853,259,2024-04,2546.15,891.15,280.08,2024-04-25
14854,260,2024-04,2284.90,799.72,251.34,2024-04-25
14855,264,2024-04,2490.37,871.63,273.94,2024-04-25
14856,1,2024-05,7187.73,0.00,790.65,2024-05-25
14857,3,2024-05,2592.65,0.00,285.19,2024-05-25
14858,4,2024-05,2265.23,0.00,249.18,2024-05-25
14859,5,2024-05,3295.69,0.00,362.53,2024-05-25
14860,6,2024-05,2618.28,0.00,288.01,2024-05-25
14861,8,2024-05,2332.52,0.00,256.58,2024-05-25
14862,10,2024-05,2550.28,0.00,280.53,2024-05-25
14863,11,2024-05,4454.17,0.00,489.96,2024-05-25
14864,12,2024-05,3197.21,0.00,351.69,2024-05-25
14865,13,2024-05,4756.95,0.00,523.26,2024-05-25
14866,14,2024-05,4474.30,0.00,492.17,2024-05-25
14867,15,2024-05,2734.30,0.00,300.77,2024-05-25
14868,16,2024-05,3201.98,0.00,352.22,2024-05-25
14869,17,2024-05,2296.76,0.00,252.64,2024-05-25
14870,18,2024-05,2655.52,0.00,292.11,2024-05-25
14871,19,2024-05,2657.43,0.00,292.32,2024-05-25
14872,20,2024-05,2413.13,0.00,265.44,2024-05-25
14873,22,2024-05,2558.31,0.00,281.41,2024-05-25
14874,24,2024-05,7202.31,0.00,792.25,2024-05-25
14875,25,2024-05,4784.31,0.00,526.27,2024-05-25
14876,26,2024-05,2910.34,0.00,320.14,2024-05-25
14877,28,2024-05,4719.80,0.00,519.18,2024-05-25
14878,29,2024-05,2368.94,0.00,260.58,2024-05-25
14879,30,2024-05,3029.06,0.00,333.20,2024-05-25
14880,31,2024-05,2426.53,0.00,266.92,2024-05-25
14881,32,2024-05,2565.03,0.00,282.15,2024-05-25
14882,33,2024-05,3018.55,0.00,332.04,2024-05-25
14883,35,2024-05,2801.95,0.00,308.21,2024-05-25
14884,36,2024-05,2730.42,0.00,300.35,2024-05-25
14885,37,2024-05,3106.65,0.00,341.73,2024-05-25
14886,38,2024-05,4732.35,0.00,520.56,2024-05-25
14887,39,2024-05,2650.73,0.00,291.58,2024-05-25
14888,41,2024-05,2774.93,0.00,305.24,2024-05-25
14889,43,2024-05,2617.88,0.00,287.97,2024-05-25
14890,44,2024-05,2779.48,0.00,305.74,2024-05-25
14891,45,2024-05,2242.26,0.00,246.65,2024-05-25
14892,46,2024-05,2682.23,0.00,295.05,2024-05-25
14893,48,2024-05,2534.84,0.00,278.83,2024-05-25
14894,49,2024-05,7650.97,0.00,841.61,2024-05-25
14895,50,2024-05,2919.13,0.00,321.10,2024-05-25
14896,51,2024-05,2360.75,0.00,259.68,2024-05-25
14897,52,2024-05,2655.65,0.00,292.12,2024-05-25
14898,53,2024-05,2805.24,0.00,308.58,2024-05-25
14899,55,2024-05,2350.92,0.00,258.60,2024-05-25
14900,56,2024-05,4242.66,0.00,466.69,2024-05-25
14901,57,2024-05,2464.06,0.00,271.05,2024-05-25
14902,59,2024-05,2740.89,0.00,301.50,2024-05-25
14903,60,2024-05,2991.81,0.00,329.10,2024-05-25
14904,61,2024-05,4377.71,0.00,481.55,2024-05-25
14905,62,2024-05,3101.47,0.00,341.16,2024-05-25
14906,63,2024-05,2387.43,0.00,262.62,2024-05-25
14907,64,2024-05,2489.72,0.00,273.87,2024-05-25
14908,66,2024-05,2321.16,0.00,255.33,2024-05-25
14909,68,2024-05,6992.34,0.00,769.16,2024-05-25
14910,69,2024-05,4300.59,0.00,473.06,2024-05-25
14911,70,2024-05,2521.26,0.00,277.34,2024-05-25
14912,71,2024-05,2589.08,0.00,284.80,2024-05-25
14913,72,2024-05,4217.94,0.00,463.97,2024-05-25
14914,73,2024-05,2973.44,0.00,327.08,2024-05-25
14915,75,2024-05,2273.16,0.00,250.05,2024-05-25
14916,77,2024-05,3039.17,0.00,334.31,2024-05-25
14917,78,2024-05,2761.18,0.00,303.73,2024-05-25
14918,80,2024-05,2434.61,0.00,267.81,2024-05-25
14919,81,2024-05,2688.97,0.00,295.79,2024-05-25
14920,82,2024-05,2758.43,0.00,303.43,2024-05-25
14921,83,2024-05,2615.71,0.00,287.73,2024-05-25
14922,84,2024-05,6765.40,0.00,744.19,2024-05-25
14923,86,2024-05,2647.74,0.00,291.25,2024-05-25
14924,87,2024-05,2696.61,0.00,296.63,2024-05-25
14925,88,2024-05,4464.63,0.00,491.11,2024-05-25
14926,89,2024-05,2466.55,0.00,271.32,2024-05-25
14927,90,2024-05,2320.60,0.00,255.27,2024-05-25
14928,91,2024-05,4849.42,0.00,533.44,2024-05-25
14929,92,2024-05,2233.85,0.00,245.72,2024-05-25
14930,93,2024-05,2700.44,0.00,297.05,2024-05-25
14931,94,2024-05,3020.24,0.00,332.23,2024-05-25
14932,95,2024-05,2491.67,0.00,274.08,2024-05-25
14933,96,2024-05,2427.01,0.00,266.97,2024-05-25
14934,97,2024-05,6943.55,0.00,763.79,2024-05-25
14935,98,2024-05,2515.87,0.00,276.75,2024-05-25
14936,99,2024-05,3121.35,0.00,343.35,2024-05-25
14937,100,2024-05,2629.18,0.00,289.21,2024-05-25
14938,101,2024-05,4488.81,0.00,493.77,2024-05-25
14939,103,2024-05,2825.42,0.00,310.80,2024-05-25
14940,104,2024-05,4442.78,0.00,488.71,2024-05-25
14941,105,2024-05,2405.96,0.00,264.66,2024-05-25
14942,106,2024-05,3026.87,0.00,332.96,2024-05-25
14943,107,2024-05,2668.86,0.00,293.57,2024-05-25
14944,108,2024-05,2450.41,0.00,269.55,2024-05-25
14945,110,2024-05,2453.78,0.00,269.92,2024-05-25
14946,111,2024-05,2304.12,0.00,253.45,2024-05-25
14947,112,2024-05,2629.54,0.00,289.25,2024-05-25
14948,113,2024-05,2514.14,0.00,276.56,2024-05-25
14949,114,2024-05,2250.48,0.00,247.55,2024-05-25
14950,115,2024-05,7518.84,0.00,827.07,2024-05-25
14951,116,2024-05,2413.47,0.00,265.48,2024-05-25
14952,117,2024-05,2375.53,0.00,261.31,2024-05-25
14953,118,2024-05,2388.35,0.00,262.72,2024-05-25
14954,119,2024-05,2263.26,0.00,248.96,2024-05-25
14955,120,2024-05,4627.15,0.00,508.99,2024-05-25
14956,121,2024-05,4739.31,0.00,521.32,2024-05-25
14957,122,2024-05,2328.01,0.00,256.08,2024-05-25
14958,123,2024-05,2888.14,0.00,317.70,2024-05-25
14959,124,2024-05,2436.77,0.00,268.04,2024-05-25
14960,125,2024-05,3336.08,0.00,366.97,2024-05-25
14961,126,2024-05,3262.31,0.00,358.85,2024-05-25
14962,127,2024-05,3324.77,0.00,365.72,2024-05-25
14963,128,2024-05,2545.41,0.00,280.00,2024-05-25
14964,129,2024-05,2527.11,0.00,277.98,2024-05-25
14965,130,2024-05,2312.38,0.00,254.36,2024-05-25
14966,131,2024-05,2401.77,0.00,264.19,2024-05-25
14967,132,2024-05,7194.84,0.00,791.43,2024-05-25
14968,133,2024-05,2385.89,0.00,262.45,2024-05-25
14969,135,2024-05,3219.95,0.00,354.19,2024-05-25
14970,136,2024-05,2824.97,0.00,310.75,2024-05-25
14971,137,2024-05,2315.73,0.00,254.73,2024-05-25
14972,138,2024-05,2883.23,0.00,317.16,2024-05-25
14973,139,2024-05,2260.62,0.00,248.67,2024-05-25
14974,140,2024-05,2459.78,0.00,270.58,2024-05-25
14975,141,2024-05,4584.76,0.00,504.32,2024-05-25
14976,142,2024-05,2274.61,0.00,250.21,2024-05-25
14977,144,2024-05,4953.13,0.00,544.84,2024-05-25
14978,145,2024-05,2795.80,0.00,307.54,2024-05-25
14979,146,2024-05,2696.93,0.00,296.66,2024-05-25
14980,147,2024-05,2518.74,0.00,277.06,2024-05-25
14981,148,2024-05,2521.47,0.00,277.36,2024-05-25
14982,149,2024-05,7356.17,0.00,809.18,2024-05-25
14983,150,2024-05,2540.22,0.00,279.42,2024-05-25
14984,151,2024-05,2620.19,0.00,288.22,2024-05-25
14985,152,2024-05,2430.59,0.00,267.36,2024-05-25
14986,153,2024-05,2842.58,0.00,312.68,2024-05-25
14987,154,2024-05,2975.11,0.00,327.26,2024-05-25
14988,157,2024-05,2781.60,0.00,305.98,2024-05-25
14989,158,2024-05,4205.07,0.00,462.56,2024-05-25
14990,159,2024-05,2239.29,0.00,246.32,2024-05-25
14991,160,2024-05,2327.69,0.00,256.05,2024-05-25
14992,161,2024-05,7368.47,0.00,810.53,2024-05-25
14993,162,2024-05,2681.29,0.00,294.94,2024-05-25
14994,163,2024-05,3221.20,0.00,354.33,2024-05-25
14995,164,2024-05,4792.43,0.00,527.17,2024-05-25
14996,165,2024-05,2831.24,0.00,311.44,2024-05-25
14997,166,2024-05,2295.86,0.00,252.54,2024-05-25
14998,167,2024-05,2550.98,0.00,280.61,2024-05-25
14999,168,2024-05,2678.31,0.00,294.61,2024-05-25
15000,169,2024-05,2428.74,0.00,267.16,2024-05-25
15001,170,2024-05,2771.35,0.00,304.85,2024-05-25
15002,172,2024-05,4708.40,0.00,517.92,2024-05-25
15003,173,2024-05,2472.76,0.00,272.00,2024-05-25
15004,174,2024-05,2666.89,0.00,293.36,2024-05-25
15005,175,2024-05,2257.88,0.00,248.37,2024-05-25
15006,176,2024-05,2651.92,0.00,291.71,2024-05-25
15007,177,2024-05,7550.79,0.00,830.59,2024-05-25
15008,179,2024-05,2453.53,0.00,269.89,2024-05-25
15009,180,2024-05,3007.29,0.00,330.80,2024-05-25
15010,181,2024-05,4723.23,0.00,519.56,2024-05-25
15011,182,2024-05,3300.21,0.00,363.02,2024-05-25
15012,184,2024-05,2858.84,0.00,314.47,2024-05-25
15013,185,2024-05,2699.96,0.00,297.00,2024-05-25
15014,187,2024-05,2675.58,0.00,294.31,2024-05-25
15015,188,2024-05,4529.73,0.00,498.27,2024-05-25
15016,189,2024-05,2224.76,0.00,244.72,2024-05-25
15017,190,2024-05,2243.55,0.00,246.79,2024-05-25
15018,191,2024-05,6941.03,0.00,763.51,2024-05-25
15019,192,2024-05,2378.14,0.00,261.60,2024-05-25
15020,193,2024-05,2244.63,0.00,246.91,2024-05-25
15021,194,2024-05,2258.40,0.00,248.42,2024-05-25
15022,195,2024-05,3089.36,0.00,339.83,2024-05-25
15023,196,2024-05,4338.30,0.00,477.21,2024-05-25
15024,197,2024-05,2320.21,0.00,255.22,2024-05-25
15025,198,2024-05,2976.22,0.00,327.38,2024-05-25
15026,199,2024-05,2227.71,0.00,245.05,2024-05-25
15027,200,2024-05,2610.50,0.00,287.16,2024-05-25
15028,201,2024-05,2537.88,0.00,279.17,2024-05-25
15029,202,2024-05,2535.64,0.00,278.92,2024-05-25
15030,203,2024-05,2401.72,0.00,264.19,2024-05-25
15031,204,2024-05,2221.94,0.00,244.41,2024-05-25
15032,205,2024-05,2721.81,0.00,299.40,2024-05-25
15033,206,2024-05,2297.76,0.00,252.75,2024-05-25
15034,207,2024-05,2356.63,0.00,259.23,2024-05-25
15035,208,2024-05,2939.77,0.00,323.37,2024-05-25
15036,209,2024-05,2575.78,0.00,283.34,2024-05-25
15037,210,2024-05,2629.47,0.00,289.24,2024-05-25
15038,211,2024-05,2667.48,0.00,293.42,2024-05-25
15039,212,2024-05,2302.77,0.00,253.30,2024-05-25
15040,213,2024-05,2412.79,0.00,265.41,2024-05-25
15041,214,2024-05,3136.91,0.00,345.06,2024-05-25
15042,215,2024-05,2728.98,0.00,300.19,2024-05-25
15043,216,2024-05,2524.64,0.00,277.71,2024-05-25
15044,217,2024-05,2241.11,0.00,246.52,2024-05-25
15045,218,2024-05,2532.96,0.00,278.63,2024-05-25
15046,219,2024-05,2603.41,0.00,286.38,2024-05-25
15047,220,2024-05,2316.81,0.00,254.85,2024-05-25
15048,221,2024-05,2443.35,0.00,268.77,2024-05-25
15049,222,2024-05,2614.21,0.00,287.56,2024-05-25
15050,223,2024-05,2567.61,0.00,282.44,2024-05-25
15051,224,2024-05,2606.66,0.00,286.73,2024-05-25
15052,225,2024-05,2304.92,0.00,253.54,2024-05-25
15053,226,2024-05,2532.03,0.00,278.52,2024-05-25
15054,227,2024-05,2296.04,0.00,252.56,2024-05-25
15055,228,2024-05,2389.85,0.00,262.88,2024-05-25
15056,229,2024-05,2624.42,0.00,288.69,2024-05-25
15057,230,2024-05,2717.68,0.00,298.94,2024-05-25
15058,231,2024-05,2361.59,0.00,259.77,2024-05-25
15059,232,2024-05,2194.86,0.00,241.43,2024-05-25
15060,233,2024-05,2684.92,0.00,295.34,2024-05-25
15061,234,2024-05,2689.31,0.00,295.82,2024-05-25
15062,235,2024-05,2629.48,0.00,289.24,2024-05-25
15063,236,2024-05,4805.21,0.00,528.57,2024-05-25
15064,237,2024-05,4511.87,0.00,496.31,2024-05-25
15065,238,2024-05,2589.03,0.00,284.79,2024-05-25
15066,239,2024-05,2870.61,0.00,315.77,2024-05-25
15067,240,2024-05,2432.28,0.00,267.55,2024-05-25
15068,241,2024-05,3115.05,0.00,342.66,2024-05-25
15069,242,2024-05,2423.00,0.00,266.53,2024-05-25
15070,243,2024-05,2769.73,0.00,304.67,2024-05-25
15071,244,2024-05,2770.89,0.00,304.80,2024-05-25
15072,245,2024-05,7176.11,0.00,789.37,2024-05-25
15073,246,2024-05,2624.94,0.00,288.74,2024-05-25
15074,247,2024-05,2683.84,0.00,295.22,2024-05-25
15075,248,2024-05,2781.32,0.00,305.95,2024-05-25
15076,249,2024-05,2382.76,0.00,262.10,2024-05-25
15077,250,2024-05,2260.70,0.00,248.68,2024-05-25
15078,251,2024-05,2370.29,0.00,260.73,2024-05-25
15079,252,2024-05,3320.30,0.00,365.23,2024-05-25
15080,253,2024-05,2604.79,0.00,286.53,2024-05-25
15081,255,2024-05,2308.66,0.00,253.95,2024-05-25
15082,259,2024-05,2557.97,0.00,281.38,2024-05-25
15083,260,2024-05,2288.27,0.00,251.71,2024-05-25
15084,264,2024-05,2492.14,0.00,274.14,2024-05-25
15085,1,2024-06,7213.43,0.00,793.48,2024-06-25
15086,3,2024-06,2608.93,0.00,286.98,2024-06-25
15087,4,2024-06,2258.56,0.00,248.44,2024-06-25
15088,5,2024-06,3296.03,0.00,362.56,2024-06-25
15089,6,2024-06,2621.53,0.00,288.37,2024-06-25
15090,8,2024-06,2351.79,0.00,258.70,2024-06-25
15091,10,2024-06,2556.17,0.00,281.18,2024-06-25
15092,11,2024-06,4456.03,0.00,490.16,2024-06-25
15093,12,2024-06,3213.88,0.00,353.53,2024-06-25
15094,13,2024-06,4722.13,0.00,519.43,2024-06-25
15095,14,2024-06,4482.34,0.00,493.06,2024-06-25
15096,15,2024-06,2750.61,0.00,302.57,2024-06-25
15097,16,2024-06,3208.33,0.00,352.92,2024-06-25
15098,17,2024-06,2310.11,0.00,254.11,2024-06-25
15099,18,2024-06,2645.41,0.00,291.00,2024-06-25
15100,19,2024-06,2646.93,0.00,291.16,2024-06-25
15101,20,2024-06,2428.55,0.00,267.14,2024-06-25
15102,22,2024-06,2567.61,0.00,282.44,2024-06-25
15103,24,2024-06,7206.50,0.00,792.72,2024-06-25
15104,25,2024-06,4780.85,0.00,525.89,2024-06-25
15105,26,2024-06,2911.86,0.00,320.30,2024-06-25
15106,28,2024-06,4734.04,0.00,520.74,2024-06-25
15107,29,2024-06,2365.93,0.00,260.25,2024-06-25
15108,30,2024-06,3014.28,0.00,331.57,2024-06-25
15109,31,2024-06,2422.64,0.00,266.49,2024-06-25
15110,32,2024-06,2566.34,0.00,282.30,2024-06-25
15111,33,2024-06,3024.59,0.00,332.70,2024-06-25
15112,35,2024-06,2799.04,0.00,307.89,2024-06-25
15113,36,2024-06,2740.12,0.00,301.41,2024-06-25
15114,37,2024-06,3095.62,0.00,340.52,2024-06-25
15115,38,2024-06,4728.71,0.00,520.16,2024-06-25
15116,39,2024-06,2651.58,0.00,291.67,2024-06-25
15117,41,2024-06,2793.57,0.00,307.29,2024-06-25
15118,43,2024-06,2612.31,0.00,287.35,2024-06-25
15119,44,2024-06,2774.78,0.00,305.23,2024-06-25
15120,45,2024-06,2258.56,0.00,248.44,2024-06-25
15121,46,2024-06,2659.96,0.00,292.60,2024-06-25
15122,48,2024-06,2541.70,0.00,279.59,2024-06-25
15123,49,2024-06,7676.73,0.00,844.44,2024-06-25
15124,50,2024-06,2924.44,0.00,321.69,2024-06-25
15125,51,2024-06,2376.95,0.00,261.46,2024-06-25
15126,52,2024-06,2638.13,0.00,290.19,2024-06-25
15127,53,2024-06,2805.31,0.00,308.58,2024-06-25
15128,55,2024-06,2357.98,0.00,259.38,2024-06-25
15129,56,2024-06,4221.54,0.00,464.37,2024-06-25
15130,57,2024-06,2455.44,0.00,270.10,2024-06-25
15131,59,2024-06,2729.81,0.00,300.28,2024-06-25
15132,60,2024-06,2995.88,0.00,329.55,2024-06-25
15133,61,2024-06,4358.13,0.00,479.39,2024-06-25
15134,62,2024-06,3116.67,0.00,342.83,2024-06-25
15135,63,2024-06,2396.69,0.00,263.64,2024-06-25
15136,64,2024-06,2472.93,0.00,272.02,2024-06-25
15137,66,2024-06,2329.23,0.00,256.22,2024-06-25
15138,68,2024-06,6968.29,0.00,766.51,2024-06-25
15139,69,2024-06,4294.47,0.00,472.39,2024-06-25
15140,70,2024-06,2518.33,0.00,277.02,2024-06-25
15141,71,2024-06,2602.75,0.00,286.30,2024-06-25
15142,72,2024-06,4209.65,0.00,463.06,2024-06-25
15143,73,2024-06,2994.65,0.00,329.41,2024-06-25
15144,75,2024-06,2275.97,0.00,250.36,2024-06-25
15145,77,2024-06,3043.39,0.00,334.77,2024-06-25
15146,78,2024-06,2761.40,0.00,303.75,2024-06-25
15147,80,2024-06,2437.11,0.00,268.08,2024-06-25
15148,81,2024-06,2686.31,0.00,295.49,2024-06-25
15149,82,2024-06,2740.69,0.00,301.48,2024-06-25
15150,83,2024-06,2595.26,0.00,285.48,2024-06-25
15151,84,2024-06,6797.87,0.00,747.77,2024-06-25
15152,86,2024-06,2640.44,0.00,290.45,2024-06-25
15153,87,2024-06,2681.52,0.00,294.97,2024-06-25
15154,88,2024-06,4458.51,0.00,490.44,2024-06-25
15155,89,2024-06,2457.77,0.00,270.35,2024-06-25
15156,90,2024-06,2312.87,0.00,254.42,2024-06-25
15157,91,2024-06,4824.45,0.00,530.69,2024-06-25
15158,92,2024-06,2238.83,0.00,246.27,2024-06-25
15159,93,2024-06,2701.65,0.00,297.18,2024-06-25
15160,94,2024-06,3001.87,0.00,330.21,2024-06-25
15161,95,2024-06,2475.45,0.00,272.30,2024-06-25
15162,96,2024-06,2414.84,0.00,265.63,2024-06-25
15163,97,2024-06,6945.07,0.00,763.96,2024-06-25
15164,98,2024-06,2513.24,0.00,276.46,2024-06-25
15165,99,2024-06,3120.33,0.00,343.24,2024-06-25
15166,100,2024-06,2634.21,0.00,289.76,2024-06-25
15167,101,2024-06,4495.87,0.00,494.55,2024-06-25
15168,103,2024-06,2816.55,0.00,309.82,2024-06-25
15169,104,2024-06,4447.18,0.00,489.19,2024-06-25
15170,105,2024-06,2408.19,0.00,264.90,2024-06-25
15171,106,2024-06,3040.41,0.00,334.45,2024-06-25
15172,107,2024-06,2668.52,0.00,293.54,2024-06-25
15173,108,2024-06,2448.20,0.00,269.30,2024-06-25
15174,110,2024-06,2459.18,0.00,270.51,2024-06-25
15175,111,2024-06,2303.91,0.00,253.43,2024-06-25
15176,112,2024-06,2651.16,0.00,291.63,2024-06-25
15177,113,2024-06,2528.81,0.00,278.17,2024-06-25
15178,114,2024-06,2258.71,0.00,248.46,2024-06-25
15179,115,2024-06,7514.47,0.00,826.59,2024-06-25
15180,116,2024-06,2408.79,0.00,264.97,2024-06-25
15181,117,2024-06,2374.31,0.00,261.17,2024-06-25
15182,118,2024-06,2405.45,0.00,264.60,2024-06-25
15183,119,2024-06,2264.01,0.00,249.04,2024-06-25
15184,120,2024-06,4601.00,0.00,506.11,2024-06-25
15185,121,2024-06,4748.94,0.00,522.38,2024-06-25
15186,122,2024-06,2325.97,0.00,255.86,2024-06-25
15187,123,2024-06,2876.67,0.00,316.43,2024-06-25
15188,124,2024-06,2435.07,0.00,267.86,2024-06-25
15189,125,2024-06,3326.87,0.00,365.96,2024-06-25
15190,126,2024-06,3252.07,0.00,357.73,2024-06-25
15191,127,2024-06,3355.84,0.00,369.14,2024-06-25
15192,128,2024-06,2547.91,0.00,280.27,2024-06-25
15193,129,2024-06,2521.57,0.00,277.37,2024-06-25
15194,130,2024-06,2320.68,0.00,255.27,2024-06-25
15195,131,2024-06,2410.54,0.00,265.16,2024-06-25
15196,132,2024-06,7186.16,0.00,790.48,2024-06-25
15197,133,2024-06,2388.90,0.00,262.78,2024-06-25
15198,135,2024-06,3193.68,0.00,351.30,2024-06-25
15199,136,2024-06,2838.71,0.00,312.26,2024-06-25
15200,137,2024-06,2329.89,0.00,256.29,2024-06-25
15201,138,2024-06,2891.96,0.00,318.12,2024-06-25
15202,139,2024-06,2280.20,0.00,250.82,2024-06-25
15203,140,2024-06,2439.79,0.00,268.38,2024-06-25
15204,141,2024-06,4605.24,0.00,506.58,2024-06-25
15205,142,2024-06,2275.35,0.00,250.29,2024-06-25
15206,144,2024-06,4958.59,0.00,545.44,2024-06-25
15207,145,2024-06,2802.30,0.00,308.25,2024-06-25
15208,146,2024-06,2709.92,0.00,298.09,2024-06-25
15209,147,2024-06,2534.93,0.00,278.84,2024-06-25
15210,148,2024-06,2523.75,0.00,277.61,2024-06-25
15211,149,2024-06,7355.81,0.00,809.14,2024-06-25
15212,150,2024-06,2539.51,0.00,279.35,2024-06-25
15213,151,2024-06,2610.14,0.00,287.12,2024-06-25
15214,152,2024-06,2445.89,0.00,269.05,2024-06-25
15215,153,2024-06,2850.57,0.00,313.56,2024-06-25
15216,154,2024-06,2999.44,0.00,329.94,2024-06-25
15217,157,2024-06,2777.22,0.00,305.49,2024-06-25
15218,158,2024-06,4235.43,0.00,465.90,2024-06-25
15219,159,2024-06,2252.04,0.00,247.72,2024-06-25
15220,160,2024-06,2329.63,0.00,256.26,2024-06-25
15221,161,2024-06,7365.65,0.00,810.22,2024-06-25
15222,162,2024-06,2661.09,0.00,292.72,2024-06-25
15223,163,2024-06,3234.67,0.00,355.81,2024-06-25
15224,164,2024-06,4812.06,0.00,529.33,2024-06-25
15225,165,2024-06,2848.88,0.00,313.38,2024-06-25
15226,166,2024-06,2304.28,0.00,253.47,2024-06-25
15227,167,2024-06,2539.68,0.00,279.36,2024-06-25
15228,168,2024-06,2683.71,0.00,295.21,2024-06-25
15229,169,2024-06,2420.15,0.00,266.22,2024-06-25
15230,170,2024-06,2769.09,0.00,304.60,2024-06-25
15231,172,2024-06,4687.67,0.00,515.64,2024-06-25
15232,173,2024-06,2456.00,0.00,270.16,2024-06-25
15233,174,2024-06,2684.01,0.00,295.24,2024-06-25
15234,175,2024-06,2251.85,0.00,247.70,2024-06-25
15235,176,2024-06,2635.70,0.00,289.93,2024-06-25
15236,177,2024-06,7562.35,0.00,831.86,2024-06-25
15237,179,2024-06,2455.93,0.00,270.15,2024-06-25
15238,180,2024-06,3031.66,0.00,333.48,2024-06-25
15239,181,2024-06,4737.51,0.00,521.13,2024-06-25
15240,182,2024-06,3270.51,0.00,359.76,2024-06-25
15241,184,2024-06,2845.63,0.00,313.02,2024-06-25
15242,185,2024-06,2696.99,0.00,296.67,2024-06-25
15243,187,2024-06,2672.51,0.00,293.98,2024-06-25
15244,188,2024-06,4532.00,0.00,498.52,2024-06-25
15245,189,2024-06,2209.43,0.00,243.04,2024-06-25
15246,190,2024-06,2260.14,0.00,248.62,2024-06-25
15247,191,2024-06,6957.00,0.00,765.27,2024-06-25
15248,192,2024-06,2382.71,0.00,262.10,2024-06-25
15249,193,2024-06,2248.77,0.00,247.36,2024-06-25
15250,194,2024-06,2244.28,0.00,246.87,2024-06-25
15251,195,2024-06,3106.42,0.00,341.71,2024-06-25
15252,196,2024-06,4344.74,0.00,477.92,2024-06-25
15253,197,2024-06,2314.72,0.00,254.62,2024-06-25
15254,198,2024-06,3003.24,0.00,330.36,2024-06-25
15255,199,2024-06,2220.06,0.00,244.21,2024-06-25
15256,200,2024-06,2630.79,0.00,289.39,2024-06-25
15257,201,2024-06,2555.42,0.00,281.10,2024-06-25
15258,202,2024-06,2523.19,0.00,277.55,2024-06-25
15259,203,2024-06,2399.95,0.00,263.99,2024-06-25
15260,204,2024-06,2230.53,0.00,245.36,2024-06-25
15261,205,2024-06,2720.80,0.00,299.29,2024-06-25
15262,206,2024-06,2291.20,0.00,252.03,2024-06-25
15263,207,2024-06,2352.01,0.00,258.72,2024-06-25
15264,208,2024-06,2943.07,0.00,323.74,2024-06-25
15265,209,2024-06,2569.71,0.00,282.67,2024-06-25
15266,210,2024-06,2636.11,0.00,289.97,2024-06-25
15267,211,2024-06,2656.99,0.00,292.27,2024-06-25
15268,212,2024-06,2304.82,0.00,253.53,2024-06-25
15269,213,2024-06,2413.93,0.00,265.53,2024-06-25
15270,214,2024-06,3136.75,0.00,345.04,2024-06-25
15271,215,2024-06,2714.27,0.00,298.57,2024-06-25
15272,216,2024-06,2522.71,0.00,277.50,2024-06-25
15273,217,2024-06,2244.37,0.00,246.88,2024-06-25
15274,218,2024-06,2534.57,0.00,278.80,2024-06-25
15275,219,2024-06,2603.65,0.00,286.40,2024-06-25
15276,220,2024-06,2301.30,0.00,253.14,2024-06-25
15277,221,2024-06,2443.06,0.00,268.74,2024-06-25
15278,222,2024-06,2613.35,0.00,287.47,2024-06-25
15279,223,2024-06,2562.42,0.00,281.87,2024-06-25
15280,224,2024-06,2603.12,0.00,286.34,2024-06-25
15281,225,2024-06,2305.59,0.00,253.61,2024-06-25
15282,226,2024-06,2535.93,0.00,278.95,2024-06-25
15283,227,2024-06,2293.92,0.00,252.33,2024-06-25
15284,228,2024-06,2388.70,0.00,262.76,2024-06-25
15285,229,2024-06,2608.55,0.00,286.94,2024-06-25
15286,230,2024-06,2697.17,0.00,296.69,2024-06-25
15287,231,2024-06,2343.98,0.00,257.84,2024-06-25
15288,232,2024-06,2207.19,0.00,242.79,2024-06-25
15289,233,2024-06,2682.91,0.00,295.12,2024-06-25
15290,234,2024-06,2677.17,0.00,294.49,2024-06-25
15291,235,2024-06,2630.60,0.00,289.37,2024-06-25
15292,236,2024-06,4822.94,0.00,530.52,2024-06-25
15293,237,2024-06,4501.24,0.00,495.14,2024-06-25
15294,238,2024-06,2597.72,0.00,285.75,2024-06-25
15295,239,2024-06,2885.42,0.00,317.40,2024-06-25
15296,240,2024-06,2423.30,0.00,266.56,2024-06-25
15297,241,2024-06,3106.40,0.00,341.70,2024-06-25
15298,242,2024-06,2417.46,0.00,265.92,2024-06-25
15299,243,2024-06,2785.83,0.00,306.44,2024-06-25
15300,244,2024-06,2762.11,0.00,303.83,2024-06-25
15301,245,2024-06,7189.13,0.00,790.80,2024-06-25
15302,246,2024-06,2633.98,0.00,289.74,2024-06-25
15303,247,2024-06,2688.69,0.00,295.76,2024-06-25
15304,248,2024-06,2779.64,0.00,305.76,2024-06-25
15305,249,2024-06,2380.87,0.00,261.90,2024-06-25
15306,250,2024-06,2251.86,0.00,247.70,2024-06-25
15307,251,2024-06,2369.90,0.00,260.69,2024-06-25
15308,252,2024-06,3317.47,0.00,364.92,2024-06-25
15309,253,2024-06,2591.07,0.00,285.02,2024-06-25
15310,255,2024-06,2326.54,0.00,255.92,2024-06-25
15311,259,2024-06,2540.94,0.00,279.50,2024-06-25
15312,260,2024-06,2286.06,0.00,251.47,2024-06-25
15313,264,2024-06,2484.88,0.00,273.34,2024-06-25
15314,1,2024-07,7163.65,0.00,788.00,2024-07-25
15315,3,2024-07,2609.34,0.00,287.03,2024-07-25
15316,4,2024-07,2261.73,0.00,248.79,2024-07-25
15317,5,2024-07,3280.39,0.00,360.84,2024-07-25
15318,6,2024-07,2617.46,0.00,287.92,2024-07-25
15319,8,2024-07,2335.44,0.00,256.90,2024-07-25
15320,10,2024-07,2537.27,0.00,279.10,2024-07-25
15321,11,2024-07,4464.56,0.00,491.10,2024-07-25
15322,12,2024-07,3216.18,0.00,353.78,2024-07-25
15323,13,2024-07,4733.34,0.00,520.67,2024-07-25
15324,14,2024-07,4453.81,0.00,489.92,2024-07-25
15325,15,2024-07,2731.31,0.00,300.44,2024-07-25
15326,16,2024-07,3221.84,0.00,354.40,2024-07-25
15327,17,2024-07,2312.83,0.00,254.41,2024-07-25
15328,18,2024-07,2660.73,0.00,292.68,2024-07-25
15329,19,2024-07,2655.23,0.00,292.08,2024-07-25
15330,20,2024-07,2422.49,0.00,266.47,2024-07-25
15331,22,2024-07,2560.40,0.00,281.64,2024-07-25
15332,24,2024-07,7142.77,0.00,785.70,2024-07-25
15333,25,2024-07,4791.77,0.00,527.09,2024-07-25
15334,26,2024-07,2925.90,0.00,321.85,2024-07-25
15335,28,2024-07,4737.20,0.00,521.09,2024-07-25
15336,29,2024-07,2370.53,0.00,260.76,2024-07-25
15337,30,2024-07,3040.32,0.00,334.44,2024-07-25
15338,31,2024-07,2420.32,0.00,266.24,2024-07-25
15339,32,2024-07,2545.37,0.00,279.99,2024-07-25
15340,33,2024-07,3009.49,0.00,331.04,2024-07-25
15341,35,2024-07,2790.36,0.00,306.94,2024-07-25
15342,36,2024-07,2751.29,0.00,302.64,2024-07-25
15343,37,2024-07,3125.93,0.00,343.85,2024-07-25
15344,38,2024-07,4742.43,0.00,521.67,2024-07-25
15345,39,2024-07,2657.83,0.00,292.36,2024-07-25
15346,41,2024-07,2794.00,0.00,307.34,2024-07-25
15347,43,2024-07,2611.20,0.00,287.23,2024-07-25
15348,44,2024-07,2775.53,0.00,305.31,2024-07-25
15349,45,2024-07,2242.74,0.00,246.70,2024-07-25
15350,46,2024-07,2685.16,0.00,295.37,2024-07-25
15351,48,2024-07,2527.91,0.00,278.07,2024-07-25
15352,49,2024-07,7605.20,0.00,836.57,2024-07-25
15353,50,2024-07,2906.49,0.00,319.71,2024-07-25
15354,51,2024-07,2362.26,0.00,259.85,2024-07-25
15355,52,2024-07,2643.41,0.00,290.78,2024-07-25
15356,53,2024-07,2814.86,0.00,309.63,2024-07-25
15357,55,2024-07,2349.87,0.00,258.49,2024-07-25
15358,56,2024-07,4251.64,0.00,467.68,2024-07-25
15359,57,2024-07,2465.09,0.00,271.16,2024-07-25
15360,59,2024-07,2736.03,0.00,300.96,2024-07-25
15361,60,2024-07,2983.51,0.00,328.19,2024-07-25
15362,61,2024-07,4392.77,0.00,483.20,2024-07-25
15363,62,2024-07,3121.94,0.00,343.41,2024-07-25
15364,63,2024-07,2400.90,0.00,264.10,2024-07-25
15365,64,2024-07,2477.15,0.00,272.49,2024-07-25
15366,66,2024-07,2317.71,0.00,254.95,2024-07-25
15367,68,2024-07,6979.17,0.00,767.71,2024-07-25
15368,69,2024-07,4316.83,0.00,474.85,2024-07-25
15369,70,2024-07,2526.28,0.00,277.89,2024-07-25
15370,71,2024-07,2587.25,0.00,284.60,2024-07-25
15371,72,2024-07,4206.49,0.00,462.71,2024-07-25
15372,73,2024-07,2984.46,0.00,328.29,2024-07-25
15373,75,2024-07,2287.22,0.00,251.59,2024-07-25
15374,77,2024-07,3031.43,0.00,333.46,2024-07-25
15375,78,2024-07,2741.37,0.00,301.55,2024-07-25
15376,80,2024-07,2448.80,0.00,269.37,2024-07-25
15377,81,2024-07,2680.57,0.00,294.86,2024-07-25
15378,82,2024-07,2746.36,0.00,302.10,2024-07-25
15379,83,2024-07,2612.36,0.00,287.36,2024-07-25
15380,84,2024-07,6765.38,0.00,744.19,2024-07-25
15381,86,2024-07,2626.52,0.00,288.92,2024-07-25
15382,87,2024-07,2696.26,0.00,296.59,2024-07-25
15383,88,2024-07,4463.48,0.00,490.98,2024-07-25
15384,89,2024-07,2465.76,0.00,271.23,2024-07-25
15385,90,2024-07,2303.51,0.00,253.39,2024-07-25
15386,91,2024-07,4855.13,0.00,534.06,2024-07-25
15387,92,2024-07,2241.39,0.00,246.55,2024-07-25
15388,93,2024-07,2686.59,0.00,295.52,2024-07-25
15389,94,2024-07,3014.22,0.00,331.56,2024-07-25
15390,95,2024-07,2482.08,0.00,273.03,2024-07-25
15391,96,2024-07,2404.52,0.00,264.50,2024-07-25
15392,97,2024-07,6913.47,0.00,760.48,2024-07-25
15393,98,2024-07,2512.02,0.00,276.32,2024-07-25
15394,99,2024-07,3126.82,0.00,343.95,2024-07-25
15395,100,2024-07,2622.14,0.00,288.44,2024-07-25
15396,101,2024-07,4491.73,0.00,494.09,2024-07-25
15397,103,2024-07,2827.23,0.00,311.00,2024-07-25
15398,104,2024-07,4470.83,0.00,491.79,2024-07-25
15399,105,2024-07,2404.27,0.00,264.47,2024-07-25
15400,106,2024-07,3040.65,0.00,334.47,2024-07-25
15401,107,2024-07,2674.88,0.00,294.24,2024-07-25
15402,108,2024-07,2448.46,0.00,269.33,2024-07-25
15403,110,2024-07,2450.51,0.00,269.56,2024-07-25
15404,111,2024-07,2293.62,0.00,252.30,2024-07-25
15405,112,2024-07,2632.77,0.00,289.60,2024-07-25
15406,113,2024-07,2531.61,0.00,278.48,2024-07-25
15407,114,2024-07,2247.46,0.00,247.22,2024-07-25
15408,115,2024-07,7497.15,0.00,824.69,2024-07-25
15409,116,2024-07,2401.17,0.00,264.13,2024-07-25
15410,117,2024-07,2366.23,0.00,260.29,2024-07-25
15411,118,2024-07,2389.94,0.00,262.89,2024-07-25
15412,119,2024-07,2275.09,0.00,250.26,2024-07-25
15413,120,2024-07,4632.66,0.00,509.59,2024-07-25
15414,121,2024-07,4727.17,0.00,519.99,2024-07-25
15415,122,2024-07,2328.38,0.00,256.12,2024-07-25
15416,123,2024-07,2897.85,0.00,318.76,2024-07-25
15417,124,2024-07,2435.48,0.00,267.90,2024-07-25
15418,125,2024-07,3317.65,0.00,364.94,2024-07-25
15419,126,2024-07,3245.17,0.00,356.97,2024-07-25
15420,127,2024-07,3329.21,0.00,366.21,2024-07-25
15421,128,2024-07,2535.73,0.00,278.93,2024-07-25
15422,129,2024-07,2526.07,0.00,277.87,2024-07-25
15423,130,2024-07,2324.83,0.00,255.73,2024-07-25
15424,131,2024-07,2403.95,0.00,264.43,2024-07-25
15425,132,2024-07,7178.16,0.00,789.60,2024-07-25
15426,133,2024-07,2393.39,0.00,263.27,2024-07-25
15427,135,2024-07,3196.29,0.00,351.59,2024-07-25
15428,136,2024-07,2821.73,0.00,310.39,2024-07-25
15429,137,2024-07,2328.48,0.00,256.13,2024-07-25
15430,138,2024-07,2894.61,0.00,318.41,2024-07-25
15431,139,2024-07,2279.56,0.00,250.75,2024-07-25
15432,140,2024-07,2441.40,0.00,268.55,2024-07-25
15433,141,2024-07,4602.47,0.00,506.27,2024-07-25
15434,142,2024-07,2278.42,0.00,250.63,2024-07-25
15435,144,2024-07,4975.72,0.00,547.33,2024-07-25
15436,145,2024-07,2789.01,0.00,306.79,2024-07-25
15437,146,2024-07,2705.52,0.00,297.61,2024-07-25
15438,147,2024-07,2537.73,0.00,279.15,2024-07-25
15439,148,2024-07,2527.60,0.00,278.04,2024-07-25
15440,149,2024-07,7316.37,0.00,804.80,2024-07-25
15441,150,2024-07,2557.68,0.00,281.34,2024-07-25
15442,151,2024-07,2595.66,0.00,285.52,2024-07-25
15443,152,2024-07,2439.18,0.00,268.31,2024-07-25
15444,153,2024-07,2838.90,0.00,312.28,2024-07-25
15445,154,2024-07,3003.22,0.00,330.35,2024-07-25
15446,157,2024-07,2757.26,0.00,303.30,2024-07-25
15447,158,2024-07,4205.71,0.00,462.63,2024-07-25
15448,159,2024-07,2251.73,0.00,247.69,2024-07-25
15449,160,2024-07,2330.37,0.00,256.34,2024-07-25
15450,161,2024-07,7368.74,0.00,810.56,2024-07-25
15451,162,2024-07,2667.91,0.00,293.47,2024-07-25
15452,163,2024-07,3218.66,0.00,354.05,2024-07-25
15453,164,2024-07,4792.34,0.00,527.16,2024-07-25
15454,165,2024-07,2852.87,0.00,313.82,2024-07-25
15455,166,2024-07,2290.83,0.00,251.99,2024-07-25
15456,167,2024-07,2536.15,0.00,278.98,2024-07-25
15457,168,2024-07,2682.85,0.00,295.11,2024-07-25
15458,169,2024-07,2439.00,0.00,268.29,2024-07-25
15459,170,2024-07,2773.66,0.00,305.10,2024-07-25
15460,172,2024-07,4700.81,0.00,517.09,2024-07-25
15461,173,2024-07,2465.76,0.00,271.23,2024-07-25
15462,174,2024-07,2670.28,0.00,293.73,2024-07-25
15463,175,2024-07,2252.87,0.00,247.82,2024-07-25
15464,176,2024-07,2653.17,0.00,291.85,2024-07-25
15465,177,2024-07,7589.38,0.00,834.83,2024-07-25
15466,179,2024-07,2459.94,0.00,270.59,2024-07-25
15467,180,2024-07,3015.66,0.00,331.72,2024-07-25
15468,181,2024-07,4703.24,0.00,517.36,2024-07-25
15469,182,2024-07,3290.22,0.00,361.92,2024-07-25
15470,184,2024-07,2870.67,0.00,315.77,2024-07-25
15471,185,2024-07,2689.42,0.00,295.84,2024-07-25
15472,187,2024-07,2683.45,0.00,295.18,2024-07-25
15473,188,2024-07,4535.59,0.00,498.91,2024-07-25
15474,189,2024-07,2207.74,0.00,242.85,2024-07-25
15475,190,2024-07,2244.95,0.00,246.94,2024-07-25
15476,191,2024-07,7003.71,0.00,770.41,2024-07-25
15477,192,2024-07,2381.11,0.00,261.92,2024-07-25
15478,193,2024-07,2233.25,0.00,245.66,2024-07-25
15479,194,2024-07,2239.74,0.00,246.37,2024-07-25
15480,195,2024-07,3091.63,0.00,340.08,2024-07-25
15481,196,2024-07,4332.71,0.00,476.60,2024-07-25
15482,197,2024-07,2312.34,0.00,254.36,2024-07-25
15483,198,2024-07,2992.74,0.00,329.20,2024-07-25
15484,199,2024-07,2228.07,0.00,245.09,2024-07-25
15485,200,2024-07,2628.45,0.00,289.13,2024-07-25
15486,201,2024-07,2539.47,0.00,279.34,2024-07-25
15487,202,2024-07,2533.32,0.00,278.67,2024-07-25
15488,203,2024-07,2397.98,0.00,263.78,2024-07-25
15489,204,2024-07,2234.18,0.00,245.76,2024-07-25
15490,205,2024-07,2726.98,0.00,299.97,2024-07-25
15491,206,2024-07,2305.56,0.00,253.61,2024-07-25
15492,207,2024-07,2352.65,0.00,258.79,2024-07-25
15493,208,2024-07,2934.73,0.00,322.82,2024-07-25
15494,209,2024-07,2555.98,0.00,281.16,2024-07-25
15495,210,2024-07,2624.88,0.00,288.74,2024-07-25
15496,211,2024-07,2675.60,0.00,294.32,2024-07-25
15497,212,2024-07,2288.82,0.00,251.77,2024-07-25
15498,213,2024-07,2418.63,0.00,266.05,2024-07-25
15499,214,2024-07,3134.59,0.00,344.80,2024-07-25
15500,215,2024-07,2727.23,0.00,300.00,2024-07-25
15501,216,2024-07,2523.25,0.00,277.56,2024-07-25
15502,217,2024-07,2252.86,0.00,247.81,2024-07-25
15503,218,2024-07,2550.35,0.00,280.54,2024-07-25
15504,219,2024-07,2604.71,0.00,286.52,2024-07-25
15505,220,2024-07,2303.31,0.00,253.36,2024-07-25
15506,221,2024-07,2438.67,0.00,268.25,2024-07-25
15507,222,2024-07,2629.12,0.00,289.20,2024-07-25
15508,223,2024-07,2569.51,0.00,282.65,2024-07-25
15509,224,2024-07,2615.19,0.00,287.67,2024-07-25
15510,225,2024-07,2296.54,0.00,252.62,2024-07-25
15511,226,2024-07,2541.62,0.00,279.58,2024-07-25
15512,227,2024-07,2281.24,0.00,250.94,2024-07-25
15513,228,2024-07,2395.32,0.00,263.49,2024-07-25
15514,229,2024-07,2607.66,0.00,286.84,2024-07-25
15515,230,2024-07,2719.99,0.00,299.20,2024-07-25
15516,231,2024-07,2342.38,0.00,257.66,2024-07-25
15517,232,2024-07,2214.77,0.00,243.62,2024-07-25
15518,233,2024-07,2688.78,0.00,295.77,2024-07-25
15519,234,2024-07,2695.72,0.00,296.53,2024-07-25
15520,235,2024-07,2637.50,0.00,290.12,2024-07-25
15521,236,2024-07,4794.94,0.00,527.44,2024-07-25
15522,237,2024-07,4497.24,0.00,494.70,2024-07-25
15523,238,2024-07,2589.71,0.00,284.87,2024-07-25
15524,239,2024-07,2878.09,0.00,316.59,2024-07-25
15525,240,2024-07,2421.00,0.00,266.31,2024-07-25
15526,241,2024-07,3106.73,0.00,341.74,2024-07-25
15527,242,2024-07,2430.71,0.00,267.38,2024-07-25
15528,243,2024-07,2767.43,0.00,304.42,2024-07-25
15529,244,2024-07,2758.98,0.00,303.49,2024-07-25
15530,245,2024-07,7206.04,0.00,792.66,2024-07-25
15531,246,2024-07,2631.57,0.00,289.47,2024-07-25
15532,247,2024-07,2672.29,0.00,293.95,2024-07-25
15533,248,2024-07,2772.32,0.00,304.96,2024-07-25
15534,249,2024-07,2373.66,0.00,261.10,2024-07-25
15535,250,2024-07,2251.81,0.00,247.70,2024-07-25
15536,251,2024-07,2382.48,0.00,262.07,2024-07-25
15537,252,2024-07,3311.16,0.00,364.23,2024-07-25
15538,253,2024-07,2595.78,0.00,285.54,2024-07-25
15539,255,2024-07,2327.81,0.00,256.06,2024-07-25
15540,259,2024-07,2556.57,0.00,281.22,2024-07-25
15541,260,2024-07,2288.47,0.00,251.73,2024-07-25
15542,264,2024-07,2507.65,0.00,275.84,2024-07-25
15543,1,2024-08,7201.82,0.00,792.20,2024-08-25
15544,3,2024-08,2591.46,0.00,285.06,2024-08-25
15545,4,2024-08,2270.41,0.00,249.75,2024-08-25
15546,5,2024-08,3274.18,0.00,360.16,2024-08-25
15547,6,2024-08,2612.45,0.00,287.37,2024-08-25
15548,8,2024-08,2343.60,0.00,257.80,2024-08-25
15549,10,2024-08,2537.54,0.00,279.13,2024-08-25
15550,11,2024-08,4471.18,0.00,491.83,2024-08-25
15551,12,2024-08,3210.75,0.00,353.18,2024-08-25
15552,13,2024-08,4759.85,0.00,523.58,2024-08-25
15553,14,2024-08,4464.11,0.00,491.05,2024-08-25
15554,15,2024-08,2752.08,0.00,302.73,2024-08-25
15555,16,2024-08,3199.07,0.00,351.90,2024-08-25
15556,17,2024-08,2317.93,0.00,254.97,2024-08-25
15557,18,2024-08,2668.57,0.00,293.54,2024-08-25
15558,19,2024-08,2657.83,0.00,292.36,2024-08-25
15559,20,2024-08,2413.91,0.00,265.53,2024-08-25
15560,22,2024-08,2560.77,0.00,281.68,2024-08-25
15561,24,2024-08,7179.75,0.00,789.77,2024-08-25
15562,25,2024-08,4763.27,0.00,523.96,2024-08-25
15563,26,2024-08,2918.23,0.00,321.01,2024-08-25
15564,28,2024-08,4732.45,0.00,520.57,2024-08-25
15565,29,2024-08,2362.95,0.00,259.92,2024-08-25
15566,30,2024-08,3032.90,0.00,333.62,2024-08-25
15567,31,2024-08,2406.61,0.00,264.73,2024-08-25
15568,32,2024-08,2544.85,0.00,279.93,2024-08-25
15569,33,2024-08,2999.39,0.00,329.93,2024-08-25
15570,35,2024-08,2810.25,0.00,309.13,2024-08-25
15571,36,2024-08,2744.53,0.00,301.90,2024-08-25
15572,37,2024-08,3099.18,0.00,340.91,2024-08-25
15573,38,2024-08,4735.34,0.00,520.89,2024-08-25
15574,39,2024-08,2663.90,0.00,293.03,2024-08-25
15575,41,2024-08,2797.46,0.00,307.72,2024-08-25
15576,43,2024-08,2619.86,0.00,288.18,2024-08-25
15577,44,2024-08,2784.32,0.00,306.28,2024-08-25
15578,45,2024-08,2238.47,0.00,246.23,2024-08-25
15579,46,2024-08,2675.19,0.00,294.27,2024-08-25
15580,48,2024-08,2530.92,0.00,278.40,2024-08-25
15581,49,2024-08,7617.33,0.00,837.91,2024-08-25
15582,50,2024-08,2923.08,0.00,321.54,2024-08-25
15583,51,2024-08,2379.14,0.00,261.71,2024-08-25
15584,52,2024-08,2656.99,0.00,292.27,2024-08-25
15585,53,2024-08,2792.55,0.00,307.18,2024-08-25
15586,55,2024-08,2362.48,0.00,259.87,2024-08-25
15587,56,2024-08,4218.02,0.00,463.98,2024-08-25
15588,57,2024-08,2458.26,0.00,270.41,2024-08-25
15589,59,2024-08,2728.87,0.00,300.18,2024-08-25
15590,60,2024-08,2998.73,0.00,329.86,2024-08-25
15591,61,2024-08,4356.49,0.00,479.21,2024-08-25
15592,62,2024-08,3121.47,0.00,343.36,2024-08-25
15593,63,2024-08,2409.13,0.00,265.00,2024-08-25
15594,64,2024-08,2471.33,0.00,271.85,2024-08-25
15595,66,2024-08,2330.93,0.00,256.40,2024-08-25
15596,68,2024-08,6998.52,0.00,769.84,2024-08-25
15597,69,2024-08,4291.56,0.00,472.07,2024-08-25
15598,70,2024-08,2509.80,0.00,276.08,2024-08-25
15599,71,2024-08,2610.79,0.00,287.19,2024-08-25
15600,72,2024-08,4204.11,0.00,462.45,2024-08-25
15601,73,2024-08,2985.86,0.00,328.44,2024-08-25
15602,75,2024-08,2285.11,0.00,251.36,2024-08-25
15603,77,2024-08,3033.36,0.00,333.67,2024-08-25
15604,78,2024-08,2747.27,0.00,302.20,2024-08-25
15605,80,2024-08,2449.49,0.00,269.44,2024-08-25
15606,81,2024-08,2667.63,0.00,293.44,2024-08-25
15607,82,2024-08,2753.13,0.00,302.84,2024-08-25
15608,83,2024-08,2613.48,0.00,287.48,2024-08-25
15609,84,2024-08,6790.92,0.00,747.00,2024-08-25
15610,86,2024-08,2626.98,0.00,288.97,2024-08-25
15611,87,2024-08,2682.00,0.00,295.02,2024-08-25
15612,88,2024-08,4461.03,0.00,490.71,2024-08-25
15613,89,2024-08,2457.36,0.00,270.31,2024-08-25
15614,90,2024-08,2306.00,0.00,253.66,2024-08-25
15615,91,2024-08,4831.36,0.00,531.45,2024-08-25
15616,92,2024-08,2231.91,0.00,245.51,2024-08-25
15617,93,2024-08,2691.23,0.00,296.04,2024-08-25
15618,94,2024-08,3021.73,0.00,332.39,2024-08-25
15619,95,2024-08,2490.61,0.00,273.97,2024-08-25
15620,96,2024-08,2406.77,0.00,264.74,2024-08-25
15621,97,2024-08,6940.12,0.00,763.41,2024-08-25
15622,98,2024-08,2503.37,0.00,275.37,2024-08-25
15623,99,2024-08,3108.65,0.00,341.95,2024-08-25
15624,100,2024-08,2618.17,0.00,288.00,2024-08-25
15625,101,2024-08,4493.39,0.00,494.27,2024-08-25
15626,103,2024-08,2814.93,0.00,309.64,2024-08-25
15627,104,2024-08,4437.74,0.00,488.15,2024-08-25
15628,105,2024-08,2406.07,0.00,264.67,2024-08-25
15629,106,2024-08,3032.77,0.00,333.60,2024-08-25
15630,107,2024-08,2665.60,0.00,293.22,2024-08-25
15631,108,2024-08,2456.71,0.00,270.24,2024-08-25
15632,110,2024-08,2448.63,0.00,269.35,2024-08-25
15633,111,2024-08,2298.37,0.00,252.82,2024-08-25
15634,112,2024-08,2637.12,0.00,290.08,2024-08-25
15635,113,2024-08,2524.07,0.00,277.65,2024-08-25
15636,114,2024-08,2244.58,0.00,246.90,2024-08-25
15637,115,2024-08,7537.58,0.00,829.13,2024-08-25
15638,116,2024-08,2417.04,0.00,265.87,2024-08-25
15639,117,2024-08,2366.23,0.00,260.29,2024-08-25
15640,118,2024-08,2393.71,0.00,263.31,2024-08-25
15641,119,2024-08,2277.14,0.00,250.49,2024-08-25
15642,120,2024-08,4588.73,0.00,504.76,2024-08-25
15643,121,2024-08,4731.55,0.00,520.47,2024-08-25
15644,122,2024-08,2329.52,0.00,256.25,2024-08-25
15645,123,2024-08,2894.50,0.00,318.39,2024-08-25
15646,124,2024-08,2454.41,0.00,269.99,2024-08-25
15647,125,2024-08,3343.60,0.00,367.80,2024-08-25
15648,126,2024-08,3248.59,0.00,357.34,2024-08-25
15649,127,2024-08,3329.01,0.00,366.19,2024-08-25
15650,128,2024-08,2531.69,0.00,278.49,2024-08-25
15651,129,2024-08,2509.87,0.00,276.09,2024-08-25
15652,130,2024-08,2316.02,0.00,254.76,2024-08-25
15653,131,2024-08,2421.32,0.00,266.35,2024-08-25
15654,132,2024-08,7151.02,0.00,786.61,2024-08-25
15655,133,2024-08,2397.36,0.00,263.71,2024-08-25
15656,135,2024-08,3218.61,0.00,354.05,2024-08-25
15657,136,2024-08,2840.07,0.00,312.41,2024-08-25
15658,137,2024-08,2314.70,0.00,254.62,2024-08-25
15659,138,2024-08,2888.38,0.00,317.72,2024-08-25
15660,139,2024-08,2265.88,0.00,249.25,2024-08-25
15661,140,2024-08,2440.25,0.00,268.43,2024-08-25
15662,141,2024-08,4588.70,0.00,504.76,2024-08-25
15663,142,2024-08,2275.53,0.00,250.31,2024-08-25
15664,144,2024-08,4976.77,0.00,547.44,2024-08-25
15665,145,2024-08,2805.28,0.00,308.58,2024-08-25
15666,146,2024-08,2705.84,0.00,297.64,2024-08-25
15667,147,2024-08,2528.47,0.00,278.13,2024-08-25
15668,148,2024-08,2531.41,0.00,278.46,2024-08-25
15669,149,2024-08,7348.06,0.00,808.29,2024-08-25
15670,150,2024-08,2560.01,0.00,281.60,2024-08-25
15671,151,2024-08,2613.90,0.00,287.53,2024-08-25
15672,152,2024-08,2425.20,0.00,266.77,2024-08-25
15673,153,2024-08,2854.81,0.00,314.03,2024-08-25
15674,154,2024-08,2992.07,0.00,329.13,2024-08-25
15675,157,2024-08,2769.84,0.00,304.68,2024-08-25
15676,158,2024-08,4206.32,0.00,462.70,2024-08-25
15677,159,2024-08,2256.02,0.00,248.16,2024-08-25
15678,160,2024-08,2320.73,0.00,255.28,2024-08-25
15679,161,2024-08,7355.56,0.00,809.11,2024-08-25
15680,162,2024-08,2667.18,0.00,293.39,2024-08-25
15681,163,2024-08,3232.63,0.00,355.59,2024-08-25
15682,164,2024-08,4809.15,0.00,529.01,2024-08-25
15683,165,2024-08,2833.65,0.00,311.70,2024-08-25
15684,166,2024-08,2302.94,0.00,253.32,2024-08-25
15685,167,2024-08,2545.26,0.00,279.98,2024-08-25
15686,168,2024-08,2684.65,0.00,295.31,2024-08-25
15687,169,2024-08,2439.91,0.00,268.39,2024-08-25
15688,170,2024-08,2772.93,0.00,305.02,2024-08-25
15689,172,2024-08,4720.36,0.00,519.24,2024-08-25
15690,173,2024-08,2454.31,0.00,269.97,2024-08-25
15691,174,2024-08,2682.38,0.00,295.06,2024-08-25
15692,175,2024-08,2255.19,0.00,248.07,2024-08-25
15693,176,2024-08,2657.64,0.00,292.34,2024-08-25
15694,177,2024-08,7574.13,0.00,833.15,2024-08-25
15695,179,2024-08,2450.09,0.00,269.51,2024-08-25
15696,180,2024-08,3004.75,0.00,330.52,2024-08-25
15697,181,2024-08,4705.79,0.00,517.64,2024-08-25
15698,182,2024-08,3278.80,0.00,360.67,2024-08-25
15699,184,2024-08,2861.41,0.00,314.76,2024-08-25
15700,185,2024-08,2713.08,0.00,298.44,2024-08-25
15701,187,2024-08,2673.05,0.00,294.04,2024-08-25
15702,188,2024-08,4532.51,0.00,498.58,2024-08-25
15703,189,2024-08,2208.40,0.00,242.92,2024-08-25
15704,190,2024-08,2243.37,0.00,246.77,2024-08-25
15705,191,2024-08,6987.86,0.00,768.66,2024-08-25
15706,192,2024-08,2377.59,0.00,261.53,2024-08-25
15707,193,2024-08,2233.34,0.00,245.67,2024-08-25
15708,194,2024-08,2243.37,0.00,246.77,2024-08-25
15709,195,2024-08,3086.26,0.00,339.49,2024-08-25
15710,196,2024-08,4323.04,0.00,475.53,2024-08-25
15711,197,2024-08,2308.50,0.00,253.94,2024-08-25
15712,198,2024-08,2978.24,0.00,327.61,2024-08-25
15713,199,2024-08,2231.67,0.00,245.48,2024-08-25
15714,200,2024-08,2618.90,0.00,288.08,2024-08-25
15715,201,2024-08,2540.95,0.00,279.50,2024-08-25
15716,202,2024-08,2518.09,0.00,276.99,2024-08-25
15717,203,2024-08,2398.05,0.00,263.79,2024-08-25
15718,204,2024-08,2229.26,0.00,245.22,2024-08-25
15719,205,2024-08,2737.81,0.00,301.16,2024-08-25
15720,206,2024-08,2288.37,0.00,251.72,2024-08-25
15721,207,2024-08,2363.01,0.00,259.93,2024-08-25
15722,208,2024-08,2955.38,0.00,325.09,2024-08-25
15723,209,2024-08,2562.85,0.00,281.91,2024-08-25
15724,210,2024-08,2635.51,0.00,289.91,2024-08-25
15725,211,2024-08,2660.96,0.00,292.71,2024-08-25
15726,212,2024-08,2290.55,0.00,251.96,2024-08-25
15727,213,2024-08,2428.15,0.00,267.10,2024-08-25
15728,214,2024-08,3112.76,0.00,342.40,2024-08-25
15729,215,2024-08,2729.30,0.00,300.22,2024-08-25
15730,216,2024-08,2515.94,0.00,276.75,2024-08-25
15731,217,2024-08,2236.30,0.00,245.99,2024-08-25
15732,218,2024-08,2538.52,0.00,279.24,2024-08-25
15733,219,2024-08,2618.52,0.00,288.04,2024-08-25
15734,220,2024-08,2316.53,0.00,254.82,2024-08-25
15735,221,2024-08,2443.52,0.00,268.79,2024-08-25
15736,222,2024-08,2613.31,0.00,287.46,2024-08-25
15737,223,2024-08,2574.11,0.00,283.15,2024-08-25
15738,224,2024-08,2611.34,0.00,287.25,2024-08-25
15739,225,2024-08,2295.18,0.00,252.47,2024-08-25
15740,226,2024-08,2536.17,0.00,278.98,2024-08-25
15741,227,2024-08,2284.16,0.00,251.26,2024-08-25
15742,228,2024-08,2376.21,0.00,261.38,2024-08-25
15743,229,2024-08,2602.81,0.00,286.31,2024-08-25
15744,230,2024-08,2700.17,0.00,297.02,2024-08-25
15745,231,2024-08,2359.44,0.00,259.54,2024-08-25
15746,232,2024-08,2196.88,0.00,241.66,2024-08-25
15747,233,2024-08,2703.51,0.00,297.39,2024-08-25
15748,234,2024-08,2689.38,0.00,295.83,2024-08-25
15749,235,2024-08,2628.52,0.00,289.14,2024-08-25
15750,236,2024-08,4812.07,0.00,529.33,2024-08-25
15751,237,2024-08,4508.56,0.00,495.94,2024-08-25
15752,238,2024-08,2587.96,0.00,284.68,2024-08-25
15753,239,2024-08,2869.97,0.00,315.70,2024-08-25
15754,240,2024-08,2429.44,0.00,267.24,2024-08-25
15755,241,2024-08,3108.04,0.00,341.88,2024-08-25
15756,242,2024-08,2426.90,0.00,266.96,2024-08-25
15757,243,2024-08,2780.03,0.00,305.80,2024-08-25
15758,244,2024-08,2767.87,0.00,304.47,2024-08-25
15759,245,2024-08,7215.83,0.00,793.74,2024-08-25
15760,246,2024-08,2610.25,0.00,287.13,2024-08-25
15761,247,2024-08,2674.60,0.00,294.21,2024-08-25
15762,248,2024-08,2772.89,0.00,305.02,2024-08-25
15763,249,2024-08,2366.99,0.00,260.37,2024-08-25
15764,250,2024-08,2270.23,0.00,249.73,2024-08-25
15765,251,2024-08,2388.09,0.00,262.69,2024-08-25
15766,252,2024-08,3299.70,0.00,362.97,2024-08-25
15767,253,2024-08,2607.22,0.00,286.79,2024-08-25
15768,255,2024-08,2317.53,0.00,254.93,2024-08-25
15769,257,2024-08,2209.35,0.00,243.03,2024-08-25
15770,259,2024-08,2563.69,0.00,282.01,2024-08-25
15771,260,2024-08,2281.16,0.00,250.93,2024-08-25
15772,262,2024-08,2303.18,0.00,253.35,2024-08-25
15773,264,2024-08,2503.69,0.00,275.41,2024-08-25
15774,1,2024-09,7144.38,0.00,785.88,2024-09-25
15775,3,2024-09,2610.44,0.00,287.15,2024-09-25
15776,4,2024-09,2265.11,0.00,249.16,2024-09-25
15777,5,2024-09,3287.88,0.00,361.67,2024-09-25
15778,6,2024-09,2624.62,0.00,288.71,2024-09-25
15779,8,2024-09,2341.29,0.00,257.54,2024-09-25
15780,10,2024-09,2549.22,0.00,280.41,2024-09-25
15781,11,2024-09,4461.43,0.00,490.76,2024-09-25
15782,12,2024-09,3205.02,0.00,352.55,2024-09-25
15783,13,2024-09,4766.22,0.00,524.28,2024-09-25
15784,14,2024-09,4446.28,0.00,489.09,2024-09-25
15785,15,2024-09,2731.07,0.00,300.42,2024-09-25
15786,16,2024-09,3223.86,0.00,354.62,2024-09-25
15787,17,2024-09,2307.77,0.00,253.85,2024-09-25
15788,18,2024-09,2668.08,0.00,293.49,2024-09-25
15789,19,2024-09,2658.18,0.00,292.40,2024-09-25
15790,20,2024-09,2413.85,0.00,265.52,2024-09-25
15791,22,2024-09,2553.41,0.00,280.88,2024-09-25
15792,24,2024-09,7158.70,0.00,787.46,2024-09-25
15793,25,2024-09,4750.09,0.00,522.51,2024-09-25
15794,26,2024-09,2924.70,0.00,321.72,2024-09-25
15795,28,2024-09,4750.81,0.00,522.59,2024-09-25
15796,29,2024-09,2374.75,0.00,261.22,2024-09-25
15797,30,2024-09,3018.91,0.00,332.08,2024-09-25
15798,31,2024-09,2424.68,0.00,266.71,2024-09-25
15799,32,2024-09,2562.09,0.00,281.83,2024-09-25
15800,33,2024-09,3019.16,0.00,332.11,2024-09-25
15801,35,2024-09,2815.43,0.00,309.70,2024-09-25
15802,36,2024-09,2745.33,0.00,301.99,2024-09-25
15803,37,2024-09,3098.36,0.00,340.82,2024-09-25
15804,38,2024-09,4748.95,0.00,522.38,2024-09-25
15805,39,2024-09,2651.48,0.00,291.66,2024-09-25
15806,41,2024-09,2784.39,0.00,306.28,2024-09-25
15807,43,2024-09,2612.30,0.00,287.35,2024-09-25
15808,44,2024-09,2759.04,0.00,303.49,2024-09-25
15809,45,2024-09,2246.23,0.00,247.09,2024-09-25
15810,46,2024-09,2679.07,0.00,294.70,2024-09-25
15811,48,2024-09,2531.85,0.00,278.50,2024-09-25
15812,49,2024-09,7628.01,0.00,839.08,2024-09-25
15813,50,2024-09,2914.54,0.00,320.60,2024-09-25
15814,51,2024-09,2371.03,0.00,260.81,2024-09-25
15815,52,2024-09,2645.89,0.00,291.05,2024-09-25
15816,53,2024-09,2793.39,0.00,307.27,2024-09-25
15817,55,2024-09,2351.67,0.00,258.68,2024-09-25
15818,56,2024-09,4220.01,0.00,464.20,2024-09-25
15819,57,2024-09,2467.65,0.00,271.44,2024-09-25
15820,59,2024-09,2746.84,0.00,302.15,2024-09-25
15821,60,2024-09,3001.51,0.00,330.17,2024-09-25
15822,61,2024-09,4382.61,0.00,482.09,2024-09-25
15823,62,2024-09,3106.44,0.00,341.71,2024-09-25
15824,63,2024-09,2404.72,0.00,264.52,2024-09-25
15825,64,2024-09,2488.63,0.00,273.75,2024-09-25
15826,66,2024-09,2326.39,0.00,255.90,2024-09-25
15827,68,2024-09,7013.47,0.00,771.48,2024-09-25
15828,69,2024-09,4296.53,0.00,472.62,2024-09-25
15829,70,2024-09,2505.47,0.00,275.60,2024-09-25
15830,71,2024-09,2607.68,0.00,286.84,2024-09-25
15831,72,2024-09,4192.87,0.00,461.22,2024-09-25
15832,73,2024-09,2982.48,0.00,328.07,2024-09-25
15833,75,2024-09,2278.56,0.00,250.64,2024-09-25
15834,77,2024-09,3050.29,0.00,335.53,2024-09-25
15835,78,2024-09,2746.83,0.00,302.15,2024-09-25
15836,80,2024-09,2439.26,0.00,268.32,2024-09-25
15837,81,2024-09,2687.18,0.00,295.59,2024-09-25
15838,82,2024-09,2741.83,0.00,301.60,2024-09-25
15839,83,2024-09,2605.65,0.00,286.62,2024-09-25
15840,84,2024-09,6797.98,0.00,747.78,2024-09-25
15841,86,2024-09,2645.66,0.00,291.02,2024-09-25
15842,87,2024-09,2702.87,0.00,297.32,2024-09-25
15843,88,2024-09,4445.12,0.00,488.96,2024-09-25
15844,89,2024-09,2452.17,0.00,269.74,2024-09-25
15845,90,2024-09,2315.37,0.00,254.69,2024-09-25
15846,91,2024-09,4866.86,0.00,535.35,2024-09-25
15847,92,2024-09,2225.81,0.00,244.84,2024-09-25
15848,93,2024-09,2676.49,0.00,294.41,2024-09-25
15849,94,2024-09,3010.94,0.00,331.20,2024-09-25
15850,95,2024-09,2498.34,0.00,274.82,2024-09-25
15851,96,2024-09,2422.08,0.00,266.43,2024-09-25
15852,97,2024-09,6928.14,0.00,762.10,2024-09-25
15853,98,2024-09,2524.28,0.00,277.67,2024-09-25
15854,99,2024-09,3104.04,0.00,341.44,2024-09-25
15855,100,2024-09,2618.78,0.00,288.07,2024-09-25
15856,101,2024-09,4471.28,0.00,491.84,2024-09-25
15857,103,2024-09,2823.07,0.00,310.54,2024-09-25
15858,104,2024-09,4437.79,0.00,488.16,2024-09-25
15859,105,2024-09,2406.95,0.00,264.76,2024-09-25
15860,106,2024-09,3042.79,0.00,334.71,2024-09-25
15861,107,2024-09,2664.99,0.00,293.15,2024-09-25
15862,108,2024-09,2448.63,0.00,269.35,2024-09-25
15863,110,2024-09,2451.63,0.00,269.68,2024-09-25
15864,111,2024-09,2304.89,0.00,253.54,2024-09-25
15865,112,2024-09,2640.50,0.00,290.45,2024-09-25
15866,113,2024-09,2518.03,0.00,276.98,2024-09-25
15867,114,2024-09,2251.77,0.00,247.69,2024-09-25
15868,115,2024-09,7491.35,0.00,824.05,2024-09-25
15869,116,2024-09,2401.63,0.00,264.18,2024-09-25
15870,117,2024-09,2375.54,0.00,261.31,2024-09-25
15871,118,2024-09,2400.76,0.00,264.08,2024-09-25
15872,119,2024-09,2269.62,0.00,249.66,2024-09-25
15873,120,2024-09,4621.49,0.00,508.36,2024-09-25
15874,121,2024-09,4743.06,0.00,521.74,2024-09-25
15875,122,2024-09,2313.60,0.00,254.50,2024-09-25
15876,123,2024-09,2895.07,0.00,318.46,2024-09-25
15877,124,2024-09,2444.55,0.00,268.90,2024-09-25
15878,125,2024-09,3349.22,0.00,368.41,2024-09-25
15879,126,2024-09,3243.11,0.00,356.74,2024-09-25
15880,127,2024-09,3324.32,0.00,365.68,2024-09-25
15881,128,2024-09,2542.14,0.00,279.64,2024-09-25
15882,129,2024-09,2514.37,0.00,276.58,2024-09-25
15883,130,2024-09,2322.83,0.00,255.51,2024-09-25
15884,131,2024-09,2407.41,0.00,264.82,2024-09-25
15885,132,2024-09,7176.86,0.00,789.45,2024-09-25
15886,133,2024-09,2393.25,0.00,263.26,2024-09-25
15887,135,2024-09,3214.54,0.00,353.60,2024-09-25
15888,136,2024-09,2822.89,0.00,310.52,2024-09-25
15889,137,2024-09,2317.52,0.00,254.93,2024-09-25
15890,138,2024-09,2905.49,0.00,319.60,2024-09-25
15891,139,2024-09,2259.74,0.00,248.57,2024-09-25
15892,140,2024-09,2459.73,0.00,270.57,2024-09-25
15893,141,2024-09,4590.76,0.00,504.98,2024-09-25
15894,142,2024-09,2268.78,0.00,249.57,2024-09-25
15895,144,2024-09,4946.53,0.00,544.12,2024-09-25
15896,145,2024-09,2794.87,0.00,307.44,2024-09-25
15897,146,2024-09,2708.59,0.00,297.94,2024-09-25
15898,147,2024-09,2521.87,0.00,277.41,2024-09-25
15899,148,2024-09,2528.25,0.00,278.11,2024-09-25
15900,149,2024-09,7346.07,0.00,808.07,2024-09-25
15901,150,2024-09,2551.01,0.00,280.61,2024-09-25
15902,151,2024-09,2602.34,0.00,286.26,2024-09-25
15903,152,2024-09,2442.76,0.00,268.70,2024-09-25
15904,153,2024-09,2839.75,0.00,312.37,2024-09-25
15905,154,2024-09,3000.41,0.00,330.05,2024-09-25
15906,157,2024-09,2772.28,0.00,304.95,2024-09-25
15907,158,2024-09,4211.91,0.00,463.31,2024-09-25
15908,159,2024-09,2248.77,0.00,247.36,2024-09-25
15909,160,2024-09,2329.41,0.00,256.24,2024-09-25
15910,161,2024-09,7325.02,0.00,805.75,2024-09-25
15911,162,2024-09,2666.02,0.00,293.26,2024-09-25
15912,163,2024-09,3225.90,0.00,354.85,2024-09-25
15913,164,2024-09,4809.33,0.00,529.03,2024-09-25
15914,165,2024-09,2837.33,0.00,312.11,2024-09-25
15915,166,2024-09,2311.90,0.00,254.31,2024-09-25
15916,167,2024-09,2547.33,0.00,280.21,2024-09-25
15917,168,2024-09,2686.19,0.00,295.48,2024-09-25
15918,169,2024-09,2422.65,0.00,266.49,2024-09-25
15919,170,2024-09,2761.85,0.00,303.80,2024-09-25
15920,172,2024-09,4701.62,0.00,517.18,2024-09-25
15921,173,2024-09,2459.58,0.00,270.55,2024-09-25
15922,174,2024-09,2659.06,0.00,292.50,2024-09-25
15923,175,2024-09,2272.98,0.00,250.03,2024-09-25
15924,176,2024-09,2643.40,0.00,290.77,2024-09-25
15925,177,2024-09,7599.92,0.00,835.99,2024-09-25
15926,179,2024-09,2457.73,0.00,270.35,2024-09-25
15927,180,2024-09,3005.05,0.00,330.56,2024-09-25
15928,181,2024-09,4729.15,0.00,520.21,2024-09-25
15929,182,2024-09,3269.86,0.00,359.68,2024-09-25
15930,184,2024-09,2866.95,0.00,315.36,2024-09-25
15931,185,2024-09,2700.52,0.00,297.06,2024-09-25
15932,187,2024-09,2675.94,0.00,294.35,2024-09-25
15933,188,2024-09,4509.22,0.00,496.01,2024-09-25
15934,189,2024-09,2216.54,0.00,243.82,2024-09-25
15935,190,2024-09,2258.10,0.00,248.39,2024-09-25
15936,191,2024-09,6953.69,0.00,764.91,2024-09-25
15937,192,2024-09,2372.24,0.00,260.95,2024-09-25
15938,193,2024-09,2230.61,0.00,245.37,2024-09-25
15939,194,2024-09,2255.81,0.00,248.14,2024-09-25
15940,195,2024-09,3102.51,0.00,341.28,2024-09-25
15941,196,2024-09,4327.42,0.00,476.02,2024-09-25
15942,197,2024-09,2313.32,0.00,254.47,2024-09-25
15943,198,2024-09,2988.36,0.00,328.72,2024-09-25
15944,199,2024-09,2237.09,0.00,246.08,2024-09-25
15945,200,2024-09,2613.67,0.00,287.50,2024-09-25
15946,201,2024-09,2549.17,0.00,280.41,2024-09-25
15947,202,2024-09,2528.44,0.00,278.13,2024-09-25
15948,203,2024-09,2396.98,0.00,263.67,2024-09-25
15949,204,2024-09,2232.22,0.00,245.54,2024-09-25
15950,205,2024-09,2717.17,0.00,298.89,2024-09-25
15951,206,2024-09,2290.56,0.00,251.96,2024-09-25
15952,207,2024-09,2366.23,0.00,260.29,2024-09-25
15953,208,2024-09,2956.97,0.00,325.27,2024-09-25
15954,209,2024-09,2572.79,0.00,283.01,2024-09-25
15955,210,2024-09,2646.61,0.00,291.13,2024-09-25
15956,211,2024-09,2661.42,0.00,292.76,2024-09-25
15957,212,2024-09,2291.86,0.00,252.10,2024-09-25
15958,213,2024-09,2421.08,0.00,266.32,2024-09-25
15959,214,2024-09,3117.05,0.00,342.88,2024-09-25
15960,215,2024-09,2705.56,0.00,297.61,2024-09-25
15961,216,2024-09,2526.59,0.00,277.92,2024-09-25
15962,217,2024-09,2235.29,0.00,245.88,2024-09-25
15963,218,2024-09,2555.58,0.00,281.11,2024-09-25
15964,219,2024-09,2628.14,0.00,289.10,2024-09-25
15965,220,2024-09,2307.90,0.00,253.87,2024-09-25
15966,221,2024-09,2440.65,0.00,268.47,2024-09-25
15967,222,2024-09,2618.66,0.00,288.05,2024-09-25
15968,223,2024-09,2578.92,0.00,283.68,2024-09-25
15969,224,2024-09,2610.01,0.00,287.10,2024-09-25
15970,225,2024-09,2306.95,0.00,253.76,2024-09-25
15971,226,2024-09,2553.31,0.00,280.86,2024-09-25
15972,227,2024-09,2293.89,0.00,252.33,2024-09-25
15973,228,2024-09,2380.17,0.00,261.82,2024-09-25
15974,229,2024-09,2607.97,0.00,286.88,2024-09-25
15975,230,2024-09,2701.95,0.00,297.21,2024-09-25
15976,231,2024-09,2349.22,0.00,258.41,2024-09-25
15977,232,2024-09,2207.12,0.00,242.78,2024-09-25
15978,233,2024-09,2684.03,0.00,295.24,2024-09-25
15979,234,2024-09,2679.16,0.00,294.71,2024-09-25
15980,235,2024-09,2652.46,0.00,291.77,2024-09-25
15981,236,2024-09,4796.15,0.00,527.58,2024-09-25
15982,237,2024-09,4500.60,0.00,495.07,2024-09-25
15983,238,2024-09,2578.06,0.00,283.59,2024-09-25
15984,239,2024-09,2886.00,0.00,317.46,2024-09-25
15985,240,2024-09,2436.55,0.00,268.02,2024-09-25
15986,241,2024-09,3096.63,0.00,340.63,2024-09-25
15987,242,2024-09,2421.49,0.00,266.36,2024-09-25
15988,243,2024-09,2773.40,0.00,305.07,2024-09-25
15989,244,2024-09,2754.78,0.00,303.03,2024-09-25
15990,245,2024-09,7160.77,0.00,787.68,2024-09-25
15991,246,2024-09,2609.80,0.00,287.08,2024-09-25
15992,247,2024-09,2696.36,0.00,296.60,2024-09-25
15993,248,2024-09,2785.99,0.00,306.46,2024-09-25
15994,249,2024-09,2379.69,0.00,261.77,2024-09-25
15995,250,2024-09,2265.82,0.00,249.24,2024-09-25
15996,251,2024-09,2389.38,0.00,262.83,2024-09-25
15997,252,2024-09,3318.81,0.00,365.07,2024-09-25
15998,253,2024-09,2600.27,0.00,286.03,2024-09-25
15999,255,2024-09,2323.70,0.00,255.61,2024-09-25
16000,257,2024-09,2218.98,0.00,244.09,2024-09-25
16001,259,2024-09,2544.85,0.00,279.93,2024-09-25
16002,260,2024-09,2288.49,0.00,251.73,2024-09-25
16003,262,2024-09,2304.69,0.00,253.52,2024-09-25
16004,263,2024-09,2564.73,0.00,282.12,2024-09-25
16005,264,2024-09,2488.28,0.00,273.71,2024-09-25
16006,1,2024-10,7192.39,0.00,791.16,2024-10-25
16007,3,2024-10,2607.02,0.00,286.77,2024-10-25
16008,4,2024-10,2264.95,0.00,249.14,2024-10-25
16009,5,2024-10,3290.80,0.00,361.99,2024-10-25
16010,6,2024-10,2631.66,0.00,289.48,2024-10-25
16011,8,2024-10,2332.31,0.00,256.55,2024-10-25
16012,10,2024-10,2560.96,0.00,281.71,2024-10-25
16013,11,2024-10,4459.54,0.00,490.55,2024-10-25
16014,12,2024-10,3217.01,0.00,353.87,2024-10-25
16015,13,2024-10,4750.58,0.00,522.56,2024-10-25
16016,14,2024-10,4483.50,0.00,493.19,2024-10-25
16017,15,2024-10,2741.23,0.00,301.54,2024-10-25
16018,16,2024-10,3209.21,0.00,353.01,2024-10-25
16019,17,2024-10,2314.87,0.00,254.64,2024-10-25
16020,18,2024-10,2664.28,0.00,293.07,2024-10-25
16021,19,2024-10,2664.19,0.00,293.06,2024-10-25
16022,20,2024-10,2429.81,0.00,267.28,2024-10-25
16023,22,2024-10,2569.14,0.00,282.61,2024-10-25
16024,24,2024-10,7179.63,0.00,789.76,2024-10-25
16025,25,2024-10,4762.07,0.00,523.83,2024-10-25
16026,26,2024-10,2920.40,0.00,321.24,2024-10-25
16027,28,2024-10,4767.00,0.00,524.37,2024-10-25
16028,29,2024-10,2365.46,0.00,260.20,2024-10-25
16029,30,2024-10,3029.41,0.00,333.24,2024-10-25
16030,31,2024-10,2409.07,0.00,265.00,2024-10-25
16031,32,2024-10,2559.95,0.00,281.59,2024-10-25
16032,33,2024-10,2996.65,0.00,329.63,2024-10-25
16033,35,2024-10,2807.76,0.00,308.85,2024-10-25
16034,36,2024-10,2734.75,0.00,300.82,2024-10-25
16035,37,2024-10,3100.00,0.00,341.00,2024-10-25
16036,38,2024-10,4752.94,0.00,522.82,2024-10-25
16037,39,2024-10,2657.47,0.00,292.32,2024-10-25
16038,41,2024-10,2791.62,0.00,307.08,2024-10-25
16039,43,2024-10,2611.24,0.00,287.24,2024-10-25
16040,44,2024-10,2764.50,0.00,304.10,2024-10-25
16041,45,2024-10,2244.78,0.00,246.93,2024-10-25
16042,46,2024-10,2661.23,0.00,292.74,2024-10-25
16043,48,2024-10,2538.72,0.00,279.26,2024-10-25
16044,49,2024-10,7668.73,0.00,843.56,2024-10-25
16045,50,2024-10,2910.59,0.00,320.16,2024-10-25
16046,51,2024-10,2355.77,0.00,259.13,2024-10-25
16047,52,2024-10,2650.40,0.00,291.54,2024-10-25
16048,53,2024-10,2788.37,0.00,306.72,2024-10-25
16049,55,2024-10,2348.71,0.00,258.36,2024-10-25
16050,56,2024-10,4233.31,0.00,465.66,2024-10-25
16051,57,2024-10,2449.84,0.00,269.48,2024-10-25
16052,59,2024-10,2748.82,0.00,302.37,2024-10-25
16053,60,2024-10,2995.31,0.00,329.48,2024-10-25
16054,61,2024-10,4372.53,0.00,480.98,2024-10-25
16055,62,2024-10,3104.69,0.00,341.52,2024-10-25
16056,63,2024-10,2398.73,0.00,263.86,2024-10-25
16057,64,2024-10,2480.35,0.00,272.84,2024-10-25
16058,66,2024-10,2316.45,0.00,254.81,2024-10-25
16059,68,2024-10,7007.29,0.00,770.80,2024-10-25
16060,69,2024-10,4292.66,0.00,472.19,2024-10-25
16061,70,2024-10,2517.15,0.00,276.89,2024-10-25
16062,71,2024-10,2607.54,0.00,286.83,2024-10-25
16063,72,2024-10,4213.79,0.00,463.52,2024-10-25
16064,73,2024-10,2987.43,0.00,328.62,2024-10-25
16065,75,2024-10,2279.32,0.00,250.73,2024-10-25
16066,77,2024-10,3049.85,0.00,335.48,2024-10-25
16067,78,2024-10,2756.75,0.00,303.24,2024-10-25
16068,80,2024-10,2443.43,0.00,268.78,2024-10-25
16069,81,2024-10,2688.69,0.00,295.76,2024-10-25
16070,82,2024-10,2750.69,0.00,302.58,2024-10-25
16071,83,2024-10,2617.81,0.00,287.96,2024-10-25
16072,84,2024-10,6819.43,0.00,750.14,2024-10-25
16073,86,2024-10,2633.29,0.00,289.66,2024-10-25
16074,87,2024-10,2682.45,0.00,295.07,2024-10-25
16075,88,2024-10,4473.21,0.00,492.05,2024-10-25
16076,89,2024-10,2472.17,0.00,271.94,2024-10-25
16077,90,2024-10,2305.31,0.00,253.58,2024-10-25
16078,91,2024-10,4844.10,0.00,532.85,2024-10-25
16079,92,2024-10,2219.98,0.00,244.20,2024-10-25
16080,93,2024-10,2687.35,0.00,295.61,2024-10-25
16081,94,2024-10,3015.45,0.00,331.70,2024-10-25
16082,95,2024-10,2494.26,0.00,274.37,2024-10-25
16083,96,2024-10,2419.10,0.00,266.10,2024-10-25
16084,97,2024-10,6939.71,0.00,763.37,2024-10-25
16085,98,2024-10,2503.57,0.00,275.39,2024-10-25
16086,99,2024-10,3107.67,0.00,341.84,2024-10-25
16087,100,2024-10,2636.90,0.00,290.06,2024-10-25
16088,101,2024-10,4492.96,0.00,494.23,2024-10-25
16089,103,2024-10,2829.57,0.00,311.25,2024-10-25
16090,104,2024-10,4471.05,0.00,491.82,2024-10-25
16091,105,2024-10,2418.87,0.00,266.08,2024-10-25
16092,106,2024-10,3026.95,0.00,332.96,2024-10-25
16093,107,2024-10,2684.88,0.00,295.34,2024-10-25
16094,108,2024-10,2464.36,0.00,271.08,2024-10-25
16095,110,2024-10,2453.73,0.00,269.91,2024-10-25
16096,111,2024-10,2307.20,0.00,253.79,2024-10-25
16097,112,2024-10,2628.48,0.00,289.13,2024-10-25
16098,113,2024-10,2530.10,0.00,278.31,2024-10-25
16099,114,2024-10,2246.79,0.00,247.15,2024-10-25
16100,115,2024-10,7521.06,0.00,827.32,2024-10-25
16101,116,2024-10,2421.58,0.00,266.37,2024-10-25
16102,117,2024-10,2372.70,0.00,261.00,2024-10-25
16103,118,2024-10,2400.41,0.00,264.05,2024-10-25
16104,119,2024-10,2280.62,0.00,250.87,2024-10-25
16105,120,2024-10,4600.67,0.00,506.07,2024-10-25
16106,121,2024-10,4749.15,0.00,522.41,2024-10-25
16107,122,2024-10,2328.05,0.00,256.09,2024-10-25
16108,123,2024-10,2878.54,0.00,316.64,2024-10-25
16109,124,2024-10,2451.08,0.00,269.62,2024-10-25
16110,125,2024-10,3348.74,0.00,368.36,2024-10-25
16111,126,2024-10,3250.83,0.00,357.59,2024-10-25
16112,127,2024-10,3345.66,0.00,368.02,2024-10-25
16113,128,2024-10,2547.29,0.00,280.20,2024-10-25
16114,129,2024-10,2520.16,0.00,277.22,2024-10-25
16115,130,2024-10,2325.46,0.00,255.80,2024-10-25
16116,131,2024-10,2406.48,0.00,264.71,2024-10-25
16117,132,2024-10,7151.13,0.00,786.62,2024-10-25
16118,133,2024-10,2396.03,0.00,263.56,2024-10-25
16119,135,2024-10,3210.79,0.00,353.19,2024-10-25
16120,136,2024-10,2839.08,0.00,312.30,2024-10-25
16121,137,2024-10,2321.16,0.00,255.33,2024-10-25
16122,138,2024-10,2903.39,0.00,319.37,2024-10-25
16123,139,2024-10,2272.93,0.00,250.02,2024-10-25
16124,140,2024-10,2456.67,0.00,270.23,2024-10-25
16125,141,2024-10,4604.41,0.00,506.49,2024-10-25
16126,142,2024-10,2270.96,0.00,249.81,2024-10-25
16127,144,2024-10,4939.13,0.00,543.30,2024-10-25
16128,145,2024-10,2786.19,0.00,306.48,2024-10-25
16129,146,2024-10,2712.81,0.00,298.41,2024-10-25
16130,147,2024-10,2523.74,0.00,277.61,2024-10-25
16131,148,2024-10,2537.44,0.00,279.12,2024-10-25
16132,149,2024-10,7330.68,0.00,806.37,2024-10-25
16133,150,2024-10,2551.19,0.00,280.63,2024-10-25
16134,151,2024-10,2617.61,0.00,287.94,2024-10-25
16135,152,2024-10,2437.84,0.00,268.16,2024-10-25
16136,153,2024-10,2847.93,0.00,313.27,2024-10-25
16137,154,2024-10,2987.11,0.00,328.58,2024-10-25
16138,157,2024-10,2758.22,0.00,303.40,2024-10-25
16139,158,2024-10,4215.09,0.00,463.66,2024-10-25
16140,159,2024-10,2240.25,0.00,246.43,2024-10-25
16141,160,2024-10,2312.33,0.00,254.36,2024-10-25
16142,161,2024-10,7360.53,0.00,809.66,2024-10-25
16143,162,2024-10,2661.32,0.00,292.75,2024-10-25
16144,163,2024-10,3221.14,0.00,354.33,2024-10-25
16145,164,2024-10,4800.93,0.00,528.10,2024-10-25
16146,165,2024-10,2829.76,0.00,311.27,2024-10-25
16147,166,2024-10,2294.53,0.00,252.40,2024-10-25
16148,167,2024-10,2552.23,0.00,280.75,2024-10-25
16149,168,2024-10,2673.02,0.00,294.03,2024-10-25
16150,169,2024-10,2427.74,0.00,267.05,2024-10-25
16151,170,2024-10,2763.44,0.00,303.98,2024-10-25
16152,172,2024-10,4690.54,0.00,515.96,2024-10-25
16153,173,2024-10,2458.89,0.00,270.48,2024-10-25
16154,174,2024-10,2673.77,0.00,294.11,2024-10-25
16155,175,2024-10,2255.88,0.00,248.15,2024-10-25
16156,176,2024-10,2647.39,0.00,291.21,2024-10-25
16157,177,2024-10,7544.12,0.00,829.85,2024-10-25
16158,179,2024-10,2470.97,0.00,271.81,2024-10-25
16159,180,2024-10,3004.65,0.00,330.51,2024-10-25
16160,181,2024-10,4743.95,0.00,521.83,2024-10-25
16161,182,2024-10,3283.78,0.00,361.22,2024-10-25
16162,184,2024-10,2866.62,0.00,315.33,2024-10-25
16163,185,2024-10,2688.46,0.00,295.73,2024-10-25
16164,187,2024-10,2675.89,0.00,294.35,2024-10-25
16165,188,2024-10,4499.25,0.00,494.92,2024-10-25
16166,189,2024-10,2211.88,0.00,243.31,2024-10-25
16167,190,2024-10,2256.73,0.00,248.24,2024-10-25
16168,191,2024-10,6999.41,0.00,769.94,2024-10-25
16169,192,2024-10,2382.09,0.00,262.03,2024-10-25
16170,193,2024-10,2242.75,0.00,246.70,2024-10-25
16171,194,2024-10,2251.33,0.00,247.65,2024-10-25
16172,195,2024-10,3101.52,0.00,341.17,2024-10-25
16173,196,2024-10,4324.46,0.00,475.69,2024-10-25
16174,197,2024-10,2308.47,0.00,253.93,2024-10-25
16175,198,2024-10,2993.97,0.00,329.34,2024-10-25
16176,199,2024-10,2218.68,0.00,244.05,2024-10-25
16177,200,2024-10,2617.41,0.00,287.92,2024-10-25
16178,201,2024-10,2558.28,0.00,281.41,2024-10-25
16179,202,2024-10,2518.55,0.00,277.04,2024-10-25
16180,203,2024-10,2398.90,0.00,263.88,2024-10-25
16181,204,2024-10,2223.43,0.00,244.58,2024-10-25
16182,205,2024-10,2728.88,0.00,300.18,2024-10-25
16183,206,2024-10,2285.78,0.00,251.44,2024-10-25
16184,207,2024-10,2353.46,0.00,258.88,2024-10-25
16185,208,2024-10,2955.10,0.00,325.06,2024-10-25
16186,209,2024-10,2571.94,0.00,282.91,2024-10-25
16187,210,2024-10,2636.55,0.00,290.02,2024-10-25
16188,211,2024-10,2658.53,0.00,292.44,2024-10-25
16189,212,2024-10,2300.88,0.00,253.10,2024-10-25
16190,213,2024-10,2432.09,0.00,267.53,2024-10-25
16191,214,2024-10,3136.80,0.00,345.05,2024-10-25
16192,215,2024-10,2711.54,0.00,298.27,2024-10-25
16193,216,2024-10,2519.89,0.00,277.19,2024-10-25
16194,217,2024-10,2246.96,0.00,247.17,2024-10-25
16195,218,2024-10,2549.60,0.00,280.46,2024-10-25
16196,219,2024-10,2610.85,0.00,287.19,2024-10-25
16197,220,2024-10,2314.56,0.00,254.60,2024-10-25
16198,221,2024-10,2439.48,0.00,268.34,2024-10-25
16199,222,2024-10,2624.98,0.00,288.75,2024-10-25
16200,223,2024-10,2553.64,0.00,280.90,2024-10-25
16201,224,2024-10,2612.79,0.00,287.41,2024-10-25
16202,225,2024-10,2313.83,0.00,254.52,2024-10-25
16203,226,2024-10,2530.64,0.00,278.37,2024-10-25
16204,227,2024-10,2291.82,0.00,252.10,2024-10-25
16205,228,2024-10,2390.13,0.00,262.91,2024-10-25
16206,229,2024-10,2621.45,0.00,288.36,2024-10-25
16207,230,2024-10,2697.48,0.00,296.72,2024-10-25
16208,231,2024-10,2350.25,0.00,258.53,2024-10-25
16209,232,2024-10,2210.45,0.00,243.15,2024-10-25
16210,233,2024-10,2696.01,0.00,296.56,2024-10-25
16211,234,2024-10,2694.79,0.00,296.43,2024-10-25
16212,235,2024-10,2644.18,0.00,290.86,2024-10-25
16213,236,2024-10,4797.26,0.00,527.70,2024-10-25
16214,237,2024-10,4505.42,0.00,495.60,2024-10-25
16215,238,2024-10,2598.03,0.00,285.78,2024-10-25
16216,239,2024-10,2872.60,0.00,315.99,2024-10-25
16217,240,2024-10,2434.90,0.00,267.84,2024-10-25
16218,241,2024-10,3098.54,0.00,340.84,2024-10-25
16219,242,2024-10,2432.86,0.00,267.61,2024-10-25
16220,243,2024-10,2779.21,0.00,305.71,2024-10-25
16221,244,2024-10,2750.00,0.00,302.50,2024-10-25
16222,245,2024-10,7198.33,0.00,791.82,2024-10-25
16223,246,2024-10,2616.14,0.00,287.78,2024-10-25
16224,247,2024-10,2685.03,0.00,295.35,2024-10-25
16225,248,2024-10,2763.93,0.00,304.03,2024-10-25
16226,249,2024-10,2380.98,0.00,261.91,2024-10-25
16227,250,2024-10,2256.26,0.00,248.19,2024-10-25
16228,251,2024-10,2379.93,0.00,261.79,2024-10-25
16229,252,2024-10,3292.30,0.00,362.15,2024-10-25
16230,253,2024-10,2602.78,0.00,286.31,2024-10-25
16231,255,2024-10,2317.83,0.00,254.96,2024-10-25
16232,257,2024-10,2206.14,0.00,242.68,2024-10-25
16233,259,2024-10,2547.18,0.00,280.19,2024-10-25
16234,260,2024-10,2290.72,0.00,251.98,2024-10-25
16235,262,2024-10,2324.51,0.00,255.70,2024-10-25
16236,263,2024-10,2556.50,0.00,281.21,2024-10-25
16237,264,2024-10,2499.90,0.00,274.99,2024-10-25
16238,1,2024-11,7191.40,0.00,791.05,2024-11-25
16239,3,2024-11,2592.46,0.00,285.17,2024-11-25
16240,4,2024-11,2256.81,0.00,248.25,2024-11-25
16241,5,2024-11,3272.41,0.00,359.97,2024-11-25
16242,6,2024-11,2629.79,0.00,289.28,2024-11-25
16243,8,2024-11,2332.67,0.00,256.59,2024-11-25
16244,10,2024-11,2558.43,0.00,281.43,2024-11-25
16245,11,2024-11,4458.52,0.00,490.44,2024-11-25
16246,12,2024-11,3213.01,0.00,353.43,2024-11-25
16247,13,2024-11,4734.18,0.00,520.76,2024-11-25
16248,14,2024-11,4472.04,0.00,491.92,2024-11-25
16249,15,2024-11,2743.71,0.00,301.81,2024-11-25
16250,16,2024-11,3210.84,0.00,353.19,2024-11-25
16251,17,2024-11,2309.78,0.00,254.08,2024-11-25
16252,18,2024-11,2668.16,0.00,293.50,2024-11-25
16253,19,2024-11,2658.50,0.00,292.44,2024-11-25
16254,20,2024-11,2426.92,0.00,266.96,2024-11-25
16255,22,2024-11,2562.33,0.00,281.86,2024-11-25
16256,24,2024-11,7154.73,0.00,787.02,2024-11-25
16257,25,2024-11,4749.64,0.00,522.46,2024-11-25
16258,26,2024-11,2914.29,0.00,320.57,2024-11-25
16259,28,2024-11,4756.25,0.00,523.19,2024-11-25
16260,29,2024-11,2378.20,0.00,261.60,2024-11-25
16261,30,2024-11,3035.21,0.00,333.87,2024-11-25
16262,31,2024-11,2419.83,0.00,266.18,2024-11-25
16263,32,2024-11,2566.32,0.00,282.30,2024-11-25
16264,33,2024-11,3001.16,0.00,330.13,2024-11-25
16265,35,2024-11,2804.31,0.00,308.47,2024-11-25
16266,36,2024-11,2755.30,0.00,303.08,2024-11-25
16267,37,2024-11,3114.37,0.00,342.58,2024-11-25
16268,38,2024-11,4734.03,0.00,520.74,2024-11-25
16269,39,2024-11,2673.13,0.00,294.04,2024-11-25
16270,41,2024-11,2779.03,0.00,305.69,2024-11-25
16271,43,2024-11,2611.41,0.00,287.26,2024-11-25
16272,44,2024-11,2769.25,0.00,304.62,2024-11-25
16273,45,2024-11,2242.51,0.00,246.68,2024-11-25
16274,46,2024-11,2685.19,0.00,295.37,2024-11-25
16275,48,2024-11,2528.67,0.00,278.15,2024-11-25
16276,49,2024-11,7624.31,0.00,838.67,2024-11-25
16277,50,2024-11,2925.66,0.00,321.82,2024-11-25
16278,51,2024-11,2362.03,0.00,259.82,2024-11-25
16279,52,2024-11,2643.91,0.00,290.83,2024-11-25
16280,53,2024-11,2802.43,0.00,308.27,2024-11-25
16281,55,2024-11,2358.97,0.00,259.49,2024-11-25
16282,56,2024-11,4214.50,0.00,463.60,2024-11-25
16283,57,2024-11,2460.12,0.00,270.61,2024-11-25
16284,59,2024-11,2732.28,0.00,300.55,2024-11-25
16285,60,2024-11,2982.54,0.00,328.08,2024-11-25
16286,61,2024-11,4355.91,0.00,479.15,2024-11-25
16287,62,2024-11,3106.91,0.00,341.76,2024-11-25
16288,63,2024-11,2394.82,0.00,263.43,2024-11-25
16289,64,2024-11,2477.48,0.00,272.52,2024-11-25
16290,66,2024-11,2321.59,0.00,255.37,2024-11-25
16291,68,2024-11,7001.33,0.00,770.15,2024-11-25
16292,69,2024-11,4311.53,0.00,474.27,2024-11-25
16293,70,2024-11,2509.55,0.00,276.05,2024-11-25
16294,71,2024-11,2599.63,0.00,285.96,2024-11-25
16295,72,2024-11,4203.16,0.00,462.35,2024-11-25
16296,73,2024-11,2984.53,0.00,328.30,2024-11-25
16297,75,2024-11,2280.05,0.00,250.81,2024-11-25
16298,77,2024-11,3048.71,0.00,335.36,2024-11-25
16299,78,2024-11,2754.97,0.00,303.05,2024-11-25
16300,80,2024-11,2433.71,0.00,267.71,2024-11-25
16301,81,2024-11,2675.48,0.00,294.30,2024-11-25
16302,82,2024-11,2734.14,0.00,300.76,2024-11-25
16303,83,2024-11,2608.80,0.00,286.97,2024-11-25
16304,84,2024-11,6789.29,0.00,746.82,2024-11-25
16305,86,2024-11,2630.43,0.00,289.35,2024-11-25
16306,87,2024-11,2689.40,0.00,295.83,2024-11-25
16307,88,2024-11,4444.19,0.00,488.86,2024-11-25
16308,89,2024-11,2457.78,0.00,270.36,2024-11-25
16309,90,2024-11,2319.80,0.00,255.18,2024-11-25
16310,91,2024-11,4823.74,0.00,530.61,2024-11-25
16311,92,2024-11,2228.06,0.00,245.09,2024-11-25
16312,93,2024-11,2698.47,0.00,296.83,2024-11-25
16313,94,2024-11,3002.10,0.00,330.23,2024-11-25
16314,95,2024-11,2477.39,0.00,272.51,2024-11-25
16315,96,2024-11,2423.32,0.00,266.57,2024-11-25
16316,97,2024-11,6897.50,0.00,758.73,2024-11-25
16317,98,2024-11,2514.40,0.00,276.58,2024-11-25
16318,99,2024-11,3098.36,0.00,340.82,2024-11-25
16319,100,2024-11,2635.51,0.00,289.91,2024-11-25
16320,101,2024-11,4502.55,0.00,495.28,2024-11-25
16321,103,2024-11,2817.84,0.00,309.96,2024-11-25
16322,104,2024-11,4470.08,0.00,491.71,2024-11-25
16323,105,2024-11,2420.44,0.00,266.25,2024-11-25
16324,106,2024-11,3024.60,0.00,332.71,2024-11-25
16325,107,2024-11,2670.88,0.00,293.80,2024-11-25
16326,108,2024-11,2447.15,0.00,269.19,2024-11-25
16327,110,2024-11,2445.55,0.00,269.01,2024-11-25
16328,111,2024-11,2306.61,0.00,253.73,2024-11-25
16329,112,2024-11,2638.59,0.00,290.24,2024-11-25
16330,113,2024-11,2516.17,0.00,276.78,2024-11-25
16331,114,2024-11,2258.06,0.00,248.39,2024-11-25
16332,115,2024-11,7480.34,0.00,822.84,2024-11-25
16333,116,2024-11,2423.15,0.00,266.55,2024-11-25
16334,117,2024-11,2382.42,0.00,262.07,2024-11-25
16335,118,2024-11,2399.08,0.00,263.90,2024-11-25
16336,119,2024-11,2273.49,0.00,250.08,2024-11-25
16337,120,2024-11,4615.96,0.00,507.76,2024-11-25
16338,121,2024-11,4727.83,0.00,520.06,2024-11-25
16339,122,2024-11,2320.87,0.00,255.30,2024-11-25
16340,123,2024-11,2895.83,0.00,318.54,2024-11-25
16341,124,2024-11,2448.33,0.00,269.32,2024-11-25
16342,125,2024-11,3334.99,0.00,366.85,2024-11-25
16343,126,2024-11,3241.66,0.00,356.58,2024-11-25
16344,127,2024-11,3342.71,0.00,367.70,2024-11-25
16345,128,2024-11,2535.87,0.00,278.95,2024-11-25
16346,129,2024-11,2507.17,0.00,275.79,2024-11-25
16347,130,2024-11,2330.86,0.00,256.39,2024-11-25
16348,131,2024-11,2407.89,0.00,264.87,2024-11-25
16349,132,2024-11,7170.36,0.00,788.74,2024-11-25
16350,133,2024-11,2392.62,0.00,263.19,2024-11-25
16351,135,2024-11,3221.28,0.00,354.34,2024-11-25
16352,136,2024-11,2844.12,0.00,312.85,2024-11-25
16353,137,2024-11,2330.12,0.00,256.31,2024-11-25
16354,138,2024-11,2907.09,0.00,319.78,2024-11-25
16355,139,2024-11,2277.27,0.00,250.50,2024-11-25
16356,140,2024-11,2459.86,0.00,270.58,2024-11-25
16357,141,2024-11,4586.79,0.00,504.55,2024-11-25
16358,142,2024-11,2275.26,0.00,250.28,2024-11-25
16359,144,2024-11,4942.07,0.00,543.63,2024-11-25
16360,145,2024-11,2796.98,0.00,307.67,2024-11-25
16361,146,2024-11,2701.21,0.00,297.13,2024-11-25
16362,147,2024-11,2527.40,0.00,278.01,2024-11-25
16363,148,2024-11,2535.98,0.00,278.96,2024-11-25
16364,149,2024-11,7343.91,0.00,807.83,2024-11-25
16365,150,2024-11,2545.11,0.00,279.96,2024-11-25
16366,151,2024-11,2602.19,0.00,286.24,2024-11-25
16367,152,2024-11,2432.61,0.00,267.59,2024-11-25
16368,153,2024-11,2855.71,0.00,314.13,2024-11-25
16369,154,2024-11,2985.21,0.00,328.37,2024-11-25
16370,157,2024-11,2779.53,0.00,305.75,2024-11-25
16371,158,2024-11,4228.02,0.00,465.08,2024-11-25
16372,159,2024-11,2248.17,0.00,247.30,2024-11-25
16373,160,2024-11,2325.82,0.00,255.84,2024-11-25
16374,161,2024-11,7327.45,0.00,806.02,2024-11-25
16375,162,2024-11,2671.52,0.00,293.87,2024-11-25
16376,163,2024-11,3217.97,0.00,353.98,2024-11-25
16377,164,2024-11,4791.57,0.00,527.07,2024-11-25
16378,165,2024-11,2840.91,0.00,312.50,2024-11-25
16379,166,2024-11,2301.07,0.00,253.12,2024-11-25
16380,167,2024-11,2537.85,0.00,279.16,2024-11-25
16381,168,2024-11,2691.61,0.00,296.08,2024-11-25
16382,169,2024-11,2433.59,0.00,267.69,2024-11-25
16383,170,2024-11,2758.05,0.00,303.39,2024-11-25
16384,172,2024-11,4700.49,0.00,517.05,2024-11-25
16385,173,2024-11,2459.55,0.00,270.55,2024-11-25
16386,174,2024-11,2667.87,0.00,293.47,2024-11-25
16387,175,2024-11,2266.70,0.00,249.34,2024-11-25
16388,176,2024-11,2649.00,0.00,291.39,2024-11-25
16389,177,2024-11,7557.83,0.00,831.36,2024-11-25
16390,179,2024-11,2467.82,0.00,271.46,2024-11-25
16391,180,2024-11,3007.81,0.00,330.86,2024-11-25
16392,181,2024-11,4744.64,0.00,521.91,2024-11-25
16393,182,2024-11,3284.32,0.00,361.28,2024-11-25
16394,184,2024-11,2850.85,0.00,313.59,2024-11-25
16395,185,2024-11,2699.67,0.00,296.96,2024-11-25
16396,187,2024-11,2695.20,0.00,296.47,2024-11-25
16397,188,2024-11,4519.33,0.00,497.13,2024-11-25
16398,189,2024-11,2225.31,0.00,244.78,2024-11-25
16399,190,2024-11,2242.20,0.00,246.64,2024-11-25
16400,191,2024-11,6975.53,0.00,767.31,2024-11-25
16401,192,2024-11,2367.96,0.00,260.48,2024-11-25
16402,193,2024-11,2237.98,0.00,246.18,2024-11-25
16403,194,2024-11,2242.70,0.00,246.70,2024-11-25
16404,195,2024-11,3089.84,0.00,339.88,2024-11-25
16405,196,2024-11,4334.99,0.00,476.85,2024-11-25
16406,197,2024-11,2302.46,0.00,253.27,2024-11-25
16407,198,2024-11,2979.50,0.00,327.75,2024-11-25
16408,199,2024-11,2235.12,0.00,245.86,2024-11-25
16409,200,2024-11,2624.00,0.00,288.64,2024-11-25
16410,201,2024-11,2552.56,0.00,280.78,2024-11-25
16411,202,2024-11,2535.44,0.00,278.90,2024-11-25
16412,203,2024-11,2411.85,0.00,265.30,2024-11-25
16413,204,2024-11,2228.57,0.00,245.14,2024-11-25
16414,205,2024-11,2741.06,0.00,301.52,2024-11-25
16415,206,2024-11,2288.19,0.00,251.70,2024-11-25
16416,207,2024-11,2360.08,0.00,259.61,2024-11-25
16417,208,2024-11,2947.93,0.00,324.27,2024-11-25
16418,209,2024-11,2561.84,0.00,281.80,2024-11-25
16419,210,2024-11,2643.96,0.00,290.84,2024-11-25
16420,211,2024-11,2665.46,0.00,293.20,2024-11-25
16421,212,2024-11,2296.87,0.00,252.66,2024-11-25
16422,213,2024-11,2432.16,0.00,267.54,2024-11-25
16423,214,2024-11,3120.82,0.00,343.29,2024-11-25
16424,215,2024-11,2708.24,0.00,297.91,2024-11-25
16425,216,2024-11,2504.95,0.00,275.54,2024-11-25
16426,217,2024-11,2234.54,0.00,245.80,2024-11-25
16427,218,2024-11,2540.30,0.00,279.43,2024-11-25
16428,219,2024-11,2605.95,0.00,286.65,2024-11-25
16429,220,2024-11,2298.69,0.00,252.86,2024-11-25
16430,221,2024-11,2425.72,0.00,266.83,2024-11-25
16431,222,2024-11,2609.07,0.00,287.00,2024-11-25
16432,223,2024-11,2569.94,0.00,282.69,2024-11-25
16433,224,2024-11,2605.79,0.00,286.64,2024-11-25
16434,225,2024-11,2302.81,0.00,253.31,2024-11-25
16435,226,2024-11,2538.34,0.00,279.22,2024-11-25
16436,227,2024-11,2285.81,0.00,251.44,2024-11-25
16437,228,2024-11,2388.87,0.00,262.78,2024-11-25
16438,229,2024-11,2603.29,0.00,286.36,2024-11-25
16439,230,2024-11,2716.59,0.00,298.82,2024-11-25
16440,231,2024-11,2341.06,0.00,257.52,2024-11-25
16441,232,2024-11,2201.58,0.00,242.17,2024-11-25
16442,233,2024-11,2691.96,0.00,296.12,2024-11-25
16443,234,2024-11,2680.53,0.00,294.86,2024-11-25
16444,235,2024-11,2635.71,0.00,289.93,2024-11-25
16445,236,2024-11,4808.22,0.00,528.90,2024-11-25
16446,237,2024-11,4491.03,0.00,494.01,2024-11-25
16447,238,2024-11,2584.05,0.00,284.25,2024-11-25
16448,239,2024-11,2886.96,0.00,317.57,2024-11-25
16449,240,2024-11,2425.79,0.00,266.84,2024-11-25
16450,241,2024-11,3102.43,0.00,341.27,2024-11-25
16451,242,2024-11,2433.40,0.00,267.67,2024-11-25
16452,243,2024-11,2780.60,0.00,305.87,2024-11-25
16453,244,2024-11,2772.31,0.00,304.95,2024-11-25
16454,245,2024-11,7174.69,0.00,789.22,2024-11-25
16455,246,2024-11,2611.18,0.00,287.23,2024-11-25
16456,247,2024-11,2694.30,0.00,296.37,2024-11-25
16457,248,2024-11,2767.89,0.00,304.47,2024-11-25
16458,249,2024-11,2370.86,0.00,260.79,2024-11-25
16459,250,2024-11,2263.35,0.00,248.97,2024-11-25
16460,251,2024-11,2376.04,0.00,261.36,2024-11-25
16461,252,2024-11,3300.61,0.00,363.07,2024-11-25
16462,253,2024-11,2595.92,0.00,285.55,2024-11-25
16463,255,2024-11,2315.06,0.00,254.66,2024-11-25
16464,257,2024-11,2219.85,0.00,244.18,2024-11-25
16465,259,2024-11,2549.98,0.00,280.50,2024-11-25
16466,260,2024-11,2277.89,0.00,250.57,2024-11-25
16467,262,2024-11,2318.25,0.00,255.01,2024-11-25
16468,263,2024-11,2575.83,0.00,283.34,2024-11-25
16469,264,2024-11,2490.51,0.00,273.96,2024-11-25
16470,1,2024-12,7186.51,7186.51,790.52,2024-12-25
16471,3,2024-12,2605.74,2605.74,286.63,2024-12-25
16472,4,2024-12,2270.74,2270.74,249.78,2024-12-25
16473,5,2024-12,3290.29,3290.29,361.93,2024-12-25
16474,6,2024-12,2622.25,2622.25,288.45,2024-12-25
16475,8,2024-12,2335.13,2335.13,256.86,2024-12-25
16476,10,2024-12,2560.88,2560.88,281.70,2024-12-25
16477,11,2024-12,4472.99,4472.99,492.03,2024-12-25
16478,12,2024-12,3206.59,3206.59,352.72,2024-12-25
16479,13,2024-12,4754.49,4754.49,522.99,2024-12-25
16480,14,2024-12,4485.54,4485.54,493.41,2024-12-25
16481,15,2024-12,2729.18,2729.18,300.21,2024-12-25
16482,16,2024-12,3204.69,3204.69,352.52,2024-12-25
16483,17,2024-12,2317.53,2317.53,254.93,2024-12-25
16484,18,2024-12,2657.38,2657.38,292.31,2024-12-25
16485,19,2024-12,2645.12,2645.12,290.96,2024-12-25
16486,20,2024-12,2429.76,2429.76,267.27,2024-12-25
16487,22,2024-12,2545.48,2545.48,280.00,2024-12-25
16488,24,2024-12,7201.83,7201.83,792.20,2024-12-25
16489,25,2024-12,4766.87,4766.87,524.36,2024-12-25
16490,26,2024-12,2907.70,2907.70,319.85,2024-12-25
16491,28,2024-12,4753.43,4753.43,522.88,2024-12-25
16492,29,2024-12,2383.25,2383.25,262.16,2024-12-25
16493,30,2024-12,3031.19,3031.19,333.43,2024-12-25
16494,31,2024-12,2405.14,2405.14,264.57,2024-12-25
16495,32,2024-12,2554.11,2554.11,280.95,2024-12-25
16496,33,2024-12,3022.55,3022.55,332.48,2024-12-25
16497,35,2024-12,2803.63,2803.63,308.40,2024-12-25
16498,36,2024-12,2729.43,2729.43,300.24,2024-12-25
16499,37,2024-12,3098.23,3098.23,340.81,2024-12-25
16500,38,2024-12,4722.85,4722.85,519.51,2024-12-25
16501,39,2024-12,2660.32,2660.32,292.64,2024-12-25
16502,41,2024-12,2787.68,2787.68,306.64,2024-12-25
16503,43,2024-12,2612.74,2612.74,287.40,2024-12-25
16504,44,2024-12,2759.20,2759.20,303.51,2024-12-25
16505,45,2024-12,2246.74,2246.74,247.14,2024-12-25
16506,46,2024-12,2672.62,2672.62,293.99,2024-12-25
16507,48,2024-12,2528.64,2528.64,278.15,2024-12-25
16508,49,2024-12,7643.35,7643.35,840.77,2024-12-25
16509,50,2024-12,2931.48,2931.48,322.46,2024-12-25
16510,51,2024-12,2362.00,2362.00,259.82,2024-12-25
16511,52,2024-12,2638.48,2638.48,290.23,2024-12-25
16512,53,2024-12,2797.85,2797.85,307.76,2024-12-25
16513,55,2024-12,2347.74,2347.74,258.25,2024-12-25
16514,56,2024-12,4218.14,4218.14,464.00,2024-12-25
16515,57,2024-12,2466.85,2466.85,271.35,2024-12-25
16516,59,2024-12,2746.49,2746.49,302.11,2024-12-25
16517,60,2024-12,2983.44,2983.44,328.18,2024-12-25
16518,61,2024-12,4355.90,4355.90,479.15,2024-12-25
16519,62,2024-12,3121.65,3121.65,343.38,2024-12-25
16520,63,2024-12,2386.61,2386.61,262.53,2024-12-25
16521,64,2024-12,2467.35,2467.35,271.41,2024-12-25
16522,66,2024-12,2320.03,2320.03,255.20,2024-12-25
16523,68,2024-12,7019.54,7019.54,772.15,2024-12-25
16524,69,2024-12,4313.50,4313.50,474.49,2024-12-25
16525,70,2024-12,2520.91,2520.91,277.30,2024-12-25
16526,71,2024-12,2603.85,2603.85,286.42,2024-12-25
16527,72,2024-12,4215.10,4215.10,463.66,2024-12-25
16528,73,2024-12,2987.06,2987.06,328.58,2024-12-25
16529,75,2024-12,2282.58,2282.58,251.08,2024-12-25
16530,77,2024-12,3038.47,3038.47,334.23,2024-12-25
16531,78,2024-12,2762.72,2762.72,303.90,2024-12-25
16532,80,2024-12,2427.81,2427.81,267.06,2024-12-25
16533,81,2024-12,2666.92,2666.92,293.36,2024-12-25
16534,82,2024-12,2753.44,2753.44,302.88,2024-12-25
16535,83,2024-12,2598.43,2598.43,285.83,2024-12-25
16536,84,2024-12,6772.76,6772.76,745.00,2024-12-25
16537,86,2024-12,2633.76,2633.76,289.71,2024-12-25
16538,87,2024-12,2703.28,2703.28,297.36,2024-12-25
16539,88,2024-12,4467.50,4467.50,491.43,2024-12-25
16540,89,2024-12,2468.41,2468.41,271.53,2024-12-25
16541,90,2024-12,2315.56,2315.56,254.71,2024-12-25
16542,91,2024-12,4824.71,4824.71,530.72,2024-12-25
16543,92,2024-12,2227.56,2227.56,245.03,2024-12-25
16544,93,2024-12,2678.82,2678.82,294.67,2024-12-25
16545,94,2024-12,3015.99,3015.99,331.76,2024-12-25
16546,95,2024-12,2485.16,2485.16,273.37,2024-12-25
16547,96,2024-12,2404.58,2404.58,264.50,2024-12-25
16548,97,2024-12,6925.43,6925.43,761.80,2024-12-25
16549,98,2024-12,2505.07,2505.07,275.56,2024-12-25
16550,99,2024-12,3119.83,3119.83,343.18,2024-12-25
16551,100,2024-12,2629.23,2629.23,289.22,2024-12-25
16552,101,2024-12,4484.69,4484.69,493.32,2024-12-25
16553,103,2024-12,2825.23,2825.23,310.78,2024-12-25
16554,104,2024-12,4464.19,4464.19,491.06,2024-12-25
16555,105,2024-12,2407.70,2407.70,264.85,2024-12-25
16556,106,2024-12,3031.81,3031.81,333.50,2024-12-25
16557,107,2024-12,2670.78,2670.78,293.79,2024-12-25
16558,108,2024-12,2462.30,2462.30,270.85,2024-12-25
16559,110,2024-12,2446.46,2446.46,269.11,2024-12-25
16560,111,2024-12,2294.74,2294.74,252.42,2024-12-25
16561,112,2024-12,2652.25,2652.25,291.75,2024-12-25
16562,113,2024-12,2517.15,2517.15,276.89,2024-12-25
16563,114,2024-12,2248.22,2248.22,247.30,2024-12-25
16564,115,2024-12,7526.46,7526.46,827.91,2024-12-25
16565,116,2024-12,2419.38,2419.38,266.13,2024-12-25
16566,117,2024-12,2370.46,2370.46,260.75,2024-12-25
16567,118,2024-12,2399.71,2399.71,263.97,2024-12-25
16568,119,2024-12,2273.60,2273.60,250.10,2024-12-25
16569,120,2024-12,4626.05,4626.05,508.87,2024-12-25
16570,121,2024-12,4745.16,4745.16,521.97,2024-12-25
16571,122,2024-12,2325.64,2325.64,255.82,2024-12-25
16572,123,2024-12,2880.74,2880.74,316.88,2024-12-25
16573,124,2024-12,2451.67,2451.67,269.68,2024-12-25
16574,125,2024-12,3338.85,3338.85,367.27,2024-12-25
16575,126,2024-12,3269.10,3269.10,359.60,2024-12-25
16576,127,2024-12,3336.36,3336.36,367.00,2024-12-25
16577,128,2024-12,2539.20,2539.20,279.31,2024-12-25
16578,129,2024-12,2511.68,2511.68,276.28,2024-12-25
16579,130,2024-12,2312.29,2312.29,254.35,2024-12-25
16580,131,2024-12,2407.49,2407.49,264.82,2024-12-25
16581,132,2024-12,7197.16,7197.16,791.69,2024-12-25
16582,133,2024-12,2393.19,2393.19,263.25,2024-12-25
16583,135,2024-12,3220.17,3220.17,354.22,2024-12-25
16584,136,2024-12,2829.58,2829.58,311.25,2024-12-25
16585,137,2024-12,2317.13,2317.13,254.88,2024-12-25
16586,138,2024-12,2899.85,2899.85,318.98,2024-12-25
16587,139,2024-12,2279.94,2279.94,250.79,2024-12-25
16588,140,2024-12,2461.74,2461.74,270.79,2024-12-25
16589,141,2024-12,4605.63,4605.63,506.62,2024-12-25
16590,142,2024-12,2283.87,2283.87,251.23,2024-12-25
16591,144,2024-12,4950.84,4950.84,544.59,2024-12-25
16592,145,2024-12,2786.33,2786.33,306.50,2024-12-25
16593,146,2024-12,2706.79,2706.79,297.75,2024-12-25
16594,147,2024-12,2518.03,2518.03,276.98,2024-12-25
16595,148,2024-12,2518.64,2518.64,277.05,2024-12-25
16596,149,2024-12,7323.86,7323.86,805.62,2024-12-25
16597,150,2024-12,2548.70,2548.70,280.36,2024-12-25
16598,151,2024-12,2604.22,2604.22,286.46,2024-12-25
16599,152,2024-12,2441.41,2441.41,268.56,2024-12-25
16600,153,2024-12,2851.41,2851.41,313.66,2024-12-25
16601,154,2024-12,2998.66,2998.66,329.85,2024-12-25
16602,157,2024-12,2770.10,2770.10,304.71,2024-12-25
16603,158,2024-12,4232.50,4232.50,465.57,2024-12-25
16604,159,2024-12,2245.85,2245.85,247.04,2024-12-25
16605,160,2024-12,2328.82,2328.82,256.17,2024-12-25
16606,161,2024-12,7299.49,7299.49,802.94,2024-12-25
16607,162,2024-12,2663.15,2663.15,292.95,2024-12-25
16608,163,2024-12,3235.34,3235.34,355.89,2024-12-25
16609,164,2024-12,4831.94,4831.94,531.51,2024-12-25
16610,165,2024-12,2835.49,2835.49,311.90,2024-12-25
16611,166,2024-12,2297.58,2297.58,252.73,2024-12-25
16612,167,2024-12,2544.43,2544.43,279.89,2024-12-25
16613,168,2024-12,2680.06,2680.06,294.81,2024-12-25
16614,169,2024-12,2420.77,2420.77,266.28,2024-12-25
16615,170,2024-12,2765.46,2765.46,304.20,2024-12-25
16616,172,2024-12,4727.70,4727.70,520.05,2024-12-25
16617,173,2024-12,2466.61,2466.61,271.33,2024-12-25
16618,174,2024-12,2658.36,2658.36,292.42,2024-12-25
16619,175,2024-12,2258.07,2258.07,248.39,2024-12-25
16620,176,2024-12,2645.68,2645.68,291.02,2024-12-25
16621,177,2024-12,7595.30,7595.30,835.48,2024-12-25
16622,179,2024-12,2450.87,2450.87,269.60,2024-12-25
16623,180,2024-12,3024.64,3024.64,332.71,2024-12-25
16624,181,2024-12,4731.04,4731.04,520.41,2024-12-25
16625,182,2024-12,3283.65,3283.65,361.20,2024-12-25
16626,184,2024-12,2845.93,2845.93,313.05,2024-12-25
16627,185,2024-12,2705.03,2705.03,297.55,2024-12-25
16628,187,2024-12,2679.77,2679.77,294.77,2024-12-25
16629,188,2024-12,4528.94,4528.94,498.18,2024-12-25
16630,189,2024-12,2222.15,2222.15,244.44,2024-12-25
16631,190,2024-12,2262.03,2262.03,248.82,2024-12-25
16632,191,2024-12,6947.58,6947.58,764.23,2024-12-25
16633,192,2024-12,2381.66,2381.66,261.98,2024-12-25
16634,193,2024-12,2231.95,2231.95,245.51,2024-12-25
16635,194,2024-12,2255.05,2255.05,248.06,2024-12-25
16636,195,2024-12,3107.64,3107.64,341.84,2024-12-25
16637,196,2024-12,4344.55,4344.55,477.90,2024-12-25
16638,197,2024-12,2301.76,2301.76,253.19,2024-12-25
16639,198,2024-12,3000.93,3000.93,330.10,2024-12-25
16640,199,2024-12,2216.12,2216.12,243.77,2024-12-25
16641,200,2024-12,2625.28,2625.28,288.78,2024-12-25
16642,201,2024-12,2558.59,2558.59,281.44,2024-12-25
16643,202,2024-12,2524.95,2524.95,277.74,2024-12-25
16644,203,2024-12,2409.09,2409.09,265.00,2024-12-25
16645,204,2024-12,2240.18,2240.18,246.42,2024-12-25
16646,205,2024-12,2734.34,2734.34,300.78,2024-12-25
16647,206,2024-12,2301.85,2301.85,253.20,2024-12-25
16648,207,2024-12,2357.80,2357.80,259.36,2024-12-25
16649,208,2024-12,2956.99,2956.99,325.27,2024-12-25
16650,209,2024-12,2571.97,2571.97,282.92,2024-12-25
16651,210,2024-12,2625.83,2625.83,288.84,2024-12-25
16652,211,2024-12,2661.92,2661.92,292.81,2024-12-25
16653,212,2024-12,2300.18,2300.18,253.02,2024-12-25
16654,213,2024-12,2411.94,2411.94,265.31,2024-12-25
16655,214,2024-12,3141.24,3141.24,345.54,2024-12-25
16656,215,2024-12,2721.00,2721.00,299.31,2024-12-25
16657,216,2024-12,2518.33,2518.33,277.02,2024-12-25
16658,217,2024-12,2238.04,2238.04,246.18,2024-12-25
16659,218,2024-12,2533.04,2533.04,278.63,2024-12-25
16660,219,2024-12,2606.27,2606.27,286.69,2024-12-25
16661,220,2024-12,2306.68,2306.68,253.73,2024-12-25
16662,221,2024-12,2428.67,2428.67,267.15,2024-12-25
16663,222,2024-12,2626.05,2626.05,288.87,2024-12-25
16664,223,2024-12,2575.08,2575.08,283.26,2024-12-25
16665,224,2024-12,2598.30,2598.30,285.81,2024-12-25
16666,225,2024-12,2293.51,2293.51,252.29,2024-12-25
16667,226,2024-12,2544.06,2544.06,279.85,2024-12-25
16668,227,2024-12,2297.25,2297.25,252.70,2024-12-25
16669,228,2024-12,2375.64,2375.64,261.32,2024-12-25
16670,229,2024-12,2614.39,2614.39,287.58,2024-12-25
16671,230,2024-12,2705.83,2705.83,297.64,2024-12-25
16672,231,2024-12,2358.14,2358.14,259.40,2024-12-25
16673,232,2024-12,2210.25,2210.25,243.13,2024-12-25
16674,233,2024-12,2679.34,2679.34,294.73,2024-12-25
16675,234,2024-12,2691.11,2691.11,296.02,2024-12-25
16676,235,2024-12,2651.87,2651.87,291.71,2024-12-25
16677,236,2024-12,4802.70,4802.70,528.30,2024-12-25
16678,237,2024-12,4486.62,4486.62,493.53,2024-12-25
16679,238,2024-12,2595.43,2595.43,285.50,2024-12-25
16680,239,2024-12,2873.82,2873.82,316.12,2024-12-25
16681,240,2024-12,2429.17,2429.17,267.21,2024-12-25
16682,241,2024-12,3096.11,3096.11,340.57,2024-12-25
16683,242,2024-12,2420.47,2420.47,266.25,2024-12-25
16684,243,2024-12,2783.83,2783.83,306.22,2024-12-25
16685,244,2024-12,2747.47,2747.47,302.22,2024-12-25
16686,245,2024-12,7187.34,7187.34,790.61,2024-12-25
16687,246,2024-12,2612.12,2612.12,287.33,2024-12-25
16688,247,2024-12,2688.04,2688.04,295.68,2024-12-25
16689,248,2024-12,2774.99,2774.99,305.25,2024-12-25
16690,249,2024-12,2375.65,2375.65,261.32,2024-12-25
16691,250,2024-12,2256.62,2256.62,248.23,2024-12-25
16692,251,2024-12,2382.87,2382.87,262.12,2024-12-25
16693,252,2024-12,3303.38,3303.38,363.37,2024-12-25
16694,253,2024-12,2589.69,2589.69,284.87,2024-12-25
16695,255,2024-12,2325.19,2325.19,255.77,2024-12-25
16696,257,2024-12,2208.06,2208.06,242.89,2024-12-25
16697,259,2024-12,2549.40,2549.40,280.43,2024-12-25
16698,260,2024-12,2286.80,2286.80,251.55,2024-12-25
16699,262,2024-12,2310.86,2310.86,254.19,2024-12-25
16700,263,2024-12,2569.98,2569.98,282.70,2024-12-25
16701,264,2024-12,2508.37,2508.37,275.92,2024-12-25
16702,1,2025-01,7492.54,0.00,824.18,2025-01-25
16703,3,2025-01,2706.45,0.00,297.71,2025-01-25
16704,4,2025-01,2363.07,0.00,259.94,2025-01-25
16705,5,2025-01,3398.04,0.00,373.78,2025-01-25
16706,6,2025-01,2720.70,0.00,299.28,2025-01-25
16707,8,2025-01,2433.66,0.00,267.70,2025-01-25
16708,10,2025-01,2646.21,0.00,291.08,2025-01-25
16709,11,2025-01,4653.34,0.00,511.87,2025-01-25
16710,12,2025-01,3325.34,0.00,365.79,2025-01-25
16711,13,2025-01,4913.73,0.00,540.51,2025-01-25
16712,14,2025-01,4668.36,0.00,513.52,2025-01-25
16713,15,2025-01,2840.22,0.00,312.42,2025-01-25
16714,16,2025-01,3348.21,0.00,368.30,2025-01-25
16715,17,2025-01,2392.84,0.00,263.21,2025-01-25
16716,18,2025-01,2753.29,0.00,302.86,2025-01-25
16717,19,2025-01,2760.05,0.00,303.61,2025-01-25
16718,20,2025-01,2509.14,0.00,276.01,2025-01-25
16719,22,2025-01,2666.14,0.00,293.28,2025-01-25
16720,24,2025-01,7485.97,0.00,823.46,2025-01-25
16721,25,2025-01,4938.78,0.00,543.27,2025-01-25
16722,26,2025-01,3027.59,0.00,333.03,2025-01-25
16723,28,2025-01,4914.94,0.00,540.64,2025-01-25
16724,29,2025-01,2474.74,0.00,272.22,2025-01-25
16725,30,2025-01,3161.21,0.00,347.73,2025-01-25
16726,31,2025-01,2525.24,0.00,277.78,2025-01-25
16727,32,2025-01,2672.52,0.00,293.98,2025-01-25
16728,33,2025-01,3128.86,0.00,344.17,2025-01-25
16729,35,2025-01,2926.22,0.00,321.88,2025-01-25
16730,36,2025-01,2862.76,0.00,314.90,2025-01-25
16731,37,2025-01,3245.01,0.00,356.95,2025-01-25
16732,38,2025-01,4943.67,0.00,543.80,2025-01-25
16733,39,2025-01,2759.39,0.00,303.53,2025-01-25
16734,41,2025-01,2900.62,0.00,319.07,2025-01-25
16735,43,2025-01,2707.91,0.00,297.87,2025-01-25
16736,44,2025-01,2869.89,0.00,315.69,2025-01-25
16737,45,2025-01,2328.50,0.00,256.13,2025-01-25
16738,46,2025-01,2791.77,0.00,307.09,2025-01-25
16739,48,2025-01,2641.48,0.00,290.56,2025-01-25
16740,49,2025-01,7926.08,0.00,871.87,2025-01-25
16741,50,2025-01,3022.68,0.00,332.49,2025-01-25
16742,51,2025-01,2466.25,0.00,271.29,2025-01-25
16743,52,2025-01,2757.35,0.00,303.31,2025-01-25
16744,53,2025-01,2903.43,0.00,319.38,2025-01-25
16745,55,2025-01,2456.27,0.00,270.19,2025-01-25
16746,56,2025-01,4386.46,0.00,482.51,2025-01-25
16747,57,2025-01,2551.31,0.00,280.64,2025-01-25
16748,59,2025-01,2853.16,0.00,313.85,2025-01-25
16749,60,2025-01,3104.94,0.00,341.54,2025-01-25
16750,61,2025-01,4566.66,0.00,502.33,2025-01-25
16751,62,2025-01,3241.54,0.00,356.57,2025-01-25
16752,63,2025-01,2482.89,0.00,273.12,2025-01-25
16753,64,2025-01,2584.19,0.00,284.26,2025-01-25
16754,66,2025-01,2409.48,0.00,265.04,2025-01-25
16755,68,2025-01,7262.99,0.00,798.93,2025-01-25
16756,69,2025-01,4480.43,0.00,492.85,2025-01-25
16757,70,2025-01,2629.77,0.00,289.27,2025-01-25
16758,71,2025-01,2699.18,0.00,296.91,2025-01-25
16759,72,2025-01,4380.74,0.00,481.88,2025-01-25
16760,73,2025-01,3096.62,0.00,340.63,2025-01-25
16761,75,2025-01,2371.96,0.00,260.92,2025-01-25
16762,77,2025-01,3151.70,0.00,346.69,2025-01-25
16763,78,2025-01,2875.77,0.00,316.33,2025-01-25
16764,80,2025-01,2534.59,0.00,278.80,2025-01-25
16765,81,2025-01,2777.69,0.00,305.55,2025-01-25
16766,82,2025-01,2846.14,0.00,313.08,2025-01-25
16767,83,2025-01,2721.41,0.00,299.36,2025-01-25
16768,84,2025-01,7062.63,0.00,776.89,2025-01-25
16769,86,2025-01,2736.54,0.00,301.02,2025-01-25
16770,87,2025-01,2800.30,0.00,308.03,2025-01-25
16771,88,2025-01,4660.61,0.00,512.67,2025-01-25
16772,89,2025-01,2573.36,0.00,283.07,2025-01-25
16773,90,2025-01,2406.99,0.00,264.77,2025-01-25
16774,91,2025-01,5048.75,0.00,555.36,2025-01-25
16775,92,2025-01,2329.66,0.00,256.26,2025-01-25
16776,93,2025-01,2795.05,0.00,307.46,2025-01-25
16777,94,2025-01,3128.34,0.00,344.12,2025-01-25
16778,95,2025-01,2584.87,0.00,284.34,2025-01-25
16779,96,2025-01,2513.80,0.00,276.52,2025-01-25
16780,97,2025-01,7178.33,0.00,789.62,2025-01-25
16781,98,2025-01,2606.34,0.00,286.70,2025-01-25
16782,99,2025-01,3242.08,0.00,356.63,2025-01-25
16783,100,2025-01,2729.13,0.00,300.20,2025-01-25
16784,101,2025-01,4645.22,0.00,510.97,2025-01-25
16785,103,2025-01,2919.89,0.00,321.19,2025-01-25
16786,104,2025-01,4658.26,0.00,512.41,2025-01-25
16787,105,2025-01,2515.28,0.00,276.68,2025-01-25
16788,106,2025-01,3143.25,0.00,345.76,2025-01-25
16789,107,2025-01,2784.24,0.00,306.27,2025-01-25
16790,108,2025-01,2561.73,0.00,281.79,2025-01-25
16791,110,2025-01,2546.93,0.00,280.16,2025-01-25
16792,111,2025-01,2391.25,0.00,263.04,2025-01-25
16793,112,2025-01,2745.11,0.00,301.96,2025-01-25
16794,113,2025-01,2632.93,0.00,289.62,2025-01-25
16795,114,2025-01,2344.31,0.00,257.87,2025-01-25
16796,115,2025-01,7816.33,0.00,859.80,2025-01-25
16797,116,2025-01,2513.25,0.00,276.46,2025-01-25
16798,117,2025-01,2465.48,0.00,271.20,2025-01-25
16799,118,2025-01,2499.24,0.00,274.92,2025-01-25
16800,119,2025-01,2357.69,0.00,259.35,2025-01-25
16801,120,2025-01,4782.24,0.00,526.05,2025-01-25
16802,121,2025-01,4914.57,0.00,540.60,2025-01-25
16803,122,2025-01,2425.74,0.00,266.83,2025-01-25
16804,123,2025-01,3003.78,0.00,330.42,2025-01-25
16805,124,2025-01,2532.48,0.00,278.57,2025-01-25
16806,125,2025-01,3457.43,0.00,380.32,2025-01-25
16807,126,2025-01,3387.85,0.00,372.66,2025-01-25
16808,127,2025-01,3470.06,0.00,381.71,2025-01-25
16809,128,2025-01,2643.63,0.00,290.80,2025-01-25
16810,129,2025-01,2620.25,0.00,288.23,2025-01-25
16811,130,2025-01,2413.53,0.00,265.49,2025-01-25
16812,131,2025-01,2498.83,0.00,274.87,2025-01-25
16813,132,2025-01,7466.17,0.00,821.28,2025-01-25
16814,133,2025-01,2481.48,0.00,272.96,2025-01-25
16815,135,2025-01,3338.18,0.00,367.20,2025-01-25
16816,136,2025-01,2956.27,0.00,325.19,2025-01-25
16817,137,2025-01,2426.72,0.00,266.94,2025-01-25
16818,138,2025-01,3022.57,0.00,332.48,2025-01-25
16819,139,2025-01,2355.39,0.00,259.09,2025-01-25
16820,140,2025-01,2558.03,0.00,281.38,2025-01-25
16821,141,2025-01,4793.91,0.00,527.33,2025-01-25
16822,142,2025-01,2368.78,0.00,260.57,2025-01-25
16823,144,2025-01,5137.74,0.00,565.15,2025-01-25
16824,145,2025-01,2906.33,0.00,319.70,2025-01-25
16825,146,2025-01,2826.72,0.00,310.94,2025-01-25
16826,147,2025-01,2626.21,0.00,288.88,2025-01-25
16827,148,2025-01,2637.97,0.00,290.18,2025-01-25
16828,149,2025-01,7630.51,0.00,839.36,2025-01-25
16829,150,2025-01,2639.19,0.00,290.31,2025-01-25
16830,151,2025-01,2702.62,0.00,297.29,2025-01-25
16831,152,2025-01,2532.54,0.00,278.58,2025-01-25
16832,153,2025-01,2968.35,0.00,326.52,2025-01-25
16833,154,2025-01,3121.53,0.00,343.37,2025-01-25
16834,157,2025-01,2868.34,0.00,315.52,2025-01-25
16835,158,2025-01,4379.31,0.00,481.72,2025-01-25
16836,159,2025-01,2345.02,0.00,257.95,2025-01-25
16837,160,2025-01,2423.68,0.00,266.60,2025-01-25
16838,161,2025-01,7611.71,0.00,837.29,2025-01-25
16839,162,2025-01,2781.95,0.00,306.01,2025-01-25
16840,163,2025-01,3334.44,0.00,366.79,2025-01-25
16841,164,2025-01,5019.81,0.00,552.18,2025-01-25
16842,165,2025-01,2946.69,0.00,324.14,2025-01-25
16843,166,2025-01,2403.85,0.00,264.42,2025-01-25
16844,167,2025-01,2654.61,0.00,292.01,2025-01-25
16845,168,2025-01,2790.82,0.00,306.99,2025-01-25
16846,169,2025-01,2524.33,0.00,277.68,2025-01-25
16847,170,2025-01,2869.39,0.00,315.63,2025-01-25
16848,172,2025-01,4916.37,0.00,540.80,2025-01-25
16849,173,2025-01,2555.54,0.00,281.11,2025-01-25
16850,174,2025-01,2790.36,0.00,306.94,2025-01-25
16851,175,2025-01,2352.21,0.00,258.74,2025-01-25
16852,176,2025-01,2749.83,0.00,302.48,2025-01-25
16853,177,2025-01,7878.62,0.00,866.65,2025-01-25
16854,179,2025-01,2546.25,0.00,280.09,2025-01-25
16855,180,2025-01,3130.32,0.00,344.34,2025-01-25
16856,181,2025-01,4915.11,0.00,540.66,2025-01-25
16857,182,2025-01,3419.08,0.00,376.10,2025-01-25
16858,184,2025-01,2966.00,0.00,326.26,2025-01-25
16859,185,2025-01,2799.68,0.00,307.96,2025-01-25
16860,187,2025-01,2803.27,0.00,308.36,2025-01-25
16861,188,2025-01,4682.88,0.00,515.12,2025-01-25
16862,189,2025-01,2308.89,0.00,253.98,2025-01-25
16863,190,2025-01,2342.24,0.00,257.65,2025-01-25
16864,191,2025-01,7263.11,0.00,798.94,2025-01-25
16865,192,2025-01,2464.15,0.00,271.06,2025-01-25
16866,193,2025-01,2327.48,0.00,256.02,2025-01-25
16867,194,2025-01,2339.55,0.00,257.35,2025-01-25
16868,195,2025-01,3229.73,0.00,355.27,2025-01-25
16869,196,2025-01,4523.24,0.00,497.56,2025-01-25
16870,197,2025-01,2398.68,0.00,263.85,2025-01-25
16871,198,2025-01,3103.97,0.00,341.44,2025-01-25
16872,199,2025-01,2317.08,0.00,254.88,2025-01-25
16873,200,2025-01,2735.52,0.00,300.91,2025-01-25
16874,201,2025-01,2637.58,0.00,290.13,2025-01-25
16875,202,2025-01,2627.54,0.00,289.03,2025-01-25
16876,203,2025-01,2503.18,0.00,275.35,2025-01-25
16877,204,2025-01,2330.41,0.00,256.35,2025-01-25
16878,205,2025-01,2840.71,0.00,312.48,2025-01-25
16879,206,2025-01,2377.19,0.00,261.49,2025-01-25
16880,207,2025-01,2450.02,0.00,269.50,2025-01-25
16881,208,2025-01,3080.53,0.00,338.86,2025-01-25
16882,209,2025-01,2672.17,0.00,293.94,2025-01-25
16883,210,2025-01,2740.02,0.00,301.40,2025-01-25
16884,211,2025-01,2771.93,0.00,304.91,2025-01-25
16885,212,2025-01,2387.44,0.00,262.62,2025-01-25
16886,213,2025-01,2509.43,0.00,276.04,2025-01-25
16887,214,2025-01,3263.97,0.00,359.04,2025-01-25
16888,215,2025-01,2831.00,0.00,311.41,2025-01-25
16889,216,2025-01,2608.51,0.00,286.94,2025-01-25
16890,217,2025-01,2344.16,0.00,257.86,2025-01-25
16891,218,2025-01,2642.09,0.00,290.63,2025-01-25
16892,219,2025-01,2723.43,0.00,299.58,2025-01-25
16893,220,2025-01,2403.97,0.00,264.44,2025-01-25
16894,221,2025-01,2525.03,0.00,277.75,2025-01-25
16895,222,2025-01,2731.86,0.00,300.50,2025-01-25
16896,223,2025-01,2681.58,0.00,294.97,2025-01-25
16897,224,2025-01,2697.22,0.00,296.69,2025-01-25
16898,225,2025-01,2391.75,0.00,263.09,2025-01-25
16899,226,2025-01,2646.51,0.00,291.12,2025-01-25
16900,227,2025-01,2388.90,0.00,262.78,2025-01-25
16901,228,2025-01,2487.26,0.00,273.60,2025-01-25
16902,229,2025-01,2726.76,0.00,299.94,2025-01-25
16903,230,2025-01,2827.69,0.00,311.05,2025-01-25
16904,231,2025-01,2446.45,0.00,269.11,2025-01-25
16905,232,2025-01,2288.57,0.00,251.74,2025-01-25
16906,233,2025-01,2805.47,0.00,308.60,2025-01-25
16907,234,2025-01,2799.55,0.00,307.95,2025-01-25
16908,235,2025-01,2755.42,0.00,303.10,2025-01-25
16909,236,2025-01,4970.52,0.00,546.76,2025-01-25
16910,237,2025-01,4685.25,0.00,515.38,2025-01-25
16911,238,2025-01,2703.62,0.00,297.40,2025-01-25
16912,239,2025-01,3006.51,0.00,330.72,2025-01-25
16913,240,2025-01,2516.59,0.00,276.82,2025-01-25
16914,241,2025-01,3248.78,0.00,357.37,2025-01-25
16915,242,2025-01,2515.98,0.00,276.76,2025-01-25
16916,243,2025-01,2887.58,0.00,317.63,2025-01-25
16917,244,2025-01,2865.21,0.00,315.17,2025-01-25
16918,245,2025-01,7446.76,0.00,819.14,2025-01-25
16919,246,2025-01,2726.54,0.00,299.92,2025-01-25
16920,247,2025-01,2799.36,0.00,307.93,2025-01-25
16921,248,2025-01,2892.17,0.00,318.14,2025-01-25
16922,249,2025-01,2480.15,0.00,272.82,2025-01-25
16923,250,2025-01,2355.50,0.00,259.11,2025-01-25
16924,251,2025-01,2471.26,0.00,271.84,2025-01-25
16925,252,2025-01,3435.61,0.00,377.92,2025-01-25
16926,253,2025-01,2713.41,0.00,298.48,2025-01-25
16927,255,2025-01,2411.72,0.00,265.29,2025-01-25
16928,257,2025-01,2298.53,0.00,252.84,2025-01-25
16929,259,2025-01,2658.25,0.00,292.41,2025-01-25
16930,260,2025-01,2375.14,0.00,261.27,2025-01-25
16931,262,2025-01,2411.35,0.00,265.25,2025-01-25
16932,263,2025-01,2669.02,0.00,293.59,2025-01-25
16933,264,2025-01,2607.40,0.00,286.81,2025-01-25
16934,1,2025-02,7477.74,0.00,822.55,2025-02-25
16935,3,2025-02,2707.42,0.00,297.82,2025-02-25
16936,4,2025-02,2361.73,0.00,259.79,2025-02-25
16937,5,2025-02,3404.18,0.00,374.46,2025-02-25
16938,6,2025-02,2737.77,0.00,301.15,2025-02-25
16939,8,2025-02,2448.65,0.00,269.35,2025-02-25
16940,10,2025-02,2657.76,0.00,292.35,2025-02-25
16941,11,2025-02,4623.13,0.00,508.54,2025-02-25
16942,12,2025-02,3331.21,0.00,366.43,2025-02-25
16943,13,2025-02,4940.50,0.00,543.46,2025-02-25
16944,14,2025-02,4629.85,0.00,509.28,2025-02-25
16945,15,2025-02,2849.04,0.00,313.39,2025-02-25
16946,16,2025-02,3338.41,0.00,367.23,2025-02-25
16947,17,2025-02,2388.83,0.00,262.77,2025-02-25
16948,18,2025-02,2765.26,0.00,304.18,2025-02-25
16949,19,2025-02,2754.78,0.00,303.03,2025-02-25
16950,20,2025-02,2525.71,0.00,277.83,2025-02-25
16951,22,2025-02,2648.81,0.00,291.37,2025-02-25
16952,24,2025-02,7476.74,0.00,822.44,2025-02-25
16953,25,2025-02,4970.41,0.00,546.75,2025-02-25
16954,26,2025-02,3030.57,0.00,333.36,2025-02-25
16955,28,2025-02,4931.33,0.00,542.45,2025-02-25
16956,29,2025-02,2468.24,0.00,271.51,2025-02-25
16957,30,2025-02,3139.25,0.00,345.32,2025-02-25
16958,31,2025-02,2503.26,0.00,275.36,2025-02-25
16959,32,2025-02,2668.29,0.00,293.51,2025-02-25
16960,33,2025-02,3136.18,0.00,344.98,2025-02-25
16961,35,2025-02,2921.68,0.00,321.38,2025-02-25
16962,36,2025-02,2842.20,0.00,312.64,2025-02-25
16963,37,2025-02,3248.43,0.00,357.33,2025-02-25
16964,38,2025-02,4902.36,0.00,539.26,2025-02-25
16965,39,2025-02,2783.69,0.00,306.21,2025-02-25
16966,41,2025-02,2891.88,0.00,318.11,2025-02-25
16967,43,2025-02,2705.10,0.00,297.56,2025-02-25
16968,44,2025-02,2890.76,0.00,317.98,2025-02-25
16969,45,2025-02,2328.21,0.00,256.10,2025-02-25
16970,46,2025-02,2790.60,0.00,306.97,2025-02-25
16971,48,2025-02,2644.17,0.00,290.86,2025-02-25
16972,49,2025-02,7957.01,0.00,875.27,2025-02-25
16973,50,2025-02,3045.99,0.00,335.06,2025-02-25
16974,51,2025-02,2449.86,0.00,269.48,2025-02-25
16975,52,2025-02,2746.83,0.00,302.15,2025-02-25
16976,53,2025-02,2904.71,0.00,319.52,2025-02-25
16977,55,2025-02,2457.81,0.00,270.36,2025-02-25
16978,56,2025-02,4410.13,0.00,485.11,2025-02-25
16979,57,2025-02,2554.13,0.00,280.95,2025-02-25
16980,59,2025-02,2854.08,0.00,313.95,2025-02-25
16981,60,2025-02,3127.55,0.00,344.03,2025-02-25
16982,61,2025-02,4554.87,0.00,501.04,2025-02-25
16983,62,2025-02,3237.04,0.00,356.07,2025-02-25
16984,63,2025-02,2494.50,0.00,274.39,2025-02-25
16985,64,2025-02,2572.79,0.00,283.01,2025-02-25
16986,66,2025-02,2411.67,0.00,265.28,2025-02-25
16987,68,2025-02,7306.06,0.00,803.67,2025-02-25
16988,69,2025-02,4474.87,0.00,492.24,2025-02-25
16989,70,2025-02,2618.25,0.00,288.01,2025-02-25
16990,71,2025-02,2693.77,0.00,296.31,2025-02-25
16991,72,2025-02,4382.62,0.00,482.09,2025-02-25
16992,73,2025-02,3107.62,0.00,341.84,2025-02-25
16993,75,2025-02,2385.55,0.00,262.41,2025-02-25
16994,77,2025-02,3175.99,0.00,349.36,2025-02-25
16995,78,2025-02,2857.33,0.00,314.31,2025-02-25
16996,80,2025-02,2541.63,0.00,279.58,2025-02-25
16997,81,2025-02,2774.95,0.00,305.24,2025-02-25
16998,82,2025-02,2850.40,0.00,313.54,2025-02-25
16999,83,2025-02,2710.07,0.00,298.11,2025-02-25
17000,84,2025-02,7045.51,0.00,775.01,2025-02-25
17001,86,2025-02,2740.50,0.00,301.45,2025-02-25
17002,87,2025-02,2803.90,0.00,308.43,2025-02-25
17003,88,2025-02,4640.56,0.00,510.46,2025-02-25
17004,89,2025-02,2569.71,0.00,282.67,2025-02-25
17005,90,2025-02,2401.49,0.00,264.16,2025-02-25
17006,91,2025-02,5053.67,0.00,555.90,2025-02-25
17007,92,2025-02,2313.40,0.00,254.47,2025-02-25
17008,93,2025-02,2792.70,0.00,307.20,2025-02-25
17009,94,2025-02,3120.65,0.00,343.27,2025-02-25
17010,95,2025-02,2573.67,0.00,283.10,2025-02-25
17011,96,2025-02,2511.16,0.00,276.23,2025-02-25
17012,97,2025-02,7198.94,0.00,791.88,2025-02-25
17013,98,2025-02,2607.69,0.00,286.85,2025-02-25
17014,99,2025-02,3247.60,0.00,357.24,2025-02-25
17015,100,2025-02,2728.47,0.00,300.13,2025-02-25
17016,101,2025-02,4665.62,0.00,513.22,2025-02-25
17017,103,2025-02,2938.23,0.00,323.21,2025-02-25
17018,104,2025-02,4615.65,0.00,507.72,2025-02-25
17019,105,2025-02,2512.55,0.00,276.38,2025-02-25
17020,106,2025-02,3149.24,0.00,346.42,2025-02-25
17021,107,2025-02,2771.17,0.00,304.83,2025-02-25
17022,108,2025-02,2548.26,0.00,280.31,2025-02-25
17023,110,2025-02,2561.46,0.00,281.76,2025-02-25
17024,111,2025-02,2393.25,0.00,263.26,2025-02-25
17025,112,2025-02,2734.33,0.00,300.78,2025-02-25
17026,113,2025-02,2623.92,0.00,288.63,2025-02-25
17027,114,2025-02,2339.86,0.00,257.38,2025-02-25
17028,115,2025-02,7788.31,0.00,856.71,2025-02-25
17029,116,2025-02,2511.44,0.00,276.26,2025-02-25
17030,117,2025-02,2475.92,0.00,272.35,2025-02-25
17031,118,2025-02,2492.67,0.00,274.19,2025-02-25
17032,119,2025-02,2355.99,0.00,259.16,2025-02-25
17033,120,2025-02,4789.35,0.00,526.83,2025-02-25
17034,121,2025-02,4945.78,0.00,544.04,2025-02-25
17035,122,2025-02,2422.65,0.00,266.49,2025-02-25
17036,123,2025-02,2995.95,0.00,329.55,2025-02-25
17037,124,2025-02,2544.42,0.00,279.89,2025-02-25
17038,125,2025-02,3458.86,0.00,380.47,2025-02-25
17039,126,2025-02,3382.64,0.00,372.09,2025-02-25
17040,127,2025-02,3469.74,0.00,381.67,2025-02-25
17041,128,2025-02,2638.60,0.00,290.25,2025-02-25
17042,129,2025-02,2618.32,0.00,288.02,2025-02-25
17043,130,2025-02,2421.00,0.00,266.31,2025-02-25
17044,131,2025-02,2504.67,0.00,275.51,2025-02-25
17045,132,2025-02,7440.87,0.00,818.50,2025-02-25
17046,133,2025-02,2485.65,0.00,273.42,2025-02-25
17047,135,2025-02,3321.45,0.00,365.36,2025-02-25
17048,136,2025-02,2941.47,0.00,323.56,2025-02-25
17049,137,2025-02,2409.00,0.00,264.99,2025-02-25
17050,138,2025-02,3009.98,0.00,331.10,2025-02-25
17051,139,2025-02,2361.36,0.00,259.75,2025-02-25
17052,140,2025-02,2555.47,0.00,281.10,2025-02-25
17053,141,2025-02,4769.75,0.00,524.67,2025-02-25
17054,142,2025-02,2369.24,0.00,260.62,2025-02-25
17055,144,2025-02,5173.34,0.00,569.07,2025-02-25
17056,145,2025-02,2908.25,0.00,319.91,2025-02-25
17057,146,2025-02,2824.99,0.00,310.75,2025-02-25
17058,147,2025-02,2637.26,0.00,290.10,2025-02-25
17059,148,2025-02,2632.75,0.00,289.60,2025-02-25
17060,149,2025-02,7664.80,0.00,843.13,2025-02-25
17061,150,2025-02,2654.83,0.00,292.03,2025-02-25
17062,151,2025-02,2708.92,0.00,297.98,2025-02-25
17063,152,2025-02,2534.36,0.00,278.78,2025-02-25
17064,153,2025-02,2957.34,0.00,325.31,2025-02-25
17065,154,2025-02,3097.08,0.00,340.68,2025-02-25
17066,157,2025-02,2873.63,0.00,316.10,2025-02-25
17067,158,2025-02,4376.38,0.00,481.40,2025-02-25
17068,159,2025-02,2334.08,0.00,256.75,2025-02-25
17069,160,2025-02,2408.66,0.00,264.95,2025-02-25
17070,161,2025-02,7652.00,0.00,841.72,2025-02-25
17071,162,2025-02,2789.80,0.00,306.88,2025-02-25
17072,163,2025-02,3356.34,0.00,369.20,2025-02-25
17073,164,2025-02,4993.61,0.00,549.30,2025-02-25
17074,165,2025-02,2963.44,0.00,325.98,2025-02-25
17075,166,2025-02,2399.20,0.00,263.91,2025-02-25
17076,167,2025-02,2640.26,0.00,290.43,2025-02-25
17077,168,2025-02,2776.31,0.00,305.39,2025-02-25
17078,169,2025-02,2522.55,0.00,277.48,2025-02-25
17079,170,2025-02,2879.74,0.00,316.77,2025-02-25
17080,172,2025-02,4916.57,0.00,540.82,2025-02-25
17081,173,2025-02,2552.23,0.00,280.75,2025-02-25
17082,174,2025-02,2777.66,0.00,305.54,2025-02-25
17083,175,2025-02,2344.76,0.00,257.92,2025-02-25
17084,176,2025-02,2750.78,0.00,302.59,2025-02-25
17085,177,2025-02,7844.46,0.00,862.89,2025-02-25
17086,179,2025-02,2548.90,0.00,280.38,2025-02-25
17087,180,2025-02,3138.07,0.00,345.19,2025-02-25
17088,181,2025-02,4902.87,0.00,539.32,2025-02-25
17089,182,2025-02,3428.63,0.00,377.15,2025-02-25
17090,184,2025-02,2966.97,0.00,326.37,2025-02-25
17091,185,2025-02,2799.49,0.00,307.94,2025-02-25
17092,187,2025-02,2792.35,0.00,307.16,2025-02-25
17093,188,2025-02,4689.00,0.00,515.79,2025-02-25
17094,189,2025-02,2317.49,0.00,254.92,2025-02-25
17095,190,2025-02,2337.42,0.00,257.12,2025-02-25
17096,191,2025-02,7253.96,0.00,797.94,2025-02-25
17097,192,2025-02,2484.32,0.00,273.28,2025-02-25
17098,193,2025-02,2333.95,0.00,256.73,2025-02-25
17099,194,2025-02,2345.34,0.00,257.99,2025-02-25
17100,195,2025-02,3207.66,0.00,352.84,2025-02-25
17101,196,2025-02,4512.71,0.00,496.40,2025-02-25
17102,197,2025-02,2394.85,0.00,263.43,2025-02-25
17103,198,2025-02,3110.28,0.00,342.13,2025-02-25
17104,199,2025-02,2312.38,0.00,254.36,2025-02-25
17105,200,2025-02,2716.16,0.00,298.78,2025-02-25
17106,201,2025-02,2657.50,0.00,292.32,2025-02-25
17107,202,2025-02,2632.33,0.00,289.56,2025-02-25
17108,203,2025-02,2508.03,0.00,275.88,2025-02-25
17109,204,2025-02,2316.21,0.00,254.78,2025-02-25
17110,205,2025-02,2833.57,0.00,311.69,2025-02-25
17111,206,2025-02,2384.78,0.00,262.33,2025-02-25
17112,207,2025-02,2458.46,0.00,270.43,2025-02-25
17113,208,2025-02,3081.93,0.00,339.01,2025-02-25
17114,209,2025-02,2678.44,0.00,294.63,2025-02-25
17115,210,2025-02,2734.60,0.00,300.81,2025-02-25
17116,211,2025-02,2781.67,0.00,305.98,2025-02-25
17117,212,2025-02,2400.92,0.00,264.10,2025-02-25
17118,213,2025-02,2510.35,0.00,276.14,2025-02-25
17119,214,2025-02,3242.65,0.00,356.69,2025-02-25
17120,215,2025-02,2837.01,0.00,312.07,2025-02-25
17121,216,2025-02,2624.68,0.00,288.71,2025-02-25
17122,217,2025-02,2321.95,0.00,255.41,2025-02-25
17123,218,2025-02,2642.05,0.00,290.63,2025-02-25
17124,219,2025-02,2708.57,0.00,297.94,2025-02-25
17125,220,2025-02,2389.98,0.00,262.90,2025-02-25
17126,221,2025-02,2539.36,0.00,279.33,2025-02-25
17127,222,2025-02,2718.30,0.00,299.01,2025-02-25
17128,223,2025-02,2656.29,0.00,292.19,2025-02-25
17129,224,2025-02,2699.40,0.00,296.93,2025-02-25
17130,225,2025-02,2404.71,0.00,264.52,2025-02-25
17131,226,2025-02,2643.44,0.00,290.78,2025-02-25
17132,227,2025-02,2386.54,0.00,262.52,2025-02-25
17133,228,2025-02,2477.13,0.00,272.48,2025-02-25
17134,229,2025-02,2709.99,0.00,298.10,2025-02-25
17135,230,2025-02,2822.53,0.00,310.48,2025-02-25
17136,231,2025-02,2442.43,0.00,268.67,2025-02-25
17137,232,2025-02,2290.62,0.00,251.97,2025-02-25
17138,233,2025-02,2793.98,0.00,307.34,2025-02-25
17139,234,2025-02,2800.87,0.00,308.10,2025-02-25
17140,235,2025-02,2757.86,0.00,303.36,2025-02-25
17141,236,2025-02,5015.78,0.00,551.74,2025-02-25
17142,237,2025-02,4682.68,0.00,515.09,2025-02-25
17143,238,2025-02,2695.61,0.00,296.52,2025-02-25
17144,239,2025-02,3007.06,0.00,330.78,2025-02-25
17145,240,2025-02,2530.83,0.00,278.39,2025-02-25
17146,241,2025-02,3244.45,0.00,356.89,2025-02-25
17147,242,2025-02,2525.78,0.00,277.84,2025-02-25
17148,243,2025-02,2882.86,0.00,317.11,2025-02-25
17149,244,2025-02,2872.20,0.00,315.94,2025-02-25
17150,245,2025-02,7496.07,0.00,824.57,2025-02-25
17151,246,2025-02,2726.42,0.00,299.91,2025-02-25
17152,247,2025-02,2804.35,0.00,308.48,2025-02-25
17153,248,2025-02,2901.60,0.00,319.18,2025-02-25
17154,249,2025-02,2472.32,0.00,271.96,2025-02-25
17155,250,2025-02,2350.42,0.00,258.55,2025-02-25
17156,251,2025-02,2461.72,0.00,270.79,2025-02-25
17157,252,2025-02,3435.90,0.00,377.95,2025-02-25
17158,253,2025-02,2705.56,0.00,297.61,2025-02-25
17159,255,2025-02,2413.54,0.00,265.49,2025-02-25
17160,257,2025-02,2291.38,0.00,252.05,2025-02-25
17161,259,2025-02,2660.17,0.00,292.62,2025-02-25
17162,260,2025-02,2389.25,0.00,262.82,2025-02-25
17163,262,2025-02,2400.66,0.00,264.07,2025-02-25
17164,263,2025-02,2665.15,0.00,293.17,2025-02-25
17165,264,2025-02,2596.58,0.00,285.62,2025-02-25
17166,1,2025-03,7471.52,2615.03,821.87,2025-03-25
17167,3,2025-03,2712.55,949.39,298.38,2025-03-25
17168,4,2025-03,2354.89,824.21,259.04,2025-03-25
17169,5,2025-03,3406.03,1192.11,374.66,2025-03-25
17170,6,2025-03,2724.24,953.48,299.67,2025-03-25
17171,8,2025-03,2431.21,850.92,267.43,2025-03-25
17172,10,2025-03,2659.15,930.70,292.51,2025-03-25
17173,11,2025-03,4636.11,1622.64,509.97,2025-03-25
17174,12,2025-03,3335.47,1167.41,366.90,2025-03-25
17175,13,2025-03,4946.58,1731.30,544.12,2025-03-25
17176,14,2025-03,4651.02,1627.86,511.61,2025-03-25
17177,15,2025-03,2844.79,995.68,312.93,2025-03-25
17178,16,2025-03,3327.81,1164.73,366.06,2025-03-25
17179,17,2025-03,2401.61,840.56,264.18,2025-03-25
17180,18,2025-03,2765.45,967.91,304.20,2025-03-25
17181,19,2025-03,2746.69,961.34,302.14,2025-03-25
17182,20,2025-03,2508.60,878.01,275.95,2025-03-25
17183,22,2025-03,2655.41,929.39,292.10,2025-03-25
17184,24,2025-03,7448.22,2606.88,819.30,2025-03-25
17185,25,2025-03,4957.96,1735.29,545.38,2025-03-25
17186,26,2025-03,3034.11,1061.94,333.75,2025-03-25
17187,28,2025-03,4954.24,1733.98,544.97,2025-03-25
17188,29,2025-03,2470.87,864.80,271.80,2025-03-25
17189,30,2025-03,3147.95,1101.78,346.27,2025-03-25
17190,31,2025-03,2513.10,879.58,276.44,2025-03-25
17191,32,2025-03,2673.19,935.62,294.05,2025-03-25
17192,33,2025-03,3124.80,1093.68,343.73,2025-03-25
17193,35,2025-03,2906.95,1017.43,319.76,2025-03-25
17194,36,2025-03,2863.96,1002.39,315.04,2025-03-25
17195,37,2025-03,3223.68,1128.29,354.60,2025-03-25
17196,38,2025-03,4914.44,1720.05,540.59,2025-03-25
17197,39,2025-03,2778.95,972.63,305.68,2025-03-25
17198,41,2025-03,2892.57,1012.40,318.18,2025-03-25
17199,43,2025-03,2709.63,948.37,298.06,2025-03-25
17200,44,2025-03,2882.86,1009.00,317.11,2025-03-25
17201,45,2025-03,2348.34,821.92,258.32,2025-03-25
17202,46,2025-03,2782.83,973.99,306.11,2025-03-25
17203,48,2025-03,2635.02,922.26,289.85,2025-03-25
17204,49,2025-03,7914.37,2770.03,870.58,2025-03-25
17205,50,2025-03,3025.41,1058.89,332.80,2025-03-25
17206,51,2025-03,2472.47,865.36,271.97,2025-03-25
17207,52,2025-03,2746.99,961.45,302.17,2025-03-25
17208,53,2025-03,2921.83,1022.64,321.40,2025-03-25
17209,55,2025-03,2463.05,862.07,270.94,2025-03-25
17210,56,2025-03,4421.03,1547.36,486.31,2025-03-25
17211,57,2025-03,2557.79,895.23,281.36,2025-03-25
17212,59,2025-03,2844.84,995.69,312.93,2025-03-25
17213,60,2025-03,3113.83,1089.84,342.52,2025-03-25
17214,61,2025-03,4548.86,1592.10,500.37,2025-03-25
17215,62,2025-03,3238.78,1133.57,356.27,2025-03-25
17216,63,2025-03,2482.28,868.80,273.05,2025-03-25
17217,64,2025-03,2571.31,899.96,282.84,2025-03-25
17218,66,2025-03,2430.39,850.64,267.34,2025-03-25
17219,68,2025-03,7276.15,2546.65,800.38,2025-03-25
17220,69,2025-03,4453.18,1558.61,489.85,2025-03-25
17221,70,2025-03,2611.28,913.95,287.24,2025-03-25
17222,71,2025-03,2706.03,947.11,297.66,2025-03-25
17223,72,2025-03,4379.22,1532.73,481.71,2025-03-25
17224,73,2025-03,3110.55,1088.69,342.16,2025-03-25
17225,75,2025-03,2371.94,830.18,260.91,2025-03-25
17226,77,2025-03,3161.75,1106.61,347.79,2025-03-25
17227,78,2025-03,2862.80,1001.98,314.91,2025-03-25
17228,80,2025-03,2541.68,889.59,279.58,2025-03-25
17229,81,2025-03,2777.21,972.02,305.49,2025-03-25
17230,82,2025-03,2866.69,1003.34,315.34,2025-03-25
17231,83,2025-03,2721.14,952.40,299.33,2025-03-25
17232,84,2025-03,7071.76,2475.12,777.89,2025-03-25
17233,86,2025-03,2750.75,962.76,302.58,2025-03-25
17234,87,2025-03,2813.49,984.72,309.48,2025-03-25
17235,88,2025-03,4632.06,1621.22,509.53,2025-03-25
17236,89,2025-03,2566.71,898.35,282.34,2025-03-25
17237,90,2025-03,2395.93,838.58,263.55,2025-03-25
17238,91,2025-03,5050.63,1767.72,555.57,2025-03-25
17239,92,2025-03,2310.45,808.66,254.15,2025-03-25
17240,93,2025-03,2797.82,979.24,307.76,2025-03-25
17241,94,2025-03,3131.97,1096.19,344.52,2025-03-25
17242,95,2025-03,2595.84,908.54,285.54,2025-03-25
17243,96,2025-03,2516.72,880.85,276.84,2025-03-25
17244,97,2025-03,7158.86,2505.60,787.47,2025-03-25
17245,98,2025-03,2613.31,914.66,287.46,2025-03-25
17246,99,2025-03,3237.83,1133.24,356.16,2025-03-25
17247,100,2025-03,2724.52,953.58,299.70,2025-03-25
17248,101,2025-03,4650.25,1627.59,511.53,2025-03-25
17249,103,2025-03,2936.80,1027.88,323.05,2025-03-25
17250,104,2025-03,4650.19,1627.57,511.52,2025-03-25
17251,105,2025-03,2503.18,876.11,275.35,2025-03-25
17252,106,2025-03,3146.14,1101.15,346.08,2025-03-25
17253,107,2025-03,2769.79,969.43,304.68,2025-03-25
17254,108,2025-03,2552.38,893.33,280.76,2025-03-25
17255,110,2025-03,2563.10,897.08,281.94,2025-03-25
17256,111,2025-03,2384.25,834.49,262.27,2025-03-25
17257,112,2025-03,2740.00,959.00,301.40,2025-03-25
17258,113,2025-03,2615.28,915.35,287.68,2025-03-25
17259,114,2025-03,2341.76,819.62,257.59,2025-03-25
17260,115,2025-03,7776.95,2721.93,855.46,2025-03-25
17261,116,2025-03,2498.14,874.35,274.80,2025-03-25
17262,117,2025-03,2464.34,862.52,271.08,2025-03-25
17263,118,2025-03,2494.07,872.92,274.35,2025-03-25
17264,119,2025-03,2358.80,825.58,259.47,2025-03-25
17265,120,2025-03,4795.62,1678.47,527.52,2025-03-25
17266,121,2025-03,4909.08,1718.18,540.00,2025-03-25
17267,122,2025-03,2425.39,848.89,266.79,2025-03-25
17268,123,2025-03,3014.68,1055.14,331.61,2025-03-25
17269,124,2025-03,2548.86,892.10,280.37,2025-03-25
17270,125,2025-03,3454.11,1208.94,379.95,2025-03-25
17271,126,2025-03,3398.90,1189.62,373.88,2025-03-25
17272,127,2025-03,3468.43,1213.95,381.53,2025-03-25
17273,128,2025-03,2630.78,920.77,289.39,2025-03-25
17274,129,2025-03,2609.60,913.36,287.06,2025-03-25
17275,130,2025-03,2419.22,846.73,266.11,2025-03-25
17276,131,2025-03,2501.16,875.41,275.13,2025-03-25
17277,132,2025-03,7470.32,2614.61,821.74,2025-03-25
17278,133,2025-03,2478.65,867.53,272.65,2025-03-25
17279,135,2025-03,3338.09,1168.33,367.19,2025-03-25
17280,136,2025-03,2957.57,1035.15,325.33,2025-03-25
17281,137,2025-03,2413.31,844.66,265.46,2025-03-25
17282,138,2025-03,3020.71,1057.25,332.28,2025-03-25
17283,139,2025-03,2357.07,824.97,259.28,2025-03-25
17284,140,2025-03,2548.21,891.87,280.30,2025-03-25
17285,141,2025-03,4794.13,1677.95,527.35,2025-03-25
17286,142,2025-03,2372.01,830.20,260.92,2025-03-25
17287,144,2025-03,5169.92,1809.47,568.69,2025-03-25
17288,145,2025-03,2898.61,1014.51,318.85,2025-03-25
17289,146,2025-03,2826.79,989.38,310.95,2025-03-25
17290,147,2025-03,2622.82,917.99,288.51,2025-03-25
17291,148,2025-03,2636.11,922.64,289.97,2025-03-25
17292,149,2025-03,7637.72,2673.20,840.15,2025-03-25
17293,150,2025-03,2649.02,927.16,291.39,2025-03-25
17294,151,2025-03,2718.78,951.57,299.07,2025-03-25
17295,152,2025-03,2544.14,890.45,279.86,2025-03-25
17296,153,2025-03,2968.67,1039.03,326.55,2025-03-25
17297,154,2025-03,3123.05,1093.07,343.54,2025-03-25
17298,157,2025-03,2879.59,1007.86,316.75,2025-03-25
17299,158,2025-03,4378.62,1532.52,481.65,2025-03-25
17300,159,2025-03,2339.60,818.86,257.36,2025-03-25
17301,160,2025-03,2414.04,844.91,265.54,2025-03-25
17302,161,2025-03,7608.11,2662.84,836.89,2025-03-25
17303,162,2025-03,2789.81,976.43,306.88,2025-03-25
17304,163,2025-03,3349.45,1172.31,368.44,2025-03-25
17305,164,2025-03,4993.43,1747.70,549.28,2025-03-25
17306,165,2025-03,2946.61,1031.31,324.13,2025-03-25
17307,166,2025-03,2387.95,835.78,262.67,2025-03-25
17308,167,2025-03,2635.76,922.52,289.93,2025-03-25
17309,168,2025-03,2784.45,974.56,306.29,2025-03-25
17310,169,2025-03,2518.15,881.35,277.00,2025-03-25
17311,170,2025-03,2859.84,1000.94,314.58,2025-03-25
17312,172,2025-03,4918.12,1721.34,540.99,2025-03-25
17313,173,2025-03,2548.99,892.15,280.39,2025-03-25
17314,174,2025-03,2786.59,975.31,306.52,2025-03-25
17315,175,2025-03,2341.96,819.69,257.62,2025-03-25
17316,176,2025-03,2747.39,961.59,302.21,2025-03-25
17317,177,2025-03,7838.98,2743.64,862.29,2025-03-25
17318,179,2025-03,2570.20,899.57,282.72,2025-03-25
17319,180,2025-03,3125.29,1093.85,343.78,2025-03-25
17320,181,2025-03,4914.34,1720.02,540.58,2025-03-25
17321,182,2025-03,3426.85,1199.40,376.95,2025-03-25
17322,184,2025-03,2976.58,1041.80,327.42,2025-03-25
17323,185,2025-03,2817.74,986.21,309.95,2025-03-25
17324,187,2025-03,2776.82,971.89,305.45,2025-03-25
17325,188,2025-03,4708.63,1648.02,517.95,2025-03-25
17326,189,2025-03,2309.61,808.36,254.06,2025-03-25
17327,190,2025-03,2334.88,817.21,256.84,2025-03-25
17328,191,2025-03,7261.49,2541.52,798.76,2025-03-25
17329,192,2025-03,2482.89,869.01,273.12,2025-03-25
17330,193,2025-03,2331.80,816.13,256.50,2025-03-25
17331,194,2025-03,2348.52,821.98,258.34,2025-03-25
17332,195,2025-03,3211.08,1123.88,353.22,2025-03-25
17333,196,2025-03,4510.32,1578.61,496.14,2025-03-25
17334,197,2025-03,2412.69,844.44,265.40,2025-03-25
17335,198,2025-03,3120.92,1092.32,343.30,2025-03-25
17336,199,2025-03,2327.14,814.50,255.99,2025-03-25
17337,200,2025-03,2721.32,952.46,299.35,2025-03-25
17338,201,2025-03,2657.60,930.16,292.34,2025-03-25
17339,202,2025-03,2625.67,918.98,288.82,2025-03-25
17340,203,2025-03,2495.27,873.34,274.48,2025-03-25
17341,204,2025-03,2320.54,812.19,255.26,2025-03-25
17342,205,2025-03,2834.90,992.21,311.84,2025-03-25
17343,206,2025-03,2379.10,832.68,261.70,2025-03-25
17344,207,2025-03,2462.07,861.72,270.83,2025-03-25
17345,208,2025-03,3067.36,1073.58,337.41,2025-03-25
17346,209,2025-03,2668.21,933.87,293.50,2025-03-25
17347,210,2025-03,2741.91,959.67,301.61,2025-03-25
17348,211,2025-03,2770.81,969.78,304.79,2025-03-25
17349,212,2025-03,2378.83,832.59,261.67,2025-03-25
17350,213,2025-03,2522.67,882.93,277.49,2025-03-25
17351,214,2025-03,3239.03,1133.66,356.29,2025-03-25
17352,215,2025-03,2817.64,986.17,309.94,2025-03-25
17353,216,2025-03,2621.89,917.66,288.41,2025-03-25
17354,217,2025-03,2328.05,814.82,256.09,2025-03-25
17355,218,2025-03,2654.07,928.92,291.95,2025-03-25
17356,219,2025-03,2716.71,950.85,298.84,2025-03-25
17357,220,2025-03,2395.24,838.33,263.48,2025-03-25
17358,221,2025-03,2542.93,890.03,279.72,2025-03-25
17359,222,2025-03,2731.92,956.17,300.51,2025-03-25
17360,223,2025-03,2661.52,931.53,292.77,2025-03-25
17361,224,2025-03,2709.25,948.24,298.02,2025-03-25
17362,225,2025-03,2396.95,838.93,263.66,2025-03-25
17363,226,2025-03,2646.28,926.20,291.09,2025-03-25
17364,227,2025-03,2374.96,831.24,261.25,2025-03-25
17365,228,2025-03,2470.20,864.57,271.72,2025-03-25
17366,229,2025-03,2711.86,949.15,298.30,2025-03-25
17367,230,2025-03,2815.92,985.57,309.75,2025-03-25
17368,231,2025-03,2455.24,859.33,270.08,2025-03-25
17369,232,2025-03,2293.60,802.76,252.30,2025-03-25
17370,233,2025-03,2811.38,983.98,309.25,2025-03-25
17371,234,2025-03,2786.77,975.37,306.54,2025-03-25
17372,235,2025-03,2753.13,963.60,302.84,2025-03-25
17373,236,2025-03,5002.86,1751.00,550.31,2025-03-25
17374,237,2025-03,4685.64,1639.97,515.42,2025-03-25
17375,238,2025-03,2684.83,939.69,295.33,2025-03-25
17376,239,2025-03,2978.95,1042.63,327.68,2025-03-25
17377,240,2025-03,2514.16,879.96,276.56,2025-03-25
17378,241,2025-03,3248.60,1137.01,357.35,2025-03-25
17379,242,2025-03,2526.58,884.30,277.92,2025-03-25
17380,243,2025-03,2891.91,1012.17,318.11,2025-03-25
17381,244,2025-03,2878.33,1007.42,316.62,2025-03-25
17382,245,2025-03,7464.08,2612.43,821.05,2025-03-25
17383,246,2025-03,2723.29,953.15,299.56,2025-03-25
17384,247,2025-03,2803.36,981.18,308.37,2025-03-25
17385,248,2025-03,2881.02,1008.36,316.91,2025-03-25
17386,249,2025-03,2479.87,867.95,272.79,2025-03-25
17387,250,2025-03,2358.26,825.39,259.41,2025-03-25
17388,251,2025-03,2464.65,862.63,271.11,2025-03-25
17389,252,2025-03,3437.46,1203.11,378.12,2025-03-25
17390,253,2025-03,2706.21,947.17,297.68,2025-03-25
17391,255,2025-03,2408.74,843.06,264.96,2025-03-25
17392,257,2025-03,2306.99,807.45,253.77,2025-03-25
17393,258,2025-03,2669.57,934.35,293.65,2025-03-25
17394,259,2025-03,2652.91,928.52,291.82,2025-03-25
17395,260,2025-03,2369.35,829.27,260.63,2025-03-25
17396,262,2025-03,2413.73,844.81,265.51,2025-03-25
17397,263,2025-03,2680.11,938.04,294.81,2025-03-25
17398,264,2025-03,2597.09,908.98,285.68,2025-03-25
17399,1,2025-04,7442.88,0.00,818.72,2025-04-25
17400,3,2025-04,2713.09,0.00,298.44,2025-04-25
17401,4,2025-04,2357.87,0.00,259.37,2025-04-25
17402,5,2025-04,3426.05,0.00,376.87,2025-04-25
17403,6,2025-04,2736.06,0.00,300.97,2025-04-25
17404,8,2025-04,2426.93,0.00,266.96,2025-04-25
17405,10,2025-04,2657.91,0.00,292.37,2025-04-25
17406,11,2025-04,4640.68,0.00,510.47,2025-04-25
17407,12,2025-04,3319.78,0.00,365.18,2025-04-25
17408,13,2025-04,4927.63,0.00,542.04,2025-04-25
17409,14,2025-04,4639.44,0.00,510.34,2025-04-25
17410,15,2025-04,2854.07,0.00,313.95,2025-04-25
17411,16,2025-04,3345.38,0.00,367.99,2025-04-25
17412,17,2025-04,2399.67,0.00,263.96,2025-04-25
17413,18,2025-04,2758.93,0.00,303.48,2025-04-25
17414,19,2025-04,2771.53,0.00,304.87,2025-04-25
17415,20,2025-04,2513.11,0.00,276.44,2025-04-25
17416,22,2025-04,2661.02,0.00,292.71,2025-04-25
17417,24,2025-04,7441.02,0.00,818.51,2025-04-25
17418,25,2025-04,4968.47,0.00,546.53,2025-04-25
17419,26,2025-04,3037.80,0.00,334.16,2025-04-25
17420,28,2025-04,4948.91,0.00,544.38,2025-04-25
17421,29,2025-04,2472.87,0.00,272.02,2025-04-25
17422,30,2025-04,3158.48,0.00,347.43,2025-04-25
17423,31,2025-04,2508.92,0.00,275.98,2025-04-25
17424,32,2025-04,2652.46,0.00,291.77,2025-04-25
17425,33,2025-04,3125.91,0.00,343.85,2025-04-25
17426,35,2025-04,2900.65,0.00,319.07,2025-04-25
17427,36,2025-04,2855.88,0.00,314.15,2025-04-25
17428,37,2025-04,3234.73,0.00,355.82,2025-04-25
17429,38,2025-04,4940.14,0.00,543.42,2025-04-25
17430,39,2025-04,2779.36,0.00,305.73,2025-04-25
17431,41,2025-04,2904.84,0.00,319.53,2025-04-25
17432,43,2025-04,2706.59,0.00,297.72,2025-04-25
17433,44,2025-04,2880.94,0.00,316.90,2025-04-25
17434,45,2025-04,2349.02,0.00,258.39,2025-04-25
17435,46,2025-04,2782.10,0.00,306.03,2025-04-25
17436,48,2025-04,2647.61,0.00,291.24,2025-04-25
17437,49,2025-04,7967.07,0.00,876.38,2025-04-25
17438,50,2025-04,3049.13,0.00,335.40,2025-04-25
17439,51,2025-04,2473.65,0.00,272.10,2025-04-25
17440,52,2025-04,2749.01,0.00,302.39,2025-04-25
17441,53,2025-04,2911.09,0.00,320.22,2025-04-25
17442,55,2025-04,2447.96,0.00,269.28,2025-04-25
17443,56,2025-04,4380.32,0.00,481.84,2025-04-25
17444,57,2025-04,2546.25,0.00,280.09,2025-04-25
17445,59,2025-04,2838.99,0.00,312.29,2025-04-25
17446,60,2025-04,3108.12,0.00,341.89,2025-04-25
17447,61,2025-04,4568.99,0.00,502.59,2025-04-25
17448,62,2025-04,3218.52,0.00,354.04,2025-04-25
17449,63,2025-04,2501.74,0.00,275.19,2025-04-25
17450,64,2025-04,2568.47,0.00,282.53,2025-04-25
17451,66,2025-04,2417.26,0.00,265.90,2025-04-25
17452,68,2025-04,7289.27,0.00,801.82,2025-04-25
17453,69,2025-04,4483.47,0.00,493.18,2025-04-25
17454,70,2025-04,2626.78,0.00,288.95,2025-04-25
17455,71,2025-04,2714.20,0.00,298.56,2025-04-25
17456,72,2025-04,4356.53,0.00,479.22,2025-04-25
17457,73,2025-04,3107.90,0.00,341.87,2025-04-25
17458,75,2025-04,2371.78,0.00,260.90,2025-04-25
17459,77,2025-04,3151.03,0.00,346.61,2025-04-25
17460,78,2025-04,2848.87,0.00,313.38,2025-04-25
17461,80,2025-04,2538.25,0.00,279.21,2025-04-25
17462,81,2025-04,2771.36,0.00,304.85,2025-04-25
17463,82,2025-04,2852.70,0.00,313.80,2025-04-25
17464,83,2025-04,2703.72,0.00,297.41,2025-04-25
17465,84,2025-04,7056.79,0.00,776.25,2025-04-25
17466,86,2025-04,2735.32,0.00,300.89,2025-04-25
17467,87,2025-04,2813.27,0.00,309.46,2025-04-25
17468,88,2025-04,4651.26,0.00,511.64,2025-04-25
17469,89,2025-04,2548.32,0.00,280.32,2025-04-25
17470,90,2025-04,2412.91,0.00,265.42,2025-04-25
17471,91,2025-04,5033.55,0.00,553.69,2025-04-25
17472,92,2025-04,2312.51,0.00,254.38,2025-04-25
17473,93,2025-04,2792.69,0.00,307.20,2025-04-25
17474,94,2025-04,3128.40,0.00,344.12,2025-04-25
17475,95,2025-04,2595.66,0.00,285.52,2025-04-25
17476,96,2025-04,2517.61,0.00,276.94,2025-04-25
17477,97,2025-04,7222.02,0.00,794.42,2025-04-25
17478,98,2025-04,2615.76,0.00,287.73,2025-04-25
17479,99,2025-04,3223.19,0.00,354.55,2025-04-25
17480,100,2025-04,2741.75,0.00,301.59,2025-04-25
17481,101,2025-04,4655.27,0.00,512.08,2025-04-25
17482,103,2025-04,2919.57,0.00,321.15,2025-04-25
17483,104,2025-04,4615.67,0.00,507.72,2025-04-25
17484,105,2025-04,2494.41,0.00,274.39,2025-04-25
17485,106,2025-04,3161.74,0.00,347.79,2025-04-25
17486,107,2025-04,2777.70,0.00,305.55,2025-04-25
17487,108,2025-04,2549.98,0.00,280.50,2025-04-25
17488,110,2025-04,2557.83,0.00,281.36,2025-04-25
17489,111,2025-04,2401.97,0.00,264.22,2025-04-25
17490,112,2025-04,2749.19,0.00,302.41,2025-04-25
17491,113,2025-04,2618.60,0.00,288.05,2025-04-25
17492,114,2025-04,2340.61,0.00,257.47,2025-04-25
17493,115,2025-04,7804.52,0.00,858.50,2025-04-25
17494,116,2025-04,2516.87,0.00,276.86,2025-04-25
17495,117,2025-04,2481.94,0.00,273.01,2025-04-25
17496,118,2025-04,2492.75,0.00,274.20,2025-04-25
17497,119,2025-04,2365.66,0.00,260.22,2025-04-25
17498,120,2025-04,4779.16,0.00,525.71,2025-04-25
17499,121,2025-04,4945.01,0.00,543.95,2025-04-25
17500,122,2025-04,2411.10,0.00,265.22,2025-04-25
17501,123,2025-04,3013.78,0.00,331.52,2025-04-25
17502,124,2025-04,2542.10,0.00,279.63,2025-04-25
17503,125,2025-04,3462.21,0.00,380.84,2025-04-25
17504,126,2025-04,3383.83,0.00,372.22,2025-04-25
17505,127,2025-04,3485.75,0.00,383.43,2025-04-25
17506,128,2025-04,2653.17,0.00,291.85,2025-04-25
17507,129,2025-04,2617.94,0.00,287.97,2025-04-25
17508,130,2025-04,2409.49,0.00,265.04,2025-04-25
17509,131,2025-04,2520.66,0.00,277.27,2025-04-25
17510,132,2025-04,7456.76,0.00,820.24,2025-04-25
17511,133,2025-04,2496.87,0.00,274.66,2025-04-25
17512,135,2025-04,3319.40,0.00,365.13,2025-04-25
17513,136,2025-04,2945.57,0.00,324.01,2025-04-25
17514,137,2025-04,2406.09,0.00,264.67,2025-04-25
17515,138,2025-04,3013.03,0.00,331.43,2025-04-25
17516,139,2025-04,2354.25,0.00,258.97,2025-04-25
17517,140,2025-04,2550.66,0.00,280.57,2025-04-25
17518,141,2025-04,4799.28,0.00,527.92,2025-04-25
17519,142,2025-04,2374.52,0.00,261.20,2025-04-25
17520,144,2025-04,5134.38,0.00,564.78,2025-04-25
17521,145,2025-04,2914.13,0.00,320.55,2025-04-25
17522,146,2025-04,2809.21,0.00,309.01,2025-04-25
17523,147,2025-04,2639.98,0.00,290.40,2025-04-25
17524,148,2025-04,2630.82,0.00,289.39,2025-04-25
17525,149,2025-04,7632.53,0.00,839.58,2025-04-25
17526,150,2025-04,2657.15,0.00,292.29,2025-04-25
17527,151,2025-04,2722.43,0.00,299.47,2025-04-25
17528,152,2025-04,2528.98,0.00,278.19,2025-04-25
17529,153,2025-04,2952.73,0.00,324.80,2025-04-25
17530,154,2025-04,3113.87,0.00,342.53,2025-04-25
17531,157,2025-04,2869.99,0.00,315.70,2025-04-25
17532,158,2025-04,4380.19,0.00,481.82,2025-04-25
17533,159,2025-04,2331.40,0.00,256.45,2025-04-25
17534,160,2025-04,2409.95,0.00,265.09,2025-04-25
17535,161,2025-04,7620.22,0.00,838.22,2025-04-25
17536,162,2025-04,2789.36,0.00,306.83,2025-04-25
17537,163,2025-04,3342.48,0.00,367.67,2025-04-25
17538,164,2025-04,4998.31,0.00,549.81,2025-04-25
17539,165,2025-04,2967.45,0.00,326.42,2025-04-25
17540,166,2025-04,2400.80,0.00,264.09,2025-04-25
17541,167,2025-04,2654.47,0.00,291.99,2025-04-25
17542,168,2025-04,2773.37,0.00,305.07,2025-04-25
17543,169,2025-04,2515.64,0.00,276.72,2025-04-25
17544,170,2025-04,2874.76,0.00,316.22,2025-04-25
17545,172,2025-04,4917.76,0.00,540.95,2025-04-25
17546,173,2025-04,2554.15,0.00,280.96,2025-04-25
17547,174,2025-04,2776.10,0.00,305.37,2025-04-25
17548,175,2025-04,2361.06,0.00,259.72,2025-04-25
17549,176,2025-04,2741.70,0.00,301.59,2025-04-25
17550,177,2025-04,7902.48,0.00,869.27,2025-04-25
17551,179,2025-04,2555.42,0.00,281.10,2025-04-25
17552,180,2025-04,3135.74,0.00,344.93,2025-04-25
17553,181,2025-04,4893.69,0.00,538.31,2025-04-25
17554,182,2025-04,3399.90,0.00,373.99,2025-04-25
17555,184,2025-04,2981.48,0.00,327.96,2025-04-25
17556,185,2025-04,2794.01,0.00,307.34,2025-04-25
17557,187,2025-04,2799.06,0.00,307.90,2025-04-25
17558,188,2025-04,4723.90,0.00,519.63,2025-04-25
17559,189,2025-04,2310.80,0.00,254.19,2025-04-25
17560,190,2025-04,2341.20,0.00,257.53,2025-04-25
17561,191,2025-04,7282.80,0.00,801.11,2025-04-25
17562,192,2025-04,2464.21,0.00,271.06,2025-04-25
17563,193,2025-04,2327.43,0.00,256.02,2025-04-25
17564,194,2025-04,2338.89,0.00,257.28,2025-04-25
17565,195,2025-04,3235.13,0.00,355.86,2025-04-25
17566,196,2025-04,4488.76,0.00,493.76,2025-04-25
17567,197,2025-04,2410.31,0.00,265.13,2025-04-25
17568,198,2025-04,3111.84,0.00,342.30,2025-04-25
17569,199,2025-04,2319.29,0.00,255.12,2025-04-25
17570,200,2025-04,2716.85,0.00,298.85,2025-04-25
17571,201,2025-04,2638.10,0.00,290.19,2025-04-25
17572,202,2025-04,2622.24,0.00,288.45,2025-04-25
17573,203,2025-04,2499.24,0.00,274.92,2025-04-25
17574,204,2025-04,2315.55,0.00,254.71,2025-04-25
17575,205,2025-04,2831.97,0.00,311.52,2025-04-25
17576,206,2025-04,2382.42,0.00,262.07,2025-04-25
17577,207,2025-04,2455.27,0.00,270.08,2025-04-25
17578,208,2025-04,3054.74,0.00,336.02,2025-04-25
17579,209,2025-04,2671.44,0.00,293.86,2025-04-25
17580,210,2025-04,2738.27,0.00,301.21,2025-04-25
17581,211,2025-04,2762.69,0.00,303.90,2025-04-25
17582,212,2025-04,2380.63,0.00,261.87,2025-04-25
17583,213,2025-04,2504.60,0.00,275.51,2025-04-25
17584,214,2025-04,3254.57,0.00,358.00,2025-04-25
17585,215,2025-04,2815.76,0.00,309.73,2025-04-25
17586,216,2025-04,2619.61,0.00,288.16,2025-04-25
17587,217,2025-04,2322.11,0.00,255.43,2025-04-25
17588,218,2025-04,2654.01,0.00,291.94,2025-04-25
17589,219,2025-04,2710.91,0.00,298.20,2025-04-25
17590,220,2025-04,2396.60,0.00,263.63,2025-04-25
17591,221,2025-04,2537.90,0.00,279.17,2025-04-25
17592,222,2025-04,2725.03,0.00,299.75,2025-04-25
17593,223,2025-04,2671.00,0.00,293.81,2025-04-25
17594,224,2025-04,2693.53,0.00,296.29,2025-04-25
17595,225,2025-04,2401.24,0.00,264.14,2025-04-25
17596,226,2025-04,2634.44,0.00,289.79,2025-04-25
17597,227,2025-04,2380.88,0.00,261.90,2025-04-25
17598,228,2025-04,2479.56,0.00,272.75,2025-04-25
17599,229,2025-04,2724.66,0.00,299.71,2025-04-25
17600,230,2025-04,2816.42,0.00,309.81,2025-04-25
17601,231,2025-04,2441.57,0.00,268.57,2025-04-25
17602,232,2025-04,2295.12,0.00,252.46,2025-04-25
17603,233,2025-04,2789.12,0.00,306.80,2025-04-25
17604,234,2025-04,2797.02,0.00,307.67,2025-04-25
17605,235,2025-04,2757.54,0.00,303.33,2025-04-25
17606,236,2025-04,4996.08,0.00,549.57,2025-04-25
17607,237,2025-04,4672.70,0.00,514.00,2025-04-25
17608,238,2025-04,2692.20,0.00,296.14,2025-04-25
17609,239,2025-04,2994.08,0.00,329.35,2025-04-25
17610,240,2025-04,2525.76,0.00,277.83,2025-04-25
17611,241,2025-04,3227.78,0.00,355.06,2025-04-25
17612,242,2025-04,2527.12,0.00,277.98,2025-04-25
17613,243,2025-04,2889.73,0.00,317.87,2025-04-25
17614,244,2025-04,2882.11,0.00,317.03,2025-04-25
17615,245,2025-04,7492.66,0.00,824.19,2025-04-25
17616,246,2025-04,2735.06,0.00,300.86,2025-04-25
17617,247,2025-04,2791.48,0.00,307.06,2025-04-25
17618,248,2025-04,2889.61,0.00,317.86,2025-04-25
17619,249,2025-04,2463.74,0.00,271.01,2025-04-25
17620,250,2025-04,2343.93,0.00,257.83,2025-04-25
17621,251,2025-04,2479.71,0.00,272.77,2025-04-25
17622,252,2025-04,3439.95,0.00,378.39,2025-04-25
17623,253,2025-04,2704.54,0.00,297.50,2025-04-25
17624,254,2025-04,2464.00,0.00,271.04,2025-04-25
17625,255,2025-04,2421.85,0.00,266.40,2025-04-25
17626,257,2025-04,2300.09,0.00,253.01,2025-04-25
17627,258,2025-04,2670.96,0.00,293.81,2025-04-25
17628,259,2025-04,2663.71,0.00,293.01,2025-04-25
17629,260,2025-04,2388.15,0.00,262.70,2025-04-25
17630,262,2025-04,2416.32,0.00,265.80,2025-04-25
17631,263,2025-04,2660.43,0.00,292.65,2025-04-25
17632,264,2025-04,2588.85,0.00,284.77,2025-04-25
17633,1,2025-05,7462.93,0.00,820.92,2025-05-25
17634,3,2025-05,2695.88,0.00,296.55,2025-05-25
17635,4,2025-05,2347.77,0.00,258.25,2025-05-25
17636,5,2025-05,3405.32,0.00,374.59,2025-05-25
17637,6,2025-05,2721.49,0.00,299.36,2025-05-25
17638,8,2025-05,2432.32,0.00,267.56,2025-05-25
17639,10,2025-05,2659.05,0.00,292.50,2025-05-25
17640,11,2025-05,4630.04,0.00,509.30,2025-05-25
17641,12,2025-05,3341.75,0.00,367.59,2025-05-25
17642,13,2025-05,4936.97,0.00,543.07,2025-05-25
17643,14,2025-05,4664.41,0.00,513.09,2025-05-25
17644,15,2025-05,2847.90,0.00,313.27,2025-05-25
17645,16,2025-05,3341.98,0.00,367.62,2025-05-25
17646,17,2025-05,2394.72,0.00,263.42,2025-05-25
17647,18,2025-05,2750.69,0.00,302.58,2025-05-25
17648,19,2025-05,2761.14,0.00,303.73,2025-05-25
17649,20,2025-05,2524.95,0.00,277.74,2025-05-25
17650,22,2025-05,2654.47,0.00,291.99,2025-05-25
17651,24,2025-05,7458.58,0.00,820.44,2025-05-25
17652,25,2025-05,4976.02,0.00,547.36,2025-05-25
17653,26,2025-05,3037.67,0.00,334.14,2025-05-25
17654,28,2025-05,4917.97,0.00,540.98,2025-05-25
17655,29,2025-05,2468.69,0.00,271.56,2025-05-25
17656,30,2025-05,3133.93,0.00,344.73,2025-05-25
17657,31,2025-05,2512.40,0.00,276.36,2025-05-25
17658,32,2025-05,2671.97,0.00,293.92,2025-05-25
17659,33,2025-05,3129.37,0.00,344.23,2025-05-25
17660,35,2025-05,2921.23,0.00,321.34,2025-05-25
17661,36,2025-05,2857.46,0.00,314.32,2025-05-25
17662,37,2025-05,3236.21,0.00,355.98,2025-05-25
17663,38,2025-05,4913.32,0.00,540.47,2025-05-25
17664,39,2025-05,2771.31,0.00,304.84,2025-05-25
17665,41,2025-05,2910.44,0.00,320.15,2025-05-25
17666,43,2025-05,2714.39,0.00,298.58,2025-05-25
17667,44,2025-05,2887.86,0.00,317.66,2025-05-25
17668,45,2025-05,2347.28,0.00,258.20,2025-05-25
17669,46,2025-05,2774.92,0.00,305.24,2025-05-25
17670,48,2025-05,2627.23,0.00,289.00,2025-05-25
17671,49,2025-05,7948.24,0.00,874.31,2025-05-25
17672,50,2025-05,3049.55,0.00,335.45,2025-05-25
17673,51,2025-05,2459.21,0.00,270.51,2025-05-25
17674,52,2025-05,2744.91,0.00,301.94,2025-05-25
17675,53,2025-05,2904.27,0.00,319.47,2025-05-25
17676,55,2025-05,2461.48,0.00,270.76,2025-05-25
17677,56,2025-05,4411.27,0.00,485.24,2025-05-25
17678,57,2025-05,2563.77,0.00,282.01,2025-05-25
17679,59,2025-05,2834.49,0.00,311.79,2025-05-25
17680,60,2025-05,3106.51,0.00,341.72,2025-05-25
17681,61,2025-05,4562.44,0.00,501.87,2025-05-25
17682,62,2025-05,3249.24,0.00,357.42,2025-05-25
17683,63,2025-05,2491.33,0.00,274.05,2025-05-25
17684,64,2025-05,2590.42,0.00,284.95,2025-05-25
17685,66,2025-05,2412.49,0.00,265.37,2025-05-25
17686,68,2025-05,7252.76,0.00,797.80,2025-05-25
17687,69,2025-05,4490.87,0.00,494.00,2025-05-25
17688,70,2025-05,2612.22,0.00,287.34,2025-05-25
17689,71,2025-05,2711.51,0.00,298.27,2025-05-25
17690,72,2025-05,4379.22,0.00,481.71,2025-05-25
17691,73,2025-05,3105.31,0.00,341.58,2025-05-25
17692,75,2025-05,2373.73,0.00,261.11,2025-05-25
17693,77,2025-05,3160.63,0.00,347.67,2025-05-25
17694,78,2025-05,2865.69,0.00,315.23,2025-05-25
17695,80,2025-05,2535.81,0.00,278.94,2025-05-25
17696,81,2025-05,2788.62,0.00,306.75,2025-05-25
17697,82,2025-05,2841.54,0.00,312.57,2025-05-25
17698,83,2025-05,2708.62,0.00,297.95,2025-05-25
17699,84,2025-05,7067.52,0.00,777.43,2025-05-25
17700,86,2025-05,2739.56,0.00,301.35,2025-05-25
17701,87,2025-05,2788.32,0.00,306.72,2025-05-25
17702,88,2025-05,4634.62,0.00,509.81,2025-05-25
17703,89,2025-05,2555.67,0.00,281.12,2025-05-25
17704,90,2025-05,2398.97,0.00,263.89,2025-05-25
17705,91,2025-05,5054.74,0.00,556.02,2025-05-25
17706,92,2025-05,2325.76,0.00,255.83,2025-05-25
17707,93,2025-05,2807.36,0.00,308.81,2025-05-25
17708,94,2025-05,3128.91,0.00,344.18,2025-05-25
17709,95,2025-05,2598.43,0.00,285.83,2025-05-25
17710,96,2025-05,2513.69,0.00,276.51,2025-05-25
17711,97,2025-05,7186.16,0.00,790.48,2025-05-25
17712,98,2025-05,2602.41,0.00,286.27,2025-05-25
17713,99,2025-05,3250.94,0.00,357.60,2025-05-25
17714,100,2025-05,2726.73,0.00,299.94,2025-05-25
17715,101,2025-05,4668.05,0.00,513.49,2025-05-25
17716,103,2025-05,2925.40,0.00,321.79,2025-05-25
17717,104,2025-05,4648.18,0.00,511.30,2025-05-25
17718,105,2025-05,2495.42,0.00,274.50,2025-05-25
17719,106,2025-05,3150.70,0.00,346.58,2025-05-25
17720,107,2025-05,2787.08,0.00,306.58,2025-05-25
17721,108,2025-05,2547.03,0.00,280.17,2025-05-25
17722,110,2025-05,2565.95,0.00,282.25,2025-05-25
17723,111,2025-05,2384.24,0.00,262.27,2025-05-25
17724,112,2025-05,2758.45,0.00,303.43,2025-05-25
17725,113,2025-05,2624.41,0.00,288.69,2025-05-25
17726,114,2025-05,2327.76,0.00,256.05,2025-05-25
17727,115,2025-05,7794.77,0.00,857.42,2025-05-25
17728,116,2025-05,2512.71,0.00,276.40,2025-05-25
17729,117,2025-05,2483.10,0.00,273.14,2025-05-25
17730,118,2025-05,2502.23,0.00,275.25,2025-05-25
17731,119,2025-05,2361.94,0.00,259.81,2025-05-25
17732,120,2025-05,4779.11,0.00,525.70,2025-05-25
17733,121,2025-05,4911.13,0.00,540.22,2025-05-25
17734,122,2025-05,2408.10,0.00,264.89,2025-05-25
17735,123,2025-05,2994.09,0.00,329.35,2025-05-25
17736,124,2025-05,2552.31,0.00,280.75,2025-05-25
17737,125,2025-05,3456.14,0.00,380.18,2025-05-25
17738,126,2025-05,3376.06,0.00,371.37,2025-05-25
17739,127,2025-05,3487.83,0.00,383.66,2025-05-25
17740,128,2025-05,2655.02,0.00,292.05,2025-05-25
17741,129,2025-05,2607.37,0.00,286.81,2025-05-25
17742,130,2025-05,2417.57,0.00,265.93,2025-05-25
17743,131,2025-05,2503.96,0.00,275.44,2025-05-25
17744,132,2025-05,7479.89,0.00,822.79,2025-05-25
17745,133,2025-05,2497.11,0.00,274.68,2025-05-25
17746,135,2025-05,3327.53,0.00,366.03,2025-05-25
17747,136,2025-05,2957.62,0.00,325.34,2025-05-25
17748,137,2025-05,2423.26,0.00,266.56,2025-05-25
17749,138,2025-05,3017.86,0.00,331.96,2025-05-25
17750,139,2025-05,2362.75,0.00,259.90,2025-05-25
17751,140,2025-05,2549.51,0.00,280.45,2025-05-25
17752,141,2025-05,4786.04,0.00,526.46,2025-05-25
17753,142,2025-05,2377.28,0.00,261.50,2025-05-25
17754,144,2025-05,5153.66,0.00,566.90,2025-05-25
17755,145,2025-05,2901.71,0.00,319.19,2025-05-25
17756,146,2025-05,2807.78,0.00,308.86,2025-05-25
17757,147,2025-05,2623.69,0.00,288.61,2025-05-25
17758,148,2025-05,2627.51,0.00,289.03,2025-05-25
17759,149,2025-05,7605.28,0.00,836.58,2025-05-25
17760,150,2025-05,2659.25,0.00,292.52,2025-05-25
17761,151,2025-05,2716.43,0.00,298.81,2025-05-25
17762,152,2025-05,2528.14,0.00,278.10,2025-05-25
17763,153,2025-05,2953.87,0.00,324.93,2025-05-25
17764,154,2025-05,3118.37,0.00,343.02,2025-05-25
17765,157,2025-05,2878.51,0.00,316.64,2025-05-25
17766,158,2025-05,4397.25,0.00,483.70,2025-05-25
17767,159,2025-05,2326.35,0.00,255.90,2025-05-25
17768,160,2025-05,2416.48,0.00,265.81,2025-05-25
17769,161,2025-05,7598.78,0.00,835.87,2025-05-25
17770,162,2025-05,2772.82,0.00,305.01,2025-05-25
17771,163,2025-05,3338.20,0.00,367.20,2025-05-25
17772,164,2025-05,4992.00,0.00,549.12,2025-05-25
17773,165,2025-05,2961.87,0.00,325.81,2025-05-25
17774,166,2025-05,2388.66,0.00,262.75,2025-05-25
17775,167,2025-05,2646.14,0.00,291.08,2025-05-25
17776,168,2025-05,2790.52,0.00,306.96,2025-05-25
17777,169,2025-05,2534.13,0.00,278.75,2025-05-25
17778,170,2025-05,2871.24,0.00,315.84,2025-05-25
17779,172,2025-05,4917.89,0.00,540.97,2025-05-25
17780,173,2025-05,2561.12,0.00,281.72,2025-05-25
17781,174,2025-05,2766.42,0.00,304.31,2025-05-25
17782,175,2025-05,2361.52,0.00,259.77,2025-05-25
17783,176,2025-05,2759.21,0.00,303.51,2025-05-25
17784,177,2025-05,7888.95,0.00,867.78,2025-05-25
17785,179,2025-05,2546.02,0.00,280.06,2025-05-25
17786,180,2025-05,3140.82,0.00,345.49,2025-05-25
17787,181,2025-05,4931.24,0.00,542.44,2025-05-25
17788,182,2025-05,3432.03,0.00,377.52,2025-05-25
17789,184,2025-05,2965.29,0.00,326.18,2025-05-25
17790,185,2025-05,2796.90,0.00,307.66,2025-05-25
17791,187,2025-05,2799.14,0.00,307.91,2025-05-25
17792,188,2025-05,4690.57,0.00,515.96,2025-05-25
17793,189,2025-05,2298.59,0.00,252.84,2025-05-25
17794,190,2025-05,2332.54,0.00,256.58,2025-05-25
17795,191,2025-05,7272.86,0.00,800.01,2025-05-25
17796,192,2025-05,2462.21,0.00,270.84,2025-05-25
17797,193,2025-05,2337.81,0.00,257.16,2025-05-25
17798,194,2025-05,2340.09,0.00,257.41,2025-05-25
17799,195,2025-05,3214.79,0.00,353.63,2025-05-25
17800,196,2025-05,4492.82,0.00,494.21,2025-05-25
17801,197,2025-05,2394.30,0.00,263.37,2025-05-25
17802,198,2025-05,3103.21,0.00,341.35,2025-05-25
17803,199,2025-05,2311.82,0.00,254.30,2025-05-25
17804,200,2025-05,2731.50,0.00,300.46,2025-05-25
17805,201,2025-05,2658.42,0.00,292.43,2025-05-25
17806,202,2025-05,2637.07,0.00,290.08,2025-05-25
17807,203,2025-05,2507.22,0.00,275.79,2025-05-25
17808,204,2025-05,2330.45,0.00,256.35,2025-05-25
17809,205,2025-05,2827.11,0.00,310.98,2025-05-25
17810,206,2025-05,2388.20,0.00,262.70,2025-05-25
17811,207,2025-05,2448.49,0.00,269.33,2025-05-25
17812,208,2025-05,3063.53,0.00,336.99,2025-05-25
17813,209,2025-05,2676.56,0.00,294.42,2025-05-25
17814,210,2025-05,2744.10,0.00,301.85,2025-05-25
17815,211,2025-05,2782.00,0.00,306.02,2025-05-25
17816,212,2025-05,2400.97,0.00,264.11,2025-05-25
17817,213,2025-05,2520.02,0.00,277.20,2025-05-25
17818,214,2025-05,3238.06,0.00,356.19,2025-05-25
17819,215,2025-05,2815.16,0.00,309.67,2025-05-25
17820,216,2025-05,2611.95,0.00,287.31,2025-05-25
17821,217,2025-05,2326.10,0.00,255.87,2025-05-25
17822,218,2025-05,2636.67,0.00,290.03,2025-05-25
17823,219,2025-05,2734.10,0.00,300.75,2025-05-25
17824,220,2025-05,2412.24,0.00,265.35,2025-05-25
17825,221,2025-05,2541.63,0.00,279.58,2025-05-25
17826,222,2025-05,2723.56,0.00,299.59,2025-05-25
17827,223,2025-05,2660.74,0.00,292.68,2025-05-25
17828,224,2025-05,2703.59,0.00,297.39,2025-05-25
17829,225,2025-05,2385.22,0.00,262.37,2025-05-25
17830,226,2025-05,2646.89,0.00,291.16,2025-05-25
17831,227,2025-05,2376.88,0.00,261.46,2025-05-25
17832,228,2025-05,2490.74,0.00,273.98,2025-05-25
17833,229,2025-05,2709.59,0.00,298.05,2025-05-25
17834,230,2025-05,2823.92,0.00,310.63,2025-05-25
17835,231,2025-05,2449.24,0.00,269.42,2025-05-25
17836,232,2025-05,2287.57,0.00,251.63,2025-05-25
17837,233,2025-05,2790.19,0.00,306.92,2025-05-25
17838,234,2025-05,2793.43,0.00,307.28,2025-05-25
17839,235,2025-05,2738.81,0.00,301.27,2025-05-25
17840,236,2025-05,4988.10,0.00,548.69,2025-05-25
17841,237,2025-05,4684.22,0.00,515.26,2025-05-25
17842,238,2025-05,2702.29,0.00,297.25,2025-05-25
17843,239,2025-05,2997.52,0.00,329.73,2025-05-25
17844,240,2025-05,2520.92,0.00,277.30,2025-05-25
17845,241,2025-05,3247.72,0.00,357.25,2025-05-25
17846,242,2025-05,2519.64,0.00,277.16,2025-05-25
17847,243,2025-05,2898.96,0.00,318.89,2025-05-25
17848,244,2025-05,2884.12,0.00,317.25,2025-05-25
17849,245,2025-05,7486.93,0.00,823.56,2025-05-25
17850,246,2025-05,2716.07,0.00,298.77,2025-05-25
17851,247,2025-05,2795.19,0.00,307.47,2025-05-25
17852,248,2025-05,2898.73,0.00,318.86,2025-05-25
17853,249,2025-05,2477.80,0.00,272.56,2025-05-25
17854,250,2025-05,2356.61,0.00,259.23,2025-05-25
17855,251,2025-05,2467.34,0.00,271.41,2025-05-25
17856,252,2025-05,3426.30,0.00,376.89,2025-05-25
17857,253,2025-05,2694.13,0.00,296.35,2025-05-25
17858,254,2025-05,2452.75,0.00,269.80,2025-05-25
17859,255,2025-05,2415.09,0.00,265.66,2025-05-25
17860,257,2025-05,2289.82,0.00,251.88,2025-05-25
17861,258,2025-05,2653.46,0.00,291.88,2025-05-25
17862,259,2025-05,2663.22,0.00,292.95,2025-05-25
17863,260,2025-05,2368.93,0.00,260.58,2025-05-25
17864,262,2025-05,2406.96,0.00,264.77,2025-05-25
17865,263,2025-05,2677.40,0.00,294.51,2025-05-25
17866,264,2025-05,2585.85,0.00,284.44,2025-05-25
17867,1,2025-06,7451.59,0.00,819.67,2025-06-25
17868,3,2025-06,2717.48,0.00,298.92,2025-06-25
17869,4,2025-06,2359.19,0.00,259.51,2025-06-25
17870,5,2025-06,3421.00,0.00,376.31,2025-06-25
17871,6,2025-06,2728.10,0.00,300.09,2025-06-25
17872,8,2025-06,2429.92,0.00,267.29,2025-06-25
17873,10,2025-06,2660.43,0.00,292.65,2025-06-25
17874,11,2025-06,4643.15,0.00,510.75,2025-06-25
17875,12,2025-06,3335.55,0.00,366.91,2025-06-25
17876,13,2025-06,4936.50,0.00,543.01,2025-06-25
17877,14,2025-06,4641.83,0.00,510.60,2025-06-25
17878,15,2025-06,2842.81,0.00,312.71,2025-06-25
17879,16,2025-06,3327.79,0.00,366.06,2025-06-25
17880,17,2025-06,2392.20,0.00,263.14,2025-06-25
17881,18,2025-06,2760.57,0.00,303.66,2025-06-25
17882,19,2025-06,2753.30,0.00,302.86,2025-06-25
17883,20,2025-06,2530.15,0.00,278.32,2025-06-25
17884,22,2025-06,2649.86,0.00,291.48,2025-06-25
17885,24,2025-06,7435.71,0.00,817.93,2025-06-25
17886,25,2025-06,4977.27,0.00,547.50,2025-06-25
17887,26,2025-06,3022.53,0.00,332.48,2025-06-25
17888,28,2025-06,4955.46,0.00,545.10,2025-06-25
17889,29,2025-06,2476.89,0.00,272.46,2025-06-25
17890,30,2025-06,3145.06,0.00,345.96,2025-06-25
17891,31,2025-06,2501.66,0.00,275.18,2025-06-25
17892,32,2025-06,2661.48,0.00,292.76,2025-06-25
17893,33,2025-06,3125.56,0.00,343.81,2025-06-25
17894,35,2025-06,2909.19,0.00,320.01,2025-06-25
17895,36,2025-06,2847.61,0.00,313.24,2025-06-25
17896,37,2025-06,3234.49,0.00,355.79,2025-06-25
17897,38,2025-06,4905.17,0.00,539.57,2025-06-25
17898,39,2025-06,2758.38,0.00,303.42,2025-06-25
17899,41,2025-06,2905.29,0.00,319.58,2025-06-25
17900,43,2025-06,2710.77,0.00,298.18,2025-06-25
17901,44,2025-06,2894.83,0.00,318.43,2025-06-25
17902,45,2025-06,2333.46,0.00,256.68,2025-06-25
17903,46,2025-06,2786.27,0.00,306.49,2025-06-25
17904,48,2025-06,2641.79,0.00,290.60,2025-06-25
17905,49,2025-06,7981.75,0.00,877.99,2025-06-25
17906,50,2025-06,3025.44,0.00,332.80,2025-06-25
17907,51,2025-06,2454.56,0.00,270.00,2025-06-25
17908,52,2025-06,2756.01,0.00,303.16,2025-06-25
17909,53,2025-06,2920.58,0.00,321.26,2025-06-25
17910,55,2025-06,2455.14,0.00,270.07,2025-06-25
17911,56,2025-06,4406.19,0.00,484.68,2025-06-25
17912,57,2025-06,2553.82,0.00,280.92,2025-06-25
17913,59,2025-06,2843.98,0.00,312.84,2025-06-25
17914,60,2025-06,3122.65,0.00,343.49,2025-06-25
17915,61,2025-06,4559.34,0.00,501.53,2025-06-25
17916,62,2025-06,3220.58,0.00,354.26,2025-06-25
17917,63,2025-06,2498.49,0.00,274.83,2025-06-25
17918,64,2025-06,2585.41,0.00,284.40,2025-06-25
17919,66,2025-06,2417.85,0.00,265.96,2025-06-25
17920,68,2025-06,7270.77,0.00,799.78,2025-06-25
17921,69,2025-06,4483.78,0.00,493.22,2025-06-25
17922,70,2025-06,2607.64,0.00,286.84,2025-06-25
17923,71,2025-06,2703.08,0.00,297.34,2025-06-25
17924,72,2025-06,4384.24,0.00,482.27,2025-06-25
17925,73,2025-06,3107.17,0.00,341.79,2025-06-25
17926,75,2025-06,2371.37,0.00,260.85,2025-06-25
17927,77,2025-06,3155.00,0.00,347.05,2025-06-25
17928,78,2025-06,2870.03,0.00,315.70,2025-06-25
17929,80,2025-06,2539.35,0.00,279.33,2025-06-25
17930,81,2025-06,2792.06,0.00,307.13,2025-06-25
17931,82,2025-06,2850.69,0.00,313.58,2025-06-25
17932,83,2025-06,2699.71,0.00,296.97,2025-06-25
17933,84,2025-06,7026.23,0.00,772.89,2025-06-25
17934,86,2025-06,2732.58,0.00,300.58,2025-06-25
17935,87,2025-06,2790.85,0.00,306.99,2025-06-25
17936,88,2025-06,4626.18,0.00,508.88,2025-06-25
17937,89,2025-06,2568.47,0.00,282.53,2025-06-25
17938,90,2025-06,2411.40,0.00,265.25,2025-06-25
17939,91,2025-06,5067.07,0.00,557.38,2025-06-25
17940,92,2025-06,2310.14,0.00,254.12,2025-06-25
17941,93,2025-06,2809.43,0.00,309.04,2025-06-25
17942,94,2025-06,3119.74,0.00,343.17,2025-06-25
17943,95,2025-06,2593.44,0.00,285.28,2025-06-25
17944,96,2025-06,2503.46,0.00,275.38,2025-06-25
17945,97,2025-06,7173.32,0.00,789.07,2025-06-25
17946,98,2025-06,2607.15,0.00,286.79,2025-06-25
17947,99,2025-06,3253.08,0.00,357.84,2025-06-25
17948,100,2025-06,2728.65,0.00,300.15,2025-06-25
17949,101,2025-06,4642.25,0.00,510.65,2025-06-25
17950,103,2025-06,2947.43,0.00,324.22,2025-06-25
17951,104,2025-06,4658.42,0.00,512.43,2025-06-25
17952,105,2025-06,2517.54,0.00,276.93,2025-06-25
17953,106,2025-06,3151.94,0.00,346.71,2025-06-25
17954,107,2025-06,2773.81,0.00,305.12,2025-06-25
17955,108,2025-06,2550.07,0.00,280.51,2025-06-25
17956,110,2025-06,2560.94,0.00,281.70,2025-06-25
17957,111,2025-06,2390.98,0.00,263.01,2025-06-25
17958,112,2025-06,2742.66,0.00,301.69,2025-06-25
17959,113,2025-06,2638.86,0.00,290.27,2025-06-25
17960,114,2025-06,2332.03,0.00,256.52,2025-06-25
17961,115,2025-06,7775.71,0.00,855.33,2025-06-25
17962,116,2025-06,2505.14,0.00,275.57,2025-06-25
17963,117,2025-06,2464.29,0.00,271.07,2025-06-25
17964,118,2025-06,2503.84,0.00,275.42,2025-06-25
17965,119,2025-06,2358.23,0.00,259.41,2025-06-25
17966,120,2025-06,4791.47,0.00,527.06,2025-06-25
17967,121,2025-06,4908.92,0.00,539.98,2025-06-25
17968,122,2025-06,2414.30,0.00,265.57,2025-06-25
17969,123,2025-06,2990.70,0.00,328.98,2025-06-25
17970,124,2025-06,2529.30,0.00,278.22,2025-06-25
17971,125,2025-06,3481.62,0.00,382.98,2025-06-25
17972,126,2025-06,3371.00,0.00,370.81,2025-06-25
17973,127,2025-06,3460.30,0.00,380.63,2025-06-25
17974,128,2025-06,2650.72,0.00,291.58,2025-06-25
17975,129,2025-06,2613.69,0.00,287.51,2025-06-25
17976,130,2025-06,2422.26,0.00,266.45,2025-06-25
17977,131,2025-06,2497.96,0.00,274.78,2025-06-25
17978,132,2025-06,7454.65,0.00,820.01,2025-06-25
17979,133,2025-06,2477.24,0.00,272.50,2025-06-25
17980,135,2025-06,3348.89,0.00,368.38,2025-06-25
17981,136,2025-06,2944.33,0.00,323.88,2025-06-25
17982,137,2025-06,2412.42,0.00,265.37,2025-06-25
17983,138,2025-06,3002.49,0.00,330.27,2025-06-25
17984,139,2025-06,2355.56,0.00,259.11,2025-06-25
17985,140,2025-06,2537.65,0.00,279.14,2025-06-25
17986,141,2025-06,4779.83,0.00,525.78,2025-06-25
17987,142,2025-06,2360.10,0.00,259.61,2025-06-25
17988,144,2025-06,5167.50,0.00,568.42,2025-06-25
17989,145,2025-06,2919.34,0.00,321.13,2025-06-25
17990,146,2025-06,2826.74,0.00,310.94,2025-06-25
17991,147,2025-06,2618.81,0.00,288.07,2025-06-25
17992,148,2025-06,2625.51,0.00,288.81,2025-06-25
17993,149,2025-06,7625.29,0.00,838.78,2025-06-25
17994,150,2025-06,2648.61,0.00,291.35,2025-06-25
17995,151,2025-06,2702.75,0.00,297.30,2025-06-25
17996,152,2025-06,2539.98,0.00,279.40,2025-06-25
17997,153,2025-06,2952.58,0.00,324.78,2025-06-25
17998,154,2025-06,3099.06,0.00,340.90,2025-06-25
17999,157,2025-06,2894.02,0.00,318.34,2025-06-25
18000,158,2025-06,4392.03,0.00,483.12,2025-06-25
18001,159,2025-06,2335.82,0.00,256.94,2025-06-25
18002,160,2025-06,2412.47,0.00,265.37,2025-06-25
18003,161,2025-06,7626.30,0.00,838.89,2025-06-25
18004,162,2025-06,2769.25,0.00,304.62,2025-06-25
18005,163,2025-06,3339.18,0.00,367.31,2025-06-25
18006,164,2025-06,5015.18,0.00,551.67,2025-06-25
18007,165,2025-06,2956.78,0.00,325.25,2025-06-25
18008,166,2025-06,2384.56,0.00,262.30,2025-06-25
18009,167,2025-06,2646.05,0.00,291.07,2025-06-25
18010,168,2025-06,2785.72,0.00,306.43,2025-06-25
18011,169,2025-06,2524.86,0.00,277.73,2025-06-25
18012,170,2025-06,2862.28,0.00,314.85,2025-06-25
18013,172,2025-06,4907.05,0.00,539.78,2025-06-25
18014,173,2025-06,2557.30,0.00,281.30,2025-06-25
18015,174,2025-06,2773.40,0.00,305.07,2025-06-25
18016,175,2025-06,2342.09,0.00,257.63,2025-06-25
18017,176,2025-06,2753.13,0.00,302.84,2025-06-25
18018,177,2025-06,7883.99,0.00,867.24,2025-06-25
18019,179,2025-06,2566.99,0.00,282.37,2025-06-25
18020,180,2025-06,3122.87,0.00,343.52,2025-06-25
18021,181,2025-06,4894.48,0.00,538.39,2025-06-25
18022,182,2025-06,3418.07,0.00,375.99,2025-06-25
18023,184,2025-06,2980.34,0.00,327.84,2025-06-25
18024,185,2025-06,2805.79,0.00,308.64,2025-06-25
18025,187,2025-06,2790.63,0.00,306.97,2025-06-25
18026,188,2025-06,4682.20,0.00,515.04,2025-06-25
18027,189,2025-06,2304.48,0.00,253.49,2025-06-25
18028,190,2025-06,2336.32,0.00,257.00,2025-06-25
18029,191,2025-06,7246.39,0.00,797.10,2025-06-25
18030,192,2025-06,2480.63,0.00,272.87,2025-06-25
18031,193,2025-06,2320.28,0.00,255.23,2025-06-25
18032,194,2025-06,2345.23,0.00,257.98,2025-06-25
18033,195,2025-06,3235.93,0.00,355.95,2025-06-25
18034,196,2025-06,4482.28,0.00,493.05,2025-06-25
18035,197,2025-06,2397.82,0.00,263.76,2025-06-25
18036,198,2025-06,3095.39,0.00,340.49,2025-06-25
18037,199,2025-06,2305.72,0.00,253.63,2025-06-25
18038,200,2025-06,2717.65,0.00,298.94,2025-06-25
18039,201,2025-06,2649.11,0.00,291.40,2025-06-25
18040,202,2025-06,2622.25,0.00,288.45,2025-06-25
18041,203,2025-06,2514.20,0.00,276.56,2025-06-25
18042,204,2025-06,2308.62,0.00,253.95,2025-06-25
18043,205,2025-06,2851.50,0.00,313.67,2025-06-25
18044,206,2025-06,2396.52,0.00,263.62,2025-06-25
18045,207,2025-06,2438.72,0.00,268.26,2025-06-25
18046,208,2025-06,3069.98,0.00,337.70,2025-06-25
18047,209,2025-06,2681.38,0.00,294.95,2025-06-25
18048,210,2025-06,2734.33,0.00,300.78,2025-06-25
18049,211,2025-06,2767.75,0.00,304.45,2025-06-25
18050,212,2025-06,2392.27,0.00,263.15,2025-06-25
18051,213,2025-06,2512.07,0.00,276.33,2025-06-25
18052,214,2025-06,3259.40,0.00,358.53,2025-06-25
18053,215,2025-06,2832.23,0.00,311.55,2025-06-25
18054,216,2025-06,2630.13,0.00,289.31,2025-06-25
18055,217,2025-06,2336.16,0.00,256.98,2025-06-25
18056,218,2025-06,2644.07,0.00,290.85,2025-06-25
18057,219,2025-06,2720.73,0.00,299.28,2025-06-25
18058,220,2025-06,2394.63,0.00,263.41,2025-06-25
18059,221,2025-06,2547.34,0.00,280.21,2025-06-25
18060,222,2025-06,2718.13,0.00,298.99,2025-06-25
18061,223,2025-06,2676.59,0.00,294.42,2025-06-25
18062,224,2025-06,2715.72,0.00,298.73,2025-06-25
18063,225,2025-06,2404.64,0.00,264.51,2025-06-25
18064,226,2025-06,2640.47,0.00,290.45,2025-06-25
18065,227,2025-06,2383.08,0.00,262.14,2025-06-25
18066,228,2025-06,2482.44,0.00,273.07,2025-06-25
18067,229,2025-06,2720.98,0.00,299.31,2025-06-25
18068,230,2025-06,2818.84,0.00,310.07,2025-06-25
18069,231,2025-06,2439.15,0.00,268.31,2025-06-25
18070,232,2025-06,2301.81,0.00,253.20,2025-06-25
18071,233,2025-06,2808.37,0.00,308.92,2025-06-25
18072,234,2025-06,2795.48,0.00,307.50,2025-06-25
18073,235,2025-06,2735.79,0.00,300.94,2025-06-25
18074,236,2025-06,4983.94,0.00,548.23,2025-06-25
18075,237,2025-06,4668.29,0.00,513.51,2025-06-25
18076,238,2025-06,2695.91,0.00,296.55,2025-06-25
18077,239,2025-06,2981.21,0.00,327.93,2025-06-25
18078,240,2025-06,2533.04,0.00,278.63,2025-06-25
18079,241,2025-06,3238.78,0.00,356.27,2025-06-25
18080,242,2025-06,2533.50,0.00,278.69,2025-06-25
18081,243,2025-06,2878.81,0.00,316.67,2025-06-25
18082,244,2025-06,2868.78,0.00,315.57,2025-06-25
18083,245,2025-06,7454.63,0.00,820.01,2025-06-25
18084,246,2025-06,2719.54,0.00,299.15,2025-06-25
18085,247,2025-06,2790.22,0.00,306.92,2025-06-25
18086,248,2025-06,2899.33,0.00,318.93,2025-06-25
18087,249,2025-06,2475.13,0.00,272.26,2025-06-25
18088,250,2025-06,2342.59,0.00,257.68,2025-06-25
18089,251,2025-06,2462.87,0.00,270.92,2025-06-25
18090,252,2025-06,3433.11,0.00,377.64,2025-06-25
18091,253,2025-06,2701.79,0.00,297.20,2025-06-25
18092,254,2025-06,2473.91,0.00,272.13,2025-06-25
18093,255,2025-06,2401.53,0.00,264.17,2025-06-25
18094,256,2025-06,2888.15,0.00,317.70,2025-06-25
18095,257,2025-06,2291.37,0.00,252.05,2025-06-25
18096,258,2025-06,2653.18,0.00,291.85,2025-06-25
18097,259,2025-06,2657.35,0.00,292.31,2025-06-25
18098,260,2025-06,2371.76,0.00,260.89,2025-06-25
18099,262,2025-06,2411.37,0.00,265.25,2025-06-25
18100,263,2025-06,2658.31,0.00,292.41,2025-06-25
18101,264,2025-06,2606.26,0.00,286.69,2025-06-25
18102,1,2025-07,7499.78,0.00,824.98,2025-07-25
18103,3,2025-07,2712.04,0.00,298.32,2025-07-25
18104,4,2025-07,2349.64,0.00,258.46,2025-07-25
18105,5,2025-07,3418.55,0.00,376.04,2025-07-25
18106,6,2025-07,2716.85,0.00,298.85,2025-07-25
18107,8,2025-07,2447.09,0.00,269.18,2025-07-25
18108,10,2025-07,2655.13,0.00,292.06,2025-07-25
18109,11,2025-07,4625.00,0.00,508.75,2025-07-25
18110,12,2025-07,3346.40,0.00,368.10,2025-07-25
18111,13,2025-07,4941.10,0.00,543.52,2025-07-25
18112,14,2025-07,4645.29,0.00,510.98,2025-07-25
18113,15,2025-07,2845.46,0.00,313.00,2025-07-25
18114,16,2025-07,3352.99,0.00,368.83,2025-07-25
18115,17,2025-07,2399.05,0.00,263.90,2025-07-25
18116,18,2025-07,2758.12,0.00,303.39,2025-07-25
18117,19,2025-07,2767.78,0.00,304.46,2025-07-25
18118,20,2025-07,2521.27,0.00,277.34,2025-07-25
18119,22,2025-07,2666.68,0.00,293.33,2025-07-25
18120,24,2025-07,7459.01,0.00,820.49,2025-07-25
18121,25,2025-07,4976.79,0.00,547.45,2025-07-25
18122,26,2025-07,3019.94,0.00,332.19,2025-07-25
18123,28,2025-07,4949.38,0.00,544.43,2025-07-25
18124,29,2025-07,2474.69,0.00,272.22,2025-07-25
18125,30,2025-07,3161.61,0.00,347.78,2025-07-25
18126,31,2025-07,2516.24,0.00,276.79,2025-07-25
18127,32,2025-07,2661.38,0.00,292.75,2025-07-25
18128,33,2025-07,3134.33,0.00,344.78,2025-07-25
18129,35,2025-07,2918.28,0.00,321.01,2025-07-25
18130,36,2025-07,2856.17,0.00,314.18,2025-07-25
18131,37,2025-07,3227.53,0.00,355.03,2025-07-25
18132,38,2025-07,4911.93,0.00,540.31,2025-07-25
18133,39,2025-07,2781.01,0.00,305.91,2025-07-25
18134,41,2025-07,2882.59,0.00,317.08,2025-07-25
18135,43,2025-07,2720.72,0.00,299.28,2025-07-25
18136,44,2025-07,2879.65,0.00,316.76,2025-07-25
18137,45,2025-07,2348.45,0.00,258.33,2025-07-25
18138,46,2025-07,2771.98,0.00,304.92,2025-07-25
18139,48,2025-07,2639.59,0.00,290.35,2025-07-25
18140,49,2025-07,7974.00,0.00,877.14,2025-07-25
18141,50,2025-07,3020.85,0.00,332.29,2025-07-25
18142,51,2025-07,2456.57,0.00,270.22,2025-07-25
18143,52,2025-07,2749.57,0.00,302.45,2025-07-25
18144,53,2025-07,2919.67,0.00,321.16,2025-07-25
18145,55,2025-07,2450.91,0.00,269.60,2025-07-25
18146,56,2025-07,4381.87,0.00,482.01,2025-07-25
18147,57,2025-07,2564.90,0.00,282.14,2025-07-25
18148,59,2025-07,2834.16,0.00,311.76,2025-07-25
18149,60,2025-07,3116.95,0.00,342.86,2025-07-25
18150,61,2025-07,4533.91,0.00,498.73,2025-07-25
18151,62,2025-07,3238.60,0.00,356.25,2025-07-25
18152,63,2025-07,2484.20,0.00,273.26,2025-07-25
18153,64,2025-07,2584.40,0.00,284.28,2025-07-25
18154,66,2025-07,2423.35,0.00,266.57,2025-07-25
18155,68,2025-07,7247.51,0.00,797.23,2025-07-25
18156,69,2025-07,4480.96,0.00,492.91,2025-07-25
18157,70,2025-07,2611.88,0.00,287.31,2025-07-25
18158,71,2025-07,2716.64,0.00,298.83,2025-07-25
18159,72,2025-07,4359.89,0.00,479.59,2025-07-25
18160,73,2025-07,3118.66,0.00,343.05,2025-07-25
18161,75,2025-07,2369.82,0.00,260.68,2025-07-25
18162,77,2025-07,3157.45,0.00,347.32,2025-07-25
18163,78,2025-07,2871.83,0.00,315.90,2025-07-25
18164,80,2025-07,2542.93,0.00,279.72,2025-07-25
18165,81,2025-07,2789.74,0.00,306.87,2025-07-25
18166,82,2025-07,2850.27,0.00,313.53,2025-07-25
18167,83,2025-07,2707.40,0.00,297.81,2025-07-25
18168,84,2025-07,7032.46,0.00,773.57,2025-07-25
18169,86,2025-07,2746.24,0.00,302.09,2025-07-25
18170,87,2025-07,2808.06,0.00,308.89,2025-07-25
18171,88,2025-07,4623.60,0.00,508.60,2025-07-25
18172,89,2025-07,2562.22,0.00,281.84,2025-07-25
18173,90,2025-07,2416.33,0.00,265.80,2025-07-25
18174,91,2025-07,5020.60,0.00,552.27,2025-07-25
18175,92,2025-07,2308.35,0.00,253.92,2025-07-25
18176,93,2025-07,2804.50,0.00,308.50,2025-07-25
18177,94,2025-07,3115.82,0.00,342.74,2025-07-25
18178,95,2025-07,2593.44,0.00,285.28,2025-07-25
18179,96,2025-07,2500.13,0.00,275.01,2025-07-25
18180,97,2025-07,7158.60,0.00,787.45,2025-07-25
18181,98,2025-07,2608.18,0.00,286.90,2025-07-25
18182,99,2025-07,3236.22,0.00,355.98,2025-07-25
18183,100,2025-07,2727.64,0.00,300.04,2025-07-25
18184,101,2025-07,4657.45,0.00,512.32,2025-07-25
18185,103,2025-07,2925.46,0.00,321.80,2025-07-25
18186,104,2025-07,4657.60,0.00,512.34,2025-07-25
18187,105,2025-07,2496.60,0.00,274.63,2025-07-25
18188,106,2025-07,3142.64,0.00,345.69,2025-07-25
18189,107,2025-07,2782.08,0.00,306.03,2025-07-25
18190,108,2025-07,2546.75,0.00,280.14,2025-07-25
18191,110,2025-07,2547.50,0.00,280.23,2025-07-25
18192,111,2025-07,2391.35,0.00,263.05,2025-07-25
18193,112,2025-07,2753.70,0.00,302.91,2025-07-25
18194,113,2025-07,2632.17,0.00,289.54,2025-07-25
18195,114,2025-07,2326.41,0.00,255.91,2025-07-25
18196,115,2025-07,7838.42,0.00,862.23,2025-07-25
18197,116,2025-07,2501.80,0.00,275.20,2025-07-25
18198,117,2025-07,2474.25,0.00,272.17,2025-07-25
18199,118,2025-07,2492.08,0.00,274.13,2025-07-25
18200,119,2025-07,2365.00,0.00,260.15,2025-07-25
18201,120,2025-07,4810.34,0.00,529.14,2025-07-25
18202,121,2025-07,4910.28,0.00,540.13,2025-07-25
18203,122,2025-07,2406.50,0.00,264.71,2025-07-25
18204,123,2025-07,2996.03,0.00,329.56,2025-07-25
18205,124,2025-07,2540.09,0.00,279.41,2025-07-25
18206,125,2025-07,3483.85,0.00,383.22,2025-07-25
18207,126,2025-07,3391.49,0.00,373.06,2025-07-25
18208,127,2025-07,3485.90,0.00,383.45,2025-07-25
18209,128,2025-07,2630.74,0.00,289.38,2025-07-25
18210,129,2025-07,2621.68,0.00,288.38,2025-07-25
18211,130,2025-07,2409.22,0.00,265.01,2025-07-25
18212,131,2025-07,2499.77,0.00,274.97,2025-07-25
18213,132,2025-07,7486.63,0.00,823.53,2025-07-25
18214,133,2025-07,2490.86,0.00,273.99,2025-07-25
18215,135,2025-07,3348.79,0.00,368.37,2025-07-25
18216,136,2025-07,2957.99,0.00,325.38,2025-07-25
18217,137,2025-07,2424.32,0.00,266.68,2025-07-25
18218,138,2025-07,2999.36,0.00,329.93,2025-07-25
18219,139,2025-07,2368.61,0.00,260.55,2025-07-25
18220,140,2025-07,2553.82,0.00,280.92,2025-07-25
18221,141,2025-07,4791.39,0.00,527.05,2025-07-25
18222,142,2025-07,2372.70,0.00,261.00,2025-07-25
18223,144,2025-07,5154.49,0.00,566.99,2025-07-25
18224,145,2025-07,2895.16,0.00,318.47,2025-07-25
18225,146,2025-07,2829.22,0.00,311.21,2025-07-25
18226,147,2025-07,2619.29,0.00,288.12,2025-07-25
18227,148,2025-07,2624.23,0.00,288.67,2025-07-25
18228,149,2025-07,7663.69,0.00,843.01,2025-07-25
18229,150,2025-07,2660.40,0.00,292.64,2025-07-25
18230,151,2025-07,2720.33,0.00,299.24,2025-07-25
18231,152,2025-07,2523.23,0.00,277.56,2025-07-25
18232,153,2025-07,2956.77,0.00,325.24,2025-07-25
18233,154,2025-07,3096.99,0.00,340.67,2025-07-25
18234,157,2025-07,2883.44,0.00,317.18,2025-07-25
18235,158,2025-07,4377.94,0.00,481.57,2025-07-25
18236,159,2025-07,2329.77,0.00,256.27,2025-07-25
18237,160,2025-07,2426.37,0.00,266.90,2025-07-25
18238,161,2025-07,7594.42,0.00,835.39,2025-07-25
18239,162,2025-07,2766.93,0.00,304.36,2025-07-25
18240,163,2025-07,3341.69,0.00,367.59,2025-07-25
18241,164,2025-07,5009.50,0.00,551.04,2025-07-25
18242,165,2025-07,2950.77,0.00,324.58,2025-07-25
18243,166,2025-07,2391.71,0.00,263.09,2025-07-25
18244,167,2025-07,2656.56,0.00,292.22,2025-07-25
18245,168,2025-07,2785.49,0.00,306.40,2025-07-25
18246,169,2025-07,2521.44,0.00,277.36,2025-07-25
18247,170,2025-07,2872.30,0.00,315.95,2025-07-25
18248,172,2025-07,4896.68,0.00,538.63,2025-07-25
18249,173,2025-07,2549.13,0.00,280.40,2025-07-25
18250,174,2025-07,2788.99,0.00,306.79,2025-07-25
18251,175,2025-07,2345.46,0.00,258.00,2025-07-25
18252,176,2025-07,2742.94,0.00,301.72,2025-07-25
18253,177,2025-07,7861.59,0.00,864.77,2025-07-25
18254,179,2025-07,2556.33,0.00,281.20,2025-07-25
18255,180,2025-07,3126.93,0.00,343.96,2025-07-25
18256,181,2025-07,4908.30,0.00,539.91,2025-07-25
18257,182,2025-07,3423.20,0.00,376.55,2025-07-25
18258,184,2025-07,2960.50,0.00,325.66,2025-07-25
18259,185,2025-07,2795.27,0.00,307.48,2025-07-25
18260,187,2025-07,2791.80,0.00,307.10,2025-07-25
18261,188,2025-07,4702.88,0.00,517.32,2025-07-25
18262,189,2025-07,2313.54,0.00,254.49,2025-07-25
18263,190,2025-07,2332.41,0.00,256.57,2025-07-25
18264,191,2025-07,7224.72,0.00,794.72,2025-07-25
18265,192,2025-07,2469.23,0.00,271.62,2025-07-25
18266,193,2025-07,2332.10,0.00,256.53,2025-07-25
18267,194,2025-07,2342.97,0.00,257.73,2025-07-25
18268,195,2025-07,3221.77,0.00,354.39,2025-07-25
18269,196,2025-07,4486.29,0.00,493.49,2025-07-25
18270,197,2025-07,2401.72,0.00,264.19,2025-07-25
18271,198,2025-07,3121.54,0.00,343.37,2025-07-25
18272,199,2025-07,2305.35,0.00,253.59,2025-07-25
18273,200,2025-07,2719.88,0.00,299.19,2025-07-25
18274,201,2025-07,2648.20,0.00,291.30,2025-07-25
18275,202,2025-07,2632.40,0.00,289.56,2025-07-25
18276,203,2025-07,2505.44,0.00,275.60,2025-07-25
18277,204,2025-07,2324.80,0.00,255.73,2025-07-25
18278,205,2025-07,2827.91,0.00,311.07,2025-07-25
18279,206,2025-07,2389.98,0.00,262.90,2025-07-25
18280,207,2025-07,2449.90,0.00,269.49,2025-07-25
18281,208,2025-07,3063.21,0.00,336.95,2025-07-25
18282,209,2025-07,2665.25,0.00,293.18,2025-07-25
18283,210,2025-07,2732.50,0.00,300.57,2025-07-25
18284,211,2025-07,2775.61,0.00,305.32,2025-07-25
18285,212,2025-07,2393.51,0.00,263.29,2025-07-25
18286,213,2025-07,2516.71,0.00,276.84,2025-07-25
18287,214,2025-07,3255.56,0.00,358.11,2025-07-25
18288,215,2025-07,2817.14,0.00,309.89,2025-07-25
18289,216,2025-07,2610.62,0.00,287.17,2025-07-25
18290,217,2025-07,2332.34,0.00,256.56,2025-07-25
18291,218,2025-07,2649.80,0.00,291.48,2025-07-25
18292,219,2025-07,2708.21,0.00,297.90,2025-07-25
18293,220,2025-07,2398.89,0.00,263.88,2025-07-25
18294,221,2025-07,2526.55,0.00,277.92,2025-07-25
18295,222,2025-07,2721.49,0.00,299.36,2025-07-25
18296,223,2025-07,2671.27,0.00,293.84,2025-07-25
18297,224,2025-07,2715.01,0.00,298.65,2025-07-25
18298,225,2025-07,2389.84,0.00,262.88,2025-07-25
18299,226,2025-07,2632.12,0.00,289.53,2025-07-25
18300,227,2025-07,2387.46,0.00,262.62,2025-07-25
18301,228,2025-07,2479.28,0.00,272.72,2025-07-25
18302,229,2025-07,2707.87,0.00,297.87,2025-07-25
18303,230,2025-07,2828.10,0.00,311.09,2025-07-25
18304,231,2025-07,2434.74,0.00,267.82,2025-07-25
18305,232,2025-07,2289.48,0.00,251.84,2025-07-25
18306,233,2025-07,2802.87,0.00,308.32,2025-07-25
18307,234,2025-07,2789.08,0.00,306.80,2025-07-25
18308,235,2025-07,2733.06,0.00,300.64,2025-07-25
18309,236,2025-07,4981.65,0.00,547.98,2025-07-25
18310,237,2025-07,4671.59,0.00,513.87,2025-07-25
18311,238,2025-07,2692.88,0.00,296.22,2025-07-25
18312,239,2025-07,3008.08,0.00,330.89,2025-07-25
18313,240,2025-07,2518.33,0.00,277.02,2025-07-25
18314,241,2025-07,3232.23,0.00,355.55,2025-07-25
18315,242,2025-07,2524.85,0.00,277.73,2025-07-25
18316,243,2025-07,2876.24,0.00,316.39,2025-07-25
18317,244,2025-07,2881.28,0.00,316.94,2025-07-25
18318,245,2025-07,7496.07,0.00,824.57,2025-07-25
18319,246,2025-07,2734.05,0.00,300.75,2025-07-25
18320,247,2025-07,2789.37,0.00,306.83,2025-07-25
18321,248,2025-07,2873.34,0.00,316.07,2025-07-25
18322,249,2025-07,2466.79,0.00,271.35,2025-07-25
18323,250,2025-07,2342.16,0.00,257.64,2025-07-25
18324,251,2025-07,2465.14,0.00,271.17,2025-07-25
18325,252,2025-07,3451.04,0.00,379.61,2025-07-25
18326,253,2025-07,2701.22,0.00,297.13,2025-07-25
18327,254,2025-07,2472.28,0.00,271.95,2025-07-25
18328,255,2025-07,2411.07,0.00,265.22,2025-07-25
18329,256,2025-07,2887.73,0.00,317.65,2025-07-25
18330,257,2025-07,2303.92,0.00,253.43,2025-07-25
18331,258,2025-07,2654.95,0.00,292.04,2025-07-25
18332,259,2025-07,2652.41,0.00,291.77,2025-07-25
18333,260,2025-07,2382.45,0.00,262.07,2025-07-25
18334,261,2025-07,3179.42,0.00,349.74,2025-07-25
18335,262,2025-07,2408.05,0.00,264.89,2025-07-25
18336,263,2025-07,2664.68,0.00,293.11,2025-07-25
18337,264,2025-07,2604.24,0.00,286.47,2025-07-25
18338,1,2025-08,7485.55,0.00,823.41,2025-08-25
18339,3,2025-08,2716.69,0.00,298.84,2025-08-25
18340,4,2025-08,2351.34,0.00,258.65,2025-08-25
18341,5,2025-08,3402.36,0.00,374.26,2025-08-25
18342,6,2025-08,2735.45,0.00,300.90,2025-08-25
18343,8,2025-08,2426.15,0.00,266.88,2025-08-25
18344,10,2025-08,2645.72,0.00,291.03,2025-08-25
18345,11,2025-08,4654.59,0.00,512.00,2025-08-25
18346,12,2025-08,3332.12,0.00,366.53,2025-08-25
18347,13,2025-08,4940.53,0.00,543.46,2025-08-25
18348,14,2025-08,4654.95,0.00,512.04,2025-08-25
18349,15,2025-08,2844.70,0.00,312.92,2025-08-25
18350,16,2025-08,3355.61,0.00,369.12,2025-08-25
18351,17,2025-08,2388.38,0.00,262.72,2025-08-25
18352,18,2025-08,2762.38,0.00,303.86,2025-08-25
18353,19,2025-08,2766.99,0.00,304.37,2025-08-25
18354,20,2025-08,2522.51,0.00,277.48,2025-08-25
18355,22,2025-08,2661.73,0.00,292.79,2025-08-25
18356,24,2025-08,7440.82,0.00,818.49,2025-08-25
18357,25,2025-08,4963.48,0.00,545.98,2025-08-25
18358,26,2025-08,3042.14,0.00,334.64,2025-08-25
18359,28,2025-08,4954.02,0.00,544.94,2025-08-25
18360,29,2025-08,2472.13,0.00,271.93,2025-08-25
18361,30,2025-08,3163.68,0.00,348.00,2025-08-25
18362,31,2025-08,2519.98,0.00,277.20,2025-08-25
18363,32,2025-08,2653.51,0.00,291.89,2025-08-25
18364,33,2025-08,3125.93,0.00,343.85,2025-08-25
18365,35,2025-08,2920.43,0.00,321.25,2025-08-25
18366,36,2025-08,2856.60,0.00,314.23,2025-08-25
18367,37,2025-08,3250.38,0.00,357.54,2025-08-25
18368,38,2025-08,4947.59,0.00,544.23,2025-08-25
18369,39,2025-08,2781.16,0.00,305.93,2025-08-25
18370,41,2025-08,2896.92,0.00,318.66,2025-08-25
18371,43,2025-08,2729.75,0.00,300.27,2025-08-25
18372,44,2025-08,2872.79,0.00,316.01,2025-08-25
18373,45,2025-08,2331.40,0.00,256.45,2025-08-25
18374,46,2025-08,2783.79,0.00,306.22,2025-08-25
18375,48,2025-08,2630.53,0.00,289.36,2025-08-25
18376,49,2025-08,7983.04,0.00,878.13,2025-08-25
18377,50,2025-08,3030.59,0.00,333.36,2025-08-25
18378,51,2025-08,2456.02,0.00,270.16,2025-08-25
18379,52,2025-08,2749.44,0.00,302.44,2025-08-25
18380,53,2025-08,2920.08,0.00,321.21,2025-08-25
18381,55,2025-08,2455.22,0.00,270.07,2025-08-25
18382,56,2025-08,4409.32,0.00,485.03,2025-08-25
18383,57,2025-08,2550.18,0.00,280.52,2025-08-25
18384,59,2025-08,2855.92,0.00,314.15,2025-08-25
18385,60,2025-08,3104.59,0.00,341.50,2025-08-25
18386,61,2025-08,4560.01,0.00,501.60,2025-08-25
18387,62,2025-08,3223.07,0.00,354.54,2025-08-25
18388,63,2025-08,2494.50,0.00,274.39,2025-08-25
18389,64,2025-08,2577.58,0.00,283.53,2025-08-25
18390,66,2025-08,2413.24,0.00,265.46,2025-08-25
18391,68,2025-08,7309.52,0.00,804.05,2025-08-25
18392,69,2025-08,4461.36,0.00,490.75,2025-08-25
18393,70,2025-08,2610.16,0.00,287.12,2025-08-25
18394,71,2025-08,2704.69,0.00,297.52,2025-08-25
18395,72,2025-08,4369.87,0.00,480.69,2025-08-25
18396,73,2025-08,3116.60,0.00,342.83,2025-08-25
18397,75,2025-08,2383.52,0.00,262.19,2025-08-25
18398,77,2025-08,3147.90,0.00,346.27,2025-08-25
18399,78,2025-08,2871.33,0.00,315.85,2025-08-25
18400,80,2025-08,2543.55,0.00,279.79,2025-08-25
18401,81,2025-08,2792.45,0.00,307.17,2025-08-25
18402,82,2025-08,2851.95,0.00,313.71,2025-08-25
18403,83,2025-08,2704.62,0.00,297.51,2025-08-25
18404,84,2025-08,7058.23,0.00,776.41,2025-08-25
18405,86,2025-08,2740.46,0.00,301.45,2025-08-25
18406,87,2025-08,2810.01,0.00,309.10,2025-08-25
18407,88,2025-08,4637.48,0.00,510.12,2025-08-25
18408,89,2025-08,2558.50,0.00,281.44,2025-08-25
18409,90,2025-08,2394.85,0.00,263.43,2025-08-25
18410,91,2025-08,5020.82,0.00,552.29,2025-08-25
18411,92,2025-08,2327.93,0.00,256.07,2025-08-25
18412,93,2025-08,2785.09,0.00,306.36,2025-08-25
18413,94,2025-08,3130.77,0.00,344.38,2025-08-25
18414,95,2025-08,2585.50,0.00,284.41,2025-08-25
18415,96,2025-08,2515.96,0.00,276.76,2025-08-25
18416,97,2025-08,7182.52,0.00,790.08,2025-08-25
18417,98,2025-08,2619.18,0.00,288.11,2025-08-25
18418,99,2025-08,3250.85,0.00,357.59,2025-08-25
18419,100,2025-08,2723.88,0.00,299.63,2025-08-25
18420,101,2025-08,4646.83,0.00,511.15,2025-08-25
18421,103,2025-08,2926.92,0.00,321.96,2025-08-25
18422,104,2025-08,4617.17,0.00,507.89,2025-08-25
18423,105,2025-08,2498.96,0.00,274.89,2025-08-25
18424,106,2025-08,3167.67,0.00,348.44,2025-08-25
18425,107,2025-08,2779.27,0.00,305.72,2025-08-25
18426,108,2025-08,2561.08,0.00,281.72,2025-08-25
18427,110,2025-08,2554.00,0.00,280.94,2025-08-25
18428,111,2025-08,2396.49,0.00,263.61,2025-08-25
18429,112,2025-08,2756.64,0.00,303.23,2025-08-25
18430,113,2025-08,2630.12,0.00,289.31,2025-08-25
18431,114,2025-08,2348.82,0.00,258.37,2025-08-25
18432,115,2025-08,7840.64,0.00,862.47,2025-08-25
18433,116,2025-08,2509.90,0.00,276.09,2025-08-25
18434,117,2025-08,2477.89,0.00,272.57,2025-08-25
18435,118,2025-08,2498.62,0.00,274.85,2025-08-25
18436,119,2025-08,2359.74,0.00,259.57,2025-08-25
18437,120,2025-08,4772.99,0.00,525.03,2025-08-25
18438,121,2025-08,4913.36,0.00,540.47,2025-08-25
18439,122,2025-08,2411.32,0.00,265.25,2025-08-25
18440,123,2025-08,3005.93,0.00,330.65,2025-08-25
18441,124,2025-08,2528.91,0.00,278.18,2025-08-25
18442,125,2025-08,3466.01,0.00,381.26,2025-08-25
18443,126,2025-08,3389.20,0.00,372.81,2025-08-25
18444,127,2025-08,3476.26,0.00,382.39,2025-08-25
18445,128,2025-08,2640.90,0.00,290.50,2025-08-25
18446,129,2025-08,2626.35,0.00,288.90,2025-08-25
18447,130,2025-08,2426.54,0.00,266.92,2025-08-25
18448,131,2025-08,2503.02,0.00,275.33,2025-08-25
18449,132,2025-08,7489.53,0.00,823.85,2025-08-25
18450,133,2025-08,2481.29,0.00,272.94,2025-08-25
18451,135,2025-08,3321.39,0.00,365.35,2025-08-25
18452,136,2025-08,2936.83,0.00,323.05,2025-08-25
18453,137,2025-08,2423.17,0.00,266.55,2025-08-25
18454,138,2025-08,2998.40,0.00,329.82,2025-08-25
18455,139,2025-08,2354.76,0.00,259.02,2025-08-25
18456,140,2025-08,2537.62,0.00,279.14,2025-08-25
18457,141,2025-08,4791.59,0.00,527.07,2025-08-25
18458,142,2025-08,2363.76,0.00,260.01,2025-08-25
18459,144,2025-08,5154.71,0.00,567.02,2025-08-25
18460,145,2025-08,2895.09,0.00,318.46,2025-08-25
18461,146,2025-08,2811.46,0.00,309.26,2025-08-25
18462,147,2025-08,2625.64,0.00,288.82,2025-08-25
18463,148,2025-08,2630.15,0.00,289.32,2025-08-25
18464,149,2025-08,7607.11,0.00,836.78,2025-08-25
18465,150,2025-08,2650.06,0.00,291.51,2025-08-25
18466,151,2025-08,2712.46,0.00,298.37,2025-08-25
18467,152,2025-08,2520.98,0.00,277.31,2025-08-25
18468,153,2025-08,2941.46,0.00,323.56,2025-08-25
18469,154,2025-08,3106.93,0.00,341.76,2025-08-25
18470,157,2025-08,2874.09,0.00,316.15,2025-08-25
18471,158,2025-08,4399.18,0.00,483.91,2025-08-25
18472,159,2025-08,2328.86,0.00,256.17,2025-08-25
18473,160,2025-08,2410.63,0.00,265.17,2025-08-25
18474,161,2025-08,7591.42,0.00,835.06,2025-08-25
18475,162,2025-08,2787.47,0.00,306.62,2025-08-25
18476,163,2025-08,3350.12,0.00,368.51,2025-08-25
18477,164,2025-08,4994.90,0.00,549.44,2025-08-25
18478,165,2025-08,2947.30,0.00,324.20,2025-08-25
18479,166,2025-08,2401.37,0.00,264.15,2025-08-25
18480,167,2025-08,2637.92,0.00,290.17,2025-08-25
18481,168,2025-08,2784.05,0.00,306.25,2025-08-25
18482,169,2025-08,2531.80,0.00,278.50,2025-08-25
18483,170,2025-08,2873.22,0.00,316.05,2025-08-25
18484,172,2025-08,4909.33,0.00,540.03,2025-08-25
18485,173,2025-08,2572.11,0.00,282.93,2025-08-25
18486,174,2025-08,2783.91,0.00,306.23,2025-08-25
18487,175,2025-08,2345.92,0.00,258.05,2025-08-25
18488,176,2025-08,2759.68,0.00,303.56,2025-08-25
18489,177,2025-08,7864.77,0.00,865.12,2025-08-25
18490,179,2025-08,2561.72,0.00,281.79,2025-08-25
18491,180,2025-08,3128.61,0.00,344.15,2025-08-25
18492,181,2025-08,4914.65,0.00,540.61,2025-08-25
18493,182,2025-08,3403.17,0.00,374.35,2025-08-25
18494,184,2025-08,2974.53,0.00,327.20,2025-08-25
18495,185,2025-08,2818.81,0.00,310.07,2025-08-25
18496,187,2025-08,2790.44,0.00,306.95,2025-08-25
18497,188,2025-08,4724.09,0.00,519.65,2025-08-25
18498,189,2025-08,2313.52,0.00,254.49,2025-08-25
18499,190,2025-08,2341.49,0.00,257.56,2025-08-25
18500,191,2025-08,7259.60,0.00,798.56,2025-08-25
18501,192,2025-08,2472.92,0.00,272.02,2025-08-25
18502,193,2025-08,2323.64,0.00,255.60,2025-08-25
18503,194,2025-08,2327.09,0.00,255.98,2025-08-25
18504,195,2025-08,3234.44,0.00,355.79,2025-08-25
18505,196,2025-08,4485.58,0.00,493.41,2025-08-25
18506,197,2025-08,2400.39,0.00,264.04,2025-08-25
18507,198,2025-08,3118.29,0.00,343.01,2025-08-25
18508,199,2025-08,2319.07,0.00,255.10,2025-08-25
18509,200,2025-08,2737.55,0.00,301.13,2025-08-25
18510,201,2025-08,2645.17,0.00,290.97,2025-08-25
18511,202,2025-08,2634.93,0.00,289.84,2025-08-25
18512,203,2025-08,2510.18,0.00,276.12,2025-08-25
18513,204,2025-08,2329.98,0.00,256.30,2025-08-25
18514,205,2025-08,2849.41,0.00,313.44,2025-08-25
18515,206,2025-08,2383.18,0.00,262.15,2025-08-25
18516,207,2025-08,2444.10,0.00,268.85,2025-08-25
18517,208,2025-08,3059.14,0.00,336.51,2025-08-25
18518,209,2025-08,2662.04,0.00,292.82,2025-08-25
18519,210,2025-08,2741.96,0.00,301.62,2025-08-25
18520,211,2025-08,2772.03,0.00,304.92,2025-08-25
18521,212,2025-08,2384.80,0.00,262.33,2025-08-25
18522,213,2025-08,2517.09,0.00,276.88,2025-08-25
18523,214,2025-08,3257.92,0.00,358.37,2025-08-25
18524,215,2025-08,2813.24,0.00,309.46,2025-08-25
18525,216,2025-08,2612.46,0.00,287.37,2025-08-25
18526,217,2025-08,2335.34,0.00,256.89,2025-08-25
18527,218,2025-08,2643.91,0.00,290.83,2025-08-25
18528,219,2025-08,2726.60,0.00,299.93,2025-08-25
18529,220,2025-08,2402.56,0.00,264.28,2025-08-25
18530,221,2025-08,2536.70,0.00,279.04,2025-08-25
18531,222,2025-08,2727.34,0.00,300.01,2025-08-25
18532,223,2025-08,2656.73,0.00,292.24,2025-08-25
18533,224,2025-08,2702.42,0.00,297.27,2025-08-25
18534,225,2025-08,2385.55,0.00,262.41,2025-08-25
18535,226,2025-08,2655.25,0.00,292.08,2025-08-25
18536,227,2025-08,2376.68,0.00,261.43,2025-08-25
18537,228,2025-08,2474.15,0.00,272.16,2025-08-25
18538,229,2025-08,2712.22,0.00,298.34,2025-08-25
18539,230,2025-08,2802.31,0.00,308.25,2025-08-25
18540,231,2025-08,2445.77,0.00,269.03,2025-08-25
18541,232,2025-08,2282.79,0.00,251.11,2025-08-25
18542,233,2025-08,2808.43,0.00,308.93,2025-08-25
18543,234,2025-08,2793.08,0.00,307.24,2025-08-25
18544,235,2025-08,2745.99,0.00,302.06,2025-08-25
18545,236,2025-08,5008.65,0.00,550.95,2025-08-25
18546,237,2025-08,4685.45,0.00,515.40,2025-08-25
18547,238,2025-08,2685.04,0.00,295.35,2025-08-25
18548,239,2025-08,2980.63,0.00,327.87,2025-08-25
18549,240,2025-08,2517.86,0.00,276.96,2025-08-25
18550,241,2025-08,3249.39,0.00,357.43,2025-08-25
18551,242,2025-08,2526.11,0.00,277.87,2025-08-25
18552,243,2025-08,2895.54,0.00,318.51,2025-08-25
18553,244,2025-08,2870.66,0.00,315.77,2025-08-25
18554,245,2025-08,7480.31,0.00,822.83,2025-08-25
18555,246,2025-08,2722.12,0.00,299.43,2025-08-25
18556,247,2025-08,2793.53,0.00,307.29,2025-08-25
18557,248,2025-08,2899.99,0.00,319.00,2025-08-25
18558,249,2025-08,2461.07,0.00,270.72,2025-08-25
18559,250,2025-08,2361.33,0.00,259.75,2025-08-25
18560,251,2025-08,2473.42,0.00,272.08,2025-08-25
18561,252,2025-08,3421.10,0.00,376.32,2025-08-25
18562,253,2025-08,2711.65,0.00,298.28,2025-08-25
18563,254,2025-08,2450.27,0.00,269.53,2025-08-25
18564,255,2025-08,2417.40,0.00,265.91,2025-08-25
18565,256,2025-08,2895.23,0.00,318.48,2025-08-25
18566,257,2025-08,2296.14,0.00,252.58,2025-08-25
18567,258,2025-08,2653.21,0.00,291.85,2025-08-25
18568,259,2025-08,2651.41,0.00,291.66,2025-08-25
18569,260,2025-08,2379.69,0.00,261.77,2025-08-25
18570,261,2025-08,3170.20,0.00,348.72,2025-08-25
18571,262,2025-08,2403.53,0.00,264.39,2025-08-25
18572,263,2025-08,2671.02,0.00,293.81,2025-08-25
18573,264,2025-08,2599.40,0.00,285.93,2025-08-25
18574,1,2025-09,7442.65,0.00,818.69,2025-09-25
18575,3,2025-09,2712.02,0.00,298.32,2025-09-25
18576,4,2025-09,2355.14,0.00,259.07,2025-09-25
18577,5,2025-09,3402.60,0.00,374.29,2025-09-25
18578,6,2025-09,2714.23,0.00,298.57,2025-09-25
18579,8,2025-09,2448.04,0.00,269.28,2025-09-25
18580,10,2025-09,2659.71,0.00,292.57,2025-09-25
18581,11,2025-09,4647.25,0.00,511.20,2025-09-25
18582,12,2025-09,3347.52,0.00,368.23,2025-09-25
18583,13,2025-09,4923.23,0.00,541.56,2025-09-25
18584,14,2025-09,4644.29,0.00,510.87,2025-09-25
18585,15,2025-09,2861.62,0.00,314.78,2025-09-25
18586,16,2025-09,3356.65,0.00,369.23,2025-09-25
18587,17,2025-09,2390.98,0.00,263.01,2025-09-25
18588,18,2025-09,2754.34,0.00,302.98,2025-09-25
18589,19,2025-09,2769.26,0.00,304.62,2025-09-25
18590,20,2025-09,2514.49,0.00,276.59,2025-09-25
18591,22,2025-09,2662.44,0.00,292.87,2025-09-25
18592,24,2025-09,7456.98,0.00,820.27,2025-09-25
18593,25,2025-09,4979.86,0.00,547.78,2025-09-25
18594,26,2025-09,3041.51,0.00,334.57,2025-09-25
18595,28,2025-09,4952.01,0.00,544.72,2025-09-25
18596,29,2025-09,2455.76,0.00,270.13,2025-09-25
18597,30,2025-09,3142.48,0.00,345.67,2025-09-25
18598,31,2025-09,2509.39,0.00,276.03,2025-09-25
18599,32,2025-09,2652.17,0.00,291.74,2025-09-25
18600,33,2025-09,3137.33,0.00,345.11,2025-09-25
18601,35,2025-09,2916.08,0.00,320.77,2025-09-25
18602,36,2025-09,2850.01,0.00,313.50,2025-09-25
18603,37,2025-09,3240.84,0.00,356.49,2025-09-25
18604,38,2025-09,4934.31,0.00,542.77,2025-09-25
18605,39,2025-09,2782.92,0.00,306.12,2025-09-25
18606,41,2025-09,2889.15,0.00,317.81,2025-09-25
18607,43,2025-09,2708.13,0.00,297.89,2025-09-25
18608,44,2025-09,2882.80,0.00,317.11,2025-09-25
18609,45,2025-09,2334.49,0.00,256.79,2025-09-25
18610,46,2025-09,2771.35,0.00,304.85,2025-09-25
18611,48,2025-09,2646.81,0.00,291.15,2025-09-25
18612,49,2025-09,7981.31,0.00,877.94,2025-09-25
18613,50,2025-09,3038.98,0.00,334.29,2025-09-25
18614,51,2025-09,2456.83,0.00,270.25,2025-09-25
18615,52,2025-09,2749.63,0.00,302.46,2025-09-25
18616,53,2025-09,2914.01,0.00,320.54,2025-09-25
18617,55,2025-09,2450.97,0.00,269.61,2025-09-25
18618,56,2025-09,4422.16,0.00,486.44,2025-09-25
18619,57,2025-09,2559.52,0.00,281.55,2025-09-25
18620,59,2025-09,2857.20,0.00,314.29,2025-09-25
18621,60,2025-09,3105.88,0.00,341.65,2025-09-25
18622,61,2025-09,4551.93,0.00,500.71,2025-09-25
18623,62,2025-09,3246.79,0.00,357.15,2025-09-25
18624,63,2025-09,2489.93,0.00,273.89,2025-09-25
18625,64,2025-09,2571.20,0.00,282.83,2025-09-25
18626,66,2025-09,2426.50,0.00,266.92,2025-09-25
18627,68,2025-09,7247.93,0.00,797.27,2025-09-25
18628,69,2025-09,4457.84,0.00,490.36,2025-09-25
18629,70,2025-09,2628.94,0.00,289.18,2025-09-25
18630,71,2025-09,2716.68,0.00,298.83,2025-09-25
18631,72,2025-09,4356.24,0.00,479.19,2025-09-25
18632,73,2025-09,3115.48,0.00,342.70,2025-09-25
18633,75,2025-09,2375.24,0.00,261.28,2025-09-25
18634,77,2025-09,3173.06,0.00,349.04,2025-09-25
18635,78,2025-09,2851.00,0.00,313.61,2025-09-25
18636,80,2025-09,2534.39,0.00,278.78,2025-09-25
18637,81,2025-09,2787.57,0.00,306.63,2025-09-25
18638,82,2025-09,2849.85,0.00,313.48,2025-09-25
18639,83,2025-09,2721.60,0.00,299.38,2025-09-25
18640,84,2025-09,7040.31,0.00,774.43,2025-09-25
18641,86,2025-09,2746.02,0.00,302.06,2025-09-25
18642,87,2025-09,2801.76,0.00,308.19,2025-09-25
18643,88,2025-09,4665.02,0.00,513.15,2025-09-25
18644,89,2025-09,2563.42,0.00,281.98,2025-09-25
18645,90,2025-09,2402.71,0.00,264.30,2025-09-25
18646,91,2025-09,5045.73,0.00,555.03,2025-09-25
18647,92,2025-09,2315.42,0.00,254.70,2025-09-25
18648,93,2025-09,2800.13,0.00,308.01,2025-09-25
18649,94,2025-09,3138.05,0.00,345.19,2025-09-25
18650,95,2025-09,2582.05,0.00,284.03,2025-09-25
18651,96,2025-09,2508.26,0.00,275.91,2025-09-25
18652,97,2025-09,7167.18,0.00,788.39,2025-09-25
18653,98,2025-09,2603.80,0.00,286.42,2025-09-25
18654,99,2025-09,3222.24,0.00,354.45,2025-09-25
18655,100,2025-09,2729.42,0.00,300.24,2025-09-25
18656,101,2025-09,4644.45,0.00,510.89,2025-09-25
18657,103,2025-09,2945.86,0.00,324.04,2025-09-25
18658,104,2025-09,4615.88,0.00,507.75,2025-09-25
18659,105,2025-09,2498.06,0.00,274.79,2025-09-25
18660,106,2025-09,3160.90,0.00,347.70,2025-09-25
18661,107,2025-09,2785.70,0.00,306.43,2025-09-25
18662,108,2025-09,2548.50,0.00,280.33,2025-09-25
18663,110,2025-09,2541.07,0.00,279.52,2025-09-25
18664,111,2025-09,2397.60,0.00,263.74,2025-09-25
18665,112,2025-09,2740.25,0.00,301.43,2025-09-25
18666,113,2025-09,2626.66,0.00,288.93,2025-09-25
18667,114,2025-09,2344.06,0.00,257.85,2025-09-25
18668,115,2025-09,7782.80,0.00,856.11,2025-09-25
18669,116,2025-09,2518.04,0.00,276.98,2025-09-25
18670,117,2025-09,2475.28,0.00,272.28,2025-09-25
18671,118,2025-09,2505.66,0.00,275.62,2025-09-25
18672,119,2025-09,2358.42,0.00,259.43,2025-09-25
18673,120,2025-09,4806.55,0.00,528.72,2025-09-25
18674,121,2025-09,4908.91,0.00,539.98,2025-09-25
18675,122,2025-09,2418.15,0.00,266.00,2025-09-25
18676,123,2025-09,3000.58,0.00,330.06,2025-09-25
18677,124,2025-09,2549.96,0.00,280.50,2025-09-25
18678,125,2025-09,3483.43,0.00,383.18,2025-09-25
18679,126,2025-09,3401.12,0.00,374.12,2025-09-25
18680,127,2025-09,3480.86,0.00,382.89,2025-09-25
18681,128,2025-09,2631.11,0.00,289.42,2025-09-25
18682,129,2025-09,2631.55,0.00,289.47,2025-09-25
18683,130,2025-09,2407.63,0.00,264.84,2025-09-25
18684,131,2025-09,2501.03,0.00,275.11,2025-09-25
18685,132,2025-09,7499.82,0.00,824.98,2025-09-25
18686,133,2025-09,2477.96,0.00,272.58,2025-09-25
18687,135,2025-09,3344.81,0.00,367.93,2025-09-25
18688,136,2025-09,2937.64,0.00,323.14,2025-09-25
18689,137,2025-09,2425.41,0.00,266.80,2025-09-25
18690,138,2025-09,3008.35,0.00,330.92,2025-09-25
18691,139,2025-09,2364.52,0.00,260.10,2025-09-25
18692,140,2025-09,2537.08,0.00,279.08,2025-09-25
18693,141,2025-09,4806.76,0.00,528.74,2025-09-25
18694,142,2025-09,2362.59,0.00,259.88,2025-09-25
18695,144,2025-09,5150.49,0.00,566.55,2025-09-25
18696,145,2025-09,2917.13,0.00,320.88,2025-09-25
18697,146,2025-09,2815.47,0.00,309.70,2025-09-25
18698,147,2025-09,2635.05,0.00,289.86,2025-09-25
18699,148,2025-09,2623.68,0.00,288.60,2025-09-25
18700,149,2025-09,7621.68,0.00,838.38,2025-09-25
18701,150,2025-09,2660.30,0.00,292.63,2025-09-25
18702,151,2025-09,2700.63,0.00,297.07,2025-09-25
18703,152,2025-09,2543.57,0.00,279.79,2025-09-25
18704,153,2025-09,2946.95,0.00,324.16,2025-09-25
18705,154,2025-09,3094.33,0.00,340.38,2025-09-25
18706,157,2025-09,2881.90,0.00,317.01,2025-09-25
18707,158,2025-09,4401.32,0.00,484.15,2025-09-25
18708,159,2025-09,2326.79,0.00,255.95,2025-09-25
18709,160,2025-09,2426.55,0.00,266.92,2025-09-25
18710,161,2025-09,7606.53,0.00,836.72,2025-09-25
18711,162,2025-09,2778.92,0.00,305.68,2025-09-25
18712,163,2025-09,3350.66,0.00,368.57,2025-09-25
18713,164,2025-09,5009.28,0.00,551.02,2025-09-25
18714,165,2025-09,2964.43,0.00,326.09,2025-09-25
18715,166,2025-09,2398.82,0.00,263.87,2025-09-25
18716,167,2025-09,2635.28,0.00,289.88,2025-09-25
18717,168,2025-09,2792.19,0.00,307.14,2025-09-25
18718,169,2025-09,2531.68,0.00,278.48,2025-09-25
18719,170,2025-09,2882.86,0.00,317.11,2025-09-25
18720,172,2025-09,4916.28,0.00,540.79,2025-09-25
18721,173,2025-09,2567.10,0.00,282.38,2025-09-25
18722,174,2025-09,2783.07,0.00,306.14,2025-09-25
18723,175,2025-09,2341.04,0.00,257.51,2025-09-25
18724,176,2025-09,2745.72,0.00,302.03,2025-09-25
18725,177,2025-09,7910.06,0.00,870.11,2025-09-25
18726,179,2025-09,2552.38,0.00,280.76,2025-09-25
18727,180,2025-09,3132.53,0.00,344.58,2025-09-25
18728,181,2025-09,4915.17,0.00,540.67,2025-09-25
18729,182,2025-09,3421.30,0.00,376.34,2025-09-25
18730,184,2025-09,2957.17,0.00,325.29,2025-09-25
18731,185,2025-09,2796.48,0.00,307.61,2025-09-25
18732,187,2025-09,2790.17,0.00,306.92,2025-09-25
18733,188,2025-09,4708.93,0.00,517.98,2025-09-25
18734,189,2025-09,2298.89,0.00,252.88,2025-09-25
18735,190,2025-09,2333.71,0.00,256.71,2025-09-25
18736,191,2025-09,7247.59,0.00,797.23,2025-09-25
18737,192,2025-09,2478.28,0.00,272.61,2025-09-25
18738,193,2025-09,2336.74,0.00,257.04,2025-09-25
18739,194,2025-09,2341.17,0.00,257.53,2025-09-25
18740,195,2025-09,3213.35,0.00,353.47,2025-09-25
18741,196,2025-09,4495.46,0.00,494.50,2025-09-25
18742,197,2025-09,2415.06,0.00,265.66,2025-09-25
18743,198,2025-09,3104.96,0.00,341.55,2025-09-25
18744,199,2025-09,2314.41,0.00,254.59,2025-09-25
18745,200,2025-09,2735.39,0.00,300.89,2025-09-25
18746,201,2025-09,2654.55,0.00,292.00,2025-09-25
18747,202,2025-09,2638.78,0.00,290.27,2025-09-25
18748,203,2025-09,2508.75,0.00,275.96,2025-09-25
18749,204,2025-09,2313.72,0.00,254.51,2025-09-25
18750,205,2025-09,2840.49,0.00,312.45,2025-09-25
18751,206,2025-09,2375.39,0.00,261.29,2025-09-25
18752,207,2025-09,2448.36,0.00,269.32,2025-09-25
18753,208,2025-09,3066.15,0.00,337.28,2025-09-25
18754,209,2025-09,2669.77,0.00,293.67,2025-09-25
18755,210,2025-09,2729.25,0.00,300.22,2025-09-25
18756,211,2025-09,2759.54,0.00,303.55,2025-09-25
18757,212,2025-09,2386.90,0.00,262.56,2025-09-25
18758,213,2025-09,2511.36,0.00,276.25,2025-09-25
18759,214,2025-09,3245.96,0.00,357.06,2025-09-25
18760,215,2025-09,2839.72,0.00,312.37,2025-09-25
18761,216,2025-09,2606.32,0.00,286.70,2025-09-25
18762,217,2025-09,2324.77,0.00,255.72,2025-09-25
18763,218,2025-09,2644.14,0.00,290.86,2025-09-25
18764,219,2025-09,2712.92,0.00,298.42,2025-09-25
18765,220,2025-09,2390.49,0.00,262.95,2025-09-25
18766,221,2025-09,2535.77,0.00,278.93,2025-09-25
18767,222,2025-09,2711.39,0.00,298.25,2025-09-25
18768,223,2025-09,2682.10,0.00,295.03,2025-09-25
18769,224,2025-09,2711.36,0.00,298.25,2025-09-25
18770,225,2025-09,2389.30,0.00,262.82,2025-09-25
18771,226,2025-09,2633.36,0.00,289.67,2025-09-25
18772,227,2025-09,2377.64,0.00,261.54,2025-09-25
18773,228,2025-09,2489.13,0.00,273.80,2025-09-25
18774,229,2025-09,2722.51,0.00,299.48,2025-09-25
18775,230,2025-09,2811.34,0.00,309.25,2025-09-25
18776,231,2025-09,2438.78,0.00,268.27,2025-09-25
18777,232,2025-09,2286.59,0.00,251.52,2025-09-25
18778,233,2025-09,2784.65,0.00,306.31,2025-09-25
18779,234,2025-09,2810.05,0.00,309.11,2025-09-25
18780,235,2025-09,2739.34,0.00,301.33,2025-09-25
18781,236,2025-09,4993.05,0.00,549.24,2025-09-25
18782,237,2025-09,4662.80,0.00,512.91,2025-09-25
18783,238,2025-09,2688.62,0.00,295.75,2025-09-25
18784,239,2025-09,2985.11,0.00,328.36,2025-09-25
18785,240,2025-09,2527.39,0.00,278.01,2025-09-25
18786,241,2025-09,3240.43,0.00,356.45,2025-09-25
18787,242,2025-09,2525.43,0.00,277.80,2025-09-25
18788,243,2025-09,2897.49,0.00,318.72,2025-09-25
18789,244,2025-09,2878.50,0.00,316.63,2025-09-25
18790,245,2025-09,7499.68,0.00,824.96,2025-09-25
18791,246,2025-09,2725.33,0.00,299.79,2025-09-25
18792,247,2025-09,2801.79,0.00,308.20,2025-09-25
18793,248,2025-09,2886.94,0.00,317.56,2025-09-25
18794,249,2025-09,2478.79,0.00,272.67,2025-09-25
18795,250,2025-09,2347.47,0.00,258.22,2025-09-25
18796,251,2025-09,2475.98,0.00,272.36,2025-09-25
18797,252,2025-09,3442.71,0.00,378.70,2025-09-25
18798,253,2025-09,2717.79,0.00,298.96,2025-09-25
18799,254,2025-09,2458.00,0.00,270.38,2025-09-25
18800,255,2025-09,2424.69,0.00,266.72,2025-09-25
18801,256,2025-09,2900.47,0.00,319.05,2025-09-25
18802,257,2025-09,2303.39,0.00,253.37,2025-09-25
18803,258,2025-09,2652.77,0.00,291.80,2025-09-25
18804,259,2025-09,2643.14,0.00,290.75,2025-09-25
18805,260,2025-09,2367.56,0.00,260.43,2025-09-25
18806,261,2025-09,3173.94,0.00,349.13,2025-09-25
18807,262,2025-09,2399.01,0.00,263.89,2025-09-25
18808,263,2025-09,2667.41,0.00,293.42,2025-09-25
18809,264,2025-09,2602.40,0.00,286.26,2025-09-25
18810,1,2025-10,7502.95,0.00,825.32,2025-10-25
18811,3,2025-10,2718.62,0.00,299.05,2025-10-25
18812,4,2025-10,2368.04,0.00,260.48,2025-10-25
18813,5,2025-10,3423.90,0.00,376.63,2025-10-25
18814,6,2025-10,2729.11,0.00,300.20,2025-10-25
18815,8,2025-10,2445.46,0.00,269.00,2025-10-25
18816,10,2025-10,2656.87,0.00,292.26,2025-10-25
18817,11,2025-10,4654.69,0.00,512.02,2025-10-25
18818,12,2025-10,3333.13,0.00,366.64,2025-10-25
18819,13,2025-10,4939.96,0.00,543.40,2025-10-25
18820,14,2025-10,4640.63,0.00,510.47,2025-10-25
18821,15,2025-10,2865.97,0.00,315.26,2025-10-25
18822,16,2025-10,3334.07,0.00,366.75,2025-10-25
18823,17,2025-10,2411.37,0.00,265.25,2025-10-25
18824,18,2025-10,2773.73,0.00,305.11,2025-10-25
18825,19,2025-10,2757.95,0.00,303.37,2025-10-25
18826,20,2025-10,2529.64,0.00,278.26,2025-10-25
18827,22,2025-10,2649.22,0.00,291.41,2025-10-25
18828,24,2025-10,7429.41,0.00,817.24,2025-10-25
18829,25,2025-10,4980.97,0.00,547.91,2025-10-25
18830,26,2025-10,3016.94,0.00,331.86,2025-10-25
18831,28,2025-10,4930.60,0.00,542.37,2025-10-25
18832,29,2025-10,2471.04,0.00,271.81,2025-10-25
18833,30,2025-10,3140.17,0.00,345.42,2025-10-25
18834,31,2025-10,2518.47,0.00,277.03,2025-10-25
18835,32,2025-10,2656.74,0.00,292.24,2025-10-25
18836,33,2025-10,3119.49,0.00,343.14,2025-10-25
18837,35,2025-10,2907.91,0.00,319.87,2025-10-25
18838,36,2025-10,2850.84,0.00,313.59,2025-10-25
18839,37,2025-10,3233.29,0.00,355.66,2025-10-25
18840,38,2025-10,4914.79,0.00,540.63,2025-10-25
18841,39,2025-10,2765.47,0.00,304.20,2025-10-25
18842,41,2025-10,2885.26,0.00,317.38,2025-10-25
18843,43,2025-10,2714.92,0.00,298.64,2025-10-25
18844,44,2025-10,2882.53,0.00,317.08,2025-10-25
18845,45,2025-10,2335.63,0.00,256.92,2025-10-25
18846,46,2025-10,2788.00,0.00,306.68,2025-10-25
18847,48,2025-10,2624.72,0.00,288.72,2025-10-25
18848,49,2025-10,7925.96,0.00,871.86,2025-10-25
18849,50,2025-10,3037.03,0.00,334.07,2025-10-25
18850,51,2025-10,2454.30,0.00,269.97,2025-10-25
18851,52,2025-10,2763.08,0.00,303.94,2025-10-25
18852,53,2025-10,2902.27,0.00,319.25,2025-10-25
18853,55,2025-10,2461.26,0.00,270.74,2025-10-25
18854,56,2025-10,4380.34,0.00,481.84,2025-10-25
18855,57,2025-10,2556.34,0.00,281.20,2025-10-25
18856,59,2025-10,2856.86,0.00,314.25,2025-10-25
18857,60,2025-10,3109.61,0.00,342.06,2025-10-25
18858,61,2025-10,4555.65,0.00,501.12,2025-10-25
18859,62,2025-10,3232.30,0.00,355.55,2025-10-25
18860,63,2025-10,2488.89,0.00,273.78,2025-10-25
18861,64,2025-10,2575.88,0.00,283.35,2025-10-25
18862,66,2025-10,2414.57,0.00,265.60,2025-10-25
18863,68,2025-10,7275.76,0.00,800.33,2025-10-25
18864,69,2025-10,4487.73,0.00,493.65,2025-10-25
18865,70,2025-10,2605.61,0.00,286.62,2025-10-25
18866,71,2025-10,2709.79,0.00,298.08,2025-10-25
18867,72,2025-10,4381.70,0.00,481.99,2025-10-25
18868,73,2025-10,3117.12,0.00,342.88,2025-10-25
18869,75,2025-10,2375.64,0.00,261.32,2025-10-25
18870,77,2025-10,3154.92,0.00,347.04,2025-10-25
18871,78,2025-10,2875.22,0.00,316.27,2025-10-25
18872,80,2025-10,2548.29,0.00,280.31,2025-10-25
18873,81,2025-10,2785.15,0.00,306.37,2025-10-25
18874,82,2025-10,2842.73,0.00,312.70,2025-10-25
18875,83,2025-10,2705.81,0.00,297.64,2025-10-25
18876,84,2025-10,7077.76,0.00,778.55,2025-10-25
18877,86,2025-10,2729.61,0.00,300.26,2025-10-25
18878,87,2025-10,2811.08,0.00,309.22,2025-10-25
18879,88,2025-10,4631.98,0.00,509.52,2025-10-25
18880,89,2025-10,2551.54,0.00,280.67,2025-10-25
18881,90,2025-10,2403.27,0.00,264.36,2025-10-25
18882,91,2025-10,5063.03,0.00,556.93,2025-10-25
18883,92,2025-10,2310.25,0.00,254.13,2025-10-25
18884,93,2025-10,2802.69,0.00,308.30,2025-10-25
18885,94,2025-10,3144.64,0.00,345.91,2025-10-25
18886,95,2025-10,2583.47,0.00,284.18,2025-10-25
18887,96,2025-10,2500.79,0.00,275.09,2025-10-25
18888,97,2025-10,7187.45,0.00,790.62,2025-10-25
18889,98,2025-10,2602.56,0.00,286.28,2025-10-25
18890,99,2025-10,3240.58,0.00,356.46,2025-10-25
18891,100,2025-10,2739.20,0.00,301.31,2025-10-25
18892,101,2025-10,4676.84,0.00,514.45,2025-10-25
18893,103,2025-10,2926.29,0.00,321.89,2025-10-25
18894,104,2025-10,4658.86,0.00,512.47,2025-10-25
18895,105,2025-10,2507.84,0.00,275.86,2025-10-25
18896,106,2025-10,3154.41,0.00,346.99,2025-10-25
18897,107,2025-10,2782.93,0.00,306.12,2025-10-25
18898,108,2025-10,2570.36,0.00,282.74,2025-10-25
18899,110,2025-10,2544.45,0.00,279.89,2025-10-25
18900,111,2025-10,2404.91,0.00,264.54,2025-10-25
18901,112,2025-10,2741.91,0.00,301.61,2025-10-25
18902,113,2025-10,2626.20,0.00,288.88,2025-10-25
18903,114,2025-10,2347.98,0.00,258.28,2025-10-25
18904,115,2025-10,7810.30,0.00,859.13,2025-10-25
18905,116,2025-10,2506.41,0.00,275.71,2025-10-25
18906,117,2025-10,2461.82,0.00,270.80,2025-10-25
18907,118,2025-10,2492.59,0.00,274.18,2025-10-25
18908,119,2025-10,2354.90,0.00,259.04,2025-10-25
18909,120,2025-10,4788.14,0.00,526.70,2025-10-25
18910,121,2025-10,4925.95,0.00,541.85,2025-10-25
18911,122,2025-10,2422.90,0.00,266.52,2025-10-25
18912,123,2025-10,2998.24,0.00,329.81,2025-10-25
18913,124,2025-10,2548.06,0.00,280.29,2025-10-25
18914,125,2025-10,3457.16,0.00,380.29,2025-10-25
18915,126,2025-10,3402.29,0.00,374.25,2025-10-25
18916,127,2025-10,3457.49,0.00,380.32,2025-10-25
18917,128,2025-10,2652.59,0.00,291.78,2025-10-25
18918,129,2025-10,2627.76,0.00,289.05,2025-10-25
18919,130,2025-10,2413.11,0.00,265.44,2025-10-25
18920,131,2025-10,2512.04,0.00,276.32,2025-10-25
18921,132,2025-10,7456.13,0.00,820.17,2025-10-25
18922,133,2025-10,2482.93,0.00,273.12,2025-10-25
18923,135,2025-10,3346.09,0.00,368.07,2025-10-25
18924,136,2025-10,2953.99,0.00,324.94,2025-10-25
18925,137,2025-10,2417.31,0.00,265.90,2025-10-25
18926,138,2025-10,3015.14,0.00,331.67,2025-10-25
18927,139,2025-10,2366.37,0.00,260.30,2025-10-25
18928,140,2025-10,2549.51,0.00,280.45,2025-10-25
18929,141,2025-10,4768.46,0.00,524.53,2025-10-25
18930,142,2025-10,2358.02,0.00,259.38,2025-10-25
18931,144,2025-10,5163.73,0.00,568.01,2025-10-25
18932,145,2025-10,2907.44,0.00,319.82,2025-10-25
18933,146,2025-10,2824.84,0.00,310.73,2025-10-25
18934,147,2025-10,2635.13,0.00,289.86,2025-10-25
18935,148,2025-10,2630.12,0.00,289.31,2025-10-25
18936,149,2025-10,7656.72,0.00,842.24,2025-10-25
18937,150,2025-10,2660.65,0.00,292.67,2025-10-25
18938,151,2025-10,2705.97,0.00,297.66,2025-10-25
18939,152,2025-10,2524.99,0.00,277.75,2025-10-25
18940,153,2025-10,2949.83,0.00,324.48,2025-10-25
18941,154,2025-10,3092.94,0.00,340.22,2025-10-25
18942,157,2025-10,2876.16,0.00,316.38,2025-10-25
18943,158,2025-10,4411.40,0.00,485.25,2025-10-25
18944,159,2025-10,2341.47,0.00,257.56,2025-10-25
18945,160,2025-10,2422.09,0.00,266.43,2025-10-25
18946,161,2025-10,7614.94,0.00,837.64,2025-10-25
18947,162,2025-10,2785.96,0.00,306.46,2025-10-25
18948,163,2025-10,3345.63,0.00,368.02,2025-10-25
18949,164,2025-10,4982.25,0.00,548.05,2025-10-25
18950,165,2025-10,2954.69,0.00,325.02,2025-10-25
18951,166,2025-10,2403.73,0.00,264.41,2025-10-25
18952,167,2025-10,2630.98,0.00,289.41,2025-10-25
18953,168,2025-10,2797.69,0.00,307.75,2025-10-25
18954,169,2025-10,2517.08,0.00,276.88,2025-10-25
18955,170,2025-10,2873.96,0.00,316.14,2025-10-25
18956,172,2025-10,4899.72,0.00,538.97,2025-10-25
18957,173,2025-10,2564.03,0.00,282.04,2025-10-25
18958,174,2025-10,2772.82,0.00,305.01,2025-10-25
18959,175,2025-10,2347.86,0.00,258.26,2025-10-25
18960,176,2025-10,2740.39,0.00,301.44,2025-10-25
18961,177,2025-10,7908.06,0.00,869.89,2025-10-25
18962,179,2025-10,2566.34,0.00,282.30,2025-10-25
18963,180,2025-10,3125.47,0.00,343.80,2025-10-25
18964,181,2025-10,4913.10,0.00,540.44,2025-10-25
18965,182,2025-10,3399.03,0.00,373.89,2025-10-25
18966,184,2025-10,2982.27,0.00,328.05,2025-10-25
18967,185,2025-10,2820.91,0.00,310.30,2025-10-25
18968,187,2025-10,2800.74,0.00,308.08,2025-10-25
18969,188,2025-10,4706.17,0.00,517.68,2025-10-25
18970,189,2025-10,2316.27,0.00,254.79,2025-10-25
18971,190,2025-10,2339.46,0.00,257.34,2025-10-25
18972,191,2025-10,7252.80,0.00,797.81,2025-10-25
18973,192,2025-10,2474.17,0.00,272.16,2025-10-25
18974,193,2025-10,2319.66,0.00,255.16,2025-10-25
18975,194,2025-10,2340.79,0.00,257.49,2025-10-25
18976,195,2025-10,3231.54,0.00,355.47,2025-10-25
18977,196,2025-10,4485.44,0.00,493.40,2025-10-25
18978,197,2025-10,2408.40,0.00,264.92,2025-10-25
18979,198,2025-10,3101.29,0.00,341.14,2025-10-25
18980,199,2025-10,2321.99,0.00,255.42,2025-10-25
18981,200,2025-10,2714.76,0.00,298.62,2025-10-25
18982,201,2025-10,2640.82,0.00,290.49,2025-10-25
18983,202,2025-10,2630.06,0.00,289.31,2025-10-25
18984,203,2025-10,2509.15,0.00,276.01,2025-10-25
18985,204,2025-10,2324.34,0.00,255.68,2025-10-25
18986,205,2025-10,2847.50,0.00,313.23,2025-10-25
18987,206,2025-10,2376.91,0.00,261.46,2025-10-25
18988,207,2025-10,2453.84,0.00,269.92,2025-10-25
18989,208,2025-10,3064.41,0.00,337.09,2025-10-25
18990,209,2025-10,2677.71,0.00,294.55,2025-10-25
18991,210,2025-10,2730.21,0.00,300.32,2025-10-25
18992,211,2025-10,2770.36,0.00,304.74,2025-10-25
18993,212,2025-10,2393.55,0.00,263.29,2025-10-25
18994,213,2025-10,2527.10,0.00,277.98,2025-10-25
18995,214,2025-10,3264.39,0.00,359.08,2025-10-25
18996,215,2025-10,2834.97,0.00,311.85,2025-10-25
18997,216,2025-10,2606.44,0.00,286.71,2025-10-25
18998,217,2025-10,2334.10,0.00,256.75,2025-10-25
18999,218,2025-10,2646.19,0.00,291.08,2025-10-25
19000,219,2025-10,2733.27,0.00,300.66,2025-10-25
19001,220,2025-10,2392.34,0.00,263.16,2025-10-25
19002,221,2025-10,2546.04,0.00,280.06,2025-10-25
19003,222,2025-10,2731.86,0.00,300.50,2025-10-25
19004,223,2025-10,2663.03,0.00,292.93,2025-10-25
19005,224,2025-10,2714.23,0.00,298.57,2025-10-25
19006,225,2025-10,2390.09,0.00,262.91,2025-10-25
19007,226,2025-10,2650.07,0.00,291.51,2025-10-25
19008,227,2025-10,2377.05,0.00,261.48,2025-10-25
19009,228,2025-10,2484.95,0.00,273.34,2025-10-25
19010,229,2025-10,2704.07,0.00,297.45,2025-10-25
19011,230,2025-10,2814.42,0.00,309.59,2025-10-25
19012,231,2025-10,2450.39,0.00,269.54,2025-10-25
19013,232,2025-10,2281.55,0.00,250.97,2025-10-25
19014,233,2025-10,2806.76,0.00,308.74,2025-10-25
19015,234,2025-10,2807.29,0.00,308.80,2025-10-25
19016,235,2025-10,2751.30,0.00,302.64,2025-10-25
19017,236,2025-10,4976.67,0.00,547.43,2025-10-25
19018,237,2025-10,4670.29,0.00,513.73,2025-10-25
19019,238,2025-10,2686.86,0.00,295.55,2025-10-25
19020,239,2025-10,2987.20,0.00,328.59,2025-10-25
19021,240,2025-10,2535.31,0.00,278.88,2025-10-25
19022,241,2025-10,3237.76,0.00,356.15,2025-10-25
19023,242,2025-10,2529.33,0.00,278.23,2025-10-25
19024,243,2025-10,2893.34,0.00,318.27,2025-10-25
19025,244,2025-10,2871.62,0.00,315.88,2025-10-25
19026,245,2025-10,7499.41,0.00,824.94,2025-10-25
19027,246,2025-10,2714.39,0.00,298.58,2025-10-25
19028,247,2025-10,2804.26,0.00,308.47,2025-10-25
19029,248,2025-10,2890.15,0.00,317.92,2025-10-25
19030,249,2025-10,2468.27,0.00,271.51,2025-10-25
19031,250,2025-10,2344.26,0.00,257.87,2025-10-25
19032,251,2025-10,2475.23,0.00,272.28,2025-10-25
19033,252,2025-10,3423.87,0.00,376.63,2025-10-25
19034,253,2025-10,2716.71,0.00,298.84,2025-10-25
19035,254,2025-10,2462.71,0.00,270.90,2025-10-25
19036,255,2025-10,2421.80,0.00,266.40,2025-10-25
19037,256,2025-10,2884.74,0.00,317.32,2025-10-25
19038,257,2025-10,2305.55,0.00,253.61,2025-10-25
19039,258,2025-10,2666.82,0.00,293.35,2025-10-25
19040,259,2025-10,2644.39,0.00,290.88,2025-10-25
19041,260,2025-10,2379.81,0.00,261.78,2025-10-25
19042,261,2025-10,3190.49,0.00,350.95,2025-10-25
19043,262,2025-10,2404.85,0.00,264.53,2025-10-25
19044,263,2025-10,2656.87,0.00,292.26,2025-10-25
19045,264,2025-10,2590.15,0.00,284.92,2025-10-25
19046,1,2025-11,7486.18,0.00,823.48,2025-11-25
19047,3,2025-11,2713.08,0.00,298.44,2025-11-25
19048,4,2025-11,2351.01,0.00,258.61,2025-11-25
19049,5,2025-11,3407.91,0.00,374.87,2025-11-25
19050,6,2025-11,2715.83,0.00,298.74,2025-11-25
19051,8,2025-11,2444.63,0.00,268.91,2025-11-25
19052,10,2025-11,2659.59,0.00,292.55,2025-11-25
19053,11,2025-11,4657.36,0.00,512.31,2025-11-25
19054,12,2025-11,3338.61,0.00,367.25,2025-11-25
19055,13,2025-11,4943.07,0.00,543.74,2025-11-25
19056,14,2025-11,4624.56,0.00,508.70,2025-11-25
19057,15,2025-11,2846.23,0.00,313.09,2025-11-25
19058,16,2025-11,3352.45,0.00,368.77,2025-11-25
19059,17,2025-11,2393.85,0.00,263.32,2025-11-25
19060,18,2025-11,2755.54,0.00,303.11,2025-11-25
19061,19,2025-11,2749.94,0.00,302.49,2025-11-25
19062,20,2025-11,2517.32,0.00,276.91,2025-11-25
19063,22,2025-11,2660.14,0.00,292.62,2025-11-25
19064,24,2025-11,7490.14,0.00,823.92,2025-11-25
19065,25,2025-11,4964.13,0.00,546.05,2025-11-25
19066,26,2025-11,3038.31,0.00,334.21,2025-11-25
19067,28,2025-11,4933.56,0.00,542.69,2025-11-25
19068,29,2025-11,2461.04,0.00,270.71,2025-11-25
19069,30,2025-11,3149.70,0.00,346.47,2025-11-25
19070,31,2025-11,2507.90,0.00,275.87,2025-11-25
19071,32,2025-11,2647.75,0.00,291.25,2025-11-25
19072,33,2025-11,3141.46,0.00,345.56,2025-11-25
19073,35,2025-11,2902.96,0.00,319.33,2025-11-25
19074,36,2025-11,2843.88,0.00,312.83,2025-11-25
19075,37,2025-11,3238.85,0.00,356.27,2025-11-25
19076,38,2025-11,4904.34,0.00,539.48,2025-11-25
19077,39,2025-11,2760.73,0.00,303.68,2025-11-25
19078,41,2025-11,2887.71,0.00,317.65,2025-11-25
19079,43,2025-11,2704.54,0.00,297.50,2025-11-25
19080,44,2025-11,2895.93,0.00,318.55,2025-11-25
19081,45,2025-11,2344.33,0.00,257.88,2025-11-25
19082,46,2025-11,2768.41,0.00,304.53,2025-11-25
19083,48,2025-11,2635.30,0.00,289.88,2025-11-25
19084,49,2025-11,7941.57,0.00,873.57,2025-11-25
19085,50,2025-11,3027.66,0.00,333.04,2025-11-25
19086,51,2025-11,2455.83,0.00,270.14,2025-11-25
19087,52,2025-11,2740.41,0.00,301.45,2025-11-25
19088,53,2025-11,2903.23,0.00,319.36,2025-11-25
19089,55,2025-11,2458.41,0.00,270.43,2025-11-25
19090,56,2025-11,4391.80,0.00,483.10,2025-11-25
19091,57,2025-11,2549.59,0.00,280.45,2025-11-25
19092,59,2025-11,2858.81,0.00,314.47,2025-11-25
19093,60,2025-11,3122.47,0.00,343.47,2025-11-25
19094,61,2025-11,4555.56,0.00,501.11,2025-11-25
19095,62,2025-11,3246.89,0.00,357.16,2025-11-25
19096,63,2025-11,2488.58,0.00,273.74,2025-11-25
19097,64,2025-11,2568.22,0.00,282.50,2025-11-25
19098,66,2025-11,2429.65,0.00,267.26,2025-11-25
19099,68,2025-11,7289.50,0.00,801.85,2025-11-25
19100,69,2025-11,4476.86,0.00,492.45,2025-11-25
19101,70,2025-11,2618.73,0.00,288.06,2025-11-25
19102,71,2025-11,2710.47,0.00,298.15,2025-11-25
19103,72,2025-11,4356.99,0.00,479.27,2025-11-25
19104,73,2025-11,3107.60,0.00,341.84,2025-11-25
19105,75,2025-11,2382.71,0.00,262.10,2025-11-25
19106,77,2025-11,3172.89,0.00,349.02,2025-11-25
19107,78,2025-11,2856.93,0.00,314.26,2025-11-25
19108,80,2025-11,2534.05,0.00,278.75,2025-11-25
19109,81,2025-11,2784.04,0.00,306.24,2025-11-25
19110,82,2025-11,2854.96,0.00,314.05,2025-11-25
19111,83,2025-11,2713.54,0.00,298.49,2025-11-25
19112,84,2025-11,7035.23,0.00,773.88,2025-11-25
19113,86,2025-11,2752.15,0.00,302.74,2025-11-25
19114,87,2025-11,2797.80,0.00,307.76,2025-11-25
19115,88,2025-11,4624.71,0.00,508.72,2025-11-25
19116,89,2025-11,2561.89,0.00,281.81,2025-11-25
19117,90,2025-11,2397.42,0.00,263.72,2025-11-25
19118,91,2025-11,5060.22,0.00,556.62,2025-11-25
19119,92,2025-11,2320.09,0.00,255.21,2025-11-25
19120,93,2025-11,2804.31,0.00,308.47,2025-11-25
19121,94,2025-11,3120.86,0.00,343.29,2025-11-25
19122,95,2025-11,2575.55,0.00,283.31,2025-11-25
19123,96,2025-11,2514.38,0.00,276.58,2025-11-25
19124,97,2025-11,7215.22,0.00,793.67,2025-11-25
19125,98,2025-11,2623.61,0.00,288.60,2025-11-25
19126,99,2025-11,3248.99,0.00,357.39,2025-11-25
19127,100,2025-11,2720.83,0.00,299.29,2025-11-25
19128,101,2025-11,4678.89,0.00,514.68,2025-11-25
19129,103,2025-11,2931.70,0.00,322.49,2025-11-25
19130,104,2025-11,4626.95,0.00,508.96,2025-11-25
19131,105,2025-11,2498.40,0.00,274.82,2025-11-25
19132,106,2025-11,3157.52,0.00,347.33,2025-11-25
19133,107,2025-11,2791.98,0.00,307.12,2025-11-25
19134,108,2025-11,2568.26,0.00,282.51,2025-11-25
19135,110,2025-11,2562.11,0.00,281.83,2025-11-25
19136,111,2025-11,2398.15,0.00,263.80,2025-11-25
19137,112,2025-11,2737.33,0.00,301.11,2025-11-25
19138,113,2025-11,2618.95,0.00,288.08,2025-11-25
19139,114,2025-11,2338.61,0.00,257.25,2025-11-25
19140,115,2025-11,7770.94,0.00,854.80,2025-11-25
19141,116,2025-11,2497.48,0.00,274.72,2025-11-25
19142,117,2025-11,2474.90,0.00,272.24,2025-11-25
19143,118,2025-11,2494.68,0.00,274.41,2025-11-25
19144,119,2025-11,2368.01,0.00,260.48,2025-11-25
19145,120,2025-11,4783.05,0.00,526.14,2025-11-25
19146,121,2025-11,4937.03,0.00,543.07,2025-11-25
19147,122,2025-11,2415.80,0.00,265.74,2025-11-25
19148,123,2025-11,2994.64,0.00,329.41,2025-11-25
19149,124,2025-11,2533.33,0.00,278.67,2025-11-25
19150,125,2025-11,3479.42,0.00,382.74,2025-11-25
19151,126,2025-11,3400.18,0.00,374.02,2025-11-25
19152,127,2025-11,3471.78,0.00,381.90,2025-11-25
19153,128,2025-11,2648.07,0.00,291.29,2025-11-25
19154,129,2025-11,2622.43,0.00,288.47,2025-11-25
19155,130,2025-11,2404.26,0.00,264.47,2025-11-25
19156,131,2025-11,2509.82,0.00,276.08,2025-11-25
19157,132,2025-11,7489.76,0.00,823.87,2025-11-25
19158,133,2025-11,2495.29,0.00,274.48,2025-11-25
19159,135,2025-11,3350.65,0.00,368.57,2025-11-25
19160,136,2025-11,2935.70,0.00,322.93,2025-11-25
19161,137,2025-11,2418.25,0.00,266.01,2025-11-25
19162,138,2025-11,3016.33,0.00,331.80,2025-11-25
19163,139,2025-11,2350.27,0.00,258.53,2025-11-25
19164,140,2025-11,2545.28,0.00,279.98,2025-11-25
19165,141,2025-11,4779.64,0.00,525.76,2025-11-25
19166,142,2025-11,2373.91,0.00,261.13,2025-11-25
19167,144,2025-11,5131.93,0.00,564.51,2025-11-25
19168,145,2025-11,2910.68,0.00,320.17,2025-11-25
19169,146,2025-11,2821.08,0.00,310.32,2025-11-25
19170,147,2025-11,2630.18,0.00,289.32,2025-11-25
19171,148,2025-11,2638.44,0.00,290.23,2025-11-25
19172,149,2025-11,7656.27,0.00,842.19,2025-11-25
19173,150,2025-11,2660.37,0.00,292.64,2025-11-25
19174,151,2025-11,2723.90,0.00,299.63,2025-11-25
19175,152,2025-11,2532.44,0.00,278.57,2025-11-25
19176,153,2025-11,2953.96,0.00,324.94,2025-11-25
19177,154,2025-11,3097.66,0.00,340.74,2025-11-25
19178,157,2025-11,2885.31,0.00,317.38,2025-11-25
19179,158,2025-11,4384.96,0.00,482.35,2025-11-25
19180,159,2025-11,2345.41,0.00,258.00,2025-11-25
19181,160,2025-11,2416.66,0.00,265.83,2025-11-25
19182,161,2025-11,7633.73,0.00,839.71,2025-11-25
19183,162,2025-11,2790.43,0.00,306.95,2025-11-25
19184,163,2025-11,3359.10,0.00,369.50,2025-11-25
19185,164,2025-11,5023.78,0.00,552.62,2025-11-25
19186,165,2025-11,2968.35,0.00,326.52,2025-11-25
19187,166,2025-11,2395.39,0.00,263.49,2025-11-25
19188,167,2025-11,2654.87,0.00,292.04,2025-11-25
19189,168,2025-11,2793.42,0.00,307.28,2025-11-25
19190,169,2025-11,2531.28,0.00,278.44,2025-11-25
19191,170,2025-11,2862.59,0.00,314.88,2025-11-25
19192,172,2025-11,4887.79,0.00,537.66,2025-11-25
19193,173,2025-11,2572.40,0.00,282.96,2025-11-25
19194,174,2025-11,2784.09,0.00,306.25,2025-11-25
19195,175,2025-11,2341.32,0.00,257.55,2025-11-25
19196,176,2025-11,2751.27,0.00,302.64,2025-11-25
19197,177,2025-11,7912.17,0.00,870.34,2025-11-25
19198,179,2025-11,2546.51,0.00,280.12,2025-11-25
19199,180,2025-11,3147.50,0.00,346.23,2025-11-25
19200,181,2025-11,4912.24,0.00,540.35,2025-11-25
19201,182,2025-11,3411.97,0.00,375.32,2025-11-25
19202,184,2025-11,2984.78,0.00,328.33,2025-11-25
19203,185,2025-11,2818.38,0.00,310.02,2025-11-25
19204,187,2025-11,2776.14,0.00,305.38,2025-11-25
19205,188,2025-11,4720.61,0.00,519.27,2025-11-25
19206,189,2025-11,2310.82,0.00,254.19,2025-11-25
19207,190,2025-11,2343.48,0.00,257.78,2025-11-25
19208,191,2025-11,7285.94,0.00,801.45,2025-11-25
19209,192,2025-11,2479.83,0.00,272.78,2025-11-25
19210,193,2025-11,2332.39,0.00,256.56,2025-11-25
19211,194,2025-11,2339.80,0.00,257.38,2025-11-25
19212,195,2025-11,3224.70,0.00,354.72,2025-11-25
19213,196,2025-11,4508.81,0.00,495.97,2025-11-25
19214,197,2025-11,2409.36,0.00,265.03,2025-11-25
19215,198,2025-11,3108.99,0.00,341.99,2025-11-25
19216,199,2025-11,2312.16,0.00,254.34,2025-11-25
19217,200,2025-11,2714.87,0.00,298.64,2025-11-25
19218,201,2025-11,2657.04,0.00,292.27,2025-11-25
19219,202,2025-11,2636.48,0.00,290.01,2025-11-25
19220,203,2025-11,2497.74,0.00,274.75,2025-11-25
19221,204,2025-11,2315.06,0.00,254.66,2025-11-25
19222,205,2025-11,2845.31,0.00,312.98,2025-11-25
19223,206,2025-11,2384.61,0.00,262.31,2025-11-25
19224,207,2025-11,2453.64,0.00,269.90,2025-11-25
19225,208,2025-11,3071.74,0.00,337.89,2025-11-25
19226,209,2025-11,2667.50,0.00,293.43,2025-11-25
19227,210,2025-11,2736.53,0.00,301.02,2025-11-25
19228,211,2025-11,2775.11,0.00,305.26,2025-11-25
19229,212,2025-11,2397.14,0.00,263.69,2025-11-25
19230,213,2025-11,2524.12,0.00,277.65,2025-11-25
19231,214,2025-11,3254.31,0.00,357.97,2025-11-25
19232,215,2025-11,2824.99,0.00,310.75,2025-11-25
19233,216,2025-11,2609.51,0.00,287.05,2025-11-25
19234,217,2025-11,2333.64,0.00,256.70,2025-11-25
19235,218,2025-11,2641.02,0.00,290.51,2025-11-25
19236,219,2025-11,2725.61,0.00,299.82,2025-11-25
19237,220,2025-11,2392.45,0.00,263.17,2025-11-25
19238,221,2025-11,2523.82,0.00,277.62,2025-11-25
19239,222,2025-11,2728.62,0.00,300.15,2025-11-25
19240,223,2025-11,2676.54,0.00,294.42,2025-11-25
19241,224,2025-11,2709.35,0.00,298.03,2025-11-25
19242,225,2025-11,2399.58,0.00,263.95,2025-11-25
19243,226,2025-11,2635.88,0.00,289.95,2025-11-25
19244,227,2025-11,2366.59,0.00,260.32,2025-11-25
19245,228,2025-11,2486.40,0.00,273.50,2025-11-25
19246,229,2025-11,2707.11,0.00,297.78,2025-11-25
19247,230,2025-11,2822.36,0.00,310.46,2025-11-25
19248,231,2025-11,2456.24,0.00,270.19,2025-11-25
19249,232,2025-11,2298.82,0.00,252.87,2025-11-25
19250,233,2025-11,2787.06,0.00,306.58,2025-11-25
19251,234,2025-11,2800.01,0.00,308.00,2025-11-25
19252,235,2025-11,2737.54,0.00,301.13,2025-11-25
19253,236,2025-11,4989.56,0.00,548.85,2025-11-25
19254,237,2025-11,4686.79,0.00,515.55,2025-11-25
19255,238,2025-11,2682.83,0.00,295.11,2025-11-25
19256,239,2025-11,2990.31,0.00,328.93,2025-11-25
19257,240,2025-11,2516.88,0.00,276.86,2025-11-25
19258,241,2025-11,3219.01,0.00,354.09,2025-11-25
19259,242,2025-11,2536.30,0.00,278.99,2025-11-25
19260,243,2025-11,2895.75,0.00,318.53,2025-11-25
19261,244,2025-11,2882.54,0.00,317.08,2025-11-25
19262,245,2025-11,7439.56,0.00,818.35,2025-11-25
19263,246,2025-11,2718.18,0.00,299.00,2025-11-25
19264,247,2025-11,2794.62,0.00,307.41,2025-11-25
19265,248,2025-11,2898.35,0.00,318.82,2025-11-25
19266,249,2025-11,2469.46,0.00,271.64,2025-11-25
19267,250,2025-11,2354.57,0.00,259.00,2025-11-25
19268,251,2025-11,2485.80,0.00,273.44,2025-11-25
19269,252,2025-11,3438.57,0.00,378.24,2025-11-25
19270,253,2025-11,2702.72,0.00,297.30,2025-11-25
19271,254,2025-11,2468.66,0.00,271.55,2025-11-25
19272,255,2025-11,2421.22,0.00,266.33,2025-11-25
19273,256,2025-11,2894.99,0.00,318.45,2025-11-25
19274,257,2025-11,2307.56,0.00,253.83,2025-11-25
19275,258,2025-11,2677.46,0.00,294.52,2025-11-25
19276,259,2025-11,2656.25,0.00,292.19,2025-11-25
19277,260,2025-11,2366.89,0.00,260.36,2025-11-25
19278,261,2025-11,3182.89,0.00,350.12,2025-11-25
19279,262,2025-11,2416.02,0.00,265.76,2025-11-25
19280,263,2025-11,2674.75,0.00,294.22,2025-11-25
19281,264,2025-11,2585.22,0.00,284.37,2025-11-25
19282,1,2025-12,7474.26,7474.26,822.17,2025-12-25
19283,3,2025-12,2698.85,2698.85,296.87,2025-12-25
19284,4,2025-12,2350.49,2350.49,258.55,2025-12-25
19285,5,2025-12,3427.34,3427.34,377.01,2025-12-25
19286,6,2025-12,2727.87,2727.87,300.07,2025-12-25
19287,8,2025-12,2438.49,2438.49,268.23,2025-12-25
19288,10,2025-12,2650.97,2650.97,291.61,2025-12-25
19289,11,2025-12,4655.75,4655.75,512.13,2025-12-25
19290,12,2025-12,3336.59,3336.59,367.02,2025-12-25
19291,13,2025-12,4957.35,4957.35,545.31,2025-12-25
19292,14,2025-12,4647.71,4647.71,511.25,2025-12-25
19293,15,2025-12,2859.45,2859.45,314.54,2025-12-25
19294,16,2025-12,3351.59,3351.59,368.67,2025-12-25
19295,17,2025-12,2400.96,2400.96,264.11,2025-12-25
19296,18,2025-12,2769.74,2769.74,304.67,2025-12-25
19297,19,2025-12,2769.62,2769.62,304.66,2025-12-25
19298,20,2025-12,2531.14,2531.14,278.43,2025-12-25
19299,22,2025-12,2657.87,2657.87,292.37,2025-12-25
19300,24,2025-12,7457.30,7457.30,820.30,2025-12-25
19301,25,2025-12,4975.82,4975.82,547.34,2025-12-25
19302,26,2025-12,3037.88,3037.88,334.17,2025-12-25
19303,28,2025-12,4950.79,4950.79,544.59,2025-12-25
19304,29,2025-12,2468.10,2468.10,271.49,2025-12-25
19305,30,2025-12,3146.81,3146.81,346.15,2025-12-25
19306,31,2025-12,2516.84,2516.84,276.85,2025-12-25
19307,32,2025-12,2664.72,2664.72,293.12,2025-12-25
19308,33,2025-12,3118.42,3118.42,343.03,2025-12-25
19309,35,2025-12,2913.20,2913.20,320.45,2025-12-25
19310,36,2025-12,2854.64,2854.64,314.01,2025-12-25
19311,37,2025-12,3232.12,3232.12,355.53,2025-12-25
19312,38,2025-12,4948.10,4948.10,544.29,2025-12-25
19313,39,2025-12,2779.76,2779.76,305.77,2025-12-25
19314,41,2025-12,2896.52,2896.52,318.62,2025-12-25
19315,43,2025-12,2727.78,2727.78,300.06,2025-12-25
19316,44,2025-12,2888.49,2888.49,317.73,2025-12-25
19317,45,2025-12,2327.09,2327.09,255.98,2025-12-25
19318,46,2025-12,2790.04,2790.04,306.90,2025-12-25
19319,48,2025-12,2646.44,2646.44,291.11,2025-12-25
19320,49,2025-12,7984.98,7984.98,878.35,2025-12-25
19321,50,2025-12,3025.09,3025.09,332.76,2025-12-25
19322,51,2025-12,2450.56,2450.56,269.56,2025-12-25
19323,52,2025-12,2754.60,2754.60,303.01,2025-12-25
19324,53,2025-12,2921.49,2921.49,321.36,2025-12-25
19325,55,2025-12,2451.11,2451.11,269.62,2025-12-25
19326,56,2025-12,4392.54,4392.54,483.18,2025-12-25
19327,57,2025-12,2558.28,2558.28,281.41,2025-12-25
19328,59,2025-12,2839.17,2839.17,312.31,2025-12-25
19329,60,2025-12,3125.74,3125.74,343.83,2025-12-25
19330,61,2025-12,4540.47,4540.47,499.45,2025-12-25
19331,62,2025-12,3228.99,3228.99,355.19,2025-12-25
19332,63,2025-12,2492.04,2492.04,274.12,2025-12-25
19333,64,2025-12,2589.21,2589.21,284.81,2025-12-25
19334,66,2025-12,2428.26,2428.26,267.11,2025-12-25
19335,68,2025-12,7263.97,7263.97,799.04,2025-12-25
19336,69,2025-12,4481.61,4481.61,492.98,2025-12-25
19337,70,2025-12,2611.77,2611.77,287.29,2025-12-25
19338,71,2025-12,2695.57,2695.57,296.51,2025-12-25
19339,72,2025-12,4384.60,4384.60,482.31,2025-12-25
19340,73,2025-12,3093.67,3093.67,340.30,2025-12-25
19341,75,2025-12,2366.87,2366.87,260.36,2025-12-25
19342,77,2025-12,3170.79,3170.79,348.79,2025-12-25
19343,78,2025-12,2861.87,2861.87,314.81,2025-12-25
19344,80,2025-12,2543.66,2543.66,279.80,2025-12-25
19345,81,2025-12,2782.23,2782.23,306.05,2025-12-25
19346,82,2025-12,2858.60,2858.60,314.45,2025-12-25
19347,83,2025-12,2703.97,2703.97,297.44,2025-12-25
19348,84,2025-12,7049.44,7049.44,775.44,2025-12-25
19349,86,2025-12,2748.83,2748.83,302.37,2025-12-25
19350,87,2025-12,2786.51,2786.51,306.52,2025-12-25
19351,88,2025-12,4662.80,4662.80,512.91,2025-12-25
19352,89,2025-12,2549.94,2549.94,280.49,2025-12-25
19353,90,2025-12,2405.22,2405.22,264.57,2025-12-25
19354,91,2025-12,5044.20,5044.20,554.86,2025-12-25
19355,92,2025-12,2316.38,2316.38,254.80,2025-12-25
19356,93,2025-12,2792.92,2792.92,307.22,2025-12-25
19357,94,2025-12,3132.11,3132.11,344.53,2025-12-25
19358,95,2025-12,2579.67,2579.67,283.76,2025-12-25
19359,96,2025-12,2500.79,2500.79,275.09,2025-12-25
19360,97,2025-12,7226.55,7226.55,794.92,2025-12-25
19361,98,2025-12,2607.21,2607.21,286.79,2025-12-25
19362,99,2025-12,3238.25,3238.25,356.21,2025-12-25
19363,100,2025-12,2731.36,2731.36,300.45,2025-12-25
19364,101,2025-12,4662.49,4662.49,512.87,2025-12-25
19365,103,2025-12,2930.53,2930.53,322.36,2025-12-25
19366,104,2025-12,4635.33,4635.33,509.89,2025-12-25
19367,105,2025-12,2506.81,2506.81,275.75,2025-12-25
19368,106,2025-12,3156.40,3156.40,347.20,2025-12-25
19369,107,2025-12,2792.59,2792.59,307.18,2025-12-25
19370,108,2025-12,2547.52,2547.52,280.23,2025-12-25
19371,110,2025-12,2563.99,2563.99,282.04,2025-12-25
19372,111,2025-12,2386.18,2386.18,262.48,2025-12-25
19373,112,2025-12,2736.52,2736.52,301.02,2025-12-25
19374,113,2025-12,2637.36,2637.36,290.11,2025-12-25
19375,114,2025-12,2339.82,2339.82,257.38,2025-12-25
19376,115,2025-12,7782.20,7782.20,856.04,2025-12-25
19377,116,2025-12,2519.68,2519.68,277.16,2025-12-25
19378,117,2025-12,2479.20,2479.20,272.71,2025-12-25
19379,118,2025-12,2485.85,2485.85,273.44,2025-12-25
19380,119,2025-12,2369.40,2369.40,260.63,2025-12-25
19381,120,2025-12,4772.15,4772.15,524.94,2025-12-25
19382,121,2025-12,4907.37,4907.37,539.81,2025-12-25
19383,122,2025-12,2405.91,2405.91,264.65,2025-12-25
19384,123,2025-12,2996.47,2996.47,329.61,2025-12-25
19385,124,2025-12,2534.84,2534.84,278.83,2025-12-25
19386,125,2025-12,3472.31,3472.31,381.95,2025-12-25
19387,126,2025-12,3377.82,3377.82,371.56,2025-12-25
19388,127,2025-12,3469.16,3469.16,381.61,2025-12-25
19389,128,2025-12,2655.48,2655.48,292.10,2025-12-25
19390,129,2025-12,2631.04,2631.04,289.41,2025-12-25
19391,130,2025-12,2422.25,2422.25,266.45,2025-12-25
19392,131,2025-12,2507.92,2507.92,275.87,2025-12-25
19393,132,2025-12,7475.60,7475.60,822.32,2025-12-25
19394,133,2025-12,2492.12,2492.12,274.13,2025-12-25
19395,135,2025-12,3343.05,3343.05,367.74,2025-12-25
19396,136,2025-12,2933.58,2933.58,322.69,2025-12-25
19397,137,2025-12,2410.88,2410.88,265.20,2025-12-25
19398,138,2025-12,3005.67,3005.67,330.62,2025-12-25
19399,139,2025-12,2369.22,2369.22,260.61,2025-12-25
19400,140,2025-12,2543.24,2543.24,279.76,2025-12-25
19401,141,2025-12,4799.62,4799.62,527.96,2025-12-25
19402,142,2025-12,2375.46,2375.46,261.30,2025-12-25
19403,144,2025-12,5144.15,5144.15,565.86,2025-12-25
19404,145,2025-12,2896.74,2896.74,318.64,2025-12-25
19405,146,2025-12,2832.14,2832.14,311.54,2025-12-25
19406,147,2025-12,2619.13,2619.13,288.10,2025-12-25
19407,148,2025-12,2628.02,2628.02,289.08,2025-12-25
19408,149,2025-12,7646.66,7646.66,841.13,2025-12-25
19409,150,2025-12,2653.07,2653.07,291.84,2025-12-25
19410,151,2025-12,2709.80,2709.80,298.08,2025-12-25
19411,152,2025-12,2540.26,2540.26,279.43,2025-12-25
19412,153,2025-12,2969.34,2969.34,326.63,2025-12-25
19413,154,2025-12,3108.30,3108.30,341.91,2025-12-25
19414,157,2025-12,2884.28,2884.28,317.27,2025-12-25
19415,158,2025-12,4407.14,4407.14,484.79,2025-12-25
19416,159,2025-12,2328.37,2328.37,256.12,2025-12-25
19417,160,2025-12,2426.22,2426.22,266.88,2025-12-25
19418,161,2025-12,7633.05,7633.05,839.64,2025-12-25
19419,162,2025-12,2774.33,2774.33,305.18,2025-12-25
19420,163,2025-12,3338.23,3338.23,367.21,2025-12-25
19421,164,2025-12,5003.92,5003.92,550.43,2025-12-25
19422,165,2025-12,2941.52,2941.52,323.57,2025-12-25
19423,166,2025-12,2393.50,2393.50,263.29,2025-12-25
19424,167,2025-12,2653.21,2653.21,291.85,2025-12-25
19425,168,2025-12,2787.28,2787.28,306.60,2025-12-25
19426,169,2025-12,2518.66,2518.66,277.05,2025-12-25
19427,170,2025-12,2860.18,2860.18,314.62,2025-12-25
19428,172,2025-12,4892.97,4892.97,538.23,2025-12-25
19429,173,2025-12,2564.43,2564.43,282.09,2025-12-25
19430,174,2025-12,2790.41,2790.41,306.95,2025-12-25
19431,175,2025-12,2355.11,2355.11,259.06,2025-12-25
19432,176,2025-12,2760.18,2760.18,303.62,2025-12-25
19433,177,2025-12,7861.17,7861.17,864.73,2025-12-25
19434,179,2025-12,2555.56,2555.56,281.11,2025-12-25
19435,180,2025-12,3130.15,3130.15,344.32,2025-12-25
19436,181,2025-12,4900.56,4900.56,539.06,2025-12-25
19437,182,2025-12,3419.20,3419.20,376.11,2025-12-25
19438,184,2025-12,2980.42,2980.42,327.85,2025-12-25
19439,185,2025-12,2793.97,2793.97,307.34,2025-12-25
19440,187,2025-12,2803.21,2803.21,308.35,2025-12-25
19441,188,2025-12,4703.29,4703.29,517.36,2025-12-25
19442,189,2025-12,2314.65,2314.65,254.61,2025-12-25
19443,190,2025-12,2343.70,2343.70,257.81,2025-12-25
19444,191,2025-12,7241.40,7241.40,796.55,2025-12-25
19445,192,2025-12,2479.99,2479.99,272.80,2025-12-25
19446,193,2025-12,2319.26,2319.26,255.12,2025-12-25
19447,194,2025-12,2341.32,2341.32,257.55,2025-12-25
19448,195,2025-12,3232.10,3232.10,355.53,2025-12-25
19449,196,2025-12,4521.55,4521.55,497.37,2025-12-25
19450,197,2025-12,2397.51,2397.51,263.73,2025-12-25
19451,198,2025-12,3099.02,3099.02,340.89,2025-12-25
19452,199,2025-12,2324.95,2324.95,255.74,2025-12-25
19453,200,2025-12,2733.48,2733.48,300.68,2025-12-25
19454,201,2025-12,2657.32,2657.32,292.31,2025-12-25
19455,202,2025-12,2632.52,2632.52,289.58,2025-12-25
19456,203,2025-12,2507.44,2507.44,275.82,2025-12-25
19457,204,2025-12,2330.55,2330.55,256.36,2025-12-25
19458,205,2025-12,2845.05,2845.05,312.96,2025-12-25
19459,206,2025-12,2376.46,2376.46,261.41,2025-12-25
19460,207,2025-12,2460.93,2460.93,270.70,2025-12-25
19461,208,2025-12,3059.35,3059.35,336.53,2025-12-25
19462,209,2025-12,2667.94,2667.94,293.47,2025-12-25
19463,210,2025-12,2737.14,2737.14,301.09,2025-12-25
19464,211,2025-12,2774.06,2774.06,305.15,2025-12-25
19465,212,2025-12,2395.15,2395.15,263.47,2025-12-25
19466,213,2025-12,2517.41,2517.41,276.92,2025-12-25
19467,214,2025-12,3257.13,3257.13,358.28,2025-12-25
19468,215,2025-12,2835.15,2835.15,311.87,2025-12-25
19469,216,2025-12,2607.21,2607.21,286.79,2025-12-25
19470,217,2025-12,2337.57,2337.57,257.13,2025-12-25
19471,218,2025-12,2635.08,2635.08,289.86,2025-12-25
19472,219,2025-12,2725.20,2725.20,299.77,2025-12-25
19473,220,2025-12,2405.40,2405.40,264.59,2025-12-25
19474,221,2025-12,2543.18,2543.18,279.75,2025-12-25
19475,222,2025-12,2720.04,2720.04,299.20,2025-12-25
19476,223,2025-12,2668.27,2668.27,293.51,2025-12-25
19477,224,2025-12,2719.75,2719.75,299.17,2025-12-25
19478,225,2025-12,2406.89,2406.89,264.76,2025-12-25
19479,226,2025-12,2639.82,2639.82,290.38,2025-12-25
19480,227,2025-12,2377.27,2377.27,261.50,2025-12-25
19481,228,2025-12,2491.53,2491.53,274.07,2025-12-25
19482,229,2025-12,2719.88,2719.88,299.19,2025-12-25
19483,230,2025-12,2821.33,2821.33,310.35,2025-12-25
19484,231,2025-12,2449.35,2449.35,269.43,2025-12-25
19485,232,2025-12,2282.02,2282.02,251.02,2025-12-25
19486,233,2025-12,2796.45,2796.45,307.61,2025-12-25
19487,234,2025-12,2785.65,2785.65,306.42,2025-12-25
19488,235,2025-12,2754.78,2754.78,303.03,2025-12-25
19489,236,2025-12,4989.86,4989.86,548.88,2025-12-25
19490,237,2025-12,4700.17,4700.17,517.02,2025-12-25
19491,238,2025-12,2683.14,2683.14,295.15,2025-12-25
19492,239,2025-12,3000.49,3000.49,330.05,2025-12-25
19493,240,2025-12,2525.86,2525.86,277.84,2025-12-25
19494,241,2025-12,3244.52,3244.52,356.90,2025-12-25
19495,242,2025-12,2533.75,2533.75,278.71,2025-12-25
19496,243,2025-12,2881.22,2881.22,316.93,2025-12-25
19497,244,2025-12,2870.02,2870.02,315.70,2025-12-25
19498,245,2025-12,7438.68,7438.68,818.25,2025-12-25
19499,246,2025-12,2721.50,2721.50,299.37,2025-12-25
19500,247,2025-12,2789.47,2789.47,306.84,2025-12-25
19501,248,2025-12,2884.47,2884.47,317.29,2025-12-25
19502,249,2025-12,2474.44,2474.44,272.19,2025-12-25
19503,250,2025-12,2355.68,2355.68,259.12,2025-12-25
19504,251,2025-12,2483.62,2483.62,273.20,2025-12-25
19505,252,2025-12,3448.75,3448.75,379.36,2025-12-25
19506,253,2025-12,2704.55,2704.55,297.50,2025-12-25
19507,254,2025-12,2450.74,2450.74,269.58,2025-12-25
19508,255,2025-12,2404.96,2404.96,264.55,2025-12-25
19509,256,2025-12,2884.84,2884.84,317.33,2025-12-25
19510,257,2025-12,2305.01,2305.01,253.55,2025-12-25
19511,258,2025-12,2657.30,2657.30,292.30,2025-12-25
19512,259,2025-12,2643.45,2643.45,290.78,2025-12-25
19513,260,2025-12,2381.19,2381.19,261.93,2025-12-25
19514,261,2025-12,3166.86,3166.86,348.35,2025-12-25
19515,262,2025-12,2406.84,2406.84,264.75,2025-12-25
19516,263,2025-12,2665.65,2665.65,293.22,2025-12-25
19517,264,2025-12,2606.98,2606.98,286.77,2025-12-25
