purchase_ID,product_ID,br_ID,sup_ID,purchase_qty,purchase_date,purchase_unit_cost
1,1,1,1,106,2018-01-03,11.93
2,2,1,1,66,2018-01-03,13.47
3,3,1,1,70,2018-01-03,10.78
4,4,1,1,57,2018-01-03,16.58
5,5,1,6,113,2018-01-03,13.99
6,6,1,1,120,2018-01-03,11.02
7,7,1,6,47,2018-01-03,12.78
8,8,1,6,56,2018-01-03,15.77
9,9,1,2,43,2018-01-03,12.08
10,10,1,6,57,2018-01-03,17.59
11,11,1,6,49,2018-01-03,15.10
12,12,1,2,96,2018-01-03,38.26
13,13,1,2,58,2018-01-03,24.92
14,14,1,2,72,2018-01-03,25.82
15,15,1,4,42,2018-01-03,42.87
16,16,1,4,61,2018-01-03,45.35
17,17,1,4,52,2018-01-03,36.02
18,18,1,2,54,2018-01-03,26.76
19,19,1,2,87,2018-01-03,27.09
20,20,1,2,74,2018-01-03,16.00
21,21,1,6,92,2018-01-03,34.03
22,22,1,2,86,2018-01-03,18.54
23,23,1,5,100,2018-01-03,23.24
24,24,1,3,54,2018-01-03,23.20
25,25,1,3,57,2018-01-03,16.42
26,26,1,5,60,2018-01-03,22.46
27,27,1,1,101,2018-01-03,13.41
28,28,1,1,112,2018-01-03,17.87
29,29,1,1,65,2018-01-03,14.23
30,30,1,6,54,2018-01-03,30.62
31,31,1,6,84,2018-01-03,17.70
32,32,1,4,123,2018-01-03,28.36
33,33,1,2,80,2018-01-03,21.12
34,34,1,2,84,2018-01-03,28.53
35,35,1,3,58,2018-01-03,13.91
36,36,1,3,58,2018-01-03,22.27
37,37,1,3,63,2018-01-03,21.98
38,38,1,3,76,2018-01-03,23.67
39,39,1,5,46,2018-01-03,23.48
40,40,1,5,99,2018-01-03,30.22
41,41,1,4,100,2018-01-03,8.17
42,42,1,4,117,2018-01-03,9.37
43,43,1,4,63,2018-01-03,7.12
44,1,2,1,126,2018-01-03,12.81
45,2,2,1,113,2018-01-03,16.32
46,3,2,1,104,2018-01-03,11.04
47,4,2,1,86,2018-01-03,16.59
48,5,2,6,103,2018-01-03,13.65
49,6,2,1,81,2018-01-03,9.06
50,7,2,2,59,2018-01-03,12.65
51,8,2,6,133,2018-01-03,15.03
52,9,2,6,51,2018-01-03,11.95
53,10,2,2,120,2018-01-03,19.06
54,11,2,2,87,2018-01-03,15.20
55,12,2,4,83,2018-01-03,30.91
56,13,2,2,88,2018-01-03,28.13
57,14,2,4,109,2018-01-03,25.92
58,15,2,2,73,2018-01-03,40.17
59,16,2,4,86,2018-01-03,44.14
60,17,2,4,94,2018-01-03,35.89
61,18,2,2,89,2018-01-03,25.44
62,19,2,6,87,2018-01-03,30.97
63,20,2,6,128,2018-01-03,16.78
64,21,2,6,46,2018-01-03,33.40
65,22,2,2,106,2018-01-03,21.08
66,23,2,5,100,2018-01-03,20.33
67,24,2,5,133,2018-01-03,21.43
68,25,2,3,75,2018-01-03,18.16
69,26,2,3,80,2018-01-03,20.30
70,27,2,6,130,2018-01-03,14.51
71,28,2,1,121,2018-01-03,16.69
72,29,2,6,92,2018-01-03,11.52
73,30,2,1,128,2018-01-03,26.01
74,31,2,1,116,2018-01-03,19.16
75,32,2,4,62,2018-01-03,28.05
76,33,2,4,53,2018-01-03,19.57
77,34,2,2,122,2018-01-03,28.32
78,35,2,3,123,2018-01-03,14.23
79,36,2,3,73,2018-01-03,22.12
80,37,2,3,111,2018-01-03,21.48
81,38,2,3,81,2018-01-03,19.87
82,39,2,3,91,2018-01-03,23.02
83,40,2,5,107,2018-01-03,29.39
84,41,2,6,55,2018-01-03,8.79
85,42,2,4,72,2018-01-03,9.73
86,43,2,4,86,2018-01-03,7.67
87,1,3,1,62,2018-01-03,12.53
88,2,3,6,51,2018-01-03,13.31
89,3,3,1,50,2018-01-03,9.85
90,4,3,6,68,2018-01-03,16.87
91,5,3,1,103,2018-01-03,15.00
92,6,3,6,99,2018-01-03,10.47
93,7,3,2,52,2018-01-03,11.48
94,8,3,2,91,2018-01-03,12.93
95,9,3,2,90,2018-01-03,10.63
96,10,3,2,73,2018-01-03,17.23
97,11,3,6,49,2018-01-03,14.15
98,12,3,4,62,2018-01-03,32.79
99,13,3,4,91,2018-01-03,25.69
100,14,3,2,66,2018-01-03,27.15
101,15,3,2,45,2018-01-03,39.36
102,16,3,4,51,2018-01-03,46.07
103,17,3,4,78,2018-01-03,32.18
104,18,3,2,82,2018-01-03,24.76
105,19,3,6,82,2018-01-03,28.46
106,20,3,6,36,2018-01-03,20.46
107,21,3,6,65,2018-01-03,32.11
108,22,3,6,40,2018-01-03,21.15
109,23,3,3,86,2018-01-03,18.51
110,24,3,5,94,2018-01-03,21.98
111,25,3,3,105,2018-01-03,17.39
112,26,3,3,69,2018-01-03,20.69
113,27,3,6,104,2018-01-03,15.28
114,28,3,6,101,2018-01-03,17.74
115,29,3,6,79,2018-01-03,13.00
116,30,3,1,39,2018-01-03,25.73
117,31,3,1,105,2018-01-03,17.37
118,32,3,4,91,2018-01-03,26.07
119,33,3,4,55,2018-01-03,23.52
120,34,3,4,45,2018-01-03,33.00
121,35,3,3,54,2018-01-03,14.94
122,36,3,3,94,2018-01-03,25.26
123,37,3,3,94,2018-01-03,23.12
124,38,3,3,56,2018-01-03,20.22
125,39,3,3,76,2018-01-03,23.44
126,40,3,5,39,2018-01-03,25.37
127,41,3,6,85,2018-01-03,8.29
128,42,3,4,88,2018-01-03,8.93
129,43,3,6,99,2018-01-03,6.25
130,1,6,6,56,2018-01-03,13.22
131,2,6,6,37,2018-01-03,13.50
132,3,6,1,61,2018-01-03,9.91
133,4,6,6,86,2018-01-03,15.84
134,5,6,1,39,2018-01-03,14.39
135,6,6,6,91,2018-01-03,10.64
136,7,6,2,36,2018-01-03,10.59
137,8,6,2,93,2018-01-03,13.94
138,9,6,2,94,2018-01-03,10.79
139,10,6,6,44,2018-01-03,15.58
140,11,6,6,83,2018-01-03,16.22
141,12,6,2,40,2018-01-03,31.58
142,13,6,2,41,2018-01-03,28.22
143,14,6,4,59,2018-01-03,24.39
144,15,6,2,71,2018-01-03,43.48
145,16,6,2,78,2018-01-03,44.79
146,17,6,4,90,2018-01-03,35.24
147,18,6,6,78,2018-01-03,24.70
148,19,6,6,68,2018-01-03,28.94
149,20,6,2,62,2018-01-03,17.23
150,21,6,2,52,2018-01-03,32.23
151,22,6,2,54,2018-01-03,19.47
152,23,6,5,46,2018-01-03,20.57
153,24,6,3,82,2018-01-03,23.54
154,25,6,3,39,2018-01-03,17.28
155,26,6,5,65,2018-01-03,22.35
156,27,6,1,84,2018-01-03,14.72
157,28,6,1,95,2018-01-03,19.21
158,29,6,1,51,2018-01-03,14.16
159,30,6,6,53,2018-01-03,28.19
160,31,6,6,78,2018-01-03,16.96
161,32,6,2,90,2018-01-03,28.75
162,33,6,4,49,2018-01-03,21.31
163,34,6,2,90,2018-01-03,32.02
164,35,6,3,79,2018-01-03,14.66
165,36,6,3,56,2018-01-03,25.63
166,37,6,3,72,2018-01-03,22.84
167,38,6,5,96,2018-01-03,21.85
168,39,6,5,52,2018-01-03,23.37
169,40,6,5,79,2018-01-03,26.56
170,41,6,6,55,2018-01-03,8.87
171,42,6,6,62,2018-01-03,8.95
172,43,6,6,92,2018-01-03,6.22
173,1,7,6,53,2018-01-03,11.75
174,2,7,1,81,2018-01-03,13.50
175,3,7,6,53,2018-01-03,10.54
176,4,7,6,33,2018-01-03,14.64
177,5,7,6,47,2018-01-03,12.33
178,6,7,6,92,2018-01-03,9.38
179,7,7,6,58,2018-01-03,12.90
180,8,7,2,37,2018-01-03,13.96
181,9,7,6,38,2018-01-03,12.43
182,10,7,2,68,2018-01-03,17.88
183,11,7,6,47,2018-01-03,16.95
184,12,7,2,75,2018-01-03,32.47
185,13,7,4,83,2018-01-03,29.26
186,14,7,2,54,2018-01-03,28.24
187,15,7,2,35,2018-01-03,39.61
188,16,7,4,51,2018-01-03,42.62
189,17,7,4,35,2018-01-03,29.41
190,18,7,6,52,2018-01-03,27.55
191,19,7,6,83,2018-01-03,27.90
192,20,7,2,53,2018-01-03,19.74
193,21,7,6,66,2018-01-03,33.75
194,22,7,2,64,2018-01-03,18.50
195,23,7,5,54,2018-01-03,20.74
196,24,7,5,71,2018-01-03,25.66
197,25,7,5,86,2018-01-03,18.48
198,26,7,5,52,2018-01-03,24.31
199,27,7,1,54,2018-01-03,13.72
200,28,7,1,61,2018-01-03,16.87
201,29,7,6,74,2018-01-03,12.13
202,30,7,6,80,2018-01-03,30.19
203,31,7,6,87,2018-01-03,17.33
204,32,7,4,36,2018-01-03,24.76
205,33,7,2,74,2018-01-03,21.95
206,34,7,2,32,2018-01-03,28.66
207,35,7,3,88,2018-01-03,14.89
208,36,7,3,66,2018-01-03,25.58
209,37,7,3,85,2018-01-03,18.23
210,38,7,3,42,2018-01-03,21.65
211,39,7,3,49,2018-01-03,25.61
212,40,7,5,67,2018-01-03,26.20
213,41,7,4,82,2018-01-03,9.45
214,42,7,6,88,2018-01-03,10.20
215,43,7,4,51,2018-01-03,7.72
216,1,8,1,52,2018-01-03,13.11
217,2,8,1,40,2018-01-03,16.11
218,3,8,6,45,2018-01-03,11.91
219,4,8,6,71,2018-01-03,16.16
220,5,8,1,71,2018-01-03,13.48
221,6,8,6,87,2018-01-03,10.40
222,7,8,2,58,2018-01-03,11.03
223,8,8,6,93,2018-01-03,15.86
224,9,8,2,38,2018-01-03,9.93
225,10,8,6,64,2018-01-03,15.49
226,11,8,2,49,2018-01-03,14.78
227,12,8,2,39,2018-01-03,30.34
228,13,8,4,45,2018-01-03,29.62
229,14,8,4,39,2018-01-03,25.02
230,15,8,2,59,2018-01-03,43.02
231,16,8,2,80,2018-01-03,48.65
232,17,8,2,94,2018-01-03,30.74
233,18,8,6,94,2018-01-03,22.61
234,19,8,6,55,2018-01-03,27.91
235,20,8,2,55,2018-01-03,19.73
236,21,8,2,70,2018-01-03,39.89
237,22,8,2,94,2018-01-03,20.90
238,23,8,3,76,2018-01-03,19.98
239,24,8,5,58,2018-01-03,21.21
240,25,8,5,41,2018-01-03,16.77
241,26,8,5,64,2018-01-03,20.68
242,27,8,6,50,2018-01-03,14.16
243,28,8,1,80,2018-01-03,16.59
244,29,8,6,40,2018-01-03,13.78
245,30,8,6,69,2018-01-03,30.30
246,31,8,1,93,2018-01-03,15.91
247,32,8,4,46,2018-01-03,28.02
248,33,8,2,42,2018-01-03,24.68
249,34,8,2,81,2018-01-03,29.14
250,35,8,3,57,2018-01-03,16.34
251,36,8,3,51,2018-01-03,25.52
252,37,8,3,80,2018-01-03,23.04
253,38,8,5,72,2018-01-03,20.52
254,39,8,3,44,2018-01-03,26.32
255,40,8,3,39,2018-01-03,24.88
256,41,8,6,47,2018-01-03,8.32
257,42,8,6,38,2018-01-03,9.20
258,43,8,6,94,2018-01-03,6.71
259,1,9,6,68,2018-01-03,10.60
260,2,9,6,71,2018-01-03,15.98
261,3,9,6,72,2018-01-03,10.17
262,4,9,6,76,2018-01-03,17.93
263,5,9,1,80,2018-01-03,13.52
264,6,9,1,65,2018-01-03,9.62
265,7,9,6,33,2018-01-03,10.63
266,8,9,6,75,2018-01-03,14.42
267,9,9,6,67,2018-01-03,12.37
268,10,9,6,30,2018-01-03,17.53
269,11,9,6,52,2018-01-03,13.29
270,12,9,2,34,2018-01-03,30.81
271,13,9,2,30,2018-01-03,24.88
272,14,9,4,65,2018-01-03,22.53
273,15,9,4,41,2018-01-03,44.49
274,16,9,2,68,2018-01-03,45.80
275,17,9,4,68,2018-01-03,29.90
276,18,9,6,54,2018-01-03,27.03
277,19,9,2,71,2018-01-03,30.46
278,20,9,2,59,2018-01-03,19.25
279,21,9,2,70,2018-01-03,37.16
280,22,9,2,57,2018-01-03,20.24
281,23,9,5,41,2018-01-03,19.62
282,24,9,5,68,2018-01-03,23.30
283,25,9,5,59,2018-01-03,19.30
284,26,9,3,68,2018-01-03,21.10
285,27,9,1,71,2018-01-03,15.82
286,28,9,1,47,2018-01-03,18.09
287,29,9,1,73,2018-01-03,13.38
288,30,9,1,31,2018-01-03,30.07
289,31,9,1,64,2018-01-03,19.60
290,32,9,2,76,2018-01-03,26.77
291,33,9,4,36,2018-01-03,22.18
292,34,9,4,65,2018-01-03,29.95
293,35,9,3,65,2018-01-03,17.01
294,36,9,3,72,2018-01-03,25.81
295,37,9,3,68,2018-01-03,21.51
296,38,9,5,60,2018-01-03,23.95
297,39,9,3,76,2018-01-03,25.63
298,40,9,5,72,2018-01-03,23.80
299,41,9,4,38,2018-01-03,7.42
300,42,9,4,68,2018-01-03,8.88
301,43,9,6,35,2018-01-03,6.43
302,1,10,1,67,2018-01-03,11.45
303,2,10,1,80,2018-01-03,13.72
304,3,10,1,61,2018-01-03,12.05
305,4,10,6,78,2018-01-03,14.82
306,5,10,1,51,2018-01-03,13.31
307,6,10,1,60,2018-01-03,10.70
308,7,10,2,82,2018-01-03,12.84
309,8,10,6,43,2018-01-03,14.58
310,9,10,6,83,2018-01-03,11.10
311,10,10,6,87,2018-01-03,18.76
312,11,10,2,56,2018-01-03,16.63
313,12,10,2,56,2018-01-03,31.17
314,13,10,2,41,2018-01-03,29.85
315,14,10,4,42,2018-01-03,27.69
316,15,10,4,47,2018-01-03,39.73
317,16,10,2,56,2018-01-03,43.13
318,17,10,2,81,2018-01-03,33.22
319,18,10,2,63,2018-01-03,22.20
320,19,10,6,47,2018-01-03,33.33
321,20,10,6,55,2018-01-03,16.71
322,21,10,2,70,2018-01-03,38.56
323,22,10,6,77,2018-01-03,23.24
324,23,10,5,78,2018-01-03,18.68
325,24,10,3,86,2018-01-03,23.41
326,25,10,3,39,2018-01-03,16.97
327,26,10,5,86,2018-01-03,20.66
328,27,10,6,60,2018-01-03,13.29
329,28,10,6,38,2018-01-03,18.28
330,29,10,1,39,2018-01-03,12.04
331,30,10,6,56,2018-01-03,24.65
332,31,10,1,41,2018-01-03,20.44
333,32,10,4,56,2018-01-03,26.77
334,33,10,4,69,2018-01-03,21.55
335,34,10,2,78,2018-01-03,34.21
336,35,10,3,67,2018-01-03,14.44
337,36,10,3,53,2018-01-03,26.82
338,37,10,3,39,2018-01-03,22.43
339,38,10,5,33,2018-01-03,19.40
340,39,10,5,60,2018-01-03,22.42
341,40,10,3,44,2018-01-03,27.01
342,41,10,6,53,2018-01-03,8.82
343,42,10,4,86,2018-01-03,9.42
344,43,10,4,82,2018-01-03,6.68
345,1,11,1,82,2018-01-03,13.38
346,2,11,6,77,2018-01-03,13.80
347,3,11,6,40,2018-01-03,10.61
348,4,11,1,66,2018-01-03,17.35
349,5,11,1,88,2018-01-03,12.37
350,6,11,1,73,2018-01-03,11.33
351,7,11,2,51,2018-01-03,12.08
352,8,11,6,64,2018-01-03,14.41
353,9,11,6,75,2018-01-03,10.29
354,10,11,6,87,2018-01-03,17.93
355,11,11,6,54,2018-01-03,13.22
356,12,11,4,57,2018-01-03,34.33
357,13,11,4,75,2018-01-03,28.20
358,14,11,2,61,2018-01-03,27.70
359,15,11,4,50,2018-01-03,36.52
360,16,11,4,73,2018-01-03,48.28
361,17,11,4,88,2018-01-03,29.45
362,18,11,2,60,2018-01-03,27.71
363,19,11,6,65,2018-01-03,29.82
364,20,11,2,86,2018-01-03,17.25
365,21,11,6,40,2018-01-03,40.77
366,22,11,6,65,2018-01-03,20.55
367,23,11,5,42,2018-01-03,20.09
368,24,11,3,37,2018-01-03,24.55
369,25,11,3,86,2018-01-03,20.64
370,26,11,3,55,2018-01-03,24.41
371,27,11,1,70,2018-01-03,13.34
372,28,11,1,59,2018-01-03,17.78
373,29,11,6,34,2018-01-03,13.96
374,30,11,1,31,2018-01-03,27.54
375,31,11,1,41,2018-01-03,19.03
376,32,11,2,76,2018-01-03,22.71
377,33,11,4,47,2018-01-03,20.29
378,34,11,4,40,2018-01-03,34.58
379,35,11,3,78,2018-01-03,13.89
380,36,11,3,69,2018-01-03,24.89
381,37,11,3,70,2018-01-03,20.81
382,38,11,5,83,2018-01-03,21.83
383,39,11,3,38,2018-01-03,22.74
384,40,11,5,40,2018-01-03,24.11
385,41,11,4,52,2018-01-03,8.57
386,42,11,6,80,2018-01-03,8.65
387,43,11,6,86,2018-01-03,6.08
388,1,12,6,43,2018-01-03,13.43
389,2,12,6,67,2018-01-03,15.16
390,3,12,6,78,2018-01-03,9.97
391,4,12,1,35,2018-01-03,14.51
392,5,12,1,26,2018-01-03,14.33
393,6,12,1,52,2018-01-03,9.28
394,7,12,2,34,2018-01-03,12.79
395,8,12,6,48,2018-01-03,16.04
396,9,12,2,44,2018-01-03,11.14
397,10,12,6,54,2018-01-03,19.04
398,11,12,6,44,2018-01-03,16.14
399,12,12,2,52,2018-01-03,33.77
400,13,12,4,42,2018-01-03,26.90
401,14,12,4,49,2018-01-03,28.83
402,15,12,2,58,2018-01-03,36.86
403,16,12,4,60,2018-01-03,47.05
404,17,12,2,70,2018-01-03,34.55
405,18,12,6,28,2018-01-03,25.45
406,19,12,6,61,2018-01-03,27.67
407,20,12,2,48,2018-01-03,18.07
408,21,12,2,35,2018-01-03,36.48
409,22,12,6,40,2018-01-03,21.11
410,23,12,5,64,2018-01-03,18.40
411,24,12,5,71,2018-01-03,22.63
412,25,12,5,62,2018-01-03,16.00
413,26,12,3,40,2018-01-03,24.49
414,27,12,6,73,2018-01-03,13.63
415,28,12,6,48,2018-01-03,18.39
416,29,12,6,32,2018-01-03,13.39
417,30,12,1,52,2018-01-03,27.77
418,31,12,6,45,2018-01-03,16.11
419,32,12,4,48,2018-01-03,29.18
420,33,12,4,29,2018-01-03,22.63
421,34,12,4,45,2018-01-03,31.98
422,35,12,3,72,2018-01-03,14.21
423,36,12,3,35,2018-01-03,24.03
424,37,12,3,72,2018-01-03,23.20
425,38,12,5,69,2018-01-03,23.59
426,39,12,5,38,2018-01-03,23.12
427,40,12,3,71,2018-01-03,28.85
428,41,12,6,42,2018-01-03,8.68
429,42,12,6,43,2018-01-03,9.45
430,43,12,6,73,2018-01-03,7.26
431,3,1,6,38,2018-01-17,10.64
432,7,1,6,30,2018-01-17,11.38
433,9,1,6,24,2018-01-17,9.92
434,13,1,2,28,2018-01-17,25.79
435,15,1,2,39,2018-01-17,37.86
436,27,1,6,33,2018-01-17,13.30
437,29,1,6,34,2018-01-17,11.69
438,41,1,6,26,2018-01-17,8.69
439,43,1,4,32,2018-01-17,7.06
440,11,2,6,24,2018-01-17,14.49
441,25,2,5,26,2018-01-17,17.00
442,33,2,4,36,2018-01-17,22.56
443,35,2,3,29,2018-01-17,16.18
444,39,2,5,25,2018-01-17,23.73
445,41,2,6,42,2018-01-17,9.43
446,43,2,4,39,2018-01-17,7.44
447,3,3,6,25,2018-01-17,9.72
448,13,3,2,26,2018-01-17,27.47
449,31,3,1,24,2018-01-17,16.95
450,41,3,6,31,2018-01-17,7.49
451,43,3,6,30,2018-01-17,6.15
452,1,4,1,37,2018-01-17,13.44
453,2,4,6,42,2018-01-17,12.79
454,3,4,1,52,2018-01-17,10.34
455,4,4,6,50,2018-01-17,16.01
456,5,4,6,64,2018-01-17,12.09
457,6,4,1,86,2018-01-17,10.98
458,7,4,6,89,2018-01-17,11.07
459,8,4,2,40,2018-01-17,15.28
460,9,4,6,71,2018-01-17,10.82
461,10,4,2,81,2018-01-17,17.98
462,11,4,2,64,2018-01-17,16.01
463,12,4,2,81,2018-01-17,31.30
464,13,4,2,63,2018-01-17,27.10
465,14,4,2,41,2018-01-17,23.99
466,15,4,2,48,2018-01-17,37.85
467,16,4,2,42,2018-01-17,51.09
468,17,4,2,60,2018-01-17,33.76
469,18,4,2,39,2018-01-17,23.28
470,19,4,2,65,2018-01-17,33.28
471,20,4,2,74,2018-01-17,16.71
472,21,4,6,66,2018-01-17,33.38
473,22,4,2,49,2018-01-17,18.81
474,23,4,5,42,2018-01-17,21.33
475,24,4,3,36,2018-01-17,23.48
476,25,4,3,65,2018-01-17,17.24
477,26,4,5,42,2018-01-17,24.43
478,27,4,1,46,2018-01-17,12.55
479,28,4,1,87,2018-01-17,16.15
480,29,4,1,41,2018-01-17,11.57
481,30,4,6,89,2018-01-17,24.51
482,31,4,6,33,2018-01-17,16.34
483,32,4,4,42,2018-01-17,24.78
484,33,4,4,36,2018-01-17,22.29
485,34,4,4,39,2018-01-17,31.89
486,35,4,3,76,2018-01-17,14.82
487,36,4,3,45,2018-01-17,21.91
488,37,4,3,87,2018-01-17,20.18
489,38,4,5,47,2018-01-17,20.65
490,39,4,3,55,2018-01-17,25.29
491,40,4,3,57,2018-01-17,30.33
492,41,4,4,88,2018-01-17,9.38
493,42,4,4,34,2018-01-17,10.02
494,43,4,6,51,2018-01-17,6.16
495,27,6,1,30,2018-01-17,13.44
496,43,6,6,24,2018-01-17,6.31
497,29,7,6,23,2018-01-17,14.30
498,41,7,4,30,2018-01-17,9.17
499,33,8,2,22,2018-01-17,22.64
500,41,8,4,45,2018-01-17,7.84
501,41,9,4,22,2018-01-17,9.27
502,11,11,6,26,2018-01-17,14.93
503,9,12,6,22,2018-01-17,11.25
504,41,12,6,24,2018-01-17,8.78
505,2,1,1,44,2018-02-05,13.59
506,4,1,1,42,2018-02-05,16.02
507,6,1,6,72,2018-02-05,9.20
508,8,1,6,47,2018-02-05,16.32
509,10,1,6,67,2018-02-05,19.32
510,12,1,2,26,2018-02-05,31.83
511,14,1,4,31,2018-02-05,24.73
512,16,1,4,43,2018-02-05,45.11
513,18,1,2,37,2018-02-05,27.79
514,20,1,2,48,2018-02-05,16.39
515,22,1,6,75,2018-02-05,22.39
516,24,1,5,38,2018-02-05,23.72
517,26,1,5,43,2018-02-05,19.67
518,28,1,1,41,2018-02-05,14.98
519,30,1,1,57,2018-02-05,24.48
520,32,1,4,41,2018-02-05,25.57
521,34,1,4,39,2018-02-05,35.75
522,36,1,3,25,2018-02-05,23.28
523,38,1,5,30,2018-02-05,24.05
524,40,1,5,30,2018-02-05,28.91
525,42,1,6,65,2018-02-05,9.94
526,2,2,1,64,2018-02-05,13.66
527,4,2,6,108,2018-02-05,14.13
528,6,2,6,74,2018-02-05,11.08
529,8,2,6,70,2018-02-05,15.15
530,10,2,2,37,2018-02-05,15.77
531,12,2,2,25,2018-02-05,33.12
532,14,2,4,59,2018-02-05,24.12
533,16,2,2,32,2018-02-05,43.52
534,18,2,6,47,2018-02-05,26.34
535,20,2,2,67,2018-02-05,19.90
536,22,2,2,35,2018-02-05,21.42
537,24,2,3,71,2018-02-05,24.66
538,26,2,5,58,2018-02-05,21.28
539,28,2,1,94,2018-02-05,15.03
540,30,2,1,22,2018-02-05,28.04
541,32,2,4,53,2018-02-05,26.07
542,34,2,2,35,2018-02-05,34.75
543,36,2,3,58,2018-02-05,21.72
544,38,2,3,54,2018-02-05,21.15
545,40,2,3,60,2018-02-05,26.37
546,42,2,4,77,2018-02-05,8.39
547,2,3,1,29,2018-02-05,14.04
548,4,3,6,36,2018-02-05,16.22
549,6,3,1,46,2018-02-05,9.47
550,10,3,2,24,2018-02-05,16.89
551,12,3,2,34,2018-02-05,34.08
552,16,3,4,34,2018-02-05,49.67
553,18,3,6,40,2018-02-05,26.29
554,22,3,2,62,2018-02-05,20.70
555,26,3,5,39,2018-02-05,22.92
556,28,3,6,53,2018-02-05,16.97
557,30,3,6,38,2018-02-05,27.35
558,34,3,4,29,2018-02-05,32.29
559,36,3,3,45,2018-02-05,26.79
560,40,3,5,41,2018-02-05,29.33
561,42,3,4,58,2018-02-05,9.43
562,42,4,6,25,2018-02-05,10.54
563,4,6,1,49,2018-02-05,15.97
564,6,6,6,45,2018-02-05,10.63
565,8,6,6,51,2018-02-05,16.31
566,10,6,2,44,2018-02-05,17.58
567,14,6,4,22,2018-02-05,28.39
568,16,6,2,25,2018-02-05,41.68
569,18,6,2,32,2018-02-05,22.69
570,20,6,2,33,2018-02-05,17.36
571,22,6,2,34,2018-02-05,20.91
572,24,6,3,34,2018-02-05,20.53
573,26,6,3,26,2018-02-05,20.88
574,28,6,6,51,2018-02-05,18.62
575,30,6,1,25,2018-02-05,30.60
576,32,6,2,36,2018-02-05,26.97
577,34,6,4,33,2018-02-05,34.05
578,36,6,3,34,2018-02-05,27.37
579,38,6,5,24,2018-02-05,24.53
580,42,6,6,33,2018-02-05,8.56
581,4,7,1,38,2018-02-05,17.48
582,8,7,2,44,2018-02-05,14.54
583,10,7,2,34,2018-02-05,18.27
584,12,7,4,25,2018-02-05,36.74
585,16,7,2,48,2018-02-05,49.67
586,18,7,2,25,2018-02-05,26.17
587,20,7,2,38,2018-02-05,17.31
588,22,7,2,42,2018-02-05,18.66
589,28,7,1,44,2018-02-05,15.54
590,30,7,1,31,2018-02-05,24.48
591,32,7,4,25,2018-02-05,25.00
592,36,7,3,46,2018-02-05,26.46
593,38,7,3,31,2018-02-05,19.76
594,42,7,4,43,2018-02-05,9.97
595,4,8,1,39,2018-02-05,14.62
596,6,8,1,25,2018-02-05,10.08
597,8,8,2,31,2018-02-05,13.45
598,10,8,6,26,2018-02-05,16.88
599,12,8,2,31,2018-02-05,33.74
600,14,8,2,23,2018-02-05,23.77
601,22,8,6,60,2018-02-05,19.75
602,24,8,3,26,2018-02-05,22.06
603,26,8,5,25,2018-02-05,22.45
604,28,8,1,32,2018-02-05,17.18
605,30,8,1,23,2018-02-05,25.45
606,32,8,2,34,2018-02-05,25.61
607,36,8,3,36,2018-02-05,24.13
608,38,8,3,29,2018-02-05,23.39
609,40,8,3,46,2018-02-05,25.46
610,42,8,4,45,2018-02-05,10.45
611,4,9,6,24,2018-02-05,17.45
612,6,9,1,25,2018-02-05,10.83
613,8,9,6,24,2018-02-05,13.20
614,10,9,6,22,2018-02-05,16.42
615,16,9,2,23,2018-02-05,48.57
616,20,9,2,28,2018-02-05,15.91
617,22,9,2,25,2018-02-05,22.84
618,28,9,1,23,2018-02-05,15.39
619,2,10,1,22,2018-02-05,15.90
620,4,10,6,37,2018-02-05,16.80
621,6,10,6,51,2018-02-05,10.09
622,8,10,6,31,2018-02-05,16.31
623,10,10,2,33,2018-02-05,16.32
624,14,10,2,26,2018-02-05,26.99
625,18,10,2,25,2018-02-05,23.10
626,24,10,3,28,2018-02-05,25.51
627,28,10,6,31,2018-02-05,15.31
628,30,10,6,36,2018-02-05,27.26
629,32,10,2,25,2018-02-05,22.54
630,36,10,3,36,2018-02-05,23.51
631,40,10,3,33,2018-02-05,30.67
632,42,10,4,33,2018-02-05,10.08
633,2,11,1,32,2018-02-05,13.25
634,4,11,6,45,2018-02-05,14.26
635,6,11,1,35,2018-02-05,9.70
636,18,11,6,46,2018-02-05,27.06
637,20,11,6,34,2018-02-05,18.89
638,22,11,6,49,2018-02-05,22.19
639,26,11,5,40,2018-02-05,21.98
640,28,11,6,28,2018-02-05,19.23
641,30,11,1,29,2018-02-05,28.34
642,32,11,4,36,2018-02-05,26.63
643,36,11,3,20,2018-02-05,25.41
644,38,11,5,19,2018-02-05,21.20
645,40,11,5,26,2018-02-05,30.55
646,42,11,4,40,2018-02-05,9.67
647,4,12,1,29,2018-02-05,15.14
648,6,12,6,30,2018-02-05,10.86
649,18,12,2,23,2018-02-05,26.16
650,22,12,2,29,2018-02-05,18.16
651,24,12,5,27,2018-02-05,20.64
652,26,12,5,25,2018-02-05,20.25
653,32,12,2,42,2018-02-05,23.62
654,36,12,3,27,2018-02-05,27.19
655,42,12,6,30,2018-02-05,8.35
656,1,1,6,79,2018-02-19,13.41
657,3,1,1,75,2018-02-19,11.56
658,5,1,1,74,2018-02-19,13.98
659,7,1,2,44,2018-02-19,13.12
660,9,1,6,43,2018-02-19,12.35
661,11,1,2,96,2018-02-19,17.02
662,13,1,2,37,2018-02-19,30.47
663,15,1,2,28,2018-02-19,37.45
664,17,1,4,65,2018-02-19,29.68
665,19,1,6,55,2018-02-19,28.82
666,21,1,6,55,2018-02-19,40.04
667,23,1,3,64,2018-02-19,21.18
668,25,1,3,80,2018-02-19,18.85
669,27,1,6,94,2018-02-19,14.70
670,29,1,6,81,2018-02-19,11.48
671,31,1,1,59,2018-02-19,19.47
672,33,1,2,73,2018-02-19,23.13
673,35,1,3,80,2018-02-19,15.00
674,37,1,3,42,2018-02-19,22.04
675,39,1,5,104,2018-02-19,25.97
676,41,1,4,112,2018-02-19,8.97
677,43,1,6,139,2018-02-19,6.58
678,1,2,1,127,2018-02-19,13.11
679,3,2,1,75,2018-02-19,11.79
680,5,2,1,99,2018-02-19,12.40
681,7,2,2,86,2018-02-19,13.61
682,9,2,2,102,2018-02-19,11.10
683,11,2,6,57,2018-02-19,16.01
684,13,2,2,58,2018-02-19,25.79
685,15,2,2,42,2018-02-19,36.68
686,17,2,4,65,2018-02-19,31.99
687,19,2,2,54,2018-02-19,27.59
688,21,2,2,46,2018-02-19,34.95
689,23,2,3,98,2018-02-19,20.16
690,25,2,3,53,2018-02-19,20.48
691,27,2,6,131,2018-02-19,12.73
692,29,2,1,117,2018-02-19,13.94
693,31,2,1,82,2018-02-19,19.02
694,33,2,4,62,2018-02-19,23.67
695,35,2,3,61,2018-02-19,15.18
696,37,2,3,36,2018-02-19,21.36
697,39,2,3,35,2018-02-19,25.51
698,41,2,6,106,2018-02-19,8.45
699,43,2,6,106,2018-02-19,6.60
700,1,3,6,74,2018-02-19,10.75
701,3,3,6,34,2018-02-19,11.95
702,5,3,1,52,2018-02-19,13.00
703,7,3,2,36,2018-02-19,13.37
704,9,3,6,62,2018-02-19,10.08
705,11,3,2,41,2018-02-19,17.18
706,13,3,2,32,2018-02-19,26.79
707,17,3,4,43,2018-02-19,29.72
708,19,3,6,57,2018-02-19,32.24
709,21,3,6,45,2018-02-19,31.82
710,23,3,3,58,2018-02-19,18.28
711,25,3,3,49,2018-02-19,17.28
712,27,3,6,82,2018-02-19,12.62
713,29,3,1,45,2018-02-19,11.47
714,31,3,6,43,2018-02-19,19.11
715,33,3,4,76,2018-02-19,22.49
716,35,3,3,73,2018-02-19,16.92
717,37,3,3,51,2018-02-19,20.89
718,39,3,3,39,2018-02-19,20.57
719,41,3,4,63,2018-02-19,9.14
720,43,3,6,67,2018-02-19,6.33
721,1,4,6,65,2018-02-19,11.86
722,3,4,1,46,2018-02-19,11.27
723,5,4,6,39,2018-02-19,14.00
724,7,4,6,44,2018-02-19,12.89
725,9,4,2,46,2018-02-19,12.23
726,11,4,6,48,2018-02-19,13.73
727,17,4,2,35,2018-02-19,28.33
728,23,4,5,34,2018-02-19,20.32
729,27,4,1,51,2018-02-19,13.00
730,29,4,1,46,2018-02-19,13.53
731,33,4,4,26,2018-02-19,21.99
732,41,4,4,29,2018-02-19,7.97
733,43,4,4,49,2018-02-19,5.96
734,1,6,1,87,2018-02-19,11.53
735,3,6,1,47,2018-02-19,11.53
736,5,6,1,27,2018-02-19,13.92
737,7,6,6,45,2018-02-19,12.96
738,9,6,6,62,2018-02-19,11.00
739,11,6,2,62,2018-02-19,15.98
740,13,6,2,25,2018-02-19,30.78
741,15,6,4,32,2018-02-19,46.06
742,17,6,4,31,2018-02-19,28.18
743,21,6,6,32,2018-02-19,39.43
744,23,6,5,58,2018-02-19,22.28
745,25,6,5,33,2018-02-19,19.06
746,27,6,1,52,2018-02-19,15.24
747,29,6,6,43,2018-02-19,13.24
748,31,6,1,46,2018-02-19,19.38
749,33,6,2,39,2018-02-19,24.86
750,35,6,3,38,2018-02-19,17.31
751,37,6,3,31,2018-02-19,22.51
752,39,6,5,24,2018-02-19,23.87
753,41,6,6,61,2018-02-19,7.58
754,43,6,4,46,2018-02-19,6.86
755,1,7,1,64,2018-02-19,12.82
756,3,7,1,61,2018-02-19,12.11
757,5,7,1,35,2018-02-19,13.16
758,7,7,2,25,2018-02-19,12.88
759,9,7,2,55,2018-02-19,12.08
760,11,7,6,57,2018-02-19,13.47
761,13,7,4,26,2018-02-19,29.69
762,15,7,2,56,2018-02-19,41.58
763,17,7,4,40,2018-02-19,35.93
764,19,7,6,39,2018-02-19,30.23
765,21,7,6,32,2018-02-19,39.29
766,23,7,3,57,2018-02-19,19.08
767,25,7,3,35,2018-02-19,20.47
768,27,7,6,87,2018-02-19,14.71
769,29,7,1,27,2018-02-19,12.75
770,31,7,1,36,2018-02-19,18.24
771,33,7,2,53,2018-02-19,24.64
772,35,7,3,44,2018-02-19,16.90
773,37,7,3,38,2018-02-19,22.85
774,39,7,5,29,2018-02-19,22.97
775,41,7,4,67,2018-02-19,8.79
776,43,7,4,77,2018-02-19,5.95
777,1,8,6,67,2018-02-19,13.03
778,3,8,1,41,2018-02-19,11.23
779,5,8,1,46,2018-02-19,13.54
780,7,8,6,54,2018-02-19,13.18
781,9,8,6,71,2018-02-19,12.33
782,11,8,6,76,2018-02-19,16.96
783,13,8,2,35,2018-02-19,29.63
784,15,8,4,25,2018-02-19,36.50
785,17,8,4,31,2018-02-19,28.87
786,19,8,6,27,2018-02-19,33.07
787,23,8,3,46,2018-02-19,20.97
788,25,8,3,35,2018-02-19,18.76
789,27,8,1,71,2018-02-19,14.53
790,29,8,1,53,2018-02-19,13.58
791,31,8,6,50,2018-02-19,20.13
792,33,8,4,33,2018-02-19,23.10
793,35,8,3,24,2018-02-19,16.78
794,37,8,3,42,2018-02-19,21.21
795,39,8,5,27,2018-02-19,24.18
796,41,8,6,58,2018-02-19,9.04
797,43,8,4,64,2018-02-19,6.49
798,1,9,6,39,2018-02-19,12.21
799,3,9,1,54,2018-02-19,12.44
800,9,9,6,40,2018-02-19,10.67
801,11,9,2,44,2018-02-19,15.61
802,15,9,4,32,2018-02-19,40.03
803,19,9,6,28,2018-02-19,32.79
804,21,9,2,27,2018-02-19,32.78
805,23,9,5,58,2018-02-19,21.74
806,25,9,3,38,2018-02-19,18.06
807,27,9,1,56,2018-02-19,13.26
808,29,9,1,56,2018-02-19,13.44
809,31,9,1,32,2018-02-19,18.38
810,33,9,2,26,2018-02-19,22.10
811,37,9,3,28,2018-02-19,23.31
812,39,9,5,44,2018-02-19,20.90
813,43,9,4,40,2018-02-19,7.32
814,3,10,6,65,2018-02-19,11.09
815,5,10,1,44,2018-02-19,13.51
816,7,10,6,38,2018-02-19,10.91
817,9,10,6,45,2018-02-19,10.71
818,11,10,2,66,2018-02-19,16.86
819,15,10,2,49,2018-02-19,46.43
820,17,10,2,44,2018-02-19,29.11
821,19,10,2,41,2018-02-19,32.12
822,21,10,2,33,2018-02-19,39.95
823,23,10,5,53,2018-02-19,20.03
824,25,10,3,33,2018-02-19,17.21
825,27,10,1,82,2018-02-19,12.77
826,29,10,6,60,2018-02-19,13.61
827,35,10,3,29,2018-02-19,16.95
828,37,10,3,37,2018-02-19,18.80
829,39,10,3,30,2018-02-19,21.33
830,41,10,6,65,2018-02-19,8.88
831,43,10,6,51,2018-02-19,5.96
832,1,11,6,54,2018-02-19,13.48
833,3,11,1,43,2018-02-19,10.42
834,5,11,6,47,2018-02-19,12.99
835,7,11,2,48,2018-02-19,10.94
836,9,11,6,32,2018-02-19,11.01
837,11,11,2,49,2018-02-19,14.51
838,13,11,2,24,2018-02-19,26.82
839,15,11,2,31,2018-02-19,43.66
840,19,11,6,39,2018-02-19,33.40
841,21,11,6,46,2018-02-19,32.52
842,23,11,5,39,2018-02-19,19.07
843,25,11,3,26,2018-02-19,20.44
844,27,11,6,48,2018-02-19,12.58
845,29,11,6,59,2018-02-19,12.83
846,31,11,1,39,2018-02-19,17.49
847,33,11,2,47,2018-02-19,19.42
848,37,11,3,23,2018-02-19,19.96
849,39,11,3,60,2018-02-19,24.12
850,41,11,6,73,2018-02-19,8.00
851,43,11,4,83,2018-02-19,7.43
852,1,12,6,43,2018-02-19,12.00
853,3,12,6,61,2018-02-19,10.99
854,5,12,1,30,2018-02-19,12.95
855,11,12,2,49,2018-02-19,15.02
856,23,12,5,39,2018-02-19,22.94
857,27,12,1,38,2018-02-19,15.27
858,29,12,6,47,2018-02-19,11.28
859,33,12,2,45,2018-02-19,19.78
860,41,12,4,38,2018-02-19,8.93
861,43,12,4,67,2018-02-19,7.54
862,2,1,1,43,2018-03-05,13.99
863,4,1,1,58,2018-03-05,14.83
864,6,1,6,53,2018-03-05,11.24
865,8,1,6,58,2018-03-05,14.67
866,10,1,2,31,2018-03-05,18.14
867,16,1,2,26,2018-03-05,45.54
868,18,1,6,42,2018-03-05,25.89
869,20,1,2,46,2018-03-05,17.59
870,22,1,2,71,2018-03-05,22.65
871,26,1,3,45,2018-03-05,21.06
872,28,1,6,26,2018-03-05,16.93
873,30,1,1,40,2018-03-05,27.95
874,32,1,4,38,2018-03-05,27.47
875,34,1,2,27,2018-03-05,30.27
876,36,1,3,36,2018-03-05,24.65
877,38,1,3,35,2018-03-05,20.95
878,40,1,5,45,2018-03-05,25.16
879,42,1,6,48,2018-03-05,8.94
880,2,2,1,44,2018-03-05,16.08
881,4,2,6,42,2018-03-05,16.74
882,6,2,1,67,2018-03-05,10.53
883,8,2,6,51,2018-03-05,13.91
884,10,2,6,36,2018-03-05,18.91
885,12,2,2,35,2018-03-05,35.96
886,14,2,2,32,2018-03-05,26.18
887,16,2,4,31,2018-03-05,48.39
888,18,2,2,57,2018-03-05,26.15
889,20,2,2,53,2018-03-05,20.25
890,22,2,2,66,2018-03-05,20.33
891,24,2,3,51,2018-03-05,25.60
892,26,2,3,61,2018-03-05,23.72
893,28,2,1,49,2018-03-05,16.67
894,30,2,1,52,2018-03-05,26.05
895,32,2,4,53,2018-03-05,25.11
896,34,2,2,29,2018-03-05,32.98
897,36,2,3,44,2018-03-05,22.01
898,38,2,3,49,2018-03-05,22.32
899,40,2,5,67,2018-03-05,27.76
900,42,2,6,63,2018-03-05,8.58
901,4,3,1,54,2018-03-05,14.41
902,6,3,6,41,2018-03-05,9.82
903,8,3,6,72,2018-03-05,15.04
904,10,3,2,30,2018-03-05,15.86
905,12,3,4,27,2018-03-05,36.86
906,14,3,4,59,2018-03-05,25.72
907,16,3,2,57,2018-03-05,45.21
908,18,3,6,36,2018-03-05,24.97
909,20,3,2,73,2018-03-05,17.33
910,22,3,6,54,2018-03-05,18.22
911,24,3,3,38,2018-03-05,22.01
912,26,3,3,45,2018-03-05,22.38
913,28,3,1,53,2018-03-05,17.63
914,30,3,6,40,2018-03-05,28.63
915,32,3,2,47,2018-03-05,26.66
916,34,3,4,26,2018-03-05,30.00
917,36,3,3,37,2018-03-05,27.53
918,38,3,3,31,2018-03-05,23.43
919,40,3,5,47,2018-03-05,30.78
920,42,3,4,40,2018-03-05,9.40
921,2,4,1,68,2018-03-05,15.04
922,4,4,6,58,2018-03-05,17.94
923,6,4,6,31,2018-03-05,9.40
924,8,4,2,37,2018-03-05,15.03
925,10,4,2,42,2018-03-05,16.93
926,12,4,2,25,2018-03-05,29.94
927,14,4,4,23,2018-03-05,27.24
928,16,4,2,54,2018-03-05,49.10
929,18,4,2,17,2018-03-05,23.36
930,20,4,6,64,2018-03-05,18.76
931,22,4,2,32,2018-03-05,22.51
932,24,4,3,53,2018-03-05,21.59
933,26,4,5,30,2018-03-05,24.13
934,28,4,6,48,2018-03-05,17.89
935,30,4,6,34,2018-03-05,30.85
936,32,4,4,52,2018-03-05,24.10
937,34,4,2,21,2018-03-05,30.99
938,36,4,3,31,2018-03-05,22.34
939,38,4,3,25,2018-03-05,23.30
940,40,4,5,40,2018-03-05,30.02
941,42,4,6,42,2018-03-05,8.37
942,2,6,1,31,2018-03-05,14.40
943,4,6,1,47,2018-03-05,17.55
944,6,6,6,54,2018-03-05,9.79
945,8,6,2,44,2018-03-05,15.49
946,10,6,2,37,2018-03-05,15.49
947,12,6,4,30,2018-03-05,33.05
948,16,6,4,28,2018-03-05,43.40
949,18,6,6,34,2018-03-05,25.69
950,20,6,6,49,2018-03-05,20.24
951,22,6,2,48,2018-03-05,19.19
952,24,6,3,44,2018-03-05,24.73
953,26,6,3,33,2018-03-05,24.51
954,30,6,1,24,2018-03-05,26.12
955,32,6,2,31,2018-03-05,29.03
956,34,6,4,22,2018-03-05,28.84
957,36,6,3,39,2018-03-05,25.53
958,38,6,3,33,2018-03-05,23.36
959,40,6,3,40,2018-03-05,26.70
960,42,6,6,33,2018-03-05,8.31
961,2,7,6,49,2018-03-05,13.32
962,4,7,6,57,2018-03-05,15.33
963,6,7,6,58,2018-03-05,9.96
964,8,7,2,60,2018-03-05,15.61
965,10,7,6,40,2018-03-05,18.05
966,14,7,4,39,2018-03-05,27.24
967,16,7,2,31,2018-03-05,43.14
968,20,7,6,44,2018-03-05,17.31
969,22,7,2,31,2018-03-05,22.09
970,24,7,3,47,2018-03-05,23.31
971,26,7,5,37,2018-03-05,23.42
972,28,7,6,47,2018-03-05,19.14
973,34,7,4,39,2018-03-05,28.53
974,38,7,3,32,2018-03-05,23.00
975,40,7,3,47,2018-03-05,25.22
976,42,7,6,39,2018-03-05,9.68
977,2,8,1,66,2018-03-05,15.40
978,4,8,6,51,2018-03-05,16.61
979,6,8,6,40,2018-03-05,11.55
980,8,8,6,37,2018-03-05,15.75
981,10,8,2,21,2018-03-05,17.87
982,16,8,2,60,2018-03-05,43.68
983,18,8,2,51,2018-03-05,25.41
984,20,8,6,52,2018-03-05,18.38
985,22,8,2,45,2018-03-05,18.26
986,26,8,3,34,2018-03-05,23.74
987,28,8,1,40,2018-03-05,18.02
988,30,8,6,27,2018-03-05,28.46
989,32,8,2,50,2018-03-05,26.65
990,34,8,4,45,2018-03-05,32.15
991,36,8,3,58,2018-03-05,26.98
992,38,8,5,37,2018-03-05,24.12
993,40,8,5,39,2018-03-05,25.33
994,42,8,4,34,2018-03-05,10.64
995,2,9,6,37,2018-03-05,14.05
996,4,9,1,31,2018-03-05,14.87
997,6,9,6,33,2018-03-05,10.60
998,10,9,6,33,2018-03-05,17.01
999,12,9,2,39,2018-03-05,32.30
1000,14,9,4,34,2018-03-05,28.65
1001,18,9,2,34,2018-03-05,26.21
1002,24,9,3,27,2018-03-05,26.16
1003,26,9,3,58,2018-03-05,19.72
1004,30,9,1,42,2018-03-05,30.92
1005,32,9,2,41,2018-03-05,25.01
1006,34,9,2,26,2018-03-05,28.36
1007,36,9,3,42,2018-03-05,27.40
1008,38,9,3,37,2018-03-05,19.97
1009,40,9,3,24,2018-03-05,30.53
1010,42,9,4,50,2018-03-05,9.41
1011,2,10,1,35,2018-03-05,13.28
1012,4,10,1,36,2018-03-05,17.16
1013,6,10,6,34,2018-03-05,9.48
1014,10,10,2,40,2018-03-05,15.05
1015,12,10,4,29,2018-03-05,37.88
1016,16,10,4,34,2018-03-05,50.21
1017,20,10,6,59,2018-03-05,19.58
1018,22,10,6,43,2018-03-05,22.39
1019,26,10,5,53,2018-03-05,23.91
1020,32,10,4,29,2018-03-05,24.86
1021,34,10,2,31,2018-03-05,31.01
1022,38,10,3,37,2018-03-05,21.73
1023,40,10,5,33,2018-03-05,23.94
1024,2,11,1,24,2018-03-05,15.86
1025,4,11,6,42,2018-03-05,16.57
1026,6,11,6,37,2018-03-05,9.27
1027,8,11,6,46,2018-03-05,12.86
1028,10,11,2,35,2018-03-05,18.90
1029,12,11,4,30,2018-03-05,37.98
1030,14,11,4,49,2018-03-05,28.47
1031,16,11,2,44,2018-03-05,47.62
1032,18,11,2,29,2018-03-05,27.07
1033,20,11,6,62,2018-03-05,16.56
1034,22,11,6,21,2018-03-05,22.47
1035,24,11,5,56,2018-03-05,26.43
1036,30,11,6,36,2018-03-05,23.90
1037,34,11,4,37,2018-03-05,35.39
1038,40,11,5,38,2018-03-05,28.36
1039,42,11,4,48,2018-03-05,10.15
1040,2,12,1,33,2018-03-05,13.20
1041,4,12,1,26,2018-03-05,16.42
1042,8,12,6,33,2018-03-05,14.25
1043,10,12,2,49,2018-03-05,17.19
1044,12,12,4,17,2018-03-05,32.61
1045,14,12,4,13,2018-03-05,26.44
1046,16,12,4,28,2018-03-05,44.08
1047,20,12,6,24,2018-03-05,17.08
1048,22,12,2,30,2018-03-05,19.01
1049,28,12,1,27,2018-03-05,15.46
1050,30,12,1,40,2018-03-05,24.91
1051,34,12,2,25,2018-03-05,32.11
1052,38,12,5,31,2018-03-05,24.42
1053,40,12,3,29,2018-03-05,26.74
1054,1,1,6,61,2018-03-19,13.12
1055,3,1,1,21,2018-03-19,10.12
1056,5,1,1,38,2018-03-19,12.38
1057,7,1,2,29,2018-03-19,11.80
1058,9,1,6,51,2018-03-19,11.63
1059,11,1,2,50,2018-03-19,14.29
1060,17,1,2,31,2018-03-19,32.26
1061,19,1,2,33,2018-03-19,28.17
1062,21,1,2,36,2018-03-19,32.80
1063,23,1,5,59,2018-03-19,20.11
1064,25,1,3,62,2018-03-19,17.91
1065,27,1,1,67,2018-03-19,12.56
1066,29,1,1,39,2018-03-19,13.27
1067,31,1,6,27,2018-03-19,17.91
1068,33,1,2,32,2018-03-19,20.05
1069,35,1,3,26,2018-03-19,17.37
1070,37,1,3,25,2018-03-19,19.02
1071,39,1,3,34,2018-03-19,23.45
1072,41,1,4,71,2018-03-19,8.64
1073,43,1,4,92,2018-03-19,7.30
1074,1,2,1,42,2018-03-19,12.51
1075,3,2,1,53,2018-03-19,12.35
1076,5,2,1,71,2018-03-19,12.94
1077,7,2,2,37,2018-03-19,11.67
1078,9,2,2,33,2018-03-19,12.16
1079,11,2,6,68,2018-03-19,16.79
1080,13,2,4,27,2018-03-19,29.62
1081,15,2,4,33,2018-03-19,47.03
1082,21,2,2,46,2018-03-19,40.08
1083,23,2,3,92,2018-03-19,22.58
1084,27,2,1,99,2018-03-19,12.88
1085,29,2,1,56,2018-03-19,12.98
1086,31,2,1,38,2018-03-19,19.11
1087,33,2,2,45,2018-03-19,21.67
1088,35,2,3,29,2018-03-19,14.71
1089,37,2,3,46,2018-03-19,19.17
1090,39,2,5,39,2018-03-19,24.11
1091,41,2,4,91,2018-03-19,8.73
1092,43,2,4,66,2018-03-19,7.74
1093,1,3,6,60,2018-03-19,13.35
1094,3,3,6,32,2018-03-19,10.35
1095,5,3,1,39,2018-03-19,14.80
1096,7,3,2,49,2018-03-19,12.95
1097,9,3,2,40,2018-03-19,12.58
1098,11,3,2,34,2018-03-19,14.05
1099,15,3,2,44,2018-03-19,43.24
1100,21,3,6,25,2018-03-19,40.19
1101,23,3,5,46,2018-03-19,18.58
1102,27,3,1,70,2018-03-19,15.19
1103,29,3,1,41,2018-03-19,12.75
1104,31,3,6,25,2018-03-19,17.55
1105,41,3,4,34,2018-03-19,7.35
1106,43,3,6,69,2018-03-19,6.13
1107,3,4,6,22,2018-03-19,11.08
1108,5,4,6,33,2018-03-19,13.49
1109,11,4,6,35,2018-03-19,16.66
1110,13,4,2,31,2018-03-19,27.64
1111,15,4,2,29,2018-03-19,45.91
1112,19,4,6,39,2018-03-19,32.04
1113,21,4,6,27,2018-03-19,40.15
1114,25,4,5,40,2018-03-19,19.30
1115,27,4,6,32,2018-03-19,12.87
1116,31,4,1,43,2018-03-19,16.40
1117,33,4,2,25,2018-03-19,20.38
1118,35,4,3,45,2018-03-19,16.75
1119,37,4,3,33,2018-03-19,19.68
1120,39,4,3,44,2018-03-19,20.78
1121,41,4,4,42,2018-03-19,9.45
1122,43,4,4,28,2018-03-19,6.07
1123,1,6,1,29,2018-03-19,11.51
1124,3,6,1,34,2018-03-19,9.62
1125,5,6,6,24,2018-03-19,14.61
1126,7,6,6,35,2018-03-19,10.77
1127,9,6,6,31,2018-03-19,11.64
1128,11,6,2,63,2018-03-19,15.67
1129,19,6,2,46,2018-03-19,33.00
1130,21,6,2,32,2018-03-19,36.22
1131,23,6,5,38,2018-03-19,20.96
1132,25,6,3,27,2018-03-19,17.09
1133,27,6,6,26,2018-03-19,12.77
1134,29,6,6,37,2018-03-19,11.65
1135,33,6,2,30,2018-03-19,24.24
1136,35,6,3,23,2018-03-19,14.95
1137,41,6,6,58,2018-03-19,9.02
1138,43,6,4,40,2018-03-19,6.67
1139,1,7,1,47,2018-03-19,11.37
1140,3,7,1,26,2018-03-19,11.65
1141,9,7,2,25,2018-03-19,10.53
1142,11,7,2,23,2018-03-19,15.94
1143,23,7,3,25,2018-03-19,21.52
1144,27,7,1,35,2018-03-19,15.31
1145,29,7,1,26,2018-03-19,11.92
1146,31,7,6,23,2018-03-19,17.85
1147,33,7,2,28,2018-03-19,22.77
1148,35,7,3,32,2018-03-19,16.04
1149,41,7,4,37,2018-03-19,9.25
1150,43,7,6,25,2018-03-19,6.81
1151,1,8,6,37,2018-03-19,12.05
1152,3,8,6,31,2018-03-19,10.37
1153,5,8,1,34,2018-03-19,13.02
1154,7,8,6,46,2018-03-19,13.73
1155,9,8,2,29,2018-03-19,12.74
1156,11,8,2,65,2018-03-19,13.35
1157,13,8,2,30,2018-03-19,24.94
1158,21,8,6,28,2018-03-19,33.92
1159,23,8,3,31,2018-03-19,23.25
1160,27,8,1,28,2018-03-19,12.77
1161,29,8,6,44,2018-03-19,12.55
1162,33,8,4,38,2018-03-19,24.49
1163,37,8,3,34,2018-03-19,21.18
1164,39,8,5,34,2018-03-19,21.50
1165,41,8,6,52,2018-03-19,7.53
1166,43,8,4,33,2018-03-19,6.91
1167,3,9,1,28,2018-03-19,9.90
1168,5,9,6,49,2018-03-19,13.03
1169,7,9,2,33,2018-03-19,13.37
1170,9,9,2,23,2018-03-19,10.07
1171,13,9,2,34,2018-03-19,28.74
1172,17,9,2,35,2018-03-19,34.15
1173,25,9,3,28,2018-03-19,19.45
1174,29,9,1,45,2018-03-19,14.31
1175,35,9,3,37,2018-03-19,13.97
1176,41,9,6,52,2018-03-19,7.83
1177,43,9,4,37,2018-03-19,6.00
1178,1,10,1,48,2018-03-19,12.75
1179,13,10,4,26,2018-03-19,31.06
1180,27,10,1,51,2018-03-19,12.60
1181,29,10,1,28,2018-03-19,11.47
1182,31,10,1,39,2018-03-19,16.68
1183,33,10,4,41,2018-03-19,20.56
1184,39,10,3,32,2018-03-19,24.25
1185,41,10,4,43,2018-03-19,8.91
1186,1,11,1,44,2018-03-19,10.70
1187,7,11,6,26,2018-03-19,13.13
1188,9,11,6,32,2018-03-19,10.18
1189,17,11,4,33,2018-03-19,33.06
1190,23,11,3,24,2018-03-19,18.34
1191,27,11,1,32,2018-03-19,14.64
1192,35,11,3,42,2018-03-19,14.62
1193,37,11,3,31,2018-03-19,21.79
1194,41,11,4,35,2018-03-19,8.58
1195,43,11,4,47,2018-03-19,7.54
1196,1,12,1,23,2018-03-19,13.68
1197,7,12,2,23,2018-03-19,13.17
1198,9,12,6,39,2018-03-19,11.59
1199,13,12,2,14,2018-03-19,30.64
1200,15,12,2,19,2018-03-19,45.95
1201,17,12,4,23,2018-03-19,29.93
1202,19,12,6,31,2018-03-19,29.15
1203,21,12,2,34,2018-03-19,37.84
1204,25,12,5,37,2018-03-19,16.89
1205,31,12,6,50,2018-03-19,20.08
1206,35,12,3,37,2018-03-19,16.77
1207,37,12,3,37,2018-03-19,19.38
1208,39,12,3,28,2018-03-19,24.27
1209,41,12,6,23,2018-03-19,7.60
1210,43,12,6,25,2018-03-19,6.26
1211,2,1,1,42,2018-04-03,14.48
1212,4,1,6,35,2018-04-03,16.09
1213,6,1,6,37,2018-04-03,9.58
1214,8,1,2,47,2018-04-03,14.01
1215,10,1,2,51,2018-04-03,15.81
1216,12,1,2,34,2018-04-03,34.92
1217,14,1,2,34,2018-04-03,26.94
1218,16,1,2,36,2018-04-03,44.72
1219,18,1,2,35,2018-04-03,26.98
1220,20,1,6,33,2018-04-03,19.34
1221,22,1,6,50,2018-04-03,22.52
1222,24,1,5,67,2018-04-03,24.40
1223,26,1,5,52,2018-04-03,19.49
1224,28,1,6,52,2018-04-03,17.44
1225,30,1,6,29,2018-04-03,25.28
1226,32,1,4,27,2018-04-03,25.60
1227,34,1,2,25,2018-04-03,28.32
1228,36,1,3,33,2018-04-03,26.48
1229,42,1,4,39,2018-04-03,10.24
1230,2,2,6,61,2018-04-03,16.34
1231,4,2,6,59,2018-04-03,14.62
1232,6,2,1,52,2018-04-03,11.05
1233,8,2,2,39,2018-04-03,15.68
1234,10,2,6,31,2018-04-03,17.67
1235,12,2,4,42,2018-04-03,31.65
1236,14,2,2,26,2018-04-03,25.14
1237,16,2,4,46,2018-04-03,43.57
1238,18,2,2,41,2018-04-03,21.97
1239,20,2,2,40,2018-04-03,16.16
1240,22,2,6,47,2018-04-03,21.73
1241,24,2,3,32,2018-04-03,26.40
1242,26,2,5,37,2018-04-03,23.94
1243,28,2,1,41,2018-04-03,15.35
1244,30,2,1,42,2018-04-03,28.04
1245,36,2,3,62,2018-04-03,27.80
1246,40,2,5,30,2018-04-03,26.76
1247,42,2,6,48,2018-04-03,9.39
1248,2,3,1,42,2018-04-03,13.95
1249,4,3,6,52,2018-04-03,15.19
1250,6,3,1,35,2018-04-03,11.53
1251,8,3,6,35,2018-04-03,16.20
1252,10,3,6,42,2018-04-03,16.74
1253,12,3,2,22,2018-04-03,33.63
1254,18,3,2,39,2018-04-03,25.02
1255,20,3,6,36,2018-04-03,18.21
1256,22,3,2,39,2018-04-03,19.09
1257,24,3,3,27,2018-04-03,21.87
1258,26,3,3,49,2018-04-03,24.25
1259,28,3,1,26,2018-04-03,16.40
1260,34,3,4,31,2018-04-03,36.19
1261,38,3,5,33,2018-04-03,24.59
1262,42,3,6,27,2018-04-03,9.74
1263,4,4,1,32,2018-04-03,17.07
1264,6,4,6,24,2018-04-03,9.66
1265,26,4,3,30,2018-04-03,22.32
1266,38,4,3,23,2018-04-03,24.75
1267,42,4,6,24,2018-04-03,9.98
1268,4,6,1,41,2018-04-03,15.23
1269,6,6,1,37,2018-04-03,10.82
1270,8,6,6,45,2018-04-03,15.01
1271,10,6,6,36,2018-04-03,19.06
1272,14,6,2,26,2018-04-03,23.55
1273,20,6,6,26,2018-04-03,16.15
1274,22,6,6,41,2018-04-03,23.44
1275,24,6,5,34,2018-04-03,25.90
1276,26,6,3,24,2018-04-03,20.53
1277,28,6,6,32,2018-04-03,16.24
1278,36,6,3,26,2018-04-03,27.75
1279,40,6,3,26,2018-04-03,26.01
1280,42,6,4,32,2018-04-03,8.33
1281,4,7,6,37,2018-04-03,15.78
1282,6,7,6,28,2018-04-03,9.34
1283,8,7,2,43,2018-04-03,13.33
1284,12,7,2,18,2018-04-03,31.55
1285,18,7,2,27,2018-04-03,26.34
1286,24,7,3,33,2018-04-03,26.36
1287,26,7,3,39,2018-04-03,24.43
1288,28,7,6,23,2018-04-03,17.01
1289,30,7,1,41,2018-04-03,29.52
1290,32,7,2,46,2018-04-03,25.74
1291,36,7,3,54,2018-04-03,27.00
1292,40,7,5,24,2018-04-03,27.12
1293,42,7,4,29,2018-04-03,8.80
1294,10,8,6,38,2018-04-03,16.56
1295,12,8,2,31,2018-04-03,30.99
1296,14,8,2,28,2018-04-03,28.73
1297,18,8,6,35,2018-04-03,27.13
1298,20,8,6,28,2018-04-03,18.07
1299,22,8,2,26,2018-04-03,18.60
1300,24,8,5,24,2018-04-03,22.03
1301,26,8,5,26,2018-04-03,21.70
1302,36,8,3,34,2018-04-03,25.59
1303,40,8,3,25,2018-04-03,25.94
1304,42,8,6,34,2018-04-03,8.70
1305,8,9,6,38,2018-04-03,15.51
1306,10,9,6,33,2018-04-03,17.43
1307,16,9,4,23,2018-04-03,41.30
1308,20,9,2,24,2018-04-03,20.14
1309,22,9,6,48,2018-04-03,20.97
1310,28,9,6,38,2018-04-03,17.10
1311,8,10,6,46,2018-04-03,14.83
1312,14,10,4,33,2018-04-03,23.32
1313,18,10,2,18,2018-04-03,23.09
1314,22,10,6,26,2018-04-03,21.03
1315,24,10,3,29,2018-04-03,24.21
1316,26,10,3,22,2018-04-03,22.62
1317,28,10,1,35,2018-04-03,15.65
1318,30,10,6,38,2018-04-03,26.59
1319,32,10,2,34,2018-04-03,28.53
1320,36,10,3,40,2018-04-03,25.67
1321,42,10,4,43,2018-04-03,9.77
1322,4,11,1,37,2018-04-03,15.50
1323,24,11,5,28,2018-04-03,26.60
1324,26,11,5,35,2018-04-03,20.42
1325,28,11,6,33,2018-04-03,15.88
1326,32,11,4,20,2018-04-03,23.86
1327,36,11,3,32,2018-04-03,25.43
1328,38,11,5,25,2018-04-03,20.13
1329,6,12,1,42,2018-04-03,10.58
1330,10,12,6,25,2018-04-03,19.19
1331,18,12,2,38,2018-04-03,21.84
1332,24,12,5,50,2018-04-03,23.01
1333,26,12,5,39,2018-04-03,22.19
1334,28,12,6,31,2018-04-03,15.49
1335,32,12,2,36,2018-04-03,28.24
1336,36,12,3,39,2018-04-03,26.72
1337,42,12,6,39,2018-04-03,9.28
1338,1,1,6,45,2018-04-17,10.72
1339,3,1,6,32,2018-04-17,11.98
1340,5,1,1,57,2018-04-17,13.75
1341,7,1,6,33,2018-04-17,12.59
1342,9,1,2,36,2018-04-17,11.81
1343,11,1,6,58,2018-04-17,16.55
1344,13,1,4,25,2018-04-17,25.81
1345,15,1,2,37,2018-04-17,41.83
1346,23,1,3,84,2018-04-17,19.70
1347,25,1,3,25,2018-04-17,18.93
1348,27,1,1,65,2018-04-17,13.17
1349,29,1,6,58,2018-04-17,12.07
1350,31,1,1,23,2018-04-17,19.71
1351,33,1,4,38,2018-04-17,20.36
1352,37,1,3,27,2018-04-17,22.30
1353,39,1,3,23,2018-04-17,22.75
1354,41,1,4,73,2018-04-17,7.31
1355,43,1,6,73,2018-04-17,6.54
1356,1,2,1,64,2018-04-17,12.20
1357,3,2,6,61,2018-04-17,11.10
1358,5,2,1,32,2018-04-17,12.53
1359,7,2,6,27,2018-04-17,11.13
1360,9,2,2,63,2018-04-17,10.85
1361,11,2,2,47,2018-04-17,14.42
1362,15,2,4,29,2018-04-17,43.47
1363,17,2,4,47,2018-04-17,30.08
1364,19,2,2,40,2018-04-17,26.26
1365,23,2,3,59,2018-04-17,23.04
1366,25,2,3,72,2018-04-17,19.96
1367,27,2,6,72,2018-04-17,14.49
1368,29,2,1,38,2018-04-17,12.46
1369,31,2,1,38,2018-04-17,18.81
1370,33,2,2,55,2018-04-17,20.65
1371,35,2,3,35,2018-04-17,16.54
1372,37,2,3,26,2018-04-17,22.24
1373,39,2,3,40,2018-04-17,26.37
1374,41,2,6,91,2018-04-17,9.33
1375,43,2,6,77,2018-04-17,7.36
1376,1,3,6,46,2018-04-17,13.35
1377,3,3,6,38,2018-04-17,11.02
1378,5,3,6,34,2018-04-17,11.64
1379,9,3,6,39,2018-04-17,10.77
1380,13,3,4,44,2018-04-17,28.13
1381,15,3,4,32,2018-04-17,39.62
1382,17,3,2,43,2018-04-17,35.52
1383,19,3,2,32,2018-04-17,26.10
1384,23,3,5,26,2018-04-17,18.40
1385,25,3,5,52,2018-04-17,17.92
1386,27,3,6,42,2018-04-17,16.17
1387,29,3,1,22,2018-04-17,14.26
1388,31,3,6,31,2018-04-17,16.29
1389,33,3,2,23,2018-04-17,23.17
1390,35,3,3,40,2018-04-17,15.29
1391,37,3,3,39,2018-04-17,22.08
1392,39,3,3,36,2018-04-17,23.58
1393,41,3,6,39,2018-04-17,7.69
1394,43,3,6,45,2018-04-17,6.40
1395,1,4,6,35,2018-04-17,10.91
1396,3,4,6,38,2018-04-17,11.37
1397,5,4,1,28,2018-04-17,11.94
1398,7,4,6,54,2018-04-17,13.14
1399,9,4,6,49,2018-04-17,12.87
1400,17,4,4,33,2018-04-17,30.72
1401,23,4,3,50,2018-04-17,20.96
1402,27,4,6,37,2018-04-17,13.36
1403,29,4,6,38,2018-04-17,13.40
1404,31,4,6,27,2018-04-17,20.61
1405,35,4,3,40,2018-04-17,14.56
1406,41,4,4,38,2018-04-17,7.68
1407,43,4,6,50,2018-04-17,6.96
1408,1,6,1,28,2018-04-17,11.83
1409,9,6,2,27,2018-04-17,10.22
1410,11,6,2,46,2018-04-17,14.26
1411,13,6,2,18,2018-04-17,29.43
1412,15,6,2,27,2018-04-17,38.42
1413,17,6,2,20,2018-04-17,29.93
1414,19,6,2,25,2018-04-17,33.46
1415,23,6,3,37,2018-04-17,21.03
1416,25,6,5,24,2018-04-17,19.42
1417,27,6,6,60,2018-04-17,14.07
1418,29,6,6,32,2018-04-17,13.02
1419,31,6,6,33,2018-04-17,19.23
1420,33,6,2,36,2018-04-17,21.09
1421,37,6,3,38,2018-04-17,19.14
1422,39,6,3,33,2018-04-17,26.62
1423,41,6,6,34,2018-04-17,8.49
1424,43,6,6,33,2018-04-17,6.30
1425,1,7,6,34,2018-04-17,11.61
1426,3,7,6,38,2018-04-17,10.76
1427,5,7,1,43,2018-04-17,13.31
1428,7,7,6,38,2018-04-17,11.97
1429,11,7,2,31,2018-04-17,15.36
1430,13,7,4,32,2018-04-17,30.33
1431,15,7,2,31,2018-04-17,46.39
1432,17,7,4,34,2018-04-17,31.36
1433,19,7,2,19,2018-04-17,27.39
1434,21,7,6,34,2018-04-17,36.60
1435,23,7,5,29,2018-04-17,18.61
1436,25,7,5,43,2018-04-17,19.50
1437,27,7,6,39,2018-04-17,14.01
1438,33,7,4,27,2018-04-17,21.35
1439,35,7,3,31,2018-04-17,15.07
1440,37,7,3,53,2018-04-17,19.74
1441,39,7,5,32,2018-04-17,20.96
1442,3,8,6,40,2018-04-17,11.98
1443,5,8,6,51,2018-04-17,13.86
1444,11,8,2,37,2018-04-17,16.17
1445,15,8,4,36,2018-04-17,42.51
1446,17,8,2,22,2018-04-17,28.15
1447,19,8,2,38,2018-04-17,26.96
1448,23,8,3,33,2018-04-17,23.22
1449,25,8,3,45,2018-04-17,20.00
1450,27,8,1,30,2018-04-17,16.07
1451,29,8,1,30,2018-04-17,11.71
1452,31,8,6,42,2018-04-17,19.11
1453,33,8,4,31,2018-04-17,22.43
1454,35,8,3,40,2018-04-17,14.52
1455,41,8,6,35,2018-04-17,7.35
1456,43,8,6,39,2018-04-17,7.25
1457,1,9,6,46,2018-04-17,12.71
1458,9,9,2,31,2018-04-17,12.04
1459,11,9,6,39,2018-04-17,15.83
1460,15,9,2,17,2018-04-17,42.27
1461,19,9,2,33,2018-04-17,28.01
1462,21,9,2,8,2018-04-17,34.85
1463,23,9,3,38,2018-04-17,22.59
1464,27,9,1,43,2018-04-17,15.60
1465,29,9,1,24,2018-04-17,12.19
1466,31,9,1,11,2018-04-17,20.32
1467,33,9,4,32,2018-04-17,23.75
1468,37,9,3,24,2018-04-17,18.60
1469,39,9,5,20,2018-04-17,21.10
1470,41,9,4,34,2018-04-17,7.55
1471,43,9,4,32,2018-04-17,7.03
1472,1,10,1,26,2018-04-17,13.49
1473,3,10,6,59,2018-04-17,10.04
1474,5,10,1,25,2018-04-17,11.96
1475,7,10,2,37,2018-04-17,11.12
1476,9,10,6,49,2018-04-17,12.20
1477,11,10,6,50,2018-04-17,13.98
1478,15,10,2,12,2018-04-17,44.86
1479,17,10,2,17,2018-04-17,31.75
1480,19,10,2,44,2018-04-17,26.60
1481,21,10,2,24,2018-04-17,39.68
1482,23,10,5,69,2018-04-17,22.59
1483,25,10,3,31,2018-04-17,16.11
1484,27,10,6,30,2018-04-17,12.60
1485,29,10,1,29,2018-04-17,14.58
1486,31,10,1,38,2018-04-17,16.93
1487,35,10,3,46,2018-04-17,15.88
1488,37,10,3,26,2018-04-17,22.75
1489,41,10,4,32,2018-04-17,8.44
1490,43,10,4,56,2018-04-17,6.34
1491,1,11,6,28,2018-04-17,11.10
1492,3,11,6,49,2018-04-17,10.06
1493,5,11,6,27,2018-04-17,14.09
1494,9,11,2,27,2018-04-17,11.04
1495,11,11,6,32,2018-04-17,13.26
1496,13,11,2,24,2018-04-17,29.43
1497,15,11,4,28,2018-04-17,36.33
1498,19,11,2,25,2018-04-17,31.68
1499,21,11,2,29,2018-04-17,35.47
1500,23,11,5,40,2018-04-17,20.79
1501,25,11,5,32,2018-04-17,19.02
1502,27,11,6,44,2018-04-17,14.50
1503,29,11,1,38,2018-04-17,12.74
1504,31,11,6,35,2018-04-17,16.03
1505,33,11,4,32,2018-04-17,24.16
1506,39,11,5,23,2018-04-17,24.97
1507,41,11,6,40,2018-04-17,8.31
1508,3,12,1,30,2018-04-17,11.92
1509,5,12,6,34,2018-04-17,12.26
1510,9,12,2,25,2018-04-17,12.46
1511,11,12,6,56,2018-04-17,13.97
1512,15,12,4,24,2018-04-17,36.76
1513,23,12,3,35,2018-04-17,20.07
1514,25,12,5,27,2018-04-17,17.95
1515,27,12,6,33,2018-04-17,13.12
1516,29,12,6,39,2018-04-17,12.19
1517,33,12,2,27,2018-04-17,20.22
1518,39,12,5,34,2018-04-17,22.45
1519,41,12,6,43,2018-04-17,9.13
1520,43,12,6,26,2018-04-17,7.65
1521,2,1,6,38,2018-05-03,13.43
1522,4,1,6,56,2018-05-03,17.80
1523,6,1,1,60,2018-05-03,9.95
1524,8,1,2,46,2018-05-03,13.72
1525,10,1,6,40,2018-05-03,17.42
1526,12,1,4,25,2018-05-03,31.36
1527,16,1,2,44,2018-05-03,50.21
1528,18,1,2,27,2018-05-03,27.68
1529,22,1,2,57,2018-05-03,20.60
1530,24,1,3,36,2018-05-03,21.09
1531,26,1,5,53,2018-05-03,22.42
1532,28,1,6,50,2018-05-03,16.50
1533,32,1,2,42,2018-05-03,24.41
1534,34,1,2,47,2018-05-03,31.15
1535,36,1,3,47,2018-05-03,23.49
1536,38,1,5,44,2018-05-03,24.44
1537,40,1,3,65,2018-05-03,25.09
1538,42,1,4,50,2018-05-03,9.46
1539,2,2,6,39,2018-05-03,13.95
1540,4,2,1,84,2018-05-03,15.08
1541,6,2,6,43,2018-05-03,10.48
1542,8,2,6,65,2018-05-03,12.58
1543,10,2,6,45,2018-05-03,17.00
1544,14,2,4,52,2018-05-03,28.51
1545,16,2,4,46,2018-05-03,43.14
1546,18,2,2,54,2018-05-03,25.50
1547,20,2,2,45,2018-05-03,17.46
1548,22,2,2,58,2018-05-03,20.16
1549,24,2,5,47,2018-05-03,25.87
1550,26,2,5,59,2018-05-03,23.08
1551,28,2,1,59,2018-05-03,16.49
1552,30,2,1,49,2018-05-03,25.48
1553,32,2,2,80,2018-05-03,26.03
1554,34,2,4,50,2018-05-03,28.24
1555,36,2,3,33,2018-05-03,23.88
1556,38,2,5,45,2018-05-03,23.88
1557,40,2,5,36,2018-05-03,24.73
1558,42,2,6,42,2018-05-03,9.95
1559,2,3,6,29,2018-05-03,14.93
1560,4,3,1,27,2018-05-03,14.17
1561,6,3,6,34,2018-05-03,10.70
1562,8,3,6,36,2018-05-03,15.54
1563,10,3,6,27,2018-05-03,15.80
1564,14,3,2,32,2018-05-03,25.45
1565,16,3,4,48,2018-05-03,39.82
1566,18,3,6,30,2018-05-03,26.63
1567,20,3,6,35,2018-05-03,17.54
1568,22,3,2,38,2018-05-03,22.18
1569,24,3,5,45,2018-05-03,20.73
1570,26,3,5,33,2018-05-03,24.19
1571,28,3,6,45,2018-05-03,16.22
1572,30,3,1,27,2018-05-03,27.15
1573,32,3,2,40,2018-05-03,27.02
1574,34,3,2,26,2018-05-03,32.11
1575,36,3,3,37,2018-05-03,22.63
1576,40,3,3,53,2018-05-03,24.24
1577,2,4,6,41,2018-05-03,12.91
1578,4,4,1,45,2018-05-03,16.50
1579,6,4,1,22,2018-05-03,8.94
1580,8,4,6,47,2018-05-03,13.27
1581,10,4,2,36,2018-05-03,19.15
1582,12,4,4,26,2018-05-03,34.31
1583,14,4,4,28,2018-05-03,25.94
1584,16,4,4,44,2018-05-03,40.29
1585,18,4,6,31,2018-05-03,21.92
1586,20,4,2,50,2018-05-03,18.40
1587,22,4,6,50,2018-05-03,20.09
1588,24,4,3,27,2018-05-03,20.92
1589,26,4,3,42,2018-05-03,21.96
1590,28,4,1,36,2018-05-03,18.45
1591,30,4,1,31,2018-05-03,28.87
1592,32,4,2,42,2018-05-03,23.10
1593,34,4,4,38,2018-05-03,32.73
1594,36,4,3,32,2018-05-03,27.49
1595,40,4,3,31,2018-05-03,27.87
1596,42,4,4,34,2018-05-03,10.57
1597,2,6,6,35,2018-05-03,14.37
1598,4,6,6,33,2018-05-03,15.69
1599,6,6,1,56,2018-05-03,11.52
1600,8,6,2,28,2018-05-03,14.54
1601,10,6,6,43,2018-05-03,18.51
1602,12,6,2,31,2018-05-03,37.38
1603,14,6,4,23,2018-05-03,23.30
1604,16,6,4,52,2018-05-03,43.30
1605,18,6,6,26,2018-05-03,21.80
1606,22,6,6,32,2018-05-03,18.29
1607,24,6,5,28,2018-05-03,23.90
1608,26,6,3,27,2018-05-03,22.56
1609,30,6,6,35,2018-05-03,25.05
1610,32,6,4,32,2018-05-03,23.54
1611,34,6,2,25,2018-05-03,36.30
1612,38,6,5,27,2018-05-03,22.78
1613,40,6,5,30,2018-05-03,28.57
1614,2,7,1,32,2018-05-03,16.22
1615,4,7,6,26,2018-05-03,15.26
1616,10,7,6,34,2018-05-03,17.55
1617,14,7,2,13,2018-05-03,28.28
1618,16,7,4,17,2018-05-03,49.01
1619,20,7,6,26,2018-05-03,16.15
1620,22,7,2,36,2018-05-03,22.88
1621,28,7,6,27,2018-05-03,15.09
1622,30,7,6,32,2018-05-03,25.49
1623,34,7,4,26,2018-05-03,31.70
1624,38,7,3,40,2018-05-03,19.24
1625,40,7,5,26,2018-05-03,25.40
1626,2,8,6,68,2018-05-03,13.88
1627,4,8,1,61,2018-05-03,14.60
1628,6,8,1,53,2018-05-03,11.21
1629,8,8,2,43,2018-05-03,15.58
1630,10,8,2,29,2018-05-03,16.59
1631,12,8,4,25,2018-05-03,37.69
1632,16,8,2,53,2018-05-03,50.23
1633,20,8,6,31,2018-05-03,18.76
1634,22,8,6,37,2018-05-03,21.01
1635,26,8,3,43,2018-05-03,19.72
1636,28,8,1,42,2018-05-03,17.14
1637,30,8,1,38,2018-05-03,27.07
1638,32,8,2,50,2018-05-03,24.75
1639,34,8,2,42,2018-05-03,30.95
1640,36,8,3,26,2018-05-03,22.00
1641,38,8,3,43,2018-05-03,22.64
1642,42,8,6,25,2018-05-03,8.34
1643,2,9,6,32,2018-05-03,15.29
1644,4,9,1,31,2018-05-03,16.27
1645,6,9,1,16,2018-05-03,9.89
1646,10,9,6,38,2018-05-03,16.84
1647,12,9,4,18,2018-05-03,34.22
1648,14,9,2,22,2018-05-03,26.31
1649,16,9,2,26,2018-05-03,42.41
1650,18,9,2,23,2018-05-03,22.67
1651,22,9,2,20,2018-05-03,19.27
1652,24,9,5,27,2018-05-03,21.85
1653,26,9,5,44,2018-05-03,22.85
1654,30,9,1,6,2018-05-03,25.68
1655,32,9,4,34,2018-05-03,22.58
1656,34,9,4,26,2018-05-03,30.84
1657,36,9,3,26,2018-05-03,26.80
1658,38,9,5,32,2018-05-03,20.63
1659,40,9,5,10,2018-05-03,30.24
1660,42,9,6,28,2018-05-03,10.59
1661,2,10,1,24,2018-05-03,13.55
1662,4,10,1,35,2018-05-03,15.91
1663,6,10,6,46,2018-05-03,10.65
1664,10,10,6,33,2018-05-03,18.59
1665,12,10,4,40,2018-05-03,34.53
1666,16,10,2,35,2018-05-03,47.18
1667,20,10,6,35,2018-05-03,18.28
1668,26,10,5,39,2018-05-03,21.56
1669,32,10,2,26,2018-05-03,22.87
1670,34,10,4,46,2018-05-03,34.32
1671,36,10,3,29,2018-05-03,23.08
1672,38,10,3,27,2018-05-03,21.43
1673,40,10,5,38,2018-05-03,25.95
1674,42,10,6,28,2018-05-03,8.66
1675,2,11,1,31,2018-05-03,12.94
1676,4,11,6,36,2018-05-03,14.48
1677,6,11,6,68,2018-05-03,10.93
1678,8,11,6,46,2018-05-03,14.51
1679,10,11,2,33,2018-05-03,17.54
1680,12,11,4,20,2018-05-03,36.92
1681,14,11,4,26,2018-05-03,22.75
1682,16,11,2,35,2018-05-03,43.45
1683,18,11,2,21,2018-05-03,24.43
1684,20,11,6,39,2018-05-03,18.02
1685,22,11,6,56,2018-05-03,18.26
1686,24,11,5,36,2018-05-03,23.44
1687,28,11,6,27,2018-05-03,15.89
1688,30,11,1,38,2018-05-03,26.98
1689,32,11,4,29,2018-05-03,24.06
1690,34,11,2,15,2018-05-03,29.84
1691,38,11,3,21,2018-05-03,20.42
1692,40,11,3,45,2018-05-03,30.86
1693,42,11,6,47,2018-05-03,8.46
1694,2,12,1,20,2018-05-03,12.62
1695,4,12,1,51,2018-05-03,15.63
1696,6,12,1,25,2018-05-03,9.80
1697,8,12,2,25,2018-05-03,16.29
1698,10,12,6,26,2018-05-03,16.94
1699,12,12,4,21,2018-05-03,32.83
1700,14,12,2,11,2018-05-03,23.76
1701,16,12,2,24,2018-05-03,45.74
1702,20,12,2,49,2018-05-03,17.56
1703,22,12,2,64,2018-05-03,22.05
1704,24,12,3,27,2018-05-03,24.33
1705,26,12,3,32,2018-05-03,20.75
1706,30,12,6,15,2018-05-03,28.82
1707,34,12,2,32,2018-05-03,33.28
1708,38,12,5,26,2018-05-03,23.95
1709,40,12,3,27,2018-05-03,29.75
1710,1,1,1,30,2018-05-17,13.44
1711,3,1,6,30,2018-05-17,9.69
1712,5,1,6,44,2018-05-17,11.74
1713,7,1,6,36,2018-05-17,12.67
1714,9,1,6,51,2018-05-17,12.86
1715,11,1,6,47,2018-05-17,14.04
1716,13,1,4,33,2018-05-17,30.22
1717,15,1,2,42,2018-05-17,45.71
1718,17,1,2,34,2018-05-17,33.57
1719,19,1,6,43,2018-05-17,27.00
1720,21,1,2,51,2018-05-17,35.74
1721,23,1,5,35,2018-05-17,20.32
1722,25,1,5,46,2018-05-17,18.39
1723,27,1,6,81,2018-05-17,13.63
1724,29,1,1,50,2018-05-17,12.87
1725,31,1,1,30,2018-05-17,20.40
1726,33,1,4,27,2018-05-17,23.30
1727,35,1,3,48,2018-05-17,15.68
1728,37,1,3,27,2018-05-17,20.76
1729,39,1,5,47,2018-05-17,21.45
1730,41,1,6,85,2018-05-17,7.60
1731,43,1,6,85,2018-05-17,6.81
1732,1,2,6,63,2018-05-17,11.67
1733,3,2,6,53,2018-05-17,12.04
1734,5,2,6,38,2018-05-17,12.35
1735,7,2,6,46,2018-05-17,11.81
1736,9,2,6,52,2018-05-17,11.37
1737,11,2,6,48,2018-05-17,15.55
1738,13,2,2,41,2018-05-17,31.48
1739,15,2,2,33,2018-05-17,38.91
1740,19,2,2,49,2018-05-17,27.30
1741,21,2,6,63,2018-05-17,35.06
1742,23,2,5,82,2018-05-17,22.86
1743,25,2,3,56,2018-05-17,20.20
1744,27,2,6,72,2018-05-17,13.55
1745,29,2,6,47,2018-05-17,12.20
1746,31,2,6,53,2018-05-17,18.07
1747,33,2,2,59,2018-05-17,19.77
1748,35,2,3,49,2018-05-17,16.99
1749,37,2,3,47,2018-05-17,21.68
1750,39,2,5,35,2018-05-17,23.87
1751,41,2,6,52,2018-05-17,8.09
1752,43,2,4,103,2018-05-17,6.59
1753,1,3,6,24,2018-05-17,12.30
1754,3,3,6,28,2018-05-17,10.01
1755,5,3,6,29,2018-05-17,12.41
1756,7,3,2,51,2018-05-17,13.44
1757,9,3,2,39,2018-05-17,11.43
1758,11,3,6,61,2018-05-17,13.45
1759,17,3,4,28,2018-05-17,34.53
1760,21,3,6,35,2018-05-17,39.44
1761,23,3,5,49,2018-05-17,22.29
1762,25,3,3,30,2018-05-17,18.71
1763,27,3,1,46,2018-05-17,15.77
1764,29,3,1,35,2018-05-17,13.16
1765,31,3,1,29,2018-05-17,19.18
1766,33,3,2,23,2018-05-17,19.43
1767,35,3,3,32,2018-05-17,14.07
1768,41,3,4,46,2018-05-17,7.78
1769,43,3,6,49,2018-05-17,6.47
1770,1,4,1,38,2018-05-17,12.70
1771,5,4,6,34,2018-05-17,14.73
1772,7,4,6,37,2018-05-17,13.12
1773,9,4,2,29,2018-05-17,10.11
1774,11,4,2,61,2018-05-17,14.56
1775,13,4,4,31,2018-05-17,27.73
1776,15,4,4,21,2018-05-17,41.55
1777,19,4,6,26,2018-05-17,31.10
1778,21,4,2,29,2018-05-17,35.57
1779,23,4,5,29,2018-05-17,20.42
1780,25,4,5,40,2018-05-17,16.94
1781,27,4,6,37,2018-05-17,14.21
1782,29,4,1,33,2018-05-17,12.34
1783,33,4,2,42,2018-05-17,22.63
1784,37,4,3,38,2018-05-17,18.99
1785,39,4,3,21,2018-05-17,23.94
1786,41,4,6,36,2018-05-17,7.55
1787,43,4,4,49,2018-05-17,7.31
1788,1,6,1,36,2018-05-17,12.43
1789,3,6,1,36,2018-05-17,10.94
1790,5,6,6,33,2018-05-17,12.86
1791,7,6,2,35,2018-05-17,13.10
1792,9,6,6,34,2018-05-17,12.34
1793,11,6,2,24,2018-05-17,16.92
1794,21,6,6,34,2018-05-17,37.16
1795,23,6,5,46,2018-05-17,21.75
1796,27,6,6,44,2018-05-17,12.66
1797,29,6,1,37,2018-05-17,12.37
1798,31,6,1,27,2018-05-17,20.01
1799,33,6,2,27,2018-05-17,22.08
1800,35,6,3,27,2018-05-17,14.30
1801,39,6,5,31,2018-05-17,21.26
1802,41,6,6,41,2018-05-17,9.38
1803,43,6,6,34,2018-05-17,6.40
1804,1,7,6,28,2018-05-17,13.70
1805,9,7,6,38,2018-05-17,11.52
1806,11,7,2,39,2018-05-17,15.52
1807,23,7,3,27,2018-05-17,18.87
1808,25,7,3,26,2018-05-17,18.21
1809,29,7,1,53,2018-05-17,12.01
1810,31,7,6,45,2018-05-17,16.78
1811,33,7,4,33,2018-05-17,20.39
1812,41,7,4,63,2018-05-17,9.13
1813,43,7,4,66,2018-05-17,6.53
1814,1,8,1,50,2018-05-17,11.84
1815,7,8,6,24,2018-05-17,13.67
1816,9,8,2,74,2018-05-17,11.81
1817,11,8,2,41,2018-05-17,13.27
1818,13,8,4,27,2018-05-17,25.27
1819,17,8,2,23,2018-05-17,33.76
1820,21,8,6,59,2018-05-17,39.27
1821,23,8,5,40,2018-05-17,19.93
1822,25,8,5,31,2018-05-17,19.24
1823,27,8,1,27,2018-05-17,13.27
1824,29,8,6,50,2018-05-17,11.22
1825,31,8,1,30,2018-05-17,18.99
1826,33,8,2,34,2018-05-17,24.48
1827,37,8,3,42,2018-05-17,18.34
1828,39,8,3,27,2018-05-17,25.88
1829,41,8,4,44,2018-05-17,7.40
1830,43,8,6,63,2018-05-17,6.39
1831,3,9,1,35,2018-05-17,11.88
1832,5,9,1,24,2018-05-17,14.25
1833,7,9,6,38,2018-05-17,13.62
1834,13,9,4,23,2018-05-17,31.34
1835,17,9,2,24,2018-05-17,31.17
1836,25,9,5,27,2018-05-17,20.17
1837,27,9,1,26,2018-05-17,12.54
1838,33,9,4,25,2018-05-17,24.05
1839,35,9,3,28,2018-05-17,14.90
1840,41,9,6,32,2018-05-17,7.35
1841,43,9,4,36,2018-05-17,7.43
1842,1,10,6,35,2018-05-17,10.90
1843,7,10,6,24,2018-05-17,12.10
1844,9,10,2,21,2018-05-17,11.65
1845,11,10,2,23,2018-05-17,14.96
1846,13,10,2,36,2018-05-17,25.27
1847,15,10,2,30,2018-05-17,36.66
1848,23,10,3,36,2018-05-17,23.03
1849,25,10,3,22,2018-05-17,17.22
1850,29,10,6,41,2018-05-17,12.79
1851,33,10,2,21,2018-05-17,21.58
1852,39,10,3,23,2018-05-17,22.75
1853,43,10,6,37,2018-05-17,6.21
1854,1,11,6,53,2018-05-17,13.76
1855,3,11,6,38,2018-05-17,11.43
1856,7,11,2,28,2018-05-17,12.48
1857,9,11,2,33,2018-05-17,9.98
1858,11,11,2,53,2018-05-17,13.35
1859,15,11,2,33,2018-05-17,45.23
1860,17,11,2,33,2018-05-17,30.33
1861,21,11,2,27,2018-05-17,35.23
1862,23,11,5,21,2018-05-17,18.83
1863,27,11,1,46,2018-05-17,15.88
1864,31,11,1,22,2018-05-17,19.08
1865,33,11,2,25,2018-05-17,20.44
1866,35,11,3,48,2018-05-17,16.46
1867,37,11,3,38,2018-05-17,20.16
1868,41,11,4,34,2018-05-17,8.01
1869,43,11,4,44,2018-05-17,7.01
1870,1,12,6,35,2018-05-17,11.72
1871,3,12,6,32,2018-05-17,12.12
1872,7,12,6,39,2018-05-17,13.52
1873,11,12,6,26,2018-05-17,15.05
1874,13,12,2,24,2018-05-17,25.40
1875,17,12,2,12,2018-05-17,31.72
1876,19,12,6,27,2018-05-17,33.41
1877,21,12,6,22,2018-05-17,32.39
1878,23,12,5,22,2018-05-17,22.77
1879,27,12,6,38,2018-05-17,13.84
1880,29,12,1,26,2018-05-17,13.06
1881,31,12,6,30,2018-05-17,18.68
1882,35,12,3,24,2018-05-17,16.19
1883,37,12,3,31,2018-05-17,22.94
1884,41,12,4,31,2018-05-17,8.50
1885,43,12,6,45,2018-05-17,6.75
1886,2,1,6,35,2018-06-04,15.54
1887,4,1,6,56,2018-06-04,17.05
1888,6,1,6,49,2018-06-04,9.61
1889,8,1,6,29,2018-06-04,14.03
1890,10,1,2,56,2018-06-04,18.38
1891,12,1,4,39,2018-06-04,37.38
1892,14,1,2,63,2018-06-04,24.09
1893,16,1,4,40,2018-06-04,44.00
1894,18,1,2,37,2018-06-04,26.84
1895,20,1,6,73,2018-06-04,17.95
1896,24,1,3,42,2018-06-04,24.41
1897,26,1,5,73,2018-06-04,19.78
1898,28,1,6,43,2018-06-04,17.33
1899,30,1,6,70,2018-06-04,25.90
1900,32,1,4,51,2018-06-04,25.81
1901,34,1,4,25,2018-06-04,30.99
1902,36,1,3,68,2018-06-04,21.73
1903,38,1,3,44,2018-06-04,22.77
1904,40,1,3,42,2018-06-04,23.94
1905,42,1,6,46,2018-06-04,9.30
1906,2,2,1,53,2018-06-04,12.62
1907,4,2,1,67,2018-06-04,14.95
1908,6,2,1,54,2018-06-04,11.20
1909,8,2,2,74,2018-06-04,16.24
1910,10,2,2,42,2018-06-04,17.28
1911,12,2,4,70,2018-06-04,30.17
1912,14,2,4,60,2018-06-04,27.13
1913,16,2,2,48,2018-06-04,48.45
1914,18,2,6,55,2018-06-04,24.59
1915,20,2,6,53,2018-06-04,20.50
1916,22,2,6,68,2018-06-04,23.36
1917,24,2,3,72,2018-06-04,22.68
1918,26,2,5,72,2018-06-04,22.65
1919,28,2,6,103,2018-06-04,15.40
1920,30,2,6,56,2018-06-04,23.87
1921,32,2,4,59,2018-06-04,25.89
1922,34,2,2,27,2018-06-04,31.29
1923,36,2,3,61,2018-06-04,22.75
1924,38,2,5,73,2018-06-04,21.65
1925,40,2,5,53,2018-06-04,29.82
1926,42,2,4,65,2018-06-04,9.33
1927,4,3,6,36,2018-06-04,14.37
1928,6,3,1,47,2018-06-04,11.07
1929,8,3,6,49,2018-06-04,15.00
1930,10,3,6,46,2018-06-04,16.20
1931,12,3,2,35,2018-06-04,35.29
1932,14,3,4,37,2018-06-04,25.41
1933,16,3,2,32,2018-06-04,42.85
1934,20,3,2,41,2018-06-04,19.82
1935,22,3,2,50,2018-06-04,19.31
1936,24,3,3,47,2018-06-04,21.72
1937,26,3,3,41,2018-06-04,24.55
1938,28,3,6,39,2018-06-04,16.32
1939,30,3,1,35,2018-06-04,24.00
1940,32,3,4,48,2018-06-04,26.49
1941,38,3,3,64,2018-06-04,23.69
1942,40,3,5,44,2018-06-04,29.40
1943,42,3,4,59,2018-06-04,9.57
1944,2,4,1,32,2018-06-04,15.63
1945,4,4,6,52,2018-06-04,17.56
1946,6,4,1,53,2018-06-04,11.27
1947,8,4,6,39,2018-06-04,14.39
1948,10,4,6,26,2018-06-04,18.82
1949,14,4,2,43,2018-06-04,23.33
1950,18,4,2,43,2018-06-04,22.78
1951,22,4,2,40,2018-06-04,19.83
1952,24,4,3,40,2018-06-04,23.33
1953,26,4,5,31,2018-06-04,24.93
1954,28,4,1,29,2018-06-04,15.06
1955,30,4,1,36,2018-06-04,27.83
1956,32,4,4,34,2018-06-04,25.48
1957,36,4,3,27,2018-06-04,24.59
1958,38,4,3,56,2018-06-04,19.56
1959,42,4,6,30,2018-06-04,9.63
1960,2,6,6,46,2018-06-04,12.55
1961,4,6,1,56,2018-06-04,16.92
1962,6,6,1,55,2018-06-04,9.33
1963,8,6,2,36,2018-06-04,13.48
1964,12,6,4,44,2018-06-04,32.87
1965,18,6,6,31,2018-06-04,26.29
1966,20,6,6,42,2018-06-04,16.24
1967,22,6,6,32,2018-06-04,20.28
1968,24,6,5,24,2018-06-04,22.82
1969,26,6,3,54,2018-06-04,22.62
1970,28,6,1,35,2018-06-04,17.84
1971,32,6,4,49,2018-06-04,22.95
1972,36,6,3,54,2018-06-04,26.62
1973,40,6,3,39,2018-06-04,26.20
1974,42,6,6,45,2018-06-04,9.49
1975,4,7,6,46,2018-06-04,17.88
1976,6,7,1,47,2018-06-04,10.07
1977,8,7,6,58,2018-06-04,14.05
1978,12,7,4,25,2018-06-04,36.33
1979,14,7,2,31,2018-06-04,24.18
1980,16,7,2,27,2018-06-04,47.03
1981,18,7,2,39,2018-06-04,25.90
1982,20,7,6,30,2018-06-04,18.17
1983,22,7,6,38,2018-06-04,19.56
1984,24,7,3,55,2018-06-04,23.87
1985,26,7,3,44,2018-06-04,19.23
1986,28,7,6,43,2018-06-04,16.97
1987,32,7,4,25,2018-06-04,28.56
1988,36,7,3,35,2018-06-04,22.67
1989,42,7,6,59,2018-06-04,10.53
1990,2,8,6,46,2018-06-04,13.81
1991,4,8,6,34,2018-06-04,14.61
1992,6,8,6,30,2018-06-04,11.27
1993,8,8,6,51,2018-06-04,15.68
1994,10,8,2,32,2018-06-04,16.93
1995,14,8,2,19,2018-06-04,24.73
1996,16,8,2,27,2018-06-04,40.76
1997,18,8,6,43,2018-06-04,27.31
1998,20,8,6,46,2018-06-04,19.14
1999,22,8,2,51,2018-06-04,21.45
2000,24,8,5,47,2018-06-04,26.26
2001,26,8,3,48,2018-06-04,20.06
2002,28,8,6,44,2018-06-04,16.64
2003,30,8,6,34,2018-06-04,29.92
2004,32,8,4,62,2018-06-04,22.47
2005,34,8,4,34,2018-06-04,29.08
2006,38,8,5,33,2018-06-04,20.51
2007,40,8,3,49,2018-06-04,28.47
2008,42,8,4,33,2018-06-04,9.91
2009,2,9,6,36,2018-06-04,15.48
2010,4,9,6,48,2018-06-04,17.47
2011,6,9,6,23,2018-06-04,11.20
2012,8,9,6,36,2018-06-04,15.02
2013,20,9,6,56,2018-06-04,18.74
2014,28,9,1,41,2018-06-04,16.93
2015,30,9,1,30,2018-06-04,24.11
2016,32,9,4,34,2018-06-04,26.55
2017,40,9,5,25,2018-06-04,27.85
2018,42,9,6,31,2018-06-04,10.18
2019,2,10,6,32,2018-06-04,14.79
2020,4,10,1,30,2018-06-04,17.74
2021,6,10,1,23,2018-06-04,11.38
2022,8,10,6,58,2018-06-04,13.05
2023,10,10,2,31,2018-06-04,19.15
2024,14,10,4,23,2018-06-04,24.93
2025,16,10,4,29,2018-06-04,49.15
2026,18,10,2,37,2018-06-04,25.46
2027,22,10,6,25,2018-06-04,23.56
2028,24,10,5,54,2018-06-04,25.31
2029,26,10,5,39,2018-06-04,20.54
2030,28,10,6,57,2018-06-04,19.19
2031,30,10,6,30,2018-06-04,26.84
2032,36,10,3,24,2018-06-04,22.43
2033,40,10,5,26,2018-06-04,30.34
2034,42,10,6,45,2018-06-04,8.44
2035,2,11,1,45,2018-06-04,13.68
2036,4,11,1,40,2018-06-04,14.51
2037,6,11,1,43,2018-06-04,10.54
2038,8,11,2,27,2018-06-04,14.23
2039,10,11,6,52,2018-06-04,18.97
2040,18,11,6,31,2018-06-04,24.84
2041,20,11,6,46,2018-06-04,16.44
2042,22,11,2,38,2018-06-04,22.00
2043,26,11,3,72,2018-06-04,22.27
2044,28,11,1,30,2018-06-04,16.90
2045,30,11,1,34,2018-06-04,29.88
2046,32,11,2,40,2018-06-04,25.16
2047,36,11,3,57,2018-06-04,27.07
2048,40,11,5,34,2018-06-04,25.90
2049,42,11,6,37,2018-06-04,10.28
2050,6,12,1,42,2018-06-04,9.88
2051,8,12,6,26,2018-06-04,14.18
2052,16,12,4,26,2018-06-04,42.62
2053,18,12,6,30,2018-06-04,22.94
2054,20,12,2,33,2018-06-04,19.43
2055,26,12,5,38,2018-06-04,22.86
2056,28,12,6,54,2018-06-04,15.50
2057,32,12,2,43,2018-06-04,24.60
2058,36,12,3,44,2018-06-04,26.33
2059,40,12,5,26,2018-06-04,26.20
2060,42,12,4,47,2018-06-04,8.80
2061,1,1,6,101,2018-06-18,11.88
2062,3,1,1,77,2018-06-18,10.94
2063,5,1,1,88,2018-06-18,13.88
2064,7,1,2,52,2018-06-18,13.05
2065,9,1,2,79,2018-06-18,11.54
2066,11,1,6,117,2018-06-18,16.45
2067,13,1,4,43,2018-06-18,27.31
2068,15,1,2,52,2018-06-18,45.40
2069,17,1,2,26,2018-06-18,32.82
2070,19,1,6,44,2018-06-18,28.68
2071,21,1,6,58,2018-06-18,40.33
2072,23,1,5,66,2018-06-18,20.60
2073,25,1,3,50,2018-06-18,19.62
2074,27,1,6,86,2018-06-18,16.26
2075,29,1,6,101,2018-06-18,14.29
2076,31,1,1,49,2018-06-18,17.92
2077,33,1,4,38,2018-06-18,20.28
2078,35,1,3,62,2018-06-18,16.47
2079,37,1,3,38,2018-06-18,18.44
2080,39,1,5,43,2018-06-18,26.13
2081,41,1,6,103,2018-06-18,8.35
2082,43,1,4,104,2018-06-18,6.97
2083,1,2,6,83,2018-06-18,10.67
2084,3,2,6,83,2018-06-18,11.15
2085,5,2,1,77,2018-06-18,13.20
2086,7,2,6,71,2018-06-18,11.23
2087,9,2,6,60,2018-06-18,11.83
2088,11,2,6,105,2018-06-18,13.60
2089,13,2,2,52,2018-06-18,31.56
2090,15,2,4,44,2018-06-18,41.30
2091,17,2,2,67,2018-06-18,32.92
2092,19,2,2,67,2018-06-18,30.22
2093,21,2,6,42,2018-06-18,39.05
2094,23,2,3,99,2018-06-18,20.58
2095,25,2,3,72,2018-06-18,15.96
2096,27,2,1,102,2018-06-18,13.10
2097,29,2,6,104,2018-06-18,11.86
2098,31,2,1,53,2018-06-18,19.62
2099,33,2,4,54,2018-06-18,21.75
2100,35,2,3,50,2018-06-18,16.66
2101,37,2,3,57,2018-06-18,19.38
2102,39,2,5,50,2018-06-18,21.29
2103,41,2,4,116,2018-06-18,7.66
2104,43,2,6,90,2018-06-18,6.80
2105,1,3,1,77,2018-06-18,12.83
2106,3,3,6,60,2018-06-18,12.43
2107,5,3,1,34,2018-06-18,12.97
2108,7,3,6,42,2018-06-18,13.18
2109,9,3,6,40,2018-06-18,12.69
2110,11,3,2,52,2018-06-18,13.98
2111,13,3,4,56,2018-06-18,30.56
2112,15,3,2,72,2018-06-18,40.29
2113,19,3,6,52,2018-06-18,33.19
2114,23,3,5,62,2018-06-18,22.38
2115,25,3,3,36,2018-06-18,17.92
2116,27,3,6,86,2018-06-18,13.96
2117,29,3,1,61,2018-06-18,13.77
2118,31,3,6,65,2018-06-18,17.49
2119,33,3,4,57,2018-06-18,20.74
2120,35,3,3,36,2018-06-18,14.98
2121,37,3,3,42,2018-06-18,22.16
2122,39,3,5,30,2018-06-18,24.09
2123,41,3,4,65,2018-06-18,7.26
2124,43,3,6,68,2018-06-18,7.49
2125,1,4,6,49,2018-06-18,11.62
2126,3,4,1,55,2018-06-18,10.50
2127,5,4,6,33,2018-06-18,14.19
2128,7,4,6,33,2018-06-18,11.38
2129,9,4,6,51,2018-06-18,10.13
2130,11,4,6,38,2018-06-18,14.48
2131,13,4,4,29,2018-06-18,29.37
2132,17,4,2,32,2018-06-18,33.58
2133,21,4,2,27,2018-06-18,31.57
2134,23,4,3,53,2018-06-18,19.04
2135,25,4,3,33,2018-06-18,16.93
2136,29,4,6,50,2018-06-18,14.46
2137,31,4,6,44,2018-06-18,20.43
2138,35,4,3,35,2018-06-18,17.84
2139,41,4,4,52,2018-06-18,7.77
2140,43,4,4,49,2018-06-18,6.86
2141,1,6,6,43,2018-06-18,12.68
2142,3,6,6,88,2018-06-18,11.00
2143,5,6,6,37,2018-06-18,13.32
2144,7,6,2,47,2018-06-18,12.00
2145,9,6,6,47,2018-06-18,11.76
2146,11,6,6,46,2018-06-18,15.78
2147,13,6,4,19,2018-06-18,26.66
2148,15,6,4,73,2018-06-18,37.97
2149,17,6,2,50,2018-06-18,29.41
2150,19,6,2,52,2018-06-18,29.26
2151,21,6,6,32,2018-06-18,36.40
2152,23,6,5,57,2018-06-18,20.05
2153,25,6,3,47,2018-06-18,19.39
2154,27,6,1,55,2018-06-18,12.59
2155,29,6,1,55,2018-06-18,11.59
2156,31,6,6,36,2018-06-18,19.02
2157,33,6,4,53,2018-06-18,22.00
2158,35,6,3,38,2018-06-18,16.99
2159,37,6,3,33,2018-06-18,21.02
2160,39,6,3,38,2018-06-18,24.39
2161,41,6,4,81,2018-06-18,9.25
2162,43,6,6,58,2018-06-18,6.67
2163,1,7,1,34,2018-06-18,11.90
2164,3,7,6,48,2018-06-18,10.20
2165,5,7,1,40,2018-06-18,14.30
2166,7,7,6,47,2018-06-18,12.72
2167,9,7,2,38,2018-06-18,11.51
2168,11,7,2,52,2018-06-18,15.92
2169,13,7,2,49,2018-06-18,28.73
2170,15,7,4,28,2018-06-18,38.83
2171,17,7,2,46,2018-06-18,36.17
2172,19,7,6,31,2018-06-18,27.85
2173,21,7,6,47,2018-06-18,37.44
2174,23,7,5,54,2018-06-18,23.45
2175,25,7,5,34,2018-06-18,19.68
2176,27,7,6,59,2018-06-18,13.42
2177,29,7,1,41,2018-06-18,12.67
2178,31,7,1,28,2018-06-18,16.71
2179,33,7,4,37,2018-06-18,22.54
2180,35,7,3,36,2018-06-18,14.98
2181,37,7,3,32,2018-06-18,22.84
2182,39,7,5,56,2018-06-18,24.60
2183,41,7,6,76,2018-06-18,8.89
2184,43,7,4,82,2018-06-18,6.89
2185,1,8,6,45,2018-06-18,12.30
2186,3,8,1,67,2018-06-18,10.38
2187,5,8,1,58,2018-06-18,13.33
2188,9,8,6,63,2018-06-18,10.07
2189,11,8,2,70,2018-06-18,15.77
2190,15,8,4,38,2018-06-18,40.92
2191,19,8,6,60,2018-06-18,27.23
2192,21,8,2,32,2018-06-18,32.38
2193,23,8,3,33,2018-06-18,21.50
2194,25,8,5,38,2018-06-18,20.09
2195,27,8,1,73,2018-06-18,13.06
2196,29,8,1,33,2018-06-18,11.89
2197,31,8,1,26,2018-06-18,17.98
2198,33,8,4,64,2018-06-18,21.82
2199,35,8,3,35,2018-06-18,17.76
2200,37,8,3,36,2018-06-18,20.07
2201,39,8,5,27,2018-06-18,21.31
2202,41,8,4,38,2018-06-18,8.06
2203,43,8,4,53,2018-06-18,6.12
2204,1,9,6,63,2018-06-18,12.26
2205,3,9,6,45,2018-06-18,10.94
2206,5,9,1,31,2018-06-18,14.25
2207,7,9,2,47,2018-06-18,13.05
2208,9,9,6,44,2018-06-18,10.70
2209,11,9,6,64,2018-06-18,16.01
2210,13,9,2,28,2018-06-18,30.50
2211,15,9,4,37,2018-06-18,41.31
2212,19,9,6,26,2018-06-18,26.18
2213,21,9,6,28,2018-06-18,31.74
2214,23,9,3,51,2018-06-18,20.57
2215,25,9,5,28,2018-06-18,19.21
2216,27,9,1,59,2018-06-18,15.18
2217,29,9,6,56,2018-06-18,11.35
2218,31,9,1,41,2018-06-18,19.26
2219,33,9,2,28,2018-06-18,23.87
2220,35,9,3,30,2018-06-18,13.98
2221,37,9,3,27,2018-06-18,22.83
2222,39,9,5,32,2018-06-18,23.92
2223,41,9,4,39,2018-06-18,9.34
2224,43,9,6,49,2018-06-18,7.06
2225,1,10,1,50,2018-06-18,11.35
2226,3,10,1,58,2018-06-18,10.31
2227,5,10,1,46,2018-06-18,14.57
2228,7,10,2,25,2018-06-18,12.12
2229,9,10,6,34,2018-06-18,11.01
2230,11,10,2,45,2018-06-18,15.35
2231,13,10,2,23,2018-06-18,29.74
2232,15,10,4,42,2018-06-18,45.77
2233,17,10,2,30,2018-06-18,35.84
2234,19,10,2,38,2018-06-18,32.05
2235,21,10,2,41,2018-06-18,31.66
2236,23,10,3,56,2018-06-18,19.93
2237,25,10,3,27,2018-06-18,18.02
2238,27,10,1,71,2018-06-18,16.02
2239,29,10,6,52,2018-06-18,13.36
2240,31,10,6,43,2018-06-18,19.05
2241,33,10,2,43,2018-06-18,22.41
2242,35,10,3,47,2018-06-18,15.74
2243,37,10,3,33,2018-06-18,22.67
2244,41,10,6,58,2018-06-18,7.83
2245,43,10,6,62,2018-06-18,7.16
2246,1,11,1,39,2018-06-18,11.95
2247,3,11,6,27,2018-06-18,11.54
2248,5,11,6,43,2018-06-18,11.64
2249,9,11,6,31,2018-06-18,10.75
2250,11,11,6,32,2018-06-18,15.15
2251,13,11,2,31,2018-06-18,25.31
2252,19,11,6,51,2018-06-18,27.36
2253,23,11,5,51,2018-06-18,23.20
2254,25,11,3,30,2018-06-18,16.12
2255,27,11,1,53,2018-06-18,13.95
2256,29,11,1,79,2018-06-18,12.49
2257,37,11,3,45,2018-06-18,21.29
2258,39,11,5,52,2018-06-18,23.37
2259,41,11,6,62,2018-06-18,8.56
2260,43,11,6,89,2018-06-18,6.05
2261,3,12,1,30,2018-06-18,9.61
2262,5,12,6,30,2018-06-18,14.09
2263,7,12,6,46,2018-06-18,13.52
2264,9,12,6,34,2018-06-18,12.78
2265,13,12,4,27,2018-06-18,26.11
2266,15,12,2,18,2018-06-18,45.29
2267,19,12,6,33,2018-06-18,27.42
2268,23,12,5,41,2018-06-18,23.02
2269,25,12,5,40,2018-06-18,18.04
2270,27,12,1,62,2018-06-18,14.66
2271,29,12,1,61,2018-06-18,12.19
2272,33,12,4,51,2018-06-18,23.19
2273,39,12,5,44,2018-06-18,23.13
2274,41,12,4,58,2018-06-18,7.55
2275,43,12,4,45,2018-06-18,6.42
2276,2,1,6,48,2018-07-03,12.95
2277,4,1,6,57,2018-07-03,17.61
2278,6,1,6,66,2018-07-03,10.87
2279,8,1,6,39,2018-07-03,15.82
2280,10,1,6,35,2018-07-03,16.34
2281,14,1,4,32,2018-07-03,26.76
2282,16,1,2,36,2018-07-03,40.92
2283,18,1,6,54,2018-07-03,22.76
2284,20,1,2,32,2018-07-03,18.74
2285,22,1,6,103,2018-07-03,22.67
2286,24,1,5,86,2018-07-03,21.77
2287,26,1,3,50,2018-07-03,19.70
2288,28,1,1,74,2018-07-03,15.82
2289,30,1,1,45,2018-07-03,27.17
2290,32,1,2,63,2018-07-03,27.36
2291,34,1,2,50,2018-07-03,30.65
2292,36,1,3,56,2018-07-03,26.94
2293,38,1,3,40,2018-07-03,21.64
2294,40,1,3,46,2018-07-03,24.26
2295,42,1,6,35,2018-07-03,8.49
2296,2,2,6,52,2018-07-03,13.64
2297,4,2,6,80,2018-07-03,15.76
2298,6,2,6,53,2018-07-03,9.47
2299,8,2,6,54,2018-07-03,15.77
2300,10,2,2,50,2018-07-03,16.72
2301,12,2,2,36,2018-07-03,31.25
2302,14,2,4,50,2018-07-03,28.00
2303,16,2,2,40,2018-07-03,43.01
2304,18,2,6,41,2018-07-03,23.41
2305,20,2,6,62,2018-07-03,18.53
2306,22,2,6,45,2018-07-03,21.20
2307,24,2,5,43,2018-07-03,24.04
2308,26,2,3,47,2018-07-03,21.35
2309,28,2,6,39,2018-07-03,16.12
2310,30,2,6,43,2018-07-03,30.43
2311,32,2,2,33,2018-07-03,25.90
2312,34,2,2,37,2018-07-03,33.41
2313,36,2,3,63,2018-07-03,22.80
2314,38,2,3,37,2018-07-03,21.95
2315,40,2,5,34,2018-07-03,30.53
2316,42,2,6,67,2018-07-03,8.70
2317,2,3,1,64,2018-07-03,13.14
2318,4,3,1,37,2018-07-03,17.18
2319,6,3,1,43,2018-07-03,9.07
2320,8,3,2,76,2018-07-03,15.23
2321,10,3,6,34,2018-07-03,18.40
2322,14,3,2,35,2018-07-03,24.03
2323,16,3,4,30,2018-07-03,49.31
2324,18,3,2,55,2018-07-03,23.75
2325,20,3,2,33,2018-07-03,16.63
2326,22,3,2,42,2018-07-03,19.35
2327,26,3,3,52,2018-07-03,24.62
2328,28,3,6,31,2018-07-03,15.75
2329,30,3,6,37,2018-07-03,26.12
2330,32,3,2,36,2018-07-03,25.25
2331,34,3,4,34,2018-07-03,30.71
2332,36,3,3,41,2018-07-03,25.03
2333,38,3,3,37,2018-07-03,23.49
2334,40,3,5,26,2018-07-03,29.23
2335,42,3,6,49,2018-07-03,9.49
2336,2,4,1,30,2018-07-03,15.49
2337,4,4,1,30,2018-07-03,17.94
2338,6,4,1,34,2018-07-03,11.48
2339,8,4,2,40,2018-07-03,15.92
2340,10,4,2,30,2018-07-03,18.46
2341,12,4,2,48,2018-07-03,36.91
2342,16,4,2,56,2018-07-03,40.88
2343,18,4,2,29,2018-07-03,22.46
2344,20,4,2,52,2018-07-03,18.87
2345,22,4,6,27,2018-07-03,19.27
2346,24,4,5,49,2018-07-03,21.70
2347,26,4,3,32,2018-07-03,22.49
2348,28,4,1,26,2018-07-03,14.89
2349,30,4,6,33,2018-07-03,25.26
2350,32,4,2,23,2018-07-03,26.70
2351,34,4,2,32,2018-07-03,31.59
2352,38,4,5,28,2018-07-03,21.72
2353,40,4,3,38,2018-07-03,28.14
2354,42,4,4,40,2018-07-03,10.02
2355,2,6,6,36,2018-07-03,13.72
2356,4,6,1,63,2018-07-03,13.90
2357,6,6,1,42,2018-07-03,10.69
2358,8,6,2,67,2018-07-03,14.37
2359,10,6,2,59,2018-07-03,18.11
2360,12,6,4,35,2018-07-03,29.61
2361,14,6,4,46,2018-07-03,28.83
2362,16,6,4,50,2018-07-03,42.31
2363,18,6,6,25,2018-07-03,24.75
2364,20,6,2,40,2018-07-03,18.98
2365,22,6,6,32,2018-07-03,20.33
2366,24,6,5,32,2018-07-03,21.02
2367,26,6,5,42,2018-07-03,21.42
2368,28,6,6,60,2018-07-03,18.65
2369,30,6,1,53,2018-07-03,25.30
2370,32,6,2,58,2018-07-03,25.73
2371,34,6,4,32,2018-07-03,33.27
2372,36,6,3,36,2018-07-03,27.37
2373,38,6,3,52,2018-07-03,20.19
2374,40,6,5,49,2018-07-03,30.40
2375,42,6,4,46,2018-07-03,9.67
2376,2,7,6,54,2018-07-03,15.93
2377,4,7,6,59,2018-07-03,17.07
2378,6,7,6,32,2018-07-03,11.55
2379,8,7,6,56,2018-07-03,12.80
2380,10,7,6,62,2018-07-03,15.93
2381,12,7,2,29,2018-07-03,32.51
2382,18,7,6,36,2018-07-03,23.06
2383,26,7,5,39,2018-07-03,24.41
2384,28,7,1,35,2018-07-03,17.21
2385,30,7,1,30,2018-07-03,26.87
2386,32,7,2,47,2018-07-03,26.37
2387,34,7,2,39,2018-07-03,28.25
2388,36,7,3,25,2018-07-03,24.88
2389,38,7,5,47,2018-07-03,19.86
2390,40,7,5,50,2018-07-03,30.00
2391,42,7,4,49,2018-07-03,9.66
2392,4,8,6,53,2018-07-03,16.09
2393,6,8,6,38,2018-07-03,10.71
2394,8,8,2,44,2018-07-03,13.50
2395,12,8,4,34,2018-07-03,34.11
2396,14,8,4,35,2018-07-03,26.78
2397,16,8,4,36,2018-07-03,40.30
2398,20,8,2,35,2018-07-03,20.46
2399,22,8,6,35,2018-07-03,18.33
2400,24,8,5,26,2018-07-03,25.32
2401,26,8,3,34,2018-07-03,22.29
2402,28,8,6,45,2018-07-03,16.63
2403,30,8,1,34,2018-07-03,24.27
2404,36,8,3,51,2018-07-03,26.56
2405,2,9,6,36,2018-07-03,15.49
2406,4,9,1,39,2018-07-03,15.95
2407,6,9,6,34,2018-07-03,10.23
2408,10,9,6,30,2018-07-03,18.54
2409,12,9,2,20,2018-07-03,34.09
2410,14,9,4,34,2018-07-03,27.38
2411,16,9,4,33,2018-07-03,49.48
2412,18,9,2,57,2018-07-03,24.29
2413,20,9,6,33,2018-07-03,15.88
2414,22,9,6,49,2018-07-03,22.13
2415,24,9,3,48,2018-07-03,22.65
2416,26,9,3,48,2018-07-03,23.04
2417,28,9,6,29,2018-07-03,14.87
2418,32,9,4,26,2018-07-03,24.49
2419,34,9,4,35,2018-07-03,35.23
2420,36,9,3,29,2018-07-03,21.92
2421,38,9,3,22,2018-07-03,21.18
2422,40,9,3,34,2018-07-03,27.93
2423,42,9,4,33,2018-07-03,9.41
2424,2,10,1,27,2018-07-03,13.59
2425,4,10,6,36,2018-07-03,16.57
2426,6,10,1,44,2018-07-03,9.95
2427,8,10,2,25,2018-07-03,13.78
2428,10,10,6,36,2018-07-03,19.25
2429,12,10,4,47,2018-07-03,37.63
2430,18,10,6,29,2018-07-03,22.55
2431,20,10,2,55,2018-07-03,19.84
2432,22,10,2,24,2018-07-03,18.95
2433,26,10,5,28,2018-07-03,22.18
2434,28,10,1,43,2018-07-03,16.21
2435,30,10,6,23,2018-07-03,25.19
2436,32,10,4,49,2018-07-03,27.15
2437,34,10,4,47,2018-07-03,29.29
2438,36,10,3,24,2018-07-03,24.36
2439,38,10,3,48,2018-07-03,22.14
2440,40,10,5,29,2018-07-03,25.99
2441,42,10,6,23,2018-07-03,10.07
2442,4,11,1,55,2018-07-03,15.15
2443,8,11,6,33,2018-07-03,13.41
2444,10,11,2,27,2018-07-03,15.19
2445,12,11,4,31,2018-07-03,36.78
2446,14,11,2,22,2018-07-03,26.77
2447,16,11,2,53,2018-07-03,46.91
2448,18,11,6,26,2018-07-03,21.58
2449,20,11,2,33,2018-07-03,19.60
2450,22,11,6,33,2018-07-03,20.38
2451,24,11,3,42,2018-07-03,25.99
2452,28,11,6,45,2018-07-03,15.40
2453,32,11,4,31,2018-07-03,26.18
2454,34,11,4,39,2018-07-03,31.12
2455,38,11,5,36,2018-07-03,24.22
2456,40,11,5,45,2018-07-03,29.94
2457,42,11,6,32,2018-07-03,9.12
2458,2,12,6,42,2018-07-03,14.89
2459,4,12,6,55,2018-07-03,14.51
2460,10,12,2,45,2018-07-03,16.71
2461,12,12,2,25,2018-07-03,32.20
2462,14,12,2,29,2018-07-03,26.07
2463,16,12,4,32,2018-07-03,49.90
2464,22,12,6,40,2018-07-03,20.97
2465,24,12,5,40,2018-07-03,23.62
2466,26,12,3,29,2018-07-03,22.53
2467,28,12,6,29,2018-07-03,14.98
2468,30,12,6,44,2018-07-03,30.35
2469,34,12,4,41,2018-07-03,31.32
2470,36,12,3,32,2018-07-03,21.92
2471,38,12,5,37,2018-07-03,19.84
2472,42,12,4,27,2018-07-03,10.70
2473,1,1,6,64,2018-07-17,10.66
2474,3,1,1,56,2018-07-17,10.85
2475,5,1,6,52,2018-07-17,14.21
2476,7,1,2,60,2018-07-17,11.63
2477,9,1,2,53,2018-07-17,10.00
2478,11,1,2,39,2018-07-17,16.09
2479,13,1,2,28,2018-07-17,30.90
2480,15,1,4,46,2018-07-17,40.08
2481,19,1,2,34,2018-07-17,33.36
2482,21,1,6,38,2018-07-17,40.63
2483,23,1,5,33,2018-07-17,20.96
2484,25,1,5,24,2018-07-17,19.88
2485,27,1,6,75,2018-07-17,13.30
2486,29,1,1,28,2018-07-17,14.37
2487,31,1,6,44,2018-07-17,16.02
2488,35,1,3,41,2018-07-17,17.50
2489,37,1,3,38,2018-07-17,21.72
2490,39,1,3,48,2018-07-17,24.50
2491,41,1,6,45,2018-07-17,8.32
2492,43,1,4,85,2018-07-17,7.21
2493,1,2,6,46,2018-07-17,12.91
2494,3,2,6,64,2018-07-17,10.19
2495,5,2,6,37,2018-07-17,12.62
2496,7,2,2,36,2018-07-17,12.35
2497,9,2,2,66,2018-07-17,10.92
2498,11,2,6,78,2018-07-17,15.45
2499,13,2,2,24,2018-07-17,25.54
2500,17,2,4,42,2018-07-17,35.05
2501,21,2,6,25,2018-07-17,36.53
2502,23,2,5,40,2018-07-17,18.18
2503,25,2,5,44,2018-07-17,16.63
2504,27,2,1,54,2018-07-17,15.84
2505,29,2,6,79,2018-07-17,11.34
2506,31,2,6,45,2018-07-17,18.85
2507,33,2,4,47,2018-07-17,19.59
2508,35,2,3,32,2018-07-17,17.12
2509,37,2,3,43,2018-07-17,21.50
2510,39,2,5,39,2018-07-17,20.88
2511,41,2,4,55,2018-07-17,9.01
2512,43,2,4,54,2018-07-17,7.57
2513,1,3,1,22,2018-07-17,13.32
2514,3,3,1,33,2018-07-17,10.89
2515,5,3,1,37,2018-07-17,14.66
2516,7,3,6,34,2018-07-17,13.15
2517,9,3,6,33,2018-07-17,11.06
2518,11,3,6,60,2018-07-17,16.01
2519,17,3,4,33,2018-07-17,35.90
2520,21,3,2,74,2018-07-17,40.32
2521,23,3,3,30,2018-07-17,22.76
2522,25,3,3,37,2018-07-17,18.55
2523,27,3,1,34,2018-07-17,15.30
2524,29,3,1,45,2018-07-17,13.18
2525,41,3,6,44,2018-07-17,7.45
2526,43,3,4,35,2018-07-17,6.44
2527,1,4,1,33,2018-07-17,10.77
2528,5,4,6,32,2018-07-17,12.61
2529,7,4,6,24,2018-07-17,13.65
2530,11,4,6,59,2018-07-17,14.69
2531,13,4,2,24,2018-07-17,30.86
2532,15,4,4,26,2018-07-17,36.51
2533,19,4,6,29,2018-07-17,30.35
2534,25,4,5,27,2018-07-17,17.93
2535,27,4,1,62,2018-07-17,13.16
2536,33,4,4,39,2018-07-17,24.92
2537,37,4,3,27,2018-07-17,21.33
2538,39,4,3,42,2018-07-17,25.23
2539,41,4,4,50,2018-07-17,7.27
2540,43,4,4,50,2018-07-17,6.26
2541,1,6,6,26,2018-07-17,11.53
2542,3,6,6,24,2018-07-17,10.46
2543,5,6,6,26,2018-07-17,12.37
2544,7,6,6,21,2018-07-17,12.42
2545,9,6,6,32,2018-07-17,11.78
2546,11,6,6,36,2018-07-17,13.36
2547,21,6,2,35,2018-07-17,32.67
2548,23,6,3,24,2018-07-17,21.98
2549,25,6,3,49,2018-07-17,20.24
2550,27,6,6,63,2018-07-17,15.80
2551,29,6,6,44,2018-07-17,11.47
2552,35,6,3,26,2018-07-17,15.61
2553,37,6,3,28,2018-07-17,22.21
2554,41,6,6,45,2018-07-17,8.96
2555,43,6,6,32,2018-07-17,7.35
2556,1,7,1,31,2018-07-17,13.68
2557,3,7,6,33,2018-07-17,11.95
2558,7,7,2,29,2018-07-17,10.62
2559,9,7,6,32,2018-07-17,10.48
2560,11,7,6,39,2018-07-17,15.58
2561,15,7,2,31,2018-07-17,42.66
2562,19,7,2,36,2018-07-17,29.29
2563,23,7,3,37,2018-07-17,21.44
2564,27,7,1,36,2018-07-17,13.54
2565,31,7,6,32,2018-07-17,17.45
2566,39,7,5,37,2018-07-17,21.46
2567,41,7,6,23,2018-07-17,8.57
2568,43,7,4,51,2018-07-17,6.27
2569,1,8,6,30,2018-07-17,10.99
2570,7,8,6,33,2018-07-17,13.14
2571,9,8,6,55,2018-07-17,12.67
2572,11,8,6,35,2018-07-17,14.71
2573,13,8,4,34,2018-07-17,28.76
2574,15,8,2,32,2018-07-17,41.91
2575,17,8,4,53,2018-07-17,28.97
2576,19,8,6,23,2018-07-17,26.19
2577,21,8,2,25,2018-07-17,38.80
2578,23,8,5,48,2018-07-17,22.16
2579,27,8,1,33,2018-07-17,12.70
2580,29,8,6,40,2018-07-17,13.11
2581,31,8,1,24,2018-07-17,17.46
2582,35,8,3,33,2018-07-17,14.07
2583,37,8,3,26,2018-07-17,19.63
2584,39,8,5,39,2018-07-17,21.50
2585,41,8,6,46,2018-07-17,8.74
2586,43,8,4,40,2018-07-17,6.48
2587,3,9,6,38,2018-07-17,10.44
2588,9,9,2,33,2018-07-17,10.28
2589,11,9,2,24,2018-07-17,14.72
2590,17,9,2,16,2018-07-17,28.69
2591,23,9,3,33,2018-07-17,18.72
2592,29,9,6,31,2018-07-17,12.66
2593,41,9,4,25,2018-07-17,7.51
2594,43,9,6,48,2018-07-17,5.97
2595,1,10,6,31,2018-07-17,11.57
2596,5,10,1,26,2018-07-17,14.89
2597,9,10,2,33,2018-07-17,11.45
2598,11,10,2,43,2018-07-17,13.59
2599,13,10,4,28,2018-07-17,25.19
2600,15,10,4,24,2018-07-17,42.34
2601,23,10,3,34,2018-07-17,21.68
2602,27,10,6,38,2018-07-17,12.55
2603,29,10,1,66,2018-07-17,11.58
2604,33,10,4,34,2018-07-17,20.65
2605,39,10,5,30,2018-07-17,25.57
2606,41,10,4,62,2018-07-17,7.58
2607,43,10,4,60,2018-07-17,6.47
2608,3,11,6,34,2018-07-17,11.42
2609,7,11,6,24,2018-07-17,12.94
2610,9,11,6,26,2018-07-17,10.46
2611,11,11,2,26,2018-07-17,14.17
2612,15,11,4,36,2018-07-17,37.24
2613,17,11,4,32,2018-07-17,28.16
2614,21,11,2,31,2018-07-17,36.35
2615,23,11,3,34,2018-07-17,22.14
2616,27,11,1,40,2018-07-17,15.62
2617,31,11,1,31,2018-07-17,19.80
2618,33,11,4,31,2018-07-17,19.73
2619,35,11,3,53,2018-07-17,15.61
2620,41,11,4,37,2018-07-17,9.41
2621,43,11,6,51,2018-07-17,6.95
2622,1,12,6,46,2018-07-17,11.68
2623,7,12,2,25,2018-07-17,12.01
2624,9,12,2,26,2018-07-17,10.54
2625,11,12,6,40,2018-07-17,13.70
2626,17,12,2,32,2018-07-17,32.34
2627,21,12,2,28,2018-07-17,35.27
2628,27,12,6,25,2018-07-17,15.14
2629,31,12,1,31,2018-07-17,19.25
2630,33,12,2,26,2018-07-17,21.07
2631,35,12,3,43,2018-07-17,16.90
2632,37,12,3,34,2018-07-17,21.59
2633,43,12,4,38,2018-07-17,7.55
2634,2,1,1,44,2018-08-03,14.82
2635,4,1,6,62,2018-08-03,16.46
2636,6,1,1,34,2018-08-03,9.69
2637,8,1,6,36,2018-08-03,14.53
2638,10,1,6,31,2018-08-03,15.22
2639,12,1,4,42,2018-08-03,34.70
2640,16,1,4,53,2018-08-03,40.27
2641,18,1,6,30,2018-08-03,21.80
2642,20,1,2,40,2018-08-03,18.98
2643,22,1,2,38,2018-08-03,20.88
2644,24,1,5,25,2018-08-03,26.04
2645,26,1,3,22,2018-08-03,21.80
2646,28,1,6,67,2018-08-03,18.05
2647,30,1,1,38,2018-08-03,30.48
2648,32,1,2,47,2018-08-03,27.93
2649,36,1,3,37,2018-08-03,27.81
2650,40,1,3,42,2018-08-03,26.79
2651,42,1,6,34,2018-08-03,10.75
2652,2,2,6,47,2018-08-03,13.19
2653,4,2,6,57,2018-08-03,16.67
2654,6,2,1,73,2018-08-03,10.65
2655,8,2,6,57,2018-08-03,14.27
2656,10,2,6,45,2018-08-03,17.07
2657,12,2,2,30,2018-08-03,33.53
2658,16,2,4,42,2018-08-03,47.14
2659,18,2,2,43,2018-08-03,22.99
2660,20,2,6,32,2018-08-03,16.08
2661,22,2,6,64,2018-08-03,18.22
2662,24,2,3,47,2018-08-03,25.96
2663,26,2,5,58,2018-08-03,24.66
2664,28,2,6,65,2018-08-03,19.33
2665,32,2,2,49,2018-08-03,28.59
2666,34,2,2,30,2018-08-03,30.97
2667,36,2,3,36,2018-08-03,22.14
2668,38,2,3,47,2018-08-03,21.61
2669,40,2,3,39,2018-08-03,28.53
2670,42,2,6,45,2018-08-03,9.17
2671,4,3,6,37,2018-08-03,16.38
2672,6,3,6,54,2018-08-03,11.53
2673,8,3,2,33,2018-08-03,15.99
2674,10,3,2,45,2018-08-03,16.83
2675,12,3,4,45,2018-08-03,32.74
2676,18,3,6,26,2018-08-03,21.62
2677,20,3,2,39,2018-08-03,19.91
2678,22,3,2,35,2018-08-03,18.92
2679,24,3,5,41,2018-08-03,22.91
2680,28,3,1,43,2018-08-03,15.09
2681,30,3,6,25,2018-08-03,26.32
2682,32,3,2,39,2018-08-03,22.97
2683,34,3,4,46,2018-08-03,32.23
2684,36,3,3,29,2018-08-03,21.81
2685,2,4,1,29,2018-08-03,12.77
2686,4,4,6,32,2018-08-03,16.85
2687,8,4,2,29,2018-08-03,15.73
2688,12,4,4,24,2018-08-03,37.80
2689,14,4,4,26,2018-08-03,26.20
2690,18,4,6,32,2018-08-03,27.87
2691,20,4,6,22,2018-08-03,18.26
2692,22,4,2,24,2018-08-03,18.88
2693,28,4,1,40,2018-08-03,17.84
2694,36,4,3,31,2018-08-03,24.50
2695,38,4,5,25,2018-08-03,24.84
2696,42,4,4,24,2018-08-03,8.28
2697,4,6,1,44,2018-08-03,14.70
2698,6,6,6,39,2018-08-03,11.32
2699,8,6,6,24,2018-08-03,12.92
2700,10,6,6,38,2018-08-03,16.29
2701,18,6,2,33,2018-08-03,25.95
2702,20,6,6,31,2018-08-03,19.36
2703,22,6,6,36,2018-08-03,20.51
2704,26,6,5,25,2018-08-03,24.11
2705,28,6,1,35,2018-08-03,17.41
2706,30,6,6,23,2018-08-03,28.80
2707,32,6,4,36,2018-08-03,23.64
2708,36,6,3,26,2018-08-03,23.87
2709,42,6,4,31,2018-08-03,9.19
2710,2,7,1,38,2018-08-03,14.43
2711,4,7,6,23,2018-08-03,15.83
2712,6,7,6,59,2018-08-03,10.10
2713,8,7,2,39,2018-08-03,14.36
2714,14,7,2,28,2018-08-03,26.99
2715,16,7,2,40,2018-08-03,45.74
2716,20,7,6,49,2018-08-03,20.16
2717,22,7,6,43,2018-08-03,21.00
2718,24,7,5,46,2018-08-03,21.43
2719,28,7,1,25,2018-08-03,14.88
2720,30,7,1,33,2018-08-03,27.96
2721,32,7,4,35,2018-08-03,28.83
2722,34,7,4,26,2018-08-03,35.47
2723,36,7,3,27,2018-08-03,26.48
2724,38,7,3,24,2018-08-03,20.50
2725,2,8,1,47,2018-08-03,15.35
2726,4,8,6,41,2018-08-03,17.86
2727,6,8,6,54,2018-08-03,10.27
2728,8,8,2,27,2018-08-03,14.46
2729,10,8,2,41,2018-08-03,17.45
2730,16,8,4,48,2018-08-03,42.46
2731,18,8,2,44,2018-08-03,26.73
2732,20,8,6,37,2018-08-03,17.29
2733,22,8,2,29,2018-08-03,19.08
2734,24,8,5,28,2018-08-03,22.83
2735,26,8,5,30,2018-08-03,21.29
2736,28,8,6,38,2018-08-03,18.72
2737,32,8,4,55,2018-08-03,22.58
2738,34,8,2,33,2018-08-03,31.96
2739,36,8,3,27,2018-08-03,22.70
2740,38,8,3,39,2018-08-03,21.48
2741,40,8,5,41,2018-08-03,27.20
2742,42,8,4,54,2018-08-03,8.45
2743,2,9,6,19,2018-08-03,15.00
2744,4,9,1,40,2018-08-03,17.59
2745,6,9,1,26,2018-08-03,10.36
2746,8,9,6,45,2018-08-03,12.92
2747,10,9,2,23,2018-08-03,17.74
2748,26,9,3,29,2018-08-03,22.53
2749,30,9,6,49,2018-08-03,27.87
2750,36,9,3,29,2018-08-03,25.70
2751,42,9,6,33,2018-08-03,9.38
2752,2,10,1,35,2018-08-03,15.58
2753,4,10,6,45,2018-08-03,14.00
2754,6,10,6,31,2018-08-03,10.65
2755,10,10,2,20,2018-08-03,16.49
2756,14,10,4,47,2018-08-03,25.51
2757,16,10,2,45,2018-08-03,47.07
2758,18,10,6,24,2018-08-03,24.03
2759,24,10,5,46,2018-08-03,25.55
2760,42,10,6,25,2018-08-03,9.93
2761,2,11,6,48,2018-08-03,15.75
2762,4,11,1,23,2018-08-03,17.48
2763,6,11,6,49,2018-08-03,11.08
2764,10,11,6,26,2018-08-03,18.64
2765,18,11,2,31,2018-08-03,25.30
2766,26,11,3,38,2018-08-03,22.12
2767,28,11,6,35,2018-08-03,15.35
2768,30,11,6,33,2018-08-03,25.56
2769,32,11,2,22,2018-08-03,27.26
2770,36,11,3,29,2018-08-03,25.00
2771,4,12,6,30,2018-08-03,14.28
2772,6,12,1,57,2018-08-03,10.72
2773,8,12,6,35,2018-08-03,12.98
2774,18,12,6,32,2018-08-03,27.67
2775,20,12,2,33,2018-08-03,17.04
2776,28,12,6,25,2018-08-03,17.60
2777,32,12,2,36,2018-08-03,25.81
2778,36,12,3,22,2018-08-03,27.54
2779,40,12,5,28,2018-08-03,28.98
2780,1,1,6,35,2018-08-17,11.30
2781,3,1,6,41,2018-08-17,12.34
2782,5,1,6,26,2018-08-17,13.91
2783,7,1,6,48,2018-08-17,13.36
2784,9,1,2,49,2018-08-17,12.67
2785,11,1,6,44,2018-08-17,17.14
2786,17,1,2,24,2018-08-17,32.01
2787,19,1,6,39,2018-08-17,32.54
2788,21,1,2,24,2018-08-17,39.90
2789,23,1,3,65,2018-08-17,19.53
2790,27,1,6,40,2018-08-17,15.07
2791,29,1,6,46,2018-08-17,12.23
2792,31,1,1,23,2018-08-17,18.07
2793,33,1,2,57,2018-08-17,23.47
2794,35,1,3,25,2018-08-17,14.45
2795,37,1,3,34,2018-08-17,22.64
2796,39,1,3,25,2018-08-17,24.19
2797,41,1,4,46,2018-08-17,8.25
2798,43,1,4,35,2018-08-17,7.12
2799,1,2,6,64,2018-08-17,13.16
2800,3,2,1,49,2018-08-17,10.53
2801,5,2,1,33,2018-08-17,12.01
2802,7,2,2,51,2018-08-17,12.92
2803,9,2,6,57,2018-08-17,11.37
2804,11,2,6,73,2018-08-17,13.91
2805,15,2,4,48,2018-08-17,37.77
2806,17,2,2,44,2018-08-17,35.56
2807,19,2,6,45,2018-08-17,25.92
2808,23,2,5,55,2018-08-17,22.89
2809,25,2,5,33,2018-08-17,17.93
2810,27,2,6,73,2018-08-17,13.01
2811,29,2,6,50,2018-08-17,14.24
2812,31,2,1,28,2018-08-17,17.69
2813,33,2,2,31,2018-08-17,21.19
2814,37,2,3,27,2018-08-17,18.67
2815,41,2,6,69,2018-08-17,9.06
2816,43,2,6,94,2018-08-17,6.30
2817,1,3,1,49,2018-08-17,12.61
2818,3,3,6,30,2018-08-17,10.59
2819,5,3,6,35,2018-08-17,13.70
2820,7,3,6,21,2018-08-17,11.56
2821,9,3,6,32,2018-08-17,11.88
2822,11,3,2,53,2018-08-17,15.85
2823,13,3,4,52,2018-08-17,30.27
2824,15,3,2,33,2018-08-17,45.25
2825,17,3,2,22,2018-08-17,28.46
2826,19,3,6,48,2018-08-17,32.33
2827,23,3,3,37,2018-08-17,20.44
2828,27,3,1,40,2018-08-17,13.36
2829,29,3,1,64,2018-08-17,12.46
2830,31,3,6,37,2018-08-17,20.04
2831,33,3,2,40,2018-08-17,19.92
2832,35,3,3,50,2018-08-17,15.74
2833,37,3,3,32,2018-08-17,21.74
2834,39,3,3,55,2018-08-17,25.58
2835,41,3,6,58,2018-08-17,7.43
2836,43,3,4,33,2018-08-17,7.68
2837,1,4,6,33,2018-08-17,13.60
2838,3,4,6,36,2018-08-17,9.58
2839,9,4,6,65,2018-08-17,10.26
2840,11,4,2,32,2018-08-17,16.66
2841,17,4,4,34,2018-08-17,33.60
2842,19,4,6,32,2018-08-17,33.33
2843,21,4,6,47,2018-08-17,33.47
2844,23,4,5,43,2018-08-17,20.35
2845,29,4,6,40,2018-08-17,11.61
2846,31,4,1,26,2018-08-17,18.60
2847,35,4,3,34,2018-08-17,14.61
2848,41,4,4,46,2018-08-17,8.19
2849,43,4,6,32,2018-08-17,7.11
2850,1,5,1,36,2018-08-17,10.98
2851,2,5,6,41,2018-08-17,15.02
2852,3,5,1,65,2018-08-17,11.53
2853,4,5,1,48,2018-08-17,14.41
2854,5,5,1,52,2018-08-17,12.11
2855,6,5,1,44,2018-08-17,9.76
2856,7,5,2,69,2018-08-17,11.56
2857,8,5,2,55,2018-08-17,13.28
2858,9,5,6,29,2018-08-17,10.92
2859,10,5,6,39,2018-08-17,18.78
2860,11,5,6,48,2018-08-17,16.87
2861,12,5,4,56,2018-08-17,35.83
2862,13,5,2,50,2018-08-17,28.38
2863,14,5,4,41,2018-08-17,28.85
2864,15,5,4,28,2018-08-17,45.40
2865,16,5,4,61,2018-08-17,39.92
2866,17,5,4,30,2018-08-17,32.82
2867,18,5,2,71,2018-08-17,26.64
2868,19,5,6,58,2018-08-17,26.16
2869,20,5,2,64,2018-08-17,19.81
2870,21,5,6,65,2018-08-17,40.75
2871,22,5,2,68,2018-08-17,22.85
2872,23,5,5,50,2018-08-17,22.47
2873,24,5,5,38,2018-08-17,25.13
2874,25,5,5,33,2018-08-17,18.42
2875,26,5,5,29,2018-08-17,22.09
2876,27,5,1,69,2018-08-17,14.74
2877,28,5,6,44,2018-08-17,15.76
2878,29,5,1,74,2018-08-17,11.77
2879,30,5,1,41,2018-08-17,26.59
2880,31,5,1,73,2018-08-17,16.44
2881,32,5,2,28,2018-08-17,23.85
2882,33,5,4,32,2018-08-17,19.30
2883,34,5,2,46,2018-08-17,30.55
2884,35,5,3,61,2018-08-17,17.40
2885,36,5,3,62,2018-08-17,25.84
2886,37,5,3,31,2018-08-17,21.60
2887,38,5,5,43,2018-08-17,24.10
2888,39,5,3,44,2018-08-17,24.39
2889,40,5,3,71,2018-08-17,25.59
2890,41,5,6,72,2018-08-17,7.29
2891,42,5,4,57,2018-08-17,8.95
2892,43,5,6,70,2018-08-17,6.44
2893,1,6,6,28,2018-08-17,12.98
2894,3,6,1,23,2018-08-17,11.46
2895,5,6,6,29,2018-08-17,14.06
2896,9,6,6,31,2018-08-17,12.67
2897,11,6,6,30,2018-08-17,15.34
2898,13,6,4,40,2018-08-17,25.18
2899,15,6,2,30,2018-08-17,46.38
2900,17,6,4,41,2018-08-17,31.81
2901,19,6,2,40,2018-08-17,33.50
2902,21,6,6,26,2018-08-17,38.94
2903,23,6,5,44,2018-08-17,19.05
2904,27,6,6,47,2018-08-17,16.33
2905,29,6,1,32,2018-08-17,14.17
2906,31,6,1,22,2018-08-17,18.00
2907,33,6,2,40,2018-08-17,21.69
2908,35,6,3,31,2018-08-17,16.03
2909,39,6,3,43,2018-08-17,24.20
2910,41,6,6,35,2018-08-17,9.07
2911,43,6,4,27,2018-08-17,6.94
2912,1,7,6,27,2018-08-17,12.81
2913,3,7,6,37,2018-08-17,11.04
2914,5,7,1,24,2018-08-17,14.23
2915,9,7,2,53,2018-08-17,10.15
2916,11,7,2,55,2018-08-17,15.69
2917,13,7,2,17,2018-08-17,32.25
2918,15,7,4,21,2018-08-17,39.41
2919,17,7,2,19,2018-08-17,30.93
2920,19,7,6,27,2018-08-17,33.46
2921,21,7,6,49,2018-08-17,34.04
2922,23,7,5,48,2018-08-17,18.78
2923,25,7,5,45,2018-08-17,19.97
2924,27,7,1,58,2018-08-17,13.50
2925,29,7,6,43,2018-08-17,12.21
2926,31,7,6,37,2018-08-17,16.44
2927,33,7,2,37,2018-08-17,20.89
2928,35,7,3,30,2018-08-17,15.57
2929,37,7,3,42,2018-08-17,22.32
2930,41,7,4,36,2018-08-17,9.23
2931,43,7,4,58,2018-08-17,7.56
2932,1,8,1,41,2018-08-17,11.43
2933,3,8,1,55,2018-08-17,11.25
2934,5,8,1,43,2018-08-17,11.62
2935,7,8,2,20,2018-08-17,11.93
2936,11,8,2,41,2018-08-17,17.19
2937,17,8,2,24,2018-08-17,35.96
2938,23,8,3,51,2018-08-17,19.77
2939,25,8,5,35,2018-08-17,16.42
2940,27,8,6,36,2018-08-17,13.99
2941,29,8,6,32,2018-08-17,13.47
2942,33,8,2,49,2018-08-17,24.10
2943,35,8,3,24,2018-08-17,16.24
2944,39,8,3,25,2018-08-17,23.84
2945,41,8,6,28,2018-08-17,9.44
2946,43,8,6,39,2018-08-17,6.41
2947,1,9,1,36,2018-08-17,11.35
2948,3,9,1,24,2018-08-17,12.00
2949,5,9,6,26,2018-08-17,14.79
2950,7,9,6,41,2018-08-17,13.32
2951,11,9,6,32,2018-08-17,17.11
2952,13,9,2,31,2018-08-17,29.17
2953,15,9,4,13,2018-08-17,46.19
2954,19,9,2,29,2018-08-17,32.24
2955,21,9,2,33,2018-08-17,32.19
2956,23,9,5,26,2018-08-17,22.03
2957,25,9,3,23,2018-08-17,18.56
2958,27,9,6,34,2018-08-17,12.96
2959,29,9,6,26,2018-08-17,12.51
2960,31,9,6,31,2018-08-17,15.86
2961,33,9,4,34,2018-08-17,24.68
2962,35,9,3,20,2018-08-17,18.02
2963,37,9,3,16,2018-08-17,20.98
2964,39,9,3,46,2018-08-17,20.88
2965,41,9,6,30,2018-08-17,8.07
2966,43,9,4,27,2018-08-17,7.72
2967,3,10,1,64,2018-08-17,12.30
2968,7,10,6,31,2018-08-17,10.83
2969,9,10,6,19,2018-08-17,11.80
2970,11,10,6,25,2018-08-17,15.39
2971,17,10,4,20,2018-08-17,28.22
2972,19,10,2,29,2018-08-17,30.13
2973,21,10,2,22,2018-08-17,37.43
2974,23,10,3,35,2018-08-17,21.98
2975,25,10,5,34,2018-08-17,18.38
2976,27,10,1,27,2018-08-17,16.05
2977,31,10,6,27,2018-08-17,20.37
2978,33,10,2,28,2018-08-17,22.82
2979,35,10,3,27,2018-08-17,15.83
2980,37,10,3,37,2018-08-17,22.01
2981,41,10,4,35,2018-08-17,7.82
2982,43,10,6,32,2018-08-17,6.46
2983,1,11,6,55,2018-08-17,13.30
2984,5,11,6,26,2018-08-17,12.67
2985,9,11,2,27,2018-08-17,10.16
2986,11,11,6,46,2018-08-17,14.75
2987,13,11,2,32,2018-08-17,30.53
2988,19,11,6,25,2018-08-17,28.74
2989,23,11,5,26,2018-08-17,19.29
2990,25,11,5,30,2018-08-17,19.90
2991,27,11,1,28,2018-08-17,14.50
2992,29,11,6,41,2018-08-17,11.24
2993,33,11,2,23,2018-08-17,19.27
2994,35,11,3,21,2018-08-17,17.37
2995,37,11,3,30,2018-08-17,20.23
2996,39,11,5,24,2018-08-17,22.15
2997,43,11,6,39,2018-08-17,7.44
2998,3,12,1,31,2018-08-17,10.18
2999,5,12,1,42,2018-08-17,13.14
3000,9,12,2,36,2018-08-17,10.94
3001,11,12,6,25,2018-08-17,17.01
3002,13,12,4,10,2018-08-17,26.31
3003,15,12,4,21,2018-08-17,44.00
3004,19,12,2,32,2018-08-17,26.98
3005,23,12,5,52,2018-08-17,21.78
3006,25,12,5,25,2018-08-17,17.78
3007,27,12,6,31,2018-08-17,14.19
3008,29,12,1,40,2018-08-17,13.92
3009,33,12,2,20,2018-08-17,22.38
3010,39,12,5,44,2018-08-17,25.08
3011,41,12,4,62,2018-08-17,8.12
3012,43,12,4,50,2018-08-17,6.53
3013,2,1,6,40,2018-09-03,14.68
3014,4,1,6,78,2018-09-03,13.96
3015,6,1,1,65,2018-09-03,11.51
3016,8,1,6,47,2018-09-03,16.08
3017,10,1,2,50,2018-09-03,15.88
3018,14,1,4,37,2018-09-03,26.14
3019,16,1,2,31,2018-09-03,41.82
3020,18,1,2,29,2018-09-03,26.04
3021,20,1,2,50,2018-09-03,18.41
3022,22,1,6,52,2018-09-03,22.62
3023,24,1,5,42,2018-09-03,20.88
3024,26,1,3,42,2018-09-03,21.73
3025,28,1,6,49,2018-09-03,15.44
3026,30,1,6,33,2018-09-03,30.63
3027,32,1,2,39,2018-09-03,28.40
3028,34,1,4,40,2018-09-03,30.07
3029,36,1,3,36,2018-09-03,26.77
3030,38,1,3,47,2018-09-03,19.39
3031,40,1,3,47,2018-09-03,26.17
3032,42,1,6,58,2018-09-03,9.82
3033,2,2,1,45,2018-09-03,14.54
3034,4,2,6,78,2018-09-03,14.29
3035,6,2,1,40,2018-09-03,10.92
3036,8,2,2,42,2018-09-03,14.63
3037,10,2,2,50,2018-09-03,16.98
3038,12,2,4,33,2018-09-03,33.50
3039,14,2,4,48,2018-09-03,27.56
3040,16,2,4,29,2018-09-03,41.39
3041,18,2,6,51,2018-09-03,27.01
3042,20,2,2,61,2018-09-03,16.34
3043,22,2,2,29,2018-09-03,21.34
3044,26,2,3,64,2018-09-03,19.98
3045,28,2,1,80,2018-09-03,15.01
3046,30,2,1,56,2018-09-03,30.80
3047,32,2,2,39,2018-09-03,27.65
3048,34,2,4,34,2018-09-03,33.83
3049,36,2,3,49,2018-09-03,21.70
3050,38,2,5,33,2018-09-03,24.22
3051,40,2,3,37,2018-09-03,26.70
3052,42,2,4,89,2018-09-03,9.69
3053,2,3,6,37,2018-09-03,12.96
3054,4,3,6,46,2018-09-03,16.52
3055,6,3,1,34,2018-09-03,11.42
3056,8,3,6,37,2018-09-03,13.30
3057,10,3,2,25,2018-09-03,16.99
3058,14,3,4,61,2018-09-03,22.89
3059,16,3,2,33,2018-09-03,43.50
3060,20,3,2,23,2018-09-03,18.00
3061,22,3,6,40,2018-09-03,18.68
3062,26,3,3,63,2018-09-03,23.33
3063,28,3,1,45,2018-09-03,17.92
3064,30,3,1,31,2018-09-03,28.83
3065,32,3,4,37,2018-09-03,22.93
3066,36,3,3,27,2018-09-03,26.17
3067,38,3,3,27,2018-09-03,19.91
3068,40,3,3,43,2018-09-03,25.81
3069,42,3,6,74,2018-09-03,10.01
3070,4,4,6,29,2018-09-03,16.58
3071,6,4,1,50,2018-09-03,11.11
3072,10,4,2,41,2018-09-03,17.53
3073,16,4,4,32,2018-09-03,51.35
3074,24,4,3,34,2018-09-03,22.67
3075,26,4,5,54,2018-09-03,19.97
3076,30,4,1,44,2018-09-03,30.84
3077,32,4,4,27,2018-09-03,25.55
3078,34,4,2,32,2018-09-03,28.97
3079,40,4,5,36,2018-09-03,23.84
3080,42,4,4,38,2018-09-03,10.18
3081,2,6,1,26,2018-09-03,13.76
3082,4,6,1,42,2018-09-03,14.75
3083,6,6,6,34,2018-09-03,9.65
3084,8,6,2,42,2018-09-03,13.27
3085,12,6,4,32,2018-09-03,36.04
3086,14,6,4,30,2018-09-03,26.53
3087,16,6,4,42,2018-09-03,45.60
3088,18,6,6,32,2018-09-03,25.32
3089,22,6,6,34,2018-09-03,19.81
3090,24,6,5,48,2018-09-03,25.80
3091,28,6,1,34,2018-09-03,15.22
3092,30,6,6,32,2018-09-03,30.48
3093,34,6,4,26,2018-09-03,32.07
3094,36,6,3,27,2018-09-03,24.49
3095,38,6,3,30,2018-09-03,22.78
3096,40,6,5,52,2018-09-03,24.41
3097,42,6,6,26,2018-09-03,10.58
3098,6,7,6,27,2018-09-03,11.48
3099,8,7,6,38,2018-09-03,15.02
3100,10,7,6,51,2018-09-03,16.68
3101,12,7,2,18,2018-09-03,29.78
3102,18,7,6,29,2018-09-03,22.28
3103,20,7,2,22,2018-09-03,16.50
3104,22,7,6,23,2018-09-03,19.39
3105,26,7,3,40,2018-09-03,21.14
3106,28,7,1,41,2018-09-03,16.07
3107,32,7,4,31,2018-09-03,23.22
3108,40,7,3,30,2018-09-03,24.75
3109,42,7,4,43,2018-09-03,9.15
3110,4,8,1,34,2018-09-03,16.73
3111,10,8,2,37,2018-09-03,17.59
3112,12,8,2,11,2018-09-03,32.74
3113,14,8,4,35,2018-09-03,28.30
3114,18,8,2,31,2018-09-03,24.75
3115,20,8,6,32,2018-09-03,20.62
3116,22,8,2,24,2018-09-03,21.57
3117,24,8,3,24,2018-09-03,23.87
3118,30,8,1,33,2018-09-03,25.85
3119,32,8,2,27,2018-09-03,29.16
3120,36,8,3,40,2018-09-03,22.03
3121,40,8,3,37,2018-09-03,24.10
3122,42,8,6,26,2018-09-03,8.56
3123,6,9,6,39,2018-09-03,11.03
3124,8,9,2,37,2018-09-03,14.85
3125,12,9,2,31,2018-09-03,33.64
3126,14,9,2,12,2018-09-03,24.21
3127,16,9,4,50,2018-09-03,47.48
3128,18,9,2,34,2018-09-03,27.58
3129,20,9,6,31,2018-09-03,16.52
3130,22,9,6,35,2018-09-03,22.83
3131,24,9,5,31,2018-09-03,20.86
3132,28,9,6,40,2018-09-03,18.01
3133,32,9,2,26,2018-09-03,27.51
3134,34,9,4,25,2018-09-03,29.70
3135,38,9,3,17,2018-09-03,23.05
3136,40,9,5,16,2018-09-03,23.96
3137,42,9,6,22,2018-09-03,8.74
3138,4,10,1,36,2018-09-03,16.67
3139,8,10,6,43,2018-09-03,16.19
3140,12,10,4,24,2018-09-03,30.99
3141,20,10,6,19,2018-09-03,18.71
3142,22,10,2,48,2018-09-03,19.11
3143,24,10,5,34,2018-09-03,26.37
3144,26,10,5,43,2018-09-03,22.40
3145,28,10,1,29,2018-09-03,19.26
3146,30,10,6,15,2018-09-03,24.96
3147,32,10,2,21,2018-09-03,25.11
3148,34,10,2,20,2018-09-03,31.24
3149,36,10,3,51,2018-09-03,27.35
3150,38,10,3,22,2018-09-03,20.15
3151,40,10,3,44,2018-09-03,28.30
3152,4,11,1,33,2018-09-03,17.15
3153,8,11,2,26,2018-09-03,14.73
3154,10,11,2,25,2018-09-03,16.60
3155,12,11,4,34,2018-09-03,30.18
3156,14,11,4,27,2018-09-03,25.69
3157,16,11,2,47,2018-09-03,44.64
3158,20,11,2,32,2018-09-03,16.18
3159,22,11,6,45,2018-09-03,20.72
3160,24,11,3,40,2018-09-03,25.03
3161,26,11,5,24,2018-09-03,20.75
3162,28,11,6,22,2018-09-03,16.60
3163,30,11,6,21,2018-09-03,30.04
3164,34,11,4,12,2018-09-03,34.22
3165,38,11,5,20,2018-09-03,22.90
3166,40,11,3,37,2018-09-03,28.99
3167,42,11,6,50,2018-09-03,8.68
3168,2,12,6,37,2018-09-03,15.59
3169,4,12,1,23,2018-09-03,16.38
3170,6,12,1,32,2018-09-03,10.99
3171,10,12,2,17,2018-09-03,16.14
3172,12,12,4,14,2018-09-03,33.31
3173,14,12,4,30,2018-09-03,26.06
3174,16,12,2,33,2018-09-03,46.29
3175,22,12,6,46,2018-09-03,18.86
3176,24,12,3,15,2018-09-03,21.93
3177,26,12,3,27,2018-09-03,24.91
3178,30,12,6,25,2018-09-03,30.15
3179,34,12,4,17,2018-09-03,33.20
3180,38,12,5,28,2018-09-03,22.00
3181,42,12,6,48,2018-09-03,9.56
3182,1,1,6,61,2018-09-17,12.06
3183,3,1,1,43,2018-09-17,11.88
3184,5,1,1,53,2018-09-17,12.13
3185,7,1,6,35,2018-09-17,13.38
3186,9,1,2,39,2018-09-17,11.42
3187,11,1,2,55,2018-09-17,13.48
3188,13,1,2,50,2018-09-17,29.74
3189,15,1,4,48,2018-09-17,46.96
3190,17,1,2,34,2018-09-17,32.78
3191,19,1,2,32,2018-09-17,25.88
3192,21,1,2,24,2018-09-17,34.87
3193,23,1,5,40,2018-09-17,20.82
3194,25,1,5,56,2018-09-17,15.99
3195,27,1,1,70,2018-09-17,13.23
3196,29,1,1,56,2018-09-17,13.98
3197,31,1,1,57,2018-09-17,19.00
3198,33,1,4,33,2018-09-17,20.18
3199,39,1,5,34,2018-09-17,23.82
3200,41,1,6,51,2018-09-17,8.42
3201,43,1,6,51,2018-09-17,7.04
3202,1,2,1,73,2018-09-17,11.19
3203,3,2,6,50,2018-09-17,12.18
3204,5,2,1,44,2018-09-17,14.61
3205,7,2,6,52,2018-09-17,11.49
3206,9,2,6,39,2018-09-17,11.31
3207,11,2,2,76,2018-09-17,16.31
3208,13,2,4,59,2018-09-17,27.37
3209,15,2,4,37,2018-09-17,42.73
3210,19,2,6,31,2018-09-17,31.18
3211,21,2,2,62,2018-09-17,35.66
3212,23,2,5,64,2018-09-17,19.62
3213,25,2,5,25,2018-09-17,17.37
3214,27,2,6,82,2018-09-17,14.11
3215,29,2,1,56,2018-09-17,11.82
3216,31,2,1,52,2018-09-17,18.06
3217,33,2,4,77,2018-09-17,21.58
3218,35,2,3,53,2018-09-17,14.91
3219,39,2,3,65,2018-09-17,24.71
3220,41,2,6,64,2018-09-17,9.40
3221,43,2,4,73,2018-09-17,6.14
3222,1,3,1,44,2018-09-17,11.21
3223,3,3,1,44,2018-09-17,11.42
3224,7,3,6,30,2018-09-17,13.55
3225,9,3,2,27,2018-09-17,12.04
3226,11,3,6,36,2018-09-17,16.35
3227,13,3,4,21,2018-09-17,24.91
3228,19,3,2,25,2018-09-17,29.74
3229,21,3,6,33,2018-09-17,34.65
3230,23,3,3,30,2018-09-17,20.51
3231,25,3,5,35,2018-09-17,17.49
3232,27,3,1,68,2018-09-17,14.85
3233,29,3,6,33,2018-09-17,14.45
3234,31,3,6,32,2018-09-17,18.05
3235,33,3,4,25,2018-09-17,21.98
3236,35,3,3,25,2018-09-17,15.45
3237,39,3,5,26,2018-09-17,23.23
3238,41,3,4,43,2018-09-17,9.27
3239,43,3,6,58,2018-09-17,6.02
3240,1,4,6,37,2018-09-17,12.53
3241,3,4,6,36,2018-09-17,10.60
3242,5,4,6,32,2018-09-17,13.05
3243,7,4,2,50,2018-09-17,11.00
3244,13,4,2,20,2018-09-17,30.79
3245,15,4,2,38,2018-09-17,40.28
3246,23,4,5,26,2018-09-17,23.50
3247,25,4,5,48,2018-09-17,17.33
3248,27,4,1,50,2018-09-17,15.26
3249,29,4,6,38,2018-09-17,11.71
3250,31,4,6,24,2018-09-17,16.43
3251,33,4,2,27,2018-09-17,21.23
3252,37,4,3,34,2018-09-17,22.18
3253,39,4,3,43,2018-09-17,26.53
3254,41,4,4,44,2018-09-17,7.42
3255,43,4,4,34,2018-09-17,7.61
3256,1,5,1,27,2018-09-17,13.34
3257,9,5,6,27,2018-09-17,12.32
3258,11,5,6,33,2018-09-17,13.75
3259,27,5,1,37,2018-09-17,13.88
3260,41,5,6,29,2018-09-17,7.86
3261,1,6,1,31,2018-09-17,11.41
3262,3,6,6,31,2018-09-17,10.22
3263,5,6,6,45,2018-09-17,12.93
3264,7,6,6,40,2018-09-17,13.37
3265,9,6,2,47,2018-09-17,12.80
3266,11,6,2,49,2018-09-17,16.15
3267,13,6,2,24,2018-09-17,30.04
3268,15,6,4,38,2018-09-17,37.62
3269,23,6,3,33,2018-09-17,22.05
3270,25,6,5,36,2018-09-17,20.12
3271,27,6,1,40,2018-09-17,15.66
3272,29,6,1,49,2018-09-17,13.98
3273,31,6,1,35,2018-09-17,17.73
3274,37,6,3,36,2018-09-17,18.22
3275,41,6,4,58,2018-09-17,9.36
3276,43,6,6,32,2018-09-17,7.62
3277,3,7,1,34,2018-09-17,10.74
3278,5,7,1,28,2018-09-17,12.55
3279,7,7,6,46,2018-09-17,12.37
3280,9,7,2,31,2018-09-17,12.75
3281,11,7,6,51,2018-09-17,15.91
3282,13,7,2,26,2018-09-17,31.60
3283,15,7,4,24,2018-09-17,45.43
3284,19,7,2,25,2018-09-17,26.80
3285,23,7,3,22,2018-09-17,22.33
3286,27,7,6,42,2018-09-17,13.04
3287,29,7,6,39,2018-09-17,12.95
3288,33,7,2,30,2018-09-17,19.43
3289,35,7,3,32,2018-09-17,16.03
3290,39,7,5,16,2018-09-17,25.53
3291,41,7,4,35,2018-09-17,8.06
3292,43,7,6,81,2018-09-17,5.99
3293,3,8,6,33,2018-09-17,11.48
3294,5,8,1,36,2018-09-17,14.71
3295,9,8,6,38,2018-09-17,10.51
3296,11,8,2,34,2018-09-17,13.51
3297,13,8,4,38,2018-09-17,28.03
3298,15,8,2,33,2018-09-17,37.83
3299,17,8,2,24,2018-09-17,29.56
3300,19,8,6,24,2018-09-17,30.27
3301,21,8,6,37,2018-09-17,36.45
3302,27,8,6,37,2018-09-17,14.12
3303,31,8,1,38,2018-09-17,18.64
3304,33,8,4,27,2018-09-17,20.85
3305,35,8,3,32,2018-09-17,15.10
3306,37,8,3,25,2018-09-17,21.87
3307,39,8,3,27,2018-09-17,24.23
3308,41,8,6,21,2018-09-17,8.07
3309,43,8,4,33,2018-09-17,6.24
3310,1,9,1,25,2018-09-17,12.98
3311,5,9,6,26,2018-09-17,12.49
3312,9,9,2,38,2018-09-17,12.38
3313,17,9,2,19,2018-09-17,28.76
3314,23,9,5,24,2018-09-17,18.22
3315,27,9,6,25,2018-09-17,13.15
3316,41,9,6,27,2018-09-17,8.77
3317,43,9,6,24,2018-09-17,6.83
3318,1,10,1,53,2018-09-17,12.12
3319,5,10,1,53,2018-09-17,14.40
3320,9,10,2,41,2018-09-17,11.75
3321,11,10,2,44,2018-09-17,14.78
3322,13,10,4,23,2018-09-17,28.03
3323,15,10,2,19,2018-09-17,45.38
3324,23,10,5,21,2018-09-17,20.43
3325,29,10,1,55,2018-09-17,13.59
3326,35,10,3,50,2018-09-17,15.79
3327,39,10,3,17,2018-09-17,21.44
3328,41,10,6,36,2018-09-17,7.63
3329,43,10,6,38,2018-09-17,7.42
3330,1,11,1,33,2018-09-17,10.85
3331,3,11,6,35,2018-09-17,11.75
3332,7,11,6,50,2018-09-17,11.94
3333,9,11,2,27,2018-09-17,11.49
3334,11,11,2,26,2018-09-17,16.16
3335,15,11,4,41,2018-09-17,42.22
3336,17,11,4,26,2018-09-17,33.63
3337,21,11,6,26,2018-09-17,31.44
3338,23,11,3,48,2018-09-17,18.69
3339,27,11,6,26,2018-09-17,14.33
3340,29,11,1,30,2018-09-17,12.49
3341,31,11,6,28,2018-09-17,19.60
3342,41,11,4,45,2018-09-17,7.62
3343,43,11,6,60,2018-09-17,6.64
3344,1,12,1,43,2018-09-17,11.11
3345,3,12,6,32,2018-09-17,10.65
3346,7,12,2,27,2018-09-17,12.48
3347,17,12,2,21,2018-09-17,30.87
3348,21,12,2,11,2018-09-17,33.37
3349,23,12,3,29,2018-09-17,19.07
3350,27,12,6,37,2018-09-17,15.66
3351,29,12,6,38,2018-09-17,14.25
3352,31,12,1,10,2018-09-17,20.35
3353,35,12,3,35,2018-09-17,14.93
3354,37,12,3,25,2018-09-17,22.34
3355,41,12,4,46,2018-09-17,7.37
3356,43,12,6,42,2018-09-17,7.70
3357,2,1,1,33,2018-10-03,15.30
3358,4,1,1,46,2018-10-03,17.05
3359,6,1,6,36,2018-10-03,11.03
3360,8,1,6,44,2018-10-03,14.70
3361,10,1,6,48,2018-10-03,15.41
3362,12,1,4,56,2018-10-03,35.65
3363,16,1,2,39,2018-10-03,48.19
3364,18,1,2,26,2018-10-03,21.54
3365,20,1,6,72,2018-10-03,19.80
3366,22,1,2,31,2018-10-03,21.40
3367,24,1,3,27,2018-10-03,22.65
3368,26,1,5,51,2018-10-03,22.88
3369,28,1,1,51,2018-10-03,16.33
3370,30,1,1,26,2018-10-03,24.56
3371,32,1,2,43,2018-10-03,28.85
3372,36,1,3,51,2018-10-03,23.68
3373,40,1,3,25,2018-10-03,27.30
3374,42,1,6,54,2018-10-03,10.08
3375,2,2,1,28,2018-10-03,15.17
3376,4,2,1,44,2018-10-03,17.87
3377,6,2,1,68,2018-10-03,9.88
3378,8,2,6,50,2018-10-03,16.15
3379,10,2,2,41,2018-10-03,16.71
3380,14,2,2,43,2018-10-03,26.97
3381,16,2,4,40,2018-10-03,43.95
3382,18,2,6,37,2018-10-03,25.82
3383,20,2,6,52,2018-10-03,17.47
3384,22,2,6,48,2018-10-03,19.12
3385,24,2,3,46,2018-10-03,22.45
3386,26,2,3,35,2018-10-03,20.85
3387,28,2,1,68,2018-10-03,16.53
3388,32,2,2,32,2018-10-03,25.65
3389,34,2,2,35,2018-10-03,35.72
3390,36,2,3,60,2018-10-03,24.91
3391,38,2,5,29,2018-10-03,22.35
3392,40,2,5,37,2018-10-03,25.92
3393,42,2,4,37,2018-10-03,10.52
3394,4,3,1,47,2018-10-03,13.96
3395,6,3,6,60,2018-10-03,11.52
3396,8,3,2,34,2018-10-03,13.75
3397,12,3,4,27,2018-10-03,37.23
3398,16,3,4,25,2018-10-03,46.29
3399,18,3,2,50,2018-10-03,23.91
3400,20,3,6,52,2018-10-03,20.64
3401,22,3,2,50,2018-10-03,22.10
3402,24,3,3,50,2018-10-03,25.65
3403,26,3,3,29,2018-10-03,20.08
3404,28,3,1,22,2018-10-03,19.14
3405,30,3,1,28,2018-10-03,24.87
3406,32,3,4,32,2018-10-03,26.31
3407,34,3,2,38,2018-10-03,28.52
3408,36,3,3,42,2018-10-03,26.63
3409,40,3,5,31,2018-10-03,28.95
3410,42,3,6,47,2018-10-03,8.42
3411,2,4,1,39,2018-10-03,14.18
3412,4,4,6,32,2018-10-03,14.36
3413,6,4,1,27,2018-10-03,9.66
3414,8,4,2,43,2018-10-03,14.93
3415,12,4,2,35,2018-10-03,36.90
3416,14,4,4,36,2018-10-03,24.41
3417,18,4,2,45,2018-10-03,25.70
3418,20,4,6,33,2018-10-03,19.89
3419,22,4,2,60,2018-10-03,20.07
3420,26,4,5,27,2018-10-03,22.51
3421,28,4,1,48,2018-10-03,18.32
3422,36,4,3,22,2018-10-03,25.00
3423,38,4,5,21,2018-10-03,22.23
3424,40,4,3,29,2018-10-03,25.12
3425,2,5,1,14,2018-10-03,13.89
3426,4,5,1,36,2018-10-03,14.32
3427,6,5,1,33,2018-10-03,10.71
3428,8,5,2,40,2018-10-03,13.43
3429,10,5,2,21,2018-10-03,18.93
3430,12,5,4,18,2018-10-03,33.76
3431,14,5,4,13,2018-10-03,26.15
3432,16,5,4,21,2018-10-03,47.37
3433,18,5,6,27,2018-10-03,23.41
3434,20,5,2,13,2018-10-03,19.30
3435,22,5,2,24,2018-10-03,18.26
3436,24,5,3,24,2018-10-03,22.29
3437,26,5,5,33,2018-10-03,24.27
3438,28,5,6,47,2018-10-03,14.96
3439,30,5,1,17,2018-10-03,27.53
3440,32,5,2,20,2018-10-03,28.68
3441,34,5,2,15,2018-10-03,31.97
3442,36,5,3,27,2018-10-03,26.22
3443,38,5,5,24,2018-10-03,22.24
3444,40,5,5,23,2018-10-03,24.79
3445,42,5,6,20,2018-10-03,8.34
3446,4,6,6,35,2018-10-03,14.89
3447,6,6,1,35,2018-10-03,9.68
3448,10,6,6,38,2018-10-03,17.14
3449,12,6,4,28,2018-10-03,30.96
3450,16,6,4,26,2018-10-03,49.36
3451,18,6,6,26,2018-10-03,23.80
3452,20,6,2,34,2018-10-03,18.22
3453,22,6,6,28,2018-10-03,21.18
3454,24,6,5,35,2018-10-03,21.48
3455,26,6,5,52,2018-10-03,21.23
3456,28,6,6,24,2018-10-03,16.95
3457,30,6,1,32,2018-10-03,25.11
3458,32,6,4,48,2018-10-03,23.68
3459,36,6,3,33,2018-10-03,21.89
3460,40,6,3,34,2018-10-03,24.72
3461,2,7,1,31,2018-10-03,14.25
3462,4,7,6,55,2018-10-03,15.22
3463,6,7,1,29,2018-10-03,9.94
3464,8,7,2,25,2018-10-03,14.57
3465,10,7,6,23,2018-10-03,16.30
3466,14,7,4,34,2018-10-03,25.18
3467,16,7,4,14,2018-10-03,43.69
3468,20,7,6,33,2018-10-03,17.92
3469,24,7,3,30,2018-10-03,25.28
3470,28,7,1,34,2018-10-03,15.05
3471,30,7,6,42,2018-10-03,27.55
3472,34,7,2,32,2018-10-03,32.08
3473,36,7,3,42,2018-10-03,24.35
3474,38,7,3,21,2018-10-03,19.85
3475,2,8,1,39,2018-10-03,16.01
3476,4,8,1,33,2018-10-03,17.87
3477,6,8,6,34,2018-10-03,10.75
3478,8,8,2,27,2018-10-03,15.37
3479,10,8,6,27,2018-10-03,16.05
3480,16,8,4,53,2018-10-03,39.96
3481,18,8,2,25,2018-10-03,24.31
3482,20,8,6,30,2018-10-03,17.60
3483,22,8,6,30,2018-10-03,18.95
3484,24,8,5,23,2018-10-03,23.42
3485,26,8,3,28,2018-10-03,19.90
3486,28,8,6,50,2018-10-03,17.21
3487,30,8,6,35,2018-10-03,28.14
3488,34,8,4,43,2018-10-03,34.00
3489,38,8,5,26,2018-10-03,20.86
3490,40,8,3,26,2018-10-03,27.23
3491,2,9,1,37,2018-10-03,14.98
3492,4,9,1,29,2018-10-03,17.01
3493,6,9,1,30,2018-10-03,9.88
3494,8,9,2,43,2018-10-03,14.85
3495,10,9,2,32,2018-10-03,18.40
3496,18,9,2,28,2018-10-03,25.12
3497,22,9,2,32,2018-10-03,23.22
3498,26,9,5,21,2018-10-03,23.14
3499,30,9,1,33,2018-10-03,28.13
3500,36,9,3,40,2018-10-03,23.39
3501,42,9,4,25,2018-10-03,8.75
3502,2,10,1,33,2018-10-03,12.65
3503,4,10,1,49,2018-10-03,14.73
3504,6,10,1,76,2018-10-03,9.53
3505,10,10,2,53,2018-10-03,14.95
3506,14,10,2,22,2018-10-03,28.70
3507,16,10,4,26,2018-10-03,44.66
3508,18,10,6,35,2018-10-03,26.73
3509,22,10,6,45,2018-10-03,21.60
3510,40,10,3,37,2018-10-03,25.35
3511,42,10,4,40,2018-10-03,10.02
3512,2,11,1,42,2018-10-03,14.11
3513,4,11,6,46,2018-10-03,17.24
3514,6,11,1,61,2018-10-03,9.39
3515,8,11,6,26,2018-10-03,15.48
3516,12,11,4,34,2018-10-03,37.97
3517,18,11,2,51,2018-10-03,21.53
3518,28,11,1,32,2018-10-03,18.24
3519,32,11,4,49,2018-10-03,26.08
3520,34,11,2,33,2018-10-03,35.08
3521,36,11,3,38,2018-10-03,25.63
3522,42,11,6,27,2018-10-03,9.16
3523,6,12,1,27,2018-10-03,11.42
3524,8,12,6,31,2018-10-03,14.64
3525,18,12,6,35,2018-10-03,23.22
3526,20,12,2,28,2018-10-03,19.21
3527,26,12,3,30,2018-10-03,21.20
3528,28,12,6,30,2018-10-03,18.30
3529,32,12,2,28,2018-10-03,26.86
3530,36,12,3,33,2018-10-03,22.89
3531,40,12,5,37,2018-10-03,24.74
3532,1,1,1,57,2018-10-17,13.06
3533,3,1,6,64,2018-10-17,11.17
3534,5,1,1,51,2018-10-17,14.65
3535,7,1,6,37,2018-10-17,11.26
3536,9,1,2,52,2018-10-17,11.78
3537,11,1,6,45,2018-10-17,15.78
3538,13,1,4,22,2018-10-17,32.18
3539,15,1,2,32,2018-10-17,47.12
3540,17,1,2,41,2018-10-17,31.16
3541,19,1,2,28,2018-10-17,27.19
3542,21,1,6,48,2018-10-17,32.53
3543,23,1,3,37,2018-10-17,22.20
3544,25,1,5,37,2018-10-17,18.94
3545,27,1,1,83,2018-10-17,16.00
3546,29,1,6,58,2018-10-17,11.57
3547,31,1,6,37,2018-10-17,16.49
3548,33,1,2,52,2018-10-17,24.57
3549,35,1,3,45,2018-10-17,15.33
3550,37,1,3,49,2018-10-17,23.45
3551,39,1,5,34,2018-10-17,23.66
3552,41,1,4,79,2018-10-17,8.70
3553,43,1,6,77,2018-10-17,6.99
3554,1,2,1,88,2018-10-17,13.08
3555,3,2,6,48,2018-10-17,11.60
3556,5,2,1,32,2018-10-17,13.96
3557,7,2,2,32,2018-10-17,11.82
3558,9,2,6,47,2018-10-17,12.28
3559,11,2,6,29,2018-10-17,16.43
3560,13,2,4,27,2018-10-17,30.41
3561,15,2,2,40,2018-10-17,47.07
3562,17,2,2,38,2018-10-17,28.08
3563,19,2,6,33,2018-10-17,27.00
3564,21,2,6,46,2018-10-17,39.59
3565,23,2,3,45,2018-10-17,23.22
3566,25,2,5,32,2018-10-17,19.06
3567,27,2,6,49,2018-10-17,12.80
3568,29,2,6,53,2018-10-17,11.43
3569,31,2,6,35,2018-10-17,16.32
3570,33,2,2,42,2018-10-17,20.40
3571,35,2,3,30,2018-10-17,15.27
3572,37,2,3,43,2018-10-17,22.65
3573,39,2,5,45,2018-10-17,25.47
3574,41,2,6,63,2018-10-17,8.11
3575,43,2,6,46,2018-10-17,5.95
3576,1,3,6,45,2018-10-17,12.29
3577,3,3,1,42,2018-10-17,11.15
3578,5,3,1,58,2018-10-17,14.75
3579,7,3,6,58,2018-10-17,12.54
3580,9,3,2,49,2018-10-17,11.00
3581,11,3,6,62,2018-10-17,13.24
3582,13,3,4,25,2018-10-17,28.55
3583,15,3,4,49,2018-10-17,45.48
3584,17,3,4,41,2018-10-17,28.98
3585,19,3,6,36,2018-10-17,31.74
3586,21,3,6,34,2018-10-17,36.66
3587,23,3,5,51,2018-10-17,19.25
3588,27,3,6,47,2018-10-17,15.14
3589,29,3,1,49,2018-10-17,12.47
3590,31,3,1,26,2018-10-17,16.41
3591,35,3,3,36,2018-10-17,16.47
3592,37,3,3,32,2018-10-17,21.99
3593,39,3,3,38,2018-10-17,25.00
3594,41,3,4,46,2018-10-17,7.86
3595,43,3,6,52,2018-10-17,7.64
3596,1,4,6,41,2018-10-17,12.34
3597,3,4,1,31,2018-10-17,10.85
3598,5,4,6,28,2018-10-17,14.00
3599,7,4,2,26,2018-10-17,13.51
3600,9,4,2,32,2018-10-17,12.70
3601,11,4,2,64,2018-10-17,14.18
3602,17,4,2,37,2018-10-17,34.68
3603,19,4,2,48,2018-10-17,33.50
3604,21,4,6,24,2018-10-17,32.90
3605,23,4,3,25,2018-10-17,19.27
3606,27,4,6,43,2018-10-17,13.33
3607,33,4,4,37,2018-10-17,19.33
3608,35,4,3,24,2018-10-17,15.31
3609,41,4,6,35,2018-10-17,9.08
3610,43,4,4,40,2018-10-17,6.41
3611,3,5,1,40,2018-10-17,10.53
3612,5,5,1,11,2018-10-17,14.43
3613,7,5,6,25,2018-10-17,13.18
3614,9,5,6,24,2018-10-17,11.22
3615,11,5,6,25,2018-10-17,15.46
3616,13,5,4,31,2018-10-17,29.55
3617,15,5,2,26,2018-10-17,40.20
3618,17,5,4,29,2018-10-17,32.06
3619,19,5,6,25,2018-10-17,27.85
3620,21,5,6,22,2018-10-17,39.65
3621,23,5,5,42,2018-10-17,19.82
3622,25,5,3,33,2018-10-17,20.46
3623,27,5,6,27,2018-10-17,15.70
3624,29,5,6,24,2018-10-17,11.68
3625,31,5,6,25,2018-10-17,17.78
3626,33,5,4,25,2018-10-17,21.07
3627,35,5,3,38,2018-10-17,14.12
3628,37,5,3,18,2018-10-17,19.20
3629,39,5,3,33,2018-10-17,23.94
3630,43,5,6,45,2018-10-17,6.60
3631,1,6,1,52,2018-10-17,11.98
3632,3,6,1,35,2018-10-17,11.38
3633,9,6,6,41,2018-10-17,11.80
3634,11,6,6,37,2018-10-17,14.20
3635,15,6,4,27,2018-10-17,40.08
3636,17,6,2,27,2018-10-17,28.57
3637,19,6,2,32,2018-10-17,25.83
3638,21,6,6,23,2018-10-17,34.85
3639,23,6,3,28,2018-10-17,22.74
3640,27,6,1,58,2018-10-17,14.72
3641,29,6,6,61,2018-10-17,13.59
3642,31,6,6,27,2018-10-17,18.25
3643,33,6,2,48,2018-10-17,23.13
3644,35,6,3,46,2018-10-17,16.72
3645,37,6,3,25,2018-10-17,19.70
3646,39,6,5,44,2018-10-17,24.84
3647,41,6,6,26,2018-10-17,8.07
3648,43,6,6,42,2018-10-17,6.12
3649,1,7,1,38,2018-10-17,12.83
3650,3,7,6,26,2018-10-17,11.68
3651,9,7,2,33,2018-10-17,11.47
3652,11,7,6,35,2018-10-17,16.60
3653,17,7,2,27,2018-10-17,34.49
3654,19,7,2,26,2018-10-17,27.62
3655,21,7,6,54,2018-10-17,38.26
3656,25,7,5,18,2018-10-17,16.51
3657,27,7,6,40,2018-10-17,15.21
3658,29,7,1,26,2018-10-17,12.34
3659,31,7,1,31,2018-10-17,18.05
3660,33,7,2,26,2018-10-17,21.25
3661,37,7,3,37,2018-10-17,23.39
3662,39,7,5,25,2018-10-17,26.21
3663,41,7,6,46,2018-10-17,7.92
3664,43,7,4,42,2018-10-17,7.23
3665,1,8,1,42,2018-10-17,11.09
3666,3,8,6,32,2018-10-17,11.67
3667,5,8,6,28,2018-10-17,13.38
3668,7,8,6,35,2018-10-17,12.27
3669,9,8,2,40,2018-10-17,10.25
3670,11,8,6,45,2018-10-17,13.61
3671,13,8,2,28,2018-10-17,25.76
3672,21,8,6,24,2018-10-17,31.52
3673,23,8,5,64,2018-10-17,19.58
3674,25,8,5,39,2018-10-17,16.34
3675,27,8,6,57,2018-10-17,15.15
3676,29,8,6,66,2018-10-17,13.72
3677,37,8,3,27,2018-10-17,23.64
3678,39,8,5,38,2018-10-17,25.18
3679,41,8,6,44,2018-10-17,7.63
3680,43,8,4,53,2018-10-17,7.58
3681,3,9,6,46,2018-10-17,9.79
3682,5,9,6,31,2018-10-17,12.38
3683,7,9,2,33,2018-10-17,12.93
3684,11,9,6,50,2018-10-17,15.69
3685,13,9,2,32,2018-10-17,29.66
3686,15,9,2,19,2018-10-17,41.99
3687,19,9,6,14,2018-10-17,29.42
3688,21,9,6,31,2018-10-17,38.69
3689,25,9,3,35,2018-10-17,19.08
3690,29,9,1,39,2018-10-17,13.51
3691,31,9,1,19,2018-10-17,18.12
3692,33,9,4,36,2018-10-17,21.06
3693,35,9,3,43,2018-10-17,14.15
3694,37,9,3,31,2018-10-17,22.65
3695,39,9,3,24,2018-10-17,25.76
3696,41,9,6,46,2018-10-17,8.86
3697,43,9,4,32,2018-10-17,7.57
3698,3,10,6,52,2018-10-17,10.23
3699,5,10,1,27,2018-10-17,13.73
3700,7,10,6,48,2018-10-17,12.34
3701,11,10,6,44,2018-10-17,16.87
3702,15,10,2,32,2018-10-17,45.08
3703,17,10,4,21,2018-10-17,31.14
3704,19,10,6,39,2018-10-17,28.94
3705,21,10,2,36,2018-10-17,40.76
3706,25,10,3,24,2018-10-17,19.46
3707,27,10,1,46,2018-10-17,12.91
3708,29,10,6,25,2018-10-17,11.74
3709,31,10,6,47,2018-10-17,15.86
3710,33,10,2,31,2018-10-17,19.81
3711,37,10,3,33,2018-10-17,22.78
3712,41,10,4,25,2018-10-17,8.71
3713,43,10,4,40,2018-10-17,6.88
3714,1,11,1,54,2018-10-17,12.92
3715,3,11,1,43,2018-10-17,10.67
3716,5,11,1,48,2018-10-17,14.40
3717,9,11,2,35,2018-10-17,10.44
3718,11,11,6,40,2018-10-17,17.18
3719,13,11,2,40,2018-10-17,30.55
3720,15,11,2,39,2018-10-17,40.22
3721,19,11,2,34,2018-10-17,28.10
3722,23,11,3,34,2018-10-17,22.83
3723,25,11,5,57,2018-10-17,15.95
3724,27,11,6,34,2018-10-17,14.10
3725,29,11,6,42,2018-10-17,11.38
3726,33,11,4,42,2018-10-17,22.80
3727,35,11,3,23,2018-10-17,15.90
3728,37,11,3,34,2018-10-17,19.99
3729,39,11,5,30,2018-10-17,20.95
3730,41,11,4,31,2018-10-17,9.36
3731,43,11,4,40,2018-10-17,7.54
3732,5,12,6,17,2018-10-17,13.74
3733,9,12,6,47,2018-10-17,11.92
3734,11,12,2,55,2018-10-17,15.46
3735,13,12,4,24,2018-10-17,25.43
3736,15,12,4,27,2018-10-17,43.08
3737,19,12,6,24,2018-10-17,32.56
3738,23,12,3,24,2018-10-17,20.27
3739,25,12,3,40,2018-10-17,19.09
3740,31,12,1,32,2018-10-17,16.71
3741,33,12,4,37,2018-10-17,24.63
3742,39,12,5,18,2018-10-17,22.79
3743,43,12,4,33,2018-10-17,6.04
3744,2,1,1,39,2018-11-05,13.94
3745,4,1,6,81,2018-11-05,15.09
3746,6,1,6,75,2018-11-05,11.42
3747,8,1,6,69,2018-11-05,15.12
3748,10,1,2,35,2018-11-05,18.33
3749,12,1,2,33,2018-11-05,33.32
3750,14,1,2,46,2018-11-05,24.35
3751,16,1,2,39,2018-11-05,44.35
3752,18,1,6,55,2018-11-05,23.10
3753,20,1,6,45,2018-11-05,17.22
3754,22,1,2,81,2018-11-05,19.25
3755,24,1,3,47,2018-11-05,23.48
3756,26,1,5,47,2018-11-05,22.01
3757,28,1,6,67,2018-11-05,18.43
3758,30,1,6,53,2018-11-05,25.90
3759,32,1,2,71,2018-11-05,25.34
3760,34,1,2,56,2018-11-05,34.46
3761,36,1,3,40,2018-11-05,27.17
3762,38,1,5,62,2018-11-05,21.69
3763,40,1,3,32,2018-11-05,25.82
3764,42,1,6,74,2018-11-05,8.48
3765,2,2,6,55,2018-11-05,15.37
3766,4,2,1,88,2018-11-05,17.92
3767,6,2,6,73,2018-11-05,9.68
3768,8,2,6,85,2018-11-05,13.24
3769,10,2,6,61,2018-11-05,17.29
3770,12,2,4,62,2018-11-05,37.25
3771,14,2,2,35,2018-11-05,23.89
3772,16,2,4,54,2018-11-05,41.66
3773,18,2,6,63,2018-11-05,27.31
3774,20,2,2,81,2018-11-05,18.40
3775,22,2,2,87,2018-11-05,19.70
3776,24,2,5,22,2018-11-05,23.82
3777,26,2,5,53,2018-11-05,21.84
3778,28,2,1,80,2018-11-05,16.78
3779,30,2,6,51,2018-11-05,26.45
3780,32,2,4,80,2018-11-05,28.16
3781,34,2,2,53,2018-11-05,31.82
3782,36,2,3,52,2018-11-05,25.98
3783,38,2,3,46,2018-11-05,23.85
3784,40,2,3,33,2018-11-05,25.91
3785,42,2,6,67,2018-11-05,8.61
3786,2,3,1,66,2018-11-05,14.31
3787,4,3,6,62,2018-11-05,17.67
3788,6,3,6,25,2018-11-05,10.41
3789,8,3,6,39,2018-11-05,12.97
3790,10,3,6,68,2018-11-05,16.25
3791,12,3,2,37,2018-11-05,33.93
3792,14,3,4,52,2018-11-05,24.49
3793,16,3,4,42,2018-11-05,41.96
3794,18,3,6,63,2018-11-05,24.64
3795,20,3,2,46,2018-11-05,16.42
3796,22,3,2,75,2018-11-05,20.34
3797,24,3,5,31,2018-11-05,23.52
3798,26,3,3,49,2018-11-05,22.61
3799,28,3,6,73,2018-11-05,14.86
3800,30,3,6,43,2018-11-05,24.02
3801,32,3,2,24,2018-11-05,26.09
3802,34,3,4,30,2018-11-05,28.76
3803,36,3,3,61,2018-11-05,26.71
3804,38,3,5,57,2018-11-05,24.32
3805,40,3,3,42,2018-11-05,26.03
3806,42,3,6,59,2018-11-05,9.83
3807,4,4,6,34,2018-11-05,16.74
3808,6,4,1,58,2018-11-05,11.19
3809,8,4,2,36,2018-11-05,14.49
3810,10,4,6,30,2018-11-05,19.25
3811,14,4,2,25,2018-11-05,25.29
3812,16,4,2,38,2018-11-05,50.83
3813,18,4,2,31,2018-11-05,23.13
3814,20,4,6,47,2018-11-05,20.10
3815,22,4,6,34,2018-11-05,21.30
3816,24,4,5,26,2018-11-05,20.46
3817,26,4,3,31,2018-11-05,21.30
3818,28,4,1,35,2018-11-05,17.33
3819,30,4,6,35,2018-11-05,30.50
3820,32,4,2,65,2018-11-05,27.33
3821,34,4,2,51,2018-11-05,31.88
3822,36,4,3,40,2018-11-05,21.79
3823,40,4,3,48,2018-11-05,28.66
3824,42,4,4,64,2018-11-05,8.65
3825,2,5,1,38,2018-11-05,14.83
3826,4,5,1,39,2018-11-05,16.24
3827,6,5,6,34,2018-11-05,10.53
3828,10,5,2,33,2018-11-05,16.25
3829,16,5,4,24,2018-11-05,39.80
3830,18,5,2,41,2018-11-05,22.69
3831,20,5,6,29,2018-11-05,17.04
3832,26,5,5,39,2018-11-05,21.99
3833,28,5,1,31,2018-11-05,18.15
3834,32,5,2,29,2018-11-05,27.17
3835,36,5,3,29,2018-11-05,22.27
3836,2,6,6,58,2018-11-05,15.65
3837,4,6,6,49,2018-11-05,16.26
3838,6,6,1,58,2018-11-05,8.93
3839,8,6,2,64,2018-11-05,13.29
3840,10,6,2,52,2018-11-05,16.82
3841,12,6,2,26,2018-11-05,33.30
3842,14,6,2,27,2018-11-05,26.01
3843,16,6,4,39,2018-11-05,42.84
3844,18,6,2,58,2018-11-05,27.10
3845,20,6,2,39,2018-11-05,19.07
3846,22,6,2,27,2018-11-05,19.02
3847,24,6,3,39,2018-11-05,25.40
3848,26,6,5,30,2018-11-05,22.85
3849,28,6,1,30,2018-11-05,17.43
3850,30,6,1,36,2018-11-05,27.40
3851,32,6,2,32,2018-11-05,23.82
3852,34,6,4,46,2018-11-05,34.19
3853,36,6,3,45,2018-11-05,25.19
3854,38,6,5,57,2018-11-05,24.29
3855,40,6,5,36,2018-11-05,28.13
3856,42,6,4,64,2018-11-05,9.42
3857,2,7,1,27,2018-11-05,15.38
3858,4,7,1,36,2018-11-05,14.88
3859,6,7,6,29,2018-11-05,9.10
3860,8,7,2,44,2018-11-05,13.75
3861,10,7,6,25,2018-11-05,17.38
3862,12,7,4,52,2018-11-05,33.03
3863,16,7,4,41,2018-11-05,51.21
3864,18,7,2,49,2018-11-05,24.25
3865,20,7,2,39,2018-11-05,17.41
3866,22,7,2,70,2018-11-05,20.18
3867,26,7,5,71,2018-11-05,20.28
3868,28,7,6,31,2018-11-05,15.54
3869,30,7,6,22,2018-11-05,28.30
3870,32,7,4,44,2018-11-05,28.85
3871,36,7,3,26,2018-11-05,26.19
3872,40,7,5,46,2018-11-05,24.69
3873,42,7,4,69,2018-11-05,10.44
3874,2,8,1,48,2018-11-05,14.66
3875,4,8,1,54,2018-11-05,13.95
3876,6,8,1,50,2018-11-05,11.23
3877,8,8,2,66,2018-11-05,12.97
3878,10,8,6,43,2018-11-05,17.00
3879,12,8,2,47,2018-11-05,36.31
3880,14,8,4,58,2018-11-05,25.20
3881,16,8,2,31,2018-11-05,51.53
3882,18,8,2,36,2018-11-05,21.73
3883,20,8,2,43,2018-11-05,17.76
3884,22,8,2,64,2018-11-05,23.63
3885,26,8,3,52,2018-11-05,21.07
3886,28,8,6,39,2018-11-05,15.49
3887,30,8,6,57,2018-11-05,28.72
3888,32,8,4,47,2018-11-05,28.76
3889,34,8,4,25,2018-11-05,28.88
3890,36,8,3,48,2018-11-05,27.37
3891,38,8,5,41,2018-11-05,23.52
3892,40,8,3,54,2018-11-05,29.68
3893,42,8,6,36,2018-11-05,10.28
3894,2,9,6,36,2018-11-05,14.17
3895,4,9,1,39,2018-11-05,15.40
3896,6,9,1,38,2018-11-05,9.46
3897,8,9,2,30,2018-11-05,14.35
3898,12,9,2,30,2018-11-05,32.34
3899,14,9,2,22,2018-11-05,28.33
3900,16,9,2,39,2018-11-05,48.96
3901,20,9,6,48,2018-11-05,17.23
3902,22,9,6,39,2018-11-05,19.41
3903,24,9,3,40,2018-11-05,24.07
3904,26,9,3,25,2018-11-05,19.92
3905,28,9,6,54,2018-11-05,15.73
3906,32,9,2,15,2018-11-05,26.53
3907,34,9,2,38,2018-11-05,35.93
3908,38,9,3,30,2018-11-05,20.51
3909,40,9,5,25,2018-11-05,25.33
3910,2,10,1,36,2018-11-05,14.05
3911,4,10,1,69,2018-11-05,13.94
3912,6,10,6,66,2018-11-05,9.60
3913,8,10,6,65,2018-11-05,13.57
3914,10,10,6,36,2018-11-05,16.98
3915,12,10,2,20,2018-11-05,34.86
3916,14,10,2,37,2018-11-05,26.38
3917,16,10,4,22,2018-11-05,51.24
3918,18,10,6,38,2018-11-05,22.66
3919,20,10,2,51,2018-11-05,18.19
3920,22,10,2,41,2018-11-05,20.26
3921,24,10,5,33,2018-11-05,24.70
3922,26,10,5,55,2018-11-05,20.94
3923,28,10,1,63,2018-11-05,18.47
3924,30,10,6,44,2018-11-05,25.68
3925,32,10,4,36,2018-11-05,24.55
3926,34,10,2,17,2018-11-05,33.73
3927,36,10,3,49,2018-11-05,25.26
3928,38,10,5,34,2018-11-05,24.46
3929,40,10,5,37,2018-11-05,30.68
3930,42,10,6,33,2018-11-05,9.52
3931,2,11,6,38,2018-11-05,12.68
3932,4,11,1,36,2018-11-05,17.37
3933,6,11,6,40,2018-11-05,9.37
3934,8,11,6,35,2018-11-05,16.11
3935,10,11,6,41,2018-11-05,15.81
3936,12,11,2,36,2018-11-05,34.07
3937,14,11,4,46,2018-11-05,25.94
3938,16,11,2,66,2018-11-05,51.49
3939,18,11,2,36,2018-11-05,21.69
3940,20,11,2,77,2018-11-05,16.44
3941,22,11,2,62,2018-11-05,23.56
3942,24,11,3,48,2018-11-05,22.54
3943,26,11,3,53,2018-11-05,22.65
3944,28,11,6,34,2018-11-05,18.84
3945,30,11,1,28,2018-11-05,29.86
3946,38,11,5,44,2018-11-05,23.13
3947,40,11,5,81,2018-11-05,25.68
3948,42,11,6,23,2018-11-05,8.51
3949,2,12,6,27,2018-11-05,13.01
3950,4,12,6,52,2018-11-05,15.26
3951,8,12,6,58,2018-11-05,15.61
3952,10,12,6,26,2018-11-05,15.51
3953,12,12,2,37,2018-11-05,29.56
3954,14,12,4,20,2018-11-05,26.26
3955,16,12,4,37,2018-11-05,51.27
3956,18,12,2,24,2018-11-05,22.14
3957,20,12,6,32,2018-11-05,17.59
3958,22,12,6,58,2018-11-05,20.47
3959,24,12,3,27,2018-11-05,21.15
3960,28,12,1,38,2018-11-05,18.05
3961,30,12,1,44,2018-11-05,30.54
3962,34,12,2,32,2018-11-05,29.25
3963,36,12,3,23,2018-11-05,24.92
3964,38,12,3,40,2018-11-05,21.95
3965,42,12,4,62,2018-11-05,10.55
3966,1,1,6,65,2018-11-19,13.27
3967,3,1,1,92,2018-11-19,11.28
3968,5,1,1,59,2018-11-19,12.08
3969,7,1,6,66,2018-11-19,12.14
3970,9,1,2,71,2018-11-19,10.71
3971,11,1,6,81,2018-11-19,16.24
3972,13,1,2,51,2018-11-19,29.07
3973,15,1,4,46,2018-11-19,42.83
3974,17,1,4,34,2018-11-19,33.16
3975,19,1,2,32,2018-11-19,32.27
3976,21,1,2,30,2018-11-19,34.00
3977,23,1,5,81,2018-11-19,19.42
3978,25,1,5,43,2018-11-19,18.58
3979,27,1,1,87,2018-11-19,14.26
3980,29,1,1,67,2018-11-19,14.53
3981,31,1,1,63,2018-11-19,16.49
3982,33,1,2,59,2018-11-19,24.44
3983,35,1,3,74,2018-11-19,14.36
3984,37,1,3,58,2018-11-19,18.98
3985,39,1,5,52,2018-11-19,26.07
3986,41,1,6,79,2018-11-19,7.83
3987,43,1,6,92,2018-11-19,6.24
3988,1,2,1,106,2018-11-19,12.13
3989,3,2,6,102,2018-11-19,10.70
3990,5,2,6,44,2018-11-19,11.62
3991,7,2,2,44,2018-11-19,12.57
3992,9,2,2,73,2018-11-19,10.32
3993,11,2,2,84,2018-11-19,15.04
3994,13,2,4,35,2018-11-19,29.66
3995,15,2,2,45,2018-11-19,44.51
3996,17,2,2,38,2018-11-19,29.39
3997,19,2,2,35,2018-11-19,31.28
3998,21,2,2,39,2018-11-19,36.54
3999,23,2,3,59,2018-11-19,20.43
4000,25,2,5,52,2018-11-19,20.55
4001,27,2,1,89,2018-11-19,14.89
4002,29,2,1,98,2018-11-19,14.55
4003,31,2,1,37,2018-11-19,15.99
4004,33,2,2,90,2018-11-19,19.22
4005,35,2,3,57,2018-11-19,14.26
4006,37,2,3,50,2018-11-19,22.90
4007,39,2,3,61,2018-11-19,21.96
4008,41,2,6,53,2018-11-19,9.46
4009,43,2,6,121,2018-11-19,6.56
4010,1,3,6,56,2018-11-19,12.34
4011,3,3,6,77,2018-11-19,11.61
4012,5,3,6,53,2018-11-19,14.49
4013,7,3,2,62,2018-11-19,13.17
4014,9,3,2,38,2018-11-19,11.31
4015,11,3,6,46,2018-11-19,13.44
4016,13,3,4,27,2018-11-19,27.21
4017,15,3,2,63,2018-11-19,40.39
4018,17,3,2,55,2018-11-19,34.43
4019,19,3,2,36,2018-11-19,26.47
4020,23,3,5,47,2018-11-19,21.58
4021,25,3,3,61,2018-11-19,17.68
4022,27,3,6,67,2018-11-19,14.01
4023,29,3,6,78,2018-11-19,13.78
4024,31,3,6,49,2018-11-19,16.61
4025,33,3,2,73,2018-11-19,19.96
4026,35,3,3,75,2018-11-19,14.16
4027,37,3,3,33,2018-11-19,19.81
4028,39,3,5,39,2018-11-19,26.39
4029,41,3,4,60,2018-11-19,7.74
4030,43,3,4,89,2018-11-19,6.61
4031,3,4,1,34,2018-11-19,9.75
4032,5,4,6,37,2018-11-19,12.42
4033,7,4,6,32,2018-11-19,13.28
4034,9,4,6,52,2018-11-19,9.90
4035,11,4,6,39,2018-11-19,14.54
4036,13,4,4,38,2018-11-19,27.53
4037,15,4,4,42,2018-11-19,47.00
4038,21,4,2,34,2018-11-19,39.42
4039,23,4,5,39,2018-11-19,23.28
4040,25,4,5,66,2018-11-19,17.59
4041,27,4,1,50,2018-11-19,14.19
4042,29,4,6,57,2018-11-19,11.43
4043,31,4,1,31,2018-11-19,20.43
4044,33,4,2,35,2018-11-19,24.73
4045,37,4,3,43,2018-11-19,20.42
4046,39,4,3,50,2018-11-19,21.35
4047,41,4,6,60,2018-11-19,8.87
4048,43,4,6,76,2018-11-19,6.76
4049,1,5,6,58,2018-11-19,11.72
4050,9,5,2,41,2018-11-19,10.56
4051,11,5,2,32,2018-11-19,15.54
4052,13,5,2,24,2018-11-19,27.13
4053,19,5,6,23,2018-11-19,30.82
4054,23,5,5,35,2018-11-19,19.30
4055,27,5,1,34,2018-11-19,14.98
4056,29,5,6,24,2018-11-19,11.90
4057,31,5,1,34,2018-11-19,18.52
4058,33,5,2,24,2018-11-19,21.84
4059,35,5,3,40,2018-11-19,17.39
4060,41,5,4,51,2018-11-19,9.05
4061,43,5,6,26,2018-11-19,6.29
4062,1,6,1,40,2018-11-19,13.53
4063,3,6,6,42,2018-11-19,11.91
4064,5,6,6,61,2018-11-19,11.60
4065,7,6,2,62,2018-11-19,13.24
4066,9,6,6,27,2018-11-19,12.27
4067,11,6,6,55,2018-11-19,14.17
4068,13,6,2,35,2018-11-19,28.69
4069,17,6,4,39,2018-11-19,33.79
4070,19,6,6,36,2018-11-19,32.43
4071,21,6,6,41,2018-11-19,38.37
4072,23,6,3,59,2018-11-19,21.67
4073,25,6,3,40,2018-11-19,19.49
4074,27,6,6,74,2018-11-19,13.61
4075,29,6,1,43,2018-11-19,13.45
4076,31,6,1,43,2018-11-19,19.54
4077,33,6,2,48,2018-11-19,23.17
4078,35,6,3,26,2018-11-19,17.77
4079,37,6,3,38,2018-11-19,21.02
4080,39,6,5,49,2018-11-19,25.83
4081,41,6,6,67,2018-11-19,8.79
4082,43,6,6,51,2018-11-19,6.81
4083,1,7,6,32,2018-11-19,11.95
4084,3,7,1,55,2018-11-19,11.74
4085,5,7,1,67,2018-11-19,13.75
4086,7,7,6,52,2018-11-19,11.56
4087,9,7,6,36,2018-11-19,11.86
4088,11,7,2,49,2018-11-19,17.05
4089,13,7,4,50,2018-11-19,31.88
4090,15,7,2,34,2018-11-19,47.18
4091,17,7,2,26,2018-11-19,35.28
4092,21,7,2,26,2018-11-19,39.91
4093,23,7,5,62,2018-11-19,18.32
4094,25,7,3,35,2018-11-19,19.65
4095,27,7,6,66,2018-11-19,14.63
4096,29,7,1,43,2018-11-19,11.44
4097,31,7,1,38,2018-11-19,16.35
4098,33,7,4,29,2018-11-19,22.74
4099,35,7,3,61,2018-11-19,17.78
4100,37,7,3,45,2018-11-19,18.24
4101,39,7,3,36,2018-11-19,21.52
4102,41,7,4,81,2018-11-19,8.67
4103,43,7,4,67,2018-11-19,7.39
4104,1,8,1,44,2018-11-19,11.53
4105,3,8,6,52,2018-11-19,11.48
4106,5,8,1,45,2018-11-19,12.15
4107,9,8,2,52,2018-11-19,11.32
4108,11,8,6,40,2018-11-19,16.44
4109,13,8,2,27,2018-11-19,27.11
4110,15,8,2,52,2018-11-19,41.41
4111,17,8,2,54,2018-11-19,28.32
4112,19,8,6,34,2018-11-19,30.72
4113,21,8,6,27,2018-11-19,38.08
4114,23,8,3,44,2018-11-19,19.24
4115,25,8,3,50,2018-11-19,19.14
4116,27,8,1,67,2018-11-19,13.41
4117,29,8,1,57,2018-11-19,14.10
4118,31,8,6,48,2018-11-19,18.65
4119,33,8,2,55,2018-11-19,22.83
4120,35,8,3,68,2018-11-19,14.77
4121,37,8,3,35,2018-11-19,20.68
4122,39,8,5,34,2018-11-19,23.26
4123,41,8,6,71,2018-11-19,7.97
4124,43,8,6,63,2018-11-19,7.06
4125,1,9,1,32,2018-11-19,13.35
4126,3,9,1,25,2018-11-19,10.99
4127,5,9,6,35,2018-11-19,13.82
4128,7,9,2,34,2018-11-19,11.02
4129,9,9,6,69,2018-11-19,11.50
4130,11,9,6,30,2018-11-19,17.02
4131,13,9,2,36,2018-11-19,28.01
4132,17,9,2,22,2018-11-19,33.47
4133,23,9,5,36,2018-11-19,23.48
4134,27,9,6,40,2018-11-19,12.65
4135,29,9,6,31,2018-11-19,12.77
4136,31,9,6,26,2018-11-19,18.23
4137,35,9,3,46,2018-11-19,14.47
4138,37,9,3,44,2018-11-19,21.76
4139,41,9,4,46,2018-11-19,7.92
4140,43,9,4,33,2018-11-19,6.90
4141,1,10,1,54,2018-11-19,13.31
4142,3,10,1,38,2018-11-19,10.96
4143,5,10,6,27,2018-11-19,13.88
4144,9,10,6,55,2018-11-19,11.91
4145,11,10,6,41,2018-11-19,16.39
4146,13,10,2,34,2018-11-19,29.27
4147,15,10,4,34,2018-11-19,39.05
4148,19,10,6,30,2018-11-19,26.52
4149,23,10,3,74,2018-11-19,20.57
4150,25,10,5,35,2018-11-19,19.24
4151,27,10,6,65,2018-11-19,15.09
4152,29,10,1,54,2018-11-19,13.28
4153,33,10,4,45,2018-11-19,22.72
4154,35,10,3,46,2018-11-19,15.48
4155,37,10,3,36,2018-11-19,22.98
4156,39,10,5,34,2018-11-19,23.27
4157,41,10,4,38,2018-11-19,8.82
4158,43,10,6,87,2018-11-19,6.51
4159,1,11,1,61,2018-11-19,11.84
4160,3,11,1,45,2018-11-19,12.02
4161,5,11,6,54,2018-11-19,11.59
4162,7,11,6,71,2018-11-19,10.96
4163,9,11,6,46,2018-11-19,10.05
4164,11,11,2,33,2018-11-19,14.58
4165,13,11,4,25,2018-11-19,31.39
4166,17,11,4,47,2018-11-19,29.60
4167,19,11,2,26,2018-11-19,32.36
4168,21,11,6,33,2018-11-19,40.29
4169,23,11,5,26,2018-11-19,21.01
4170,25,11,5,22,2018-11-19,17.54
4171,27,11,1,79,2018-11-19,13.12
4172,29,11,1,56,2018-11-19,12.90
4173,31,11,6,54,2018-11-19,17.27
4174,33,11,2,46,2018-11-19,22.60
4175,35,11,3,28,2018-11-19,14.32
4176,39,11,5,35,2018-11-19,21.94
4177,41,11,6,60,2018-11-19,7.91
4178,43,11,4,80,2018-11-19,7.57
4179,1,12,6,61,2018-11-19,11.39
4180,3,12,1,48,2018-11-19,11.51
4181,5,12,1,31,2018-11-19,13.86
4182,7,12,6,49,2018-11-19,13.50
4183,9,12,2,39,2018-11-19,10.45
4184,11,12,6,64,2018-11-19,13.39
4185,17,12,2,36,2018-11-19,34.09
4186,21,12,6,15,2018-11-19,32.62
4187,23,12,5,27,2018-11-19,19.59
4188,27,12,1,69,2018-11-19,14.92
4189,29,12,1,59,2018-11-19,13.78
4190,31,12,1,34,2018-11-19,18.76
4191,33,12,4,29,2018-11-19,24.75
4192,35,12,3,42,2018-11-19,15.75
4193,37,12,3,38,2018-11-19,21.30
4194,41,12,4,51,2018-11-19,8.20
4195,43,12,4,44,2018-11-19,6.64
4196,2,1,6,51,2018-12-03,13.13
4197,4,1,1,46,2018-12-03,16.79
4198,6,1,1,41,2018-12-03,11.09
4199,8,1,2,45,2018-12-03,15.12
4200,10,1,6,35,2018-12-03,18.25
4201,12,1,2,29,2018-12-03,36.85
4202,14,1,4,37,2018-12-03,23.06
4203,16,1,2,30,2018-12-03,39.95
4204,18,1,6,38,2018-12-03,21.72
4205,20,1,2,34,2018-12-03,17.11
4206,22,1,6,64,2018-12-03,23.24
4207,24,1,3,32,2018-12-03,25.27
4208,26,1,5,52,2018-12-03,20.66
4209,28,1,1,60,2018-12-03,17.93
4210,30,1,6,54,2018-12-03,29.53
4211,32,1,4,28,2018-12-03,23.36
4212,34,1,4,27,2018-12-03,34.41
4213,36,1,3,42,2018-12-03,24.93
4214,38,1,5,39,2018-12-03,19.43
4215,40,1,5,44,2018-12-03,29.59
4216,42,1,4,45,2018-12-03,9.58
4217,2,2,6,37,2018-12-03,13.56
4218,4,2,6,74,2018-12-03,16.77
4219,6,2,6,100,2018-12-03,8.96
4220,8,2,2,67,2018-12-03,15.40
4221,10,2,2,51,2018-12-03,16.11
4222,12,2,2,37,2018-12-03,35.96
4223,14,2,4,27,2018-12-03,25.34
4224,16,2,4,27,2018-12-03,47.05
4225,18,2,2,61,2018-12-03,27.00
4226,20,2,2,40,2018-12-03,17.58
4227,22,2,6,42,2018-12-03,20.31
4228,24,2,3,45,2018-12-03,23.70
4229,26,2,3,61,2018-12-03,22.57
4230,28,2,6,40,2018-12-03,15.30
4231,30,2,6,35,2018-12-03,28.10
4232,32,2,2,45,2018-12-03,27.51
4233,34,2,2,26,2018-12-03,29.05
4234,36,2,3,36,2018-12-03,24.95
4235,38,2,3,26,2018-12-03,22.80
4236,40,2,3,39,2018-12-03,29.14
4237,42,2,6,51,2018-12-03,9.76
4238,4,3,1,71,2018-12-03,15.96
4239,6,3,1,46,2018-12-03,9.72
4240,8,3,2,56,2018-12-03,15.41
4241,10,3,2,38,2018-12-03,14.90
4242,16,3,2,40,2018-12-03,48.48
4243,20,3,2,47,2018-12-03,16.24
4244,22,3,2,54,2018-12-03,21.67
4245,26,3,5,34,2018-12-03,23.47
4246,28,3,1,48,2018-12-03,15.32
4247,32,3,4,48,2018-12-03,26.72
4248,36,3,3,44,2018-12-03,27.82
4249,38,3,5,31,2018-12-03,24.27
4250,40,3,5,41,2018-12-03,24.45
4251,2,4,1,44,2018-12-03,15.61
4252,4,4,6,74,2018-12-03,14.38
4253,6,4,1,44,2018-12-03,10.28
4254,12,4,2,20,2018-12-03,34.60
4255,18,4,2,30,2018-12-03,23.29
4256,22,4,6,37,2018-12-03,22.44
4257,26,4,5,26,2018-12-03,22.77
4258,28,4,1,38,2018-12-03,15.72
4259,36,4,3,42,2018-12-03,24.34
4260,38,4,3,36,2018-12-03,24.49
4261,40,4,3,31,2018-12-03,26.75
4262,42,4,4,28,2018-12-03,10.43
4263,4,5,6,38,2018-12-03,15.92
4264,8,5,6,33,2018-12-03,13.82
4265,10,5,6,30,2018-12-03,15.89
4266,12,5,2,35,2018-12-03,37.49
4267,14,5,2,21,2018-12-03,25.99
4268,22,5,2,39,2018-12-03,18.27
4269,24,5,3,23,2018-12-03,25.32
4270,30,5,1,31,2018-12-03,24.74
4271,34,5,2,30,2018-12-03,33.00
4272,38,5,3,34,2018-12-03,24.82
4273,40,5,5,37,2018-12-03,25.23
4274,42,5,6,30,2018-12-03,9.03
4275,4,6,6,55,2018-12-03,17.34
4276,6,6,6,40,2018-12-03,8.96
4277,10,6,2,30,2018-12-03,16.35
4278,14,6,2,31,2018-12-03,28.20
4279,16,6,4,36,2018-12-03,50.28
4280,20,6,2,30,2018-12-03,20.45
4281,24,6,5,37,2018-12-03,22.92
4282,30,6,1,31,2018-12-03,29.91
4283,32,6,4,37,2018-12-03,28.47
4284,36,6,3,28,2018-12-03,22.76
4285,40,6,5,46,2018-12-03,26.18
4286,42,6,4,26,2018-12-03,10.07
4287,2,7,6,35,2018-12-03,13.42
4288,4,7,6,40,2018-12-03,17.40
4289,8,7,2,24,2018-12-03,13.44
4290,12,7,2,24,2018-12-03,34.00
4291,14,7,2,34,2018-12-03,26.17
4292,16,7,2,24,2018-12-03,45.71
4293,18,7,6,38,2018-12-03,26.16
4294,20,7,2,25,2018-12-03,20.62
4295,22,7,6,34,2018-12-03,22.27
4296,24,7,5,36,2018-12-03,22.95
4297,28,7,6,38,2018-12-03,18.90
4298,30,7,6,28,2018-12-03,25.72
4299,32,7,4,26,2018-12-03,23.94
4300,34,7,2,31,2018-12-03,30.73
4301,36,7,3,34,2018-12-03,23.76
4302,38,7,3,59,2018-12-03,23.80
4303,42,7,4,37,2018-12-03,10.02
4304,2,8,1,26,2018-12-03,15.04
4305,6,8,1,46,2018-12-03,9.66
4306,8,8,6,57,2018-12-03,14.35
4307,14,8,2,33,2018-12-03,23.90
4308,22,8,6,33,2018-12-03,22.79
4309,24,8,5,33,2018-12-03,26.20
4310,26,8,5,37,2018-12-03,24.67
4311,28,8,6,36,2018-12-03,16.07
4312,32,8,4,34,2018-12-03,22.98
4313,36,8,3,34,2018-12-03,22.53
4314,42,8,6,27,2018-12-03,10.06
4315,4,9,1,24,2018-12-03,15.81
4316,6,9,1,32,2018-12-03,11.57
4317,8,9,2,25,2018-12-03,13.54
4318,10,9,6,23,2018-12-03,15.68
4319,18,9,2,60,2018-12-03,23.24
4320,22,9,2,23,2018-12-03,20.55
4321,30,9,6,40,2018-12-03,26.98
4322,32,9,2,29,2018-12-03,28.09
4323,36,9,3,35,2018-12-03,24.88
4324,40,9,5,25,2018-12-03,24.00
4325,42,9,6,42,2018-12-03,8.83
4326,4,10,1,25,2018-12-03,17.40
4327,6,10,1,31,2018-12-03,10.51
4328,8,10,2,31,2018-12-03,13.05
4329,20,10,6,26,2018-12-03,16.48
4330,22,10,2,25,2018-12-03,20.33
4331,26,10,3,24,2018-12-03,23.17
4332,28,10,1,37,2018-12-03,16.64
4333,30,10,1,24,2018-12-03,26.55
4334,34,10,2,25,2018-12-03,34.06
4335,36,10,3,26,2018-12-03,22.37
4336,38,10,3,26,2018-12-03,20.76
4337,42,10,4,29,2018-12-03,9.97
4338,4,11,1,40,2018-12-03,16.93
4339,6,11,6,24,2018-12-03,11.42
4340,8,11,6,32,2018-12-03,14.98
4341,14,11,2,25,2018-12-03,28.48
4342,20,11,6,32,2018-12-03,19.20
4343,22,11,6,27,2018-12-03,20.14
4344,24,11,5,34,2018-12-03,21.71
4345,30,11,6,26,2018-12-03,26.14
4346,32,11,2,54,2018-12-03,26.01
4347,34,11,2,32,2018-12-03,31.36
4348,36,11,3,42,2018-12-03,24.60
4349,40,11,3,24,2018-12-03,29.01
4350,42,11,4,29,2018-12-03,10.65
4351,6,12,6,59,2018-12-03,9.70
4352,20,12,6,27,2018-12-03,16.44
4353,24,12,3,35,2018-12-03,22.74
4354,26,12,3,41,2018-12-03,20.62
4355,28,12,1,30,2018-12-03,17.09
4356,30,12,1,27,2018-12-03,29.43
4357,32,12,2,35,2018-12-03,28.24
4358,36,12,3,24,2018-12-03,23.40
4359,40,12,3,35,2018-12-03,23.80
4360,42,12,6,29,2018-12-03,9.33
4361,1,1,1,81,2018-12-17,12.00
4362,3,1,6,61,2018-12-17,9.59
4363,5,1,1,36,2018-12-17,12.98
4364,7,1,6,64,2018-12-17,11.55
4365,9,1,2,67,2018-12-17,11.50
4366,11,1,2,63,2018-12-17,14.04
4367,17,1,2,31,2018-12-17,33.28
4368,19,1,6,62,2018-12-17,30.30
4369,21,1,2,33,2018-12-17,37.13
4370,23,1,5,60,2018-12-17,18.67
4371,25,1,5,30,2018-12-17,18.22
4372,27,1,1,89,2018-12-17,15.77
4373,29,1,6,32,2018-12-17,11.28
4374,31,1,1,25,2018-12-17,19.19
4375,33,1,2,73,2018-12-17,24.87
4376,35,1,3,22,2018-12-17,14.16
4377,37,1,3,55,2018-12-17,21.14
4378,41,1,6,102,2018-12-17,8.82
4379,43,1,4,86,2018-12-17,7.61
4380,1,2,6,71,2018-12-17,12.25
4381,3,2,6,51,2018-12-17,11.08
4382,5,2,6,73,2018-12-17,14.53
4383,7,2,2,52,2018-12-17,10.93
4384,9,2,2,59,2018-12-17,10.42
4385,11,2,2,75,2018-12-17,14.27
4386,13,2,4,45,2018-12-17,30.97
4387,17,2,2,29,2018-12-17,34.45
4388,19,2,2,25,2018-12-17,31.61
4389,21,2,6,37,2018-12-17,33.98
4390,23,2,3,48,2018-12-17,21.03
4391,25,2,3,39,2018-12-17,20.17
4392,27,2,1,89,2018-12-17,14.90
4393,29,2,6,67,2018-12-17,12.13
4394,31,2,1,47,2018-12-17,16.89
4395,33,2,4,70,2018-12-17,21.54
4396,35,2,3,46,2018-12-17,17.90
4397,39,2,3,44,2018-12-17,20.74
4398,41,2,4,78,2018-12-17,7.91
4399,43,2,4,70,2018-12-17,7.05
4400,1,3,1,51,2018-12-17,13.38
4401,3,3,6,23,2018-12-17,10.38
4402,5,3,1,26,2018-12-17,13.85
4403,7,3,6,37,2018-12-17,10.89
4404,9,3,6,56,2018-12-17,11.83
4405,11,3,6,44,2018-12-17,15.68
4406,13,3,4,33,2018-12-17,27.17
4407,15,3,2,36,2018-12-17,46.25
4408,17,3,2,35,2018-12-17,34.79
4409,19,3,6,22,2018-12-17,30.47
4410,21,3,2,56,2018-12-17,34.33
4411,23,3,5,53,2018-12-17,19.75
4412,25,3,5,42,2018-12-17,19.88
4413,27,3,6,75,2018-12-17,15.18
4414,29,3,1,54,2018-12-17,12.90
4415,35,3,3,33,2018-12-17,15.18
4416,39,3,5,40,2018-12-17,25.19
4417,41,3,4,56,2018-12-17,8.14
4418,43,3,6,80,2018-12-17,7.40
4419,1,4,6,37,2018-12-17,10.78
4420,3,4,1,43,2018-12-17,11.19
4421,11,4,6,46,2018-12-17,14.20
4422,13,4,2,37,2018-12-17,26.09
4423,17,4,4,23,2018-12-17,30.54
4424,19,4,6,33,2018-12-17,32.22
4425,23,4,5,26,2018-12-17,21.56
4426,25,4,5,27,2018-12-17,18.56
4427,27,4,6,59,2018-12-17,15.96
4428,29,4,1,28,2018-12-17,12.82
4429,31,4,1,22,2018-12-17,18.08
4430,33,4,4,33,2018-12-17,23.20
4431,35,4,3,37,2018-12-17,16.54
4432,39,4,5,27,2018-12-17,22.61
4433,43,4,6,66,2018-12-17,7.16
4434,1,5,1,35,2018-12-17,12.51
4435,3,5,1,49,2018-12-17,10.17
4436,5,5,6,38,2018-12-17,15.02
4437,7,5,2,36,2018-12-17,12.35
4438,15,5,2,19,2018-12-17,45.95
4439,17,5,4,38,2018-12-17,31.54
4440,21,5,2,19,2018-12-17,32.97
4441,23,5,3,24,2018-12-17,22.38
4442,25,5,5,39,2018-12-17,19.23
4443,27,5,1,27,2018-12-17,16.15
4444,31,5,1,31,2018-12-17,16.92
4445,33,5,4,37,2018-12-17,19.82
4446,37,5,3,44,2018-12-17,21.54
4447,39,5,3,33,2018-12-17,24.18
4448,41,5,4,53,2018-12-17,7.96
4449,43,5,4,29,2018-12-17,6.88
4450,1,6,1,44,2018-12-17,12.85
4451,3,6,6,65,2018-12-17,11.31
4452,5,6,1,32,2018-12-17,12.67
4453,7,6,6,32,2018-12-17,10.67
4454,9,6,6,38,2018-12-17,10.71
4455,11,6,2,64,2018-12-17,16.85
4456,13,6,4,25,2018-12-17,28.26
4457,15,6,4,63,2018-12-17,39.33
4458,19,6,2,36,2018-12-17,31.18
4459,23,6,5,42,2018-12-17,18.62
4460,25,6,5,41,2018-12-17,19.27
4461,27,6,1,46,2018-12-17,12.64
4462,29,6,1,28,2018-12-17,12.90
4463,31,6,6,33,2018-12-17,17.53
4464,33,6,4,43,2018-12-17,24.69
4465,35,6,3,42,2018-12-17,14.17
4466,41,6,4,51,2018-12-17,7.40
4467,43,6,6,47,2018-12-17,7.22
4468,1,7,1,30,2018-12-17,11.25
4469,3,7,1,31,2018-12-17,9.78
4470,5,7,1,48,2018-12-17,13.43
4471,9,7,6,27,2018-12-17,12.03
4472,11,7,2,35,2018-12-17,15.80
4473,15,7,4,33,2018-12-17,41.64
4474,19,7,6,50,2018-12-17,27.49
4475,21,7,6,39,2018-12-17,33.18
4476,25,7,5,32,2018-12-17,19.86
4477,27,7,6,52,2018-12-17,16.11
4478,29,7,1,49,2018-12-17,12.11
4479,31,7,6,26,2018-12-17,15.88
4480,33,7,2,47,2018-12-17,20.84
4481,39,7,5,46,2018-12-17,24.15
4482,41,7,6,45,2018-12-17,8.26
4483,43,7,4,59,2018-12-17,5.97
4484,1,8,1,28,2018-12-17,11.35
4485,3,8,6,47,2018-12-17,11.78
4486,5,8,6,35,2018-12-17,13.89
4487,7,8,6,31,2018-12-17,11.64
4488,9,8,2,45,2018-12-17,12.81
4489,11,8,6,27,2018-12-17,16.12
4490,13,8,4,26,2018-12-17,25.46
4491,17,8,4,25,2018-12-17,33.64
4492,21,8,2,39,2018-12-17,38.73
4493,23,8,5,38,2018-12-17,21.25
4494,25,8,5,28,2018-12-17,16.99
4495,27,8,6,71,2018-12-17,16.29
4496,29,8,1,46,2018-12-17,12.35
4497,33,8,4,30,2018-12-17,21.29
4498,37,8,3,24,2018-12-17,23.24
4499,39,8,5,41,2018-12-17,25.74
4500,41,8,6,40,2018-12-17,7.27
4501,43,8,6,62,2018-12-17,7.08
4502,1,9,6,24,2018-12-17,12.76
4503,3,9,6,38,2018-12-17,10.44
4504,11,9,2,37,2018-12-17,15.46
4505,15,9,2,53,2018-12-17,45.64
4506,19,9,6,28,2018-12-17,27.82
4507,21,9,2,32,2018-12-17,39.19
4508,25,9,5,42,2018-12-17,18.73
4509,27,9,6,31,2018-12-17,16.27
4510,29,9,6,33,2018-12-17,13.04
4511,33,9,4,36,2018-12-17,20.47
4512,39,9,3,21,2018-12-17,22.01
4513,41,9,4,28,2018-12-17,7.38
4514,43,9,6,47,2018-12-17,7.25
4515,1,10,1,40,2018-12-17,11.89
4516,3,10,1,30,2018-12-17,12.01
4517,5,10,1,38,2018-12-17,14.52
4518,7,10,6,71,2018-12-17,13.06
4519,9,10,6,22,2018-12-17,10.26
4520,13,10,4,30,2018-12-17,25.25
4521,15,10,2,26,2018-12-17,39.05
4522,17,10,4,45,2018-12-17,36.53
4523,21,10,2,30,2018-12-17,36.51
4524,23,10,3,52,2018-12-17,18.81
4525,27,10,6,49,2018-12-17,16.18
4526,29,10,6,35,2018-12-17,14.36
4527,31,10,1,28,2018-12-17,16.71
4528,35,10,3,23,2018-12-17,15.86
4529,37,10,3,27,2018-12-17,21.39
4530,41,10,4,61,2018-12-17,9.33
4531,43,10,4,46,2018-12-17,6.71
4532,1,11,1,29,2018-12-17,12.69
4533,3,11,1,27,2018-12-17,12.29
4534,5,11,1,24,2018-12-17,13.15
4535,11,11,6,35,2018-12-17,15.74
4536,13,11,2,26,2018-12-17,29.08
4537,15,11,4,48,2018-12-17,41.62
4538,17,11,2,35,2018-12-17,32.23
4539,21,11,2,27,2018-12-17,39.66
4540,23,11,3,35,2018-12-17,21.38
4541,27,11,1,51,2018-12-17,13.41
4542,29,11,6,30,2018-12-17,11.98
4543,31,11,6,26,2018-12-17,17.26
4544,33,11,2,30,2018-12-17,21.60
4545,37,11,3,44,2018-12-17,21.69
4546,41,11,6,53,2018-12-17,8.60
4547,43,11,6,61,2018-12-17,7.54
4548,9,12,6,24,2018-12-17,10.15
4549,13,12,4,32,2018-12-17,25.08
4550,15,12,4,50,2018-12-17,47.10
4551,17,12,4,23,2018-12-17,31.28
4552,19,12,2,24,2018-12-17,30.92
4553,25,12,5,46,2018-12-17,18.68
4554,29,12,6,26,2018-12-17,14.17
4555,33,12,4,27,2018-12-17,21.49
4556,37,12,3,27,2018-12-17,19.12
4557,39,12,3,36,2018-12-17,24.22
4558,41,12,4,47,2018-12-17,8.57
4559,43,12,4,42,2018-12-17,7.65
4560,2,1,1,50,2019-01-03,14.20
4561,4,1,1,76,2019-01-03,15.46
4562,6,1,1,112,2019-01-03,11.49
4563,8,1,2,74,2019-01-03,16.11
4564,10,1,6,70,2019-01-03,15.06
4565,12,1,2,31,2019-01-03,34.18
4566,14,1,2,34,2019-01-03,29.03
4567,16,1,2,55,2019-01-03,45.43
4568,18,1,2,68,2019-01-03,27.56
4569,20,1,2,67,2019-01-03,17.83
4570,22,1,2,60,2019-01-03,23.31
4571,24,1,3,66,2019-01-03,21.73
4572,26,1,3,45,2019-01-03,23.24
4573,28,1,1,77,2019-01-03,15.06
4574,30,1,1,62,2019-01-03,24.64
4575,32,1,4,99,2019-01-03,24.70
4576,34,1,2,59,2019-01-03,35.54
4577,36,1,3,53,2019-01-03,24.94
4578,38,1,3,30,2019-01-03,23.13
4579,40,1,5,44,2019-01-03,30.32
4580,42,1,6,65,2019-01-03,9.09
4581,2,2,6,64,2019-01-03,12.82
4582,4,2,1,91,2019-01-03,15.54
4583,6,2,6,54,2019-01-03,9.75
4584,8,2,6,75,2019-01-03,12.84
4585,10,2,2,64,2019-01-03,14.94
4586,12,2,4,35,2019-01-03,29.91
4587,14,2,4,27,2019-01-03,24.64
4588,16,2,4,81,2019-01-03,40.19
4589,18,2,2,91,2019-01-03,24.33
4590,20,2,2,50,2019-01-03,19.31
4591,22,2,2,64,2019-01-03,19.60
4592,24,2,3,52,2019-01-03,25.25
4593,26,2,3,54,2019-01-03,22.22
4594,28,2,1,80,2019-01-03,17.75
4595,30,2,1,49,2019-01-03,27.21
4596,32,2,2,54,2019-01-03,28.66
4597,34,2,4,35,2019-01-03,34.63
4598,36,2,3,39,2019-01-03,22.50
4599,38,2,5,60,2019-01-03,21.12
4600,40,2,3,55,2019-01-03,30.86
4601,42,2,4,80,2019-01-03,9.92
4602,2,3,6,51,2019-01-03,12.54
4603,4,3,1,71,2019-01-03,17.93
4604,6,3,6,39,2019-01-03,9.41
4605,8,3,2,50,2019-01-03,15.01
4606,10,3,2,27,2019-01-03,18.65
4607,12,3,2,47,2019-01-03,36.30
4608,14,3,4,60,2019-01-03,24.67
4609,16,3,2,53,2019-01-03,49.63
4610,18,3,2,53,2019-01-03,24.82
4611,20,3,2,37,2019-01-03,17.99
4612,22,3,6,64,2019-01-03,19.25
4613,24,3,3,29,2019-01-03,23.03
4614,26,3,5,45,2019-01-03,23.75
4615,28,3,1,33,2019-01-03,17.16
4616,30,3,6,62,2019-01-03,24.67
4617,32,3,2,61,2019-01-03,27.49
4618,34,3,2,47,2019-01-03,34.72
4619,36,3,3,28,2019-01-03,26.49
4620,38,3,3,31,2019-01-03,23.30
4621,40,3,5,33,2019-01-03,24.23
4622,42,3,4,75,2019-01-03,8.35
4623,2,4,6,48,2019-01-03,13.32
4624,4,4,1,34,2019-01-03,17.59
4625,8,4,2,51,2019-01-03,14.42
4626,10,4,2,43,2019-01-03,18.05
4627,14,4,4,29,2019-01-03,23.32
4628,16,4,4,32,2019-01-03,42.60
4629,18,4,6,36,2019-01-03,24.80
4630,20,4,2,36,2019-01-03,16.33
4631,24,4,3,46,2019-01-03,22.69
4632,28,4,1,35,2019-01-03,17.75
4633,30,4,6,42,2019-01-03,29.61
4634,32,4,2,37,2019-01-03,28.99
4635,34,4,2,36,2019-01-03,28.86
4636,40,4,3,24,2019-01-03,26.86
4637,42,4,6,39,2019-01-03,9.63
4638,2,5,1,44,2019-01-03,16.07
4639,6,5,1,37,2019-01-03,11.56
4640,8,5,6,24,2019-01-03,14.62
4641,10,5,2,39,2019-01-03,15.63
4642,16,5,2,34,2019-01-03,40.66
4643,18,5,6,41,2019-01-03,24.92
4644,20,5,6,33,2019-01-03,18.22
4645,22,5,6,48,2019-01-03,20.91
4646,24,5,5,32,2019-01-03,22.08
4647,26,5,3,25,2019-01-03,19.43
4648,28,5,6,33,2019-01-03,16.90
4649,32,5,4,53,2019-01-03,27.65
4650,34,5,2,24,2019-01-03,33.52
4651,36,5,3,50,2019-01-03,25.01
4652,2,6,1,34,2019-01-03,14.65
4653,4,6,1,46,2019-01-03,16.94
4654,6,6,1,58,2019-01-03,9.93
4655,8,6,2,49,2019-01-03,15.97
4656,10,6,6,38,2019-01-03,17.73
4657,12,6,4,35,2019-01-03,34.85
4658,14,6,4,49,2019-01-03,26.59
4659,16,6,4,28,2019-01-03,41.54
4660,18,6,2,59,2019-01-03,22.33
4661,20,6,2,67,2019-01-03,19.60
4662,22,6,6,72,2019-01-03,20.06
4663,24,6,5,30,2019-01-03,22.87
4664,26,6,3,58,2019-01-03,24.86
4665,28,6,6,64,2019-01-03,15.10
4666,30,6,6,49,2019-01-03,25.77
4667,32,6,4,50,2019-01-03,22.45
4668,34,6,2,52,2019-01-03,35.75
4669,36,6,3,45,2019-01-03,25.28
4670,38,6,3,55,2019-01-03,24.46
4671,40,6,5,40,2019-01-03,27.47
4672,42,6,4,39,2019-01-03,9.37
4673,4,7,6,38,2019-01-03,15.87
4674,6,7,1,71,2019-01-03,10.96
4675,8,7,6,31,2019-01-03,13.90
4676,10,7,6,46,2019-01-03,15.88
4677,12,7,4,28,2019-01-03,30.43
4678,14,7,4,24,2019-01-03,24.87
4679,16,7,4,31,2019-01-03,43.30
4680,20,7,6,26,2019-01-03,20.18
4681,22,7,6,30,2019-01-03,21.84
4682,26,7,5,69,2019-01-03,22.83
4683,30,7,1,30,2019-01-03,26.23
4684,32,7,2,34,2019-01-03,23.52
4685,34,7,2,24,2019-01-03,34.00
4686,36,7,3,33,2019-01-03,21.88
4687,40,7,3,45,2019-01-03,30.61
4688,42,7,6,48,2019-01-03,10.41
4689,2,8,1,64,2019-01-03,15.16
4690,4,8,1,63,2019-01-03,13.95
4691,6,8,6,54,2019-01-03,10.08
4692,8,8,2,36,2019-01-03,13.40
4693,10,8,2,45,2019-01-03,19.16
4694,12,8,2,31,2019-01-03,35.60
4695,16,8,4,58,2019-01-03,46.22
4696,18,8,2,65,2019-01-03,26.80
4697,20,8,2,60,2019-01-03,16.31
4698,22,8,2,36,2019-01-03,23.30
4699,28,8,1,49,2019-01-03,17.66
4700,30,8,1,55,2019-01-03,29.29
4701,32,8,2,47,2019-01-03,23.45
4702,34,8,2,45,2019-01-03,34.95
4703,36,8,3,36,2019-01-03,24.80
4704,38,8,3,42,2019-01-03,22.44
4705,40,8,5,79,2019-01-03,30.22
4706,42,8,6,40,2019-01-03,9.64
4707,2,9,6,48,2019-01-03,13.79
4708,4,9,6,25,2019-01-03,17.60
4709,6,9,6,37,2019-01-03,9.10
4710,12,9,2,66,2019-01-03,36.44
4711,14,9,4,26,2019-01-03,28.52
4712,16,9,2,38,2019-01-03,43.74
4713,18,9,2,30,2019-01-03,23.91
4714,20,9,6,50,2019-01-03,16.41
4715,22,9,2,25,2019-01-03,22.32
4716,24,9,5,24,2019-01-03,25.71
4717,26,9,3,56,2019-01-03,21.22
4718,28,9,1,28,2019-01-03,18.42
4719,32,9,4,34,2019-01-03,28.61
4720,34,9,4,22,2019-01-03,28.22
4721,36,9,3,26,2019-01-03,22.52
4722,38,9,5,19,2019-01-03,24.89
4723,40,9,3,26,2019-01-03,27.37
4724,42,9,6,27,2019-01-03,8.38
4725,2,10,1,63,2019-01-03,15.37
4726,4,10,6,26,2019-01-03,17.07
4727,6,10,6,32,2019-01-03,9.99
4728,8,10,6,40,2019-01-03,12.58
4729,10,10,6,34,2019-01-03,18.90
4730,12,10,2,31,2019-01-03,30.72
4731,14,10,4,25,2019-01-03,27.60
4732,16,10,4,53,2019-01-03,43.16
4733,18,10,6,39,2019-01-03,27.21
4734,24,10,3,41,2019-01-03,26.07
4735,26,10,5,43,2019-01-03,23.07
4736,28,10,1,58,2019-01-03,18.65
4737,30,10,6,32,2019-01-03,24.27
4738,32,10,2,53,2019-01-03,27.95
4739,36,10,3,38,2019-01-03,26.83
4740,38,10,5,34,2019-01-03,22.87
4741,40,10,5,54,2019-01-03,27.79
4742,42,10,6,30,2019-01-03,8.61
4743,2,11,6,39,2019-01-03,15.33
4744,4,11,1,38,2019-01-03,13.89
4745,6,11,1,52,2019-01-03,11.27
4746,10,11,6,59,2019-01-03,15.03
4747,12,11,2,25,2019-01-03,35.50
4748,16,11,4,48,2019-01-03,50.12
4749,18,11,6,48,2019-01-03,24.59
4750,20,11,6,22,2019-01-03,17.61
4751,26,11,3,59,2019-01-03,19.72
4752,28,11,1,81,2019-01-03,17.79
4753,34,11,4,23,2019-01-03,30.26
4754,36,11,3,38,2019-01-03,26.33
4755,38,11,3,21,2019-01-03,23.02
4756,42,11,6,59,2019-01-03,10.66
4757,2,12,1,37,2019-01-03,16.25
4758,4,12,6,72,2019-01-03,14.00
4759,8,12,2,47,2019-01-03,13.73
4760,10,12,6,63,2019-01-03,15.10
4761,12,12,4,31,2019-01-03,36.58
4762,14,12,2,39,2019-01-03,24.29
4763,16,12,4,39,2019-01-03,49.16
4764,18,12,2,45,2019-01-03,27.58
4765,22,12,2,63,2019-01-03,22.55
4766,26,12,5,59,2019-01-03,22.95
4767,28,12,6,28,2019-01-03,15.90
4768,30,12,6,34,2019-01-03,27.16
4769,32,12,2,28,2019-01-03,24.56
4770,34,12,2,21,2019-01-03,33.05
4771,38,12,3,58,2019-01-03,22.29
4772,42,12,6,36,2019-01-03,9.89
4773,1,1,6,47,2019-01-17,12.30
4774,3,1,1,58,2019-01-17,10.37
4775,5,1,1,52,2019-01-17,14.19
4776,7,1,2,50,2019-01-17,12.55
4777,9,1,6,73,2019-01-17,10.77
4778,11,1,2,72,2019-01-17,13.29
4779,13,1,2,59,2019-01-17,25.67
4780,15,1,2,64,2019-01-17,42.67
4781,17,1,2,42,2019-01-17,36.00
4782,19,1,6,52,2019-01-17,26.34
4783,23,1,5,63,2019-01-17,19.90
4784,25,1,5,50,2019-01-17,18.76
4785,27,1,1,60,2019-01-17,13.60
4786,29,1,1,42,2019-01-17,13.36
4787,31,1,1,21,2019-01-17,16.24
4788,33,1,4,44,2019-01-17,23.70
4789,35,1,3,43,2019-01-17,17.41
4790,37,1,3,48,2019-01-17,22.78
4791,39,1,5,67,2019-01-17,22.00
4792,41,1,6,72,2019-01-17,9.03
4793,43,1,6,107,2019-01-17,7.68
4794,1,2,1,61,2019-01-17,10.61
4795,3,2,1,81,2019-01-17,10.64
4796,5,2,1,47,2019-01-17,13.60
4797,7,2,2,34,2019-01-17,12.71
4798,9,2,6,78,2019-01-17,11.63
4799,11,2,2,72,2019-01-17,13.73
4800,13,2,2,55,2019-01-17,25.89
4801,15,2,2,54,2019-01-17,46.14
4802,17,2,4,42,2019-01-17,28.16
4803,19,2,6,34,2019-01-17,28.22
4804,21,2,2,47,2019-01-17,32.37
4805,23,2,3,78,2019-01-17,18.21
4806,25,2,3,38,2019-01-17,18.95
4807,27,2,6,64,2019-01-17,15.81
4808,29,2,1,101,2019-01-17,12.15
4809,31,2,6,74,2019-01-17,17.02
4810,33,2,2,55,2019-01-17,19.87
4811,35,2,3,44,2019-01-17,14.67
4812,37,2,3,54,2019-01-17,18.36
4813,39,2,3,56,2019-01-17,20.80
4814,41,2,4,134,2019-01-17,8.93
4815,43,2,6,93,2019-01-17,6.54
4816,1,3,6,53,2019-01-17,11.95
4817,3,3,1,48,2019-01-17,10.61
4818,5,3,6,53,2019-01-17,14.86
4819,7,3,6,44,2019-01-17,11.15
4820,9,3,6,38,2019-01-17,10.81
4821,11,3,2,94,2019-01-17,16.52
4822,15,3,4,32,2019-01-17,43.71
4823,17,3,2,57,2019-01-17,33.00
4824,19,3,2,30,2019-01-17,26.16
4825,21,3,6,32,2019-01-17,37.61
4826,23,3,5,67,2019-01-17,20.28
4827,25,3,3,33,2019-01-17,16.20
4828,27,3,6,64,2019-01-17,16.30
4829,29,3,6,50,2019-01-17,11.48
4830,31,3,1,54,2019-01-17,15.94
4831,33,3,2,44,2019-01-17,22.33
4832,35,3,3,65,2019-01-17,16.13
4833,37,3,3,63,2019-01-17,21.19
4834,39,3,5,25,2019-01-17,25.51
4835,41,3,4,68,2019-01-17,7.93
4836,43,3,6,65,2019-01-17,7.46
4837,1,4,6,45,2019-01-17,11.64
4838,5,4,1,48,2019-01-17,14.28
4839,7,4,6,48,2019-01-17,13.13
4840,9,4,2,64,2019-01-17,11.96
4841,11,4,2,60,2019-01-17,17.19
4842,13,4,2,26,2019-01-17,26.63
4843,15,4,4,36,2019-01-17,39.17
4844,21,4,2,38,2019-01-17,34.09
4845,23,4,5,46,2019-01-17,19.96
4846,25,4,5,30,2019-01-17,19.65
4847,27,4,6,54,2019-01-17,15.75
4848,31,4,6,29,2019-01-17,16.71
4849,33,4,4,29,2019-01-17,23.59
4850,37,4,3,22,2019-01-17,19.33
4851,39,4,5,32,2019-01-17,25.84
4852,41,4,6,60,2019-01-17,8.08
4853,43,4,6,27,2019-01-17,7.22
4854,1,5,1,21,2019-01-17,11.39
4855,3,5,6,30,2019-01-17,9.95
4856,7,5,2,26,2019-01-17,11.74
4857,9,5,2,35,2019-01-17,12.27
4858,11,5,6,54,2019-01-17,14.85
4859,13,5,4,17,2019-01-17,28.19
4860,19,5,6,32,2019-01-17,27.94
4861,27,5,6,29,2019-01-17,14.78
4862,29,5,6,47,2019-01-17,13.94
4863,31,5,1,32,2019-01-17,19.93
4864,35,5,3,24,2019-01-17,14.35
4865,41,5,6,26,2019-01-17,9.34
4866,43,5,4,47,2019-01-17,7.57
4867,1,6,1,50,2019-01-17,13.22
4868,3,6,6,46,2019-01-17,12.04
4869,5,6,6,25,2019-01-17,14.29
4870,7,6,6,38,2019-01-17,13.34
4871,9,6,6,48,2019-01-17,12.55
4872,11,6,2,56,2019-01-17,16.71
4873,15,6,4,43,2019-01-17,47.27
4874,17,6,4,33,2019-01-17,30.08
4875,21,6,2,56,2019-01-17,36.00
4876,23,6,5,42,2019-01-17,18.33
4877,25,6,5,25,2019-01-17,18.30
4878,27,6,6,32,2019-01-17,14.48
4879,29,6,1,36,2019-01-17,12.37
4880,31,6,6,35,2019-01-17,16.38
4881,33,6,4,31,2019-01-17,24.62
4882,35,6,3,37,2019-01-17,16.48
4883,37,6,3,48,2019-01-17,19.24
4884,39,6,5,46,2019-01-17,25.88
4885,41,6,6,30,2019-01-17,7.71
4886,43,6,4,52,2019-01-17,6.11
4887,1,7,6,29,2019-01-17,12.48
4888,3,7,6,33,2019-01-17,12.33
4889,5,7,6,37,2019-01-17,14.66
4890,7,7,2,38,2019-01-17,12.80
4891,9,7,2,36,2019-01-17,11.52
4892,11,7,6,36,2019-01-17,16.63
4893,13,7,4,31,2019-01-17,31.16
4894,15,7,4,29,2019-01-17,43.07
4895,17,7,4,43,2019-01-17,29.95
4896,21,7,2,26,2019-01-17,39.34
4897,23,7,5,34,2019-01-17,20.02
4898,27,7,6,46,2019-01-17,13.19
4899,33,7,4,26,2019-01-17,20.80
4900,35,7,3,51,2019-01-17,16.60
4901,37,7,3,36,2019-01-17,22.67
4902,39,7,5,30,2019-01-17,22.78
4903,41,7,6,44,2019-01-17,7.49
4904,43,7,6,45,2019-01-17,7.70
4905,1,8,6,34,2019-01-17,12.82
4906,3,8,6,30,2019-01-17,10.80
4907,5,8,6,51,2019-01-17,12.00
4908,7,8,6,42,2019-01-17,10.60
4909,9,8,2,36,2019-01-17,12.06
4910,11,8,6,42,2019-01-17,16.07
4911,15,8,2,26,2019-01-17,36.64
4912,19,8,6,60,2019-01-17,29.95
4913,23,8,5,36,2019-01-17,22.53
4914,25,8,5,37,2019-01-17,20.04
4915,27,8,6,53,2019-01-17,14.92
4916,29,8,1,64,2019-01-17,12.99
4917,31,8,1,45,2019-01-17,19.37
4918,33,8,4,36,2019-01-17,21.02
4919,35,8,3,66,2019-01-17,15.30
4920,39,8,5,31,2019-01-17,22.27
4921,41,8,4,56,2019-01-17,7.47
4922,43,8,4,59,2019-01-17,6.93
4923,1,9,1,29,2019-01-17,11.27
4924,3,9,1,47,2019-01-17,10.02
4925,5,9,1,35,2019-01-17,11.56
4926,7,9,6,39,2019-01-17,13.71
4927,9,9,6,51,2019-01-17,11.04
4928,11,9,6,41,2019-01-17,14.74
4929,13,9,2,23,2019-01-17,27.93
4930,17,9,4,35,2019-01-17,35.18
4931,23,9,5,43,2019-01-17,20.97
4932,27,9,1,34,2019-01-17,13.34
4933,29,9,1,27,2019-01-17,14.11
4934,31,9,6,48,2019-01-17,17.74
4935,35,9,3,37,2019-01-17,18.03
4936,37,9,3,41,2019-01-17,19.75
4937,39,9,5,34,2019-01-17,21.92
4938,41,9,6,32,2019-01-17,7.89
4939,43,9,4,27,2019-01-17,7.14
4940,1,10,1,28,2019-01-17,11.80
4941,3,10,1,35,2019-01-17,10.58
4942,5,10,1,41,2019-01-17,14.93
4943,9,10,2,32,2019-01-17,12.25
4944,11,10,6,42,2019-01-17,16.01
4945,13,10,2,32,2019-01-17,24.77
4946,19,10,6,48,2019-01-17,28.92
4947,23,10,3,31,2019-01-17,23.48
4948,25,10,3,50,2019-01-17,19.18
4949,27,10,6,47,2019-01-17,15.79
4950,29,10,1,43,2019-01-17,14.20
4951,33,10,2,46,2019-01-17,23.36
4952,37,10,3,49,2019-01-17,19.03
4953,39,10,5,31,2019-01-17,24.08
4954,41,10,4,47,2019-01-17,8.26
4955,43,10,4,72,2019-01-17,7.07
4956,1,11,1,47,2019-01-17,12.75
4957,3,11,6,60,2019-01-17,10.09
4958,7,11,2,37,2019-01-17,10.72
4959,9,11,6,62,2019-01-17,12.19
4960,11,11,6,33,2019-01-17,14.05
4961,13,11,4,32,2019-01-17,25.33
4962,19,11,2,44,2019-01-17,31.85
4963,25,11,5,27,2019-01-17,15.93
4964,27,11,1,33,2019-01-17,14.84
4965,29,11,6,50,2019-01-17,12.90
4966,35,11,3,40,2019-01-17,15.93
4967,39,11,5,36,2019-01-17,26.50
4968,41,11,6,38,2019-01-17,8.02
4969,43,11,4,69,2019-01-17,6.40
4970,1,12,6,34,2019-01-17,10.72
4971,3,12,1,57,2019-01-17,10.18
4972,5,12,6,40,2019-01-17,14.42
4973,7,12,2,40,2019-01-17,10.86
4974,9,12,6,43,2019-01-17,11.40
4975,11,12,2,48,2019-01-17,17.03
4976,19,12,6,27,2019-01-17,26.88
4977,21,12,2,32,2019-01-17,36.89
4978,23,12,3,76,2019-01-17,19.15
4979,27,12,6,46,2019-01-17,14.59
4980,29,12,1,22,2019-01-17,11.51
4981,31,12,6,28,2019-01-17,18.66
4982,33,12,4,29,2019-01-17,21.39
4983,35,12,3,15,2019-01-17,16.38
4984,41,12,6,46,2019-01-17,7.77
4985,43,12,6,50,2019-01-17,7.02
4986,2,1,6,48,2019-02-04,16.27
4987,4,1,6,48,2019-02-04,17.74
4988,6,1,6,79,2019-02-04,10.56
4989,8,1,2,66,2019-02-04,15.57
4990,10,1,2,50,2019-02-04,18.08
4991,12,1,4,55,2019-02-04,37.52
4992,14,1,2,32,2019-02-04,27.47
4993,16,1,4,43,2019-02-04,49.70
4994,18,1,6,43,2019-02-04,26.94
4995,20,1,6,49,2019-02-04,18.63
4996,22,1,2,72,2019-02-04,23.31
4997,24,1,3,45,2019-02-04,25.61
4998,26,1,5,75,2019-02-04,19.33
4999,28,1,6,70,2019-02-04,18.20
5000,30,1,6,61,2019-02-04,26.44
5001,32,1,4,74,2019-02-04,27.11
5002,34,1,2,36,2019-02-04,36.33
5003,36,1,3,55,2019-02-04,24.27
5004,38,1,3,45,2019-02-04,24.29
5005,40,1,3,51,2019-02-04,25.43
5006,42,1,4,41,2019-02-04,9.29
5007,2,2,1,58,2019-02-04,12.92
5008,4,2,1,111,2019-02-04,16.63
5009,6,2,6,75,2019-02-04,10.80
5010,8,2,2,74,2019-02-04,15.76
5011,10,2,2,55,2019-02-04,19.06
5012,12,2,4,51,2019-02-04,37.65
5013,14,2,4,45,2019-02-04,26.35
5014,16,2,2,76,2019-02-04,41.36
5015,18,2,2,61,2019-02-04,21.54
5016,20,2,2,60,2019-02-04,18.93
5017,22,2,2,106,2019-02-04,19.85
5018,24,2,5,43,2019-02-04,22.79
5019,26,2,5,61,2019-02-04,20.73
5020,28,2,6,65,2019-02-04,17.15
5021,30,2,1,32,2019-02-04,24.60
5022,32,2,4,92,2019-02-04,28.05
5023,34,2,4,68,2019-02-04,33.19
5024,36,2,3,75,2019-02-04,27.24
5025,38,2,5,48,2019-02-04,21.33
5026,40,2,5,88,2019-02-04,23.88
5027,42,2,6,104,2019-02-04,9.43
5028,4,3,6,65,2019-02-04,16.68
5029,6,3,1,44,2019-02-04,9.92
5030,8,3,6,73,2019-02-04,14.21
5031,10,3,6,52,2019-02-04,14.98
5032,12,3,2,34,2019-02-04,37.84
5033,14,3,2,34,2019-02-04,23.07
5034,16,3,4,30,2019-02-04,51.08
5035,18,3,6,25,2019-02-04,24.47
5036,20,3,2,46,2019-02-04,19.10
5037,22,3,2,55,2019-02-04,19.48
5038,24,3,3,27,2019-02-04,22.42
5039,26,3,3,30,2019-02-04,23.52
5040,28,3,1,35,2019-02-04,17.53
5041,30,3,6,37,2019-02-04,27.13
5042,32,3,2,46,2019-02-04,24.92
5043,36,3,3,39,2019-02-04,25.15
5044,40,3,3,27,2019-02-04,24.04
5045,42,3,6,35,2019-02-04,9.55
5046,2,4,6,40,2019-02-04,14.01
5047,4,4,1,33,2019-02-04,14.33
5048,6,4,1,75,2019-02-04,10.01
5049,8,4,2,29,2019-02-04,13.10
5050,10,4,2,44,2019-02-04,16.41
5051,12,4,2,58,2019-02-04,35.06
5052,14,4,2,27,2019-02-04,27.15
5053,16,4,4,23,2019-02-04,50.27
5054,18,4,2,30,2019-02-04,23.27
5055,22,4,6,51,2019-02-04,18.45
5056,24,4,3,32,2019-02-04,21.10
5057,26,4,5,51,2019-02-04,20.12
5058,28,4,6,21,2019-02-04,15.05
5059,30,4,6,24,2019-02-04,29.21
5060,32,4,2,35,2019-02-04,25.95
5061,34,4,2,27,2019-02-04,30.62
5062,36,4,3,80,2019-02-04,25.18
5063,38,4,3,21,2019-02-04,24.24
5064,42,4,6,51,2019-02-04,10.22
5065,2,5,1,40,2019-02-04,15.90
5066,4,5,6,48,2019-02-04,14.13
5067,6,5,6,35,2019-02-04,9.97
5068,10,5,2,33,2019-02-04,19.27
5069,12,5,2,30,2019-02-04,33.28
5070,14,5,2,37,2019-02-04,25.30
5071,18,5,2,33,2019-02-04,23.54
5072,22,5,2,41,2019-02-04,22.29
5073,28,5,6,24,2019-02-04,17.41
5074,30,5,1,21,2019-02-04,30.01
5075,38,5,3,26,2019-02-04,22.62
5076,40,5,5,35,2019-02-04,27.34
5077,42,5,4,35,2019-02-04,9.42
5078,2,6,1,26,2019-02-04,15.77
5079,4,6,6,55,2019-02-04,15.01
5080,6,6,6,57,2019-02-04,9.04
5081,8,6,6,97,2019-02-04,16.18
5082,10,6,6,59,2019-02-04,14.89
5083,14,6,4,40,2019-02-04,24.59
5084,16,6,2,46,2019-02-04,44.67
5085,18,6,2,63,2019-02-04,22.45
5086,20,6,2,33,2019-02-04,16.23
5087,22,6,2,52,2019-02-04,19.68
5088,24,6,3,39,2019-02-04,21.22
5089,26,6,5,58,2019-02-04,20.31
5090,28,6,1,38,2019-02-04,16.18
5091,30,6,6,53,2019-02-04,29.81
5092,32,6,4,47,2019-02-04,22.64
5093,36,6,3,52,2019-02-04,25.81
5094,38,6,5,22,2019-02-04,22.25
5095,40,6,3,42,2019-02-04,30.36
5096,42,6,4,61,2019-02-04,8.31
5097,2,7,6,56,2019-02-04,16.04
5098,4,7,1,51,2019-02-04,14.94
5099,6,7,6,59,2019-02-04,9.21
5100,8,7,6,55,2019-02-04,14.50
5101,10,7,2,36,2019-02-04,18.80
5102,12,7,2,33,2019-02-04,36.05
5103,14,7,4,44,2019-02-04,24.44
5104,16,7,4,35,2019-02-04,46.10
5105,18,7,6,70,2019-02-04,26.00
5106,20,7,6,43,2019-02-04,18.87
5107,22,7,2,33,2019-02-04,22.56
5108,24,7,3,52,2019-02-04,21.00
5109,26,7,3,42,2019-02-04,24.92
5110,28,7,1,76,2019-02-04,17.24
5111,30,7,1,36,2019-02-04,27.07
5112,32,7,4,31,2019-02-04,23.20
5113,34,7,2,31,2019-02-04,30.77
5114,36,7,3,59,2019-02-04,24.59
5115,38,7,5,52,2019-02-04,24.55
5116,40,7,5,26,2019-02-04,27.41
5117,42,7,6,39,2019-02-04,9.26
5118,2,8,1,24,2019-02-04,15.12
5119,4,8,6,44,2019-02-04,14.08
5120,6,8,1,40,2019-02-04,11.24
5121,8,8,2,49,2019-02-04,15.99
5122,10,8,2,48,2019-02-04,17.30
5123,14,8,4,56,2019-02-04,24.42
5124,16,8,4,24,2019-02-04,49.39
5125,18,8,2,49,2019-02-04,24.58
5126,20,8,6,35,2019-02-04,19.60
5127,22,8,2,52,2019-02-04,21.83
5128,24,8,3,50,2019-02-04,24.99
5129,26,8,3,72,2019-02-04,23.37
5130,30,8,6,31,2019-02-04,25.25
5131,32,8,4,40,2019-02-04,29.10
5132,36,8,3,46,2019-02-04,23.42
5133,38,8,5,31,2019-02-04,24.62
5134,40,8,5,39,2019-02-04,24.84
5135,42,8,6,48,2019-02-04,10.47
5136,2,9,6,34,2019-02-04,16.12
5137,4,9,6,46,2019-02-04,16.57
5138,6,9,6,30,2019-02-04,11.18
5139,8,9,2,52,2019-02-04,14.87
5140,10,9,6,59,2019-02-04,19.05
5141,14,9,2,32,2019-02-04,23.30
5142,18,9,2,27,2019-02-04,26.72
5143,20,9,2,31,2019-02-04,17.96
5144,22,9,6,44,2019-02-04,18.85
5145,30,9,1,49,2019-02-04,27.90
5146,36,9,3,34,2019-02-04,24.85
5147,40,9,3,32,2019-02-04,25.65
5148,2,10,1,27,2019-02-04,14.61
5149,4,10,1,49,2019-02-04,17.63
5150,6,10,1,39,2019-02-04,10.14
5151,8,10,6,34,2019-02-04,14.32
5152,10,10,6,48,2019-02-04,17.80
5153,12,10,4,32,2019-02-04,32.51
5154,16,10,4,33,2019-02-04,42.61
5155,20,10,6,40,2019-02-04,18.00
5156,22,10,2,50,2019-02-04,20.90
5157,26,10,3,36,2019-02-04,23.75
5158,28,10,6,40,2019-02-04,16.04
5159,30,10,6,35,2019-02-04,25.00
5160,32,10,4,27,2019-02-04,26.60
5161,34,10,2,55,2019-02-04,34.30
5162,40,10,3,27,2019-02-04,26.60
5163,2,11,1,23,2019-02-04,14.33
5164,4,11,6,48,2019-02-04,15.40
5165,6,11,1,32,2019-02-04,9.14
5166,8,11,2,51,2019-02-04,16.24
5167,10,11,2,32,2019-02-04,18.11
5168,14,11,2,40,2019-02-04,27.54
5169,16,11,2,51,2019-02-04,39.78
5170,18,11,2,39,2019-02-04,23.78
5171,20,11,6,27,2019-02-04,16.10
5172,22,11,2,67,2019-02-04,22.64
5173,24,11,5,28,2019-02-04,24.60
5174,28,11,1,65,2019-02-04,17.49
5175,30,11,6,41,2019-02-04,30.53
5176,32,11,4,49,2019-02-04,28.73
5177,34,11,4,33,2019-02-04,29.15
5178,36,11,3,35,2019-02-04,21.86
5179,40,11,5,48,2019-02-04,29.53
5180,42,11,4,55,2019-02-04,9.77
5181,2,12,1,33,2019-02-04,14.46
5182,6,12,1,56,2019-02-04,11.08
5183,10,12,6,21,2019-02-04,17.50
5184,16,12,2,26,2019-02-04,47.32
5185,18,12,6,38,2019-02-04,24.38
5186,20,12,6,31,2019-02-04,15.96
5187,22,12,2,26,2019-02-04,19.27
5188,24,12,5,35,2019-02-04,20.99
5189,36,12,3,31,2019-02-04,27.45
5190,40,12,3,47,2019-02-04,25.14
5191,1,1,6,76,2019-02-18,12.42
5192,3,1,1,52,2019-02-18,10.60
5193,5,1,6,46,2019-02-18,13.42
5194,7,1,2,54,2019-02-18,12.40
5195,9,1,6,59,2019-02-18,11.91
5196,11,1,2,78,2019-02-18,13.34
5197,13,1,2,37,2019-02-18,32.24
5198,15,1,2,31,2019-02-18,37.15
5199,17,1,2,35,2019-02-18,34.96
5200,19,1,6,38,2019-02-18,26.12
5201,21,1,6,49,2019-02-18,38.38
5202,23,1,5,40,2019-02-18,18.46
5203,25,1,5,35,2019-02-18,19.75
5204,27,1,1,85,2019-02-18,13.46
5205,29,1,1,53,2019-02-18,14.50
5206,31,1,6,45,2019-02-18,19.68
5207,33,1,4,61,2019-02-18,20.87
5208,35,1,3,48,2019-02-18,14.70
5209,37,1,3,45,2019-02-18,20.15
5210,39,1,3,55,2019-02-18,20.72
5211,41,1,6,64,2019-02-18,8.23
5212,43,1,6,85,2019-02-18,7.62
5213,1,2,1,59,2019-02-18,12.73
5214,3,2,6,76,2019-02-18,10.57
5215,5,2,1,63,2019-02-18,14.30
5216,7,2,6,47,2019-02-18,13.58
5217,9,2,2,98,2019-02-18,10.80
5218,11,2,6,86,2019-02-18,13.50
5219,13,2,2,61,2019-02-18,29.94
5220,15,2,2,35,2019-02-18,43.81
5221,17,2,2,52,2019-02-18,28.06
5222,19,2,2,49,2019-02-18,27.57
5223,21,2,6,53,2019-02-18,39.82
5224,23,2,5,73,2019-02-18,19.15
5225,25,2,3,35,2019-02-18,17.93
5226,27,2,6,124,2019-02-18,16.08
5227,29,2,6,111,2019-02-18,13.85
5228,31,2,1,45,2019-02-18,17.69
5229,33,2,4,106,2019-02-18,19.37
5230,35,2,3,73,2019-02-18,17.45
5231,37,2,3,58,2019-02-18,22.91
5232,39,2,5,62,2019-02-18,25.63
5233,41,2,4,104,2019-02-18,8.25
5234,43,2,6,108,2019-02-18,7.34
5235,1,3,6,74,2019-02-18,10.72
5236,3,3,6,44,2019-02-18,12.03
5237,5,3,1,63,2019-02-18,11.74
5238,7,3,6,38,2019-02-18,13.52
5239,9,3,6,54,2019-02-18,11.51
5240,11,3,2,57,2019-02-18,16.71
5241,13,3,2,39,2019-02-18,28.21
5242,15,3,2,37,2019-02-18,41.26
5243,19,3,6,40,2019-02-18,26.92
5244,23,3,3,31,2019-02-18,18.92
5245,25,3,5,28,2019-02-18,18.51
5246,27,3,1,59,2019-02-18,15.94
5247,29,3,6,60,2019-02-18,11.88
5248,31,3,6,52,2019-02-18,16.86
5249,35,3,3,28,2019-02-18,16.22
5250,37,3,3,54,2019-02-18,21.94
5251,39,3,5,48,2019-02-18,22.68
5252,41,3,6,74,2019-02-18,9.08
5253,43,3,4,59,2019-02-18,7.72
5254,1,4,6,45,2019-02-18,13.30
5255,3,4,1,46,2019-02-18,11.08
5256,7,4,2,29,2019-02-18,12.27
5257,9,4,6,26,2019-02-18,10.42
5258,11,4,2,28,2019-02-18,13.81
5259,15,4,4,29,2019-02-18,36.96
5260,17,4,4,20,2019-02-18,35.77
5261,19,4,2,34,2019-02-18,33.04
5262,21,4,2,25,2019-02-18,35.07
5263,23,4,3,31,2019-02-18,18.96
5264,25,4,5,34,2019-02-18,16.01
5265,27,4,6,37,2019-02-18,14.16
5266,29,4,1,61,2019-02-18,11.23
5267,33,4,2,30,2019-02-18,23.20
5268,35,4,3,19,2019-02-18,16.47
5269,41,4,4,51,2019-02-18,8.27
5270,43,4,4,38,2019-02-18,6.42
5271,1,5,1,37,2019-02-18,11.44
5272,3,5,6,27,2019-02-18,11.63
5273,5,5,6,12,2019-02-18,12.03
5274,9,5,2,26,2019-02-18,9.96
5275,11,5,2,31,2019-02-18,16.45
5276,15,5,4,37,2019-02-18,43.26
5277,17,5,2,33,2019-02-18,29.57
5278,21,5,2,36,2019-02-18,32.51
5279,23,5,5,45,2019-02-18,19.24
5280,25,5,3,25,2019-02-18,18.50
5281,27,5,1,41,2019-02-18,14.12
5282,31,5,1,26,2019-02-18,16.67
5283,33,5,2,39,2019-02-18,24.32
5284,37,5,3,37,2019-02-18,21.50
5285,39,5,3,30,2019-02-18,22.96
5286,41,5,4,60,2019-02-18,9.07
5287,43,5,4,62,2019-02-18,6.75
5288,1,6,6,60,2019-02-18,12.20
5289,5,6,1,47,2019-02-18,13.52
5290,7,6,2,33,2019-02-18,13.28
5291,9,6,2,43,2019-02-18,12.07
5292,11,6,2,71,2019-02-18,14.90
5293,13,6,2,50,2019-02-18,30.88
5294,15,6,2,33,2019-02-18,40.07
5295,17,6,2,28,2019-02-18,29.46
5296,19,6,2,27,2019-02-18,27.62
5297,23,6,3,48,2019-02-18,18.47
5298,27,6,6,74,2019-02-18,12.60
5299,29,6,1,41,2019-02-18,12.90
5300,31,6,1,28,2019-02-18,17.55
5301,35,6,3,48,2019-02-18,16.96
5302,37,6,3,29,2019-02-18,20.61
5303,39,6,5,42,2019-02-18,23.73
5304,41,6,6,45,2019-02-18,9.16
5305,43,6,4,78,2019-02-18,7.48
5306,1,7,1,63,2019-02-18,12.67
5307,3,7,6,47,2019-02-18,9.73
5308,5,7,6,28,2019-02-18,12.60
5309,7,7,6,35,2019-02-18,12.52
5310,9,7,2,52,2019-02-18,12.73
5311,11,7,2,61,2019-02-18,15.58
5312,15,7,4,34,2019-02-18,37.17
5313,17,7,4,57,2019-02-18,31.20
5314,19,7,2,26,2019-02-18,33.09
5315,21,7,6,24,2019-02-18,33.67
5316,23,7,5,43,2019-02-18,22.19
5317,25,7,5,46,2019-02-18,16.29
5318,27,7,1,52,2019-02-18,14.44
5319,29,7,6,98,2019-02-18,13.55
5320,31,7,1,61,2019-02-18,16.27
5321,33,7,4,47,2019-02-18,23.63
5322,35,7,3,25,2019-02-18,15.21
5323,37,7,3,30,2019-02-18,21.71
5324,41,7,4,63,2019-02-18,8.46
5325,43,7,6,72,2019-02-18,7.62
5326,1,8,6,55,2019-02-18,12.42
5327,3,8,6,51,2019-02-18,11.60
5328,5,8,1,47,2019-02-18,12.84
5329,9,8,2,52,2019-02-18,10.70
5330,11,8,2,49,2019-02-18,15.98
5331,13,8,2,31,2019-02-18,27.62
5332,15,8,4,36,2019-02-18,44.20
5333,17,8,4,50,2019-02-18,32.31
5334,21,8,2,37,2019-02-18,38.11
5335,23,8,3,38,2019-02-18,18.83
5336,25,8,5,35,2019-02-18,20.54
5337,27,8,1,72,2019-02-18,15.46
5338,29,8,6,40,2019-02-18,11.65
5339,31,8,6,47,2019-02-18,18.33
5340,33,8,4,33,2019-02-18,24.62
5341,35,8,3,38,2019-02-18,15.70
5342,37,8,3,60,2019-02-18,18.27
5343,39,8,5,35,2019-02-18,20.71
5344,41,8,6,38,2019-02-18,7.76
5345,43,8,4,54,2019-02-18,6.62
5346,1,9,1,32,2019-02-18,12.22
5347,5,9,1,32,2019-02-18,12.36
5348,7,9,2,27,2019-02-18,11.51
5349,11,9,2,31,2019-02-18,16.53
5350,13,9,2,26,2019-02-18,29.66
5351,15,9,4,11,2019-02-18,37.14
5352,19,9,6,24,2019-02-18,26.09
5353,21,9,6,36,2019-02-18,40.62
5354,23,9,5,35,2019-02-18,20.81
5355,25,9,5,33,2019-02-18,19.65
5356,27,9,1,42,2019-02-18,14.27
5357,29,9,6,79,2019-02-18,13.11
5358,31,9,1,35,2019-02-18,18.28
5359,33,9,2,48,2019-02-18,22.31
5360,39,9,3,26,2019-02-18,20.99
5361,41,9,4,43,2019-02-18,8.14
5362,43,9,4,38,2019-02-18,6.43
5363,1,10,1,23,2019-02-18,11.99
5364,3,10,1,28,2019-02-18,12.24
5365,5,10,6,34,2019-02-18,13.82
5366,7,10,6,40,2019-02-18,11.40
5367,9,10,6,33,2019-02-18,10.30
5368,11,10,2,28,2019-02-18,14.49
5369,13,10,2,36,2019-02-18,31.57
5370,15,10,2,49,2019-02-18,41.42
5371,17,10,4,33,2019-02-18,34.55
5372,21,10,6,46,2019-02-18,38.56
5373,23,10,5,50,2019-02-18,22.14
5374,25,10,5,40,2019-02-18,16.24
5375,27,10,1,32,2019-02-18,12.84
5376,29,10,1,37,2019-02-18,11.51
5377,31,10,1,34,2019-02-18,19.10
5378,33,10,4,63,2019-02-18,23.36
5379,35,10,3,50,2019-02-18,16.13
5380,41,10,6,40,2019-02-18,8.29
5381,43,10,4,40,2019-02-18,6.92
5382,1,11,6,31,2019-02-18,12.62
5383,3,11,6,34,2019-02-18,11.71
5384,5,11,1,49,2019-02-18,14.90
5385,7,11,6,40,2019-02-18,12.93
5386,9,11,6,36,2019-02-18,11.63
5387,11,11,2,73,2019-02-18,14.44
5388,13,11,2,26,2019-02-18,25.90
5389,15,11,4,36,2019-02-18,36.56
5390,17,11,2,32,2019-02-18,36.53
5391,21,11,2,42,2019-02-18,38.76
5392,23,11,5,72,2019-02-18,22.48
5393,27,11,6,51,2019-02-18,15.33
5394,29,11,1,59,2019-02-18,14.59
5395,31,11,1,60,2019-02-18,16.65
5396,33,11,4,57,2019-02-18,22.85
5397,35,11,3,28,2019-02-18,15.01
5398,37,11,3,41,2019-02-18,18.31
5399,39,11,5,35,2019-02-18,25.27
5400,41,11,6,44,2019-02-18,8.66
5401,43,11,6,63,2019-02-18,7.44
5402,3,12,1,44,2019-02-18,9.66
5403,5,12,1,30,2019-02-18,14.77
5404,9,12,2,32,2019-02-18,10.37
5405,13,12,2,44,2019-02-18,29.73
5406,15,12,2,36,2019-02-18,41.01
5407,17,12,2,43,2019-02-18,36.51
5408,25,12,3,34,2019-02-18,20.22
5409,27,12,6,37,2019-02-18,15.69
5410,29,12,6,36,2019-02-18,11.40
5411,33,12,2,31,2019-02-18,24.48
5412,35,12,3,24,2019-02-18,15.68
5413,37,12,3,28,2019-02-18,18.52
5414,39,12,5,41,2019-02-18,22.63
5415,41,12,4,38,2019-02-18,8.76
5416,43,12,4,46,2019-02-18,7.59
5417,2,1,1,35,2019-03-04,15.44
5418,4,1,1,40,2019-03-04,13.95
5419,6,1,1,37,2019-03-04,10.75
5420,8,1,6,39,2019-03-04,15.77
5421,10,1,6,33,2019-03-04,16.60
5422,12,1,4,27,2019-03-04,33.94
5423,14,1,4,21,2019-03-04,27.58
5424,18,1,6,34,2019-03-04,22.24
5425,20,1,2,45,2019-03-04,16.91
5426,22,1,2,71,2019-03-04,22.43
5427,24,1,3,29,2019-03-04,21.97
5428,26,1,5,32,2019-03-04,19.47
5429,28,1,6,68,2019-03-04,17.70
5430,30,1,1,34,2019-03-04,29.39
5431,32,1,4,33,2019-03-04,26.83
5432,34,1,4,31,2019-03-04,34.65
5433,36,1,3,31,2019-03-04,23.60
5434,40,1,3,37,2019-03-04,25.95
5435,42,1,4,29,2019-03-04,9.62
5436,2,2,6,49,2019-03-04,12.77
5437,4,2,1,81,2019-03-04,14.05
5438,6,2,6,63,2019-03-04,10.93
5439,8,2,2,62,2019-03-04,16.17
5440,10,2,6,34,2019-03-04,18.40
5441,12,2,2,46,2019-03-04,36.20
5442,14,2,4,21,2019-03-04,28.82
5443,16,2,2,37,2019-03-04,45.85
5444,18,2,6,40,2019-03-04,25.87
5445,20,2,6,38,2019-03-04,19.10
5446,22,2,6,39,2019-03-04,22.25
5447,24,2,5,34,2019-03-04,23.18
5448,26,2,5,46,2019-03-04,21.11
5449,28,2,6,56,2019-03-04,15.84
5450,30,2,1,55,2019-03-04,30.72
5451,32,2,4,51,2019-03-04,27.86
5452,34,2,4,29,2019-03-04,32.44
5453,38,2,5,27,2019-03-04,21.99
5454,40,2,3,64,2019-03-04,27.93
5455,42,2,6,53,2019-03-04,8.92
5456,2,3,6,53,2019-03-04,16.17
5457,4,3,1,57,2019-03-04,16.78
5458,6,3,1,35,2019-03-04,10.93
5459,10,3,2,46,2019-03-04,14.99
5460,12,3,4,33,2019-03-04,35.84
5461,18,3,6,32,2019-03-04,21.56
5462,20,3,6,40,2019-03-04,15.90
5463,22,3,2,30,2019-03-04,18.57
5464,26,3,3,27,2019-03-04,21.48
5465,28,3,6,56,2019-03-04,18.72
5466,32,3,4,37,2019-03-04,25.50
5467,34,3,2,41,2019-03-04,29.16
5468,36,3,3,31,2019-03-04,22.23
5469,38,3,5,39,2019-03-04,20.29
5470,40,3,5,38,2019-03-04,30.00
5471,42,3,6,46,2019-03-04,10.70
5472,2,4,1,32,2019-03-04,15.14
5473,4,4,6,29,2019-03-04,15.05
5474,6,4,6,30,2019-03-04,11.55
5475,8,4,6,27,2019-03-04,16.12
5476,20,4,2,38,2019-03-04,17.97
5477,28,4,6,25,2019-03-04,15.32
5478,36,4,3,32,2019-03-04,21.57
5479,40,4,5,43,2019-03-04,26.69
5480,42,4,4,23,2019-03-04,10.52
5481,2,5,1,23,2019-03-04,13.20
5482,8,5,2,34,2019-03-04,15.01
5483,16,5,4,21,2019-03-04,50.03
5484,20,5,6,35,2019-03-04,19.06
5485,22,5,6,22,2019-03-04,18.92
5486,24,5,3,30,2019-03-04,23.00
5487,26,5,3,41,2019-03-04,22.88
5488,32,5,2,39,2019-03-04,26.86
5489,34,5,4,20,2019-03-04,32.50
5490,36,5,3,34,2019-03-04,23.72
5491,2,6,6,31,2019-03-04,15.08
5492,4,6,6,48,2019-03-04,15.82
5493,6,6,1,30,2019-03-04,10.81
5494,10,6,6,56,2019-03-04,17.83
5495,12,6,4,33,2019-03-04,38.06
5496,22,6,6,42,2019-03-04,20.89
5497,24,6,3,34,2019-03-04,22.24
5498,26,6,3,38,2019-03-04,23.40
5499,28,6,6,38,2019-03-04,18.62
5500,32,6,2,33,2019-03-04,26.14
5501,34,6,2,51,2019-03-04,32.56
5502,36,6,3,33,2019-03-04,27.25
5503,38,6,5,25,2019-03-04,20.94
5504,42,6,4,27,2019-03-04,8.91
5505,2,7,1,31,2019-03-04,15.41
5506,4,7,1,39,2019-03-04,15.11
5507,8,7,2,32,2019-03-04,13.62
5508,10,7,6,49,2019-03-04,18.93
5509,16,7,4,25,2019-03-04,39.80
5510,20,7,2,30,2019-03-04,17.86
5511,24,7,5,23,2019-03-04,22.04
5512,26,7,5,29,2019-03-04,19.48
5513,30,7,1,26,2019-03-04,24.94
5514,42,7,6,31,2019-03-04,9.49
5515,4,8,6,27,2019-03-04,15.22
5516,10,8,6,22,2019-03-04,19.31
5517,12,8,4,19,2019-03-04,36.38
5518,14,8,4,27,2019-03-04,27.75
5519,16,8,2,39,2019-03-04,48.36
5520,18,8,6,34,2019-03-04,27.57
5521,22,8,6,61,2019-03-04,21.41
5522,28,8,1,36,2019-03-04,15.97
5523,32,8,2,31,2019-03-04,27.71
5524,34,8,2,26,2019-03-04,34.26
5525,42,8,4,23,2019-03-04,10.58
5526,4,9,6,30,2019-03-04,17.14
5527,8,9,6,28,2019-03-04,13.59
5528,12,9,2,14,2019-03-04,29.90
5529,16,9,4,36,2019-03-04,44.91
5530,24,9,5,22,2019-03-04,25.11
5531,26,9,3,48,2019-03-04,22.82
5532,28,9,1,35,2019-03-04,17.29
5533,32,9,4,36,2019-03-04,28.50
5534,34,9,2,31,2019-03-04,32.73
5535,38,9,3,38,2019-03-04,19.49
5536,42,9,6,29,2019-03-04,9.29
5537,4,10,6,23,2019-03-04,16.05
5538,6,10,6,29,2019-03-04,9.67
5539,10,10,2,27,2019-03-04,18.80
5540,14,10,4,43,2019-03-04,22.61
5541,18,10,6,42,2019-03-04,27.13
5542,20,10,6,32,2019-03-04,20.08
5543,24,10,5,44,2019-03-04,25.77
5544,28,10,6,32,2019-03-04,17.88
5545,32,10,2,21,2019-03-04,23.26
5546,36,10,3,35,2019-03-04,22.60
5547,38,10,5,35,2019-03-04,19.73
5548,42,10,4,47,2019-03-04,8.82
5549,4,11,1,28,2019-03-04,14.85
5550,6,11,1,46,2019-03-04,9.81
5551,12,11,4,13,2019-03-04,34.50
5552,14,11,2,24,2019-03-04,23.10
5553,20,11,6,48,2019-03-04,18.30
5554,26,11,3,38,2019-03-04,20.90
5555,30,11,6,24,2019-03-04,24.18
5556,38,11,5,31,2019-03-04,19.76
5557,40,11,5,37,2019-03-04,24.00
5558,4,12,1,40,2019-03-04,16.96
5559,8,12,2,23,2019-03-04,13.91
5560,10,12,2,26,2019-03-04,16.56
5561,12,12,4,6,2019-03-04,36.77
5562,14,12,2,24,2019-03-04,25.51
5563,20,12,6,24,2019-03-04,16.54
5564,26,12,5,62,2019-03-04,23.50
5565,28,12,6,39,2019-03-04,18.16
5566,30,12,1,21,2019-03-04,29.55
5567,32,12,2,44,2019-03-04,25.51
5568,34,12,4,38,2019-03-04,33.73
5569,38,12,5,37,2019-03-04,19.15
5570,42,12,6,19,2019-03-04,8.50
5571,1,1,6,58,2019-03-18,11.09
5572,3,1,1,50,2019-03-18,10.69
5573,5,1,1,33,2019-03-18,12.37
5574,7,1,6,27,2019-03-18,11.23
5575,9,1,2,51,2019-03-18,11.91
5576,11,1,2,32,2019-03-18,15.32
5577,13,1,2,30,2019-03-18,31.53
5578,15,1,4,27,2019-03-18,42.30
5579,17,1,2,27,2019-03-18,31.81
5580,19,1,2,21,2019-03-18,26.14
5581,21,1,6,38,2019-03-18,36.07
5582,23,1,3,66,2019-03-18,21.78
5583,25,1,5,36,2019-03-18,20.60
5584,27,1,1,53,2019-03-18,12.64
5585,29,1,1,42,2019-03-18,11.51
5586,31,1,6,54,2019-03-18,18.71
5587,33,1,4,53,2019-03-18,23.52
5588,35,1,3,31,2019-03-18,16.81
5589,37,1,3,35,2019-03-18,23.62
5590,39,1,5,35,2019-03-18,24.38
5591,41,1,6,63,2019-03-18,9.09
5592,43,1,6,71,2019-03-18,6.08
5593,1,2,6,29,2019-03-18,10.75
5594,3,2,6,33,2019-03-18,10.62
5595,5,2,1,35,2019-03-18,13.58
5596,7,2,6,51,2019-03-18,12.70
5597,9,2,2,51,2019-03-18,11.76
5598,11,2,2,65,2019-03-18,13.75
5599,15,2,4,41,2019-03-18,43.76
5600,17,2,4,25,2019-03-18,35.99
5601,19,2,6,32,2019-03-18,27.89
5602,21,2,6,26,2019-03-18,38.66
5603,23,2,3,76,2019-03-18,19.47
5604,25,2,3,37,2019-03-18,17.86
5605,27,2,1,75,2019-03-18,12.72
5606,29,2,1,31,2019-03-18,14.06
5607,31,2,1,64,2019-03-18,17.33
5608,33,2,2,54,2019-03-18,19.70
5609,35,2,3,24,2019-03-18,15.46
5610,37,2,3,22,2019-03-18,20.99
5611,39,2,5,59,2019-03-18,24.07
5612,41,2,4,90,2019-03-18,7.37
5613,43,2,4,77,2019-03-18,7.68
5614,1,3,1,25,2019-03-18,11.66
5615,3,3,1,37,2019-03-18,10.39
5616,5,3,6,40,2019-03-18,12.60
5617,7,3,6,38,2019-03-18,12.21
5618,9,3,2,35,2019-03-18,10.61
5619,11,3,6,49,2019-03-18,16.33
5620,13,3,2,26,2019-03-18,31.43
5621,15,3,4,33,2019-03-18,43.50
5622,17,3,4,54,2019-03-18,35.82
5623,19,3,6,30,2019-03-18,26.48
5624,21,3,2,52,2019-03-18,35.05
5625,23,3,5,50,2019-03-18,21.03
5626,27,3,1,77,2019-03-18,15.88
5627,29,3,1,62,2019-03-18,13.54
5628,31,3,6,24,2019-03-18,20.09
5629,33,3,2,46,2019-03-18,23.02
5630,37,3,3,44,2019-03-18,20.46
5631,39,3,3,59,2019-03-18,23.70
5632,41,3,4,57,2019-03-18,7.33
5633,43,3,6,47,2019-03-18,7.34
5634,3,4,1,39,2019-03-18,11.93
5635,5,4,1,20,2019-03-18,11.59
5636,9,4,2,23,2019-03-18,11.23
5637,11,4,6,42,2019-03-18,13.74
5638,13,4,4,38,2019-03-18,25.21
5639,23,4,5,30,2019-03-18,22.72
5640,27,4,6,52,2019-03-18,14.53
5641,31,4,1,22,2019-03-18,18.24
5642,37,4,3,45,2019-03-18,21.87
5643,39,4,3,33,2019-03-18,21.20
5644,41,4,6,22,2019-03-18,7.53
5645,43,4,4,58,2019-03-18,6.34
5646,3,5,1,28,2019-03-18,10.46
5647,7,5,2,32,2019-03-18,12.21
5648,9,5,6,28,2019-03-18,11.28
5649,11,5,6,32,2019-03-18,13.82
5650,13,5,4,20,2019-03-18,29.63
5651,19,5,2,31,2019-03-18,33.11
5652,23,5,5,30,2019-03-18,19.41
5653,29,5,1,30,2019-03-18,11.49
5654,35,5,3,35,2019-03-18,14.25
5655,37,5,3,27,2019-03-18,23.24
5656,1,6,1,47,2019-03-18,12.97
5657,3,6,1,58,2019-03-18,12.25
5658,7,6,6,27,2019-03-18,12.41
5659,9,6,6,35,2019-03-18,10.44
5660,11,6,2,47,2019-03-18,14.05
5661,15,6,2,38,2019-03-18,43.54
5662,17,6,4,26,2019-03-18,29.53
5663,19,6,6,38,2019-03-18,26.50
5664,21,6,6,40,2019-03-18,32.89
5665,23,6,3,46,2019-03-18,18.30
5666,25,6,3,37,2019-03-18,19.25
5667,27,6,6,38,2019-03-18,14.03
5668,29,6,1,33,2019-03-18,13.08
5669,31,6,6,24,2019-03-18,17.17
5670,33,6,2,40,2019-03-18,24.49
5671,35,6,3,25,2019-03-18,14.92
5672,37,6,3,26,2019-03-18,22.83
5673,41,6,4,29,2019-03-18,8.49
5674,43,6,4,77,2019-03-18,7.63
5675,1,7,6,22,2019-03-18,12.92
5676,3,7,6,26,2019-03-18,11.15
5677,9,7,2,38,2019-03-18,11.64
5678,11,7,6,55,2019-03-18,14.91
5679,13,7,2,34,2019-03-18,26.49
5680,21,7,6,31,2019-03-18,38.06
5681,23,7,5,41,2019-03-18,21.31
5682,31,7,1,37,2019-03-18,17.46
5683,33,7,4,21,2019-03-18,22.96
5684,39,7,3,18,2019-03-18,24.60
5685,41,7,6,36,2019-03-18,8.69
5686,43,7,6,65,2019-03-18,6.62
5687,3,8,1,38,2019-03-18,9.67
5688,7,8,6,49,2019-03-18,12.21
5689,9,8,6,40,2019-03-18,10.85
5690,11,8,2,31,2019-03-18,14.06
5691,19,8,2,44,2019-03-18,30.41
5692,21,8,2,24,2019-03-18,32.72
5693,23,8,5,43,2019-03-18,19.47
5694,27,8,6,26,2019-03-18,14.87
5695,33,8,4,38,2019-03-18,19.20
5696,41,8,6,37,2019-03-18,7.96
5697,43,8,6,51,2019-03-18,7.71
5698,1,9,6,36,2019-03-18,10.97
5699,3,9,1,45,2019-03-18,11.43
5700,5,9,1,24,2019-03-18,12.00
5701,7,9,6,32,2019-03-18,13.08
5702,9,9,2,25,2019-03-18,10.44
5703,11,9,2,29,2019-03-18,15.44
5704,13,9,2,33,2019-03-18,30.75
5705,15,9,2,26,2019-03-18,36.61
5706,17,9,2,13,2019-03-18,34.74
5707,23,9,5,43,2019-03-18,22.36
5708,27,9,1,42,2019-03-18,16.12
5709,35,9,3,50,2019-03-18,15.37
5710,37,9,3,27,2019-03-18,20.40
5711,39,9,5,23,2019-03-18,20.98
5712,41,9,4,37,2019-03-18,8.52
5713,43,9,6,42,2019-03-18,7.68
5714,3,10,6,31,2019-03-18,9.88
5715,5,10,6,36,2019-03-18,13.88
5716,7,10,6,31,2019-03-18,11.57
5717,9,10,6,31,2019-03-18,11.09
5718,11,10,2,58,2019-03-18,14.01
5719,19,10,6,25,2019-03-18,32.28
5720,23,10,3,50,2019-03-18,19.36
5721,27,10,6,39,2019-03-18,15.08
5722,29,10,6,54,2019-03-18,11.43
5723,33,10,2,40,2019-03-18,23.34
5724,37,10,3,33,2019-03-18,22.22
5725,39,10,3,45,2019-03-18,22.01
5726,41,10,6,43,2019-03-18,7.55
5727,43,10,6,50,2019-03-18,6.85
5728,5,11,6,28,2019-03-18,13.96
5729,11,11,2,33,2019-03-18,14.54
5730,19,11,2,34,2019-03-18,27.72
5731,25,11,3,36,2019-03-18,17.91
5732,27,11,1,38,2019-03-18,15.15
5733,29,11,6,38,2019-03-18,14.20
5734,39,11,5,25,2019-03-18,25.56
5735,41,11,6,33,2019-03-18,7.91
5736,43,11,4,36,2019-03-18,7.41
5737,1,12,1,30,2019-03-18,11.36
5738,7,12,2,31,2019-03-18,11.55
5739,11,12,2,43,2019-03-18,16.58
5740,19,12,6,22,2019-03-18,32.66
5741,21,12,2,25,2019-03-18,35.62
5742,23,12,5,26,2019-03-18,20.58
5743,27,12,6,27,2019-03-18,16.18
5744,31,12,1,35,2019-03-18,17.82
5745,33,12,4,24,2019-03-18,21.64
5746,4,1,6,71,2019-04-03,16.99
5747,6,1,6,70,2019-04-03,11.47
5748,8,1,6,50,2019-04-03,15.28
5749,10,1,2,48,2019-04-03,16.42
5750,12,1,4,48,2019-04-03,31.48
5751,14,1,4,50,2019-04-03,23.48
5752,16,1,2,65,2019-04-03,49.55
5753,18,1,2,55,2019-04-03,26.11
5754,20,1,2,66,2019-04-03,16.12
5755,22,1,6,71,2019-04-03,19.41
5756,24,1,5,27,2019-04-03,22.98
5757,26,1,3,70,2019-04-03,21.54
5758,28,1,6,46,2019-04-03,19.26
5759,30,1,1,25,2019-04-03,27.59
5760,32,1,2,23,2019-04-03,26.77
5761,34,1,2,26,2019-04-03,33.21
5762,36,1,3,61,2019-04-03,24.65
5763,38,1,3,50,2019-04-03,20.60
5764,40,1,3,39,2019-04-03,26.62
5765,42,1,6,62,2019-04-03,10.73
5766,2,2,1,43,2019-04-03,15.90
5767,4,2,6,71,2019-04-03,15.75
5768,6,2,1,48,2019-04-03,10.43
5769,8,2,2,39,2019-04-03,14.81
5770,10,2,6,48,2019-04-03,19.34
5771,12,2,2,40,2019-04-03,33.21
5772,14,2,2,24,2019-04-03,27.60
5773,16,2,4,48,2019-04-03,40.01
5774,18,2,6,30,2019-04-03,23.84
5775,20,2,2,31,2019-04-03,16.65
5776,22,2,2,59,2019-04-03,21.78
5777,24,2,5,48,2019-04-03,22.37
5778,26,2,5,39,2019-04-03,20.50
5779,28,2,1,65,2019-04-03,15.49
5780,30,2,6,33,2019-04-03,27.42
5781,32,2,2,43,2019-04-03,22.68
5782,34,2,2,32,2019-04-03,35.68
5783,36,2,3,86,2019-04-03,27.35
5784,38,2,3,43,2019-04-03,24.37
5785,40,2,5,46,2019-04-03,27.02
5786,42,2,6,53,2019-04-03,10.33
5787,2,3,6,27,2019-04-03,13.06
5788,4,3,1,38,2019-04-03,15.50
5789,6,3,1,59,2019-04-03,9.73
5790,8,3,6,53,2019-04-03,15.63
5791,10,3,6,29,2019-04-03,16.25
5792,12,3,4,32,2019-04-03,33.90
5793,14,3,4,54,2019-04-03,28.43
5794,16,3,4,37,2019-04-03,41.89
5795,20,3,2,44,2019-04-03,19.67
5796,22,3,2,55,2019-04-03,20.24
5797,24,3,3,43,2019-04-03,26.17
5798,26,3,5,34,2019-04-03,24.38
5799,28,3,6,44,2019-04-03,18.70
5800,30,3,1,47,2019-04-03,24.39
5801,32,3,2,35,2019-04-03,28.88
5802,34,3,2,26,2019-04-03,32.78
5803,40,3,5,27,2019-04-03,25.89
5804,42,3,4,46,2019-04-03,9.60
5805,2,4,6,24,2019-04-03,14.32
5806,4,4,1,31,2019-04-03,17.21
5807,6,4,6,21,2019-04-03,10.67
5808,8,4,2,44,2019-04-03,12.57
5809,10,4,6,41,2019-04-03,15.18
5810,12,4,4,26,2019-04-03,36.53
5811,14,4,2,11,2019-04-03,23.60
5812,16,4,4,27,2019-04-03,41.45
5813,18,4,2,46,2019-04-03,25.97
5814,22,4,2,22,2019-04-03,20.26
5815,24,4,5,35,2019-04-03,26.63
5816,26,4,5,64,2019-04-03,20.14
5817,28,4,6,33,2019-04-03,17.24
5818,30,4,6,48,2019-04-03,24.54
5819,32,4,2,16,2019-04-03,27.21
5820,34,4,4,36,2019-04-03,32.46
5821,38,4,3,25,2019-04-03,22.32
5822,4,5,1,44,2019-04-03,15.17
5823,6,5,1,35,2019-04-03,9.45
5824,8,5,2,33,2019-04-03,16.06
5825,10,5,2,50,2019-04-03,16.59
5826,12,5,4,43,2019-04-03,29.71
5827,14,5,4,32,2019-04-03,27.38
5828,16,5,4,37,2019-04-03,40.80
5829,18,5,6,24,2019-04-03,22.74
5830,26,5,5,23,2019-04-03,21.28
5831,28,5,1,44,2019-04-03,16.71
5832,30,5,1,18,2019-04-03,28.46
5833,38,5,5,23,2019-04-03,21.35
5834,40,5,3,23,2019-04-03,30.03
5835,42,5,6,21,2019-04-03,9.20
5836,4,6,1,27,2019-04-03,14.97
5837,6,6,1,34,2019-04-03,9.50
5838,8,6,2,34,2019-04-03,14.68
5839,12,6,2,26,2019-04-03,31.15
5840,14,6,2,30,2019-04-03,23.61
5841,16,6,4,29,2019-04-03,39.72
5842,18,6,2,23,2019-04-03,27.75
5843,20,6,6,30,2019-04-03,17.91
5844,22,6,6,27,2019-04-03,23.57
5845,26,6,5,27,2019-04-03,24.46
5846,28,6,6,37,2019-04-03,16.04
5847,30,6,1,52,2019-04-03,24.24
5848,32,6,2,26,2019-04-03,25.12
5849,36,6,3,32,2019-04-03,23.80
5850,40,6,5,37,2019-04-03,25.75
5851,42,6,6,37,2019-04-03,10.41
5852,4,7,1,42,2019-04-03,15.35
5853,6,7,6,56,2019-04-03,10.46
5854,8,7,6,25,2019-04-03,13.52
5855,10,7,6,22,2019-04-03,15.74
5856,12,7,4,25,2019-04-03,30.24
5857,14,7,4,29,2019-04-03,28.97
5858,18,7,2,40,2019-04-03,23.35
5859,22,7,2,36,2019-04-03,21.28
5860,24,7,5,32,2019-04-03,21.88
5861,28,7,6,50,2019-04-03,18.03
5862,32,7,4,46,2019-04-03,26.83
5863,34,7,4,37,2019-04-03,29.33
5864,36,7,3,32,2019-04-03,23.70
5865,38,7,5,38,2019-04-03,20.09
5866,40,7,5,44,2019-04-03,27.82
5867,2,8,6,57,2019-04-03,16.18
5868,4,8,1,34,2019-04-03,17.23
5869,6,8,1,57,2019-04-03,9.96
5870,8,8,2,36,2019-04-03,16.25
5871,10,8,6,25,2019-04-03,17.11
5872,14,8,4,27,2019-04-03,27.15
5873,16,8,4,27,2019-04-03,48.57
5874,20,8,6,48,2019-04-03,19.31
5875,22,8,2,34,2019-04-03,18.31
5876,24,8,5,33,2019-04-03,24.98
5877,26,8,3,69,2019-04-03,24.72
5878,30,8,1,45,2019-04-03,30.91
5879,32,8,4,37,2019-04-03,24.10
5880,36,8,3,34,2019-04-03,24.89
5881,38,8,3,47,2019-04-03,19.94
5882,40,8,3,54,2019-04-03,25.45
5883,42,8,4,22,2019-04-03,9.40
5884,2,9,6,20,2019-04-03,13.38
5885,4,9,1,40,2019-04-03,18.04
5886,6,9,1,38,2019-04-03,9.20
5887,8,9,2,23,2019-04-03,14.64
5888,10,9,6,37,2019-04-03,17.77
5889,14,9,4,21,2019-04-03,28.38
5890,18,9,2,19,2019-04-03,26.55
5891,20,9,6,23,2019-04-03,18.77
5892,22,9,2,51,2019-04-03,20.91
5893,24,9,5,23,2019-04-03,23.12
5894,26,9,3,32,2019-04-03,24.91
5895,30,9,6,36,2019-04-03,27.96
5896,36,9,3,25,2019-04-03,23.05
5897,40,9,3,22,2019-04-03,29.43
5898,42,9,6,34,2019-04-03,10.01
5899,2,10,1,35,2019-04-03,14.36
5900,8,10,2,29,2019-04-03,15.27
5901,10,10,6,42,2019-04-03,17.64
5902,12,10,2,34,2019-04-03,29.40
5903,14,10,2,32,2019-04-03,28.39
5904,16,10,2,45,2019-04-03,42.07
5905,22,10,2,59,2019-04-03,22.42
5906,26,10,3,45,2019-04-03,24.22
5907,28,10,6,24,2019-04-03,16.29
5908,30,10,1,32,2019-04-03,27.58
5909,34,10,4,31,2019-04-03,30.01
5910,36,10,3,25,2019-04-03,22.13
5911,40,10,3,43,2019-04-03,27.68
5912,42,10,4,40,2019-04-03,8.33
5913,2,11,1,34,2019-04-03,12.68
5914,6,11,1,22,2019-04-03,9.23
5915,8,11,6,47,2019-04-03,12.90
5916,10,11,2,45,2019-04-03,16.84
5917,16,11,2,44,2019-04-03,41.91
5918,18,11,6,33,2019-04-03,27.95
5919,22,11,6,52,2019-04-03,22.24
5920,24,11,5,15,2019-04-03,23.22
5921,26,11,3,23,2019-04-03,22.89
5922,28,11,6,42,2019-04-03,17.35
5923,32,11,2,32,2019-04-03,25.48
5924,34,11,2,18,2019-04-03,35.05
5925,36,11,3,33,2019-04-03,27.05
5926,40,11,5,24,2019-04-03,30.86
5927,42,11,6,51,2019-04-03,9.36
5928,2,12,6,13,2019-04-03,13.27
5929,4,12,1,28,2019-04-03,15.16
5930,6,12,6,39,2019-04-03,9.42
5931,16,12,4,30,2019-04-03,47.61
5932,18,12,6,24,2019-04-03,23.31
5933,22,12,2,35,2019-04-03,22.29
5934,24,12,5,42,2019-04-03,25.23
5935,36,12,3,25,2019-04-03,22.21
5936,40,12,5,35,2019-04-03,28.23
5937,1,1,1,57,2019-04-17,13.13
5938,3,1,6,51,2019-04-17,11.05
5939,5,1,1,35,2019-04-17,14.24
5940,9,1,6,87,2019-04-17,11.82
5941,11,1,6,52,2019-04-17,15.90
5942,15,1,4,27,2019-04-17,44.43
5943,21,1,2,42,2019-04-17,36.20
5944,23,1,5,81,2019-04-17,21.47
5945,25,1,3,23,2019-04-17,18.14
5946,27,1,1,45,2019-04-17,16.24
5947,29,1,6,46,2019-04-17,11.67
5948,31,1,1,34,2019-04-17,19.18
5949,33,1,4,33,2019-04-17,24.54
5950,37,1,3,21,2019-04-17,23.35
5951,39,1,5,27,2019-04-17,22.41
5952,41,1,4,48,2019-04-17,8.27
5953,43,1,6,55,2019-04-17,6.88
5954,1,2,6,76,2019-04-17,11.60
5955,3,2,6,62,2019-04-17,10.25
5956,5,2,6,38,2019-04-17,12.04
5957,7,2,6,65,2019-04-17,13.46
5958,9,2,6,67,2019-04-17,10.27
5959,11,2,2,61,2019-04-17,14.39
5960,13,2,2,43,2019-04-17,26.34
5961,15,2,4,43,2019-04-17,37.36
5962,17,2,2,40,2019-04-17,31.54
5963,19,2,2,29,2019-04-17,31.30
5964,21,2,2,34,2019-04-17,37.63
5965,23,2,3,72,2019-04-17,21.97
5966,25,2,5,29,2019-04-17,20.48
5967,27,2,6,91,2019-04-17,13.57
5968,29,2,6,40,2019-04-17,12.08
5969,31,2,1,38,2019-04-17,17.08
5970,33,2,4,55,2019-04-17,22.33
5971,35,2,3,48,2019-04-17,16.17
5972,39,2,3,38,2019-04-17,26.24
5973,41,2,6,72,2019-04-17,8.81
5974,43,2,6,69,2019-04-17,6.54
5975,1,3,1,60,2019-04-17,10.97
5976,3,3,1,26,2019-04-17,10.40
5977,5,3,6,43,2019-04-17,11.80
5978,7,3,2,43,2019-04-17,13.21
5979,11,3,2,56,2019-04-17,15.70
5980,15,3,2,24,2019-04-17,37.91
5981,21,3,6,24,2019-04-17,39.52
5982,23,3,3,43,2019-04-17,23.37
5983,25,3,3,50,2019-04-17,17.02
5984,27,3,6,43,2019-04-17,15.07
5985,29,3,6,52,2019-04-17,12.15
5986,31,3,6,25,2019-04-17,19.64
5987,33,3,2,28,2019-04-17,22.14
5988,35,3,3,50,2019-04-17,14.32
5989,37,3,3,23,2019-04-17,19.61
5990,39,3,5,39,2019-04-17,25.34
5991,41,3,6,62,2019-04-17,8.85
5992,43,3,6,50,2019-04-17,6.40
5993,1,4,1,42,2019-04-17,13.72
5994,3,4,1,46,2019-04-17,11.99
5995,5,4,1,36,2019-04-17,11.94
5996,7,4,2,34,2019-04-17,11.73
5997,9,4,2,33,2019-04-17,11.42
5998,11,4,2,36,2019-04-17,16.33
5999,15,4,2,42,2019-04-17,47.01
6000,17,4,2,25,2019-04-17,32.33
6001,19,4,2,32,2019-04-17,28.82
6002,21,4,6,25,2019-04-17,34.76
6003,23,4,5,34,2019-04-17,18.38
6004,25,4,5,47,2019-04-17,18.24
6005,27,4,6,31,2019-04-17,15.81
6006,29,4,1,57,2019-04-17,13.40
6007,31,4,1,21,2019-04-17,17.34
6008,33,4,4,48,2019-04-17,22.16
6009,35,4,3,33,2019-04-17,16.86
6010,37,4,3,23,2019-04-17,19.78
6011,39,4,5,26,2019-04-17,24.43
6012,41,4,4,27,2019-04-17,8.22
6013,43,4,6,47,2019-04-17,6.60
6014,1,5,1,33,2019-04-17,11.11
6015,3,5,1,27,2019-04-17,10.17
6016,5,5,1,31,2019-04-17,12.55
6017,7,5,2,24,2019-04-17,10.62
6018,11,5,2,38,2019-04-17,16.92
6019,15,5,4,33,2019-04-17,39.57
6020,17,5,4,25,2019-04-17,28.40
6021,21,5,2,20,2019-04-17,39.61
6022,23,5,3,35,2019-04-17,22.75
6023,25,5,3,35,2019-04-17,18.81
6024,27,5,6,37,2019-04-17,12.80
6025,31,5,1,35,2019-04-17,19.09
6026,33,5,4,28,2019-04-17,24.87
6027,35,5,3,25,2019-04-17,17.79
6028,39,5,5,34,2019-04-17,26.37
6029,41,5,6,53,2019-04-17,8.91
6030,43,5,4,54,2019-04-17,6.43
6031,1,6,6,44,2019-04-17,10.87
6032,3,6,1,36,2019-04-17,12.30
6033,5,6,1,53,2019-04-17,14.57
6034,7,6,2,38,2019-04-17,10.92
6035,9,6,6,42,2019-04-17,9.93
6036,11,6,2,28,2019-04-17,14.37
6037,13,6,4,34,2019-04-17,26.02
6038,23,6,3,49,2019-04-17,18.46
6039,25,6,3,26,2019-04-17,16.04
6040,27,6,6,36,2019-04-17,15.98
6041,29,6,1,44,2019-04-17,13.49
6042,31,6,1,27,2019-04-17,16.22
6043,33,6,4,32,2019-04-17,20.43
6044,35,6,3,39,2019-04-17,15.30
6045,39,6,3,51,2019-04-17,26.33
6046,41,6,4,70,2019-04-17,9.19
6047,43,6,4,53,2019-04-17,7.69
6048,1,7,1,25,2019-04-17,13.32
6049,3,7,1,25,2019-04-17,10.24
6050,5,7,1,46,2019-04-17,14.89
6051,7,7,6,22,2019-04-17,12.78
6052,11,7,6,32,2019-04-17,15.34
6053,15,7,4,36,2019-04-17,40.31
6054,17,7,4,27,2019-04-17,31.91
6055,19,7,6,29,2019-04-17,29.22
6056,21,7,6,27,2019-04-17,37.03
6057,23,7,5,41,2019-04-17,20.59
6058,25,7,5,45,2019-04-17,20.37
6059,27,7,1,62,2019-04-17,15.67
6060,29,7,1,43,2019-04-17,13.61
6061,33,7,4,39,2019-04-17,24.65
6062,35,7,3,15,2019-04-17,14.27
6063,37,7,3,24,2019-04-17,22.91
6064,41,7,4,51,2019-04-17,7.93
6065,43,7,6,52,2019-04-17,5.95
6066,1,8,6,43,2019-04-17,11.27
6067,3,8,1,23,2019-04-17,11.31
6068,5,8,1,44,2019-04-17,14.40
6069,11,8,6,42,2019-04-17,14.17
6070,13,8,2,24,2019-04-17,30.18
6071,15,8,2,31,2019-04-17,46.05
6072,17,8,4,47,2019-04-17,31.80
6073,19,8,2,22,2019-04-17,28.61
6074,21,8,6,25,2019-04-17,38.47
6075,23,8,5,57,2019-04-17,19.86
6076,25,8,3,53,2019-04-17,17.98
6077,27,8,6,51,2019-04-17,12.97
6078,29,8,6,58,2019-04-17,12.03
6079,31,8,1,33,2019-04-17,18.81
6080,35,8,3,30,2019-04-17,15.14
6081,37,8,3,29,2019-04-17,18.27
6082,39,8,5,47,2019-04-17,25.23
6083,41,8,4,46,2019-04-17,8.65
6084,43,8,4,59,2019-04-17,7.52
6085,3,9,1,40,2019-04-17,11.80
6086,5,9,6,23,2019-04-17,12.28
6087,11,9,2,23,2019-04-17,13.36
6088,19,9,6,34,2019-04-17,30.13
6089,21,9,6,23,2019-04-17,32.24
6090,23,9,5,29,2019-04-17,21.00
6091,25,9,5,39,2019-04-17,19.92
6092,27,9,1,31,2019-04-17,15.48
6093,29,9,1,31,2019-04-17,14.42
6094,31,9,1,42,2019-04-17,19.83
6095,33,9,4,41,2019-04-17,22.50
6096,41,9,6,41,2019-04-17,9.39
6097,43,9,4,34,2019-04-17,6.13
6098,1,10,6,47,2019-04-17,12.86
6099,5,10,1,32,2019-04-17,13.49
6100,9,10,6,45,2019-04-17,11.11
6101,11,10,2,34,2019-04-17,15.82
6102,13,10,2,18,2019-04-17,25.41
6103,15,10,4,41,2019-04-17,40.14
6104,17,10,2,38,2019-04-17,36.08
6105,21,10,2,26,2019-04-17,37.43
6106,23,10,3,40,2019-04-17,22.21
6107,25,10,3,33,2019-04-17,16.94
6108,27,10,1,36,2019-04-17,15.54
6109,31,10,6,60,2019-04-17,17.20
6110,33,10,2,23,2019-04-17,22.19
6111,35,10,3,46,2019-04-17,14.87
6112,39,10,5,32,2019-04-17,21.45
6113,41,10,6,42,2019-04-17,8.77
6114,43,10,6,48,2019-04-17,7.10
6115,1,11,1,44,2019-04-17,11.82
6116,3,11,6,54,2019-04-17,11.12
6117,5,11,1,35,2019-04-17,11.65
6118,7,11,2,33,2019-04-17,12.84
6119,9,11,2,38,2019-04-17,11.51
6120,11,11,6,31,2019-04-17,14.01
6121,13,11,4,28,2019-04-17,26.77
6122,15,11,4,29,2019-04-17,41.10
6123,17,11,4,36,2019-04-17,32.23
6124,21,11,6,22,2019-04-17,31.44
6125,23,11,5,64,2019-04-17,23.49
6126,25,11,3,30,2019-04-17,17.92
6127,27,11,1,36,2019-04-17,15.91
6128,29,11,6,26,2019-04-17,13.23
6129,31,11,1,22,2019-04-17,19.02
6130,33,11,4,49,2019-04-17,24.33
6131,35,11,3,48,2019-04-17,15.27
6132,37,11,3,40,2019-04-17,21.06
6133,41,11,6,65,2019-04-17,9.11
6134,43,11,4,37,2019-04-17,6.90
6135,1,12,1,21,2019-04-17,10.63
6136,3,12,6,35,2019-04-17,12.29
6137,5,12,1,28,2019-04-17,12.16
6138,9,12,6,37,2019-04-17,10.27
6139,11,12,6,23,2019-04-17,14.98
6140,13,12,4,34,2019-04-17,26.29
6141,15,12,4,25,2019-04-17,39.94
6142,17,12,4,31,2019-04-17,30.58
6143,23,12,5,31,2019-04-17,23.06
6144,25,12,3,37,2019-04-17,17.15
6145,27,12,6,31,2019-04-17,16.13
6146,29,12,1,34,2019-04-17,12.10
6147,31,12,1,25,2019-04-17,16.36
6148,33,12,2,34,2019-04-17,20.98
6149,35,12,3,26,2019-04-17,15.97
6150,37,12,3,22,2019-04-17,20.90
6151,39,12,5,29,2019-04-17,25.95
6152,41,12,4,50,2019-04-17,8.88
6153,43,12,6,50,2019-04-17,6.20
6154,2,1,1,50,2019-05-03,14.97
6155,4,1,1,48,2019-05-03,17.39
6156,6,1,6,58,2019-05-03,9.47
6157,8,1,6,56,2019-05-03,16.03
6158,10,1,2,43,2019-05-03,15.24
6159,14,1,4,33,2019-05-03,22.78
6160,18,1,2,30,2019-05-03,26.21
6161,20,1,6,34,2019-05-03,18.32
6162,22,1,6,61,2019-05-03,20.96
6163,24,1,3,50,2019-05-03,24.16
6164,26,1,5,50,2019-05-03,21.20
6165,28,1,1,36,2019-05-03,17.76
6166,30,1,1,46,2019-05-03,24.93
6167,32,1,2,41,2019-05-03,26.10
6168,34,1,4,29,2019-05-03,33.91
6169,36,1,3,48,2019-05-03,24.57
6170,40,1,3,42,2019-05-03,30.19
6171,42,1,4,54,2019-05-03,8.36
6172,2,2,1,65,2019-05-03,12.65
6173,4,2,1,87,2019-05-03,14.83
6174,6,2,6,67,2019-05-03,9.05
6175,8,2,2,65,2019-05-03,12.63
6176,10,2,6,51,2019-05-03,19.17
6177,14,2,4,48,2019-05-03,27.70
6178,16,2,4,37,2019-05-03,39.76
6179,18,2,6,24,2019-05-03,26.01
6180,20,2,6,45,2019-05-03,18.72
6181,22,2,6,76,2019-05-03,21.45
6182,24,2,3,55,2019-05-03,24.00
6183,26,2,3,42,2019-05-03,22.08
6184,28,2,1,42,2019-05-03,18.97
6185,30,2,1,50,2019-05-03,27.20
6186,32,2,2,53,2019-05-03,26.87
6187,34,2,2,34,2019-05-03,30.74
6188,36,2,3,36,2019-05-03,23.38
6189,38,2,3,25,2019-05-03,22.82
6190,40,2,3,38,2019-05-03,24.32
6191,42,2,6,55,2019-05-03,9.74
6192,2,3,1,37,2019-05-03,14.44
6193,4,3,6,54,2019-05-03,14.79
6194,6,3,1,60,2019-05-03,9.62
6195,8,3,6,48,2019-05-03,14.65
6196,10,3,2,37,2019-05-03,15.65
6197,16,3,4,28,2019-05-03,48.87
6198,18,3,6,26,2019-05-03,22.85
6199,20,3,6,31,2019-05-03,18.66
6200,22,3,2,37,2019-05-03,22.04
6201,24,3,3,25,2019-05-03,23.06
6202,26,3,5,53,2019-05-03,21.44
6203,28,3,1,22,2019-05-03,17.79
6204,34,3,4,32,2019-05-03,34.61
6205,36,3,3,47,2019-05-03,24.05
6206,38,3,5,26,2019-05-03,22.56
6207,40,3,3,30,2019-05-03,24.73
6208,42,3,4,42,2019-05-03,9.36
6209,4,4,6,52,2019-05-03,17.61
6210,6,4,6,27,2019-05-03,10.76
6211,8,4,6,25,2019-05-03,12.89
6212,10,4,6,33,2019-05-03,14.98
6213,12,4,4,27,2019-05-03,35.85
6214,20,4,6,44,2019-05-03,16.99
6215,22,4,6,39,2019-05-03,18.42
6216,26,4,5,27,2019-05-03,20.04
6217,28,4,6,26,2019-05-03,17.88
6218,30,4,6,27,2019-05-03,24.34
6219,32,4,2,37,2019-05-03,25.87
6220,36,4,3,36,2019-05-03,25.34
6221,40,4,5,40,2019-05-03,28.95
6222,42,4,4,39,2019-05-03,10.73
6223,2,5,6,18,2019-05-03,15.18
6224,4,5,6,40,2019-05-03,16.63
6225,6,5,1,30,2019-05-03,10.02
6226,18,5,2,36,2019-05-03,25.55
6227,20,5,6,28,2019-05-03,16.24
6228,22,5,2,31,2019-05-03,21.89
6229,24,5,5,36,2019-05-03,24.64
6230,26,5,5,37,2019-05-03,23.21
6231,32,5,2,35,2019-05-03,26.17
6232,34,5,2,31,2019-05-03,36.52
6233,36,5,3,37,2019-05-03,24.52
6234,40,5,5,33,2019-05-03,24.84
6235,42,5,6,36,2019-05-03,9.26
6236,2,6,6,51,2019-05-03,13.09
6237,4,6,1,53,2019-05-03,15.39
6238,6,6,1,29,2019-05-03,10.90
6239,10,6,2,51,2019-05-03,15.27
6240,12,6,2,24,2019-05-03,31.76
6241,14,6,4,36,2019-05-03,26.68
6242,16,6,2,36,2019-05-03,39.71
6243,20,6,2,55,2019-05-03,16.14
6244,22,6,6,45,2019-05-03,21.67
6245,24,6,3,52,2019-05-03,25.75
6246,26,6,3,44,2019-05-03,22.51
6247,28,6,1,22,2019-05-03,15.60
6248,30,6,6,33,2019-05-03,30.77
6249,32,6,4,27,2019-05-03,25.14
6250,34,6,2,43,2019-05-03,34.62
6251,36,6,3,39,2019-05-03,22.33
6252,38,6,3,35,2019-05-03,22.91
6253,40,6,5,66,2019-05-03,25.31
6254,42,6,4,36,2019-05-03,10.54
6255,2,7,1,52,2019-05-03,15.83
6256,4,7,1,43,2019-05-03,16.86
6257,6,7,1,31,2019-05-03,11.28
6258,8,7,6,36,2019-05-03,15.03
6259,10,7,6,27,2019-05-03,17.74
6260,14,7,4,29,2019-05-03,28.94
6261,16,7,2,19,2019-05-03,48.20
6262,20,7,6,41,2019-05-03,17.66
6263,22,7,2,27,2019-05-03,21.29
6264,26,7,3,52,2019-05-03,20.45
6265,28,7,6,43,2019-05-03,18.30
6266,30,7,6,27,2019-05-03,23.81
6267,32,7,4,29,2019-05-03,24.24
6268,36,7,3,45,2019-05-03,22.72
6269,38,7,3,35,2019-05-03,23.16
6270,40,7,3,36,2019-05-03,27.57
6271,42,7,6,57,2019-05-03,10.25
6272,2,8,6,22,2019-05-03,14.28
6273,4,8,6,59,2019-05-03,16.10
6274,6,8,1,50,2019-05-03,11.00
6275,8,8,6,25,2019-05-03,15.81
6276,10,8,6,30,2019-05-03,17.54
6277,12,8,4,29,2019-05-03,35.55
6278,18,8,6,34,2019-05-03,26.00
6279,20,8,6,25,2019-05-03,19.36
6280,24,8,3,40,2019-05-03,22.90
6281,26,8,3,31,2019-05-03,19.17
6282,28,8,6,66,2019-05-03,15.24
6283,30,8,6,34,2019-05-03,27.48
6284,32,8,2,36,2019-05-03,28.70
6285,34,8,2,45,2019-05-03,30.95
6286,42,8,4,33,2019-05-03,9.23
6287,4,9,6,39,2019-05-03,16.28
6288,6,9,1,26,2019-05-03,9.62
6289,12,9,4,24,2019-05-03,37.02
6290,16,9,2,42,2019-05-03,39.60
6291,18,9,2,39,2019-05-03,23.28
6292,26,9,3,24,2019-05-03,20.18
6293,28,9,1,21,2019-05-03,17.17
6294,32,9,2,43,2019-05-03,26.05
6295,34,9,4,33,2019-05-03,32.05
6296,38,9,3,30,2019-05-03,24.73
6297,42,9,6,37,2019-05-03,9.98
6298,4,10,1,36,2019-05-03,14.66
6299,6,10,1,36,2019-05-03,9.25
6300,18,10,2,39,2019-05-03,24.78
6301,20,10,6,43,2019-05-03,18.43
6302,22,10,6,21,2019-05-03,23.27
6303,24,10,5,41,2019-05-03,26.07
6304,26,10,5,27,2019-05-03,22.26
6305,28,10,6,41,2019-05-03,18.11
6306,30,10,1,22,2019-05-03,27.37
6307,32,10,4,40,2019-05-03,25.16
6308,38,10,5,26,2019-05-03,20.78
6309,42,10,4,23,2019-05-03,9.88
6310,2,11,1,38,2019-05-03,15.09
6311,4,11,6,35,2019-05-03,15.77
6312,6,11,6,30,2019-05-03,10.86
6313,12,11,2,24,2019-05-03,30.35
6314,14,11,2,31,2019-05-03,27.20
6315,16,11,2,36,2019-05-03,42.46
6316,20,11,6,37,2019-05-03,19.45
6317,24,11,3,29,2019-05-03,25.75
6318,26,11,5,25,2019-05-03,21.07
6319,30,11,6,33,2019-05-03,24.36
6320,32,11,2,32,2019-05-03,24.29
6321,38,11,5,21,2019-05-03,20.17
6322,42,11,6,33,2019-05-03,10.38
6323,2,12,1,23,2019-05-03,13.20
6324,4,12,6,44,2019-05-03,15.21
6325,8,12,6,37,2019-05-03,16.32
6326,10,12,2,32,2019-05-03,16.85
6327,12,12,2,28,2019-05-03,32.41
6328,14,12,4,26,2019-05-03,25.00
6329,20,12,6,19,2019-05-03,17.56
6330,26,12,5,48,2019-05-03,21.20
6331,28,12,6,49,2019-05-03,15.14
6332,30,12,1,30,2019-05-03,28.11
6333,32,12,2,46,2019-05-03,25.46
6334,34,12,4,13,2019-05-03,32.64
6335,36,12,3,29,2019-05-03,23.72
6336,38,12,3,32,2019-05-03,21.46
6337,42,12,4,33,2019-05-03,8.36
6338,1,1,6,67,2019-05-17,11.82
6339,3,1,6,60,2019-05-17,10.98
6340,5,1,1,56,2019-05-17,12.54
6341,7,1,6,37,2019-05-17,13.04
6342,9,1,2,43,2019-05-17,12.18
6343,11,1,2,60,2019-05-17,13.65
6344,13,1,2,37,2019-05-17,31.96
6345,15,1,2,54,2019-05-17,43.48
6346,17,1,2,44,2019-05-17,33.25
6347,19,1,2,51,2019-05-17,26.92
6348,23,1,3,69,2019-05-17,18.25
6349,25,1,5,50,2019-05-17,18.30
6350,27,1,6,101,2019-05-17,13.08
6351,29,1,6,47,2019-05-17,12.81
6352,31,1,1,34,2019-05-17,20.60
6353,33,1,2,49,2019-05-17,23.42
6354,35,1,3,54,2019-05-17,14.51
6355,37,1,3,29,2019-05-17,21.62
6356,41,1,6,79,2019-05-17,8.65
6357,43,1,4,90,2019-05-17,6.02
6358,1,2,1,63,2019-05-17,11.45
6359,3,2,6,62,2019-05-17,12.21
6360,5,2,6,37,2019-05-17,12.82
6361,7,2,6,49,2019-05-17,12.01
6362,9,2,6,63,2019-05-17,10.22
6363,11,2,6,78,2019-05-17,15.30
6364,13,2,2,22,2019-05-17,27.65
6365,15,2,4,33,2019-05-17,43.95
6366,17,2,2,33,2019-05-17,36.53
6367,19,2,6,35,2019-05-17,29.33
6368,21,2,6,31,2019-05-17,37.42
6369,23,2,5,79,2019-05-17,20.36
6370,25,2,5,54,2019-05-17,19.46
6371,27,2,1,99,2019-05-17,13.03
6372,29,2,6,73,2019-05-17,12.69
6373,31,2,1,52,2019-05-17,18.93
6374,33,2,4,49,2019-05-17,24.45
6375,35,2,3,46,2019-05-17,14.46
6376,37,2,3,44,2019-05-17,21.95
6377,39,2,3,47,2019-05-17,24.79
6378,41,2,6,100,2019-05-17,8.06
6379,43,2,6,105,2019-05-17,7.72
6380,1,3,1,35,2019-05-17,13.16
6381,3,3,6,39,2019-05-17,11.06
6382,5,3,6,29,2019-05-17,14.39
6383,7,3,2,37,2019-05-17,12.75
6384,9,3,6,68,2019-05-17,10.50
6385,11,3,2,36,2019-05-17,15.24
6386,13,3,2,32,2019-05-17,29.07
6387,15,3,4,26,2019-05-17,40.05
6388,17,3,2,47,2019-05-17,32.95
6389,19,3,6,29,2019-05-17,30.14
6390,21,3,6,37,2019-05-17,32.74
6391,23,3,5,57,2019-05-17,23.23
6392,25,3,5,43,2019-05-17,19.22
6393,27,3,6,60,2019-05-17,13.61
6394,29,3,1,53,2019-05-17,13.21
6395,31,3,1,32,2019-05-17,19.05
6396,33,3,4,49,2019-05-17,19.27
6397,35,3,3,32,2019-05-17,14.92
6398,37,3,3,33,2019-05-17,20.33
6399,39,3,3,34,2019-05-17,21.75
6400,41,3,6,67,2019-05-17,9.28
6401,43,3,4,48,2019-05-17,7.38
6402,1,4,6,34,2019-05-17,13.73
6403,5,4,6,25,2019-05-17,12.58
6404,11,4,2,26,2019-05-17,14.23
6405,13,4,2,24,2019-05-17,25.68
6406,17,4,2,25,2019-05-17,32.94
6407,23,4,5,35,2019-05-17,20.80
6408,27,4,1,41,2019-05-17,16.32
6409,29,4,6,36,2019-05-17,14.36
6410,31,4,1,24,2019-05-17,16.39
6411,33,4,4,30,2019-05-17,24.81
6412,39,4,5,40,2019-05-17,24.69
6413,41,4,4,50,2019-05-17,9.37
6414,43,4,6,47,2019-05-17,6.09
6415,1,5,1,24,2019-05-17,11.86
6416,5,5,1,31,2019-05-17,14.60
6417,7,5,2,32,2019-05-17,13.64
6418,9,5,6,33,2019-05-17,12.38
6419,11,5,2,27,2019-05-17,16.74
6420,13,5,4,24,2019-05-17,27.11
6421,19,5,6,48,2019-05-17,31.55
6422,23,5,3,33,2019-05-17,20.12
6423,25,5,5,33,2019-05-17,16.81
6424,29,5,1,28,2019-05-17,13.04
6425,35,5,3,28,2019-05-17,15.49
6426,37,5,3,7,2019-05-17,19.93
6427,41,5,6,34,2019-05-17,8.89
6428,43,5,4,30,2019-05-17,6.13
6429,1,6,6,53,2019-05-17,12.30
6430,3,6,6,37,2019-05-17,12.21
6431,5,6,6,31,2019-05-17,14.18
6432,7,6,2,27,2019-05-17,12.68
6433,9,6,6,31,2019-05-17,10.65
6434,11,6,2,37,2019-05-17,13.48
6435,13,6,4,36,2019-05-17,26.50
6436,15,6,2,36,2019-05-17,45.88
6437,17,6,4,47,2019-05-17,29.24
6438,19,6,2,49,2019-05-17,26.55
6439,21,6,6,46,2019-05-17,40.61
6440,27,6,6,30,2019-05-17,15.24
6441,29,6,1,26,2019-05-17,12.30
6442,35,6,3,26,2019-05-17,14.41
6443,37,6,3,30,2019-05-17,21.59
6444,39,6,3,33,2019-05-17,24.01
6445,41,6,6,73,2019-05-17,8.61
6446,43,6,4,40,2019-05-17,6.42
6447,1,7,6,34,2019-05-17,12.27
6448,5,7,6,34,2019-05-17,14.22
6449,9,7,2,42,2019-05-17,10.74
6450,11,7,2,36,2019-05-17,14.13
6451,13,7,2,32,2019-05-17,28.03
6452,23,7,3,42,2019-05-17,23.64
6453,25,7,3,25,2019-05-17,18.77
6454,27,7,6,31,2019-05-17,14.30
6455,29,7,6,26,2019-05-17,11.66
6456,31,7,6,25,2019-05-17,17.05
6457,33,7,2,23,2019-05-17,19.65
6458,39,7,3,33,2019-05-17,21.23
6459,41,7,4,24,2019-05-17,8.50
6460,43,7,4,45,2019-05-17,6.11
6461,1,8,1,49,2019-05-17,12.33
6462,3,8,1,58,2019-05-17,11.35
6463,5,8,6,40,2019-05-17,13.81
6464,7,8,2,57,2019-05-17,10.83
6465,9,8,6,57,2019-05-17,11.25
6466,11,8,6,54,2019-05-17,16.92
6467,15,8,4,40,2019-05-17,39.28
6468,17,8,2,23,2019-05-17,30.26
6469,19,8,6,26,2019-05-17,33.03
6470,23,8,3,48,2019-05-17,20.48
6471,25,8,3,26,2019-05-17,20.31
6472,27,8,1,58,2019-05-17,14.61
6473,29,8,1,38,2019-05-17,14.20
6474,31,8,1,47,2019-05-17,17.20
6475,33,8,4,39,2019-05-17,20.70
6476,35,8,3,26,2019-05-17,13.91
6477,37,8,3,32,2019-05-17,23.61
6478,41,8,4,41,2019-05-17,7.62
6479,43,8,4,63,2019-05-17,7.35
6480,1,9,6,62,2019-05-17,10.75
6481,5,9,6,27,2019-05-17,13.99
6482,7,9,6,42,2019-05-17,10.95
6483,9,9,2,38,2019-05-17,11.66
6484,11,9,6,35,2019-05-17,14.99
6485,13,9,4,15,2019-05-17,27.18
6486,15,9,4,34,2019-05-17,45.74
6487,17,9,2,40,2019-05-17,30.09
6488,23,9,3,33,2019-05-17,20.37
6489,29,9,6,24,2019-05-17,12.07
6490,31,9,6,26,2019-05-17,18.85
6491,35,9,3,33,2019-05-17,15.27
6492,37,9,3,30,2019-05-17,18.71
6493,39,9,5,22,2019-05-17,22.05
6494,41,9,6,46,2019-05-17,8.86
6495,43,9,4,53,2019-05-17,6.27
6496,1,10,1,56,2019-05-17,13.38
6497,3,10,6,53,2019-05-17,10.72
6498,5,10,6,28,2019-05-17,13.84
6499,7,10,6,62,2019-05-17,13.44
6500,9,10,6,33,2019-05-17,11.51
6501,11,10,2,39,2019-05-17,15.69
6502,19,10,6,48,2019-05-17,29.01
6503,23,10,3,49,2019-05-17,20.23
6504,25,10,5,22,2019-05-17,20.40
6505,27,10,1,24,2019-05-17,13.21
6506,29,10,6,31,2019-05-17,13.25
6507,31,10,1,29,2019-05-17,17.70
6508,37,10,3,41,2019-05-17,20.81
6509,39,10,5,30,2019-05-17,25.45
6510,41,10,4,92,2019-05-17,8.53
6511,43,10,4,57,2019-05-17,7.39
6512,3,11,6,37,2019-05-17,12.29
6513,5,11,1,24,2019-05-17,14.88
6514,7,11,2,27,2019-05-17,12.59
6515,9,11,6,47,2019-05-17,9.94
6516,11,11,2,31,2019-05-17,16.40
6517,13,11,2,27,2019-05-17,31.91
6518,19,11,6,26,2019-05-17,33.08
6519,21,11,2,24,2019-05-17,33.97
6520,23,11,3,29,2019-05-17,23.15
6521,33,11,4,30,2019-05-17,21.80
6522,39,11,3,37,2019-05-17,26.32
6523,41,11,4,40,2019-05-17,8.98
6524,43,11,6,32,2019-05-17,6.05
6525,1,12,1,34,2019-05-17,13.13
6526,3,12,1,27,2019-05-17,12.30
6527,7,12,6,46,2019-05-17,11.13
6528,11,12,6,31,2019-05-17,14.51
6529,19,12,6,24,2019-05-17,30.10
6530,21,12,6,29,2019-05-17,33.23
6531,23,12,3,44,2019-05-17,20.72
6532,27,12,1,23,2019-05-17,14.66
6533,37,12,3,26,2019-05-17,23.55
6534,41,12,6,24,2019-05-17,8.73
6535,43,12,4,45,2019-05-17,7.53
6536,2,1,1,50,2019-06-03,14.36
6537,4,1,6,78,2019-06-03,16.26
6538,6,1,1,62,2019-06-03,9.62
6539,8,1,2,81,2019-06-03,15.36
6540,10,1,6,46,2019-06-03,17.59
6541,12,1,4,62,2019-06-03,36.08
6542,14,1,4,58,2019-06-03,22.65
6543,16,1,4,50,2019-06-03,51.51
6544,18,1,6,44,2019-06-03,26.32
6545,20,1,6,47,2019-06-03,17.90
6546,22,1,6,43,2019-06-03,20.82
6547,24,1,5,78,2019-06-03,23.36
6548,26,1,5,71,2019-06-03,20.79
6549,28,1,6,96,2019-06-03,15.78
6550,30,1,1,30,2019-06-03,27.92
6551,32,1,4,60,2019-06-03,27.37
6552,34,1,4,27,2019-06-03,32.36
6553,36,1,3,39,2019-06-03,22.84
6554,38,1,3,55,2019-06-03,20.55
6555,40,1,3,60,2019-06-03,24.17
6556,42,1,6,47,2019-06-03,10.07
6557,2,2,6,88,2019-06-03,14.67
6558,4,2,1,114,2019-06-03,15.23
6559,6,2,1,73,2019-06-03,10.39
6560,8,2,6,72,2019-06-03,14.09
6561,10,2,2,65,2019-06-03,18.06
6562,12,2,2,44,2019-06-03,31.73
6563,14,2,2,63,2019-06-03,29.09
6564,16,2,4,56,2019-06-03,40.10
6565,18,2,6,48,2019-06-03,23.49
6566,20,2,2,73,2019-06-03,18.55
6567,22,2,6,66,2019-06-03,18.57
6568,24,2,3,44,2019-06-03,22.49
6569,26,2,3,127,2019-06-03,19.79
6570,28,2,1,74,2019-06-03,18.47
6571,30,2,6,31,2019-06-03,26.71
6572,32,2,2,74,2019-06-03,25.46
6573,34,2,4,77,2019-06-03,33.79
6574,36,2,3,78,2019-06-03,24.04
6575,38,2,3,46,2019-06-03,22.32
6576,40,2,3,53,2019-06-03,26.06
6577,42,2,6,74,2019-06-03,8.71
6578,2,3,1,48,2019-06-03,14.78
6579,4,3,6,85,2019-06-03,16.48
6580,6,3,6,63,2019-06-03,10.43
6581,8,3,2,48,2019-06-03,14.68
6582,10,3,2,48,2019-06-03,18.57
6583,12,3,4,42,2019-06-03,32.44
6584,14,3,2,61,2019-06-03,27.55
6585,16,3,2,60,2019-06-03,51.32
6586,18,3,2,46,2019-06-03,25.92
6587,20,3,6,35,2019-06-03,20.02
6588,22,3,6,69,2019-06-03,20.63
6589,24,3,3,59,2019-06-03,24.52
6590,26,3,3,72,2019-06-03,23.38
6591,28,3,1,79,2019-06-03,18.68
6592,30,3,6,51,2019-06-03,26.05
6593,32,3,4,86,2019-06-03,25.34
6594,34,3,2,43,2019-06-03,30.45
6595,36,3,3,38,2019-06-03,24.26
6596,38,3,5,25,2019-06-03,21.86
6597,40,3,3,49,2019-06-03,24.05
6598,42,3,4,36,2019-06-03,8.96
6599,2,4,1,63,2019-06-03,13.30
6600,4,4,6,46,2019-06-03,14.41
6601,6,4,6,73,2019-06-03,9.46
6602,8,4,6,35,2019-06-03,14.28
6603,10,4,6,46,2019-06-03,19.17
6604,14,4,2,27,2019-06-03,27.70
6605,16,4,4,51,2019-06-03,44.70
6606,18,4,2,47,2019-06-03,22.80
6607,20,4,2,56,2019-06-03,17.36
6608,22,4,2,49,2019-06-03,19.44
6609,24,4,3,47,2019-06-03,26.42
6610,26,4,3,47,2019-06-03,19.63
6611,28,4,6,36,2019-06-03,15.47
6612,30,4,1,48,2019-06-03,28.70
6613,32,4,4,40,2019-06-03,24.46
6614,34,4,2,57,2019-06-03,31.72
6615,36,4,3,38,2019-06-03,22.89
6616,38,4,3,33,2019-06-03,22.11
6617,40,4,5,74,2019-06-03,25.42
6618,42,4,6,61,2019-06-03,9.09
6619,4,5,6,28,2019-06-03,17.91
6620,8,5,2,40,2019-06-03,13.82
6621,10,5,6,54,2019-06-03,17.27
6622,12,5,4,29,2019-06-03,29.59
6623,14,5,2,36,2019-06-03,27.37
6624,16,5,4,50,2019-06-03,47.71
6625,22,5,2,38,2019-06-03,21.57
6626,24,5,3,36,2019-06-03,26.61
6627,26,5,3,45,2019-06-03,21.98
6628,28,5,6,59,2019-06-03,15.61
6629,30,5,6,50,2019-06-03,30.82
6630,38,5,5,36,2019-06-03,19.92
6631,40,5,3,34,2019-06-03,27.48
6632,42,5,6,24,2019-06-03,9.91
6633,2,6,6,49,2019-06-03,15.82
6634,4,6,6,75,2019-06-03,16.79
6635,6,6,1,50,2019-06-03,9.46
6636,8,6,2,74,2019-06-03,15.72
6637,10,6,6,32,2019-06-03,15.85
6638,12,6,4,37,2019-06-03,31.08
6639,14,6,4,37,2019-06-03,24.90
6640,16,6,4,45,2019-06-03,51.26
6641,18,6,2,51,2019-06-03,22.15
6642,20,6,2,74,2019-06-03,16.60
6643,22,6,2,66,2019-06-03,19.46
6644,24,6,5,45,2019-06-03,22.51
6645,26,6,3,44,2019-06-03,20.05
6646,28,6,1,63,2019-06-03,16.77
6647,30,6,1,36,2019-06-03,26.27
6648,32,6,2,39,2019-06-03,27.89
6649,34,6,2,32,2019-06-03,32.72
6650,36,6,3,50,2019-06-03,22.49
6651,40,6,5,55,2019-06-03,30.07
6652,42,6,4,44,2019-06-03,8.49
6653,2,7,1,39,2019-06-03,16.27
6654,4,7,1,65,2019-06-03,17.14
6655,6,7,6,62,2019-06-03,8.98
6656,8,7,6,55,2019-06-03,15.21
6657,10,7,6,39,2019-06-03,17.19
6658,12,7,4,51,2019-06-03,33.26
6659,16,7,2,26,2019-06-03,44.66
6660,18,7,6,75,2019-06-03,23.62
6661,20,7,2,47,2019-06-03,18.57
6662,22,7,2,62,2019-06-03,20.72
6663,24,7,3,60,2019-06-03,23.11
6664,26,7,5,53,2019-06-03,21.44
6665,28,7,1,40,2019-06-03,16.90
6666,32,7,4,47,2019-06-03,26.47
6667,34,7,2,50,2019-06-03,30.77
6668,36,7,3,42,2019-06-03,24.31
6669,40,7,5,43,2019-06-03,28.07
6670,42,7,6,30,2019-06-03,8.82
6671,2,8,6,33,2019-06-03,13.71
6672,4,8,1,51,2019-06-03,17.46
6673,6,8,6,55,2019-06-03,10.21
6674,8,8,2,59,2019-06-03,14.24
6675,10,8,6,51,2019-06-03,17.94
6676,12,8,4,40,2019-06-03,35.22
6677,14,8,2,51,2019-06-03,26.85
6678,16,8,4,47,2019-06-03,44.52
6679,18,8,2,49,2019-06-03,23.56
6680,20,8,2,70,2019-06-03,19.96
6681,22,8,2,77,2019-06-03,22.16
6682,24,8,5,47,2019-06-03,22.65
6683,26,8,5,58,2019-06-03,23.95
6684,28,8,6,43,2019-06-03,18.69
6685,30,8,1,45,2019-06-03,29.58
6686,32,8,2,44,2019-06-03,27.88
6687,34,8,4,61,2019-06-03,30.15
6688,36,8,3,75,2019-06-03,27.93
6689,38,8,3,58,2019-06-03,23.32
6690,40,8,3,53,2019-06-03,30.63
6691,42,8,6,52,2019-06-03,8.38
6692,2,9,1,46,2019-06-03,15.84
6693,4,9,1,46,2019-06-03,14.34
6694,6,9,6,27,2019-06-03,11.07
6695,8,9,2,46,2019-06-03,15.62
6696,10,9,2,42,2019-06-03,19.23
6697,12,9,2,25,2019-06-03,38.17
6698,14,9,2,36,2019-06-03,28.92
6699,16,9,4,27,2019-06-03,44.08
6700,20,9,6,49,2019-06-03,16.96
6701,22,9,6,46,2019-06-03,21.06
6702,24,9,3,39,2019-06-03,24.80
6703,26,9,3,46,2019-06-03,21.65
6704,28,9,6,34,2019-06-03,16.17
6705,30,9,6,32,2019-06-03,27.51
6706,32,9,2,32,2019-06-03,25.33
6707,36,9,3,35,2019-06-03,24.01
6708,38,9,3,32,2019-06-03,20.26
6709,40,9,3,42,2019-06-03,28.70
6710,2,10,1,42,2019-06-03,14.46
6711,4,10,1,51,2019-06-03,16.60
6712,6,10,6,64,2019-06-03,11.54
6713,8,10,2,47,2019-06-03,16.18
6714,10,10,6,47,2019-06-03,17.88
6715,12,10,2,34,2019-06-03,37.60
6716,14,10,4,38,2019-06-03,25.05
6717,16,10,2,38,2019-06-03,40.76
6718,18,10,6,36,2019-06-03,22.36
6719,20,10,6,35,2019-06-03,18.06
6720,22,10,6,35,2019-06-03,23.25
6721,24,10,5,29,2019-06-03,23.96
6722,26,10,5,50,2019-06-03,20.83
6723,28,10,6,27,2019-06-03,17.65
6724,30,10,1,57,2019-06-03,29.28
6725,32,10,4,53,2019-06-03,25.82
6726,34,10,2,42,2019-06-03,34.09
6727,36,10,3,93,2019-06-03,23.85
6728,40,10,3,61,2019-06-03,30.59
6729,42,10,6,50,2019-06-03,10.03
6730,2,11,1,52,2019-06-03,15.64
6731,4,11,6,71,2019-06-03,14.64
6732,6,11,6,37,2019-06-03,9.85
6733,8,11,6,60,2019-06-03,16.11
6734,10,11,6,93,2019-06-03,15.19
6735,12,11,2,29,2019-06-03,32.08
6736,14,11,4,39,2019-06-03,23.41
6737,16,11,2,36,2019-06-03,49.89
6738,18,11,6,43,2019-06-03,27.89
6739,22,11,6,44,2019-06-03,22.25
6740,24,11,3,62,2019-06-03,22.98
6741,26,11,3,35,2019-06-03,22.70
6742,28,11,1,64,2019-06-03,16.90
6743,30,11,1,29,2019-06-03,25.24
6744,32,11,2,27,2019-06-03,28.59
6745,34,11,4,22,2019-06-03,34.71
6746,36,11,3,57,2019-06-03,24.89
6747,40,11,5,51,2019-06-03,28.02
6748,4,12,1,38,2019-06-03,17.21
6749,6,12,1,48,2019-06-03,11.17
6750,8,12,2,30,2019-06-03,12.56
6751,16,12,2,50,2019-06-03,51.10
6752,18,12,2,45,2019-06-03,23.60
6753,20,12,2,39,2019-06-03,18.48
6754,22,12,2,51,2019-06-03,21.50
6755,24,12,5,45,2019-06-03,23.27
6756,28,12,1,60,2019-06-03,18.38
6757,32,12,4,29,2019-06-03,28.91
6758,38,12,3,27,2019-06-03,22.82
6759,40,12,5,58,2019-06-03,30.12
6760,1,1,1,67,2019-06-17,12.90
6761,3,1,6,91,2019-06-17,12.16
6762,5,1,6,73,2019-06-17,14.91
6763,7,1,2,72,2019-06-17,13.21
6764,9,1,2,64,2019-06-17,12.42
6765,11,1,2,78,2019-06-17,13.42
6766,13,1,2,29,2019-06-17,28.11
6767,15,1,4,24,2019-06-17,41.10
6768,17,1,2,41,2019-06-17,31.07
6769,19,1,2,33,2019-06-17,33.36
6770,21,1,6,46,2019-06-17,35.27
6771,23,1,3,110,2019-06-17,19.22
6772,25,1,5,44,2019-06-17,18.52
6773,27,1,1,88,2019-06-17,14.08
6774,29,1,1,99,2019-06-17,11.42
6775,31,1,1,40,2019-06-17,20.25
6776,33,1,4,44,2019-06-17,22.00
6777,35,1,3,49,2019-06-17,17.19
6778,37,1,3,72,2019-06-17,19.42
6779,39,1,3,73,2019-06-17,21.21
6780,41,1,4,87,2019-06-17,9.23
6781,43,1,4,115,2019-06-17,7.39
6782,1,2,1,108,2019-06-17,13.20
6783,3,2,1,73,2019-06-17,9.84
6784,5,2,6,60,2019-06-17,11.60
6785,7,2,2,56,2019-06-17,12.90
6786,9,2,6,108,2019-06-17,12.71
6787,11,2,2,91,2019-06-17,15.06
6788,13,2,4,63,2019-06-17,25.75
6789,15,2,4,61,2019-06-17,45.68
6790,17,2,2,74,2019-06-17,35.46
6791,19,2,6,64,2019-06-17,32.12
6792,21,2,2,61,2019-06-17,34.63
6793,23,2,3,116,2019-06-17,18.33
6794,25,2,3,85,2019-06-17,16.34
6795,27,2,1,98,2019-06-17,13.86
6796,29,2,1,105,2019-06-17,14.23
6797,31,2,6,46,2019-06-17,17.16
6798,33,2,2,56,2019-06-17,21.14
6799,35,2,3,57,2019-06-17,16.90
6800,37,2,3,47,2019-06-17,23.56
6801,41,2,4,91,2019-06-17,9.12
6802,43,2,6,85,2019-06-17,6.32
6803,1,3,6,99,2019-06-17,11.35
6804,3,3,1,81,2019-06-17,10.85
6805,5,3,1,45,2019-06-17,14.38
6806,7,3,2,36,2019-06-17,11.08
6807,9,3,6,62,2019-06-17,10.43
6808,11,3,2,66,2019-06-17,15.93
6809,15,3,2,43,2019-06-17,46.39
6810,19,3,6,38,2019-06-17,30.22
6811,21,3,6,46,2019-06-17,34.68
6812,23,3,5,86,2019-06-17,18.28
6813,25,3,3,24,2019-06-17,16.47
6814,27,3,1,61,2019-06-17,15.49
6815,29,3,6,40,2019-06-17,12.07
6816,31,3,6,37,2019-06-17,19.29
6817,33,3,4,30,2019-06-17,22.62
6818,35,3,3,65,2019-06-17,15.17
6819,39,3,5,44,2019-06-17,23.04
6820,41,3,6,97,2019-06-17,8.91
6821,43,3,4,105,2019-06-17,6.18
6822,3,4,6,71,2019-06-17,10.63
6823,5,4,1,40,2019-06-17,14.38
6824,7,4,2,47,2019-06-17,12.77
6825,9,4,2,65,2019-06-17,12.00
6826,11,4,2,80,2019-06-17,14.59
6827,13,4,2,26,2019-06-17,26.91
6828,15,4,2,37,2019-06-17,41.54
6829,19,4,6,37,2019-06-17,31.43
6830,21,4,2,46,2019-06-17,34.62
6831,23,4,5,72,2019-06-17,19.50
6832,25,4,3,51,2019-06-17,17.68
6833,27,4,1,32,2019-06-17,12.75
6834,29,4,6,47,2019-06-17,14.15
6835,31,4,6,42,2019-06-17,16.70
6836,33,4,2,52,2019-06-17,22.41
6837,35,4,3,38,2019-06-17,16.68
6838,37,4,3,43,2019-06-17,19.66
6839,41,4,6,78,2019-06-17,8.09
6840,43,4,4,49,2019-06-17,7.67
6841,1,5,6,39,2019-06-17,12.63
6842,3,5,6,31,2019-06-17,10.62
6843,5,5,6,28,2019-06-17,12.77
6844,9,5,6,46,2019-06-17,10.83
6845,15,5,4,28,2019-06-17,42.51
6846,17,5,2,12,2019-06-17,31.87
6847,21,5,2,28,2019-06-17,34.08
6848,23,5,3,52,2019-06-17,21.46
6849,25,5,5,24,2019-06-17,19.09
6850,27,5,1,52,2019-06-17,14.90
6851,31,5,6,44,2019-06-17,19.72
6852,33,5,4,52,2019-06-17,21.66
6853,39,5,3,35,2019-06-17,22.78
6854,41,5,6,54,2019-06-17,8.10
6855,43,5,4,55,2019-06-17,6.70
6856,1,6,6,79,2019-06-17,11.14
6857,3,6,6,54,2019-06-17,10.76
6858,5,6,6,37,2019-06-17,12.66
6859,7,6,6,51,2019-06-17,11.44
6860,9,6,2,45,2019-06-17,12.55
6861,11,6,2,79,2019-06-17,14.36
6862,13,6,4,33,2019-06-17,30.32
6863,15,6,2,34,2019-06-17,46.42
6864,17,6,4,46,2019-06-17,34.83
6865,19,6,6,31,2019-06-17,30.37
6866,21,6,6,42,2019-06-17,34.53
6867,23,6,3,77,2019-06-17,22.02
6868,25,6,3,57,2019-06-17,16.14
6869,27,6,1,76,2019-06-17,13.04
6870,29,6,1,51,2019-06-17,11.99
6871,31,6,1,67,2019-06-17,19.63
6872,33,6,2,58,2019-06-17,24.58
6873,35,6,3,29,2019-06-17,14.44
6874,37,6,3,37,2019-06-17,21.45
6875,41,6,6,70,2019-06-17,9.13
6876,43,6,6,68,2019-06-17,7.74
6877,1,7,1,64,2019-06-17,12.04
6878,3,7,6,58,2019-06-17,9.88
6879,5,7,1,45,2019-06-17,13.74
6880,7,7,2,47,2019-06-17,10.74
6881,9,7,2,49,2019-06-17,12.24
6882,11,7,6,67,2019-06-17,13.35
6883,13,7,2,40,2019-06-17,30.33
6884,15,7,4,32,2019-06-17,45.23
6885,17,7,4,37,2019-06-17,29.01
6886,19,7,2,52,2019-06-17,27.20
6887,21,7,6,45,2019-06-17,39.10
6888,23,7,5,86,2019-06-17,22.47
6889,25,7,3,38,2019-06-17,20.05
6890,27,7,6,67,2019-06-17,15.38
6891,29,7,1,47,2019-06-17,14.35
6892,31,7,6,27,2019-06-17,16.99
6893,33,7,2,41,2019-06-17,19.71
6894,35,7,3,47,2019-06-17,15.46
6895,37,7,3,30,2019-06-17,20.41
6896,39,7,3,50,2019-06-17,20.79
6897,41,7,6,61,2019-06-17,8.98
6898,43,7,6,64,2019-06-17,6.93
6899,1,8,1,59,2019-06-17,11.90
6900,3,8,6,54,2019-06-17,10.17
6901,5,8,1,45,2019-06-17,14.62
6902,7,8,2,33,2019-06-17,12.42
6903,9,8,6,70,2019-06-17,11.14
6904,11,8,6,52,2019-06-17,16.66
6905,13,8,2,62,2019-06-17,31.81
6906,15,8,4,38,2019-06-17,46.11
6907,17,8,4,40,2019-06-17,28.27
6908,19,8,6,47,2019-06-17,26.74
6909,21,8,6,52,2019-06-17,36.22
6910,23,8,3,77,2019-06-17,19.79
6911,25,8,3,51,2019-06-17,17.69
6912,27,8,1,62,2019-06-17,16.01
6913,29,8,1,62,2019-06-17,12.77
6914,31,8,1,48,2019-06-17,16.43
6915,33,8,4,40,2019-06-17,20.33
6916,35,8,3,46,2019-06-17,14.15
6917,37,8,3,32,2019-06-17,20.23
6918,39,8,3,42,2019-06-17,23.73
6919,41,8,6,66,2019-06-17,8.68
6920,43,8,6,140,2019-06-17,7.62
6921,1,9,1,35,2019-06-17,11.74
6922,3,9,6,58,2019-06-17,12.12
6923,5,9,1,41,2019-06-17,14.99
6924,11,9,2,39,2019-06-17,16.45
6925,17,9,2,25,2019-06-17,28.42
6926,19,9,6,29,2019-06-17,27.67
6927,21,9,2,39,2019-06-17,39.68
6928,23,9,3,34,2019-06-17,22.33
6929,25,9,3,39,2019-06-17,17.64
6930,27,9,6,68,2019-06-17,13.28
6931,29,9,6,35,2019-06-17,14.53
6932,31,9,6,23,2019-06-17,17.75
6933,33,9,4,55,2019-06-17,19.98
6934,41,9,6,50,2019-06-17,7.43
6935,43,9,4,58,2019-06-17,6.19
6936,1,10,1,23,2019-06-17,13.60
6937,3,10,6,43,2019-06-17,11.12
6938,5,10,6,39,2019-06-17,14.74
6939,9,10,2,61,2019-06-17,12.46
6940,11,10,2,53,2019-06-17,16.07
6941,13,10,4,51,2019-06-17,30.32
6942,15,10,2,43,2019-06-17,37.62
6943,17,10,4,45,2019-06-17,31.73
6944,21,10,6,54,2019-06-17,33.15
6945,23,10,5,50,2019-06-17,21.42
6946,25,10,5,58,2019-06-17,16.82
6947,27,10,1,59,2019-06-17,12.73
6948,29,10,6,67,2019-06-17,14.24
6949,31,10,6,36,2019-06-17,17.28
6950,33,10,2,44,2019-06-17,24.06
6951,35,10,3,62,2019-06-17,17.78
6952,37,10,3,39,2019-06-17,22.27
6953,41,10,6,55,2019-06-17,7.77
6954,43,10,4,50,2019-06-17,7.26
6955,1,11,6,49,2019-06-17,10.77
6956,3,11,1,74,2019-06-17,11.51
6957,5,11,1,45,2019-06-17,12.44
6958,7,11,6,38,2019-06-17,12.70
6959,9,11,2,48,2019-06-17,10.05
6960,11,11,6,23,2019-06-17,16.96
6961,15,11,4,52,2019-06-17,45.99
6962,17,11,4,46,2019-06-17,34.34
6963,21,11,2,32,2019-06-17,40.08
6964,23,11,3,76,2019-06-17,20.11
6965,25,11,3,73,2019-06-17,18.87
6966,27,11,1,76,2019-06-17,15.02
6967,29,11,6,86,2019-06-17,12.67
6968,31,11,1,45,2019-06-17,17.94
6969,33,11,2,51,2019-06-17,19.61
6970,35,11,3,52,2019-06-17,15.86
6971,37,11,3,26,2019-06-17,22.00
6972,39,11,3,49,2019-06-17,24.52
6973,41,11,6,61,2019-06-17,7.72
6974,43,11,4,35,2019-06-17,7.33
6975,1,12,1,36,2019-06-17,11.90
6976,3,12,6,44,2019-06-17,11.24
6977,5,12,1,58,2019-06-17,13.81
6978,9,12,2,48,2019-06-17,12.18
6979,11,12,2,48,2019-06-17,13.70
6980,13,12,4,33,2019-06-17,31.62
6981,15,12,4,24,2019-06-17,44.09
6982,17,12,2,27,2019-06-17,33.46
6983,23,12,5,64,2019-06-17,23.17
6984,25,12,3,39,2019-06-17,16.44
6985,27,12,1,58,2019-06-17,12.56
6986,29,12,6,59,2019-06-17,14.03
6987,31,12,6,47,2019-06-17,16.21
6988,33,12,2,21,2019-06-17,23.44
6989,35,12,3,34,2019-06-17,17.04
6990,39,12,3,46,2019-06-17,26.07
6991,41,12,6,31,2019-06-17,9.30
6992,43,12,6,39,2019-06-17,7.08
6993,2,1,1,47,2019-07-03,15.07
6994,4,1,6,93,2019-07-03,17.35
6995,6,1,6,53,2019-07-03,9.21
6996,8,1,6,46,2019-07-03,15.49
6997,10,1,6,35,2019-07-03,15.82
6998,12,1,2,43,2019-07-03,35.62
6999,14,1,4,44,2019-07-03,23.11
7000,18,1,2,51,2019-07-03,26.69
7001,20,1,2,37,2019-07-03,16.41
7002,22,1,6,38,2019-07-03,18.48
7003,24,1,5,52,2019-07-03,21.98
7004,26,1,5,51,2019-07-03,24.12
7005,28,1,1,58,2019-07-03,15.97
7006,30,1,1,52,2019-07-03,28.30
7007,32,1,2,38,2019-07-03,28.46
7008,34,1,4,42,2019-07-03,28.96
7009,36,1,3,56,2019-07-03,23.03
7010,38,1,3,67,2019-07-03,20.49
7011,40,1,3,25,2019-07-03,30.07
7012,42,1,4,71,2019-07-03,10.31
7013,2,2,6,69,2019-07-03,13.17
7014,4,2,1,56,2019-07-03,16.05
7015,6,2,6,34,2019-07-03,10.61
7016,8,2,2,75,2019-07-03,15.39
7017,10,2,2,36,2019-07-03,17.94
7018,12,2,4,31,2019-07-03,29.54
7019,14,2,2,47,2019-07-03,22.97
7020,16,2,4,46,2019-07-03,42.65
7021,18,2,6,23,2019-07-03,23.19
7022,20,2,2,49,2019-07-03,18.91
7023,22,2,2,60,2019-07-03,18.73
7024,24,2,3,33,2019-07-03,25.20
7025,26,2,3,52,2019-07-03,22.37
7026,28,2,1,48,2019-07-03,18.19
7027,30,2,1,33,2019-07-03,26.03
7028,32,2,4,49,2019-07-03,27.16
7029,34,2,2,46,2019-07-03,34.12
7030,36,2,3,48,2019-07-03,27.86
7031,38,2,5,27,2019-07-03,19.59
7032,40,2,3,75,2019-07-03,24.21
7033,42,2,4,44,2019-07-03,9.20
7034,4,3,6,55,2019-07-03,16.46
7035,6,3,6,46,2019-07-03,10.92
7036,8,3,2,55,2019-07-03,15.31
7037,10,3,2,20,2019-07-03,18.77
7038,14,3,2,33,2019-07-03,28.13
7039,16,3,2,28,2019-07-03,42.37
7040,20,3,6,31,2019-07-03,18.13
7041,22,3,2,45,2019-07-03,20.55
7042,24,3,5,32,2019-07-03,25.36
7043,26,3,3,28,2019-07-03,21.22
7044,28,3,6,39,2019-07-03,17.06
7045,32,3,2,53,2019-07-03,25.93
7046,34,3,2,24,2019-07-03,29.24
7047,40,3,5,27,2019-07-03,30.07
7048,42,3,4,44,2019-07-03,8.39
7049,2,4,6,21,2019-07-03,14.90
7050,4,4,1,31,2019-07-03,14.37
7051,12,4,2,31,2019-07-03,34.70
7052,16,4,2,24,2019-07-03,44.63
7053,18,4,6,32,2019-07-03,21.68
7054,22,4,6,31,2019-07-03,20.52
7055,28,4,1,38,2019-07-03,17.67
7056,30,4,6,28,2019-07-03,25.08
7057,2,5,1,24,2019-07-03,15.65
7058,4,5,6,28,2019-07-03,14.81
7059,6,5,1,54,2019-07-03,9.61
7060,18,5,2,19,2019-07-03,21.63
7061,20,5,6,23,2019-07-03,20.59
7062,32,5,4,18,2019-07-03,22.60
7063,34,5,2,33,2019-07-03,35.04
7064,36,5,3,26,2019-07-03,27.70
7065,42,5,4,33,2019-07-03,9.17
7066,2,6,1,36,2019-07-03,12.93
7067,4,6,1,54,2019-07-03,16.17
7068,6,6,1,41,2019-07-03,9.68
7069,8,6,2,32,2019-07-03,13.32
7070,10,6,2,35,2019-07-03,18.43
7071,12,6,4,22,2019-07-03,33.86
7072,16,6,2,27,2019-07-03,47.17
7073,18,6,2,26,2019-07-03,27.21
7074,20,6,6,25,2019-07-03,15.97
7075,22,6,2,32,2019-07-03,23.04
7076,24,6,3,24,2019-07-03,26.10
7077,26,6,3,46,2019-07-03,24.49
7078,28,6,6,49,2019-07-03,16.91
7079,32,6,2,47,2019-07-03,24.54
7080,34,6,4,26,2019-07-03,30.59
7081,36,6,3,35,2019-07-03,25.88
7082,38,6,3,29,2019-07-03,22.57
7083,40,6,3,36,2019-07-03,27.44
7084,42,6,4,23,2019-07-03,8.43
7085,2,7,1,29,2019-07-03,13.66
7086,4,7,6,39,2019-07-03,17.40
7087,6,7,6,38,2019-07-03,11.42
7088,8,7,2,28,2019-07-03,12.60
7089,10,7,6,27,2019-07-03,16.14
7090,14,7,4,26,2019-07-03,27.83
7091,18,7,2,20,2019-07-03,25.73
7092,22,7,6,29,2019-07-03,22.71
7093,26,7,3,44,2019-07-03,20.17
7094,28,7,1,35,2019-07-03,15.90
7095,30,7,6,51,2019-07-03,27.06
7096,32,7,2,32,2019-07-03,23.97
7097,36,7,3,29,2019-07-03,24.10
7098,38,7,5,34,2019-07-03,24.27
7099,42,7,4,33,2019-07-03,9.91
7100,2,8,6,36,2019-07-03,13.26
7101,4,8,6,30,2019-07-03,13.97
7102,6,8,6,39,2019-07-03,9.51
7103,8,8,6,35,2019-07-03,14.88
7104,12,8,2,27,2019-07-03,35.19
7105,20,8,6,36,2019-07-03,16.46
7106,24,8,5,29,2019-07-03,26.36
7107,26,8,3,28,2019-07-03,24.80
7108,28,8,1,45,2019-07-03,18.38
7109,32,8,4,30,2019-07-03,22.97
7110,34,8,4,34,2019-07-03,36.16
7111,36,8,3,29,2019-07-03,24.56
7112,38,8,5,26,2019-07-03,24.48
7113,40,8,3,32,2019-07-03,30.48
7114,42,8,6,27,2019-07-03,10.50
7115,4,9,1,20,2019-07-03,15.35
7116,8,9,2,25,2019-07-03,15.93
7117,18,9,6,41,2019-07-03,24.37
7118,24,9,5,26,2019-07-03,25.40
7119,26,9,3,47,2019-07-03,23.96
7120,28,9,6,35,2019-07-03,16.76
7121,34,9,2,33,2019-07-03,29.64
7122,42,9,4,50,2019-07-03,10.74
7123,2,10,1,32,2019-07-03,13.03
7124,8,10,6,35,2019-07-03,16.15
7125,10,10,2,33,2019-07-03,18.04
7126,26,10,5,33,2019-07-03,24.57
7127,28,10,1,48,2019-07-03,18.56
7128,30,10,6,24,2019-07-03,23.84
7129,38,10,3,31,2019-07-03,20.18
7130,42,10,4,28,2019-07-03,8.80
7131,2,11,1,31,2019-07-03,13.82
7132,4,11,6,24,2019-07-03,14.42
7133,6,11,6,33,2019-07-03,9.26
7134,8,11,6,56,2019-07-03,13.28
7135,10,11,6,29,2019-07-03,15.62
7136,18,11,6,35,2019-07-03,23.86
7137,20,11,6,62,2019-07-03,16.50
7138,26,11,5,37,2019-07-03,23.64
7139,28,11,1,24,2019-07-03,18.95
7140,32,11,4,31,2019-07-03,27.24
7141,36,11,3,22,2019-07-03,25.46
7142,38,11,5,53,2019-07-03,20.24
7143,42,11,4,48,2019-07-03,9.10
7144,2,12,1,40,2019-07-03,13.17
7145,6,12,6,30,2019-07-03,9.32
7146,10,12,6,51,2019-07-03,18.02
7147,12,12,2,24,2019-07-03,29.51
7148,14,12,2,20,2019-07-03,23.80
7149,16,12,2,26,2019-07-03,42.75
7150,26,12,3,40,2019-07-03,20.72
7151,28,12,6,22,2019-07-03,15.26
7152,30,12,6,31,2019-07-03,29.29
7153,34,12,2,24,2019-07-03,30.61
7154,36,12,3,40,2019-07-03,24.75
7155,42,12,4,33,2019-07-03,10.08
7156,1,1,1,30,2019-07-17,12.77
7157,3,1,6,55,2019-07-17,11.18
7158,5,1,1,34,2019-07-17,13.72
7159,7,1,2,59,2019-07-17,12.03
7160,9,1,6,49,2019-07-17,12.16
7161,11,1,2,52,2019-07-17,15.37
7162,13,1,4,46,2019-07-17,26.44
7163,15,1,2,32,2019-07-17,46.90
7164,17,1,2,23,2019-07-17,32.95
7165,21,1,2,32,2019-07-17,37.39
7166,23,1,3,51,2019-07-17,18.64
7167,25,1,3,24,2019-07-17,16.71
7168,27,1,1,66,2019-07-17,16.09
7169,29,1,1,46,2019-07-17,12.38
7170,31,1,6,28,2019-07-17,20.15
7171,33,1,2,38,2019-07-17,21.51
7172,35,1,3,26,2019-07-17,14.55
7173,37,1,3,33,2019-07-17,20.27
7174,39,1,3,42,2019-07-17,23.53
7175,41,1,4,84,2019-07-17,8.23
7176,43,1,4,87,2019-07-17,6.25
7177,1,2,6,50,2019-07-17,11.34
7178,3,2,6,62,2019-07-17,9.67
7179,5,2,6,57,2019-07-17,14.86
7180,7,2,6,45,2019-07-17,13.12
7181,9,2,6,77,2019-07-17,10.37
7182,11,2,2,50,2019-07-17,15.75
7183,13,2,2,35,2019-07-17,29.91
7184,15,2,4,25,2019-07-17,40.44
7185,17,2,2,29,2019-07-17,32.49
7186,19,2,6,25,2019-07-17,28.85
7187,21,2,2,51,2019-07-17,35.93
7188,23,2,5,66,2019-07-17,22.78
7189,25,2,3,38,2019-07-17,20.24
7190,27,2,6,91,2019-07-17,15.42
7191,29,2,1,40,2019-07-17,13.28
7192,31,2,6,48,2019-07-17,19.78
7193,33,2,2,65,2019-07-17,20.64
7194,35,2,3,56,2019-07-17,15.60
7195,37,2,3,36,2019-07-17,20.60
7196,39,2,5,87,2019-07-17,25.09
7197,41,2,4,73,2019-07-17,7.93
7198,43,2,6,74,2019-07-17,6.75
7199,1,3,1,35,2019-07-17,11.19
7200,3,3,1,31,2019-07-17,10.25
7201,5,3,1,24,2019-07-17,14.06
7202,9,3,2,38,2019-07-17,11.45
7203,11,3,2,35,2019-07-17,15.89
7204,13,3,2,39,2019-07-17,29.71
7205,15,3,2,26,2019-07-17,40.01
7206,17,3,2,31,2019-07-17,31.48
7207,23,3,5,62,2019-07-17,18.85
7208,25,3,5,30,2019-07-17,19.63
7209,27,3,1,40,2019-07-17,15.25
7210,29,3,1,26,2019-07-17,11.98
7211,31,3,1,27,2019-07-17,17.99
7212,33,3,2,30,2019-07-17,22.23
7213,37,3,3,47,2019-07-17,19.96
7214,39,3,5,33,2019-07-17,24.95
7215,41,3,6,39,2019-07-17,8.60
7216,43,3,6,37,2019-07-17,6.07
7217,1,4,1,66,2019-07-17,11.10
7218,3,4,1,24,2019-07-17,10.23
7219,5,4,1,34,2019-07-17,14.85
7220,9,4,6,39,2019-07-17,11.09
7221,11,4,6,40,2019-07-17,15.36
7222,17,4,4,28,2019-07-17,32.50
7223,19,4,6,35,2019-07-17,27.03
7224,21,4,2,33,2019-07-17,38.83
7225,23,4,5,26,2019-07-17,21.21
7226,27,4,1,37,2019-07-17,15.10
7227,29,4,1,27,2019-07-17,13.35
7228,31,4,1,24,2019-07-17,20.28
7229,39,4,3,37,2019-07-17,22.21
7230,41,4,4,58,2019-07-17,9.42
7231,43,4,4,49,2019-07-17,6.35
7232,1,5,6,21,2019-07-17,11.64
7233,3,5,6,25,2019-07-17,9.78
7234,7,5,2,37,2019-07-17,11.77
7235,11,5,6,55,2019-07-17,13.22
7236,13,5,4,17,2019-07-17,28.46
7237,15,5,2,28,2019-07-17,37.43
7238,19,5,2,28,2019-07-17,30.50
7239,29,5,1,47,2019-07-17,13.63
7240,35,5,3,40,2019-07-17,14.02
7241,37,5,3,33,2019-07-17,20.79
7242,39,5,3,24,2019-07-17,22.74
7243,1,6,1,55,2019-07-17,12.07
7244,3,6,6,38,2019-07-17,11.71
7245,5,6,1,66,2019-07-17,15.00
7246,9,6,6,49,2019-07-17,11.61
7247,11,6,2,41,2019-07-17,13.31
7248,13,6,2,27,2019-07-17,30.81
7249,19,6,6,34,2019-07-17,26.33
7250,23,6,3,33,2019-07-17,23.01
7251,27,6,1,65,2019-07-17,13.87
7252,29,6,1,44,2019-07-17,12.47
7253,31,6,6,27,2019-07-17,19.76
7254,33,6,4,30,2019-07-17,24.20
7255,37,6,3,31,2019-07-17,18.92
7256,39,6,5,52,2019-07-17,21.05
7257,41,6,4,51,2019-07-17,8.96
7258,43,6,6,41,2019-07-17,7.69
7259,1,7,1,34,2019-07-17,11.17
7260,7,7,6,33,2019-07-17,12.57
7261,9,7,6,39,2019-07-17,11.93
7262,11,7,6,47,2019-07-17,17.16
7263,13,7,2,27,2019-07-17,29.11
7264,17,7,4,24,2019-07-17,35.01
7265,23,7,5,62,2019-07-17,19.59
7266,27,7,1,43,2019-07-17,13.05
7267,29,7,6,39,2019-07-17,13.33
7268,35,7,3,23,2019-07-17,16.03
7269,37,7,3,24,2019-07-17,21.97
7270,39,7,5,42,2019-07-17,23.34
7271,43,7,4,39,2019-07-17,7.13
7272,1,8,1,47,2019-07-17,13.02
7273,3,8,6,30,2019-07-17,11.41
7274,5,8,1,40,2019-07-17,12.34
7275,7,8,2,38,2019-07-17,11.94
7276,9,8,2,24,2019-07-17,11.18
7277,11,8,6,60,2019-07-17,14.83
7278,19,8,6,35,2019-07-17,30.43
7279,23,8,5,48,2019-07-17,19.29
7280,25,8,5,24,2019-07-17,18.49
7281,27,8,6,44,2019-07-17,15.24
7282,29,8,1,49,2019-07-17,14.47
7283,33,8,4,44,2019-07-17,19.52
7284,35,8,3,25,2019-07-17,16.61
7285,37,8,3,33,2019-07-17,23.61
7286,39,8,3,28,2019-07-17,25.07
7287,41,8,6,34,2019-07-17,7.30
7288,43,8,6,53,2019-07-17,7.03
7289,3,9,1,44,2019-07-17,9.85
7290,5,9,1,24,2019-07-17,14.78
7291,7,9,2,34,2019-07-17,12.24
7292,9,9,6,53,2019-07-17,12.73
7293,13,9,2,26,2019-07-17,27.88
7294,15,9,4,28,2019-07-17,46.67
7295,23,9,3,32,2019-07-17,22.82
7296,27,9,6,39,2019-07-17,13.54
7297,35,9,3,22,2019-07-17,15.64
7298,37,9,3,21,2019-07-17,22.03
7299,39,9,5,26,2019-07-17,20.57
7300,43,9,4,38,2019-07-17,6.96
7301,1,10,6,32,2019-07-17,11.08
7302,5,10,6,23,2019-07-17,12.74
7303,7,10,6,39,2019-07-17,13.62
7304,11,10,2,36,2019-07-17,15.20
7305,13,10,4,33,2019-07-17,28.79
7306,19,10,6,26,2019-07-17,31.31
7307,27,10,6,35,2019-07-17,13.30
7308,29,10,1,28,2019-07-17,13.94
7309,39,10,3,27,2019-07-17,22.38
7310,41,10,4,29,2019-07-17,8.64
7311,43,10,4,26,2019-07-17,7.51
7312,1,11,6,26,2019-07-17,12.21
7313,3,11,6,36,2019-07-17,11.56
7314,7,11,2,40,2019-07-17,11.87
7315,9,11,2,50,2019-07-17,12.81
7316,11,11,2,33,2019-07-17,16.03
7317,13,11,4,30,2019-07-17,30.53
7318,17,11,2,24,2019-07-17,31.29
7319,19,11,2,28,2019-07-17,25.98
7320,23,11,3,47,2019-07-17,22.00
7321,25,11,3,26,2019-07-17,18.60
7322,27,11,1,46,2019-07-17,15.46
7323,35,11,3,26,2019-07-17,15.05
7324,41,11,6,36,2019-07-17,7.33
7325,43,11,6,30,2019-07-17,6.86
7326,1,12,1,35,2019-07-17,11.38
7327,7,12,6,33,2019-07-17,13.32
7328,9,12,6,34,2019-07-17,12.04
7329,11,12,2,27,2019-07-17,13.70
7330,19,12,6,37,2019-07-17,27.28
7331,21,12,6,46,2019-07-17,36.31
7332,27,12,1,32,2019-07-17,13.81
7333,29,12,1,25,2019-07-17,12.84
7334,37,12,3,42,2019-07-17,23.06
7335,41,12,4,34,2019-07-17,8.75
7336,2,1,6,46,2019-08-05,12.89
7337,4,1,6,46,2019-08-05,17.10
7338,6,1,1,53,2019-08-05,11.08
7339,8,1,2,41,2019-08-05,12.80
7340,10,1,6,28,2019-08-05,16.20
7341,12,1,2,31,2019-08-05,31.55
7342,14,1,4,42,2019-08-05,26.22
7343,16,1,4,58,2019-08-05,44.04
7344,18,1,6,40,2019-08-05,23.29
7345,20,1,6,38,2019-08-05,19.16
7346,22,1,6,62,2019-08-05,20.17
7347,24,1,3,36,2019-08-05,26.57
7348,26,1,3,43,2019-08-05,22.94
7349,28,1,1,45,2019-08-05,17.27
7350,30,1,6,38,2019-08-05,30.38
7351,32,1,4,25,2019-08-05,23.48
7352,34,1,4,25,2019-08-05,35.70
7353,36,1,3,31,2019-08-05,24.27
7354,38,1,3,34,2019-08-05,22.78
7355,40,1,5,35,2019-08-05,30.76
7356,42,1,6,38,2019-08-05,8.70
7357,2,2,1,76,2019-08-05,15.74
7358,4,2,1,74,2019-08-05,17.42
7359,6,2,1,65,2019-08-05,10.23
7360,8,2,2,56,2019-08-05,13.45
7361,10,2,6,53,2019-08-05,15.22
7362,12,2,4,37,2019-08-05,33.81
7363,14,2,4,46,2019-08-05,26.34
7364,16,2,2,40,2019-08-05,48.45
7365,18,2,6,47,2019-08-05,27.44
7366,20,2,2,40,2019-08-05,20.57
7367,22,2,2,45,2019-08-05,20.35
7368,24,2,5,27,2019-08-05,21.94
7369,26,2,5,71,2019-08-05,23.44
7370,28,2,6,59,2019-08-05,17.88
7371,30,2,6,24,2019-08-05,29.39
7372,32,2,2,53,2019-08-05,25.79
7373,34,2,2,50,2019-08-05,33.70
7374,36,2,3,46,2019-08-05,27.94
7375,38,2,3,45,2019-08-05,20.99
7376,40,2,5,57,2019-08-05,26.30
7377,42,2,4,55,2019-08-05,8.89
7378,2,3,1,58,2019-08-05,13.49
7379,4,3,6,61,2019-08-05,16.07
7380,6,3,6,56,2019-08-05,10.66
7381,8,3,2,44,2019-08-05,14.61
7382,10,3,6,39,2019-08-05,16.38
7383,12,3,2,33,2019-08-05,32.17
7384,14,3,4,34,2019-08-05,28.52
7385,18,3,2,70,2019-08-05,25.46
7386,20,3,2,54,2019-08-05,16.91
7387,22,3,6,53,2019-08-05,18.41
7388,24,3,5,32,2019-08-05,25.47
7389,26,3,5,26,2019-08-05,22.24
7390,28,3,6,58,2019-08-05,17.93
7391,30,3,1,52,2019-08-05,28.13
7392,34,3,2,29,2019-08-05,31.95
7393,36,3,3,55,2019-08-05,27.53
7394,38,3,3,48,2019-08-05,19.92
7395,40,3,5,30,2019-08-05,24.96
7396,42,3,6,42,2019-08-05,10.69
7397,2,4,1,24,2019-08-05,12.61
7398,4,4,1,45,2019-08-05,14.48
7399,6,4,1,46,2019-08-05,10.31
7400,8,4,2,46,2019-08-05,15.54
7401,10,4,2,45,2019-08-05,15.87
7402,14,4,2,26,2019-08-05,26.07
7403,16,4,2,28,2019-08-05,49.12
7404,18,4,6,24,2019-08-05,22.81
7405,20,4,2,24,2019-08-05,16.02
7406,22,4,2,25,2019-08-05,20.66
7407,24,4,3,27,2019-08-05,24.39
7408,26,4,5,47,2019-08-05,20.50
7409,28,4,6,26,2019-08-05,17.40
7410,30,4,1,27,2019-08-05,28.77
7411,32,4,2,39,2019-08-05,25.12
7412,34,4,4,27,2019-08-05,35.18
7413,36,4,3,39,2019-08-05,26.76
7414,38,4,5,38,2019-08-05,21.56
7415,40,4,3,48,2019-08-05,25.51
7416,42,4,6,40,2019-08-05,8.64
7417,4,5,6,49,2019-08-05,17.52
7418,8,5,6,36,2019-08-05,15.70
7419,10,5,6,60,2019-08-05,18.98
7420,12,5,4,21,2019-08-05,35.24
7421,14,5,4,24,2019-08-05,29.03
7422,16,5,2,21,2019-08-05,46.81
7423,20,5,6,34,2019-08-05,19.59
7424,22,5,2,36,2019-08-05,20.86
7425,24,5,5,31,2019-08-05,23.86
7426,26,5,5,36,2019-08-05,20.48
7427,28,5,1,42,2019-08-05,15.18
7428,30,5,6,13,2019-08-05,26.20
7429,34,5,2,24,2019-08-05,30.19
7430,38,5,5,24,2019-08-05,21.56
7431,40,5,3,44,2019-08-05,29.65
7432,2,6,1,38,2019-08-05,15.24
7433,4,6,1,46,2019-08-05,14.29
7434,6,6,6,49,2019-08-05,10.00
7435,8,6,2,40,2019-08-05,13.51
7436,12,6,4,35,2019-08-05,30.53
7437,14,6,2,37,2019-08-05,22.59
7438,16,6,4,27,2019-08-05,42.69
7439,22,6,6,30,2019-08-05,21.11
7440,24,6,3,21,2019-08-05,25.04
7441,26,6,3,32,2019-08-05,22.20
7442,28,6,6,39,2019-08-05,18.93
7443,30,6,1,30,2019-08-05,29.55
7444,32,6,2,34,2019-08-05,29.10
7445,36,6,3,22,2019-08-05,22.01
7446,38,6,3,34,2019-08-05,19.88
7447,2,7,6,31,2019-08-05,13.91
7448,4,7,1,33,2019-08-05,16.67
7449,6,7,6,35,2019-08-05,11.30
7450,10,7,2,43,2019-08-05,19.29
7451,12,7,4,41,2019-08-05,34.28
7452,16,7,2,47,2019-08-05,49.85
7453,18,7,2,31,2019-08-05,23.96
7454,20,7,2,33,2019-08-05,18.57
7455,22,7,2,49,2019-08-05,20.92
7456,24,7,3,43,2019-08-05,24.32
7457,28,7,6,32,2019-08-05,16.25
7458,32,7,2,33,2019-08-05,28.93
7459,34,7,2,45,2019-08-05,32.44
7460,36,7,3,38,2019-08-05,24.41
7461,40,7,5,31,2019-08-05,27.81
7462,42,7,4,22,2019-08-05,10.30
7463,2,8,1,29,2019-08-05,12.73
7464,4,8,6,40,2019-08-05,17.61
7465,6,8,6,50,2019-08-05,9.69
7466,8,8,6,26,2019-08-05,13.37
7467,10,8,2,46,2019-08-05,14.95
7468,12,8,4,27,2019-08-05,38.24
7469,14,8,4,51,2019-08-05,25.73
7470,16,8,2,36,2019-08-05,46.83
7471,18,8,2,39,2019-08-05,22.65
7472,20,8,2,32,2019-08-05,19.67
7473,22,8,6,57,2019-08-05,20.17
7474,26,8,5,27,2019-08-05,24.33
7475,30,8,6,32,2019-08-05,24.66
7476,32,8,2,46,2019-08-05,28.56
7477,36,8,3,34,2019-08-05,23.46
7478,40,8,5,33,2019-08-05,28.79
7479,42,8,4,40,2019-08-05,8.62
7480,2,9,1,36,2019-08-05,13.53
7481,4,9,6,42,2019-08-05,17.92
7482,6,9,6,31,2019-08-05,9.05
7483,10,9,6,28,2019-08-05,18.23
7484,12,9,2,8,2019-08-05,37.65
7485,14,9,2,23,2019-08-05,24.50
7486,16,9,2,24,2019-08-05,39.67
7487,20,9,6,46,2019-08-05,17.79
7488,22,9,2,36,2019-08-05,21.93
7489,26,9,3,25,2019-08-05,22.86
7490,28,9,6,27,2019-08-05,18.17
7491,30,9,6,50,2019-08-05,24.64
7492,32,9,4,44,2019-08-05,25.61
7493,36,9,3,24,2019-08-05,25.86
7494,38,9,5,50,2019-08-05,19.28
7495,40,9,5,33,2019-08-05,27.00
7496,4,10,1,58,2019-08-05,15.82
7497,6,10,6,37,2019-08-05,11.11
7498,12,10,2,24,2019-08-05,31.97
7499,14,10,4,36,2019-08-05,27.35
7500,16,10,4,35,2019-08-05,41.34
7501,18,10,6,40,2019-08-05,27.82
7502,20,10,6,33,2019-08-05,20.44
7503,22,10,6,34,2019-08-05,21.20
7504,24,10,3,21,2019-08-05,21.46
7505,26,10,5,31,2019-08-05,24.35
7506,28,10,1,23,2019-08-05,15.92
7507,30,10,6,39,2019-08-05,24.53
7508,32,10,4,48,2019-08-05,23.37
7509,34,10,2,17,2019-08-05,35.44
7510,36,10,3,50,2019-08-05,22.08
7511,40,10,5,37,2019-08-05,30.81
7512,4,11,6,33,2019-08-05,17.74
7513,6,11,1,52,2019-08-05,9.23
7514,8,11,6,34,2019-08-05,12.74
7515,12,11,4,37,2019-08-05,37.82
7516,14,11,2,44,2019-08-05,28.72
7517,16,11,4,59,2019-08-05,48.00
7518,18,11,6,65,2019-08-05,23.14
7519,22,11,6,41,2019-08-05,18.95
7520,24,11,5,52,2019-08-05,21.76
7521,28,11,1,44,2019-08-05,18.62
7522,30,11,1,31,2019-08-05,25.06
7523,32,11,2,32,2019-08-05,24.44
7524,34,11,4,46,2019-08-05,30.32
7525,40,11,3,49,2019-08-05,24.91
7526,42,11,6,50,2019-08-05,9.05
7527,4,12,1,55,2019-08-05,16.87
7528,8,12,2,48,2019-08-05,15.04
7529,10,12,2,25,2019-08-05,17.57
7530,18,12,6,36,2019-08-05,25.45
7531,20,12,6,32,2019-08-05,16.86
7532,22,12,6,36,2019-08-05,21.59
7533,24,12,5,22,2019-08-05,24.01
7534,26,12,3,34,2019-08-05,24.62
7535,32,12,2,25,2019-08-05,28.69
7536,38,12,3,25,2019-08-05,24.28
7537,40,12,3,32,2019-08-05,27.08
7538,1,1,1,43,2019-08-19,11.40
7539,3,1,1,56,2019-08-19,10.57
7540,5,1,6,42,2019-08-19,13.89
7541,7,1,6,64,2019-08-19,11.75
7542,9,1,6,86,2019-08-19,10.92
7543,11,1,6,40,2019-08-19,16.02
7544,13,1,2,62,2019-08-19,30.42
7545,17,1,4,23,2019-08-19,33.44
7546,19,1,6,49,2019-08-19,26.64
7547,21,1,2,27,2019-08-19,38.93
7548,23,1,3,64,2019-08-19,23.61
7549,25,1,3,49,2019-08-19,16.11
7550,27,1,6,73,2019-08-19,15.97
7551,29,1,1,54,2019-08-19,11.27
7552,31,1,6,38,2019-08-19,19.23
7553,33,1,2,26,2019-08-19,24.52
7554,35,1,3,39,2019-08-19,15.63
7555,37,1,3,29,2019-08-19,23.20
7556,39,1,3,53,2019-08-19,23.28
7557,41,1,4,62,2019-08-19,7.47
7558,43,1,6,80,2019-08-19,5.99
7559,1,2,6,68,2019-08-19,11.64
7560,3,2,6,62,2019-08-19,11.48
7561,5,2,1,46,2019-08-19,14.66
7562,7,2,6,57,2019-08-19,13.20
7563,9,2,6,61,2019-08-19,11.73
7564,11,2,6,87,2019-08-19,17.07
7565,13,2,4,28,2019-08-19,31.81
7566,15,2,2,35,2019-08-19,38.20
7567,17,2,2,35,2019-08-19,36.14
7568,19,2,6,21,2019-08-19,25.97
7569,21,2,2,46,2019-08-19,33.18
7570,23,2,5,61,2019-08-19,21.51
7571,25,2,3,40,2019-08-19,19.50
7572,27,2,6,85,2019-08-19,13.77
7573,29,2,1,75,2019-08-19,12.48
7574,31,2,6,44,2019-08-19,19.60
7575,33,2,4,54,2019-08-19,22.06
7576,35,2,3,62,2019-08-19,17.63
7577,37,2,3,36,2019-08-19,18.79
7578,39,2,3,45,2019-08-19,22.23
7579,41,2,4,92,2019-08-19,8.89
7580,43,2,6,118,2019-08-19,5.99
7581,1,3,1,39,2019-08-19,11.80
7582,3,3,6,28,2019-08-19,10.90
7583,5,3,1,36,2019-08-19,12.63
7584,7,3,2,61,2019-08-19,12.03
7585,9,3,6,44,2019-08-19,10.33
7586,11,3,6,34,2019-08-19,15.11
7587,13,3,2,47,2019-08-19,29.28
7588,19,3,6,50,2019-08-19,33.26
7589,21,3,2,35,2019-08-19,32.36
7590,23,3,3,33,2019-08-19,22.41
7591,27,3,1,58,2019-08-19,14.39
7592,29,3,1,27,2019-08-19,11.98
7593,31,3,6,32,2019-08-19,16.47
7594,35,3,3,40,2019-08-19,16.50
7595,39,3,5,27,2019-08-19,22.05
7596,41,3,4,62,2019-08-19,7.95
7597,43,3,6,59,2019-08-19,7.19
7598,1,4,6,44,2019-08-19,10.79
7599,3,4,6,33,2019-08-19,12.01
7600,7,4,2,38,2019-08-19,11.82
7601,9,4,6,26,2019-08-19,11.68
7602,11,4,2,27,2019-08-19,16.25
7603,13,4,2,26,2019-08-19,28.39
7604,15,4,2,51,2019-08-19,45.88
7605,17,4,2,25,2019-08-19,28.71
7606,25,4,3,26,2019-08-19,17.76
7607,27,4,6,47,2019-08-19,13.56
7608,29,4,1,58,2019-08-19,14.35
7609,33,4,4,35,2019-08-19,21.28
7610,35,4,3,37,2019-08-19,16.09
7611,37,4,3,34,2019-08-19,21.16
7612,41,4,6,28,2019-08-19,7.40
7613,43,4,4,69,2019-08-19,6.16
7614,5,5,6,53,2019-08-19,14.28
7615,9,5,2,33,2019-08-19,10.32
7616,17,5,2,21,2019-08-19,35.46
7617,21,5,2,25,2019-08-19,31.98
7618,23,5,3,62,2019-08-19,23.24
7619,25,5,5,30,2019-08-19,19.38
7620,27,5,1,54,2019-08-19,15.72
7621,29,5,1,25,2019-08-19,11.40
7622,31,5,1,26,2019-08-19,16.07
7623,33,5,2,25,2019-08-19,24.14
7624,35,5,3,21,2019-08-19,14.44
7625,41,5,6,59,2019-08-19,8.85
7626,43,5,6,51,2019-08-19,6.96
7627,1,6,1,27,2019-08-19,10.83
7628,3,6,1,54,2019-08-19,12.03
7629,5,6,1,25,2019-08-19,12.74
7630,7,6,6,61,2019-08-19,10.99
7631,9,6,6,56,2019-08-19,10.45
7632,11,6,6,45,2019-08-19,13.22
7633,15,6,4,44,2019-08-19,36.45
7634,17,6,4,30,2019-08-19,30.45
7635,19,6,6,18,2019-08-19,27.52
7636,21,6,2,39,2019-08-19,38.54
7637,23,6,3,32,2019-08-19,22.08
7638,25,6,5,54,2019-08-19,19.38
7639,27,6,6,49,2019-08-19,15.80
7640,29,6,1,34,2019-08-19,13.16
7641,33,6,2,29,2019-08-19,19.26
7642,35,6,3,40,2019-08-19,16.44
7643,37,6,3,32,2019-08-19,21.30
7644,39,6,5,29,2019-08-19,24.02
7645,41,6,6,32,2019-08-19,8.74
7646,43,6,6,58,2019-08-19,6.51
7647,1,7,6,45,2019-08-19,11.47
7648,3,7,1,38,2019-08-19,10.64
7649,5,7,6,42,2019-08-19,13.75
7650,7,7,6,35,2019-08-19,13.76
7651,11,7,2,55,2019-08-19,14.13
7652,13,7,2,27,2019-08-19,31.80
7653,15,7,4,29,2019-08-19,40.28
7654,19,7,2,46,2019-08-19,31.75
7655,21,7,2,44,2019-08-19,34.04
7656,23,7,5,25,2019-08-19,18.71
7657,25,7,5,52,2019-08-19,17.17
7658,27,7,1,35,2019-08-19,13.53
7659,29,7,6,33,2019-08-19,11.68
7660,31,7,1,37,2019-08-19,20.44
7661,33,7,2,37,2019-08-19,20.16
7662,39,7,3,24,2019-08-19,23.23
7663,41,7,6,59,2019-08-19,7.43
7664,43,7,6,40,2019-08-19,7.63
7665,1,8,1,39,2019-08-19,11.83
7666,3,8,1,39,2019-08-19,11.19
7667,5,8,1,33,2019-08-19,13.30
7668,7,8,6,34,2019-08-19,11.25
7669,9,8,2,54,2019-08-19,10.48
7670,11,8,2,47,2019-08-19,16.66
7671,13,8,2,33,2019-08-19,26.94
7672,15,8,4,34,2019-08-19,37.52
7673,17,8,4,37,2019-08-19,34.41
7674,21,8,2,41,2019-08-19,40.03
7675,23,8,3,56,2019-08-19,22.21
7676,25,8,5,25,2019-08-19,18.93
7677,27,8,6,25,2019-08-19,15.44
7678,29,8,6,36,2019-08-19,13.64
7679,31,8,6,38,2019-08-19,16.56
7680,33,8,2,38,2019-08-19,23.47
7681,35,8,3,33,2019-08-19,17.31
7682,37,8,3,43,2019-08-19,20.66
7683,39,8,5,31,2019-08-19,22.30
7684,41,8,4,50,2019-08-19,8.02
7685,43,8,6,47,2019-08-19,7.58
7686,1,9,1,38,2019-08-19,11.36
7687,9,9,2,24,2019-08-19,12.23
7688,11,9,6,30,2019-08-19,14.73
7689,17,9,4,29,2019-08-19,35.33
7690,19,9,6,16,2019-08-19,27.87
7691,21,9,6,12,2019-08-19,34.57
7692,23,9,5,24,2019-08-19,18.67
7693,25,9,3,38,2019-08-19,16.03
7694,27,9,1,31,2019-08-19,12.54
7695,29,9,6,35,2019-08-19,13.86
7696,31,9,1,38,2019-08-19,18.07
7697,33,9,2,45,2019-08-19,20.53
7698,35,9,3,23,2019-08-19,17.53
7699,41,9,6,86,2019-08-19,8.54
7700,43,9,4,48,2019-08-19,6.77
7701,1,10,6,34,2019-08-19,11.52
7702,3,10,6,52,2019-08-19,10.91
7703,5,10,1,24,2019-08-19,13.96
7704,7,10,2,27,2019-08-19,13.59
7705,9,10,2,57,2019-08-19,11.18
7706,11,10,2,27,2019-08-19,16.61
7707,15,10,2,32,2019-08-19,37.80
7708,17,10,2,32,2019-08-19,34.45
7709,21,10,2,40,2019-08-19,33.24
7710,23,10,5,73,2019-08-19,19.88
7711,25,10,5,37,2019-08-19,20.09
7712,27,10,1,48,2019-08-19,14.78
7713,29,10,6,20,2019-08-19,12.72
7714,31,10,1,42,2019-08-19,19.48
7715,33,10,2,51,2019-08-19,23.23
7716,35,10,3,40,2019-08-19,17.66
7717,37,10,3,31,2019-08-19,19.25
7718,39,10,3,24,2019-08-19,25.10
7719,41,10,6,31,2019-08-19,7.35
7720,43,10,4,36,2019-08-19,6.56
7721,3,11,1,34,2019-08-19,11.87
7722,5,11,1,55,2019-08-19,14.75
7723,9,11,6,34,2019-08-19,11.44
7724,11,11,2,37,2019-08-19,15.91
7725,15,11,4,36,2019-08-19,46.94
7726,21,11,6,24,2019-08-19,33.12
7727,23,11,5,37,2019-08-19,20.03
7728,27,11,1,37,2019-08-19,13.77
7729,29,11,1,57,2019-08-19,14.40
7730,31,11,6,36,2019-08-19,18.61
7731,33,11,2,27,2019-08-19,23.82
7732,35,11,3,38,2019-08-19,17.51
7733,37,11,3,43,2019-08-19,19.39
7734,39,11,3,25,2019-08-19,26.24
7735,41,11,4,33,2019-08-19,9.34
7736,43,11,6,47,2019-08-19,7.63
7737,3,12,6,51,2019-08-19,11.80
7738,5,12,6,8,2019-08-19,14.24
7739,9,12,6,25,2019-08-19,12.63
7740,11,12,6,46,2019-08-19,14.91
7741,13,12,4,25,2019-08-19,30.52
7742,15,12,4,32,2019-08-19,42.68
7743,17,12,2,36,2019-08-19,31.16
7744,23,12,5,41,2019-08-19,23.52
7745,25,12,3,22,2019-08-19,18.86
7746,27,12,6,35,2019-08-19,13.45
7747,29,12,1,45,2019-08-19,11.26
7748,31,12,6,30,2019-08-19,18.19
7749,33,12,4,39,2019-08-19,19.41
7750,35,12,3,38,2019-08-19,14.54
7751,39,12,5,25,2019-08-19,24.69
7752,41,12,4,58,2019-08-19,8.54
7753,43,12,6,48,2019-08-19,7.44
7754,2,1,1,46,2019-09-03,13.08
7755,4,1,6,58,2019-09-03,16.21
7756,6,1,1,43,2019-09-03,11.60
7757,8,1,2,52,2019-09-03,12.63
7758,10,1,6,47,2019-09-03,16.84
7759,14,1,4,34,2019-09-03,26.91
7760,18,1,2,33,2019-09-03,25.44
7761,20,1,6,40,2019-09-03,16.42
7762,22,1,6,69,2019-09-03,19.82
7763,24,1,5,26,2019-09-03,20.74
7764,26,1,3,44,2019-09-03,24.75
7765,28,1,1,63,2019-09-03,16.24
7766,30,1,1,44,2019-09-03,29.59
7767,32,1,2,41,2019-09-03,24.25
7768,34,1,2,39,2019-09-03,29.35
7769,36,1,3,50,2019-09-03,25.58
7770,38,1,5,34,2019-09-03,22.50
7771,40,1,3,32,2019-09-03,27.14
7772,42,1,4,44,2019-09-03,10.42
7773,2,2,6,46,2019-09-03,15.05
7774,4,2,1,52,2019-09-03,17.84
7775,6,2,1,71,2019-09-03,8.96
7776,8,2,6,39,2019-09-03,14.36
7777,10,2,6,26,2019-09-03,15.03
7778,12,2,2,27,2019-09-03,34.15
7779,14,2,2,34,2019-09-03,22.76
7780,16,2,4,48,2019-09-03,45.68
7781,18,2,2,47,2019-09-03,22.45
7782,20,2,2,36,2019-09-03,19.84
7783,22,2,6,34,2019-09-03,18.81
7784,24,2,3,25,2019-09-03,23.69
7785,26,2,3,30,2019-09-03,23.31
7786,28,2,1,67,2019-09-03,17.01
7787,30,2,6,48,2019-09-03,24.72
7788,32,2,2,53,2019-09-03,23.95
7789,34,2,4,37,2019-09-03,28.90
7790,36,2,3,37,2019-09-03,26.18
7791,38,2,5,25,2019-09-03,23.38
7792,40,2,3,49,2019-09-03,28.17
7793,42,2,4,38,2019-09-03,8.81
7794,2,3,6,34,2019-09-03,12.63
7795,4,3,6,37,2019-09-03,17.83
7796,6,3,6,40,2019-09-03,10.16
7797,8,3,6,44,2019-09-03,14.05
7798,16,3,2,45,2019-09-03,39.89
7799,18,3,2,29,2019-09-03,23.58
7800,20,3,6,24,2019-09-03,20.38
7801,22,3,2,33,2019-09-03,20.64
7802,26,3,3,35,2019-09-03,22.58
7803,28,3,6,40,2019-09-03,18.27
7804,30,3,1,32,2019-09-03,26.50
7805,32,3,4,49,2019-09-03,28.92
7806,36,3,3,34,2019-09-03,23.45
7807,42,3,4,27,2019-09-03,10.63
7808,2,4,6,21,2019-09-03,15.37
7809,4,4,1,30,2019-09-03,15.23
7810,8,4,2,25,2019-09-03,14.51
7811,10,4,2,25,2019-09-03,18.54
7812,12,4,4,29,2019-09-03,38.05
7813,18,4,2,23,2019-09-03,26.54
7814,26,4,5,26,2019-09-03,24.38
7815,2,5,6,16,2019-09-03,12.78
7816,4,5,1,40,2019-09-03,16.90
7817,6,5,6,47,2019-09-03,9.11
7818,8,5,2,23,2019-09-03,12.91
7819,10,5,2,28,2019-09-03,17.71
7820,18,5,2,33,2019-09-03,21.48
7821,28,5,1,37,2019-09-03,15.27
7822,32,5,4,37,2019-09-03,28.25
7823,36,5,3,29,2019-09-03,23.53
7824,42,5,4,29,2019-09-03,9.15
7825,4,6,1,42,2019-09-03,16.07
7826,6,6,6,33,2019-09-03,11.08
7827,8,6,6,47,2019-09-03,14.58
7828,10,6,2,60,2019-09-03,17.36
7829,16,6,4,32,2019-09-03,45.43
7830,18,6,6,37,2019-09-03,23.07
7831,20,6,2,23,2019-09-03,16.87
7832,22,6,6,39,2019-09-03,22.21
7833,24,6,5,36,2019-09-03,23.14
7834,26,6,5,33,2019-09-03,20.89
7835,28,6,1,43,2019-09-03,17.79
7836,32,6,2,39,2019-09-03,27.31
7837,34,6,4,26,2019-09-03,36.29
7838,36,6,3,33,2019-09-03,25.35
7839,40,6,5,61,2019-09-03,24.63
7840,42,6,4,50,2019-09-03,10.25
7841,2,7,6,25,2019-09-03,15.64
7842,8,7,6,42,2019-09-03,12.92
7843,10,7,2,24,2019-09-03,16.06
7844,14,7,2,18,2019-09-03,28.51
7845,16,7,2,30,2019-09-03,43.65
7846,18,7,6,26,2019-09-03,25.23
7847,26,7,3,51,2019-09-03,22.62
7848,28,7,1,24,2019-09-03,16.97
7849,30,7,6,26,2019-09-03,27.51
7850,38,7,3,43,2019-09-03,20.76
7851,40,7,3,27,2019-09-03,24.87
7852,42,7,6,33,2019-09-03,8.83
7853,4,8,1,27,2019-09-03,15.35
7854,6,8,6,23,2019-09-03,9.90
7855,8,8,2,23,2019-09-03,13.54
7856,16,8,4,28,2019-09-03,41.05
7857,22,8,6,26,2019-09-03,20.32
7858,24,8,3,39,2019-09-03,26.07
7859,28,8,1,44,2019-09-03,16.13
7860,34,8,4,42,2019-09-03,32.32
7861,38,8,3,32,2019-09-03,19.93
7862,40,8,3,44,2019-09-03,27.23
7863,42,8,6,40,2019-09-03,10.01
7864,6,9,1,36,2019-09-03,9.59
7865,8,9,6,55,2019-09-03,13.64
7866,18,9,2,17,2019-09-03,26.61
7867,24,9,3,36,2019-09-03,22.07
7868,28,9,6,23,2019-09-03,17.65
7869,34,9,4,25,2019-09-03,30.37
7870,42,9,4,34,2019-09-03,9.20
7871,2,10,1,40,2019-09-03,13.63
7872,4,10,6,38,2019-09-03,15.64
7873,6,10,6,31,2019-09-03,11.19
7874,8,10,6,41,2019-09-03,14.64
7875,10,10,2,55,2019-09-03,19.20
7876,16,10,2,25,2019-09-03,48.46
7877,20,10,6,36,2019-09-03,17.29
7878,22,10,6,23,2019-09-03,21.45
7879,26,10,5,30,2019-09-03,21.96
7880,34,10,4,25,2019-09-03,28.28
7881,38,10,3,45,2019-09-03,24.25
7882,40,10,5,21,2019-09-03,24.13
7883,42,10,4,39,2019-09-03,9.14
7884,2,11,1,44,2019-09-03,14.71
7885,4,11,6,32,2019-09-03,14.63
7886,6,11,1,32,2019-09-03,10.93
7887,8,11,6,38,2019-09-03,14.08
7888,10,11,2,36,2019-09-03,19.17
7889,16,11,4,28,2019-09-03,42.77
7890,20,11,6,47,2019-09-03,19.89
7891,22,11,6,27,2019-09-03,21.06
7892,24,11,3,22,2019-09-03,24.34
7893,26,11,3,43,2019-09-03,23.93
7894,32,11,4,26,2019-09-03,25.44
7895,36,11,3,35,2019-09-03,27.85
7896,38,11,3,32,2019-09-03,20.71
7897,40,11,5,23,2019-09-03,30.54
7898,2,12,1,29,2019-09-03,13.22
7899,4,12,6,20,2019-09-03,14.32
7900,6,12,1,45,2019-09-03,9.20
7901,12,12,4,22,2019-09-03,32.84
7902,14,12,2,36,2019-09-03,25.57
7903,16,12,4,50,2019-09-03,40.94
7904,20,12,6,23,2019-09-03,17.95
7905,26,12,3,27,2019-09-03,24.73
7906,28,12,6,32,2019-09-03,18.31
7907,30,12,6,21,2019-09-03,28.05
7908,34,12,2,36,2019-09-03,28.63
7909,36,12,3,22,2019-09-03,22.07
7910,42,12,4,44,2019-09-03,9.10
7911,1,1,6,32,2019-09-17,10.66
7912,5,1,1,46,2019-09-17,13.37
7913,7,1,2,44,2019-09-17,12.47
7914,9,1,6,49,2019-09-17,11.02
7915,11,1,6,43,2019-09-17,15.48
7916,15,1,4,40,2019-09-17,43.28
7917,17,1,2,37,2019-09-17,28.82
7918,21,1,6,32,2019-09-17,37.64
7919,23,1,5,24,2019-09-17,23.63
7920,25,1,5,32,2019-09-17,15.84
7921,27,1,6,62,2019-09-17,15.58
7922,29,1,6,56,2019-09-17,12.44
7923,31,1,1,24,2019-09-17,17.83
7924,33,1,2,46,2019-09-17,22.79
7925,35,1,3,50,2019-09-17,18.05
7926,37,1,3,27,2019-09-17,18.38
7927,39,1,5,48,2019-09-17,21.24
7928,41,1,4,64,2019-09-17,9.40
7929,43,1,6,78,2019-09-17,7.02
7930,1,2,1,72,2019-09-17,13.32
7931,3,2,6,39,2019-09-17,10.49
7932,5,2,6,27,2019-09-17,12.76
7933,7,2,2,40,2019-09-17,12.46
7934,9,2,6,60,2019-09-17,12.27
7935,11,2,6,69,2019-09-17,16.34
7936,13,2,4,34,2019-09-17,28.45
7937,15,2,4,29,2019-09-17,37.31
7938,19,2,2,34,2019-09-17,32.13
7939,23,2,3,74,2019-09-17,18.56
7940,25,2,3,25,2019-09-17,19.19
7941,27,2,1,40,2019-09-17,15.20
7942,29,2,1,44,2019-09-17,14.21
7943,31,2,1,24,2019-09-17,18.32
7944,33,2,4,53,2019-09-17,21.60
7945,35,2,3,42,2019-09-17,15.98
7946,39,2,3,34,2019-09-17,22.56
7947,41,2,6,83,2019-09-17,9.32
7948,43,2,4,102,2019-09-17,6.29
7949,1,3,1,56,2019-09-17,10.82
7950,3,3,1,33,2019-09-17,10.34
7951,5,3,1,55,2019-09-17,13.95
7952,7,3,2,45,2019-09-17,12.33
7953,9,3,2,37,2019-09-17,11.69
7954,11,3,6,35,2019-09-17,13.97
7955,13,3,2,26,2019-09-17,32.10
7956,15,3,4,45,2019-09-17,41.59
7957,17,3,4,33,2019-09-17,35.54
7958,21,3,2,44,2019-09-17,33.54
7959,23,3,5,39,2019-09-17,18.16
7960,25,3,3,69,2019-09-17,17.09
7961,27,3,1,41,2019-09-17,15.11
7962,29,3,6,26,2019-09-17,12.18
7963,31,3,1,29,2019-09-17,16.79
7964,33,3,4,50,2019-09-17,21.54
7965,35,3,3,33,2019-09-17,13.99
7966,37,3,3,43,2019-09-17,22.32
7967,39,3,5,37,2019-09-17,22.16
7968,41,3,6,71,2019-09-17,8.44
7969,43,3,4,57,2019-09-17,6.38
7970,1,4,6,35,2019-09-17,11.64
7971,5,4,6,52,2019-09-17,12.83
7972,9,4,2,27,2019-09-17,10.96
7973,11,4,2,28,2019-09-17,15.25
7974,19,4,6,20,2019-09-17,30.52
7975,21,4,6,26,2019-09-17,35.49
7976,23,4,3,34,2019-09-17,18.60
7977,27,4,1,34,2019-09-17,15.56
7978,31,4,1,39,2019-09-17,20.64
7979,33,4,4,31,2019-09-17,24.83
7980,37,4,3,23,2019-09-17,18.95
7981,39,4,5,23,2019-09-17,20.88
7982,41,4,4,33,2019-09-17,9.25
7983,43,4,6,32,2019-09-17,6.42
7984,1,5,6,40,2019-09-17,12.45
7985,3,5,1,30,2019-09-17,11.98
7986,7,5,6,23,2019-09-17,11.61
7987,11,5,6,30,2019-09-17,15.11
7988,13,5,2,18,2019-09-17,28.22
7989,15,5,2,35,2019-09-17,47.06
7990,19,5,6,31,2019-09-17,33.06
7991,37,5,3,20,2019-09-17,20.98
7992,39,5,5,10,2019-09-17,23.26
7993,41,5,6,38,2019-09-17,8.84
7994,43,5,6,31,2019-09-17,7.22
7995,1,6,6,31,2019-09-17,11.84
7996,3,6,6,46,2019-09-17,11.42
7997,5,6,6,38,2019-09-17,13.35
7998,7,6,2,40,2019-09-17,11.41
7999,9,6,6,41,2019-09-17,10.38
8000,11,6,2,39,2019-09-17,16.22
8001,13,6,4,34,2019-09-17,28.27
8002,15,6,2,24,2019-09-17,38.52
8003,19,6,6,33,2019-09-17,33.29
8004,23,6,3,35,2019-09-17,20.73
8005,25,6,3,24,2019-09-17,16.94
8006,27,6,6,25,2019-09-17,12.72
8007,29,6,1,26,2019-09-17,12.11
8008,31,6,1,47,2019-09-17,17.08
8009,33,6,2,31,2019-09-17,19.90
8010,39,6,3,53,2019-09-17,24.81
8011,41,6,6,26,2019-09-17,9.18
8012,43,6,6,62,2019-09-17,6.11
8013,1,7,6,30,2019-09-17,13.63
8014,3,7,1,29,2019-09-17,11.64
8015,9,7,6,32,2019-09-17,12.29
8016,11,7,2,30,2019-09-17,15.52
8017,17,7,4,31,2019-09-17,36.12
8018,23,7,5,35,2019-09-17,22.68
8019,27,7,6,28,2019-09-17,12.66
8020,35,7,3,27,2019-09-17,16.68
8021,37,7,3,24,2019-09-17,20.74
8022,41,7,4,43,2019-09-17,9.12
8023,43,7,6,48,2019-09-17,7.28
8024,1,8,6,35,2019-09-17,11.12
8025,3,8,6,36,2019-09-17,10.84
8026,5,8,6,44,2019-09-17,11.84
8027,9,8,6,24,2019-09-17,10.47
8028,11,8,6,31,2019-09-17,15.99
8029,15,8,2,24,2019-09-17,45.18
8030,19,8,6,38,2019-09-17,32.10
8031,23,8,3,34,2019-09-17,18.57
8032,25,8,5,30,2019-09-17,17.06
8033,27,8,1,38,2019-09-17,14.87
8034,29,8,6,35,2019-09-17,12.82
8035,33,8,2,29,2019-09-17,20.86
8036,37,8,3,22,2019-09-17,18.55
8037,41,8,6,65,2019-09-17,8.35
8038,43,8,4,70,2019-09-17,6.97
8039,3,9,1,43,2019-09-17,11.97
8040,5,9,1,33,2019-09-17,13.30
8041,7,9,2,25,2019-09-17,10.60
8042,11,9,6,34,2019-09-17,13.90
8043,13,9,4,17,2019-09-17,28.96
8044,15,9,4,27,2019-09-17,47.04
8045,35,9,3,22,2019-09-17,14.97
8046,37,9,3,36,2019-09-17,21.60
8047,39,9,5,19,2019-09-17,24.56
8048,43,9,6,55,2019-09-17,7.74
8049,1,10,6,31,2019-09-17,12.62
8050,3,10,6,34,2019-09-17,12.03
8051,7,10,2,25,2019-09-17,10.88
8052,9,10,2,39,2019-09-17,11.71
8053,11,10,6,35,2019-09-17,13.65
8054,13,10,2,22,2019-09-17,28.23
8055,19,10,2,37,2019-09-17,28.17
8056,23,10,5,40,2019-09-17,22.57
8057,27,10,6,36,2019-09-17,15.07
8058,29,10,6,40,2019-09-17,13.06
8059,41,10,4,32,2019-09-17,7.57
8060,43,10,4,38,2019-09-17,7.43
8061,1,11,1,52,2019-09-17,12.06
8062,3,11,6,24,2019-09-17,9.61
8063,7,11,2,27,2019-09-17,10.88
8064,9,11,6,33,2019-09-17,12.47
8065,11,11,6,37,2019-09-17,15.36
8066,13,11,4,29,2019-09-17,31.75
8067,15,11,4,33,2019-09-17,43.91
8068,17,11,2,31,2019-09-17,31.42
8069,19,11,2,28,2019-09-17,29.46
8070,23,11,5,37,2019-09-17,21.38
8071,25,11,3,28,2019-09-17,18.22
8072,27,11,1,36,2019-09-17,15.64
8073,29,11,1,28,2019-09-17,14.62
8074,31,11,6,22,2019-09-17,17.90
8075,37,11,3,33,2019-09-17,20.31
8076,41,11,4,43,2019-09-17,7.82
8077,43,11,4,36,2019-09-17,7.39
8078,1,12,1,44,2019-09-17,12.94
8079,3,12,1,28,2019-09-17,12.38
8080,7,12,6,30,2019-09-17,10.73
8081,9,12,2,32,2019-09-17,10.10
8082,11,12,2,41,2019-09-17,15.25
8083,19,12,2,26,2019-09-17,31.11
8084,21,12,2,29,2019-09-17,31.90
8085,29,12,6,39,2019-09-17,13.64
8086,37,12,3,34,2019-09-17,22.77
8087,41,12,4,49,2019-09-17,9.03
8088,2,1,6,32,2019-10-03,16.14
8089,4,1,1,54,2019-10-03,15.99
8090,6,1,6,63,2019-10-03,11.11
8091,8,1,6,47,2019-10-03,15.75
8092,10,1,2,42,2019-10-03,19.25
8093,12,1,2,43,2019-10-03,32.65
8094,14,1,4,39,2019-10-03,25.64
8095,16,1,4,53,2019-10-03,41.12
8096,18,1,2,61,2019-10-03,27.08
8097,20,1,2,60,2019-10-03,18.73
8098,22,1,2,64,2019-10-03,19.45
8099,24,1,5,37,2019-10-03,25.22
8100,26,1,5,33,2019-10-03,21.13
8101,28,1,6,43,2019-10-03,18.54
8102,30,1,1,48,2019-10-03,27.96
8103,32,1,4,41,2019-10-03,28.23
8104,34,1,4,46,2019-10-03,32.71
8105,36,1,3,46,2019-10-03,25.51
8106,38,1,5,42,2019-10-03,19.86
8107,40,1,3,56,2019-10-03,25.50
8108,42,1,6,77,2019-10-03,8.61
8109,2,2,1,29,2019-10-03,15.74
8110,4,2,1,65,2019-10-03,17.87
8111,6,2,6,56,2019-10-03,10.28
8112,8,2,2,33,2019-10-03,14.36
8113,10,2,6,26,2019-10-03,15.76
8114,12,2,4,34,2019-10-03,31.18
8115,14,2,2,22,2019-10-03,25.03
8116,18,2,6,34,2019-10-03,22.65
8117,20,2,2,33,2019-10-03,18.33
8118,22,2,2,58,2019-10-03,22.65
8119,24,2,5,38,2019-10-03,24.47
8120,26,2,5,50,2019-10-03,22.11
8121,28,2,6,43,2019-10-03,18.54
8122,30,2,1,36,2019-10-03,24.73
8123,32,2,2,45,2019-10-03,27.88
8124,34,2,4,32,2019-10-03,30.93
8125,36,2,3,38,2019-10-03,23.41
8126,38,2,5,49,2019-10-03,22.98
8127,40,2,3,65,2019-10-03,24.09
8128,42,2,6,51,2019-10-03,8.86
8129,2,3,1,21,2019-10-03,13.78
8130,4,3,1,36,2019-10-03,14.91
8131,6,3,6,66,2019-10-03,10.14
8132,8,3,2,38,2019-10-03,15.67
8133,10,3,6,49,2019-10-03,14.91
8134,12,3,2,33,2019-10-03,35.59
8135,14,3,2,26,2019-10-03,25.43
8136,16,3,2,48,2019-10-03,43.14
8137,18,3,2,31,2019-10-03,27.12
8138,20,3,6,48,2019-10-03,18.10
8139,22,3,2,44,2019-10-03,20.27
8140,24,3,3,32,2019-10-03,21.24
8141,26,3,5,59,2019-10-03,23.19
8142,28,3,1,32,2019-10-03,18.50
8143,32,3,2,23,2019-10-03,24.24
8144,34,3,2,32,2019-10-03,30.98
8145,36,3,3,32,2019-10-03,24.76
8146,38,3,3,24,2019-10-03,22.15
8147,40,3,3,64,2019-10-03,28.88
8148,42,3,4,36,2019-10-03,8.87
8149,2,4,1,49,2019-10-03,13.11
8150,4,4,1,55,2019-10-03,15.25
8151,6,4,6,72,2019-10-03,11.07
8152,8,4,6,34,2019-10-03,12.98
8153,14,4,2,28,2019-10-03,22.80
8154,16,4,2,38,2019-10-03,50.93
8155,18,4,2,22,2019-10-03,25.62
8156,20,4,2,31,2019-10-03,18.88
8157,22,4,2,54,2019-10-03,21.85
8158,24,4,5,32,2019-10-03,26.59
8159,28,4,1,45,2019-10-03,17.29
8160,30,4,6,24,2019-10-03,29.41
8161,32,4,2,36,2019-10-03,27.58
8162,34,4,4,26,2019-10-03,36.33
8163,36,4,3,40,2019-10-03,22.45
8164,38,4,5,37,2019-10-03,22.98
8165,40,4,3,27,2019-10-03,30.76
8166,42,4,4,29,2019-10-03,9.65
8167,12,5,2,27,2019-10-03,32.71
8168,14,5,4,23,2019-10-03,28.53
8169,16,5,4,12,2019-10-03,39.71
8170,20,5,2,25,2019-10-03,19.10
8171,22,5,2,32,2019-10-03,18.46
8172,24,5,3,13,2019-10-03,25.99
8173,26,5,5,23,2019-10-03,21.11
8174,30,5,1,16,2019-10-03,23.99
8175,34,5,4,27,2019-10-03,34.62
8176,38,5,5,26,2019-10-03,23.78
8177,40,5,3,30,2019-10-03,24.61
8178,42,5,4,25,2019-10-03,9.55
8179,2,6,6,39,2019-10-03,12.58
8180,4,6,1,39,2019-10-03,17.66
8181,8,6,6,31,2019-10-03,13.12
8182,10,6,6,29,2019-10-03,16.83
8183,12,6,2,32,2019-10-03,36.09
8184,14,6,2,25,2019-10-03,25.28
8185,18,6,6,24,2019-10-03,27.43
8186,22,6,6,32,2019-10-03,21.55
8187,24,6,5,26,2019-10-03,25.23
8188,30,6,6,36,2019-10-03,30.29
8189,32,6,4,32,2019-10-03,24.48
8190,38,6,3,26,2019-10-03,23.53
8191,40,6,3,36,2019-10-03,23.82
8192,4,7,1,40,2019-10-03,16.00
8193,6,7,1,46,2019-10-03,10.99
8194,12,7,2,15,2019-10-03,36.84
8195,20,7,6,46,2019-10-03,18.44
8196,22,7,2,61,2019-10-03,19.71
8197,24,7,5,39,2019-10-03,25.86
8198,26,7,3,41,2019-10-03,24.57
8199,28,7,1,39,2019-10-03,15.82
8200,32,7,4,35,2019-10-03,28.76
8201,34,7,4,19,2019-10-03,35.63
8202,36,7,3,38,2019-10-03,26.54
8203,40,7,5,24,2019-10-03,28.60
8204,42,7,6,28,2019-10-03,10.12
8205,2,8,1,34,2019-10-03,14.47
8206,4,8,6,31,2019-10-03,16.16
8207,6,8,1,38,2019-10-03,10.20
8208,8,8,6,44,2019-10-03,14.59
8209,10,8,2,44,2019-10-03,18.31
8210,12,8,4,37,2019-10-03,31.74
8211,14,8,2,39,2019-10-03,28.27
8212,18,8,2,51,2019-10-03,23.40
8213,20,8,2,47,2019-10-03,18.54
8214,22,8,6,25,2019-10-03,18.81
8215,24,8,5,26,2019-10-03,22.84
8216,26,8,3,34,2019-10-03,20.85
8217,28,8,1,41,2019-10-03,18.41
8218,30,8,1,47,2019-10-03,27.33
8219,32,8,4,44,2019-10-03,23.30
8220,36,8,3,36,2019-10-03,27.18
8221,40,8,5,31,2019-10-03,27.15
8222,42,8,6,36,2019-10-03,10.09
8223,2,9,6,22,2019-10-03,14.00
8224,4,9,1,44,2019-10-03,15.83
8225,8,9,2,27,2019-10-03,12.78
8226,10,9,6,21,2019-10-03,15.78
8227,12,9,4,34,2019-10-03,34.77
8228,14,9,4,34,2019-10-03,25.79
8229,16,9,2,24,2019-10-03,48.40
8230,20,9,6,18,2019-10-03,15.91
8231,22,9,2,46,2019-10-03,23.50
8232,26,9,3,27,2019-10-03,20.02
8233,30,9,6,15,2019-10-03,27.95
8234,32,9,4,34,2019-10-03,28.27
8235,36,9,3,24,2019-10-03,24.88
8236,38,9,5,36,2019-10-03,20.76
8237,40,9,5,18,2019-10-03,30.49
8238,4,10,6,58,2019-10-03,17.51
8239,6,10,1,39,2019-10-03,8.91
8240,8,10,6,34,2019-10-03,14.26
8241,10,10,2,23,2019-10-03,16.77
8242,12,10,2,30,2019-10-03,31.36
8243,14,10,2,44,2019-10-03,27.53
8244,16,10,2,26,2019-10-03,49.80
8245,18,10,2,29,2019-10-03,24.01
8246,20,10,6,23,2019-10-03,16.67
8247,22,10,6,34,2019-10-03,20.78
8248,24,10,3,44,2019-10-03,22.36
8249,26,10,5,29,2019-10-03,24.15
8250,28,10,6,44,2019-10-03,18.40
8251,30,10,6,31,2019-10-03,26.25
8252,32,10,2,45,2019-10-03,26.20
8253,34,10,4,34,2019-10-03,29.67
8254,36,10,3,38,2019-10-03,25.83
8255,40,10,5,32,2019-10-03,27.06
8256,42,10,4,37,2019-10-03,10.27
8257,2,11,1,32,2019-10-03,14.31
8258,4,11,1,43,2019-10-03,14.44
8259,6,11,1,27,2019-10-03,10.67
8260,8,11,2,24,2019-10-03,15.35
8261,12,11,4,15,2019-10-03,31.76
8262,14,11,4,38,2019-10-03,23.65
8263,18,11,6,20,2019-10-03,27.23
8264,28,11,1,36,2019-10-03,17.35
8265,30,11,1,20,2019-10-03,26.05
8266,32,11,4,34,2019-10-03,25.64
8267,34,11,4,19,2019-10-03,36.41
8268,42,11,6,44,2019-10-03,8.46
8269,2,12,1,23,2019-10-03,12.94
8270,4,12,6,32,2019-10-03,16.00
8271,6,12,6,31,2019-10-03,9.16
8272,8,12,6,32,2019-10-03,12.91
8273,10,12,2,25,2019-10-03,18.85
8274,18,12,2,50,2019-10-03,25.10
8275,20,12,2,34,2019-10-03,17.61
8276,22,12,2,32,2019-10-03,19.76
8277,24,12,3,35,2019-10-03,20.80
8278,28,12,6,27,2019-10-03,19.24
8279,32,12,2,27,2019-10-03,22.54
8280,36,12,3,32,2019-10-03,26.42
8281,38,12,5,20,2019-10-03,21.20
8282,40,12,3,39,2019-10-03,25.17
8283,42,12,4,29,2019-10-03,10.12
8284,1,1,1,35,2019-10-17,13.24
8285,3,1,6,106,2019-10-17,9.79
8286,5,1,6,72,2019-10-17,12.61
8287,7,1,2,59,2019-10-17,10.73
8288,9,1,2,43,2019-10-17,12.87
8289,11,1,6,58,2019-10-17,15.04
8290,13,1,2,46,2019-10-17,28.25
8291,15,1,2,28,2019-10-17,38.24
8292,17,1,2,39,2019-10-17,35.01
8293,19,1,6,39,2019-10-17,30.72
8294,21,1,6,35,2019-10-17,35.25
8295,23,1,5,37,2019-10-17,18.63
8296,25,1,3,19,2019-10-17,17.50
8297,27,1,6,116,2019-10-17,14.38
8298,29,1,1,58,2019-10-17,14.36
8299,31,1,1,46,2019-10-17,19.40
8300,33,1,2,40,2019-10-17,19.16
8301,35,1,3,35,2019-10-17,15.26
8302,41,1,4,74,2019-10-17,7.31
8303,43,1,4,48,2019-10-17,7.69
8304,1,2,6,59,2019-10-17,10.82
8305,3,2,1,45,2019-10-17,11.56
8306,5,2,6,60,2019-10-17,11.65
8307,7,2,6,43,2019-10-17,11.68
8308,9,2,2,59,2019-10-17,10.84
8309,11,2,6,74,2019-10-17,14.73
8310,15,2,4,26,2019-10-17,43.84
8311,17,2,4,54,2019-10-17,29.79
8312,21,2,6,52,2019-10-17,39.74
8313,23,2,3,44,2019-10-17,21.24
8314,25,2,3,53,2019-10-17,15.93
8315,27,2,1,106,2019-10-17,14.09
8316,29,2,1,60,2019-10-17,12.32
8317,31,2,6,36,2019-10-17,20.19
8318,33,2,2,48,2019-10-17,21.59
8319,35,2,3,51,2019-10-17,14.70
8320,37,2,3,42,2019-10-17,19.98
8321,39,2,5,48,2019-10-17,24.98
8322,41,2,6,79,2019-10-17,7.86
8323,43,2,4,98,2019-10-17,6.32
8324,1,3,1,31,2019-10-17,13.46
8325,3,3,1,58,2019-10-17,11.14
8326,5,3,6,36,2019-10-17,14.50
8327,7,3,6,32,2019-10-17,11.82
8328,9,3,6,49,2019-10-17,12.33
8329,11,3,2,39,2019-10-17,13.58
8330,13,3,2,28,2019-10-17,26.78
8331,15,3,2,23,2019-10-17,37.51
8332,17,3,4,29,2019-10-17,34.25
8333,19,3,6,48,2019-10-17,29.92
8334,23,3,3,37,2019-10-17,22.99
8335,25,3,3,42,2019-10-17,16.62
8336,27,3,1,64,2019-10-17,16.06
8337,29,3,1,73,2019-10-17,13.38
8338,31,3,6,34,2019-10-17,17.48
8339,33,3,2,26,2019-10-17,24.30
8340,35,3,3,34,2019-10-17,15.56
8341,39,3,3,26,2019-10-17,25.64
8342,41,3,6,60,2019-10-17,7.69
8343,43,3,6,78,2019-10-17,6.97
8344,1,4,6,33,2019-10-17,10.84
8345,3,4,6,63,2019-10-17,9.79
8346,5,4,1,32,2019-10-17,14.94
8347,7,4,2,48,2019-10-17,13.34
8348,9,4,6,46,2019-10-17,10.07
8349,11,4,2,59,2019-10-17,17.18
8350,13,4,4,26,2019-10-17,28.82
8351,15,4,4,32,2019-10-17,36.87
8352,17,4,2,33,2019-10-17,31.18
8353,19,4,2,24,2019-10-17,29.55
8354,23,4,3,24,2019-10-17,18.80
8355,25,4,5,31,2019-10-17,16.84
8356,27,4,1,34,2019-10-17,13.60
8357,29,4,1,49,2019-10-17,11.61
8358,33,4,4,26,2019-10-17,22.06
8359,35,4,3,30,2019-10-17,15.61
8360,41,4,4,36,2019-10-17,8.75
8361,43,4,4,54,2019-10-17,6.58
8362,1,5,1,26,2019-10-17,12.21
8363,5,5,1,19,2019-10-17,13.69
8364,9,5,6,31,2019-10-17,10.92
8365,17,5,4,16,2019-10-17,29.80
8366,19,5,6,30,2019-10-17,28.43
8367,21,5,2,32,2019-10-17,40.77
8368,23,5,5,27,2019-10-17,20.11
8369,25,5,3,34,2019-10-17,20.14
8370,27,5,1,54,2019-10-17,15.26
8371,29,5,1,31,2019-10-17,12.71
8372,31,5,6,30,2019-10-17,18.94
8373,33,5,2,39,2019-10-17,19.77
8374,35,5,3,13,2019-10-17,17.98
8375,41,5,4,35,2019-10-17,8.79
8376,43,5,6,24,2019-10-17,7.11
8377,1,6,1,27,2019-10-17,11.66
8378,3,6,1,49,2019-10-17,10.06
8379,7,6,6,44,2019-10-17,10.98
8380,9,6,6,32,2019-10-17,10.45
8381,11,6,6,38,2019-10-17,16.02
8382,15,6,4,45,2019-10-17,41.94
8383,17,6,2,41,2019-10-17,33.51
8384,19,6,2,31,2019-10-17,29.75
8385,21,6,2,43,2019-10-17,34.65
8386,23,6,5,46,2019-10-17,18.52
8387,25,6,5,25,2019-10-17,19.69
8388,27,6,6,41,2019-10-17,13.57
8389,33,6,2,31,2019-10-17,21.42
8390,35,6,3,39,2019-10-17,16.50
8391,37,6,3,39,2019-10-17,21.54
8392,39,6,3,42,2019-10-17,25.74
8393,41,6,6,30,2019-10-17,8.82
8394,43,6,4,58,2019-10-17,6.08
8395,1,7,6,57,2019-10-17,12.60
8396,5,7,6,51,2019-10-17,14.48
8397,7,7,6,31,2019-10-17,11.40
8398,11,7,6,46,2019-10-17,15.64
8399,13,7,4,25,2019-10-17,28.83
8400,15,7,2,37,2019-10-17,38.01
8401,19,7,6,48,2019-10-17,27.14
8402,21,7,2,23,2019-10-17,35.12
8403,23,7,5,28,2019-10-17,20.52
8404,25,7,5,31,2019-10-17,18.73
8405,27,7,1,21,2019-10-17,13.48
8406,29,7,6,37,2019-10-17,12.86
8407,31,7,6,48,2019-10-17,19.69
8408,33,7,4,56,2019-10-17,23.33
8409,35,7,3,33,2019-10-17,17.99
8410,39,7,5,34,2019-10-17,24.29
8411,41,7,6,31,2019-10-17,8.18
8412,43,7,4,71,2019-10-17,6.34
8413,3,8,1,51,2019-10-17,12.46
8414,5,8,1,31,2019-10-17,11.57
8415,7,8,2,34,2019-10-17,11.32
8416,9,8,2,59,2019-10-17,10.20
8417,11,8,2,39,2019-10-17,15.81
8418,13,8,2,27,2019-10-17,25.77
8419,15,8,4,32,2019-10-17,41.21
8420,17,8,2,52,2019-10-17,31.46
8421,19,8,2,24,2019-10-17,31.05
8422,21,8,6,33,2019-10-17,31.60
8423,23,8,5,60,2019-10-17,21.12
8424,25,8,5,27,2019-10-17,17.82
8425,27,8,6,49,2019-10-17,13.50
8426,29,8,1,65,2019-10-17,14.51
8427,31,8,6,44,2019-10-17,16.72
8428,35,8,3,46,2019-10-17,14.14
8429,39,8,5,50,2019-10-17,23.09
8430,41,8,6,56,2019-10-17,7.79
8431,43,8,6,71,2019-10-17,7.18
8432,1,9,6,54,2019-10-17,11.56
8433,7,9,6,23,2019-10-17,12.68
8434,9,9,2,53,2019-10-17,12.05
8435,11,9,6,45,2019-10-17,16.61
8436,17,9,2,33,2019-10-17,30.08
8437,19,9,2,18,2019-10-17,28.60
8438,21,9,6,19,2019-10-17,33.18
8439,23,9,5,52,2019-10-17,22.10
8440,25,9,5,34,2019-10-17,17.32
8441,27,9,6,50,2019-10-17,12.88
8442,29,9,6,45,2019-10-17,12.90
8443,31,9,1,46,2019-10-17,19.82
8444,33,9,4,40,2019-10-17,22.82
8445,35,9,3,31,2019-10-17,16.24
8446,41,9,6,51,2019-10-17,9.16
8447,43,9,6,27,2019-10-17,6.05
8448,1,10,6,37,2019-10-17,12.64
8449,3,10,6,31,2019-10-17,11.92
8450,5,10,6,72,2019-10-17,13.89
8451,11,10,2,59,2019-10-17,14.71
8452,13,10,2,33,2019-10-17,27.27
8453,15,10,4,44,2019-10-17,37.15
8454,17,10,4,17,2019-10-17,36.46
8455,21,10,6,31,2019-10-17,40.07
8456,23,10,3,34,2019-10-17,22.12
8457,25,10,3,43,2019-10-17,20.62
8458,27,10,6,49,2019-10-17,14.37
8459,29,10,6,39,2019-10-17,11.43
8460,31,10,1,35,2019-10-17,18.86
8461,33,10,2,42,2019-10-17,20.38
8462,35,10,3,39,2019-10-17,15.03
8463,37,10,3,49,2019-10-17,19.44
8464,39,10,3,45,2019-10-17,21.05
8465,41,10,6,41,2019-10-17,7.31
8466,43,10,4,72,2019-10-17,7.12
8467,3,11,6,34,2019-10-17,12.20
8468,5,11,1,20,2019-10-17,12.35
8469,7,11,6,31,2019-10-17,12.13
8470,9,11,6,51,2019-10-17,12.06
8471,11,11,6,27,2019-10-17,14.91
8472,21,11,6,20,2019-10-17,31.79
8473,23,11,5,40,2019-10-17,20.83
8474,27,11,6,23,2019-10-17,15.66
8475,33,11,2,45,2019-10-17,22.08
8476,35,11,3,45,2019-10-17,16.83
8477,37,11,3,25,2019-10-17,22.25
8478,39,11,5,38,2019-10-17,22.02
8479,41,11,4,40,2019-10-17,8.04
8480,43,11,4,40,2019-10-17,7.32
8481,1,12,6,24,2019-10-17,11.03
8482,5,12,1,49,2019-10-17,13.76
8483,13,12,2,26,2019-10-17,29.94
8484,15,12,2,40,2019-10-17,43.81
8485,17,12,4,45,2019-10-17,30.27
8486,23,12,5,37,2019-10-17,19.28
8487,25,12,5,23,2019-10-17,17.26
8488,27,12,1,67,2019-10-17,12.80
8489,29,12,1,28,2019-10-17,13.82
8490,31,12,1,36,2019-10-17,20.34
8491,33,12,4,48,2019-10-17,22.39
8492,35,12,3,20,2019-10-17,15.93
8493,37,12,3,30,2019-10-17,18.73
8494,39,12,3,44,2019-10-17,21.08
8495,41,12,4,63,2019-10-17,8.32
8496,43,12,6,68,2019-10-17,6.52
8497,2,1,6,62,2019-11-04,14.63
8498,4,1,1,99,2019-11-04,15.70
8499,6,1,6,73,2019-11-04,9.67
8500,8,1,2,60,2019-11-04,13.86
8501,10,1,2,67,2019-11-04,16.78
8502,12,1,4,37,2019-11-04,32.50
8503,14,1,2,48,2019-11-04,23.17
8504,16,1,4,64,2019-11-04,49.49
8505,18,1,2,48,2019-11-04,22.88
8506,20,1,2,76,2019-11-04,20.09
8507,22,1,6,90,2019-11-04,21.54
8508,24,1,3,64,2019-11-04,24.72
8509,26,1,3,79,2019-11-04,21.02
8510,28,1,6,85,2019-11-04,16.78
8511,30,1,6,29,2019-11-04,29.35
8512,32,1,4,35,2019-11-04,24.09
8513,34,1,4,39,2019-11-04,30.14
8514,36,1,3,61,2019-11-04,26.32
8515,38,1,3,62,2019-11-04,20.20
8516,40,1,5,73,2019-11-04,29.44
8517,42,1,6,62,2019-11-04,8.31
8518,2,2,1,56,2019-11-04,14.18
8519,4,2,1,87,2019-11-04,15.81
8520,6,2,1,89,2019-11-04,10.20
8521,8,2,2,75,2019-11-04,15.58
8522,10,2,2,63,2019-11-04,17.00
8523,14,2,2,69,2019-11-04,27.25
8524,16,2,2,101,2019-11-04,49.90
8525,18,2,6,49,2019-11-04,27.64
8526,20,2,6,47,2019-11-04,18.11
8527,22,2,6,96,2019-11-04,20.22
8528,24,2,5,36,2019-11-04,26.14
8529,26,2,3,75,2019-11-04,23.91
8530,28,2,1,97,2019-11-04,15.34
8531,30,2,6,53,2019-11-04,27.85
8532,32,2,4,52,2019-11-04,26.07
8533,34,2,2,53,2019-11-04,33.57
8534,36,2,3,65,2019-11-04,21.49
8535,38,2,3,85,2019-11-04,23.09
8536,40,2,3,36,2019-11-04,25.82
8537,42,2,4,52,2019-11-04,8.37
8538,2,3,1,64,2019-11-04,14.08
8539,4,3,6,82,2019-11-04,18.04
8540,6,3,6,63,2019-11-04,9.66
8541,8,3,6,53,2019-11-04,15.55
8542,12,3,4,26,2019-11-04,31.64
8543,14,3,4,37,2019-11-04,24.27
8544,16,3,4,58,2019-11-04,51.18
8545,18,3,2,55,2019-11-04,26.75
8546,20,3,2,32,2019-11-04,20.48
8547,22,3,6,35,2019-11-04,22.20
8548,24,3,3,32,2019-11-04,24.58
8549,26,3,5,46,2019-11-04,22.14
8550,28,3,6,54,2019-11-04,14.96
8551,30,3,6,58,2019-11-04,27.94
8552,32,3,2,59,2019-11-04,26.13
8553,34,3,2,33,2019-11-04,28.27
8554,36,3,3,37,2019-11-04,23.04
8555,38,3,5,49,2019-11-04,23.06
8556,40,3,5,48,2019-11-04,25.05
8557,42,3,6,26,2019-11-04,8.89
8558,4,4,6,54,2019-11-04,17.02
8559,6,4,1,48,2019-11-04,11.09
8560,8,4,2,39,2019-11-04,14.12
8561,10,4,6,45,2019-11-04,19.00
8562,12,4,4,46,2019-11-04,32.49
8563,16,4,4,41,2019-11-04,41.60
8564,18,4,2,36,2019-11-04,25.65
8565,20,4,6,45,2019-11-04,20.50
8566,22,4,2,35,2019-11-04,22.35
8567,26,4,3,51,2019-11-04,20.74
8568,28,4,6,37,2019-11-04,17.69
8569,30,4,6,33,2019-11-04,24.34
8570,32,4,4,43,2019-11-04,25.74
8571,34,4,4,40,2019-11-04,36.35
8572,40,4,5,26,2019-11-04,28.51
8573,42,4,4,31,2019-11-04,9.65
8574,2,5,6,35,2019-11-04,14.58
8575,4,5,1,45,2019-11-04,17.34
8576,6,5,6,32,2019-11-04,10.22
8577,8,5,2,49,2019-11-04,16.25
8578,10,5,6,32,2019-11-04,17.43
8579,18,5,6,38,2019-11-04,27.75
8580,22,5,2,30,2019-11-04,19.26
8581,28,5,1,36,2019-11-04,15.52
8582,32,5,2,34,2019-11-04,25.82
8583,36,5,3,44,2019-11-04,23.15
8584,2,6,1,42,2019-11-04,15.94
8585,4,6,6,37,2019-11-04,17.97
8586,6,6,1,112,2019-11-04,10.35
8587,8,6,2,34,2019-11-04,14.50
8588,12,6,2,46,2019-11-04,36.03
8589,14,6,2,34,2019-11-04,28.95
8590,16,6,4,61,2019-11-04,45.24
8591,18,6,2,44,2019-11-04,27.76
8592,20,6,2,63,2019-11-04,18.18
8593,22,6,6,57,2019-11-04,18.24
8594,26,6,3,62,2019-11-04,23.15
8595,28,6,6,72,2019-11-04,15.76
8596,30,6,6,36,2019-11-04,26.49
8597,32,6,2,46,2019-11-04,25.32
8598,34,6,4,55,2019-11-04,35.70
8599,36,6,3,54,2019-11-04,25.01
8600,38,6,5,38,2019-11-04,20.69
8601,40,6,5,28,2019-11-04,26.94
8602,42,6,4,81,2019-11-04,8.80
8603,2,7,1,53,2019-11-04,12.59
8604,4,7,6,39,2019-11-04,16.12
8605,6,7,6,71,2019-11-04,10.60
8606,8,7,2,77,2019-11-04,14.64
8607,10,7,6,52,2019-11-04,18.34
8608,14,7,4,49,2019-11-04,23.36
8609,16,7,2,45,2019-11-04,50.34
8610,18,7,6,51,2019-11-04,25.50
8611,20,7,2,51,2019-11-04,17.79
8612,22,7,6,73,2019-11-04,22.05
8613,24,7,5,45,2019-11-04,24.03
8614,26,7,5,37,2019-11-04,20.56
8615,28,7,6,42,2019-11-04,19.30
8616,30,7,1,55,2019-11-04,24.46
8617,32,7,2,64,2019-11-04,25.70
8618,34,7,4,34,2019-11-04,31.75
8619,38,7,3,40,2019-11-04,22.10
8620,40,7,3,26,2019-11-04,29.59
8621,42,7,4,43,2019-11-04,10.03
8622,2,8,1,34,2019-11-04,15.68
8623,4,8,6,65,2019-11-04,16.37
8624,6,8,6,37,2019-11-04,11.23
8625,8,8,6,35,2019-11-04,15.71
8626,10,8,6,25,2019-11-04,18.71
8627,12,8,4,24,2019-11-04,30.32
8628,14,8,4,41,2019-11-04,25.26
8629,16,8,2,52,2019-11-04,49.36
8630,18,8,6,45,2019-11-04,23.58
8631,22,8,2,63,2019-11-04,21.45
8632,24,8,5,27,2019-11-04,20.97
8633,26,8,3,53,2019-11-04,22.04
8634,28,8,1,59,2019-11-04,15.60
8635,32,8,4,38,2019-11-04,26.31
8636,34,8,4,62,2019-11-04,32.97
8637,36,8,3,34,2019-11-04,27.59
8638,38,8,3,45,2019-11-04,20.18
8639,40,8,3,32,2019-11-04,28.78
8640,42,8,6,50,2019-11-04,9.82
8641,4,9,1,55,2019-11-04,16.96
8642,6,9,1,41,2019-11-04,11.06
8643,12,9,2,40,2019-11-04,31.13
8644,16,9,4,43,2019-11-04,41.08
8645,18,9,6,44,2019-11-04,26.00
8646,20,9,2,37,2019-11-04,16.61
8647,24,9,5,48,2019-11-04,23.65
8648,26,9,3,37,2019-11-04,19.47
8649,28,9,1,39,2019-11-04,17.00
8650,34,9,2,34,2019-11-04,30.26
8651,36,9,3,33,2019-11-04,26.75
8652,38,9,5,27,2019-11-04,23.75
8653,40,9,5,37,2019-11-04,25.38
8654,42,9,6,53,2019-11-04,10.70
8655,2,10,1,24,2019-11-04,15.98
8656,4,10,6,52,2019-11-04,15.76
8657,6,10,6,51,2019-11-04,11.31
8658,8,10,6,51,2019-11-04,13.00
8659,10,10,2,33,2019-11-04,17.29
8660,14,10,4,26,2019-11-04,22.75
8661,16,10,2,26,2019-11-04,42.69
8662,18,10,2,29,2019-11-04,24.45
8663,20,10,2,34,2019-11-04,17.42
8664,22,10,6,39,2019-11-04,19.75
8665,24,10,5,26,2019-11-04,26.02
8666,26,10,5,33,2019-11-04,20.44
8667,30,10,6,52,2019-11-04,29.45
8668,32,10,4,36,2019-11-04,27.73
8669,36,10,3,24,2019-11-04,27.52
8670,38,10,3,51,2019-11-04,21.50
8671,42,10,6,37,2019-11-04,8.68
8672,2,11,1,26,2019-11-04,12.96
8673,4,11,6,48,2019-11-04,14.89
8674,6,11,1,46,2019-11-04,9.68
8675,10,11,6,48,2019-11-04,16.59
8676,14,11,2,30,2019-11-04,25.59
8677,16,11,2,49,2019-11-04,42.35
8678,18,11,6,35,2019-11-04,27.90
8679,20,11,2,45,2019-11-04,20.02
8680,22,11,6,55,2019-11-04,20.48
8681,24,11,5,40,2019-11-04,20.75
8682,26,11,3,38,2019-11-04,19.64
8683,30,11,6,28,2019-11-04,28.56
8684,32,11,4,40,2019-11-04,24.52
8685,34,11,2,25,2019-11-04,36.47
8686,36,11,3,37,2019-11-04,27.68
8687,38,11,5,29,2019-11-04,24.63
8688,40,11,5,41,2019-11-04,29.08
8689,42,11,6,46,2019-11-04,8.44
8690,4,12,1,52,2019-11-04,14.56
8691,6,12,6,32,2019-11-04,9.35
8692,10,12,2,43,2019-11-04,17.94
8693,12,12,2,41,2019-11-04,31.50
8694,14,12,4,44,2019-11-04,23.15
8695,16,12,2,23,2019-11-04,45.72
8696,18,12,2,23,2019-11-04,24.96
8697,22,12,6,29,2019-11-04,19.42
8698,24,12,5,29,2019-11-04,21.61
8699,26,12,3,29,2019-11-04,19.72
8700,28,12,1,35,2019-11-04,18.26
8701,30,12,6,33,2019-11-04,27.50
8702,32,12,4,32,2019-11-04,23.94
8703,34,12,4,33,2019-11-04,30.76
8704,36,12,3,37,2019-11-04,24.97
8705,38,12,5,28,2019-11-04,19.84
8706,40,12,3,27,2019-11-04,25.87
8707,42,12,4,39,2019-11-04,9.17
8708,1,1,6,70,2019-11-18,12.49
8709,3,1,6,92,2019-11-18,9.83
8710,5,1,1,47,2019-11-18,14.95
8711,7,1,2,66,2019-11-18,12.48
8712,9,1,6,62,2019-11-18,10.30
8713,11,1,6,80,2019-11-18,14.81
8714,13,1,4,37,2019-11-18,24.88
8715,15,1,4,53,2019-11-18,40.52
8716,17,1,4,61,2019-11-18,31.08
8717,19,1,2,52,2019-11-18,33.01
8718,21,1,6,54,2019-11-18,35.32
8719,23,1,3,43,2019-11-18,21.14
8720,25,1,5,50,2019-11-18,19.23
8721,27,1,1,85,2019-11-18,14.79
8722,29,1,1,94,2019-11-18,12.48
8723,31,1,1,62,2019-11-18,19.40
8724,33,1,2,55,2019-11-18,22.34
8725,35,1,3,50,2019-11-18,15.45
8726,37,1,3,63,2019-11-18,21.76
8727,39,1,3,83,2019-11-18,21.48
8728,41,1,4,105,2019-11-18,9.03
8729,43,1,4,83,2019-11-18,6.11
8730,1,2,6,106,2019-11-18,11.43
8731,3,2,6,79,2019-11-18,11.21
8732,5,2,1,80,2019-11-18,12.23
8733,7,2,2,53,2019-11-18,11.11
8734,9,2,6,111,2019-11-18,11.16
8735,11,2,2,106,2019-11-18,16.34
8736,13,2,4,37,2019-11-18,26.67
8737,15,2,2,49,2019-11-18,39.74
8738,19,2,2,70,2019-11-18,29.50
8739,21,2,6,58,2019-11-18,38.21
8740,23,2,5,60,2019-11-18,20.65
8741,25,2,3,48,2019-11-18,17.21
8742,27,2,6,130,2019-11-18,13.18
8743,29,2,1,115,2019-11-18,11.65
8744,31,2,1,76,2019-11-18,19.97
8745,33,2,4,56,2019-11-18,21.42
8746,35,2,3,36,2019-11-18,16.24
8747,37,2,3,34,2019-11-18,23.35
8748,39,2,5,36,2019-11-18,20.90
8749,41,2,4,133,2019-11-18,9.16
8750,43,2,6,131,2019-11-18,7.62
8751,1,3,6,52,2019-11-18,10.57
8752,3,3,1,58,2019-11-18,9.98
8753,5,3,1,49,2019-11-18,14.41
8754,7,3,2,21,2019-11-18,12.56
8755,9,3,6,67,2019-11-18,12.69
8756,11,3,2,28,2019-11-18,14.42
8757,13,3,2,33,2019-11-18,30.16
8758,15,3,4,46,2019-11-18,46.16
8759,17,3,2,33,2019-11-18,34.87
8760,19,3,6,40,2019-11-18,31.89
8761,21,3,2,47,2019-11-18,34.95
8762,23,3,3,33,2019-11-18,18.81
8763,25,3,5,38,2019-11-18,16.82
8764,27,3,1,70,2019-11-18,14.49
8765,29,3,6,68,2019-11-18,12.04
8766,31,3,6,36,2019-11-18,18.17
8767,33,3,4,52,2019-11-18,19.44
8768,35,3,3,31,2019-11-18,17.07
8769,37,3,3,36,2019-11-18,23.24
8770,39,3,3,26,2019-11-18,22.00
8771,41,3,4,65,2019-11-18,8.14
8772,43,3,6,78,2019-11-18,7.45
8773,1,4,6,38,2019-11-18,12.81
8774,3,4,6,44,2019-11-18,10.20
8775,5,4,6,31,2019-11-18,12.73
8776,9,4,6,62,2019-11-18,11.13
8777,11,4,6,48,2019-11-18,16.80
8778,15,4,4,34,2019-11-18,43.77
8779,17,4,4,29,2019-11-18,30.96
8780,21,4,2,52,2019-11-18,39.58
8781,23,4,3,43,2019-11-18,18.90
8782,25,4,3,27,2019-11-18,18.16
8783,27,4,1,44,2019-11-18,12.74
8784,29,4,1,36,2019-11-18,13.37
8785,31,4,1,47,2019-11-18,18.06
8786,33,4,2,33,2019-11-18,22.75
8787,35,4,3,37,2019-11-18,17.47
8788,37,4,3,47,2019-11-18,19.59
8789,39,4,5,55,2019-11-18,24.22
8790,41,4,4,35,2019-11-18,8.43
8791,43,4,4,91,2019-11-18,7.35
8792,1,5,6,33,2019-11-18,12.26
8793,3,5,6,43,2019-11-18,10.13
8794,5,5,1,38,2019-11-18,12.40
8795,7,5,6,44,2019-11-18,13.00
8796,9,5,2,48,2019-11-18,11.32
8797,11,5,2,59,2019-11-18,14.35
8798,13,5,2,31,2019-11-18,25.72
8799,15,5,4,40,2019-11-18,43.43
8800,23,5,3,44,2019-11-18,21.33
8801,27,5,1,40,2019-11-18,14.09
8802,35,5,3,31,2019-11-18,15.98
8803,37,5,3,36,2019-11-18,23.57
8804,39,5,3,36,2019-11-18,25.30
8805,41,5,6,47,2019-11-18,7.67
8806,43,5,6,69,2019-11-18,7.58
8807,1,6,6,46,2019-11-18,12.65
8808,3,6,1,58,2019-11-18,12.31
8809,5,6,1,67,2019-11-18,13.86
8810,7,6,2,60,2019-11-18,11.80
8811,9,6,2,37,2019-11-18,12.47
8812,11,6,6,56,2019-11-18,16.16
8813,13,6,2,50,2019-11-18,30.66
8814,15,6,4,49,2019-11-18,40.56
8815,17,6,4,34,2019-11-18,33.48
8816,21,6,6,27,2019-11-18,38.05
8817,23,6,3,50,2019-11-18,19.87
8818,25,6,5,32,2019-11-18,20.04
8819,27,6,6,60,2019-11-18,13.58
8820,29,6,6,85,2019-11-18,14.14
8821,31,6,6,44,2019-11-18,16.80
8822,33,6,2,34,2019-11-18,24.03
8823,35,6,3,53,2019-11-18,15.56
8824,39,6,3,37,2019-11-18,24.29
8825,41,6,6,82,2019-11-18,7.61
8826,43,6,4,88,2019-11-18,6.54
8827,1,7,6,36,2019-11-18,13.34
8828,3,7,1,60,2019-11-18,10.03
8829,5,7,6,38,2019-11-18,13.96
8830,7,7,6,50,2019-11-18,11.65
8831,9,7,2,55,2019-11-18,12.56
8832,11,7,6,58,2019-11-18,13.87
8833,15,7,4,33,2019-11-18,37.87
8834,17,7,4,43,2019-11-18,35.90
8835,19,7,2,24,2019-11-18,25.88
8836,23,7,3,39,2019-11-18,22.79
8837,27,7,6,41,2019-11-18,16.03
8838,29,7,6,53,2019-11-18,12.72
8839,31,7,6,41,2019-11-18,19.06
8840,33,7,2,30,2019-11-18,21.26
8841,35,7,3,47,2019-11-18,15.93
8842,37,7,3,53,2019-11-18,20.61
8843,39,7,3,31,2019-11-18,21.82
8844,41,7,4,63,2019-11-18,8.11
8845,43,7,4,79,2019-11-18,7.59
8846,1,8,6,75,2019-11-18,10.63
8847,3,8,6,42,2019-11-18,9.64
8848,5,8,6,33,2019-11-18,13.46
8849,7,8,6,46,2019-11-18,11.01
8850,9,8,6,38,2019-11-18,10.48
8851,11,8,2,60,2019-11-18,15.19
8852,15,8,2,32,2019-11-18,40.39
8853,23,8,3,49,2019-11-18,19.71
8854,27,8,1,40,2019-11-18,12.87
8855,29,8,1,54,2019-11-18,14.49
8856,33,8,2,46,2019-11-18,21.34
8857,35,8,3,31,2019-11-18,17.13
8858,37,8,3,64,2019-11-18,21.52
8859,39,8,5,28,2019-11-18,25.97
8860,41,8,4,60,2019-11-18,8.17
8861,43,8,4,76,2019-11-18,6.77
8862,3,9,1,31,2019-11-18,11.60
8863,5,9,1,31,2019-11-18,13.20
8864,9,9,2,31,2019-11-18,10.17
8865,11,9,6,45,2019-11-18,15.90
8866,13,9,4,32,2019-11-18,26.48
8867,15,9,4,59,2019-11-18,43.55
8868,23,9,5,31,2019-11-18,20.13
8869,27,9,1,63,2019-11-18,15.30
8870,29,9,6,44,2019-11-18,14.24
8871,33,9,4,30,2019-11-18,23.90
8872,37,9,3,31,2019-11-18,19.61
8873,39,9,5,61,2019-11-18,24.95
8874,41,9,4,41,2019-11-18,9.22
8875,43,9,4,35,2019-11-18,7.42
8876,1,10,6,33,2019-11-18,12.72
8877,3,10,6,37,2019-11-18,9.61
8878,5,10,1,46,2019-11-18,14.03
8879,7,10,6,62,2019-11-18,12.72
8880,9,10,2,52,2019-11-18,11.08
8881,11,10,6,40,2019-11-18,14.66
8882,13,10,2,24,2019-11-18,25.32
8883,19,10,2,44,2019-11-18,28.47
8884,23,10,3,24,2019-11-18,19.73
8885,27,10,1,64,2019-11-18,15.84
8886,29,10,6,40,2019-11-18,14.33
8887,31,10,1,49,2019-11-18,16.17
8888,33,10,2,28,2019-11-18,21.15
8889,35,10,3,28,2019-11-18,18.01
8890,37,10,3,38,2019-11-18,19.44
8891,39,10,5,27,2019-11-18,25.30
8892,41,10,6,59,2019-11-18,7.89
8893,43,10,6,56,2019-11-18,6.91
8894,1,11,1,48,2019-11-18,11.57
8895,3,11,1,38,2019-11-18,10.12
8896,5,11,1,39,2019-11-18,13.28
8897,7,11,2,29,2019-11-18,12.59
8898,9,11,6,33,2019-11-18,12.15
8899,11,11,2,38,2019-11-18,16.65
8900,13,11,4,44,2019-11-18,31.07
8901,15,11,4,28,2019-11-18,42.41
8902,17,11,4,34,2019-11-18,33.32
8903,19,11,6,26,2019-11-18,27.31
8904,21,11,6,29,2019-11-18,37.58
8905,23,11,3,34,2019-11-18,22.04
8906,25,11,5,44,2019-11-18,16.30
8907,27,11,6,52,2019-11-18,15.88
8908,29,11,1,61,2019-11-18,13.37
8909,31,11,6,23,2019-11-18,20.10
8910,33,11,4,58,2019-11-18,22.93
8911,35,11,3,31,2019-11-18,13.98
8912,37,11,3,34,2019-11-18,20.30
8913,39,11,3,34,2019-11-18,26.00
8914,41,11,4,44,2019-11-18,7.89
8915,43,11,4,57,2019-11-18,7.66
8916,1,12,1,43,2019-11-18,12.37
8917,3,12,1,58,2019-11-18,10.60
8918,5,12,1,23,2019-11-18,12.73
8919,7,12,6,28,2019-11-18,13.43
8920,9,12,6,61,2019-11-18,11.28
8921,11,12,6,61,2019-11-18,13.38
8922,15,12,4,42,2019-11-18,39.52
8923,17,12,2,27,2019-11-18,35.96
8924,19,12,6,17,2019-11-18,33.07
8925,21,12,2,38,2019-11-18,38.53
8926,23,12,3,25,2019-11-18,21.75
8927,25,12,5,35,2019-11-18,20.07
8928,29,12,6,43,2019-11-18,13.87
8929,31,12,6,32,2019-11-18,19.60
8930,35,12,3,51,2019-11-18,17.02
8931,39,12,5,31,2019-11-18,22.04
8932,41,12,4,51,2019-11-18,7.89
8933,43,12,4,51,2019-11-18,6.91
8934,2,1,6,62,2019-12-03,13.58
8935,4,1,6,69,2019-12-03,14.50
8936,6,1,6,61,2019-12-03,10.16
8937,8,1,2,41,2019-12-03,14.23
8938,10,1,6,55,2019-12-03,17.44
8939,12,1,4,42,2019-12-03,30.96
8940,14,1,4,38,2019-12-03,25.78
8941,16,1,2,28,2019-12-03,47.88
8942,18,1,2,57,2019-12-03,22.18
8943,20,1,6,56,2019-12-03,20.60
8944,22,1,2,67,2019-12-03,23.33
8945,24,1,5,43,2019-12-03,20.91
8946,26,1,3,75,2019-12-03,24.35
8947,28,1,6,44,2019-12-03,16.07
8948,30,1,1,45,2019-12-03,28.79
8949,32,1,2,35,2019-12-03,26.59
8950,34,1,4,32,2019-12-03,28.66
8951,36,1,3,43,2019-12-03,23.59
8952,38,1,3,42,2019-12-03,20.08
8953,40,1,3,43,2019-12-03,30.81
8954,42,1,6,70,2019-12-03,9.91
8955,2,2,1,45,2019-12-03,13.05
8956,4,2,1,65,2019-12-03,13.97
8957,6,2,1,79,2019-12-03,10.31
8958,8,2,6,63,2019-12-03,13.19
8959,10,2,6,60,2019-12-03,16.80
8960,12,2,2,57,2019-12-03,34.82
8961,14,2,4,71,2019-12-03,28.51
8962,16,2,4,50,2019-12-03,40.81
8963,18,2,6,77,2019-12-03,23.83
8964,20,2,6,59,2019-12-03,20.63
8965,22,2,2,67,2019-12-03,22.67
8966,24,2,5,56,2019-12-03,25.97
8967,26,2,5,54,2019-12-03,22.24
8968,28,2,1,65,2019-12-03,17.07
8969,30,2,1,39,2019-12-03,25.82
8970,32,2,2,42,2019-12-03,22.83
8971,34,2,2,29,2019-12-03,30.96
8972,36,2,3,71,2019-12-03,25.94
8973,38,2,5,39,2019-12-03,19.53
8974,40,2,3,50,2019-12-03,25.46
8975,42,2,6,80,2019-12-03,8.81
8976,2,3,6,22,2019-12-03,15.35
8977,4,3,1,51,2019-12-03,14.68
8978,6,3,6,39,2019-12-03,11.08
8979,8,3,6,50,2019-12-03,16.02
8980,10,3,6,51,2019-12-03,16.67
8981,12,3,4,26,2019-12-03,30.26
8982,14,3,2,44,2019-12-03,27.39
8983,16,3,4,32,2019-12-03,39.70
8984,18,3,2,40,2019-12-03,23.86
8985,20,3,6,44,2019-12-03,15.95
8986,22,3,2,42,2019-12-03,21.09
8987,26,3,3,30,2019-12-03,23.63
8988,28,3,6,35,2019-12-03,17.32
8989,32,3,4,27,2019-12-03,22.74
8990,36,3,3,31,2019-12-03,22.14
8991,38,3,5,34,2019-12-03,23.70
8992,40,3,5,38,2019-12-03,30.18
8993,42,3,6,31,2019-12-03,8.89
8994,2,4,1,51,2019-12-03,14.95
8995,4,4,6,44,2019-12-03,16.47
8996,6,4,1,28,2019-12-03,9.42
8997,10,4,2,35,2019-12-03,18.31
8998,14,4,2,53,2019-12-03,24.03
8999,16,4,4,34,2019-12-03,51.33
9000,22,4,2,33,2019-12-03,20.89
9001,24,4,3,54,2019-12-03,21.04
9002,28,4,1,32,2019-12-03,17.36
9003,30,4,6,29,2019-12-03,30.36
9004,32,4,2,31,2019-12-03,26.83
9005,36,4,3,38,2019-12-03,22.84
9006,38,4,5,32,2019-12-03,23.82
9007,42,4,6,34,2019-12-03,10.42
9008,4,5,1,33,2019-12-03,17.60
9009,8,5,2,29,2019-12-03,14.42
9010,10,5,2,26,2019-12-03,17.83
9011,12,5,4,16,2019-12-03,38.05
9012,14,5,2,23,2019-12-03,27.98
9013,16,5,2,41,2019-12-03,45.72
9014,20,5,6,31,2019-12-03,17.96
9015,24,5,3,21,2019-12-03,25.93
9016,26,5,3,35,2019-12-03,23.19
9017,28,5,6,19,2019-12-03,17.57
9018,30,5,1,28,2019-12-03,28.41
9019,34,5,2,43,2019-12-03,35.72
9020,38,5,5,37,2019-12-03,20.94
9021,40,5,3,45,2019-12-03,30.46
9022,42,5,6,48,2019-12-03,9.71
9023,2,6,6,46,2019-12-03,13.43
9024,4,6,6,43,2019-12-03,14.82
9025,6,6,6,59,2019-12-03,10.83
9026,8,6,2,27,2019-12-03,14.50
9027,10,6,2,61,2019-12-03,14.91
9028,14,6,4,31,2019-12-03,27.12
9029,16,6,2,26,2019-12-03,42.26
9030,18,6,2,30,2019-12-03,27.65
9031,20,6,2,40,2019-12-03,16.39
9032,22,6,2,26,2019-12-03,19.67
9033,24,6,3,62,2019-12-03,26.34
9034,26,6,5,35,2019-12-03,21.90
9035,28,6,1,40,2019-12-03,15.74
9036,30,6,1,26,2019-12-03,26.89
9037,32,6,4,26,2019-12-03,25.99
9038,34,6,4,34,2019-12-03,36.20
9039,36,6,3,29,2019-12-03,25.05
9040,42,6,6,43,2019-12-03,9.74
9041,2,7,1,25,2019-12-03,16.31
9042,6,7,1,37,2019-12-03,10.07
9043,8,7,6,23,2019-12-03,15.48
9044,10,7,6,20,2019-12-03,16.65
9045,12,7,4,37,2019-12-03,29.85
9046,16,7,2,24,2019-12-03,49.60
9047,18,7,6,20,2019-12-03,27.87
9048,22,7,2,53,2019-12-03,20.38
9049,26,7,3,40,2019-12-03,19.21
9050,28,7,1,34,2019-12-03,16.34
9051,36,7,3,39,2019-12-03,26.48
9052,40,7,3,24,2019-12-03,28.62
9053,42,7,6,30,2019-12-03,8.56
9054,4,8,6,37,2019-12-03,17.68
9055,6,8,1,32,2019-12-03,9.76
9056,8,8,2,34,2019-12-03,14.45
9057,10,8,6,31,2019-12-03,16.22
9058,16,8,2,29,2019-12-03,39.75
9059,20,8,6,59,2019-12-03,19.23
9060,22,8,2,34,2019-12-03,19.26
9061,24,8,5,30,2019-12-03,25.60
9062,26,8,5,30,2019-12-03,21.10
9063,30,8,6,37,2019-12-03,29.83
9064,32,8,2,39,2019-12-03,28.34
9065,36,8,3,30,2019-12-03,25.67
9066,40,8,5,35,2019-12-03,30.84
9067,42,8,6,58,2019-12-03,8.50
9068,2,9,6,47,2019-12-03,13.39
9069,4,9,1,34,2019-12-03,14.80
9070,6,9,1,23,2019-12-03,10.96
9071,8,9,6,46,2019-12-03,16.29
9072,10,9,6,37,2019-12-03,16.09
9073,14,9,2,16,2019-12-03,25.96
9074,18,9,2,38,2019-12-03,27.17
9075,20,9,2,31,2019-12-03,20.39
9076,22,9,2,51,2019-12-03,18.97
9077,28,9,6,24,2019-12-03,18.58
9078,30,9,1,44,2019-12-03,27.19
9079,32,9,2,35,2019-12-03,22.79
9080,36,9,3,25,2019-12-03,23.64
9081,4,10,6,43,2019-12-03,14.87
9082,12,10,2,38,2019-12-03,38.07
9083,14,10,2,33,2019-12-03,25.34
9084,20,10,2,27,2019-12-03,18.24
9085,22,10,2,32,2019-12-03,23.47
9086,24,10,5,39,2019-12-03,24.20
9087,26,10,3,36,2019-12-03,23.60
9088,28,10,6,58,2019-12-03,18.65
9089,30,10,1,35,2019-12-03,27.27
9090,32,10,4,30,2019-12-03,23.62
9091,34,10,4,38,2019-12-03,31.64
9092,38,10,5,24,2019-12-03,24.13
9093,40,10,3,53,2019-12-03,24.47
9094,42,10,4,33,2019-12-03,10.05
9095,4,11,1,36,2019-12-03,15.23
9096,6,11,1,35,2019-12-03,10.82
9097,8,11,2,62,2019-12-03,14.06
9098,10,11,2,35,2019-12-03,15.82
9099,12,11,4,36,2019-12-03,31.59
9100,16,11,4,22,2019-12-03,40.08
9101,18,11,6,38,2019-12-03,27.43
9102,22,11,6,50,2019-12-03,23.19
9103,26,11,5,36,2019-12-03,21.94
9104,28,11,1,52,2019-12-03,16.21
9105,40,11,5,35,2019-12-03,30.28
9106,42,11,4,26,2019-12-03,9.88
9107,2,12,6,43,2019-12-03,15.68
9108,4,12,6,36,2019-12-03,14.49
9109,6,12,6,26,2019-12-03,9.01
9110,8,12,2,45,2019-12-03,16.34
9111,20,12,6,40,2019-12-03,18.20
9112,26,12,3,35,2019-12-03,23.03
9113,28,12,6,49,2019-12-03,16.31
9114,30,12,6,40,2019-12-03,24.62
9115,1,1,1,50,2019-12-17,13.42
9116,3,1,1,67,2019-12-17,10.00
9117,5,1,1,33,2019-12-17,13.65
9118,7,1,6,54,2019-12-17,11.77
9119,9,1,6,70,2019-12-17,11.35
9120,11,1,2,54,2019-12-17,16.21
9121,15,1,4,36,2019-12-17,44.32
9122,17,1,4,35,2019-12-17,33.15
9123,19,1,2,50,2019-12-17,31.37
9124,23,1,3,49,2019-12-17,20.93
9125,25,1,3,59,2019-12-17,17.88
9126,27,1,6,65,2019-12-17,15.87
9127,29,1,1,73,2019-12-17,13.96
9128,31,1,1,45,2019-12-17,17.40
9129,33,1,4,58,2019-12-17,19.15
9130,35,1,3,45,2019-12-17,16.89
9131,37,1,3,39,2019-12-17,19.56
9132,39,1,5,61,2019-12-17,24.21
9133,41,1,4,79,2019-12-17,8.87
9134,43,1,6,119,2019-12-17,6.71
9135,1,2,1,70,2019-12-17,11.92
9136,3,2,1,57,2019-12-17,11.43
9137,5,2,6,59,2019-12-17,12.91
9138,7,2,2,26,2019-12-17,13.74
9139,9,2,2,76,2019-12-17,11.09
9140,11,2,2,54,2019-12-17,15.07
9141,13,2,4,41,2019-12-17,27.39
9142,15,2,4,59,2019-12-17,47.25
9143,17,2,4,53,2019-12-17,30.06
9144,19,2,2,39,2019-12-17,26.15
9145,21,2,2,46,2019-12-17,37.28
9146,23,2,5,91,2019-12-17,18.32
9147,25,2,5,35,2019-12-17,16.45
9148,27,2,6,81,2019-12-17,15.86
9149,29,2,1,93,2019-12-17,12.81
9150,31,2,1,43,2019-12-17,17.81
9151,33,2,4,63,2019-12-17,21.84
9152,35,2,3,28,2019-12-17,16.81
9153,37,2,3,51,2019-12-17,21.19
9154,39,2,3,38,2019-12-17,24.14
9155,41,2,4,111,2019-12-17,8.85
9156,43,2,4,126,2019-12-17,6.25
9157,1,3,1,53,2019-12-17,11.38
9158,3,3,1,78,2019-12-17,10.96
9159,7,3,6,31,2019-12-17,13.65
9160,9,3,2,47,2019-12-17,10.51
9161,11,3,2,51,2019-12-17,14.06
9162,13,3,2,25,2019-12-17,29.14
9163,15,3,4,42,2019-12-17,37.73
9164,19,3,6,30,2019-12-17,28.84
9165,21,3,2,36,2019-12-17,38.85
9166,23,3,3,33,2019-12-17,23.27
9167,25,3,5,45,2019-12-17,20.54
9168,27,3,1,67,2019-12-17,14.53
9169,29,3,6,44,2019-12-17,11.96
9170,31,3,1,35,2019-12-17,17.90
9171,33,3,2,29,2019-12-17,19.31
9172,35,3,3,49,2019-12-17,15.97
9173,37,3,3,33,2019-12-17,21.36
9174,39,3,3,24,2019-12-17,20.79
9175,41,3,4,49,2019-12-17,8.89
9176,43,3,4,46,2019-12-17,6.94
9177,1,4,6,45,2019-12-17,12.50
9178,3,4,6,38,2019-12-17,11.37
9179,5,4,6,31,2019-12-17,13.29
9180,7,4,6,47,2019-12-17,12.41
9181,9,4,2,35,2019-12-17,12.04
9182,13,4,4,31,2019-12-17,29.75
9183,17,4,4,28,2019-12-17,35.60
9184,19,4,2,46,2019-12-17,28.02
9185,25,4,3,37,2019-12-17,16.59
9186,27,4,6,28,2019-12-17,14.17
9187,29,4,6,52,2019-12-17,13.56
9188,33,4,4,37,2019-12-17,19.91
9189,35,4,3,32,2019-12-17,16.95
9190,37,4,3,26,2019-12-17,20.55
9191,39,4,5,27,2019-12-17,23.91
9192,41,4,6,46,2019-12-17,8.11
9193,43,4,6,32,2019-12-17,6.81
9194,11,5,2,34,2019-12-17,17.04
9195,17,5,2,18,2019-12-17,28.42
9196,19,5,6,32,2019-12-17,32.49
9197,21,5,6,20,2019-12-17,33.80
9198,25,5,5,28,2019-12-17,17.37
9199,27,5,6,26,2019-12-17,16.12
9200,29,5,1,47,2019-12-17,14.58
9201,31,5,1,34,2019-12-17,16.55
9202,33,5,4,37,2019-12-17,22.09
9203,39,5,5,32,2019-12-17,24.35
9204,41,5,6,54,2019-12-17,7.34
9205,43,5,4,28,2019-12-17,6.16
9206,1,6,6,51,2019-12-17,11.90
9207,3,6,1,59,2019-12-17,11.59
9208,5,6,1,29,2019-12-17,11.83
9209,7,6,2,32,2019-12-17,12.72
9210,9,6,2,41,2019-12-17,10.20
9211,11,6,6,59,2019-12-17,14.96
9212,13,6,4,31,2019-12-17,26.42
9213,15,6,4,33,2019-12-17,37.32
9214,19,6,2,41,2019-12-17,27.71
9215,21,6,2,37,2019-12-17,37.59
9216,23,6,3,32,2019-12-17,22.56
9217,25,6,3,36,2019-12-17,19.45
9218,27,6,1,65,2019-12-17,12.91
9219,29,6,1,57,2019-12-17,12.13
9220,31,6,1,33,2019-12-17,20.09
9221,35,6,3,32,2019-12-17,14.74
9222,37,6,3,30,2019-12-17,20.61
9223,41,6,4,65,2019-12-17,8.89
9224,43,6,6,104,2019-12-17,7.41
9225,1,7,1,39,2019-12-17,13.22
9226,3,7,1,36,2019-12-17,10.13
9227,5,7,1,36,2019-12-17,13.08
9228,9,7,2,38,2019-12-17,10.71
9229,11,7,2,37,2019-12-17,14.41
9230,13,7,2,50,2019-12-17,31.12
9231,21,7,2,26,2019-12-17,31.37
9232,23,7,5,36,2019-12-17,19.39
9233,25,7,5,34,2019-12-17,15.96
9234,27,7,1,47,2019-12-17,14.91
9235,29,7,6,35,2019-12-17,12.35
9236,33,7,4,36,2019-12-17,20.83
9237,41,7,4,53,2019-12-17,7.30
9238,43,7,6,74,2019-12-17,6.19
9239,1,8,6,40,2019-12-17,12.69
9240,3,8,1,52,2019-12-17,11.60
9241,5,8,6,35,2019-12-17,14.07
9242,7,8,6,39,2019-12-17,11.21
9243,9,8,6,75,2019-12-17,12.76
9244,11,8,6,27,2019-12-17,16.57
9245,13,8,4,52,2019-12-17,29.54
9246,15,8,4,35,2019-12-17,44.45
9247,17,8,2,31,2019-12-17,36.28
9248,19,8,2,41,2019-12-17,28.78
9249,21,8,6,48,2019-12-17,37.34
9250,23,8,5,41,2019-12-17,18.60
9251,25,8,3,50,2019-12-17,19.74
9252,27,8,6,44,2019-12-17,12.88
9253,29,8,1,51,2019-12-17,13.08
9254,31,8,6,55,2019-12-17,18.16
9255,33,8,4,31,2019-12-17,19.80
9256,35,8,3,53,2019-12-17,14.64
9257,39,8,5,32,2019-12-17,22.61
9258,41,8,4,64,2019-12-17,7.67
9259,43,8,6,54,2019-12-17,6.27
9260,1,9,1,40,2019-12-17,10.93
9261,3,9,1,37,2019-12-17,12.11
9262,5,9,6,27,2019-12-17,14.35
9263,7,9,6,28,2019-12-17,12.26
9264,9,9,6,33,2019-12-17,11.64
9265,13,9,2,24,2019-12-17,29.24
9266,17,9,2,14,2019-12-17,29.84
9267,19,9,2,43,2019-12-17,30.03
9268,21,9,2,32,2019-12-17,31.73
9269,23,9,5,39,2019-12-17,23.43
9270,25,9,3,30,2019-12-17,19.02
9271,27,9,1,38,2019-12-17,15.89
9272,29,9,6,33,2019-12-17,11.85
9273,31,9,6,31,2019-12-17,16.56
9274,33,9,4,29,2019-12-17,24.80
9275,35,9,3,27,2019-12-17,16.67
9276,37,9,3,22,2019-12-17,22.46
9277,39,9,5,26,2019-12-17,25.03
9278,41,9,6,32,2019-12-17,8.13
9279,43,9,4,46,2019-12-17,6.52
9280,1,10,6,42,2019-12-17,13.17
9281,3,10,6,44,2019-12-17,10.43
9282,5,10,6,36,2019-12-17,14.35
9283,7,10,2,33,2019-12-17,12.05
9284,11,10,6,40,2019-12-17,15.95
9285,15,10,2,30,2019-12-17,47.16
9286,17,10,2,33,2019-12-17,30.50
9287,21,10,6,45,2019-12-17,37.90
9288,23,10,5,43,2019-12-17,19.07
9289,25,10,3,26,2019-12-17,19.05
9290,27,10,6,48,2019-12-17,15.59
9291,29,10,1,34,2019-12-17,12.71
9292,33,10,4,24,2019-12-17,22.73
9293,37,10,3,27,2019-12-17,19.52
9294,41,10,4,50,2019-12-17,8.09
9295,43,10,4,54,2019-12-17,6.72
9296,1,11,1,62,2019-12-17,12.36
9297,3,11,1,39,2019-12-17,11.70
9298,5,11,1,25,2019-12-17,12.31
9299,7,11,2,32,2019-12-17,11.40
9300,11,11,2,29,2019-12-17,14.85
9301,15,11,2,37,2019-12-17,40.41
9302,19,11,6,42,2019-12-17,31.88
9303,21,11,2,48,2019-12-17,37.12
9304,27,11,6,66,2019-12-17,13.70
9305,29,11,1,37,2019-12-17,12.83
9306,33,11,2,63,2019-12-17,20.73
9307,39,11,5,24,2019-12-17,25.22
9308,41,11,4,40,2019-12-17,7.34
9309,43,11,4,37,2019-12-17,6.09
9310,5,12,6,35,2019-12-17,11.75
9311,9,12,2,33,2019-12-17,11.20
9312,11,12,2,37,2019-12-17,13.51
9313,13,12,4,36,2019-12-17,26.44
9314,15,12,4,27,2019-12-17,46.86
9315,19,12,6,25,2019-12-17,26.04
9316,25,12,5,22,2019-12-17,16.51
9317,27,12,6,79,2019-12-17,14.40
9318,33,12,4,47,2019-12-17,23.73
9319,37,12,3,36,2019-12-17,20.11
9320,41,12,4,38,2019-12-17,7.85
9321,43,12,6,44,2019-12-17,7.26
9322,2,1,6,63,2020-01-03,13.19
9323,4,1,1,101,2020-01-03,15.19
9324,6,1,1,85,2020-01-03,11.53
9325,8,1,2,53,2020-01-03,16.18
9326,10,1,6,61,2020-01-03,18.63
9327,12,1,2,31,2020-01-03,36.82
9328,14,1,2,51,2020-01-03,28.20
9329,16,1,4,46,2020-01-03,47.95
9330,18,1,2,50,2020-01-03,26.92
9331,20,1,2,73,2020-01-03,18.18
9332,22,1,2,73,2020-01-03,23.19
9333,24,1,3,33,2020-01-03,24.74
9334,26,1,3,46,2020-01-03,22.52
9335,28,1,1,40,2020-01-03,18.12
9336,30,1,6,57,2020-01-03,26.50
9337,32,1,2,71,2020-01-03,25.79
9338,34,1,2,31,2020-01-03,36.27
9339,36,1,3,50,2020-01-03,26.20
9340,38,1,3,38,2020-01-03,24.87
9341,40,1,3,39,2020-01-03,30.35
9342,42,1,6,102,2020-01-03,9.07
9343,2,2,1,47,2020-01-03,14.94
9344,4,2,6,75,2020-01-03,16.82
9345,6,2,6,73,2020-01-03,10.09
9346,8,2,6,81,2020-01-03,13.86
9347,10,2,2,58,2020-01-03,14.98
9348,12,2,4,25,2020-01-03,33.25
9349,14,2,4,47,2020-01-03,24.46
9350,16,2,4,51,2020-01-03,49.22
9351,18,2,6,56,2020-01-03,27.50
9352,20,2,6,38,2020-01-03,16.48
9353,22,2,2,56,2020-01-03,20.51
9354,24,2,3,36,2020-01-03,25.53
9355,26,2,3,52,2020-01-03,21.55
9356,28,2,1,55,2020-01-03,18.52
9357,30,2,1,69,2020-01-03,24.84
9358,32,2,2,58,2020-01-03,26.02
9359,34,2,2,41,2020-01-03,30.44
9360,36,2,3,33,2020-01-03,26.73
9361,38,2,3,41,2020-01-03,20.01
9362,40,2,3,79,2020-01-03,28.32
9363,42,2,4,67,2020-01-03,8.43
9364,2,3,6,50,2020-01-03,13.89
9365,4,3,6,49,2020-01-03,14.96
9366,6,3,6,53,2020-01-03,10.29
9367,8,3,2,45,2020-01-03,14.16
9368,16,3,2,44,2020-01-03,43.54
9369,18,3,6,40,2020-01-03,25.53
9370,20,3,2,40,2020-01-03,16.91
9371,22,3,2,44,2020-01-03,19.42
9372,24,3,5,57,2020-01-03,24.28
9373,28,3,1,84,2020-01-03,15.75
9374,30,3,6,51,2020-01-03,27.79
9375,32,3,2,57,2020-01-03,25.91
9376,34,3,2,42,2020-01-03,28.60
9377,36,3,3,42,2020-01-03,26.28
9378,38,3,3,37,2020-01-03,22.52
9379,40,3,3,33,2020-01-03,30.32
9380,42,3,4,48,2020-01-03,9.81
9381,2,4,6,40,2020-01-03,15.47
9382,4,4,6,50,2020-01-03,13.89
9383,8,4,6,53,2020-01-03,15.41
9384,10,4,6,44,2020-01-03,16.89
9385,12,4,2,27,2020-01-03,32.62
9386,16,4,2,34,2020-01-03,44.99
9387,18,4,2,37,2020-01-03,21.55
9388,20,4,2,72,2020-01-03,19.42
9389,22,4,2,34,2020-01-03,19.25
9390,24,4,5,31,2020-01-03,25.64
9391,26,4,5,46,2020-01-03,19.75
9392,28,4,6,46,2020-01-03,16.51
9393,32,4,2,28,2020-01-03,28.33
9394,34,4,2,39,2020-01-03,36.24
9395,36,4,3,41,2020-01-03,22.48
9396,40,4,3,46,2020-01-03,28.73
9397,42,4,4,36,2020-01-03,10.44
9398,2,5,1,38,2020-01-03,15.46
9399,6,5,1,44,2020-01-03,10.20
9400,18,5,6,26,2020-01-03,27.68
9401,22,5,6,58,2020-01-03,18.97
9402,32,5,2,28,2020-01-03,24.04
9403,34,5,4,29,2020-01-03,31.99
9404,36,5,3,36,2020-01-03,26.19
9405,40,5,3,31,2020-01-03,29.39
9406,42,5,4,25,2020-01-03,10.60
9407,2,6,1,34,2020-01-03,13.31
9408,4,6,6,42,2020-01-03,14.78
9409,6,6,1,40,2020-01-03,10.13
9410,8,6,2,34,2020-01-03,13.70
9411,10,6,2,26,2020-01-03,18.86
9412,12,6,4,57,2020-01-03,38.25
9413,14,6,2,40,2020-01-03,26.08
9414,16,6,4,48,2020-01-03,48.77
9415,18,6,2,35,2020-01-03,27.44
9416,20,6,6,52,2020-01-03,19.06
9417,22,6,2,50,2020-01-03,18.24
9418,24,6,3,25,2020-01-03,21.15
9419,26,6,3,39,2020-01-03,24.58
9420,28,6,1,54,2020-01-03,16.00
9421,30,6,6,31,2020-01-03,28.26
9422,34,6,2,35,2020-01-03,28.53
9423,36,6,3,34,2020-01-03,22.16
9424,38,6,3,49,2020-01-03,22.17
9425,40,6,3,36,2020-01-03,27.97
9426,42,6,4,54,2020-01-03,10.33
9427,2,7,6,36,2020-01-03,12.82
9428,4,7,1,83,2020-01-03,17.03
9429,6,7,6,55,2020-01-03,9.40
9430,8,7,2,36,2020-01-03,13.82
9431,10,7,6,41,2020-01-03,18.42
9432,14,7,2,39,2020-01-03,23.86
9433,16,7,2,40,2020-01-03,46.96
9434,18,7,6,32,2020-01-03,24.05
9435,20,7,2,53,2020-01-03,18.85
9436,22,7,2,50,2020-01-03,18.87
9437,24,7,5,50,2020-01-03,23.36
9438,28,7,1,55,2020-01-03,16.03
9439,30,7,1,52,2020-01-03,25.17
9440,32,7,4,38,2020-01-03,27.93
9441,34,7,2,32,2020-01-03,34.72
9442,36,7,3,27,2020-01-03,26.43
9443,38,7,3,32,2020-01-03,20.29
9444,40,7,5,23,2020-01-03,29.43
9445,42,7,6,43,2020-01-03,10.71
9446,2,8,6,60,2020-01-03,14.88
9447,4,8,6,73,2020-01-03,16.08
9448,6,8,6,31,2020-01-03,11.21
9449,8,8,2,48,2020-01-03,14.74
9450,10,8,6,45,2020-01-03,17.77
9451,12,8,2,49,2020-01-03,35.85
9452,14,8,4,47,2020-01-03,23.20
9453,16,8,4,45,2020-01-03,51.56
9454,18,8,6,59,2020-01-03,22.61
9455,20,8,6,63,2020-01-03,19.49
9456,22,8,6,65,2020-01-03,22.34
9457,24,8,3,39,2020-01-03,20.79
9458,26,8,5,52,2020-01-03,19.95
9459,28,8,1,68,2020-01-03,17.37
9460,30,8,1,34,2020-01-03,29.71
9461,32,8,2,33,2020-01-03,27.34
9462,34,8,4,41,2020-01-03,30.65
9463,36,8,3,28,2020-01-03,25.02
9464,38,8,3,54,2020-01-03,23.45
9465,40,8,3,49,2020-01-03,25.00
9466,42,8,6,33,2020-01-03,9.86
9467,4,9,1,33,2020-01-03,14.61
9468,6,9,1,46,2020-01-03,11.13
9469,8,9,6,43,2020-01-03,15.78
9470,12,9,2,31,2020-01-03,35.64
9471,16,9,2,46,2020-01-03,50.70
9472,20,9,2,51,2020-01-03,18.54
9473,24,9,5,35,2020-01-03,25.72
9474,26,9,5,47,2020-01-03,22.36
9475,28,9,6,33,2020-01-03,18.25
9476,30,9,1,23,2020-01-03,29.31
9477,34,9,2,36,2020-01-03,35.04
9478,36,9,3,20,2020-01-03,22.66
9479,38,9,3,27,2020-01-03,19.56
9480,40,9,5,20,2020-01-03,25.88
9481,42,9,4,53,2020-01-03,9.99
9482,2,10,6,54,2020-01-03,15.07
9483,4,10,1,50,2020-01-03,16.52
9484,6,10,6,57,2020-01-03,11.13
9485,8,10,6,50,2020-01-03,15.77
9486,10,10,2,44,2020-01-03,17.13
9487,12,10,2,25,2020-01-03,32.70
9488,16,10,2,63,2020-01-03,46.19
9489,18,10,6,40,2020-01-03,25.65
9490,20,10,2,36,2020-01-03,16.92
9491,22,10,2,33,2020-01-03,21.07
9492,24,10,3,38,2020-01-03,26.57
9493,26,10,3,37,2020-01-03,20.20
9494,28,10,1,50,2020-01-03,17.21
9495,30,10,6,43,2020-01-03,25.40
9496,32,10,4,38,2020-01-03,27.80
9497,34,10,2,33,2020-01-03,34.93
9498,36,10,3,36,2020-01-03,27.30
9499,42,10,6,31,2020-01-03,10.70
9500,2,11,1,49,2020-01-03,13.52
9501,4,11,6,46,2020-01-03,15.77
9502,6,11,1,76,2020-01-03,10.29
9503,10,11,6,24,2020-01-03,17.19
9504,12,11,4,49,2020-01-03,34.22
9505,14,11,4,33,2020-01-03,27.95
9506,16,11,4,60,2020-01-03,43.39
9507,18,11,2,31,2020-01-03,22.31
9508,20,11,6,28,2020-01-03,16.51
9509,22,11,2,53,2020-01-03,18.29
9510,24,11,5,42,2020-01-03,26.54
9511,26,11,5,25,2020-01-03,19.71
9512,28,11,6,35,2020-01-03,15.87
9513,30,11,6,32,2020-01-03,24.27
9514,32,11,4,40,2020-01-03,27.20
9515,34,11,4,40,2020-01-03,32.38
9516,36,11,3,31,2020-01-03,25.90
9517,38,11,5,21,2020-01-03,19.68
9518,40,11,5,39,2020-01-03,24.59
9519,42,11,6,27,2020-01-03,8.78
9520,4,12,6,32,2020-01-03,15.93
9521,6,12,6,39,2020-01-03,9.67
9522,10,12,2,49,2020-01-03,16.96
9523,12,12,2,12,2020-01-03,32.51
9524,14,12,2,7,2020-01-03,25.68
9525,16,12,4,52,2020-01-03,47.16
9526,18,12,2,12,2020-01-03,26.05
9527,20,12,6,29,2020-01-03,16.72
9528,22,12,6,45,2020-01-03,23.35
9529,24,12,3,37,2020-01-03,25.29
9530,26,12,5,25,2020-01-03,19.50
9531,28,12,1,27,2020-01-03,15.70
9532,32,12,4,52,2020-01-03,24.90
9533,34,12,2,35,2020-01-03,33.50
9534,36,12,3,43,2020-01-03,21.93
9535,38,12,3,22,2020-01-03,21.85
9536,40,12,3,37,2020-01-03,30.00
9537,42,12,4,52,2020-01-03,10.36
9538,1,1,6,45,2020-01-17,11.46
9539,3,1,1,53,2020-01-17,10.35
9540,5,1,6,49,2020-01-17,12.79
9541,7,1,6,52,2020-01-17,10.88
9542,9,1,6,98,2020-01-17,10.50
9543,11,1,2,82,2020-01-17,15.08
9544,13,1,2,58,2020-01-17,29.70
9545,15,1,4,42,2020-01-17,40.29
9546,17,1,4,46,2020-01-17,30.24
9547,19,1,2,53,2020-01-17,25.81
9548,21,1,6,46,2020-01-17,31.62
9549,23,1,5,45,2020-01-17,18.35
9550,25,1,5,27,2020-01-17,15.87
9551,27,1,1,80,2020-01-17,15.04
9552,29,1,1,87,2020-01-17,13.87
9553,31,1,1,39,2020-01-17,20.56
9554,33,1,4,62,2020-01-17,21.10
9555,35,1,3,51,2020-01-17,15.73
9556,37,1,3,59,2020-01-17,20.70
9557,39,1,5,75,2020-01-17,25.21
9558,41,1,4,94,2020-01-17,7.84
9559,43,1,4,73,2020-01-17,6.22
9560,1,2,1,50,2020-01-17,13.65
9561,3,2,1,58,2020-01-17,10.89
9562,5,2,6,73,2020-01-17,15.03
9563,7,2,2,88,2020-01-17,12.79
9564,9,2,6,90,2020-01-17,12.15
9565,11,2,2,108,2020-01-17,15.00
9566,13,2,2,43,2020-01-17,26.47
9567,15,2,2,61,2020-01-17,46.06
9568,17,2,4,66,2020-01-17,31.58
9569,19,2,2,58,2020-01-17,28.62
9570,21,2,2,39,2020-01-17,34.48
9571,23,2,3,100,2020-01-17,22.10
9572,25,2,5,49,2020-01-17,17.99
9573,27,2,6,107,2020-01-17,15.60
9574,29,2,1,67,2020-01-17,12.58
9575,31,2,1,66,2020-01-17,17.59
9576,33,2,4,63,2020-01-17,24.07
9577,35,2,3,27,2020-01-17,16.50
9578,37,2,3,75,2020-01-17,19.23
9579,39,2,3,33,2020-01-17,23.40
9580,41,2,4,111,2020-01-17,8.40
9581,43,2,4,146,2020-01-17,7.64
9582,1,3,1,54,2020-01-17,10.83
9583,3,3,1,60,2020-01-17,9.89
9584,5,3,1,66,2020-01-17,13.74
9585,9,3,2,51,2020-01-17,12.05
9586,11,3,2,34,2020-01-17,14.78
9587,13,3,2,43,2020-01-17,24.86
9588,15,3,4,27,2020-01-17,37.71
9589,17,3,4,51,2020-01-17,34.32
9590,19,3,2,25,2020-01-17,33.27
9591,21,3,6,40,2020-01-17,33.48
9592,23,3,5,71,2020-01-17,21.47
9593,25,3,5,28,2020-01-17,20.10
9594,27,3,1,58,2020-01-17,15.07
9595,29,3,6,44,2020-01-17,14.14
9596,31,3,6,43,2020-01-17,19.89
9597,33,3,2,50,2020-01-17,23.35
9598,35,3,3,45,2020-01-17,17.71
9599,37,3,3,28,2020-01-17,21.40
9600,39,3,5,30,2020-01-17,26.52
9601,41,3,4,56,2020-01-17,8.98
9602,43,3,6,75,2020-01-17,7.06
9603,3,4,6,45,2020-01-17,9.92
9604,5,4,6,35,2020-01-17,12.90
9605,7,4,2,27,2020-01-17,10.82
9606,9,4,2,46,2020-01-17,11.26
9607,11,4,6,40,2020-01-17,14.60
9608,13,4,4,39,2020-01-17,26.68
9609,15,4,4,49,2020-01-17,46.38
9610,17,4,4,36,2020-01-17,36.18
9611,19,4,6,34,2020-01-17,29.10
9612,21,4,6,55,2020-01-17,32.00
9613,23,4,5,70,2020-01-17,20.20
9614,27,4,6,49,2020-01-17,16.26
9615,29,4,6,49,2020-01-17,14.53
9616,31,4,6,47,2020-01-17,17.47
9617,33,4,2,26,2020-01-17,22.63
9618,35,4,3,48,2020-01-17,14.40
9619,37,4,3,25,2020-01-17,21.12
9620,41,4,6,74,2020-01-17,9.12
9621,43,4,6,77,2020-01-17,7.09
9622,1,5,1,36,2020-01-17,12.26
9623,3,5,6,38,2020-01-17,10.32
9624,5,5,1,27,2020-01-17,13.87
9625,7,5,2,44,2020-01-17,11.62
9626,9,5,2,44,2020-01-17,12.15
9627,11,5,2,43,2020-01-17,17.16
9628,13,5,2,31,2020-01-17,28.72
9629,15,5,4,21,2020-01-17,45.65
9630,21,5,6,31,2020-01-17,40.44
9631,23,5,5,35,2020-01-17,19.27
9632,27,5,6,32,2020-01-17,12.63
9633,29,5,1,44,2020-01-17,14.34
9634,33,5,2,25,2020-01-17,24.58
9635,35,5,3,34,2020-01-17,16.18
9636,37,5,3,40,2020-01-17,20.36
9637,39,5,5,39,2020-01-17,25.33
9638,41,5,4,34,2020-01-17,8.64
9639,43,5,6,35,2020-01-17,6.12
9640,1,6,1,48,2020-01-17,12.84
9641,3,6,1,38,2020-01-17,11.60
9642,7,6,2,39,2020-01-17,12.10
9643,9,6,6,39,2020-01-17,11.84
9644,11,6,6,57,2020-01-17,13.33
9645,13,6,2,35,2020-01-17,31.75
9646,15,6,4,22,2020-01-17,42.46
9647,17,6,4,47,2020-01-17,32.69
9648,19,6,2,44,2020-01-17,31.91
9649,23,6,5,47,2020-01-17,21.54
9650,25,6,3,49,2020-01-17,16.55
9651,27,6,6,57,2020-01-17,15.79
9652,29,6,1,53,2020-01-17,13.12
9653,31,6,6,35,2020-01-17,17.01
9654,33,6,4,66,2020-01-17,20.04
9655,35,6,3,41,2020-01-17,14.59
9656,37,6,3,33,2020-01-17,21.23
9657,39,6,3,54,2020-01-17,22.87
9658,41,6,4,70,2020-01-17,8.71
9659,43,6,6,38,2020-01-17,6.17
9660,1,7,1,43,2020-01-17,12.31
9661,3,7,1,62,2020-01-17,11.65
9662,5,7,6,40,2020-01-17,13.44
9663,7,7,2,53,2020-01-17,10.85
9664,11,7,2,51,2020-01-17,14.50
9665,13,7,4,32,2020-01-17,25.29
9666,15,7,4,65,2020-01-17,44.96
9667,17,7,4,51,2020-01-17,32.29
9668,19,7,2,47,2020-01-17,30.17
9669,23,7,5,45,2020-01-17,18.60
9670,25,7,5,37,2020-01-17,17.74
9671,27,7,6,47,2020-01-17,14.49
9672,29,7,6,35,2020-01-17,14.10
9673,31,7,6,44,2020-01-17,18.44
9674,33,7,2,31,2020-01-17,19.71
9675,35,7,3,45,2020-01-17,16.24
9676,37,7,3,40,2020-01-17,21.22
9677,39,7,5,39,2020-01-17,25.81
9678,41,7,6,78,2020-01-17,8.68
9679,43,7,6,78,2020-01-17,7.44
9680,1,8,6,43,2020-01-17,10.67
9681,3,8,6,64,2020-01-17,9.82
9682,5,8,1,51,2020-01-17,14.98
9683,7,8,2,45,2020-01-17,12.31
9684,9,8,2,51,2020-01-17,11.70
9685,11,8,2,44,2020-01-17,14.75
9686,13,8,2,35,2020-01-17,26.00
9687,15,8,2,54,2020-01-17,46.63
9688,17,8,2,33,2020-01-17,33.37
9689,19,8,6,32,2020-01-17,27.48
9690,23,8,3,65,2020-01-17,23.22
9691,25,8,5,33,2020-01-17,19.63
9692,27,8,1,47,2020-01-17,15.42
9693,29,8,6,64,2020-01-17,14.52
9694,33,8,2,64,2020-01-17,23.63
9695,35,8,3,33,2020-01-17,15.47
9696,37,8,3,50,2020-01-17,23.64
9697,39,8,5,24,2020-01-17,23.65
9698,41,8,6,57,2020-01-17,7.84
9699,43,8,4,49,2020-01-17,7.55
9700,1,9,1,48,2020-01-17,11.12
9701,3,9,6,25,2020-01-17,11.54
9702,9,9,6,35,2020-01-17,10.47
9703,11,9,2,52,2020-01-17,15.33
9704,15,9,4,36,2020-01-17,43.05
9705,25,9,3,26,2020-01-17,17.76
9706,27,9,1,48,2020-01-17,13.26
9707,29,9,6,30,2020-01-17,12.31
9708,31,9,1,28,2020-01-17,19.71
9709,41,9,4,30,2020-01-17,7.34
9710,43,9,4,57,2020-01-17,7.71
9711,1,10,6,33,2020-01-17,13.70
9712,9,10,6,45,2020-01-17,12.42
9713,11,10,2,52,2020-01-17,14.64
9714,13,10,4,37,2020-01-17,29.60
9715,19,10,2,47,2020-01-17,31.63
9716,23,10,5,67,2020-01-17,20.96
9717,25,10,3,55,2020-01-17,16.56
9718,27,10,1,49,2020-01-17,12.62
9719,29,10,6,39,2020-01-17,14.08
9720,31,10,1,49,2020-01-17,18.85
9721,33,10,2,46,2020-01-17,19.84
9722,35,10,3,45,2020-01-17,15.49
9723,39,10,3,43,2020-01-17,22.63
9724,41,10,4,70,2020-01-17,7.60
9725,43,10,6,75,2020-01-17,7.19
9726,1,11,6,36,2020-01-17,11.35
9727,3,11,6,33,2020-01-17,9.63
9728,5,11,1,55,2020-01-17,14.10
9729,7,11,6,26,2020-01-17,10.82
9730,9,11,6,74,2020-01-17,12.14
9731,11,11,2,42,2020-01-17,13.31
9732,13,11,2,31,2020-01-17,30.93
9733,17,11,2,51,2020-01-17,35.28
9734,23,11,3,40,2020-01-17,22.94
9735,25,11,3,57,2020-01-17,15.87
9736,27,11,6,39,2020-01-17,15.64
9737,29,11,6,59,2020-01-17,12.96
9738,31,11,6,40,2020-01-17,20.13
9739,33,11,2,25,2020-01-17,20.07
9740,35,11,3,57,2020-01-17,14.97
9741,37,11,3,36,2020-01-17,20.60
9742,41,11,6,57,2020-01-17,8.05
9743,43,11,4,48,2020-01-17,7.67
9744,1,12,1,45,2020-01-17,11.89
9745,3,12,1,59,2020-01-17,11.72
9746,5,12,1,30,2020-01-17,14.90
9747,7,12,6,31,2020-01-17,12.76
9748,9,12,6,51,2020-01-17,12.24
9749,11,12,6,53,2020-01-17,15.86
9750,17,12,2,26,2020-01-17,32.80
9751,21,12,6,18,2020-01-17,32.06
9752,23,12,5,38,2020-01-17,18.16
9753,27,12,6,47,2020-01-17,15.36
9754,29,12,6,58,2020-01-17,11.56
9755,31,12,1,25,2020-01-17,15.87
9756,33,12,2,27,2020-01-17,20.50
9757,35,12,3,25,2020-01-17,15.25
9758,39,12,5,47,2020-01-17,26.29
9759,41,12,4,59,2020-01-17,8.98
9760,43,12,4,46,2020-01-17,7.63
9761,2,1,1,60,2020-02-03,13.04
9762,4,1,6,84,2020-02-03,16.49
9763,6,1,6,98,2020-02-03,10.02
9764,8,1,6,61,2020-02-03,15.89
9765,10,1,2,47,2020-02-03,16.92
9766,12,1,4,46,2020-02-03,32.44
9767,14,1,2,42,2020-02-03,24.84
9768,16,1,2,24,2020-02-03,50.56
9769,18,1,6,68,2020-02-03,23.43
9770,20,1,6,48,2020-02-03,18.44
9771,22,1,6,63,2020-02-03,22.74
9772,24,1,5,44,2020-02-03,21.94
9773,26,1,3,91,2020-02-03,21.52
9774,28,1,1,49,2020-02-03,16.06
9775,30,1,6,42,2020-02-03,27.69
9776,32,1,4,53,2020-02-03,24.65
9777,34,1,4,43,2020-02-03,30.17
9778,36,1,3,59,2020-02-03,27.25
9779,38,1,3,37,2020-02-03,19.69
9780,40,1,3,54,2020-02-03,24.66
9781,42,1,4,48,2020-02-03,10.31
9782,2,2,1,64,2020-02-03,15.45
9783,4,2,6,78,2020-02-03,17.10
9784,6,2,6,70,2020-02-03,10.47
9785,8,2,6,89,2020-02-03,15.77
9786,10,2,2,52,2020-02-03,18.56
9787,12,2,2,41,2020-02-03,35.11
9788,14,2,2,33,2020-02-03,26.21
9789,16,2,2,72,2020-02-03,46.44
9790,18,2,6,27,2020-02-03,26.69
9791,20,2,2,73,2020-02-03,16.91
9792,22,2,6,61,2020-02-03,22.44
9793,24,2,3,38,2020-02-03,23.54
9794,26,2,5,62,2020-02-03,24.33
9795,28,2,1,107,2020-02-03,19.34
9796,30,2,1,49,2020-02-03,24.58
9797,32,2,2,44,2020-02-03,24.66
9798,34,2,2,49,2020-02-03,34.01
9799,36,2,3,58,2020-02-03,22.50
9800,38,2,5,38,2020-02-03,20.59
9801,40,2,3,88,2020-02-03,28.93
9802,42,2,4,52,2020-02-03,8.57
9803,2,3,6,31,2020-02-03,13.76
9804,4,3,1,29,2020-02-03,14.78
9805,6,3,6,57,2020-02-03,11.60
9806,8,3,2,56,2020-02-03,15.83
9807,10,3,6,58,2020-02-03,16.99
9808,12,3,2,63,2020-02-03,34.00
9809,14,3,2,78,2020-02-03,25.24
9810,16,3,4,49,2020-02-03,50.71
9811,18,3,6,31,2020-02-03,21.81
9812,20,3,6,32,2020-02-03,17.67
9813,22,3,6,46,2020-02-03,22.50
9814,24,3,3,38,2020-02-03,23.54
9815,26,3,5,67,2020-02-03,20.73
9816,28,3,1,64,2020-02-03,15.33
9817,32,3,4,35,2020-02-03,25.99
9818,34,3,2,33,2020-02-03,34.71
9819,36,3,3,53,2020-02-03,23.50
9820,38,3,3,46,2020-02-03,22.63
9821,40,3,5,47,2020-02-03,23.79
9822,42,3,6,52,2020-02-03,8.62
9823,2,4,6,33,2020-02-03,13.98
9824,4,4,6,56,2020-02-03,17.11
9825,6,4,1,43,2020-02-03,9.81
9826,8,4,6,38,2020-02-03,13.60
9827,10,4,2,50,2020-02-03,17.30
9828,14,4,2,34,2020-02-03,25.99
9829,16,4,2,39,2020-02-03,42.92
9830,20,4,2,45,2020-02-03,17.24
9831,22,4,6,29,2020-02-03,22.62
9832,24,4,3,31,2020-02-03,24.63
9833,28,4,1,34,2020-02-03,15.32
9834,30,4,6,45,2020-02-03,28.05
9835,34,4,4,30,2020-02-03,32.27
9836,38,4,3,34,2020-02-03,22.33
9837,40,4,5,34,2020-02-03,24.41
9838,42,4,6,46,2020-02-03,9.78
9839,4,5,1,60,2020-02-03,15.19
9840,8,5,2,41,2020-02-03,13.06
9841,10,5,2,15,2020-02-03,17.18
9842,12,5,4,30,2020-02-03,32.74
9843,14,5,4,30,2020-02-03,25.54
9844,16,5,2,27,2020-02-03,43.11
9845,20,5,6,37,2020-02-03,19.30
9846,22,5,2,27,2020-02-03,18.93
9847,24,5,5,19,2020-02-03,21.26
9848,26,5,5,38,2020-02-03,21.39
9849,28,5,1,46,2020-02-03,16.16
9850,30,5,1,37,2020-02-03,24.51
9851,34,5,4,28,2020-02-03,35.53
9852,38,5,3,37,2020-02-03,23.99
9853,2,6,1,39,2020-02-03,12.56
9854,4,6,1,52,2020-02-03,17.86
9855,6,6,6,37,2020-02-03,10.48
9856,8,6,2,32,2020-02-03,12.99
9857,14,6,2,34,2020-02-03,24.90
9858,16,6,4,38,2020-02-03,41.71
9859,18,6,2,45,2020-02-03,22.70
9860,20,6,2,67,2020-02-03,20.53
9861,22,6,2,46,2020-02-03,22.26
9862,24,6,5,31,2020-02-03,25.91
9863,26,6,5,40,2020-02-03,21.22
9864,28,6,1,86,2020-02-03,15.31
9865,32,6,4,63,2020-02-03,28.41
9866,34,6,4,32,2020-02-03,33.21
9867,40,6,5,36,2020-02-03,26.38
9868,42,6,6,46,2020-02-03,9.22
9869,2,7,6,38,2020-02-03,14.04
9870,4,7,6,52,2020-02-03,17.08
9871,6,7,6,39,2020-02-03,9.38
9872,8,7,2,34,2020-02-03,14.76
9873,12,7,2,52,2020-02-03,33.09
9874,16,7,4,37,2020-02-03,45.23
9875,18,7,6,30,2020-02-03,22.17
9876,20,7,2,27,2020-02-03,16.04
9877,22,7,2,32,2020-02-03,21.64
9878,24,7,5,57,2020-02-03,21.21
9879,26,7,3,40,2020-02-03,22.69
9880,28,7,6,84,2020-02-03,16.62
9881,30,7,1,37,2020-02-03,25.93
9882,40,7,5,28,2020-02-03,25.44
9883,42,7,6,32,2020-02-03,10.26
9884,2,8,1,38,2020-02-03,13.87
9885,4,8,1,47,2020-02-03,15.07
9886,6,8,6,44,2020-02-03,9.18
9887,8,8,2,47,2020-02-03,15.79
9888,10,8,6,30,2020-02-03,16.98
9889,14,8,2,30,2020-02-03,22.92
9890,16,8,2,39,2020-02-03,41.72
9891,18,8,6,31,2020-02-03,24.10
9892,20,8,2,32,2020-02-03,16.20
9893,22,8,6,58,2020-02-03,20.34
9894,24,8,5,23,2020-02-03,21.58
9895,26,8,3,64,2020-02-03,23.01
9896,28,8,1,53,2020-02-03,17.78
9897,30,8,6,41,2020-02-03,27.73
9898,32,8,2,35,2020-02-03,25.71
9899,34,8,4,37,2020-02-03,33.38
9900,36,8,3,30,2020-02-03,23.85
9901,38,8,3,35,2020-02-03,23.48
9902,42,8,6,49,2020-02-03,10.71
9903,2,9,1,37,2020-02-03,16.13
9904,4,9,1,42,2020-02-03,16.37
9905,6,9,6,42,2020-02-03,10.06
9906,8,9,6,33,2020-02-03,14.73
9907,10,9,2,40,2020-02-03,17.59
9908,14,9,2,31,2020-02-03,29.05
9909,18,9,2,37,2020-02-03,21.85
9910,22,9,6,63,2020-02-03,20.63
9911,24,9,3,35,2020-02-03,23.46
9912,28,9,1,37,2020-02-03,18.25
9913,30,9,1,34,2020-02-03,24.66
9914,32,9,2,43,2020-02-03,27.81
9915,42,9,4,35,2020-02-03,9.19
9916,4,10,6,43,2020-02-03,14.86
9917,6,10,6,32,2020-02-03,8.96
9918,8,10,2,28,2020-02-03,15.03
9919,14,10,4,55,2020-02-03,23.15
9920,18,10,2,36,2020-02-03,23.76
9921,20,10,2,29,2020-02-03,17.67
9922,22,10,6,28,2020-02-03,18.56
9923,24,10,3,50,2020-02-03,21.27
9924,26,10,5,27,2020-02-03,24.73
9925,28,10,6,46,2020-02-03,16.69
9926,30,10,6,34,2020-02-03,28.68
9927,32,10,2,27,2020-02-03,26.65
9928,34,10,2,31,2020-02-03,31.77
9929,36,10,3,44,2020-02-03,23.91
9930,38,10,3,36,2020-02-03,24.79
9931,40,10,3,43,2020-02-03,26.24
9932,42,10,6,36,2020-02-03,9.21
9933,2,11,1,32,2020-02-03,15.94
9934,4,11,1,55,2020-02-03,15.48
9935,8,11,6,62,2020-02-03,15.99
9936,10,11,2,45,2020-02-03,16.00
9937,12,11,4,29,2020-02-03,33.84
9938,16,11,4,30,2020-02-03,43.06
9939,22,11,6,35,2020-02-03,20.85
9940,28,11,1,52,2020-02-03,17.48
9941,30,11,6,35,2020-02-03,27.47
9942,32,11,4,57,2020-02-03,27.60
9943,34,11,2,35,2020-02-03,34.74
9944,36,11,3,31,2020-02-03,21.82
9945,40,11,3,39,2020-02-03,30.28
9946,42,11,4,53,2020-02-03,8.91
9947,2,12,6,43,2020-02-03,15.56
9948,4,12,1,39,2020-02-03,14.36
9949,6,12,1,40,2020-02-03,9.35
9950,8,12,2,49,2020-02-03,14.92
9951,12,12,2,25,2020-02-03,35.47
9952,22,12,6,47,2020-02-03,20.26
9953,28,12,6,37,2020-02-03,18.23
9954,30,12,1,42,2020-02-03,25.43
9955,42,12,4,32,2020-02-03,8.51
9956,1,1,1,72,2020-02-17,11.24
9957,3,1,6,49,2020-02-17,10.38
9958,5,1,1,37,2020-02-17,12.02
9959,7,1,6,47,2020-02-17,12.93
9960,9,1,6,85,2020-02-17,11.23
9961,11,1,2,68,2020-02-17,14.44
9962,13,1,2,39,2020-02-17,29.19
9963,15,1,2,58,2020-02-17,38.60
9964,19,1,2,30,2020-02-17,28.83
9965,21,1,2,32,2020-02-17,38.49
9966,23,1,3,63,2020-02-17,22.14
9967,25,1,3,52,2020-02-17,18.46
9968,27,1,6,90,2020-02-17,13.87
9969,29,1,6,96,2020-02-17,11.90
9970,31,1,6,32,2020-02-17,18.34
9971,33,1,2,73,2020-02-17,23.96
9972,35,1,3,50,2020-02-17,16.54
9973,37,1,3,39,2020-02-17,20.83
9974,39,1,5,28,2020-02-17,25.59
9975,41,1,6,71,2020-02-17,9.04
9976,43,1,4,118,2020-02-17,7.13
9977,1,2,1,46,2020-02-17,13.09
9978,3,2,1,56,2020-02-17,10.24
9979,5,2,6,28,2020-02-17,13.18
9980,7,2,2,46,2020-02-17,10.69
9981,9,2,6,65,2020-02-17,12.45
9982,11,2,6,57,2020-02-17,14.39
9983,13,2,2,65,2020-02-17,31.45
9984,15,2,2,44,2020-02-17,38.38
9985,17,2,4,47,2020-02-17,30.32
9986,19,2,6,33,2020-02-17,28.52
9987,21,2,2,46,2020-02-17,39.23
9988,23,2,3,57,2020-02-17,18.56
9989,25,2,3,47,2020-02-17,17.33
9990,27,2,6,61,2020-02-17,14.70
9991,29,2,6,84,2020-02-17,12.85
9992,31,2,6,38,2020-02-17,20.33
9993,33,2,2,63,2020-02-17,20.40
9994,35,2,3,39,2020-02-17,17.19
9995,37,2,3,29,2020-02-17,20.84
9996,39,2,3,57,2020-02-17,21.16
9997,41,2,6,89,2020-02-17,8.48
9998,43,2,6,75,2020-02-17,6.60
9999,1,3,1,70,2020-02-17,13.75
10000,3,3,6,43,2020-02-17,10.67
10001,5,3,6,33,2020-02-17,13.71
10002,7,3,6,34,2020-02-17,12.06
10003,9,3,2,44,2020-02-17,10.88
10004,11,3,2,41,2020-02-17,16.38
10005,13,3,2,28,2020-02-17,26.15
10006,19,3,2,26,2020-02-17,31.18
10007,21,3,6,34,2020-02-17,34.40
10008,23,3,3,52,2020-02-17,23.33
10009,25,3,5,32,2020-02-17,19.31
10010,27,3,1,52,2020-02-17,12.84
10011,29,3,6,54,2020-02-17,13.45
10012,31,3,1,46,2020-02-17,19.99
10013,35,3,3,38,2020-02-17,14.37
10014,37,3,3,26,2020-02-17,23.60
10015,39,3,5,37,2020-02-17,20.59
10016,41,3,6,100,2020-02-17,9.35
10017,43,3,4,72,2020-02-17,6.18
10018,1,4,1,39,2020-02-17,10.98
10019,7,4,2,36,2020-02-17,11.20
10020,11,4,2,29,2020-02-17,16.33
10021,13,4,2,21,2020-02-17,28.80
10022,23,4,3,39,2020-02-17,21.19
10023,25,4,5,38,2020-02-17,18.11
10024,27,4,1,39,2020-02-17,13.59
10025,29,4,1,55,2020-02-17,12.82
10026,31,4,6,33,2020-02-17,19.53
10027,33,4,4,39,2020-02-17,20.75
10028,39,4,3,48,2020-02-17,20.61
10029,41,4,4,47,2020-02-17,7.50
10030,43,4,4,63,2020-02-17,6.23
10031,11,5,2,27,2020-02-17,14.62
10032,17,5,4,18,2020-02-17,32.84
10033,19,5,2,46,2020-02-17,28.22
10034,25,5,5,26,2020-02-17,16.36
10035,27,5,6,48,2020-02-17,12.72
10036,29,5,1,41,2020-02-17,11.50
10037,31,5,6,26,2020-02-17,20.19
10038,39,5,5,23,2020-02-17,23.98
10039,41,5,4,27,2020-02-17,8.14
10040,43,5,4,34,2020-02-17,6.90
10041,1,6,6,50,2020-02-17,11.21
10042,3,6,6,47,2020-02-17,10.87
10043,5,6,1,44,2020-02-17,12.92
10044,7,6,6,32,2020-02-17,11.94
10045,9,6,2,34,2020-02-17,11.41
10046,11,6,2,64,2020-02-17,14.21
10047,17,6,2,33,2020-02-17,34.31
10048,19,6,6,31,2020-02-17,30.58
10049,21,6,6,35,2020-02-17,32.81
10050,23,6,3,44,2020-02-17,20.80
10051,27,6,1,42,2020-02-17,14.31
10052,29,6,1,51,2020-02-17,14.11
10053,31,6,6,25,2020-02-17,20.57
10054,33,6,4,48,2020-02-17,19.41
10055,35,6,3,26,2020-02-17,15.93
10056,39,6,3,43,2020-02-17,24.23
10057,41,6,4,45,2020-02-17,9.40
10058,43,6,6,50,2020-02-17,6.46
10059,1,7,6,48,2020-02-17,12.09
10060,3,7,1,41,2020-02-17,12.07
10061,9,7,6,62,2020-02-17,10.50
10062,11,7,6,49,2020-02-17,13.33
10063,15,7,2,25,2020-02-17,36.44
10064,21,7,2,45,2020-02-17,36.20
10065,23,7,5,27,2020-02-17,20.82
10066,25,7,3,30,2020-02-17,20.30
10067,27,7,1,39,2020-02-17,15.69
10068,29,7,6,56,2020-02-17,13.09
10069,35,7,3,29,2020-02-17,17.05
10070,39,7,3,33,2020-02-17,23.34
10071,41,7,6,60,2020-02-17,8.93
10072,43,7,4,77,2020-02-17,6.67
10073,1,8,1,43,2020-02-17,10.73
10074,3,8,6,29,2020-02-17,10.17
10075,7,8,6,28,2020-02-17,13.64
10076,9,8,2,49,2020-02-17,12.73
10077,11,8,2,45,2020-02-17,14.81
10078,17,8,2,29,2020-02-17,34.40
10079,19,8,2,33,2020-02-17,26.95
10080,21,8,6,33,2020-02-17,35.51
10081,23,8,5,58,2020-02-17,21.72
10082,25,8,5,35,2020-02-17,16.93
10083,27,8,6,71,2020-02-17,15.86
10084,29,8,6,51,2020-02-17,13.85
10085,31,8,1,63,2020-02-17,16.53
10086,33,8,4,41,2020-02-17,22.54
10087,35,8,3,40,2020-02-17,14.51
10088,39,8,3,52,2020-02-17,21.35
10089,41,8,4,48,2020-02-17,8.78
10090,43,8,6,37,2020-02-17,6.81
10091,1,9,1,38,2020-02-17,12.00
10092,5,9,1,47,2020-02-17,12.89
10093,7,9,2,26,2020-02-17,11.66
10094,9,9,2,28,2020-02-17,12.60
10095,11,9,2,47,2020-02-17,17.12
10096,13,9,2,40,2020-02-17,27.07
10097,15,9,2,27,2020-02-17,46.92
10098,17,9,4,32,2020-02-17,32.58
10099,19,9,2,53,2020-02-17,32.82
10100,21,9,6,51,2020-02-17,31.45
10101,23,9,5,45,2020-02-17,18.84
10102,25,9,3,29,2020-02-17,18.31
10103,27,9,6,50,2020-02-17,14.74
10104,29,9,6,35,2020-02-17,14.43
10105,33,9,4,33,2020-02-17,22.82
10106,35,9,3,43,2020-02-17,16.31
10107,37,9,3,24,2020-02-17,22.53
10108,39,9,3,52,2020-02-17,21.71
10109,41,9,4,31,2020-02-17,7.42
10110,43,9,4,38,2020-02-17,6.47
10111,1,10,1,35,2020-02-17,13.03
10112,3,10,6,48,2020-02-17,12.18
10113,5,10,1,50,2020-02-17,14.39
10114,7,10,6,51,2020-02-17,12.53
10115,9,10,2,31,2020-02-17,10.10
10116,11,10,2,38,2020-02-17,15.76
10117,15,10,4,30,2020-02-17,40.87
10118,17,10,4,43,2020-02-17,31.85
10119,21,10,6,33,2020-02-17,36.54
10120,23,10,3,40,2020-02-17,22.25
10121,25,10,5,34,2020-02-17,16.87
10122,27,10,1,41,2020-02-17,15.23
10123,29,10,1,26,2020-02-17,13.37
10124,31,10,6,44,2020-02-17,17.66
10125,33,10,4,34,2020-02-17,22.50
10126,35,10,3,34,2020-02-17,14.79
10127,37,10,3,24,2020-02-17,22.94
10128,43,10,4,65,2020-02-17,7.27
10129,1,11,6,51,2020-02-17,12.55
10130,3,11,6,31,2020-02-17,11.03
10131,7,11,2,32,2020-02-17,12.48
10132,9,11,2,36,2020-02-17,10.56
10133,11,11,6,47,2020-02-17,16.54
10134,15,11,2,48,2020-02-17,40.88
10135,17,11,2,34,2020-02-17,36.16
10136,19,11,6,36,2020-02-17,28.48
10137,21,11,6,47,2020-02-17,37.40
10138,23,11,5,48,2020-02-17,23.17
10139,25,11,3,25,2020-02-17,17.21
10140,27,11,6,69,2020-02-17,16.13
10141,29,11,1,38,2020-02-17,13.88
10142,33,11,2,22,2020-02-17,20.85
10143,35,11,3,27,2020-02-17,17.07
10144,39,11,3,61,2020-02-17,25.62
10145,41,11,4,45,2020-02-17,9.28
10146,43,11,4,53,2020-02-17,7.46
10147,3,12,6,33,2020-02-17,10.60
10148,9,12,6,26,2020-02-17,12.07
10149,13,12,4,21,2020-02-17,28.46
10150,15,12,4,36,2020-02-17,38.33
10151,17,12,4,27,2020-02-17,29.27
10152,19,12,6,35,2020-02-17,33.04
10153,25,12,3,25,2020-02-17,16.20
10154,27,12,1,37,2020-02-17,15.78
10155,29,12,1,44,2020-02-17,11.49
10156,35,12,3,25,2020-02-17,17.76
10157,37,12,3,17,2020-02-17,18.64
10158,43,12,4,34,2020-02-17,7.05
10159,2,1,1,78,2020-03-03,13.47
10160,4,1,1,51,2020-03-03,16.26
10161,6,1,1,55,2020-03-03,10.94
10162,8,1,2,38,2020-03-03,15.79
10163,10,1,6,39,2020-03-03,17.31
10164,12,1,2,35,2020-03-03,32.02
10165,14,1,2,44,2020-03-03,28.71
10166,16,1,4,30,2020-03-03,49.82
10167,18,1,2,39,2020-03-03,24.28
10168,20,1,2,66,2020-03-03,17.93
10169,22,1,6,45,2020-03-03,21.65
10170,24,1,5,26,2020-03-03,23.46
10171,26,1,5,29,2020-03-03,21.02
10172,28,1,6,51,2020-03-03,15.69
10173,32,1,2,26,2020-03-03,23.27
10174,36,1,3,43,2020-03-03,22.48
10175,38,1,5,26,2020-03-03,22.77
10176,40,1,3,33,2020-03-03,24.49
10177,42,1,6,35,2020-03-03,10.58
10178,2,2,6,42,2020-03-03,13.31
10179,4,2,1,69,2020-03-03,13.98
10180,6,2,6,59,2020-03-03,9.82
10181,8,2,2,51,2020-03-03,15.02
10182,10,2,2,38,2020-03-03,15.86
10183,12,2,2,39,2020-03-03,30.99
10184,16,2,4,27,2020-03-03,44.71
10185,18,2,2,49,2020-03-03,23.66
10186,20,2,6,31,2020-03-03,16.41
10187,22,2,6,70,2020-03-03,22.19
10188,24,2,3,36,2020-03-03,21.43
10189,26,2,5,39,2020-03-03,19.47
10190,28,2,1,48,2020-03-03,18.80
10191,32,2,4,38,2020-03-03,23.46
10192,36,2,3,32,2020-03-03,25.18
10193,38,2,5,35,2020-03-03,22.56
10194,40,2,5,45,2020-03-03,26.55
10195,42,2,4,47,2020-03-03,8.79
10196,4,3,6,37,2020-03-03,16.81
10197,8,3,2,47,2020-03-03,14.85
10198,16,3,4,27,2020-03-03,51.11
10199,20,3,6,22,2020-03-03,16.47
10200,22,3,6,44,2020-03-03,21.25
10201,24,3,5,32,2020-03-03,22.16
10202,28,3,6,54,2020-03-03,18.96
10203,30,3,6,55,2020-03-03,28.05
10204,32,3,2,39,2020-03-03,27.07
10205,34,3,4,25,2020-03-03,33.30
10206,36,3,3,31,2020-03-03,24.74
10207,38,3,3,32,2020-03-03,22.05
10208,40,3,5,40,2020-03-03,29.39
10209,42,3,4,40,2020-03-03,8.51
10210,4,4,6,54,2020-03-03,14.82
10211,6,4,1,41,2020-03-03,9.49
10212,8,4,6,30,2020-03-03,15.89
10213,10,4,6,27,2020-03-03,17.45
10214,12,4,4,36,2020-03-03,33.84
10215,18,4,2,49,2020-03-03,24.17
10216,20,4,6,31,2020-03-03,17.88
10217,22,4,6,50,2020-03-03,22.81
10218,26,4,5,42,2020-03-03,23.54
10219,30,4,6,25,2020-03-03,26.71
10220,32,4,4,54,2020-03-03,28.16
10221,34,4,4,33,2020-03-03,34.17
10222,36,4,3,39,2020-03-03,22.03
10223,2,5,1,38,2020-03-03,12.99
10224,4,5,1,26,2020-03-03,14.69
10225,6,5,1,30,2020-03-03,10.87
10226,10,5,6,32,2020-03-03,19.24
10227,18,5,6,31,2020-03-03,26.56
10228,22,5,2,37,2020-03-03,20.87
10229,32,5,4,58,2020-03-03,24.07
10230,36,5,3,28,2020-03-03,23.02
10231,40,5,3,23,2020-03-03,29.77
10232,42,5,4,44,2020-03-03,9.17
10233,2,6,6,42,2020-03-03,15.59
10234,4,6,1,25,2020-03-03,13.99
10235,6,6,1,28,2020-03-03,11.40
10236,10,6,2,41,2020-03-03,16.07
10237,12,6,4,55,2020-03-03,35.53
10238,16,6,4,22,2020-03-03,49.58
10239,20,6,2,34,2020-03-03,17.32
10240,22,6,6,50,2020-03-03,19.37
10241,24,6,3,28,2020-03-03,25.28
10242,26,6,3,29,2020-03-03,21.08
10243,28,6,1,35,2020-03-03,16.63
10244,30,6,1,49,2020-03-03,25.41
10245,32,6,4,39,2020-03-03,23.31
10246,36,6,3,65,2020-03-03,26.60
10247,38,6,3,57,2020-03-03,23.82
10248,40,6,5,25,2020-03-03,24.59
10249,42,6,4,22,2020-03-03,8.85
10250,2,7,1,28,2020-03-03,13.49
10251,4,7,6,52,2020-03-03,16.28
10252,6,7,1,56,2020-03-03,10.41
10253,8,7,6,35,2020-03-03,15.19
10254,10,7,6,52,2020-03-03,15.72
10255,14,7,2,37,2020-03-03,25.58
10256,16,7,2,33,2020-03-03,40.27
10257,20,7,2,46,2020-03-03,17.16
10258,22,7,6,24,2020-03-03,21.62
10259,26,7,5,23,2020-03-03,23.17
10260,28,7,6,34,2020-03-03,19.17
10261,32,7,4,38,2020-03-03,29.04
10262,34,7,4,39,2020-03-03,32.70
10263,36,7,3,49,2020-03-03,24.98
10264,38,7,5,61,2020-03-03,22.68
10265,40,7,5,36,2020-03-03,25.09
10266,42,7,4,36,2020-03-03,8.74
10267,2,8,1,30,2020-03-03,13.41
10268,4,8,6,27,2020-03-03,17.48
10269,6,8,6,46,2020-03-03,9.65
10270,8,8,2,54,2020-03-03,14.66
10271,10,8,6,32,2020-03-03,16.17
10272,12,8,2,32,2020-03-03,37.21
10273,16,8,4,29,2020-03-03,46.36
10274,18,8,6,29,2020-03-03,21.76
10275,20,8,2,38,2020-03-03,18.35
10276,22,8,6,61,2020-03-03,23.05
10277,24,8,3,23,2020-03-03,22.98
10278,26,8,5,27,2020-03-03,20.69
10279,28,8,6,22,2020-03-03,17.57
10280,32,8,4,30,2020-03-03,28.12
10281,34,8,2,26,2020-03-03,30.40
10282,36,8,3,49,2020-03-03,26.35
10283,40,8,3,47,2020-03-03,27.91
10284,42,8,4,34,2020-03-03,9.26
10285,4,9,1,42,2020-03-03,17.90
10286,6,9,6,41,2020-03-03,9.82
10287,12,9,4,34,2020-03-03,29.43
10288,14,9,2,24,2020-03-03,28.21
10289,16,9,2,37,2020-03-03,44.23
10290,20,9,6,24,2020-03-03,19.61
10291,26,9,5,43,2020-03-03,20.97
10292,34,9,2,33,2020-03-03,36.53
10293,36,9,3,35,2020-03-03,23.43
10294,38,9,3,26,2020-03-03,22.34
10295,40,9,5,39,2020-03-03,27.90
10296,42,9,6,31,2020-03-03,10.13
10297,2,10,6,30,2020-03-03,13.63
10298,4,10,1,46,2020-03-03,15.88
10299,6,10,6,41,2020-03-03,10.67
10300,8,10,6,29,2020-03-03,14.23
10301,10,10,6,54,2020-03-03,18.37
10302,12,10,2,22,2020-03-03,29.57
10303,16,10,2,31,2020-03-03,42.42
10304,20,10,2,25,2020-03-03,18.46
10305,22,10,2,43,2020-03-03,20.61
10306,26,10,3,30,2020-03-03,24.40
10307,28,10,1,33,2020-03-03,16.43
10308,32,10,2,35,2020-03-03,24.40
10309,36,10,3,26,2020-03-03,27.47
10310,40,10,5,35,2020-03-03,29.36
10311,2,11,6,29,2020-03-03,14.96
10312,4,11,1,28,2020-03-03,15.11
10313,6,11,1,44,2020-03-03,9.06
10314,8,11,2,36,2020-03-03,15.60
10315,10,11,2,26,2020-03-03,15.69
10316,14,11,2,38,2020-03-03,26.94
10317,16,11,4,30,2020-03-03,51.54
10318,18,11,6,46,2020-03-03,24.45
10319,20,11,6,51,2020-03-03,16.06
10320,22,11,2,31,2020-03-03,20.12
10321,24,11,5,36,2020-03-03,26.40
10322,26,11,5,34,2020-03-03,20.84
10323,34,11,4,22,2020-03-03,34.27
10324,36,11,3,31,2020-03-03,26.53
10325,38,11,3,20,2020-03-03,24.01
10326,40,11,5,48,2020-03-03,24.48
10327,4,12,1,36,2020-03-03,15.50
10328,10,12,6,45,2020-03-03,18.78
10329,14,12,4,25,2020-03-03,25.24
10330,16,12,2,31,2020-03-03,47.74
10331,18,12,2,34,2020-03-03,21.86
10332,20,12,6,57,2020-03-03,17.41
10333,24,12,3,16,2020-03-03,26.50
10334,26,12,5,33,2020-03-03,22.98
10335,32,12,4,38,2020-03-03,28.81
10336,34,12,4,33,2020-03-03,31.18
10337,36,12,3,32,2020-03-03,26.65
10338,38,12,5,19,2020-03-03,22.99
10339,40,12,5,41,2020-03-03,26.42
10340,1,1,1,77,2020-03-17,11.72
10341,3,1,6,65,2020-03-17,10.06
10342,5,1,6,51,2020-03-17,12.70
10343,7,1,6,52,2020-03-17,13.75
10344,9,1,2,54,2020-03-17,11.24
10345,11,1,6,59,2020-03-17,16.17
10346,13,1,2,23,2020-03-17,28.57
10347,15,1,4,34,2020-03-17,47.01
10348,17,1,4,60,2020-03-17,35.31
10349,21,1,6,31,2020-03-17,37.26
10350,23,1,5,85,2020-03-17,20.14
10351,25,1,3,43,2020-03-17,16.67
10352,27,1,6,66,2020-03-17,13.22
10353,29,1,1,53,2020-03-17,13.16
10354,31,1,1,29,2020-03-17,16.49
10355,33,1,4,40,2020-03-17,23.34
10356,35,1,3,36,2020-03-17,14.73
10357,37,1,3,43,2020-03-17,18.45
10358,39,1,3,53,2020-03-17,20.66
10359,41,1,4,64,2020-03-17,8.63
10360,43,1,4,80,2020-03-17,7.73
10361,1,2,6,45,2020-03-17,13.19
10362,3,2,6,82,2020-03-17,11.05
10363,5,2,6,49,2020-03-17,12.52
10364,7,2,6,27,2020-03-17,12.58
10365,9,2,6,69,2020-03-17,10.65
10366,11,2,6,58,2020-03-17,16.77
10367,15,2,4,33,2020-03-17,46.65
10368,17,2,4,27,2020-03-17,34.72
10369,19,2,6,30,2020-03-17,26.39
10370,21,2,2,38,2020-03-17,31.83
10371,23,2,5,69,2020-03-17,18.24
10372,25,2,3,63,2020-03-17,18.26
10373,27,2,1,60,2020-03-17,15.98
10374,29,2,1,87,2020-03-17,13.77
10375,31,2,1,60,2020-03-17,15.95
10376,33,2,2,65,2020-03-17,21.35
10377,35,2,3,58,2020-03-17,16.57
10378,37,2,3,39,2020-03-17,21.99
10379,39,2,3,58,2020-03-17,25.53
10380,41,2,6,72,2020-03-17,8.68
10381,43,2,6,78,2020-03-17,6.90
10382,1,3,1,46,2020-03-17,10.64
10383,3,3,6,40,2020-03-17,12.22
10384,5,3,6,49,2020-03-17,13.40
10385,7,3,6,49,2020-03-17,12.43
10386,9,3,2,48,2020-03-17,12.15
10387,11,3,6,48,2020-03-17,13.49
10388,15,3,4,50,2020-03-17,38.05
10389,17,3,2,48,2020-03-17,32.69
10390,19,3,6,27,2020-03-17,27.89
10391,21,3,6,24,2020-03-17,36.57
10392,23,3,5,54,2020-03-17,20.70
10393,25,3,3,41,2020-03-17,20.62
10394,27,3,1,51,2020-03-17,13.85
10395,29,3,6,45,2020-03-17,12.90
10396,33,3,4,52,2020-03-17,20.57
10397,35,3,3,25,2020-03-17,14.68
10398,37,3,3,25,2020-03-17,19.88
10399,39,3,3,43,2020-03-17,24.15
10400,41,3,4,73,2020-03-17,7.92
10401,43,3,6,58,2020-03-17,7.69
10402,1,4,1,32,2020-03-17,10.98
10403,3,4,1,40,2020-03-17,11.58
10404,5,4,1,25,2020-03-17,12.17
10405,7,4,6,35,2020-03-17,13.22
10406,9,4,6,33,2020-03-17,10.33
10407,11,4,2,47,2020-03-17,16.41
10408,15,4,4,40,2020-03-17,43.75
10409,17,4,2,37,2020-03-17,36.36
10410,19,4,2,21,2020-03-17,26.79
10411,21,4,2,29,2020-03-17,33.49
10412,27,4,1,37,2020-03-17,13.57
10413,29,4,6,30,2020-03-17,13.17
10414,33,4,4,40,2020-03-17,22.87
10415,35,4,3,38,2020-03-17,17.61
10416,37,4,3,30,2020-03-17,20.64
10417,41,4,6,49,2020-03-17,9.41
10418,43,4,6,31,2020-03-17,7.19
10419,1,5,1,31,2020-03-17,12.56
10420,3,5,1,50,2020-03-17,11.50
10421,5,5,1,39,2020-03-17,13.13
10422,7,5,2,53,2020-03-17,13.26
10423,9,5,2,48,2020-03-17,12.17
10424,13,5,2,22,2020-03-17,30.22
10425,15,5,2,24,2020-03-17,42.29
10426,21,5,2,24,2020-03-17,40.44
10427,23,5,3,35,2020-03-17,19.16
10428,29,5,1,35,2020-03-17,13.66
10429,33,5,4,26,2020-03-17,19.94
10430,35,5,3,37,2020-03-17,15.32
10431,37,5,3,24,2020-03-17,20.35
10432,39,5,3,28,2020-03-17,24.43
10433,41,5,6,25,2020-03-17,7.77
10434,1,6,1,39,2020-03-17,13.23
10435,3,6,1,26,2020-03-17,9.98
10436,5,6,6,24,2020-03-17,11.91
10437,9,6,6,34,2020-03-17,9.99
10438,11,6,6,48,2020-03-17,16.99
10439,13,6,2,33,2020-03-17,24.85
10440,15,6,4,34,2020-03-17,37.76
10441,19,6,6,36,2020-03-17,30.80
10442,25,6,3,43,2020-03-17,19.56
10443,27,6,1,37,2020-03-17,13.89
10444,29,6,1,35,2020-03-17,12.36
10445,31,6,1,31,2020-03-17,16.22
10446,33,6,2,23,2020-03-17,23.21
10447,35,6,3,41,2020-03-17,14.12
10448,37,6,3,31,2020-03-17,22.79
10449,39,6,5,24,2020-03-17,24.30
10450,41,6,4,48,2020-03-17,8.94
10451,43,6,6,43,2020-03-17,6.81
10452,5,7,6,58,2020-03-17,13.85
10453,7,7,6,43,2020-03-17,13.01
10454,11,7,6,38,2020-03-17,13.84
10455,13,7,2,34,2020-03-17,30.17
10456,17,7,4,47,2020-03-17,35.85
10457,19,7,2,40,2020-03-17,29.77
10458,23,7,3,26,2020-03-17,23.62
10459,27,7,6,54,2020-03-17,16.02
10460,29,7,1,36,2020-03-17,13.15
10461,31,7,6,29,2020-03-17,19.14
10462,33,7,2,43,2020-03-17,19.15
10463,35,7,3,31,2020-03-17,17.89
10464,37,7,3,40,2020-03-17,20.04
10465,41,7,4,41,2020-03-17,8.49
10466,43,7,6,44,2020-03-17,6.52
10467,1,8,6,34,2020-03-17,11.22
10468,3,8,1,37,2020-03-17,10.73
10469,5,8,1,37,2020-03-17,13.77
10470,9,8,2,23,2020-03-17,10.21
10471,11,8,6,31,2020-03-17,16.97
10472,13,8,2,46,2020-03-17,31.88
10473,15,8,4,26,2020-03-17,40.42
10474,17,8,4,26,2020-03-17,32.05
10475,23,8,3,57,2020-03-17,23.13
10476,25,8,3,24,2020-03-17,17.14
10477,27,8,1,31,2020-03-17,14.38
10478,29,8,1,27,2020-03-17,13.07
10479,31,8,1,26,2020-03-17,19.69
10480,33,8,4,49,2020-03-17,20.43
10481,37,8,3,34,2020-03-17,23.63
10482,41,8,6,46,2020-03-17,7.53
10483,43,8,6,68,2020-03-17,7.22
10484,1,9,6,35,2020-03-17,12.81
10485,3,9,1,46,2020-03-17,10.06
10486,7,9,2,23,2020-03-17,11.16
10487,9,9,6,25,2020-03-17,11.51
10488,11,9,2,30,2020-03-17,13.27
10489,19,9,6,26,2020-03-17,31.97
10490,23,9,3,35,2020-03-17,23.20
10491,27,9,1,36,2020-03-17,15.36
10492,31,9,6,34,2020-03-17,20.44
10493,41,9,4,41,2020-03-17,8.64
10494,43,9,6,34,2020-03-17,6.57
10495,3,10,1,38,2020-03-17,12.04
10496,9,10,6,31,2020-03-17,10.43
10497,11,10,2,52,2020-03-17,15.01
10498,13,10,2,43,2020-03-17,25.86
10499,19,10,2,36,2020-03-17,29.09
10500,21,10,2,32,2020-03-17,35.38
10501,23,10,5,35,2020-03-17,21.36
10502,25,10,3,32,2020-03-17,19.17
10503,27,10,1,31,2020-03-17,15.21
10504,29,10,6,39,2020-03-17,12.46
10505,33,10,4,25,2020-03-17,24.75
10506,35,10,3,26,2020-03-17,15.42
10507,39,10,5,23,2020-03-17,20.94
10508,41,10,6,47,2020-03-17,9.19
10509,43,10,4,55,2020-03-17,7.29
10510,1,11,1,27,2020-03-17,12.81
10511,3,11,1,28,2020-03-17,11.87
10512,5,11,6,43,2020-03-17,12.28
10513,9,11,6,27,2020-03-17,10.32
10514,11,11,6,42,2020-03-17,14.54
10515,13,11,4,44,2020-03-17,26.34
10516,21,11,2,34,2020-03-17,40.07
10517,23,11,3,27,2020-03-17,21.61
10518,27,11,1,36,2020-03-17,13.68
10519,31,11,6,35,2020-03-17,18.23
10520,37,11,3,30,2020-03-17,19.90
10521,43,11,6,28,2020-03-17,7.68
10522,1,12,1,40,2020-03-17,12.28
10523,5,12,1,30,2020-03-17,14.05
10524,7,12,6,26,2020-03-17,10.77
10525,11,12,6,24,2020-03-17,15.92
10526,21,12,2,29,2020-03-17,36.11
10527,23,12,3,33,2020-03-17,20.72
10528,27,12,6,22,2020-03-17,14.81
10529,31,12,6,27,2020-03-17,18.99
10530,33,12,2,45,2020-03-17,23.41
10531,39,12,5,24,2020-03-17,23.44
10532,41,12,6,50,2020-03-17,8.79
10533,43,12,4,37,2020-03-17,6.94
10534,2,1,1,24,2020-04-03,14.99
10535,4,1,6,46,2020-04-03,15.73
10536,6,1,1,46,2020-04-03,9.55
10537,8,1,6,38,2020-04-03,13.70
10538,10,1,2,28,2020-04-03,16.05
10539,14,1,2,32,2020-04-03,29.04
10540,16,1,2,41,2020-04-03,44.75
10541,20,1,6,26,2020-04-03,17.97
10542,22,1,6,43,2020-04-03,20.81
10543,24,1,3,26,2020-04-03,25.77
10544,28,1,6,43,2020-04-03,16.65
10545,30,1,6,33,2020-04-03,25.12
10546,32,1,2,44,2020-04-03,25.97
10547,34,1,2,23,2020-04-03,30.39
10548,36,1,3,37,2020-04-03,26.80
10549,38,1,5,41,2020-04-03,20.04
10550,42,1,6,24,2020-04-03,10.53
10551,4,2,1,47,2020-04-03,14.92
10552,6,2,1,40,2020-04-03,8.96
10553,8,2,2,24,2020-04-03,14.27
10554,14,2,4,51,2020-04-03,25.98
10555,16,2,4,25,2020-04-03,40.29
10556,18,2,6,27,2020-04-03,24.23
10557,20,2,2,32,2020-04-03,17.66
10558,22,2,2,40,2020-04-03,20.72
10559,26,2,5,26,2020-04-03,19.18
10560,28,2,1,40,2020-04-03,16.63
10561,30,2,1,29,2020-04-03,26.69
10562,32,2,2,29,2020-04-03,26.92
10563,34,2,2,36,2020-04-03,32.99
10564,40,2,3,31,2020-04-03,27.86
10565,2,3,1,35,2020-04-03,14.20
10566,4,3,6,30,2020-04-03,16.22
10567,6,3,1,58,2020-04-03,9.91
10568,8,3,6,37,2020-04-03,15.05
10569,10,3,6,46,2020-04-03,18.41
10570,12,3,2,20,2020-04-03,31.68
10571,14,3,2,26,2020-04-03,25.33
10572,18,3,6,35,2020-04-03,25.54
10573,22,3,6,32,2020-04-03,21.58
10574,26,3,3,42,2020-04-03,20.40
10575,2,4,1,29,2020-04-03,14.62
10576,14,4,4,12,2020-04-03,26.99
10577,16,4,2,17,2020-04-03,49.23
10578,24,4,3,25,2020-04-03,23.89
10579,26,4,3,24,2020-04-03,19.99
10580,28,4,6,36,2020-04-03,15.28
10581,38,4,5,24,2020-04-03,23.29
10582,40,4,5,29,2020-04-03,30.85
10583,42,4,4,19,2020-04-03,8.34
10584,8,5,2,26,2020-04-03,14.30
10585,12,5,2,20,2020-04-03,36.46
10586,14,5,2,29,2020-04-03,26.33
10587,16,5,4,21,2020-04-03,42.86
10588,20,5,6,30,2020-04-03,18.75
10589,24,5,5,24,2020-04-03,26.31
10590,26,5,3,30,2020-04-03,21.04
10591,28,5,6,33,2020-04-03,15.11
10592,30,5,1,31,2020-04-03,29.53
10593,34,5,2,10,2020-04-03,31.52
10594,38,5,5,24,2020-04-03,19.62
10595,40,5,5,22,2020-04-03,29.13
10596,4,6,1,37,2020-04-03,14.25
10597,8,6,6,26,2020-04-03,14.95
10598,14,6,4,36,2020-04-03,22.81
10599,18,6,2,31,2020-04-03,21.59
10600,34,6,2,43,2020-04-03,28.82
10601,40,6,3,27,2020-04-03,25.00
10602,12,7,4,35,2020-04-03,38.12
10603,18,7,6,26,2020-04-03,23.09
10604,24,7,3,25,2020-04-03,26.02
10605,30,7,6,23,2020-04-03,30.47
10606,6,8,1,25,2020-04-03,9.72
10607,14,8,4,24,2020-04-03,28.81
10608,20,8,6,23,2020-04-03,20.41
10609,22,8,2,32,2020-04-03,20.64
10610,26,8,5,26,2020-04-03,24.83
10611,30,8,6,44,2020-04-03,29.73
10612,36,8,3,31,2020-04-03,23.31
10613,38,8,5,38,2020-04-03,21.27
10614,40,8,5,25,2020-04-03,30.32
10615,2,9,1,31,2020-04-03,13.04
10616,4,9,6,33,2020-04-03,14.69
10617,6,9,6,34,2020-04-03,11.21
10618,8,9,6,45,2020-04-03,13.98
10619,10,9,6,41,2020-04-03,18.77
10620,18,9,2,49,2020-04-03,26.17
10621,22,9,2,37,2020-04-03,18.22
10622,24,9,5,26,2020-04-03,22.97
10623,28,9,1,23,2020-04-03,19.25
10624,30,9,1,39,2020-04-03,29.98
10625,32,9,4,25,2020-04-03,24.45
10626,4,10,6,25,2020-04-03,17.74
10627,6,10,6,39,2020-04-03,9.58
10628,14,10,4,16,2020-04-03,23.15
10629,18,10,6,52,2020-04-03,23.12
10630,24,10,5,9,2020-04-03,24.86
10631,30,10,1,21,2020-04-03,24.94
10632,34,10,4,28,2020-04-03,28.57
10633,38,10,5,20,2020-04-03,23.24
10634,42,10,4,48,2020-04-03,9.53
10635,4,11,1,26,2020-04-03,15.76
10636,12,11,2,23,2020-04-03,33.71
10637,24,11,5,25,2020-04-03,22.06
10638,28,11,1,21,2020-04-03,18.39
10639,30,11,1,28,2020-04-03,29.28
10640,32,11,2,33,2020-04-03,22.69
10641,42,11,6,27,2020-04-03,8.85
10642,2,12,1,27,2020-04-03,13.78
10643,4,12,1,24,2020-04-03,17.84
10644,6,12,1,27,2020-04-03,10.01
10645,8,12,6,15,2020-04-03,14.59
10646,12,12,4,13,2020-04-03,32.63
10647,22,12,2,35,2020-04-03,19.54
10648,28,12,6,20,2020-04-03,17.64
10649,30,12,1,21,2020-04-03,24.00
10650,42,12,6,22,2020-04-03,10.69
10651,11,1,2,27,2020-04-17,16.41
10652,19,1,2,27,2020-04-17,32.97
10653,13,2,4,27,2020-04-17,30.44
10654,27,2,1,26,2020-04-17,13.21
10655,13,3,4,27,2020-04-17,30.05
10656,27,3,1,37,2020-04-17,14.16
10657,31,3,6,28,2020-04-17,17.71
10658,13,4,4,11,2020-04-17,29.37
10659,23,4,3,19,2020-04-17,21.04
10660,25,4,3,20,2020-04-17,20.19
10661,31,4,1,13,2020-04-17,19.58
10662,39,4,3,27,2020-04-17,26.49
10663,11,5,6,19,2020-04-17,13.62
10664,17,5,2,20,2020-04-17,36.05
10665,19,5,6,20,2020-04-17,27.53
10666,25,5,3,19,2020-04-17,17.01
10667,27,5,6,22,2020-04-17,14.93
10668,31,5,6,23,2020-04-17,19.35
10669,43,5,6,27,2020-04-17,6.43
10670,7,6,6,16,2020-04-17,12.09
10671,17,6,2,23,2020-04-17,30.07
10672,21,6,2,23,2020-04-17,40.85
10673,23,6,5,27,2020-04-17,23.44
10674,1,7,6,22,2020-04-17,12.49
10675,3,7,6,18,2020-04-17,12.31
10676,9,7,6,18,2020-04-17,12.50
10677,15,7,2,7,2020-04-17,36.52
10678,21,7,6,22,2020-04-17,40.11
10679,25,7,5,18,2020-04-17,18.21
10680,39,7,3,22,2020-04-17,21.66
10681,7,8,6,27,2020-04-17,12.43
10682,19,8,6,24,2020-04-17,28.32
10683,21,8,6,19,2020-04-17,38.83
10684,27,8,6,26,2020-04-17,15.19
10685,35,8,3,20,2020-04-17,15.51
10686,39,8,3,19,2020-04-17,26.66
10687,41,8,4,25,2020-04-17,7.84
10688,5,9,1,28,2020-04-17,12.96
10689,13,9,2,13,2020-04-17,29.53
10690,15,9,2,20,2020-04-17,42.27
10691,17,9,2,25,2020-04-17,35.46
10692,21,9,6,13,2020-04-17,37.32
10693,25,9,5,19,2020-04-17,16.72
10694,29,9,6,24,2020-04-17,13.00
10695,33,9,2,15,2020-04-17,24.93
10696,35,9,3,31,2020-04-17,16.93
10697,37,9,3,22,2020-04-17,22.83
10698,39,9,5,27,2020-04-17,20.75
10699,1,10,6,24,2020-04-17,12.85
10700,5,10,1,29,2020-04-17,14.08
10701,7,10,6,23,2020-04-17,11.85
10702,15,10,2,18,2020-04-17,44.11
10703,17,10,2,15,2020-04-17,35.11
10704,31,10,6,23,2020-04-17,20.61
10705,37,10,3,14,2020-04-17,21.50
10706,7,11,2,18,2020-04-17,13.27
10707,15,11,4,16,2020-04-17,36.96
10708,17,11,4,17,2020-04-17,33.48
10709,19,11,6,15,2020-04-17,30.15
10710,25,11,3,21,2020-04-17,19.47
10711,29,11,6,28,2020-04-17,12.57
10712,33,11,2,13,2020-04-17,21.35
10713,35,11,3,12,2020-04-17,15.06
10714,39,11,5,17,2020-04-17,26.00
10715,41,11,6,30,2020-04-17,8.51
10716,3,12,1,17,2020-04-17,11.17
10717,9,12,6,27,2020-04-17,10.94
10718,13,12,2,13,2020-04-17,25.52
10719,15,12,4,10,2020-04-17,41.91
10720,17,12,4,19,2020-04-17,31.11
10721,19,12,2,20,2020-04-17,30.29
10722,25,12,3,20,2020-04-17,16.88
10723,29,12,6,17,2020-04-17,13.23
10724,35,12,3,21,2020-04-17,15.70
10725,37,12,3,17,2020-04-17,22.86
10726,4,1,6,32,2020-05-04,17.45
10727,8,1,6,27,2020-05-04,13.30
10728,12,1,2,33,2020-05-04,30.80
10729,18,1,6,30,2020-05-04,24.67
10730,26,1,5,21,2020-05-04,22.94
10731,40,1,3,28,2020-05-04,28.67
10732,2,2,1,30,2020-05-04,14.39
10733,4,2,6,38,2020-05-04,17.32
10734,6,2,1,26,2020-05-04,10.88
10735,10,2,2,39,2020-05-04,15.35
10736,12,2,4,17,2020-05-04,34.96
10737,24,2,5,24,2020-05-04,21.01
10738,30,2,6,25,2020-05-04,28.28
10739,36,2,3,31,2020-05-04,23.46
10740,38,2,5,21,2020-05-04,22.13
10741,42,2,6,39,2020-05-04,10.74
10742,16,3,2,27,2020-05-04,50.62
10743,20,3,6,36,2020-05-04,19.16
10744,24,3,3,16,2020-05-04,26.06
10745,28,3,1,36,2020-05-04,17.85
10746,30,3,6,21,2020-05-04,24.02
10747,32,3,4,22,2020-05-04,29.21
10748,34,3,4,22,2020-05-04,28.41
10749,36,3,3,31,2020-05-04,27.27
10750,38,3,5,26,2020-05-04,23.67
10751,40,3,5,25,2020-05-04,24.24
10752,42,3,4,23,2020-05-04,9.74
10753,4,4,1,30,2020-05-04,15.19
10754,6,4,6,31,2020-05-04,9.66
10755,8,4,6,6,2020-05-04,12.60
10756,10,4,6,20,2020-05-04,15.94
10757,12,4,4,24,2020-05-04,30.21
10758,18,4,2,26,2020-05-04,26.32
10759,20,4,2,11,2020-05-04,18.99
10760,22,4,2,21,2020-05-04,22.49
10761,30,4,1,17,2020-05-04,24.66
10762,32,4,2,9,2020-05-04,28.71
10763,34,4,4,15,2020-05-04,29.99
10764,36,4,3,32,2020-05-04,25.68
10765,2,5,6,21,2020-05-04,16.17
10766,4,5,1,14,2020-05-04,17.26
10767,6,5,1,5,2020-05-04,10.81
10768,10,5,2,13,2020-05-04,18.28
10769,18,5,6,9,2020-05-04,27.20
10770,22,5,2,17,2020-05-04,21.16
10771,32,5,4,19,2020-05-04,24.67
10772,36,5,3,7,2020-05-04,23.88
10773,42,5,6,20,2020-05-04,10.56
10774,2,6,6,24,2020-05-04,13.12
10775,6,6,1,23,2020-05-04,10.64
10776,10,6,2,25,2020-05-04,18.74
10777,12,6,2,15,2020-05-04,29.59
10778,16,6,4,20,2020-05-04,43.48
10779,20,6,2,22,2020-05-04,17.22
10780,22,6,2,7,2020-05-04,18.97
10781,24,6,3,24,2020-05-04,24.31
10782,26,6,3,18,2020-05-04,24.91
10783,28,6,6,39,2020-05-04,17.56
10784,30,6,6,22,2020-05-04,29.11
10785,32,6,4,10,2020-05-04,27.23
10786,36,6,3,31,2020-05-04,27.12
10787,38,6,3,18,2020-05-04,23.37
10788,42,6,4,18,2020-05-04,10.40
10789,2,7,1,32,2020-05-04,12.58
10790,4,7,6,23,2020-05-04,15.43
10791,6,7,1,25,2020-05-04,10.69
10792,8,7,2,23,2020-05-04,16.25
10793,10,7,2,21,2020-05-04,17.54
10794,14,7,2,15,2020-05-04,29.21
10795,16,7,2,14,2020-05-04,41.25
10796,20,7,6,26,2020-05-04,19.72
10797,22,7,6,19,2020-05-04,18.16
10798,26,7,5,17,2020-05-04,20.96
10799,28,7,1,25,2020-05-04,17.12
10800,32,7,4,11,2020-05-04,26.16
10801,34,7,4,20,2020-05-04,34.36
10802,36,7,3,19,2020-05-04,21.55
10803,38,7,3,22,2020-05-04,22.21
10804,40,7,3,17,2020-05-04,29.80
10805,42,7,6,14,2020-05-04,8.79
10806,2,8,1,28,2020-05-04,15.78
10807,4,8,6,34,2020-05-04,15.14
10808,8,8,2,31,2020-05-04,12.58
10809,10,8,2,10,2020-05-04,18.02
10810,12,8,4,18,2020-05-04,35.92
10811,16,8,2,23,2020-05-04,41.57
10812,18,8,6,19,2020-05-04,27.68
10813,24,8,3,18,2020-05-04,25.27
10814,28,8,6,36,2020-05-04,16.29
10815,32,8,2,14,2020-05-04,25.05
10816,34,8,4,18,2020-05-04,30.98
10817,40,8,5,21,2020-05-04,24.98
10818,42,8,4,24,2020-05-04,10.01
10819,12,9,4,4,2020-05-04,31.43
10820,14,9,4,21,2020-05-04,28.89
10821,16,9,2,4,2020-05-04,43.56
10822,20,9,2,33,2020-05-04,19.25
10823,26,9,3,19,2020-05-04,22.67
10824,34,9,4,6,2020-05-04,32.16
10825,36,9,3,24,2020-05-04,24.33
10826,38,9,3,18,2020-05-04,22.01
10827,40,9,5,22,2020-05-04,24.29
10828,42,9,6,14,2020-05-04,8.63
10829,2,10,6,24,2020-05-04,15.40
10830,8,10,2,20,2020-05-04,15.80
10831,10,10,2,16,2020-05-04,17.17
10832,12,10,4,12,2020-05-04,35.39
10833,16,10,2,10,2020-05-04,50.89
10834,20,10,6,18,2020-05-04,18.94
10835,22,10,6,35,2020-05-04,18.57
10836,26,10,5,22,2020-05-04,22.64
10837,28,10,1,31,2020-05-04,16.99
10838,32,10,4,9,2020-05-04,24.16
10839,36,10,3,10,2020-05-04,23.35
10840,40,10,3,9,2020-05-04,25.96
10841,2,11,6,26,2020-05-04,14.11
10842,4,11,1,21,2020-05-04,15.77
10843,6,11,6,13,2020-05-04,10.51
10844,8,11,6,32,2020-05-04,12.72
10845,10,11,6,22,2020-05-04,16.80
10846,14,11,2,9,2020-05-04,28.36
10847,16,11,2,20,2020-05-04,45.05
10848,18,11,2,20,2020-05-04,25.39
10849,20,11,6,9,2020-05-04,19.31
10850,22,11,2,23,2020-05-04,20.41
10851,26,11,3,7,2020-05-04,22.47
10852,34,11,4,19,2020-05-04,33.74
10853,36,11,3,11,2020-05-04,24.02
10854,38,11,5,25,2020-05-04,22.09
10855,40,11,5,16,2020-05-04,29.74
10856,10,12,6,17,2020-05-04,18.35
10857,14,12,2,11,2020-05-04,24.79
10858,18,12,2,18,2020-05-04,23.51
10859,20,12,2,16,2020-05-04,19.42
10860,24,12,3,18,2020-05-04,21.84
10861,26,12,3,11,2020-05-04,21.72
10862,32,12,4,17,2020-05-04,27.55
10863,34,12,4,18,2020-05-04,33.27
10864,36,12,3,8,2020-05-04,25.22
10865,38,12,5,16,2020-05-04,21.04
10866,40,12,5,17,2020-05-04,24.70
10867,1,1,1,57,2020-05-18,12.41
10868,3,1,1,34,2020-05-18,11.67
10869,5,1,1,29,2020-05-18,14.62
10870,7,1,6,37,2020-05-18,13.74
10871,9,1,6,50,2020-05-18,10.93
10872,11,1,2,53,2020-05-18,16.69
10873,13,1,2,20,2020-05-18,29.16
10874,15,1,4,29,2020-05-18,42.21
10875,17,1,4,18,2020-05-18,35.71
10876,21,1,2,23,2020-05-18,36.76
10877,23,1,5,32,2020-05-18,23.47
10878,25,1,3,5,2020-05-18,20.04
10879,27,1,1,94,2020-05-18,13.79
10880,29,1,6,60,2020-05-18,14.26
10881,31,1,1,54,2020-05-18,20.26
10882,33,1,4,19,2020-05-18,23.36
10883,35,1,3,41,2020-05-18,13.99
10884,37,1,3,27,2020-05-18,22.62
10885,39,1,3,23,2020-05-18,21.15
10886,41,1,6,46,2020-05-18,8.74
10887,43,1,6,53,2020-05-18,7.55
10888,1,2,6,66,2020-05-18,12.49
10889,3,2,6,53,2020-05-18,11.43
10890,5,2,6,54,2020-05-18,13.96
10891,7,2,2,38,2020-05-18,12.94
10892,9,2,2,59,2020-05-18,10.99
10893,11,2,6,50,2020-05-18,16.25
10894,15,2,4,20,2020-05-18,43.25
10895,17,2,4,27,2020-05-18,35.45
10896,19,2,2,14,2020-05-18,31.99
10897,21,2,2,32,2020-05-18,32.98
10898,23,2,5,22,2020-05-18,21.53
10899,25,2,5,19,2020-05-18,17.87
10900,27,2,6,87,2020-05-18,15.56
10901,29,2,1,54,2020-05-18,14.16
10902,31,2,6,45,2020-05-18,17.34
10903,33,2,4,31,2020-05-18,21.34
10904,35,2,3,35,2020-05-18,16.15
10905,37,2,3,17,2020-05-18,20.25
10906,39,2,3,31,2020-05-18,26.25
10907,41,2,4,48,2020-05-18,9.12
10908,43,2,4,88,2020-05-18,6.73
10909,1,3,1,72,2020-05-18,11.48
10910,3,3,1,30,2020-05-18,11.78
10911,5,3,1,44,2020-05-18,13.12
10912,7,3,2,15,2020-05-18,11.20
10913,9,3,2,20,2020-05-18,12.72
10914,11,3,6,59,2020-05-18,14.93
10915,15,3,4,17,2020-05-18,38.10
10916,17,3,4,6,2020-05-18,29.24
10917,19,3,2,23,2020-05-18,31.15
10918,21,3,2,11,2020-05-18,39.44
10919,23,3,5,31,2020-05-18,18.26
10920,25,3,3,20,2020-05-18,19.38
10921,27,3,1,42,2020-05-18,14.74
10922,29,3,6,59,2020-05-18,11.87
10923,33,3,4,19,2020-05-18,24.48
10924,35,3,3,23,2020-05-18,17.30
10925,37,3,3,26,2020-05-18,21.00
10926,39,3,3,45,2020-05-18,22.58
10927,41,3,4,40,2020-05-18,8.12
10928,43,3,6,26,2020-05-18,7.15
10929,1,4,6,21,2020-05-18,12.40
10930,3,4,1,14,2020-05-18,10.17
10931,5,4,1,29,2020-05-18,12.69
10932,7,4,2,14,2020-05-18,11.49
10933,9,4,6,14,2020-05-18,12.20
10934,11,4,6,30,2020-05-18,15.41
10935,15,4,2,7,2020-05-18,39.54
10936,17,4,4,19,2020-05-18,32.36
10937,19,4,6,18,2020-05-18,30.54
10938,21,4,2,5,2020-05-18,35.36
10939,27,4,6,31,2020-05-18,16.15
10940,29,4,1,36,2020-05-18,13.41
10941,33,4,2,6,2020-05-18,21.85
10942,35,4,3,3,2020-05-18,14.34
10943,37,4,3,36,2020-05-18,18.53
10944,41,4,6,36,2020-05-18,9.38
10945,43,4,4,22,2020-05-18,7.13
10946,1,5,1,36,2020-05-18,12.01
10947,3,5,1,21,2020-05-18,12.05
10948,5,5,6,12,2020-05-18,13.74
10949,7,5,6,20,2020-05-18,13.18
10950,9,5,6,27,2020-05-18,12.86
10951,13,5,2,7,2020-05-18,29.10
10952,15,5,4,2,2020-05-18,38.71
10953,21,5,2,23,2020-05-18,40.26
10954,23,5,5,10,2020-05-18,20.82
10955,27,5,6,38,2020-05-18,15.66
10956,29,5,1,25,2020-05-18,13.79
10957,31,5,1,24,2020-05-18,17.70
10958,33,5,2,20,2020-05-18,23.23
10959,35,5,3,13,2020-05-18,17.56
10960,37,5,3,12,2020-05-18,21.91
10961,39,5,3,11,2020-05-18,20.76
10962,41,5,6,25,2020-05-18,8.60
10963,43,5,4,30,2020-05-18,7.35
10964,1,6,1,34,2020-05-18,10.64
10965,3,6,1,20,2020-05-18,11.45
10966,5,6,6,25,2020-05-18,12.22
10967,7,6,6,32,2020-05-18,11.09
10968,9,6,2,25,2020-05-18,10.36
10969,11,6,6,31,2020-05-18,14.49
10970,13,6,2,18,2020-05-18,31.68
10971,15,6,2,7,2020-05-18,41.37
10972,19,6,6,24,2020-05-18,26.12
10973,25,6,3,9,2020-05-18,17.01
10974,27,6,6,29,2020-05-18,16.09
10975,29,6,1,61,2020-05-18,12.54
10976,31,6,1,43,2020-05-18,18.21
10977,33,6,2,18,2020-05-18,24.61
10978,35,6,3,25,2020-05-18,16.52
10979,37,6,3,36,2020-05-18,20.77
10980,39,6,3,17,2020-05-18,25.86
10981,41,6,4,64,2020-05-18,9.03
10982,43,6,4,20,2020-05-18,6.69
10983,3,7,6,36,2020-05-18,10.79
10984,5,7,6,31,2020-05-18,11.90
10985,7,7,2,16,2020-05-18,13.07
10986,11,7,6,25,2020-05-18,16.32
10987,13,7,4,9,2020-05-18,27.93
10988,17,7,2,20,2020-05-18,33.11
10989,19,7,2,6,2020-05-18,29.15
10990,23,7,3,30,2020-05-18,22.22
10991,27,7,1,54,2020-05-18,13.93
10992,29,7,6,34,2020-05-18,13.18
10993,31,7,1,51,2020-05-18,20.35
10994,33,7,2,12,2020-05-18,24.22
10995,35,7,3,17,2020-05-18,15.03
10996,37,7,3,10,2020-05-18,19.92
10997,41,7,6,39,2020-05-18,8.63
10998,43,7,6,41,2020-05-18,6.75
10999,1,8,6,22,2020-05-18,12.93
11000,3,8,1,18,2020-05-18,9.85
11001,5,8,6,17,2020-05-18,14.35
11002,9,8,2,28,2020-05-18,11.94
11003,11,8,6,46,2020-05-18,16.72
11004,13,8,4,28,2020-05-18,25.67
11005,15,8,2,8,2020-05-18,41.36
11006,17,8,2,17,2020-05-18,36.35
11007,23,8,3,7,2020-05-18,20.23
11008,25,8,3,17,2020-05-18,15.94
11009,27,8,1,58,2020-05-18,13.01
11010,29,8,1,50,2020-05-18,11.95
11011,31,8,1,31,2020-05-18,17.56
11012,33,8,2,5,2020-05-18,23.76
11013,37,8,3,11,2020-05-18,22.11
11014,41,8,6,41,2020-05-18,8.52
11015,43,8,4,39,2020-05-18,6.60
11016,1,9,6,30,2020-05-18,12.37
11017,3,9,6,35,2020-05-18,11.79
11018,7,9,6,23,2020-05-18,13.55
11019,9,9,2,22,2020-05-18,11.39
11020,11,9,2,24,2020-05-18,14.23
11021,19,9,6,13,2020-05-18,27.48
11022,23,9,5,14,2020-05-18,18.85
11023,27,9,6,41,2020-05-18,13.02
11024,29,9,6,46,2020-05-18,11.76
11025,31,9,1,29,2020-05-18,18.35
11026,41,9,4,32,2020-05-18,7.98
11027,43,9,6,31,2020-05-18,7.50
11028,1,10,6,35,2020-05-18,12.54
11029,3,10,1,36,2020-05-18,11.69
11030,7,10,6,27,2020-05-18,12.61
11031,9,10,2,30,2020-05-18,12.32
11032,11,10,6,42,2020-05-18,15.86
11033,13,10,2,11,2020-05-18,26.49
11034,19,10,6,22,2020-05-18,27.73
11035,21,10,2,20,2020-05-18,40.25
11036,23,10,5,4,2020-05-18,18.81
11037,25,10,5,13,2020-05-18,18.95
11038,27,10,6,46,2020-05-18,15.07
11039,29,10,6,33,2020-05-18,12.37
11040,33,10,4,21,2020-05-18,21.92
11041,35,10,3,13,2020-05-18,14.43
11042,39,10,5,32,2020-05-18,25.11
11043,41,10,6,34,2020-05-18,8.31
11044,43,10,6,23,2020-05-18,6.99
11045,1,11,1,25,2020-05-18,12.90
11046,3,11,6,57,2020-05-18,11.86
11047,5,11,1,26,2020-05-18,13.24
11048,7,11,2,39,2020-05-18,13.12
11049,9,11,6,22,2020-05-18,10.67
11050,11,11,2,24,2020-05-18,16.98
11051,13,11,2,6,2020-05-18,27.55
11052,21,11,6,19,2020-05-18,40.70
11053,23,11,5,13,2020-05-18,23.05
11054,27,11,1,49,2020-05-18,15.22
11055,29,11,6,37,2020-05-18,12.32
11056,31,11,1,14,2020-05-18,18.90
11057,37,11,3,24,2020-05-18,22.18
11058,43,11,4,48,2020-05-18,6.47
11059,1,12,1,22,2020-05-18,11.21
11060,3,12,1,33,2020-05-18,11.76
11061,5,12,6,11,2020-05-18,12.72
11062,7,12,2,16,2020-05-18,12.52
11063,11,12,6,28,2020-05-18,16.36
11064,21,12,6,5,2020-05-18,38.09
11065,23,12,3,7,2020-05-18,19.00
11066,27,12,1,34,2020-05-18,13.89
11067,31,12,6,17,2020-05-18,18.34
11068,33,12,4,7,2020-05-18,23.51
11069,39,12,3,7,2020-05-18,22.61
11070,41,12,6,17,2020-05-18,7.32
11071,43,12,6,25,2020-05-18,5.96
11072,2,1,1,37,2020-06-03,14.97
11073,4,1,1,39,2020-06-03,17.44
11074,6,1,1,48,2020-06-03,10.90
11075,8,1,6,43,2020-06-03,15.17
11076,10,1,2,46,2020-06-03,15.80
11077,14,1,4,20,2020-06-03,23.79
11078,16,1,4,24,2020-06-03,39.62
11079,18,1,2,25,2020-06-03,24.92
11080,20,1,6,43,2020-06-03,16.91
11081,22,1,6,48,2020-06-03,22.97
11082,24,1,5,30,2020-06-03,20.63
11083,28,1,1,90,2020-06-03,17.28
11084,30,1,1,49,2020-06-03,27.99
11085,32,1,4,38,2020-06-03,28.83
11086,34,1,2,44,2020-06-03,28.50
11087,36,1,3,39,2020-06-03,25.03
11088,38,1,3,39,2020-06-03,23.32
11089,40,1,5,45,2020-06-03,24.98
11090,42,1,6,66,2020-06-03,9.29
11091,2,2,1,48,2020-06-03,15.70
11092,4,2,1,62,2020-06-03,15.70
11093,6,2,1,65,2020-06-03,9.09
11094,8,2,2,61,2020-06-03,12.62
11095,10,2,2,39,2020-06-03,17.97
11096,14,2,4,29,2020-06-03,27.63
11097,16,2,2,20,2020-06-03,42.44
11098,18,2,6,33,2020-06-03,25.74
11099,20,2,6,47,2020-06-03,17.67
11100,22,2,6,72,2020-06-03,20.03
11101,26,2,5,22,2020-06-03,19.85
11102,28,2,6,83,2020-06-03,19.18
11103,30,2,1,56,2020-06-03,27.46
11104,32,2,2,28,2020-06-03,28.81
11105,34,2,2,38,2020-06-03,28.50
11106,36,2,3,43,2020-06-03,24.84
11107,38,2,3,41,2020-06-03,19.93
11108,40,2,3,52,2020-06-03,25.17
11109,42,2,6,50,2020-06-03,9.67
11110,2,3,6,36,2020-06-03,13.84
11111,4,3,1,67,2020-06-03,17.82
11112,6,3,1,71,2020-06-03,9.04
11113,8,3,6,34,2020-06-03,14.24
11114,10,3,2,53,2020-06-03,16.84
11115,12,3,4,24,2020-06-03,37.16
11116,14,3,4,27,2020-06-03,28.09
11117,18,3,2,42,2020-06-03,24.13
11118,22,3,2,50,2020-06-03,18.41
11119,26,3,3,20,2020-06-03,21.12
11120,28,3,1,42,2020-06-03,18.40
11121,30,3,6,44,2020-06-03,26.88
11122,38,3,5,26,2020-06-03,22.19
11123,40,3,3,35,2020-06-03,27.79
11124,42,3,4,29,2020-06-03,9.11
11125,2,4,6,20,2020-06-03,13.62
11126,4,4,6,32,2020-06-03,15.70
11127,6,4,6,30,2020-06-03,8.98
11128,14,4,4,9,2020-06-03,23.93
11129,16,4,4,13,2020-06-03,50.39
11130,24,4,5,6,2020-06-03,23.84
11131,26,4,5,10,2020-06-03,20.55
11132,28,4,1,40,2020-06-03,17.31
11133,38,4,5,13,2020-06-03,20.90
11134,40,4,3,25,2020-06-03,26.94
11135,42,4,6,25,2020-06-03,9.54
11136,4,5,6,45,2020-06-03,15.16
11137,8,5,6,12,2020-06-03,14.83
11138,12,5,2,9,2020-06-03,33.24
11139,16,5,2,21,2020-06-03,44.59
11140,20,5,2,12,2020-06-03,18.97
11141,24,5,5,12,2020-06-03,23.72
11142,26,5,5,18,2020-06-03,19.63
11143,28,5,6,44,2020-06-03,16.20
11144,30,5,6,16,2020-06-03,30.79
11145,34,5,2,16,2020-06-03,35.48
11146,38,5,3,11,2020-06-03,20.62
11147,40,5,3,31,2020-06-03,30.86
11148,4,6,1,63,2020-06-03,14.63
11149,6,6,1,38,2020-06-03,10.87
11150,8,6,2,31,2020-06-03,14.71
11151,14,6,4,22,2020-06-03,27.61
11152,18,6,6,30,2020-06-03,23.13
11153,20,6,6,27,2020-06-03,19.72
11154,22,6,6,39,2020-06-03,19.00
11155,28,6,6,44,2020-06-03,17.88
11156,30,6,6,37,2020-06-03,29.01
11157,32,6,2,37,2020-06-03,28.00
11158,34,6,2,20,2020-06-03,33.03
11159,36,6,3,33,2020-06-03,26.30
11160,38,6,3,29,2020-06-03,22.45
11161,40,6,3,33,2020-06-03,29.79
11162,42,6,4,27,2020-06-03,10.62
11163,2,7,6,32,2020-06-03,14.41
11164,4,7,1,49,2020-06-03,17.57
11165,8,7,6,36,2020-06-03,14.08
11166,12,7,4,12,2020-06-03,30.55
11167,18,7,6,19,2020-06-03,21.85
11168,20,7,6,33,2020-06-03,19.42
11169,24,7,3,10,2020-06-03,21.78
11170,28,7,1,35,2020-06-03,17.85
11171,30,7,1,24,2020-06-03,27.82
11172,32,7,2,27,2020-06-03,23.22
11173,42,7,4,35,2020-06-03,9.72
11174,2,8,1,35,2020-06-03,13.83
11175,4,8,6,49,2020-06-03,16.99
11176,6,8,1,50,2020-06-03,10.30
11177,10,8,6,36,2020-06-03,14.98
11178,14,8,4,18,2020-06-03,28.23
11179,20,8,2,60,2020-06-03,19.40
11180,22,8,2,34,2020-06-03,22.28
11181,26,8,3,22,2020-06-03,23.42
11182,28,8,6,47,2020-06-03,14.85
11183,30,8,6,30,2020-06-03,24.00
11184,36,8,3,23,2020-06-03,26.33
11185,38,8,3,21,2020-06-03,20.88
11186,40,8,5,30,2020-06-03,25.09
11187,2,9,6,33,2020-06-03,15.85
11188,4,9,1,34,2020-06-03,17.06
11189,6,9,1,48,2020-06-03,11.17
11190,8,9,2,9,2020-06-03,15.25
11191,10,9,6,23,2020-06-03,19.01
11192,18,9,2,7,2020-06-03,27.52
11193,22,9,6,24,2020-06-03,21.87
11194,24,9,3,10,2020-06-03,22.30
11195,28,9,1,34,2020-06-03,17.89
11196,30,9,1,25,2020-06-03,29.39
11197,32,9,2,18,2020-06-03,27.85
11198,2,10,6,30,2020-06-03,12.74
11199,4,10,1,51,2020-06-03,17.30
11200,6,10,6,48,2020-06-03,10.10
11201,14,10,2,10,2020-06-03,28.95
11202,18,10,6,24,2020-06-03,25.09
11203,24,10,3,19,2020-06-03,24.77
11204,28,10,6,30,2020-06-03,18.11
11205,30,10,1,31,2020-06-03,26.91
11206,34,10,2,32,2020-06-03,34.45
11207,38,10,5,24,2020-06-03,24.17
11208,40,10,5,36,2020-06-03,27.20
11209,42,10,6,21,2020-06-03,8.72
11210,2,11,1,30,2020-06-03,13.79
11211,4,11,6,23,2020-06-03,15.86
11212,10,11,6,31,2020-06-03,15.88
11213,12,11,4,8,2020-06-03,32.03
11214,20,11,6,39,2020-06-03,20.28
11215,22,11,2,46,2020-06-03,21.65
11216,24,11,5,21,2020-06-03,25.65
11217,28,11,1,36,2020-06-03,17.92
11218,30,11,6,44,2020-06-03,25.17
11219,32,11,4,24,2020-06-03,22.96
11220,36,11,3,29,2020-06-03,25.75
11221,42,11,6,38,2020-06-03,9.35
11222,2,12,6,27,2020-06-03,12.65
11223,4,12,6,24,2020-06-03,14.46
11224,6,12,1,38,2020-06-03,9.13
11225,8,12,2,12,2020-06-03,16.19
11226,12,12,2,9,2020-06-03,37.02
11227,16,12,4,14,2020-06-03,45.61
11228,22,12,6,39,2020-06-03,19.61
11229,28,12,6,34,2020-06-03,17.83
11230,30,12,1,20,2020-06-03,24.52
11231,42,12,4,42,2020-06-03,9.05
11232,1,1,6,32,2020-06-17,13.21
11233,3,1,1,36,2020-06-17,9.64
11234,5,1,1,30,2020-06-17,11.68
11235,9,1,6,35,2020-06-17,11.77
11236,11,1,2,44,2020-06-17,15.08
11237,15,1,4,23,2020-06-17,42.99
11238,19,1,2,26,2020-06-17,32.48
11239,21,1,6,28,2020-06-17,39.22
11240,23,1,3,28,2020-06-17,18.32
11241,27,1,1,49,2020-06-17,15.13
11242,29,1,1,35,2020-06-17,13.34
11243,31,1,6,33,2020-06-17,17.36
11244,33,1,2,21,2020-06-17,20.01
11245,43,1,6,49,2020-06-17,6.03
11246,1,2,6,32,2020-06-17,13.36
11247,3,2,6,50,2020-06-17,11.18
11248,5,2,6,30,2020-06-17,11.66
11249,7,2,6,59,2020-06-17,13.03
11250,9,2,2,52,2020-06-17,12.68
11251,11,2,2,62,2020-06-17,16.72
11252,13,2,4,37,2020-06-17,27.56
11253,17,2,4,35,2020-06-17,30.93
11254,19,2,6,32,2020-06-17,32.84
11255,21,2,6,32,2020-06-17,36.59
11256,23,2,3,33,2020-06-17,22.72
11257,25,2,3,26,2020-06-17,17.16
11258,27,2,1,82,2020-06-17,14.17
11259,29,2,1,54,2020-06-17,11.34
11260,31,2,1,39,2020-06-17,18.27
11261,33,2,4,27,2020-06-17,23.43
11262,35,2,3,24,2020-06-17,14.75
11263,41,2,4,81,2020-06-17,8.95
11264,43,2,4,59,2020-06-17,6.23
11265,1,3,6,34,2020-06-17,11.25
11266,3,3,1,50,2020-06-17,12.23
11267,5,3,1,27,2020-06-17,14.83
11268,7,3,6,35,2020-06-17,10.57
11269,11,3,6,60,2020-06-17,15.82
11270,13,3,4,37,2020-06-17,27.86
11271,27,3,6,44,2020-06-17,14.13
11272,29,3,6,47,2020-06-17,13.72
11273,31,3,6,59,2020-06-17,20.29
11274,37,3,3,36,2020-06-17,22.06
11275,39,3,3,27,2020-06-17,21.38
11276,41,3,4,46,2020-06-17,8.05
11277,43,3,6,48,2020-06-17,6.54
11278,1,4,6,32,2020-06-17,12.08
11279,3,4,6,25,2020-06-17,11.67
11280,5,4,1,37,2020-06-17,14.20
11281,11,4,6,37,2020-06-17,16.12
11282,13,4,4,19,2020-06-17,27.88
11283,23,4,5,19,2020-06-17,21.06
11284,25,4,3,18,2020-06-17,19.25
11285,27,4,6,41,2020-06-17,15.21
11286,31,4,6,35,2020-06-17,18.20
11287,33,4,2,22,2020-06-17,22.60
11288,39,4,5,39,2020-06-17,24.72
11289,41,4,4,37,2020-06-17,7.54
11290,3,5,6,28,2020-06-17,10.45
11291,9,5,6,24,2020-06-17,10.29
11292,11,5,2,37,2020-06-17,14.70
11293,17,5,4,12,2020-06-17,34.97
11294,19,5,2,9,2020-06-17,26.24
11295,25,5,5,19,2020-06-17,17.39
11296,27,5,1,45,2020-06-17,14.20
11297,41,5,4,24,2020-06-17,7.95
11298,1,6,1,34,2020-06-17,12.22
11299,5,6,6,37,2020-06-17,12.39
11300,9,6,6,38,2020-06-17,10.49
11301,11,6,6,26,2020-06-17,13.45
11302,17,6,2,13,2020-06-17,29.53
11303,19,6,2,26,2020-06-17,26.15
11304,21,6,2,24,2020-06-17,31.62
11305,23,6,3,48,2020-06-17,18.79
11306,27,6,6,44,2020-06-17,13.50
11307,29,6,6,41,2020-06-17,13.72
11308,31,6,6,31,2020-06-17,17.02
11309,41,6,4,28,2020-06-17,8.39
11310,43,6,4,35,2020-06-17,7.08
11311,1,7,1,29,2020-06-17,13.63
11312,5,7,1,37,2020-06-17,14.51
11313,7,7,2,31,2020-06-17,13.09
11314,9,7,2,49,2020-06-17,11.92
11315,15,7,2,21,2020-06-17,38.29
11316,21,7,2,46,2020-06-17,33.14
11317,25,7,5,35,2020-06-17,17.03
11318,27,7,1,38,2020-06-17,14.44
11319,29,7,6,45,2020-06-17,13.55
11320,31,7,6,33,2020-06-17,16.36
11321,33,7,2,34,2020-06-17,19.49
11322,39,7,3,43,2020-06-17,24.61
11323,41,7,4,34,2020-06-17,9.00
11324,1,8,6,48,2020-06-17,13.47
11325,3,8,6,40,2020-06-17,10.51
11326,7,8,2,34,2020-06-17,13.51
11327,9,8,2,44,2020-06-17,12.02
11328,11,8,2,32,2020-06-17,13.62
11329,19,8,6,29,2020-06-17,27.42
11330,21,8,2,34,2020-06-17,31.50
11331,23,8,3,27,2020-06-17,18.70
11332,27,8,1,37,2020-06-17,15.08
11333,31,8,6,32,2020-06-17,18.66
11334,35,8,3,38,2020-06-17,15.14
11335,37,8,3,23,2020-06-17,23.65
11336,39,8,5,20,2020-06-17,25.83
11337,41,8,6,28,2020-06-17,9.29
11338,43,8,4,40,2020-06-17,7.50
11339,5,9,1,43,2020-06-17,12.78
11340,13,9,2,12,2020-06-17,31.39
11341,15,9,4,30,2020-06-17,43.27
11342,17,9,2,14,2020-06-17,36.51
11343,21,9,6,18,2020-06-17,36.68
11344,25,9,3,27,2020-06-17,16.85
11345,33,9,2,16,2020-06-17,20.10
11346,35,9,3,35,2020-06-17,16.49
11347,37,9,3,36,2020-06-17,23.45
11348,39,9,5,6,2020-06-17,24.22
11349,43,9,6,26,2020-06-17,7.20
11350,5,10,1,48,2020-06-17,15.05
11351,9,10,2,21,2020-06-17,12.62
11352,15,10,2,10,2020-06-17,41.04
11353,17,10,4,22,2020-06-17,35.25
11354,27,10,6,46,2020-06-17,15.10
11355,29,10,1,33,2020-06-17,12.39
11356,31,10,1,43,2020-06-17,20.01
11357,37,10,3,19,2020-06-17,21.41
11358,1,11,1,40,2020-06-17,12.04
11359,3,11,6,23,2020-06-17,12.19
11360,9,11,6,32,2020-06-17,10.47
11361,11,11,2,49,2020-06-17,15.14
11362,15,11,2,15,2020-06-17,43.73
11363,17,11,2,22,2020-06-17,30.48
11364,19,11,2,28,2020-06-17,28.74
11365,23,11,5,39,2020-06-17,23.48
11366,25,11,3,5,2020-06-17,16.80
11367,29,11,6,36,2020-06-17,13.97
11368,31,11,1,34,2020-06-17,17.95
11369,33,11,2,19,2020-06-17,24.86
11370,35,11,3,31,2020-06-17,16.10
11371,39,11,3,30,2020-06-17,21.76
11372,41,11,6,59,2020-06-17,9.17
11373,43,11,6,27,2020-06-17,6.02
11374,1,12,1,30,2020-06-17,12.73
11375,9,12,2,14,2020-06-17,11.76
11376,13,12,4,7,2020-06-17,27.29
11377,15,12,4,27,2020-06-17,47.18
11378,17,12,4,21,2020-06-17,28.25
11379,19,12,6,20,2020-06-17,26.51
11380,25,12,5,11,2020-06-17,17.21
11381,29,12,1,59,2020-06-17,14.28
11382,35,12,3,29,2020-06-17,17.62
11383,37,12,3,9,2020-06-17,23.09
11384,2,1,1,45,2020-07-03,15.80
11385,4,1,6,43,2020-07-03,17.57
11386,6,1,1,22,2020-07-03,11.04
11387,8,1,6,34,2020-07-03,15.35
11388,10,1,2,46,2020-07-03,15.43
11389,12,1,2,39,2020-07-03,35.28
11390,14,1,4,25,2020-07-03,26.65
11391,18,1,6,27,2020-07-03,24.94
11392,20,1,2,38,2020-07-03,20.19
11393,22,1,2,27,2020-07-03,23.10
11394,24,1,3,38,2020-07-03,26.21
11395,26,1,5,62,2020-07-03,20.49
11396,28,1,6,46,2020-07-03,16.41
11397,30,1,6,33,2020-07-03,27.64
11398,32,1,2,44,2020-07-03,25.78
11399,34,1,2,27,2020-07-03,34.14
11400,36,1,3,34,2020-07-03,26.89
11401,38,1,3,48,2020-07-03,24.27
11402,40,1,3,32,2020-07-03,28.65
11403,42,1,6,48,2020-07-03,10.43
11404,2,2,1,53,2020-07-03,14.47
11405,4,2,1,60,2020-07-03,16.73
11406,6,2,6,52,2020-07-03,10.94
11407,8,2,6,34,2020-07-03,14.38
11408,12,2,4,34,2020-07-03,35.73
11409,16,2,4,28,2020-07-03,49.99
11410,18,2,6,45,2020-07-03,25.79
11411,22,2,2,47,2020-07-03,22.98
11412,24,2,3,42,2020-07-03,25.12
11413,26,2,5,33,2020-07-03,21.31
11414,28,2,6,37,2020-07-03,18.79
11415,30,2,1,28,2020-07-03,28.25
11416,32,2,4,29,2020-07-03,28.07
11417,34,2,2,26,2020-07-03,32.15
11418,36,2,3,43,2020-07-03,21.64
11419,38,2,3,38,2020-07-03,23.54
11420,40,2,3,39,2020-07-03,24.90
11421,42,2,4,72,2020-07-03,10.69
11422,2,3,1,32,2020-07-03,13.19
11423,4,3,6,22,2020-07-03,16.63
11424,6,3,6,36,2020-07-03,11.39
11425,8,3,2,36,2020-07-03,13.33
11426,14,3,4,28,2020-07-03,25.97
11427,16,3,2,48,2020-07-03,46.75
11428,18,3,6,30,2020-07-03,24.27
11429,20,3,2,34,2020-07-03,17.38
11430,22,3,6,33,2020-07-03,20.54
11431,24,3,5,37,2020-07-03,21.33
11432,26,3,5,31,2020-07-03,20.38
11433,28,3,1,26,2020-07-03,15.40
11434,32,3,2,30,2020-07-03,26.30
11435,34,3,2,33,2020-07-03,31.48
11436,36,3,3,27,2020-07-03,27.36
11437,38,3,5,30,2020-07-03,23.28
11438,40,3,3,39,2020-07-03,24.85
11439,42,3,6,38,2020-07-03,9.76
11440,4,4,1,25,2020-07-03,16.93
11441,6,4,1,35,2020-07-03,9.40
11442,8,4,6,35,2020-07-03,15.11
11443,10,4,6,40,2020-07-03,15.50
11444,12,4,4,11,2020-07-03,30.96
11445,14,4,2,23,2020-07-03,26.25
11446,18,4,6,39,2020-07-03,21.80
11447,20,4,6,46,2020-07-03,20.30
11448,22,4,6,43,2020-07-03,22.31
11449,24,4,5,27,2020-07-03,24.67
11450,30,4,6,28,2020-07-03,28.42
11451,32,4,4,33,2020-07-03,28.27
11452,34,4,4,40,2020-07-03,32.76
11453,36,4,3,51,2020-07-03,22.49
11454,40,4,3,31,2020-07-03,28.81
11455,2,5,6,26,2020-07-03,14.85
11456,6,5,1,43,2020-07-03,10.48
11457,10,5,6,34,2020-07-03,15.15
11458,14,5,4,6,2020-07-03,25.99
11459,18,5,6,22,2020-07-03,25.76
11460,20,5,6,24,2020-07-03,18.38
11461,22,5,2,23,2020-07-03,21.47
11462,28,5,6,21,2020-07-03,18.78
11463,32,5,4,28,2020-07-03,26.10
11464,36,5,3,18,2020-07-03,22.48
11465,42,5,6,30,2020-07-03,8.38
11466,2,6,1,24,2020-07-03,15.26
11467,4,6,6,51,2020-07-03,16.66
11468,6,6,1,42,2020-07-03,9.47
11469,8,6,2,32,2020-07-03,12.57
11470,10,6,6,28,2020-07-03,16.62
11471,12,6,4,29,2020-07-03,36.52
11472,16,6,4,36,2020-07-03,44.13
11473,18,6,6,31,2020-07-03,22.96
11474,22,6,6,44,2020-07-03,18.69
11475,24,6,5,52,2020-07-03,26.45
11476,26,6,3,38,2020-07-03,23.72
11477,28,6,1,39,2020-07-03,17.62
11478,30,6,1,38,2020-07-03,26.36
11479,32,6,2,31,2020-07-03,28.76
11480,42,6,4,23,2020-07-03,9.57
11481,4,7,1,32,2020-07-03,14.15
11482,6,7,1,59,2020-07-03,10.00
11483,8,7,6,26,2020-07-03,14.80
11484,10,7,2,50,2020-07-03,18.64
11485,14,7,2,13,2020-07-03,25.62
11486,16,7,4,28,2020-07-03,41.28
11487,18,7,6,24,2020-07-03,23.05
11488,20,7,6,36,2020-07-03,16.67
11489,22,7,6,45,2020-07-03,18.48
11490,24,7,3,26,2020-07-03,25.68
11491,26,7,5,46,2020-07-03,19.20
11492,30,7,1,25,2020-07-03,28.52
11493,34,7,4,30,2020-07-03,28.51
11494,36,7,3,29,2020-07-03,22.01
11495,38,7,5,35,2020-07-03,23.95
11496,40,7,5,45,2020-07-03,24.74
11497,42,7,6,26,2020-07-03,8.87
11498,4,8,6,48,2020-07-03,16.73
11499,8,8,6,40,2020-07-03,12.56
11500,12,8,2,33,2020-07-03,36.30
11501,16,8,2,24,2020-07-03,45.13
11502,18,8,2,39,2020-07-03,22.65
11503,20,8,2,45,2020-07-03,19.34
11504,22,8,2,27,2020-07-03,20.41
11505,24,8,5,24,2020-07-03,21.86
11506,26,8,5,47,2020-07-03,22.20
11507,32,8,2,52,2020-07-03,27.02
11508,34,8,2,25,2020-07-03,34.92
11509,42,8,6,57,2020-07-03,9.05
11510,12,9,2,22,2020-07-03,36.68
11511,14,9,4,23,2020-07-03,27.25
11512,16,9,2,23,2020-07-03,44.56
11513,18,9,6,28,2020-07-03,26.30
11514,20,9,6,16,2020-07-03,19.24
11515,22,9,6,32,2020-07-03,19.27
11516,26,9,5,16,2020-07-03,24.82
11517,34,9,2,19,2020-07-03,32.00
11518,36,9,3,30,2020-07-03,25.95
11519,38,9,5,22,2020-07-03,23.83
11520,40,9,5,34,2020-07-03,25.65
11521,42,9,4,33,2020-07-03,9.41
11522,4,10,1,35,2020-07-03,13.99
11523,6,10,6,25,2020-07-03,10.61
11524,8,10,6,53,2020-07-03,16.19
11525,10,10,6,48,2020-07-03,15.63
11526,12,10,4,36,2020-07-03,33.41
11527,16,10,2,16,2020-07-03,47.61
11528,20,10,6,49,2020-07-03,20.54
11529,22,10,2,40,2020-07-03,20.98
11530,26,10,5,46,2020-07-03,24.70
11531,28,10,6,24,2020-07-03,18.99
11532,30,10,6,23,2020-07-03,30.29
11533,32,10,2,18,2020-07-03,25.66
11534,34,10,2,26,2020-07-03,33.86
11535,36,10,3,51,2020-07-03,21.74
11536,38,10,3,34,2020-07-03,24.18
11537,4,11,1,41,2020-07-03,16.78
11538,6,11,1,74,2020-07-03,11.08
11539,8,11,2,31,2020-07-03,13.65
11540,10,11,2,36,2020-07-03,18.69
11541,14,11,4,33,2020-07-03,27.34
11542,16,11,2,33,2020-07-03,41.32
11543,18,11,6,33,2020-07-03,22.70
11544,20,11,6,25,2020-07-03,20.37
11545,26,11,3,23,2020-07-03,23.80
11546,34,11,4,17,2020-07-03,35.22
11547,38,11,3,38,2020-07-03,20.39
11548,40,11,5,33,2020-07-03,27.18
11549,42,11,6,21,2020-07-03,9.84
11550,6,12,6,23,2020-07-03,9.90
11551,10,12,2,19,2020-07-03,16.06
11552,14,12,4,24,2020-07-03,23.12
11553,18,12,2,25,2020-07-03,21.90
11554,20,12,2,20,2020-07-03,16.53
11555,24,12,3,20,2020-07-03,21.58
11556,26,12,3,10,2020-07-03,22.77
11557,32,12,4,16,2020-07-03,22.76
11558,34,12,4,13,2020-07-03,35.14
11559,36,12,3,36,2020-07-03,23.42
11560,38,12,3,17,2020-07-03,23.04
11561,40,12,3,25,2020-07-03,26.23
11562,1,1,1,47,2020-07-17,11.34
11563,3,1,6,77,2020-07-17,10.10
11564,5,1,1,45,2020-07-17,12.28
11565,7,1,2,65,2020-07-17,13.40
11566,9,1,6,63,2020-07-17,11.84
11567,11,1,2,43,2020-07-17,14.50
11568,13,1,4,26,2020-07-17,30.05
11569,15,1,2,40,2020-07-17,39.44
11570,17,1,4,27,2020-07-17,29.03
11571,21,1,2,38,2020-07-17,31.69
11572,23,1,3,42,2020-07-17,23.57
11573,25,1,3,47,2020-07-17,19.77
11574,27,1,6,72,2020-07-17,15.74
11575,29,1,1,35,2020-07-17,12.15
11576,33,1,2,29,2020-07-17,20.43
11577,35,1,3,47,2020-07-17,14.13
11578,37,1,3,44,2020-07-17,21.61
11579,39,1,5,37,2020-07-17,21.96
11580,41,1,4,94,2020-07-17,9.32
11581,43,1,6,67,2020-07-17,7.12
11582,1,2,6,48,2020-07-17,11.13
11583,3,2,6,29,2020-07-17,11.04
11584,5,2,1,44,2020-07-17,13.43
11585,7,2,2,44,2020-07-17,10.74
11586,9,2,6,54,2020-07-17,12.42
11587,11,2,6,79,2020-07-17,14.79
11588,13,2,4,27,2020-07-17,29.12
11589,15,2,4,56,2020-07-17,39.74
11590,17,2,4,28,2020-07-17,32.98
11591,19,2,2,29,2020-07-17,30.90
11592,23,2,3,66,2020-07-17,21.35
11593,25,2,3,37,2020-07-17,17.21
11594,27,2,6,73,2020-07-17,15.74
11595,29,2,1,36,2020-07-17,13.72
11596,31,2,1,47,2020-07-17,19.42
11597,33,2,2,47,2020-07-17,24.02
11598,35,2,3,44,2020-07-17,17.66
11599,37,2,3,45,2020-07-17,21.65
11600,39,2,3,50,2020-07-17,20.55
11601,41,2,4,82,2020-07-17,8.61
11602,43,2,4,57,2020-07-17,6.39
11603,1,3,1,38,2020-07-17,11.22
11604,3,3,1,49,2020-07-17,11.09
11605,5,3,1,24,2020-07-17,13.20
11606,9,3,6,44,2020-07-17,12.56
11607,11,3,2,51,2020-07-17,15.64
11608,15,3,4,40,2020-07-17,45.73
11609,17,3,2,23,2020-07-17,31.09
11610,19,3,6,36,2020-07-17,29.21
11611,21,3,2,21,2020-07-17,37.95
11612,23,3,5,71,2020-07-17,22.63
11613,25,3,3,34,2020-07-17,19.72
11614,27,3,6,32,2020-07-17,12.57
11615,29,3,6,40,2020-07-17,14.55
11616,31,3,1,34,2020-07-17,18.43
11617,33,3,4,62,2020-07-17,20.88
11618,35,3,3,48,2020-07-17,15.46
11619,39,3,3,34,2020-07-17,24.44
11620,41,3,6,45,2020-07-17,8.39
11621,43,3,6,65,2020-07-17,7.39
11622,1,4,1,37,2020-07-17,12.85
11623,3,4,6,39,2020-07-17,9.94
11624,7,4,6,33,2020-07-17,12.26
11625,9,4,2,50,2020-07-17,10.61
11626,11,4,2,22,2020-07-17,14.34
11627,15,4,2,17,2020-07-17,42.96
11628,17,4,2,25,2020-07-17,31.44
11629,19,4,6,12,2020-07-17,27.19
11630,21,4,6,25,2020-07-17,37.16
11631,23,4,3,25,2020-07-17,23.34
11632,27,4,6,35,2020-07-17,14.03
11633,29,4,1,66,2020-07-17,12.56
11634,31,4,6,34,2020-07-17,17.39
11635,33,4,4,23,2020-07-17,22.91
11636,35,4,3,54,2020-07-17,14.37
11637,37,4,3,32,2020-07-17,21.93
11638,41,4,6,30,2020-07-17,9.17
11639,43,4,4,46,2020-07-17,6.83
11640,1,5,6,37,2020-07-17,11.88
11641,3,5,1,26,2020-07-17,11.38
11642,5,5,6,37,2020-07-17,13.30
11643,7,5,6,22,2020-07-17,13.61
11644,11,5,2,23,2020-07-17,16.69
11645,13,5,4,18,2020-07-17,27.98
11646,15,5,2,11,2020-07-17,41.60
11647,21,5,6,21,2020-07-17,39.06
11648,23,5,3,26,2020-07-17,19.14
11649,29,5,6,33,2020-07-17,12.70
11650,31,5,1,21,2020-07-17,16.15
11651,33,5,2,36,2020-07-17,23.14
11652,35,5,3,31,2020-07-17,16.52
11653,37,5,3,11,2020-07-17,22.52
11654,39,5,3,23,2020-07-17,21.47
11655,41,5,6,25,2020-07-17,7.33
11656,43,5,4,48,2020-07-17,7.35
11657,1,6,1,41,2020-07-17,12.08
11658,3,6,6,71,2020-07-17,10.62
11659,5,6,1,39,2020-07-17,12.11
11660,7,6,2,49,2020-07-17,11.13
11661,9,6,6,38,2020-07-17,12.45
11662,11,6,6,46,2020-07-17,13.75
11663,13,6,2,42,2020-07-17,25.35
11664,15,6,2,42,2020-07-17,41.76
11665,19,6,6,30,2020-07-17,29.42
11666,23,6,3,27,2020-07-17,20.85
11667,25,6,3,47,2020-07-17,20.52
11668,27,6,1,29,2020-07-17,15.31
11669,33,6,2,47,2020-07-17,21.88
11670,35,6,3,26,2020-07-17,15.10
11671,37,6,3,39,2020-07-17,19.55
11672,39,6,5,42,2020-07-17,23.96
11673,41,6,6,64,2020-07-17,9.20
11674,43,6,6,65,2020-07-17,7.34
11675,1,7,1,49,2020-07-17,12.29
11676,3,7,6,55,2020-07-17,10.70
11677,5,7,6,33,2020-07-17,12.80
11678,7,7,6,39,2020-07-17,11.42
11679,9,7,2,31,2020-07-17,12.08
11680,11,7,2,86,2020-07-17,15.32
11681,13,7,2,39,2020-07-17,29.26
11682,17,7,4,35,2020-07-17,36.43
11683,19,7,6,27,2020-07-17,31.55
11684,23,7,3,25,2020-07-17,18.95
11685,25,7,3,27,2020-07-17,17.19
11686,27,7,1,42,2020-07-17,14.14
11687,29,7,6,54,2020-07-17,11.58
11688,31,7,1,37,2020-07-17,17.12
11689,33,7,2,24,2020-07-17,24.90
11690,35,7,3,27,2020-07-17,15.52
11691,37,7,3,37,2020-07-17,21.85
11692,41,7,4,25,2020-07-17,8.99
11693,43,7,6,65,2020-07-17,6.51
11694,1,8,1,44,2020-07-17,13.73
11695,3,8,1,46,2020-07-17,12.33
11696,5,8,6,41,2020-07-17,14.74
11697,9,8,6,31,2020-07-17,12.49
11698,11,8,2,42,2020-07-17,13.28
11699,13,8,4,42,2020-07-17,29.58
11700,15,8,2,20,2020-07-17,36.77
11701,17,8,2,26,2020-07-17,31.04
11702,19,8,2,43,2020-07-17,33.50
11703,21,8,2,28,2020-07-17,37.92
11704,23,8,3,32,2020-07-17,22.72
11705,25,8,5,28,2020-07-17,18.43
11706,27,8,1,27,2020-07-17,13.14
11707,29,8,1,50,2020-07-17,13.20
11708,33,8,2,27,2020-07-17,21.61
11709,35,8,3,48,2020-07-17,14.84
11710,39,8,3,23,2020-07-17,23.31
11711,41,8,6,45,2020-07-17,8.69
11712,43,8,4,33,2020-07-17,7.72
11713,1,9,6,44,2020-07-17,12.66
11714,3,9,1,41,2020-07-17,11.94
11715,7,9,6,20,2020-07-17,12.27
11716,9,9,6,38,2020-07-17,10.76
11717,11,9,6,36,2020-07-17,13.25
11718,19,9,6,18,2020-07-17,28.59
11719,23,9,3,17,2020-07-17,19.67
11720,27,9,6,28,2020-07-17,15.61
11721,29,9,6,27,2020-07-17,13.24
11722,31,9,6,31,2020-07-17,19.91
11723,33,9,4,22,2020-07-17,23.55
11724,41,9,4,47,2020-07-17,9.24
11725,43,9,6,33,2020-07-17,7.20
11726,1,10,1,33,2020-07-17,12.78
11727,3,10,6,50,2020-07-17,10.91
11728,5,10,1,25,2020-07-17,12.28
11729,7,10,6,28,2020-07-17,12.10
11730,11,10,2,35,2020-07-17,13.92
11731,13,10,2,7,2020-07-17,25.31
11732,19,10,2,21,2020-07-17,30.18
11733,21,10,6,30,2020-07-17,40.36
11734,23,10,5,39,2020-07-17,18.82
11735,25,10,3,29,2020-07-17,16.36
11736,27,10,6,35,2020-07-17,13.12
11737,29,10,1,42,2020-07-17,13.33
11738,33,10,2,30,2020-07-17,22.60
11739,35,10,3,28,2020-07-17,16.75
11740,39,10,5,52,2020-07-17,22.00
11741,41,10,6,52,2020-07-17,7.47
11742,43,10,6,51,2020-07-17,6.90
11743,1,11,6,32,2020-07-17,11.25
11744,5,11,1,32,2020-07-17,13.37
11745,7,11,2,51,2020-07-17,12.53
11746,9,11,2,34,2020-07-17,11.04
11747,11,11,6,22,2020-07-17,15.64
11748,13,11,4,14,2020-07-17,25.00
11749,15,11,4,32,2020-07-17,39.64
11750,21,11,6,15,2020-07-17,35.14
11751,23,11,3,25,2020-07-17,20.52
11752,25,11,5,27,2020-07-17,17.46
11753,27,11,1,57,2020-07-17,14.96
11754,29,11,1,33,2020-07-17,12.32
11755,33,11,2,31,2020-07-17,20.14
11756,37,11,3,38,2020-07-17,22.54
11757,41,11,6,39,2020-07-17,7.27
11758,43,11,6,62,2020-07-17,6.24
11759,3,12,6,34,2020-07-17,11.50
11760,5,12,6,35,2020-07-17,11.95
11761,7,12,6,19,2020-07-17,13.23
11762,9,12,6,37,2020-07-17,12.58
11763,11,12,2,32,2020-07-17,16.23
11764,21,12,2,32,2020-07-17,37.03
11765,23,12,5,18,2020-07-17,20.06
11766,25,12,3,25,2020-07-17,19.36
11767,27,12,1,52,2020-07-17,15.59
11768,29,12,1,30,2020-07-17,13.31
11769,31,12,1,21,2020-07-17,18.52
11770,33,12,4,9,2020-07-17,23.54
11771,39,12,3,17,2020-07-17,21.89
11772,41,12,6,71,2020-07-17,7.49
11773,43,12,4,66,2020-07-17,6.60
11774,2,1,6,23,2020-08-03,14.84
11775,4,1,6,65,2020-08-03,14.36
11776,6,1,1,67,2020-08-03,9.22
11777,8,1,2,47,2020-08-03,12.58
11778,10,1,2,27,2020-08-03,16.58
11779,12,1,4,45,2020-08-03,34.88
11780,16,1,4,46,2020-08-03,50.38
11781,18,1,2,49,2020-08-03,23.52
11782,20,1,6,48,2020-08-03,16.60
11783,22,1,2,55,2020-08-03,18.15
11784,24,1,5,24,2020-08-03,22.64
11785,26,1,5,54,2020-08-03,22.91
11786,28,1,1,40,2020-08-03,17.27
11787,30,1,1,27,2020-08-03,30.92
11788,32,1,2,33,2020-08-03,22.67
11789,36,1,3,33,2020-08-03,22.93
11790,38,1,3,40,2020-08-03,21.73
11791,40,1,5,35,2020-08-03,30.68
11792,42,1,6,51,2020-08-03,9.16
11793,2,2,1,38,2020-08-03,13.84
11794,4,2,1,59,2020-08-03,16.19
11795,6,2,1,51,2020-08-03,10.76
11796,8,2,2,56,2020-08-03,15.54
11797,10,2,2,45,2020-08-03,17.32
11798,12,2,2,32,2020-08-03,34.18
11799,14,2,2,51,2020-08-03,24.69
11800,16,2,4,70,2020-08-03,42.21
11801,18,2,2,26,2020-08-03,25.72
11802,20,2,2,43,2020-08-03,18.59
11803,22,2,2,56,2020-08-03,21.19
11804,24,2,5,22,2020-08-03,26.62
11805,26,2,5,34,2020-08-03,24.83
11806,28,2,1,56,2020-08-03,16.00
11807,30,2,6,31,2020-08-03,28.16
11808,32,2,2,25,2020-08-03,28.56
11809,36,2,3,37,2020-08-03,26.04
11810,40,2,3,63,2020-08-03,28.10
11811,42,2,6,52,2020-08-03,8.47
11812,2,3,6,22,2020-08-03,16.25
11813,4,3,1,50,2020-08-03,16.93
11814,6,3,1,46,2020-08-03,8.99
11815,8,3,2,23,2020-08-03,13.46
11816,10,3,6,36,2020-08-03,16.58
11817,12,3,4,47,2020-08-03,36.81
11818,16,3,2,32,2020-08-03,44.54
11819,20,3,6,23,2020-08-03,19.69
11820,22,3,6,27,2020-08-03,19.17
11821,26,3,3,44,2020-08-03,20.85
11822,28,3,1,33,2020-08-03,17.74
11823,30,3,1,46,2020-08-03,29.99
11824,36,3,3,26,2020-08-03,23.01
11825,40,3,5,35,2020-08-03,30.86
11826,2,4,1,34,2020-08-03,15.57
11827,6,4,6,33,2020-08-03,9.72
11828,8,4,6,31,2020-08-03,15.75
11829,16,4,4,23,2020-08-03,47.38
11830,20,4,2,33,2020-08-03,17.91
11831,22,4,2,37,2020-08-03,21.75
11832,26,4,5,50,2020-08-03,23.83
11833,28,4,6,45,2020-08-03,18.39
11834,30,4,6,34,2020-08-03,27.37
11835,38,4,3,48,2020-08-03,21.12
11836,40,4,3,27,2020-08-03,24.64
11837,42,4,4,40,2020-08-03,9.69
11838,4,5,6,35,2020-08-03,16.16
11839,8,5,2,34,2020-08-03,14.14
11840,12,5,4,18,2020-08-03,33.29
11841,16,5,4,23,2020-08-03,46.70
11842,24,5,3,30,2020-08-03,21.84
11843,26,5,5,23,2020-08-03,20.43
11844,30,5,6,23,2020-08-03,29.40
11845,34,5,4,28,2020-08-03,29.85
11846,38,5,5,26,2020-08-03,24.04
11847,40,5,5,39,2020-08-03,27.39
11848,2,6,6,35,2020-08-03,14.08
11849,4,6,6,39,2020-08-03,16.91
11850,6,6,1,36,2020-08-03,9.03
11851,8,6,2,37,2020-08-03,15.11
11852,10,6,6,25,2020-08-03,16.65
11853,14,6,2,25,2020-08-03,24.59
11854,18,6,6,31,2020-08-03,27.26
11855,20,6,2,52,2020-08-03,17.10
11856,22,6,6,54,2020-08-03,22.11
11857,28,6,6,38,2020-08-03,18.19
11858,30,6,6,40,2020-08-03,24.76
11859,32,6,4,51,2020-08-03,23.78
11860,34,6,2,37,2020-08-03,33.52
11861,36,6,3,33,2020-08-03,22.67
11862,38,6,3,45,2020-08-03,19.55
11863,40,6,5,54,2020-08-03,23.93
11864,42,6,6,30,2020-08-03,9.74
11865,2,7,1,46,2020-08-03,13.85
11866,4,7,1,32,2020-08-03,16.45
11867,6,7,1,31,2020-08-03,9.43
11868,8,7,6,35,2020-08-03,13.95
11869,10,7,6,31,2020-08-03,19.21
11870,12,7,2,21,2020-08-03,31.34
11871,20,7,6,26,2020-08-03,20.43
11872,22,7,6,29,2020-08-03,21.28
11873,24,7,3,24,2020-08-03,22.31
11874,26,7,5,24,2020-08-03,24.59
11875,28,7,1,44,2020-08-03,16.60
11876,30,7,1,26,2020-08-03,24.11
11877,32,7,4,31,2020-08-03,24.58
11878,36,7,3,37,2020-08-03,22.77
11879,40,7,3,27,2020-08-03,27.08
11880,42,7,6,34,2020-08-03,10.48
11881,2,8,1,41,2020-08-03,15.28
11882,4,8,6,42,2020-08-03,16.29
11883,6,8,1,45,2020-08-03,8.95
11884,8,8,6,22,2020-08-03,14.43
11885,10,8,6,22,2020-08-03,17.89
11886,14,8,4,36,2020-08-03,28.34
11887,16,8,4,23,2020-08-03,48.64
11888,20,8,6,25,2020-08-03,16.18
11889,22,8,2,33,2020-08-03,23.00
11890,26,8,5,36,2020-08-03,23.39
11891,28,8,6,48,2020-08-03,15.58
11892,30,8,6,56,2020-08-03,24.17
11893,36,8,3,43,2020-08-03,23.84
11894,38,8,5,31,2020-08-03,23.00
11895,40,8,3,45,2020-08-03,25.26
11896,42,8,6,31,2020-08-03,9.81
11897,2,9,1,17,2020-08-03,15.65
11898,4,9,1,40,2020-08-03,15.36
11899,6,9,1,37,2020-08-03,9.21
11900,8,9,2,52,2020-08-03,12.63
11901,10,9,6,24,2020-08-03,16.58
11902,24,9,3,17,2020-08-03,21.57
11903,28,9,6,24,2020-08-03,17.73
11904,30,9,1,28,2020-08-03,28.84
11905,32,9,4,37,2020-08-03,26.21
11906,36,9,3,23,2020-08-03,24.65
11907,38,9,3,24,2020-08-03,23.74
11908,2,10,6,16,2020-08-03,14.48
11909,4,10,1,36,2020-08-03,17.01
11910,10,10,2,25,2020-08-03,18.92
11911,14,10,4,38,2020-08-03,26.65
11912,18,10,6,51,2020-08-03,25.81
11913,22,10,2,32,2020-08-03,18.72
11914,24,10,5,30,2020-08-03,26.45
11915,26,10,3,21,2020-08-03,21.74
11916,28,10,6,47,2020-08-03,17.64
11917,32,10,2,27,2020-08-03,28.72
11918,40,10,3,32,2020-08-03,24.70
11919,42,10,4,33,2020-08-03,9.30
11920,2,11,6,31,2020-08-03,14.10
11921,4,11,1,39,2020-08-03,15.31
11922,12,11,2,25,2020-08-03,29.51
11923,16,11,4,30,2020-08-03,48.11
11924,22,11,2,34,2020-08-03,19.70
11925,24,11,3,25,2020-08-03,21.54
11926,26,11,5,31,2020-08-03,22.60
11927,28,11,6,34,2020-08-03,17.94
11928,30,11,6,21,2020-08-03,26.72
11929,32,11,2,42,2020-08-03,23.35
11930,36,11,3,46,2020-08-03,27.68
11931,42,11,4,26,2020-08-03,9.73
11932,2,12,1,29,2020-08-03,15.25
11933,4,12,1,31,2020-08-03,16.05
11934,6,12,6,27,2020-08-03,10.77
11935,8,12,6,33,2020-08-03,12.62
11936,12,12,4,26,2020-08-03,35.90
11937,16,12,2,17,2020-08-03,49.74
11938,22,12,2,31,2020-08-03,20.38
11939,28,12,1,37,2020-08-03,16.78
11940,30,12,6,25,2020-08-03,30.86
11941,36,12,3,23,2020-08-03,22.55
11942,42,12,6,49,2020-08-03,8.47
11943,1,1,1,57,2020-08-17,13.55
11944,3,1,1,59,2020-08-17,11.01
11945,5,1,1,43,2020-08-17,14.93
11946,7,1,6,33,2020-08-17,11.53
11947,9,1,6,41,2020-08-17,11.99
11948,11,1,6,49,2020-08-17,13.43
11949,13,1,4,32,2020-08-17,32.10
11950,17,1,2,33,2020-08-17,31.53
11951,19,1,6,41,2020-08-17,29.19
11952,23,1,3,54,2020-08-17,18.79
11953,25,1,5,38,2020-08-17,17.23
11954,27,1,1,52,2020-08-17,14.49
11955,29,1,1,31,2020-08-17,14.15
11956,31,1,6,40,2020-08-17,17.88
11957,33,1,4,34,2020-08-17,19.41
11958,37,1,3,30,2020-08-17,21.31
11959,39,1,5,35,2020-08-17,22.57
11960,41,1,6,46,2020-08-17,8.07
11961,43,1,4,73,2020-08-17,7.45
11962,1,2,1,58,2020-08-17,12.21
11963,3,2,1,73,2020-08-17,11.26
11964,5,2,6,45,2020-08-17,12.14
11965,7,2,2,49,2020-08-17,10.78
11966,9,2,2,46,2020-08-17,9.92
11967,11,2,6,70,2020-08-17,15.74
11968,13,2,2,33,2020-08-17,26.97
11969,15,2,2,30,2020-08-17,37.06
11970,17,2,4,41,2020-08-17,35.19
11971,19,2,2,39,2020-08-17,30.00
11972,21,2,6,54,2020-08-17,35.71
11973,23,2,3,63,2020-08-17,19.09
11974,25,2,3,36,2020-08-17,17.83
11975,27,2,1,59,2020-08-17,15.56
11976,29,2,6,50,2020-08-17,11.45
11977,31,2,1,49,2020-08-17,16.67
11978,33,2,2,30,2020-08-17,22.27
11979,35,2,3,51,2020-08-17,14.14
11980,37,2,3,47,2020-08-17,20.93
11981,39,2,3,26,2020-08-17,25.67
11982,41,2,6,68,2020-08-17,7.30
11983,43,2,6,96,2020-08-17,7.48
11984,1,3,6,41,2020-08-17,12.83
11985,3,3,1,42,2020-08-17,10.98
11986,5,3,6,39,2020-08-17,14.53
11987,7,3,6,44,2020-08-17,11.63
11988,9,3,6,44,2020-08-17,10.88
11989,11,3,2,26,2020-08-17,13.61
11990,13,3,4,30,2020-08-17,27.92
11991,23,3,3,34,2020-08-17,22.05
11992,25,3,5,26,2020-08-17,16.36
11993,27,3,6,36,2020-08-17,13.56
11994,29,3,6,21,2020-08-17,13.20
11995,35,3,3,26,2020-08-17,14.85
11996,37,3,3,40,2020-08-17,21.58
11997,39,3,3,23,2020-08-17,21.07
11998,41,3,6,24,2020-08-17,8.13
11999,43,3,6,47,2020-08-17,6.72
12000,1,4,6,35,2020-08-17,10.68
12001,5,4,1,41,2020-08-17,12.08
12002,9,4,2,33,2020-08-17,10.16
12003,13,4,2,34,2020-08-17,31.76
12004,19,4,6,22,2020-08-17,33.35
12005,23,4,5,23,2020-08-17,21.61
12006,25,4,3,24,2020-08-17,16.48
12007,27,4,6,39,2020-08-17,14.26
12008,33,4,2,32,2020-08-17,24.44
12009,39,4,5,41,2020-08-17,24.39
12010,41,4,4,30,2020-08-17,8.43
12011,9,5,2,24,2020-08-17,10.11
12012,11,5,2,24,2020-08-17,16.66
12013,17,5,2,7,2020-08-17,34.01
12014,19,5,6,22,2020-08-17,31.69
12015,25,5,5,34,2020-08-17,20.08
12016,27,5,6,30,2020-08-17,15.68
12017,31,5,1,23,2020-08-17,15.91
12018,1,6,6,37,2020-08-17,13.63
12019,3,6,6,43,2020-08-17,10.03
12020,9,6,2,37,2020-08-17,10.69
12021,11,6,6,46,2020-08-17,15.88
12022,13,6,4,22,2020-08-17,26.92
12023,17,6,4,34,2020-08-17,28.23
12024,19,6,2,26,2020-08-17,27.43
12025,21,6,2,49,2020-08-17,38.35
12026,23,6,3,45,2020-08-17,21.89
12027,25,6,5,28,2020-08-17,20.22
12028,27,6,6,58,2020-08-17,16.09
12029,29,6,6,53,2020-08-17,11.63
12030,31,6,6,49,2020-08-17,18.76
12031,37,6,3,40,2020-08-17,21.14
12032,41,6,6,39,2020-08-17,7.65
12033,43,6,6,46,2020-08-17,7.64
12034,1,7,6,39,2020-08-17,13.53
12035,3,7,6,35,2020-08-17,9.94
12036,5,7,1,23,2020-08-17,13.20
12037,7,7,6,22,2020-08-17,12.04
12038,9,7,6,37,2020-08-17,12.67
12039,11,7,2,50,2020-08-17,14.27
12040,13,7,4,29,2020-08-17,26.73
12041,15,7,2,22,2020-08-17,41.94
12042,21,7,2,33,2020-08-17,34.28
12043,23,7,5,32,2020-08-17,21.57
12044,27,7,6,35,2020-08-17,16.07
12045,29,7,1,26,2020-08-17,11.41
12046,33,7,4,31,2020-08-17,20.87
12047,35,7,3,30,2020-08-17,14.92
12048,39,7,5,18,2020-08-17,23.15
12049,41,7,6,46,2020-08-17,9.43
12050,43,7,4,46,2020-08-17,6.96
12051,1,8,6,37,2020-08-17,13.18
12052,3,8,1,36,2020-08-17,12.16
12053,5,8,1,38,2020-08-17,11.87
12054,7,8,6,58,2020-08-17,11.78
12055,11,8,6,33,2020-08-17,14.79
12056,23,8,5,54,2020-08-17,21.75
12057,25,8,3,34,2020-08-17,16.73
12058,27,8,6,38,2020-08-17,13.21
12059,31,8,6,48,2020-08-17,16.54
12060,33,8,2,37,2020-08-17,20.38
12061,35,8,3,24,2020-08-17,15.35
12062,37,8,3,49,2020-08-17,18.15
12063,41,8,4,65,2020-08-17,8.67
12064,43,8,6,43,2020-08-17,6.24
12065,1,9,1,31,2020-08-17,11.55
12066,5,9,1,27,2020-08-17,12.16
12067,7,9,6,27,2020-08-17,10.71
12068,9,9,6,31,2020-08-17,12.26
12069,11,9,6,22,2020-08-17,16.03
12070,13,9,2,38,2020-08-17,31.87
12071,15,9,4,26,2020-08-17,41.44
12072,17,9,4,17,2020-08-17,31.25
12073,21,9,2,28,2020-08-17,35.19
12074,23,9,3,41,2020-08-17,20.67
12075,25,9,5,29,2020-08-17,15.92
12076,29,9,6,30,2020-08-17,11.27
12077,35,9,3,24,2020-08-17,16.64
12078,37,9,3,32,2020-08-17,20.01
12079,39,9,5,47,2020-08-17,24.28
12080,41,9,4,54,2020-08-17,7.95
12081,43,9,4,41,2020-08-17,7.02
12082,1,10,6,34,2020-08-17,11.76
12083,9,10,6,38,2020-08-17,12.27
12084,11,10,6,43,2020-08-17,15.27
12085,13,10,2,41,2020-08-17,28.09
12086,15,10,2,21,2020-08-17,37.86
12087,17,10,2,22,2020-08-17,29.12
12088,21,10,2,29,2020-08-17,37.95
12089,25,10,5,42,2020-08-17,18.96
12090,27,10,1,36,2020-08-17,12.72
12091,29,10,6,31,2020-08-17,13.10
12092,31,10,6,35,2020-08-17,17.35
12093,37,10,3,32,2020-08-17,20.39
12094,41,10,4,25,2020-08-17,8.59
12095,43,10,6,44,2020-08-17,7.62
12096,3,11,1,43,2020-08-17,11.18
12097,9,11,2,38,2020-08-17,12.37
12098,11,11,2,29,2020-08-17,14.65
12099,17,11,4,32,2020-08-17,34.08
12100,19,11,2,26,2020-08-17,27.92
12101,23,11,5,45,2020-08-17,23.28
12102,27,11,1,25,2020-08-17,13.60
12103,29,11,6,38,2020-08-17,11.57
12104,31,11,1,24,2020-08-17,18.71
12105,35,11,3,35,2020-08-17,16.21
12106,39,11,5,36,2020-08-17,26.40
12107,41,11,6,47,2020-08-17,7.28
12108,1,12,6,24,2020-08-17,10.73
12109,3,12,6,35,2020-08-17,11.74
12110,7,12,2,24,2020-08-17,13.56
12111,9,12,2,26,2020-08-17,10.53
12112,13,12,4,12,2020-08-17,28.45
12113,15,12,2,22,2020-08-17,46.11
12114,17,12,2,23,2020-08-17,30.24
12115,19,12,6,31,2020-08-17,27.84
12116,27,12,6,46,2020-08-17,15.46
12117,35,12,3,37,2020-08-17,16.27
12118,37,12,3,12,2020-08-17,23.25
12119,41,12,4,32,2020-08-17,9.36
12120,43,12,4,27,2020-08-17,7.66
12121,2,1,6,39,2020-09-03,13.59
12122,4,1,1,36,2020-09-03,14.69
12123,6,1,1,37,2020-09-03,11.29
12124,8,1,2,56,2020-09-03,13.34
12125,10,1,6,35,2020-09-03,18.03
12126,14,1,2,36,2020-09-03,24.84
12127,16,1,2,24,2020-09-03,46.86
12128,18,1,6,32,2020-09-03,27.90
12129,20,1,6,51,2020-09-03,19.78
12130,22,1,6,55,2020-09-03,23.04
12131,24,1,5,38,2020-09-03,24.30
12132,26,1,5,35,2020-09-03,22.97
12133,28,1,1,72,2020-09-03,16.02
12134,30,1,1,40,2020-09-03,25.83
12135,32,1,2,31,2020-09-03,25.72
12136,34,1,4,44,2020-09-03,32.47
12137,36,1,3,54,2020-09-03,21.57
12138,38,1,5,25,2020-09-03,22.40
12139,40,1,3,30,2020-09-03,30.34
12140,42,1,4,48,2020-09-03,9.11
12141,2,2,6,40,2020-09-03,16.03
12142,4,2,6,67,2020-09-03,17.47
12143,6,2,1,78,2020-09-03,10.25
12144,8,2,2,52,2020-09-03,14.07
12145,10,2,6,33,2020-09-03,15.38
12146,12,2,2,35,2020-09-03,36.44
12147,14,2,2,32,2020-09-03,23.07
12148,16,2,4,56,2020-09-03,40.01
12149,18,2,6,39,2020-09-03,24.77
12150,20,2,2,93,2020-09-03,18.13
12151,22,2,6,49,2020-09-03,19.00
12152,24,2,5,66,2020-09-03,23.84
12153,26,2,5,51,2020-09-03,19.41
12154,28,2,1,52,2020-09-03,15.64
12155,30,2,6,36,2020-09-03,30.41
12156,32,2,4,49,2020-09-03,26.72
12157,34,2,2,70,2020-09-03,35.03
12158,36,2,3,38,2020-09-03,27.87
12159,38,2,3,70,2020-09-03,19.75
12160,40,2,5,69,2020-09-03,27.69
12161,42,2,6,56,2020-09-03,9.24
12162,4,3,1,24,2020-09-03,14.78
12163,6,3,1,42,2020-09-03,9.76
12164,8,3,2,22,2020-09-03,14.15
12165,10,3,6,28,2020-09-03,16.53
12166,14,3,2,34,2020-09-03,26.81
12167,18,3,2,45,2020-09-03,23.97
12168,20,3,2,31,2020-09-03,19.28
12169,22,3,2,25,2020-09-03,21.08
12170,24,3,3,42,2020-09-03,23.11
12171,26,3,3,31,2020-09-03,21.16
12172,28,3,1,34,2020-09-03,17.52
12173,32,3,2,35,2020-09-03,26.96
12174,34,3,2,38,2020-09-03,34.74
12175,36,3,3,24,2020-09-03,26.52
12176,38,3,3,47,2020-09-03,21.16
12177,40,3,3,25,2020-09-03,27.57
12178,42,3,4,62,2020-09-03,9.38
12179,4,4,6,44,2020-09-03,14.75
12180,6,4,6,39,2020-09-03,11.20
12181,8,4,6,35,2020-09-03,13.76
12182,10,4,2,25,2020-09-03,16.88
12183,12,4,4,23,2020-09-03,34.63
12184,14,4,4,34,2020-09-03,22.66
12185,18,4,6,37,2020-09-03,25.45
12186,22,4,2,24,2020-09-03,20.54
12187,24,4,5,57,2020-09-03,24.72
12188,32,4,4,36,2020-09-03,23.05
12189,34,4,2,29,2020-09-03,31.19
12190,36,4,3,33,2020-09-03,23.35
12191,2,5,6,15,2020-09-03,13.28
12192,6,5,6,22,2020-09-03,9.99
12193,10,5,6,22,2020-09-03,18.28
12194,14,5,2,19,2020-09-03,27.80
12195,18,5,2,36,2020-09-03,27.25
12196,20,5,2,33,2020-09-03,16.98
12197,22,5,6,45,2020-09-03,22.67
12198,28,5,6,16,2020-09-03,15.53
12199,32,5,2,30,2020-09-03,24.37
12200,36,5,3,30,2020-09-03,27.59
12201,42,5,6,33,2020-09-03,10.22
12202,2,6,6,28,2020-09-03,14.61
12203,4,6,1,58,2020-09-03,17.89
12204,6,6,6,25,2020-09-03,9.75
12205,12,6,4,27,2020-09-03,31.78
12206,16,6,4,29,2020-09-03,43.32
12207,22,6,2,41,2020-09-03,18.24
12208,24,6,3,34,2020-09-03,21.18
12209,26,6,3,48,2020-09-03,23.15
12210,28,6,6,42,2020-09-03,17.97
12211,32,6,4,24,2020-09-03,23.40
12212,36,6,3,26,2020-09-03,25.41
12213,38,6,3,36,2020-09-03,21.77
12214,40,6,3,35,2020-09-03,25.73
12215,42,6,4,26,2020-09-03,8.90
12216,2,7,6,26,2020-09-03,15.35
12217,4,7,1,33,2020-09-03,15.83
12218,6,7,6,24,2020-09-03,9.53
12219,14,7,4,44,2020-09-03,28.71
12220,16,7,2,50,2020-09-03,46.25
12221,18,7,2,45,2020-09-03,27.20
12222,20,7,2,28,2020-09-03,18.17
12223,22,7,2,41,2020-09-03,22.49
12224,24,7,3,25,2020-09-03,25.66
12225,26,7,3,32,2020-09-03,21.00
12226,32,7,2,26,2020-09-03,28.24
12227,34,7,2,14,2020-09-03,33.32
12228,38,7,3,30,2020-09-03,24.04
12229,42,7,4,26,2020-09-03,9.50
12230,2,8,6,27,2020-09-03,15.81
12231,4,8,6,27,2020-09-03,15.71
12232,6,8,1,49,2020-09-03,11.11
12233,8,8,6,35,2020-09-03,15.13
12234,12,8,4,29,2020-09-03,36.26
12235,16,8,4,31,2020-09-03,41.56
12236,18,8,6,23,2020-09-03,26.43
12237,24,8,3,29,2020-09-03,26.51
12238,26,8,5,30,2020-09-03,24.17
12239,28,8,6,37,2020-09-03,17.28
12240,32,8,4,54,2020-09-03,25.15
12241,34,8,4,31,2020-09-03,35.91
12242,38,8,3,27,2020-09-03,21.19
12243,42,8,6,39,2020-09-03,8.82
12244,4,9,6,38,2020-09-03,14.63
12245,6,9,1,36,2020-09-03,9.67
12246,10,9,6,30,2020-09-03,18.54
12247,12,9,2,13,2020-09-03,35.63
12248,14,9,4,39,2020-09-03,23.89
12249,16,9,4,26,2020-09-03,45.54
12250,18,9,6,31,2020-09-03,21.90
12251,20,9,6,35,2020-09-03,20.13
12252,22,9,6,42,2020-09-03,22.88
12253,26,9,3,40,2020-09-03,19.49
12254,28,9,1,18,2020-09-03,17.17
12255,34,9,4,20,2020-09-03,28.53
12256,36,9,3,26,2020-09-03,22.04
12257,40,9,5,13,2020-09-03,25.32
12258,42,9,6,27,2020-09-03,9.06
12259,2,10,6,27,2020-09-03,14.28
12260,4,10,6,27,2020-09-03,16.04
12261,6,10,1,65,2020-09-03,11.55
12262,8,10,2,50,2020-09-03,15.58
12263,12,10,2,20,2020-09-03,36.71
12264,16,10,4,40,2020-09-03,50.09
12265,20,10,6,41,2020-09-03,17.73
12266,30,10,1,23,2020-09-03,29.65
12267,34,10,2,17,2020-09-03,31.62
12268,36,10,3,34,2020-09-03,25.03
12269,38,10,3,20,2020-09-03,22.48
12270,40,10,3,41,2020-09-03,29.88
12271,42,10,6,24,2020-09-03,9.75
12272,4,11,1,29,2020-09-03,15.61
12273,6,11,1,39,2020-09-03,11.52
12274,8,11,2,27,2020-09-03,14.25
12275,10,11,6,33,2020-09-03,18.48
12276,14,11,2,18,2020-09-03,25.59
12277,18,11,6,17,2020-09-03,27.60
12278,20,11,2,40,2020-09-03,17.38
12279,22,11,2,23,2020-09-03,22.20
12280,28,11,1,31,2020-09-03,19.05
12281,34,11,4,22,2020-09-03,34.85
12282,38,11,3,33,2020-09-03,20.50
12283,40,11,5,46,2020-09-03,24.66
12284,42,11,6,25,2020-09-03,9.81
12285,4,12,6,24,2020-09-03,14.27
12286,8,12,6,21,2020-09-03,12.70
12287,10,12,2,25,2020-09-03,16.51
12288,14,12,4,21,2020-09-03,25.77
12289,18,12,2,37,2020-09-03,25.49
12290,20,12,6,25,2020-09-03,18.03
12291,24,12,5,33,2020-09-03,22.11
12292,26,12,3,44,2020-09-03,23.01
12293,32,12,2,33,2020-09-03,23.60
12294,34,12,2,18,2020-09-03,32.68
12295,38,12,3,20,2020-09-03,23.97
12296,40,12,3,33,2020-09-03,28.15
12297,3,1,6,42,2020-09-17,11.80
12298,5,1,6,34,2020-09-17,12.00
12299,7,1,6,45,2020-09-17,11.32
12300,9,1,2,64,2020-09-17,12.79
12301,11,1,6,50,2020-09-17,14.94
12302,13,1,4,25,2020-09-17,25.94
12303,15,1,2,32,2020-09-17,38.57
12304,17,1,2,24,2020-09-17,31.30
12305,19,1,6,24,2020-09-17,29.81
12306,21,1,6,40,2020-09-17,31.63
12307,23,1,3,23,2020-09-17,21.38
12308,27,1,1,60,2020-09-17,13.34
12309,29,1,6,44,2020-09-17,12.72
12310,33,1,2,30,2020-09-17,22.93
12311,35,1,3,52,2020-09-17,15.99
12312,37,1,3,23,2020-09-17,19.81
12313,41,1,4,59,2020-09-17,8.48
12314,43,1,6,60,2020-09-17,7.05
12315,1,2,6,44,2020-09-17,11.13
12316,3,2,1,48,2020-09-17,12.20
12317,7,2,2,30,2020-09-17,10.98
12318,9,2,6,50,2020-09-17,11.78
12319,11,2,2,81,2020-09-17,13.35
12320,13,2,4,34,2020-09-17,26.28
12321,15,2,2,50,2020-09-17,47.18
12322,19,2,2,29,2020-09-17,27.13
12323,23,2,5,47,2020-09-17,21.97
12324,25,2,3,43,2020-09-17,20.26
12325,27,2,6,51,2020-09-17,15.10
12326,29,2,1,35,2020-09-17,13.77
12327,31,2,6,48,2020-09-17,16.50
12328,33,2,2,29,2020-09-17,24.29
12329,35,2,3,46,2020-09-17,18.02
12330,37,2,3,50,2020-09-17,19.16
12331,39,2,5,45,2020-09-17,23.61
12332,41,2,6,63,2020-09-17,8.53
12333,43,2,4,93,2020-09-17,6.48
12334,1,3,6,40,2020-09-17,13.10
12335,3,3,1,36,2020-09-17,11.93
12336,7,3,2,47,2020-09-17,11.45
12337,9,3,6,47,2020-09-17,9.91
12338,11,3,2,45,2020-09-17,16.99
12339,15,3,4,38,2020-09-17,37.83
12340,17,3,4,26,2020-09-17,34.10
12341,19,3,2,57,2020-09-17,26.58
12342,21,3,6,25,2020-09-17,38.77
12343,23,3,5,34,2020-09-17,22.37
12344,27,3,6,37,2020-09-17,14.44
12345,29,3,1,39,2020-09-17,11.36
12346,31,3,1,45,2020-09-17,16.34
12347,33,3,4,48,2020-09-17,21.79
12348,35,3,3,29,2020-09-17,18.04
12349,39,3,3,34,2020-09-17,22.69
12350,41,3,4,38,2020-09-17,7.77
12351,43,3,6,50,2020-09-17,6.57
12352,3,4,6,34,2020-09-17,11.15
12353,7,4,6,40,2020-09-17,10.91
12354,11,4,6,43,2020-09-17,15.63
12355,15,4,4,27,2020-09-17,41.11
12356,17,4,2,20,2020-09-17,30.05
12357,21,4,2,12,2020-09-17,34.84
12358,23,4,5,33,2020-09-17,21.98
12359,27,4,1,33,2020-09-17,13.07
12360,29,4,6,49,2020-09-17,14.61
12361,31,4,1,30,2020-09-17,16.80
12362,35,4,3,36,2020-09-17,17.74
12363,37,4,3,22,2020-09-17,20.48
12364,39,4,3,28,2020-09-17,20.72
12365,41,4,6,29,2020-09-17,8.25
12366,43,4,6,62,2020-09-17,6.80
12367,1,5,1,26,2020-09-17,12.70
12368,3,5,1,34,2020-09-17,10.03
12369,5,5,1,26,2020-09-17,14.56
12370,7,5,6,26,2020-09-17,12.37
12371,13,5,4,17,2020-09-17,32.09
12372,15,5,4,15,2020-09-17,45.72
12373,19,5,2,28,2020-09-17,32.86
12374,21,5,6,15,2020-09-17,35.75
12375,23,5,3,28,2020-09-17,18.84
12376,29,5,1,47,2020-09-17,11.85
12377,33,5,2,25,2020-09-17,24.06
12378,35,5,3,22,2020-09-17,15.91
12379,37,5,3,23,2020-09-17,23.40
12380,39,5,3,29,2020-09-17,25.09
12381,41,5,4,44,2020-09-17,8.56
12382,43,5,4,63,2020-09-17,7.37
12383,1,6,1,45,2020-09-17,11.10
12384,3,6,6,26,2020-09-17,10.20
12385,5,6,1,44,2020-09-17,13.37
12386,7,6,6,51,2020-09-17,13.26
12387,9,6,2,29,2020-09-17,10.90
12388,11,6,6,38,2020-09-17,15.72
12389,15,6,2,45,2020-09-17,44.15
12390,19,6,6,24,2020-09-17,29.19
12391,23,6,5,43,2020-09-17,19.94
12392,27,6,6,39,2020-09-17,13.94
12393,33,6,2,62,2020-09-17,23.04
12394,35,6,3,23,2020-09-17,15.32
12395,37,6,3,27,2020-09-17,20.80
12396,39,6,5,43,2020-09-17,23.39
12397,41,6,6,61,2020-09-17,8.21
12398,43,6,4,56,2020-09-17,6.76
12399,1,7,1,28,2020-09-17,12.98
12400,7,7,6,27,2020-09-17,13.67
12401,9,7,2,26,2020-09-17,12.18
12402,17,7,2,30,2020-09-17,29.63
12403,19,7,2,13,2020-09-17,33.38
12404,23,7,3,30,2020-09-17,18.85
12405,25,7,3,27,2020-09-17,17.57
12406,27,7,6,34,2020-09-17,13.09
12407,29,7,6,24,2020-09-17,12.58
12408,31,7,6,44,2020-09-17,19.15
12409,37,7,3,34,2020-09-17,22.97
12410,41,7,6,49,2020-09-17,8.84
12411,43,7,6,32,2020-09-17,7.05
12412,1,8,1,31,2020-09-17,10.80
12413,3,8,6,27,2020-09-17,10.46
12414,7,8,6,25,2020-09-17,13.58
12415,9,8,2,50,2020-09-17,10.23
12416,11,8,6,32,2020-09-17,16.72
12417,13,8,4,45,2020-09-17,26.68
12418,15,8,2,29,2020-09-17,41.66
12419,17,8,4,26,2020-09-17,29.08
12420,19,8,6,36,2020-09-17,29.15
12421,21,8,6,40,2020-09-17,37.52
12422,23,8,3,44,2020-09-17,19.24
12423,27,8,6,48,2020-09-17,13.01
12424,29,8,6,40,2020-09-17,12.35
12425,39,8,5,49,2020-09-17,25.56
12426,41,8,6,54,2020-09-17,8.18
12427,43,8,4,31,2020-09-17,6.71
12428,1,9,1,22,2020-09-17,13.49
12429,3,9,1,39,2020-09-17,11.84
12430,5,9,1,36,2020-09-17,14.04
12431,7,9,2,29,2020-09-17,10.57
12432,9,9,2,26,2020-09-17,10.60
12433,11,9,2,24,2020-09-17,13.66
12434,19,9,2,18,2020-09-17,26.64
12435,27,9,6,35,2020-09-17,14.24
12436,29,9,6,23,2020-09-17,12.12
12437,31,9,6,37,2020-09-17,17.74
12438,33,9,4,34,2020-09-17,22.76
12439,41,9,4,34,2020-09-17,8.52
12440,43,9,6,26,2020-09-17,6.50
12441,3,10,1,43,2020-09-17,9.83
12442,5,10,1,44,2020-09-17,11.65
12443,7,10,2,47,2020-09-17,12.38
12444,9,10,6,28,2020-09-17,9.99
12445,11,10,6,28,2020-09-17,13.48
12446,17,10,4,28,2020-09-17,35.17
12447,19,10,6,23,2020-09-17,25.96
12448,21,10,2,26,2020-09-17,39.09
12449,23,10,3,46,2020-09-17,21.04
12450,27,10,6,58,2020-09-17,13.35
12451,33,10,4,36,2020-09-17,20.71
12452,35,10,3,18,2020-09-17,15.00
12453,39,10,5,20,2020-09-17,24.80
12454,41,10,6,40,2020-09-17,7.37
12455,43,10,4,51,2020-09-17,6.34
12456,1,11,6,28,2020-09-17,11.87
12457,3,11,6,26,2020-09-17,12.24
12458,5,11,6,49,2020-09-17,13.40
12459,7,11,6,25,2020-09-17,11.89
12460,9,11,2,36,2020-09-17,12.15
12461,11,11,2,26,2020-09-17,16.89
12462,13,11,4,31,2020-09-17,31.89
12463,15,11,4,49,2020-09-17,41.10
12464,19,11,6,24,2020-09-17,29.83
12465,21,11,6,30,2020-09-17,34.06
12466,23,11,5,26,2020-09-17,19.67
12467,25,11,3,40,2020-09-17,17.30
12468,27,11,1,23,2020-09-17,12.74
12469,29,11,6,26,2020-09-17,11.36
12470,33,11,2,43,2020-09-17,23.02
12471,37,11,3,42,2020-09-17,23.09
12472,41,11,4,34,2020-09-17,8.01
12473,43,11,6,62,2020-09-17,6.25
12474,5,12,1,44,2020-09-17,12.96
12475,11,12,2,51,2020-09-17,15.51
12476,21,12,2,18,2020-09-17,39.51
12477,23,12,3,44,2020-09-17,22.35
12478,25,12,5,13,2020-09-17,15.88
12479,29,12,6,58,2020-09-17,12.79
12480,31,12,1,25,2020-09-17,18.19
12481,33,12,2,26,2020-09-17,22.78
12482,39,12,3,26,2020-09-17,20.95
12483,43,12,6,23,2020-09-17,7.44
12484,2,1,1,36,2020-10-05,14.49
12485,4,1,1,65,2020-10-05,17.14
12486,6,1,1,37,2020-10-05,10.05
12487,10,1,6,29,2020-10-05,16.97
12488,12,1,4,46,2020-10-05,35.07
12489,14,1,2,34,2020-10-05,22.50
12490,16,1,2,26,2020-10-05,40.09
12491,18,1,6,37,2020-10-05,21.72
12492,20,1,2,36,2020-10-05,17.73
12493,22,1,2,56,2020-10-05,18.62
12494,26,1,3,45,2020-10-05,23.87
12495,28,1,1,44,2020-10-05,14.98
12496,30,1,1,29,2020-10-05,26.39
12497,32,1,4,40,2020-10-05,23.21
12498,38,1,5,24,2020-10-05,21.46
12499,40,1,5,47,2020-10-05,28.70
12500,42,1,4,26,2020-10-05,9.40
12501,2,2,6,27,2020-10-05,14.16
12502,4,2,6,51,2020-10-05,17.29
12503,6,2,6,52,2020-10-05,9.15
12504,8,2,2,69,2020-10-05,15.76
12505,10,2,2,47,2020-10-05,18.64
12506,14,2,2,24,2020-10-05,27.51
12507,16,2,4,32,2020-10-05,41.67
12508,18,2,6,36,2020-10-05,22.79
12509,20,2,2,52,2020-10-05,17.80
12510,22,2,6,69,2020-10-05,21.55
12511,24,2,3,46,2020-10-05,24.69
12512,26,2,5,58,2020-10-05,19.39
12513,28,2,1,71,2020-10-05,17.24
12514,30,2,6,25,2020-10-05,26.17
12515,32,2,4,42,2020-10-05,28.59
12516,34,2,2,26,2020-10-05,29.14
12517,36,2,3,47,2020-10-05,22.85
12518,38,2,5,27,2020-10-05,21.52
12519,40,2,3,65,2020-10-05,24.77
12520,42,2,6,49,2020-10-05,9.64
12521,2,3,1,35,2020-10-05,16.06
12522,4,3,6,48,2020-10-05,16.24
12523,6,3,1,27,2020-10-05,11.01
12524,8,3,2,26,2020-10-05,14.39
12525,10,3,2,32,2020-10-05,16.61
12526,12,3,2,34,2020-10-05,31.78
12527,16,3,2,41,2020-10-05,51.39
12528,18,3,6,22,2020-10-05,21.64
12529,20,3,2,44,2020-10-05,16.20
12530,24,3,3,41,2020-10-05,25.76
12531,28,3,6,31,2020-10-05,16.45
12532,30,3,6,51,2020-10-05,30.56
12533,32,3,4,35,2020-10-05,25.16
12534,34,3,4,29,2020-10-05,28.75
12535,36,3,3,27,2020-10-05,24.49
12536,38,3,3,25,2020-10-05,21.71
12537,42,3,6,35,2020-10-05,8.86
12538,2,4,6,34,2020-10-05,15.27
12539,16,4,2,25,2020-10-05,50.03
12540,20,4,6,9,2020-10-05,18.40
12541,26,4,3,23,2020-10-05,20.90
12542,28,4,6,24,2020-10-05,19.17
12543,30,4,6,17,2020-10-05,25.26
12544,38,4,3,18,2020-10-05,22.06
12545,40,4,3,26,2020-10-05,29.90
12546,42,4,4,21,2020-10-05,10.35
12547,4,5,6,45,2020-10-05,17.12
12548,6,5,1,38,2020-10-05,10.83
12549,8,5,6,28,2020-10-05,13.49
12550,12,5,4,24,2020-10-05,31.44
12551,16,5,4,33,2020-10-05,48.06
12552,22,5,2,23,2020-10-05,19.85
12553,24,5,5,27,2020-10-05,25.97
12554,26,5,3,37,2020-10-05,19.79
12555,30,5,1,12,2020-10-05,29.94
12556,34,5,4,14,2020-10-05,30.75
12557,38,5,5,22,2020-10-05,19.55
12558,40,5,5,38,2020-10-05,26.26
12559,4,6,1,25,2020-10-05,14.33
12560,6,6,6,44,2020-10-05,10.01
12561,8,6,6,51,2020-10-05,13.23
12562,10,6,2,58,2020-10-05,17.28
12563,14,6,2,36,2020-10-05,23.10
12564,16,6,4,43,2020-10-05,50.46
12565,18,6,6,40,2020-10-05,26.14
12566,20,6,6,34,2020-10-05,16.25
12567,22,6,6,32,2020-10-05,23.59
12568,24,6,5,21,2020-10-05,25.91
12569,26,6,5,40,2020-10-05,21.85
12570,28,6,6,36,2020-10-05,19.18
12571,30,6,1,34,2020-10-05,25.83
12572,34,6,4,20,2020-10-05,29.54
12573,36,6,3,29,2020-10-05,25.92
12574,6,7,1,26,2020-10-05,10.80
12575,8,7,6,44,2020-10-05,13.61
12576,10,7,2,16,2020-10-05,19.26
12577,12,7,2,36,2020-10-05,37.34
12578,20,7,6,31,2020-10-05,20.62
12579,22,7,2,39,2020-10-05,22.21
12580,24,7,5,26,2020-10-05,24.37
12581,26,7,5,36,2020-10-05,19.22
12582,28,7,1,50,2020-10-05,17.84
12583,30,7,6,36,2020-10-05,24.10
12584,32,7,2,27,2020-10-05,28.53
12585,36,7,3,50,2020-10-05,23.72
12586,40,7,5,48,2020-10-05,24.18
12587,42,7,6,32,2020-10-05,10.58
12588,4,8,6,22,2020-10-05,17.14
12589,6,8,6,21,2020-10-05,9.23
12590,8,8,6,38,2020-10-05,13.83
12591,10,8,2,49,2020-10-05,17.35
12592,12,8,2,24,2020-10-05,32.69
12593,14,8,4,59,2020-10-05,26.43
12594,16,8,2,25,2020-10-05,40.93
12595,18,8,6,32,2020-10-05,23.16
12596,20,8,2,32,2020-10-05,19.32
12597,22,8,2,33,2020-10-05,19.54
12598,28,8,6,27,2020-10-05,15.23
12599,30,8,1,26,2020-10-05,30.43
12600,32,8,4,36,2020-10-05,23.46
12601,36,8,3,37,2020-10-05,22.51
12602,40,8,5,43,2020-10-05,30.34
12603,42,8,4,53,2020-10-05,10.52
12604,2,9,6,23,2020-10-05,12.70
12605,6,9,1,27,2020-10-05,9.49
12606,8,9,2,33,2020-10-05,15.03
12607,18,9,6,26,2020-10-05,22.59
12608,24,9,3,22,2020-10-05,22.80
12609,28,9,6,21,2020-10-05,18.74
12610,30,9,1,34,2020-10-05,26.56
12611,32,9,4,7,2020-10-05,23.25
12612,38,9,3,24,2020-10-05,20.03
12613,40,9,3,27,2020-10-05,28.90
12614,4,10,6,46,2020-10-05,15.62
12615,8,10,2,30,2020-10-05,16.11
12616,10,10,6,21,2020-10-05,18.68
12617,14,10,4,27,2020-10-05,25.82
12618,18,10,2,22,2020-10-05,27.86
12619,22,10,6,40,2020-10-05,23.15
12620,24,10,5,21,2020-10-05,22.19
12621,26,10,3,48,2020-10-05,22.11
12622,28,10,6,52,2020-10-05,15.02
12623,32,10,4,34,2020-10-05,27.60
12624,40,10,5,28,2020-10-05,25.33
12625,2,11,1,45,2020-10-05,15.22
12626,4,11,1,47,2020-10-05,15.59
12627,6,11,6,44,2020-10-05,11.01
12628,10,11,2,30,2020-10-05,14.86
12629,12,11,4,15,2020-10-05,30.86
12630,14,11,2,26,2020-10-05,26.64
12631,16,11,2,22,2020-10-05,43.38
12632,18,11,2,40,2020-10-05,22.03
12633,20,11,6,25,2020-10-05,18.33
12634,24,11,5,26,2020-10-05,21.15
12635,26,11,3,17,2020-10-05,23.07
12636,28,11,1,31,2020-10-05,18.01
12637,30,11,6,34,2020-10-05,29.62
12638,32,11,2,56,2020-10-05,23.51
12639,36,11,3,33,2020-10-05,23.45
12640,38,11,5,26,2020-10-05,19.83
12641,42,11,4,23,2020-10-05,9.57
12642,2,12,6,27,2020-10-05,12.78
12643,6,12,6,44,2020-10-05,11.09
12644,10,12,6,31,2020-10-05,17.46
12645,12,12,2,18,2020-10-05,30.54
12646,16,12,4,13,2020-10-05,49.38
12647,20,12,6,21,2020-10-05,17.50
12648,22,12,6,37,2020-10-05,22.45
12649,28,12,1,33,2020-10-05,18.74
12650,30,12,6,19,2020-10-05,25.56
12651,36,12,3,34,2020-10-05,25.26
12652,42,12,4,51,2020-10-05,8.61
12653,1,1,1,94,2020-10-19,11.75
12654,3,1,6,63,2020-10-19,11.42
12655,5,1,1,51,2020-10-19,14.02
12656,7,1,2,35,2020-10-19,11.87
12657,9,1,2,90,2020-10-19,10.56
12658,11,1,2,77,2020-10-19,16.30
12659,13,1,4,39,2020-10-19,31.23
12660,15,1,2,27,2020-10-19,44.71
12661,17,1,4,44,2020-10-19,32.80
12662,19,1,6,35,2020-10-19,29.95
12663,23,1,3,85,2020-10-19,19.98
12664,25,1,5,44,2020-10-19,17.86
12665,27,1,1,80,2020-10-19,12.88
12666,29,1,6,66,2020-10-19,13.38
12667,31,1,6,48,2020-10-19,17.82
12668,33,1,2,60,2020-10-19,20.00
12669,35,1,3,26,2020-10-19,17.49
12670,37,1,3,35,2020-10-19,18.85
12671,39,1,5,61,2020-10-19,23.87
12672,41,1,4,64,2020-10-19,8.49
12673,43,1,4,87,2020-10-19,6.40
12674,1,2,1,76,2020-10-19,11.62
12675,3,2,1,53,2020-10-19,10.23
12676,5,2,1,78,2020-10-19,13.93
12677,7,2,2,44,2020-10-19,12.25
12678,9,2,6,40,2020-10-19,12.86
12679,11,2,2,95,2020-10-19,15.03
12680,15,2,4,32,2020-10-19,42.84
12681,17,2,2,50,2020-10-19,34.51
12682,19,2,6,39,2020-10-19,33.03
12683,21,2,2,39,2020-10-19,39.89
12684,23,2,3,47,2020-10-19,19.43
12685,25,2,5,41,2020-10-19,17.71
12686,27,2,6,59,2020-10-19,13.78
12687,29,2,6,60,2020-10-19,13.93
12688,31,2,1,28,2020-10-19,18.55
12689,33,2,2,53,2020-10-19,21.34
12690,35,2,3,51,2020-10-19,16.13
12691,37,2,3,43,2020-10-19,21.08
12692,39,2,3,41,2020-10-19,23.00
12693,41,2,4,78,2020-10-19,8.93
12694,43,2,6,98,2020-10-19,7.33
12695,1,3,6,53,2020-10-19,10.92
12696,3,3,6,64,2020-10-19,10.40
12697,5,3,1,39,2020-10-19,14.33
12698,7,3,6,34,2020-10-19,13.49
12699,9,3,6,27,2020-10-19,10.11
12700,11,3,2,59,2020-10-19,14.57
12701,13,3,4,37,2020-10-19,25.19
12702,17,3,4,29,2020-10-19,34.21
12703,21,3,6,27,2020-10-19,38.56
12704,23,3,3,47,2020-10-19,21.48
12705,25,3,3,38,2020-10-19,18.92
12706,27,3,1,46,2020-10-19,12.67
12707,29,3,1,43,2020-10-19,11.31
12708,31,3,1,35,2020-10-19,18.71
12709,37,3,3,38,2020-10-19,20.04
12710,39,3,3,30,2020-10-19,21.82
12711,41,3,6,29,2020-10-19,7.65
12712,43,3,6,62,2020-10-19,6.78
12713,1,4,1,39,2020-10-19,11.47
12714,3,4,6,32,2020-10-19,12.43
12715,5,4,1,33,2020-10-19,11.66
12716,7,4,6,37,2020-10-19,13.42
12717,9,4,6,44,2020-10-19,11.01
12718,11,4,6,38,2020-10-19,16.75
12719,13,4,4,32,2020-10-19,29.03
12720,19,4,2,16,2020-10-19,28.04
12721,25,4,3,36,2020-10-19,20.47
12722,27,4,1,34,2020-10-19,14.54
12723,29,4,1,27,2020-10-19,13.09
12724,31,4,1,25,2020-10-19,18.32
12725,33,4,2,57,2020-10-19,19.98
12726,41,4,4,34,2020-10-19,7.69
12727,43,4,4,30,2020-10-19,6.79
12728,3,5,6,24,2020-10-19,11.73
12729,5,5,6,27,2020-10-19,12.50
12730,9,5,6,42,2020-10-19,12.76
12731,11,5,2,61,2020-10-19,13.32
12732,17,5,2,26,2020-10-19,29.45
12733,23,5,5,23,2020-10-19,22.59
12734,25,5,5,35,2020-10-19,17.62
12735,27,5,1,37,2020-10-19,13.15
12736,29,5,6,27,2020-10-19,14.13
12737,31,5,6,26,2020-10-19,19.90
12738,33,5,4,24,2020-10-19,24.50
12739,35,5,3,21,2020-10-19,15.11
12740,41,5,6,27,2020-10-19,9.26
12741,43,5,6,58,2020-10-19,7.73
12742,1,6,1,37,2020-10-19,10.86
12743,3,6,6,28,2020-10-19,10.28
12744,7,6,6,27,2020-10-19,12.34
12745,9,6,2,39,2020-10-19,10.03
12746,11,6,2,45,2020-10-19,15.35
12747,13,6,2,37,2020-10-19,32.09
12748,15,6,4,38,2020-10-19,41.58
12749,17,6,2,40,2020-10-19,33.64
12750,19,6,6,31,2020-10-19,33.00
12751,21,6,6,42,2020-10-19,40.66
12752,23,6,3,38,2020-10-19,18.83
12753,25,6,5,22,2020-10-19,19.91
12754,27,6,1,30,2020-10-19,15.42
12755,29,6,1,59,2020-10-19,12.26
12756,31,6,6,39,2020-10-19,20.62
12757,33,6,4,40,2020-10-19,23.50
12758,35,6,3,31,2020-10-19,16.50
12759,37,6,3,26,2020-10-19,18.64
12760,41,6,6,33,2020-10-19,7.94
12761,43,6,4,63,2020-10-19,7.61
12762,1,7,6,37,2020-10-19,10.75
12763,3,7,6,77,2020-10-19,11.03
12764,5,7,6,38,2020-10-19,11.84
12765,7,7,2,50,2020-10-19,11.77
12766,9,7,6,54,2020-10-19,12.69
12767,11,7,2,73,2020-10-19,14.58
12768,13,7,4,31,2020-10-19,26.97
12769,15,7,2,32,2020-10-19,39.00
12770,21,7,2,27,2020-10-19,32.88
12771,25,7,5,34,2020-10-19,18.01
12772,27,7,1,46,2020-10-19,15.86
12773,29,7,6,44,2020-10-19,14.22
12774,31,7,1,24,2020-10-19,17.58
12775,33,7,2,54,2020-10-19,22.30
12776,35,7,3,51,2020-10-19,15.71
12777,37,7,3,26,2020-10-19,22.74
12778,39,7,3,37,2020-10-19,22.47
12779,41,7,6,46,2020-10-19,7.65
12780,43,7,4,53,2020-10-19,7.17
12781,1,8,6,36,2020-10-19,10.73
12782,3,8,1,32,2020-10-19,10.87
12783,5,8,6,44,2020-10-19,13.73
12784,7,8,6,25,2020-10-19,12.76
12785,9,8,2,46,2020-10-19,10.74
12786,11,8,2,50,2020-10-19,14.90
12787,15,8,2,24,2020-10-19,37.09
12788,17,8,2,25,2020-10-19,32.47
12789,21,8,2,54,2020-10-19,32.05
12790,25,8,3,36,2020-10-19,17.23
12791,27,8,6,32,2020-10-19,16.25
12792,29,8,1,38,2020-10-19,12.87
12793,31,8,6,20,2020-10-19,17.48
12794,33,8,4,40,2020-10-19,23.34
12795,35,8,3,39,2020-10-19,14.07
12796,37,8,3,42,2020-10-19,20.08
12797,39,8,3,22,2020-10-19,25.29
12798,41,8,4,62,2020-10-19,9.36
12799,43,8,4,41,2020-10-19,7.30
12800,9,9,6,30,2020-10-19,12.01
12801,11,9,6,33,2020-10-19,14.00
12802,13,9,2,30,2020-10-19,30.71
12803,15,9,4,24,2020-10-19,38.90
12804,17,9,2,22,2020-10-19,28.25
12805,21,9,2,18,2020-10-19,40.58
12806,23,9,5,37,2020-10-19,22.13
12807,25,9,3,34,2020-10-19,15.95
12808,31,9,1,33,2020-10-19,19.43
12809,35,9,3,43,2020-10-19,15.16
12810,37,9,3,10,2020-10-19,20.13
12811,39,9,5,22,2020-10-19,26.24
12812,41,9,4,34,2020-10-19,9.04
12813,43,9,6,38,2020-10-19,6.18
12814,1,10,1,37,2020-10-19,11.69
12815,7,10,6,27,2020-10-19,13.46
12816,11,10,6,30,2020-10-19,15.42
12817,13,10,2,29,2020-10-19,25.73
12818,15,10,2,27,2020-10-19,44.96
12819,25,10,3,23,2020-10-19,16.07
12820,27,10,1,37,2020-10-19,14.76
12821,29,10,1,51,2020-10-19,12.56
12822,31,10,1,23,2020-10-19,18.61
12823,35,10,3,32,2020-10-19,14.07
12824,37,10,3,17,2020-10-19,23.40
12825,41,10,4,44,2020-10-19,8.39
12826,43,10,4,25,2020-10-19,5.97
12827,3,11,1,25,2020-10-19,11.00
12828,11,11,2,37,2020-10-19,16.43
12829,17,11,4,29,2020-10-19,35.01
12830,19,11,6,29,2020-10-19,29.62
12831,23,11,5,52,2020-10-19,19.49
12832,27,11,6,34,2020-10-19,15.07
12833,29,11,1,26,2020-10-19,12.53
12834,31,11,1,35,2020-10-19,16.85
12835,33,11,4,39,2020-10-19,23.05
12836,35,11,3,31,2020-10-19,16.03
12837,39,11,3,37,2020-10-19,23.32
12838,41,11,6,33,2020-10-19,7.29
12839,43,11,4,54,2020-10-19,6.72
12840,1,12,1,37,2020-10-19,13.66
12841,3,12,6,22,2020-10-19,10.56
12842,7,12,6,26,2020-10-19,12.07
12843,9,12,2,33,2020-10-19,11.98
12844,11,12,6,38,2020-10-19,15.58
12845,13,12,2,23,2020-10-19,28.90
12846,15,12,4,40,2020-10-19,46.38
12847,17,12,2,36,2020-10-19,29.46
12848,19,12,6,21,2020-10-19,32.15
12849,27,12,1,33,2020-10-19,12.83
12850,35,12,3,20,2020-10-19,17.95
12851,37,12,3,26,2020-10-19,18.93
12852,41,12,6,39,2020-10-19,9.14
12853,43,12,4,34,2020-10-19,6.03
12854,2,1,1,26,2020-11-03,14.58
12855,4,1,6,50,2020-11-03,17.39
12856,6,1,6,47,2020-11-03,9.35
12857,8,1,6,66,2020-11-03,13.86
12858,10,1,2,36,2020-11-03,16.92
12859,12,1,4,30,2020-11-03,33.57
12860,14,1,4,40,2020-11-03,25.80
12861,16,1,2,32,2020-11-03,48.17
12862,18,1,2,24,2020-11-03,26.71
12863,22,1,6,33,2020-11-03,20.47
12864,24,1,5,52,2020-11-03,21.82
12865,26,1,3,41,2020-11-03,24.09
12866,28,1,1,64,2020-11-03,18.02
12867,30,1,1,68,2020-11-03,26.54
12868,32,1,2,32,2020-11-03,26.59
12869,34,1,4,46,2020-11-03,35.15
12870,36,1,3,38,2020-11-03,25.06
12871,38,1,5,27,2020-11-03,19.99
12872,40,1,5,46,2020-11-03,23.90
12873,42,1,6,51,2020-11-03,10.57
12874,2,2,6,34,2020-11-03,13.33
12875,4,2,1,62,2020-11-03,17.97
12876,6,2,1,61,2020-11-03,10.90
12877,8,2,2,54,2020-11-03,15.77
12878,10,2,6,60,2020-11-03,17.79
12879,12,2,2,41,2020-11-03,37.07
12880,14,2,4,29,2020-11-03,27.52
12881,16,2,2,35,2020-11-03,45.13
12882,18,2,6,44,2020-11-03,27.47
12883,20,2,2,35,2020-11-03,17.32
12884,22,2,6,64,2020-11-03,23.52
12885,24,2,3,52,2020-11-03,23.06
12886,26,2,3,45,2020-11-03,24.05
12887,28,2,1,44,2020-11-03,15.27
12888,32,2,2,31,2020-11-03,28.65
12889,34,2,2,46,2020-11-03,31.45
12890,36,2,3,24,2020-11-03,22.43
12891,38,2,5,36,2020-11-03,20.93
12892,40,2,3,32,2020-11-03,29.48
12893,42,2,6,49,2020-11-03,9.26
12894,2,3,1,49,2020-11-03,14.54
12895,4,3,1,41,2020-11-03,16.76
12896,6,3,6,52,2020-11-03,10.82
12897,8,3,2,26,2020-11-03,15.01
12898,10,3,6,29,2020-11-03,15.15
12899,12,3,4,37,2020-11-03,34.41
12900,14,3,4,26,2020-11-03,24.46
12901,16,3,2,29,2020-11-03,39.76
12902,18,3,6,30,2020-11-03,23.27
12903,20,3,6,37,2020-11-03,17.95
12904,22,3,6,64,2020-11-03,23.31
12905,24,3,3,24,2020-11-03,20.66
12906,26,3,5,45,2020-11-03,20.28
12907,28,3,6,35,2020-11-03,16.35
12908,30,3,6,46,2020-11-03,29.58
12909,32,3,4,54,2020-11-03,22.70
12910,34,3,4,34,2020-11-03,32.38
12911,36,3,3,40,2020-11-03,25.94
12912,38,3,3,33,2020-11-03,22.77
12913,40,3,3,54,2020-11-03,30.76
12914,42,3,4,31,2020-11-03,8.42
12915,4,4,1,78,2020-11-03,17.71
12916,6,4,1,31,2020-11-03,10.23
12917,8,4,6,49,2020-11-03,15.14
12918,10,4,6,38,2020-11-03,15.45
12919,12,4,2,25,2020-11-03,34.97
12920,14,4,4,25,2020-11-03,25.54
12921,16,4,2,39,2020-11-03,43.66
12922,18,4,6,27,2020-11-03,26.46
12923,20,4,2,27,2020-11-03,20.52
12924,22,4,6,38,2020-11-03,22.42
12925,24,4,3,48,2020-11-03,25.05
12926,26,4,5,53,2020-11-03,22.94
12927,28,4,1,25,2020-11-03,18.36
12928,30,4,1,33,2020-11-03,25.06
12929,32,4,4,35,2020-11-03,26.00
12930,34,4,4,16,2020-11-03,36.24
12931,36,4,3,28,2020-11-03,22.17
12932,42,4,4,45,2020-11-03,9.02
12933,2,5,6,27,2020-11-03,14.92
12934,6,5,6,26,2020-11-03,9.53
12935,8,5,2,26,2020-11-03,16.15
12936,10,5,6,43,2020-11-03,15.56
12937,14,5,4,24,2020-11-03,28.87
12938,18,5,6,37,2020-11-03,23.60
12939,20,5,2,36,2020-11-03,18.90
12940,22,5,6,33,2020-11-03,23.15
12941,26,5,5,22,2020-11-03,24.07
12942,28,5,1,29,2020-11-03,15.90
12943,32,5,4,29,2020-11-03,29.04
12944,36,5,3,47,2020-11-03,26.32
12945,42,5,6,21,2020-11-03,10.19
12946,2,6,6,42,2020-11-03,13.49
12947,4,6,6,54,2020-11-03,17.21
12948,6,6,1,59,2020-11-03,10.14
12949,8,6,6,32,2020-11-03,15.42
12950,12,6,2,38,2020-11-03,29.39
12951,16,6,2,33,2020-11-03,45.17
12952,18,6,2,36,2020-11-03,21.55
12953,20,6,6,24,2020-11-03,19.89
12954,22,6,2,36,2020-11-03,23.32
12955,26,6,3,33,2020-11-03,23.29
12956,28,6,6,34,2020-11-03,18.38
12957,32,6,4,37,2020-11-03,29.00
12958,36,6,3,34,2020-11-03,21.69
12959,38,6,3,27,2020-11-03,20.45
12960,40,6,3,52,2020-11-03,26.17
12961,42,6,4,50,2020-11-03,8.36
12962,2,7,6,48,2020-11-03,15.82
12963,4,7,6,62,2020-11-03,14.97
12964,10,7,2,43,2020-11-03,17.05
12965,14,7,4,33,2020-11-03,26.34
12966,16,7,2,35,2020-11-03,47.91
12967,18,7,2,30,2020-11-03,26.01
12968,20,7,2,46,2020-11-03,19.27
12969,26,7,5,27,2020-11-03,24.14
12970,28,7,6,39,2020-11-03,19.07
12971,32,7,4,27,2020-11-03,28.73
12972,34,7,2,50,2020-11-03,33.38
12973,36,7,3,40,2020-11-03,27.43
12974,38,7,3,23,2020-11-03,20.89
12975,40,7,3,32,2020-11-03,26.19
12976,42,7,6,27,2020-11-03,8.90
12977,2,8,1,42,2020-11-03,13.22
12978,4,8,6,29,2020-11-03,16.10
12979,6,8,1,38,2020-11-03,11.03
12980,10,8,2,36,2020-11-03,17.34
12981,20,8,2,27,2020-11-03,19.40
12982,24,8,5,35,2020-11-03,21.35
12983,26,8,3,64,2020-11-03,22.68
12984,28,8,1,40,2020-11-03,16.19
12985,30,8,1,45,2020-11-03,25.30
12986,34,8,2,48,2020-11-03,35.06
12987,36,8,3,45,2020-11-03,22.92
12988,38,8,5,36,2020-11-03,23.25
12989,40,8,5,26,2020-11-03,30.45
12990,42,8,6,32,2020-11-03,10.20
12991,4,9,6,44,2020-11-03,14.72
12992,6,9,6,28,2020-11-03,10.79
12993,10,9,2,25,2020-11-03,18.80
12994,12,9,2,12,2020-11-03,35.66
12995,14,9,4,24,2020-11-03,22.56
12996,16,9,2,18,2020-11-03,48.96
12997,20,9,6,33,2020-11-03,16.52
12998,22,9,2,32,2020-11-03,23.38
12999,26,9,3,26,2020-11-03,20.56
13000,28,9,6,34,2020-11-03,15.49
13001,34,9,4,13,2020-11-03,28.81
13002,36,9,3,33,2020-11-03,27.60
13003,42,9,6,40,2020-11-03,10.64
13004,2,10,6,34,2020-11-03,12.91
13005,4,10,1,24,2020-11-03,16.08
13006,6,10,6,48,2020-11-03,9.38
13007,8,10,6,36,2020-11-03,12.68
13008,10,10,2,27,2020-11-03,19.18
13009,12,10,2,13,2020-11-03,34.16
13010,16,10,4,18,2020-11-03,44.00
13011,18,10,6,22,2020-11-03,25.96
13012,20,10,6,33,2020-11-03,19.33
13013,22,10,2,31,2020-11-03,18.52
13014,28,10,1,37,2020-11-03,18.60
13015,30,10,1,38,2020-11-03,28.44
13016,32,10,4,38,2020-11-03,24.54
13017,34,10,2,22,2020-11-03,34.71
13018,36,10,3,38,2020-11-03,24.86
13019,38,10,3,28,2020-11-03,20.07
13020,40,10,5,26,2020-11-03,30.61
13021,42,10,6,33,2020-11-03,8.70
13022,4,11,6,34,2020-11-03,14.98
13023,6,11,6,36,2020-11-03,11.22
13024,8,11,2,34,2020-11-03,13.68
13025,10,11,2,34,2020-11-03,17.36
13026,22,11,6,34,2020-11-03,23.13
13027,28,11,1,29,2020-11-03,14.95
13028,34,11,2,36,2020-11-03,36.50
13029,40,11,5,26,2020-11-03,24.49
13030,4,12,1,37,2020-11-03,15.28
13031,6,12,1,26,2020-11-03,9.20
13032,8,12,6,24,2020-11-03,13.23
13033,10,12,2,24,2020-11-03,18.10
13034,14,12,4,26,2020-11-03,24.63
13035,18,12,2,33,2020-11-03,22.63
13036,20,12,6,29,2020-11-03,20.35
13037,24,12,3,51,2020-11-03,26.07
13038,26,12,3,51,2020-11-03,22.63
13039,32,12,2,39,2020-11-03,23.39
13040,34,12,2,16,2020-11-03,31.59
13041,38,12,3,11,2020-11-03,20.26
13042,40,12,5,31,2020-11-03,28.69
13043,3,1,1,46,2020-11-17,9.64
13044,5,1,6,75,2020-11-17,12.53
13045,7,1,6,46,2020-11-17,11.56
13046,9,1,6,62,2020-11-17,10.93
13047,11,1,2,62,2020-11-17,13.63
13048,13,1,4,30,2020-11-17,27.97
13049,15,1,4,36,2020-11-17,43.80
13050,17,1,4,40,2020-11-17,29.23
13051,19,1,6,37,2020-11-17,33.08
13052,21,1,2,39,2020-11-17,38.25
13053,23,1,5,66,2020-11-17,21.83
13054,25,1,5,43,2020-11-17,20.26
13055,27,1,6,101,2020-11-17,15.03
13056,29,1,1,39,2020-11-17,12.90
13057,31,1,1,41,2020-11-17,19.70
13058,33,1,4,32,2020-11-17,23.34
13059,35,1,3,49,2020-11-17,14.31
13060,37,1,3,32,2020-11-17,22.65
13061,39,1,5,29,2020-11-17,21.67
13062,41,1,6,89,2020-11-17,8.41
13063,43,1,6,73,2020-11-17,7.18
13064,1,2,1,87,2020-11-17,11.15
13065,3,2,6,80,2020-11-17,9.58
13066,5,2,6,55,2020-11-17,14.30
13067,7,2,2,65,2020-11-17,13.27
13068,9,2,6,51,2020-11-17,9.92
13069,11,2,2,64,2020-11-17,17.16
13070,13,2,4,31,2020-11-17,30.68
13071,15,2,4,24,2020-11-17,45.85
13072,19,2,2,46,2020-11-17,25.95
13073,21,2,6,39,2020-11-17,36.85
13074,23,2,3,67,2020-11-17,20.01
13075,25,2,5,34,2020-11-17,19.33
13076,27,2,1,65,2020-11-17,14.05
13077,29,2,1,76,2020-11-17,12.56
13078,31,2,1,41,2020-11-17,20.58
13079,33,2,2,48,2020-11-17,20.40
13080,35,2,3,51,2020-11-17,17.62
13081,37,2,3,33,2020-11-17,22.34
13082,39,2,5,35,2020-11-17,21.98
13083,41,2,4,69,2020-11-17,8.32
13084,43,2,4,80,2020-11-17,7.38
13085,1,3,6,52,2020-11-17,13.59
13086,3,3,1,33,2020-11-17,11.74
13087,5,3,6,43,2020-11-17,13.30
13088,7,3,6,33,2020-11-17,11.72
13089,9,3,2,33,2020-11-17,12.12
13090,11,3,2,73,2020-11-17,16.80
13091,15,3,2,50,2020-11-17,47.22
13092,19,3,2,38,2020-11-17,29.14
13093,23,3,3,84,2020-11-17,22.71
13094,25,3,5,33,2020-11-17,18.09
13095,27,3,1,77,2020-11-17,14.27
13096,29,3,6,86,2020-11-17,14.29
13097,31,3,6,36,2020-11-17,18.02
13098,33,3,4,60,2020-11-17,21.38
13099,35,3,3,48,2020-11-17,17.23
13100,39,3,5,36,2020-11-17,22.55
13101,41,3,6,59,2020-11-17,9.41
13102,43,3,6,54,2020-11-17,7.67
13103,1,4,6,37,2020-11-17,13.15
13104,3,4,1,41,2020-11-17,11.38
13105,7,4,6,31,2020-11-17,13.30
13106,9,4,6,36,2020-11-17,11.44
13107,11,4,2,33,2020-11-17,16.70
13108,15,4,2,45,2020-11-17,40.11
13109,17,4,4,19,2020-11-17,33.58
13110,19,4,2,33,2020-11-17,26.63
13111,21,4,6,39,2020-11-17,37.00
13112,23,4,5,35,2020-11-17,18.27
13113,27,4,1,39,2020-11-17,15.94
13114,29,4,6,25,2020-11-17,12.56
13115,31,4,6,28,2020-11-17,20.02
13116,33,4,2,27,2020-11-17,24.76
13117,35,4,3,52,2020-11-17,14.31
13118,37,4,3,47,2020-11-17,22.69
13119,39,4,3,28,2020-11-17,26.43
13120,41,4,6,39,2020-11-17,8.23
13121,43,4,6,85,2020-11-17,6.72
13122,1,5,1,65,2020-11-17,12.83
13123,7,5,2,27,2020-11-17,11.40
13124,9,5,6,30,2020-11-17,12.26
13125,11,5,6,33,2020-11-17,15.72
13126,13,5,4,47,2020-11-17,28.77
13127,15,5,2,46,2020-11-17,43.77
13128,19,5,2,27,2020-11-17,29.52
13129,21,5,2,30,2020-11-17,39.65
13130,27,5,1,39,2020-11-17,14.98
13131,29,5,6,31,2020-11-17,13.61
13132,31,5,1,29,2020-11-17,16.70
13133,37,5,3,35,2020-11-17,20.22
13134,39,5,3,40,2020-11-17,25.62
13135,43,5,4,38,2020-11-17,6.97
13136,1,6,6,31,2020-11-17,11.74
13137,3,6,6,41,2020-11-17,12.07
13138,5,6,1,53,2020-11-17,14.96
13139,9,6,6,53,2020-11-17,10.45
13140,11,6,2,47,2020-11-17,13.49
13141,15,6,2,35,2020-11-17,41.63
13142,23,6,5,24,2020-11-17,18.23
13143,25,6,3,33,2020-11-17,20.58
13144,27,6,6,59,2020-11-17,14.67
13145,29,6,1,35,2020-11-17,13.64
13146,31,6,1,38,2020-11-17,17.66
13147,33,6,4,38,2020-11-17,24.87
13148,35,6,3,40,2020-11-17,14.33
13149,39,6,5,50,2020-11-17,22.93
13150,41,6,6,67,2020-11-17,8.45
13151,43,6,4,55,2020-11-17,7.03
13152,1,7,6,51,2020-11-17,12.54
13153,3,7,6,31,2020-11-17,10.79
13154,7,7,2,30,2020-11-17,10.69
13155,9,7,2,42,2020-11-17,10.88
13156,11,7,2,32,2020-11-17,13.37
13157,13,7,4,24,2020-11-17,31.44
13158,17,7,4,18,2020-11-17,33.75
13159,19,7,6,29,2020-11-17,28.54
13160,23,7,3,71,2020-11-17,19.17
13161,27,7,6,30,2020-11-17,15.00
13162,29,7,1,48,2020-11-17,11.60
13163,33,7,4,23,2020-11-17,20.22
13164,35,7,3,28,2020-11-17,14.12
13165,41,7,4,43,2020-11-17,7.29
13166,43,7,4,49,2020-11-17,7.51
13167,1,8,6,57,2020-11-17,12.63
13168,3,8,6,28,2020-11-17,11.88
13169,5,8,1,47,2020-11-17,13.73
13170,9,8,2,34,2020-11-17,10.52
13171,11,8,6,52,2020-11-17,15.02
13172,13,8,2,40,2020-11-17,32.18
13173,15,8,4,48,2020-11-17,41.99
13174,17,8,4,32,2020-11-17,33.06
13175,19,8,6,29,2020-11-17,27.89
13176,21,8,6,32,2020-11-17,37.81
13177,23,8,3,61,2020-11-17,23.55
13178,27,8,1,78,2020-11-17,16.08
13179,29,8,1,33,2020-11-17,12.74
13180,31,8,1,37,2020-11-17,16.41
13181,33,8,2,44,2020-11-17,23.14
13182,35,8,3,44,2020-11-17,15.48
13183,37,8,3,34,2020-11-17,19.83
13184,41,8,6,40,2020-11-17,8.48
13185,43,8,4,53,2020-11-17,6.97
13186,1,9,6,49,2020-11-17,13.60
13187,3,9,1,40,2020-11-17,11.08
13188,5,9,6,31,2020-11-17,14.34
13189,7,9,2,20,2020-11-17,13.72
13190,9,9,6,33,2020-11-17,12.51
13191,11,9,2,39,2020-11-17,13.83
13192,13,9,4,24,2020-11-17,29.71
13193,19,9,2,25,2020-11-17,32.25
13194,23,9,5,29,2020-11-17,22.64
13195,27,9,6,51,2020-11-17,14.20
13196,29,9,1,48,2020-11-17,14.53
13197,33,9,4,44,2020-11-17,22.28
13198,41,9,4,43,2020-11-17,8.80
13199,43,9,6,47,2020-11-17,6.28
13200,1,10,6,32,2020-11-17,13.54
13201,3,10,6,59,2020-11-17,12.17
13202,5,10,1,39,2020-11-17,14.82
13203,7,10,6,32,2020-11-17,11.59
13204,9,10,6,38,2020-11-17,10.53
13205,11,10,6,34,2020-11-17,15.49
13206,17,10,2,35,2020-11-17,29.18
13207,19,10,2,31,2020-11-17,32.92
13208,21,10,6,21,2020-11-17,35.00
13209,23,10,5,63,2020-11-17,18.92
13210,27,10,1,36,2020-11-17,15.09
13211,29,10,1,30,2020-11-17,14.61
13212,33,10,2,38,2020-11-17,20.00
13213,39,10,3,25,2020-11-17,25.40
13214,41,10,6,46,2020-11-17,7.40
13215,43,10,6,62,2020-11-17,6.21
13216,1,11,6,58,2020-11-17,12.40
13217,5,11,6,36,2020-11-17,14.76
13218,7,11,2,34,2020-11-17,13.41
13219,9,11,2,71,2020-11-17,10.56
13220,11,11,6,36,2020-11-17,16.75
13221,13,11,4,18,2020-11-17,25.62
13222,15,11,2,43,2020-11-17,42.06
13223,19,11,2,30,2020-11-17,27.05
13224,21,11,6,29,2020-11-17,40.19
13225,23,11,5,40,2020-11-17,21.59
13226,25,11,3,37,2020-11-17,17.00
13227,27,11,1,52,2020-11-17,14.32
13228,29,11,6,39,2020-11-17,12.48
13229,31,11,1,33,2020-11-17,20.62
13230,33,11,4,25,2020-11-17,22.52
13231,37,11,3,46,2020-11-17,22.28
13232,41,11,6,24,2020-11-17,7.42
13233,43,11,6,31,2020-11-17,7.69
13234,5,12,6,32,2020-11-17,14.39
13235,9,12,2,42,2020-11-17,11.95
13236,21,12,2,22,2020-11-17,31.88
13237,23,12,3,36,2020-11-17,20.97
13238,25,12,3,19,2020-11-17,16.74
13239,27,12,6,43,2020-11-17,15.37
13240,29,12,1,49,2020-11-17,13.92
13241,31,12,6,40,2020-11-17,17.06
13242,33,12,4,25,2020-11-17,23.72
13243,39,12,5,23,2020-11-17,26.18
13244,41,12,6,41,2020-11-17,7.46
13245,43,12,4,33,2020-11-17,7.24
13246,2,1,6,36,2020-12-03,14.60
13247,4,1,1,92,2020-12-03,14.70
13248,6,1,6,47,2020-12-03,9.31
13249,8,1,2,58,2020-12-03,13.82
13250,10,1,2,38,2020-12-03,19.34
13251,12,1,4,45,2020-12-03,29.77
13252,14,1,2,41,2020-12-03,24.48
13253,16,1,4,47,2020-12-03,43.46
13254,18,1,2,31,2020-12-03,22.01
13255,20,1,6,70,2020-12-03,19.11
13256,22,1,2,91,2020-12-03,18.48
13257,24,1,3,38,2020-12-03,23.90
13258,26,1,3,52,2020-12-03,23.90
13259,28,1,1,52,2020-12-03,18.93
13260,30,1,1,42,2020-12-03,26.36
13261,32,1,4,35,2020-12-03,28.89
13262,34,1,4,29,2020-12-03,32.41
13263,36,1,3,47,2020-12-03,25.12
13264,38,1,3,38,2020-12-03,21.70
13265,40,1,3,43,2020-12-03,24.42
13266,42,1,6,40,2020-12-03,10.36
13267,2,2,6,65,2020-12-03,13.39
13268,4,2,1,70,2020-12-03,17.56
13269,6,2,1,46,2020-12-03,11.13
13270,8,2,6,53,2020-12-03,14.61
13271,10,2,2,52,2020-12-03,17.77
13272,12,2,4,48,2020-12-03,32.66
13273,14,2,2,50,2020-12-03,25.71
13274,16,2,2,47,2020-12-03,48.95
13275,18,2,2,74,2020-12-03,24.33
13276,20,2,6,75,2020-12-03,16.41
13277,22,2,6,100,2020-12-03,19.73
13278,24,2,5,37,2020-12-03,24.58
13279,26,2,3,37,2020-12-03,22.01
13280,28,2,6,55,2020-12-03,19.15
13281,30,2,1,70,2020-12-03,26.43
13282,32,2,2,61,2020-12-03,23.47
13283,34,2,4,50,2020-12-03,29.96
13284,36,2,3,50,2020-12-03,26.83
13285,38,2,3,38,2020-12-03,22.98
13286,40,2,5,49,2020-12-03,30.86
13287,42,2,6,78,2020-12-03,10.47
13288,2,3,1,55,2020-12-03,14.71
13289,4,3,6,51,2020-12-03,15.01
13290,6,3,1,24,2020-12-03,10.40
13291,8,3,6,32,2020-12-03,14.33
13292,16,3,4,38,2020-12-03,43.88
13293,18,3,2,29,2020-12-03,24.00
13294,20,3,2,39,2020-12-03,19.46
13295,22,3,2,52,2020-12-03,23.20
13296,24,3,3,36,2020-12-03,24.51
13297,26,3,5,36,2020-12-03,24.25
13298,28,3,6,62,2020-12-03,18.41
13299,30,3,6,43,2020-12-03,23.83
13300,32,3,2,37,2020-12-03,26.53
13301,34,3,4,24,2020-12-03,31.95
13302,36,3,3,33,2020-12-03,23.00
13303,40,3,5,48,2020-12-03,27.09
13304,42,3,6,59,2020-12-03,10.17
13305,2,4,6,57,2020-12-03,15.53
13306,4,4,6,38,2020-12-03,16.40
13307,6,4,1,46,2020-12-03,9.62
13308,8,4,2,36,2020-12-03,14.30
13309,10,4,6,34,2020-12-03,18.29
13310,12,4,4,28,2020-12-03,30.83
13311,18,4,2,27,2020-12-03,22.96
13312,20,4,6,37,2020-12-03,17.67
13313,24,4,5,38,2020-12-03,22.21
13314,26,4,3,30,2020-12-03,22.23
13315,28,4,6,71,2020-12-03,15.05
13316,30,4,6,25,2020-12-03,27.22
13317,32,4,2,31,2020-12-03,24.28
13318,34,4,2,24,2020-12-03,35.83
13319,38,4,3,30,2020-12-03,21.21
13320,40,4,3,31,2020-12-03,25.66
13321,42,4,4,73,2020-12-03,9.08
13322,4,5,6,47,2020-12-03,17.03
13323,6,5,6,31,2020-12-03,8.94
13324,8,5,6,25,2020-12-03,15.83
13325,12,5,2,31,2020-12-03,33.63
13326,16,5,2,38,2020-12-03,48.97
13327,22,5,6,24,2020-12-03,20.42
13328,24,5,5,32,2020-12-03,25.46
13329,28,5,6,32,2020-12-03,15.26
13330,30,5,1,21,2020-12-03,24.24
13331,32,5,4,43,2020-12-03,24.28
13332,34,5,4,33,2020-12-03,31.47
13333,36,5,3,39,2020-12-03,22.03
13334,38,5,5,25,2020-12-03,20.33
13335,40,5,5,28,2020-12-03,30.09
13336,2,6,6,28,2020-12-03,15.44
13337,4,6,6,49,2020-12-03,15.85
13338,6,6,1,43,2020-12-03,10.93
13339,8,6,6,37,2020-12-03,14.76
13340,10,6,2,43,2020-12-03,17.16
13341,14,6,2,32,2020-12-03,22.85
13342,16,6,2,31,2020-12-03,42.70
13343,22,6,2,42,2020-12-03,23.19
13344,24,6,3,39,2020-12-03,23.69
13345,28,6,6,36,2020-12-03,15.46
13346,30,6,1,32,2020-12-03,28.53
13347,32,6,4,30,2020-12-03,23.41
13348,34,6,4,32,2020-12-03,29.35
13349,36,6,3,35,2020-12-03,26.48
13350,40,6,3,36,2020-12-03,27.59
13351,42,6,4,38,2020-12-03,8.66
13352,2,7,1,27,2020-12-03,12.89
13353,4,7,1,48,2020-12-03,14.12
13354,6,7,6,72,2020-12-03,9.19
13355,8,7,6,49,2020-12-03,12.92
13356,12,7,4,55,2020-12-03,34.22
13357,14,7,4,29,2020-12-03,25.43
13358,18,7,2,52,2020-12-03,23.80
13359,20,7,6,61,2020-12-03,18.19
13360,22,7,6,34,2020-12-03,20.59
13361,24,7,5,53,2020-12-03,25.50
13362,26,7,5,26,2020-12-03,21.51
13363,28,7,6,36,2020-12-03,15.46
13364,30,7,1,44,2020-12-03,28.92
13365,32,7,2,48,2020-12-03,26.56
13366,36,7,3,27,2020-12-03,21.80
13367,40,7,5,31,2020-12-03,30.53
13368,42,7,6,31,2020-12-03,9.68
13369,2,8,6,39,2020-12-03,13.43
13370,4,8,1,36,2020-12-03,14.22
13371,6,8,1,38,2020-12-03,9.67
13372,8,8,6,44,2020-12-03,14.76
13373,12,8,2,21,2020-12-03,35.34
13374,14,8,2,48,2020-12-03,27.05
13375,16,8,4,39,2020-12-03,42.04
13376,18,8,6,39,2020-12-03,24.57
13377,20,8,2,33,2020-12-03,17.82
13378,22,8,2,62,2020-12-03,18.73
13379,24,8,3,24,2020-12-03,24.49
13380,26,8,5,31,2020-12-03,19.58
13381,28,8,6,48,2020-12-03,19.06
13382,32,8,4,27,2020-12-03,27.09
13383,34,8,4,58,2020-12-03,30.51
13384,38,8,5,30,2020-12-03,19.66
13385,40,8,3,31,2020-12-03,28.76
13386,42,8,4,30,2020-12-03,10.20
13387,2,9,1,26,2020-12-03,13.71
13388,4,9,1,26,2020-12-03,14.87
13389,6,9,1,25,2020-12-03,10.93
13390,8,9,2,35,2020-12-03,15.38
13391,18,9,2,34,2020-12-03,26.15
13392,22,9,2,24,2020-12-03,19.94
13393,24,9,3,35,2020-12-03,22.51
13394,30,9,6,33,2020-12-03,26.78
13395,32,9,2,55,2020-12-03,29.03
13396,36,9,3,34,2020-12-03,25.31
13397,38,9,5,24,2020-12-03,19.63
13398,40,9,3,28,2020-12-03,26.53
13399,42,9,4,25,2020-12-03,9.64
13400,4,10,1,34,2020-12-03,16.21
13401,8,10,2,25,2020-12-03,12.68
13402,14,10,4,23,2020-12-03,24.55
13403,16,10,4,27,2020-12-03,41.26
13404,18,10,6,24,2020-12-03,21.57
13405,22,10,2,26,2020-12-03,19.57
13406,24,10,3,41,2020-12-03,23.39
13407,26,10,5,31,2020-12-03,22.72
13408,28,10,1,25,2020-12-03,17.08
13409,32,10,2,42,2020-12-03,27.06
13410,36,10,3,35,2020-12-03,26.99
13411,40,10,3,27,2020-12-03,25.13
13412,42,10,4,42,2020-12-03,9.73
13413,2,11,6,35,2020-12-03,14.82
13414,4,11,6,38,2020-12-03,15.12
13415,6,11,1,35,2020-12-03,11.60
13416,8,11,2,45,2020-12-03,14.28
13417,10,11,6,31,2020-12-03,14.97
13418,12,11,4,25,2020-12-03,33.96
13419,14,11,2,24,2020-12-03,24.60
13420,16,11,2,23,2020-12-03,39.65
13421,18,11,6,36,2020-12-03,25.81
13422,20,11,2,32,2020-12-03,20.55
13423,22,11,6,48,2020-12-03,22.01
13424,24,11,5,36,2020-12-03,24.65
13425,26,11,5,58,2020-12-03,23.06
13426,28,11,6,27,2020-12-03,16.53
13427,30,11,1,42,2020-12-03,28.76
13428,32,11,2,51,2020-12-03,26.30
13429,36,11,3,50,2020-12-03,24.27
13430,38,11,3,39,2020-12-03,22.33
13431,40,11,5,22,2020-12-03,29.02
13432,42,11,4,40,2020-12-03,10.67
13433,2,12,1,37,2020-12-03,13.00
13434,4,12,1,26,2020-12-03,14.11
13435,12,12,4,20,2020-12-03,31.37
13436,16,12,4,18,2020-12-03,39.83
13437,22,12,6,38,2020-12-03,20.76
13438,28,12,1,31,2020-12-03,15.57
13439,30,12,6,27,2020-12-03,26.09
13440,36,12,3,38,2020-12-03,22.42
13441,42,12,6,35,2020-12-03,8.99
13442,1,1,1,73,2020-12-17,13.09
13443,3,1,1,57,2020-12-17,9.81
13444,5,1,1,44,2020-12-17,11.68
13445,7,1,6,61,2020-12-17,10.68
13446,9,1,6,46,2020-12-17,12.16
13447,11,1,2,84,2020-12-17,13.70
13448,15,1,4,46,2020-12-17,46.08
13449,17,1,4,29,2020-12-17,34.28
13450,19,1,2,48,2020-12-17,33.20
13451,21,1,6,44,2020-12-17,35.24
13452,23,1,5,63,2020-12-17,22.18
13453,27,1,1,62,2020-12-17,13.45
13454,29,1,1,76,2020-12-17,12.68
13455,31,1,1,55,2020-12-17,17.74
13456,33,1,2,44,2020-12-17,21.17
13457,35,1,3,44,2020-12-17,16.33
13458,37,1,3,50,2020-12-17,19.04
13459,39,1,3,58,2020-12-17,24.32
13460,41,1,4,109,2020-12-17,7.97
13461,43,1,4,60,2020-12-17,5.97
13462,1,2,6,51,2020-12-17,12.65
13463,3,2,1,45,2020-12-17,9.63
13464,5,2,6,46,2020-12-17,11.76
13465,7,2,6,27,2020-12-17,12.15
13466,9,2,6,39,2020-12-17,12.83
13467,11,2,6,72,2020-12-17,13.35
13468,13,2,4,60,2020-12-17,30.50
13469,15,2,2,34,2020-12-17,39.32
13470,17,2,2,61,2020-12-17,29.56
13471,19,2,6,47,2020-12-17,30.86
13472,21,2,6,26,2020-12-17,32.24
13473,23,2,3,77,2020-12-17,20.71
13474,25,2,3,58,2020-12-17,18.00
13475,27,2,6,87,2020-12-17,15.94
13476,29,2,6,83,2020-12-17,11.24
13477,31,2,1,63,2020-12-17,17.98
13478,33,2,4,38,2020-12-17,19.70
13479,35,2,3,46,2020-12-17,18.02
13480,37,2,3,44,2020-12-17,23.56
13481,39,2,5,44,2020-12-17,22.13
13482,41,2,6,97,2020-12-17,7.89
13483,43,2,6,87,2020-12-17,6.42
13484,1,3,1,50,2020-12-17,11.44
13485,3,3,6,52,2020-12-17,12.00
13486,5,3,6,34,2020-12-17,13.65
13487,7,3,6,26,2020-12-17,12.56
13488,9,3,2,37,2020-12-17,12.45
13489,11,3,2,39,2020-12-17,14.64
13490,13,3,2,71,2020-12-17,31.54
13491,15,3,2,31,2020-12-17,44.36
13492,17,3,2,40,2020-12-17,34.77
13493,21,3,6,42,2020-12-17,34.63
13494,23,3,3,47,2020-12-17,18.56
13495,27,3,1,67,2020-12-17,15.86
13496,29,3,6,52,2020-12-17,13.88
13497,31,3,1,21,2020-12-17,19.36
13498,33,3,4,46,2020-12-17,22.69
13499,37,3,3,54,2020-12-17,23.18
13500,39,3,3,36,2020-12-17,24.30
13501,41,3,6,51,2020-12-17,8.64
13502,43,3,4,63,2020-12-17,7.03
13503,1,4,6,29,2020-12-17,11.57
13504,3,4,1,54,2020-12-17,12.19
13505,5,4,1,47,2020-12-17,12.85
13506,7,4,2,33,2020-12-17,12.08
13507,9,4,2,35,2020-12-17,11.14
13508,11,4,6,62,2020-12-17,15.95
13509,13,4,4,32,2020-12-17,31.11
13510,17,4,4,29,2020-12-17,28.25
13511,23,4,5,40,2020-12-17,22.25
13512,25,4,3,59,2020-12-17,18.19
13513,27,4,6,46,2020-12-17,15.84
13514,29,4,1,27,2020-12-17,14.10
13515,31,4,6,24,2020-12-17,18.11
13516,33,4,2,36,2020-12-17,24.57
13517,37,4,3,38,2020-12-17,19.65
13518,39,4,3,31,2020-12-17,22.04
13519,41,4,6,36,2020-12-17,7.73
13520,43,4,6,51,2020-12-17,5.97
13521,1,5,6,32,2020-12-17,11.96
13522,3,5,6,43,2020-12-17,11.39
13523,5,5,6,38,2020-12-17,11.56
13524,17,5,4,34,2020-12-17,29.35
13525,23,5,5,30,2020-12-17,21.43
13526,25,5,5,16,2020-12-17,18.99
13527,27,5,1,33,2020-12-17,12.83
13528,29,5,6,40,2020-12-17,12.86
13529,33,5,2,46,2020-12-17,22.68
13530,35,5,3,31,2020-12-17,15.81
13531,41,5,4,44,2020-12-17,8.44
13532,43,5,4,41,2020-12-17,6.33
13533,1,6,1,36,2020-12-17,11.30
13534,3,6,1,35,2020-12-17,10.46
13535,5,6,1,36,2020-12-17,11.89
13536,7,6,2,49,2020-12-17,12.21
13537,9,6,6,58,2020-12-17,11.25
13538,11,6,2,26,2020-12-17,16.19
13539,13,6,2,24,2020-12-17,27.67
13540,15,6,2,29,2020-12-17,41.12
13541,17,6,4,28,2020-12-17,32.67
13542,19,6,2,36,2020-12-17,29.51
13543,21,6,2,16,2020-12-17,32.94
13544,23,6,5,35,2020-12-17,20.79
13545,25,6,3,27,2020-12-17,16.43
13546,27,6,6,55,2020-12-17,15.21
13547,29,6,1,32,2020-12-17,11.98
13548,33,6,2,34,2020-12-17,20.98
13549,37,6,3,28,2020-12-17,21.76
13550,41,6,6,34,2020-12-17,7.60
13551,43,6,6,33,2020-12-17,6.80
13552,1,7,1,23,2020-12-17,13.52
13553,3,7,1,27,2020-12-17,11.55
13554,5,7,1,47,2020-12-17,12.17
13555,9,7,2,29,2020-12-17,10.94
13556,11,7,2,31,2020-12-17,15.85
13557,13,7,2,21,2020-12-17,31.99
13558,15,7,4,35,2020-12-17,42.84
13559,19,7,6,22,2020-12-17,30.90
13560,21,7,2,35,2020-12-17,35.79
13561,23,7,5,43,2020-12-17,21.78
13562,25,7,3,36,2020-12-17,18.47
13563,27,7,1,41,2020-12-17,15.10
13564,29,7,1,41,2020-12-17,14.57
13565,31,7,1,36,2020-12-17,20.06
13566,35,7,3,43,2020-12-17,13.87
13567,37,7,3,28,2020-12-17,18.99
13568,39,7,3,24,2020-12-17,25.00
13569,41,7,6,68,2020-12-17,9.42
13570,43,7,4,39,2020-12-17,6.65
13571,1,8,1,25,2020-12-17,12.16
13572,3,8,6,34,2020-12-17,10.96
13573,7,8,2,44,2020-12-17,11.98
13574,9,8,2,41,2020-12-17,10.08
13575,11,8,6,41,2020-12-17,14.46
13576,13,8,2,37,2020-12-17,29.66
13577,15,8,2,25,2020-12-17,41.88
13578,21,8,6,27,2020-12-17,40.03
13579,23,8,3,46,2020-12-17,22.81
13580,25,8,3,52,2020-12-17,17.94
13581,27,8,1,34,2020-12-17,15.44
13582,31,8,6,40,2020-12-17,16.67
13583,33,8,2,31,2020-12-17,24.13
13584,39,8,5,39,2020-12-17,25.98
13585,41,8,4,63,2020-12-17,9.32
13586,43,8,6,44,2020-12-17,6.53
13587,1,9,6,25,2020-12-17,12.45
13588,3,9,6,28,2020-12-17,11.85
13589,5,9,1,31,2020-12-17,13.69
13590,7,9,6,40,2020-12-17,11.30
13591,11,9,6,37,2020-12-17,15.89
13592,15,9,4,43,2020-12-17,38.39
13593,17,9,2,21,2020-12-17,34.05
13594,21,9,2,21,2020-12-17,38.16
13595,23,9,3,49,2020-12-17,20.75
13596,25,9,3,49,2020-12-17,19.20
13597,29,9,6,31,2020-12-17,13.09
13598,31,9,6,41,2020-12-17,19.27
13599,35,9,3,45,2020-12-17,16.01
13600,37,9,3,24,2020-12-17,20.73
13601,39,9,3,34,2020-12-17,25.63
13602,41,9,6,35,2020-12-17,7.76
13603,43,9,6,43,2020-12-17,6.43
13604,1,10,6,37,2020-12-17,13.74
13605,3,10,6,42,2020-12-17,10.20
13606,5,10,1,29,2020-12-17,13.58
13607,7,10,2,24,2020-12-17,12.55
13608,13,10,2,35,2020-12-17,26.83
13609,15,10,2,44,2020-12-17,43.74
13610,23,10,5,26,2020-12-17,22.47
13611,25,10,3,42,2020-12-17,16.93
13612,27,10,1,54,2020-12-17,12.91
13613,29,10,1,35,2020-12-17,12.47
13614,31,10,1,48,2020-12-17,20.58
13615,35,10,3,52,2020-12-17,16.02
13616,37,10,3,36,2020-12-17,21.49
13617,41,10,4,48,2020-12-17,9.28
13618,43,10,6,53,2020-12-17,6.36
13619,3,11,1,60,2020-12-17,9.80
13620,5,11,1,30,2020-12-17,12.15
13621,9,11,6,25,2020-12-17,10.55
13622,11,11,2,37,2020-12-17,14.62
13623,17,11,4,29,2020-12-17,30.06
13624,25,11,3,28,2020-12-17,16.53
13625,27,11,1,63,2020-12-17,12.77
13626,29,11,6,27,2020-12-17,13.19
13627,33,11,4,27,2020-12-17,24.72
13628,35,11,3,34,2020-12-17,16.43
13629,39,11,5,40,2020-12-17,20.56
13630,41,11,6,23,2020-12-17,7.88
13631,43,11,4,40,2020-12-17,7.46
13632,1,12,1,31,2020-12-17,12.82
13633,3,12,1,37,2020-12-17,9.72
13634,5,12,1,25,2020-12-17,14.35
13635,7,12,2,27,2020-12-17,11.65
13636,11,12,6,68,2020-12-17,14.23
13637,13,12,2,11,2020-12-17,29.91
13638,15,12,4,26,2020-12-17,37.19
13639,17,12,4,25,2020-12-17,28.84
13640,19,12,6,21,2020-12-17,28.58
13641,23,12,3,26,2020-12-17,20.36
13642,29,12,1,40,2020-12-17,12.21
13643,35,12,3,43,2020-12-17,17.41
13644,37,12,3,29,2020-12-17,19.68
13645,43,12,6,27,2020-12-17,6.91
13646,2,1,6,47,2021-01-04,12.79
13647,4,1,1,48,2021-01-04,16.46
13648,6,1,6,46,2021-01-04,11.43
13649,8,1,2,69,2021-01-04,16.04
13650,10,1,2,67,2021-01-04,15.81
13651,12,1,4,24,2021-01-04,36.47
13652,14,1,2,34,2021-01-04,23.14
13653,16,1,4,66,2021-01-04,49.32
13654,18,1,2,33,2021-01-04,24.12
13655,20,1,2,81,2021-01-04,18.50
13656,22,1,2,65,2021-01-04,23.64
13657,24,1,5,61,2021-01-04,21.75
13658,26,1,5,65,2021-01-04,23.49
13659,28,1,6,81,2021-01-04,16.45
13660,30,1,1,55,2021-01-04,26.51
13661,32,1,2,33,2021-01-04,22.87
13662,34,1,2,40,2021-01-04,28.47
13663,36,1,3,47,2021-01-04,23.78
13664,38,1,3,53,2021-01-04,20.09
13665,40,1,5,72,2021-01-04,24.09
13666,42,1,4,65,2021-01-04,10.08
13667,2,2,6,66,2021-01-04,14.99
13668,4,2,6,72,2021-01-04,16.06
13669,6,2,1,81,2021-01-04,10.74
13670,8,2,2,83,2021-01-04,15.35
13671,10,2,6,53,2021-01-04,17.72
13672,12,2,4,31,2021-01-04,33.43
13673,14,2,2,45,2021-01-04,23.14
13674,16,2,4,68,2021-01-04,43.30
13675,18,2,6,99,2021-01-04,22.36
13676,20,2,6,48,2021-01-04,18.03
13677,22,2,2,86,2021-01-04,20.55
13678,24,2,3,48,2021-01-04,26.17
13679,26,2,5,71,2021-01-04,20.80
13680,28,2,1,68,2021-01-04,16.13
13681,30,2,1,52,2021-01-04,26.13
13682,32,2,2,75,2021-01-04,24.93
13683,34,2,2,39,2021-01-04,31.14
13684,36,2,3,65,2021-01-04,27.74
13685,38,2,5,45,2021-01-04,24.77
13686,40,2,3,89,2021-01-04,25.71
13687,42,2,4,99,2021-01-04,10.65
13688,4,3,6,91,2021-01-04,14.39
13689,6,3,1,32,2021-01-04,9.46
13690,8,3,6,43,2021-01-04,16.33
13691,10,3,2,60,2021-01-04,15.11
13692,12,3,2,67,2021-01-04,30.59
13693,14,3,4,41,2021-01-04,24.89
13694,16,3,4,27,2021-01-04,44.57
13695,18,3,6,43,2021-01-04,26.27
13696,20,3,2,51,2021-01-04,16.81
13697,22,3,2,57,2021-01-04,21.76
13698,24,3,5,22,2021-01-04,20.87
13699,26,3,5,57,2021-01-04,19.18
13700,28,3,1,59,2021-01-04,15.58
13701,32,3,2,35,2021-01-04,23.34
13702,34,3,4,26,2021-01-04,32.24
13703,36,3,3,65,2021-01-04,24.08
13704,38,3,3,58,2021-01-04,22.26
13705,40,3,5,36,2021-01-04,30.42
13706,42,3,4,58,2021-01-04,10.17
13707,2,4,6,25,2021-01-04,15.78
13708,4,4,6,29,2021-01-04,15.31
13709,6,4,6,53,2021-01-04,8.93
13710,8,4,6,27,2021-01-04,15.43
13711,10,4,6,27,2021-01-04,18.00
13712,14,4,2,37,2021-01-04,27.16
13713,16,4,4,30,2021-01-04,51.22
13714,20,4,6,42,2021-01-04,20.54
13715,22,4,2,49,2021-01-04,21.52
13716,26,4,3,36,2021-01-04,24.90
13717,28,4,6,66,2021-01-04,18.22
13718,30,4,1,47,2021-01-04,30.05
13719,34,4,2,36,2021-01-04,31.70
13720,36,4,3,50,2021-01-04,23.28
13721,42,4,4,61,2021-01-04,10.60
13722,2,5,6,24,2021-01-04,13.65
13723,4,5,1,46,2021-01-04,15.77
13724,6,5,6,31,2021-01-04,10.66
13725,10,5,6,23,2021-01-04,15.40
13726,14,5,2,31,2021-01-04,28.25
13727,16,5,4,31,2021-01-04,42.29
13728,18,5,2,35,2021-01-04,21.68
13729,20,5,6,50,2021-01-04,18.87
13730,22,5,2,31,2021-01-04,21.63
13731,24,5,3,24,2021-01-04,24.31
13732,26,5,3,46,2021-01-04,22.25
13733,28,5,1,33,2021-01-04,16.76
13734,32,5,4,27,2021-01-04,23.37
13735,38,5,5,22,2021-01-04,21.79
13736,42,5,6,30,2021-01-04,10.14
13737,2,6,6,31,2021-01-04,15.34
13738,4,6,1,71,2021-01-04,14.24
13739,6,6,1,46,2021-01-04,10.95
13740,8,6,6,52,2021-01-04,15.65
13741,10,6,2,28,2021-01-04,18.64
13742,12,6,4,46,2021-01-04,35.61
13743,14,6,2,31,2021-01-04,29.00
13744,16,6,2,52,2021-01-04,46.35
13745,18,6,6,58,2021-01-04,24.89
13746,20,6,6,51,2021-01-04,19.53
13747,26,6,5,57,2021-01-04,21.59
13748,28,6,6,64,2021-01-04,17.79
13749,30,6,1,52,2021-01-04,26.61
13750,32,6,2,36,2021-01-04,24.53
13751,34,6,4,37,2021-01-04,32.86
13752,36,6,3,24,2021-01-04,22.84
13753,38,6,3,39,2021-01-04,21.60
13754,42,6,6,49,2021-01-04,8.65
13755,2,7,6,31,2021-01-04,13.50
13756,4,7,1,44,2021-01-04,15.06
13757,6,7,6,34,2021-01-04,10.04
13758,8,7,2,52,2021-01-04,13.63
13759,10,7,6,34,2021-01-04,15.49
13760,12,7,2,29,2021-01-04,33.69
13761,14,7,2,31,2021-01-04,28.58
13762,16,7,4,67,2021-01-04,41.10
13763,18,7,6,41,2021-01-04,27.41
13764,22,7,6,54,2021-01-04,20.77
13765,24,7,3,37,2021-01-04,22.72
13766,26,7,3,45,2021-01-04,22.60
13767,28,7,6,27,2021-01-04,17.76
13768,32,7,2,37,2021-01-04,26.41
13769,34,7,4,43,2021-01-04,29.17
13770,38,7,5,44,2021-01-04,20.08
13771,40,7,3,42,2021-01-04,28.65
13772,42,7,6,50,2021-01-04,8.64
13773,2,8,6,34,2021-01-04,13.76
13774,4,8,1,47,2021-01-04,16.23
13775,6,8,6,38,2021-01-04,10.41
13776,10,8,6,47,2021-01-04,15.14
13777,14,8,4,25,2021-01-04,27.42
13778,16,8,2,43,2021-01-04,44.81
13779,18,8,2,39,2021-01-04,26.32
13780,22,8,2,39,2021-01-04,20.56
13781,26,8,3,56,2021-01-04,19.90
13782,28,8,6,31,2021-01-04,18.12
13783,30,8,6,51,2021-01-04,26.91
13784,32,8,4,39,2021-01-04,24.80
13785,34,8,4,37,2021-01-04,36.27
13786,36,8,3,56,2021-01-04,23.43
13787,40,8,5,30,2021-01-04,30.03
13788,42,8,4,38,2021-01-04,9.43
13789,2,9,1,35,2021-01-04,14.79
13790,4,9,6,39,2021-01-04,17.21
13791,6,9,6,23,2021-01-04,10.12
13792,10,9,2,40,2021-01-04,17.88
13793,12,9,4,20,2021-01-04,31.82
13794,14,9,2,30,2021-01-04,28.83
13795,16,9,2,39,2021-01-04,47.91
13796,20,9,6,27,2021-01-04,19.50
13797,26,9,3,33,2021-01-04,24.04
13798,28,9,6,43,2021-01-04,16.53
13799,30,9,1,23,2021-01-04,29.62
13800,34,9,4,43,2021-01-04,34.13
13801,36,9,3,30,2021-01-04,26.29
13802,2,10,6,61,2021-01-04,16.19
13803,4,10,1,47,2021-01-04,17.62
13804,6,10,6,49,2021-01-04,11.11
13805,10,10,6,35,2021-01-04,19.21
13806,12,10,4,25,2021-01-04,34.97
13807,14,10,4,27,2021-01-04,28.95
13808,16,10,2,38,2021-01-04,40.37
13809,20,10,2,35,2021-01-04,16.76
13810,22,10,6,43,2021-01-04,21.65
13811,26,10,3,30,2021-01-04,23.28
13812,28,10,1,32,2021-01-04,16.23
13813,30,10,1,35,2021-01-04,25.28
13814,34,10,2,38,2021-01-04,33.48
13815,36,10,3,39,2021-01-04,24.40
13816,38,10,5,27,2021-01-04,19.87
13817,40,10,5,33,2021-01-04,27.60
13818,42,10,6,43,2021-01-04,10.40
13819,4,11,1,28,2021-01-04,14.14
13820,22,11,6,42,2021-01-04,22.49
13821,26,11,5,25,2021-01-04,24.90
13822,28,11,6,27,2021-01-04,17.79
13823,30,11,6,26,2021-01-04,26.44
13824,32,11,4,34,2021-01-04,23.37
13825,34,11,4,35,2021-01-04,28.43
13826,36,11,3,37,2021-01-04,25.93
13827,40,11,5,35,2021-01-04,30.88
13828,2,12,1,30,2021-01-04,15.10
13829,4,12,6,30,2021-01-04,16.61
13830,6,12,1,38,2021-01-04,10.27
13831,8,12,6,59,2021-01-04,15.32
13832,10,12,6,33,2021-01-04,18.44
13833,14,12,2,37,2021-01-04,23.59
13834,18,12,2,43,2021-01-04,26.99
13835,20,12,2,52,2021-01-04,17.11
13836,24,12,5,41,2021-01-04,22.77
13837,26,12,3,36,2021-01-04,23.15
13838,28,12,6,37,2021-01-04,18.23
13839,32,12,2,47,2021-01-04,25.20
13840,34,12,4,27,2021-01-04,33.46
13841,38,12,5,31,2021-01-04,21.60
13842,40,12,3,47,2021-01-04,24.27
13843,1,1,6,49,2021-01-18,12.60
13844,3,1,6,40,2021-01-18,11.45
13845,5,1,1,24,2021-01-18,11.80
13846,7,1,2,39,2021-01-18,13.01
13847,9,1,6,54,2021-01-18,10.50
13848,11,1,6,73,2021-01-18,15.68
13849,13,1,4,38,2021-01-18,28.25
13850,15,1,2,27,2021-01-18,37.07
13851,19,1,2,28,2021-01-18,30.80
13852,25,1,3,51,2021-01-18,17.86
13853,27,1,6,45,2021-01-18,14.04
13854,29,1,1,42,2021-01-18,11.80
13855,31,1,6,44,2021-01-18,20.00
13856,33,1,4,46,2021-01-18,19.33
13857,35,1,3,47,2021-01-18,17.24
13858,37,1,3,36,2021-01-18,22.44
13859,41,1,6,52,2021-01-18,8.78
13860,43,1,4,77,2021-01-18,7.57
13861,1,2,1,67,2021-01-18,12.06
13862,3,2,6,59,2021-01-18,10.62
13863,5,2,6,42,2021-01-18,12.68
13864,7,2,2,45,2021-01-18,12.50
13865,9,2,6,43,2021-01-18,11.59
13866,11,2,6,52,2021-01-18,17.09
13867,13,2,2,48,2021-01-18,25.06
13868,15,2,2,42,2021-01-18,38.28
13869,17,2,2,37,2021-01-18,29.07
13870,21,2,2,29,2021-01-18,36.07
13871,23,2,5,34,2021-01-18,21.87
13872,25,2,3,25,2021-01-18,16.29
13873,27,2,6,73,2021-01-18,14.42
13874,29,2,1,83,2021-01-18,11.76
13875,31,2,6,42,2021-01-18,19.37
13876,33,2,2,35,2021-01-18,22.39
13877,37,2,3,44,2021-01-18,20.80
13878,39,2,3,26,2021-01-18,26.50
13879,41,2,4,58,2021-01-18,7.94
13880,43,2,6,80,2021-01-18,6.40
13881,1,3,1,43,2021-01-18,13.56
13882,3,3,1,52,2021-01-18,10.65
13883,5,3,6,21,2021-01-18,14.93
13884,7,3,6,28,2021-01-18,12.34
13885,9,3,2,39,2021-01-18,10.58
13886,11,3,2,48,2021-01-18,14.15
13887,15,3,4,36,2021-01-18,44.98
13888,17,3,2,28,2021-01-18,36.08
13889,19,3,6,49,2021-01-18,28.21
13890,23,3,5,34,2021-01-18,19.89
13891,25,3,3,45,2021-01-18,18.75
13892,27,3,1,49,2021-01-18,12.67
13893,29,3,1,27,2021-01-18,12.94
13894,31,3,1,26,2021-01-18,16.96
13895,33,3,4,30,2021-01-18,20.60
13896,35,3,3,38,2021-01-18,14.50
13897,37,3,3,50,2021-01-18,22.48
13898,41,3,4,60,2021-01-18,7.45
13899,43,3,4,89,2021-01-18,6.85
13900,3,4,1,43,2021-01-18,12.12
13901,5,4,1,31,2021-01-18,13.91
13902,7,4,2,37,2021-01-18,12.25
13903,11,4,6,54,2021-01-18,14.41
13904,15,4,4,29,2021-01-18,43.04
13905,19,4,2,40,2021-01-18,25.79
13906,21,4,6,40,2021-01-18,31.42
13907,27,4,1,33,2021-01-18,15.69
13908,29,4,6,59,2021-01-18,13.71
13909,31,4,1,31,2021-01-18,16.14
13910,33,4,4,35,2021-01-18,23.89
13911,35,4,3,32,2021-01-18,15.03
13912,41,4,6,41,2021-01-18,8.24
13913,43,4,6,52,2021-01-18,6.44
13914,5,5,1,25,2021-01-18,12.28
13915,7,5,6,45,2021-01-18,11.29
13916,9,5,6,48,2021-01-18,10.11
13917,11,5,6,53,2021-01-18,15.70
13918,13,5,2,26,2021-01-18,27.99
13919,15,5,2,24,2021-01-18,39.42
13920,19,5,6,26,2021-01-18,30.01
13921,21,5,2,32,2021-01-18,36.99
13922,23,5,5,31,2021-01-18,21.36
13923,27,5,6,33,2021-01-18,15.16
13924,29,5,1,44,2021-01-18,13.71
13925,31,5,6,37,2021-01-18,16.33
13926,37,5,3,28,2021-01-18,20.92
13927,39,5,3,30,2021-01-18,24.19
13928,41,5,4,28,2021-01-18,8.05
13929,43,5,6,30,2021-01-18,6.03
13930,1,6,6,26,2021-01-18,13.71
13931,3,6,6,45,2021-01-18,12.18
13932,11,6,6,51,2021-01-18,16.00
13933,19,6,6,23,2021-01-18,26.29
13934,27,6,1,22,2021-01-18,15.20
13935,29,6,1,35,2021-01-18,14.15
13936,31,6,1,42,2021-01-18,20.48
13937,33,6,4,35,2021-01-18,23.08
13938,35,6,3,44,2021-01-18,17.47
13939,39,6,5,49,2021-01-18,26.57
13940,41,6,4,26,2021-01-18,9.23
13941,43,6,6,53,2021-01-18,7.57
13942,1,7,1,26,2021-01-18,12.78
13943,3,7,1,35,2021-01-18,11.31
13944,5,7,6,41,2021-01-18,12.67
13945,7,7,6,39,2021-01-18,12.08
13946,9,7,2,24,2021-01-18,11.28
13947,11,7,2,49,2021-01-18,13.47
13948,15,7,2,31,2021-01-18,45.55
13949,17,7,2,34,2021-01-18,35.00
13950,21,7,6,29,2021-01-18,40.31
13951,23,7,3,40,2021-01-18,20.23
13952,25,7,3,28,2021-01-18,17.46
13953,27,7,6,32,2021-01-18,14.99
13954,29,7,6,54,2021-01-18,11.23
13955,31,7,1,24,2021-01-18,19.62
13956,33,7,2,51,2021-01-18,22.83
13957,35,7,3,45,2021-01-18,16.88
13958,41,7,6,57,2021-01-18,9.30
13959,43,7,4,45,2021-01-18,6.74
13960,1,8,6,43,2021-01-18,11.68
13961,3,8,1,32,2021-01-18,9.65
13962,5,8,6,38,2021-01-18,14.76
13963,9,8,2,33,2021-01-18,12.20
13964,11,8,2,26,2021-01-18,17.12
13965,15,8,4,21,2021-01-18,47.12
13966,17,8,4,35,2021-01-18,32.34
13967,19,8,2,34,2021-01-18,30.79
13968,23,8,3,26,2021-01-18,20.72
13969,27,8,1,52,2021-01-18,13.61
13970,29,8,6,39,2021-01-18,13.29
13971,35,8,3,50,2021-01-18,16.17
13972,37,8,3,43,2021-01-18,20.77
13973,41,8,6,37,2021-01-18,9.40
13974,43,8,6,38,2021-01-18,6.01
13975,9,9,6,24,2021-01-18,10.98
13976,13,9,4,28,2021-01-18,26.60
13977,19,9,6,32,2021-01-18,26.05
13978,27,9,6,54,2021-01-18,15.65
13979,29,9,1,39,2021-01-18,12.15
13980,33,9,4,34,2021-01-18,24.18
13981,41,9,6,34,2021-01-18,8.24
13982,43,9,4,37,2021-01-18,6.87
13983,1,10,6,29,2021-01-18,13.15
13984,3,10,6,47,2021-01-18,11.95
13985,5,10,1,24,2021-01-18,15.01
13986,9,10,6,46,2021-01-18,9.91
13987,11,10,2,54,2021-01-18,13.92
13988,17,10,4,22,2021-01-18,31.70
13989,19,10,6,35,2021-01-18,31.10
13990,21,10,6,51,2021-01-18,37.77
13991,23,10,3,30,2021-01-18,19.44
13992,27,10,6,47,2021-01-18,15.02
13993,29,10,1,27,2021-01-18,14.62
13994,31,10,1,28,2021-01-18,17.90
13995,33,10,2,40,2021-01-18,22.29
13996,39,10,3,52,2021-01-18,22.01
13997,41,10,6,33,2021-01-18,7.90
13998,43,10,6,40,2021-01-18,7.23
13999,1,11,1,37,2021-01-18,11.22
14000,3,11,6,27,2021-01-18,12.40
14001,7,11,6,51,2021-01-18,12.21
14002,11,11,6,27,2021-01-18,13.37
14003,13,11,2,29,2021-01-18,26.11
14004,15,11,4,23,2021-01-18,39.58
14005,17,11,2,38,2021-01-18,29.86
14006,19,11,6,30,2021-01-18,31.90
14007,21,11,2,32,2021-01-18,38.03
14008,23,11,3,61,2021-01-18,21.52
14009,27,11,6,22,2021-01-18,14.83
14010,29,11,6,44,2021-01-18,14.30
14011,31,11,1,27,2021-01-18,19.78
14012,33,11,2,21,2021-01-18,24.69
14013,37,11,3,36,2021-01-18,18.75
14014,41,11,4,38,2021-01-18,8.33
14015,43,11,4,37,2021-01-18,6.99
14016,5,12,6,31,2021-01-18,13.40
14017,9,12,2,44,2021-01-18,12.32
14018,11,12,2,37,2021-01-18,15.23
14019,21,12,2,31,2021-01-18,32.90
14020,25,12,3,30,2021-01-18,18.64
14021,27,12,6,44,2021-01-18,14.99
14022,31,12,6,18,2021-01-18,20.06
14023,33,12,4,35,2021-01-18,20.73
14024,39,12,3,31,2021-01-18,21.46
14025,41,12,6,53,2021-01-18,8.82
14026,43,12,4,40,2021-01-18,7.13
14027,6,1,1,55,2021-02-03,10.57
14028,8,1,2,32,2021-02-03,15.95
14029,10,1,6,34,2021-02-03,17.69
14030,18,1,2,35,2021-02-03,23.56
14031,20,1,6,20,2021-02-03,17.32
14032,28,1,1,42,2021-02-03,16.60
14033,36,1,3,25,2021-02-03,26.93
14034,38,1,3,32,2021-02-03,23.60
14035,42,1,6,26,2021-02-03,8.40
14036,2,2,6,52,2021-02-03,14.03
14037,4,2,1,34,2021-02-03,15.70
14038,6,2,1,34,2021-02-03,9.48
14039,8,2,2,32,2021-02-03,14.08
14040,10,2,6,27,2021-02-03,18.28
14041,18,2,2,38,2021-02-03,26.81
14042,22,2,6,27,2021-02-03,23.51
14043,28,2,1,74,2021-02-03,17.94
14044,32,2,2,31,2021-02-03,22.47
14045,36,2,3,36,2021-02-03,23.87
14046,40,2,3,22,2021-02-03,30.24
14047,42,2,4,41,2021-02-03,8.91
14048,2,3,6,47,2021-02-03,14.42
14049,4,3,1,33,2021-02-03,16.23
14050,22,3,6,26,2021-02-03,23.54
14051,30,3,1,36,2021-02-03,25.09
14052,36,3,3,21,2021-02-03,25.31
14053,40,3,3,24,2021-02-03,29.77
14054,42,3,6,36,2021-02-03,9.72
14055,2,4,1,37,2021-02-03,14.85
14056,12,4,2,15,2021-02-03,36.38
14057,18,4,6,55,2021-02-03,22.30
14058,20,4,2,36,2021-02-03,19.06
14059,22,4,6,26,2021-02-03,22.37
14060,24,4,3,33,2021-02-03,22.63
14061,32,4,2,38,2021-02-03,23.49
14062,38,4,3,40,2021-02-03,21.16
14063,40,4,3,32,2021-02-03,23.93
14064,42,4,6,39,2021-02-03,9.29
14065,8,5,2,19,2021-02-03,14.10
14066,12,5,4,17,2021-02-03,33.82
14067,30,5,1,27,2021-02-03,26.46
14068,34,5,4,20,2021-02-03,28.17
14069,36,5,3,25,2021-02-03,24.48
14070,40,5,3,20,2021-02-03,25.48
14071,2,6,1,29,2021-02-03,14.74
14072,4,6,1,40,2021-02-03,16.30
14073,20,6,2,34,2021-02-03,17.87
14074,22,6,2,32,2021-02-03,20.81
14075,24,6,3,25,2021-02-03,25.60
14076,28,6,1,23,2021-02-03,18.62
14077,36,6,3,35,2021-02-03,24.32
14078,40,6,3,44,2021-02-03,27.89
14079,42,6,4,22,2021-02-03,8.61
14080,6,7,6,24,2021-02-03,9.06
14081,10,7,2,30,2021-02-03,18.75
14082,20,7,6,26,2021-02-03,15.84
14083,22,7,6,27,2021-02-03,23.56
14084,30,7,1,29,2021-02-03,24.25
14085,36,7,3,32,2021-02-03,21.90
14086,38,7,3,26,2021-02-03,23.41
14087,40,7,5,33,2021-02-03,25.99
14088,4,8,6,30,2021-02-03,17.58
14089,8,8,6,34,2021-02-03,13.70
14090,10,8,6,25,2021-02-03,16.15
14091,12,8,4,14,2021-02-03,29.55
14092,20,8,2,39,2021-02-03,17.03
14093,24,8,5,32,2021-02-03,22.57
14094,28,8,1,26,2021-02-03,18.60
14095,38,8,3,30,2021-02-03,22.16
14096,4,9,6,27,2021-02-03,17.63
14097,6,9,1,25,2021-02-03,10.39
14098,8,9,6,10,2021-02-03,14.85
14099,18,9,2,37,2021-02-03,22.63
14100,22,9,2,33,2021-02-03,19.30
14101,24,9,5,26,2021-02-03,22.93
14102,28,9,6,23,2021-02-03,14.98
14103,32,9,4,22,2021-02-03,27.15
14104,38,9,3,36,2021-02-03,23.74
14105,40,9,5,28,2021-02-03,27.71
14106,42,9,6,33,2021-02-03,10.28
14107,2,10,6,26,2021-02-03,14.30
14108,6,10,6,26,2021-02-03,8.96
14109,8,10,2,31,2021-02-03,13.33
14110,18,10,2,33,2021-02-03,23.42
14111,24,10,3,33,2021-02-03,24.22
14112,32,10,2,28,2021-02-03,25.29
14113,2,11,6,30,2021-02-03,12.63
14114,6,11,1,35,2021-02-03,9.07
14115,8,11,6,31,2021-02-03,14.88
14116,10,11,6,25,2021-02-03,18.15
14117,12,11,4,17,2021-02-03,30.41
14118,14,11,4,21,2021-02-03,23.16
14119,16,11,4,31,2021-02-03,48.52
14120,18,11,6,26,2021-02-03,23.09
14121,20,11,6,30,2021-02-03,16.62
14122,24,11,3,10,2021-02-03,26.14
14123,32,11,2,27,2021-02-03,23.27
14124,38,11,5,24,2021-02-03,21.42
14125,42,11,4,34,2021-02-03,10.47
14126,12,12,4,21,2021-02-03,34.99
14127,16,12,4,30,2021-02-03,48.03
14128,20,12,6,27,2021-02-03,15.87
14129,22,12,2,29,2021-02-03,21.07
14130,30,12,1,36,2021-02-03,30.30
14131,32,12,4,23,2021-02-03,25.74
14132,36,12,3,22,2021-02-03,23.40
14133,42,12,6,24,2021-02-03,9.56
14134,1,1,1,64,2021-02-17,10.97
14135,3,1,1,42,2021-02-17,11.76
14136,5,1,1,52,2021-02-17,13.55
14137,9,1,2,34,2021-02-17,12.30
14138,11,1,6,51,2021-02-17,14.31
14139,17,1,2,35,2021-02-17,31.43
14140,21,1,6,33,2021-02-17,31.97
14141,23,1,3,31,2021-02-17,18.35
14142,27,1,1,50,2021-02-17,14.05
14143,29,1,1,54,2021-02-17,13.04
14144,31,1,1,27,2021-02-17,16.62
14145,37,1,3,25,2021-02-17,23.06
14146,39,1,5,38,2021-02-17,25.63
14147,41,1,6,42,2021-02-17,7.58
14148,43,1,4,56,2021-02-17,7.26
14149,1,2,1,50,2021-02-17,13.23
14150,3,2,6,47,2021-02-17,11.91
14151,7,2,6,29,2021-02-17,12.31
14152,11,2,2,38,2021-02-17,13.78
14153,19,2,2,44,2021-02-17,32.96
14154,27,2,1,39,2021-02-17,14.42
14155,29,2,1,48,2021-02-17,12.38
14156,31,2,1,30,2021-02-17,20.40
14157,35,2,3,26,2021-02-17,17.56
14158,41,2,4,32,2021-02-17,9.35
14159,43,2,6,60,2021-02-17,7.35
14160,3,3,1,42,2021-02-17,12.28
14161,11,3,2,48,2021-02-17,13.46
14162,13,3,2,31,2021-02-17,31.68
14163,21,3,2,29,2021-02-17,33.45
14164,27,3,6,77,2021-02-17,14.17
14165,29,3,1,29,2021-02-17,14.40
14166,37,3,3,33,2021-02-17,19.35
14167,39,3,5,29,2021-02-17,22.57
14168,41,3,6,26,2021-02-17,8.70
14169,43,3,4,31,2021-02-17,7.04
14170,1,4,6,60,2021-02-17,10.59
14171,7,4,2,23,2021-02-17,10.59
14172,9,4,2,37,2021-02-17,12.32
14173,11,4,6,27,2021-02-17,16.91
14174,13,4,4,13,2021-02-17,25.56
14175,17,4,2,20,2021-02-17,36.02
14176,23,4,5,29,2021-02-17,22.33
14177,25,4,5,32,2021-02-17,17.66
14178,27,4,1,26,2021-02-17,15.09
14179,29,4,6,42,2021-02-17,11.27
14180,31,4,6,28,2021-02-17,16.44
14181,35,4,3,40,2021-02-17,16.16
14182,37,4,3,34,2021-02-17,18.73
14183,39,4,3,24,2021-02-17,24.76
14184,41,4,4,34,2021-02-17,9.26
14185,1,5,6,36,2021-02-17,10.84
14186,3,5,1,32,2021-02-17,10.22
14187,17,5,4,21,2021-02-17,29.13
14188,25,5,3,8,2021-02-17,18.29
14189,33,5,4,19,2021-02-17,23.14
14190,35,5,3,13,2021-02-17,14.69
14191,1,6,1,31,2021-02-17,12.36
14192,3,6,6,33,2021-02-17,11.87
14193,5,6,6,34,2021-02-17,12.60
14194,7,6,2,40,2021-02-17,11.69
14195,9,6,2,51,2021-02-17,12.76
14196,13,6,2,31,2021-02-17,28.23
14197,15,6,2,31,2021-02-17,39.84
14198,17,6,2,31,2021-02-17,30.17
14199,21,6,6,25,2021-02-17,36.65
14200,23,6,3,44,2021-02-17,18.31
14201,25,6,3,31,2021-02-17,16.11
14202,27,6,6,65,2021-02-17,15.85
14203,29,6,6,37,2021-02-17,13.44
14204,37,6,3,44,2021-02-17,22.90
14205,43,6,6,37,2021-02-17,6.95
14206,13,7,4,21,2021-02-17,31.69
14207,19,7,2,21,2021-02-17,27.61
14208,29,7,1,33,2021-02-17,12.81
14209,37,7,3,25,2021-02-17,19.93
14210,39,7,3,27,2021-02-17,23.59
14211,41,7,6,34,2021-02-17,8.73
14212,43,7,6,33,2021-02-17,7.24
14213,1,8,1,27,2021-02-17,13.08
14214,7,8,6,24,2021-02-17,12.76
14215,13,8,4,11,2021-02-17,27.68
14216,21,8,2,24,2021-02-17,35.91
14217,25,8,5,21,2021-02-17,19.95
14218,27,8,6,39,2021-02-17,15.36
14219,31,8,1,31,2021-02-17,19.33
14220,33,8,4,42,2021-02-17,21.84
14221,37,8,3,31,2021-02-17,22.26
14222,39,8,3,26,2021-02-17,24.05
14223,41,8,4,33,2021-02-17,8.01
14224,43,8,6,52,2021-02-17,6.36
14225,1,9,1,26,2021-02-17,11.23
14226,3,9,1,28,2021-02-17,12.40
14227,5,9,6,35,2021-02-17,13.28
14228,7,9,6,40,2021-02-17,12.56
14229,11,9,6,45,2021-02-17,15.90
14230,15,9,2,9,2021-02-17,45.84
14231,17,9,4,15,2021-02-17,34.24
14232,21,9,2,9,2021-02-17,33.36
14233,23,9,5,37,2021-02-17,22.44
14234,25,9,5,16,2021-02-17,18.17
14235,31,9,6,21,2021-02-17,19.72
14236,35,9,3,12,2021-02-17,15.39
14237,37,9,3,20,2021-02-17,23.09
14238,39,9,5,7,2021-02-17,25.06
14239,41,9,6,29,2021-02-17,8.58
14240,43,9,6,37,2021-02-17,6.98
14241,7,10,6,33,2021-02-17,11.97
14242,11,10,6,32,2021-02-17,15.85
14243,13,10,2,16,2021-02-17,27.54
14244,15,10,2,19,2021-02-17,40.30
14245,25,10,3,33,2021-02-17,19.60
14246,27,10,1,26,2021-02-17,16.17
14247,35,10,3,35,2021-02-17,13.98
14248,37,10,3,17,2021-02-17,19.23
14249,43,10,4,28,2021-02-17,6.87
14250,5,11,1,28,2021-02-17,12.17
14251,9,11,2,67,2021-02-17,12.65
14252,25,11,3,22,2021-02-17,20.06
14253,27,11,1,42,2021-02-17,15.80
14254,31,11,1,25,2021-02-17,19.48
14255,35,11,3,35,2021-02-17,16.69
14256,39,11,3,30,2021-02-17,24.50
14257,1,12,1,36,2021-02-17,11.24
14258,3,12,1,37,2021-02-17,11.30
14259,7,12,2,24,2021-02-17,11.54
14260,13,12,2,24,2021-02-17,31.90
14261,15,12,2,30,2021-02-17,44.04
14262,17,12,4,8,2021-02-17,30.17
14263,19,12,2,8,2021-02-17,30.03
14264,23,12,3,15,2021-02-17,18.56
14265,29,12,1,45,2021-02-17,14.07
14266,31,12,6,24,2021-02-17,16.97
14267,35,12,3,26,2021-02-17,15.08
14268,37,12,3,21,2021-02-17,22.14
14269,43,12,6,26,2021-02-17,7.54
14270,2,1,6,23,2021-03-03,13.52
14271,4,1,1,46,2021-03-03,14.57
14272,8,1,6,42,2021-03-03,13.45
14273,12,1,4,40,2021-03-03,33.61
14274,14,1,2,21,2021-03-03,26.08
14275,16,1,2,31,2021-03-03,45.16
14276,22,1,6,51,2021-03-03,19.37
14277,24,1,3,27,2021-03-03,26.26
14278,26,1,5,21,2021-03-03,22.38
14279,28,1,1,39,2021-03-03,15.94
14280,30,1,1,52,2021-03-03,29.85
14281,32,1,2,40,2021-03-03,28.81
14282,34,1,4,18,2021-03-03,30.24
14283,36,1,3,24,2021-03-03,22.72
14284,40,1,5,25,2021-03-03,30.08
14285,42,1,4,34,2021-03-03,9.99
14286,2,2,1,28,2021-03-03,12.89
14287,4,2,1,44,2021-03-03,16.05
14288,6,2,6,33,2021-03-03,9.63
14289,8,2,2,40,2021-03-03,12.97
14290,10,2,6,50,2021-03-03,17.70
14291,12,2,2,34,2021-03-03,32.61
14292,14,2,2,28,2021-03-03,27.40
14293,16,2,2,30,2021-03-03,40.24
14294,20,2,2,47,2021-03-03,18.88
14295,22,2,2,31,2021-03-03,18.72
14296,24,2,3,23,2021-03-03,22.18
14297,26,2,5,33,2021-03-03,23.42
14298,30,2,1,49,2021-03-03,25.14
14299,32,2,4,19,2021-03-03,27.01
14300,34,2,2,27,2021-03-03,31.59
14301,38,2,5,31,2021-03-03,21.45
14302,42,2,4,24,2021-03-03,9.89
14303,2,3,6,34,2021-03-03,14.42
14304,4,3,1,39,2021-03-03,14.62
14305,6,3,6,38,2021-03-03,10.54
14306,8,3,6,49,2021-03-03,13.74
14307,10,3,2,44,2021-03-03,15.20
14308,12,3,4,5,2021-03-03,32.17
14309,14,3,2,21,2021-03-03,24.78
14310,16,3,2,10,2021-03-03,46.07
14311,18,3,2,28,2021-03-03,25.01
14312,20,3,6,35,2021-03-03,19.91
14313,22,3,2,36,2021-03-03,21.28
14314,24,3,5,20,2021-03-03,20.94
14315,26,3,3,13,2021-03-03,21.84
14316,28,3,6,39,2021-03-03,18.06
14317,30,3,6,34,2021-03-03,25.52
14318,32,3,4,26,2021-03-03,24.21
14319,34,3,2,20,2021-03-03,28.96
14320,38,3,5,32,2021-03-03,23.77
14321,4,4,1,25,2021-03-03,15.54
14322,6,4,6,35,2021-03-03,11.36
14323,8,4,6,33,2021-03-03,16.23
14324,10,4,6,24,2021-03-03,17.79
14325,14,4,4,20,2021-03-03,24.45
14326,16,4,4,9,2021-03-03,44.11
14327,26,4,5,21,2021-03-03,24.58
14328,28,4,1,12,2021-03-03,16.16
14329,30,4,6,38,2021-03-03,28.74
14330,34,4,2,26,2021-03-03,34.47
14331,36,4,3,28,2021-03-03,24.48
14332,2,5,1,29,2021-03-03,15.28
14333,4,5,1,14,2021-03-03,14.91
14334,6,5,1,12,2021-03-03,11.14
14335,10,5,6,23,2021-03-03,17.88
14336,14,5,4,11,2021-03-03,23.29
14337,16,5,2,11,2021-03-03,42.66
14338,18,5,2,9,2021-03-03,27.18
14339,20,5,2,21,2021-03-03,18.71
14340,22,5,6,29,2021-03-03,22.91
14341,24,5,5,18,2021-03-03,21.62
14342,26,5,3,8,2021-03-03,21.09
14343,28,5,6,25,2021-03-03,15.31
14344,32,5,2,19,2021-03-03,28.99
14345,38,5,5,25,2021-03-03,23.00
14346,42,5,4,20,2021-03-03,10.19
14347,6,6,1,24,2021-03-03,8.95
14348,8,6,2,35,2021-03-03,12.81
14349,10,6,2,27,2021-03-03,18.44
14350,12,6,4,14,2021-03-03,33.25
14351,14,6,4,19,2021-03-03,26.17
14352,16,6,4,14,2021-03-03,41.79
14353,18,6,2,24,2021-03-03,27.85
14354,26,6,5,17,2021-03-03,20.20
14355,30,6,1,37,2021-03-03,24.33
14356,32,6,2,34,2021-03-03,24.63
14357,34,6,4,8,2021-03-03,35.24
14358,38,6,5,23,2021-03-03,19.50
14359,2,7,6,35,2021-03-03,13.42
14360,4,7,1,47,2021-03-03,15.48
14361,8,7,2,33,2021-03-03,14.85
14362,12,7,2,11,2021-03-03,31.32
14363,14,7,4,4,2021-03-03,25.80
14364,16,7,4,15,2021-03-03,47.13
14365,18,7,6,35,2021-03-03,26.21
14366,24,7,3,20,2021-03-03,24.94
14367,26,7,5,18,2021-03-03,20.51
14368,28,7,6,28,2021-03-03,15.08
14369,32,7,2,14,2021-03-03,25.39
14370,34,7,4,10,2021-03-03,36.36
14371,42,7,4,33,2021-03-03,8.88
14372,2,8,6,34,2021-03-03,14.03
14373,4,8,1,40,2021-03-03,14.37
14374,6,8,6,65,2021-03-03,9.38
14375,8,8,6,24,2021-03-03,15.38
14376,14,8,2,17,2021-03-03,26.45
14377,16,8,2,10,2021-03-03,44.48
14378,18,8,6,11,2021-03-03,23.43
14379,20,8,2,26,2021-03-03,18.01
14380,22,8,6,36,2021-03-03,20.70
14381,26,8,3,19,2021-03-03,20.70
14382,28,8,6,30,2021-03-03,16.28
14383,30,8,1,32,2021-03-03,30.84
14384,32,8,4,17,2021-03-03,27.30
14385,34,8,2,9,2021-03-03,31.45
14386,36,8,3,21,2021-03-03,21.53
14387,40,8,3,26,2021-03-03,27.79
14388,42,8,4,37,2021-03-03,9.22
14389,2,9,6,23,2021-03-03,13.46
14390,6,9,6,23,2021-03-03,10.11
14391,10,9,2,22,2021-03-03,15.47
14392,14,9,4,6,2021-03-03,23.04
14393,16,9,4,7,2021-03-03,49.60
14394,20,9,2,20,2021-03-03,20.31
14395,26,9,5,10,2021-03-03,23.72
14396,30,9,6,23,2021-03-03,24.34
14397,34,9,2,13,2021-03-03,29.35
14398,36,9,3,24,2021-03-03,25.46
14399,4,10,1,40,2021-03-03,14.70
14400,6,10,6,27,2021-03-03,9.39
14401,10,10,6,36,2021-03-03,17.58
14402,12,10,4,10,2021-03-03,30.78
14403,14,10,4,7,2021-03-03,25.07
14404,16,10,4,15,2021-03-03,42.69
14405,20,10,2,46,2021-03-03,15.99
14406,22,10,2,27,2021-03-03,20.85
14407,26,10,5,25,2021-03-03,22.45
14408,28,10,1,38,2021-03-03,18.94
14409,30,10,6,28,2021-03-03,30.69
14410,34,10,4,11,2021-03-03,35.95
14411,36,10,3,15,2021-03-03,24.39
14412,38,10,3,15,2021-03-03,20.03
14413,40,10,3,24,2021-03-03,28.28
14414,42,10,4,34,2021-03-03,8.84
14415,4,11,6,62,2021-03-03,17.80
14416,6,11,6,24,2021-03-03,9.96
14417,22,11,2,20,2021-03-03,19.42
14418,26,11,5,25,2021-03-03,21.77
14419,28,11,1,49,2021-03-03,15.44
14420,30,11,1,36,2021-03-03,29.32
14421,34,11,4,12,2021-03-03,36.27
14422,36,11,3,10,2021-03-03,25.40
14423,40,11,5,16,2021-03-03,26.24
14424,2,12,1,26,2021-03-03,15.02
14425,4,12,6,48,2021-03-03,16.87
14426,6,12,1,44,2021-03-03,9.45
14427,8,12,6,24,2021-03-03,13.53
14428,10,12,2,21,2021-03-03,14.98
14429,14,12,2,15,2021-03-03,23.54
14430,18,12,2,23,2021-03-03,23.46
14431,24,12,3,24,2021-03-03,24.08
14432,26,12,3,11,2021-03-03,24.25
14433,28,12,1,21,2021-03-03,17.20
14434,34,12,4,22,2021-03-03,29.86
14435,38,12,3,11,2021-03-03,24.41
14436,40,12,5,24,2021-03-03,24.44
14437,1,1,1,42,2021-03-17,11.47
14438,3,1,1,31,2021-03-17,10.98
14439,5,1,1,27,2021-03-17,14.17
14440,7,1,6,46,2021-03-17,12.04
14441,9,1,2,54,2021-03-17,12.52
14442,11,1,2,46,2021-03-17,14.05
14443,13,1,4,27,2021-03-17,26.79
14444,15,1,4,26,2021-03-17,39.95
14445,19,1,6,27,2021-03-17,33.23
14446,23,1,5,42,2021-03-17,20.46
14447,25,1,5,16,2021-03-17,19.63
14448,27,1,6,48,2021-03-17,14.88
14449,29,1,6,45,2021-03-17,14.35
14450,31,1,6,24,2021-03-17,19.97
14451,33,1,2,45,2021-03-17,23.09
14452,35,1,3,46,2021-03-17,16.65
14453,39,1,3,38,2021-03-17,22.08
14454,41,1,4,57,2021-03-17,7.82
14455,43,1,4,38,2021-03-17,7.12
14456,1,2,1,42,2021-03-17,10.62
14457,3,2,1,47,2021-03-17,10.13
14458,5,2,6,44,2021-03-17,14.91
14459,7,2,2,21,2021-03-17,11.58
14460,9,2,6,52,2021-03-17,10.67
14461,11,2,2,58,2021-03-17,14.86
14462,13,2,4,23,2021-03-17,26.64
14463,15,2,2,30,2021-03-17,41.43
14464,17,2,2,27,2021-03-17,30.51
14465,19,2,6,26,2021-03-17,32.14
14466,21,2,2,31,2021-03-17,40.18
14467,23,2,5,42,2021-03-17,20.19
14468,25,2,3,44,2021-03-17,17.90
14469,27,2,1,53,2021-03-17,15.28
14470,29,2,1,51,2021-03-17,14.38
14471,33,2,2,46,2021-03-17,23.54
14472,35,2,3,29,2021-03-17,17.25
14473,37,2,3,46,2021-03-17,20.00
14474,39,2,5,38,2021-03-17,22.75
14475,41,2,6,54,2021-03-17,8.93
14476,43,2,4,63,2021-03-17,7.56
14477,1,3,6,36,2021-03-17,12.31
14478,3,3,1,33,2021-03-17,12.25
14479,5,3,6,53,2021-03-17,12.58
14480,7,3,6,31,2021-03-17,12.19
14481,9,3,6,35,2021-03-17,11.01
14482,11,3,6,34,2021-03-17,16.57
14483,15,3,2,33,2021-03-17,38.06
14484,17,3,4,9,2021-03-17,32.25
14485,19,3,2,27,2021-03-17,31.52
14486,23,3,5,39,2021-03-17,20.53
14487,25,3,5,22,2021-03-17,17.72
14488,29,3,6,62,2021-03-17,14.35
14489,31,3,1,20,2021-03-17,18.47
14490,33,3,2,58,2021-03-17,20.29
14491,35,3,3,21,2021-03-17,16.01
14492,41,3,6,51,2021-03-17,7.42
14493,43,3,6,53,2021-03-17,5.99
14494,3,4,6,29,2021-03-17,10.83
14495,5,4,6,39,2021-03-17,12.77
14496,9,4,6,31,2021-03-17,11.00
14497,15,4,4,9,2021-03-17,41.34
14498,19,4,6,28,2021-03-17,29.87
14499,21,4,6,18,2021-03-17,38.46
14500,33,4,4,18,2021-03-17,24.89
14501,39,4,3,23,2021-03-17,22.88
14502,41,4,4,48,2021-03-17,8.66
14503,43,4,6,44,2021-03-17,7.72
14504,5,5,6,17,2021-03-17,12.84
14505,7,5,2,11,2021-03-17,12.54
14506,9,5,6,18,2021-03-17,11.14
14507,11,5,2,23,2021-03-17,15.30
14508,13,5,2,14,2021-03-17,27.33
14509,15,5,2,16,2021-03-17,45.95
14510,19,5,2,2,2021-03-17,30.54
14511,21,5,6,13,2021-03-17,32.83
14512,23,5,5,22,2021-03-17,19.62
14513,27,5,1,51,2021-03-17,13.49
14514,29,5,6,20,2021-03-17,11.73
14515,31,5,6,10,2021-03-17,18.38
14516,37,5,3,19,2021-03-17,21.73
14517,39,5,5,16,2021-03-17,24.90
14518,41,5,6,31,2021-03-17,8.51
14519,43,5,6,38,2021-03-17,6.57
14520,1,6,6,23,2021-03-17,12.58
14521,9,6,2,28,2021-03-17,10.93
14522,11,6,2,57,2021-03-17,14.63
14523,15,6,2,32,2021-03-17,37.68
14524,19,6,6,34,2021-03-17,29.02
14525,23,6,5,27,2021-03-17,20.68
14526,27,6,1,22,2021-03-17,13.75
14527,29,6,1,27,2021-03-17,12.48
14528,31,6,6,22,2021-03-17,20.10
14529,33,6,4,47,2021-03-17,20.28
14530,35,6,3,40,2021-03-17,17.44
14531,39,6,5,40,2021-03-17,25.58
14532,41,6,4,57,2021-03-17,9.22
14533,43,6,6,37,2021-03-17,7.16
14534,1,7,6,38,2021-03-17,13.26
14535,3,7,1,41,2021-03-17,9.61
14536,5,7,1,35,2021-03-17,13.57
14537,7,7,6,33,2021-03-17,12.33
14538,9,7,2,55,2021-03-17,12.79
14539,11,7,6,44,2021-03-17,15.56
14540,15,7,2,16,2021-03-17,39.02
14541,17,7,4,9,2021-03-17,33.55
14542,21,7,6,20,2021-03-17,37.34
14543,23,7,3,53,2021-03-17,22.00
14544,25,7,3,6,2021-03-17,16.71
14545,27,7,6,50,2021-03-17,14.83
14546,29,7,6,38,2021-03-17,12.03
14547,31,7,6,26,2021-03-17,19.62
14548,33,7,2,25,2021-03-17,23.25
14549,35,7,3,25,2021-03-17,14.49
14550,41,7,4,25,2021-03-17,8.47
14551,1,8,6,31,2021-03-17,12.19
14552,3,8,6,36,2021-03-17,9.63
14553,5,8,1,38,2021-03-17,12.07
14554,9,8,6,41,2021-03-17,11.45
14555,11,8,6,59,2021-03-17,14.29
14556,15,8,4,22,2021-03-17,37.73
14557,17,8,2,11,2021-03-17,35.25
14558,19,8,2,23,2021-03-17,31.05
14559,23,8,3,28,2021-03-17,22.25
14560,27,8,1,48,2021-03-17,14.83
14561,29,8,6,66,2021-03-17,11.53
14562,35,8,3,26,2021-03-17,16.64
14563,39,8,3,24,2021-03-17,21.27
14564,43,8,4,40,2021-03-17,7.11
14565,1,9,1,34,2021-03-17,13.41
14566,9,9,2,31,2021-03-17,12.90
14567,13,9,4,23,2021-03-17,27.21
14568,19,9,6,16,2021-03-17,27.63
14569,21,9,2,22,2021-03-17,37.98
14570,25,9,3,24,2021-03-17,19.58
14571,27,9,6,52,2021-03-17,13.74
14572,29,9,6,50,2021-03-17,14.62
14573,33,9,2,19,2021-03-17,19.49
14574,43,9,4,31,2021-03-17,6.20
14575,1,10,1,33,2021-03-17,13.63
14576,3,10,6,38,2021-03-17,10.15
14577,5,10,1,8,2021-03-17,12.99
14578,9,10,6,41,2021-03-17,10.69
14579,11,10,2,38,2021-03-17,14.15
14580,17,10,2,25,2021-03-17,31.28
14581,19,10,2,25,2021-03-17,30.77
14582,21,10,2,22,2021-03-17,38.38
14583,23,10,5,13,2021-03-17,19.88
14584,27,10,6,25,2021-03-17,15.11
14585,29,10,6,50,2021-03-17,13.86
14586,31,10,6,26,2021-03-17,15.85
14587,33,10,4,20,2021-03-17,22.29
14588,39,10,5,27,2021-03-17,22.04
14589,41,10,6,42,2021-03-17,7.79
14590,43,10,4,32,2021-03-17,6.16
14591,1,11,1,44,2021-03-17,13.68
14592,3,11,6,50,2021-03-17,11.28
14593,5,11,6,25,2021-03-17,14.94
14594,7,11,6,40,2021-03-17,12.81
14595,9,11,2,24,2021-03-17,12.45
14596,11,11,2,48,2021-03-17,14.35
14597,13,11,4,26,2021-03-17,25.81
14598,15,11,2,19,2021-03-17,44.66
14599,17,11,2,5,2021-03-17,33.89
14600,19,11,6,6,2021-03-17,29.62
14601,21,11,2,13,2021-03-17,39.94
14602,23,11,5,17,2021-03-17,20.32
14603,29,11,1,39,2021-03-17,12.44
14604,33,11,2,33,2021-03-17,20.28
14605,37,11,3,19,2021-03-17,23.62
14606,41,11,4,45,2021-03-17,8.12
14607,43,11,4,42,2021-03-17,6.18
14608,5,12,6,26,2021-03-17,12.96
14609,7,12,2,21,2021-03-17,12.02
14610,9,12,6,18,2021-03-17,10.72
14611,11,12,2,34,2021-03-17,14.42
14612,21,12,2,26,2021-03-17,36.84
14613,23,12,3,26,2021-03-17,19.15
14614,25,12,3,8,2021-03-17,17.81
14615,27,12,1,33,2021-03-17,16.00
14616,29,12,1,28,2021-03-17,13.05
14617,33,12,2,24,2021-03-17,20.38
14618,39,12,5,14,2021-03-17,22.89
14619,41,12,4,37,2021-03-17,8.94
14620,2,1,1,25,2021-04-05,15.87
14621,4,1,1,54,2021-04-05,17.47
14622,6,1,6,79,2021-04-05,11.00
14623,8,1,2,54,2021-04-05,15.25
14624,10,1,6,51,2021-04-05,15.75
14625,12,1,4,25,2021-04-05,34.63
14626,14,1,2,38,2021-04-05,25.73
14627,18,1,6,36,2021-04-05,21.60
14628,20,1,2,48,2021-04-05,20.36
14629,22,1,6,47,2021-04-05,22.34
14630,24,1,5,37,2021-04-05,25.71
14631,26,1,5,35,2021-04-05,20.16
14632,28,1,6,48,2021-04-05,18.53
14633,30,1,1,33,2021-04-05,28.84
14634,32,1,2,38,2021-04-05,29.09
14635,34,1,4,34,2021-04-05,34.11
14636,36,1,3,30,2021-04-05,22.17
14637,38,1,5,48,2021-04-05,22.00
14638,40,1,5,44,2021-04-05,24.99
14639,42,1,4,71,2021-04-05,8.94
14640,2,2,6,36,2021-04-05,14.51
14641,4,2,6,86,2021-04-05,16.85
14642,6,2,1,45,2021-04-05,9.37
14643,8,2,6,49,2021-04-05,14.54
14644,10,2,6,51,2021-04-05,15.20
14645,12,2,2,40,2021-04-05,36.70
14646,14,2,4,36,2021-04-05,25.04
14647,16,2,4,49,2021-04-05,44.03
14648,18,2,2,50,2021-04-05,22.01
14649,20,2,2,41,2021-04-05,17.59
14650,22,2,2,58,2021-04-05,21.77
14651,24,2,5,37,2021-04-05,23.11
14652,26,2,5,74,2021-04-05,22.48
14653,28,2,6,76,2021-04-05,14.89
14654,30,2,6,23,2021-04-05,26.69
14655,34,2,2,26,2021-04-05,32.36
14656,36,2,3,65,2021-04-05,27.58
14657,38,2,5,37,2021-04-05,20.06
14658,40,2,3,68,2021-04-05,28.06
14659,42,2,4,37,2021-04-05,10.02
14660,2,3,6,30,2021-04-05,12.60
14661,4,3,6,61,2021-04-05,17.27
14662,6,3,6,51,2021-04-05,11.60
14663,8,3,2,40,2021-04-05,13.64
14664,10,3,6,71,2021-04-05,16.33
14665,12,3,2,22,2021-04-05,30.64
14666,18,3,6,27,2021-04-05,22.13
14667,22,3,6,40,2021-04-05,22.81
14668,24,3,3,35,2021-04-05,20.86
14669,26,3,3,49,2021-04-05,23.70
14670,28,3,1,35,2021-04-05,18.39
14671,30,3,6,39,2021-04-05,30.24
14672,32,3,2,24,2021-04-05,28.83
14673,36,3,3,26,2021-04-05,26.20
14674,38,3,3,41,2021-04-05,24.84
14675,40,3,5,65,2021-04-05,29.04
14676,42,3,4,67,2021-04-05,8.65
14677,2,4,6,27,2021-04-05,14.83
14678,4,4,6,38,2021-04-05,15.42
14679,6,4,6,28,2021-04-05,10.16
14680,8,4,6,38,2021-04-05,14.32
14681,12,4,4,12,2021-04-05,36.23
14682,18,4,2,35,2021-04-05,27.29
14683,20,4,6,35,2021-04-05,16.39
14684,22,4,2,36,2021-04-05,21.00
14685,24,4,3,38,2021-04-05,22.32
14686,26,4,3,22,2021-04-05,22.47
14687,32,4,4,29,2021-04-05,24.37
14688,36,4,3,32,2021-04-05,24.29
14689,38,4,3,8,2021-04-05,21.85
14690,40,4,3,23,2021-04-05,27.70
14691,42,4,6,37,2021-04-05,8.54
14692,2,5,6,30,2021-04-05,12.78
14693,8,5,6,44,2021-04-05,14.16
14694,12,5,4,12,2021-04-05,31.12
14695,24,5,3,27,2021-04-05,23.62
14696,30,5,1,38,2021-04-05,27.85
14697,32,5,4,23,2021-04-05,22.87
14698,34,5,4,19,2021-04-05,35.35
14699,36,5,3,20,2021-04-05,25.23
14700,40,5,3,19,2021-04-05,26.48
14701,2,6,1,33,2021-04-05,15.17
14702,4,6,1,70,2021-04-05,14.88
14703,6,6,6,22,2021-04-05,9.21
14704,8,6,6,25,2021-04-05,15.84
14705,10,6,2,29,2021-04-05,14.87
14706,12,6,2,21,2021-04-05,33.51
14707,14,6,4,27,2021-04-05,27.30
14708,18,6,6,30,2021-04-05,24.57
14709,20,6,2,42,2021-04-05,18.61
14710,22,6,6,49,2021-04-05,18.96
14711,24,6,3,38,2021-04-05,23.94
14712,26,6,5,35,2021-04-05,21.84
14713,28,6,6,36,2021-04-05,17.85
14714,30,6,6,26,2021-04-05,28.78
14715,32,6,2,53,2021-04-05,25.11
14716,34,6,4,25,2021-04-05,30.94
14717,36,6,3,49,2021-04-05,22.03
14718,38,6,3,22,2021-04-05,22.41
14719,40,6,3,32,2021-04-05,28.76
14720,42,6,6,64,2021-04-05,10.22
14721,4,7,1,51,2021-04-05,16.42
14722,6,7,1,38,2021-04-05,11.07
14723,8,7,2,35,2021-04-05,13.59
14724,10,7,2,30,2021-04-05,18.66
14725,12,7,2,31,2021-04-05,37.99
14726,14,7,4,24,2021-04-05,23.20
14727,16,7,2,31,2021-04-05,40.19
14728,18,7,6,32,2021-04-05,26.92
14729,20,7,6,36,2021-04-05,18.48
14730,22,7,6,38,2021-04-05,22.65
14731,24,7,5,29,2021-04-05,22.62
14732,26,7,5,37,2021-04-05,20.66
14733,28,7,6,26,2021-04-05,16.30
14734,30,7,6,39,2021-04-05,24.29
14735,34,7,2,30,2021-04-05,28.93
14736,36,7,3,31,2021-04-05,23.13
14737,38,7,5,34,2021-04-05,22.68
14738,40,7,3,34,2021-04-05,24.67
14739,42,7,6,26,2021-04-05,8.96
14740,4,8,6,30,2021-04-05,17.07
14741,10,8,2,31,2021-04-05,15.49
14742,12,8,2,40,2021-04-05,37.05
14743,18,8,2,39,2021-04-05,27.41
14744,20,8,2,28,2021-04-05,17.84
14745,22,8,2,24,2021-04-05,22.03
14746,24,8,3,18,2021-04-05,26.09
14747,26,8,5,41,2021-04-05,23.21
14748,28,8,6,37,2021-04-05,17.29
14749,30,8,1,32,2021-04-05,30.55
14750,32,8,4,34,2021-04-05,26.96
14751,34,8,2,32,2021-04-05,35.87
14752,36,8,3,26,2021-04-05,22.37
14753,38,8,3,18,2021-04-05,20.75
14754,42,8,4,40,2021-04-05,9.09
14755,4,9,1,40,2021-04-05,15.13
14756,6,9,1,34,2021-04-05,9.91
14757,8,9,6,31,2021-04-05,13.38
14758,12,9,2,16,2021-04-05,32.59
14759,14,9,2,23,2021-04-05,25.86
14760,18,9,2,34,2021-04-05,25.91
14761,22,9,6,36,2021-04-05,18.30
14762,24,9,3,12,2021-04-05,23.17
14763,26,9,3,37,2021-04-05,21.62
14764,28,9,1,37,2021-04-05,16.84
14765,32,9,2,25,2021-04-05,26.40
14766,38,9,5,20,2021-04-05,22.32
14767,40,9,5,34,2021-04-05,25.41
14768,42,9,4,29,2021-04-05,9.75
14769,2,10,1,24,2021-04-05,15.49
14770,8,10,6,47,2021-04-05,12.83
14771,10,10,2,31,2021-04-05,16.82
14772,18,10,2,26,2021-04-05,25.68
14773,22,10,2,27,2021-04-05,20.55
14774,24,10,5,23,2021-04-05,21.12
14775,26,10,5,26,2021-04-05,21.75
14776,28,10,1,35,2021-04-05,15.30
14777,32,10,2,19,2021-04-05,28.86
14778,36,10,3,32,2021-04-05,24.80
14779,42,10,4,34,2021-04-05,10.37
14780,2,11,1,34,2021-04-05,13.61
14781,4,11,6,24,2021-04-05,18.01
14782,6,11,6,24,2021-04-05,11.05
14783,8,11,6,61,2021-04-05,13.21
14784,10,11,2,42,2021-04-05,17.31
14785,12,11,4,36,2021-04-05,35.35
14786,14,11,2,12,2021-04-05,24.59
14787,16,11,4,15,2021-04-05,47.62
14788,18,11,6,27,2021-04-05,27.22
14789,20,11,2,33,2021-04-05,17.43
14790,22,11,6,24,2021-04-05,19.17
14791,24,11,3,13,2021-04-05,21.42
14792,26,11,5,45,2021-04-05,21.57
14793,32,11,4,31,2021-04-05,25.08
14794,34,11,4,28,2021-04-05,31.29
14795,38,11,5,34,2021-04-05,20.00
14796,42,11,6,53,2021-04-05,10.55
14797,2,12,6,27,2021-04-05,12.81
14798,4,12,1,31,2021-04-05,17.52
14799,10,12,6,32,2021-04-05,18.23
14800,12,12,2,32,2021-04-05,37.82
14801,16,12,4,18,2021-04-05,39.97
14802,20,12,6,44,2021-04-05,17.84
14803,22,12,2,39,2021-04-05,18.89
14804,24,12,3,24,2021-04-05,25.34
14805,30,12,6,32,2021-04-05,25.85
14806,32,12,4,20,2021-04-05,24.55
14807,36,12,3,26,2021-04-05,23.26
14808,38,12,5,29,2021-04-05,20.84
14809,40,12,3,25,2021-04-05,25.94
14810,42,12,4,21,2021-04-05,8.30
14811,1,1,1,77,2021-04-19,10.75
14812,3,1,6,45,2021-04-19,10.47
14813,5,1,1,48,2021-04-19,12.44
14814,7,1,6,35,2021-04-19,11.57
14815,9,1,6,40,2021-04-19,12.61
14816,11,1,6,58,2021-04-19,14.70
14817,13,1,4,37,2021-04-19,29.09
14818,15,1,2,31,2021-04-19,46.98
14819,17,1,4,44,2021-04-19,34.46
14820,19,1,6,33,2021-04-19,28.99
14821,21,1,2,50,2021-04-19,31.75
14822,23,1,5,50,2021-04-19,21.73
14823,25,1,5,34,2021-04-19,16.15
14824,27,1,6,50,2021-04-19,13.58
14825,29,1,6,27,2021-04-19,14.47
14826,31,1,6,24,2021-04-19,15.90
14827,33,1,4,40,2021-04-19,22.44
14828,35,1,3,37,2021-04-19,16.37
14829,37,1,3,35,2021-04-19,18.21
14830,39,1,5,36,2021-04-19,22.20
14831,41,1,6,73,2021-04-19,8.44
14832,43,1,4,45,2021-04-19,6.03
14833,1,2,1,54,2021-04-19,12.01
14834,3,2,6,51,2021-04-19,12.47
14835,5,2,6,41,2021-04-19,12.92
14836,7,2,6,46,2021-04-19,11.17
14837,9,2,2,85,2021-04-19,11.14
14838,11,2,6,63,2021-04-19,14.64
14839,13,2,4,35,2021-04-19,27.63
14840,15,2,4,46,2021-04-19,40.97
14841,17,2,2,42,2021-04-19,34.46
14842,19,2,2,39,2021-04-19,26.52
14843,21,2,6,25,2021-04-19,38.77
14844,23,2,3,77,2021-04-19,20.47
14845,25,2,3,46,2021-04-19,20.21
14846,27,2,6,63,2021-04-19,12.66
14847,29,2,1,74,2021-04-19,13.18
14848,31,2,6,64,2021-04-19,20.04
14849,33,2,2,36,2021-04-19,23.84
14850,35,2,3,27,2021-04-19,17.41
14851,39,2,3,30,2021-04-19,25.93
14852,41,2,6,103,2021-04-19,9.05
14853,43,2,4,54,2021-04-19,7.66
14854,1,3,1,51,2021-04-19,12.12
14855,3,3,1,46,2021-04-19,10.25
14856,5,3,1,33,2021-04-19,14.39
14857,7,3,2,24,2021-04-19,12.84
14858,9,3,2,55,2021-04-19,11.99
14859,11,3,2,60,2021-04-19,16.18
14860,13,3,4,52,2021-04-19,27.44
14861,17,3,2,26,2021-04-19,34.34
14862,19,3,2,38,2021-04-19,27.33
14863,21,3,6,51,2021-04-19,38.05
14864,23,3,5,55,2021-04-19,18.38
14865,25,3,5,33,2021-04-19,20.21
14866,27,3,6,32,2021-04-19,15.36
14867,29,3,6,38,2021-04-19,11.67
14868,33,3,4,28,2021-04-19,20.87
14869,35,3,3,33,2021-04-19,14.47
14870,37,3,3,44,2021-04-19,19.45
14871,39,3,5,29,2021-04-19,26.14
14872,41,3,4,51,2021-04-19,8.02
14873,43,3,6,40,2021-04-19,7.00
14874,1,4,6,36,2021-04-19,13.00
14875,3,4,6,31,2021-04-19,11.85
14876,5,4,6,24,2021-04-19,11.65
14877,7,4,2,27,2021-04-19,12.99
14878,9,4,2,56,2021-04-19,10.21
14879,11,4,6,51,2021-04-19,13.22
14880,13,4,2,12,2021-04-19,25.97
14881,15,4,2,21,2021-04-19,44.61
14882,17,4,2,33,2021-04-19,34.03
14883,23,4,3,67,2021-04-19,19.30
14884,25,4,5,20,2021-04-19,16.50
14885,27,4,6,44,2021-04-19,14.14
14886,29,4,1,31,2021-04-19,12.81
14887,31,4,6,24,2021-04-19,16.06
14888,33,4,4,26,2021-04-19,19.37
14889,35,4,3,34,2021-04-19,17.67
14890,37,4,3,20,2021-04-19,19.83
14891,41,4,4,45,2021-04-19,8.60
14892,43,4,4,50,2021-04-19,7.47
14893,1,5,1,35,2021-04-19,10.59
14894,3,5,1,34,2021-04-19,11.66
14895,11,5,2,33,2021-04-19,13.26
14896,15,5,2,29,2021-04-19,39.61
14897,17,5,2,25,2021-04-19,34.05
14898,25,5,5,28,2021-04-19,19.49
14899,29,5,6,27,2021-04-19,12.91
14900,33,5,4,30,2021-04-19,24.12
14901,35,5,3,20,2021-04-19,15.70
14902,41,5,4,25,2021-04-19,8.39
14903,43,5,6,33,2021-04-19,6.70
14904,1,6,6,37,2021-04-19,11.17
14905,3,6,1,51,2021-04-19,11.43
14906,5,6,1,45,2021-04-19,14.62
14907,7,6,6,34,2021-04-19,12.75
14908,9,6,6,51,2021-04-19,12.28
14909,11,6,6,44,2021-04-19,13.55
14910,13,6,2,22,2021-04-19,28.91
14911,17,6,4,26,2021-04-19,33.79
14912,21,6,6,41,2021-04-19,33.36
14913,23,6,5,57,2021-04-19,18.56
14914,25,6,3,31,2021-04-19,16.54
14915,27,6,1,45,2021-04-19,14.92
14916,29,6,1,40,2021-04-19,13.03
14917,31,6,1,25,2021-04-19,19.00
14918,37,6,3,38,2021-04-19,23.06
14919,41,6,4,38,2021-04-19,9.11
14920,43,6,4,37,2021-04-19,7.34
14921,1,7,1,24,2021-04-19,11.75
14922,3,7,1,37,2021-04-19,11.19
14923,7,7,2,33,2021-04-19,12.03
14924,11,7,2,39,2021-04-19,17.09
14925,13,7,2,27,2021-04-19,27.22
14926,19,7,2,40,2021-04-19,32.85
14927,21,7,2,19,2021-04-19,34.89
14928,23,7,5,58,2021-04-19,22.06
14929,25,7,5,31,2021-04-19,18.98
14930,27,7,6,51,2021-04-19,14.14
14931,29,7,1,38,2021-04-19,13.77
14932,37,7,3,27,2021-04-19,19.18
14933,39,7,5,24,2021-04-19,23.91
14934,41,7,6,73,2021-04-19,7.91
14935,43,7,6,63,2021-04-19,6.94
14936,1,8,6,34,2021-04-19,12.46
14937,5,8,1,26,2021-04-19,14.14
14938,7,8,6,43,2021-04-19,13.30
14939,9,8,2,36,2021-04-19,11.59
14940,11,8,6,40,2021-04-19,16.81
14941,13,8,2,25,2021-04-19,26.02
14942,21,8,2,21,2021-04-19,33.36
14943,23,8,3,45,2021-04-19,21.88
14944,25,8,5,36,2021-04-19,18.62
14945,27,8,6,50,2021-04-19,12.77
14946,29,8,1,59,2021-04-19,13.29
14947,31,8,6,37,2021-04-19,20.32
14948,33,8,2,53,2021-04-19,20.05
14949,37,8,3,24,2021-04-19,23.19
14950,41,8,4,64,2021-04-19,8.58
14951,43,8,6,77,2021-04-19,6.72
14952,3,9,6,63,2021-04-19,10.50
14953,5,9,1,27,2021-04-19,12.38
14954,7,9,6,29,2021-04-19,11.22
14955,9,9,2,26,2021-04-19,11.70
14956,11,9,2,28,2021-04-19,15.08
14957,15,9,4,13,2021-04-19,43.62
14958,17,9,4,18,2021-04-19,30.92
14959,23,9,5,38,2021-04-19,21.02
14960,27,9,6,27,2021-04-19,12.62
14961,29,9,6,44,2021-04-19,12.74
14962,31,9,6,24,2021-04-19,20.09
14963,35,9,3,18,2021-04-19,14.40
14964,37,9,3,8,2021-04-19,21.07
14965,39,9,3,27,2021-04-19,22.94
14966,41,9,4,46,2021-04-19,8.34
14967,43,9,4,43,2021-04-19,6.00
14968,7,10,2,32,2021-04-19,11.02
14969,11,10,2,27,2021-04-19,16.03
14970,13,10,4,39,2021-04-19,27.82
14971,15,10,4,45,2021-04-19,36.94
14972,19,10,2,26,2021-04-19,32.85
14973,21,10,6,30,2021-04-19,39.47
14974,25,10,5,40,2021-04-19,17.64
14975,27,10,6,40,2021-04-19,13.19
14976,29,10,1,37,2021-04-19,12.20
14977,35,10,3,31,2021-04-19,17.09
14978,37,10,3,41,2021-04-19,19.56
14979,41,10,6,58,2021-04-19,9.36
14980,43,10,4,44,2021-04-19,6.32
14981,1,11,1,34,2021-04-19,13.66
14982,3,11,6,52,2021-04-19,10.76
14983,5,11,1,25,2021-04-19,13.15
14984,9,11,2,26,2021-04-19,10.32
14985,23,11,3,59,2021-04-19,18.40
14986,25,11,5,36,2021-04-19,19.88
14987,27,11,6,64,2021-04-19,13.24
14988,29,11,1,35,2021-04-19,13.01
14989,31,11,1,28,2021-04-19,19.94
14990,33,11,2,30,2021-04-19,23.96
14991,35,11,3,50,2021-04-19,15.19
14992,39,11,5,24,2021-04-19,23.36
14993,41,11,4,48,2021-04-19,7.30
14994,43,11,4,51,2021-04-19,6.06
14995,1,12,6,22,2021-04-19,13.64
14996,3,12,1,23,2021-04-19,11.87
14997,13,12,2,8,2021-04-19,26.05
14998,15,12,4,9,2021-04-19,36.38
14999,17,12,4,30,2021-04-19,29.47
15000,19,12,2,12,2021-04-19,30.02
15001,29,12,6,24,2021-04-19,12.71
15002,31,12,6,26,2021-04-19,19.88
15003,35,12,3,20,2021-04-19,17.49
15004,37,12,3,34,2021-04-19,19.22
15005,41,12,6,37,2021-04-19,8.42
15006,43,12,6,76,2021-04-19,7.30
15007,2,1,1,50,2021-05-03,14.59
15008,4,1,6,59,2021-05-03,17.40
15009,6,1,6,57,2021-05-03,9.82
15010,8,1,6,49,2021-05-03,13.31
15011,10,1,2,63,2021-05-03,19.16
15012,12,1,4,44,2021-05-03,33.61
15013,16,1,4,62,2021-05-03,42.54
15014,18,1,6,28,2021-05-03,24.99
15015,20,1,2,44,2021-05-03,18.75
15016,22,1,2,62,2021-05-03,22.71
15017,24,1,5,33,2021-05-03,26.08
15018,26,1,3,62,2021-05-03,21.96
15019,28,1,1,74,2021-05-03,18.20
15020,32,1,4,65,2021-05-03,28.20
15021,34,1,2,32,2021-05-03,28.63
15022,36,1,3,41,2021-05-03,26.21
15023,38,1,5,34,2021-05-03,24.44
15024,40,1,5,41,2021-05-03,27.50
15025,42,1,6,44,2021-05-03,8.33
15026,2,2,6,51,2021-05-03,15.75
15027,4,2,6,62,2021-05-03,13.97
15028,6,2,1,47,2021-05-03,9.19
15029,8,2,2,75,2021-05-03,15.78
15030,10,2,2,37,2021-05-03,18.19
15031,12,2,4,32,2021-05-03,31.62
15032,14,2,2,52,2021-05-03,25.32
15033,16,2,2,27,2021-05-03,49.28
15034,20,2,6,35,2021-05-03,17.19
15035,22,2,2,55,2021-05-03,18.99
15036,24,2,3,31,2021-05-03,21.85
15037,26,2,5,62,2021-05-03,23.19
15038,28,2,6,86,2021-05-03,17.02
15039,30,2,6,58,2021-05-03,29.34
15040,32,2,2,81,2021-05-03,28.25
15041,34,2,4,49,2021-05-03,28.88
15042,36,2,3,41,2021-05-03,24.56
15043,38,2,5,34,2021-05-03,22.90
15044,42,2,6,50,2021-05-03,10.72
15045,2,3,1,35,2021-05-03,14.97
15046,4,3,6,57,2021-05-03,16.24
15047,6,3,6,35,2021-05-03,11.13
15048,8,3,2,46,2021-05-03,13.24
15049,12,3,4,32,2021-05-03,33.64
15050,14,3,2,41,2021-05-03,22.96
15051,16,3,4,44,2021-05-03,46.09
15052,18,3,6,30,2021-05-03,21.48
15053,20,3,6,45,2021-05-03,16.64
15054,22,3,2,36,2021-05-03,23.22
15055,24,3,3,30,2021-05-03,26.36
15056,26,3,3,51,2021-05-03,21.40
15057,28,3,6,55,2021-05-03,19.28
15058,32,3,4,43,2021-05-03,23.04
15059,34,3,2,24,2021-05-03,30.65
15060,36,3,3,30,2021-05-03,25.41
15061,38,3,3,32,2021-05-03,20.22
15062,42,3,6,42,2021-05-03,8.89
15063,2,4,6,33,2021-05-03,14.49
15064,4,4,6,36,2021-05-03,17.73
15065,6,4,1,62,2021-05-03,10.97
15066,8,4,2,36,2021-05-03,13.01
15067,10,4,6,49,2021-05-03,15.16
15068,14,4,2,32,2021-05-03,25.19
15069,16,4,2,40,2021-05-03,49.01
15070,18,4,2,23,2021-05-03,24.14
15071,20,4,2,33,2021-05-03,17.84
15072,24,4,5,29,2021-05-03,26.42
15073,28,4,6,53,2021-05-03,19.12
15074,30,4,1,27,2021-05-03,24.23
15075,32,4,2,32,2021-05-03,23.20
15076,34,4,4,46,2021-05-03,36.27
15077,40,4,3,36,2021-05-03,24.27
15078,42,4,6,31,2021-05-03,10.15
15079,4,5,1,38,2021-05-03,14.39
15080,6,5,1,37,2021-05-03,10.96
15081,10,5,6,29,2021-05-03,15.63
15082,14,5,4,22,2021-05-03,29.05
15083,16,5,4,57,2021-05-03,43.24
15084,18,5,2,29,2021-05-03,21.81
15085,20,5,2,22,2021-05-03,18.76
15086,22,5,6,33,2021-05-03,20.72
15087,26,5,3,30,2021-05-03,24.66
15088,28,5,6,24,2021-05-03,17.77
15089,38,5,3,31,2021-05-03,20.92
15090,42,5,4,61,2021-05-03,9.49
15091,6,6,6,27,2021-05-03,9.70
15092,10,6,6,43,2021-05-03,17.65
15093,12,6,4,30,2021-05-03,31.83
15094,16,6,4,27,2021-05-03,45.19
15095,22,6,2,46,2021-05-03,18.75
15096,26,6,3,63,2021-05-03,24.64
15097,28,6,1,30,2021-05-03,17.63
15098,30,6,1,24,2021-05-03,26.16
15099,42,6,6,40,2021-05-03,8.30
15100,2,7,6,34,2021-05-03,14.73
15101,4,7,6,44,2021-05-03,14.56
15102,6,7,1,33,2021-05-03,9.98
15103,8,7,2,35,2021-05-03,14.06
15104,10,7,6,53,2021-05-03,17.90
15105,18,7,2,27,2021-05-03,22.94
15106,20,7,2,32,2021-05-03,15.86
15107,24,7,5,42,2021-05-03,21.66
15108,28,7,1,42,2021-05-03,17.80
15109,32,7,2,54,2021-05-03,27.75
15110,36,7,3,36,2021-05-03,27.33
15111,40,7,5,30,2021-05-03,29.46
15112,42,7,6,27,2021-05-03,9.08
15113,2,8,6,39,2021-05-03,12.76
15114,4,8,1,33,2021-05-03,13.88
15115,6,8,1,43,2021-05-03,10.05
15116,8,8,2,47,2021-05-03,13.08
15117,10,8,2,35,2021-05-03,15.68
15118,14,8,2,28,2021-05-03,25.41
15119,16,8,2,36,2021-05-03,46.70
15120,20,8,6,26,2021-05-03,20.50
15121,22,8,6,32,2021-05-03,21.33
15122,26,8,3,24,2021-05-03,24.58
15123,32,8,2,30,2021-05-03,23.08
15124,34,8,4,33,2021-05-03,29.76
15125,36,8,3,31,2021-05-03,27.36
15126,40,8,3,34,2021-05-03,24.03
15127,42,8,6,44,2021-05-03,8.77
15128,2,9,6,32,2021-05-03,13.02
15129,4,9,6,44,2021-05-03,15.43
15130,6,9,6,31,2021-05-03,9.47
15131,8,9,2,36,2021-05-03,12.68
15132,10,9,6,24,2021-05-03,19.29
15133,16,9,4,41,2021-05-03,48.61
15134,20,9,2,27,2021-05-03,18.60
15135,28,9,1,35,2021-05-03,18.57
15136,30,9,1,34,2021-05-03,27.17
15137,34,9,4,30,2021-05-03,33.37
15138,36,9,3,57,2021-05-03,22.17
15139,4,10,6,64,2021-05-03,18.04
15140,6,10,1,40,2021-05-03,10.06
15141,8,10,2,36,2021-05-03,12.93
15142,12,10,4,27,2021-05-03,38.05
15143,14,10,2,19,2021-05-03,22.75
15144,16,10,4,29,2021-05-03,40.90
15145,20,10,2,42,2021-05-03,16.39
15146,22,10,6,29,2021-05-03,18.15
15147,26,10,5,28,2021-05-03,20.68
15148,28,10,1,35,2021-05-03,15.11
15149,30,10,6,36,2021-05-03,27.43
15150,32,10,2,26,2021-05-03,25.48
15151,34,10,2,33,2021-05-03,31.97
15152,36,10,3,28,2021-05-03,22.47
15153,38,10,3,28,2021-05-03,22.48
15154,40,10,5,51,2021-05-03,23.90
15155,2,11,1,36,2021-05-03,13.59
15156,4,11,1,47,2021-05-03,14.68
15157,6,11,1,33,2021-05-03,11.57
15158,8,11,2,33,2021-05-03,12.70
15159,10,11,6,29,2021-05-03,18.55
15160,16,11,4,26,2021-05-03,46.70
15161,18,11,6,35,2021-05-03,26.66
15162,24,11,3,34,2021-05-03,22.97
15163,26,11,5,28,2021-05-03,24.52
15164,28,11,6,49,2021-05-03,16.90
15165,30,11,6,26,2021-05-03,25.13
15166,34,11,2,39,2021-05-03,33.55
15167,36,11,3,27,2021-05-03,23.73
15168,40,11,5,46,2021-05-03,25.29
15169,42,11,4,37,2021-05-03,8.93
15170,4,12,1,24,2021-05-03,15.84
15171,6,12,1,42,2021-05-03,9.35
15172,8,12,2,28,2021-05-03,13.73
15173,14,12,2,9,2021-05-03,28.25
15174,18,12,2,33,2021-05-03,25.58
15175,20,12,2,32,2021-05-03,18.54
15176,26,12,5,46,2021-05-03,24.56
15177,28,12,6,26,2021-05-03,15.43
15178,34,12,2,43,2021-05-03,32.58
15179,42,12,6,30,2021-05-03,8.91
15180,1,1,6,61,2021-05-17,11.49
15181,3,1,1,55,2021-05-17,11.21
15182,5,1,1,40,2021-05-17,13.58
15183,7,1,2,53,2021-05-17,12.51
15184,9,1,6,53,2021-05-17,11.31
15185,11,1,2,54,2021-05-17,13.24
15186,13,1,2,32,2021-05-17,29.13
15187,15,1,4,25,2021-05-17,40.15
15188,17,1,4,37,2021-05-17,35.04
15189,19,1,2,45,2021-05-17,30.87
15190,21,1,6,38,2021-05-17,37.69
15191,23,1,5,67,2021-05-17,19.96
15192,25,1,5,47,2021-05-17,15.89
15193,27,1,6,74,2021-05-17,16.24
15194,29,1,1,77,2021-05-17,11.36
15195,31,1,6,36,2021-05-17,16.31
15196,33,1,4,41,2021-05-17,20.40
15197,35,1,3,25,2021-05-17,16.44
15198,39,1,3,52,2021-05-17,23.32
15199,41,1,6,72,2021-05-17,8.98
15200,43,1,4,77,2021-05-17,6.89
15201,1,2,6,90,2021-05-17,10.79
15202,3,2,1,50,2021-05-17,11.98
15203,5,2,1,47,2021-05-17,14.79
15204,7,2,2,52,2021-05-17,10.56
15205,9,2,6,61,2021-05-17,9.99
15206,11,2,6,97,2021-05-17,16.33
15207,13,2,2,40,2021-05-17,29.02
15208,15,2,2,42,2021-05-17,42.56
15209,17,2,4,37,2021-05-17,32.27
15210,19,2,2,40,2021-05-17,33.05
15211,21,2,6,34,2021-05-17,31.49
15212,23,2,5,98,2021-05-17,23.54
15213,25,2,5,41,2021-05-17,16.68
15214,27,2,6,109,2021-05-17,14.29
15215,29,2,1,52,2021-05-17,13.77
15216,31,2,6,48,2021-05-17,19.87
15217,33,2,4,50,2021-05-17,24.65
15218,35,2,3,49,2021-05-17,14.86
15219,37,2,3,52,2021-05-17,19.86
15220,39,2,5,51,2021-05-17,25.06
15221,41,2,4,88,2021-05-17,8.30
15222,43,2,6,90,2021-05-17,7.01
15223,1,3,1,82,2021-05-17,11.13
15224,3,3,1,45,2021-05-17,10.79
15225,5,3,6,42,2021-05-17,12.44
15226,7,3,2,57,2021-05-17,12.66
15227,9,3,6,39,2021-05-17,10.42
15228,11,3,6,44,2021-05-17,16.00
15229,15,3,4,48,2021-05-17,39.53
15230,17,3,2,27,2021-05-17,36.18
15231,21,3,2,45,2021-05-17,37.22
15232,23,3,5,37,2021-05-17,20.12
15233,25,3,3,38,2021-05-17,16.87
15234,27,3,1,50,2021-05-17,15.60
15235,29,3,1,70,2021-05-17,13.90
15236,31,3,1,54,2021-05-17,19.57
15237,33,3,2,45,2021-05-17,22.15
15238,35,3,3,29,2021-05-17,15.06
15239,37,3,3,51,2021-05-17,23.02
15240,41,3,6,65,2021-05-17,7.52
15241,43,3,6,76,2021-05-17,7.58
15242,1,4,6,31,2021-05-17,12.77
15243,3,4,1,26,2021-05-17,10.09
15244,7,4,6,37,2021-05-17,11.78
15245,11,4,2,27,2021-05-17,16.33
15246,19,4,2,53,2021-05-17,26.09
15247,21,4,2,12,2021-05-17,35.61
15248,23,4,5,40,2021-05-17,22.05
15249,25,4,3,30,2021-05-17,19.25
15250,27,4,1,24,2021-05-17,15.85
15251,29,4,1,48,2021-05-17,13.90
15252,31,4,6,35,2021-05-17,16.53
15253,39,4,5,44,2021-05-17,23.44
15254,41,4,6,36,2021-05-17,8.62
15255,43,4,4,57,2021-05-17,7.22
15256,1,5,6,37,2021-05-17,11.93
15257,5,5,6,58,2021-05-17,12.08
15258,7,5,6,34,2021-05-17,11.44
15259,9,5,2,27,2021-05-17,11.02
15260,11,5,2,33,2021-05-17,15.16
15261,13,5,2,17,2021-05-17,28.46
15262,19,5,2,22,2021-05-17,29.13
15263,21,5,2,28,2021-05-17,31.90
15264,23,5,5,44,2021-05-17,18.73
15265,27,5,1,53,2021-05-17,14.12
15266,29,5,6,35,2021-05-17,13.29
15267,31,5,1,42,2021-05-17,17.98
15268,37,5,3,29,2021-05-17,23.50
15269,39,5,3,29,2021-05-17,26.35
15270,41,5,4,51,2021-05-17,7.34
15271,43,5,4,38,2021-05-17,6.55
15272,1,6,1,27,2021-05-17,11.68
15273,3,6,1,41,2021-05-17,12.19
15274,7,6,6,37,2021-05-17,12.25
15275,11,6,6,51,2021-05-17,16.60
15276,13,6,2,36,2021-05-17,28.24
15277,15,6,4,37,2021-05-17,44.64
15278,17,6,2,30,2021-05-17,35.29
15279,19,6,2,33,2021-05-17,29.48
15280,23,6,3,59,2021-05-17,22.76
15281,25,6,5,24,2021-05-17,20.53
15282,29,6,6,74,2021-05-17,12.03
15283,31,6,1,32,2021-05-17,19.92
15284,33,6,2,47,2021-05-17,24.71
15285,35,6,3,60,2021-05-17,14.49
15286,39,6,3,47,2021-05-17,22.26
15287,41,6,4,56,2021-05-17,8.02
15288,43,6,4,46,2021-05-17,6.08
15289,3,7,6,43,2021-05-17,10.85
15290,5,7,1,50,2021-05-17,11.57
15291,7,7,2,34,2021-05-17,13.08
15292,9,7,6,40,2021-05-17,12.84
15293,11,7,6,50,2021-05-17,14.53
15294,13,7,2,27,2021-05-17,27.87
15295,15,7,2,39,2021-05-17,41.89
15296,17,7,4,31,2021-05-17,33.06
15297,23,7,5,42,2021-05-17,20.13
15298,27,7,1,49,2021-05-17,16.00
15299,29,7,1,65,2021-05-17,11.75
15300,31,7,1,50,2021-05-17,16.68
15301,33,7,2,57,2021-05-17,24.01
15302,35,7,3,45,2021-05-17,15.32
15303,37,7,3,24,2021-05-17,18.95
15304,41,7,4,32,2021-05-17,7.94
15305,43,7,6,62,2021-05-17,5.95
15306,1,8,1,44,2021-05-17,11.19
15307,3,8,6,79,2021-05-17,10.24
15308,5,8,1,43,2021-05-17,12.48
15309,7,8,6,32,2021-05-17,12.22
15310,9,8,2,43,2021-05-17,12.18
15311,11,8,6,53,2021-05-17,16.22
15312,15,8,4,39,2021-05-17,46.18
15313,17,8,4,44,2021-05-17,35.75
15314,19,8,6,21,2021-05-17,32.61
15315,23,8,5,46,2021-05-17,19.65
15316,25,8,3,47,2021-05-17,16.52
15317,27,8,6,54,2021-05-17,13.87
15318,29,8,6,40,2021-05-17,14.10
15319,35,8,3,45,2021-05-17,16.02
15320,39,8,3,47,2021-05-17,25.42
15321,41,8,4,45,2021-05-17,7.79
15322,43,8,6,59,2021-05-17,6.40
15323,1,9,1,32,2021-05-17,10.66
15324,3,9,6,37,2021-05-17,11.87
15325,9,9,2,38,2021-05-17,12.65
15326,11,9,2,45,2021-05-17,14.04
15327,13,9,4,25,2021-05-17,26.58
15328,19,9,6,24,2021-05-17,31.08
15329,21,9,6,35,2021-05-17,34.73
15330,23,9,3,46,2021-05-17,20.03
15331,25,9,3,43,2021-05-17,20.30
15332,27,9,1,49,2021-05-17,16.09
15333,29,9,6,32,2021-05-17,14.25
15334,33,9,2,31,2021-05-17,21.43
15335,41,9,6,38,2021-05-17,8.56
15336,1,10,1,25,2021-05-17,11.10
15337,3,10,6,66,2021-05-17,10.61
15338,5,10,1,43,2021-05-17,13.95
15339,9,10,2,44,2021-05-17,10.52
15340,11,10,6,36,2021-05-17,13.69
15341,17,10,4,37,2021-05-17,29.53
15342,21,10,2,33,2021-05-17,40.37
15343,23,10,3,36,2021-05-17,20.58
15344,27,10,1,45,2021-05-17,16.10
15345,29,10,1,45,2021-05-17,13.11
15346,31,10,6,41,2021-05-17,16.02
15347,33,10,4,30,2021-05-17,19.31
15348,39,10,3,36,2021-05-17,21.45
15349,41,10,4,48,2021-05-17,7.92
15350,43,10,6,48,2021-05-17,6.61
15351,1,11,6,30,2021-05-17,12.71
15352,3,11,1,46,2021-05-17,10.38
15353,5,11,1,33,2021-05-17,14.35
15354,7,11,6,36,2021-05-17,13.07
15355,9,11,6,33,2021-05-17,11.71
15356,11,11,6,61,2021-05-17,13.54
15357,13,11,4,45,2021-05-17,28.48
15358,15,11,2,21,2021-05-17,45.66
15359,17,11,4,23,2021-05-17,32.16
15360,19,11,2,45,2021-05-17,31.78
15361,21,11,6,44,2021-05-17,40.33
15362,23,11,5,47,2021-05-17,18.55
15363,25,11,5,31,2021-05-17,18.52
15364,27,11,6,29,2021-05-17,14.92
15365,29,11,6,45,2021-05-17,13.99
15366,31,11,1,31,2021-05-17,20.56
15367,33,11,4,24,2021-05-17,24.53
15368,37,11,3,37,2021-05-17,19.77
15369,39,11,3,31,2021-05-17,23.67
15370,41,11,4,45,2021-05-17,7.53
15371,43,11,4,55,2021-05-17,6.05
15372,3,12,1,21,2021-05-17,11.47
15373,5,12,6,27,2021-05-17,14.64
15374,7,12,2,54,2021-05-17,11.79
15375,9,12,6,64,2021-05-17,10.82
15376,11,12,2,58,2021-05-17,15.03
15377,21,12,6,24,2021-05-17,39.80
15378,23,12,3,49,2021-05-17,19.01
15379,25,12,3,39,2021-05-17,20.46
15380,27,12,6,68,2021-05-17,13.61
15381,29,12,6,39,2021-05-17,13.66
15382,33,12,4,44,2021-05-17,21.49
15383,39,12,3,24,2021-05-17,23.14
15384,41,12,4,38,2021-05-17,9.16
15385,43,12,4,53,2021-05-17,6.32
15386,2,1,1,36,2021-06-03,13.72
15387,4,1,1,44,2021-06-03,16.95
15388,6,1,6,36,2021-06-03,11.47
15389,8,1,6,53,2021-06-03,13.08
15390,10,1,2,33,2021-06-03,18.61
15391,14,1,2,35,2021-06-03,23.64
15392,16,1,4,40,2021-06-03,46.08
15393,18,1,2,49,2021-06-03,25.83
15394,22,1,6,31,2021-06-03,21.31
15395,26,1,3,28,2021-06-03,24.56
15396,28,1,1,44,2021-06-03,16.14
15397,30,1,1,67,2021-06-03,30.71
15398,32,1,2,30,2021-06-03,22.93
15399,40,1,5,45,2021-06-03,25.10
15400,42,1,4,32,2021-06-03,9.13
15401,2,2,1,47,2021-06-03,12.99
15402,4,2,6,101,2021-06-03,16.30
15403,6,2,1,39,2021-06-03,9.13
15404,8,2,6,35,2021-06-03,14.46
15405,10,2,6,48,2021-06-03,16.29
15406,16,2,4,41,2021-06-03,43.68
15407,18,2,6,70,2021-06-03,27.13
15408,20,2,6,54,2021-06-03,18.75
15409,22,2,6,61,2021-06-03,23.18
15410,24,2,5,30,2021-06-03,23.37
15411,26,2,3,30,2021-06-03,21.95
15412,28,2,6,49,2021-06-03,15.68
15413,30,2,1,41,2021-06-03,26.93
15414,32,2,2,39,2021-06-03,23.28
15415,34,2,4,27,2021-06-03,36.48
15416,36,2,3,57,2021-06-03,23.86
15417,38,2,5,40,2021-06-03,24.46
15418,40,2,3,58,2021-06-03,24.14
15419,42,2,6,47,2021-06-03,9.98
15420,2,3,1,42,2021-06-03,15.71
15421,4,3,1,49,2021-06-03,16.94
15422,6,3,6,48,2021-06-03,10.43
15423,10,3,6,48,2021-06-03,15.52
15424,16,3,4,31,2021-06-03,39.99
15425,18,3,2,27,2021-06-03,22.54
15426,20,3,6,29,2021-06-03,15.88
15427,22,3,6,35,2021-06-03,19.84
15428,28,3,1,62,2021-06-03,17.78
15429,30,3,6,69,2021-06-03,29.36
15430,32,3,4,36,2021-06-03,26.23
15431,36,3,3,37,2021-06-03,23.29
15432,38,3,3,33,2021-06-03,24.15
15433,40,3,5,40,2021-06-03,25.46
15434,42,3,6,48,2021-06-03,8.63
15435,4,4,1,33,2021-06-03,14.09
15436,6,4,1,24,2021-06-03,9.65
15437,12,4,2,22,2021-06-03,33.50
15438,22,4,2,33,2021-06-03,22.48
15439,26,4,3,37,2021-06-03,20.53
15440,28,4,1,39,2021-06-03,16.16
15441,36,4,3,48,2021-06-03,27.27
15442,38,4,3,35,2021-06-03,20.68
15443,2,5,1,28,2021-06-03,12.94
15444,8,5,2,36,2021-06-03,13.44
15445,12,5,4,19,2021-06-03,38.24
15446,18,5,6,26,2021-06-03,25.15
15447,22,5,6,24,2021-06-03,23.51
15448,24,5,3,31,2021-06-03,21.77
15449,30,5,1,24,2021-06-03,25.11
15450,32,5,4,33,2021-06-03,24.40
15451,34,5,2,28,2021-06-03,32.37
15452,36,5,3,37,2021-06-03,21.89
15453,40,5,3,33,2021-06-03,24.62
15454,2,6,1,70,2021-06-03,14.47
15455,4,6,6,60,2021-06-03,15.94
15456,6,6,1,51,2021-06-03,10.36
15457,8,6,2,63,2021-06-03,12.55
15458,10,6,2,27,2021-06-03,17.24
15459,14,6,2,38,2021-06-03,23.18
15460,18,6,2,46,2021-06-03,22.53
15461,20,6,2,37,2021-06-03,20.30
15462,24,6,3,39,2021-06-03,20.72
15463,28,6,6,50,2021-06-03,18.00
15464,30,6,6,42,2021-06-03,30.15
15465,32,6,2,35,2021-06-03,28.12
15466,34,6,4,34,2021-06-03,32.39
15467,36,6,3,36,2021-06-03,25.58
15468,38,6,5,24,2021-06-03,20.08
15469,40,6,3,50,2021-06-03,29.32
15470,42,6,4,31,2021-06-03,9.38
15471,4,7,1,33,2021-06-03,14.32
15472,10,7,2,34,2021-06-03,16.37
15473,12,7,2,34,2021-06-03,31.53
15474,14,7,2,33,2021-06-03,25.93
15475,16,7,4,28,2021-06-03,50.72
15476,20,7,6,23,2021-06-03,18.02
15477,22,7,6,59,2021-06-03,18.26
15478,24,7,5,32,2021-06-03,21.82
15479,26,7,3,48,2021-06-03,21.84
15480,28,7,6,29,2021-06-03,16.39
15481,30,7,1,41,2021-06-03,25.88
15482,34,7,4,36,2021-06-03,29.50
15483,38,7,5,30,2021-06-03,23.81
15484,2,8,1,38,2021-06-03,12.81
15485,4,8,1,51,2021-06-03,14.21
15486,6,8,6,37,2021-06-03,9.08
15487,8,8,2,42,2021-06-03,14.31
15488,12,8,4,30,2021-06-03,33.01
15489,18,8,6,41,2021-06-03,23.52
15490,24,8,5,22,2021-06-03,25.31
15491,28,8,1,40,2021-06-03,16.81
15492,30,8,6,45,2021-06-03,28.72
15493,32,8,2,28,2021-06-03,27.58
15494,38,8,3,40,2021-06-03,22.82
15495,40,8,5,37,2021-06-03,24.63
15496,6,9,1,30,2021-06-03,8.94
15497,12,9,2,26,2021-06-03,34.69
15498,14,9,4,18,2021-06-03,27.03
15499,18,9,6,38,2021-06-03,24.26
15500,22,9,2,40,2021-06-03,21.78
15501,24,9,5,20,2021-06-03,20.86
15502,26,9,5,35,2021-06-03,22.87
15503,30,9,6,23,2021-06-03,28.13
15504,32,9,2,26,2021-06-03,25.79
15505,38,9,3,27,2021-06-03,19.50
15506,40,9,5,30,2021-06-03,27.27
15507,42,9,6,34,2021-06-03,10.68
15508,2,10,1,35,2021-06-03,13.70
15509,4,10,1,34,2021-06-03,16.01
15510,6,10,6,38,2021-06-03,10.54
15511,10,10,6,27,2021-06-03,18.25
15512,18,10,6,39,2021-06-03,24.23
15513,20,10,2,24,2021-06-03,20.52
15514,24,10,5,26,2021-06-03,21.65
15515,34,10,2,24,2021-06-03,30.46
15516,42,10,4,38,2021-06-03,8.76
15517,4,11,6,45,2021-06-03,15.08
15518,6,11,6,29,2021-06-03,9.46
15519,12,11,4,28,2021-06-03,34.11
15520,14,11,2,31,2021-06-03,23.61
15521,20,11,2,42,2021-06-03,19.19
15522,22,11,6,35,2021-06-03,20.68
15523,28,11,6,37,2021-06-03,16.26
15524,32,11,4,33,2021-06-03,22.68
15525,38,11,5,30,2021-06-03,23.27
15526,2,12,1,27,2021-06-03,14.96
15527,4,12,6,47,2021-06-03,17.12
15528,10,12,6,33,2021-06-03,17.23
15529,12,12,4,18,2021-06-03,35.92
15530,16,12,4,31,2021-06-03,46.60
15531,22,12,2,28,2021-06-03,18.92
15532,24,12,5,19,2021-06-03,24.28
15533,30,12,1,20,2021-06-03,27.54
15534,32,12,2,33,2021-06-03,23.75
15535,36,12,3,39,2021-06-03,27.71
15536,38,12,3,31,2021-06-03,22.49
15537,40,12,3,30,2021-06-03,28.65
15538,1,1,6,39,2021-06-17,11.15
15539,3,1,1,37,2021-06-17,10.55
15540,27,1,6,28,2021-06-17,16.17
15541,29,1,6,29,2021-06-17,13.46
15542,33,1,2,31,2021-06-17,22.84
15543,37,1,3,34,2021-06-17,20.54
15544,41,1,6,39,2021-06-17,8.51
15545,1,2,1,40,2021-06-17,13.28
15546,3,2,1,45,2021-06-17,11.01
15547,5,2,6,44,2021-06-17,11.91
15548,7,2,6,49,2021-06-17,13.13
15549,9,2,2,33,2021-06-17,11.61
15550,11,2,6,27,2021-06-17,15.97
15551,27,2,1,35,2021-06-17,15.85
15552,29,2,1,44,2021-06-17,12.27
15553,31,2,1,29,2021-06-17,17.14
15554,37,2,3,29,2021-06-17,22.47
15555,41,2,6,36,2021-06-17,8.82
15556,43,2,6,26,2021-06-17,6.18
15557,1,3,1,29,2021-06-17,12.88
15558,5,3,1,30,2021-06-17,13.73
15559,13,3,4,31,2021-06-17,27.20
15560,19,3,6,28,2021-06-17,31.23
15561,27,3,6,30,2021-06-17,14.05
15562,39,3,5,33,2021-06-17,23.64
15563,1,4,1,28,2021-06-17,12.87
15564,5,4,6,13,2021-06-17,11.82
15565,9,4,6,33,2021-06-17,12.54
15566,13,4,4,24,2021-06-17,30.16
15567,15,4,4,11,2021-06-17,36.79
15568,17,4,4,26,2021-06-17,33.45
15569,33,4,2,24,2021-06-17,22.98
15570,35,4,3,26,2021-06-17,14.84
15571,37,4,3,23,2021-06-17,23.04
15572,41,4,6,21,2021-06-17,8.41
15573,3,5,6,39,2021-06-17,10.94
15574,9,5,6,27,2021-06-17,10.68
15575,15,5,2,14,2021-06-17,39.53
15576,17,5,4,13,2021-06-17,35.13
15577,25,5,5,9,2021-06-17,16.07
15578,33,5,2,41,2021-06-17,24.69
15579,35,5,3,19,2021-06-17,15.64
15580,43,5,6,27,2021-06-17,6.03
15581,5,6,6,35,2021-06-17,14.17
15582,9,6,2,37,2021-06-17,10.94
15583,11,6,6,22,2021-06-17,13.38
15584,21,6,6,23,2021-06-17,34.89
15585,27,6,1,65,2021-06-17,14.14
15586,29,6,1,47,2021-06-17,12.31
15587,37,6,3,24,2021-06-17,22.24
15588,41,6,6,46,2021-06-17,7.28
15589,43,6,6,38,2021-06-17,7.41
15590,1,7,1,37,2021-06-17,13.63
15591,19,7,6,21,2021-06-17,29.09
15592,21,7,2,26,2021-06-17,35.36
15593,25,7,3,33,2021-06-17,18.67
15594,27,7,6,31,2021-06-17,15.04
15595,39,7,5,29,2021-06-17,21.88
15596,41,7,4,31,2021-06-17,8.67
15597,43,7,6,47,2021-06-17,6.33
15598,1,8,1,35,2021-06-17,11.96
15599,3,8,6,27,2021-06-17,11.11
15600,13,8,2,34,2021-06-17,31.49
15601,21,8,2,24,2021-06-17,37.18
15602,31,8,1,29,2021-06-17,16.72
15603,33,8,2,30,2021-06-17,20.15
15604,35,8,3,20,2021-06-17,17.73
15605,37,8,3,39,2021-06-17,18.47
15606,43,8,4,26,2021-06-17,7.39
15607,5,9,6,33,2021-06-17,11.60
15608,7,9,2,20,2021-06-17,10.76
15609,15,9,2,22,2021-06-17,41.47
15610,17,9,2,21,2021-06-17,29.83
15611,27,9,6,23,2021-06-17,13.72
15612,29,9,1,24,2021-06-17,12.68
15613,31,9,1,33,2021-06-17,19.28
15614,35,9,3,22,2021-06-17,14.60
15615,37,9,3,17,2021-06-17,18.40
15616,39,9,3,20,2021-06-17,20.82
15617,41,9,6,21,2021-06-17,9.22
15618,43,9,4,45,2021-06-17,6.85
15619,3,10,1,24,2021-06-17,12.05
15620,7,10,2,33,2021-06-17,13.40
15621,9,10,6,24,2021-06-17,12.10
15622,13,10,4,22,2021-06-17,30.74
15623,15,10,2,21,2021-06-17,45.04
15624,19,10,2,26,2021-06-17,31.08
15625,25,10,3,23,2021-06-17,18.57
15626,35,10,3,29,2021-06-17,14.74
15627,37,10,3,20,2021-06-17,20.36
15628,39,10,5,26,2021-06-17,23.88
15629,41,10,4,26,2021-06-17,8.46
15630,27,11,6,25,2021-06-17,15.51
15631,35,11,3,23,2021-06-17,13.89
15632,43,11,6,22,2021-06-17,6.35
15633,1,12,6,34,2021-06-17,10.63
15634,9,12,2,34,2021-06-17,12.05
15635,13,12,4,23,2021-06-17,31.49
15636,15,12,4,23,2021-06-17,37.43
15637,17,12,4,15,2021-06-17,31.02
15638,19,12,6,20,2021-06-17,27.39
15639,31,12,6,11,2021-06-17,20.05
15640,35,12,3,18,2021-06-17,13.95
15641,37,12,3,10,2021-06-17,19.54
15642,2,1,1,24,2021-07-05,13.19
15643,4,1,1,38,2021-07-05,17.50
15644,6,1,6,32,2021-07-05,9.13
15645,8,1,6,30,2021-07-05,12.88
15646,12,1,4,25,2021-07-05,37.35
15647,20,1,2,32,2021-07-05,15.89
15648,24,1,5,24,2021-07-05,25.86
15649,28,1,6,26,2021-07-05,16.77
15650,34,1,2,15,2021-07-05,29.27
15651,36,1,3,33,2021-07-05,22.14
15652,38,1,3,33,2021-07-05,22.68
15653,12,2,4,20,2021-07-05,29.98
15654,14,2,4,19,2021-07-05,23.71
15655,22,2,2,24,2021-07-05,19.17
15656,28,2,6,31,2021-07-05,17.29
15657,8,3,2,32,2021-07-05,16.11
15658,12,3,2,24,2021-07-05,30.56
15659,14,3,2,36,2021-07-05,23.46
15660,24,3,5,18,2021-07-05,22.53
15661,26,3,5,19,2021-07-05,24.53
15662,34,3,4,19,2021-07-05,28.60
15663,2,4,1,21,2021-07-05,12.61
15664,8,4,6,32,2021-07-05,13.58
15665,10,4,2,31,2021-07-05,17.29
15666,14,4,4,19,2021-07-05,22.56
15667,16,4,2,15,2021-07-05,47.14
15668,18,4,2,29,2021-07-05,26.12
15669,20,4,6,24,2021-07-05,20.17
15670,24,4,5,18,2021-07-05,25.47
15671,30,4,1,25,2021-07-05,26.65
15672,32,4,4,12,2021-07-05,28.90
15673,34,4,2,25,2021-07-05,35.35
15674,40,4,3,27,2021-07-05,28.48
15675,42,4,6,29,2021-07-05,9.31
15676,4,5,1,42,2021-07-05,14.37
15677,6,5,1,36,2021-07-05,9.66
15678,10,5,6,15,2021-07-05,18.27
15679,14,5,4,11,2021-07-05,26.81
15680,16,5,2,16,2021-07-05,50.30
15681,20,5,2,22,2021-07-05,16.62
15682,26,5,3,25,2021-07-05,20.18
15683,28,5,6,34,2021-07-05,14.90
15684,38,5,3,13,2021-07-05,21.56
15685,42,5,6,18,2021-07-05,9.10
15686,12,6,4,17,2021-07-05,37.54
15687,16,6,4,24,2021-07-05,50.55
15688,22,6,6,29,2021-07-05,19.69
15689,26,6,5,31,2021-07-05,21.78
15690,28,6,1,27,2021-07-05,18.74
15691,32,6,4,22,2021-07-05,26.33
15692,2,7,1,38,2021-07-05,14.23
15693,6,7,1,23,2021-07-05,10.59
15694,8,7,6,34,2021-07-05,13.96
15695,18,7,2,23,2021-07-05,26.21
15696,30,7,6,23,2021-07-05,24.65
15697,32,7,4,36,2021-07-05,26.17
15698,36,7,3,29,2021-07-05,21.86
15699,40,7,3,20,2021-07-05,28.27
15700,42,7,4,27,2021-07-05,9.93
15701,10,8,6,46,2021-07-05,14.96
15702,14,8,2,5,2021-07-05,22.99
15703,16,8,2,15,2021-07-05,48.87
15704,20,8,6,34,2021-07-05,18.57
15705,22,8,6,23,2021-07-05,19.00
15706,26,8,5,33,2021-07-05,24.87
15707,28,8,1,26,2021-07-05,15.42
15708,34,8,2,21,2021-07-05,28.56
15709,36,8,3,34,2021-07-05,27.36
15710,42,8,6,33,2021-07-05,9.95
15711,2,9,6,31,2021-07-05,15.01
15712,4,9,1,31,2021-07-05,17.21
15713,8,9,2,37,2021-07-05,14.83
15714,10,9,6,22,2021-07-05,17.10
15715,16,9,2,16,2021-07-05,50.01
15716,20,9,2,26,2021-07-05,19.96
15717,28,9,6,31,2021-07-05,18.52
15718,34,9,2,20,2021-07-05,31.10
15719,36,9,3,37,2021-07-05,23.74
15720,8,10,2,20,2021-07-05,15.57
15721,10,10,2,27,2021-07-05,15.40
15722,12,10,2,18,2021-07-05,32.77
15723,14,10,4,27,2021-07-05,25.80
15724,16,10,4,19,2021-07-05,49.95
15725,22,10,2,34,2021-07-05,19.17
15726,26,10,3,24,2021-07-05,20.35
15727,28,10,1,31,2021-07-05,17.44
15728,30,10,6,22,2021-07-05,26.48
15729,32,10,4,31,2021-07-05,22.93
15730,36,10,3,25,2021-07-05,26.53
15731,38,10,3,22,2021-07-05,22.04
15732,40,10,5,27,2021-07-05,27.87
15733,2,11,6,22,2021-07-05,15.34
15734,8,11,6,33,2021-07-05,12.78
15735,10,11,6,34,2021-07-05,19.12
15736,16,11,4,19,2021-07-05,40.09
15737,18,11,6,18,2021-07-05,24.56
15738,24,11,5,26,2021-07-05,22.95
15739,26,11,3,21,2021-07-05,22.45
15740,30,11,6,39,2021-07-05,25.36
15741,34,11,4,12,2021-07-05,29.88
15742,36,11,3,16,2021-07-05,27.54
15743,40,11,5,30,2021-07-05,27.00
15744,42,11,4,22,2021-07-05,9.61
15745,6,12,1,20,2021-07-05,11.10
15746,8,12,2,24,2021-07-05,14.63
15747,14,12,2,16,2021-07-05,27.90
15748,18,12,2,32,2021-07-05,27.06
15749,20,12,6,19,2021-07-05,18.93
15750,26,12,3,25,2021-07-05,23.49
15751,28,12,1,18,2021-07-05,19.10
15752,34,12,2,14,2021-07-05,34.86
15753,42,12,4,22,2021-07-05,9.20
15754,1,1,6,26,2021-07-19,11.74
15755,3,1,1,30,2021-07-19,10.39
15756,5,1,6,34,2021-07-19,13.69
15757,7,1,6,30,2021-07-19,10.56
15758,9,1,6,42,2021-07-19,11.17
15759,11,1,6,58,2021-07-19,14.60
15760,13,1,2,22,2021-07-19,28.07
15761,15,1,4,13,2021-07-19,43.34
15762,17,1,4,15,2021-07-19,36.19
15763,19,1,2,22,2021-07-19,27.84
15764,21,1,6,12,2021-07-19,32.45
15765,23,1,5,34,2021-07-19,18.68
15766,25,1,5,17,2021-07-19,16.39
15767,27,1,6,49,2021-07-19,14.82
15768,29,1,1,34,2021-07-19,11.48
15769,31,1,1,21,2021-07-19,17.80
15770,35,1,3,20,2021-07-19,15.07
15771,39,1,5,28,2021-07-19,24.37
15772,43,1,6,49,2021-07-19,5.98
15773,13,2,2,21,2021-07-19,30.27
15774,15,2,2,34,2021-07-19,38.80
15775,17,2,2,26,2021-07-19,35.59
15776,19,2,6,30,2021-07-19,28.06
15777,21,2,2,31,2021-07-19,33.12
15778,23,2,3,25,2021-07-19,18.94
15779,25,2,5,8,2021-07-19,18.57
15780,27,2,1,36,2021-07-19,13.83
15781,29,2,6,27,2021-07-19,11.78
15782,33,2,2,18,2021-07-19,21.97
15783,35,2,3,31,2021-07-19,14.56
15784,39,2,5,21,2021-07-19,20.64
15785,1,3,6,30,2021-07-19,13.66
15786,3,3,6,42,2021-07-19,12.09
15787,7,3,2,21,2021-07-19,11.69
15788,9,3,2,35,2021-07-19,12.00
15789,11,3,2,46,2021-07-19,14.34
15790,15,3,2,15,2021-07-19,44.85
15791,17,3,4,18,2021-07-19,29.30
15792,21,3,6,27,2021-07-19,36.52
15793,23,3,5,19,2021-07-19,23.00
15794,25,3,3,10,2021-07-19,19.16
15795,27,3,1,26,2021-07-19,15.67
15796,29,3,1,39,2021-07-19,12.17
15797,31,3,1,32,2021-07-19,17.63
15798,33,3,4,14,2021-07-19,24.85
15799,35,3,3,31,2021-07-19,15.12
15800,37,3,3,27,2021-07-19,19.61
15801,41,3,6,37,2021-07-19,8.61
15802,43,3,4,44,2021-07-19,6.74
15803,3,4,6,18,2021-07-19,11.21
15804,7,4,2,19,2021-07-19,12.08
15805,11,4,6,22,2021-07-19,16.98
15806,19,4,6,10,2021-07-19,31.97
15807,21,4,6,12,2021-07-19,35.16
15808,23,4,3,27,2021-07-19,21.51
15809,27,4,6,50,2021-07-19,12.86
15810,29,4,1,40,2021-07-19,12.95
15811,31,4,1,13,2021-07-19,16.91
15812,39,4,5,12,2021-07-19,23.99
15813,43,4,6,25,2021-07-19,6.93
15814,1,5,6,34,2021-07-19,11.24
15815,5,5,1,20,2021-07-19,14.05
15816,7,5,2,22,2021-07-19,11.52
15817,11,5,2,37,2021-07-19,13.48
15818,13,5,2,8,2021-07-19,25.16
15819,19,5,6,18,2021-07-19,32.64
15820,21,5,6,11,2021-07-19,33.55
15821,23,5,5,6,2021-07-19,18.43
15822,27,5,1,20,2021-07-19,15.92
15823,29,5,1,21,2021-07-19,13.16
15824,31,5,6,17,2021-07-19,18.00
15825,37,5,3,13,2021-07-19,19.89
15826,39,5,3,10,2021-07-19,22.17
15827,41,5,6,22,2021-07-19,9.04
15828,1,6,1,23,2021-07-19,13.21
15829,3,6,1,36,2021-07-19,11.87
15830,7,6,6,19,2021-07-19,12.69
15831,13,6,4,10,2021-07-19,31.03
15832,15,6,2,18,2021-07-19,41.60
15833,17,6,4,10,2021-07-19,35.96
15834,19,6,6,14,2021-07-19,29.94
15835,23,6,5,26,2021-07-19,22.95
15836,25,6,3,11,2021-07-19,16.00
15837,27,6,6,34,2021-07-19,14.75
15838,31,6,1,30,2021-07-19,20.32
15839,33,6,2,20,2021-07-19,20.37
15840,35,6,3,23,2021-07-19,15.95
15841,39,6,3,17,2021-07-19,23.40
15842,3,7,6,21,2021-07-19,11.54
15843,5,7,6,32,2021-07-19,12.79
15844,7,7,2,18,2021-07-19,11.00
15845,9,7,6,19,2021-07-19,10.32
15846,11,7,2,19,2021-07-19,16.03
15847,13,7,2,9,2021-07-19,26.83
15848,15,7,4,9,2021-07-19,38.36
15849,23,7,3,8,2021-07-19,18.47
15850,29,7,1,21,2021-07-19,12.48
15851,31,7,6,18,2021-07-19,16.61
15852,33,7,2,20,2021-07-19,19.79
15853,35,7,3,13,2021-07-19,15.82
15854,37,7,3,16,2021-07-19,21.67
15855,5,8,1,32,2021-07-19,11.58
15856,7,8,2,23,2021-07-19,13.26
15857,9,8,2,26,2021-07-19,12.45
15858,11,8,6,30,2021-07-19,13.94
15859,15,8,2,6,2021-07-19,46.22
15860,17,8,2,7,2021-07-19,33.43
15861,19,8,6,12,2021-07-19,29.19
15862,23,8,5,17,2021-07-19,20.67
15863,27,8,1,30,2021-07-19,14.20
15864,29,8,1,25,2021-07-19,12.67
15865,39,8,3,17,2021-07-19,25.57
15866,41,8,4,38,2021-07-19,8.55
15867,1,9,6,39,2021-07-19,13.57
15868,3,9,6,9,2021-07-19,9.71
15869,9,9,6,16,2021-07-19,12.28
15870,11,9,2,11,2021-07-19,17.18
15871,13,9,2,7,2021-07-19,30.42
15872,19,9,6,22,2021-07-19,31.65
15873,21,9,2,6,2021-07-19,35.54
15874,23,9,3,19,2021-07-19,19.02
15875,25,9,5,3,2021-07-19,18.20
15876,33,9,4,15,2021-07-19,22.78
15877,1,10,1,23,2021-07-19,11.52
15878,5,10,1,14,2021-07-19,14.69
15879,11,10,6,34,2021-07-19,15.28
15880,17,10,4,8,2021-07-19,33.13
15881,21,10,2,13,2021-07-19,37.25
15882,23,10,3,11,2021-07-19,22.78
15883,27,10,6,37,2021-07-19,12.55
15884,29,10,6,20,2021-07-19,12.09
15885,31,10,1,16,2021-07-19,18.53
15886,33,10,4,11,2021-07-19,22.20
15887,43,10,6,43,2021-07-19,6.61
15888,1,11,6,20,2021-07-19,10.84
15889,3,11,6,30,2021-07-19,10.83
15890,5,11,6,18,2021-07-19,12.26
15891,7,11,6,22,2021-07-19,10.97
15892,9,11,6,24,2021-07-19,11.15
15893,11,11,6,24,2021-07-19,15.65
15894,13,11,4,12,2021-07-19,29.67
15895,15,11,4,13,2021-07-19,36.42
15896,17,11,2,6,2021-07-19,30.31
15897,19,11,2,9,2021-07-19,28.59
15898,21,11,6,28,2021-07-19,36.11
15899,23,11,3,20,2021-07-19,18.45
15900,25,11,3,8,2021-07-19,19.25
15901,29,11,1,46,2021-07-19,11.33
15902,31,11,6,11,2021-07-19,19.01
15903,33,11,2,18,2021-07-19,24.62
15904,37,11,3,19,2021-07-19,21.65
15905,39,11,3,9,2021-07-19,22.31
15906,41,11,6,34,2021-07-19,8.76
15907,43,11,6,27,2021-07-19,7.66
15908,3,12,1,10,2021-07-19,12.27
15909,5,12,6,17,2021-07-19,12.66
15910,7,12,6,16,2021-07-19,13.50
15911,11,12,6,25,2021-07-19,15.45
15912,21,12,6,11,2021-07-19,38.66
15913,23,12,3,21,2021-07-19,23.32
15914,25,12,3,5,2021-07-19,20.12
15915,27,12,6,16,2021-07-19,13.42
15916,29,12,6,22,2021-07-19,11.25
15917,33,12,2,8,2021-07-19,23.63
15918,39,12,5,11,2021-07-19,21.83
15919,41,12,4,29,2021-07-19,8.49
15920,43,12,4,30,2021-07-19,7.62
15921,2,1,1,33,2021-08-03,15.09
15922,6,1,6,34,2021-08-03,9.15
15923,10,1,6,40,2021-08-03,16.45
15924,14,1,2,3,2021-08-03,27.56
15925,16,1,4,25,2021-08-03,40.79
15926,18,1,2,32,2021-08-03,26.86
15927,22,1,2,25,2021-08-03,19.43
15928,26,1,3,18,2021-08-03,24.04
15929,30,1,1,40,2021-08-03,28.04
15930,32,1,4,24,2021-08-03,24.70
15931,40,1,5,4,2021-08-03,28.15
15932,42,1,4,29,2021-08-03,8.51
15933,2,2,6,39,2021-08-03,15.66
15934,4,2,6,17,2021-08-03,15.95
15935,6,2,1,26,2021-08-03,11.47
15936,8,2,2,31,2021-08-03,13.29
15937,10,2,6,19,2021-08-03,16.15
15938,16,2,2,20,2021-08-03,47.94
15939,18,2,6,23,2021-08-03,24.86
15940,20,2,2,36,2021-08-03,19.62
15941,24,2,5,10,2021-08-03,21.33
15942,26,2,5,19,2021-08-03,24.45
15943,30,2,6,38,2021-08-03,27.45
15944,32,2,4,26,2021-08-03,23.95
15945,34,2,2,15,2021-08-03,32.65
15946,36,2,3,37,2021-08-03,24.50
15947,38,2,3,11,2021-08-03,19.90
15948,40,2,5,28,2021-08-03,27.20
15949,42,2,4,35,2021-08-03,8.86
15950,2,3,1,25,2021-08-03,13.10
15951,4,3,1,39,2021-08-03,16.46
15952,6,3,6,38,2021-08-03,10.51
15953,8,3,6,30,2021-08-03,13.29
15954,10,3,2,23,2021-08-03,15.00
15955,16,3,4,10,2021-08-03,43.55
15956,18,3,6,20,2021-08-03,27.76
15957,20,3,6,31,2021-08-03,20.55
15958,22,3,6,18,2021-08-03,20.40
15959,28,3,1,38,2021-08-03,17.48
15960,30,3,6,18,2021-08-03,28.71
15961,32,3,4,13,2021-08-03,23.16
15962,36,3,3,18,2021-08-03,22.42
15963,38,3,3,23,2021-08-03,22.79
15964,40,3,3,23,2021-08-03,28.67
15965,42,3,4,29,2021-08-03,10.28
15966,4,4,1,20,2021-08-03,17.14
15967,6,4,6,17,2021-08-03,9.10
15968,12,4,4,12,2021-08-03,32.06
15969,22,4,2,28,2021-08-03,19.16
15970,26,4,3,20,2021-08-03,22.75
15971,28,4,1,26,2021-08-03,15.74
15972,36,4,3,9,2021-08-03,22.36
15973,38,4,5,10,2021-08-03,22.94
15974,2,5,6,39,2021-08-03,15.30
15975,8,5,2,17,2021-08-03,13.23
15976,12,5,2,6,2021-08-03,35.19
15977,18,5,6,10,2021-08-03,27.50
15978,22,5,2,18,2021-08-03,19.68
15979,24,5,3,6,2021-08-03,24.69
15980,30,5,1,16,2021-08-03,28.71
15981,32,5,2,12,2021-08-03,23.28
15982,36,5,3,23,2021-08-03,27.76
15983,40,5,5,19,2021-08-03,24.59
15984,2,6,1,23,2021-08-03,13.05
15985,4,6,1,33,2021-08-03,16.10
15986,6,6,1,33,2021-08-03,10.47
15987,8,6,2,24,2021-08-03,13.11
15988,10,6,6,22,2021-08-03,16.52
15989,14,6,4,6,2021-08-03,26.19
15990,18,6,6,14,2021-08-03,23.85
15991,20,6,6,26,2021-08-03,19.07
15992,24,6,5,9,2021-08-03,23.99
15993,28,6,6,46,2021-08-03,16.82
15994,30,6,6,21,2021-08-03,28.49
15995,34,6,2,10,2021-08-03,31.68
15996,36,6,3,24,2021-08-03,24.58
15997,38,6,3,17,2021-08-03,20.15
15998,40,6,5,10,2021-08-03,27.37
15999,42,6,4,22,2021-08-03,8.81
16000,4,7,1,36,2021-08-03,14.68
16001,10,7,6,9,2021-08-03,19.16
16002,12,7,4,10,2021-08-03,36.21
16003,14,7,2,9,2021-08-03,24.95
16004,16,7,4,11,2021-08-03,48.56
16005,20,7,2,24,2021-08-03,18.34
16006,22,7,6,18,2021-08-03,21.72
16007,24,7,5,12,2021-08-03,23.16
16008,26,7,3,10,2021-08-03,21.08
16009,28,7,1,28,2021-08-03,16.72
16010,34,7,2,12,2021-08-03,36.44
16011,38,7,5,26,2021-08-03,20.66
16012,2,8,1,18,2021-08-03,15.94
16013,4,8,6,28,2021-08-03,14.52
16014,6,8,6,26,2021-08-03,10.79
16015,8,8,6,16,2021-08-03,15.78
16016,12,8,4,7,2021-08-03,30.63
16017,18,8,6,8,2021-08-03,22.68
16018,24,8,3,15,2021-08-03,23.35
16019,30,8,6,23,2021-08-03,26.74
16020,32,8,4,13,2021-08-03,25.74
16021,38,8,3,17,2021-08-03,19.48
16022,40,8,3,12,2021-08-03,25.44
16023,6,9,6,13,2021-08-03,9.60
16024,12,9,4,9,2021-08-03,30.21
16025,14,9,2,3,2021-08-03,29.01
16026,18,9,6,23,2021-08-03,21.52
16027,22,9,6,10,2021-08-03,22.52
16028,24,9,3,2,2021-08-03,26.51
16029,30,9,1,8,2021-08-03,27.56
16030,32,9,2,18,2021-08-03,25.28
16031,38,9,5,9,2021-08-03,19.54
16032,40,9,3,13,2021-08-03,27.18
16033,42,9,4,8,2021-08-03,9.51
16034,2,10,6,27,2021-08-03,13.41
16035,4,10,1,36,2021-08-03,14.28
16036,6,10,1,24,2021-08-03,10.60
16037,18,10,2,12,2021-08-03,27.41
16038,20,10,6,24,2021-08-03,17.47
16039,24,10,3,6,2021-08-03,26.16
16040,34,10,4,6,2021-08-03,31.46
16041,42,10,6,23,2021-08-03,10.54
16042,4,11,6,25,2021-08-03,17.72
16043,6,11,6,32,2021-08-03,10.23
16044,12,11,2,6,2021-08-03,30.96
16045,14,11,2,3,2021-08-03,22.81
16046,20,11,6,17,2021-08-03,18.43
16047,22,11,6,19,2021-08-03,23.40
16048,28,11,1,30,2021-08-03,18.86
16049,32,11,2,24,2021-08-03,23.72
16050,38,11,5,4,2021-08-03,20.86
16051,2,12,1,15,2021-08-03,14.36
16052,4,12,6,14,2021-08-03,15.93
16053,10,12,2,12,2021-08-03,19.22
16054,12,12,2,10,2021-08-03,36.55
16055,16,12,2,11,2021-08-03,43.85
16056,22,12,6,8,2021-08-03,19.33
16057,24,12,5,3,2021-08-03,26.12
16058,30,12,6,10,2021-08-03,28.61
16059,36,12,3,11,2021-08-03,22.49
16060,38,12,5,7,2021-08-03,20.56
16061,40,12,3,10,2021-08-03,28.85
16062,1,1,1,26,2021-08-17,11.00
16063,11,1,6,22,2021-08-17,16.62
16064,27,1,6,28,2021-08-17,15.96
16065,33,1,4,26,2021-08-17,21.92
16066,37,1,3,20,2021-08-17,20.82
16067,41,1,4,47,2021-08-17,9.31
16068,43,1,4,39,2021-08-17,7.71
16069,1,2,1,35,2021-08-17,11.01
16070,3,2,6,39,2021-08-17,10.18
16071,5,2,6,45,2021-08-17,14.17
16072,7,2,6,24,2021-08-17,10.60
16073,9,2,2,30,2021-08-17,10.34
16074,11,2,2,43,2021-08-17,14.89
16075,27,2,1,36,2021-08-17,12.81
16076,31,2,6,22,2021-08-17,18.82
16077,37,2,3,24,2021-08-17,18.19
16078,41,2,6,45,2021-08-17,8.09
16079,43,2,6,62,2021-08-17,6.51
16080,5,3,6,33,2021-08-17,12.99
16081,13,3,4,15,2021-08-17,26.38
16082,19,3,2,19,2021-08-17,27.90
16083,27,3,1,25,2021-08-17,13.66
16084,39,3,5,25,2021-08-17,25.45
16085,1,4,1,18,2021-08-17,12.45
16086,5,4,6,11,2021-08-17,13.17
16087,9,4,2,28,2021-08-17,12.00
16088,13,4,4,9,2021-08-17,25.48
16089,15,4,4,5,2021-08-17,45.50
16090,17,4,2,5,2021-08-17,29.61
16091,25,4,3,6,2021-08-17,17.77
16092,29,4,6,22,2021-08-17,13.56
16093,33,4,2,23,2021-08-17,23.51
16094,35,4,3,11,2021-08-17,17.27
16095,37,4,3,9,2021-08-17,23.20
16096,41,4,4,34,2021-08-17,8.99
16097,3,5,6,15,2021-08-17,10.65
16098,9,5,6,17,2021-08-17,10.01
16099,15,5,4,12,2021-08-17,46.95
16100,17,5,4,9,2021-08-17,33.52
16101,25,5,5,5,2021-08-17,18.31
16102,33,5,4,3,2021-08-17,20.07
16103,35,5,3,10,2021-08-17,13.92
16104,43,5,4,25,2021-08-17,7.39
16105,5,6,6,37,2021-08-17,15.02
16106,9,6,6,28,2021-08-17,10.88
16107,11,6,6,34,2021-08-17,16.26
16108,21,6,6,11,2021-08-17,37.84
16109,29,6,6,47,2021-08-17,13.24
16110,37,6,3,24,2021-08-17,19.86
16111,41,6,6,40,2021-08-17,7.49
16112,43,6,4,34,2021-08-17,6.68
16113,1,7,6,24,2021-08-17,10.98
16114,9,7,6,26,2021-08-17,10.35
16115,19,7,2,11,2021-08-17,31.37
16116,21,7,6,18,2021-08-17,33.95
16117,25,7,3,5,2021-08-17,19.21
16118,27,7,6,21,2021-08-17,15.46
16119,29,7,1,31,2021-08-17,11.92
16120,39,7,5,14,2021-08-17,24.24
16121,41,7,6,39,2021-08-17,7.33
16122,43,7,6,36,2021-08-17,7.21
16123,1,8,1,14,2021-08-17,10.96
16124,3,8,6,21,2021-08-17,12.33
16125,11,8,6,22,2021-08-17,13.32
16126,13,8,4,6,2021-08-17,26.64
16127,21,8,2,11,2021-08-17,33.00
16128,27,8,6,24,2021-08-17,15.64
16129,31,8,6,23,2021-08-17,18.33
16130,33,8,4,14,2021-08-17,24.31
16131,35,8,3,16,2021-08-17,16.87
16132,37,8,3,5,2021-08-17,22.24
16133,43,8,4,44,2021-08-17,6.20
16134,5,9,6,8,2021-08-17,13.36
16135,7,9,6,8,2021-08-17,11.57
16136,17,9,4,4,2021-08-17,31.68
16137,27,9,1,26,2021-08-17,13.53
16138,29,9,1,25,2021-08-17,12.32
16139,31,9,1,14,2021-08-17,19.68
16140,35,9,3,3,2021-08-17,14.33
16141,37,9,3,6,2021-08-17,21.75
16142,39,9,3,10,2021-08-17,23.65
16143,41,9,4,25,2021-08-17,8.50
16144,43,9,4,25,2021-08-17,7.67
16145,3,10,6,17,2021-08-17,11.14
16146,7,10,6,14,2021-08-17,11.98
16147,9,10,2,23,2021-08-17,12.41
16148,13,10,4,4,2021-08-17,31.49
16149,15,10,4,6,2021-08-17,41.19
16150,19,10,2,2,2021-08-17,29.48
16151,25,10,3,6,2021-08-17,18.85
16152,27,10,1,25,2021-08-17,14.35
16153,35,10,3,20,2021-08-17,17.23
16154,37,10,3,20,2021-08-17,21.09
16155,39,10,3,11,2021-08-17,24.27
16156,41,10,4,39,2021-08-17,8.40
16157,27,11,1,39,2021-08-17,14.08
16158,35,11,3,9,2021-08-17,14.41
16159,1,12,6,15,2021-08-17,10.77
16160,9,12,6,12,2021-08-17,12.06
16161,13,12,2,9,2021-08-17,25.42
16162,15,12,2,9,2021-08-17,39.47
16163,17,12,2,8,2021-08-17,35.01
16164,19,12,2,7,2021-08-17,30.45
16165,31,12,1,11,2021-08-17,19.77
16166,35,12,3,18,2021-08-17,14.19
16167,37,12,3,3,2021-08-17,21.25
16168,4,1,6,45,2021-09-03,14.43
16169,6,1,6,25,2021-09-03,10.97
16170,8,1,6,46,2021-09-03,15.03
16171,10,1,2,27,2021-09-03,16.78
16172,12,1,2,10,2021-09-03,30.82
16173,20,1,6,25,2021-09-03,16.23
16174,24,1,5,11,2021-09-03,21.10
16175,28,1,1,18,2021-09-03,14.91
16176,34,1,4,19,2021-09-03,30.05
16177,36,1,3,37,2021-09-03,27.70
16178,38,1,5,7,2021-09-03,20.74
16179,4,2,1,29,2021-09-03,14.42
16180,6,2,6,23,2021-09-03,9.55
16181,8,2,6,35,2021-09-03,12.75
16182,12,2,2,22,2021-09-03,31.20
16183,14,2,2,12,2021-09-03,28.94
16184,20,2,6,30,2021-09-03,17.88
16185,22,2,2,33,2021-09-03,21.87
16186,28,2,1,39,2021-09-03,15.63
16187,6,3,1,33,2021-09-03,9.86
16188,12,3,2,17,2021-09-03,35.72
16189,14,3,2,6,2021-09-03,23.95
16190,24,3,5,9,2021-09-03,21.41
16191,26,3,3,9,2021-09-03,22.55
16192,34,3,2,16,2021-09-03,30.67
16193,2,4,6,33,2021-09-03,14.81
16194,6,4,1,35,2021-09-03,9.05
16195,8,4,6,27,2021-09-03,15.12
16196,10,4,2,12,2021-09-03,17.05
16197,14,4,4,14,2021-09-03,28.14
16198,16,4,2,10,2021-09-03,40.99
16199,18,4,6,20,2021-09-03,27.27
16200,20,4,6,21,2021-09-03,20.44
16201,24,4,3,3,2021-09-03,21.91
16202,30,4,1,17,2021-09-03,28.74
16203,32,4,2,12,2021-09-03,24.54
16204,34,4,4,10,2021-09-03,30.95
16205,40,4,3,18,2021-09-03,30.57
16206,42,4,4,28,2021-09-03,9.61
16207,4,5,6,24,2021-09-03,17.39
16208,6,5,6,13,2021-09-03,11.32
16209,10,5,2,11,2021-09-03,16.67
16210,16,5,4,10,2021-09-03,39.95
16211,20,5,6,10,2021-09-03,19.49
16212,26,5,3,5,2021-09-03,19.17
16213,28,5,1,32,2021-09-03,14.87
16214,34,5,4,6,2021-09-03,34.36
16215,38,5,3,7,2021-09-03,23.13
16216,42,5,6,31,2021-09-03,10.46
16217,12,6,2,15,2021-09-03,33.83
16218,16,6,2,5,2021-09-03,46.11
16219,20,6,2,23,2021-09-03,19.60
16220,22,6,2,25,2021-09-03,23.39
16221,26,6,5,16,2021-09-03,20.27
16222,2,7,1,19,2021-09-03,12.65
16223,4,7,1,30,2021-09-03,16.96
16224,6,7,1,19,2021-09-03,9.15
16225,8,7,6,23,2021-09-03,13.36
16226,18,7,6,19,2021-09-03,24.28
16227,30,7,1,20,2021-09-03,29.39
16228,32,7,4,21,2021-09-03,28.04
16229,36,7,3,24,2021-09-03,27.69
16230,40,7,5,17,2021-09-03,30.09
16231,42,7,6,22,2021-09-03,8.89
16232,10,8,6,20,2021-09-03,15.26
16233,14,8,4,12,2021-09-03,28.76
16234,16,8,4,21,2021-09-03,50.97
16235,20,8,2,26,2021-09-03,16.89
16236,22,8,2,16,2021-09-03,19.10
16237,26,8,3,21,2021-09-03,24.65
16238,28,8,1,20,2021-09-03,15.79
16239,34,8,4,11,2021-09-03,35.34
16240,36,8,3,15,2021-09-03,23.37
16241,42,8,4,16,2021-09-03,10.63
16242,2,9,1,9,2021-09-03,16.03
16243,4,9,6,10,2021-09-03,15.63
16244,8,9,6,9,2021-09-03,13.44
16245,10,9,6,21,2021-09-03,15.01
16246,16,9,4,10,2021-09-03,44.00
16247,20,9,2,21,2021-09-03,16.76
16248,26,9,5,4,2021-09-03,22.34
16249,28,9,1,9,2021-09-03,18.40
16250,34,9,2,6,2021-09-03,33.10
16251,36,9,3,5,2021-09-03,26.51
16252,6,10,1,23,2021-09-03,9.38
16253,8,10,6,20,2021-09-03,15.07
16254,10,10,2,17,2021-09-03,16.49
16255,12,10,2,3,2021-09-03,38.16
16256,16,10,4,4,2021-09-03,45.58
16257,22,10,6,17,2021-09-03,21.05
16258,26,10,3,9,2021-09-03,22.31
16259,28,10,6,26,2021-09-03,15.81
16260,30,10,6,8,2021-09-03,30.92
16261,32,10,2,11,2021-09-03,26.22
16262,36,10,3,9,2021-09-03,22.09
16263,38,10,5,8,2021-09-03,19.66
16264,40,10,3,10,2021-09-03,24.74
16265,2,11,6,18,2021-09-03,14.25
16266,8,11,2,24,2021-09-03,12.64
16267,10,11,2,21,2021-09-03,16.45
16268,16,11,2,8,2021-09-03,44.58
16269,18,11,6,19,2021-09-03,27.34
16270,24,11,3,3,2021-09-03,21.11
16271,26,11,5,11,2021-09-03,22.72
16272,30,11,6,11,2021-09-03,27.25
16273,34,11,2,9,2021-09-03,32.39
16274,36,11,3,26,2021-09-03,26.73
16275,40,11,3,14,2021-09-03,26.18
16276,42,11,6,18,2021-09-03,9.01
16277,6,12,6,12,2021-09-03,9.69
16278,8,12,6,7,2021-09-03,13.58
16279,18,12,2,14,2021-09-03,25.18
16280,20,12,2,15,2021-09-03,20.31
16281,26,12,3,8,2021-09-03,23.54
16282,28,12,1,26,2021-09-03,17.67
16283,32,12,2,4,2021-09-03,28.95
16284,34,12,4,9,2021-09-03,33.67
16285,42,12,6,6,2021-09-03,9.56
16286,1,1,6,40,2021-09-17,11.19
16287,3,1,6,54,2021-09-17,12.25
16288,5,1,6,39,2021-09-17,13.81
16289,7,1,2,39,2021-09-17,11.74
16290,9,1,2,49,2021-09-17,11.30
16291,11,1,2,32,2021-09-17,14.43
16292,13,1,4,17,2021-09-17,30.21
16293,15,1,4,30,2021-09-17,42.15
16294,17,1,4,12,2021-09-17,33.83
16295,19,1,6,39,2021-09-17,27.21
16296,21,1,6,16,2021-09-17,37.03
16297,23,1,3,31,2021-09-17,21.01
16298,25,1,3,24,2021-09-17,19.93
16299,27,1,1,44,2021-09-17,14.22
16300,29,1,1,59,2021-09-17,11.39
16301,31,1,6,25,2021-09-17,18.47
16302,35,1,3,33,2021-09-17,16.19
16303,37,1,3,27,2021-09-17,21.98
16304,39,1,3,27,2021-09-17,24.71
16305,43,1,6,26,2021-09-17,6.74
16306,1,2,6,34,2021-09-17,12.99
16307,3,2,1,51,2021-09-17,9.99
16308,5,2,6,33,2021-09-17,12.56
16309,7,2,6,32,2021-09-17,13.69
16310,9,2,2,41,2021-09-17,11.71
16311,11,2,2,37,2021-09-17,16.30
16312,13,2,2,25,2021-09-17,25.35
16313,15,2,4,30,2021-09-17,41.57
16314,17,2,4,37,2021-09-17,28.37
16315,19,2,6,33,2021-09-17,32.21
16316,21,2,2,35,2021-09-17,37.24
16317,23,2,5,26,2021-09-17,20.64
16318,25,2,3,23,2021-09-17,16.19
16319,27,2,1,34,2021-09-17,15.57
16320,29,2,1,43,2021-09-17,13.63
16321,31,2,6,24,2021-09-17,17.37
16322,33,2,2,37,2021-09-17,21.40
16323,35,2,3,45,2021-09-17,16.96
16324,37,2,3,28,2021-09-17,21.99
16325,39,2,5,25,2021-09-17,23.76
16326,41,2,4,52,2021-09-17,8.24
16327,43,2,4,48,2021-09-17,5.99
16328,1,3,1,25,2021-09-17,13.38
16329,3,3,6,38,2021-09-17,11.06
16330,7,3,6,14,2021-09-17,13.50
16331,9,3,2,41,2021-09-17,12.45
16332,11,3,2,51,2021-09-17,16.91
16333,15,3,2,20,2021-09-17,45.42
16334,17,3,2,9,2021-09-17,36.33
16335,21,3,6,23,2021-09-17,39.92
16336,23,3,3,19,2021-09-17,22.22
16337,25,3,5,26,2021-09-17,20.10
16338,27,3,6,29,2021-09-17,13.24
16339,29,3,6,38,2021-09-17,12.50
16340,31,3,1,39,2021-09-17,16.54
16341,33,3,2,23,2021-09-17,24.17
16342,35,3,3,16,2021-09-17,16.59
16343,37,3,3,32,2021-09-17,18.22
16344,41,3,6,51,2021-09-17,7.39
16345,43,3,4,48,2021-09-17,6.94
16346,3,4,1,21,2021-09-17,11.73
16347,7,4,6,21,2021-09-17,11.97
16348,9,4,2,29,2021-09-17,9.94
16349,11,4,2,46,2021-09-17,15.71
16350,19,4,6,25,2021-09-17,29.75
16351,21,4,6,21,2021-09-17,32.50
16352,23,4,5,30,2021-09-17,18.88
16353,27,4,1,39,2021-09-17,16.29
16354,31,4,6,22,2021-09-17,17.86
16355,39,4,3,18,2021-09-17,25.96
16356,43,4,4,29,2021-09-17,6.56
16357,1,5,6,27,2021-09-17,11.87
16358,5,5,1,31,2021-09-17,13.63
16359,7,5,6,17,2021-09-17,13.74
16360,11,5,6,39,2021-09-17,15.07
16361,13,5,4,11,2021-09-17,25.73
16362,19,5,6,19,2021-09-17,33.24
16363,21,5,2,6,2021-09-17,38.37
16364,23,5,5,10,2021-09-17,20.81
16365,27,5,6,20,2021-09-17,15.33
16366,29,5,1,19,2021-09-17,11.94
16367,31,5,1,19,2021-09-17,20.13
16368,37,5,3,10,2021-09-17,20.56
16369,39,5,3,15,2021-09-17,24.22
16370,41,5,4,34,2021-09-17,8.69
16371,1,6,6,38,2021-09-17,13.41
16372,3,6,6,38,2021-09-17,11.09
16373,7,6,6,28,2021-09-17,11.78
16374,9,6,6,24,2021-09-17,12.75
16375,11,6,2,21,2021-09-17,13.79
16376,13,6,4,9,2021-09-17,32.00
16377,15,6,2,8,2021-09-17,46.06
16378,17,6,4,4,2021-09-17,32.89
16379,19,6,6,23,2021-09-17,27.70
16380,23,6,3,10,2021-09-17,21.46
16381,25,6,5,6,2021-09-17,20.12
16382,27,6,1,46,2021-09-17,14.61
16383,31,6,6,22,2021-09-17,17.80
16384,33,6,4,28,2021-09-17,20.12
16385,35,6,3,31,2021-09-17,15.45
16386,39,6,3,19,2021-09-17,20.84
16387,41,6,6,37,2021-09-17,8.65
16388,3,7,1,26,2021-09-17,12.35
16389,5,7,6,18,2021-09-17,14.46
16390,7,7,6,20,2021-09-17,11.00
16391,11,7,2,31,2021-09-17,16.93
16392,15,7,4,9,2021-09-17,36.59
16393,17,7,2,10,2021-09-17,31.22
16394,23,7,5,24,2021-09-17,23.46
16395,29,7,6,27,2021-09-17,11.94
16396,31,7,1,19,2021-09-17,20.01
16397,33,7,4,9,2021-09-17,19.22
16398,35,7,3,17,2021-09-17,16.60
16399,37,7,3,25,2021-09-17,19.45
16400,3,8,1,28,2021-09-17,12.19
16401,5,8,6,22,2021-09-17,11.97
16402,7,8,6,28,2021-09-17,12.35
16403,9,8,6,37,2021-09-17,12.58
16404,11,8,2,25,2021-09-17,16.38
16405,15,8,2,9,2021-09-17,39.07
16406,17,8,4,14,2021-09-17,28.45
16407,19,8,6,17,2021-09-17,31.36
16408,23,8,5,21,2021-09-17,22.09
16409,25,8,3,8,2021-09-17,19.93
16410,27,8,1,28,2021-09-17,12.59
16411,29,8,1,37,2021-09-17,13.73
16412,31,8,6,23,2021-09-17,19.49
16413,39,8,3,20,2021-09-17,23.73
16414,41,8,4,48,2021-09-17,8.08
16415,43,8,6,20,2021-09-17,6.33
16416,1,9,6,19,2021-09-17,12.38
16417,3,9,6,26,2021-09-17,11.64
16418,9,9,6,22,2021-09-17,9.91
16419,11,9,2,46,2021-09-17,16.69
16420,13,9,2,9,2021-09-17,26.98
16421,15,9,4,8,2021-09-17,37.44
16422,19,9,2,5,2021-09-17,31.49
16423,21,9,2,28,2021-09-17,40.51
16424,23,9,3,13,2021-09-17,21.67
16425,25,9,5,6,2021-09-17,18.87
16426,33,9,4,13,2021-09-17,23.08
16427,1,10,6,53,2021-09-17,12.24
16428,3,10,1,32,2021-09-17,11.58
16429,5,10,6,25,2021-09-17,14.59
16430,11,10,6,28,2021-09-17,13.76
16431,17,10,4,5,2021-09-17,28.70
16432,21,10,2,26,2021-09-17,40.79
16433,23,10,5,5,2021-09-17,21.96
16434,29,10,6,31,2021-09-17,12.51
16435,31,10,6,12,2021-09-17,18.82
16436,33,10,4,21,2021-09-17,19.24
16437,41,10,6,24,2021-09-17,9.31
16438,43,10,6,35,2021-09-17,7.03
16439,1,11,1,37,2021-09-17,13.04
16440,3,11,6,67,2021-09-17,10.28
16441,5,11,6,38,2021-09-17,12.24
16442,7,11,6,36,2021-09-17,11.72
16443,9,11,2,25,2021-09-17,10.45
16444,11,11,6,53,2021-09-17,15.25
16445,13,11,4,18,2021-09-17,29.31
16446,15,11,2,40,2021-09-17,40.29
16447,17,11,4,19,2021-09-17,32.90
16448,19,11,2,13,2021-09-17,27.47
16449,21,11,2,21,2021-09-17,35.14
16450,23,11,5,20,2021-09-17,20.38
16451,25,11,5,3,2021-09-17,19.98
16452,27,11,6,35,2021-09-17,14.79
16453,29,11,1,21,2021-09-17,12.87
16454,31,11,6,20,2021-09-17,16.31
16455,33,11,2,15,2021-09-17,19.87
16456,37,11,3,42,2021-09-17,18.53
16457,39,11,3,16,2021-09-17,24.53
16458,41,11,6,27,2021-09-17,7.74
16459,43,11,6,22,2021-09-17,6.97
16460,3,12,6,18,2021-09-17,9.71
16461,5,12,6,28,2021-09-17,13.49
16462,7,12,2,21,2021-09-17,12.15
16463,11,12,6,29,2021-09-17,16.46
16464,21,12,2,14,2021-09-17,35.15
16465,23,12,3,17,2021-09-17,20.57
16466,25,12,5,10,2021-09-17,20.03
16467,27,12,1,18,2021-09-17,13.71
16468,29,12,1,13,2021-09-17,13.86
16469,33,12,2,5,2021-09-17,20.57
16470,39,12,5,5,2021-09-17,25.83
16471,41,12,6,42,2021-09-17,8.28
16472,43,12,6,24,2021-09-17,5.94
16473,2,1,6,61,2021-10-04,14.19
16474,4,1,6,30,2021-10-04,16.98
16475,6,1,1,33,2021-10-04,11.57
16476,10,1,2,22,2021-10-04,18.04
16477,14,1,2,29,2021-10-04,22.98
16478,16,1,2,44,2021-10-04,50.79
16479,18,1,6,40,2021-10-04,22.72
16480,20,1,2,40,2021-10-04,17.30
16481,22,1,2,54,2021-10-04,19.31
16482,26,1,5,41,2021-10-04,22.78
16483,28,1,1,36,2021-10-04,15.16
16484,30,1,6,47,2021-10-04,24.21
16485,32,1,4,32,2021-10-04,22.82
16486,36,1,3,31,2021-10-04,24.81
16487,38,1,5,28,2021-10-04,23.47
16488,40,1,5,40,2021-10-04,24.05
16489,42,1,4,30,2021-10-04,8.86
16490,2,2,6,75,2021-10-04,13.74
16491,4,2,1,88,2021-10-04,15.85
16492,6,2,6,58,2021-10-04,9.08
16493,8,2,6,30,2021-10-04,14.22
16494,10,2,2,59,2021-10-04,16.09
16495,16,2,2,59,2021-10-04,46.54
16496,18,2,6,62,2021-10-04,26.82
16497,20,2,2,42,2021-10-04,16.18
16498,22,2,2,45,2021-10-04,18.43
16499,24,2,3,14,2021-10-04,25.29
16500,26,2,3,40,2021-10-04,22.67
16501,28,2,6,49,2021-10-04,15.21
16502,30,2,6,43,2021-10-04,30.70
16503,32,2,4,38,2021-10-04,23.14
16504,34,2,4,34,2021-10-04,32.06
16505,36,2,3,43,2021-10-04,26.10
16506,38,2,5,51,2021-10-04,23.60
16507,40,2,5,59,2021-10-04,25.44
16508,42,2,6,43,2021-10-04,10.29
16509,2,3,6,42,2021-10-04,12.72
16510,4,3,6,45,2021-10-04,16.05
16511,6,3,6,29,2021-10-04,9.81
16512,8,3,2,41,2021-10-04,16.05
16513,10,3,2,26,2021-10-04,16.96
16514,16,3,2,23,2021-10-04,44.47
16515,18,3,6,27,2021-10-04,21.60
16516,20,3,6,57,2021-10-04,20.53
16517,22,3,6,36,2021-10-04,19.03
16518,24,3,5,45,2021-10-04,25.72
16519,28,3,6,47,2021-10-04,19.11
16520,30,3,6,48,2021-10-04,27.80
16521,32,3,2,28,2021-10-04,25.75
16522,36,3,3,34,2021-10-04,27.41
16523,38,3,5,37,2021-10-04,22.57
16524,40,3,3,27,2021-10-04,24.36
16525,42,3,6,51,2021-10-04,8.59
16526,4,4,1,34,2021-10-04,13.92
16527,12,4,4,20,2021-10-04,32.19
16528,20,4,6,28,2021-10-04,17.64
16529,22,4,6,30,2021-10-04,19.43
16530,26,4,5,5,2021-10-04,20.55
16531,28,4,1,26,2021-10-04,18.45
16532,32,4,4,24,2021-10-04,24.18
16533,36,4,3,27,2021-10-04,26.63
16534,38,4,5,17,2021-10-04,23.97
16535,42,4,4,24,2021-10-04,10.74
16536,2,5,6,17,2021-10-04,14.99
16537,4,5,6,28,2021-10-04,17.80
16538,8,5,6,17,2021-10-04,13.15
16539,12,5,2,9,2021-10-04,37.54
16540,14,5,4,13,2021-10-04,22.44
16541,18,5,2,10,2021-10-04,21.69
16542,22,5,2,27,2021-10-04,22.48
16543,24,5,3,7,2021-10-04,24.77
16544,30,5,6,11,2021-10-04,25.64
16545,32,5,2,25,2021-10-04,26.16
16546,36,5,3,10,2021-10-04,26.41
16547,40,5,3,27,2021-10-04,28.56
16548,42,5,4,20,2021-10-04,9.94
16549,2,6,1,37,2021-10-04,14.49
16550,4,6,1,36,2021-10-04,14.48
16551,6,6,1,47,2021-10-04,11.19
16552,8,6,2,41,2021-10-04,13.47
16553,10,6,2,26,2021-10-04,17.51
16554,14,6,4,22,2021-10-04,25.28
16555,18,6,6,25,2021-10-04,25.80
16556,22,6,2,45,2021-10-04,20.57
16557,24,6,3,25,2021-10-04,22.45
16558,26,6,5,36,2021-10-04,19.90
16559,28,6,1,42,2021-10-04,16.06
16560,30,6,6,36,2021-10-04,28.91
16561,32,6,2,14,2021-10-04,22.82
16562,34,6,2,20,2021-10-04,33.08
16563,36,6,3,36,2021-10-04,26.65
16564,38,6,3,31,2021-10-04,21.31
16565,40,6,3,38,2021-10-04,27.95
16566,42,6,6,33,2021-10-04,8.96
16567,2,7,1,28,2021-10-04,14.40
16568,4,7,6,39,2021-10-04,16.72
16569,8,7,6,28,2021-10-04,16.32
16570,10,7,2,19,2021-10-04,17.57
16571,12,7,2,15,2021-10-04,30.28
16572,14,7,4,20,2021-10-04,24.07
16573,16,7,2,17,2021-10-04,45.71
16574,20,7,6,40,2021-10-04,17.11
16575,22,7,2,39,2021-10-04,22.77
16576,24,7,5,24,2021-10-04,26.47
16577,26,7,3,23,2021-10-04,22.45
16578,28,7,6,38,2021-10-04,15.52
16579,30,7,1,51,2021-10-04,28.05
16580,32,7,4,32,2021-10-04,26.87
16581,34,7,4,12,2021-10-04,33.42
16582,38,7,5,20,2021-10-04,23.20
16583,2,8,6,26,2021-10-04,15.96
16584,4,8,6,40,2021-10-04,14.89
16585,6,8,1,23,2021-10-04,9.22
16586,8,8,2,29,2021-10-04,13.26
16587,10,8,6,25,2021-10-04,18.67
16588,12,8,2,33,2021-10-04,36.56
16589,14,8,4,21,2021-10-04,22.46
16590,16,8,4,23,2021-10-04,51.43
16591,18,8,2,24,2021-10-04,21.95
16592,20,8,2,22,2021-10-04,20.45
16593,22,8,2,39,2021-10-04,22.01
16594,24,8,5,8,2021-10-04,25.13
16595,26,8,3,34,2021-10-04,21.91
16596,28,8,1,22,2021-10-04,17.67
16597,30,8,6,27,2021-10-04,27.17
16598,32,8,2,37,2021-10-04,22.82
16599,36,8,3,44,2021-10-04,26.78
16600,38,8,3,18,2021-10-04,23.22
16601,40,8,3,39,2021-10-04,24.95
16602,42,8,6,31,2021-10-04,8.96
16603,6,9,6,32,2021-10-04,9.76
16604,12,9,4,18,2021-10-04,31.82
16605,14,9,2,12,2021-10-04,28.28
16606,18,9,2,27,2021-10-04,23.95
16607,22,9,6,23,2021-10-04,23.24
16608,24,9,5,24,2021-10-04,20.81
16609,30,9,6,26,2021-10-04,28.53
16610,32,9,2,5,2021-10-04,24.81
16611,38,9,5,37,2021-10-04,22.38
16612,40,9,3,9,2021-10-04,25.34
16613,42,9,4,19,2021-10-04,9.17
16614,2,10,6,28,2021-10-04,12.68
16615,4,10,1,33,2021-10-04,17.30
16616,14,10,4,13,2021-10-04,26.51
16617,18,10,6,22,2021-10-04,27.44
16618,20,10,6,24,2021-10-04,15.95
16619,22,10,2,31,2021-10-04,22.95
16620,24,10,5,17,2021-10-04,26.03
16621,34,10,4,15,2021-10-04,33.47
16622,36,10,3,32,2021-10-04,25.11
16623,42,10,6,41,2021-10-04,8.33
16624,2,11,1,38,2021-10-04,16.28
16625,4,11,1,35,2021-10-04,14.02
16626,6,11,6,21,2021-10-04,11.56
16627,12,11,2,26,2021-10-04,30.16
16628,14,11,2,23,2021-10-04,24.15
16629,20,11,2,28,2021-10-04,17.01
16630,22,11,6,23,2021-10-04,22.15
16631,28,11,1,39,2021-10-04,16.95
16632,32,11,2,36,2021-10-04,25.98
16633,38,11,3,11,2021-10-04,24.17
16634,2,12,1,13,2021-10-04,13.66
16635,4,12,6,36,2021-10-04,16.61
16636,10,12,6,25,2021-10-04,16.64
16637,12,12,4,10,2021-10-04,36.50
16638,14,12,2,7,2021-10-04,24.35
16639,16,12,2,18,2021-10-04,48.72
16640,22,12,2,18,2021-10-04,19.13
16641,24,12,5,21,2021-10-04,22.41
16642,30,12,6,27,2021-10-04,25.81
16643,36,12,3,12,2021-10-04,24.65
16644,38,12,3,7,2021-10-04,21.97
16645,40,12,5,20,2021-10-04,26.51
16646,42,12,4,26,2021-10-04,10.14
16647,1,1,6,45,2021-10-18,11.01
16648,3,1,6,37,2021-10-18,10.98
16649,7,1,2,24,2021-10-18,12.85
16650,9,1,2,61,2021-10-18,12.57
16651,11,1,2,69,2021-10-18,16.11
16652,13,1,4,30,2021-10-18,29.59
16653,17,1,4,31,2021-10-18,35.92
16654,23,1,3,72,2021-10-18,21.41
16655,27,1,1,49,2021-10-18,13.15
16656,29,1,1,43,2021-10-18,14.30
16657,31,1,1,35,2021-10-18,17.34
16658,33,1,2,49,2021-10-18,22.79
16659,35,1,3,38,2021-10-18,16.20
16660,37,1,3,45,2021-10-18,22.79
16661,39,1,3,31,2021-10-18,24.58
16662,41,1,4,100,2021-10-18,9.43
16663,43,1,4,63,2021-10-18,7.02
16664,1,2,6,31,2021-10-18,10.98
16665,3,2,1,63,2021-10-18,11.40
16666,5,2,1,32,2021-10-18,12.91
16667,7,2,2,34,2021-10-18,13.69
16668,9,2,2,70,2021-10-18,12.45
16669,11,2,2,54,2021-10-18,14.28
16670,15,2,2,28,2021-10-18,47.16
16671,17,2,4,26,2021-10-18,35.38
16672,19,2,2,44,2021-10-18,30.64
16673,21,2,6,27,2021-10-18,32.88
16674,23,2,3,38,2021-10-18,22.71
16675,25,2,3,33,2021-10-18,17.49
16676,27,2,6,80,2021-10-18,15.31
16677,29,2,6,50,2021-10-18,13.08
16678,31,2,6,43,2021-10-18,19.22
16679,33,2,4,28,2021-10-18,20.22
16680,35,2,3,37,2021-10-18,17.16
16681,37,2,3,29,2021-10-18,23.51
16682,39,2,5,38,2021-10-18,23.03
16683,41,2,6,74,2021-10-18,7.60
16684,43,2,6,46,2021-10-18,6.48
16685,1,3,6,39,2021-10-18,10.95
16686,3,3,6,32,2021-10-18,10.72
16687,5,3,1,48,2021-10-18,14.02
16688,9,3,2,33,2021-10-18,12.82
16689,11,3,2,39,2021-10-18,14.14
16690,13,3,2,16,2021-10-18,28.74
16691,17,3,4,25,2021-10-18,32.34
16692,19,3,2,34,2021-10-18,28.95
16693,23,3,3,63,2021-10-18,23.54
16694,27,3,6,23,2021-10-18,13.89
16695,33,3,2,27,2021-10-18,21.38
16696,35,3,3,37,2021-10-18,16.69
16697,37,3,3,31,2021-10-18,22.76
16698,39,3,5,29,2021-10-18,26.07
16699,41,3,4,30,2021-10-18,7.41
16700,43,3,6,67,2021-10-18,7.16
16701,1,4,1,66,2021-10-18,11.94
16702,3,4,6,46,2021-10-18,11.33
16703,5,4,6,23,2021-10-18,13.89
16704,11,4,2,25,2021-10-18,15.83
16705,13,4,2,33,2021-10-18,26.47
16706,15,4,4,22,2021-10-18,47.21
16707,17,4,4,27,2021-10-18,32.39
16708,23,4,5,35,2021-10-18,23.18
16709,25,4,3,33,2021-10-18,18.29
16710,27,4,1,39,2021-10-18,15.12
16711,29,4,6,49,2021-10-18,11.76
16712,33,4,2,31,2021-10-18,24.21
16713,35,4,3,34,2021-10-18,14.08
16714,37,4,3,35,2021-10-18,23.40
16715,41,4,6,52,2021-10-18,8.20
16716,43,4,6,50,2021-10-18,6.93
16717,3,5,1,27,2021-10-18,11.90
16718,9,5,2,30,2021-10-18,10.63
16719,15,5,4,13,2021-10-18,38.91
16720,17,5,2,17,2021-10-18,30.14
16721,25,5,3,16,2021-10-18,16.98
16722,27,5,6,31,2021-10-18,15.87
16723,33,5,2,16,2021-10-18,24.13
16724,35,5,3,31,2021-10-18,14.09
16725,39,5,3,24,2021-10-18,21.82
16726,43,5,4,24,2021-10-18,6.30
16727,1,6,6,42,2021-10-18,12.31
16728,3,6,6,25,2021-10-18,10.35
16729,5,6,1,43,2021-10-18,13.50
16730,7,6,6,35,2021-10-18,10.69
16731,11,6,6,54,2021-10-18,16.02
16732,13,6,2,24,2021-10-18,26.57
16733,15,6,4,27,2021-10-18,40.00
16734,19,6,2,28,2021-10-18,28.28
16735,21,6,2,44,2021-10-18,32.29
16736,25,6,5,29,2021-10-18,17.56
16737,27,6,1,26,2021-10-18,16.10
16738,29,6,1,53,2021-10-18,11.62
16739,31,6,1,24,2021-10-18,18.50
16740,35,6,3,47,2021-10-18,17.48
16741,37,6,3,20,2021-10-18,19.51
16742,39,6,5,19,2021-10-18,26.51
16743,41,6,6,37,2021-10-18,7.50
16744,43,6,6,65,2021-10-18,7.48
16745,1,7,1,45,2021-10-18,13.21
16746,5,7,6,35,2021-10-18,14.20
16747,7,7,6,20,2021-10-18,12.33
16748,9,7,6,56,2021-10-18,12.05
16749,11,7,6,48,2021-10-18,16.63
16750,13,7,4,5,2021-10-18,28.47
16751,17,7,4,30,2021-10-18,32.87
16752,19,7,2,37,2021-10-18,31.66
16753,21,7,2,20,2021-10-18,38.41
16754,23,7,5,35,2021-10-18,22.50
16755,25,7,5,30,2021-10-18,19.25
16756,27,7,6,56,2021-10-18,13.10
16757,29,7,6,29,2021-10-18,14.51
16758,31,7,6,27,2021-10-18,18.04
16759,35,7,3,28,2021-10-18,15.86
16760,39,7,5,21,2021-10-18,22.29
16761,41,7,6,41,2021-10-18,7.47
16762,43,7,6,81,2021-10-18,7.33
16763,1,8,1,33,2021-10-18,12.07
16764,3,8,1,45,2021-10-18,10.37
16765,9,8,6,48,2021-10-18,12.84
16766,11,8,2,47,2021-10-18,17.02
16767,13,8,4,21,2021-10-18,24.80
16768,15,8,2,21,2021-10-18,43.49
16769,21,8,6,24,2021-10-18,35.36
16770,23,8,3,36,2021-10-18,23.62
16771,27,8,1,48,2021-10-18,15.90
16772,29,8,6,47,2021-10-18,13.07
16773,33,8,4,31,2021-10-18,23.65
16774,35,8,3,37,2021-10-18,17.97
16775,37,8,3,26,2021-10-18,19.15
16776,41,8,4,29,2021-10-18,8.79
16777,43,8,4,67,2021-10-18,7.57
16778,5,9,1,28,2021-10-18,12.92
16779,7,9,6,35,2021-10-18,13.23
16780,17,9,4,9,2021-10-18,30.79
16781,27,9,1,16,2021-10-18,13.03
16782,29,9,6,20,2021-10-18,12.43
16783,31,9,6,25,2021-10-18,17.48
16784,35,9,3,18,2021-10-18,15.57
16785,37,9,3,13,2021-10-18,19.51
16786,39,9,5,31,2021-10-18,24.23
16787,41,9,4,44,2021-10-18,8.22
16788,43,9,4,49,2021-10-18,7.35
16789,3,10,6,37,2021-10-18,11.81
16790,5,10,1,30,2021-10-18,13.44
16791,7,10,2,51,2021-10-18,10.90
16792,9,10,2,54,2021-10-18,11.15
16793,11,10,2,32,2021-10-18,16.10
16794,13,10,2,17,2021-10-18,28.06
16795,15,10,4,31,2021-10-18,37.27
16796,19,10,2,33,2021-10-18,29.52
16797,23,10,5,27,2021-10-18,21.98
16798,25,10,5,44,2021-10-18,16.28
16799,27,10,6,45,2021-10-18,13.50
16800,29,10,1,24,2021-10-18,14.30
16801,33,10,2,29,2021-10-18,20.66
16802,35,10,3,36,2021-10-18,18.03
16803,37,10,3,25,2021-10-18,19.11
16804,39,10,5,29,2021-10-18,24.19
16805,41,10,4,35,2021-10-18,7.69
16806,43,10,4,40,2021-10-18,7.69
16807,1,11,1,26,2021-10-18,11.39
16808,3,11,6,24,2021-10-18,11.01
16809,7,11,6,27,2021-10-18,11.20
16810,9,11,2,25,2021-10-18,11.89
16811,11,11,2,41,2021-10-18,14.58
16812,21,11,2,26,2021-10-18,34.26
16813,27,11,1,33,2021-10-18,13.91
16814,29,11,6,29,2021-10-18,13.57
16815,33,11,2,25,2021-10-18,23.51
16816,35,11,3,33,2021-10-18,17.90
16817,41,11,6,55,2021-10-18,9.00
16818,43,11,6,38,2021-10-18,7.13
16819,1,12,1,33,2021-10-18,12.56
16820,3,12,6,23,2021-10-18,11.96
16821,9,12,6,9,2021-10-18,11.16
16822,13,12,2,12,2021-10-18,25.15
16823,15,12,4,11,2021-10-18,39.91
16824,17,12,2,11,2021-10-18,34.90
16825,19,12,2,9,2021-10-18,33.50
16826,23,12,5,40,2021-10-18,20.20
16827,27,12,1,24,2021-10-18,15.02
16828,31,12,1,21,2021-10-18,18.54
16829,35,12,3,25,2021-10-18,16.51
16830,37,12,3,28,2021-10-18,19.66
16831,41,12,6,27,2021-10-18,9.04
16832,2,1,1,48,2021-11-03,14.52
16833,4,1,6,45,2021-11-03,14.51
16834,6,1,1,42,2021-11-03,9.75
16835,8,1,2,114,2021-11-03,15.78
16836,10,1,2,28,2021-11-03,18.72
16837,12,1,4,49,2021-11-03,30.62
16838,14,1,4,33,2021-11-03,22.90
16839,16,1,2,40,2021-11-03,41.54
16840,18,1,2,51,2021-11-03,22.34
16841,20,1,6,83,2021-11-03,17.08
16842,22,1,2,47,2021-11-03,21.88
16843,24,1,5,60,2021-11-03,25.72
16844,26,1,5,46,2021-11-03,19.43
16845,28,1,1,51,2021-11-03,18.61
16846,30,1,1,69,2021-11-03,23.77
16847,32,1,4,74,2021-11-03,24.11
16848,34,1,4,43,2021-11-03,31.27
16849,36,1,3,38,2021-11-03,27.75
16850,40,1,3,43,2021-11-03,29.34
16851,42,1,6,52,2021-11-03,9.81
16852,2,2,6,35,2021-11-03,14.97
16853,4,2,1,93,2021-11-03,17.79
16854,6,2,6,64,2021-11-03,10.06
16855,8,2,2,66,2021-11-03,13.36
16856,10,2,6,42,2021-11-03,16.46
16857,12,2,2,67,2021-11-03,29.92
16858,14,2,2,33,2021-11-03,27.33
16859,16,2,4,74,2021-11-03,41.12
16860,18,2,2,40,2021-11-03,27.43
16861,20,2,2,58,2021-11-03,19.61
16862,22,2,6,55,2021-11-03,19.38
16863,24,2,3,37,2021-11-03,21.77
16864,26,2,5,65,2021-11-03,21.10
16865,28,2,6,47,2021-11-03,19.23
16866,30,2,1,61,2021-11-03,30.31
16867,32,2,4,49,2021-11-03,27.22
16868,34,2,4,30,2021-11-03,34.34
16869,36,2,3,55,2021-11-03,27.42
16870,38,2,5,32,2021-11-03,19.96
16871,40,2,5,46,2021-11-03,28.22
16872,42,2,6,85,2021-11-03,8.43
16873,4,3,1,53,2021-11-03,15.89
16874,6,3,1,41,2021-11-03,11.09
16875,8,3,6,38,2021-11-03,12.94
16876,12,3,2,41,2021-11-03,34.34
16877,14,3,4,18,2021-11-03,29.14
16878,18,3,6,42,2021-11-03,26.30
16879,20,3,2,44,2021-11-03,16.06
16880,26,3,5,54,2021-11-03,22.21
16881,28,3,1,43,2021-11-03,18.87
16882,32,3,4,33,2021-11-03,26.50
16883,34,3,4,31,2021-11-03,30.72
16884,36,3,3,33,2021-11-03,22.95
16885,38,3,3,20,2021-11-03,19.75
16886,40,3,3,33,2021-11-03,25.60
16887,42,3,4,31,2021-11-03,8.63
16888,2,4,6,38,2021-11-03,14.65
16889,4,4,6,55,2021-11-03,14.96
16890,6,4,1,52,2021-11-03,11.60
16891,8,4,6,54,2021-11-03,15.37
16892,10,4,6,35,2021-11-03,18.95
16893,14,4,2,40,2021-11-03,23.32
16894,16,4,2,39,2021-11-03,46.15
16895,18,4,2,39,2021-11-03,27.65
16896,20,4,6,30,2021-11-03,16.08
16897,24,4,5,53,2021-11-03,24.20
16898,26,4,5,38,2021-11-03,22.05
16899,28,4,6,27,2021-11-03,18.76
16900,30,4,6,35,2021-11-03,30.43
16901,32,4,4,26,2021-11-03,27.12
16902,34,4,4,31,2021-11-03,28.95
16903,36,4,3,31,2021-11-03,27.13
16904,40,4,5,51,2021-11-03,25.65
16905,2,5,1,24,2021-11-03,12.64
16906,4,5,1,32,2021-11-03,14.57
16907,6,5,1,32,2021-11-03,10.26
16908,8,5,6,33,2021-11-03,13.35
16909,10,5,6,35,2021-11-03,16.16
16910,16,5,2,13,2021-11-03,48.94
16911,20,5,6,29,2021-11-03,16.51
16912,26,5,5,35,2021-11-03,20.29
16913,28,5,6,37,2021-11-03,18.52
16914,34,5,4,27,2021-11-03,30.72
16915,38,5,5,23,2021-11-03,23.10
16916,40,5,5,25,2021-11-03,26.36
16917,42,5,4,29,2021-11-03,9.28
16918,2,6,6,39,2021-11-03,16.33
16919,4,6,1,69,2021-11-03,17.67
16920,6,6,1,51,2021-11-03,10.56
16921,8,6,6,49,2021-11-03,13.31
16922,10,6,2,33,2021-11-03,16.83
16923,12,6,4,52,2021-11-03,34.43
16924,16,6,4,53,2021-11-03,48.50
16925,18,6,6,44,2021-11-03,27.78
16926,20,6,6,28,2021-11-03,18.44
16927,22,6,2,36,2021-11-03,21.63
16928,26,6,5,55,2021-11-03,23.87
16929,30,6,1,33,2021-11-03,25.60
16930,32,6,4,42,2021-11-03,25.08
16931,34,6,4,43,2021-11-03,29.71
16932,36,6,3,31,2021-11-03,23.29
16933,42,6,6,39,2021-11-03,10.36
16934,4,7,1,44,2021-11-03,14.87
16935,6,7,1,45,2021-11-03,9.90
16936,8,7,6,31,2021-11-03,13.20
16937,10,7,2,37,2021-11-03,14.89
16938,16,7,2,23,2021-11-03,43.01
16939,18,7,2,28,2021-11-03,27.75
16940,20,7,2,28,2021-11-03,19.21
16941,22,7,6,37,2021-11-03,22.28
16942,28,7,6,23,2021-11-03,18.15
16943,30,7,1,35,2021-11-03,24.53
16944,32,7,2,45,2021-11-03,24.33
16945,36,7,3,20,2021-11-03,25.68
16946,38,7,3,25,2021-11-03,22.95
16947,40,7,5,31,2021-11-03,25.84
16948,42,7,4,64,2021-11-03,9.70
16949,2,8,6,39,2021-11-03,16.12
16950,4,8,1,41,2021-11-03,14.66
16951,6,8,6,37,2021-11-03,11.18
16952,8,8,2,34,2021-11-03,15.86
16953,10,8,2,29,2021-11-03,17.09
16954,20,8,6,23,2021-11-03,15.94
16955,22,8,2,52,2021-11-03,19.56
16956,24,8,3,26,2021-11-03,22.93
16957,28,8,6,32,2021-11-03,15.54
16958,32,8,4,36,2021-11-03,24.24
16959,34,8,2,33,2021-11-03,30.51
16960,38,8,3,27,2021-11-03,22.43
16961,40,8,5,41,2021-11-03,26.79
16962,42,8,4,27,2021-11-03,8.85
16963,2,9,1,45,2021-11-03,15.94
16964,4,9,6,57,2021-11-03,16.82
16965,6,9,6,44,2021-11-03,9.55
16966,8,9,2,56,2021-11-03,13.01
16967,10,9,6,26,2021-11-03,18.67
16968,16,9,2,28,2021-11-03,44.54
16969,18,9,2,23,2021-11-03,22.85
16970,20,9,2,45,2021-11-03,20.10
16971,22,9,6,25,2021-11-03,19.00
16972,26,9,3,49,2021-11-03,21.91
16973,28,9,6,40,2021-11-03,16.32
16974,34,9,4,19,2021-11-03,29.81
16975,36,9,3,11,2021-11-03,25.20
16976,2,10,1,52,2021-11-03,14.20
16977,4,10,1,39,2021-11-03,17.15
16978,6,10,1,62,2021-11-03,9.72
16979,8,10,6,44,2021-11-03,13.95
16980,10,10,2,58,2021-11-03,17.97
16981,12,10,2,36,2021-11-03,33.69
16982,16,10,4,17,2021-11-03,48.03
16983,20,10,2,29,2021-11-03,19.17
16984,22,10,6,33,2021-11-03,23.38
16985,26,10,5,46,2021-11-03,23.89
16986,28,10,6,16,2021-11-03,16.40
16987,30,10,1,22,2021-11-03,30.59
16988,32,10,2,48,2021-11-03,29.13
16989,34,10,4,24,2021-11-03,28.24
16990,36,10,3,32,2021-11-03,26.17
16991,38,10,3,27,2021-11-03,21.52
16992,40,10,5,60,2021-11-03,24.61
16993,4,11,6,27,2021-11-03,14.29
16994,6,11,6,39,2021-11-03,9.99
16995,8,11,2,71,2021-11-03,13.92
16996,10,11,6,25,2021-11-03,15.00
16997,16,11,4,30,2021-11-03,40.03
16998,18,11,6,36,2021-11-03,21.87
16999,22,11,2,28,2021-11-03,19.29
17000,24,11,5,43,2021-11-03,24.52
17001,26,11,5,25,2021-11-03,19.64
17002,28,11,6,31,2021-11-03,19.33
17003,30,11,1,33,2021-11-03,26.83
17004,32,11,4,52,2021-11-03,24.74
17005,34,11,2,24,2021-11-03,30.23
17006,36,11,3,55,2021-11-03,23.39
17007,40,11,3,33,2021-11-03,25.39
17008,42,11,4,37,2021-11-03,8.85
17009,4,12,1,32,2021-11-03,16.65
17010,6,12,6,62,2021-11-03,11.33
17011,8,12,2,33,2021-11-03,12.92
17012,18,12,2,42,2021-11-03,22.23
17013,20,12,6,23,2021-11-03,18.27
17014,26,12,3,23,2021-11-03,23.03
17015,28,12,6,62,2021-11-03,18.00
17016,30,12,6,26,2021-11-03,24.55
17017,32,12,4,17,2021-11-03,29.10
17018,34,12,2,10,2021-11-03,29.00
17019,1,1,6,72,2021-11-17,10.72
17020,3,1,6,76,2021-11-17,11.86
17021,5,1,6,82,2021-11-17,14.97
17022,7,1,6,76,2021-11-17,12.53
17023,9,1,2,68,2021-11-17,10.24
17024,11,1,2,92,2021-11-17,14.71
17025,13,1,4,32,2021-11-17,31.52
17026,15,1,4,62,2021-11-17,40.82
17027,17,1,2,44,2021-11-17,29.19
17028,19,1,6,53,2021-11-17,28.25
17029,21,1,6,71,2021-11-17,39.97
17030,23,1,5,67,2021-11-17,20.81
17031,25,1,3,58,2021-11-17,19.18
17032,27,1,1,106,2021-11-17,14.35
17033,29,1,1,97,2021-11-17,12.78
17034,31,1,6,65,2021-11-17,15.98
17035,33,1,2,38,2021-11-17,24.07
17036,35,1,3,48,2021-11-17,16.02
17037,37,1,3,58,2021-11-17,20.64
17038,39,1,5,43,2021-11-17,23.40
17039,41,1,4,129,2021-11-17,7.79
17040,43,1,4,106,2021-11-17,6.00
17041,1,2,6,49,2021-11-17,13.07
17042,3,2,6,64,2021-11-17,10.43
17043,5,2,1,53,2021-11-17,14.50
17044,7,2,6,83,2021-11-17,11.84
17045,9,2,2,93,2021-11-17,10.99
17046,11,2,2,34,2021-11-17,15.85
17047,13,2,4,47,2021-11-17,28.21
17048,15,2,2,50,2021-11-17,44.71
17049,17,2,2,23,2021-11-17,34.58
17050,19,2,6,43,2021-11-17,33.02
17051,21,2,2,52,2021-11-17,32.95
17052,23,2,3,52,2021-11-17,22.25
17053,25,2,3,65,2021-11-17,18.95
17054,27,2,6,107,2021-11-17,15.31
17055,29,2,1,79,2021-11-17,11.34
17056,31,2,1,58,2021-11-17,19.98
17057,33,2,2,34,2021-11-17,22.41
17058,35,2,3,37,2021-11-17,14.20
17059,37,2,3,40,2021-11-17,22.18
17060,39,2,5,60,2021-11-17,26.59
17061,41,2,6,82,2021-11-17,8.32
17062,43,2,6,87,2021-11-17,7.27
17063,1,3,1,56,2021-11-17,13.28
17064,3,3,6,65,2021-11-17,11.09
17065,5,3,6,47,2021-11-17,11.56
17066,7,3,2,32,2021-11-17,13.47
17067,9,3,2,53,2021-11-17,11.18
17068,11,3,6,30,2021-11-17,14.05
17069,15,3,4,67,2021-11-17,40.84
17070,17,3,2,25,2021-11-17,32.95
17071,21,3,6,46,2021-11-17,39.32
17072,23,3,3,40,2021-11-17,23.57
17073,25,3,5,38,2021-11-17,17.86
17074,27,3,1,31,2021-11-17,13.36
17075,29,3,6,61,2021-11-17,12.24
17076,31,3,1,47,2021-11-17,15.97
17077,33,3,4,35,2021-11-17,21.31
17078,35,3,3,44,2021-11-17,16.18
17079,37,3,3,28,2021-11-17,20.44
17080,41,3,6,35,2021-11-17,8.85
17081,43,3,6,66,2021-11-17,7.26
17082,1,4,6,39,2021-11-17,11.48
17083,3,4,1,42,2021-11-17,9.79
17084,5,4,1,27,2021-11-17,14.95
17085,7,4,2,46,2021-11-17,12.17
17086,9,4,6,50,2021-11-17,12.71
17087,11,4,6,49,2021-11-17,16.49
17088,15,4,2,30,2021-11-17,42.54
17089,19,4,2,25,2021-11-17,26.01
17090,21,4,6,39,2021-11-17,39.26
17091,23,4,3,32,2021-11-17,20.52
17092,27,4,6,78,2021-11-17,15.14
17093,29,4,6,55,2021-11-17,13.60
17094,31,4,1,63,2021-11-17,17.07
17095,39,4,5,44,2021-11-17,23.54
17096,41,4,4,44,2021-11-17,7.31
17097,43,4,6,40,2021-11-17,7.56
17098,1,5,1,49,2021-11-17,10.56
17099,5,5,6,34,2021-11-17,14.34
17100,7,5,6,26,2021-11-17,13.45
17101,9,5,6,25,2021-11-17,10.79
17102,11,5,2,40,2021-11-17,14.04
17103,13,5,4,21,2021-11-17,28.84
17104,19,5,6,20,2021-11-17,32.44
17105,21,5,6,35,2021-11-17,40.05
17106,23,5,3,33,2021-11-17,18.66
17107,27,5,6,50,2021-11-17,16.11
17108,29,5,1,51,2021-11-17,13.32
17109,31,5,1,24,2021-11-17,16.60
17110,33,5,2,36,2021-11-17,22.53
17111,35,5,3,24,2021-11-17,15.54
17112,37,5,3,46,2021-11-17,21.39
17113,41,5,6,64,2021-11-17,8.97
17114,43,5,6,62,2021-11-17,7.40
17115,1,6,1,46,2021-11-17,10.72
17116,3,6,1,45,2021-11-17,12.46
17117,5,6,6,51,2021-11-17,14.18
17118,7,6,2,36,2021-11-17,13.33
17119,9,6,6,49,2021-11-17,12.77
17120,11,6,2,25,2021-11-17,15.62
17121,13,6,4,35,2021-11-17,27.41
17122,15,6,4,42,2021-11-17,46.24
17123,17,6,4,32,2021-11-17,32.53
17124,23,6,3,68,2021-11-17,20.67
17125,25,6,5,34,2021-11-17,18.44
17126,27,6,6,66,2021-11-17,15.50
17127,31,6,1,23,2021-11-17,19.78
17128,33,6,4,73,2021-11-17,23.31
17129,37,6,3,27,2021-11-17,18.79
17130,39,6,5,31,2021-11-17,21.51
17131,41,6,6,75,2021-11-17,7.29
17132,43,6,6,63,2021-11-17,6.60
17133,1,7,6,27,2021-11-17,11.06
17134,3,7,1,48,2021-11-17,12.46
17135,5,7,1,32,2021-11-17,13.72
17136,7,7,2,54,2021-11-17,12.33
17137,9,7,6,47,2021-11-17,11.78
17138,11,7,6,59,2021-11-17,15.98
17139,15,7,4,20,2021-11-17,44.54
17140,21,7,2,24,2021-11-17,33.76
17141,23,7,3,31,2021-11-17,20.71
17142,27,7,1,48,2021-11-17,13.07
17143,29,7,1,31,2021-11-17,12.61
17144,31,7,6,30,2021-11-17,17.72
17145,33,7,4,53,2021-11-17,20.82
17146,35,7,3,28,2021-11-17,16.18
17147,37,7,3,36,2021-11-17,20.08
17148,39,7,3,32,2021-11-17,21.21
17149,41,7,4,47,2021-11-17,8.69
17150,43,7,4,31,2021-11-17,7.18
17151,1,8,1,54,2021-11-17,11.23
17152,5,8,1,67,2021-11-17,15.05
17153,7,8,2,38,2021-11-17,12.37
17154,9,8,6,47,2021-11-17,10.21
17155,11,8,2,56,2021-11-17,17.08
17156,13,8,2,28,2021-11-17,31.11
17157,15,8,4,31,2021-11-17,42.62
17158,17,8,4,38,2021-11-17,35.37
17159,19,8,6,48,2021-11-17,26.40
17160,23,8,5,61,2021-11-17,18.56
17161,25,8,3,59,2021-11-17,16.09
17162,27,8,6,58,2021-11-17,14.66
17163,29,8,6,39,2021-11-17,11.80
17164,31,8,1,34,2021-11-17,17.45
17165,33,8,2,32,2021-11-17,20.26
17166,35,8,3,36,2021-11-17,17.17
17167,37,8,3,27,2021-11-17,21.23
17168,39,8,5,39,2021-11-17,26.24
17169,41,8,6,60,2021-11-17,7.66
17170,43,8,6,71,2021-11-17,7.03
17171,1,9,6,33,2021-11-17,13.02
17172,3,9,6,57,2021-11-17,12.41
17173,9,9,2,72,2021-11-17,11.45
17174,11,9,6,48,2021-11-17,15.80
17175,13,9,2,39,2021-11-17,32.03
17176,15,9,4,26,2021-11-17,46.72
17177,19,9,6,37,2021-11-17,26.72
17178,21,9,6,34,2021-11-17,33.82
17179,23,9,3,39,2021-11-17,18.72
17180,25,9,5,39,2021-11-17,18.56
17181,27,9,6,35,2021-11-17,14.85
17182,29,9,6,28,2021-11-17,11.27
17183,33,9,4,40,2021-11-17,20.90
17184,35,9,3,31,2021-11-17,15.42
17185,41,9,4,59,2021-11-17,7.75
17186,43,9,4,38,2021-11-17,6.28
17187,1,10,1,71,2021-11-17,11.54
17188,3,10,1,41,2021-11-17,9.98
17189,5,10,6,46,2021-11-17,11.93
17190,7,10,6,40,2021-11-17,13.24
17191,9,10,2,38,2021-11-17,10.18
17192,11,10,6,27,2021-11-17,13.62
17193,13,10,4,26,2021-11-17,27.24
17194,15,10,4,27,2021-11-17,44.11
17195,17,10,4,33,2021-11-17,35.92
17196,21,10,6,44,2021-11-17,37.39
17197,23,10,5,71,2021-11-17,19.81
17198,25,10,5,42,2021-11-17,18.80
17199,27,10,1,50,2021-11-17,15.77
17200,29,10,6,78,2021-11-17,12.83
17201,31,10,6,61,2021-11-17,16.11
17202,33,10,4,40,2021-11-17,22.58
17203,37,10,3,31,2021-11-17,18.71
17204,41,10,6,49,2021-11-17,7.39
17205,43,10,6,60,2021-11-17,6.37
17206,3,11,6,27,2021-11-17,12.37
17207,5,11,1,35,2021-11-17,13.95
17208,7,11,6,26,2021-11-17,13.04
17209,9,11,6,49,2021-11-17,10.42
17210,11,11,6,34,2021-11-17,17.11
17211,13,11,4,39,2021-11-17,27.36
17212,15,11,4,40,2021-11-17,39.24
17213,17,11,2,48,2021-11-17,29.07
17214,19,11,2,44,2021-11-17,32.59
17215,23,11,3,38,2021-11-17,23.48
17216,25,11,5,26,2021-11-17,20.61
17217,27,11,1,35,2021-11-17,13.86
17218,29,11,1,42,2021-11-17,14.22
17219,31,11,6,39,2021-11-17,17.01
17220,33,11,2,33,2021-11-17,23.73
17221,35,11,3,34,2021-11-17,16.80
17222,37,11,3,47,2021-11-17,22.32
17223,39,11,5,50,2021-11-17,24.90
17224,41,11,4,55,2021-11-17,7.78
17225,43,11,6,58,2021-11-17,7.05
17226,1,12,6,26,2021-11-17,11.53
17227,5,12,1,33,2021-11-17,14.54
17228,7,12,2,27,2021-11-17,11.58
17229,9,12,2,52,2021-11-17,11.71
17230,11,12,2,38,2021-11-17,14.31
17231,13,12,2,24,2021-11-17,28.66
17232,15,12,2,22,2021-11-17,43.37
17233,21,12,6,26,2021-11-17,34.93
17234,23,12,5,29,2021-11-17,18.84
17235,25,12,5,27,2021-11-17,18.86
17236,27,12,6,33,2021-11-17,12.65
17237,29,12,1,45,2021-11-17,13.15
17238,31,12,1,36,2021-11-17,19.50
17239,33,12,4,46,2021-11-17,20.59
17240,39,12,3,26,2021-11-17,23.22
17241,43,12,6,52,2021-11-17,6.84
17242,2,1,1,34,2021-12-03,13.82
17243,4,1,1,65,2021-12-03,17.39
17244,6,1,6,51,2021-12-03,10.01
17245,8,1,6,39,2021-12-03,13.14
17246,10,1,2,64,2021-12-03,14.89
17247,14,1,2,36,2021-12-03,27.97
17248,16,1,4,31,2021-12-03,50.58
17249,18,1,6,53,2021-12-03,27.11
17250,20,1,2,85,2021-12-03,19.04
17251,22,1,2,55,2021-12-03,18.98
17252,24,1,3,38,2021-12-03,22.06
17253,26,1,3,49,2021-12-03,20.54
17254,28,1,6,61,2021-12-03,18.62
17255,30,1,1,33,2021-12-03,25.72
17256,32,1,4,40,2021-12-03,25.20
17257,34,1,2,37,2021-12-03,33.69
17258,36,1,3,63,2021-12-03,26.62
17259,38,1,3,73,2021-12-03,23.16
17260,40,1,5,47,2021-12-03,27.08
17261,42,1,6,58,2021-12-03,10.69
17262,2,2,1,52,2021-12-03,14.36
17263,4,2,1,75,2021-12-03,17.13
17264,6,2,1,70,2021-12-03,10.12
17265,8,2,2,81,2021-12-03,15.58
17266,10,2,6,72,2021-12-03,16.93
17267,12,2,4,40,2021-12-03,35.88
17268,14,2,2,25,2021-12-03,26.01
17269,16,2,4,54,2021-12-03,40.52
17270,18,2,2,45,2021-12-03,24.60
17271,20,2,2,67,2021-12-03,16.31
17272,22,2,6,51,2021-12-03,22.50
17273,24,2,5,48,2021-12-03,22.81
17274,26,2,3,102,2021-12-03,20.77
17275,28,2,6,40,2021-12-03,18.21
17276,30,2,1,51,2021-12-03,27.24
17277,32,2,2,58,2021-12-03,27.30
17278,34,2,4,60,2021-12-03,35.72
17279,36,2,3,70,2021-12-03,25.24
17280,38,2,5,50,2021-12-03,20.46
17281,40,2,3,66,2021-12-03,28.70
17282,42,2,4,61,2021-12-03,8.49
17283,2,3,6,34,2021-12-03,15.47
17284,4,3,1,30,2021-12-03,14.09
17285,6,3,1,31,2021-12-03,11.20
17286,8,3,2,54,2021-12-03,16.11
17287,10,3,2,51,2021-12-03,15.99
17288,12,3,2,26,2021-12-03,34.29
17289,16,3,4,43,2021-12-03,39.87
17290,18,3,2,31,2021-12-03,21.77
17291,20,3,2,52,2021-12-03,16.83
17292,22,3,2,55,2021-12-03,23.35
17293,24,3,5,63,2021-12-03,24.02
17294,26,3,3,45,2021-12-03,20.64
17295,28,3,6,30,2021-12-03,19.17
17296,30,3,1,34,2021-12-03,30.10
17297,32,3,4,33,2021-12-03,24.89
17298,34,3,4,31,2021-12-03,36.02
17299,36,3,3,43,2021-12-03,25.43
17300,38,3,3,40,2021-12-03,24.33
17301,40,3,3,28,2021-12-03,29.82
17302,42,3,4,69,2021-12-03,9.43
17303,2,4,1,34,2021-12-03,14.41
17304,4,4,6,21,2021-12-03,14.97
17305,6,4,1,42,2021-12-03,11.00
17306,10,4,2,25,2021-12-03,18.61
17307,12,4,2,37,2021-12-03,36.90
17308,20,4,6,24,2021-12-03,16.13
17309,22,4,6,56,2021-12-03,21.29
17310,28,4,6,39,2021-12-03,18.77
17311,30,4,1,27,2021-12-03,30.94
17312,32,4,2,25,2021-12-03,25.41
17313,34,4,4,28,2021-12-03,31.30
17314,36,4,3,60,2021-12-03,24.28
17315,38,4,3,50,2021-12-03,23.82
17316,40,4,3,23,2021-12-03,30.73
17317,42,4,4,52,2021-12-03,9.10
17318,6,5,6,36,2021-12-03,9.07
17319,8,5,2,32,2021-12-03,13.91
17320,12,5,2,28,2021-12-03,30.94
17321,14,5,2,25,2021-12-03,26.78
17322,18,5,6,33,2021-12-03,24.84
17323,22,5,2,35,2021-12-03,22.14
17324,24,5,3,19,2021-12-03,26.43
17325,28,5,6,35,2021-12-03,17.02
17326,30,5,6,38,2021-12-03,26.06
17327,32,5,2,60,2021-12-03,23.38
17328,36,5,3,29,2021-12-03,23.68
17329,40,5,5,40,2021-12-03,27.89
17330,42,5,6,30,2021-12-03,10.52
17331,2,6,1,43,2021-12-03,14.19
17332,4,6,1,46,2021-12-03,14.19
17333,6,6,6,45,2021-12-03,10.97
17334,8,6,6,43,2021-12-03,14.24
17335,10,6,6,49,2021-12-03,17.68
17336,14,6,4,42,2021-12-03,23.19
17337,16,6,2,38,2021-12-03,48.04
17338,18,6,2,33,2021-12-03,26.61
17339,20,6,2,41,2021-12-03,19.38
17340,22,6,2,49,2021-12-03,19.00
17341,24,6,5,36,2021-12-03,21.06
17342,26,6,3,32,2021-12-03,23.70
17343,28,6,6,59,2021-12-03,18.87
17344,30,6,1,26,2021-12-03,26.76
17345,32,6,2,39,2021-12-03,28.02
17346,34,6,2,35,2021-12-03,31.83
17347,38,6,5,45,2021-12-03,24.93
17348,40,6,5,45,2021-12-03,26.52
17349,42,6,4,27,2021-12-03,9.01
17350,2,7,6,47,2021-12-03,16.10
17351,4,7,6,39,2021-12-03,14.76
17352,6,7,1,41,2021-12-03,10.50
17353,8,7,2,32,2021-12-03,14.35
17354,10,7,2,34,2021-12-03,17.91
17355,12,7,2,37,2021-12-03,30.65
17356,14,7,2,35,2021-12-03,26.02
17357,20,7,6,36,2021-12-03,17.62
17358,22,7,6,39,2021-12-03,20.56
17359,24,7,3,39,2021-12-03,23.97
17360,26,7,5,35,2021-12-03,24.93
17361,28,7,6,30,2021-12-03,19.16
17362,32,7,4,27,2021-12-03,25.67
17363,34,7,4,41,2021-12-03,31.56
17364,40,7,3,27,2021-12-03,24.38
17365,42,7,4,23,2021-12-03,8.87
17366,4,8,6,41,2021-12-03,17.31
17367,6,8,6,51,2021-12-03,9.87
17368,8,8,2,48,2021-12-03,13.52
17369,10,8,2,28,2021-12-03,18.67
17370,12,8,4,45,2021-12-03,33.54
17371,14,8,2,47,2021-12-03,28.25
17372,16,8,2,31,2021-12-03,50.67
17373,18,8,2,49,2021-12-03,21.67
17374,20,8,6,30,2021-12-03,17.16
17375,24,8,5,31,2021-12-03,25.94
17376,26,8,5,67,2021-12-03,20.96
17377,28,8,6,40,2021-12-03,16.09
17378,30,8,6,62,2021-12-03,30.63
17379,32,8,4,38,2021-12-03,25.00
17380,36,8,3,54,2021-12-03,25.64
17381,38,8,5,29,2021-12-03,21.34
17382,40,8,5,34,2021-12-03,26.46
17383,42,8,6,37,2021-12-03,9.31
17384,2,9,6,22,2021-12-03,13.28
17385,4,9,6,31,2021-12-03,15.97
17386,8,9,6,26,2021-12-03,13.57
17387,10,9,2,26,2021-12-03,18.03
17388,12,9,4,17,2021-12-03,33.34
17389,14,9,2,35,2021-12-03,27.36
17390,20,9,6,34,2021-12-03,16.01
17391,24,9,5,40,2021-12-03,21.35
17392,28,9,1,22,2021-12-03,16.12
17393,30,9,6,13,2021-12-03,27.51
17394,32,9,2,37,2021-12-03,27.14
17395,38,9,5,49,2021-12-03,24.42
17396,40,9,5,40,2021-12-03,29.41
17397,42,9,6,57,2021-12-03,9.37
17398,2,10,6,36,2021-12-03,13.90
17399,4,10,6,61,2021-12-03,16.46
17400,6,10,1,32,2021-12-03,10.35
17401,8,10,2,37,2021-12-03,13.82
17402,10,10,6,36,2021-12-03,14.99
17403,14,10,2,25,2021-12-03,24.75
17404,16,10,2,23,2021-12-03,51.12
17405,18,10,2,51,2021-12-03,25.49
17406,20,10,6,31,2021-12-03,20.05
17407,22,10,6,33,2021-12-03,19.27
17408,24,10,3,60,2021-12-03,23.62
17409,26,10,5,32,2021-12-03,21.20
17410,28,10,6,39,2021-12-03,17.08
17411,30,10,1,41,2021-12-03,23.77
17412,32,10,4,33,2021-12-03,26.13
17413,42,10,4,51,2021-12-03,8.44
17414,2,11,1,26,2021-12-03,12.60
17415,4,11,6,53,2021-12-03,16.41
17416,6,11,1,31,2021-12-03,9.88
17417,8,11,2,42,2021-12-03,13.30
17418,12,11,4,26,2021-12-03,35.98
17419,14,11,4,59,2021-12-03,25.50
17420,18,11,2,27,2021-12-03,22.42
17421,20,11,2,45,2021-12-03,16.70
17422,22,11,2,22,2021-12-03,23.57
17423,26,11,3,29,2021-12-03,23.27
17424,28,11,6,45,2021-12-03,14.99
17425,32,11,4,27,2021-12-03,23.53
17426,38,11,5,33,2021-12-03,20.47
17427,40,11,5,37,2021-12-03,30.43
17428,42,11,4,35,2021-12-03,9.42
17429,2,12,1,24,2021-12-03,13.27
17430,6,12,1,25,2021-12-03,10.70
17431,10,12,2,49,2021-12-03,19.23
17432,12,12,2,19,2021-12-03,35.88
17433,14,12,2,31,2021-12-03,26.98
17434,16,12,2,48,2021-12-03,44.59
17435,22,12,2,31,2021-12-03,20.20
17436,24,12,3,23,2021-12-03,23.15
17437,26,12,3,26,2021-12-03,21.72
17438,28,12,1,25,2021-12-03,18.51
17439,32,12,2,25,2021-12-03,28.68
17440,36,12,3,49,2021-12-03,27.77
17441,38,12,5,21,2021-12-03,20.62
17442,40,12,5,30,2021-12-03,24.74
17443,42,12,6,40,2021-12-03,10.42
17444,1,1,1,85,2021-12-17,12.48
17445,3,1,6,64,2021-12-17,10.94
17446,5,1,1,58,2021-12-17,14.33
17447,7,1,2,59,2021-12-17,11.52
17448,9,1,2,71,2021-12-17,11.42
17449,11,1,2,73,2021-12-17,17.03
17450,13,1,4,42,2021-12-17,31.41
17451,15,1,4,59,2021-12-17,41.75
17452,17,1,4,37,2021-12-17,29.44
17453,19,1,2,50,2021-12-17,28.01
17454,21,1,6,35,2021-12-17,37.14
17455,23,1,5,70,2021-12-17,21.10
17456,25,1,5,55,2021-12-17,19.52
17457,27,1,1,87,2021-12-17,15.89
17458,29,1,1,85,2021-12-17,14.34
17459,31,1,6,65,2021-12-17,19.42
17460,33,1,4,49,2021-12-17,20.69
17461,35,1,3,26,2021-12-17,15.70
17462,37,1,3,49,2021-12-17,21.51
17463,39,1,5,53,2021-12-17,21.85
17464,41,1,6,89,2021-12-17,8.70
17465,43,1,4,115,2021-12-17,7.67
17466,1,2,6,86,2021-12-17,12.70
17467,3,2,1,76,2021-12-17,11.82
17468,5,2,1,90,2021-12-17,12.70
17469,7,2,6,58,2021-12-17,13.03
17470,9,2,2,67,2021-12-17,10.37
17471,11,2,6,85,2021-12-17,14.78
17472,13,2,4,45,2021-12-17,31.00
17473,15,2,4,52,2021-12-17,46.12
17474,17,2,4,53,2021-12-17,33.18
17475,19,2,2,52,2021-12-17,27.42
17476,21,2,6,53,2021-12-17,37.02
17477,23,2,3,111,2021-12-17,19.38
17478,25,2,5,43,2021-12-17,20.43
17479,27,2,1,99,2021-12-17,15.41
17480,29,2,6,78,2021-12-17,12.17
17481,31,2,1,79,2021-12-17,19.44
17482,33,2,4,82,2021-12-17,22.96
17483,35,2,3,52,2021-12-17,14.35
17484,37,2,3,43,2021-12-17,21.54
17485,39,2,3,48,2021-12-17,20.65
17486,41,2,6,144,2021-12-17,7.30
17487,43,2,6,132,2021-12-17,7.62
17488,1,3,6,52,2021-12-17,10.69
17489,3,3,6,30,2021-12-17,10.67
17490,5,3,1,38,2021-12-17,13.31
17491,7,3,6,37,2021-12-17,11.96
17492,9,3,6,62,2021-12-17,10.02
17493,11,3,6,28,2021-12-17,13.69
17494,13,3,2,32,2021-12-17,27.97
17495,15,3,2,36,2021-12-17,42.70
17496,19,3,2,48,2021-12-17,33.31
17497,21,3,2,36,2021-12-17,38.89
17498,23,3,5,47,2021-12-17,22.44
17499,25,3,3,34,2021-12-17,16.47
17500,27,3,6,50,2021-12-17,16.17
17501,29,3,1,59,2021-12-17,13.65
17502,33,3,4,31,2021-12-17,19.43
17503,35,3,3,35,2021-12-17,16.79
17504,37,3,3,26,2021-12-17,18.88
17505,39,3,5,43,2021-12-17,25.65
17506,41,3,6,55,2021-12-17,8.81
17507,43,3,4,73,2021-12-17,6.80
17508,1,4,6,42,2021-12-17,11.94
17509,3,4,1,48,2021-12-17,9.73
17510,9,4,6,65,2021-12-17,10.78
17511,11,4,6,55,2021-12-17,15.67
17512,13,4,2,48,2021-12-17,25.59
17513,17,4,2,46,2021-12-17,30.84
17514,21,4,2,34,2021-12-17,39.31
17515,23,4,5,39,2021-12-17,18.42
17516,25,4,3,45,2021-12-17,17.54
17517,27,4,6,64,2021-12-17,15.00
17518,29,4,6,32,2021-12-17,11.58
17519,31,4,6,34,2021-12-17,18.64
17520,33,4,2,31,2021-12-17,23.31
17521,35,4,3,40,2021-12-17,15.25
17522,37,4,3,33,2021-12-17,19.62
17523,41,4,4,56,2021-12-17,7.39
17524,43,4,6,47,2021-12-17,6.24
17525,3,5,1,48,2021-12-17,12.33
17526,5,5,1,26,2021-12-17,12.71
17527,9,5,2,23,2021-12-17,12.43
17528,11,5,2,40,2021-12-17,14.92
17529,15,5,4,26,2021-12-17,43.33
17530,17,5,2,18,2021-12-17,34.35
17531,21,5,6,29,2021-12-17,36.61
17532,25,5,3,33,2021-12-17,17.54
17533,27,5,6,54,2021-12-17,13.06
17534,29,5,6,35,2021-12-17,13.98
17535,31,5,1,29,2021-12-17,18.29
17536,35,5,3,35,2021-12-17,14.31
17537,37,5,3,30,2021-12-17,19.63
17538,39,5,5,32,2021-12-17,22.02
17539,41,5,4,26,2021-12-17,7.57
17540,43,5,4,50,2021-12-17,6.38
17541,1,6,6,30,2021-12-17,12.52
17542,3,6,1,35,2021-12-17,12.30
17543,5,6,6,40,2021-12-17,14.59
17544,9,6,2,38,2021-12-17,11.26
17545,11,6,6,53,2021-12-17,16.45
17546,13,6,4,36,2021-12-17,25.61
17547,19,6,2,39,2021-12-17,30.37
17548,21,6,2,41,2021-12-17,38.68
17549,23,6,5,51,2021-12-17,18.67
17550,27,6,6,63,2021-12-17,13.61
17551,29,6,1,87,2021-12-17,13.49
17552,31,6,1,44,2021-12-17,20.10
17553,35,6,3,64,2021-12-17,14.43
17554,39,6,3,43,2021-12-17,21.47
17555,41,6,6,71,2021-12-17,7.99
17556,43,6,6,57,2021-12-17,7.34
17557,1,7,1,46,2021-12-17,12.71
17558,3,7,6,55,2021-12-17,11.41
17559,5,7,6,51,2021-12-17,14.49
17560,7,7,2,50,2021-12-17,12.90
17561,9,7,2,44,2021-12-17,10.08
17562,11,7,6,58,2021-12-17,16.47
17563,13,7,4,50,2021-12-17,28.93
17564,15,7,4,31,2021-12-17,41.35
17565,17,7,2,33,2021-12-17,36.28
17566,19,7,2,37,2021-12-17,31.12
17567,23,7,3,36,2021-12-17,22.57
17568,25,7,3,58,2021-12-17,18.88
17569,27,7,1,76,2021-12-17,12.96
17570,29,7,6,45,2021-12-17,14.56
17571,33,7,4,54,2021-12-17,22.90
17572,35,7,3,34,2021-12-17,16.06
17573,37,7,3,29,2021-12-17,22.45
17574,39,7,5,39,2021-12-17,21.95
17575,41,7,6,36,2021-12-17,9.12
17576,43,7,6,45,2021-12-17,5.97
17577,1,8,1,48,2021-12-17,13.56
17578,3,8,6,63,2021-12-17,9.64
17579,5,8,1,43,2021-12-17,12.35
17580,7,8,2,38,2021-12-17,13.10
17581,9,8,6,46,2021-12-17,10.98
17582,11,8,6,53,2021-12-17,15.71
17583,13,8,2,27,2021-12-17,25.42
17584,15,8,2,32,2021-12-17,37.58
17585,21,8,6,57,2021-12-17,38.77
17586,23,8,5,70,2021-12-17,19.35
17587,25,8,3,23,2021-12-17,17.11
17588,27,8,6,37,2021-12-17,15.26
17589,29,8,6,50,2021-12-17,11.53
17590,31,8,1,31,2021-12-17,17.81
17591,33,8,2,28,2021-12-17,22.68
17592,41,8,4,45,2021-12-17,7.85
17593,43,8,4,46,2021-12-17,6.37
17594,1,9,6,45,2021-12-17,13.52
17595,3,9,1,40,2021-12-17,11.07
17596,5,9,6,44,2021-12-17,13.20
17597,7,9,6,45,2021-12-17,12.85
17598,11,9,2,39,2021-12-17,14.97
17599,13,9,4,31,2021-12-17,29.48
17600,17,9,2,28,2021-12-17,33.93
17601,21,9,6,28,2021-12-17,32.53
17602,23,9,5,29,2021-12-17,19.13
17603,25,9,3,26,2021-12-17,18.86
17604,27,9,6,27,2021-12-17,16.23
17605,29,9,6,50,2021-12-17,11.29
17606,31,9,6,40,2021-12-17,20.42
17607,33,9,4,27,2021-12-17,21.43
17608,37,9,3,34,2021-12-17,18.79
17609,39,9,3,50,2021-12-17,26.27
17610,41,9,4,46,2021-12-17,7.27
17611,43,9,6,30,2021-12-17,5.96
17612,3,10,6,28,2021-12-17,10.45
17613,5,10,6,39,2021-12-17,11.61
17614,7,10,6,26,2021-12-17,11.18
17615,9,10,6,45,2021-12-17,12.41
17616,11,10,6,61,2021-12-17,14.00
17617,13,10,2,40,2021-12-17,27.97
17618,17,10,2,23,2021-12-17,29.58
17619,19,10,6,45,2021-12-17,26.24
17620,23,10,5,34,2021-12-17,21.19
17621,25,10,5,28,2021-12-17,20.56
17622,27,10,1,40,2021-12-17,15.68
17623,29,10,1,43,2021-12-17,12.23
17624,33,10,2,34,2021-12-17,24.62
17625,35,10,3,66,2021-12-17,15.28
17626,37,10,3,34,2021-12-17,20.00
17627,39,10,5,52,2021-12-17,22.37
17628,41,10,4,33,2021-12-17,8.20
17629,43,10,6,77,2021-12-17,6.48
17630,1,11,6,43,2021-12-17,12.19
17631,3,11,1,24,2021-12-17,11.68
17632,5,11,1,32,2021-12-17,14.42
17633,7,11,6,28,2021-12-17,11.95
17634,9,11,6,39,2021-12-17,11.47
17635,11,11,6,59,2021-12-17,15.82
17636,15,11,2,27,2021-12-17,37.78
17637,21,11,6,38,2021-12-17,35.60
17638,23,11,3,31,2021-12-17,21.32
17639,27,11,1,44,2021-12-17,14.63
17640,29,11,6,64,2021-12-17,12.37
17641,31,11,1,25,2021-12-17,20.19
17642,35,11,3,33,2021-12-17,16.54
17643,39,11,5,25,2021-12-17,25.49
17644,41,11,6,44,2021-12-17,9.36
17645,43,11,4,67,2021-12-17,7.12
17646,3,12,1,51,2021-12-17,11.77
17647,7,12,6,27,2021-12-17,12.46
17648,9,12,6,25,2021-12-17,12.49
17649,11,12,2,40,2021-12-17,17.15
17650,17,12,2,32,2021-12-17,36.44
17651,19,12,6,28,2021-12-17,28.42
17652,21,12,2,34,2021-12-17,33.09
17653,23,12,5,25,2021-12-17,21.26
17654,27,12,1,63,2021-12-17,14.78
17655,29,12,6,30,2021-12-17,12.11
17656,35,12,3,27,2021-12-17,14.22
17657,37,12,3,19,2021-12-17,20.54
17658,41,12,6,55,2021-12-17,7.58
17659,43,12,6,32,2021-12-17,7.39
